Added Component: Designator=A1(F_ANTENNA_FOOTPRINT)
Add Component: Footprint Not Found CAP_0603_1MM
Add Component: Footprint Not Found CAP_0805_02X125
Add Component: Footprint Not Found CAP_0805_02X125
Add Component: Footprint Not Found CAP_0805_02X125
Add Component: Footprint Not Found CAP_0805_02X125
Add Component: Footprint Not Found CAP_0805_02X125
Added Component: Designator=C7(CAP_0402_1mm)
Add component (AddParameter): Name = "Capacitance"; Value = "1.5pF"; VariantName = "[No Variations]"
Add component (AddParameter): Name = "Case Code (Imperial)"; Value = "0402"; VariantName = "[No Variations]"
Add component (AddParameter): Name = "Case Code (Metric)"; Value = "1005"; VariantName = "[No Variations]"
Add component (AddParameter): Name = "Case/Package"; Value = "0402"; VariantName = "[No Variations]"
Add component (AddParameter): Name = "Category"; Value = "Ceramic Capacitors"; VariantName = "[No Variations]"
Add component (AddParameter): Name = "ComponentLink1Description"; Value = "http://search.murata.co.jp/Ceramy/image/img/A01X/G101/ENG/GCM1555C1H1R5JA16-01.pdf?src-supplier=Digi-Key"; VariantName = "[No Variations]"
Add component (AddParameter): Name = "ComponentLink1URL"; Value = "http://search.murata.co.jp/Ceramy/image/img/A01X/G101/ENG/GCM1555C1H1R5JA16-01.pdf?src-supplier=Digi-Key"; VariantName = "[No Variations]"
Add component (AddParameter): Name = "Manufacturer"; Value = "Murata"; VariantName = "[No Variations]"
Add component (AddParameter): Name = "Manufacturer Part Number"; Value = "GCM1555C1H1R5JA16D"; VariantName = "[No Variations]"
Add component (AddParameter): Name = "Max Operating Temperature"; Value = "125°C"; VariantName = "[No Variations]"
Add component (AddParameter): Name = "Min Operating Temperature"; Value = "-55°C"; VariantName = "[No Variations]"
Add component (AddParameter): Name = "Mount"; Value = "Surface Mount"; VariantName = "[No Variations]"
Add component (AddParameter): Name = "Packaging"; Value = "Cut Tape"; VariantName = "[No Variations]"
Add component (AddParameter): Name = "Pricing 1"; Value = "1=0.10000, 10=0.04700, 50=0.02580, 100=0.02100, 500=0.01502, 1000=0.01180, 2500=0.01072, 5000=0.00987 (USD)"; VariantName = "[No Variations]"
Add component (AddParameter): Name = "Ratings"; Value = "AEC-Q200"; VariantName = "[No Variations]"
Add component (AddParameter): Name = "RoHS"; Value = "Yes"; VariantName = "[No Variations]"
Add component (AddParameter): Name = "Stock 1"; Value = "77943"; VariantName = "[No Variations]"
Add component (AddParameter): Name = "Supplier 1"; Value = "Digi-Key"; VariantName = "[No Variations]"
Add component (AddParameter): Name = "Tolerance"; Value = "5%"; VariantName = "[No Variations]"
Add component (AddParameter): Name = "Voltage Rating"; Value = "50V"; VariantName = "[No Variations]"
Add Component: Footprint Not Found CAP_0805_02X125
Add Component: Footprint Not Found CAP_0805_02X125
Add Component: Footprint Not Found CAP_0805_02X125
Add Component: Footprint Not Found CAP_0805_02X125
Add Component: Footprint Not Found CAP_0603_1MM
Add Component: Footprint Not Found CAP_0805_02X125
Add Component: Footprint Not Found CAP_0805_02X125
Add Component: Footprint Not Found CAP_0603_1MM
Add Component: Footprint Not Found CAP_0805_02X125
Add Component: Footprint Not Found CAP_0805_02X125
Add Component: Footprint Not Found CAP_0805_02X125
Add Component: Footprint Not Found CAP_0805_02X125
Add Component: Footprint Not Found CAP_0603_1MM
Added Component: Designator=C21(Chip_1210_3.2x2.5)
Add component (AddParameter): Name = "Capacitance"; Value = "220uF"; VariantName = "[No Variations]"
Add component (AddParameter): Name = "Category"; Value = "Ceramic Capacitors"; VariantName = "[No Variations]"
Add component (AddParameter): Name = "ComponentLink1Description"; Value = "http://www.farnell.com/datasheets/2867883.pdf?src-supplier=Farnell"; VariantName = "[No Variations]"
Add component (AddParameter): Name = "ComponentLink1URL"; Value = "http://www.farnell.com/datasheets/2867883.pdf?src-supplier=Farnell"; VariantName = "[No Variations]"
Add component (AddParameter): Name = "ComponentLink2Description"; Value = "http://www.farnell.com/datasheets/2867883.pdf?src-supplier=Newark"; VariantName = "[No Variations]"
Add component (AddParameter): Name = "ComponentLink2URL"; Value = "http://www.farnell.com/datasheets/2867883.pdf?src-supplier=Newark"; VariantName = "[No Variations]"
Add component (AddParameter): Name = "ComponentLink3Description"; Value = "http://search.murata.co.jp/Ceramy/image/img/A01X/G101/ENG/GRM32ER60J227ME05-01.pdf?src-supplier=Digi-Key"; VariantName = "[No Variations]"
Add component (AddParameter): Name = "ComponentLink3URL"; Value = "http://search.murata.co.jp/Ceramy/image/img/A01X/G101/ENG/GRM32ER60J227ME05-01.pdf?src-supplier=Digi-Key"; VariantName = "[No Variations]"
Add component (AddParameter): Name = "ComponentLink4Description"; Value = "https://search.murata.co.jp/Ceramy/image/img/A01X/G101/ENG/GRM32ER60J227ME05-01.pdf?src-supplier=Digi-Key"; VariantName = "[No Variations]"
Add component (AddParameter): Name = "ComponentLink4URL"; Value = "https://search.murata.co.jp/Ceramy/image/img/A01X/G101/ENG/GRM32ER60J227ME05-01.pdf?src-supplier=Digi-Key"; VariantName = "[No Variations]"
Add component (AddParameter): Name = "Dielectric"; Value = "X5R"; VariantName = "[No Variations]"
Add component (AddParameter): Name = "Length"; Value = "3.2mm"; VariantName = "[No Variations]"
Add component (AddParameter): Name = "Manufacturer"; Value = "Murata"; VariantName = "[No Variations]"
Add component (AddParameter): Name = "Manufacturer Part Number"; Value = "GRM32ER60J227ME05L"; VariantName = "[No Variations]"
Add component (AddParameter): Name = "Pricing 1"; Value = "1=1.62000, 10=1.27900, 50=1.10820, 100=0.95910, 500=0.72462 (USD)"; VariantName = "[No Variations]"
Add component (AddParameter): Name = "RoHS"; Value = "Yes"; VariantName = "[No Variations]"
Add component (AddParameter): Name = "RoHS Compliant"; Value = "Yes"; VariantName = "[No Variations]"
Add component (AddParameter): Name = "Stock 1"; Value = "877"; VariantName = "[No Variations]"
Add component (AddParameter): Name = "Supplier 1"; Value = "Digi-Key"; VariantName = "[No Variations]"
Add component (AddParameter): Name = "Thickness"; Value = "2.5mm"; VariantName = "[No Variations]"
Add component (AddParameter): Name = "Tolerance"; Value = "20%"; VariantName = "[No Variations]"
Add component (AddParameter): Name = "Voltage Rating (DC)"; Value = "6.3V"; VariantName = "[No Variations]"
Add component (AddParameter): Name = "Width"; Value = "2.5mm"; VariantName = "[No Variations]"
Add Component: Footprint Not Found CAP_0603_1MM
Add Component: Footprint Not Found CAP_0603_1MM
Added Component: Designator=C24(Chip_1210_3.2x2.5)
Add component (AddParameter): Name = "Capacitance"; Value = "100uF"; VariantName = "[No Variations]"
Add component (AddParameter): Name = "Case Code (Imperial)"; Value = "1210"; VariantName = "[No Variations]"
Add component (AddParameter): Name = "Case Code (Metric)"; Value = "3225"; VariantName = "[No Variations]"
Add component (AddParameter): Name = "Case/Package"; Value = "1210"; VariantName = "[No Variations]"
Add component (AddParameter): Name = "Category"; Value = "Ceramic Capacitors"; VariantName = "[No Variations]"
Add component (AddParameter): Name = "ComponentLink1Description"; Value = "https://datasheet.ciiva.com/26947/getdatasheetpartid-468228-26947022.pdf?src-supplier=Verical"; VariantName = "[No Variations]"
Add component (AddParameter): Name = "ComponentLink1URL"; Value = "https://datasheet.ciiva.com/26947/getdatasheetpartid-468228-26947022.pdf?src-supplier=Verical"; VariantName = "[No Variations]"
Add component (AddParameter): Name = "Contact Plating"; Value = "Tin"; VariantName = "[No Variations]"
Add component (AddParameter): Name = "Depth"; Value = "2.5mm"; VariantName = "[No Variations]"
Add component (AddParameter): Name = "Dielectric"; Value = "X5R"; VariantName = "[No Variations]"
Add component (AddParameter): Name = "Height"; Value = "2.5mm"; VariantName = "[No Variations]"
Add component (AddParameter): Name = "Lead Free"; Value = "Lead Free"; VariantName = "[No Variations]"
Add component (AddParameter): Name = "Length"; Value = "3.2mm"; VariantName = "[No Variations]"
Add component (AddParameter): Name = "Manufacturer"; Value = "Samsung"; VariantName = "[No Variations]"
Add component (AddParameter): Name = "Manufacturer Part Number"; Value = "CL32A107MPVNNNE"; VariantName = "[No Variations]"
Add component (AddParameter): Name = "Material"; Value = "Ceramic"; VariantName = "[No Variations]"
Add component (AddParameter): Name = "Max Operating Temperature"; Value = "85°C"; VariantName = "[No Variations]"
Add component (AddParameter): Name = "Min Operating Temperature"; Value = "-55°C"; VariantName = "[No Variations]"
Add component (AddParameter): Name = "Mount"; Value = "Surface Mount"; VariantName = "[No Variations]"
Add component (AddParameter): Name = "Packaging"; Value = "Tape and Reel"; VariantName = "[No Variations]"
Add component (AddParameter): Name = "Pricing 1"; Value = "1=1.14000, 10=0.86800, 50=0.72080, 100=0.62070, 500=0.48056 (USD)"; VariantName = "[No Variations]"
Add component (AddParameter): Name = "Radiation Hardening"; Value = "No"; VariantName = "[No Variations]"
Add component (AddParameter): Name = "RoHS"; Value = "Yes"; VariantName = "[No Variations]"
Add component (AddParameter): Name = "RoHS Compliant"; Value = "Yes"; VariantName = "[No Variations]"
Add component (AddParameter): Name = "Stock 1"; Value = "174637"; VariantName = "[No Variations]"
Add component (AddParameter): Name = "Supplier 1"; Value = "Digi-Key"; VariantName = "[No Variations]"
Add component (AddParameter): Name = "Thickness"; Value = "0.11inch"; VariantName = "[No Variations]"
Add component (AddParameter): Name = "Tolerance"; Value = "20%"; VariantName = "[No Variations]"
Add component (AddParameter): Name = "Voltage"; Value = "10V"; VariantName = "[No Variations]"
Add component (AddParameter): Name = "Voltage Rating"; Value = "10V"; VariantName = "[No Variations]"
Add component (AddParameter): Name = "Voltage Rating (DC)"; Value = "10V"; VariantName = "[No Variations]"
Add component (AddParameter): Name = "Width"; Value = "0.098inch"; VariantName = "[No Variations]"
Add Component: Footprint Not Found CAP_0805_02X125
Add Component: Footprint Not Found CAP_0603_1MM
Add Component: Footprint Not Found CAP_0805_02X125
Added Component: Designator=C28(Chip_1210_3.2x2.5)
Add component (AddParameter): Name = "Capacitance"; Value = "100uF"; VariantName = "[No Variations]"
Add component (AddParameter): Name = "Case Code (Imperial)"; Value = "1210"; VariantName = "[No Variations]"
Add component (AddParameter): Name = "Case Code (Metric)"; Value = "3225"; VariantName = "[No Variations]"
Add component (AddParameter): Name = "Case/Package"; Value = "1210"; VariantName = "[No Variations]"
Add component (AddParameter): Name = "Category"; Value = "Ceramic Capacitors"; VariantName = "[No Variations]"
Add component (AddParameter): Name = "ComponentLink1Description"; Value = "https://datasheet.ciiva.com/26947/getdatasheetpartid-468228-26947022.pdf?src-supplier=Verical"; VariantName = "[No Variations]"
Add component (AddParameter): Name = "ComponentLink1URL"; Value = "https://datasheet.ciiva.com/26947/getdatasheetpartid-468228-26947022.pdf?src-supplier=Verical"; VariantName = "[No Variations]"
Add component (AddParameter): Name = "Contact Plating"; Value = "Tin"; VariantName = "[No Variations]"
Add component (AddParameter): Name = "Depth"; Value = "2.5mm"; VariantName = "[No Variations]"
Add component (AddParameter): Name = "Dielectric"; Value = "X5R"; VariantName = "[No Variations]"
Add component (AddParameter): Name = "Height"; Value = "2.5mm"; VariantName = "[No Variations]"
Add component (AddParameter): Name = "Lead Free"; Value = "Lead Free"; VariantName = "[No Variations]"
Add component (AddParameter): Name = "Length"; Value = "3.2mm"; VariantName = "[No Variations]"
Add component (AddParameter): Name = "Manufacturer"; Value = "Samsung"; VariantName = "[No Variations]"
Add component (AddParameter): Name = "Manufacturer Part Number"; Value = "CL32A107MPVNNNE"; VariantName = "[No Variations]"
Add component (AddParameter): Name = "Material"; Value = "Ceramic"; VariantName = "[No Variations]"
Add component (AddParameter): Name = "Max Operating Temperature"; Value = "85°C"; VariantName = "[No Variations]"
Add component (AddParameter): Name = "Min Operating Temperature"; Value = "-55°C"; VariantName = "[No Variations]"
Add component (AddParameter): Name = "Mount"; Value = "Surface Mount"; VariantName = "[No Variations]"
Add component (AddParameter): Name = "Packaging"; Value = "Tape and Reel"; VariantName = "[No Variations]"
Add component (AddParameter): Name = "Pricing 1"; Value = "1=1.14000, 10=0.86800, 50=0.72080, 100=0.62070, 500=0.48056 (USD)"; VariantName = "[No Variations]"
Add component (AddParameter): Name = "Radiation Hardening"; Value = "No"; VariantName = "[No Variations]"
Add component (AddParameter): Name = "RoHS"; Value = "Yes"; VariantName = "[No Variations]"
Add component (AddParameter): Name = "RoHS Compliant"; Value = "Yes"; VariantName = "[No Variations]"
Add component (AddParameter): Name = "Stock 1"; Value = "174637"; VariantName = "[No Variations]"
Add component (AddParameter): Name = "Supplier 1"; Value = "Digi-Key"; VariantName = "[No Variations]"
Add component (AddParameter): Name = "Thickness"; Value = "0.11inch"; VariantName = "[No Variations]"
Add component (AddParameter): Name = "Tolerance"; Value = "20%"; VariantName = "[No Variations]"
Add component (AddParameter): Name = "Voltage"; Value = "10V"; VariantName = "[No Variations]"
Add component (AddParameter): Name = "Voltage Rating"; Value = "10V"; VariantName = "[No Variations]"
Add component (AddParameter): Name = "Voltage Rating (DC)"; Value = "10V"; VariantName = "[No Variations]"
Add component (AddParameter): Name = "Width"; Value = "0.098inch"; VariantName = "[No Variations]"
Add Component: Footprint Not Found CAP_0603_1MM
Add Component: Footprint Not Found CAP_0603_1MM
Add Component: Footprint Not Found CAP_0603_1MM
Add Component: Footprint Not Found CAP_0603_1MM
Add Component: Footprint Not Found CAP_0805_02X125
Added Component: Designator=C34(CAP_0805_02X125)
Add component (AddParameter): Name = "Capacitance"; Value = "10uF"; VariantName = "[No Variations]"
Add component (AddParameter): Name = "Case/Package"; Value = "0805"; VariantName = "[No Variations]"
Add component (AddParameter): Name = "Category"; Value = "Ceramic Capacitors"; VariantName = "[No Variations]"
Add component (AddParameter): Name = "ComponentLink1Description"; Value = "http://www.mouser.com/ds/2/281/c02e-2905.pdf?src-supplier=Mouser"; VariantName = "[No Variations]"
Add component (AddParameter): Name = "ComponentLink1URL"; Value = "http://www.mouser.com/ds/2/281/c02e-2905.pdf?src-supplier=Mouser"; VariantName = "[No Variations]"
Add component (AddParameter): Name = "ComponentLink2Description"; Value = "http://search.murata.co.jp/Ceramy/image/img/A01X/G101/ENG/GRM21BR61E106KA73-01.pdf?src-supplier=Digi-Key"; VariantName = "[No Variations]"
Add component (AddParameter): Name = "ComponentLink2URL"; Value = "http://search.murata.co.jp/Ceramy/image/img/A01X/G101/ENG/GRM21BR61E106KA73-01.pdf?src-supplier=Digi-Key"; VariantName = "[No Variations]"
Add component (AddParameter): Name = "ComponentLink3Description"; Value = "https://search.murata.co.jp/Ceramy/image/img/A01X/G101/ENG/GRM21BR61E106KA73-01.pdf?src-supplier=Digi-Key"; VariantName = "[No Variations]"
Add component (AddParameter): Name = "ComponentLink3URL"; Value = "https://search.murata.co.jp/Ceramy/image/img/A01X/G101/ENG/GRM21BR61E106KA73-01.pdf?src-supplier=Digi-Key"; VariantName = "[No Variations]"
Add component (AddParameter): Name = "Dielectric"; Value = "X5R"; VariantName = "[No Variations]"
Add component (AddParameter): Name = "Length"; Value = "0.079inch"; VariantName = "[No Variations]"
Add component (AddParameter): Name = "Manufacturer"; Value = "Murata"; VariantName = "[No Variations]"
Add component (AddParameter): Name = "Manufacturer Part Number"; Value = "GRM21BR61E106KA73K"; VariantName = "[No Variations]"
Add component (AddParameter): Name = "Max Operating Temperature"; Value = "85°C"; VariantName = "[No Variations]"
Add component (AddParameter): Name = "Min Operating Temperature"; Value = "-55°C"; VariantName = "[No Variations]"
Add component (AddParameter): Name = "Mount"; Value = "Surface Mount"; VariantName = "[No Variations]"
Add component (AddParameter): Name = "Package Quantity"; Value = "10000"; VariantName = "[No Variations]"
Add component (AddParameter): Name = "Packaging"; Value = "Tape and Reel"; VariantName = "[No Variations]"
Add component (AddParameter): Name = "Pricing 1"; Value = "1=0.23000, 10=0.15700, 50=0.09400, 100=0.07940, 500=0.05434, 1000=0.04807, 2500=0.04598, 5000=0.04180 (USD)"; VariantName = "[No Variations]"
Add component (AddParameter): Name = "RoHS"; Value = "Yes"; VariantName = "[No Variations]"
Add component (AddParameter): Name = "RoHS Compliant"; Value = "Yes"; VariantName = "[No Variations]"
Add component (AddParameter): Name = "Stock 1"; Value = "1875"; VariantName = "[No Variations]"
Add component (AddParameter): Name = "Supplier 1"; Value = "Digi-Key"; VariantName = "[No Variations]"
Add component (AddParameter): Name = "Thickness"; Value = "0.055inch"; VariantName = "[No Variations]"
Add component (AddParameter): Name = "Tolerance"; Value = "10%"; VariantName = "[No Variations]"
Add component (AddParameter): Name = "Voltage Rating"; Value = "25V"; VariantName = "[No Variations]"
Add component (AddParameter): Name = "Voltage Rating (DC)"; Value = "25V"; VariantName = "[No Variations]"
Add component (AddParameter): Name = "Weight"; Value = "0.000335oz"; VariantName = "[No Variations]"
Add component (AddParameter): Name = "Width"; Value = "0.049inch"; VariantName = "[No Variations]"
Added Component: Designator=C35(CAP_0805_02X125)
Add component (AddParameter): Name = "Capacitance"; Value = "10uF"; VariantName = "[No Variations]"
Add component (AddParameter): Name = "Case/Package"; Value = "0805"; VariantName = "[No Variations]"
Add component (AddParameter): Name = "Category"; Value = "Ceramic Capacitors"; VariantName = "[No Variations]"
Add component (AddParameter): Name = "ComponentLink1Description"; Value = "http://www.mouser.com/ds/2/281/c02e-2905.pdf?src-supplier=Mouser"; VariantName = "[No Variations]"
Add component (AddParameter): Name = "ComponentLink1URL"; Value = "http://www.mouser.com/ds/2/281/c02e-2905.pdf?src-supplier=Mouser"; VariantName = "[No Variations]"
Add component (AddParameter): Name = "ComponentLink2Description"; Value = "http://search.murata.co.jp/Ceramy/image/img/A01X/G101/ENG/GRM21BR61E106KA73-01.pdf?src-supplier=Digi-Key"; VariantName = "[No Variations]"
Add component (AddParameter): Name = "ComponentLink2URL"; Value = "http://search.murata.co.jp/Ceramy/image/img/A01X/G101/ENG/GRM21BR61E106KA73-01.pdf?src-supplier=Digi-Key"; VariantName = "[No Variations]"
Add component (AddParameter): Name = "ComponentLink3Description"; Value = "https://search.murata.co.jp/Ceramy/image/img/A01X/G101/ENG/GRM21BR61E106KA73-01.pdf?src-supplier=Digi-Key"; VariantName = "[No Variations]"
Add component (AddParameter): Name = "ComponentLink3URL"; Value = "https://search.murata.co.jp/Ceramy/image/img/A01X/G101/ENG/GRM21BR61E106KA73-01.pdf?src-supplier=Digi-Key"; VariantName = "[No Variations]"
Add component (AddParameter): Name = "Dielectric"; Value = "X5R"; VariantName = "[No Variations]"
Add component (AddParameter): Name = "Length"; Value = "0.079inch"; VariantName = "[No Variations]"
Add component (AddParameter): Name = "Manufacturer"; Value = "Murata"; VariantName = "[No Variations]"
Add component (AddParameter): Name = "Manufacturer Part Number"; Value = "GRM21BR61E106KA73K"; VariantName = "[No Variations]"
Add component (AddParameter): Name = "Max Operating Temperature"; Value = "85°C"; VariantName = "[No Variations]"
Add component (AddParameter): Name = "Min Operating Temperature"; Value = "-55°C"; VariantName = "[No Variations]"
Add component (AddParameter): Name = "Mount"; Value = "Surface Mount"; VariantName = "[No Variations]"
Add component (AddParameter): Name = "Package Quantity"; Value = "10000"; VariantName = "[No Variations]"
Add component (AddParameter): Name = "Packaging"; Value = "Tape and Reel"; VariantName = "[No Variations]"
Add component (AddParameter): Name = "Pricing 1"; Value = "1=0.23000, 10=0.15700, 50=0.09400, 100=0.07940, 500=0.05434, 1000=0.04807, 2500=0.04598, 5000=0.04180 (USD)"; VariantName = "[No Variations]"
Add component (AddParameter): Name = "RoHS"; Value = "Yes"; VariantName = "[No Variations]"
Add component (AddParameter): Name = "RoHS Compliant"; Value = "Yes"; VariantName = "[No Variations]"
Add component (AddParameter): Name = "Stock 1"; Value = "1875"; VariantName = "[No Variations]"
Add component (AddParameter): Name = "Supplier 1"; Value = "Digi-Key"; VariantName = "[No Variations]"
Add component (AddParameter): Name = "Thickness"; Value = "0.055inch"; VariantName = "[No Variations]"
Add component (AddParameter): Name = "Tolerance"; Value = "10%"; VariantName = "[No Variations]"
Add component (AddParameter): Name = "Voltage Rating"; Value = "25V"; VariantName = "[No Variations]"
Add component (AddParameter): Name = "Voltage Rating (DC)"; Value = "25V"; VariantName = "[No Variations]"
Add component (AddParameter): Name = "Weight"; Value = "0.000335oz"; VariantName = "[No Variations]"
Add component (AddParameter): Name = "Width"; Value = "0.049inch"; VariantName = "[No Variations]"
Add Component: Footprint Not Found CAP_0805_02X125
Add Component: Footprint Not Found CAP_0805_02X125
Added Component: Designator=C38(CAP_0805_02X125)
Add component (AddParameter): Name = "Capacitance"; Value = "10uF"; VariantName = "[No Variations]"
Add component (AddParameter): Name = "Case/Package"; Value = "0805"; VariantName = "[No Variations]"
Add component (AddParameter): Name = "Category"; Value = "Ceramic Capacitors"; VariantName = "[No Variations]"
Add component (AddParameter): Name = "ComponentLink1Description"; Value = "http://www.mouser.com/ds/2/281/c02e-2905.pdf?src-supplier=Mouser"; VariantName = "[No Variations]"
Add component (AddParameter): Name = "ComponentLink1URL"; Value = "http://www.mouser.com/ds/2/281/c02e-2905.pdf?src-supplier=Mouser"; VariantName = "[No Variations]"
Add component (AddParameter): Name = "ComponentLink2Description"; Value = "http://search.murata.co.jp/Ceramy/image/img/A01X/G101/ENG/GRM21BR61E106KA73-01.pdf?src-supplier=Digi-Key"; VariantName = "[No Variations]"
Add component (AddParameter): Name = "ComponentLink2URL"; Value = "http://search.murata.co.jp/Ceramy/image/img/A01X/G101/ENG/GRM21BR61E106KA73-01.pdf?src-supplier=Digi-Key"; VariantName = "[No Variations]"
Add component (AddParameter): Name = "ComponentLink3Description"; Value = "https://search.murata.co.jp/Ceramy/image/img/A01X/G101/ENG/GRM21BR61E106KA73-01.pdf?src-supplier=Digi-Key"; VariantName = "[No Variations]"
Add component (AddParameter): Name = "ComponentLink3URL"; Value = "https://search.murata.co.jp/Ceramy/image/img/A01X/G101/ENG/GRM21BR61E106KA73-01.pdf?src-supplier=Digi-Key"; VariantName = "[No Variations]"
Add component (AddParameter): Name = "Dielectric"; Value = "X5R"; VariantName = "[No Variations]"
Add component (AddParameter): Name = "Length"; Value = "0.079inch"; VariantName = "[No Variations]"
Add component (AddParameter): Name = "Manufacturer"; Value = "Murata"; VariantName = "[No Variations]"
Add component (AddParameter): Name = "Manufacturer Part Number"; Value = "GRM21BR61E106KA73K"; VariantName = "[No Variations]"
Add component (AddParameter): Name = "Max Operating Temperature"; Value = "85°C"; VariantName = "[No Variations]"
Add component (AddParameter): Name = "Min Operating Temperature"; Value = "-55°C"; VariantName = "[No Variations]"
Add component (AddParameter): Name = "Mount"; Value = "Surface Mount"; VariantName = "[No Variations]"
Add component (AddParameter): Name = "Package Quantity"; Value = "10000"; VariantName = "[No Variations]"
Add component (AddParameter): Name = "Packaging"; Value = "Tape and Reel"; VariantName = "[No Variations]"
Add component (AddParameter): Name = "Pricing 1"; Value = "1=0.23000, 10=0.15700, 50=0.09400, 100=0.07940, 500=0.05434, 1000=0.04807, 2500=0.04598, 5000=0.04180 (USD)"; VariantName = "[No Variations]"
Add component (AddParameter): Name = "RoHS"; Value = "Yes"; VariantName = "[No Variations]"
Add component (AddParameter): Name = "RoHS Compliant"; Value = "Yes"; VariantName = "[No Variations]"
Add component (AddParameter): Name = "Stock 1"; Value = "1875"; VariantName = "[No Variations]"
Add component (AddParameter): Name = "Supplier 1"; Value = "Digi-Key"; VariantName = "[No Variations]"
Add component (AddParameter): Name = "Thickness"; Value = "0.055inch"; VariantName = "[No Variations]"
Add component (AddParameter): Name = "Tolerance"; Value = "10%"; VariantName = "[No Variations]"
Add component (AddParameter): Name = "Voltage Rating"; Value = "25V"; VariantName = "[No Variations]"
Add component (AddParameter): Name = "Voltage Rating (DC)"; Value = "25V"; VariantName = "[No Variations]"
Add component (AddParameter): Name = "Weight"; Value = "0.000335oz"; VariantName = "[No Variations]"
Add component (AddParameter): Name = "Width"; Value = "0.049inch"; VariantName = "[No Variations]"
Added Component: Designator=C39(CAP_0805_02X125)
Add component (AddParameter): Name = "Capacitance"; Value = "10uF"; VariantName = "[No Variations]"
Add component (AddParameter): Name = "Case/Package"; Value = "0805"; VariantName = "[No Variations]"
Add component (AddParameter): Name = "Category"; Value = "Ceramic Capacitors"; VariantName = "[No Variations]"
Add component (AddParameter): Name = "ComponentLink1Description"; Value = "http://www.mouser.com/ds/2/281/c02e-2905.pdf?src-supplier=Mouser"; VariantName = "[No Variations]"
Add component (AddParameter): Name = "ComponentLink1URL"; Value = "http://www.mouser.com/ds/2/281/c02e-2905.pdf?src-supplier=Mouser"; VariantName = "[No Variations]"
Add component (AddParameter): Name = "ComponentLink2Description"; Value = "http://search.murata.co.jp/Ceramy/image/img/A01X/G101/ENG/GRM21BR61E106KA73-01.pdf?src-supplier=Digi-Key"; VariantName = "[No Variations]"
Add component (AddParameter): Name = "ComponentLink2URL"; Value = "http://search.murata.co.jp/Ceramy/image/img/A01X/G101/ENG/GRM21BR61E106KA73-01.pdf?src-supplier=Digi-Key"; VariantName = "[No Variations]"
Add component (AddParameter): Name = "ComponentLink3Description"; Value = "https://search.murata.co.jp/Ceramy/image/img/A01X/G101/ENG/GRM21BR61E106KA73-01.pdf?src-supplier=Digi-Key"; VariantName = "[No Variations]"
Add component (AddParameter): Name = "ComponentLink3URL"; Value = "https://search.murata.co.jp/Ceramy/image/img/A01X/G101/ENG/GRM21BR61E106KA73-01.pdf?src-supplier=Digi-Key"; VariantName = "[No Variations]"
Add component (AddParameter): Name = "Dielectric"; Value = "X5R"; VariantName = "[No Variations]"
Add component (AddParameter): Name = "Length"; Value = "0.079inch"; VariantName = "[No Variations]"
Add component (AddParameter): Name = "Manufacturer"; Value = "Murata"; VariantName = "[No Variations]"
Add component (AddParameter): Name = "Manufacturer Part Number"; Value = "GRM21BR61E106KA73K"; VariantName = "[No Variations]"
Add component (AddParameter): Name = "Max Operating Temperature"; Value = "85°C"; VariantName = "[No Variations]"
Add component (AddParameter): Name = "Min Operating Temperature"; Value = "-55°C"; VariantName = "[No Variations]"
Add component (AddParameter): Name = "Mount"; Value = "Surface Mount"; VariantName = "[No Variations]"
Add component (AddParameter): Name = "Package Quantity"; Value = "10000"; VariantName = "[No Variations]"
Add component (AddParameter): Name = "Packaging"; Value = "Tape and Reel"; VariantName = "[No Variations]"
Add component (AddParameter): Name = "Pricing 1"; Value = "1=0.23000, 10=0.15700, 50=0.09400, 100=0.07940, 500=0.05434, 1000=0.04807, 2500=0.04598, 5000=0.04180 (USD)"; VariantName = "[No Variations]"
Add component (AddParameter): Name = "RoHS"; Value = "Yes"; VariantName = "[No Variations]"
Add component (AddParameter): Name = "RoHS Compliant"; Value = "Yes"; VariantName = "[No Variations]"
Add component (AddParameter): Name = "Stock 1"; Value = "1875"; VariantName = "[No Variations]"
Add component (AddParameter): Name = "Supplier 1"; Value = "Digi-Key"; VariantName = "[No Variations]"
Add component (AddParameter): Name = "Thickness"; Value = "0.055inch"; VariantName = "[No Variations]"
Add component (AddParameter): Name = "Tolerance"; Value = "10%"; VariantName = "[No Variations]"
Add component (AddParameter): Name = "Voltage Rating"; Value = "25V"; VariantName = "[No Variations]"
Add component (AddParameter): Name = "Voltage Rating (DC)"; Value = "25V"; VariantName = "[No Variations]"
Add component (AddParameter): Name = "Weight"; Value = "0.000335oz"; VariantName = "[No Variations]"
Add component (AddParameter): Name = "Width"; Value = "0.049inch"; VariantName = "[No Variations]"
Added Component: Designator=D1(SCHOTTKY4336X33N)
Add component (AddParameter): Name = "Manufacturer"; Value = "Microchip"; VariantName = "[No Variations]"
Add component (AddParameter): Name = "Manufacturer Part Number"; Value = "LSM115JE3/TR13"; VariantName = "[No Variations]"
Add component (AddParameter): Name = "Pricing 1"; Value = "1=0.51000 (USD)"; VariantName = "[No Variations]"
Add component (AddParameter): Name = "RoHS"; Value = "Yes"; VariantName = "[No Variations]"
Add component (AddParameter): Name = "Stock 1"; Value = "16365"; VariantName = "[No Variations]"
Add component (AddParameter): Name = "Supplier 1"; Value = "Digi-Key"; VariantName = "[No Variations]"
Added Component: Designator=D2(SCHOTTKY4336X33N)
Add component (AddParameter): Name = "Manufacturer"; Value = "Microchip"; VariantName = "[No Variations]"
Add component (AddParameter): Name = "Manufacturer Part Number"; Value = "LSM115JE3/TR13"; VariantName = "[No Variations]"
Add component (AddParameter): Name = "Pricing 1"; Value = "1=0.51000 (USD)"; VariantName = "[No Variations]"
Add component (AddParameter): Name = "RoHS"; Value = "Yes"; VariantName = "[No Variations]"
Add component (AddParameter): Name = "Stock 1"; Value = "16365"; VariantName = "[No Variations]"
Add component (AddParameter): Name = "Supplier 1"; Value = "Digi-Key"; VariantName = "[No Variations]"
Added Component: Designator=H1(Amphenol_20021121_0)
Add component (AddParameter): Name = "Category"; Value = "Headers and Wire Housings"; VariantName = "[No Variations]"
Add component (AddParameter): Name = "Manufacturer"; Value = "Amphenol ICC / FCI"; VariantName = "[No Variations]"
Add component (AddParameter): Name = "Manufacturer Part Number"; Value = "20021121-00010C1LF"; VariantName = "[No Variations]"
Add component (AddParameter): Name = "RoHS"; Value = "No"; VariantName = "[No Variations]"
Add component (AddParameter): Name = "Supplier 1"; Value = "Digi-Key"; VariantName = "[No Variations]"
Added Component: Designator=H2(BAT_CONN)
Add component (AddParameter): Name = "Category"; Value = "Headers and Wire Housings"; VariantName = "[No Variations]"
Add component (AddParameter): Name = "Color"; Value = "Natural"; VariantName = "[No Variations]"
Add component (AddParameter): Name = "ComponentLink1Description"; Value = "https://datasheet.ciiva.com/18487/554600272-sd-18487017.pdf?src-supplier=Digi-Key"; VariantName = "[No Variations]"
Add component (AddParameter): Name = "ComponentLink1URL"; Value = "https://datasheet.ciiva.com/18487/554600272-sd-18487017.pdf?src-supplier=Digi-Key"; VariantName = "[No Variations]"
Add component (AddParameter): Name = "ComponentLink2Description"; Value = "https://datasheet.ciiva.com/18487/554600272-sd-18487018.pdf?src-supplier=Digi-Key"; VariantName = "[No Variations]"
Add component (AddParameter): Name = "ComponentLink2URL"; Value = "https://datasheet.ciiva.com/18487/554600272-sd-18487018.pdf?src-supplier=Digi-Key"; VariantName = "[No Variations]"
Add component (AddParameter): Name = "ComponentLink3Description"; Value = "https://datasheet.ciiva.com/18487/554600272-sd-18487019.pdf?src-supplier=Digi-Key"; VariantName = "[No Variations]"
Add component (AddParameter): Name = "ComponentLink3URL"; Value = "https://datasheet.ciiva.com/18487/554600272-sd-18487019.pdf?src-supplier=Digi-Key"; VariantName = "[No Variations]"
Add component (AddParameter): Name = "Connector Type"; Value = "Male Pin"; VariantName = "[No Variations]"
Add component (AddParameter): Name = "Contact Material"; Value = "Bronze"; VariantName = "[No Variations]"
Add component (AddParameter): Name = "Contact Plating"; Value = "Tin,Copper"; VariantName = "[No Variations]"
Add component (AddParameter): Name = "Depth"; Value = "7mm"; VariantName = "[No Variations]"
Add component (AddParameter): Name = "Housing Color"; Value = "Natural"; VariantName = "[No Variations]"
Add component (AddParameter): Name = "Housing Material"; Value = "Polyamide"; VariantName = "[No Variations]"
Add component (AddParameter): Name = "Length"; Value = "8.1mm"; VariantName = "[No Variations]"
Add component (AddParameter): Name = "Manufacturer"; Value = "Molex"; VariantName = "[No Variations]"
Add component (AddParameter): Name = "Manufacturer Part Number"; Value = "0554600272"; VariantName = "[No Variations]"
Add component (AddParameter): Name = "Max Operating Temperature"; Value = "105°C"; VariantName = "[No Variations]"
Add component (AddParameter): Name = "Max Voltage Rating (AC)"; Value = "125V"; VariantName = "[No Variations]"
Add component (AddParameter): Name = "Min Operating Temperature"; Value = "-40°C"; VariantName = "[No Variations]"
Add component (AddParameter): Name = "Mount"; Value = "Surface Mount"; VariantName = "[No Variations]"
Add component (AddParameter): Name = "Number of Positions"; Value = "2"; VariantName = "[No Variations]"
Add component (AddParameter): Name = "Number of Rows"; Value = "1"; VariantName = "[No Variations]"
Add component (AddParameter): Name = "Orientation"; Value = "Straight"; VariantName = "[No Variations]"
Add component (AddParameter): Name = "Packaging"; Value = "Tape and Reel"; VariantName = "[No Variations]"
Add component (AddParameter): Name = "Pitch"; Value = "0.079inch"; VariantName = "[No Variations]"
Add component (AddParameter): Name = "Pricing 1"; Value = "1=1.33000, 10=1.10500, 100=0.92040 (USD)"; VariantName = "[No Variations]"
Add component (AddParameter): Name = "RoHS"; Value = "Yes"; VariantName = "[No Variations]"
Add component (AddParameter): Name = "RoHS Compliant"; Value = "Yes"; VariantName = "[No Variations]"
Add component (AddParameter): Name = "Stock 1"; Value = "5247"; VariantName = "[No Variations]"
Add component (AddParameter): Name = "Supplier 1"; Value = "Digi-Key"; VariantName = "[No Variations]"
Add component (AddParameter): Name = "Termination"; Value = "Solder"; VariantName = "[No Variations]"
Added Component: Designator=H3(MICROUSB_AMPHENOL_10118194-0001LF)
Add component (AddParameter): Name = "Category"; Value = "USB Connectors"; VariantName = "[No Variations]"
Add component (AddParameter): Name = "Color"; Value = "Black"; VariantName = "[No Variations]"
Add component (AddParameter): Name = "ComponentLink1Description"; Value = "https://datasheet.ciiva.com/4598/10118194ac-197217-4598807.pdf?src-supplier=Mouser"; VariantName = "[No Variations]"
Add component (AddParameter): Name = "ComponentLink1URL"; Value = "https://datasheet.ciiva.com/4598/10118194ac-197217-4598807.pdf?src-supplier=Mouser"; VariantName = "[No Variations]"
Add component (AddParameter): Name = "ComponentLink2Description"; Value = "https://datasheet.ciiva.com/26945/getdatasheetpartid-418619-26945695.pdf?src-supplier=Verical"; VariantName = "[No Variations]"
Add component (AddParameter): Name = "ComponentLink2URL"; Value = "https://datasheet.ciiva.com/26945/getdatasheetpartid-418619-26945695.pdf?src-supplier=Verical"; VariantName = "[No Variations]"
Add component (AddParameter): Name = "ComponentLink3Description"; Value = "https://datasheet.ciiva.com/851/10118194-851110.pdf?src-supplier=Digi-Key"; VariantName = "[No Variations]"
Add component (AddParameter): Name = "ComponentLink3URL"; Value = "https://datasheet.ciiva.com/851/10118194-851110.pdf?src-supplier=Digi-Key"; VariantName = "[No Variations]"
Add component (AddParameter): Name = "ComponentLink4Description"; Value = "https://datasheet.ciiva.com/851/10118194-851111.pdf?src-supplier=Digi-Key"; VariantName = "[No Variations]"
Add component (AddParameter): Name = "ComponentLink4URL"; Value = "https://datasheet.ciiva.com/851/10118194-851111.pdf?src-supplier=Digi-Key"; VariantName = "[No Variations]"
Add component (AddParameter): Name = "Connector Type"; Value = "USB,Receptacle"; VariantName = "[No Variations]"
Add component (AddParameter): Name = "Contact Material"; Value = "Copper Alloy"; VariantName = "[No Variations]"
Add component (AddParameter): Name = "Contact Plating"; Value = "Gold"; VariantName = "[No Variations]"
Add component (AddParameter): Name = "Current Rating"; Value = "1.8A"; VariantName = "[No Variations]"
Add component (AddParameter): Name = "Depth"; Value = "5mm"; VariantName = "[No Variations]"
Add component (AddParameter): Name = "Features"; Value = "Shielded"; VariantName = "[No Variations]"
Add component (AddParameter): Name = "Flammability Rating"; Value = "UL94 V-0"; VariantName = "[No Variations]"
Add component (AddParameter): Name = "Gender"; Value = "Receptacle"; VariantName = "[No Variations]"
Add component (AddParameter): Name = "Housing Material"; Value = "Polymer"; VariantName = "[No Variations]"
Add component (AddParameter): Name = "Insulation Resistance"; Value = "1GR"; VariantName = "[No Variations]"
Add component (AddParameter): Name = "Lead Free"; Value = "Lead Free"; VariantName = "[No Variations]"
Add component (AddParameter): Name = "Length"; Value = "8.05mm"; VariantName = "[No Variations]"
Add component (AddParameter): Name = "Manufacturer"; Value = "Amphenol FCI"; VariantName = "[No Variations]"
Add component (AddParameter): Name = "Manufacturer Part Number"; Value = "10118194-0001LF"; VariantName = "[No Variations]"
Add component (AddParameter): Name = "Max Operating Temperature"; Value = "85°C"; VariantName = "[No Variations]"
Add component (AddParameter): Name = "Max Voltage Rating (AC)"; Value = "100V"; VariantName = "[No Variations]"
Add component (AddParameter): Name = "Min Operating Temperature"; Value = "-55°C"; VariantName = "[No Variations]"
Add component (AddParameter): Name = "Mount"; Value = "Surface Mount,Horizontal"; VariantName = "[No Variations]"
Add component (AddParameter): Name = "Number of Contacts"; Value = "5"; VariantName = "[No Variations]"
Add component (AddParameter): Name = "Number of Ports"; Value = "1"; VariantName = "[No Variations]"
Add component (AddParameter): Name = "Number of Terminals/Pins"; Value = "5"; VariantName = "[No Variations]"
Add component (AddParameter): Name = "Orientation"; Value = "Right Angle"; VariantName = "[No Variations]"
Add component (AddParameter): Name = "Package Quantity"; Value = "9600"; VariantName = "[No Variations]"
Add component (AddParameter): Name = "Packaging"; Value = "Tape and Reel"; VariantName = "[No Variations]"
Add component (AddParameter): Name = "Pitch"; Value = "0.65mm"; VariantName = "[No Variations]"
Add component (AddParameter): Name = "Pricing 1"; Value = "1=0.48000, 10=0.45100, 25=0.38680, 50=0.32860, 100=0.31580, 250=0.28360, 500=0.27070 (USD)"; VariantName = "[No Variations]"
Add component (AddParameter): Name = "Radiation Hardening"; Value = "No"; VariantName = "[No Variations]"
Add component (AddParameter): Name = "RoHS"; Value = "Yes"; VariantName = "[No Variations]"
Add component (AddParameter): Name = "Stock 1"; Value = "87961"; VariantName = "[No Variations]"
Add component (AddParameter): Name = "Supplier 1"; Value = "Digi-Key"; VariantName = "[No Variations]"
Add component (AddParameter): Name = "Supplier Part Number 1"; Value = "609-4618-6-ND"; VariantName = "[No Variations]"
Add component (AddParameter): Name = "Termination"; Value = "Solder"; VariantName = "[No Variations]"
Add Component: Footprint Not Found 3_PIN_100mil
Add Component: Footprint Not Found 2_PIN_100mil
Add Component: Footprint Not Found 2_PIN_100mil
Added Component: Designator=H7(6_PIN_100MIL)
Added Component: Designator=L1(CAP_0402_1mm)
Add component (AddParameter): Name = "Category"; Value = "Fixed Inductors"; VariantName = "[No Variations]"
Add component (AddParameter): Name = "Manufacturer"; Value = "Murata"; VariantName = "[No Variations]"
Add component (AddParameter): Name = "Manufacturer Part Number"; Value = "LQG15WZ1N9S02D"; VariantName = "[No Variations]"
Add component (AddParameter): Name = "Pricing 1"; Value = "1=0.14000, 10=0.12900, 25=0.11440, 50=0.09720, 100=0.08580, 250=0.07864, 500=0.07150, 1000=0.06006, 2500=0.05148 (USD)"; VariantName = "[No Variations]"
Add component (AddParameter): Name = "RoHS"; Value = "Yes"; VariantName = "[No Variations]"
Add component (AddParameter): Name = "RoHS Compliant"; Value = "Yes"; VariantName = "[No Variations]"
Add component (AddParameter): Name = "Stock 1"; Value = "7252"; VariantName = "[No Variations]"
Add component (AddParameter): Name = "Supplier 1"; Value = "Digi-Key"; VariantName = "[No Variations]"
Added Component: Designator=L2(CAP_0402_1mm)
Add component (AddParameter): Name = "Category"; Value = "Fixed Inductors"; VariantName = "[No Variations]"
Add component (AddParameter): Name = "Manufacturer"; Value = "Murata"; VariantName = "[No Variations]"
Add component (AddParameter): Name = "Manufacturer Part Number"; Value = "LQG15WZ1N9S02D"; VariantName = "[No Variations]"
Add component (AddParameter): Name = "Pricing 1"; Value = "1=0.14000, 10=0.12900, 25=0.11440, 50=0.09720, 100=0.08580, 250=0.07864, 500=0.07150, 1000=0.06006, 2500=0.05148 (USD)"; VariantName = "[No Variations]"
Add component (AddParameter): Name = "RoHS"; Value = "Yes"; VariantName = "[No Variations]"
Add component (AddParameter): Name = "RoHS Compliant"; Value = "Yes"; VariantName = "[No Variations]"
Add component (AddParameter): Name = "Stock 1"; Value = "7252"; VariantName = "[No Variations]"
Add component (AddParameter): Name = "Supplier 1"; Value = "Digi-Key"; VariantName = "[No Variations]"
Added Component: Designator=L3(IND_FERRITE_0603_1.6x0.4)
Add component (AddParameter): Name = "Case Code (Imperial)"; Value = "0603"; VariantName = "[No Variations]"
Add component (AddParameter): Name = "Case Code (Metric)"; Value = "1608"; VariantName = "[No Variations]"
Add component (AddParameter): Name = "Case/Package"; Value = "0603"; VariantName = "[No Variations]"
Add component (AddParameter): Name = "Category"; Value = "Inductors"; VariantName = "[No Variations]"
Add component (AddParameter): Name = "ComponentLink1Description"; Value = "https://datasheet.ciiva.com/19460/1844766-19460213.pdf?src-supplier=Jameco"; VariantName = "[No Variations]"
Add component (AddParameter): Name = "ComponentLink1URL"; Value = "https://datasheet.ciiva.com/19460/1844766-19460213.pdf?src-supplier=Jameco"; VariantName = "[No Variations]"
Add component (AddParameter): Name = "ComponentLink2Description"; Value = "https://datasheet.ciiva.com/41449/001172228-da-01-en-drossel-0603-600r-1-6x0-8mm-4000st-41449517.pdf?src-supplier=Conrad"; VariantName = "[No Variations]"
Add component (AddParameter): Name = "ComponentLink2URL"; Value = "https://datasheet.ciiva.com/41449/001172228-da-01-en-drossel-0603-600r-1-6x0-8mm-4000st-41449517.pdf?src-supplier=Conrad"; VariantName = "[No Variations]"
Add component (AddParameter): Name = "ComponentLink3Description"; Value = "https://datasheet.ciiva.com/29347/442309-da-01-en-chip-drossel-0603-600r-500ma-1-6x0-8mm-29347900.pdf?src-supplier=Conrad"; VariantName = "[No Variations]"
Add component (AddParameter): Name = "ComponentLink3URL"; Value = "https://datasheet.ciiva.com/29347/442309-da-01-en-chip-drossel-0603-600r-500ma-1-6x0-8mm-29347900.pdf?src-supplier=Conrad"; VariantName = "[No Variations]"
Add component (AddParameter): Name = "ComponentLink4Description"; Value = "https://datasheet.ciiva.com/1466/1756147-1466934.pdf?src-supplier=Element14"; VariantName = "[No Variations]"
Add component (AddParameter): Name = "ComponentLink4URL"; Value = "https://datasheet.ciiva.com/1466/1756147-1466934.pdf?src-supplier=Element14"; VariantName = "[No Variations]"
Add component (AddParameter): Name = "ComponentLink5Description"; Value = "https://datasheet.ciiva.com/1466/1756147-1466933.pdf?src-supplier=Element14"; VariantName = "[No Variations]"
Add component (AddParameter): Name = "ComponentLink5URL"; Value = "https://datasheet.ciiva.com/1466/1756147-1466933.pdf?src-supplier=Element14"; VariantName = "[No Variations]"
Add component (AddParameter): Name = "ComponentLink6Description"; Value = "https://datasheet.ciiva.com/1012/l0110s0100blm18a-1012018.pdf?src-supplier=Digi-Key"; VariantName = "[No Variations]"
Add component (AddParameter): Name = "ComponentLink6URL"; Value = "https://datasheet.ciiva.com/1012/l0110s0100blm18a-1012018.pdf?src-supplier=Digi-Key"; VariantName = "[No Variations]"
Add component (AddParameter): Name = "ComponentLink7Description"; Value = "https://datasheet.ciiva.com/1012/l0110s0100blm18a-1012017.pdf?src-supplier=Digi-Key"; VariantName = "[No Variations]"
Add component (AddParameter): Name = "ComponentLink7URL"; Value = "https://datasheet.ciiva.com/1012/l0110s0100blm18a-1012017.pdf?src-supplier=Digi-Key"; VariantName = "[No Variations]"
Add component (AddParameter): Name = "ComponentLink8Description"; Value = "https://datasheet.ciiva.com/1012/l0110s0100blm18a-1012019.pdf?src-supplier=Digi-Key"; VariantName = "[No Variations]"
Add component (AddParameter): Name = "ComponentLink8URL"; Value = "https://datasheet.ciiva.com/1012/l0110s0100blm18a-1012019.pdf?src-supplier=Digi-Key"; VariantName = "[No Variations]"
Add component (AddParameter): Name = "ComponentLink9Description"; Value = "https://datasheet.ciiva.com/16210/l0110s0100blm18a-16210006.pdf?src-supplier=Future+Electronics"; VariantName = "[No Variations]"
Add component (AddParameter): Name = "ComponentLink9URL"; Value = "https://datasheet.ciiva.com/16210/l0110s0100blm18a-16210006.pdf?src-supplier=Future+Electronics"; VariantName = "[No Variations]"
Add component (AddParameter): Name = "ComponentLink10Description"; Value = "https://datasheet.ciiva.com/3081/l0110s0100blm18a-3081613.pdf?src-supplier=Avnet"; VariantName = "[No Variations]"
Add component (AddParameter): Name = "ComponentLink10URL"; Value = "https://datasheet.ciiva.com/3081/l0110s0100blm18a-3081613.pdf?src-supplier=Avnet"; VariantName = "[No Variations]"
Add component (AddParameter): Name = "Core Material"; Value = "Ferrite"; VariantName = "[No Variations]"
Add component (AddParameter): Name = "Current Rating"; Value = "500mA"; VariantName = "[No Variations]"
Add component (AddParameter): Name = "DC Current"; Value = "500mA"; VariantName = "[No Variations]"
Add component (AddParameter): Name = "DC Resistance (DCR)"; Value = "380mR"; VariantName = "[No Variations]"
Add component (AddParameter): Name = "Depth"; Value = "0.8mm"; VariantName = "[No Variations]"
Add component (AddParameter): Name = "Frequency"; Value = "100MHz"; VariantName = "[No Variations]"
Add component (AddParameter): Name = "Height"; Value = "0.8mm"; VariantName = "[No Variations]"
Add component (AddParameter): Name = "Impedance"; Value = "600R"; VariantName = "[No Variations]"
Add component (AddParameter): Name = "Lead Free"; Value = "Lead Free"; VariantName = "[No Variations]"
Add component (AddParameter): Name = "Length"; Value = "1.6mm"; VariantName = "[No Variations]"
Add component (AddParameter): Name = "Manufacturer"; Value = "Murata"; VariantName = "[No Variations]"
Add component (AddParameter): Name = "Manufacturer Part Number"; Value = "BLM18AG601SN1D"; VariantName = "[No Variations]"
Add component (AddParameter): Name = "Material"; Value = "Steel,Ferrite"; VariantName = "[No Variations]"
Add component (AddParameter): Name = "Max Current Rating"; Value = "500mA"; VariantName = "[No Variations]"
Add component (AddParameter): Name = "Max DC Current"; Value = "500mA"; VariantName = "[No Variations]"
Add component (AddParameter): Name = "Max Operating Temperature"; Value = "125°C"; VariantName = "[No Variations]"
Add component (AddParameter): Name = "Military Standard"; Value = "Not"; VariantName = "[No Variations]"
Add component (AddParameter): Name = "Min Operating Temperature"; Value = "-55°C"; VariantName = "[No Variations]"
Add component (AddParameter): Name = "Number of Circuits"; Value = "1"; VariantName = "[No Variations]"
Add component (AddParameter): Name = "Number of Lines"; Value = "1"; VariantName = "[No Variations]"
Add component (AddParameter): Name = "Number of Pins"; Value = "2"; VariantName = "[No Variations]"
Add component (AddParameter): Name = "Package Quantity"; Value = "1"; VariantName = "[No Variations]"
Add component (AddParameter): Name = "Packaging"; Value = "Tape and Reel"; VariantName = "[No Variations]"
Add component (AddParameter): Name = "Pricing 1"; Value = "1=0.10000, 10=0.07900, 25=0.07200, 50=0.06480, 100=0.04760, 250=0.03460, 500=0.03170, 1000=0.02738 (USD)"; VariantName = "[No Variations]"
Add component (AddParameter): Name = "Radiation Hardening"; Value = "No"; VariantName = "[No Variations]"
Add component (AddParameter): Name = "REACH SVHC"; Value = "No SVHC"; VariantName = "[No Variations]"
Add component (AddParameter): Name = "RoHS"; Value = "Yes"; VariantName = "[No Variations]"
Add component (AddParameter): Name = "RoHS Compliant"; Value = "Yes"; VariantName = "[No Variations]"
Add component (AddParameter): Name = "Shielding"; Value = "Unshielded"; VariantName = "[No Variations]"
Add component (AddParameter): Name = "Supplier 1"; Value = "Digi-Key"; VariantName = "[No Variations]"
Add component (AddParameter): Name = "Termination"; Value = "SMD/SMT"; VariantName = "[No Variations]"
Add component (AddParameter): Name = "Test Frequency"; Value = "100MHz"; VariantName = "[No Variations]"
Add component (AddParameter): Name = "Tolerance"; Value = "25%"; VariantName = "[No Variations]"
Add component (AddParameter): Name = "Weight"; Value = "7.1E-05oz"; VariantName = "[No Variations]"
Add component (AddParameter): Name = "Width"; Value = "0.8mm"; VariantName = "[No Variations]"
Added Component: Designator=L4(IND_FERRITE_0603_1.6x0.4)
Add component (AddParameter): Name = "Case Code (Imperial)"; Value = "0603"; VariantName = "[No Variations]"
Add component (AddParameter): Name = "Case Code (Metric)"; Value = "1608"; VariantName = "[No Variations]"
Add component (AddParameter): Name = "Case/Package"; Value = "0603"; VariantName = "[No Variations]"
Add component (AddParameter): Name = "Category"; Value = "Inductors"; VariantName = "[No Variations]"
Add component (AddParameter): Name = "ComponentLink1Description"; Value = "https://datasheet.ciiva.com/19460/1844766-19460213.pdf?src-supplier=Jameco"; VariantName = "[No Variations]"
Add component (AddParameter): Name = "ComponentLink1URL"; Value = "https://datasheet.ciiva.com/19460/1844766-19460213.pdf?src-supplier=Jameco"; VariantName = "[No Variations]"
Add component (AddParameter): Name = "ComponentLink2Description"; Value = "https://datasheet.ciiva.com/41449/001172228-da-01-en-drossel-0603-600r-1-6x0-8mm-4000st-41449517.pdf?src-supplier=Conrad"; VariantName = "[No Variations]"
Add component (AddParameter): Name = "ComponentLink2URL"; Value = "https://datasheet.ciiva.com/41449/001172228-da-01-en-drossel-0603-600r-1-6x0-8mm-4000st-41449517.pdf?src-supplier=Conrad"; VariantName = "[No Variations]"
Add component (AddParameter): Name = "ComponentLink3Description"; Value = "https://datasheet.ciiva.com/29347/442309-da-01-en-chip-drossel-0603-600r-500ma-1-6x0-8mm-29347900.pdf?src-supplier=Conrad"; VariantName = "[No Variations]"
Add component (AddParameter): Name = "ComponentLink3URL"; Value = "https://datasheet.ciiva.com/29347/442309-da-01-en-chip-drossel-0603-600r-500ma-1-6x0-8mm-29347900.pdf?src-supplier=Conrad"; VariantName = "[No Variations]"
Add component (AddParameter): Name = "ComponentLink4Description"; Value = "https://datasheet.ciiva.com/1466/1756147-1466934.pdf?src-supplier=Element14"; VariantName = "[No Variations]"
Add component (AddParameter): Name = "ComponentLink4URL"; Value = "https://datasheet.ciiva.com/1466/1756147-1466934.pdf?src-supplier=Element14"; VariantName = "[No Variations]"
Add component (AddParameter): Name = "ComponentLink5Description"; Value = "https://datasheet.ciiva.com/1466/1756147-1466933.pdf?src-supplier=Element14"; VariantName = "[No Variations]"
Add component (AddParameter): Name = "ComponentLink5URL"; Value = "https://datasheet.ciiva.com/1466/1756147-1466933.pdf?src-supplier=Element14"; VariantName = "[No Variations]"
Add component (AddParameter): Name = "ComponentLink6Description"; Value = "https://datasheet.ciiva.com/1012/l0110s0100blm18a-1012018.pdf?src-supplier=Digi-Key"; VariantName = "[No Variations]"
Add component (AddParameter): Name = "ComponentLink6URL"; Value = "https://datasheet.ciiva.com/1012/l0110s0100blm18a-1012018.pdf?src-supplier=Digi-Key"; VariantName = "[No Variations]"
Add component (AddParameter): Name = "ComponentLink7Description"; Value = "https://datasheet.ciiva.com/1012/l0110s0100blm18a-1012017.pdf?src-supplier=Digi-Key"; VariantName = "[No Variations]"
Add component (AddParameter): Name = "ComponentLink7URL"; Value = "https://datasheet.ciiva.com/1012/l0110s0100blm18a-1012017.pdf?src-supplier=Digi-Key"; VariantName = "[No Variations]"
Add component (AddParameter): Name = "ComponentLink8Description"; Value = "https://datasheet.ciiva.com/1012/l0110s0100blm18a-1012019.pdf?src-supplier=Digi-Key"; VariantName = "[No Variations]"
Add component (AddParameter): Name = "ComponentLink8URL"; Value = "https://datasheet.ciiva.com/1012/l0110s0100blm18a-1012019.pdf?src-supplier=Digi-Key"; VariantName = "[No Variations]"
Add component (AddParameter): Name = "ComponentLink9Description"; Value = "https://datasheet.ciiva.com/16210/l0110s0100blm18a-16210006.pdf?src-supplier=Future+Electronics"; VariantName = "[No Variations]"
Add component (AddParameter): Name = "ComponentLink9URL"; Value = "https://datasheet.ciiva.com/16210/l0110s0100blm18a-16210006.pdf?src-supplier=Future+Electronics"; VariantName = "[No Variations]"
Add component (AddParameter): Name = "ComponentLink10Description"; Value = "https://datasheet.ciiva.com/3081/l0110s0100blm18a-3081613.pdf?src-supplier=Avnet"; VariantName = "[No Variations]"
Add component (AddParameter): Name = "ComponentLink10URL"; Value = "https://datasheet.ciiva.com/3081/l0110s0100blm18a-3081613.pdf?src-supplier=Avnet"; VariantName = "[No Variations]"
Add component (AddParameter): Name = "Core Material"; Value = "Ferrite"; VariantName = "[No Variations]"
Add component (AddParameter): Name = "Current Rating"; Value = "500mA"; VariantName = "[No Variations]"
Add component (AddParameter): Name = "DC Current"; Value = "500mA"; VariantName = "[No Variations]"
Add component (AddParameter): Name = "DC Resistance (DCR)"; Value = "380mR"; VariantName = "[No Variations]"
Add component (AddParameter): Name = "Depth"; Value = "0.8mm"; VariantName = "[No Variations]"
Add component (AddParameter): Name = "Frequency"; Value = "100MHz"; VariantName = "[No Variations]"
Add component (AddParameter): Name = "Height"; Value = "0.8mm"; VariantName = "[No Variations]"
Add component (AddParameter): Name = "Impedance"; Value = "600R"; VariantName = "[No Variations]"
Add component (AddParameter): Name = "Lead Free"; Value = "Lead Free"; VariantName = "[No Variations]"
Add component (AddParameter): Name = "Length"; Value = "1.6mm"; VariantName = "[No Variations]"
Add component (AddParameter): Name = "Manufacturer"; Value = "Murata"; VariantName = "[No Variations]"
Add component (AddParameter): Name = "Manufacturer Part Number"; Value = "BLM18AG601SN1D"; VariantName = "[No Variations]"
Add component (AddParameter): Name = "Material"; Value = "Steel,Ferrite"; VariantName = "[No Variations]"
Add component (AddParameter): Name = "Max Current Rating"; Value = "500mA"; VariantName = "[No Variations]"
Add component (AddParameter): Name = "Max DC Current"; Value = "500mA"; VariantName = "[No Variations]"
Add component (AddParameter): Name = "Max Operating Temperature"; Value = "125°C"; VariantName = "[No Variations]"
Add component (AddParameter): Name = "Military Standard"; Value = "Not"; VariantName = "[No Variations]"
Add component (AddParameter): Name = "Min Operating Temperature"; Value = "-55°C"; VariantName = "[No Variations]"
Add component (AddParameter): Name = "Number of Circuits"; Value = "1"; VariantName = "[No Variations]"
Add component (AddParameter): Name = "Number of Lines"; Value = "1"; VariantName = "[No Variations]"
Add component (AddParameter): Name = "Number of Pins"; Value = "2"; VariantName = "[No Variations]"
Add component (AddParameter): Name = "Package Quantity"; Value = "1"; VariantName = "[No Variations]"
Add component (AddParameter): Name = "Packaging"; Value = "Tape and Reel"; VariantName = "[No Variations]"
Add component (AddParameter): Name = "Pricing 1"; Value = "1=0.10000, 10=0.07900, 25=0.07200, 50=0.06480, 100=0.04760, 250=0.03460, 500=0.03170, 1000=0.02738 (USD)"; VariantName = "[No Variations]"
Add component (AddParameter): Name = "Radiation Hardening"; Value = "No"; VariantName = "[No Variations]"
Add component (AddParameter): Name = "REACH SVHC"; Value = "No SVHC"; VariantName = "[No Variations]"
Add component (AddParameter): Name = "RoHS"; Value = "Yes"; VariantName = "[No Variations]"
Add component (AddParameter): Name = "RoHS Compliant"; Value = "Yes"; VariantName = "[No Variations]"
Add component (AddParameter): Name = "Shielding"; Value = "Unshielded"; VariantName = "[No Variations]"
Add component (AddParameter): Name = "Supplier 1"; Value = "Digi-Key"; VariantName = "[No Variations]"
Add component (AddParameter): Name = "Termination"; Value = "SMD/SMT"; VariantName = "[No Variations]"
Add component (AddParameter): Name = "Test Frequency"; Value = "100MHz"; VariantName = "[No Variations]"
Add component (AddParameter): Name = "Tolerance"; Value = "25%"; VariantName = "[No Variations]"
Add component (AddParameter): Name = "Weight"; Value = "7.1E-05oz"; VariantName = "[No Variations]"
Add component (AddParameter): Name = "Width"; Value = "0.8mm"; VariantName = "[No Variations]"
Added Component: Designator=L5(2_IND_32X25)
Add component (AddParameter): Name = "Case/Package"; Value = "Nonstandard"; VariantName = "[No Variations]"
Add component (AddParameter): Name = "Category"; Value = "Fixed Inductors"; VariantName = "[No Variations]"
Add component (AddParameter): Name = "ComponentLink1Description"; Value = "http://search.murata.co.jp/Ceramy/image/img/P02/JELF243A-9135.pdf?src-supplier=Digi-Key"; VariantName = "[No Variations]"
Add component (AddParameter): Name = "ComponentLink1URL"; Value = "http://search.murata.co.jp/Ceramy/image/img/P02/JELF243A-9135.pdf?src-supplier=Digi-Key"; VariantName = "[No Variations]"
Add component (AddParameter): Name = "Core Material"; Value = "Ferrite"; VariantName = "[No Variations]"
Add component (AddParameter): Name = "Current Rating"; Value = "1.2A"; VariantName = "[No Variations]"
Add component (AddParameter): Name = "DC Resistance (DCR)"; Value = "186mR"; VariantName = "[No Variations]"
Add component (AddParameter): Name = "Inductance"; Value = "4.7uH"; VariantName = "[No Variations]"
Add component (AddParameter): Name = "Manufacturer"; Value = "Murata"; VariantName = "[No Variations]"
Add component (AddParameter): Name = "Manufacturer Part Number"; Value = "LQH32PH4R7NNCL"; VariantName = "[No Variations]"
Add component (AddParameter): Name = "Max Operating Temperature"; Value = "85°C"; VariantName = "[No Variations]"
Add component (AddParameter): Name = "Min Operating Temperature"; Value = "-40°C"; VariantName = "[No Variations]"
Add component (AddParameter): Name = "Mount"; Value = "Surface Mount"; VariantName = "[No Variations]"
Add component (AddParameter): Name = "Packaging"; Value = "Cut Tape"; VariantName = "[No Variations]"
Add component (AddParameter): Name = "Pricing 1"; Value = "1=0.40000, 10=0.35200, 25=0.30800, 50=0.26400, 100=0.24200, 250=0.22000, 500=0.20680, 1000=0.15840 (USD)"; VariantName = "[No Variations]"
Add component (AddParameter): Name = "Ratings"; Value = "AEC-Q200"; VariantName = "[No Variations]"
Add component (AddParameter): Name = "Resistor Type"; Value = "Wirewound"; VariantName = "[No Variations]"
Add component (AddParameter): Name = "RoHS"; Value = "Yes"; VariantName = "[No Variations]"
Add component (AddParameter): Name = "RoHS Compliant"; Value = "Yes"; VariantName = "[No Variations]"
Add component (AddParameter): Name = "Saturation Current"; Value = "1.6A"; VariantName = "[No Variations]"
Add component (AddParameter): Name = "Self Resonant Frequency"; Value = "40MHz"; VariantName = "[No Variations]"
Add component (AddParameter): Name = "Shielding"; Value = "Shielded"; VariantName = "[No Variations]"
Add component (AddParameter): Name = "Stock 1"; Value = "2418"; VariantName = "[No Variations]"
Add component (AddParameter): Name = "Supplier 1"; Value = "Digi-Key"; VariantName = "[No Variations]"
Add component (AddParameter): Name = "Test Frequency"; Value = "1MHz"; VariantName = "[No Variations]"
Add component (AddParameter): Name = "Tolerance"; Value = "30%"; VariantName = "[No Variations]"
Add Component: Footprint Not Found CAP_0603_1MM
Added Component: Designator=L7(2_IND_3x3)
Add component (AddParameter): Name = "Category"; Value = "Fixed Inductors"; VariantName = "[No Variations]"
Add component (AddParameter): Name = "Manufacturer"; Value = "TDK"; VariantName = "[No Variations]"
Add component (AddParameter): Name = "Manufacturer Part Number"; Value = "VLS3015CX-220M-1"; VariantName = "[No Variations]"
Add component (AddParameter): Name = "Pricing 1"; Value = "1=0.40000, 10=0.35400, 25=0.30960, 50=0.26540, 100=0.24320, 250=0.22112, 500=0.20784, 1000=0.15919 (USD)"; VariantName = "[No Variations]"
Add component (AddParameter): Name = "RoHS"; Value = "Yes"; VariantName = "[No Variations]"
Add component (AddParameter): Name = "RoHS Compliant"; Value = "Yes"; VariantName = "[No Variations]"
Add component (AddParameter): Name = "Stock 1"; Value = "1791"; VariantName = "[No Variations]"
Add component (AddParameter): Name = "Supplier 1"; Value = "Digi-Key"; VariantName = "[No Variations]"
Added Component: Designator=L8(2_chip_2.5x2)
Add component (AddParameter): Name = "Case Code (Imperial)"; Value = "1008"; VariantName = "[No Variations]"
Add component (AddParameter): Name = "Case Code (Metric)"; Value = "2520"; VariantName = "[No Variations]"
Add component (AddParameter): Name = "Case/Package"; Value = "1008"; VariantName = "[No Variations]"
Add component (AddParameter): Name = "Category"; Value = "Fixed Inductors"; VariantName = "[No Variations]"
Add component (AddParameter): Name = "ComponentLink1Description"; Value = "http://www.farnell.com/datasheets/2339712.pdf?src-supplier=Farnell"; VariantName = "[No Variations]"
Add component (AddParameter): Name = "ComponentLink1URL"; Value = "http://www.farnell.com/datasheets/2339712.pdf?src-supplier=Farnell"; VariantName = "[No Variations]"
Add component (AddParameter): Name = "ComponentLink2Description"; Value = "http://www.toko.co.jp/products/pdf/inductors/dfe252012c.pdf?src-supplier=Avnet"; VariantName = "[No Variations]"
Add component (AddParameter): Name = "ComponentLink2URL"; Value = "http://www.toko.co.jp/products/pdf/inductors/dfe252012c.pdf?src-supplier=Avnet"; VariantName = "[No Variations]"
Add component (AddParameter): Name = "ComponentLink3Description"; Value = "http://www.farnell.com/datasheets/2339712.pdf?src-supplier=Newark"; VariantName = "[No Variations]"
Add component (AddParameter): Name = "ComponentLink3URL"; Value = "http://www.farnell.com/datasheets/2339712.pdf?src-supplier=Newark"; VariantName = "[No Variations]"
Add component (AddParameter): Name = "ComponentLink4Description"; Value = "https://www.murata.com/~/media/webrenewal/products/inductor/chip/tokoproducts/wirewoundmetalalloychiptype/m_dfe252012c.ashx?src-supplier=Digi-Key"; VariantName = "[No Variations]"
Add component (AddParameter): Name = "ComponentLink4URL"; Value = "https://www.murata.com/~/media/webrenewal/products/inductor/chip/tokoproducts/wirewoundmetalalloychiptype/m_dfe252012c.ashx?src-supplier=Digi-Key"; VariantName = "[No Variations]"
Add component (AddParameter): Name = "Core Material"; Value = "Ferrite,Metal"; VariantName = "[No Variations]"
Add component (AddParameter): Name = "Current Rating"; Value = "1A"; VariantName = "[No Variations]"
Add component (AddParameter): Name = "DC Resistance (DCR)"; Value = "460mR"; VariantName = "[No Variations]"
Add component (AddParameter): Name = "Depth"; Value = "2mm"; VariantName = "[No Variations]"
Add component (AddParameter): Name = "Height - Seated (Max)"; Value = "0.047inch"; VariantName = "[No Variations]"
Add component (AddParameter): Name = "Inductance"; Value = "10uH"; VariantName = "[No Variations]"
Add component (AddParameter): Name = "Length"; Value = "0.098inch"; VariantName = "[No Variations]"
Add component (AddParameter): Name = "Manufacturer"; Value = "Murata"; VariantName = "[No Variations]"
Add component (AddParameter): Name = "Manufacturer Part Number"; Value = "1239AS-H-100M=P2"; VariantName = "[No Variations]"
Add component (AddParameter): Name = "Max DC Current"; Value = "850mA"; VariantName = "[No Variations]"
Add component (AddParameter): Name = "Max Operating Temperature"; Value = "85°C"; VariantName = "[No Variations]"
Add component (AddParameter): Name = "Min Operating Temperature"; Value = "-40°C"; VariantName = "[No Variations]"
Add component (AddParameter): Name = "Mount"; Value = "Surface Mount"; VariantName = "[No Variations]"
Add component (AddParameter): Name = "Packaging"; Value = "Tape and Reel"; VariantName = "[No Variations]"
Add component (AddParameter): Name = "Pricing 1"; Value = "1=0.39000, 10=0.34400, 25=0.30120, 50=0.25840, 100=0.23680, 250=0.21524, 500=0.20234, 1000=0.15498 (USD)"; VariantName = "[No Variations]"
Add component (AddParameter): Name = "Resistor Type"; Value = "Wirewound"; VariantName = "[No Variations]"
Add component (AddParameter): Name = "RoHS"; Value = "Yes"; VariantName = "[No Variations]"
Add component (AddParameter): Name = "RoHS Compliant"; Value = "Yes"; VariantName = "[No Variations]"
Add component (AddParameter): Name = "Shielding"; Value = "Shielded"; VariantName = "[No Variations]"
Add component (AddParameter): Name = "Stock 1"; Value = "142733"; VariantName = "[No Variations]"
Add component (AddParameter): Name = "Supplier 1"; Value = "Digi-Key"; VariantName = "[No Variations]"
Add component (AddParameter): Name = "Test Frequency"; Value = "1MHz"; VariantName = "[No Variations]"
Add component (AddParameter): Name = "Tolerance"; Value = "20%"; VariantName = "[No Variations]"
Add component (AddParameter): Name = "Width"; Value = "0.079inch"; VariantName = "[No Variations]"
Added Component: Designator=LCD1(6_PIN_100MIL)
Add component (AddParameter): Name = "Background Color"; Value = "Grey"; VariantName = "[No Variations]"
Add component (AddParameter): Name = "Category"; Value = "Audio / Video Connectors"; VariantName = "[No Variations]"
Add component (AddParameter): Name = "ComponentLink1Description"; Value = "https://cdn-learn.adafruit.com/downloads/pdf/adafruit-sharp-memory-display-breakout.pdf?src-supplier=Digi-Key"; VariantName = "[No Variations]"
Add component (AddParameter): Name = "ComponentLink1URL"; Value = "https://cdn-learn.adafruit.com/downloads/pdf/adafruit-sharp-memory-display-breakout.pdf?src-supplier=Digi-Key"; VariantName = "[No Variations]"
Add component (AddParameter): Name = "Display Type"; Value = "LCD"; VariantName = "[No Variations]"
Add component (AddParameter): Name = "Manufacturer"; Value = "Adafruit Industries"; VariantName = "[No Variations]"
Add component (AddParameter): Name = "Manufacturer Part Number"; Value = "3502"; VariantName = "[No Variations]"
Add component (AddParameter): Name = "Pricing 1"; Value = "1=24.95000 (USD)"; VariantName = "[No Variations]"
Add component (AddParameter): Name = "Resolution (height)"; Value = "168pixel"; VariantName = "[No Variations]"
Add component (AddParameter): Name = "Resolution (width)"; Value = "144pixel"; VariantName = "[No Variations]"
Add component (AddParameter): Name = "RoHS"; Value = "No"; VariantName = "[No Variations]"
Add component (AddParameter): Name = "Stock 1"; Value = "10"; VariantName = "[No Variations]"
Add component (AddParameter): Name = "Supplier 1"; Value = "Digi-Key"; VariantName = "[No Variations]"
Added Component: Designator=LED1(LED_0603_RED_WL-SMCW)
Add component (AddParameter): Name = "Manufacturer"; Value = "QT-Brightek"; VariantName = "[No Variations]"
Add component (AddParameter): Name = "Manufacturer Part Number"; Value = "QBLP601-AG1"; VariantName = "[No Variations]"
Add component (AddParameter): Name = "Pricing 1"; Value = "1=0.35000, 10=0.19000, 100=0.08820, 500=0.08140, 1000=0.06377, 2000=0.06242 (USD)"; VariantName = "[No Variations]"
Add component (AddParameter): Name = "RoHS"; Value = "No"; VariantName = "[No Variations]"
Add component (AddParameter): Name = "Stock 1"; Value = "5990"; VariantName = "[No Variations]"
Add component (AddParameter): Name = "Supplier 1"; Value = "Digi-Key"; VariantName = "[No Variations]"
Added Component: Designator=LED2(LED_0603_RED_WL-SMCW)
Add component (AddParameter): Name = "Case Code (Imperial)"; Value = "0603"; VariantName = "[No Variations]"
Add component (AddParameter): Name = "Case Code (Metric)"; Value = "1608"; VariantName = "[No Variations]"
Add component (AddParameter): Name = "Case/Package"; Value = "0603"; VariantName = "[No Variations]"
Add component (AddParameter): Name = "Category"; Value = "LEDs"; VariantName = "[No Variations]"
Add component (AddParameter): Name = "Color"; Value = "Yellow"; VariantName = "[No Variations]"
Add component (AddParameter): Name = "ComponentLink1Description"; Value = "https://datasheet.ciiva.com/23843/150060ys75000-23843250.pdf?src-supplier=Newark"; VariantName = "[No Variations]"
Add component (AddParameter): Name = "ComponentLink1URL"; Value = "https://datasheet.ciiva.com/23843/150060ys75000-23843250.pdf?src-supplier=Newark"; VariantName = "[No Variations]"
Add component (AddParameter): Name = "ComponentLink2Description"; Value = "https://datasheet.ciiva.com/29279/759432-da-01-en-chipled-0603-w-kl-gelb-150060ys75000-29279206.pdf?src-supplier=Conrad"; VariantName = "[No Variations]"
Add component (AddParameter): Name = "ComponentLink2URL"; Value = "https://datasheet.ciiva.com/29279/759432-da-01-en-chipled-0603-w-kl-gelb-150060ys75000-29279206.pdf?src-supplier=Conrad"; VariantName = "[No Variations]"
Add component (AddParameter): Name = "ComponentLink3Description"; Value = "https://datasheet.ciiva.com/48430/150060ys75000-eng-tds-48430044.pdf?src-supplier=Distrelec"; VariantName = "[No Variations]"
Add component (AddParameter): Name = "ComponentLink3URL"; Value = "https://datasheet.ciiva.com/48430/150060ys75000-eng-tds-48430044.pdf?src-supplier=Distrelec"; VariantName = "[No Variations]"
Add component (AddParameter): Name = "ComponentLink4Description"; Value = "https://datasheet.ciiva.com/29563/150060ys75000-29563033.pdf?src-supplier=Digi-Key"; VariantName = "[No Variations]"
Add component (AddParameter): Name = "ComponentLink4URL"; Value = "https://datasheet.ciiva.com/29563/150060ys75000-29563033.pdf?src-supplier=Digi-Key"; VariantName = "[No Variations]"
Add component (AddParameter): Name = "ComponentLink5Description"; Value = "https://datasheet.ciiva.com/29563/150060ys75000-29563045.pdf?src-supplier=Digi-Key"; VariantName = "[No Variations]"
Add component (AddParameter): Name = "ComponentLink5URL"; Value = "https://datasheet.ciiva.com/29563/150060ys75000-29563045.pdf?src-supplier=Digi-Key"; VariantName = "[No Variations]"
Add component (AddParameter): Name = "ComponentLink6Description"; Value = "https://datasheet.ciiva.com/22656/1911348-22656951.pdf?src-supplier=Element14"; VariantName = "[No Variations]"
Add component (AddParameter): Name = "ComponentLink6URL"; Value = "https://datasheet.ciiva.com/22656/1911348-22656951.pdf?src-supplier=Element14"; VariantName = "[No Variations]"
Add component (AddParameter): Name = "Dominant Wavelength"; Value = "590nm"; VariantName = "[No Variations]"
Add component (AddParameter): Name = "Forward Current"; Value = "30mA"; VariantName = "[No Variations]"
Add component (AddParameter): Name = "Forward Voltage"; Value = "2V"; VariantName = "[No Variations]"
Add component (AddParameter): Name = "Height"; Value = "0.7mm"; VariantName = "[No Variations]"
Add component (AddParameter): Name = "Length"; Value = "1.6mm"; VariantName = "[No Variations]"
Add component (AddParameter): Name = "Lens Style"; Value = "Clear,Rectangular"; VariantName = "[No Variations]"
Add component (AddParameter): Name = "Luminous Intensity"; Value = "120mcd"; VariantName = "[No Variations]"
Add component (AddParameter): Name = "Manufacturer"; Value = "Wurth Electronics"; VariantName = "[No Variations]"
Add component (AddParameter): Name = "Manufacturer Part Number"; Value = "150060YS75000"; VariantName = "[No Variations]"
Add component (AddParameter): Name = "Max Operating Temperature"; Value = "85°C"; VariantName = "[No Variations]"
Add component (AddParameter): Name = "Min Operating Temperature"; Value = "-40°C"; VariantName = "[No Variations]"
Add component (AddParameter): Name = "Mount"; Value = "Surface Mount"; VariantName = "[No Variations]"
Add component (AddParameter): Name = "Package Quantity"; Value = "4000"; VariantName = "[No Variations]"
Add component (AddParameter): Name = "Packaging"; Value = "Tape and Reel"; VariantName = "[No Variations]"
Add component (AddParameter): Name = "Pricing 1"; Value = "1=0.15000, 50=0.13800, 100=0.11800, 500=0.10200 (USD)"; VariantName = "[No Variations]"
Add component (AddParameter): Name = "REACH SVHC"; Value = "Unknown"; VariantName = "[No Variations]"
Add component (AddParameter): Name = "RoHS"; Value = "Yes"; VariantName = "[No Variations]"
Add component (AddParameter): Name = "RoHS Compliant"; Value = "Yes"; VariantName = "[No Variations]"
Add component (AddParameter): Name = "Stock 1"; Value = "255"; VariantName = "[No Variations]"
Add component (AddParameter): Name = "Supplier 1"; Value = "Digi-Key"; VariantName = "[No Variations]"
Add component (AddParameter): Name = "Test Current"; Value = "20mA"; VariantName = "[No Variations]"
Add component (AddParameter): Name = "Viewing Angle"; Value = "140°"; VariantName = "[No Variations]"
Add component (AddParameter): Name = "Wavelength"; Value = "590nm"; VariantName = "[No Variations]"
Add component (AddParameter): Name = "Width"; Value = "0.8mm"; VariantName = "[No Variations]"
Added Component: Designator=LED3(LED_0603_RED_WL-SMCW)
Add component (AddParameter): Name = "Case Code (Imperial)"; Value = "0603"; VariantName = "[No Variations]"
Add component (AddParameter): Name = "Case Code (Metric)"; Value = "1608"; VariantName = "[No Variations]"
Add component (AddParameter): Name = "Case/Package"; Value = "0603"; VariantName = "[No Variations]"
Add component (AddParameter): Name = "Category"; Value = "LEDs"; VariantName = "[No Variations]"
Add component (AddParameter): Name = "Color"; Value = "Yellow"; VariantName = "[No Variations]"
Add component (AddParameter): Name = "ComponentLink1Description"; Value = "https://datasheet.ciiva.com/23843/150060ys75000-23843250.pdf?src-supplier=Newark"; VariantName = "[No Variations]"
Add component (AddParameter): Name = "ComponentLink1URL"; Value = "https://datasheet.ciiva.com/23843/150060ys75000-23843250.pdf?src-supplier=Newark"; VariantName = "[No Variations]"
Add component (AddParameter): Name = "ComponentLink2Description"; Value = "https://datasheet.ciiva.com/29279/759432-da-01-en-chipled-0603-w-kl-gelb-150060ys75000-29279206.pdf?src-supplier=Conrad"; VariantName = "[No Variations]"
Add component (AddParameter): Name = "ComponentLink2URL"; Value = "https://datasheet.ciiva.com/29279/759432-da-01-en-chipled-0603-w-kl-gelb-150060ys75000-29279206.pdf?src-supplier=Conrad"; VariantName = "[No Variations]"
Add component (AddParameter): Name = "ComponentLink3Description"; Value = "https://datasheet.ciiva.com/48430/150060ys75000-eng-tds-48430044.pdf?src-supplier=Distrelec"; VariantName = "[No Variations]"
Add component (AddParameter): Name = "ComponentLink3URL"; Value = "https://datasheet.ciiva.com/48430/150060ys75000-eng-tds-48430044.pdf?src-supplier=Distrelec"; VariantName = "[No Variations]"
Add component (AddParameter): Name = "ComponentLink4Description"; Value = "https://datasheet.ciiva.com/29563/150060ys75000-29563033.pdf?src-supplier=Digi-Key"; VariantName = "[No Variations]"
Add component (AddParameter): Name = "ComponentLink4URL"; Value = "https://datasheet.ciiva.com/29563/150060ys75000-29563033.pdf?src-supplier=Digi-Key"; VariantName = "[No Variations]"
Add component (AddParameter): Name = "ComponentLink5Description"; Value = "https://datasheet.ciiva.com/29563/150060ys75000-29563045.pdf?src-supplier=Digi-Key"; VariantName = "[No Variations]"
Add component (AddParameter): Name = "ComponentLink5URL"; Value = "https://datasheet.ciiva.com/29563/150060ys75000-29563045.pdf?src-supplier=Digi-Key"; VariantName = "[No Variations]"
Add component (AddParameter): Name = "ComponentLink6Description"; Value = "https://datasheet.ciiva.com/22656/1911348-22656951.pdf?src-supplier=Element14"; VariantName = "[No Variations]"
Add component (AddParameter): Name = "ComponentLink6URL"; Value = "https://datasheet.ciiva.com/22656/1911348-22656951.pdf?src-supplier=Element14"; VariantName = "[No Variations]"
Add component (AddParameter): Name = "Dominant Wavelength"; Value = "590nm"; VariantName = "[No Variations]"
Add component (AddParameter): Name = "Forward Current"; Value = "30mA"; VariantName = "[No Variations]"
Add component (AddParameter): Name = "Forward Voltage"; Value = "2V"; VariantName = "[No Variations]"
Add component (AddParameter): Name = "Height"; Value = "0.7mm"; VariantName = "[No Variations]"
Add component (AddParameter): Name = "Length"; Value = "1.6mm"; VariantName = "[No Variations]"
Add component (AddParameter): Name = "Lens Style"; Value = "Clear,Rectangular"; VariantName = "[No Variations]"
Add component (AddParameter): Name = "Luminous Intensity"; Value = "120mcd"; VariantName = "[No Variations]"
Add component (AddParameter): Name = "Manufacturer"; Value = "Wurth Electronics"; VariantName = "[No Variations]"
Add component (AddParameter): Name = "Manufacturer Part Number"; Value = "150060YS75000"; VariantName = "[No Variations]"
Add component (AddParameter): Name = "Max Operating Temperature"; Value = "85°C"; VariantName = "[No Variations]"
Add component (AddParameter): Name = "Min Operating Temperature"; Value = "-40°C"; VariantName = "[No Variations]"
Add component (AddParameter): Name = "Mount"; Value = "Surface Mount"; VariantName = "[No Variations]"
Add component (AddParameter): Name = "Package Quantity"; Value = "4000"; VariantName = "[No Variations]"
Add component (AddParameter): Name = "Packaging"; Value = "Tape and Reel"; VariantName = "[No Variations]"
Add component (AddParameter): Name = "Pricing 1"; Value = "1=0.15000, 50=0.13800, 100=0.11800, 500=0.10200 (USD)"; VariantName = "[No Variations]"
Add component (AddParameter): Name = "REACH SVHC"; Value = "Unknown"; VariantName = "[No Variations]"
Add component (AddParameter): Name = "RoHS"; Value = "Yes"; VariantName = "[No Variations]"
Add component (AddParameter): Name = "RoHS Compliant"; Value = "Yes"; VariantName = "[No Variations]"
Add component (AddParameter): Name = "Stock 1"; Value = "255"; VariantName = "[No Variations]"
Add component (AddParameter): Name = "Supplier 1"; Value = "Digi-Key"; VariantName = "[No Variations]"
Add component (AddParameter): Name = "Test Current"; Value = "20mA"; VariantName = "[No Variations]"
Add component (AddParameter): Name = "Viewing Angle"; Value = "140°"; VariantName = "[No Variations]"
Add component (AddParameter): Name = "Wavelength"; Value = "590nm"; VariantName = "[No Variations]"
Add component (AddParameter): Name = "Width"; Value = "0.8mm"; VariantName = "[No Variations]"
Added Component: Designator=LED4(LED_0603_RED_WL-SMCW)
Add component (AddParameter): Name = "Manufacturer"; Value = "QT-Brightek"; VariantName = "[No Variations]"
Add component (AddParameter): Name = "Manufacturer Part Number"; Value = "QBLP601-AG1"; VariantName = "[No Variations]"
Add component (AddParameter): Name = "Pricing 1"; Value = "1=0.35000, 10=0.19000, 100=0.08820, 500=0.08140, 1000=0.06377, 2000=0.06242 (USD)"; VariantName = "[No Variations]"
Add component (AddParameter): Name = "RoHS"; Value = "No"; VariantName = "[No Variations]"
Add component (AddParameter): Name = "Stock 1"; Value = "5990"; VariantName = "[No Variations]"
Add component (AddParameter): Name = "Supplier 1"; Value = "Digi-Key"; VariantName = "[No Variations]"
Added Component: Designator=LED5(LED_0603_RED_WL-SMCW)
Add component (AddParameter): Name = "Case Code (Imperial)"; Value = "0603"; VariantName = "[No Variations]"
Add component (AddParameter): Name = "Case Code (Metric)"; Value = "1608"; VariantName = "[No Variations]"
Add component (AddParameter): Name = "Case/Package"; Value = "0603"; VariantName = "[No Variations]"
Add component (AddParameter): Name = "Category"; Value = "LEDs"; VariantName = "[No Variations]"
Add component (AddParameter): Name = "Color"; Value = "Red"; VariantName = "[No Variations]"
Add component (AddParameter): Name = "ComponentLink1Description"; Value = "https://datasheet.ciiva.com/29563/150060rs75000-29563040.pdf?src-supplier=Digi-Key"; VariantName = "[No Variations]"
Add component (AddParameter): Name = "ComponentLink1URL"; Value = "https://datasheet.ciiva.com/29563/150060rs75000-29563040.pdf?src-supplier=Digi-Key"; VariantName = "[No Variations]"
Add component (AddParameter): Name = "ComponentLink2Description"; Value = "https://datasheet.ciiva.com/29279/759428-da-01-en-chipled-0603-w-kl-rot-150060rs75000-29279196.pdf?src-supplier=Conrad"; VariantName = "[No Variations]"
Add component (AddParameter): Name = "ComponentLink2URL"; Value = "https://datasheet.ciiva.com/29279/759428-da-01-en-chipled-0603-w-kl-rot-150060rs75000-29279196.pdf?src-supplier=Conrad"; VariantName = "[No Variations]"
Add component (AddParameter): Name = "Dominant Wavelength"; Value = "625nm"; VariantName = "[No Variations]"
Add component (AddParameter): Name = "Forward Current"; Value = "30mA"; VariantName = "[No Variations]"
Add component (AddParameter): Name = "Forward Voltage"; Value = "2V"; VariantName = "[No Variations]"
Add component (AddParameter): Name = "Height"; Value = "0.7mm"; VariantName = "[No Variations]"
Add component (AddParameter): Name = "Length"; Value = "1.6mm"; VariantName = "[No Variations]"
Add component (AddParameter): Name = "Lens Style"; Value = "Clear,Rectangular"; VariantName = "[No Variations]"
Add component (AddParameter): Name = "Luminous Intensity"; Value = "250mcd"; VariantName = "[No Variations]"
Add component (AddParameter): Name = "Manufacturer"; Value = "Wurth Electronics"; VariantName = "[No Variations]"
Add component (AddParameter): Name = "Manufacturer Part Number"; Value = "150060RS75000"; VariantName = "[No Variations]"
Add component (AddParameter): Name = "Max Operating Temperature"; Value = "85°C"; VariantName = "[No Variations]"
Add component (AddParameter): Name = "Min Operating Temperature"; Value = "-40°C"; VariantName = "[No Variations]"
Add component (AddParameter): Name = "Mount"; Value = "Surface Mount"; VariantName = "[No Variations]"
Add component (AddParameter): Name = "Package Quantity"; Value = "1"; VariantName = "[No Variations]"
Add component (AddParameter): Name = "Packaging"; Value = "Cut Tape"; VariantName = "[No Variations]"
Add component (AddParameter): Name = "Pricing 1"; Value = "1=0.15000, 50=0.13800, 100=0.11800, 500=0.10200, 1000=0.09900 (USD)"; VariantName = "[No Variations]"
Add component (AddParameter): Name = "REACH SVHC"; Value = "Unknown"; VariantName = "[No Variations]"
Add component (AddParameter): Name = "RoHS"; Value = "Yes"; VariantName = "[No Variations]"
Add component (AddParameter): Name = "RoHS Compliant"; Value = "Yes"; VariantName = "[No Variations]"
Add component (AddParameter): Name = "Stock 1"; Value = "39"; VariantName = "[No Variations]"
Add component (AddParameter): Name = "Supplier 1"; Value = "Digi-Key"; VariantName = "[No Variations]"
Add component (AddParameter): Name = "Test Current"; Value = "20mA"; VariantName = "[No Variations]"
Add component (AddParameter): Name = "Viewing Angle"; Value = "140°"; VariantName = "[No Variations]"
Add component (AddParameter): Name = "Wavelength"; Value = "625nm"; VariantName = "[No Variations]"
Add component (AddParameter): Name = "Width"; Value = "0.8mm"; VariantName = "[No Variations]"
Added Component: Designator=LED6(LED_0603_RED_WL-SMCW)
Add component (AddParameter): Name = "Case Code (Imperial)"; Value = "0603"; VariantName = "[No Variations]"
Add component (AddParameter): Name = "Case Code (Metric)"; Value = "1608"; VariantName = "[No Variations]"
Add component (AddParameter): Name = "Case/Package"; Value = "0603"; VariantName = "[No Variations]"
Add component (AddParameter): Name = "Category"; Value = "LEDs"; VariantName = "[No Variations]"
Add component (AddParameter): Name = "Color"; Value = "Red"; VariantName = "[No Variations]"
Add component (AddParameter): Name = "ComponentLink1Description"; Value = "https://datasheet.ciiva.com/29563/150060rs75000-29563040.pdf?src-supplier=Digi-Key"; VariantName = "[No Variations]"
Add component (AddParameter): Name = "ComponentLink1URL"; Value = "https://datasheet.ciiva.com/29563/150060rs75000-29563040.pdf?src-supplier=Digi-Key"; VariantName = "[No Variations]"
Add component (AddParameter): Name = "ComponentLink2Description"; Value = "https://datasheet.ciiva.com/29279/759428-da-01-en-chipled-0603-w-kl-rot-150060rs75000-29279196.pdf?src-supplier=Conrad"; VariantName = "[No Variations]"
Add component (AddParameter): Name = "ComponentLink2URL"; Value = "https://datasheet.ciiva.com/29279/759428-da-01-en-chipled-0603-w-kl-rot-150060rs75000-29279196.pdf?src-supplier=Conrad"; VariantName = "[No Variations]"
Add component (AddParameter): Name = "Dominant Wavelength"; Value = "625nm"; VariantName = "[No Variations]"
Add component (AddParameter): Name = "Forward Current"; Value = "30mA"; VariantName = "[No Variations]"
Add component (AddParameter): Name = "Forward Voltage"; Value = "2V"; VariantName = "[No Variations]"
Add component (AddParameter): Name = "Height"; Value = "0.7mm"; VariantName = "[No Variations]"
Add component (AddParameter): Name = "Length"; Value = "1.6mm"; VariantName = "[No Variations]"
Add component (AddParameter): Name = "Lens Style"; Value = "Clear,Rectangular"; VariantName = "[No Variations]"
Add component (AddParameter): Name = "Luminous Intensity"; Value = "250mcd"; VariantName = "[No Variations]"
Add component (AddParameter): Name = "Manufacturer"; Value = "Wurth Electronics"; VariantName = "[No Variations]"
Add component (AddParameter): Name = "Manufacturer Part Number"; Value = "150060RS75000"; VariantName = "[No Variations]"
Add component (AddParameter): Name = "Max Operating Temperature"; Value = "85°C"; VariantName = "[No Variations]"
Add component (AddParameter): Name = "Min Operating Temperature"; Value = "-40°C"; VariantName = "[No Variations]"
Add component (AddParameter): Name = "Mount"; Value = "Surface Mount"; VariantName = "[No Variations]"
Add component (AddParameter): Name = "Package Quantity"; Value = "1"; VariantName = "[No Variations]"
Add component (AddParameter): Name = "Packaging"; Value = "Cut Tape"; VariantName = "[No Variations]"
Add component (AddParameter): Name = "Pricing 1"; Value = "1=0.15000, 50=0.13800, 100=0.11800, 500=0.10200, 1000=0.09900 (USD)"; VariantName = "[No Variations]"
Add component (AddParameter): Name = "REACH SVHC"; Value = "Unknown"; VariantName = "[No Variations]"
Add component (AddParameter): Name = "RoHS"; Value = "Yes"; VariantName = "[No Variations]"
Add component (AddParameter): Name = "RoHS Compliant"; Value = "Yes"; VariantName = "[No Variations]"
Add component (AddParameter): Name = "Stock 1"; Value = "39"; VariantName = "[No Variations]"
Add component (AddParameter): Name = "Supplier 1"; Value = "Digi-Key"; VariantName = "[No Variations]"
Add component (AddParameter): Name = "Test Current"; Value = "20mA"; VariantName = "[No Variations]"
Add component (AddParameter): Name = "Viewing Angle"; Value = "140°"; VariantName = "[No Variations]"
Add component (AddParameter): Name = "Wavelength"; Value = "625nm"; VariantName = "[No Variations]"
Add component (AddParameter): Name = "Width"; Value = "0.8mm"; VariantName = "[No Variations]"
Added Component: Designator=LED7(LED_0603_RED_WL-SMCW)
Add component (AddParameter): Name = "Case Code (Imperial)"; Value = "0603"; VariantName = "[No Variations]"
Add component (AddParameter): Name = "Case Code (Metric)"; Value = "1608"; VariantName = "[No Variations]"
Add component (AddParameter): Name = "Case/Package"; Value = "0603"; VariantName = "[No Variations]"
Add component (AddParameter): Name = "Category"; Value = "LEDs"; VariantName = "[No Variations]"
Add component (AddParameter): Name = "Color"; Value = "Red"; VariantName = "[No Variations]"
Add component (AddParameter): Name = "ComponentLink1Description"; Value = "https://datasheet.ciiva.com/29563/150060rs75000-29563040.pdf?src-supplier=Digi-Key"; VariantName = "[No Variations]"
Add component (AddParameter): Name = "ComponentLink1URL"; Value = "https://datasheet.ciiva.com/29563/150060rs75000-29563040.pdf?src-supplier=Digi-Key"; VariantName = "[No Variations]"
Add component (AddParameter): Name = "ComponentLink2Description"; Value = "https://datasheet.ciiva.com/29279/759428-da-01-en-chipled-0603-w-kl-rot-150060rs75000-29279196.pdf?src-supplier=Conrad"; VariantName = "[No Variations]"
Add component (AddParameter): Name = "ComponentLink2URL"; Value = "https://datasheet.ciiva.com/29279/759428-da-01-en-chipled-0603-w-kl-rot-150060rs75000-29279196.pdf?src-supplier=Conrad"; VariantName = "[No Variations]"
Add component (AddParameter): Name = "Dominant Wavelength"; Value = "625nm"; VariantName = "[No Variations]"
Add component (AddParameter): Name = "Forward Current"; Value = "30mA"; VariantName = "[No Variations]"
Add component (AddParameter): Name = "Forward Voltage"; Value = "2V"; VariantName = "[No Variations]"
Add component (AddParameter): Name = "Height"; Value = "0.7mm"; VariantName = "[No Variations]"
Add component (AddParameter): Name = "Length"; Value = "1.6mm"; VariantName = "[No Variations]"
Add component (AddParameter): Name = "Lens Style"; Value = "Clear,Rectangular"; VariantName = "[No Variations]"
Add component (AddParameter): Name = "Luminous Intensity"; Value = "250mcd"; VariantName = "[No Variations]"
Add component (AddParameter): Name = "Manufacturer"; Value = "Wurth Electronics"; VariantName = "[No Variations]"
Add component (AddParameter): Name = "Manufacturer Part Number"; Value = "150060RS75000"; VariantName = "[No Variations]"
Add component (AddParameter): Name = "Max Operating Temperature"; Value = "85°C"; VariantName = "[No Variations]"
Add component (AddParameter): Name = "Min Operating Temperature"; Value = "-40°C"; VariantName = "[No Variations]"
Add component (AddParameter): Name = "Mount"; Value = "Surface Mount"; VariantName = "[No Variations]"
Add component (AddParameter): Name = "Package Quantity"; Value = "1"; VariantName = "[No Variations]"
Add component (AddParameter): Name = "Packaging"; Value = "Cut Tape"; VariantName = "[No Variations]"
Add component (AddParameter): Name = "Pricing 1"; Value = "1=0.15000, 50=0.13800, 100=0.11800, 500=0.10200, 1000=0.09900 (USD)"; VariantName = "[No Variations]"
Add component (AddParameter): Name = "REACH SVHC"; Value = "Unknown"; VariantName = "[No Variations]"
Add component (AddParameter): Name = "RoHS"; Value = "Yes"; VariantName = "[No Variations]"
Add component (AddParameter): Name = "RoHS Compliant"; Value = "Yes"; VariantName = "[No Variations]"
Add component (AddParameter): Name = "Stock 1"; Value = "39"; VariantName = "[No Variations]"
Add component (AddParameter): Name = "Supplier 1"; Value = "Digi-Key"; VariantName = "[No Variations]"
Add component (AddParameter): Name = "Test Current"; Value = "20mA"; VariantName = "[No Variations]"
Add component (AddParameter): Name = "Viewing Angle"; Value = "140°"; VariantName = "[No Variations]"
Add component (AddParameter): Name = "Wavelength"; Value = "625nm"; VariantName = "[No Variations]"
Add component (AddParameter): Name = "Width"; Value = "0.8mm"; VariantName = "[No Variations]"
Added Component: Designator=LED8(LED_0603_RED_WL-SMCW)
Add component (AddParameter): Name = "Case Code (Imperial)"; Value = "0603"; VariantName = "[No Variations]"
Add component (AddParameter): Name = "Case Code (Metric)"; Value = "1608"; VariantName = "[No Variations]"
Add component (AddParameter): Name = "Case/Package"; Value = "0603"; VariantName = "[No Variations]"
Add component (AddParameter): Name = "Category"; Value = "LEDs"; VariantName = "[No Variations]"
Add component (AddParameter): Name = "Color"; Value = "Red"; VariantName = "[No Variations]"
Add component (AddParameter): Name = "ComponentLink1Description"; Value = "https://datasheet.ciiva.com/29563/150060rs75000-29563040.pdf?src-supplier=Digi-Key"; VariantName = "[No Variations]"
Add component (AddParameter): Name = "ComponentLink1URL"; Value = "https://datasheet.ciiva.com/29563/150060rs75000-29563040.pdf?src-supplier=Digi-Key"; VariantName = "[No Variations]"
Add component (AddParameter): Name = "ComponentLink2Description"; Value = "https://datasheet.ciiva.com/29279/759428-da-01-en-chipled-0603-w-kl-rot-150060rs75000-29279196.pdf?src-supplier=Conrad"; VariantName = "[No Variations]"
Add component (AddParameter): Name = "ComponentLink2URL"; Value = "https://datasheet.ciiva.com/29279/759428-da-01-en-chipled-0603-w-kl-rot-150060rs75000-29279196.pdf?src-supplier=Conrad"; VariantName = "[No Variations]"
Add component (AddParameter): Name = "Dominant Wavelength"; Value = "625nm"; VariantName = "[No Variations]"
Add component (AddParameter): Name = "Forward Current"; Value = "30mA"; VariantName = "[No Variations]"
Add component (AddParameter): Name = "Forward Voltage"; Value = "2V"; VariantName = "[No Variations]"
Add component (AddParameter): Name = "Height"; Value = "0.7mm"; VariantName = "[No Variations]"
Add component (AddParameter): Name = "Length"; Value = "1.6mm"; VariantName = "[No Variations]"
Add component (AddParameter): Name = "Lens Style"; Value = "Clear,Rectangular"; VariantName = "[No Variations]"
Add component (AddParameter): Name = "Luminous Intensity"; Value = "250mcd"; VariantName = "[No Variations]"
Add component (AddParameter): Name = "Manufacturer"; Value = "Wurth Electronics"; VariantName = "[No Variations]"
Add component (AddParameter): Name = "Manufacturer Part Number"; Value = "150060RS75000"; VariantName = "[No Variations]"
Add component (AddParameter): Name = "Max Operating Temperature"; Value = "85°C"; VariantName = "[No Variations]"
Add component (AddParameter): Name = "Min Operating Temperature"; Value = "-40°C"; VariantName = "[No Variations]"
Add component (AddParameter): Name = "Mount"; Value = "Surface Mount"; VariantName = "[No Variations]"
Add component (AddParameter): Name = "Package Quantity"; Value = "1"; VariantName = "[No Variations]"
Add component (AddParameter): Name = "Packaging"; Value = "Cut Tape"; VariantName = "[No Variations]"
Add component (AddParameter): Name = "Pricing 1"; Value = "1=0.15000, 50=0.13800, 100=0.11800, 500=0.10200, 1000=0.09900 (USD)"; VariantName = "[No Variations]"
Add component (AddParameter): Name = "REACH SVHC"; Value = "Unknown"; VariantName = "[No Variations]"
Add component (AddParameter): Name = "RoHS"; Value = "Yes"; VariantName = "[No Variations]"
Add component (AddParameter): Name = "RoHS Compliant"; Value = "Yes"; VariantName = "[No Variations]"
Add component (AddParameter): Name = "Stock 1"; Value = "39"; VariantName = "[No Variations]"
Add component (AddParameter): Name = "Supplier 1"; Value = "Digi-Key"; VariantName = "[No Variations]"
Add component (AddParameter): Name = "Test Current"; Value = "20mA"; VariantName = "[No Variations]"
Add component (AddParameter): Name = "Viewing Angle"; Value = "140°"; VariantName = "[No Variations]"
Add component (AddParameter): Name = "Wavelength"; Value = "625nm"; VariantName = "[No Variations]"
Add component (AddParameter): Name = "Width"; Value = "0.8mm"; VariantName = "[No Variations]"
Added Component: Designator=LED9(LED_0603_RED_WL-SMCW)
Add component (AddParameter): Name = "Manufacturer"; Value = "QT-Brightek"; VariantName = "[No Variations]"
Add component (AddParameter): Name = "Manufacturer Part Number"; Value = "QBLP601-AG1"; VariantName = "[No Variations]"
Add component (AddParameter): Name = "Pricing 1"; Value = "1=0.35000, 10=0.19000, 100=0.08820, 500=0.08140, 1000=0.06377, 2000=0.06242 (USD)"; VariantName = "[No Variations]"
Add component (AddParameter): Name = "RoHS"; Value = "No"; VariantName = "[No Variations]"
Add component (AddParameter): Name = "Stock 1"; Value = "5990"; VariantName = "[No Variations]"
Add component (AddParameter): Name = "Supplier 1"; Value = "Digi-Key"; VariantName = "[No Variations]"
Added Component: Designator=LED10(LED_0603_RED_WL-SMCW)
Add component (AddParameter): Name = "Manufacturer"; Value = "QT-Brightek"; VariantName = "[No Variations]"
Add component (AddParameter): Name = "Manufacturer Part Number"; Value = "QBLP601-AG1"; VariantName = "[No Variations]"
Add component (AddParameter): Name = "Pricing 1"; Value = "1=0.35000, 10=0.19000, 100=0.08820, 500=0.08140, 1000=0.06377, 2000=0.06242 (USD)"; VariantName = "[No Variations]"
Add component (AddParameter): Name = "RoHS"; Value = "No"; VariantName = "[No Variations]"
Add component (AddParameter): Name = "Stock 1"; Value = "5990"; VariantName = "[No Variations]"
Add component (AddParameter): Name = "Supplier 1"; Value = "Digi-Key"; VariantName = "[No Variations]"
Added Component: Designator=LED11(LED_0603_RED_WL-SMCW)
Add component (AddParameter): Name = "Case Code (Imperial)"; Value = "0603"; VariantName = "[No Variations]"
Add component (AddParameter): Name = "Case Code (Metric)"; Value = "1608"; VariantName = "[No Variations]"
Add component (AddParameter): Name = "Case/Package"; Value = "0603"; VariantName = "[No Variations]"
Add component (AddParameter): Name = "Category"; Value = "LEDs"; VariantName = "[No Variations]"
Add component (AddParameter): Name = "Color"; Value = "Blue"; VariantName = "[No Variations]"
Add component (AddParameter): Name = "ComponentLink1Description"; Value = "https://datasheet.ciiva.com/29563/150060bs75000-29563034.pdf?src-supplier=Digi-Key"; VariantName = "[No Variations]"
Add component (AddParameter): Name = "ComponentLink1URL"; Value = "https://datasheet.ciiva.com/29563/150060bs75000-29563034.pdf?src-supplier=Digi-Key"; VariantName = "[No Variations]"
Add component (AddParameter): Name = "ComponentLink2Description"; Value = "https://datasheet.ciiva.com/29279/759426-da-01-en-chipled-0603-w-kl-blau-150060bs75000-29279193.pdf?src-supplier=Conrad"; VariantName = "[No Variations]"
Add component (AddParameter): Name = "ComponentLink2URL"; Value = "https://datasheet.ciiva.com/29279/759426-da-01-en-chipled-0603-w-kl-blau-150060bs75000-29279193.pdf?src-supplier=Conrad"; VariantName = "[No Variations]"
Add component (AddParameter): Name = "ComponentLink3Description"; Value = "https://datasheet.ciiva.com/29563/150060bs75000-29563036.pdf?src-supplier=Digi-Key"; VariantName = "[No Variations]"
Add component (AddParameter): Name = "ComponentLink3URL"; Value = "https://datasheet.ciiva.com/29563/150060bs75000-29563036.pdf?src-supplier=Digi-Key"; VariantName = "[No Variations]"
Add component (AddParameter): Name = "ComponentLink4Description"; Value = "https://datasheet.ciiva.com/29563/150060bs75000-29563035.pdf?src-supplier=Digi-Key"; VariantName = "[No Variations]"
Add component (AddParameter): Name = "ComponentLink4URL"; Value = "https://datasheet.ciiva.com/29563/150060bs75000-29563035.pdf?src-supplier=Digi-Key"; VariantName = "[No Variations]"
Add component (AddParameter): Name = "ComponentLink5Description"; Value = "https://datasheet.ciiva.com/22656/1911343-22656939.pdf?src-supplier=Element14"; VariantName = "[No Variations]"
Add component (AddParameter): Name = "ComponentLink5URL"; Value = "https://datasheet.ciiva.com/22656/1911343-22656939.pdf?src-supplier=Element14"; VariantName = "[No Variations]"
Add component (AddParameter): Name = "ComponentLink6Description"; Value = "https://datasheet.ciiva.com/48430/150060bs75000-eng-tds-48430039.pdf?src-supplier=Distrelec"; VariantName = "[No Variations]"
Add component (AddParameter): Name = "ComponentLink6URL"; Value = "https://datasheet.ciiva.com/48430/150060bs75000-eng-tds-48430039.pdf?src-supplier=Distrelec"; VariantName = "[No Variations]"
Add component (AddParameter): Name = "Dominant Wavelength"; Value = "470nm"; VariantName = "[No Variations]"
Add component (AddParameter): Name = "Forward Current"; Value = "30mA"; VariantName = "[No Variations]"
Add component (AddParameter): Name = "Forward Voltage"; Value = "3.2V"; VariantName = "[No Variations]"
Add component (AddParameter): Name = "Height"; Value = "0.7mm"; VariantName = "[No Variations]"
Add component (AddParameter): Name = "Length"; Value = "1.6mm"; VariantName = "[No Variations]"
Add component (AddParameter): Name = "Lens Style"; Value = "Clear,Rectangular"; VariantName = "[No Variations]"
Add component (AddParameter): Name = "Luminous Intensity"; Value = "145mcd"; VariantName = "[No Variations]"
Add component (AddParameter): Name = "Manufacturer"; Value = "Wurth Electronics"; VariantName = "[No Variations]"
Add component (AddParameter): Name = "Manufacturer Part Number"; Value = "150060BS75000"; VariantName = "[No Variations]"
Add component (AddParameter): Name = "Max Operating Temperature"; Value = "85°C"; VariantName = "[No Variations]"
Add component (AddParameter): Name = "Min Operating Temperature"; Value = "-40°C"; VariantName = "[No Variations]"
Add component (AddParameter): Name = "Mount"; Value = "Surface Mount"; VariantName = "[No Variations]"
Add component (AddParameter): Name = "Package Quantity"; Value = "4000"; VariantName = "[No Variations]"
Add component (AddParameter): Name = "Packaging"; Value = "Cut Tape"; VariantName = "[No Variations]"
Add component (AddParameter): Name = "Pricing 1"; Value = "1=0.16000, 50=0.15000, 100=0.12900, 500=0.11200 (USD)"; VariantName = "[No Variations]"
Add component (AddParameter): Name = "REACH SVHC"; Value = "Unknown"; VariantName = "[No Variations]"
Add component (AddParameter): Name = "RoHS"; Value = "Yes"; VariantName = "[No Variations]"
Add component (AddParameter): Name = "RoHS Compliant"; Value = "Yes"; VariantName = "[No Variations]"
Add component (AddParameter): Name = "Stock 1"; Value = "351"; VariantName = "[No Variations]"
Add component (AddParameter): Name = "Supplier 1"; Value = "Digi-Key"; VariantName = "[No Variations]"
Add component (AddParameter): Name = "Test Current"; Value = "20mA"; VariantName = "[No Variations]"
Add component (AddParameter): Name = "Viewing Angle"; Value = "140°"; VariantName = "[No Variations]"
Add component (AddParameter): Name = "Wavelength"; Value = "470nm"; VariantName = "[No Variations]"
Add component (AddParameter): Name = "Width"; Value = "0.8mm"; VariantName = "[No Variations]"
Added Component: Designator=LED12(LED_0603_RED_WL-SMCW)
Add component (AddParameter): Name = "Case Code (Imperial)"; Value = "0603"; VariantName = "[No Variations]"
Add component (AddParameter): Name = "Case Code (Metric)"; Value = "1608"; VariantName = "[No Variations]"
Add component (AddParameter): Name = "Case/Package"; Value = "0603"; VariantName = "[No Variations]"
Add component (AddParameter): Name = "Category"; Value = "LEDs"; VariantName = "[No Variations]"
Add component (AddParameter): Name = "Color"; Value = "Blue"; VariantName = "[No Variations]"
Add component (AddParameter): Name = "ComponentLink1Description"; Value = "https://datasheet.ciiva.com/29563/150060bs75000-29563034.pdf?src-supplier=Digi-Key"; VariantName = "[No Variations]"
Add component (AddParameter): Name = "ComponentLink1URL"; Value = "https://datasheet.ciiva.com/29563/150060bs75000-29563034.pdf?src-supplier=Digi-Key"; VariantName = "[No Variations]"
Add component (AddParameter): Name = "ComponentLink2Description"; Value = "https://datasheet.ciiva.com/29279/759426-da-01-en-chipled-0603-w-kl-blau-150060bs75000-29279193.pdf?src-supplier=Conrad"; VariantName = "[No Variations]"
Add component (AddParameter): Name = "ComponentLink2URL"; Value = "https://datasheet.ciiva.com/29279/759426-da-01-en-chipled-0603-w-kl-blau-150060bs75000-29279193.pdf?src-supplier=Conrad"; VariantName = "[No Variations]"
Add component (AddParameter): Name = "ComponentLink3Description"; Value = "https://datasheet.ciiva.com/29563/150060bs75000-29563036.pdf?src-supplier=Digi-Key"; VariantName = "[No Variations]"
Add component (AddParameter): Name = "ComponentLink3URL"; Value = "https://datasheet.ciiva.com/29563/150060bs75000-29563036.pdf?src-supplier=Digi-Key"; VariantName = "[No Variations]"
Add component (AddParameter): Name = "ComponentLink4Description"; Value = "https://datasheet.ciiva.com/29563/150060bs75000-29563035.pdf?src-supplier=Digi-Key"; VariantName = "[No Variations]"
Add component (AddParameter): Name = "ComponentLink4URL"; Value = "https://datasheet.ciiva.com/29563/150060bs75000-29563035.pdf?src-supplier=Digi-Key"; VariantName = "[No Variations]"
Add component (AddParameter): Name = "ComponentLink5Description"; Value = "https://datasheet.ciiva.com/22656/1911343-22656939.pdf?src-supplier=Element14"; VariantName = "[No Variations]"
Add component (AddParameter): Name = "ComponentLink5URL"; Value = "https://datasheet.ciiva.com/22656/1911343-22656939.pdf?src-supplier=Element14"; VariantName = "[No Variations]"
Add component (AddParameter): Name = "ComponentLink6Description"; Value = "https://datasheet.ciiva.com/48430/150060bs75000-eng-tds-48430039.pdf?src-supplier=Distrelec"; VariantName = "[No Variations]"
Add component (AddParameter): Name = "ComponentLink6URL"; Value = "https://datasheet.ciiva.com/48430/150060bs75000-eng-tds-48430039.pdf?src-supplier=Distrelec"; VariantName = "[No Variations]"
Add component (AddParameter): Name = "Dominant Wavelength"; Value = "470nm"; VariantName = "[No Variations]"
Add component (AddParameter): Name = "Forward Current"; Value = "30mA"; VariantName = "[No Variations]"
Add component (AddParameter): Name = "Forward Voltage"; Value = "3.2V"; VariantName = "[No Variations]"
Add component (AddParameter): Name = "Height"; Value = "0.7mm"; VariantName = "[No Variations]"
Add component (AddParameter): Name = "Length"; Value = "1.6mm"; VariantName = "[No Variations]"
Add component (AddParameter): Name = "Lens Style"; Value = "Clear,Rectangular"; VariantName = "[No Variations]"
Add component (AddParameter): Name = "Luminous Intensity"; Value = "145mcd"; VariantName = "[No Variations]"
Add component (AddParameter): Name = "Manufacturer"; Value = "Wurth Electronics"; VariantName = "[No Variations]"
Add component (AddParameter): Name = "Manufacturer Part Number"; Value = "150060BS75000"; VariantName = "[No Variations]"
Add component (AddParameter): Name = "Max Operating Temperature"; Value = "85°C"; VariantName = "[No Variations]"
Add component (AddParameter): Name = "Min Operating Temperature"; Value = "-40°C"; VariantName = "[No Variations]"
Add component (AddParameter): Name = "Mount"; Value = "Surface Mount"; VariantName = "[No Variations]"
Add component (AddParameter): Name = "Package Quantity"; Value = "4000"; VariantName = "[No Variations]"
Add component (AddParameter): Name = "Packaging"; Value = "Cut Tape"; VariantName = "[No Variations]"
Add component (AddParameter): Name = "Pricing 1"; Value = "1=0.16000, 50=0.15000, 100=0.12900, 500=0.11200 (USD)"; VariantName = "[No Variations]"
Add component (AddParameter): Name = "REACH SVHC"; Value = "Unknown"; VariantName = "[No Variations]"
Add component (AddParameter): Name = "RoHS"; Value = "Yes"; VariantName = "[No Variations]"
Add component (AddParameter): Name = "RoHS Compliant"; Value = "Yes"; VariantName = "[No Variations]"
Add component (AddParameter): Name = "Stock 1"; Value = "351"; VariantName = "[No Variations]"
Add component (AddParameter): Name = "Supplier 1"; Value = "Digi-Key"; VariantName = "[No Variations]"
Add component (AddParameter): Name = "Test Current"; Value = "20mA"; VariantName = "[No Variations]"
Add component (AddParameter): Name = "Viewing Angle"; Value = "140°"; VariantName = "[No Variations]"
Add component (AddParameter): Name = "Wavelength"; Value = "470nm"; VariantName = "[No Variations]"
Add component (AddParameter): Name = "Width"; Value = "0.8mm"; VariantName = "[No Variations]"
Add Component: Footprint Not Found HOLE_#4
Add Component: Footprint Not Found HOLE_#4
Add Component: Footprint Not Found HOLE_#4
Add Component: Footprint Not Found HOLE_#4
Add Component: Footprint Not Found HOLE_#4
Add Component: Footprint Not Found HOLE_#4
Add Component: Footprint Not Found HOLE_#4
Add Component: Footprint Not Found HOLE_#4
Add Component: Footprint Not Found HOLE_#4
Add Component: Footprint Not Found HOLE_#4
Add Component: Footprint Not Found HOLE_#4
Add Component: Footprint Not Found HOLE_#4
Add Component: Footprint Not Found HOLE_#4
Add Component: Footprint Not Found HOLE_#4
Add Component: Footprint Not Found HOLE_#4
Add Component: Footprint Not Found HOLE_#4
Add Component: Footprint Not Found HOLE_#4
Added Component: Designator=R1(2_Chip_0603_RMCF)
Add component (AddParameter): Name = "Case Code (Imperial)"; Value = "0603"; VariantName = "[No Variations]"
Add component (AddParameter): Name = "Case Code (Metric)"; Value = "1608"; VariantName = "[No Variations]"
Add component (AddParameter): Name = "Case/Package"; Value = "0603"; VariantName = "[No Variations]"
Add component (AddParameter): Name = "Category"; Value = "Chip SMD Resistors"; VariantName = "[No Variations]"
Add component (AddParameter): Name = "ComponentLink1Description"; Value = "https://www.seielect.com/catalog/sei-rmcf_rmcp.pdf?src-supplier=Digi-Key"; VariantName = "[No Variations]"
Add component (AddParameter): Name = "ComponentLink1URL"; Value = "https://www.seielect.com/catalog/sei-rmcf_rmcp.pdf?src-supplier=Digi-Key"; VariantName = "[No Variations]"
Add component (AddParameter): Name = "ComponentLink2Description"; Value = "https://www.seielect.com/catalog/SEI-RMCF_RMCP.pdf?src-supplier=Avnet"; VariantName = "[No Variations]"
Add component (AddParameter): Name = "ComponentLink2URL"; Value = "https://www.seielect.com/catalog/SEI-RMCF_RMCP.pdf?src-supplier=Avnet"; VariantName = "[No Variations]"
Add component (AddParameter): Name = "ComponentLink3Description"; Value = "https://www.seielect.com/catalog/SEI-Packaging.pdf?src-supplier=Avnet"; VariantName = "[No Variations]"
Add component (AddParameter): Name = "ComponentLink3URL"; Value = "https://www.seielect.com/catalog/SEI-Packaging.pdf?src-supplier=Avnet"; VariantName = "[No Variations]"
Add component (AddParameter): Name = "ComponentLink4Description"; Value = "https://www.seielect.com/catalog/SEI-Packaging.pdf?src-supplier=Arrow+Electronics"; VariantName = "[No Variations]"
Add component (AddParameter): Name = "ComponentLink4URL"; Value = "https://www.seielect.com/catalog/SEI-Packaging.pdf?src-supplier=Arrow+Electronics"; VariantName = "[No Variations]"
Add component (AddParameter): Name = "ComponentLink5Description"; Value = "https://www.seielect.com/catalog/SEI-RMCF_RMCP.pdf?src-supplier=Avnet+Asia"; VariantName = "[No Variations]"
Add component (AddParameter): Name = "ComponentLink5URL"; Value = "https://www.seielect.com/catalog/SEI-RMCF_RMCP.pdf?src-supplier=Avnet+Asia"; VariantName = "[No Variations]"
Add component (AddParameter): Name = "ComponentLink6Description"; Value = "http://www.seielect.com/Catalog/SEI-rmc.pdf?src-supplier=Future+Electronics"; VariantName = "[No Variations]"
Add component (AddParameter): Name = "ComponentLink6URL"; Value = "http://www.seielect.com/Catalog/SEI-rmc.pdf?src-supplier=Future+Electronics"; VariantName = "[No Variations]"
Add component (AddParameter): Name = "ComponentLink7Description"; Value = "https://www.seielect.com/catalog/SEI-Packaging.pdf?src-supplier=Verical"; VariantName = "[No Variations]"
Add component (AddParameter): Name = "ComponentLink7URL"; Value = "https://www.seielect.com/catalog/SEI-Packaging.pdf?src-supplier=Verical"; VariantName = "[No Variations]"
Add component (AddParameter): Name = "ComponentLink8Description"; Value = "https://www.seielect.com/catalog/SEI-Packaging.pdf?src-supplier=Quest"; VariantName = "[No Variations]"
Add component (AddParameter): Name = "ComponentLink8URL"; Value = "https://www.seielect.com/catalog/SEI-Packaging.pdf?src-supplier=Quest"; VariantName = "[No Variations]"
Add component (AddParameter): Name = "Construction"; Value = "Rectangular"; VariantName = "[No Variations]"
Add component (AddParameter): Name = "Contact Plating"; Value = "Tin,Matte"; VariantName = "[No Variations]"
Add component (AddParameter): Name = "Depth"; Value = "0.8mm"; VariantName = "[No Variations]"
Add component (AddParameter): Name = "Features"; Value = "Automotive AEC-Q200"; VariantName = "[No Variations]"
Add component (AddParameter): Name = "Height"; Value = "0.022inch"; VariantName = "[No Variations]"
Add component (AddParameter): Name = "Lead Free"; Value = "Lead Free"; VariantName = "[No Variations]"
Add component (AddParameter): Name = "Length"; Value = "1.55mm"; VariantName = "[No Variations]"
Add component (AddParameter): Name = "Manufacturer"; Value = "Stackpole Electronics"; VariantName = "[No Variations]"
Add component (AddParameter): Name = "Manufacturer Part Number"; Value = "RMCF0603FT1K00"; VariantName = "[No Variations]"
Add component (AddParameter): Name = "Max Operating Temperature"; Value = "155°C"; VariantName = "[No Variations]"
Add component (AddParameter): Name = "Max Power Dissipation"; Value = "100mW"; VariantName = "[No Variations]"
Add component (AddParameter): Name = "Military Standard"; Value = "Not"; VariantName = "[No Variations]"
Add component (AddParameter): Name = "Min Operating Temperature"; Value = "-55°C"; VariantName = "[No Variations]"
Add component (AddParameter): Name = "Mount"; Value = "Surface Mount"; VariantName = "[No Variations]"
Add component (AddParameter): Name = "Number of Terminations"; Value = "2"; VariantName = "[No Variations]"
Add component (AddParameter): Name = "Packaging"; Value = "Tape and Reel"; VariantName = "[No Variations]"
Add component (AddParameter): Name = "Power Rating"; Value = "100mW"; VariantName = "[No Variations]"
Add component (AddParameter): Name = "Pricing 1"; Value = "1=0.10000, 10=0.01700, 100=0.00680, 1000=0.00305, 2500=0.00264 (USD)"; VariantName = "[No Variations]"
Add component (AddParameter): Name = "Radiation Hardening"; Value = "No"; VariantName = "[No Variations]"
Add component (AddParameter): Name = "Resistance"; Value = "1kR"; VariantName = "[No Variations]"
Add component (AddParameter): Name = "Resistor Type"; Value = "Thick Film"; VariantName = "[No Variations]"
Add component (AddParameter): Name = "RoHS"; Value = "Yes"; VariantName = "[No Variations]"
Add component (AddParameter): Name = "RoHS Compliant"; Value = "Yes"; VariantName = "[No Variations]"
Add component (AddParameter): Name = "Series"; Value = "RMCF"; VariantName = "[No Variations]"
Add component (AddParameter): Name = "Size Code"; Value = "0603"; VariantName = "[No Variations]"
Add component (AddParameter): Name = "Supplier 1"; Value = "Digi-Key"; VariantName = "[No Variations]"
Add component (AddParameter): Name = "Temperature Coefficient"; Value = "100ppm/°C"; VariantName = "[No Variations]"
Add component (AddParameter): Name = "Tolerance"; Value = "1%"; VariantName = "[No Variations]"
Add component (AddParameter): Name = "Width"; Value = "0.031inch"; VariantName = "[No Variations]"
Added Component: Designator=R2(2_Chip_0603_RMCF)
Add component (AddParameter): Name = "Case Code (Imperial)"; Value = "0603"; VariantName = "[No Variations]"
Add component (AddParameter): Name = "Case Code (Metric)"; Value = "1608"; VariantName = "[No Variations]"
Add component (AddParameter): Name = "Case/Package"; Value = "0603"; VariantName = "[No Variations]"
Add component (AddParameter): Name = "Category"; Value = "Chip SMD Resistors"; VariantName = "[No Variations]"
Add component (AddParameter): Name = "ComponentLink1Description"; Value = "https://datasheet.ciiva.com/15193/getdatasheetpartid-363151-15193451.pdf?src-supplier=Verical"; VariantName = "[No Variations]"
Add component (AddParameter): Name = "ComponentLink1URL"; Value = "https://datasheet.ciiva.com/15193/getdatasheetpartid-363151-15193451.pdf?src-supplier=Verical"; VariantName = "[No Variations]"
Add component (AddParameter): Name = "Construction"; Value = "Rectangular"; VariantName = "[No Variations]"
Add component (AddParameter): Name = "Contact Plating"; Value = "Tin,Matte"; VariantName = "[No Variations]"
Add component (AddParameter): Name = "Depth"; Value = "0.8mm"; VariantName = "[No Variations]"
Add component (AddParameter): Name = "Features"; Value = "Automotive AEC-Q200"; VariantName = "[No Variations]"
Add component (AddParameter): Name = "Height"; Value = "0.022inch"; VariantName = "[No Variations]"
Add component (AddParameter): Name = "Lead Free"; Value = "Lead Free"; VariantName = "[No Variations]"
Add component (AddParameter): Name = "Length"; Value = "1.55mm"; VariantName = "[No Variations]"
Add component (AddParameter): Name = "Manufacturer"; Value = "Stackpole Electronics"; VariantName = "[No Variations]"
Add component (AddParameter): Name = "Manufacturer Part Number"; Value = "RMCF0603FT1M00"; VariantName = "[No Variations]"
Add component (AddParameter): Name = "Max Operating Temperature"; Value = "155°C"; VariantName = "[No Variations]"
Add component (AddParameter): Name = "Max Power Dissipation"; Value = "100mW"; VariantName = "[No Variations]"
Add component (AddParameter): Name = "Military Standard"; Value = "Not"; VariantName = "[No Variations]"
Add component (AddParameter): Name = "Min Operating Temperature"; Value = "-55°C"; VariantName = "[No Variations]"
Add component (AddParameter): Name = "Mount"; Value = "Surface Mount"; VariantName = "[No Variations]"
Add component (AddParameter): Name = "Number of Terminations"; Value = "2"; VariantName = "[No Variations]"
Add component (AddParameter): Name = "Packaging"; Value = "Tape and Reel"; VariantName = "[No Variations]"
Add component (AddParameter): Name = "Power Rating"; Value = "100mW"; VariantName = "[No Variations]"
Add component (AddParameter): Name = "Pricing 1"; Value = "1=0.10000, 10=0.01700, 100=0.00680, 1000=0.00305, 2500=0.00264 (USD)"; VariantName = "[No Variations]"
Add component (AddParameter): Name = "Radiation Hardening"; Value = "No"; VariantName = "[No Variations]"
Add component (AddParameter): Name = "Resistance"; Value = "1MR"; VariantName = "[No Variations]"
Add component (AddParameter): Name = "Resistor Type"; Value = "Thick Film"; VariantName = "[No Variations]"
Add component (AddParameter): Name = "RoHS"; Value = "Yes"; VariantName = "[No Variations]"
Add component (AddParameter): Name = "RoHS Compliant"; Value = "Yes"; VariantName = "[No Variations]"
Add component (AddParameter): Name = "Series"; Value = "RMCF"; VariantName = "[No Variations]"
Add component (AddParameter): Name = "Stock 1"; Value = "2136203"; VariantName = "[No Variations]"
Add component (AddParameter): Name = "Supplier 1"; Value = "Digi-Key"; VariantName = "[No Variations]"
Add component (AddParameter): Name = "Technology"; Value = "THICK FILM"; VariantName = "[No Variations]"
Add component (AddParameter): Name = "Temperature Coefficient"; Value = "100ppm/°C"; VariantName = "[No Variations]"
Add component (AddParameter): Name = "Tolerance"; Value = "1%"; VariantName = "[No Variations]"
Add component (AddParameter): Name = "Width"; Value = "0.031inch"; VariantName = "[No Variations]"
Add component (AddParameter): Name = "Working Voltage"; Value = "75V"; VariantName = "[No Variations]"
Added Component: Designator=R3(2_Chip_0603_RMCF)
Add component (AddParameter): Name = "Case Code (Imperial)"; Value = "0603"; VariantName = "[No Variations]"
Add component (AddParameter): Name = "Case Code (Metric)"; Value = "1608"; VariantName = "[No Variations]"
Add component (AddParameter): Name = "Case/Package"; Value = "0603"; VariantName = "[No Variations]"
Add component (AddParameter): Name = "Category"; Value = "Chip SMD Resistors"; VariantName = "[No Variations]"
Add component (AddParameter): Name = "ComponentLink1Description"; Value = "https://datasheet.ciiva.com/15215/getdatasheetpartid-360413-15215981.pdf?src-supplier=Verical"; VariantName = "[No Variations]"
Add component (AddParameter): Name = "ComponentLink1URL"; Value = "https://datasheet.ciiva.com/15215/getdatasheetpartid-360413-15215981.pdf?src-supplier=Verical"; VariantName = "[No Variations]"
Add component (AddParameter): Name = "Construction"; Value = "Rectangular"; VariantName = "[No Variations]"
Add component (AddParameter): Name = "Contact Plating"; Value = "Tin,Matte"; VariantName = "[No Variations]"
Add component (AddParameter): Name = "Depth"; Value = "0.8mm"; VariantName = "[No Variations]"
Add component (AddParameter): Name = "Features"; Value = "Automotive AEC-Q200"; VariantName = "[No Variations]"
Add component (AddParameter): Name = "Height"; Value = "0.022inch"; VariantName = "[No Variations]"
Add component (AddParameter): Name = "Lead Free"; Value = "Lead Free"; VariantName = "[No Variations]"
Add component (AddParameter): Name = "Length"; Value = "1.55mm"; VariantName = "[No Variations]"
Add component (AddParameter): Name = "Manufacturer"; Value = "Stackpole Electronics"; VariantName = "[No Variations]"
Add component (AddParameter): Name = "Manufacturer Part Number"; Value = "RMCF0603FT100R"; VariantName = "[No Variations]"
Add component (AddParameter): Name = "Max Operating Temperature"; Value = "155°C"; VariantName = "[No Variations]"
Add component (AddParameter): Name = "Max Power Dissipation"; Value = "100mW"; VariantName = "[No Variations]"
Add component (AddParameter): Name = "Military Standard"; Value = "Not"; VariantName = "[No Variations]"
Add component (AddParameter): Name = "Min Operating Temperature"; Value = "-55°C"; VariantName = "[No Variations]"
Add component (AddParameter): Name = "Mount"; Value = "Surface Mount"; VariantName = "[No Variations]"
Add component (AddParameter): Name = "Number of Terminations"; Value = "2"; VariantName = "[No Variations]"
Add component (AddParameter): Name = "Packaging"; Value = "Tape and Reel"; VariantName = "[No Variations]"
Add component (AddParameter): Name = "Power Rating"; Value = "100mW"; VariantName = "[No Variations]"
Add component (AddParameter): Name = "Pricing 1"; Value = "1=0.10000, 10=0.01700, 100=0.00680, 1000=0.00305, 2500=0.00264 (USD)"; VariantName = "[No Variations]"
Add component (AddParameter): Name = "Radiation Hardening"; Value = "No"; VariantName = "[No Variations]"
Add component (AddParameter): Name = "Resistance"; Value = "100R"; VariantName = "[No Variations]"
Add component (AddParameter): Name = "Resistor Type"; Value = "Thick Film"; VariantName = "[No Variations]"
Add component (AddParameter): Name = "RoHS"; Value = "Yes"; VariantName = "[No Variations]"
Add component (AddParameter): Name = "RoHS Compliant"; Value = "Yes"; VariantName = "[No Variations]"
Add component (AddParameter): Name = "Series"; Value = "RMCF"; VariantName = "[No Variations]"
Add component (AddParameter): Name = "Size Code"; Value = "0603"; VariantName = "[No Variations]"
Add component (AddParameter): Name = "Supplier 1"; Value = "Digi-Key"; VariantName = "[No Variations]"
Add component (AddParameter): Name = "Temperature Coefficient"; Value = "100ppm/°C"; VariantName = "[No Variations]"
Add component (AddParameter): Name = "Tolerance"; Value = "1%"; VariantName = "[No Variations]"
Add component (AddParameter): Name = "Width"; Value = "0.031inch"; VariantName = "[No Variations]"
Added Component: Designator=R4(2_Chip_0603_RMCF)
Add component (AddParameter): Name = "Case Code (Imperial)"; Value = "0603"; VariantName = "[No Variations]"
Add component (AddParameter): Name = "Case Code (Metric)"; Value = "1608"; VariantName = "[No Variations]"
Add component (AddParameter): Name = "Case/Package"; Value = "0603"; VariantName = "[No Variations]"
Add component (AddParameter): Name = "Category"; Value = "Chip SMD Resistors"; VariantName = "[No Variations]"
Add component (AddParameter): Name = "ComponentLink1Description"; Value = "https://datasheet.ciiva.com/15193/getdatasheetpartid-363151-15193451.pdf?src-supplier=Verical"; VariantName = "[No Variations]"
Add component (AddParameter): Name = "ComponentLink1URL"; Value = "https://datasheet.ciiva.com/15193/getdatasheetpartid-363151-15193451.pdf?src-supplier=Verical"; VariantName = "[No Variations]"
Add component (AddParameter): Name = "Construction"; Value = "Rectangular"; VariantName = "[No Variations]"
Add component (AddParameter): Name = "Contact Plating"; Value = "Tin,Matte"; VariantName = "[No Variations]"
Add component (AddParameter): Name = "Depth"; Value = "0.8mm"; VariantName = "[No Variations]"
Add component (AddParameter): Name = "Features"; Value = "Automotive AEC-Q200"; VariantName = "[No Variations]"
Add component (AddParameter): Name = "Height"; Value = "0.022inch"; VariantName = "[No Variations]"
Add component (AddParameter): Name = "Lead Free"; Value = "Lead Free"; VariantName = "[No Variations]"
Add component (AddParameter): Name = "Length"; Value = "1.55mm"; VariantName = "[No Variations]"
Add component (AddParameter): Name = "Manufacturer"; Value = "Stackpole Electronics"; VariantName = "[No Variations]"
Add component (AddParameter): Name = "Manufacturer Part Number"; Value = "RMCF0603FT1M00"; VariantName = "[No Variations]"
Add component (AddParameter): Name = "Max Operating Temperature"; Value = "155°C"; VariantName = "[No Variations]"
Add component (AddParameter): Name = "Max Power Dissipation"; Value = "100mW"; VariantName = "[No Variations]"
Add component (AddParameter): Name = "Military Standard"; Value = "Not"; VariantName = "[No Variations]"
Add component (AddParameter): Name = "Min Operating Temperature"; Value = "-55°C"; VariantName = "[No Variations]"
Add component (AddParameter): Name = "Mount"; Value = "Surface Mount"; VariantName = "[No Variations]"
Add component (AddParameter): Name = "Number of Terminations"; Value = "2"; VariantName = "[No Variations]"
Add component (AddParameter): Name = "Packaging"; Value = "Tape and Reel"; VariantName = "[No Variations]"
Add component (AddParameter): Name = "Power Rating"; Value = "100mW"; VariantName = "[No Variations]"
Add component (AddParameter): Name = "Pricing 1"; Value = "1=0.10000, 10=0.01700, 100=0.00680, 1000=0.00305, 2500=0.00264 (USD)"; VariantName = "[No Variations]"
Add component (AddParameter): Name = "Radiation Hardening"; Value = "No"; VariantName = "[No Variations]"
Add component (AddParameter): Name = "Resistance"; Value = "1MR"; VariantName = "[No Variations]"
Add component (AddParameter): Name = "Resistor Type"; Value = "Thick Film"; VariantName = "[No Variations]"
Add component (AddParameter): Name = "RoHS"; Value = "Yes"; VariantName = "[No Variations]"
Add component (AddParameter): Name = "RoHS Compliant"; Value = "Yes"; VariantName = "[No Variations]"
Add component (AddParameter): Name = "Series"; Value = "RMCF"; VariantName = "[No Variations]"
Add component (AddParameter): Name = "Stock 1"; Value = "2136203"; VariantName = "[No Variations]"
Add component (AddParameter): Name = "Supplier 1"; Value = "Digi-Key"; VariantName = "[No Variations]"
Add component (AddParameter): Name = "Technology"; Value = "THICK FILM"; VariantName = "[No Variations]"
Add component (AddParameter): Name = "Temperature Coefficient"; Value = "100ppm/°C"; VariantName = "[No Variations]"
Add component (AddParameter): Name = "Tolerance"; Value = "1%"; VariantName = "[No Variations]"
Add component (AddParameter): Name = "Width"; Value = "0.031inch"; VariantName = "[No Variations]"
Add component (AddParameter): Name = "Working Voltage"; Value = "75V"; VariantName = "[No Variations]"
Added Component: Designator=R5(2_Chip_0603_RMCF)
Add component (AddParameter): Name = "Case Code (Imperial)"; Value = "0603"; VariantName = "[No Variations]"
Add component (AddParameter): Name = "Case Code (Metric)"; Value = "1608"; VariantName = "[No Variations]"
Add component (AddParameter): Name = "Case/Package"; Value = "0603"; VariantName = "[No Variations]"
Add component (AddParameter): Name = "Category"; Value = "Chip SMD Resistors"; VariantName = "[No Variations]"
Add component (AddParameter): Name = "ComponentLink1Description"; Value = "https://datasheet.ciiva.com/15193/getdatasheetpartid-363151-15193451.pdf?src-supplier=Verical"; VariantName = "[No Variations]"
Add component (AddParameter): Name = "ComponentLink1URL"; Value = "https://datasheet.ciiva.com/15193/getdatasheetpartid-363151-15193451.pdf?src-supplier=Verical"; VariantName = "[No Variations]"
Add component (AddParameter): Name = "Construction"; Value = "Rectangular"; VariantName = "[No Variations]"
Add component (AddParameter): Name = "Contact Plating"; Value = "Tin,Matte"; VariantName = "[No Variations]"
Add component (AddParameter): Name = "Depth"; Value = "0.8mm"; VariantName = "[No Variations]"
Add component (AddParameter): Name = "Features"; Value = "Automotive AEC-Q200"; VariantName = "[No Variations]"
Add component (AddParameter): Name = "Height"; Value = "0.022inch"; VariantName = "[No Variations]"
Add component (AddParameter): Name = "Lead Free"; Value = "Lead Free"; VariantName = "[No Variations]"
Add component (AddParameter): Name = "Length"; Value = "1.55mm"; VariantName = "[No Variations]"
Add component (AddParameter): Name = "Manufacturer"; Value = "Stackpole Electronics"; VariantName = "[No Variations]"
Add component (AddParameter): Name = "Manufacturer Part Number"; Value = "RMCF0603FT1M00"; VariantName = "[No Variations]"
Add component (AddParameter): Name = "Max Operating Temperature"; Value = "155°C"; VariantName = "[No Variations]"
Add component (AddParameter): Name = "Max Power Dissipation"; Value = "100mW"; VariantName = "[No Variations]"
Add component (AddParameter): Name = "Military Standard"; Value = "Not"; VariantName = "[No Variations]"
Add component (AddParameter): Name = "Min Operating Temperature"; Value = "-55°C"; VariantName = "[No Variations]"
Add component (AddParameter): Name = "Mount"; Value = "Surface Mount"; VariantName = "[No Variations]"
Add component (AddParameter): Name = "Number of Terminations"; Value = "2"; VariantName = "[No Variations]"
Add component (AddParameter): Name = "Packaging"; Value = "Tape and Reel"; VariantName = "[No Variations]"
Add component (AddParameter): Name = "Power Rating"; Value = "100mW"; VariantName = "[No Variations]"
Add component (AddParameter): Name = "Pricing 1"; Value = "1=0.10000, 10=0.01700, 100=0.00680, 1000=0.00305, 2500=0.00264 (USD)"; VariantName = "[No Variations]"
Add component (AddParameter): Name = "Radiation Hardening"; Value = "No"; VariantName = "[No Variations]"
Add component (AddParameter): Name = "Resistance"; Value = "1MR"; VariantName = "[No Variations]"
Add component (AddParameter): Name = "Resistor Type"; Value = "Thick Film"; VariantName = "[No Variations]"
Add component (AddParameter): Name = "RoHS"; Value = "Yes"; VariantName = "[No Variations]"
Add component (AddParameter): Name = "RoHS Compliant"; Value = "Yes"; VariantName = "[No Variations]"
Add component (AddParameter): Name = "Series"; Value = "RMCF"; VariantName = "[No Variations]"
Add component (AddParameter): Name = "Stock 1"; Value = "2136203"; VariantName = "[No Variations]"
Add component (AddParameter): Name = "Supplier 1"; Value = "Digi-Key"; VariantName = "[No Variations]"
Add component (AddParameter): Name = "Technology"; Value = "THICK FILM"; VariantName = "[No Variations]"
Add component (AddParameter): Name = "Temperature Coefficient"; Value = "100ppm/°C"; VariantName = "[No Variations]"
Add component (AddParameter): Name = "Tolerance"; Value = "1%"; VariantName = "[No Variations]"
Add component (AddParameter): Name = "Width"; Value = "0.031inch"; VariantName = "[No Variations]"
Add component (AddParameter): Name = "Working Voltage"; Value = "75V"; VariantName = "[No Variations]"
Added Component: Designator=R6(2_Chip_0603_RMCF)
Add component (AddParameter): Name = "Case Code (Imperial)"; Value = "0603"; VariantName = "[No Variations]"
Add component (AddParameter): Name = "Case Code (Metric)"; Value = "1608"; VariantName = "[No Variations]"
Add component (AddParameter): Name = "Case/Package"; Value = "0603"; VariantName = "[No Variations]"
Add component (AddParameter): Name = "Category"; Value = "Chip SMD Resistors"; VariantName = "[No Variations]"
Add component (AddParameter): Name = "ComponentLink1Description"; Value = "https://datasheet.ciiva.com/15215/getdatasheetpartid-360413-15215981.pdf?src-supplier=Verical"; VariantName = "[No Variations]"
Add component (AddParameter): Name = "ComponentLink1URL"; Value = "https://datasheet.ciiva.com/15215/getdatasheetpartid-360413-15215981.pdf?src-supplier=Verical"; VariantName = "[No Variations]"
Add component (AddParameter): Name = "Construction"; Value = "Rectangular"; VariantName = "[No Variations]"
Add component (AddParameter): Name = "Contact Plating"; Value = "Tin,Matte"; VariantName = "[No Variations]"
Add component (AddParameter): Name = "Depth"; Value = "0.8mm"; VariantName = "[No Variations]"
Add component (AddParameter): Name = "Features"; Value = "Automotive AEC-Q200"; VariantName = "[No Variations]"
Add component (AddParameter): Name = "Height"; Value = "0.022inch"; VariantName = "[No Variations]"
Add component (AddParameter): Name = "Lead Free"; Value = "Lead Free"; VariantName = "[No Variations]"
Add component (AddParameter): Name = "Length"; Value = "1.55mm"; VariantName = "[No Variations]"
Add component (AddParameter): Name = "Manufacturer"; Value = "Stackpole Electronics"; VariantName = "[No Variations]"
Add component (AddParameter): Name = "Manufacturer Part Number"; Value = "RMCF0603FT100R"; VariantName = "[No Variations]"
Add component (AddParameter): Name = "Max Operating Temperature"; Value = "155°C"; VariantName = "[No Variations]"
Add component (AddParameter): Name = "Max Power Dissipation"; Value = "100mW"; VariantName = "[No Variations]"
Add component (AddParameter): Name = "Military Standard"; Value = "Not"; VariantName = "[No Variations]"
Add component (AddParameter): Name = "Min Operating Temperature"; Value = "-55°C"; VariantName = "[No Variations]"
Add component (AddParameter): Name = "Mount"; Value = "Surface Mount"; VariantName = "[No Variations]"
Add component (AddParameter): Name = "Number of Terminations"; Value = "2"; VariantName = "[No Variations]"
Add component (AddParameter): Name = "Packaging"; Value = "Tape and Reel"; VariantName = "[No Variations]"
Add component (AddParameter): Name = "Power Rating"; Value = "100mW"; VariantName = "[No Variations]"
Add component (AddParameter): Name = "Pricing 1"; Value = "1=0.10000, 10=0.01700, 100=0.00680, 1000=0.00305, 2500=0.00264 (USD)"; VariantName = "[No Variations]"
Add component (AddParameter): Name = "Radiation Hardening"; Value = "No"; VariantName = "[No Variations]"
Add component (AddParameter): Name = "Resistance"; Value = "100R"; VariantName = "[No Variations]"
Add component (AddParameter): Name = "Resistor Type"; Value = "Thick Film"; VariantName = "[No Variations]"
Add component (AddParameter): Name = "RoHS"; Value = "Yes"; VariantName = "[No Variations]"
Add component (AddParameter): Name = "RoHS Compliant"; Value = "Yes"; VariantName = "[No Variations]"
Add component (AddParameter): Name = "Series"; Value = "RMCF"; VariantName = "[No Variations]"
Add component (AddParameter): Name = "Size Code"; Value = "0603"; VariantName = "[No Variations]"
Add component (AddParameter): Name = "Supplier 1"; Value = "Digi-Key"; VariantName = "[No Variations]"
Add component (AddParameter): Name = "Temperature Coefficient"; Value = "100ppm/°C"; VariantName = "[No Variations]"
Add component (AddParameter): Name = "Tolerance"; Value = "1%"; VariantName = "[No Variations]"
Add component (AddParameter): Name = "Width"; Value = "0.031inch"; VariantName = "[No Variations]"
Added Component: Designator=R7(2_Chip_0603_RMCF)
Add component (AddParameter): Name = "Case Code (Imperial)"; Value = "0603"; VariantName = "[No Variations]"
Add component (AddParameter): Name = "Case Code (Metric)"; Value = "1608"; VariantName = "[No Variations]"
Add component (AddParameter): Name = "Case/Package"; Value = "0603"; VariantName = "[No Variations]"
Add component (AddParameter): Name = "Category"; Value = "Chip SMD Resistors"; VariantName = "[No Variations]"
Add component (AddParameter): Name = "ComponentLink1Description"; Value = "https://datasheet.ciiva.com/15215/getdatasheetpartid-360413-15215981.pdf?src-supplier=Verical"; VariantName = "[No Variations]"
Add component (AddParameter): Name = "ComponentLink1URL"; Value = "https://datasheet.ciiva.com/15215/getdatasheetpartid-360413-15215981.pdf?src-supplier=Verical"; VariantName = "[No Variations]"
Add component (AddParameter): Name = "Construction"; Value = "Rectangular"; VariantName = "[No Variations]"
Add component (AddParameter): Name = "Contact Plating"; Value = "Tin,Matte"; VariantName = "[No Variations]"
Add component (AddParameter): Name = "Depth"; Value = "0.8mm"; VariantName = "[No Variations]"
Add component (AddParameter): Name = "Features"; Value = "Automotive AEC-Q200"; VariantName = "[No Variations]"
Add component (AddParameter): Name = "Height"; Value = "0.022inch"; VariantName = "[No Variations]"
Add component (AddParameter): Name = "Lead Free"; Value = "Lead Free"; VariantName = "[No Variations]"
Add component (AddParameter): Name = "Length"; Value = "1.55mm"; VariantName = "[No Variations]"
Add component (AddParameter): Name = "Manufacturer"; Value = "Stackpole Electronics"; VariantName = "[No Variations]"
Add component (AddParameter): Name = "Manufacturer Part Number"; Value = "RMCF0603FT100R"; VariantName = "[No Variations]"
Add component (AddParameter): Name = "Max Operating Temperature"; Value = "155°C"; VariantName = "[No Variations]"
Add component (AddParameter): Name = "Max Power Dissipation"; Value = "100mW"; VariantName = "[No Variations]"
Add component (AddParameter): Name = "Military Standard"; Value = "Not"; VariantName = "[No Variations]"
Add component (AddParameter): Name = "Min Operating Temperature"; Value = "-55°C"; VariantName = "[No Variations]"
Add component (AddParameter): Name = "Mount"; Value = "Surface Mount"; VariantName = "[No Variations]"
Add component (AddParameter): Name = "Number of Terminations"; Value = "2"; VariantName = "[No Variations]"
Add component (AddParameter): Name = "Packaging"; Value = "Tape and Reel"; VariantName = "[No Variations]"
Add component (AddParameter): Name = "Power Rating"; Value = "100mW"; VariantName = "[No Variations]"
Add component (AddParameter): Name = "Pricing 1"; Value = "1=0.10000, 10=0.01700, 100=0.00680, 1000=0.00305, 2500=0.00264 (USD)"; VariantName = "[No Variations]"
Add component (AddParameter): Name = "Radiation Hardening"; Value = "No"; VariantName = "[No Variations]"
Add component (AddParameter): Name = "Resistance"; Value = "100R"; VariantName = "[No Variations]"
Add component (AddParameter): Name = "Resistor Type"; Value = "Thick Film"; VariantName = "[No Variations]"
Add component (AddParameter): Name = "RoHS"; Value = "Yes"; VariantName = "[No Variations]"
Add component (AddParameter): Name = "RoHS Compliant"; Value = "Yes"; VariantName = "[No Variations]"
Add component (AddParameter): Name = "Series"; Value = "RMCF"; VariantName = "[No Variations]"
Add component (AddParameter): Name = "Size Code"; Value = "0603"; VariantName = "[No Variations]"
Add component (AddParameter): Name = "Supplier 1"; Value = "Digi-Key"; VariantName = "[No Variations]"
Add component (AddParameter): Name = "Temperature Coefficient"; Value = "100ppm/°C"; VariantName = "[No Variations]"
Add component (AddParameter): Name = "Tolerance"; Value = "1%"; VariantName = "[No Variations]"
Add component (AddParameter): Name = "Width"; Value = "0.031inch"; VariantName = "[No Variations]"
Added Component: Designator=R8(2_Chip_0603_RMCF)
Add component (AddParameter): Name = "Case Code (Imperial)"; Value = "0603"; VariantName = "[No Variations]"
Add component (AddParameter): Name = "Case Code (Metric)"; Value = "1608"; VariantName = "[No Variations]"
Add component (AddParameter): Name = "Case/Package"; Value = "0603"; VariantName = "[No Variations]"
Add component (AddParameter): Name = "Category"; Value = "Chip SMD Resistors"; VariantName = "[No Variations]"
Add component (AddParameter): Name = "ComponentLink1Description"; Value = "https://datasheet.ciiva.com/15193/getdatasheetpartid-363151-15193451.pdf?src-supplier=Verical"; VariantName = "[No Variations]"
Add component (AddParameter): Name = "ComponentLink1URL"; Value = "https://datasheet.ciiva.com/15193/getdatasheetpartid-363151-15193451.pdf?src-supplier=Verical"; VariantName = "[No Variations]"
Add component (AddParameter): Name = "Construction"; Value = "Rectangular"; VariantName = "[No Variations]"
Add component (AddParameter): Name = "Contact Plating"; Value = "Tin,Matte"; VariantName = "[No Variations]"
Add component (AddParameter): Name = "Depth"; Value = "0.8mm"; VariantName = "[No Variations]"
Add component (AddParameter): Name = "Features"; Value = "Automotive AEC-Q200"; VariantName = "[No Variations]"
Add component (AddParameter): Name = "Height"; Value = "0.022inch"; VariantName = "[No Variations]"
Add component (AddParameter): Name = "Lead Free"; Value = "Lead Free"; VariantName = "[No Variations]"
Add component (AddParameter): Name = "Length"; Value = "1.55mm"; VariantName = "[No Variations]"
Add component (AddParameter): Name = "Manufacturer"; Value = "Stackpole Electronics"; VariantName = "[No Variations]"
Add component (AddParameter): Name = "Manufacturer Part Number"; Value = "RMCF0603FT1M00"; VariantName = "[No Variations]"
Add component (AddParameter): Name = "Max Operating Temperature"; Value = "155°C"; VariantName = "[No Variations]"
Add component (AddParameter): Name = "Max Power Dissipation"; Value = "100mW"; VariantName = "[No Variations]"
Add component (AddParameter): Name = "Military Standard"; Value = "Not"; VariantName = "[No Variations]"
Add component (AddParameter): Name = "Min Operating Temperature"; Value = "-55°C"; VariantName = "[No Variations]"
Add component (AddParameter): Name = "Mount"; Value = "Surface Mount"; VariantName = "[No Variations]"
Add component (AddParameter): Name = "Number of Terminations"; Value = "2"; VariantName = "[No Variations]"
Add component (AddParameter): Name = "Packaging"; Value = "Tape and Reel"; VariantName = "[No Variations]"
Add component (AddParameter): Name = "Power Rating"; Value = "100mW"; VariantName = "[No Variations]"
Add component (AddParameter): Name = "Pricing 1"; Value = "1=0.10000, 10=0.01700, 100=0.00680, 1000=0.00305, 2500=0.00264 (USD)"; VariantName = "[No Variations]"
Add component (AddParameter): Name = "Radiation Hardening"; Value = "No"; VariantName = "[No Variations]"
Add component (AddParameter): Name = "Resistance"; Value = "1MR"; VariantName = "[No Variations]"
Add component (AddParameter): Name = "Resistor Type"; Value = "Thick Film"; VariantName = "[No Variations]"
Add component (AddParameter): Name = "RoHS"; Value = "Yes"; VariantName = "[No Variations]"
Add component (AddParameter): Name = "RoHS Compliant"; Value = "Yes"; VariantName = "[No Variations]"
Add component (AddParameter): Name = "Series"; Value = "RMCF"; VariantName = "[No Variations]"
Add component (AddParameter): Name = "Stock 1"; Value = "2136203"; VariantName = "[No Variations]"
Add component (AddParameter): Name = "Supplier 1"; Value = "Digi-Key"; VariantName = "[No Variations]"
Add component (AddParameter): Name = "Technology"; Value = "THICK FILM"; VariantName = "[No Variations]"
Add component (AddParameter): Name = "Temperature Coefficient"; Value = "100ppm/°C"; VariantName = "[No Variations]"
Add component (AddParameter): Name = "Tolerance"; Value = "1%"; VariantName = "[No Variations]"
Add component (AddParameter): Name = "Width"; Value = "0.031inch"; VariantName = "[No Variations]"
Add component (AddParameter): Name = "Working Voltage"; Value = "75V"; VariantName = "[No Variations]"
Added Component: Designator=R9(2_Chip_0603_RMCF)
Add component (AddParameter): Name = "Case Code (Imperial)"; Value = "0603"; VariantName = "[No Variations]"
Add component (AddParameter): Name = "Case Code (Metric)"; Value = "1608"; VariantName = "[No Variations]"
Add component (AddParameter): Name = "Case/Package"; Value = "0603"; VariantName = "[No Variations]"
Add component (AddParameter): Name = "Category"; Value = "Chip SMD Resistors"; VariantName = "[No Variations]"
Add component (AddParameter): Name = "ComponentLink1Description"; Value = "https://datasheet.ciiva.com/15215/getdatasheetpartid-360413-15215981.pdf?src-supplier=Verical"; VariantName = "[No Variations]"
Add component (AddParameter): Name = "ComponentLink1URL"; Value = "https://datasheet.ciiva.com/15215/getdatasheetpartid-360413-15215981.pdf?src-supplier=Verical"; VariantName = "[No Variations]"
Add component (AddParameter): Name = "Construction"; Value = "Rectangular"; VariantName = "[No Variations]"
Add component (AddParameter): Name = "Contact Plating"; Value = "Tin,Matte"; VariantName = "[No Variations]"
Add component (AddParameter): Name = "Depth"; Value = "0.8mm"; VariantName = "[No Variations]"
Add component (AddParameter): Name = "Features"; Value = "Automotive AEC-Q200"; VariantName = "[No Variations]"
Add component (AddParameter): Name = "Height"; Value = "0.022inch"; VariantName = "[No Variations]"
Add component (AddParameter): Name = "Lead Free"; Value = "Lead Free"; VariantName = "[No Variations]"
Add component (AddParameter): Name = "Length"; Value = "1.55mm"; VariantName = "[No Variations]"
Add component (AddParameter): Name = "Manufacturer"; Value = "Stackpole Electronics"; VariantName = "[No Variations]"
Add component (AddParameter): Name = "Manufacturer Part Number"; Value = "RMCF0603FT100R"; VariantName = "[No Variations]"
Add component (AddParameter): Name = "Max Operating Temperature"; Value = "155°C"; VariantName = "[No Variations]"
Add component (AddParameter): Name = "Max Power Dissipation"; Value = "100mW"; VariantName = "[No Variations]"
Add component (AddParameter): Name = "Military Standard"; Value = "Not"; VariantName = "[No Variations]"
Add component (AddParameter): Name = "Min Operating Temperature"; Value = "-55°C"; VariantName = "[No Variations]"
Add component (AddParameter): Name = "Mount"; Value = "Surface Mount"; VariantName = "[No Variations]"
Add component (AddParameter): Name = "Number of Terminations"; Value = "2"; VariantName = "[No Variations]"
Add component (AddParameter): Name = "Packaging"; Value = "Tape and Reel"; VariantName = "[No Variations]"
Add component (AddParameter): Name = "Power Rating"; Value = "100mW"; VariantName = "[No Variations]"
Add component (AddParameter): Name = "Pricing 1"; Value = "1=0.10000, 10=0.01700, 100=0.00680, 1000=0.00305, 2500=0.00264 (USD)"; VariantName = "[No Variations]"
Add component (AddParameter): Name = "Radiation Hardening"; Value = "No"; VariantName = "[No Variations]"
Add component (AddParameter): Name = "Resistance"; Value = "100R"; VariantName = "[No Variations]"
Add component (AddParameter): Name = "Resistor Type"; Value = "Thick Film"; VariantName = "[No Variations]"
Add component (AddParameter): Name = "RoHS"; Value = "Yes"; VariantName = "[No Variations]"
Add component (AddParameter): Name = "RoHS Compliant"; Value = "Yes"; VariantName = "[No Variations]"
Add component (AddParameter): Name = "Series"; Value = "RMCF"; VariantName = "[No Variations]"
Add component (AddParameter): Name = "Size Code"; Value = "0603"; VariantName = "[No Variations]"
Add component (AddParameter): Name = "Supplier 1"; Value = "Digi-Key"; VariantName = "[No Variations]"
Add component (AddParameter): Name = "Temperature Coefficient"; Value = "100ppm/°C"; VariantName = "[No Variations]"
Add component (AddParameter): Name = "Tolerance"; Value = "1%"; VariantName = "[No Variations]"
Add component (AddParameter): Name = "Width"; Value = "0.031inch"; VariantName = "[No Variations]"
Add Component: Footprint Not Found CAP_0603_1MM
Add Component: Footprint Not Found CAP_0603_1MM
Added Component: Designator=R12(CAP_0402_1mm)
Add component (AddParameter): Name = "Case Code (Imperial)"; Value = "0402"; VariantName = "[No Variations]"
Add component (AddParameter): Name = "Case Code (Metric)"; Value = "1005"; VariantName = "[No Variations]"
Add component (AddParameter): Name = "Case/Package"; Value = "0402"; VariantName = "[No Variations]"
Add component (AddParameter): Name = "Category"; Value = "Chip SMD Resistors"; VariantName = "[No Variations]"
Add component (AddParameter): Name = "ComponentLink1Description"; Value = "https://datasheet.ciiva.com/15196/getdatasheetpartid-499011-15196236.pdf?src-supplier=Verical"; VariantName = "[No Variations]"
Add component (AddParameter): Name = "ComponentLink1URL"; Value = "https://datasheet.ciiva.com/15196/getdatasheetpartid-499011-15196236.pdf?src-supplier=Verical"; VariantName = "[No Variations]"
Add component (AddParameter): Name = "ComponentLink2Description"; Value = "https://datasheet.ciiva.com/16449/rcseries-16449310.pdf?src-supplier=Future+Electronics"; VariantName = "[No Variations]"
Add component (AddParameter): Name = "ComponentLink2URL"; Value = "https://datasheet.ciiva.com/16449/rcseries-16449310.pdf?src-supplier=Future+Electronics"; VariantName = "[No Variations]"
Add component (AddParameter): Name = "Construction"; Value = "Rectangular"; VariantName = "[No Variations]"
Add component (AddParameter): Name = "Contact Plating"; Value = "Tin"; VariantName = "[No Variations]"
Add component (AddParameter): Name = "Depth"; Value = "0.5mm"; VariantName = "[No Variations]"
Add component (AddParameter): Name = "Features"; Value = "Moisture Resistant"; VariantName = "[No Variations]"
Add component (AddParameter): Name = "Height"; Value = "0.016inch"; VariantName = "[No Variations]"
Add component (AddParameter): Name = "Lead Free"; Value = "Lead Free"; VariantName = "[No Variations]"
Add component (AddParameter): Name = "Length"; Value = "1mm"; VariantName = "[No Variations]"
Add component (AddParameter): Name = "Manufacturer"; Value = "Samsung"; VariantName = "[No Variations]"
Add component (AddParameter): Name = "Manufacturer Part Number"; Value = "RC1005J000CS"; VariantName = "[No Variations]"
Add component (AddParameter): Name = "Max Operating Temperature"; Value = "125°C"; VariantName = "[No Variations]"
Add component (AddParameter): Name = "Max Power Dissipation"; Value = "63mW"; VariantName = "[No Variations]"
Add component (AddParameter): Name = "Military Standard"; Value = "Not"; VariantName = "[No Variations]"
Add component (AddParameter): Name = "Min Operating Temperature"; Value = "-55°C"; VariantName = "[No Variations]"
Add component (AddParameter): Name = "Mount"; Value = "Surface Mount"; VariantName = "[No Variations]"
Add component (AddParameter): Name = "Number of Terminations"; Value = "2"; VariantName = "[No Variations]"
Add component (AddParameter): Name = "Packaging"; Value = "Tape and Reel"; VariantName = "[No Variations]"
Add component (AddParameter): Name = "Power Rating"; Value = "63mW"; VariantName = "[No Variations]"
Add component (AddParameter): Name = "Pricing 1"; Value = "1=0.10000, 10=0.04200, 25=0.03040, 50=0.02300, 100=0.01700, 250=0.01296, 500=0.01036, 1000=0.00763, 5000=0.00547 (USD)"; VariantName = "[No Variations]"
Add component (AddParameter): Name = "Radiation Hardening"; Value = "No"; VariantName = "[No Variations]"
Add component (AddParameter): Name = "Resistance"; Value = "0R"; VariantName = "[No Variations]"
Add component (AddParameter): Name = "Resistor Type"; Value = "Thick Film"; VariantName = "[No Variations]"
Add component (AddParameter): Name = "RoHS"; Value = "Yes"; VariantName = "[No Variations]"
Add component (AddParameter): Name = "RoHS Compliant"; Value = "Yes"; VariantName = "[No Variations]"
Add component (AddParameter): Name = "Series"; Value = "RC"; VariantName = "[No Variations]"
Add component (AddParameter): Name = "Size Code"; Value = "0402"; VariantName = "[No Variations]"
Add component (AddParameter): Name = "Stock 1"; Value = "580"; VariantName = "[No Variations]"
Add component (AddParameter): Name = "Supplier 1"; Value = "Digi-Key"; VariantName = "[No Variations]"
Add component (AddParameter): Name = "Temperature Coefficient"; Value = "200ppm/°C"; VariantName = "[No Variations]"
Add component (AddParameter): Name = "Tolerance"; Value = "5%"; VariantName = "[No Variations]"
Add component (AddParameter): Name = "Voltage Rating (DC)"; Value = "50V"; VariantName = "[No Variations]"
Add component (AddParameter): Name = "Width"; Value = "0.02inch"; VariantName = "[No Variations]"
Added Component: Designator=R13(CAP_0402_1mm)
Add component (AddParameter): Name = "Case Code (Imperial)"; Value = "0402"; VariantName = "[No Variations]"
Add component (AddParameter): Name = "Case Code (Metric)"; Value = "1005"; VariantName = "[No Variations]"
Add component (AddParameter): Name = "Case/Package"; Value = "0402"; VariantName = "[No Variations]"
Add component (AddParameter): Name = "Category"; Value = "Chip SMD Resistors"; VariantName = "[No Variations]"
Add component (AddParameter): Name = "ComponentLink1Description"; Value = "https://datasheet.ciiva.com/15196/getdatasheetpartid-499011-15196236.pdf?src-supplier=Verical"; VariantName = "[No Variations]"
Add component (AddParameter): Name = "ComponentLink1URL"; Value = "https://datasheet.ciiva.com/15196/getdatasheetpartid-499011-15196236.pdf?src-supplier=Verical"; VariantName = "[No Variations]"
Add component (AddParameter): Name = "ComponentLink2Description"; Value = "https://datasheet.ciiva.com/16449/rcseries-16449310.pdf?src-supplier=Future+Electronics"; VariantName = "[No Variations]"
Add component (AddParameter): Name = "ComponentLink2URL"; Value = "https://datasheet.ciiva.com/16449/rcseries-16449310.pdf?src-supplier=Future+Electronics"; VariantName = "[No Variations]"
Add component (AddParameter): Name = "Construction"; Value = "Rectangular"; VariantName = "[No Variations]"
Add component (AddParameter): Name = "Contact Plating"; Value = "Tin"; VariantName = "[No Variations]"
Add component (AddParameter): Name = "Depth"; Value = "0.5mm"; VariantName = "[No Variations]"
Add component (AddParameter): Name = "Features"; Value = "Moisture Resistant"; VariantName = "[No Variations]"
Add component (AddParameter): Name = "Height"; Value = "0.016inch"; VariantName = "[No Variations]"
Add component (AddParameter): Name = "Lead Free"; Value = "Lead Free"; VariantName = "[No Variations]"
Add component (AddParameter): Name = "Length"; Value = "1mm"; VariantName = "[No Variations]"
Add component (AddParameter): Name = "Manufacturer"; Value = "Samsung"; VariantName = "[No Variations]"
Add component (AddParameter): Name = "Manufacturer Part Number"; Value = "RC1005J000CS"; VariantName = "[No Variations]"
Add component (AddParameter): Name = "Max Operating Temperature"; Value = "125°C"; VariantName = "[No Variations]"
Add component (AddParameter): Name = "Max Power Dissipation"; Value = "63mW"; VariantName = "[No Variations]"
Add component (AddParameter): Name = "Military Standard"; Value = "Not"; VariantName = "[No Variations]"
Add component (AddParameter): Name = "Min Operating Temperature"; Value = "-55°C"; VariantName = "[No Variations]"
Add component (AddParameter): Name = "Mount"; Value = "Surface Mount"; VariantName = "[No Variations]"
Add component (AddParameter): Name = "Number of Terminations"; Value = "2"; VariantName = "[No Variations]"
Add component (AddParameter): Name = "Packaging"; Value = "Tape and Reel"; VariantName = "[No Variations]"
Add component (AddParameter): Name = "Power Rating"; Value = "63mW"; VariantName = "[No Variations]"
Add component (AddParameter): Name = "Pricing 1"; Value = "1=0.10000, 10=0.04200, 25=0.03040, 50=0.02300, 100=0.01700, 250=0.01296, 500=0.01036, 1000=0.00763, 5000=0.00547 (USD)"; VariantName = "[No Variations]"
Add component (AddParameter): Name = "Radiation Hardening"; Value = "No"; VariantName = "[No Variations]"
Add component (AddParameter): Name = "Resistance"; Value = "0R"; VariantName = "[No Variations]"
Add component (AddParameter): Name = "Resistor Type"; Value = "Thick Film"; VariantName = "[No Variations]"
Add component (AddParameter): Name = "RoHS"; Value = "Yes"; VariantName = "[No Variations]"
Add component (AddParameter): Name = "RoHS Compliant"; Value = "Yes"; VariantName = "[No Variations]"
Add component (AddParameter): Name = "Series"; Value = "RC"; VariantName = "[No Variations]"
Add component (AddParameter): Name = "Size Code"; Value = "0402"; VariantName = "[No Variations]"
Add component (AddParameter): Name = "Stock 1"; Value = "580"; VariantName = "[No Variations]"
Add component (AddParameter): Name = "Supplier 1"; Value = "Digi-Key"; VariantName = "[No Variations]"
Add component (AddParameter): Name = "Temperature Coefficient"; Value = "200ppm/°C"; VariantName = "[No Variations]"
Add component (AddParameter): Name = "Tolerance"; Value = "5%"; VariantName = "[No Variations]"
Add component (AddParameter): Name = "Voltage Rating (DC)"; Value = "50V"; VariantName = "[No Variations]"
Add component (AddParameter): Name = "Width"; Value = "0.02inch"; VariantName = "[No Variations]"
Added Component: Designator=R14(2_Chip_0603_RMCF)
Add component (AddParameter): Name = "Case Code (Imperial)"; Value = "0603"; VariantName = "[No Variations]"
Add component (AddParameter): Name = "Case Code (Metric)"; Value = "1608"; VariantName = "[No Variations]"
Add component (AddParameter): Name = "Case/Package"; Value = "0603"; VariantName = "[No Variations]"
Add component (AddParameter): Name = "Category"; Value = "Chip SMD Resistors"; VariantName = "[No Variations]"
Add component (AddParameter): Name = "ComponentLink1Description"; Value = "https://www.seielect.com/catalog/sei-rmcf_rmcp.pdf?src-supplier=Digi-Key"; VariantName = "[No Variations]"
Add component (AddParameter): Name = "ComponentLink1URL"; Value = "https://www.seielect.com/catalog/sei-rmcf_rmcp.pdf?src-supplier=Digi-Key"; VariantName = "[No Variations]"
Add component (AddParameter): Name = "ComponentLink2Description"; Value = "https://www.seielect.com/catalog/SEI-RMCF_RMCP.pdf?src-supplier=Avnet"; VariantName = "[No Variations]"
Add component (AddParameter): Name = "ComponentLink2URL"; Value = "https://www.seielect.com/catalog/SEI-RMCF_RMCP.pdf?src-supplier=Avnet"; VariantName = "[No Variations]"
Add component (AddParameter): Name = "ComponentLink3Description"; Value = "https://www.seielect.com/catalog/SEI-Packaging.pdf?src-supplier=Avnet"; VariantName = "[No Variations]"
Add component (AddParameter): Name = "ComponentLink3URL"; Value = "https://www.seielect.com/catalog/SEI-Packaging.pdf?src-supplier=Avnet"; VariantName = "[No Variations]"
Add component (AddParameter): Name = "ComponentLink4Description"; Value = "https://www.seielect.com/catalog/SEI-Packaging.pdf?src-supplier=Arrow+Electronics"; VariantName = "[No Variations]"
Add component (AddParameter): Name = "ComponentLink4URL"; Value = "https://www.seielect.com/catalog/SEI-Packaging.pdf?src-supplier=Arrow+Electronics"; VariantName = "[No Variations]"
Add component (AddParameter): Name = "ComponentLink5Description"; Value = "https://www.seielect.com/catalog/SEI-RMCF_RMCP.pdf?src-supplier=Avnet+Asia"; VariantName = "[No Variations]"
Add component (AddParameter): Name = "ComponentLink5URL"; Value = "https://www.seielect.com/catalog/SEI-RMCF_RMCP.pdf?src-supplier=Avnet+Asia"; VariantName = "[No Variations]"
Add component (AddParameter): Name = "ComponentLink6Description"; Value = "http://www.seielect.com/Catalog/SEI-rmc.pdf?src-supplier=Future+Electronics"; VariantName = "[No Variations]"
Add component (AddParameter): Name = "ComponentLink6URL"; Value = "http://www.seielect.com/Catalog/SEI-rmc.pdf?src-supplier=Future+Electronics"; VariantName = "[No Variations]"
Add component (AddParameter): Name = "ComponentLink7Description"; Value = "https://www.seielect.com/catalog/SEI-Packaging.pdf?src-supplier=Verical"; VariantName = "[No Variations]"
Add component (AddParameter): Name = "ComponentLink7URL"; Value = "https://www.seielect.com/catalog/SEI-Packaging.pdf?src-supplier=Verical"; VariantName = "[No Variations]"
Add component (AddParameter): Name = "ComponentLink8Description"; Value = "https://www.seielect.com/catalog/SEI-Packaging.pdf?src-supplier=Quest"; VariantName = "[No Variations]"
Add component (AddParameter): Name = "ComponentLink8URL"; Value = "https://www.seielect.com/catalog/SEI-Packaging.pdf?src-supplier=Quest"; VariantName = "[No Variations]"
Add component (AddParameter): Name = "Construction"; Value = "Rectangular"; VariantName = "[No Variations]"
Add component (AddParameter): Name = "Contact Plating"; Value = "Tin,Matte"; VariantName = "[No Variations]"
Add component (AddParameter): Name = "Depth"; Value = "0.8mm"; VariantName = "[No Variations]"
Add component (AddParameter): Name = "Features"; Value = "Automotive AEC-Q200"; VariantName = "[No Variations]"
Add component (AddParameter): Name = "Height"; Value = "0.022inch"; VariantName = "[No Variations]"
Add component (AddParameter): Name = "Lead Free"; Value = "Lead Free"; VariantName = "[No Variations]"
Add component (AddParameter): Name = "Length"; Value = "1.55mm"; VariantName = "[No Variations]"
Add component (AddParameter): Name = "Manufacturer"; Value = "Stackpole Electronics"; VariantName = "[No Variations]"
Add component (AddParameter): Name = "Manufacturer Part Number"; Value = "RMCF0603FT1K00"; VariantName = "[No Variations]"
Add component (AddParameter): Name = "Max Operating Temperature"; Value = "155°C"; VariantName = "[No Variations]"
Add component (AddParameter): Name = "Max Power Dissipation"; Value = "100mW"; VariantName = "[No Variations]"
Add component (AddParameter): Name = "Military Standard"; Value = "Not"; VariantName = "[No Variations]"
Add component (AddParameter): Name = "Min Operating Temperature"; Value = "-55°C"; VariantName = "[No Variations]"
Add component (AddParameter): Name = "Mount"; Value = "Surface Mount"; VariantName = "[No Variations]"
Add component (AddParameter): Name = "Number of Terminations"; Value = "2"; VariantName = "[No Variations]"
Add component (AddParameter): Name = "Packaging"; Value = "Tape and Reel"; VariantName = "[No Variations]"
Add component (AddParameter): Name = "Power Rating"; Value = "100mW"; VariantName = "[No Variations]"
Add component (AddParameter): Name = "Pricing 1"; Value = "1=0.10000, 10=0.01700, 100=0.00680, 1000=0.00305, 2500=0.00264 (USD)"; VariantName = "[No Variations]"
Add component (AddParameter): Name = "Radiation Hardening"; Value = "No"; VariantName = "[No Variations]"
Add component (AddParameter): Name = "Resistance"; Value = "1kR"; VariantName = "[No Variations]"
Add component (AddParameter): Name = "Resistor Type"; Value = "Thick Film"; VariantName = "[No Variations]"
Add component (AddParameter): Name = "RoHS"; Value = "Yes"; VariantName = "[No Variations]"
Add component (AddParameter): Name = "RoHS Compliant"; Value = "Yes"; VariantName = "[No Variations]"
Add component (AddParameter): Name = "Series"; Value = "RMCF"; VariantName = "[No Variations]"
Add component (AddParameter): Name = "Size Code"; Value = "0603"; VariantName = "[No Variations]"
Add component (AddParameter): Name = "Supplier 1"; Value = "Digi-Key"; VariantName = "[No Variations]"
Add component (AddParameter): Name = "Temperature Coefficient"; Value = "100ppm/°C"; VariantName = "[No Variations]"
Add component (AddParameter): Name = "Tolerance"; Value = "1%"; VariantName = "[No Variations]"
Add component (AddParameter): Name = "Width"; Value = "0.031inch"; VariantName = "[No Variations]"
Added Component: Designator=R15(2_Chip_0603_RMCF)
Add component (AddParameter): Name = "Case Code (Imperial)"; Value = "0603"; VariantName = "[No Variations]"
Add component (AddParameter): Name = "Case Code (Metric)"; Value = "1608"; VariantName = "[No Variations]"
Add component (AddParameter): Name = "Case/Package"; Value = "0603"; VariantName = "[No Variations]"
Add component (AddParameter): Name = "Category"; Value = "Chip SMD Resistors"; VariantName = "[No Variations]"
Add component (AddParameter): Name = "ComponentLink1Description"; Value = "https://www.seielect.com/catalog/sei-rmcf_rmcp.pdf?src-supplier=Digi-Key"; VariantName = "[No Variations]"
Add component (AddParameter): Name = "ComponentLink1URL"; Value = "https://www.seielect.com/catalog/sei-rmcf_rmcp.pdf?src-supplier=Digi-Key"; VariantName = "[No Variations]"
Add component (AddParameter): Name = "ComponentLink2Description"; Value = "https://www.seielect.com/catalog/SEI-RMCF_RMCP.pdf?src-supplier=Avnet"; VariantName = "[No Variations]"
Add component (AddParameter): Name = "ComponentLink2URL"; Value = "https://www.seielect.com/catalog/SEI-RMCF_RMCP.pdf?src-supplier=Avnet"; VariantName = "[No Variations]"
Add component (AddParameter): Name = "ComponentLink3Description"; Value = "https://www.seielect.com/catalog/SEI-Packaging.pdf?src-supplier=Avnet"; VariantName = "[No Variations]"
Add component (AddParameter): Name = "ComponentLink3URL"; Value = "https://www.seielect.com/catalog/SEI-Packaging.pdf?src-supplier=Avnet"; VariantName = "[No Variations]"
Add component (AddParameter): Name = "ComponentLink4Description"; Value = "https://www.seielect.com/catalog/SEI-Packaging.pdf?src-supplier=Arrow+Electronics"; VariantName = "[No Variations]"
Add component (AddParameter): Name = "ComponentLink4URL"; Value = "https://www.seielect.com/catalog/SEI-Packaging.pdf?src-supplier=Arrow+Electronics"; VariantName = "[No Variations]"
Add component (AddParameter): Name = "ComponentLink5Description"; Value = "https://www.seielect.com/catalog/SEI-RMCF_RMCP.pdf?src-supplier=Avnet+Asia"; VariantName = "[No Variations]"
Add component (AddParameter): Name = "ComponentLink5URL"; Value = "https://www.seielect.com/catalog/SEI-RMCF_RMCP.pdf?src-supplier=Avnet+Asia"; VariantName = "[No Variations]"
Add component (AddParameter): Name = "ComponentLink6Description"; Value = "http://www.seielect.com/Catalog/SEI-rmc.pdf?src-supplier=Future+Electronics"; VariantName = "[No Variations]"
Add component (AddParameter): Name = "ComponentLink6URL"; Value = "http://www.seielect.com/Catalog/SEI-rmc.pdf?src-supplier=Future+Electronics"; VariantName = "[No Variations]"
Add component (AddParameter): Name = "ComponentLink7Description"; Value = "https://www.seielect.com/catalog/SEI-Packaging.pdf?src-supplier=Verical"; VariantName = "[No Variations]"
Add component (AddParameter): Name = "ComponentLink7URL"; Value = "https://www.seielect.com/catalog/SEI-Packaging.pdf?src-supplier=Verical"; VariantName = "[No Variations]"
Add component (AddParameter): Name = "ComponentLink8Description"; Value = "https://www.seielect.com/catalog/SEI-Packaging.pdf?src-supplier=Quest"; VariantName = "[No Variations]"
Add component (AddParameter): Name = "ComponentLink8URL"; Value = "https://www.seielect.com/catalog/SEI-Packaging.pdf?src-supplier=Quest"; VariantName = "[No Variations]"
Add component (AddParameter): Name = "Construction"; Value = "Rectangular"; VariantName = "[No Variations]"
Add component (AddParameter): Name = "Contact Plating"; Value = "Tin,Matte"; VariantName = "[No Variations]"
Add component (AddParameter): Name = "Depth"; Value = "0.8mm"; VariantName = "[No Variations]"
Add component (AddParameter): Name = "Features"; Value = "Automotive AEC-Q200"; VariantName = "[No Variations]"
Add component (AddParameter): Name = "Height"; Value = "0.022inch"; VariantName = "[No Variations]"
Add component (AddParameter): Name = "Lead Free"; Value = "Lead Free"; VariantName = "[No Variations]"
Add component (AddParameter): Name = "Length"; Value = "1.55mm"; VariantName = "[No Variations]"
Add component (AddParameter): Name = "Manufacturer"; Value = "Stackpole Electronics"; VariantName = "[No Variations]"
Add component (AddParameter): Name = "Manufacturer Part Number"; Value = "RMCF0603FT1K00"; VariantName = "[No Variations]"
Add component (AddParameter): Name = "Max Operating Temperature"; Value = "155°C"; VariantName = "[No Variations]"
Add component (AddParameter): Name = "Max Power Dissipation"; Value = "100mW"; VariantName = "[No Variations]"
Add component (AddParameter): Name = "Military Standard"; Value = "Not"; VariantName = "[No Variations]"
Add component (AddParameter): Name = "Min Operating Temperature"; Value = "-55°C"; VariantName = "[No Variations]"
Add component (AddParameter): Name = "Mount"; Value = "Surface Mount"; VariantName = "[No Variations]"
Add component (AddParameter): Name = "Number of Terminations"; Value = "2"; VariantName = "[No Variations]"
Add component (AddParameter): Name = "Packaging"; Value = "Tape and Reel"; VariantName = "[No Variations]"
Add component (AddParameter): Name = "Power Rating"; Value = "100mW"; VariantName = "[No Variations]"
Add component (AddParameter): Name = "Pricing 1"; Value = "1=0.10000, 10=0.01700, 100=0.00680, 1000=0.00305, 2500=0.00264 (USD)"; VariantName = "[No Variations]"
Add component (AddParameter): Name = "Radiation Hardening"; Value = "No"; VariantName = "[No Variations]"
Add component (AddParameter): Name = "Resistance"; Value = "1kR"; VariantName = "[No Variations]"
Add component (AddParameter): Name = "Resistor Type"; Value = "Thick Film"; VariantName = "[No Variations]"
Add component (AddParameter): Name = "RoHS"; Value = "Yes"; VariantName = "[No Variations]"
Add component (AddParameter): Name = "RoHS Compliant"; Value = "Yes"; VariantName = "[No Variations]"
Add component (AddParameter): Name = "Series"; Value = "RMCF"; VariantName = "[No Variations]"
Add component (AddParameter): Name = "Size Code"; Value = "0603"; VariantName = "[No Variations]"
Add component (AddParameter): Name = "Supplier 1"; Value = "Digi-Key"; VariantName = "[No Variations]"
Add component (AddParameter): Name = "Temperature Coefficient"; Value = "100ppm/°C"; VariantName = "[No Variations]"
Add component (AddParameter): Name = "Tolerance"; Value = "1%"; VariantName = "[No Variations]"
Add component (AddParameter): Name = "Width"; Value = "0.031inch"; VariantName = "[No Variations]"
Added Component: Designator=R16(2_Chip_0603_RMCF)
Add component (AddParameter): Name = "Case Code (Imperial)"; Value = "0603"; VariantName = "[No Variations]"
Add component (AddParameter): Name = "Case Code (Metric)"; Value = "1608"; VariantName = "[No Variations]"
Add component (AddParameter): Name = "Case/Package"; Value = "0603"; VariantName = "[No Variations]"
Add component (AddParameter): Name = "Category"; Value = "Chip SMD Resistors"; VariantName = "[No Variations]"
Add component (AddParameter): Name = "ComponentLink1Description"; Value = "https://www.seielect.com/catalog/sei-rmcf_rmcp.pdf?src-supplier=Digi-Key"; VariantName = "[No Variations]"
Add component (AddParameter): Name = "ComponentLink1URL"; Value = "https://www.seielect.com/catalog/sei-rmcf_rmcp.pdf?src-supplier=Digi-Key"; VariantName = "[No Variations]"
Add component (AddParameter): Name = "ComponentLink2Description"; Value = "https://www.seielect.com/catalog/SEI-RMCF_RMCP.pdf?src-supplier=Avnet"; VariantName = "[No Variations]"
Add component (AddParameter): Name = "ComponentLink2URL"; Value = "https://www.seielect.com/catalog/SEI-RMCF_RMCP.pdf?src-supplier=Avnet"; VariantName = "[No Variations]"
Add component (AddParameter): Name = "ComponentLink3Description"; Value = "https://www.seielect.com/catalog/SEI-Packaging.pdf?src-supplier=Avnet"; VariantName = "[No Variations]"
Add component (AddParameter): Name = "ComponentLink3URL"; Value = "https://www.seielect.com/catalog/SEI-Packaging.pdf?src-supplier=Avnet"; VariantName = "[No Variations]"
Add component (AddParameter): Name = "ComponentLink4Description"; Value = "https://www.seielect.com/catalog/SEI-Packaging.pdf?src-supplier=Arrow+Electronics"; VariantName = "[No Variations]"
Add component (AddParameter): Name = "ComponentLink4URL"; Value = "https://www.seielect.com/catalog/SEI-Packaging.pdf?src-supplier=Arrow+Electronics"; VariantName = "[No Variations]"
Add component (AddParameter): Name = "ComponentLink5Description"; Value = "https://www.seielect.com/catalog/SEI-RMCF_RMCP.pdf?src-supplier=Avnet+Asia"; VariantName = "[No Variations]"
Add component (AddParameter): Name = "ComponentLink5URL"; Value = "https://www.seielect.com/catalog/SEI-RMCF_RMCP.pdf?src-supplier=Avnet+Asia"; VariantName = "[No Variations]"
Add component (AddParameter): Name = "ComponentLink6Description"; Value = "http://www.seielect.com/Catalog/SEI-rmc.pdf?src-supplier=Future+Electronics"; VariantName = "[No Variations]"
Add component (AddParameter): Name = "ComponentLink6URL"; Value = "http://www.seielect.com/Catalog/SEI-rmc.pdf?src-supplier=Future+Electronics"; VariantName = "[No Variations]"
Add component (AddParameter): Name = "ComponentLink7Description"; Value = "https://www.seielect.com/catalog/SEI-Packaging.pdf?src-supplier=Verical"; VariantName = "[No Variations]"
Add component (AddParameter): Name = "ComponentLink7URL"; Value = "https://www.seielect.com/catalog/SEI-Packaging.pdf?src-supplier=Verical"; VariantName = "[No Variations]"
Add component (AddParameter): Name = "ComponentLink8Description"; Value = "https://www.seielect.com/catalog/SEI-Packaging.pdf?src-supplier=Quest"; VariantName = "[No Variations]"
Add component (AddParameter): Name = "ComponentLink8URL"; Value = "https://www.seielect.com/catalog/SEI-Packaging.pdf?src-supplier=Quest"; VariantName = "[No Variations]"
Add component (AddParameter): Name = "Construction"; Value = "Rectangular"; VariantName = "[No Variations]"
Add component (AddParameter): Name = "Contact Plating"; Value = "Tin,Matte"; VariantName = "[No Variations]"
Add component (AddParameter): Name = "Depth"; Value = "0.8mm"; VariantName = "[No Variations]"
Add component (AddParameter): Name = "Features"; Value = "Automotive AEC-Q200"; VariantName = "[No Variations]"
Add component (AddParameter): Name = "Height"; Value = "0.022inch"; VariantName = "[No Variations]"
Add component (AddParameter): Name = "Lead Free"; Value = "Lead Free"; VariantName = "[No Variations]"
Add component (AddParameter): Name = "Length"; Value = "1.55mm"; VariantName = "[No Variations]"
Add component (AddParameter): Name = "Manufacturer"; Value = "Stackpole Electronics"; VariantName = "[No Variations]"
Add component (AddParameter): Name = "Manufacturer Part Number"; Value = "RMCF0603FT1K00"; VariantName = "[No Variations]"
Add component (AddParameter): Name = "Max Operating Temperature"; Value = "155°C"; VariantName = "[No Variations]"
Add component (AddParameter): Name = "Max Power Dissipation"; Value = "100mW"; VariantName = "[No Variations]"
Add component (AddParameter): Name = "Military Standard"; Value = "Not"; VariantName = "[No Variations]"
Add component (AddParameter): Name = "Min Operating Temperature"; Value = "-55°C"; VariantName = "[No Variations]"
Add component (AddParameter): Name = "Mount"; Value = "Surface Mount"; VariantName = "[No Variations]"
Add component (AddParameter): Name = "Number of Terminations"; Value = "2"; VariantName = "[No Variations]"
Add component (AddParameter): Name = "Packaging"; Value = "Tape and Reel"; VariantName = "[No Variations]"
Add component (AddParameter): Name = "Power Rating"; Value = "100mW"; VariantName = "[No Variations]"
Add component (AddParameter): Name = "Pricing 1"; Value = "1=0.10000, 10=0.01700, 100=0.00680, 1000=0.00305, 2500=0.00264 (USD)"; VariantName = "[No Variations]"
Add component (AddParameter): Name = "Radiation Hardening"; Value = "No"; VariantName = "[No Variations]"
Add component (AddParameter): Name = "Resistance"; Value = "1kR"; VariantName = "[No Variations]"
Add component (AddParameter): Name = "Resistor Type"; Value = "Thick Film"; VariantName = "[No Variations]"
Add component (AddParameter): Name = "RoHS"; Value = "Yes"; VariantName = "[No Variations]"
Add component (AddParameter): Name = "RoHS Compliant"; Value = "Yes"; VariantName = "[No Variations]"
Add component (AddParameter): Name = "Series"; Value = "RMCF"; VariantName = "[No Variations]"
Add component (AddParameter): Name = "Size Code"; Value = "0603"; VariantName = "[No Variations]"
Add component (AddParameter): Name = "Supplier 1"; Value = "Digi-Key"; VariantName = "[No Variations]"
Add component (AddParameter): Name = "Temperature Coefficient"; Value = "100ppm/°C"; VariantName = "[No Variations]"
Add component (AddParameter): Name = "Tolerance"; Value = "1%"; VariantName = "[No Variations]"
Add component (AddParameter): Name = "Width"; Value = "0.031inch"; VariantName = "[No Variations]"
Add Component: Footprint Not Found CAP_0603_1MM
Added Component: Designator=R18(2_Chip_0603_RMCF)
Add component (AddParameter): Name = "Case Code (Imperial)"; Value = "0603"; VariantName = "[No Variations]"
Add component (AddParameter): Name = "Case Code (Metric)"; Value = "1608"; VariantName = "[No Variations]"
Add component (AddParameter): Name = "Case/Package"; Value = "0603"; VariantName = "[No Variations]"
Add component (AddParameter): Name = "Category"; Value = "Chip SMD Resistors"; VariantName = "[No Variations]"
Add component (AddParameter): Name = "ComponentLink1Description"; Value = "https://datasheet.ciiva.com/15215/getdatasheetpartid-360413-15215981.pdf?src-supplier=Verical"; VariantName = "[No Variations]"
Add component (AddParameter): Name = "ComponentLink1URL"; Value = "https://datasheet.ciiva.com/15215/getdatasheetpartid-360413-15215981.pdf?src-supplier=Verical"; VariantName = "[No Variations]"
Add component (AddParameter): Name = "Construction"; Value = "Rectangular"; VariantName = "[No Variations]"
Add component (AddParameter): Name = "Contact Plating"; Value = "Tin,Matte"; VariantName = "[No Variations]"
Add component (AddParameter): Name = "Depth"; Value = "0.8mm"; VariantName = "[No Variations]"
Add component (AddParameter): Name = "Features"; Value = "Automotive AEC-Q200"; VariantName = "[No Variations]"
Add component (AddParameter): Name = "Height"; Value = "0.022inch"; VariantName = "[No Variations]"
Add component (AddParameter): Name = "Lead Free"; Value = "Lead Free"; VariantName = "[No Variations]"
Add component (AddParameter): Name = "Length"; Value = "1.55mm"; VariantName = "[No Variations]"
Add component (AddParameter): Name = "Manufacturer"; Value = "Stackpole Electronics"; VariantName = "[No Variations]"
Add component (AddParameter): Name = "Manufacturer Part Number"; Value = "RMCF0603FT100R"; VariantName = "[No Variations]"
Add component (AddParameter): Name = "Max Operating Temperature"; Value = "155°C"; VariantName = "[No Variations]"
Add component (AddParameter): Name = "Max Power Dissipation"; Value = "100mW"; VariantName = "[No Variations]"
Add component (AddParameter): Name = "Military Standard"; Value = "Not"; VariantName = "[No Variations]"
Add component (AddParameter): Name = "Min Operating Temperature"; Value = "-55°C"; VariantName = "[No Variations]"
Add component (AddParameter): Name = "Mount"; Value = "Surface Mount"; VariantName = "[No Variations]"
Add component (AddParameter): Name = "Number of Terminations"; Value = "2"; VariantName = "[No Variations]"
Add component (AddParameter): Name = "Packaging"; Value = "Tape and Reel"; VariantName = "[No Variations]"
Add component (AddParameter): Name = "Power Rating"; Value = "100mW"; VariantName = "[No Variations]"
Add component (AddParameter): Name = "Pricing 1"; Value = "1=0.10000, 10=0.01700, 100=0.00680, 1000=0.00305, 2500=0.00264 (USD)"; VariantName = "[No Variations]"
Add component (AddParameter): Name = "Radiation Hardening"; Value = "No"; VariantName = "[No Variations]"
Add component (AddParameter): Name = "Resistance"; Value = "100R"; VariantName = "[No Variations]"
Add component (AddParameter): Name = "Resistor Type"; Value = "Thick Film"; VariantName = "[No Variations]"
Add component (AddParameter): Name = "RoHS"; Value = "Yes"; VariantName = "[No Variations]"
Add component (AddParameter): Name = "RoHS Compliant"; Value = "Yes"; VariantName = "[No Variations]"
Add component (AddParameter): Name = "Series"; Value = "RMCF"; VariantName = "[No Variations]"
Add component (AddParameter): Name = "Size Code"; Value = "0603"; VariantName = "[No Variations]"
Add component (AddParameter): Name = "Supplier 1"; Value = "Digi-Key"; VariantName = "[No Variations]"
Add component (AddParameter): Name = "Temperature Coefficient"; Value = "100ppm/°C"; VariantName = "[No Variations]"
Add component (AddParameter): Name = "Tolerance"; Value = "1%"; VariantName = "[No Variations]"
Add component (AddParameter): Name = "Width"; Value = "0.031inch"; VariantName = "[No Variations]"
Added Component: Designator=R19(2_Chip_0603_RMCF)
Add component (AddParameter): Name = "Case Code (Imperial)"; Value = "0603"; VariantName = "[No Variations]"
Add component (AddParameter): Name = "Case Code (Metric)"; Value = "1608"; VariantName = "[No Variations]"
Add component (AddParameter): Name = "Case/Package"; Value = "0603"; VariantName = "[No Variations]"
Add component (AddParameter): Name = "Category"; Value = "Chip SMD Resistors"; VariantName = "[No Variations]"
Add component (AddParameter): Name = "ComponentLink1Description"; Value = "http://components.arrow.com/part/dataview/47093497S7925112N1174?src-supplier=Arrow+Electronics"; VariantName = "[No Variations]"
Add component (AddParameter): Name = "ComponentLink1URL"; Value = "http://components.arrow.com/part/dataview/47093497S7925112N1174?src-supplier=Arrow+Electronics"; VariantName = "[No Variations]"
Add component (AddParameter): Name = "ComponentLink2Description"; Value = "https://www.seielect.com/catalog/SEI-RMCF_RMCP.pdf?src-supplier=Avnet"; VariantName = "[No Variations]"
Add component (AddParameter): Name = "ComponentLink2URL"; Value = "https://www.seielect.com/catalog/SEI-RMCF_RMCP.pdf?src-supplier=Avnet"; VariantName = "[No Variations]"
Add component (AddParameter): Name = "ComponentLink3Description"; Value = "https://www.verical.com/server-webapp/html/getDatasheet?partID=691637&src-supplier=Verical"; VariantName = "[No Variations]"
Add component (AddParameter): Name = "ComponentLink3URL"; Value = "https://www.verical.com/server-webapp/html/getDatasheet?partID=691637&src-supplier=Verical"; VariantName = "[No Variations]"
Add component (AddParameter): Name = "ComponentLink4Description"; Value = "https://www.seielect.com/catalog/SEI-Packaging.pdf?src-supplier=Digi-Key"; VariantName = "[No Variations]"
Add component (AddParameter): Name = "ComponentLink4URL"; Value = "https://www.seielect.com/catalog/SEI-Packaging.pdf?src-supplier=Digi-Key"; VariantName = "[No Variations]"
Add component (AddParameter): Name = "Construction"; Value = "Rectangular"; VariantName = "[No Variations]"
Add component (AddParameter): Name = "Contact Plating"; Value = "Tin,Matte"; VariantName = "[No Variations]"
Add component (AddParameter): Name = "Depth"; Value = "0.8mm"; VariantName = "[No Variations]"
Add component (AddParameter): Name = "Features"; Value = "Automotive AEC-Q200"; VariantName = "[No Variations]"
Add component (AddParameter): Name = "Height"; Value = "0.022inch"; VariantName = "[No Variations]"
Add component (AddParameter): Name = "Lead Free"; Value = "Lead Free"; VariantName = "[No Variations]"
Add component (AddParameter): Name = "Length"; Value = "0.061inch"; VariantName = "[No Variations]"
Add component (AddParameter): Name = "Manufacturer"; Value = "Stackpole Electronics"; VariantName = "[No Variations]"
Add component (AddParameter): Name = "Manufacturer Part Number"; Value = "RMCF0603FT10M0"; VariantName = "[No Variations]"
Add component (AddParameter): Name = "Max Operating Temperature"; Value = "155°C"; VariantName = "[No Variations]"
Add component (AddParameter): Name = "Max Power Dissipation"; Value = "100mW"; VariantName = "[No Variations]"
Add component (AddParameter): Name = "Military Standard"; Value = "Not"; VariantName = "[No Variations]"
Add component (AddParameter): Name = "Min Operating Temperature"; Value = "-55°C"; VariantName = "[No Variations]"
Add component (AddParameter): Name = "Mount"; Value = "Surface Mount"; VariantName = "[No Variations]"
Add component (AddParameter): Name = "Number of Terminations"; Value = "2"; VariantName = "[No Variations]"
Add component (AddParameter): Name = "Packaging"; Value = "Tape and Reel"; VariantName = "[No Variations]"
Add component (AddParameter): Name = "Pricing 1"; Value = "1=0.10000, 10=0.02500, 100=0.01020, 1000=0.00457, 2500=0.00397 (USD)"; VariantName = "[No Variations]"
Add component (AddParameter): Name = "Radiation Hardening"; Value = "No"; VariantName = "[No Variations]"
Add component (AddParameter): Name = "Resistance"; Value = "10MR"; VariantName = "[No Variations]"
Add component (AddParameter): Name = "Resistor Type"; Value = "Thick Film"; VariantName = "[No Variations]"
Add component (AddParameter): Name = "RoHS"; Value = "Yes"; VariantName = "[No Variations]"
Add component (AddParameter): Name = "RoHS Compliant"; Value = "Yes"; VariantName = "[No Variations]"
Add component (AddParameter): Name = "Series"; Value = "RMCF"; VariantName = "[No Variations]"
Add component (AddParameter): Name = "Stock 1"; Value = "127846"; VariantName = "[No Variations]"
Add component (AddParameter): Name = "Supplier 1"; Value = "Digi-Key"; VariantName = "[No Variations]"
Add component (AddParameter): Name = "Temperature Coefficient"; Value = "200ppm/°C"; VariantName = "[No Variations]"
Add component (AddParameter): Name = "Tolerance"; Value = "1%"; VariantName = "[No Variations]"
Add component (AddParameter): Name = "Width"; Value = "0.031inch"; VariantName = "[No Variations]"
Added Component: Designator=R20(2_Chip_0603_RMCF)
Add component (AddParameter): Name = "Case Code (Imperial)"; Value = "0603"; VariantName = "[No Variations]"
Add component (AddParameter): Name = "Case Code (Metric)"; Value = "1608"; VariantName = "[No Variations]"
Add component (AddParameter): Name = "Case/Package"; Value = "0603"; VariantName = "[No Variations]"
Add component (AddParameter): Name = "Category"; Value = "Chip SMD Resistors"; VariantName = "[No Variations]"
Add component (AddParameter): Name = "ComponentLink1Description"; Value = "https://datasheet.ciiva.com/26875/getdatasheetpartid-719436-26875364.pdf?src-supplier=Verical"; VariantName = "[No Variations]"
Add component (AddParameter): Name = "ComponentLink1URL"; Value = "https://datasheet.ciiva.com/26875/getdatasheetpartid-719436-26875364.pdf?src-supplier=Verical"; VariantName = "[No Variations]"
Add component (AddParameter): Name = "Construction"; Value = "Rectangular"; VariantName = "[No Variations]"
Add component (AddParameter): Name = "Contact Plating"; Value = "Tin,Matte"; VariantName = "[No Variations]"
Add component (AddParameter): Name = "Depth"; Value = "0.8mm"; VariantName = "[No Variations]"
Add component (AddParameter): Name = "Features"; Value = "Automotive AEC-Q200"; VariantName = "[No Variations]"
Add component (AddParameter): Name = "Height"; Value = "0.022inch"; VariantName = "[No Variations]"
Add component (AddParameter): Name = "Length"; Value = "0.061inch"; VariantName = "[No Variations]"
Add component (AddParameter): Name = "Manufacturer"; Value = "Stackpole Electronics"; VariantName = "[No Variations]"
Add component (AddParameter): Name = "Manufacturer Part Number"; Value = "RMCF0603FT2M00"; VariantName = "[No Variations]"
Add component (AddParameter): Name = "Max Operating Temperature"; Value = "155°C"; VariantName = "[No Variations]"
Add component (AddParameter): Name = "Max Power Dissipation"; Value = "100mW"; VariantName = "[No Variations]"
Add component (AddParameter): Name = "Military Standard"; Value = "Not"; VariantName = "[No Variations]"
Add component (AddParameter): Name = "Min Operating Temperature"; Value = "-55°C"; VariantName = "[No Variations]"
Add component (AddParameter): Name = "Mount"; Value = "Surface Mount"; VariantName = "[No Variations]"
Add component (AddParameter): Name = "Number of Terminations"; Value = "2"; VariantName = "[No Variations]"
Add component (AddParameter): Name = "Packaging"; Value = "Tape and Reel"; VariantName = "[No Variations]"
Add component (AddParameter): Name = "Pricing 1"; Value = "1=0.10000, 10=0.02500, 100=0.01020, 1000=0.00457, 2500=0.00397 (USD)"; VariantName = "[No Variations]"
Add component (AddParameter): Name = "Radiation Hardening"; Value = "No"; VariantName = "[No Variations]"
Add component (AddParameter): Name = "Resistance"; Value = "2MR"; VariantName = "[No Variations]"
Add component (AddParameter): Name = "Resistor Type"; Value = "Thick Film"; VariantName = "[No Variations]"
Add component (AddParameter): Name = "RoHS"; Value = "Yes"; VariantName = "[No Variations]"
Add component (AddParameter): Name = "RoHS Compliant"; Value = "Yes"; VariantName = "[No Variations]"
Add component (AddParameter): Name = "Series"; Value = "RMCF"; VariantName = "[No Variations]"
Add component (AddParameter): Name = "Stock 1"; Value = "2082"; VariantName = "[No Variations]"
Add component (AddParameter): Name = "Supplier 1"; Value = "Digi-Key"; VariantName = "[No Variations]"
Add component (AddParameter): Name = "Temperature Coefficient"; Value = "200ppm/°C"; VariantName = "[No Variations]"
Add component (AddParameter): Name = "Tolerance"; Value = "1%"; VariantName = "[No Variations]"
Add component (AddParameter): Name = "Width"; Value = "0.031inch"; VariantName = "[No Variations]"
Added Component: Designator=R21(CAP_0402_1mm)
Add component (AddParameter): Name = "Case Code (Imperial)"; Value = "0402"; VariantName = "[No Variations]"
Add component (AddParameter): Name = "Case Code (Metric)"; Value = "1005"; VariantName = "[No Variations]"
Add component (AddParameter): Name = "Case/Package"; Value = "0402"; VariantName = "[No Variations]"
Add component (AddParameter): Name = "Category"; Value = "Chip SMD Resistors"; VariantName = "[No Variations]"
Add component (AddParameter): Name = "ComponentLink1Description"; Value = "https://datasheet.ciiva.com/15196/getdatasheetpartid-499011-15196236.pdf?src-supplier=Verical"; VariantName = "[No Variations]"
Add component (AddParameter): Name = "ComponentLink1URL"; Value = "https://datasheet.ciiva.com/15196/getdatasheetpartid-499011-15196236.pdf?src-supplier=Verical"; VariantName = "[No Variations]"
Add component (AddParameter): Name = "ComponentLink2Description"; Value = "https://datasheet.ciiva.com/16449/rcseries-16449310.pdf?src-supplier=Future+Electronics"; VariantName = "[No Variations]"
Add component (AddParameter): Name = "ComponentLink2URL"; Value = "https://datasheet.ciiva.com/16449/rcseries-16449310.pdf?src-supplier=Future+Electronics"; VariantName = "[No Variations]"
Add component (AddParameter): Name = "Construction"; Value = "Rectangular"; VariantName = "[No Variations]"
Add component (AddParameter): Name = "Contact Plating"; Value = "Tin"; VariantName = "[No Variations]"
Add component (AddParameter): Name = "Depth"; Value = "0.5mm"; VariantName = "[No Variations]"
Add component (AddParameter): Name = "Features"; Value = "Moisture Resistant"; VariantName = "[No Variations]"
Add component (AddParameter): Name = "Height"; Value = "0.016inch"; VariantName = "[No Variations]"
Add component (AddParameter): Name = "Lead Free"; Value = "Lead Free"; VariantName = "[No Variations]"
Add component (AddParameter): Name = "Length"; Value = "1mm"; VariantName = "[No Variations]"
Add component (AddParameter): Name = "Manufacturer"; Value = "Samsung"; VariantName = "[No Variations]"
Add component (AddParameter): Name = "Manufacturer Part Number"; Value = "RC1005J000CS"; VariantName = "[No Variations]"
Add component (AddParameter): Name = "Max Operating Temperature"; Value = "125°C"; VariantName = "[No Variations]"
Add component (AddParameter): Name = "Max Power Dissipation"; Value = "63mW"; VariantName = "[No Variations]"
Add component (AddParameter): Name = "Military Standard"; Value = "Not"; VariantName = "[No Variations]"
Add component (AddParameter): Name = "Min Operating Temperature"; Value = "-55°C"; VariantName = "[No Variations]"
Add component (AddParameter): Name = "Mount"; Value = "Surface Mount"; VariantName = "[No Variations]"
Add component (AddParameter): Name = "Number of Terminations"; Value = "2"; VariantName = "[No Variations]"
Add component (AddParameter): Name = "Packaging"; Value = "Tape and Reel"; VariantName = "[No Variations]"
Add component (AddParameter): Name = "Power Rating"; Value = "63mW"; VariantName = "[No Variations]"
Add component (AddParameter): Name = "Pricing 1"; Value = "1=0.10000, 10=0.04200, 25=0.03040, 50=0.02300, 100=0.01700, 250=0.01296, 500=0.01036, 1000=0.00763, 5000=0.00547 (USD)"; VariantName = "[No Variations]"
Add component (AddParameter): Name = "Radiation Hardening"; Value = "No"; VariantName = "[No Variations]"
Add component (AddParameter): Name = "Resistance"; Value = "0R"; VariantName = "[No Variations]"
Add component (AddParameter): Name = "Resistor Type"; Value = "Thick Film"; VariantName = "[No Variations]"
Add component (AddParameter): Name = "RoHS"; Value = "Yes"; VariantName = "[No Variations]"
Add component (AddParameter): Name = "RoHS Compliant"; Value = "Yes"; VariantName = "[No Variations]"
Add component (AddParameter): Name = "Series"; Value = "RC"; VariantName = "[No Variations]"
Add component (AddParameter): Name = "Size Code"; Value = "0402"; VariantName = "[No Variations]"
Add component (AddParameter): Name = "Stock 1"; Value = "580"; VariantName = "[No Variations]"
Add component (AddParameter): Name = "Supplier 1"; Value = "Digi-Key"; VariantName = "[No Variations]"
Add component (AddParameter): Name = "Temperature Coefficient"; Value = "200ppm/°C"; VariantName = "[No Variations]"
Add component (AddParameter): Name = "Tolerance"; Value = "5%"; VariantName = "[No Variations]"
Add component (AddParameter): Name = "Voltage Rating (DC)"; Value = "50V"; VariantName = "[No Variations]"
Add component (AddParameter): Name = "Width"; Value = "0.02inch"; VariantName = "[No Variations]"
Added Component: Designator=R22(2_Chip_0603_RMCF)
Add component (AddParameter): Name = "Case/Package"; Value = "0603"; VariantName = "[No Variations]"
Add component (AddParameter): Name = "Category"; Value = "Chip SMD Resistors"; VariantName = "[No Variations]"
Add component (AddParameter): Name = "ComponentLink1Description"; Value = "https://www.seielect.com/Catalog/SEI-RMCF_RMCP.pdf?src-supplier=Digi-Key"; VariantName = "[No Variations]"
Add component (AddParameter): Name = "ComponentLink1URL"; Value = "https://www.seielect.com/Catalog/SEI-RMCF_RMCP.pdf?src-supplier=Digi-Key"; VariantName = "[No Variations]"
Add component (AddParameter): Name = "ComponentLink2Description"; Value = "https://www.seielect.com/catalog/SEI-RMCF_RMCP.pdf?src-supplier=Avnet"; VariantName = "[No Variations]"
Add component (AddParameter): Name = "ComponentLink2URL"; Value = "https://www.seielect.com/catalog/SEI-RMCF_RMCP.pdf?src-supplier=Avnet"; VariantName = "[No Variations]"
Add component (AddParameter): Name = "Contact Plating"; Value = "Tin,Matte"; VariantName = "[No Variations]"
Add component (AddParameter): Name = "Features"; Value = "Automotive AEC-Q200"; VariantName = "[No Variations]"
Add component (AddParameter): Name = "Height"; Value = "0.022inch"; VariantName = "[No Variations]"
Add component (AddParameter): Name = "Length"; Value = "0.061inch"; VariantName = "[No Variations]"
Add component (AddParameter): Name = "Manufacturer"; Value = "Stackpole Electronics"; VariantName = "[No Variations]"
Add component (AddParameter): Name = "Manufacturer Part Number"; Value = "RMCF0603FT7M87"; VariantName = "[No Variations]"
Add component (AddParameter): Name = "Max Operating Temperature"; Value = "155°C"; VariantName = "[No Variations]"
Add component (AddParameter): Name = "Max Power Dissipation"; Value = "100mW"; VariantName = "[No Variations]"
Add component (AddParameter): Name = "Min Operating Temperature"; Value = "-55°C"; VariantName = "[No Variations]"
Add component (AddParameter): Name = "Mount"; Value = "Surface Mount"; VariantName = "[No Variations]"
Add component (AddParameter): Name = "Number of Terminations"; Value = "2"; VariantName = "[No Variations]"
Add component (AddParameter): Name = "Packaging"; Value = "Tape and Reel"; VariantName = "[No Variations]"
Add component (AddParameter): Name = "Pricing 1"; Value = "1=0.10000, 10=0.02500, 100=0.01020, 1000=0.00457, 2500=0.00397 (USD)"; VariantName = "[No Variations]"
Add component (AddParameter): Name = "Radiation Hardening"; Value = "No"; VariantName = "[No Variations]"
Add component (AddParameter): Name = "Resistance"; Value = "7.87MR"; VariantName = "[No Variations]"
Add component (AddParameter): Name = "Resistor Type"; Value = "Thick Film"; VariantName = "[No Variations]"
Add component (AddParameter): Name = "RoHS"; Value = "Yes"; VariantName = "[No Variations]"
Add component (AddParameter): Name = "RoHS Compliant"; Value = "Yes"; VariantName = "[No Variations]"
Add component (AddParameter): Name = "Series"; Value = "RMCF"; VariantName = "[No Variations]"
Add component (AddParameter): Name = "Stock 1"; Value = "4289"; VariantName = "[No Variations]"
Add component (AddParameter): Name = "Supplier 1"; Value = "Digi-Key"; VariantName = "[No Variations]"
Add component (AddParameter): Name = "Temperature Coefficient"; Value = "200ppm/°C"; VariantName = "[No Variations]"
Add component (AddParameter): Name = "Tolerance"; Value = "1%"; VariantName = "[No Variations]"
Add component (AddParameter): Name = "Width"; Value = "0.031inch"; VariantName = "[No Variations]"
Added Component: Designator=R23(2_Chip_0603_RMCF)
Add component (AddParameter): Name = "Case Code (Imperial)"; Value = "0603"; VariantName = "[No Variations]"
Add component (AddParameter): Name = "Case Code (Metric)"; Value = "1608"; VariantName = "[No Variations]"
Add component (AddParameter): Name = "Case/Package"; Value = "0603"; VariantName = "[No Variations]"
Add component (AddParameter): Name = "Category"; Value = "Chip SMD Resistors"; VariantName = "[No Variations]"
Add component (AddParameter): Name = "ComponentLink1Description"; Value = "https://datasheet.ciiva.com/14932/ktr-14932075.pdf?src-supplier=Digi-Key"; VariantName = "[No Variations]"
Add component (AddParameter): Name = "ComponentLink1URL"; Value = "https://datasheet.ciiva.com/14932/ktr-14932075.pdf?src-supplier=Digi-Key"; VariantName = "[No Variations]"
Add component (AddParameter): Name = "ComponentLink2Description"; Value = "https://datasheet.ciiva.com/14925/ktr-14925734.pdf?src-supplier=Digi-Key"; VariantName = "[No Variations]"
Add component (AddParameter): Name = "ComponentLink2URL"; Value = "https://datasheet.ciiva.com/14925/ktr-14925734.pdf?src-supplier=Digi-Key"; VariantName = "[No Variations]"
Add component (AddParameter): Name = "Features"; Value = "Automotive AEC-Q200"; VariantName = "[No Variations]"
Add component (AddParameter): Name = "Height"; Value = "0.022inch"; VariantName = "[No Variations]"
Add component (AddParameter): Name = "Length"; Value = "0.063inch"; VariantName = "[No Variations]"
Add component (AddParameter): Name = "Manufacturer"; Value = "Rohm"; VariantName = "[No Variations]"
Add component (AddParameter): Name = "Manufacturer Part Number"; Value = "KTR03EZPF20R0"; VariantName = "[No Variations]"
Add component (AddParameter): Name = "Max Operating Temperature"; Value = "155°C"; VariantName = "[No Variations]"
Add component (AddParameter): Name = "Max Power Dissipation"; Value = "100mW"; VariantName = "[No Variations]"
Add component (AddParameter): Name = "Min Operating Temperature"; Value = "-55°C"; VariantName = "[No Variations]"
Add component (AddParameter): Name = "Number of Terminations"; Value = "2"; VariantName = "[No Variations]"
Add component (AddParameter): Name = "Package Quantity"; Value = "5000"; VariantName = "[No Variations]"
Add component (AddParameter): Name = "Packaging"; Value = "Tape and Reel"; VariantName = "[No Variations]"
Add component (AddParameter): Name = "Pricing 1"; Value = "1=0.17000, 10=0.14800, 100=0.05690, 1000=0.02505, 2500=0.02163 (USD)"; VariantName = "[No Variations]"
Add component (AddParameter): Name = "Resistance"; Value = "20R"; VariantName = "[No Variations]"
Add component (AddParameter): Name = "Resistor Type"; Value = "Thick Film"; VariantName = "[No Variations]"
Add component (AddParameter): Name = "RoHS"; Value = "Yes"; VariantName = "[No Variations]"
Add component (AddParameter): Name = "RoHS Compliant"; Value = "Yes"; VariantName = "[No Variations]"
Add component (AddParameter): Name = "Series"; Value = "KTR"; VariantName = "[No Variations]"
Add component (AddParameter): Name = "Stock 1"; Value = "3395"; VariantName = "[No Variations]"
Add component (AddParameter): Name = "Supplier 1"; Value = "Digi-Key"; VariantName = "[No Variations]"
Add component (AddParameter): Name = "Temperature Coefficient"; Value = "100ppm/°C"; VariantName = "[No Variations]"
Add component (AddParameter): Name = "Tolerance"; Value = "1%"; VariantName = "[No Variations]"
Add component (AddParameter): Name = "Width"; Value = "0.031inch"; VariantName = "[No Variations]"
Added Component: Designator=R24(CAP_0402_1mm)
Add component (AddParameter): Name = "Case Code (Imperial)"; Value = "0402"; VariantName = "[No Variations]"
Add component (AddParameter): Name = "Case Code (Metric)"; Value = "1005"; VariantName = "[No Variations]"
Add component (AddParameter): Name = "Case/Package"; Value = "0402"; VariantName = "[No Variations]"
Add component (AddParameter): Name = "Category"; Value = "Chip SMD Resistors"; VariantName = "[No Variations]"
Add component (AddParameter): Name = "ComponentLink1Description"; Value = "https://datasheet.ciiva.com/15196/getdatasheetpartid-499011-15196236.pdf?src-supplier=Verical"; VariantName = "[No Variations]"
Add component (AddParameter): Name = "ComponentLink1URL"; Value = "https://datasheet.ciiva.com/15196/getdatasheetpartid-499011-15196236.pdf?src-supplier=Verical"; VariantName = "[No Variations]"
Add component (AddParameter): Name = "ComponentLink2Description"; Value = "https://datasheet.ciiva.com/16449/rcseries-16449310.pdf?src-supplier=Future+Electronics"; VariantName = "[No Variations]"
Add component (AddParameter): Name = "ComponentLink2URL"; Value = "https://datasheet.ciiva.com/16449/rcseries-16449310.pdf?src-supplier=Future+Electronics"; VariantName = "[No Variations]"
Add component (AddParameter): Name = "Construction"; Value = "Rectangular"; VariantName = "[No Variations]"
Add component (AddParameter): Name = "Contact Plating"; Value = "Tin"; VariantName = "[No Variations]"
Add component (AddParameter): Name = "Depth"; Value = "0.5mm"; VariantName = "[No Variations]"
Add component (AddParameter): Name = "Features"; Value = "Moisture Resistant"; VariantName = "[No Variations]"
Add component (AddParameter): Name = "Height"; Value = "0.016inch"; VariantName = "[No Variations]"
Add component (AddParameter): Name = "Lead Free"; Value = "Lead Free"; VariantName = "[No Variations]"
Add component (AddParameter): Name = "Length"; Value = "1mm"; VariantName = "[No Variations]"
Add component (AddParameter): Name = "Manufacturer"; Value = "Samsung"; VariantName = "[No Variations]"
Add component (AddParameter): Name = "Manufacturer Part Number"; Value = "RC1005J000CS"; VariantName = "[No Variations]"
Add component (AddParameter): Name = "Max Operating Temperature"; Value = "125°C"; VariantName = "[No Variations]"
Add component (AddParameter): Name = "Max Power Dissipation"; Value = "63mW"; VariantName = "[No Variations]"
Add component (AddParameter): Name = "Military Standard"; Value = "Not"; VariantName = "[No Variations]"
Add component (AddParameter): Name = "Min Operating Temperature"; Value = "-55°C"; VariantName = "[No Variations]"
Add component (AddParameter): Name = "Mount"; Value = "Surface Mount"; VariantName = "[No Variations]"
Add component (AddParameter): Name = "Number of Terminations"; Value = "2"; VariantName = "[No Variations]"
Add component (AddParameter): Name = "Packaging"; Value = "Tape and Reel"; VariantName = "[No Variations]"
Add component (AddParameter): Name = "Power Rating"; Value = "63mW"; VariantName = "[No Variations]"
Add component (AddParameter): Name = "Pricing 1"; Value = "1=0.10000, 10=0.04200, 25=0.03040, 50=0.02300, 100=0.01700, 250=0.01296, 500=0.01036, 1000=0.00763, 5000=0.00547 (USD)"; VariantName = "[No Variations]"
Add component (AddParameter): Name = "Radiation Hardening"; Value = "No"; VariantName = "[No Variations]"
Add component (AddParameter): Name = "Resistance"; Value = "0R"; VariantName = "[No Variations]"
Add component (AddParameter): Name = "Resistor Type"; Value = "Thick Film"; VariantName = "[No Variations]"
Add component (AddParameter): Name = "RoHS"; Value = "Yes"; VariantName = "[No Variations]"
Add component (AddParameter): Name = "RoHS Compliant"; Value = "Yes"; VariantName = "[No Variations]"
Add component (AddParameter): Name = "Series"; Value = "RC"; VariantName = "[No Variations]"
Add component (AddParameter): Name = "Size Code"; Value = "0402"; VariantName = "[No Variations]"
Add component (AddParameter): Name = "Stock 1"; Value = "580"; VariantName = "[No Variations]"
Add component (AddParameter): Name = "Supplier 1"; Value = "Digi-Key"; VariantName = "[No Variations]"
Add component (AddParameter): Name = "Temperature Coefficient"; Value = "200ppm/°C"; VariantName = "[No Variations]"
Add component (AddParameter): Name = "Tolerance"; Value = "5%"; VariantName = "[No Variations]"
Add component (AddParameter): Name = "Voltage Rating (DC)"; Value = "50V"; VariantName = "[No Variations]"
Add component (AddParameter): Name = "Width"; Value = "0.02inch"; VariantName = "[No Variations]"
Add Component: Footprint Not Found CAP_0603_1MM
Added Component: Designator=R26(2_Chip_0603_RMCF)
Add component (AddParameter): Name = "Case Code (Imperial)"; Value = "0603"; VariantName = "[No Variations]"
Add component (AddParameter): Name = "Case Code (Metric)"; Value = "1608"; VariantName = "[No Variations]"
Add component (AddParameter): Name = "Case/Package"; Value = "0603"; VariantName = "[No Variations]"
Add component (AddParameter): Name = "Category"; Value = "Chip SMD Resistors"; VariantName = "[No Variations]"
Add component (AddParameter): Name = "ComponentLink1Description"; Value = "https://www.seielect.com/catalog/sei-rmcf_rmcp.pdf?src-supplier=Digi-Key"; VariantName = "[No Variations]"
Add component (AddParameter): Name = "ComponentLink1URL"; Value = "https://www.seielect.com/catalog/sei-rmcf_rmcp.pdf?src-supplier=Digi-Key"; VariantName = "[No Variations]"
Add component (AddParameter): Name = "ComponentLink2Description"; Value = "https://www.seielect.com/catalog/SEI-RMCF_RMCP.pdf?src-supplier=Avnet"; VariantName = "[No Variations]"
Add component (AddParameter): Name = "ComponentLink2URL"; Value = "https://www.seielect.com/catalog/SEI-RMCF_RMCP.pdf?src-supplier=Avnet"; VariantName = "[No Variations]"
Add component (AddParameter): Name = "ComponentLink3Description"; Value = "https://www.seielect.com/catalog/SEI-Packaging.pdf?src-supplier=Avnet"; VariantName = "[No Variations]"
Add component (AddParameter): Name = "ComponentLink3URL"; Value = "https://www.seielect.com/catalog/SEI-Packaging.pdf?src-supplier=Avnet"; VariantName = "[No Variations]"
Add component (AddParameter): Name = "ComponentLink4Description"; Value = "https://www.seielect.com/catalog/SEI-Packaging.pdf?src-supplier=Arrow+Electronics"; VariantName = "[No Variations]"
Add component (AddParameter): Name = "ComponentLink4URL"; Value = "https://www.seielect.com/catalog/SEI-Packaging.pdf?src-supplier=Arrow+Electronics"; VariantName = "[No Variations]"
Add component (AddParameter): Name = "ComponentLink5Description"; Value = "https://www.seielect.com/catalog/SEI-RMCF_RMCP.pdf?src-supplier=Avnet+Asia"; VariantName = "[No Variations]"
Add component (AddParameter): Name = "ComponentLink5URL"; Value = "https://www.seielect.com/catalog/SEI-RMCF_RMCP.pdf?src-supplier=Avnet+Asia"; VariantName = "[No Variations]"
Add component (AddParameter): Name = "ComponentLink6Description"; Value = "http://www.seielect.com/Catalog/SEI-rmc.pdf?src-supplier=Future+Electronics"; VariantName = "[No Variations]"
Add component (AddParameter): Name = "ComponentLink6URL"; Value = "http://www.seielect.com/Catalog/SEI-rmc.pdf?src-supplier=Future+Electronics"; VariantName = "[No Variations]"
Add component (AddParameter): Name = "ComponentLink7Description"; Value = "https://www.seielect.com/catalog/SEI-Packaging.pdf?src-supplier=Verical"; VariantName = "[No Variations]"
Add component (AddParameter): Name = "ComponentLink7URL"; Value = "https://www.seielect.com/catalog/SEI-Packaging.pdf?src-supplier=Verical"; VariantName = "[No Variations]"
Add component (AddParameter): Name = "ComponentLink8Description"; Value = "https://www.seielect.com/catalog/SEI-Packaging.pdf?src-supplier=Quest"; VariantName = "[No Variations]"
Add component (AddParameter): Name = "ComponentLink8URL"; Value = "https://www.seielect.com/catalog/SEI-Packaging.pdf?src-supplier=Quest"; VariantName = "[No Variations]"
Add component (AddParameter): Name = "Construction"; Value = "Rectangular"; VariantName = "[No Variations]"
Add component (AddParameter): Name = "Contact Plating"; Value = "Tin,Matte"; VariantName = "[No Variations]"
Add component (AddParameter): Name = "Depth"; Value = "0.8mm"; VariantName = "[No Variations]"
Add component (AddParameter): Name = "Features"; Value = "Automotive AEC-Q200"; VariantName = "[No Variations]"
Add component (AddParameter): Name = "Height"; Value = "0.022inch"; VariantName = "[No Variations]"
Add component (AddParameter): Name = "Lead Free"; Value = "Lead Free"; VariantName = "[No Variations]"
Add component (AddParameter): Name = "Length"; Value = "1.55mm"; VariantName = "[No Variations]"
Add component (AddParameter): Name = "Manufacturer"; Value = "Stackpole Electronics"; VariantName = "[No Variations]"
Add component (AddParameter): Name = "Manufacturer Part Number"; Value = "RMCF0603FT1K00"; VariantName = "[No Variations]"
Add component (AddParameter): Name = "Max Operating Temperature"; Value = "155°C"; VariantName = "[No Variations]"
Add component (AddParameter): Name = "Max Power Dissipation"; Value = "100mW"; VariantName = "[No Variations]"
Add component (AddParameter): Name = "Military Standard"; Value = "Not"; VariantName = "[No Variations]"
Add component (AddParameter): Name = "Min Operating Temperature"; Value = "-55°C"; VariantName = "[No Variations]"
Add component (AddParameter): Name = "Mount"; Value = "Surface Mount"; VariantName = "[No Variations]"
Add component (AddParameter): Name = "Number of Terminations"; Value = "2"; VariantName = "[No Variations]"
Add component (AddParameter): Name = "Packaging"; Value = "Tape and Reel"; VariantName = "[No Variations]"
Add component (AddParameter): Name = "Power Rating"; Value = "100mW"; VariantName = "[No Variations]"
Add component (AddParameter): Name = "Pricing 1"; Value = "1=0.10000, 10=0.01700, 100=0.00680, 1000=0.00305, 2500=0.00264 (USD)"; VariantName = "[No Variations]"
Add component (AddParameter): Name = "Radiation Hardening"; Value = "No"; VariantName = "[No Variations]"
Add component (AddParameter): Name = "Resistance"; Value = "1kR"; VariantName = "[No Variations]"
Add component (AddParameter): Name = "Resistor Type"; Value = "Thick Film"; VariantName = "[No Variations]"
Add component (AddParameter): Name = "RoHS"; Value = "Yes"; VariantName = "[No Variations]"
Add component (AddParameter): Name = "RoHS Compliant"; Value = "Yes"; VariantName = "[No Variations]"
Add component (AddParameter): Name = "Series"; Value = "RMCF"; VariantName = "[No Variations]"
Add component (AddParameter): Name = "Size Code"; Value = "0603"; VariantName = "[No Variations]"
Add component (AddParameter): Name = "Supplier 1"; Value = "Digi-Key"; VariantName = "[No Variations]"
Add component (AddParameter): Name = "Temperature Coefficient"; Value = "100ppm/°C"; VariantName = "[No Variations]"
Add component (AddParameter): Name = "Tolerance"; Value = "1%"; VariantName = "[No Variations]"
Add component (AddParameter): Name = "Width"; Value = "0.031inch"; VariantName = "[No Variations]"
Added Component: Designator=R27(2_Chip_0603_RMCF)
Add component (AddParameter): Name = "Case Code (Imperial)"; Value = "0603"; VariantName = "[No Variations]"
Add component (AddParameter): Name = "Case Code (Metric)"; Value = "1608"; VariantName = "[No Variations]"
Add component (AddParameter): Name = "Case/Package"; Value = "0603"; VariantName = "[No Variations]"
Add component (AddParameter): Name = "Category"; Value = "Chip SMD Resistors"; VariantName = "[No Variations]"
Add component (AddParameter): Name = "ComponentLink1Description"; Value = "https://www.seielect.com/catalog/sei-rmcf_rmcp.pdf?src-supplier=Digi-Key"; VariantName = "[No Variations]"
Add component (AddParameter): Name = "ComponentLink1URL"; Value = "https://www.seielect.com/catalog/sei-rmcf_rmcp.pdf?src-supplier=Digi-Key"; VariantName = "[No Variations]"
Add component (AddParameter): Name = "ComponentLink2Description"; Value = "https://www.seielect.com/catalog/SEI-RMCF_RMCP.pdf?src-supplier=Avnet"; VariantName = "[No Variations]"
Add component (AddParameter): Name = "ComponentLink2URL"; Value = "https://www.seielect.com/catalog/SEI-RMCF_RMCP.pdf?src-supplier=Avnet"; VariantName = "[No Variations]"
Add component (AddParameter): Name = "ComponentLink3Description"; Value = "https://www.seielect.com/catalog/SEI-Packaging.pdf?src-supplier=Avnet"; VariantName = "[No Variations]"
Add component (AddParameter): Name = "ComponentLink3URL"; Value = "https://www.seielect.com/catalog/SEI-Packaging.pdf?src-supplier=Avnet"; VariantName = "[No Variations]"
Add component (AddParameter): Name = "ComponentLink4Description"; Value = "https://www.seielect.com/catalog/SEI-Packaging.pdf?src-supplier=Arrow+Electronics"; VariantName = "[No Variations]"
Add component (AddParameter): Name = "ComponentLink4URL"; Value = "https://www.seielect.com/catalog/SEI-Packaging.pdf?src-supplier=Arrow+Electronics"; VariantName = "[No Variations]"
Add component (AddParameter): Name = "ComponentLink5Description"; Value = "https://www.seielect.com/catalog/SEI-RMCF_RMCP.pdf?src-supplier=Avnet+Asia"; VariantName = "[No Variations]"
Add component (AddParameter): Name = "ComponentLink5URL"; Value = "https://www.seielect.com/catalog/SEI-RMCF_RMCP.pdf?src-supplier=Avnet+Asia"; VariantName = "[No Variations]"
Add component (AddParameter): Name = "ComponentLink6Description"; Value = "http://www.seielect.com/Catalog/SEI-rmc.pdf?src-supplier=Future+Electronics"; VariantName = "[No Variations]"
Add component (AddParameter): Name = "ComponentLink6URL"; Value = "http://www.seielect.com/Catalog/SEI-rmc.pdf?src-supplier=Future+Electronics"; VariantName = "[No Variations]"
Add component (AddParameter): Name = "ComponentLink7Description"; Value = "https://www.seielect.com/catalog/SEI-Packaging.pdf?src-supplier=Verical"; VariantName = "[No Variations]"
Add component (AddParameter): Name = "ComponentLink7URL"; Value = "https://www.seielect.com/catalog/SEI-Packaging.pdf?src-supplier=Verical"; VariantName = "[No Variations]"
Add component (AddParameter): Name = "ComponentLink8Description"; Value = "https://www.seielect.com/catalog/SEI-Packaging.pdf?src-supplier=Quest"; VariantName = "[No Variations]"
Add component (AddParameter): Name = "ComponentLink8URL"; Value = "https://www.seielect.com/catalog/SEI-Packaging.pdf?src-supplier=Quest"; VariantName = "[No Variations]"
Add component (AddParameter): Name = "Construction"; Value = "Rectangular"; VariantName = "[No Variations]"
Add component (AddParameter): Name = "Contact Plating"; Value = "Tin,Matte"; VariantName = "[No Variations]"
Add component (AddParameter): Name = "Depth"; Value = "0.8mm"; VariantName = "[No Variations]"
Add component (AddParameter): Name = "Features"; Value = "Automotive AEC-Q200"; VariantName = "[No Variations]"
Add component (AddParameter): Name = "Height"; Value = "0.022inch"; VariantName = "[No Variations]"
Add component (AddParameter): Name = "Lead Free"; Value = "Lead Free"; VariantName = "[No Variations]"
Add component (AddParameter): Name = "Length"; Value = "1.55mm"; VariantName = "[No Variations]"
Add component (AddParameter): Name = "Manufacturer"; Value = "Stackpole Electronics"; VariantName = "[No Variations]"
Add component (AddParameter): Name = "Manufacturer Part Number"; Value = "RMCF0603FT1K00"; VariantName = "[No Variations]"
Add component (AddParameter): Name = "Max Operating Temperature"; Value = "155°C"; VariantName = "[No Variations]"
Add component (AddParameter): Name = "Max Power Dissipation"; Value = "100mW"; VariantName = "[No Variations]"
Add component (AddParameter): Name = "Military Standard"; Value = "Not"; VariantName = "[No Variations]"
Add component (AddParameter): Name = "Min Operating Temperature"; Value = "-55°C"; VariantName = "[No Variations]"
Add component (AddParameter): Name = "Mount"; Value = "Surface Mount"; VariantName = "[No Variations]"
Add component (AddParameter): Name = "Number of Terminations"; Value = "2"; VariantName = "[No Variations]"
Add component (AddParameter): Name = "Packaging"; Value = "Tape and Reel"; VariantName = "[No Variations]"
Add component (AddParameter): Name = "Power Rating"; Value = "100mW"; VariantName = "[No Variations]"
Add component (AddParameter): Name = "Pricing 1"; Value = "1=0.10000, 10=0.01700, 100=0.00680, 1000=0.00305, 2500=0.00264 (USD)"; VariantName = "[No Variations]"
Add component (AddParameter): Name = "Radiation Hardening"; Value = "No"; VariantName = "[No Variations]"
Add component (AddParameter): Name = "Resistance"; Value = "1kR"; VariantName = "[No Variations]"
Add component (AddParameter): Name = "Resistor Type"; Value = "Thick Film"; VariantName = "[No Variations]"
Add component (AddParameter): Name = "RoHS"; Value = "Yes"; VariantName = "[No Variations]"
Add component (AddParameter): Name = "RoHS Compliant"; Value = "Yes"; VariantName = "[No Variations]"
Add component (AddParameter): Name = "Series"; Value = "RMCF"; VariantName = "[No Variations]"
Add component (AddParameter): Name = "Size Code"; Value = "0603"; VariantName = "[No Variations]"
Add component (AddParameter): Name = "Supplier 1"; Value = "Digi-Key"; VariantName = "[No Variations]"
Add component (AddParameter): Name = "Temperature Coefficient"; Value = "100ppm/°C"; VariantName = "[No Variations]"
Add component (AddParameter): Name = "Tolerance"; Value = "1%"; VariantName = "[No Variations]"
Add component (AddParameter): Name = "Width"; Value = "0.031inch"; VariantName = "[No Variations]"
Added Component: Designator=R28(2_Chip_0603_RMCF)
Add component (AddParameter): Name = "Case/Package"; Value = "0603"; VariantName = "[No Variations]"
Add component (AddParameter): Name = "Category"; Value = "Chip SMD Resistors"; VariantName = "[No Variations]"
Add component (AddParameter): Name = "ComponentLink1Description"; Value = "https://www.seielect.com/catalog/SEI-RMCF_RMCP.pdf?src-supplier=Avnet"; VariantName = "[No Variations]"
Add component (AddParameter): Name = "ComponentLink1URL"; Value = "https://www.seielect.com/catalog/SEI-RMCF_RMCP.pdf?src-supplier=Avnet"; VariantName = "[No Variations]"
Add component (AddParameter): Name = "ComponentLink2Description"; Value = "https://www.seielect.com/catalog/sei-rmcf_rmcp.pdf?src-supplier=Digi-Key"; VariantName = "[No Variations]"
Add component (AddParameter): Name = "ComponentLink2URL"; Value = "https://www.seielect.com/catalog/sei-rmcf_rmcp.pdf?src-supplier=Digi-Key"; VariantName = "[No Variations]"
Add component (AddParameter): Name = "Contact Plating"; Value = "Tin,Matte"; VariantName = "[No Variations]"
Add component (AddParameter): Name = "Manufacturer"; Value = "Stackpole Electronics"; VariantName = "[No Variations]"
Add component (AddParameter): Name = "Manufacturer Part Number"; Value = "RMCF0603FT7M32"; VariantName = "[No Variations]"
Add component (AddParameter): Name = "Max Operating Temperature"; Value = "155°C"; VariantName = "[No Variations]"
Add component (AddParameter): Name = "Min Operating Temperature"; Value = "-55°C"; VariantName = "[No Variations]"
Add component (AddParameter): Name = "Mount"; Value = "Surface Mount"; VariantName = "[No Variations]"
Add component (AddParameter): Name = "Packaging"; Value = "Tape and Reel"; VariantName = "[No Variations]"
Add component (AddParameter): Name = "Pricing 1"; Value = "1=0.10000, 10=0.02500, 100=0.01020, 1000=0.00457, 2500=0.00397 (USD)"; VariantName = "[No Variations]"
Add component (AddParameter): Name = "Radiation Hardening"; Value = "No"; VariantName = "[No Variations]"
Add component (AddParameter): Name = "Resistance"; Value = "7.32MR"; VariantName = "[No Variations]"
Add component (AddParameter): Name = "Resistor Type"; Value = "Thick Film"; VariantName = "[No Variations]"
Add component (AddParameter): Name = "RoHS"; Value = "Yes"; VariantName = "[No Variations]"
Add component (AddParameter): Name = "RoHS Compliant"; Value = "Yes"; VariantName = "[No Variations]"
Add component (AddParameter): Name = "Stock 1"; Value = "10385"; VariantName = "[No Variations]"
Add component (AddParameter): Name = "Supplier 1"; Value = "Digi-Key"; VariantName = "[No Variations]"
Add component (AddParameter): Name = "Temperature Coefficient"; Value = "200ppm/°C"; VariantName = "[No Variations]"
Add component (AddParameter): Name = "Tolerance"; Value = "1%"; VariantName = "[No Variations]"
Added Component: Designator=R29(2_Chip_0603_RMCF)
Add component (AddParameter): Name = "Case/Package"; Value = "0603"; VariantName = "[No Variations]"
Add component (AddParameter): Name = "Category"; Value = "Chip SMD Resistors"; VariantName = "[No Variations]"
Add component (AddParameter): Name = "ComponentLink1Description"; Value = "http://components.arrow.com/part/dataview/40961582S8179483N1174?src-supplier=Arrow+Electronics"; VariantName = "[No Variations]"
Add component (AddParameter): Name = "ComponentLink1URL"; Value = "http://components.arrow.com/part/dataview/40961582S8179483N1174?src-supplier=Arrow+Electronics"; VariantName = "[No Variations]"
Add component (AddParameter): Name = "ComponentLink2Description"; Value = "https://www.seielect.com/catalog/sei-rmcf_rmcp.pdf?src-supplier=Digi-Key"; VariantName = "[No Variations]"
Add component (AddParameter): Name = "ComponentLink2URL"; Value = "https://www.seielect.com/catalog/sei-rmcf_rmcp.pdf?src-supplier=Digi-Key"; VariantName = "[No Variations]"
Add component (AddParameter): Name = "ComponentLink3Description"; Value = "https://www.seielect.com/catalog/SEI-RMCF_RMCP.pdf?src-supplier=Avnet"; VariantName = "[No Variations]"
Add component (AddParameter): Name = "ComponentLink3URL"; Value = "https://www.seielect.com/catalog/SEI-RMCF_RMCP.pdf?src-supplier=Avnet"; VariantName = "[No Variations]"
Add component (AddParameter): Name = "Contact Plating"; Value = "Tin,Matte"; VariantName = "[No Variations]"
Add component (AddParameter): Name = "Manufacturer"; Value = "Stackpole Electronics"; VariantName = "[No Variations]"
Add component (AddParameter): Name = "Manufacturer Part Number"; Value = "RMCF0603FT1M43"; VariantName = "[No Variations]"
Add component (AddParameter): Name = "Max Operating Temperature"; Value = "155°C"; VariantName = "[No Variations]"
Add component (AddParameter): Name = "Min Operating Temperature"; Value = "-55°C"; VariantName = "[No Variations]"
Add component (AddParameter): Name = "Mount"; Value = "Surface Mount"; VariantName = "[No Variations]"
Add component (AddParameter): Name = "Packaging"; Value = "Tape and Reel"; VariantName = "[No Variations]"
Add component (AddParameter): Name = "Pricing 1"; Value = "1=0.10000, 10=0.02500, 100=0.01020, 1000=0.00457, 2500=0.00397 (USD)"; VariantName = "[No Variations]"
Add component (AddParameter): Name = "Radiation Hardening"; Value = "No"; VariantName = "[No Variations]"
Add component (AddParameter): Name = "Resistance"; Value = "1.43MR"; VariantName = "[No Variations]"
Add component (AddParameter): Name = "Resistor Type"; Value = "Thick Film"; VariantName = "[No Variations]"
Add component (AddParameter): Name = "RoHS"; Value = "Yes"; VariantName = "[No Variations]"
Add component (AddParameter): Name = "RoHS Compliant"; Value = "Yes"; VariantName = "[No Variations]"
Add component (AddParameter): Name = "Stock 1"; Value = "5908"; VariantName = "[No Variations]"
Add component (AddParameter): Name = "Supplier 1"; Value = "Digi-Key"; VariantName = "[No Variations]"
Add component (AddParameter): Name = "Temperature Coefficient"; Value = "200ppm/°C"; VariantName = "[No Variations]"
Add component (AddParameter): Name = "Tolerance"; Value = "1%"; VariantName = "[No Variations]"
Added Component: Designator=R30(2_Chip_0603_RMCF)
Add component (AddParameter): Name = "Case/Package"; Value = "0603"; VariantName = "[No Variations]"
Add component (AddParameter): Name = "Category"; Value = "Chip SMD Resistors"; VariantName = "[No Variations]"
Add component (AddParameter): Name = "ComponentLink1Description"; Value = "https://www.seielect.com/catalog/SEI-RMCF_RMCP.pdf?src-supplier=Avnet"; VariantName = "[No Variations]"
Add component (AddParameter): Name = "ComponentLink1URL"; Value = "https://www.seielect.com/catalog/SEI-RMCF_RMCP.pdf?src-supplier=Avnet"; VariantName = "[No Variations]"
Add component (AddParameter): Name = "ComponentLink2Description"; Value = "https://www.seielect.com/catalog/SEI-Packaging.pdf?src-supplier=Digi-Key"; VariantName = "[No Variations]"
Add component (AddParameter): Name = "ComponentLink2URL"; Value = "https://www.seielect.com/catalog/SEI-Packaging.pdf?src-supplier=Digi-Key"; VariantName = "[No Variations]"
Add component (AddParameter): Name = "ComponentLink3Description"; Value = "https://www.seielect.com/catalog/sei-rmcf_rmcp.pdf?src-supplier=Digi-Key"; VariantName = "[No Variations]"
Add component (AddParameter): Name = "ComponentLink3URL"; Value = "https://www.seielect.com/catalog/sei-rmcf_rmcp.pdf?src-supplier=Digi-Key"; VariantName = "[No Variations]"
Add component (AddParameter): Name = "Contact Plating"; Value = "Tin,Matte"; VariantName = "[No Variations]"
Add component (AddParameter): Name = "Manufacturer"; Value = "Stackpole Electronics"; VariantName = "[No Variations]"
Add component (AddParameter): Name = "Manufacturer Part Number"; Value = "RMCF0603FT8M06"; VariantName = "[No Variations]"
Add component (AddParameter): Name = "Max Operating Temperature"; Value = "155°C"; VariantName = "[No Variations]"
Add component (AddParameter): Name = "Min Operating Temperature"; Value = "-55°C"; VariantName = "[No Variations]"
Add component (AddParameter): Name = "Mount"; Value = "Surface Mount"; VariantName = "[No Variations]"
Add component (AddParameter): Name = "Packaging"; Value = "Tape and Reel"; VariantName = "[No Variations]"
Add component (AddParameter): Name = "Pricing 1"; Value = "1=0.10000, 10=0.02500, 100=0.01020, 1000=0.00457, 2500=0.00397 (USD)"; VariantName = "[No Variations]"
Add component (AddParameter): Name = "Radiation Hardening"; Value = "No"; VariantName = "[No Variations]"
Add component (AddParameter): Name = "Resistance"; Value = "8.06MR"; VariantName = "[No Variations]"
Add component (AddParameter): Name = "Resistor Type"; Value = "Thick Film"; VariantName = "[No Variations]"
Add component (AddParameter): Name = "RoHS"; Value = "Yes"; VariantName = "[No Variations]"
Add component (AddParameter): Name = "RoHS Compliant"; Value = "Yes"; VariantName = "[No Variations]"
Add component (AddParameter): Name = "Stock 1"; Value = "19888"; VariantName = "[No Variations]"
Add component (AddParameter): Name = "Supplier 1"; Value = "Digi-Key"; VariantName = "[No Variations]"
Add component (AddParameter): Name = "Temperature Coefficient"; Value = "200ppm/°C"; VariantName = "[No Variations]"
Add component (AddParameter): Name = "Tolerance"; Value = "1%"; VariantName = "[No Variations]"
Added Component: Designator=R31(2_Chip_0603_RMCF)
Add component (AddParameter): Name = "Case Code (Imperial)"; Value = "0603"; VariantName = "[No Variations]"
Add component (AddParameter): Name = "Case Code (Metric)"; Value = "1608"; VariantName = "[No Variations]"
Add component (AddParameter): Name = "Case/Package"; Value = "0603"; VariantName = "[No Variations]"
Add component (AddParameter): Name = "Category"; Value = "Chip SMD Resistors"; VariantName = "[No Variations]"
Add component (AddParameter): Name = "ComponentLink1Description"; Value = "https://www.seielect.com/catalog/sei-rmcf_rmcp.pdf?src-supplier=Digi-Key"; VariantName = "[No Variations]"
Add component (AddParameter): Name = "ComponentLink1URL"; Value = "https://www.seielect.com/catalog/sei-rmcf_rmcp.pdf?src-supplier=Digi-Key"; VariantName = "[No Variations]"
Add component (AddParameter): Name = "ComponentLink2Description"; Value = "https://www.seielect.com/catalog/SEI-RMCF_RMCP.pdf?src-supplier=Avnet"; VariantName = "[No Variations]"
Add component (AddParameter): Name = "ComponentLink2URL"; Value = "https://www.seielect.com/catalog/SEI-RMCF_RMCP.pdf?src-supplier=Avnet"; VariantName = "[No Variations]"
Add component (AddParameter): Name = "ComponentLink3Description"; Value = "https://www.seielect.com/catalog/SEI-Packaging.pdf?src-supplier=Avnet"; VariantName = "[No Variations]"
Add component (AddParameter): Name = "ComponentLink3URL"; Value = "https://www.seielect.com/catalog/SEI-Packaging.pdf?src-supplier=Avnet"; VariantName = "[No Variations]"
Add component (AddParameter): Name = "ComponentLink4Description"; Value = "https://www.seielect.com/catalog/SEI-Packaging.pdf?src-supplier=Arrow+Electronics"; VariantName = "[No Variations]"
Add component (AddParameter): Name = "ComponentLink4URL"; Value = "https://www.seielect.com/catalog/SEI-Packaging.pdf?src-supplier=Arrow+Electronics"; VariantName = "[No Variations]"
Add component (AddParameter): Name = "ComponentLink5Description"; Value = "https://www.seielect.com/catalog/SEI-RMCF_RMCP.pdf?src-supplier=Avnet+Asia"; VariantName = "[No Variations]"
Add component (AddParameter): Name = "ComponentLink5URL"; Value = "https://www.seielect.com/catalog/SEI-RMCF_RMCP.pdf?src-supplier=Avnet+Asia"; VariantName = "[No Variations]"
Add component (AddParameter): Name = "ComponentLink6Description"; Value = "http://www.seielect.com/Catalog/SEI-rmc.pdf?src-supplier=Future+Electronics"; VariantName = "[No Variations]"
Add component (AddParameter): Name = "ComponentLink6URL"; Value = "http://www.seielect.com/Catalog/SEI-rmc.pdf?src-supplier=Future+Electronics"; VariantName = "[No Variations]"
Add component (AddParameter): Name = "ComponentLink7Description"; Value = "https://www.seielect.com/catalog/SEI-Packaging.pdf?src-supplier=Verical"; VariantName = "[No Variations]"
Add component (AddParameter): Name = "ComponentLink7URL"; Value = "https://www.seielect.com/catalog/SEI-Packaging.pdf?src-supplier=Verical"; VariantName = "[No Variations]"
Add component (AddParameter): Name = "ComponentLink8Description"; Value = "https://www.seielect.com/catalog/SEI-Packaging.pdf?src-supplier=Quest"; VariantName = "[No Variations]"
Add component (AddParameter): Name = "ComponentLink8URL"; Value = "https://www.seielect.com/catalog/SEI-Packaging.pdf?src-supplier=Quest"; VariantName = "[No Variations]"
Add component (AddParameter): Name = "Construction"; Value = "Rectangular"; VariantName = "[No Variations]"
Add component (AddParameter): Name = "Contact Plating"; Value = "Tin,Matte"; VariantName = "[No Variations]"
Add component (AddParameter): Name = "Depth"; Value = "0.8mm"; VariantName = "[No Variations]"
Add component (AddParameter): Name = "Features"; Value = "Automotive AEC-Q200"; VariantName = "[No Variations]"
Add component (AddParameter): Name = "Height"; Value = "0.022inch"; VariantName = "[No Variations]"
Add component (AddParameter): Name = "Lead Free"; Value = "Lead Free"; VariantName = "[No Variations]"
Add component (AddParameter): Name = "Length"; Value = "1.55mm"; VariantName = "[No Variations]"
Add component (AddParameter): Name = "Manufacturer"; Value = "Stackpole Electronics"; VariantName = "[No Variations]"
Add component (AddParameter): Name = "Manufacturer Part Number"; Value = "RMCF0603FT1K00"; VariantName = "[No Variations]"
Add component (AddParameter): Name = "Max Operating Temperature"; Value = "155°C"; VariantName = "[No Variations]"
Add component (AddParameter): Name = "Max Power Dissipation"; Value = "100mW"; VariantName = "[No Variations]"
Add component (AddParameter): Name = "Military Standard"; Value = "Not"; VariantName = "[No Variations]"
Add component (AddParameter): Name = "Min Operating Temperature"; Value = "-55°C"; VariantName = "[No Variations]"
Add component (AddParameter): Name = "Mount"; Value = "Surface Mount"; VariantName = "[No Variations]"
Add component (AddParameter): Name = "Number of Terminations"; Value = "2"; VariantName = "[No Variations]"
Add component (AddParameter): Name = "Packaging"; Value = "Tape and Reel"; VariantName = "[No Variations]"
Add component (AddParameter): Name = "Power Rating"; Value = "100mW"; VariantName = "[No Variations]"
Add component (AddParameter): Name = "Pricing 1"; Value = "1=0.10000, 10=0.01700, 100=0.00680, 1000=0.00305, 2500=0.00264 (USD)"; VariantName = "[No Variations]"
Add component (AddParameter): Name = "Radiation Hardening"; Value = "No"; VariantName = "[No Variations]"
Add component (AddParameter): Name = "Resistance"; Value = "1kR"; VariantName = "[No Variations]"
Add component (AddParameter): Name = "Resistor Type"; Value = "Thick Film"; VariantName = "[No Variations]"
Add component (AddParameter): Name = "RoHS"; Value = "Yes"; VariantName = "[No Variations]"
Add component (AddParameter): Name = "RoHS Compliant"; Value = "Yes"; VariantName = "[No Variations]"
Add component (AddParameter): Name = "Series"; Value = "RMCF"; VariantName = "[No Variations]"
Add component (AddParameter): Name = "Size Code"; Value = "0603"; VariantName = "[No Variations]"
Add component (AddParameter): Name = "Supplier 1"; Value = "Digi-Key"; VariantName = "[No Variations]"
Add component (AddParameter): Name = "Temperature Coefficient"; Value = "100ppm/°C"; VariantName = "[No Variations]"
Add component (AddParameter): Name = "Tolerance"; Value = "1%"; VariantName = "[No Variations]"
Add component (AddParameter): Name = "Width"; Value = "0.031inch"; VariantName = "[No Variations]"
Added Component: Designator=R32(2_Chip_0603_RMCF)
Add component (AddParameter): Name = "Case/Package"; Value = "0603"; VariantName = "[No Variations]"
Add component (AddParameter): Name = "Category"; Value = "Chip SMD Resistors"; VariantName = "[No Variations]"
Add component (AddParameter): Name = "ComponentLink1Description"; Value = "https://www.seielect.com/catalog/sei-rmcf_rmcp.pdf?src-supplier=Digi-Key"; VariantName = "[No Variations]"
Add component (AddParameter): Name = "ComponentLink1URL"; Value = "https://www.seielect.com/catalog/sei-rmcf_rmcp.pdf?src-supplier=Digi-Key"; VariantName = "[No Variations]"
Add component (AddParameter): Name = "ComponentLink2Description"; Value = "https://www.seielect.com/catalog/SEI-RMCF_RMCP.pdf?src-supplier=Avnet"; VariantName = "[No Variations]"
Add component (AddParameter): Name = "ComponentLink2URL"; Value = "https://www.seielect.com/catalog/SEI-RMCF_RMCP.pdf?src-supplier=Avnet"; VariantName = "[No Variations]"
Add component (AddParameter): Name = "Contact Plating"; Value = "Tin,Matte"; VariantName = "[No Variations]"
Add component (AddParameter): Name = "Manufacturer"; Value = "Stackpole Electronics"; VariantName = "[No Variations]"
Add component (AddParameter): Name = "Manufacturer Part Number"; Value = "RMCF0603FT5M62"; VariantName = "[No Variations]"
Add component (AddParameter): Name = "Max Operating Temperature"; Value = "155°C"; VariantName = "[No Variations]"
Add component (AddParameter): Name = "Min Operating Temperature"; Value = "-55°C"; VariantName = "[No Variations]"
Add component (AddParameter): Name = "Mount"; Value = "Surface Mount"; VariantName = "[No Variations]"
Add component (AddParameter): Name = "Packaging"; Value = "Tape and Reel"; VariantName = "[No Variations]"
Add component (AddParameter): Name = "Pricing 1"; Value = "1=0.10000, 10=0.02500, 100=0.01020, 1000=0.00457, 2500=0.00397 (USD)"; VariantName = "[No Variations]"
Add component (AddParameter): Name = "Radiation Hardening"; Value = "No"; VariantName = "[No Variations]"
Add component (AddParameter): Name = "Resistance"; Value = "5.62MR"; VariantName = "[No Variations]"
Add component (AddParameter): Name = "Resistor Type"; Value = "Thick Film"; VariantName = "[No Variations]"
Add component (AddParameter): Name = "RoHS"; Value = "Yes"; VariantName = "[No Variations]"
Add component (AddParameter): Name = "Stock 1"; Value = "10522"; VariantName = "[No Variations]"
Add component (AddParameter): Name = "Supplier 1"; Value = "Digi-Key"; VariantName = "[No Variations]"
Add component (AddParameter): Name = "Temperature Coefficient"; Value = "200ppm/°C"; VariantName = "[No Variations]"
Add component (AddParameter): Name = "Tolerance"; Value = "1%"; VariantName = "[No Variations]"
Added Component: Designator=R33(2_Chip_0603_RMCF)
Add component (AddParameter): Name = "Case/Package"; Value = "0603"; VariantName = "[No Variations]"
Add component (AddParameter): Name = "Category"; Value = "Chip SMD Resistors"; VariantName = "[No Variations]"
Add component (AddParameter): Name = "ComponentLink1Description"; Value = "https://www.seielect.com/catalog/SEI-RMCF_RMCP.pdf?src-supplier=Avnet"; VariantName = "[No Variations]"
Add component (AddParameter): Name = "ComponentLink1URL"; Value = "https://www.seielect.com/catalog/SEI-RMCF_RMCP.pdf?src-supplier=Avnet"; VariantName = "[No Variations]"
Add component (AddParameter): Name = "ComponentLink2Description"; Value = "https://www.seielect.com/catalog/sei-rmcf_rmcp.pdf?src-supplier=Digi-Key"; VariantName = "[No Variations]"
Add component (AddParameter): Name = "ComponentLink2URL"; Value = "https://www.seielect.com/catalog/sei-rmcf_rmcp.pdf?src-supplier=Digi-Key"; VariantName = "[No Variations]"
Add component (AddParameter): Name = "Contact Plating"; Value = "Tin,Matte"; VariantName = "[No Variations]"
Add component (AddParameter): Name = "Manufacturer"; Value = "Stackpole Electronics"; VariantName = "[No Variations]"
Add component (AddParameter): Name = "Manufacturer Part Number"; Value = "RMCF0603FT7M32"; VariantName = "[No Variations]"
Add component (AddParameter): Name = "Max Operating Temperature"; Value = "155°C"; VariantName = "[No Variations]"
Add component (AddParameter): Name = "Min Operating Temperature"; Value = "-55°C"; VariantName = "[No Variations]"
Add component (AddParameter): Name = "Mount"; Value = "Surface Mount"; VariantName = "[No Variations]"
Add component (AddParameter): Name = "Packaging"; Value = "Tape and Reel"; VariantName = "[No Variations]"
Add component (AddParameter): Name = "Pricing 1"; Value = "1=0.10000, 10=0.02500, 100=0.01020, 1000=0.00457, 2500=0.00397 (USD)"; VariantName = "[No Variations]"
Add component (AddParameter): Name = "Radiation Hardening"; Value = "No"; VariantName = "[No Variations]"
Add component (AddParameter): Name = "Resistance"; Value = "7.32MR"; VariantName = "[No Variations]"
Add component (AddParameter): Name = "Resistor Type"; Value = "Thick Film"; VariantName = "[No Variations]"
Add component (AddParameter): Name = "RoHS"; Value = "Yes"; VariantName = "[No Variations]"
Add component (AddParameter): Name = "RoHS Compliant"; Value = "Yes"; VariantName = "[No Variations]"
Add component (AddParameter): Name = "Stock 1"; Value = "10385"; VariantName = "[No Variations]"
Add component (AddParameter): Name = "Supplier 1"; Value = "Digi-Key"; VariantName = "[No Variations]"
Add component (AddParameter): Name = "Temperature Coefficient"; Value = "200ppm/°C"; VariantName = "[No Variations]"
Add component (AddParameter): Name = "Tolerance"; Value = "1%"; VariantName = "[No Variations]"
Added Component: Designator=R34(2_Chip_0603_RMCF)
Add component (AddParameter): Name = "Case/Package"; Value = "0603"; VariantName = "[No Variations]"
Add component (AddParameter): Name = "Category"; Value = "Chip SMD Resistors"; VariantName = "[No Variations]"
Add component (AddParameter): Name = "ComponentLink1Description"; Value = "https://www.seielect.com/catalog/sei-rmcf_rmcp.pdf?src-supplier=Digi-Key"; VariantName = "[No Variations]"
Add component (AddParameter): Name = "ComponentLink1URL"; Value = "https://www.seielect.com/catalog/sei-rmcf_rmcp.pdf?src-supplier=Digi-Key"; VariantName = "[No Variations]"
Add component (AddParameter): Name = "ComponentLink2Description"; Value = "https://www.seielect.com/catalog/SEI-RMCF_RMCP.pdf?src-supplier=Avnet"; VariantName = "[No Variations]"
Add component (AddParameter): Name = "ComponentLink2URL"; Value = "https://www.seielect.com/catalog/SEI-RMCF_RMCP.pdf?src-supplier=Avnet"; VariantName = "[No Variations]"
Add component (AddParameter): Name = "Contact Plating"; Value = "Tin,Matte"; VariantName = "[No Variations]"
Add component (AddParameter): Name = "Manufacturer"; Value = "Stackpole Electronics"; VariantName = "[No Variations]"
Add component (AddParameter): Name = "Manufacturer Part Number"; Value = "RMCF0603FT4M87"; VariantName = "[No Variations]"
Add component (AddParameter): Name = "Max Operating Temperature"; Value = "155°C"; VariantName = "[No Variations]"
Add component (AddParameter): Name = "Min Operating Temperature"; Value = "-55°C"; VariantName = "[No Variations]"
Add component (AddParameter): Name = "Mount"; Value = "Surface Mount"; VariantName = "[No Variations]"
Add component (AddParameter): Name = "Packaging"; Value = "Tape and Reel"; VariantName = "[No Variations]"
Add component (AddParameter): Name = "Pricing 1"; Value = "1=0.10000, 10=0.02500, 100=0.01020, 1000=0.00457, 2500=0.00397 (USD)"; VariantName = "[No Variations]"
Add component (AddParameter): Name = "Radiation Hardening"; Value = "No"; VariantName = "[No Variations]"
Add component (AddParameter): Name = "Resistance"; Value = "4.87MR"; VariantName = "[No Variations]"
Add component (AddParameter): Name = "Resistor Type"; Value = "Thick Film"; VariantName = "[No Variations]"
Add component (AddParameter): Name = "RoHS"; Value = "Yes"; VariantName = "[No Variations]"
Add component (AddParameter): Name = "RoHS Compliant"; Value = "Yes"; VariantName = "[No Variations]"
Add component (AddParameter): Name = "Stock 1"; Value = "5904"; VariantName = "[No Variations]"
Add component (AddParameter): Name = "Supplier 1"; Value = "Digi-Key"; VariantName = "[No Variations]"
Add component (AddParameter): Name = "Temperature Coefficient"; Value = "200ppm/°C"; VariantName = "[No Variations]"
Add component (AddParameter): Name = "Tolerance"; Value = "1%"; VariantName = "[No Variations]"
Add Component: Footprint Not Found CAP_0603_1MM
Added Component: Designator=R36(2_Chip_0603_RMCF)
Add component (AddParameter): Name = "Case/Package"; Value = "0603"; VariantName = "[No Variations]"
Add component (AddParameter): Name = "Category"; Value = "Chip SMD Resistors"; VariantName = "[No Variations]"
Add component (AddParameter): Name = "ComponentLink1Description"; Value = "https://www.seielect.com/catalog/SEI-RMCF_RMCP.pdf?src-supplier=Avnet"; VariantName = "[No Variations]"
Add component (AddParameter): Name = "ComponentLink1URL"; Value = "https://www.seielect.com/catalog/SEI-RMCF_RMCP.pdf?src-supplier=Avnet"; VariantName = "[No Variations]"
Add component (AddParameter): Name = "ComponentLink2Description"; Value = "https://www.seielect.com/catalog/sei-rmcf_rmcp.pdf?src-supplier=Digi-Key"; VariantName = "[No Variations]"
Add component (AddParameter): Name = "ComponentLink2URL"; Value = "https://www.seielect.com/catalog/sei-rmcf_rmcp.pdf?src-supplier=Digi-Key"; VariantName = "[No Variations]"
Add component (AddParameter): Name = "Contact Plating"; Value = "Tin,Matte"; VariantName = "[No Variations]"
Add component (AddParameter): Name = "Manufacturer"; Value = "Stackpole Electronics"; VariantName = "[No Variations]"
Add component (AddParameter): Name = "Manufacturer Part Number"; Value = "RMCF0603FT4M42"; VariantName = "[No Variations]"
Add component (AddParameter): Name = "Max Operating Temperature"; Value = "155°C"; VariantName = "[No Variations]"
Add component (AddParameter): Name = "Min Operating Temperature"; Value = "-55°C"; VariantName = "[No Variations]"
Add component (AddParameter): Name = "Mount"; Value = "Surface Mount"; VariantName = "[No Variations]"
Add component (AddParameter): Name = "Packaging"; Value = "Tape and Reel"; VariantName = "[No Variations]"
Add component (AddParameter): Name = "Pricing 1"; Value = "1=0.10000, 10=0.02500, 100=0.01020, 1000=0.00457, 2500=0.00397 (USD)"; VariantName = "[No Variations]"
Add component (AddParameter): Name = "Radiation Hardening"; Value = "No"; VariantName = "[No Variations]"
Add component (AddParameter): Name = "Resistance"; Value = "4.42MR"; VariantName = "[No Variations]"
Add component (AddParameter): Name = "Resistor Type"; Value = "Thick Film"; VariantName = "[No Variations]"
Add component (AddParameter): Name = "RoHS"; Value = "Yes"; VariantName = "[No Variations]"
Add component (AddParameter): Name = "RoHS Compliant"; Value = "Yes"; VariantName = "[No Variations]"
Add component (AddParameter): Name = "Stock 1"; Value = "5226"; VariantName = "[No Variations]"
Add component (AddParameter): Name = "Supplier 1"; Value = "Digi-Key"; VariantName = "[No Variations]"
Add component (AddParameter): Name = "Temperature Coefficient"; Value = "200ppm/°C"; VariantName = "[No Variations]"
Add component (AddParameter): Name = "Tolerance"; Value = "1%"; VariantName = "[No Variations]"
Added Component: Designator=R37(2_Chip_0603_RMCF)
Add component (AddParameter): Name = "Case Code (Imperial)"; Value = "0603"; VariantName = "[No Variations]"
Add component (AddParameter): Name = "Case Code (Metric)"; Value = "1608"; VariantName = "[No Variations]"
Add component (AddParameter): Name = "Case/Package"; Value = "0603"; VariantName = "[No Variations]"
Add component (AddParameter): Name = "Category"; Value = "Chip SMD Resistors"; VariantName = "[No Variations]"
Add component (AddParameter): Name = "ComponentLink1Description"; Value = "https://www.seielect.com/catalog/sei-rmcf_rmcp.pdf?src-supplier=Digi-Key"; VariantName = "[No Variations]"
Add component (AddParameter): Name = "ComponentLink1URL"; Value = "https://www.seielect.com/catalog/sei-rmcf_rmcp.pdf?src-supplier=Digi-Key"; VariantName = "[No Variations]"
Add component (AddParameter): Name = "ComponentLink2Description"; Value = "https://www.seielect.com/catalog/SEI-RMCF_RMCP.pdf?src-supplier=Avnet"; VariantName = "[No Variations]"
Add component (AddParameter): Name = "ComponentLink2URL"; Value = "https://www.seielect.com/catalog/SEI-RMCF_RMCP.pdf?src-supplier=Avnet"; VariantName = "[No Variations]"
Add component (AddParameter): Name = "ComponentLink3Description"; Value = "https://www.seielect.com/catalog/SEI-Packaging.pdf?src-supplier=Avnet"; VariantName = "[No Variations]"
Add component (AddParameter): Name = "ComponentLink3URL"; Value = "https://www.seielect.com/catalog/SEI-Packaging.pdf?src-supplier=Avnet"; VariantName = "[No Variations]"
Add component (AddParameter): Name = "ComponentLink4Description"; Value = "https://www.seielect.com/catalog/SEI-Packaging.pdf?src-supplier=Arrow+Electronics"; VariantName = "[No Variations]"
Add component (AddParameter): Name = "ComponentLink4URL"; Value = "https://www.seielect.com/catalog/SEI-Packaging.pdf?src-supplier=Arrow+Electronics"; VariantName = "[No Variations]"
Add component (AddParameter): Name = "ComponentLink5Description"; Value = "https://www.seielect.com/catalog/SEI-RMCF_RMCP.pdf?src-supplier=Avnet+Asia"; VariantName = "[No Variations]"
Add component (AddParameter): Name = "ComponentLink5URL"; Value = "https://www.seielect.com/catalog/SEI-RMCF_RMCP.pdf?src-supplier=Avnet+Asia"; VariantName = "[No Variations]"
Add component (AddParameter): Name = "ComponentLink6Description"; Value = "http://www.seielect.com/Catalog/SEI-rmc.pdf?src-supplier=Future+Electronics"; VariantName = "[No Variations]"
Add component (AddParameter): Name = "ComponentLink6URL"; Value = "http://www.seielect.com/Catalog/SEI-rmc.pdf?src-supplier=Future+Electronics"; VariantName = "[No Variations]"
Add component (AddParameter): Name = "ComponentLink7Description"; Value = "https://www.seielect.com/catalog/SEI-Packaging.pdf?src-supplier=Verical"; VariantName = "[No Variations]"
Add component (AddParameter): Name = "ComponentLink7URL"; Value = "https://www.seielect.com/catalog/SEI-Packaging.pdf?src-supplier=Verical"; VariantName = "[No Variations]"
Add component (AddParameter): Name = "ComponentLink8Description"; Value = "https://www.seielect.com/catalog/SEI-Packaging.pdf?src-supplier=Quest"; VariantName = "[No Variations]"
Add component (AddParameter): Name = "ComponentLink8URL"; Value = "https://www.seielect.com/catalog/SEI-Packaging.pdf?src-supplier=Quest"; VariantName = "[No Variations]"
Add component (AddParameter): Name = "Construction"; Value = "Rectangular"; VariantName = "[No Variations]"
Add component (AddParameter): Name = "Contact Plating"; Value = "Tin,Matte"; VariantName = "[No Variations]"
Add component (AddParameter): Name = "Depth"; Value = "0.8mm"; VariantName = "[No Variations]"
Add component (AddParameter): Name = "Features"; Value = "Automotive AEC-Q200"; VariantName = "[No Variations]"
Add component (AddParameter): Name = "Height"; Value = "0.022inch"; VariantName = "[No Variations]"
Add component (AddParameter): Name = "Lead Free"; Value = "Lead Free"; VariantName = "[No Variations]"
Add component (AddParameter): Name = "Length"; Value = "1.55mm"; VariantName = "[No Variations]"
Add component (AddParameter): Name = "Manufacturer"; Value = "Stackpole Electronics"; VariantName = "[No Variations]"
Add component (AddParameter): Name = "Manufacturer Part Number"; Value = "RMCF0603FT1K00"; VariantName = "[No Variations]"
Add component (AddParameter): Name = "Max Operating Temperature"; Value = "155°C"; VariantName = "[No Variations]"
Add component (AddParameter): Name = "Max Power Dissipation"; Value = "100mW"; VariantName = "[No Variations]"
Add component (AddParameter): Name = "Military Standard"; Value = "Not"; VariantName = "[No Variations]"
Add component (AddParameter): Name = "Min Operating Temperature"; Value = "-55°C"; VariantName = "[No Variations]"
Add component (AddParameter): Name = "Mount"; Value = "Surface Mount"; VariantName = "[No Variations]"
Add component (AddParameter): Name = "Number of Terminations"; Value = "2"; VariantName = "[No Variations]"
Add component (AddParameter): Name = "Packaging"; Value = "Tape and Reel"; VariantName = "[No Variations]"
Add component (AddParameter): Name = "Power Rating"; Value = "100mW"; VariantName = "[No Variations]"
Add component (AddParameter): Name = "Pricing 1"; Value = "1=0.10000, 10=0.01700, 100=0.00680, 1000=0.00305, 2500=0.00264 (USD)"; VariantName = "[No Variations]"
Add component (AddParameter): Name = "Radiation Hardening"; Value = "No"; VariantName = "[No Variations]"
Add component (AddParameter): Name = "Resistance"; Value = "1kR"; VariantName = "[No Variations]"
Add component (AddParameter): Name = "Resistor Type"; Value = "Thick Film"; VariantName = "[No Variations]"
Add component (AddParameter): Name = "RoHS"; Value = "Yes"; VariantName = "[No Variations]"
Add component (AddParameter): Name = "RoHS Compliant"; Value = "Yes"; VariantName = "[No Variations]"
Add component (AddParameter): Name = "Series"; Value = "RMCF"; VariantName = "[No Variations]"
Add component (AddParameter): Name = "Size Code"; Value = "0603"; VariantName = "[No Variations]"
Add component (AddParameter): Name = "Supplier 1"; Value = "Digi-Key"; VariantName = "[No Variations]"
Add component (AddParameter): Name = "Temperature Coefficient"; Value = "100ppm/°C"; VariantName = "[No Variations]"
Add component (AddParameter): Name = "Tolerance"; Value = "1%"; VariantName = "[No Variations]"
Add component (AddParameter): Name = "Width"; Value = "0.031inch"; VariantName = "[No Variations]"
Added Component: Designator=R38(2_Chip_0603_RMCF)
Add component (AddParameter): Name = "Case Code (Imperial)"; Value = "0603"; VariantName = "[No Variations]"
Add component (AddParameter): Name = "Case Code (Metric)"; Value = "1608"; VariantName = "[No Variations]"
Add component (AddParameter): Name = "Case/Package"; Value = "0603"; VariantName = "[No Variations]"
Add component (AddParameter): Name = "Category"; Value = "Chip SMD Resistors"; VariantName = "[No Variations]"
Add component (AddParameter): Name = "ComponentLink1Description"; Value = "https://www.seielect.com/catalog/sei-rmcf_rmcp.pdf?src-supplier=Digi-Key"; VariantName = "[No Variations]"
Add component (AddParameter): Name = "ComponentLink1URL"; Value = "https://www.seielect.com/catalog/sei-rmcf_rmcp.pdf?src-supplier=Digi-Key"; VariantName = "[No Variations]"
Add component (AddParameter): Name = "ComponentLink2Description"; Value = "https://www.seielect.com/catalog/SEI-RMCF_RMCP.pdf?src-supplier=Avnet"; VariantName = "[No Variations]"
Add component (AddParameter): Name = "ComponentLink2URL"; Value = "https://www.seielect.com/catalog/SEI-RMCF_RMCP.pdf?src-supplier=Avnet"; VariantName = "[No Variations]"
Add component (AddParameter): Name = "ComponentLink3Description"; Value = "https://www.seielect.com/catalog/SEI-Packaging.pdf?src-supplier=Avnet"; VariantName = "[No Variations]"
Add component (AddParameter): Name = "ComponentLink3URL"; Value = "https://www.seielect.com/catalog/SEI-Packaging.pdf?src-supplier=Avnet"; VariantName = "[No Variations]"
Add component (AddParameter): Name = "ComponentLink4Description"; Value = "https://www.seielect.com/catalog/SEI-Packaging.pdf?src-supplier=Arrow+Electronics"; VariantName = "[No Variations]"
Add component (AddParameter): Name = "ComponentLink4URL"; Value = "https://www.seielect.com/catalog/SEI-Packaging.pdf?src-supplier=Arrow+Electronics"; VariantName = "[No Variations]"
Add component (AddParameter): Name = "ComponentLink5Description"; Value = "https://www.seielect.com/catalog/SEI-RMCF_RMCP.pdf?src-supplier=Avnet+Asia"; VariantName = "[No Variations]"
Add component (AddParameter): Name = "ComponentLink5URL"; Value = "https://www.seielect.com/catalog/SEI-RMCF_RMCP.pdf?src-supplier=Avnet+Asia"; VariantName = "[No Variations]"
Add component (AddParameter): Name = "ComponentLink6Description"; Value = "http://www.seielect.com/Catalog/SEI-rmc.pdf?src-supplier=Future+Electronics"; VariantName = "[No Variations]"
Add component (AddParameter): Name = "ComponentLink6URL"; Value = "http://www.seielect.com/Catalog/SEI-rmc.pdf?src-supplier=Future+Electronics"; VariantName = "[No Variations]"
Add component (AddParameter): Name = "ComponentLink7Description"; Value = "https://www.seielect.com/catalog/SEI-Packaging.pdf?src-supplier=Verical"; VariantName = "[No Variations]"
Add component (AddParameter): Name = "ComponentLink7URL"; Value = "https://www.seielect.com/catalog/SEI-Packaging.pdf?src-supplier=Verical"; VariantName = "[No Variations]"
Add component (AddParameter): Name = "ComponentLink8Description"; Value = "https://www.seielect.com/catalog/SEI-Packaging.pdf?src-supplier=Quest"; VariantName = "[No Variations]"
Add component (AddParameter): Name = "ComponentLink8URL"; Value = "https://www.seielect.com/catalog/SEI-Packaging.pdf?src-supplier=Quest"; VariantName = "[No Variations]"
Add component (AddParameter): Name = "Construction"; Value = "Rectangular"; VariantName = "[No Variations]"
Add component (AddParameter): Name = "Contact Plating"; Value = "Tin,Matte"; VariantName = "[No Variations]"
Add component (AddParameter): Name = "Depth"; Value = "0.8mm"; VariantName = "[No Variations]"
Add component (AddParameter): Name = "Features"; Value = "Automotive AEC-Q200"; VariantName = "[No Variations]"
Add component (AddParameter): Name = "Height"; Value = "0.022inch"; VariantName = "[No Variations]"
Add component (AddParameter): Name = "Lead Free"; Value = "Lead Free"; VariantName = "[No Variations]"
Add component (AddParameter): Name = "Length"; Value = "1.55mm"; VariantName = "[No Variations]"
Add component (AddParameter): Name = "Manufacturer"; Value = "Stackpole Electronics"; VariantName = "[No Variations]"
Add component (AddParameter): Name = "Manufacturer Part Number"; Value = "RMCF0603FT1K00"; VariantName = "[No Variations]"
Add component (AddParameter): Name = "Max Operating Temperature"; Value = "155°C"; VariantName = "[No Variations]"
Add component (AddParameter): Name = "Max Power Dissipation"; Value = "100mW"; VariantName = "[No Variations]"
Add component (AddParameter): Name = "Military Standard"; Value = "Not"; VariantName = "[No Variations]"
Add component (AddParameter): Name = "Min Operating Temperature"; Value = "-55°C"; VariantName = "[No Variations]"
Add component (AddParameter): Name = "Mount"; Value = "Surface Mount"; VariantName = "[No Variations]"
Add component (AddParameter): Name = "Number of Terminations"; Value = "2"; VariantName = "[No Variations]"
Add component (AddParameter): Name = "Packaging"; Value = "Tape and Reel"; VariantName = "[No Variations]"
Add component (AddParameter): Name = "Power Rating"; Value = "100mW"; VariantName = "[No Variations]"
Add component (AddParameter): Name = "Pricing 1"; Value = "1=0.10000, 10=0.01700, 100=0.00680, 1000=0.00305, 2500=0.00264 (USD)"; VariantName = "[No Variations]"
Add component (AddParameter): Name = "Radiation Hardening"; Value = "No"; VariantName = "[No Variations]"
Add component (AddParameter): Name = "Resistance"; Value = "1kR"; VariantName = "[No Variations]"
Add component (AddParameter): Name = "Resistor Type"; Value = "Thick Film"; VariantName = "[No Variations]"
Add component (AddParameter): Name = "RoHS"; Value = "Yes"; VariantName = "[No Variations]"
Add component (AddParameter): Name = "RoHS Compliant"; Value = "Yes"; VariantName = "[No Variations]"
Add component (AddParameter): Name = "Series"; Value = "RMCF"; VariantName = "[No Variations]"
Add component (AddParameter): Name = "Size Code"; Value = "0603"; VariantName = "[No Variations]"
Add component (AddParameter): Name = "Supplier 1"; Value = "Digi-Key"; VariantName = "[No Variations]"
Add component (AddParameter): Name = "Temperature Coefficient"; Value = "100ppm/°C"; VariantName = "[No Variations]"
Add component (AddParameter): Name = "Tolerance"; Value = "1%"; VariantName = "[No Variations]"
Add component (AddParameter): Name = "Width"; Value = "0.031inch"; VariantName = "[No Variations]"
Added Component: Designator=R39(CAP_0402_1mm)
Add component (AddParameter): Name = "Case Code (Imperial)"; Value = "0402"; VariantName = "[No Variations]"
Add component (AddParameter): Name = "Case Code (Metric)"; Value = "1005"; VariantName = "[No Variations]"
Add component (AddParameter): Name = "Case/Package"; Value = "0402"; VariantName = "[No Variations]"
Add component (AddParameter): Name = "Category"; Value = "Chip SMD Resistors"; VariantName = "[No Variations]"
Add component (AddParameter): Name = "ComponentLink1Description"; Value = "https://datasheet.ciiva.com/15196/getdatasheetpartid-499011-15196236.pdf?src-supplier=Verical"; VariantName = "[No Variations]"
Add component (AddParameter): Name = "ComponentLink1URL"; Value = "https://datasheet.ciiva.com/15196/getdatasheetpartid-499011-15196236.pdf?src-supplier=Verical"; VariantName = "[No Variations]"
Add component (AddParameter): Name = "ComponentLink2Description"; Value = "https://datasheet.ciiva.com/16449/rcseries-16449310.pdf?src-supplier=Future+Electronics"; VariantName = "[No Variations]"
Add component (AddParameter): Name = "ComponentLink2URL"; Value = "https://datasheet.ciiva.com/16449/rcseries-16449310.pdf?src-supplier=Future+Electronics"; VariantName = "[No Variations]"
Add component (AddParameter): Name = "Construction"; Value = "Rectangular"; VariantName = "[No Variations]"
Add component (AddParameter): Name = "Contact Plating"; Value = "Tin"; VariantName = "[No Variations]"
Add component (AddParameter): Name = "Depth"; Value = "0.5mm"; VariantName = "[No Variations]"
Add component (AddParameter): Name = "Features"; Value = "Moisture Resistant"; VariantName = "[No Variations]"
Add component (AddParameter): Name = "Height"; Value = "0.016inch"; VariantName = "[No Variations]"
Add component (AddParameter): Name = "Lead Free"; Value = "Lead Free"; VariantName = "[No Variations]"
Add component (AddParameter): Name = "Length"; Value = "1mm"; VariantName = "[No Variations]"
Add component (AddParameter): Name = "Manufacturer"; Value = "Samsung"; VariantName = "[No Variations]"
Add component (AddParameter): Name = "Manufacturer Part Number"; Value = "RC1005J000CS"; VariantName = "[No Variations]"
Add component (AddParameter): Name = "Max Operating Temperature"; Value = "125°C"; VariantName = "[No Variations]"
Add component (AddParameter): Name = "Max Power Dissipation"; Value = "63mW"; VariantName = "[No Variations]"
Add component (AddParameter): Name = "Military Standard"; Value = "Not"; VariantName = "[No Variations]"
Add component (AddParameter): Name = "Min Operating Temperature"; Value = "-55°C"; VariantName = "[No Variations]"
Add component (AddParameter): Name = "Mount"; Value = "Surface Mount"; VariantName = "[No Variations]"
Add component (AddParameter): Name = "Number of Terminations"; Value = "2"; VariantName = "[No Variations]"
Add component (AddParameter): Name = "Packaging"; Value = "Tape and Reel"; VariantName = "[No Variations]"
Add component (AddParameter): Name = "Power Rating"; Value = "63mW"; VariantName = "[No Variations]"
Add component (AddParameter): Name = "Pricing 1"; Value = "1=0.10000, 10=0.04200, 25=0.03040, 50=0.02300, 100=0.01700, 250=0.01296, 500=0.01036, 1000=0.00763, 5000=0.00547 (USD)"; VariantName = "[No Variations]"
Add component (AddParameter): Name = "Radiation Hardening"; Value = "No"; VariantName = "[No Variations]"
Add component (AddParameter): Name = "Resistance"; Value = "0R"; VariantName = "[No Variations]"
Add component (AddParameter): Name = "Resistor Type"; Value = "Thick Film"; VariantName = "[No Variations]"
Add component (AddParameter): Name = "RoHS"; Value = "Yes"; VariantName = "[No Variations]"
Add component (AddParameter): Name = "RoHS Compliant"; Value = "Yes"; VariantName = "[No Variations]"
Add component (AddParameter): Name = "Series"; Value = "RC"; VariantName = "[No Variations]"
Add component (AddParameter): Name = "Size Code"; Value = "0402"; VariantName = "[No Variations]"
Add component (AddParameter): Name = "Stock 1"; Value = "580"; VariantName = "[No Variations]"
Add component (AddParameter): Name = "Supplier 1"; Value = "Digi-Key"; VariantName = "[No Variations]"
Add component (AddParameter): Name = "Temperature Coefficient"; Value = "200ppm/°C"; VariantName = "[No Variations]"
Add component (AddParameter): Name = "Tolerance"; Value = "5%"; VariantName = "[No Variations]"
Add component (AddParameter): Name = "Voltage Rating (DC)"; Value = "50V"; VariantName = "[No Variations]"
Add component (AddParameter): Name = "Width"; Value = "0.02inch"; VariantName = "[No Variations]"
Added Component: Designator=R40(CAP_0603_1MM)
Add component (AddParameter): Name = "Case Code (Imperial)"; Value = "0603"; VariantName = "[No Variations]"
Add component (AddParameter): Name = "Case Code (Metric)"; Value = "1608"; VariantName = "[No Variations]"
Add component (AddParameter): Name = "Case/Package"; Value = "0603"; VariantName = "[No Variations]"
Add component (AddParameter): Name = "Category"; Value = "Chip SMD Resistors"; VariantName = "[No Variations]"
Add component (AddParameter): Name = "ComponentLink1Description"; Value = "http://www.farnell.com/datasheets/2167052.pdf?src-supplier=Farnell"; VariantName = "[No Variations]"
Add component (AddParameter): Name = "ComponentLink1URL"; Value = "http://www.farnell.com/datasheets/2167052.pdf?src-supplier=Farnell"; VariantName = "[No Variations]"
Add component (AddParameter): Name = "ComponentLink2Description"; Value = "http://www.mouser.com/ds/2/447/RC0603-272842.pdf?src-supplier=Mouser"; VariantName = "[No Variations]"
Add component (AddParameter): Name = "ComponentLink2URL"; Value = "http://www.mouser.com/ds/2/447/RC0603-272842.pdf?src-supplier=Mouser"; VariantName = "[No Variations]"
Add component (AddParameter): Name = "ComponentLink3Description"; Value = "http://components.arrow.com/part/dataview/0323_00200942?src-supplier=Arrow+Europe"; VariantName = "[No Variations]"
Add component (AddParameter): Name = "ComponentLink3URL"; Value = "http://components.arrow.com/part/dataview/0323_00200942?src-supplier=Arrow+Europe"; VariantName = "[No Variations]"
Add component (AddParameter): Name = "ComponentLink4Description"; Value = "https://www.verical.com/server-webapp/html/getDatasheet?partID=135099&src-supplier=Verical"; VariantName = "[No Variations]"
Add component (AddParameter): Name = "ComponentLink4URL"; Value = "https://www.verical.com/server-webapp/html/getDatasheet?partID=135099&src-supplier=Verical"; VariantName = "[No Variations]"
Add component (AddParameter): Name = "ComponentLink5Description"; Value = "http://www.farnell.com/datasheets/2167052.pdf?src-supplier=Element14"; VariantName = "[No Variations]"
Add component (AddParameter): Name = "ComponentLink5URL"; Value = "http://www.farnell.com/datasheets/2167052.pdf?src-supplier=Element14"; VariantName = "[No Variations]"
Add component (AddParameter): Name = "ComponentLink6Description"; Value = "http://www.yageo.com/documents/recent/PYu-RC_Group_51_RoHS_L_10.pdf?src-supplier=Digi-Key"; VariantName = "[No Variations]"
Add component (AddParameter): Name = "ComponentLink6URL"; Value = "http://www.yageo.com/documents/recent/PYu-RC_Group_51_RoHS_L_10.pdf?src-supplier=Digi-Key"; VariantName = "[No Variations]"
Add component (AddParameter): Name = "ComponentLink7Description"; Value = "http://www.yageo.com/documents/recent/PYu-RC_Group_51_RoHS_L_9.pdf?src-supplier=Digi-Key"; VariantName = "[No Variations]"
Add component (AddParameter): Name = "ComponentLink7URL"; Value = "http://www.yageo.com/documents/recent/PYu-RC_Group_51_RoHS_L_9.pdf?src-supplier=Digi-Key"; VariantName = "[No Variations]"
Add component (AddParameter): Name = "ComponentLink8Description"; Value = "http://www.farnell.com/datasheets/1868787.pdf?src-supplier=Newark"; VariantName = "[No Variations]"
Add component (AddParameter): Name = "ComponentLink8URL"; Value = "http://www.farnell.com/datasheets/1868787.pdf?src-supplier=Newark"; VariantName = "[No Variations]"
Add component (AddParameter): Name = "ComponentLink9Description"; Value = "http://www.yageo.com/documents/recent/PYu-RC0603_51_RoHS_L_7.pdf?src-supplier=Future+Electronics"; VariantName = "[No Variations]"
Add component (AddParameter): Name = "ComponentLink9URL"; Value = "http://www.yageo.com/documents/recent/PYu-RC0603_51_RoHS_L_7.pdf?src-supplier=Future+Electronics"; VariantName = "[No Variations]"
Add component (AddParameter): Name = "Construction"; Value = "Rectangular"; VariantName = "[No Variations]"
Add component (AddParameter): Name = "Depth"; Value = "0.8mm"; VariantName = "[No Variations]"
Add component (AddParameter): Name = "Features"; Value = "Moisture Resistant"; VariantName = "[No Variations]"
Add component (AddParameter): Name = "Lead Free"; Value = "Lead Free"; VariantName = "[No Variations]"
Add component (AddParameter): Name = "Length"; Value = "1.6mm"; VariantName = "[No Variations]"
Add component (AddParameter): Name = "Manufacturer"; Value = "Yageo"; VariantName = "[No Variations]"
Add component (AddParameter): Name = "Manufacturer Part Number"; Value = "RC0603FR-073KL"; VariantName = "[No Variations]"
Add component (AddParameter): Name = "Max Operating Temperature"; Value = "155°C"; VariantName = "[No Variations]"
Add component (AddParameter): Name = "Max Power Dissipation"; Value = "100mW"; VariantName = "[No Variations]"
Add component (AddParameter): Name = "Military Standard"; Value = "Not"; VariantName = "[No Variations]"
Add component (AddParameter): Name = "Min Operating Temperature"; Value = "-55°C"; VariantName = "[No Variations]"
Add component (AddParameter): Name = "Number of Pins"; Value = "2"; VariantName = "[No Variations]"
Add component (AddParameter): Name = "Number of Terminations"; Value = "2"; VariantName = "[No Variations]"
Add component (AddParameter): Name = "Packaging"; Value = "Tape and Reel"; VariantName = "[No Variations]"
Add component (AddParameter): Name = "Power Rating"; Value = "100mW"; VariantName = "[No Variations]"
Add component (AddParameter): Name = "Pricing 1"; Value = "1=0.10000, 10=0.02400, 100=0.00970, 1000=0.00436, 2500=0.00378 (USD)"; VariantName = "[No Variations]"
Add component (AddParameter): Name = "REACH SVHC"; Value = "No SVHC"; VariantName = "[No Variations]"
Add component (AddParameter): Name = "Resistance"; Value = "3kR"; VariantName = "[No Variations]"
Add component (AddParameter): Name = "Resistance Tolerance"; Value = "1%"; VariantName = "[No Variations]"
Add component (AddParameter): Name = "Resistor Type"; Value = "Thick Film"; VariantName = "[No Variations]"
Add component (AddParameter): Name = "RoHS"; Value = "Yes"; VariantName = "[No Variations]"
Add component (AddParameter): Name = "RoHS Compliant"; Value = "Yes"; VariantName = "[No Variations]"
Add component (AddParameter): Name = "Series"; Value = "RC"; VariantName = "[No Variations]"
Add component (AddParameter): Name = "Size Code"; Value = "0603"; VariantName = "[No Variations]"
Add component (AddParameter): Name = "Stock 1"; Value = "1079123"; VariantName = "[No Variations]"
Add component (AddParameter): Name = "Supplier 1"; Value = "Digi-Key"; VariantName = "[No Variations]"
Add component (AddParameter): Name = "Temperature Coefficient"; Value = "100ppm/°C"; VariantName = "[No Variations]"
Add component (AddParameter): Name = "Termination"; Value = "SMD/SMT"; VariantName = "[No Variations]"
Add component (AddParameter): Name = "Tolerance"; Value = "1%"; VariantName = "[No Variations]"
Add component (AddParameter): Name = "Voltage Rating"; Value = "50V"; VariantName = "[No Variations]"
Add component (AddParameter): Name = "Voltage Rating (DC)"; Value = "50V"; VariantName = "[No Variations]"
Add component (AddParameter): Name = "Width"; Value = "800um"; VariantName = "[No Variations]"
Added Component: Designator=R41(CAP_0402_1mm)
Add component (AddParameter): Name = "Case Code (Imperial)"; Value = "0402"; VariantName = "[No Variations]"
Add component (AddParameter): Name = "Case Code (Metric)"; Value = "1005"; VariantName = "[No Variations]"
Add component (AddParameter): Name = "Case/Package"; Value = "0402"; VariantName = "[No Variations]"
Add component (AddParameter): Name = "Category"; Value = "Chip SMD Resistors"; VariantName = "[No Variations]"
Add component (AddParameter): Name = "ComponentLink1Description"; Value = "https://datasheet.ciiva.com/15196/getdatasheetpartid-499011-15196236.pdf?src-supplier=Verical"; VariantName = "[No Variations]"
Add component (AddParameter): Name = "ComponentLink1URL"; Value = "https://datasheet.ciiva.com/15196/getdatasheetpartid-499011-15196236.pdf?src-supplier=Verical"; VariantName = "[No Variations]"
Add component (AddParameter): Name = "ComponentLink2Description"; Value = "https://datasheet.ciiva.com/16449/rcseries-16449310.pdf?src-supplier=Future+Electronics"; VariantName = "[No Variations]"
Add component (AddParameter): Name = "ComponentLink2URL"; Value = "https://datasheet.ciiva.com/16449/rcseries-16449310.pdf?src-supplier=Future+Electronics"; VariantName = "[No Variations]"
Add component (AddParameter): Name = "Construction"; Value = "Rectangular"; VariantName = "[No Variations]"
Add component (AddParameter): Name = "Contact Plating"; Value = "Tin"; VariantName = "[No Variations]"
Add component (AddParameter): Name = "Depth"; Value = "0.5mm"; VariantName = "[No Variations]"
Add component (AddParameter): Name = "Features"; Value = "Moisture Resistant"; VariantName = "[No Variations]"
Add component (AddParameter): Name = "Height"; Value = "0.016inch"; VariantName = "[No Variations]"
Add component (AddParameter): Name = "Lead Free"; Value = "Lead Free"; VariantName = "[No Variations]"
Add component (AddParameter): Name = "Length"; Value = "1mm"; VariantName = "[No Variations]"
Add component (AddParameter): Name = "Manufacturer"; Value = "Samsung"; VariantName = "[No Variations]"
Add component (AddParameter): Name = "Manufacturer Part Number"; Value = "RC1005J000CS"; VariantName = "[No Variations]"
Add component (AddParameter): Name = "Max Operating Temperature"; Value = "125°C"; VariantName = "[No Variations]"
Add component (AddParameter): Name = "Max Power Dissipation"; Value = "63mW"; VariantName = "[No Variations]"
Add component (AddParameter): Name = "Military Standard"; Value = "Not"; VariantName = "[No Variations]"
Add component (AddParameter): Name = "Min Operating Temperature"; Value = "-55°C"; VariantName = "[No Variations]"
Add component (AddParameter): Name = "Mount"; Value = "Surface Mount"; VariantName = "[No Variations]"
Add component (AddParameter): Name = "Number of Terminations"; Value = "2"; VariantName = "[No Variations]"
Add component (AddParameter): Name = "Packaging"; Value = "Tape and Reel"; VariantName = "[No Variations]"
Add component (AddParameter): Name = "Power Rating"; Value = "63mW"; VariantName = "[No Variations]"
Add component (AddParameter): Name = "Pricing 1"; Value = "1=0.10000, 10=0.04200, 25=0.03040, 50=0.02300, 100=0.01700, 250=0.01296, 500=0.01036, 1000=0.00763, 5000=0.00547 (USD)"; VariantName = "[No Variations]"
Add component (AddParameter): Name = "Radiation Hardening"; Value = "No"; VariantName = "[No Variations]"
Add component (AddParameter): Name = "Resistance"; Value = "0R"; VariantName = "[No Variations]"
Add component (AddParameter): Name = "Resistor Type"; Value = "Thick Film"; VariantName = "[No Variations]"
Add component (AddParameter): Name = "RoHS"; Value = "Yes"; VariantName = "[No Variations]"
Add component (AddParameter): Name = "RoHS Compliant"; Value = "Yes"; VariantName = "[No Variations]"
Add component (AddParameter): Name = "Series"; Value = "RC"; VariantName = "[No Variations]"
Add component (AddParameter): Name = "Size Code"; Value = "0402"; VariantName = "[No Variations]"
Add component (AddParameter): Name = "Stock 1"; Value = "580"; VariantName = "[No Variations]"
Add component (AddParameter): Name = "Supplier 1"; Value = "Digi-Key"; VariantName = "[No Variations]"
Add component (AddParameter): Name = "Temperature Coefficient"; Value = "200ppm/°C"; VariantName = "[No Variations]"
Add component (AddParameter): Name = "Tolerance"; Value = "5%"; VariantName = "[No Variations]"
Add component (AddParameter): Name = "Voltage Rating (DC)"; Value = "50V"; VariantName = "[No Variations]"
Add component (AddParameter): Name = "Width"; Value = "0.02inch"; VariantName = "[No Variations]"
Added Component: Designator=R42(CAP_0603_1MM)
Add component (AddParameter): Name = "Case Code (Imperial)"; Value = "0603"; VariantName = "[No Variations]"
Add component (AddParameter): Name = "Case Code (Metric)"; Value = "1608"; VariantName = "[No Variations]"
Add component (AddParameter): Name = "Case/Package"; Value = "0603"; VariantName = "[No Variations]"
Add component (AddParameter): Name = "Category"; Value = "Chip SMD Resistors"; VariantName = "[No Variations]"
Add component (AddParameter): Name = "ComponentLink1Description"; Value = "http://www.farnell.com/datasheets/2167052.pdf?src-supplier=Farnell"; VariantName = "[No Variations]"
Add component (AddParameter): Name = "ComponentLink1URL"; Value = "http://www.farnell.com/datasheets/2167052.pdf?src-supplier=Farnell"; VariantName = "[No Variations]"
Add component (AddParameter): Name = "ComponentLink2Description"; Value = "http://www.mouser.com/ds/2/447/RC0603-272842.pdf?src-supplier=Mouser"; VariantName = "[No Variations]"
Add component (AddParameter): Name = "ComponentLink2URL"; Value = "http://www.mouser.com/ds/2/447/RC0603-272842.pdf?src-supplier=Mouser"; VariantName = "[No Variations]"
Add component (AddParameter): Name = "ComponentLink3Description"; Value = "http://components.arrow.com/part/dataview/0323_00200942?src-supplier=Arrow+Europe"; VariantName = "[No Variations]"
Add component (AddParameter): Name = "ComponentLink3URL"; Value = "http://components.arrow.com/part/dataview/0323_00200942?src-supplier=Arrow+Europe"; VariantName = "[No Variations]"
Add component (AddParameter): Name = "ComponentLink4Description"; Value = "https://www.verical.com/server-webapp/html/getDatasheet?partID=135099&src-supplier=Verical"; VariantName = "[No Variations]"
Add component (AddParameter): Name = "ComponentLink4URL"; Value = "https://www.verical.com/server-webapp/html/getDatasheet?partID=135099&src-supplier=Verical"; VariantName = "[No Variations]"
Add component (AddParameter): Name = "ComponentLink5Description"; Value = "http://www.farnell.com/datasheets/2167052.pdf?src-supplier=Element14"; VariantName = "[No Variations]"
Add component (AddParameter): Name = "ComponentLink5URL"; Value = "http://www.farnell.com/datasheets/2167052.pdf?src-supplier=Element14"; VariantName = "[No Variations]"
Add component (AddParameter): Name = "ComponentLink6Description"; Value = "http://www.yageo.com/documents/recent/PYu-RC_Group_51_RoHS_L_10.pdf?src-supplier=Digi-Key"; VariantName = "[No Variations]"
Add component (AddParameter): Name = "ComponentLink6URL"; Value = "http://www.yageo.com/documents/recent/PYu-RC_Group_51_RoHS_L_10.pdf?src-supplier=Digi-Key"; VariantName = "[No Variations]"
Add component (AddParameter): Name = "ComponentLink7Description"; Value = "http://www.yageo.com/documents/recent/PYu-RC_Group_51_RoHS_L_9.pdf?src-supplier=Digi-Key"; VariantName = "[No Variations]"
Add component (AddParameter): Name = "ComponentLink7URL"; Value = "http://www.yageo.com/documents/recent/PYu-RC_Group_51_RoHS_L_9.pdf?src-supplier=Digi-Key"; VariantName = "[No Variations]"
Add component (AddParameter): Name = "ComponentLink8Description"; Value = "http://www.farnell.com/datasheets/1868787.pdf?src-supplier=Newark"; VariantName = "[No Variations]"
Add component (AddParameter): Name = "ComponentLink8URL"; Value = "http://www.farnell.com/datasheets/1868787.pdf?src-supplier=Newark"; VariantName = "[No Variations]"
Add component (AddParameter): Name = "ComponentLink9Description"; Value = "http://www.yageo.com/documents/recent/PYu-RC0603_51_RoHS_L_7.pdf?src-supplier=Future+Electronics"; VariantName = "[No Variations]"
Add component (AddParameter): Name = "ComponentLink9URL"; Value = "http://www.yageo.com/documents/recent/PYu-RC0603_51_RoHS_L_7.pdf?src-supplier=Future+Electronics"; VariantName = "[No Variations]"
Add component (AddParameter): Name = "Construction"; Value = "Rectangular"; VariantName = "[No Variations]"
Add component (AddParameter): Name = "Depth"; Value = "0.8mm"; VariantName = "[No Variations]"
Add component (AddParameter): Name = "Features"; Value = "Moisture Resistant"; VariantName = "[No Variations]"
Add component (AddParameter): Name = "Lead Free"; Value = "Lead Free"; VariantName = "[No Variations]"
Add component (AddParameter): Name = "Length"; Value = "1.6mm"; VariantName = "[No Variations]"
Add component (AddParameter): Name = "Manufacturer"; Value = "Yageo"; VariantName = "[No Variations]"
Add component (AddParameter): Name = "Manufacturer Part Number"; Value = "RC0603FR-073KL"; VariantName = "[No Variations]"
Add component (AddParameter): Name = "Max Operating Temperature"; Value = "155°C"; VariantName = "[No Variations]"
Add component (AddParameter): Name = "Max Power Dissipation"; Value = "100mW"; VariantName = "[No Variations]"
Add component (AddParameter): Name = "Military Standard"; Value = "Not"; VariantName = "[No Variations]"
Add component (AddParameter): Name = "Min Operating Temperature"; Value = "-55°C"; VariantName = "[No Variations]"
Add component (AddParameter): Name = "Number of Pins"; Value = "2"; VariantName = "[No Variations]"
Add component (AddParameter): Name = "Number of Terminations"; Value = "2"; VariantName = "[No Variations]"
Add component (AddParameter): Name = "Packaging"; Value = "Tape and Reel"; VariantName = "[No Variations]"
Add component (AddParameter): Name = "Power Rating"; Value = "100mW"; VariantName = "[No Variations]"
Add component (AddParameter): Name = "Pricing 1"; Value = "1=0.10000, 10=0.02400, 100=0.00970, 1000=0.00436, 2500=0.00378 (USD)"; VariantName = "[No Variations]"
Add component (AddParameter): Name = "REACH SVHC"; Value = "No SVHC"; VariantName = "[No Variations]"
Add component (AddParameter): Name = "Resistance"; Value = "3kR"; VariantName = "[No Variations]"
Add component (AddParameter): Name = "Resistance Tolerance"; Value = "1%"; VariantName = "[No Variations]"
Add component (AddParameter): Name = "Resistor Type"; Value = "Thick Film"; VariantName = "[No Variations]"
Add component (AddParameter): Name = "RoHS"; Value = "Yes"; VariantName = "[No Variations]"
Add component (AddParameter): Name = "RoHS Compliant"; Value = "Yes"; VariantName = "[No Variations]"
Add component (AddParameter): Name = "Series"; Value = "RC"; VariantName = "[No Variations]"
Add component (AddParameter): Name = "Size Code"; Value = "0603"; VariantName = "[No Variations]"
Add component (AddParameter): Name = "Stock 1"; Value = "1079123"; VariantName = "[No Variations]"
Add component (AddParameter): Name = "Supplier 1"; Value = "Digi-Key"; VariantName = "[No Variations]"
Add component (AddParameter): Name = "Temperature Coefficient"; Value = "100ppm/°C"; VariantName = "[No Variations]"
Add component (AddParameter): Name = "Termination"; Value = "SMD/SMT"; VariantName = "[No Variations]"
Add component (AddParameter): Name = "Tolerance"; Value = "1%"; VariantName = "[No Variations]"
Add component (AddParameter): Name = "Voltage Rating"; Value = "50V"; VariantName = "[No Variations]"
Add component (AddParameter): Name = "Voltage Rating (DC)"; Value = "50V"; VariantName = "[No Variations]"
Add component (AddParameter): Name = "Width"; Value = "800um"; VariantName = "[No Variations]"
Added Component: Designator=S1(KXOB25-14X1F)
Add component (AddParameter): Name = "Availability"; Value = "Bad"; VariantName = "[No Variations]"
Add component (AddParameter): Name = "Check_prices"; Value = "https://www.snapeda.com/parts/KXOB25-14X1F/Sola/view-part/5163586/?ref=eda"; VariantName = "[No Variations]"
Add component (AddParameter): Name = "MF"; Value = "ANYSOLAR Ltd"; VariantName = "[No Variations]"
Add component (AddParameter): Name = "MP"; Value = "KXOB25-14X1F"; VariantName = "[No Variations]"
Add component (AddParameter): Name = "Package"; Value = "None"; VariantName = "[No Variations]"
Add component (AddParameter): Name = "Price"; Value = "None"; VariantName = "[No Variations]"
Add component (AddParameter): Name = "SnapEDA_Link"; Value = "https://www.snapeda.com/parts/KXOB25-14X1F/Sola/view-part/5163586/?ref=snap"; VariantName = "[No Variations]"
Add component (AddParameter): Name = "Value"; Value = ""; VariantName = "[No Variations]"
Added Component: Designator=S2(KXOB25-14X1F)
Add component (AddParameter): Name = "Availability"; Value = "Bad"; VariantName = "[No Variations]"
Add component (AddParameter): Name = "Check_prices"; Value = "https://www.snapeda.com/parts/KXOB25-14X1F/Sola/view-part/5163586/?ref=eda"; VariantName = "[No Variations]"
Add component (AddParameter): Name = "MF"; Value = "ANYSOLAR Ltd"; VariantName = "[No Variations]"
Add component (AddParameter): Name = "MP"; Value = "KXOB25-14X1F"; VariantName = "[No Variations]"
Add component (AddParameter): Name = "Package"; Value = "None"; VariantName = "[No Variations]"
Add component (AddParameter): Name = "Price"; Value = "None"; VariantName = "[No Variations]"
Add component (AddParameter): Name = "SnapEDA_Link"; Value = "https://www.snapeda.com/parts/KXOB25-14X1F/Sola/view-part/5163586/?ref=snap"; VariantName = "[No Variations]"
Add component (AddParameter): Name = "Value"; Value = ""; VariantName = "[No Variations]"
Added Component: Designator=S3(KXOB25-14X1F)
Add component (AddParameter): Name = "Availability"; Value = "Bad"; VariantName = "[No Variations]"
Add component (AddParameter): Name = "Check_prices"; Value = "https://www.snapeda.com/parts/KXOB25-14X1F/Sola/view-part/5163586/?ref=eda"; VariantName = "[No Variations]"
Add component (AddParameter): Name = "MF"; Value = "ANYSOLAR Ltd"; VariantName = "[No Variations]"
Add component (AddParameter): Name = "MP"; Value = "KXOB25-14X1F"; VariantName = "[No Variations]"
Add component (AddParameter): Name = "Package"; Value = "None"; VariantName = "[No Variations]"
Add component (AddParameter): Name = "Price"; Value = "None"; VariantName = "[No Variations]"
Add component (AddParameter): Name = "SnapEDA_Link"; Value = "https://www.snapeda.com/parts/KXOB25-14X1F/Sola/view-part/5163586/?ref=snap"; VariantName = "[No Variations]"
Add component (AddParameter): Name = "Value"; Value = ""; VariantName = "[No Variations]"
Added Component: Designator=S4(KXOB25-14X1F)
Add component (AddParameter): Name = "Availability"; Value = "Bad"; VariantName = "[No Variations]"
Add component (AddParameter): Name = "Check_prices"; Value = "https://www.snapeda.com/parts/KXOB25-14X1F/Sola/view-part/5163586/?ref=eda"; VariantName = "[No Variations]"
Add component (AddParameter): Name = "MF"; Value = "ANYSOLAR Ltd"; VariantName = "[No Variations]"
Add component (AddParameter): Name = "MP"; Value = "KXOB25-14X1F"; VariantName = "[No Variations]"
Add component (AddParameter): Name = "Package"; Value = "None"; VariantName = "[No Variations]"
Add component (AddParameter): Name = "Price"; Value = "None"; VariantName = "[No Variations]"
Add component (AddParameter): Name = "SnapEDA_Link"; Value = "https://www.snapeda.com/parts/KXOB25-14X1F/Sola/view-part/5163586/?ref=snap"; VariantName = "[No Variations]"
Add component (AddParameter): Name = "Value"; Value = ""; VariantName = "[No Variations]"
Added Component: Designator=S5(KXOB25-14X1F)
Add component (AddParameter): Name = "Availability"; Value = "Bad"; VariantName = "[No Variations]"
Add component (AddParameter): Name = "Check_prices"; Value = "https://www.snapeda.com/parts/KXOB25-14X1F/Sola/view-part/5163586/?ref=eda"; VariantName = "[No Variations]"
Add component (AddParameter): Name = "MF"; Value = "ANYSOLAR Ltd"; VariantName = "[No Variations]"
Add component (AddParameter): Name = "MP"; Value = "KXOB25-14X1F"; VariantName = "[No Variations]"
Add component (AddParameter): Name = "Package"; Value = "None"; VariantName = "[No Variations]"
Add component (AddParameter): Name = "Price"; Value = "None"; VariantName = "[No Variations]"
Add component (AddParameter): Name = "SnapEDA_Link"; Value = "https://www.snapeda.com/parts/KXOB25-14X1F/Sola/view-part/5163586/?ref=snap"; VariantName = "[No Variations]"
Add component (AddParameter): Name = "Value"; Value = ""; VariantName = "[No Variations]"
Added Component: Designator=S6(KXOB25-14X1F)
Add component (AddParameter): Name = "Availability"; Value = "Bad"; VariantName = "[No Variations]"
Add component (AddParameter): Name = "Check_prices"; Value = "https://www.snapeda.com/parts/KXOB25-14X1F/Sola/view-part/5163586/?ref=eda"; VariantName = "[No Variations]"
Add component (AddParameter): Name = "MF"; Value = "ANYSOLAR Ltd"; VariantName = "[No Variations]"
Add component (AddParameter): Name = "MP"; Value = "KXOB25-14X1F"; VariantName = "[No Variations]"
Add component (AddParameter): Name = "Package"; Value = "None"; VariantName = "[No Variations]"
Add component (AddParameter): Name = "Price"; Value = "None"; VariantName = "[No Variations]"
Add component (AddParameter): Name = "SnapEDA_Link"; Value = "https://www.snapeda.com/parts/KXOB25-14X1F/Sola/view-part/5163586/?ref=snap"; VariantName = "[No Variations]"
Add component (AddParameter): Name = "Value"; Value = ""; VariantName = "[No Variations]"
Added Component: Designator=S7(KXOB25-14X1F)
Add component (AddParameter): Name = "Availability"; Value = "Bad"; VariantName = "[No Variations]"
Add component (AddParameter): Name = "Check_prices"; Value = "https://www.snapeda.com/parts/KXOB25-14X1F/Sola/view-part/5163586/?ref=eda"; VariantName = "[No Variations]"
Add component (AddParameter): Name = "MF"; Value = "ANYSOLAR Ltd"; VariantName = "[No Variations]"
Add component (AddParameter): Name = "MP"; Value = "KXOB25-14X1F"; VariantName = "[No Variations]"
Add component (AddParameter): Name = "Package"; Value = "None"; VariantName = "[No Variations]"
Add component (AddParameter): Name = "Price"; Value = "None"; VariantName = "[No Variations]"
Add component (AddParameter): Name = "SnapEDA_Link"; Value = "https://www.snapeda.com/parts/KXOB25-14X1F/Sola/view-part/5163586/?ref=snap"; VariantName = "[No Variations]"
Add component (AddParameter): Name = "Value"; Value = ""; VariantName = "[No Variations]"
Added Component: Designator=S8(KXOB25-14X1F)
Add component (AddParameter): Name = "Availability"; Value = "Bad"; VariantName = "[No Variations]"
Add component (AddParameter): Name = "Check_prices"; Value = "https://www.snapeda.com/parts/KXOB25-14X1F/Sola/view-part/5163586/?ref=eda"; VariantName = "[No Variations]"
Add component (AddParameter): Name = "MF"; Value = "ANYSOLAR Ltd"; VariantName = "[No Variations]"
Add component (AddParameter): Name = "MP"; Value = "KXOB25-14X1F"; VariantName = "[No Variations]"
Add component (AddParameter): Name = "Package"; Value = "None"; VariantName = "[No Variations]"
Add component (AddParameter): Name = "Price"; Value = "None"; VariantName = "[No Variations]"
Add component (AddParameter): Name = "SnapEDA_Link"; Value = "https://www.snapeda.com/parts/KXOB25-14X1F/Sola/view-part/5163586/?ref=snap"; VariantName = "[No Variations]"
Add component (AddParameter): Name = "Value"; Value = ""; VariantName = "[No Variations]"
Added Component: Designator=S9(KXOB25-14X1F)
Add component (AddParameter): Name = "Availability"; Value = "Bad"; VariantName = "[No Variations]"
Add component (AddParameter): Name = "Check_prices"; Value = "https://www.snapeda.com/parts/KXOB25-14X1F/Sola/view-part/5163586/?ref=eda"; VariantName = "[No Variations]"
Add component (AddParameter): Name = "MF"; Value = "ANYSOLAR Ltd"; VariantName = "[No Variations]"
Add component (AddParameter): Name = "MP"; Value = "KXOB25-14X1F"; VariantName = "[No Variations]"
Add component (AddParameter): Name = "Package"; Value = "None"; VariantName = "[No Variations]"
Add component (AddParameter): Name = "Price"; Value = "None"; VariantName = "[No Variations]"
Add component (AddParameter): Name = "SnapEDA_Link"; Value = "https://www.snapeda.com/parts/KXOB25-14X1F/Sola/view-part/5163586/?ref=snap"; VariantName = "[No Variations]"
Add component (AddParameter): Name = "Value"; Value = ""; VariantName = "[No Variations]"
Added Component: Designator=S10(KXOB25-14X1F)
Add component (AddParameter): Name = "Availability"; Value = "Bad"; VariantName = "[No Variations]"
Add component (AddParameter): Name = "Check_prices"; Value = "https://www.snapeda.com/parts/KXOB25-14X1F/Sola/view-part/5163586/?ref=eda"; VariantName = "[No Variations]"
Add component (AddParameter): Name = "MF"; Value = "ANYSOLAR Ltd"; VariantName = "[No Variations]"
Add component (AddParameter): Name = "MP"; Value = "KXOB25-14X1F"; VariantName = "[No Variations]"
Add component (AddParameter): Name = "Package"; Value = "None"; VariantName = "[No Variations]"
Add component (AddParameter): Name = "Price"; Value = "None"; VariantName = "[No Variations]"
Add component (AddParameter): Name = "SnapEDA_Link"; Value = "https://www.snapeda.com/parts/KXOB25-14X1F/Sola/view-part/5163586/?ref=snap"; VariantName = "[No Variations]"
Add component (AddParameter): Name = "Value"; Value = ""; VariantName = "[No Variations]"
Added Component: Designator=SW1(SW_TL3301DF160QG)
Add component (AddParameter): Name = "Availability"; Value = "Unavailable"; VariantName = "[No Variations]"
Add component (AddParameter): Name = "MF"; Value = "E-Switch"; VariantName = "[No Variations]"
Add component (AddParameter): Name = "MP"; Value = "TL3301DF160QG"; VariantName = "[No Variations]"
Add component (AddParameter): Name = "Package"; Value = "None"; VariantName = "[No Variations]"
Add component (AddParameter): Name = "Price"; Value = "None"; VariantName = "[No Variations]"
Add component (AddParameter): Name = "SnapEDA_Link"; Value = "https://www.snapeda.com/parts/TL3301DF160QG/E-Switch/view-part/169822/?ref=snap"; VariantName = "[No Variations]"
Add component (AddParameter): Name = "Value"; Value = ""; VariantName = "[No Variations]"
Added Component: Designator=SW2(SW_TL3301DF160QG)
Add component (AddParameter): Name = "Availability"; Value = "Unavailable"; VariantName = "[No Variations]"
Add component (AddParameter): Name = "MF"; Value = "E-Switch"; VariantName = "[No Variations]"
Add component (AddParameter): Name = "MP"; Value = "TL3301DF160QG"; VariantName = "[No Variations]"
Add component (AddParameter): Name = "Package"; Value = "None"; VariantName = "[No Variations]"
Add component (AddParameter): Name = "Price"; Value = "None"; VariantName = "[No Variations]"
Add component (AddParameter): Name = "SnapEDA_Link"; Value = "https://www.snapeda.com/parts/TL3301DF160QG/E-Switch/view-part/169822/?ref=snap"; VariantName = "[No Variations]"
Add component (AddParameter): Name = "Value"; Value = ""; VariantName = "[No Variations]"
Added Component: Designator=SW3(SW_TL3301DF160QG)
Add component (AddParameter): Name = "Availability"; Value = "Unavailable"; VariantName = "[No Variations]"
Add component (AddParameter): Name = "MF"; Value = "E-Switch"; VariantName = "[No Variations]"
Add component (AddParameter): Name = "MP"; Value = "TL3301DF160QG"; VariantName = "[No Variations]"
Add component (AddParameter): Name = "Package"; Value = "None"; VariantName = "[No Variations]"
Add component (AddParameter): Name = "Price"; Value = "None"; VariantName = "[No Variations]"
Add component (AddParameter): Name = "SnapEDA_Link"; Value = "https://www.snapeda.com/parts/TL3301DF160QG/E-Switch/view-part/169822/?ref=snap"; VariantName = "[No Variations]"
Add component (AddParameter): Name = "Value"; Value = ""; VariantName = "[No Variations]"
Added Component: Designator=SW4(SW_TL3301DF160QG)
Add component (AddParameter): Name = "Availability"; Value = "Unavailable"; VariantName = "[No Variations]"
Add component (AddParameter): Name = "MF"; Value = "E-Switch"; VariantName = "[No Variations]"
Add component (AddParameter): Name = "MP"; Value = "TL3301DF160QG"; VariantName = "[No Variations]"
Add component (AddParameter): Name = "Package"; Value = "None"; VariantName = "[No Variations]"
Add component (AddParameter): Name = "Price"; Value = "None"; VariantName = "[No Variations]"
Add component (AddParameter): Name = "SnapEDA_Link"; Value = "https://www.snapeda.com/parts/TL3301DF160QG/E-Switch/view-part/169822/?ref=snap"; VariantName = "[No Variations]"
Add component (AddParameter): Name = "Value"; Value = ""; VariantName = "[No Variations]"
Added Component: Designator=SW5(SW_TL3301DF160QG)
Add component (AddParameter): Name = "Availability"; Value = "Unavailable"; VariantName = "[No Variations]"
Add component (AddParameter): Name = "MF"; Value = "E-Switch"; VariantName = "[No Variations]"
Add component (AddParameter): Name = "MP"; Value = "TL3301DF160QG"; VariantName = "[No Variations]"
Add component (AddParameter): Name = "Package"; Value = "None"; VariantName = "[No Variations]"
Add component (AddParameter): Name = "Price"; Value = "None"; VariantName = "[No Variations]"
Add component (AddParameter): Name = "SnapEDA_Link"; Value = "https://www.snapeda.com/parts/TL3301DF160QG/E-Switch/view-part/169822/?ref=snap"; VariantName = "[No Variations]"
Add component (AddParameter): Name = "Value"; Value = ""; VariantName = "[No Variations]"
Added Component: Designator=TP1(4_PIN_100MIL)
Added Component: Designator=TP2(2_PIN_100mil)
Added Component: Designator=TP3(4_PIN_100MIL)
Added Component: Designator=TP4(2_PIN_100mil)
Added Component: Designator=TP5(4_PIN_100MIL)
Added Component: Designator=TP6(3_PIN_100mil)
Added Component: Designator=U1(SOT65P210X110-5N)
Add component (AddParameter): Name = "Case/Package"; Value = "SC"; VariantName = "[No Variations]"
Add component (AddParameter): Name = "Category"; Value = "Hot Swap Controllers"; VariantName = "[No Variations]"
Add component (AddParameter): Name = "ComponentLink1Description"; Value = "https://datasheet.ciiva.com/1962/tps22945-1962436.pdf?src-supplier=Digi-Key"; VariantName = "[No Variations]"
Add component (AddParameter): Name = "ComponentLink1URL"; Value = "https://datasheet.ciiva.com/1962/tps22945-1962436.pdf?src-supplier=Digi-Key"; VariantName = "[No Variations]"
Add component (AddParameter): Name = "ComponentLink2Description"; Value = "https://datasheet.ciiva.com/15103/getdatasheetpartid-122296-15103873.pdf?src-supplier=Verical"; VariantName = "[No Variations]"
Add component (AddParameter): Name = "ComponentLink2URL"; Value = "https://datasheet.ciiva.com/15103/getdatasheetpartid-122296-15103873.pdf?src-supplier=Verical"; VariantName = "[No Variations]"
Add component (AddParameter): Name = "ComponentLink3Description"; Value = "https://datasheet.ciiva.com/1512/1840307-1512708.pdf?src-supplier=Element14"; VariantName = "[No Variations]"
Add component (AddParameter): Name = "ComponentLink3URL"; Value = "https://datasheet.ciiva.com/1512/1840307-1512708.pdf?src-supplier=Element14"; VariantName = "[No Variations]"
Add component (AddParameter): Name = "ComponentLink4Description"; Value = "https://datasheet.ciiva.com/1963/tps22942-1963503.pdf?src-supplier=Digi-Key"; VariantName = "[No Variations]"
Add component (AddParameter): Name = "ComponentLink4URL"; Value = "https://datasheet.ciiva.com/1963/tps22942-1963503.pdf?src-supplier=Digi-Key"; VariantName = "[No Variations]"
Add component (AddParameter): Name = "ComponentLink5Description"; Value = "https://datasheet.ciiva.com/1963/tps22942-1963502.pdf?src-supplier=Digi-Key"; VariantName = "[No Variations]"
Add component (AddParameter): Name = "ComponentLink5URL"; Value = "https://datasheet.ciiva.com/1963/tps22942-1963502.pdf?src-supplier=Digi-Key"; VariantName = "[No Variations]"
Add component (AddParameter): Name = "ComponentLink6Description"; Value = "https://datasheet.ciiva.com/3233/tps22945-3233582.pdf?src-supplier=Avnet"; VariantName = "[No Variations]"
Add component (AddParameter): Name = "ComponentLink6URL"; Value = "https://datasheet.ciiva.com/3233/tps22945-3233582.pdf?src-supplier=Avnet"; VariantName = "[No Variations]"
Add component (AddParameter): Name = "ComponentLink7Description"; Value = "https://datasheet.ciiva.com/26074/tps22945-26074375.pdf?src-supplier=Avnet+Europe"; VariantName = "[No Variations]"
Add component (AddParameter): Name = "ComponentLink7URL"; Value = "https://datasheet.ciiva.com/26074/tps22945-26074375.pdf?src-supplier=Avnet+Europe"; VariantName = "[No Variations]"
Add component (AddParameter): Name = "Fault Protection"; Value = "Over Temperature"; VariantName = "[No Variations]"
Add component (AddParameter): Name = "Interface"; Value = "On/Off"; VariantName = "[No Variations]"
Add component (AddParameter): Name = "Lead Free"; Value = "Lead Free"; VariantName = "[No Variations]"
Add component (AddParameter): Name = "Manufacturer"; Value = "Texas Instruments"; VariantName = "[No Variations]"
Add component (AddParameter): Name = "Manufacturer Part Number"; Value = "TPS22942DCKR"; VariantName = "[No Variations]"
Add component (AddParameter): Name = "Max Input Voltage"; Value = "5.5V"; VariantName = "[No Variations]"
Add component (AddParameter): Name = "Max Operating Temperature"; Value = "85°C"; VariantName = "[No Variations]"
Add component (AddParameter): Name = "Max Output Current"; Value = "100mA"; VariantName = "[No Variations]"
Add component (AddParameter): Name = "Max Power Dissipation"; Value = "1.22mW"; VariantName = "[No Variations]"
Add component (AddParameter): Name = "Max Supply Current"; Value = "80uA"; VariantName = "[No Variations]"
Add component (AddParameter): Name = "Max Supply Voltage"; Value = "5.5V"; VariantName = "[No Variations]"
Add component (AddParameter): Name = "Min Current Limit"; Value = "100mA"; VariantName = "[No Variations]"
Add component (AddParameter): Name = "Min Input Voltage"; Value = "1.62V"; VariantName = "[No Variations]"
Add component (AddParameter): Name = "Min Operating Temperature"; Value = "-40°C"; VariantName = "[No Variations]"
Add component (AddParameter): Name = "Min Supply Voltage"; Value = "1.62V"; VariantName = "[No Variations]"
Add component (AddParameter): Name = "Nominal Supply Current"; Value = "1uA"; VariantName = "[No Variations]"
Add component (AddParameter): Name = "Number of Channels"; Value = "1"; VariantName = "[No Variations]"
Add component (AddParameter): Name = "Number of Inputs"; Value = "1"; VariantName = "[No Variations]"
Add component (AddParameter): Name = "Number of Outputs"; Value = "1"; VariantName = "[No Variations]"
Add component (AddParameter): Name = "Number of Pins"; Value = "5"; VariantName = "[No Variations]"
Add component (AddParameter): Name = "On-State Resistance"; Value = "500mR"; VariantName = "[No Variations]"
Add component (AddParameter): Name = "Output Configuration"; Value = "High Side"; VariantName = "[No Variations]"
Add component (AddParameter): Name = "Output Current"; Value = "200mA"; VariantName = "[No Variations]"
Add component (AddParameter): Name = "Package Quantity"; Value = "3000"; VariantName = "[No Variations]"
Add component (AddParameter): Name = "Packaging"; Value = "Tape and Reel"; VariantName = "[No Variations]"
Add component (AddParameter): Name = "Pricing 1"; Value = "1=1.24000, 10=1.10700, 25=1.05080, 100=0.86310, 250=0.80676, 500=0.71296, 1000=0.61950 (USD)"; VariantName = "[No Variations]"
Add component (AddParameter): Name = "Quiescent Current"; Value = "40uA"; VariantName = "[No Variations]"
Add component (AddParameter): Name = "Radiation Hardening"; Value = "No"; VariantName = "[No Variations]"
Add component (AddParameter): Name = "REACH SVHC"; Value = "No SVHC"; VariantName = "[No Variations]"
Add component (AddParameter): Name = "RoHS"; Value = "Yes"; VariantName = "[No Variations]"
Add component (AddParameter): Name = "RoHS Compliant"; Value = "Yes"; VariantName = "[No Variations]"
Add component (AddParameter): Name = "Stock 1"; Value = "1111"; VariantName = "[No Variations]"
Add component (AddParameter): Name = "Supplier 1"; Value = "Digi-Key"; VariantName = "[No Variations]"
Add component (AddParameter): Name = "Termination"; Value = "SMD/SMT"; VariantName = "[No Variations]"
Add component (AddParameter): Name = "Turn-Off Delay Time"; Value = "30us"; VariantName = "[No Variations]"
Add component (AddParameter): Name = "Turn-On Delay Time"; Value = "60us"; VariantName = "[No Variations]"
Add component (AddParameter): Name = "Weight"; Value = "8.8E-05oz"; VariantName = "[No Variations]"
Added Component: Designator=U2(SOT65P210X110-5N)
Add component (AddParameter): Name = "Breakdown Voltage"; Value = "5.5V"; VariantName = "[No Variations]"
Add component (AddParameter): Name = "Capacitance"; Value = "8pF"; VariantName = "[No Variations]"
Add component (AddParameter): Name = "Case/Package"; Value = "SC"; VariantName = "[No Variations]"
Add component (AddParameter): Name = "Category"; Value = "TVS Diodes"; VariantName = "[No Variations]"
Add component (AddParameter): Name = "Clamping Voltage"; Value = "9.7V"; VariantName = "[No Variations]"
Add component (AddParameter): Name = "Clamping Voltage-Max"; Value = "13V"; VariantName = "[No Variations]"
Add component (AddParameter): Name = "ComponentLink1Description"; Value = "https://datasheet.ciiva.com/4510/littelfuse-spa-sp1001-0x-63620-4510770.pdf?src-supplier=Mouser"; VariantName = "[No Variations]"
Add component (AddParameter): Name = "ComponentLink1URL"; Value = "https://datasheet.ciiva.com/4510/littelfuse-spa-sp1001-0x-63620-4510770.pdf?src-supplier=Mouser"; VariantName = "[No Variations]"
Add component (AddParameter): Name = "ComponentLink2Description"; Value = "https://datasheet.ciiva.com/1268/littelfuse-spa-sp1001-0x-1268334.pdf?src-supplier=Element14"; VariantName = "[No Variations]"
Add component (AddParameter): Name = "ComponentLink2URL"; Value = "https://datasheet.ciiva.com/1268/littelfuse-spa-sp1001-0x-1268334.pdf?src-supplier=Element14"; VariantName = "[No Variations]"
Add component (AddParameter): Name = "ComponentLink3Description"; Value = "https://datasheet.ciiva.com/331/littelfuse-tvs-diode-array-sp1001-datasheet-pdf-331765.pdf?src-supplier=Digi-Key"; VariantName = "[No Variations]"
Add component (AddParameter): Name = "ComponentLink3URL"; Value = "https://datasheet.ciiva.com/331/littelfuse-tvs-diode-array-sp1001-datasheet-pdf-331765.pdf?src-supplier=Digi-Key"; VariantName = "[No Variations]"
Add component (AddParameter): Name = "ComponentLink4Description"; Value = "https://datasheet.ciiva.com/331/littelfuse-tvs-diode-array-sp1001-datasheet-pdf-331766.pdf?src-supplier=Digi-Key"; VariantName = "[No Variations]"
Add component (AddParameter): Name = "ComponentLink4URL"; Value = "https://datasheet.ciiva.com/331/littelfuse-tvs-diode-array-sp1001-datasheet-pdf-331766.pdf?src-supplier=Digi-Key"; VariantName = "[No Variations]"
Add component (AddParameter): Name = "ComponentLink5Description"; Value = "https://datasheet.ciiva.com/331/littelfuse-tvs-diode-array-sp1001-datasheet-pdf-331764.pdf?src-supplier=Digi-Key"; VariantName = "[No Variations]"
Add component (AddParameter): Name = "ComponentLink5URL"; Value = "https://datasheet.ciiva.com/331/littelfuse-tvs-diode-array-sp1001-datasheet-pdf-331764.pdf?src-supplier=Digi-Key"; VariantName = "[No Variations]"
Add component (AddParameter): Name = "Depth"; Value = "1.35mm"; VariantName = "[No Variations]"
Add component (AddParameter): Name = "Diode Type"; Value = "ZENER"; VariantName = "[No Variations]"
Add component (AddParameter): Name = "Direction"; Value = "Unidirectional"; VariantName = "[No Variations]"
Add component (AddParameter): Name = "Lead Free"; Value = "Lead Free"; VariantName = "[No Variations]"
Add component (AddParameter): Name = "Leakage Current"; Value = "500nA"; VariantName = "[No Variations]"
Add component (AddParameter): Name = "Length"; Value = "2.25mm"; VariantName = "[No Variations]"
Add component (AddParameter): Name = "Manufacturer"; Value = "Littelfuse"; VariantName = "[No Variations]"
Add component (AddParameter): Name = "Manufacturer Part Number"; Value = "SP1001-04JTG"; VariantName = "[No Variations]"
Add component (AddParameter): Name = "Max Operating Temperature"; Value = "85°C"; VariantName = "[No Variations]"
Add component (AddParameter): Name = "Max Surge Current"; Value = "2A"; VariantName = "[No Variations]"
Add component (AddParameter): Name = "Min Breakdown Voltage"; Value = "7V"; VariantName = "[No Variations]"
Add component (AddParameter): Name = "Min Operating Temperature"; Value = "-40°C"; VariantName = "[No Variations]"
Add component (AddParameter): Name = "Mount"; Value = "Surface Mount"; VariantName = "[No Variations]"
Add component (AddParameter): Name = "Number of Channels"; Value = "4"; VariantName = "[No Variations]"
Add component (AddParameter): Name = "Number of Pins"; Value = "5"; VariantName = "[No Variations]"
Add component (AddParameter): Name = "Number of Unidirectional Channels"; Value = "4"; VariantName = "[No Variations]"
Add component (AddParameter): Name = "Operating Supply Voltage"; Value = "5.5V"; VariantName = "[No Variations]"
Add component (AddParameter): Name = "Package Quantity"; Value = "3000"; VariantName = "[No Variations]"
Add component (AddParameter): Name = "Packaging"; Value = "Tape and Reel"; VariantName = "[No Variations]"
Add component (AddParameter): Name = "Peak Pulse Current"; Value = "2A"; VariantName = "[No Variations]"
Add component (AddParameter): Name = "Polarity"; Value = "Unidirectional"; VariantName = "[No Variations]"
Add component (AddParameter): Name = "Power Line Protection"; Value = "No"; VariantName = "[No Variations]"
Add component (AddParameter): Name = "Pricing 1"; Value = "1=0.61000, 10=0.52000, 100=0.38810, 500=0.30492, 1000=0.23562 (USD)"; VariantName = "[No Variations]"
Add component (AddParameter): Name = "Radiation Hardening"; Value = "No"; VariantName = "[No Variations]"
Add component (AddParameter): Name = "REACH SVHC"; Value = "Unknown"; VariantName = "[No Variations]"
Add component (AddParameter): Name = "Resistor Type"; Value = "Zener"; VariantName = "[No Variations]"
Add component (AddParameter): Name = "Reverse Standoff Voltage"; Value = "5.5V"; VariantName = "[No Variations]"
Add component (AddParameter): Name = "RoHS"; Value = "Yes"; VariantName = "[No Variations]"
Add component (AddParameter): Name = "RoHS Compliant"; Value = "Yes"; VariantName = "[No Variations]"
Add component (AddParameter): Name = "Series"; Value = "Automotive, AEC-Q101, SP1001, SPA®"; VariantName = "[No Variations]"
Add component (AddParameter): Name = "Stock 1"; Value = "62579"; VariantName = "[No Variations]"
Add component (AddParameter): Name = "Supplier 1"; Value = "Digi-Key"; VariantName = "[No Variations]"
Add component (AddParameter): Name = "Termination"; Value = "SMD/SMT"; VariantName = "[No Variations]"
Add component (AddParameter): Name = "Working Voltage"; Value = "5.5V"; VariantName = "[No Variations]"
Added Component: Designator=U3(48-QFN_7x7)
Add component (AddParameter): Name = "Category"; Value = "RF Receivers, Transceivers"; VariantName = "[No Variations]"
Add component (AddParameter): Name = "ComponentLink1Description"; Value = "http://www.farnell.com/datasheets/2813683.pdf?src-supplier=Farnell"; VariantName = "[No Variations]"
Add component (AddParameter): Name = "ComponentLink1URL"; Value = "http://www.farnell.com/datasheets/2813683.pdf?src-supplier=Farnell"; VariantName = "[No Variations]"
Add component (AddParameter): Name = "Manufacturer"; Value = "Silicon Labs"; VariantName = "[No Variations]"
Add component (AddParameter): Name = "Manufacturer Part Number"; Value = "EFR32BG13P732F512GM48-D"; VariantName = "[No Variations]"
Add component (AddParameter): Name = "Pricing 1"; Value = "1=8.42000, 10=7.72000, 25=7.01800, 80=6.31625, 230=5.78987, 440=5.26350, 945=4.78499 (USD)"; VariantName = "[No Variations]"
Add component (AddParameter): Name = "RoHS"; Value = "Yes"; VariantName = "[No Variations]"
Add component (AddParameter): Name = "Supplier 1"; Value = "Digi-Key"; VariantName = "[No Variations]"
Added Component: Designator=U4(Littelfuse_Inc_SP1003_MFG)
Add component (AddParameter): Name = "Breakdown Voltage"; Value = "5V"; VariantName = "[No Variations]"
Add component (AddParameter): Name = "Capacitance"; Value = "30pF"; VariantName = "[No Variations]"
Add component (AddParameter): Name = "Category"; Value = "TVS Diodes"; VariantName = "[No Variations]"
Add component (AddParameter): Name = "Clamping Voltage"; Value = "12V"; VariantName = "[No Variations]"
Add component (AddParameter): Name = "Clamping Voltage-Max"; Value = "12.5V"; VariantName = "[No Variations]"
Add component (AddParameter): Name = "ComponentLink1Description"; Value = "https://datasheet.ciiva.com/8062/littelfuse-spa-sp1003-series-8062432.pdf?src-supplier=Element14"; VariantName = "[No Variations]"
Add component (AddParameter): Name = "ComponentLink1URL"; Value = "https://datasheet.ciiva.com/8062/littelfuse-spa-sp1003-series-8062432.pdf?src-supplier=Element14"; VariantName = "[No Variations]"
Add component (AddParameter): Name = "ComponentLink2Description"; Value = "https://datasheet.ciiva.com/5771/littelfuse-spa-sp1003-series-5771141.pdf?src-supplier=Farnell"; VariantName = "[No Variations]"
Add component (AddParameter): Name = "ComponentLink2URL"; Value = "https://datasheet.ciiva.com/5771/littelfuse-spa-sp1003-series-5771141.pdf?src-supplier=Farnell"; VariantName = "[No Variations]"
Add component (AddParameter): Name = "ComponentLink3Description"; Value = "https://datasheet.ciiva.com/330/littelfuse-tvs-diode-array-sp1003-datasheet-pdf-330692.pdf?src-supplier=Digi-Key"; VariantName = "[No Variations]"
Add component (AddParameter): Name = "ComponentLink3URL"; Value = "https://datasheet.ciiva.com/330/littelfuse-tvs-diode-array-sp1003-datasheet-pdf-330692.pdf?src-supplier=Digi-Key"; VariantName = "[No Variations]"
Add component (AddParameter): Name = "ComponentLink4Description"; Value = "https://datasheet.ciiva.com/330/littelfuse-tvs-diode-array-sp1003-datasheet-pdf-330693.pdf?src-supplier=Digi-Key"; VariantName = "[No Variations]"
Add component (AddParameter): Name = "ComponentLink4URL"; Value = "https://datasheet.ciiva.com/330/littelfuse-tvs-diode-array-sp1003-datasheet-pdf-330693.pdf?src-supplier=Digi-Key"; VariantName = "[No Variations]"
Add component (AddParameter): Name = "ComponentLink5Description"; Value = "https://datasheet.ciiva.com/330/littelfuse-tvs-diode-array-sp1003-datasheet-pdf-330691.pdf?src-supplier=Digi-Key"; VariantName = "[No Variations]"
Add component (AddParameter): Name = "ComponentLink5URL"; Value = "https://datasheet.ciiva.com/330/littelfuse-tvs-diode-array-sp1003-datasheet-pdf-330691.pdf?src-supplier=Digi-Key"; VariantName = "[No Variations]"
Add component (AddParameter): Name = "ComponentLink6Description"; Value = "https://datasheet.ciiva.com/16216/littelfuse-spa-sp1003-series-16216345.pdf?src-supplier=Future+Electronics"; VariantName = "[No Variations]"
Add component (AddParameter): Name = "ComponentLink6URL"; Value = "https://datasheet.ciiva.com/16216/littelfuse-spa-sp1003-series-16216345.pdf?src-supplier=Future+Electronics"; VariantName = "[No Variations]"
Add component (AddParameter): Name = "Diode Type"; Value = "ZENER"; VariantName = "[No Variations]"
Add component (AddParameter): Name = "Direction"; Value = "Unidirectional"; VariantName = "[No Variations]"
Add component (AddParameter): Name = "Lead Free"; Value = "Lead Free"; VariantName = "[No Variations]"
Add component (AddParameter): Name = "Leakage Current"; Value = "100nA"; VariantName = "[No Variations]"
Add component (AddParameter): Name = "Manufacturer"; Value = "Littelfuse"; VariantName = "[No Variations]"
Add component (AddParameter): Name = "Manufacturer Part Number"; Value = "SP1003-01DTG"; VariantName = "[No Variations]"
Add component (AddParameter): Name = "Max Operating Temperature"; Value = "85°C"; VariantName = "[No Variations]"
Add component (AddParameter): Name = "Max Surge Current"; Value = "7A"; VariantName = "[No Variations]"
Add component (AddParameter): Name = "Min Breakdown Voltage"; Value = "6V"; VariantName = "[No Variations]"
Add component (AddParameter): Name = "Min Operating Temperature"; Value = "-40°C"; VariantName = "[No Variations]"
Add component (AddParameter): Name = "Mount"; Value = "Surface Mount"; VariantName = "[No Variations]"
Add component (AddParameter): Name = "Number of Channels"; Value = "1"; VariantName = "[No Variations]"
Add component (AddParameter): Name = "Number of Elements"; Value = "1"; VariantName = "[No Variations]"
Add component (AddParameter): Name = "Number of Pins"; Value = "2"; VariantName = "[No Variations]"
Add component (AddParameter): Name = "Number of Unidirectional Channels"; Value = "1"; VariantName = "[No Variations]"
Add component (AddParameter): Name = "Operating Supply Voltage"; Value = "5V"; VariantName = "[No Variations]"
Add component (AddParameter): Name = "Package Quantity"; Value = "8000"; VariantName = "[No Variations]"
Add component (AddParameter): Name = "Packaging"; Value = "Tape and Reel"; VariantName = "[No Variations]"
Add component (AddParameter): Name = "Peak Pulse Current"; Value = "7A"; VariantName = "[No Variations]"
Add component (AddParameter): Name = "Polarity"; Value = "Bidirectional,Unidirectional"; VariantName = "[No Variations]"
Add component (AddParameter): Name = "Power Line Protection"; Value = "No"; VariantName = "[No Variations]"
Add component (AddParameter): Name = "Pricing 1"; Value = "1=0.57000, 10=0.46200, 100=0.31430, 500=0.23576, 1000=0.17681, 2000=0.16208 (USD)"; VariantName = "[No Variations]"
Add component (AddParameter): Name = "REACH SVHC"; Value = "No SVHC"; VariantName = "[No Variations]"
Add component (AddParameter): Name = "Resistor Type"; Value = "Zener"; VariantName = "[No Variations]"
Add component (AddParameter): Name = "Reverse Breakdown Voltage"; Value = "6V"; VariantName = "[No Variations]"
Add component (AddParameter): Name = "Reverse Standoff Voltage"; Value = "5V"; VariantName = "[No Variations]"
Add component (AddParameter): Name = "RoHS"; Value = "Yes"; VariantName = "[No Variations]"
Add component (AddParameter): Name = "RoHS Compliant"; Value = "Yes"; VariantName = "[No Variations]"
Add component (AddParameter): Name = "Series"; Value = "SP1003, SPA®"; VariantName = "[No Variations]"
Add component (AddParameter): Name = "Stock 1"; Value = "163275"; VariantName = "[No Variations]"
Add component (AddParameter): Name = "Supplier 1"; Value = "Digi-Key"; VariantName = "[No Variations]"
Add component (AddParameter): Name = "Termination"; Value = "SMD/SMT"; VariantName = "[No Variations]"
Add component (AddParameter): Name = "Test Current"; Value = "1mA"; VariantName = "[No Variations]"
Added Component: Designator=U5(Littelfuse_Inc_SP1003_MFG)
Add component (AddParameter): Name = "Breakdown Voltage"; Value = "5V"; VariantName = "[No Variations]"
Add component (AddParameter): Name = "Capacitance"; Value = "30pF"; VariantName = "[No Variations]"
Add component (AddParameter): Name = "Category"; Value = "TVS Diodes"; VariantName = "[No Variations]"
Add component (AddParameter): Name = "Clamping Voltage"; Value = "12V"; VariantName = "[No Variations]"
Add component (AddParameter): Name = "Clamping Voltage-Max"; Value = "12.5V"; VariantName = "[No Variations]"
Add component (AddParameter): Name = "ComponentLink1Description"; Value = "https://datasheet.ciiva.com/8062/littelfuse-spa-sp1003-series-8062432.pdf?src-supplier=Element14"; VariantName = "[No Variations]"
Add component (AddParameter): Name = "ComponentLink1URL"; Value = "https://datasheet.ciiva.com/8062/littelfuse-spa-sp1003-series-8062432.pdf?src-supplier=Element14"; VariantName = "[No Variations]"
Add component (AddParameter): Name = "ComponentLink2Description"; Value = "https://datasheet.ciiva.com/5771/littelfuse-spa-sp1003-series-5771141.pdf?src-supplier=Farnell"; VariantName = "[No Variations]"
Add component (AddParameter): Name = "ComponentLink2URL"; Value = "https://datasheet.ciiva.com/5771/littelfuse-spa-sp1003-series-5771141.pdf?src-supplier=Farnell"; VariantName = "[No Variations]"
Add component (AddParameter): Name = "ComponentLink3Description"; Value = "https://datasheet.ciiva.com/330/littelfuse-tvs-diode-array-sp1003-datasheet-pdf-330692.pdf?src-supplier=Digi-Key"; VariantName = "[No Variations]"
Add component (AddParameter): Name = "ComponentLink3URL"; Value = "https://datasheet.ciiva.com/330/littelfuse-tvs-diode-array-sp1003-datasheet-pdf-330692.pdf?src-supplier=Digi-Key"; VariantName = "[No Variations]"
Add component (AddParameter): Name = "ComponentLink4Description"; Value = "https://datasheet.ciiva.com/330/littelfuse-tvs-diode-array-sp1003-datasheet-pdf-330693.pdf?src-supplier=Digi-Key"; VariantName = "[No Variations]"
Add component (AddParameter): Name = "ComponentLink4URL"; Value = "https://datasheet.ciiva.com/330/littelfuse-tvs-diode-array-sp1003-datasheet-pdf-330693.pdf?src-supplier=Digi-Key"; VariantName = "[No Variations]"
Add component (AddParameter): Name = "ComponentLink5Description"; Value = "https://datasheet.ciiva.com/330/littelfuse-tvs-diode-array-sp1003-datasheet-pdf-330691.pdf?src-supplier=Digi-Key"; VariantName = "[No Variations]"
Add component (AddParameter): Name = "ComponentLink5URL"; Value = "https://datasheet.ciiva.com/330/littelfuse-tvs-diode-array-sp1003-datasheet-pdf-330691.pdf?src-supplier=Digi-Key"; VariantName = "[No Variations]"
Add component (AddParameter): Name = "ComponentLink6Description"; Value = "https://datasheet.ciiva.com/16216/littelfuse-spa-sp1003-series-16216345.pdf?src-supplier=Future+Electronics"; VariantName = "[No Variations]"
Add component (AddParameter): Name = "ComponentLink6URL"; Value = "https://datasheet.ciiva.com/16216/littelfuse-spa-sp1003-series-16216345.pdf?src-supplier=Future+Electronics"; VariantName = "[No Variations]"
Add component (AddParameter): Name = "Diode Type"; Value = "ZENER"; VariantName = "[No Variations]"
Add component (AddParameter): Name = "Direction"; Value = "Unidirectional"; VariantName = "[No Variations]"
Add component (AddParameter): Name = "Lead Free"; Value = "Lead Free"; VariantName = "[No Variations]"
Add component (AddParameter): Name = "Leakage Current"; Value = "100nA"; VariantName = "[No Variations]"
Add component (AddParameter): Name = "Manufacturer"; Value = "Littelfuse"; VariantName = "[No Variations]"
Add component (AddParameter): Name = "Manufacturer Part Number"; Value = "SP1003-01DTG"; VariantName = "[No Variations]"
Add component (AddParameter): Name = "Max Operating Temperature"; Value = "85°C"; VariantName = "[No Variations]"
Add component (AddParameter): Name = "Max Surge Current"; Value = "7A"; VariantName = "[No Variations]"
Add component (AddParameter): Name = "Min Breakdown Voltage"; Value = "6V"; VariantName = "[No Variations]"
Add component (AddParameter): Name = "Min Operating Temperature"; Value = "-40°C"; VariantName = "[No Variations]"
Add component (AddParameter): Name = "Mount"; Value = "Surface Mount"; VariantName = "[No Variations]"
Add component (AddParameter): Name = "Number of Channels"; Value = "1"; VariantName = "[No Variations]"
Add component (AddParameter): Name = "Number of Elements"; Value = "1"; VariantName = "[No Variations]"
Add component (AddParameter): Name = "Number of Pins"; Value = "2"; VariantName = "[No Variations]"
Add component (AddParameter): Name = "Number of Unidirectional Channels"; Value = "1"; VariantName = "[No Variations]"
Add component (AddParameter): Name = "Operating Supply Voltage"; Value = "5V"; VariantName = "[No Variations]"
Add component (AddParameter): Name = "Package Quantity"; Value = "8000"; VariantName = "[No Variations]"
Add component (AddParameter): Name = "Packaging"; Value = "Tape and Reel"; VariantName = "[No Variations]"
Add component (AddParameter): Name = "Peak Pulse Current"; Value = "7A"; VariantName = "[No Variations]"
Add component (AddParameter): Name = "Polarity"; Value = "Bidirectional,Unidirectional"; VariantName = "[No Variations]"
Add component (AddParameter): Name = "Power Line Protection"; Value = "No"; VariantName = "[No Variations]"
Add component (AddParameter): Name = "Pricing 1"; Value = "1=0.57000, 10=0.46200, 100=0.31430, 500=0.23576, 1000=0.17681, 2000=0.16208 (USD)"; VariantName = "[No Variations]"
Add component (AddParameter): Name = "REACH SVHC"; Value = "No SVHC"; VariantName = "[No Variations]"
Add component (AddParameter): Name = "Resistor Type"; Value = "Zener"; VariantName = "[No Variations]"
Add component (AddParameter): Name = "Reverse Breakdown Voltage"; Value = "6V"; VariantName = "[No Variations]"
Add component (AddParameter): Name = "Reverse Standoff Voltage"; Value = "5V"; VariantName = "[No Variations]"
Add component (AddParameter): Name = "RoHS"; Value = "Yes"; VariantName = "[No Variations]"
Add component (AddParameter): Name = "RoHS Compliant"; Value = "Yes"; VariantName = "[No Variations]"
Add component (AddParameter): Name = "Series"; Value = "SP1003, SPA®"; VariantName = "[No Variations]"
Add component (AddParameter): Name = "Stock 1"; Value = "163275"; VariantName = "[No Variations]"
Add component (AddParameter): Name = "Supplier 1"; Value = "Digi-Key"; VariantName = "[No Variations]"
Add component (AddParameter): Name = "Termination"; Value = "SMD/SMT"; VariantName = "[No Variations]"
Add component (AddParameter): Name = "Test Current"; Value = "1mA"; VariantName = "[No Variations]"
Added Component: Designator=U6(21_QFN_35x35)
Add component (AddParameter): Name = "Case/Package"; Value = "VQFN"; VariantName = "[No Variations]"
Add component (AddParameter): Name = "Category"; Value = "Battery Management"; VariantName = "[No Variations]"
Add component (AddParameter): Name = "ComponentLink1Description"; Value = "https://datasheet.ciiva.com/24110/slusbh2c-317150-24110945.pdf?src-supplier=Mouser"; VariantName = "[No Variations]"
Add component (AddParameter): Name = "ComponentLink1URL"; Value = "https://datasheet.ciiva.com/24110/slusbh2c-317150-24110945.pdf?src-supplier=Mouser"; VariantName = "[No Variations]"
Add component (AddParameter): Name = "ComponentLink2Description"; Value = "https://datasheet.ciiva.com/28483/1768287-28483478.pdf?src-supplier=Element14"; VariantName = "[No Variations]"
Add component (AddParameter): Name = "ComponentLink2URL"; Value = "https://datasheet.ciiva.com/28483/1768287-28483478.pdf?src-supplier=Element14"; VariantName = "[No Variations]"
Add component (AddParameter): Name = "ComponentLink3Description"; Value = "https://datasheet.ciiva.com/29590/bq25570-29590197.pdf?src-supplier=Digi-Key"; VariantName = "[No Variations]"
Add component (AddParameter): Name = "ComponentLink3URL"; Value = "https://datasheet.ciiva.com/29590/bq25570-29590197.pdf?src-supplier=Digi-Key"; VariantName = "[No Variations]"
Add component (AddParameter): Name = "ComponentLink4Description"; Value = "https://datasheet.ciiva.com/29590/bq25570-29590198.pdf?src-supplier=Digi-Key"; VariantName = "[No Variations]"
Add component (AddParameter): Name = "ComponentLink4URL"; Value = "https://datasheet.ciiva.com/29590/bq25570-29590198.pdf?src-supplier=Digi-Key"; VariantName = "[No Variations]"
Add component (AddParameter): Name = "ComponentLink5Description"; Value = "https://datasheet.ciiva.com/29892/bq25570-29892856.pdf?src-supplier=Avnet"; VariantName = "[No Variations]"
Add component (AddParameter): Name = "ComponentLink5URL"; Value = "https://datasheet.ciiva.com/29892/bq25570-29892856.pdf?src-supplier=Avnet"; VariantName = "[No Variations]"
Add component (AddParameter): Name = "ComponentLink6Description"; Value = "https://datasheet.ciiva.com/29892/bq25570-29892857.pdf?src-supplier=Avnet"; VariantName = "[No Variations]"
Add component (AddParameter): Name = "ComponentLink6URL"; Value = "https://datasheet.ciiva.com/29892/bq25570-29892857.pdf?src-supplier=Avnet"; VariantName = "[No Variations]"
Add component (AddParameter): Name = "Contact Plating"; Value = "Gold"; VariantName = "[No Variations]"
Add component (AddParameter): Name = "Lead Free"; Value = "Lead Free"; VariantName = "[No Variations]"
Add component (AddParameter): Name = "Manufacturer"; Value = "Texas Instruments"; VariantName = "[No Variations]"
Add component (AddParameter): Name = "Manufacturer Part Number"; Value = "BQ25570RGRT"; VariantName = "[No Variations]"
Add component (AddParameter): Name = "Max Operating Temperature"; Value = "125°C"; VariantName = "[No Variations]"
Add component (AddParameter): Name = "Max Supply Voltage"; Value = "5.1V"; VariantName = "[No Variations]"
Add component (AddParameter): Name = "Min Operating Temperature"; Value = "-40°C"; VariantName = "[No Variations]"
Add component (AddParameter): Name = "Min Supply Voltage"; Value = "100mV"; VariantName = "[No Variations]"
Add component (AddParameter): Name = "Mount"; Value = "Surface Mount"; VariantName = "[No Variations]"
Add component (AddParameter): Name = "Number of Pins"; Value = "20"; VariantName = "[No Variations]"
Add component (AddParameter): Name = "Operating Supply Current"; Value = "488nA"; VariantName = "[No Variations]"
Add component (AddParameter): Name = "Output Current"; Value = "100mA"; VariantName = "[No Variations]"
Add component (AddParameter): Name = "Package Quantity"; Value = "250"; VariantName = "[No Variations]"
Add component (AddParameter): Name = "Packaging"; Value = "Tape and Reel"; VariantName = "[No Variations]"
Add component (AddParameter): Name = "Pricing 1"; Value = "1=8.95000, 10=8.08600, 25=7.71000, 100=6.69440 (USD)"; VariantName = "[No Variations]"
Add component (AddParameter): Name = "Radiation Hardening"; Value = "No"; VariantName = "[No Variations]"
Add component (AddParameter): Name = "REACH SVHC"; Value = "No SVHC"; VariantName = "[No Variations]"
Add component (AddParameter): Name = "RoHS"; Value = "Yes"; VariantName = "[No Variations]"
Add component (AddParameter): Name = "RoHS Compliant"; Value = "Yes"; VariantName = "[No Variations]"
Add component (AddParameter): Name = "Stock 1"; Value = "22"; VariantName = "[No Variations]"
Add component (AddParameter): Name = "Supplier 1"; Value = "Digi-Key"; VariantName = "[No Variations]"
Add component (AddParameter): Name = "Switching Frequency"; Value = "1MHz"; VariantName = "[No Variations]"
Added Component: Designator=U7(4_PIN_100MIL)
Added Component: Designator=U8(SOT65P210X110-5N)
Add component (AddParameter): Name = "Case/Package"; Value = "SC"; VariantName = "[No Variations]"
Add component (AddParameter): Name = "Category"; Value = "Hot Swap Controllers"; VariantName = "[No Variations]"
Add component (AddParameter): Name = "ComponentLink1Description"; Value = "https://datasheet.ciiva.com/1962/tps22945-1962436.pdf?src-supplier=Digi-Key"; VariantName = "[No Variations]"
Add component (AddParameter): Name = "ComponentLink1URL"; Value = "https://datasheet.ciiva.com/1962/tps22945-1962436.pdf?src-supplier=Digi-Key"; VariantName = "[No Variations]"
Add component (AddParameter): Name = "ComponentLink2Description"; Value = "https://datasheet.ciiva.com/15103/getdatasheetpartid-122296-15103873.pdf?src-supplier=Verical"; VariantName = "[No Variations]"
Add component (AddParameter): Name = "ComponentLink2URL"; Value = "https://datasheet.ciiva.com/15103/getdatasheetpartid-122296-15103873.pdf?src-supplier=Verical"; VariantName = "[No Variations]"
Add component (AddParameter): Name = "ComponentLink3Description"; Value = "https://datasheet.ciiva.com/1512/1840307-1512708.pdf?src-supplier=Element14"; VariantName = "[No Variations]"
Add component (AddParameter): Name = "ComponentLink3URL"; Value = "https://datasheet.ciiva.com/1512/1840307-1512708.pdf?src-supplier=Element14"; VariantName = "[No Variations]"
Add component (AddParameter): Name = "ComponentLink4Description"; Value = "https://datasheet.ciiva.com/1963/tps22942-1963503.pdf?src-supplier=Digi-Key"; VariantName = "[No Variations]"
Add component (AddParameter): Name = "ComponentLink4URL"; Value = "https://datasheet.ciiva.com/1963/tps22942-1963503.pdf?src-supplier=Digi-Key"; VariantName = "[No Variations]"
Add component (AddParameter): Name = "ComponentLink5Description"; Value = "https://datasheet.ciiva.com/1963/tps22942-1963502.pdf?src-supplier=Digi-Key"; VariantName = "[No Variations]"
Add component (AddParameter): Name = "ComponentLink5URL"; Value = "https://datasheet.ciiva.com/1963/tps22942-1963502.pdf?src-supplier=Digi-Key"; VariantName = "[No Variations]"
Add component (AddParameter): Name = "ComponentLink6Description"; Value = "https://datasheet.ciiva.com/3233/tps22945-3233582.pdf?src-supplier=Avnet"; VariantName = "[No Variations]"
Add component (AddParameter): Name = "ComponentLink6URL"; Value = "https://datasheet.ciiva.com/3233/tps22945-3233582.pdf?src-supplier=Avnet"; VariantName = "[No Variations]"
Add component (AddParameter): Name = "ComponentLink7Description"; Value = "https://datasheet.ciiva.com/26074/tps22945-26074375.pdf?src-supplier=Avnet+Europe"; VariantName = "[No Variations]"
Add component (AddParameter): Name = "ComponentLink7URL"; Value = "https://datasheet.ciiva.com/26074/tps22945-26074375.pdf?src-supplier=Avnet+Europe"; VariantName = "[No Variations]"
Add component (AddParameter): Name = "Fault Protection"; Value = "Over Temperature"; VariantName = "[No Variations]"
Add component (AddParameter): Name = "Interface"; Value = "On/Off"; VariantName = "[No Variations]"
Add component (AddParameter): Name = "Lead Free"; Value = "Lead Free"; VariantName = "[No Variations]"
Add component (AddParameter): Name = "Manufacturer"; Value = "Texas Instruments"; VariantName = "[No Variations]"
Add component (AddParameter): Name = "Manufacturer Part Number"; Value = "TPS22942DCKR"; VariantName = "[No Variations]"
Add component (AddParameter): Name = "Max Input Voltage"; Value = "5.5V"; VariantName = "[No Variations]"
Add component (AddParameter): Name = "Max Operating Temperature"; Value = "85°C"; VariantName = "[No Variations]"
Add component (AddParameter): Name = "Max Output Current"; Value = "100mA"; VariantName = "[No Variations]"
Add component (AddParameter): Name = "Max Power Dissipation"; Value = "1.22mW"; VariantName = "[No Variations]"
Add component (AddParameter): Name = "Max Supply Current"; Value = "80uA"; VariantName = "[No Variations]"
Add component (AddParameter): Name = "Max Supply Voltage"; Value = "5.5V"; VariantName = "[No Variations]"
Add component (AddParameter): Name = "Min Current Limit"; Value = "100mA"; VariantName = "[No Variations]"
Add component (AddParameter): Name = "Min Input Voltage"; Value = "1.62V"; VariantName = "[No Variations]"
Add component (AddParameter): Name = "Min Operating Temperature"; Value = "-40°C"; VariantName = "[No Variations]"
Add component (AddParameter): Name = "Min Supply Voltage"; Value = "1.62V"; VariantName = "[No Variations]"
Add component (AddParameter): Name = "Nominal Supply Current"; Value = "1uA"; VariantName = "[No Variations]"
Add component (AddParameter): Name = "Number of Channels"; Value = "1"; VariantName = "[No Variations]"
Add component (AddParameter): Name = "Number of Inputs"; Value = "1"; VariantName = "[No Variations]"
Add component (AddParameter): Name = "Number of Outputs"; Value = "1"; VariantName = "[No Variations]"
Add component (AddParameter): Name = "Number of Pins"; Value = "5"; VariantName = "[No Variations]"
Add component (AddParameter): Name = "On-State Resistance"; Value = "500mR"; VariantName = "[No Variations]"
Add component (AddParameter): Name = "Output Configuration"; Value = "High Side"; VariantName = "[No Variations]"
Add component (AddParameter): Name = "Output Current"; Value = "200mA"; VariantName = "[No Variations]"
Add component (AddParameter): Name = "Package Quantity"; Value = "3000"; VariantName = "[No Variations]"
Add component (AddParameter): Name = "Packaging"; Value = "Tape and Reel"; VariantName = "[No Variations]"
Add component (AddParameter): Name = "Pricing 1"; Value = "1=1.24000, 10=1.10700, 25=1.05080, 100=0.86310, 250=0.80676, 500=0.71296, 1000=0.61950 (USD)"; VariantName = "[No Variations]"
Add component (AddParameter): Name = "Quiescent Current"; Value = "40uA"; VariantName = "[No Variations]"
Add component (AddParameter): Name = "Radiation Hardening"; Value = "No"; VariantName = "[No Variations]"
Add component (AddParameter): Name = "REACH SVHC"; Value = "No SVHC"; VariantName = "[No Variations]"
Add component (AddParameter): Name = "RoHS"; Value = "Yes"; VariantName = "[No Variations]"
Add component (AddParameter): Name = "RoHS Compliant"; Value = "Yes"; VariantName = "[No Variations]"
Add component (AddParameter): Name = "Stock 1"; Value = "1111"; VariantName = "[No Variations]"
Add component (AddParameter): Name = "Supplier 1"; Value = "Digi-Key"; VariantName = "[No Variations]"
Add component (AddParameter): Name = "Termination"; Value = "SMD/SMT"; VariantName = "[No Variations]"
Add component (AddParameter): Name = "Turn-Off Delay Time"; Value = "30us"; VariantName = "[No Variations]"
Add component (AddParameter): Name = "Turn-On Delay Time"; Value = "60us"; VariantName = "[No Variations]"
Add component (AddParameter): Name = "Weight"; Value = "8.8E-05oz"; VariantName = "[No Variations]"
Added Component: Designator=U9(LGA28R50P4X10_380X520X100)
Added Component: Designator=U10(14-TSOP_5x4_4)
Add component (AddParameter): Name = "Built in Switch"; Value = "No"; VariantName = "[No Variations]"
Add component (AddParameter): Name = "Category"; Value = "Integrated Circuits (ICs)"; VariantName = "[No Variations]"
Add component (AddParameter): Name = "ComponentLink1Description"; Value = "http://ams.com/documents/20143/36005/AS5147P_FS000142_1-00.pdf?src-supplier=Digi-Key"; VariantName = "[No Variations]"
Add component (AddParameter): Name = "ComponentLink1URL"; Value = "http://ams.com/documents/20143/36005/AS5147P_FS000142_1-00.pdf?src-supplier=Digi-Key"; VariantName = "[No Variations]"
Add component (AddParameter): Name = "ComponentLink2Description"; Value = "https://ams.com/documents/20143/36005/AS5147P_FS000142_1-00.pdf?src-supplier=Digi-Key"; VariantName = "[No Variations]"
Add component (AddParameter): Name = "ComponentLink2URL"; Value = "https://ams.com/documents/20143/36005/AS5147P_FS000142_1-00.pdf?src-supplier=Digi-Key"; VariantName = "[No Variations]"
Add component (AddParameter): Name = "ComponentLink3Description"; Value = "http://ams.com/eng/content/download/752969/1908315/394215?src-supplier=Digi-Key"; VariantName = "[No Variations]"
Add component (AddParameter): Name = "ComponentLink3URL"; Value = "http://ams.com/eng/content/download/752969/1908315/394215?src-supplier=Digi-Key"; VariantName = "[No Variations]"
Add component (AddParameter): Name = "Detent"; Value = "No"; VariantName = "[No Variations]"
Add component (AddParameter): Name = "Encoder Type"; Value = "Magnetic"; VariantName = "[No Variations]"
Add component (AddParameter): Name = "Lead Free"; Value = "Lead Free"; VariantName = "[No Variations]"
Add component (AddParameter): Name = "Manufacturer"; Value = "ams"; VariantName = "[No Variations]"
Add component (AddParameter): Name = "Manufacturer Part Number"; Value = "AS5147P-HTSM"; VariantName = "[No Variations]"
Add component (AddParameter): Name = "Mount"; Value = "Surface Mount"; VariantName = "[No Variations]"
Add component (AddParameter): Name = "Output Type"; Value = "PWM,Quadrature,Incremental,Commutation,SPI"; VariantName = "[No Variations]"
Add component (AddParameter): Name = "RoHS"; Value = "Yes"; VariantName = "[No Variations]"
Add component (AddParameter): Name = "RoHS Compliant"; Value = "Yes"; VariantName = "[No Variations]"
Add component (AddParameter): Name = "Supplier 1"; Value = "Digi-Key"; VariantName = "[No Variations]"
Add component (AddParameter): Name = "Termination"; Value = "SMD/SMT"; VariantName = "[No Variations]"
Added Component: Designator=U11(14-TSOP_5x4_4)
Add component (AddParameter): Name = "Built in Switch"; Value = "No"; VariantName = "[No Variations]"
Add component (AddParameter): Name = "Category"; Value = "Integrated Circuits (ICs)"; VariantName = "[No Variations]"
Add component (AddParameter): Name = "ComponentLink1Description"; Value = "http://ams.com/documents/20143/36005/AS5147P_FS000142_1-00.pdf?src-supplier=Digi-Key"; VariantName = "[No Variations]"
Add component (AddParameter): Name = "ComponentLink1URL"; Value = "http://ams.com/documents/20143/36005/AS5147P_FS000142_1-00.pdf?src-supplier=Digi-Key"; VariantName = "[No Variations]"
Add component (AddParameter): Name = "ComponentLink2Description"; Value = "https://ams.com/documents/20143/36005/AS5147P_FS000142_1-00.pdf?src-supplier=Digi-Key"; VariantName = "[No Variations]"
Add component (AddParameter): Name = "ComponentLink2URL"; Value = "https://ams.com/documents/20143/36005/AS5147P_FS000142_1-00.pdf?src-supplier=Digi-Key"; VariantName = "[No Variations]"
Add component (AddParameter): Name = "ComponentLink3Description"; Value = "http://ams.com/eng/content/download/752969/1908315/394215?src-supplier=Digi-Key"; VariantName = "[No Variations]"
Add component (AddParameter): Name = "ComponentLink3URL"; Value = "http://ams.com/eng/content/download/752969/1908315/394215?src-supplier=Digi-Key"; VariantName = "[No Variations]"
Add component (AddParameter): Name = "Detent"; Value = "No"; VariantName = "[No Variations]"
Add component (AddParameter): Name = "Encoder Type"; Value = "Magnetic"; VariantName = "[No Variations]"
Add component (AddParameter): Name = "Lead Free"; Value = "Lead Free"; VariantName = "[No Variations]"
Add component (AddParameter): Name = "Manufacturer"; Value = "ams"; VariantName = "[No Variations]"
Add component (AddParameter): Name = "Manufacturer Part Number"; Value = "AS5147P-HTSM"; VariantName = "[No Variations]"
Add component (AddParameter): Name = "Mount"; Value = "Surface Mount"; VariantName = "[No Variations]"
Add component (AddParameter): Name = "Output Type"; Value = "PWM,Quadrature,Incremental,Commutation,SPI"; VariantName = "[No Variations]"
Add component (AddParameter): Name = "RoHS"; Value = "Yes"; VariantName = "[No Variations]"
Add component (AddParameter): Name = "RoHS Compliant"; Value = "Yes"; VariantName = "[No Variations]"
Add component (AddParameter): Name = "Supplier 1"; Value = "Digi-Key"; VariantName = "[No Variations]"
Add component (AddParameter): Name = "Termination"; Value = "SMD/SMT"; VariantName = "[No Variations]"
Added Component: Designator=U12(SOT65P210X110-5N)
Add component (AddParameter): Name = "Case/Package"; Value = "SC"; VariantName = "[No Variations]"
Add component (AddParameter): Name = "Category"; Value = "Hot Swap Controllers"; VariantName = "[No Variations]"
Add component (AddParameter): Name = "ComponentLink1Description"; Value = "https://datasheet.ciiva.com/1962/tps22945-1962436.pdf?src-supplier=Digi-Key"; VariantName = "[No Variations]"
Add component (AddParameter): Name = "ComponentLink1URL"; Value = "https://datasheet.ciiva.com/1962/tps22945-1962436.pdf?src-supplier=Digi-Key"; VariantName = "[No Variations]"
Add component (AddParameter): Name = "ComponentLink2Description"; Value = "https://datasheet.ciiva.com/15103/getdatasheetpartid-122296-15103873.pdf?src-supplier=Verical"; VariantName = "[No Variations]"
Add component (AddParameter): Name = "ComponentLink2URL"; Value = "https://datasheet.ciiva.com/15103/getdatasheetpartid-122296-15103873.pdf?src-supplier=Verical"; VariantName = "[No Variations]"
Add component (AddParameter): Name = "ComponentLink3Description"; Value = "https://datasheet.ciiva.com/1512/1840307-1512708.pdf?src-supplier=Element14"; VariantName = "[No Variations]"
Add component (AddParameter): Name = "ComponentLink3URL"; Value = "https://datasheet.ciiva.com/1512/1840307-1512708.pdf?src-supplier=Element14"; VariantName = "[No Variations]"
Add component (AddParameter): Name = "ComponentLink4Description"; Value = "https://datasheet.ciiva.com/1963/tps22942-1963503.pdf?src-supplier=Digi-Key"; VariantName = "[No Variations]"
Add component (AddParameter): Name = "ComponentLink4URL"; Value = "https://datasheet.ciiva.com/1963/tps22942-1963503.pdf?src-supplier=Digi-Key"; VariantName = "[No Variations]"
Add component (AddParameter): Name = "ComponentLink5Description"; Value = "https://datasheet.ciiva.com/1963/tps22942-1963502.pdf?src-supplier=Digi-Key"; VariantName = "[No Variations]"
Add component (AddParameter): Name = "ComponentLink5URL"; Value = "https://datasheet.ciiva.com/1963/tps22942-1963502.pdf?src-supplier=Digi-Key"; VariantName = "[No Variations]"
Add component (AddParameter): Name = "ComponentLink6Description"; Value = "https://datasheet.ciiva.com/3233/tps22945-3233582.pdf?src-supplier=Avnet"; VariantName = "[No Variations]"
Add component (AddParameter): Name = "ComponentLink6URL"; Value = "https://datasheet.ciiva.com/3233/tps22945-3233582.pdf?src-supplier=Avnet"; VariantName = "[No Variations]"
Add component (AddParameter): Name = "ComponentLink7Description"; Value = "https://datasheet.ciiva.com/26074/tps22945-26074375.pdf?src-supplier=Avnet+Europe"; VariantName = "[No Variations]"
Add component (AddParameter): Name = "ComponentLink7URL"; Value = "https://datasheet.ciiva.com/26074/tps22945-26074375.pdf?src-supplier=Avnet+Europe"; VariantName = "[No Variations]"
Add component (AddParameter): Name = "Fault Protection"; Value = "Over Temperature"; VariantName = "[No Variations]"
Add component (AddParameter): Name = "Interface"; Value = "On/Off"; VariantName = "[No Variations]"
Add component (AddParameter): Name = "Lead Free"; Value = "Lead Free"; VariantName = "[No Variations]"
Add component (AddParameter): Name = "Manufacturer"; Value = "Texas Instruments"; VariantName = "[No Variations]"
Add component (AddParameter): Name = "Manufacturer Part Number"; Value = "TPS22942DCKR"; VariantName = "[No Variations]"
Add component (AddParameter): Name = "Max Input Voltage"; Value = "5.5V"; VariantName = "[No Variations]"
Add component (AddParameter): Name = "Max Operating Temperature"; Value = "85°C"; VariantName = "[No Variations]"
Add component (AddParameter): Name = "Max Output Current"; Value = "100mA"; VariantName = "[No Variations]"
Add component (AddParameter): Name = "Max Power Dissipation"; Value = "1.22mW"; VariantName = "[No Variations]"
Add component (AddParameter): Name = "Max Supply Current"; Value = "80uA"; VariantName = "[No Variations]"
Add component (AddParameter): Name = "Max Supply Voltage"; Value = "5.5V"; VariantName = "[No Variations]"
Add component (AddParameter): Name = "Min Current Limit"; Value = "100mA"; VariantName = "[No Variations]"
Add component (AddParameter): Name = "Min Input Voltage"; Value = "1.62V"; VariantName = "[No Variations]"
Add component (AddParameter): Name = "Min Operating Temperature"; Value = "-40°C"; VariantName = "[No Variations]"
Add component (AddParameter): Name = "Min Supply Voltage"; Value = "1.62V"; VariantName = "[No Variations]"
Add component (AddParameter): Name = "Nominal Supply Current"; Value = "1uA"; VariantName = "[No Variations]"
Add component (AddParameter): Name = "Number of Channels"; Value = "1"; VariantName = "[No Variations]"
Add component (AddParameter): Name = "Number of Inputs"; Value = "1"; VariantName = "[No Variations]"
Add component (AddParameter): Name = "Number of Outputs"; Value = "1"; VariantName = "[No Variations]"
Add component (AddParameter): Name = "Number of Pins"; Value = "5"; VariantName = "[No Variations]"
Add component (AddParameter): Name = "On-State Resistance"; Value = "500mR"; VariantName = "[No Variations]"
Add component (AddParameter): Name = "Output Configuration"; Value = "High Side"; VariantName = "[No Variations]"
Add component (AddParameter): Name = "Output Current"; Value = "200mA"; VariantName = "[No Variations]"
Add component (AddParameter): Name = "Package Quantity"; Value = "3000"; VariantName = "[No Variations]"
Add component (AddParameter): Name = "Packaging"; Value = "Tape and Reel"; VariantName = "[No Variations]"
Add component (AddParameter): Name = "Pricing 1"; Value = "1=1.24000, 10=1.10700, 25=1.05080, 100=0.86310, 250=0.80676, 500=0.71296, 1000=0.61950 (USD)"; VariantName = "[No Variations]"
Add component (AddParameter): Name = "Quiescent Current"; Value = "40uA"; VariantName = "[No Variations]"
Add component (AddParameter): Name = "Radiation Hardening"; Value = "No"; VariantName = "[No Variations]"
Add component (AddParameter): Name = "REACH SVHC"; Value = "No SVHC"; VariantName = "[No Variations]"
Add component (AddParameter): Name = "RoHS"; Value = "Yes"; VariantName = "[No Variations]"
Add component (AddParameter): Name = "RoHS Compliant"; Value = "Yes"; VariantName = "[No Variations]"
Add component (AddParameter): Name = "Stock 1"; Value = "1111"; VariantName = "[No Variations]"
Add component (AddParameter): Name = "Supplier 1"; Value = "Digi-Key"; VariantName = "[No Variations]"
Add component (AddParameter): Name = "Termination"; Value = "SMD/SMT"; VariantName = "[No Variations]"
Add component (AddParameter): Name = "Turn-Off Delay Time"; Value = "30us"; VariantName = "[No Variations]"
Add component (AddParameter): Name = "Turn-On Delay Time"; Value = "60us"; VariantName = "[No Variations]"
Add component (AddParameter): Name = "Weight"; Value = "8.8E-05oz"; VariantName = "[No Variations]"
Added Component: Designator=U13(SOT65P210X110-5N)
Add component (AddParameter): Name = "Case/Package"; Value = "SC"; VariantName = "[No Variations]"
Add component (AddParameter): Name = "Category"; Value = "Hot Swap Controllers"; VariantName = "[No Variations]"
Add component (AddParameter): Name = "ComponentLink1Description"; Value = "https://datasheet.ciiva.com/1962/tps22945-1962436.pdf?src-supplier=Digi-Key"; VariantName = "[No Variations]"
Add component (AddParameter): Name = "ComponentLink1URL"; Value = "https://datasheet.ciiva.com/1962/tps22945-1962436.pdf?src-supplier=Digi-Key"; VariantName = "[No Variations]"
Add component (AddParameter): Name = "ComponentLink2Description"; Value = "https://datasheet.ciiva.com/15103/getdatasheetpartid-122296-15103873.pdf?src-supplier=Verical"; VariantName = "[No Variations]"
Add component (AddParameter): Name = "ComponentLink2URL"; Value = "https://datasheet.ciiva.com/15103/getdatasheetpartid-122296-15103873.pdf?src-supplier=Verical"; VariantName = "[No Variations]"
Add component (AddParameter): Name = "ComponentLink3Description"; Value = "https://datasheet.ciiva.com/1512/1840307-1512708.pdf?src-supplier=Element14"; VariantName = "[No Variations]"
Add component (AddParameter): Name = "ComponentLink3URL"; Value = "https://datasheet.ciiva.com/1512/1840307-1512708.pdf?src-supplier=Element14"; VariantName = "[No Variations]"
Add component (AddParameter): Name = "ComponentLink4Description"; Value = "https://datasheet.ciiva.com/1963/tps22942-1963503.pdf?src-supplier=Digi-Key"; VariantName = "[No Variations]"
Add component (AddParameter): Name = "ComponentLink4URL"; Value = "https://datasheet.ciiva.com/1963/tps22942-1963503.pdf?src-supplier=Digi-Key"; VariantName = "[No Variations]"
Add component (AddParameter): Name = "ComponentLink5Description"; Value = "https://datasheet.ciiva.com/1963/tps22942-1963502.pdf?src-supplier=Digi-Key"; VariantName = "[No Variations]"
Add component (AddParameter): Name = "ComponentLink5URL"; Value = "https://datasheet.ciiva.com/1963/tps22942-1963502.pdf?src-supplier=Digi-Key"; VariantName = "[No Variations]"
Add component (AddParameter): Name = "ComponentLink6Description"; Value = "https://datasheet.ciiva.com/3233/tps22945-3233582.pdf?src-supplier=Avnet"; VariantName = "[No Variations]"
Add component (AddParameter): Name = "ComponentLink6URL"; Value = "https://datasheet.ciiva.com/3233/tps22945-3233582.pdf?src-supplier=Avnet"; VariantName = "[No Variations]"
Add component (AddParameter): Name = "ComponentLink7Description"; Value = "https://datasheet.ciiva.com/26074/tps22945-26074375.pdf?src-supplier=Avnet+Europe"; VariantName = "[No Variations]"
Add component (AddParameter): Name = "ComponentLink7URL"; Value = "https://datasheet.ciiva.com/26074/tps22945-26074375.pdf?src-supplier=Avnet+Europe"; VariantName = "[No Variations]"
Add component (AddParameter): Name = "Fault Protection"; Value = "Over Temperature"; VariantName = "[No Variations]"
Add component (AddParameter): Name = "Interface"; Value = "On/Off"; VariantName = "[No Variations]"
Add component (AddParameter): Name = "Lead Free"; Value = "Lead Free"; VariantName = "[No Variations]"
Add component (AddParameter): Name = "Manufacturer"; Value = "Texas Instruments"; VariantName = "[No Variations]"
Add component (AddParameter): Name = "Manufacturer Part Number"; Value = "TPS22942DCKR"; VariantName = "[No Variations]"
Add component (AddParameter): Name = "Max Input Voltage"; Value = "5.5V"; VariantName = "[No Variations]"
Add component (AddParameter): Name = "Max Operating Temperature"; Value = "85°C"; VariantName = "[No Variations]"
Add component (AddParameter): Name = "Max Output Current"; Value = "100mA"; VariantName = "[No Variations]"
Add component (AddParameter): Name = "Max Power Dissipation"; Value = "1.22mW"; VariantName = "[No Variations]"
Add component (AddParameter): Name = "Max Supply Current"; Value = "80uA"; VariantName = "[No Variations]"
Add component (AddParameter): Name = "Max Supply Voltage"; Value = "5.5V"; VariantName = "[No Variations]"
Add component (AddParameter): Name = "Min Current Limit"; Value = "100mA"; VariantName = "[No Variations]"
Add component (AddParameter): Name = "Min Input Voltage"; Value = "1.62V"; VariantName = "[No Variations]"
Add component (AddParameter): Name = "Min Operating Temperature"; Value = "-40°C"; VariantName = "[No Variations]"
Add component (AddParameter): Name = "Min Supply Voltage"; Value = "1.62V"; VariantName = "[No Variations]"
Add component (AddParameter): Name = "Nominal Supply Current"; Value = "1uA"; VariantName = "[No Variations]"
Add component (AddParameter): Name = "Number of Channels"; Value = "1"; VariantName = "[No Variations]"
Add component (AddParameter): Name = "Number of Inputs"; Value = "1"; VariantName = "[No Variations]"
Add component (AddParameter): Name = "Number of Outputs"; Value = "1"; VariantName = "[No Variations]"
Add component (AddParameter): Name = "Number of Pins"; Value = "5"; VariantName = "[No Variations]"
Add component (AddParameter): Name = "On-State Resistance"; Value = "500mR"; VariantName = "[No Variations]"
Add component (AddParameter): Name = "Output Configuration"; Value = "High Side"; VariantName = "[No Variations]"
Add component (AddParameter): Name = "Output Current"; Value = "200mA"; VariantName = "[No Variations]"
Add component (AddParameter): Name = "Package Quantity"; Value = "3000"; VariantName = "[No Variations]"
Add component (AddParameter): Name = "Packaging"; Value = "Tape and Reel"; VariantName = "[No Variations]"
Add component (AddParameter): Name = "Pricing 1"; Value = "1=1.24000, 10=1.10700, 25=1.05080, 100=0.86310, 250=0.80676, 500=0.71296, 1000=0.61950 (USD)"; VariantName = "[No Variations]"
Add component (AddParameter): Name = "Quiescent Current"; Value = "40uA"; VariantName = "[No Variations]"
Add component (AddParameter): Name = "Radiation Hardening"; Value = "No"; VariantName = "[No Variations]"
Add component (AddParameter): Name = "REACH SVHC"; Value = "No SVHC"; VariantName = "[No Variations]"
Add component (AddParameter): Name = "RoHS"; Value = "Yes"; VariantName = "[No Variations]"
Add component (AddParameter): Name = "RoHS Compliant"; Value = "Yes"; VariantName = "[No Variations]"
Add component (AddParameter): Name = "Stock 1"; Value = "1111"; VariantName = "[No Variations]"
Add component (AddParameter): Name = "Supplier 1"; Value = "Digi-Key"; VariantName = "[No Variations]"
Add component (AddParameter): Name = "Termination"; Value = "SMD/SMT"; VariantName = "[No Variations]"
Add component (AddParameter): Name = "Turn-Off Delay Time"; Value = "30us"; VariantName = "[No Variations]"
Add component (AddParameter): Name = "Turn-On Delay Time"; Value = "60us"; VariantName = "[No Variations]"
Add component (AddParameter): Name = "Weight"; Value = "8.8E-05oz"; VariantName = "[No Variations]"
Added Component: Designator=U14(TSOP65P640X120-20N)
Add component (AddParameter): Name = "Category"; Value = "Interface ICs"; VariantName = "[No Variations]"
Add component (AddParameter): Name = "Manufacturer"; Value = "Texas Instruments"; VariantName = "[No Variations]"
Add component (AddParameter): Name = "Manufacturer Part Number"; Value = "TMUX1134PWR"; VariantName = "[No Variations]"
Add component (AddParameter): Name = "Pricing 1"; Value = "1=3.33000, 10=2.99500, 25=2.83080, 100=2.45350, 250=2.32772, 500=2.08864, 1000=2.07725 (USD)"; VariantName = "[No Variations]"
Add component (AddParameter): Name = "RoHS"; Value = "Yes"; VariantName = "[No Variations]"
Add component (AddParameter): Name = "RoHS Compliant"; Value = "Yes"; VariantName = "[No Variations]"
Add component (AddParameter): Name = "Stock 1"; Value = "60"; VariantName = "[No Variations]"
Add component (AddParameter): Name = "Supplier 1"; Value = "Digi-Key"; VariantName = "[No Variations]"
Added Component: Designator=X1(OSC_38.4MHz)
Add component (AddParameter): Name = "Manufacturer"; Value = "Raltron Electronics"; VariantName = "[No Variations]"
Add component (AddParameter): Name = "Manufacturer Part Number"; Value = "RH100-38.400-10-F-1010-TR"; VariantName = "[No Variations]"
Add component (AddParameter): Name = "Pricing 1"; Value = "1=0.39000, 10=0.32400, 50=0.29180, 100=0.25940, 500=0.24640, 1000=0.20750 (USD)"; VariantName = "[No Variations]"
Add component (AddParameter): Name = "RoHS"; Value = "Yes"; VariantName = "[No Variations]"
Add component (AddParameter): Name = "Stock 1"; Value = "6000"; VariantName = "[No Variations]"
Add component (AddParameter): Name = "Supplier 1"; Value = "Digi-Key"; VariantName = "[No Variations]"
Add Component: Footprint Not Found XTAL_ECS-.327-7-34B-TR
Added Pin To Net: NetName=+1V8_DCDC Pin=L3-1
Added Pin To Net: NetName=+1V8_DCDC Pin=L4-1
Added Pin To Net: NetName=+1V8_DCDC Pin=L5-2
Added Pin To Net: NetName=+1V8_DCDC Pin=U3-40
Added Pin To Net: NetName=+1V8_DCDC Pin=U3-46
Added Net: Name=+1V8_DCDC
Added Pin To Net: NetName=+3V2_VMCU_S Pin=R2-1
Added Pin To Net: NetName=+3V2_VMCU_S Pin=R4-1
Added Pin To Net: NetName=+3V2_VMCU_S Pin=R5-1
Added Pin To Net: NetName=+3V2_VMCU_S Pin=R8-1
Added Pin To Net: NetName=+3V2_VMCU_S Pin=TP2-1
Added Net: Name=+3V2_VMCU_S
Added Pin To Net: NetName=+3V2_VMCU Pin=LED6-A
Added Pin To Net: NetName=+3V2_VMCU Pin=LED9-A
Added Pin To Net: NetName=+3V2_VMCU Pin=R12-1
Added Pin To Net: NetName=+3V2_VMCU Pin=R14-1
Added Pin To Net: NetName=+3V2_VMCU Pin=R15-1
Added Pin To Net: NetName=+3V2_VMCU Pin=TP4-1
Added Pin To Net: NetName=+3V2_VMCU Pin=U1-5
Added Pin To Net: NetName=+3V2_VMCU Pin=U3-39
Added Pin To Net: NetName=+3V2_VMCU Pin=U3-42
Added Pin To Net: NetName=+3V2_VMCU Pin=U8-5
Added Pin To Net: NetName=+3V2_VMCU Pin=U9-3
Added Pin To Net: NetName=+3V2_VMCU Pin=U9-4
Added Pin To Net: NetName=+3V2_VMCU Pin=U9-11
Added Pin To Net: NetName=+3V2_VMCU Pin=U9-28
Added Net: Name=+3V2_VMCU
Added Pin To Net: NetName=+3V7_VBAT Pin=C24-1
Added Pin To Net: NetName=+3V7_VBAT Pin=H2-V+
Added Pin To Net: NetName=+3V7_VBAT Pin=LED7-A
Added Pin To Net: NetName=+3V7_VBAT Pin=U4-1
Added Pin To Net: NetName=+3V7_VBAT Pin=U6-18
Added Net: Name=+3V7_VBAT
Added Pin To Net: NetName=+5V_VBUS Pin=H3-1
Added Pin To Net: NetName=+5V_VBUS Pin=LED8-A
Added Pin To Net: NetName=+5V_VBUS Pin=R23-1
Added Pin To Net: NetName=+5V_VBUS Pin=U5-1
Added Net: Name=+5V_VBUS
Added Pin To Net: NetName=2G4RF_IOP Pin=L1-1
Added Pin To Net: NetName=2G4RF_IOP Pin=U3-17
Added Net: Name=2G4RF_IOP
Added Pin To Net: NetName=AVDD Pin=U3-34
Added Net: Name=AVDD
Added Pin To Net: NetName=BRD_Reset Pin=R13-1
Added Pin To Net: NetName=BRD_Reset Pin=SW5-1
Added Pin To Net: NetName=BRD_Reset Pin=SW5-2
Added Pin To Net: NetName=BRD_Reset Pin=U3-12
Added Net: Name=BRD_Reset
Added Pin To Net: NetName=DECOUPLE Pin=U3-41
Added Net: Name=DECOUPLE
Added Pin To Net: NetName=FEED Pin=A1-FEED
Added Pin To Net: NetName=FEED Pin=A1-FEED
Added Pin To Net: NetName=FEED Pin=L2-2
Added Net: Name=FEED
Added Pin To Net: NetName=GND Pin=A1-GND
Added Pin To Net: NetName=GND Pin=C7-2
Added Pin To Net: NetName=GND Pin=C21-2
Added Pin To Net: NetName=GND Pin=C24-2
Added Pin To Net: NetName=GND Pin=C28-2
Added Pin To Net: NetName=GND Pin=C34-2
Added Pin To Net: NetName=GND Pin=C35-2
Added Pin To Net: NetName=GND Pin=C38-2
Added Pin To Net: NetName=GND Pin=C39-2
Added Pin To Net: NetName=GND Pin=H1-2
Added Pin To Net: NetName=GND Pin=H2-V-
Added Pin To Net: NetName=GND Pin=H3-5
Added Pin To Net: NetName=GND Pin=H3-S1
Added Pin To Net: NetName=GND Pin=H3-S2
Added Pin To Net: NetName=GND Pin=H3-S3
Added Pin To Net: NetName=GND Pin=H3-S4
Added Pin To Net: NetName=GND Pin=H3-S5
Added Pin To Net: NetName=GND Pin=H3-S6
Added Pin To Net: NetName=GND Pin=H7-1
Added Pin To Net: NetName=GND Pin=LCD1-2
Added Pin To Net: NetName=GND Pin=R1-2
Added Pin To Net: NetName=GND Pin=R3-1
Added Pin To Net: NetName=GND Pin=R6-1
Added Pin To Net: NetName=GND Pin=R7-1
Added Pin To Net: NetName=GND Pin=R9-1
Added Pin To Net: NetName=GND Pin=R16-2
Added Pin To Net: NetName=GND Pin=R18-1
Added Pin To Net: NetName=GND Pin=R20-2
Added Pin To Net: NetName=GND Pin=R26-1
Added Pin To Net: NetName=GND Pin=R27-2
Added Pin To Net: NetName=GND Pin=R31-2
Added Pin To Net: NetName=GND Pin=R32-1
Added Pin To Net: NetName=GND Pin=R34-1
Added Pin To Net: NetName=GND Pin=R36-1
Added Pin To Net: NetName=GND Pin=R37-2
Added Pin To Net: NetName=GND Pin=R38-2
Added Pin To Net: NetName=GND Pin=R40-2
Added Pin To Net: NetName=GND Pin=R42-2
Added Pin To Net: NetName=GND Pin=TP2-2
Added Pin To Net: NetName=GND Pin=TP4-2
Added Pin To Net: NetName=GND Pin=TP5-4
Added Pin To Net: NetName=GND Pin=TP6-3
Added Pin To Net: NetName=GND Pin=U1-2
Added Pin To Net: NetName=GND Pin=U2-2
Added Pin To Net: NetName=GND Pin=U3-0
Added Pin To Net: NetName=GND Pin=U3-14
Added Pin To Net: NetName=GND Pin=U3-15
Added Pin To Net: NetName=GND Pin=U3-16
Added Pin To Net: NetName=GND Pin=U3-37
Added Pin To Net: NetName=GND Pin=U4-2
Added Pin To Net: NetName=GND Pin=U5-2
Added Pin To Net: NetName=GND Pin=U6-0
Added Pin To Net: NetName=GND Pin=U6-1
Added Pin To Net: NetName=GND Pin=U6-5
Added Pin To Net: NetName=GND Pin=U6-9
Added Pin To Net: NetName=GND Pin=U6-15
Added Pin To Net: NetName=GND Pin=U6-17
Added Pin To Net: NetName=GND Pin=U7-4
Added Pin To Net: NetName=GND Pin=U8-2
Added Pin To Net: NetName=GND Pin=U9-2
Added Pin To Net: NetName=GND Pin=U9-5
Added Pin To Net: NetName=GND Pin=U9-6
Added Pin To Net: NetName=GND Pin=U9-17
Added Pin To Net: NetName=GND Pin=U9-18
Added Pin To Net: NetName=GND Pin=U9-25
Added Pin To Net: NetName=GND Pin=U10-5
Added Pin To Net: NetName=GND Pin=U10-13
Added Pin To Net: NetName=GND Pin=U11-5
Added Pin To Net: NetName=GND Pin=U11-13
Added Pin To Net: NetName=GND Pin=U12-2
Added Pin To Net: NetName=GND Pin=U13-2
Added Pin To Net: NetName=GND Pin=U14-5
Added Pin To Net: NetName=GND Pin=U14-6
Added Pin To Net: NetName=GND Pin=X1-2
Added Pin To Net: NetName=GND Pin=X1-4
Added Net: Name=GND
Added Pin To Net: NetName=HFXTAL_N Pin=U3-10
Added Pin To Net: NetName=HFXTAL_N Pin=X1-3
Added Net: Name=HFXTAL_N
Added Pin To Net: NetName=HFXTAL_P Pin=U3-11
Added Pin To Net: NetName=HFXTAL_P Pin=X1-1
Added Net: Name=HFXTAL_P
Added Pin To Net: NetName=I2C0_SCL Pin=TP6-2
Added Pin To Net: NetName=I2C0_SCL Pin=U3-48
Added Pin To Net: NetName=I2C0_SCL Pin=U9-19
Added Net: Name=I2C0_SCL
Added Pin To Net: NetName=I2C0_SDA Pin=TP6-1
Added Pin To Net: NetName=I2C0_SDA Pin=U3-47
Added Pin To Net: NetName=I2C0_SDA Pin=U9-20
Added Net: Name=I2C0_SDA
Added Pin To Net: NetName=IMU_CAP Pin=U9-9
Added Net: Name=IMU_CAP
Added Pin To Net: NetName=LBOOST Pin=L7-2
Added Pin To Net: NetName=LBOOST Pin=U6-20
Added Net: Name=LBOOST
Added Pin To Net: NetName=LBUCK Pin=L8-1
Added Pin To Net: NetName=LBUCK Pin=U6-16
Added Net: Name=LBUCK
Added Pin To Net: NetName=LCD_CS Pin=LCD1-5
Added Pin To Net: NetName=LCD_CS Pin=U3-32
Added Net: Name=LCD_CS
Added Pin To Net: NetName=LCD_EXTCOM Pin=LCD1-6
Added Pin To Net: NetName=LCD_EXTCOM Pin=U3-33
Added Net: Name=LCD_EXTCOM
Added Pin To Net: NetName=LCD_PWR Pin=LCD1-1
Added Pin To Net: NetName=LCD_PWR Pin=LED1-A
Added Pin To Net: NetName=LCD_PWR Pin=U1-1
Added Net: Name=LCD_PWR
Added Pin To Net: NetName=LCD_SW Pin=U1-4
Added Pin To Net: NetName=LCD_SW Pin=U3-29
Added Net: Name=LCD_SW
Added Pin To Net: NetName=LFXTAL_N Pin=U3-35
Added Net: Name=LFXTAL_N
Added Pin To Net: NetName=LFXTAL_P Pin=U3-36
Added Net: Name=LFXTAL_P
Added Pin To Net: NetName=MAG_ENC1_A Pin=U10-7
Added Pin To Net: NetName=MAG_ENC1_A Pin=U14-9
Added Net: Name=MAG_ENC1_A
Added Pin To Net: NetName=MAG_ENC1_B Pin=U10-6
Added Pin To Net: NetName=MAG_ENC1_B Pin=U14-12
Added Net: Name=MAG_ENC1_B
Added Pin To Net: NetName=MAG_ENC1_CS Pin=H7-3
Added Pin To Net: NetName=MAG_ENC1_CS Pin=U10-1
Added Net: Name=MAG_ENC1_CS
Added Pin To Net: NetName=MAG_ENC1_PW Pin=C34-1
Added Pin To Net: NetName=MAG_ENC1_PW Pin=R39-1
Added Pin To Net: NetName=MAG_ENC1_PW Pin=U10-11
Added Pin To Net: NetName=MAG_ENC1_PW Pin=U10-12
Added Pin To Net: NetName=MAG_ENC1_PW Pin=U12-1
Added Net: Name=MAG_ENC1_PW
Added Pin To Net: NetName=MAG_ENC1_SW Pin=U12-4
Added Pin To Net: NetName=MAG_ENC1_SW Pin=U14-19
Added Net: Name=MAG_ENC1_SW
Added Pin To Net: NetName=MAG_ENC2_A Pin=U11-7
Added Pin To Net: NetName=MAG_ENC2_A Pin=U14-7
Added Net: Name=MAG_ENC2_A
Added Pin To Net: NetName=MAG_ENC2_B Pin=U11-6
Added Pin To Net: NetName=MAG_ENC2_B Pin=U14-14
Added Net: Name=MAG_ENC2_B
Added Pin To Net: NetName=MAG_ENC2_CS Pin=H7-2
Added Pin To Net: NetName=MAG_ENC2_CS Pin=U11-1
Added Net: Name=MAG_ENC2_CS
Added Pin To Net: NetName=MAG_ENC2_PW Pin=C35-1
Added Pin To Net: NetName=MAG_ENC2_PW Pin=R41-1
Added Pin To Net: NetName=MAG_ENC2_PW Pin=U11-11
Added Pin To Net: NetName=MAG_ENC2_PW Pin=U11-12
Added Pin To Net: NetName=MAG_ENC2_PW Pin=U13-1
Added Net: Name=MAG_ENC2_PW
Added Pin To Net: NetName=MAG_ENC2_SW Pin=U13-4
Added Pin To Net: NetName=MAG_ENC2_SW Pin=U14-17
Added Net: Name=MAG_ENC2_SW
Added Pin To Net: NetName=MAG_ENC_A Pin=U3-22
Added Pin To Net: NetName=MAG_ENC_A Pin=U14-8
Added Net: Name=MAG_ENC_A
Added Pin To Net: NetName=MAG_ENC_B Pin=U3-23
Added Pin To Net: NetName=MAG_ENC_B Pin=U14-13
Added Net: Name=MAG_ENC_B
Added Pin To Net: NetName=MAG_ENC_SEL Pin=U3-21
Added Pin To Net: NetName=MAG_ENC_SEL Pin=U14-1
Added Pin To Net: NetName=MAG_ENC_SEL Pin=U14-10
Added Pin To Net: NetName=MAG_ENC_SEL Pin=U14-11
Added Pin To Net: NetName=MAG_ENC_SEL Pin=U14-20
Added Net: Name=MAG_ENC_SEL
Added Pin To Net: NetName=MAG_ENC_SW Pin=U3-20
Added Pin To Net: NetName=MAG_ENC_SW Pin=U14-18
Added Net: Name=MAG_ENC_SW
Added Pin To Net: NetName=NetC7_1 Pin=C7-1
Added Pin To Net: NetName=NetC7_1 Pin=L1-2
Added Pin To Net: NetName=NetC7_1 Pin=L2-1
Added Net: Name=NetC7_1
Added Pin To Net: NetName=NetD1_A Pin=D1-A
Added Pin To Net: NetName=NetD1_A Pin=R23-2
Added Net: Name=NetD1_A
Added Pin To Net: NetName=NetH1_1 Pin=H1-1
Added Pin To Net: NetName=NetH1_1 Pin=R12-2
Added Net: Name=NetH1_1
Added Pin To Net: NetName=NetH1_3 Pin=H1-3
Added Pin To Net: NetName=NetH1_3 Pin=R13-2
Added Net: Name=NetH1_3
Added Net: Name=NetH4_3
Added Pin To Net: NetName=NetH6_1 Pin=S1-V+
Added Pin To Net: NetName=NetH6_1 Pin=S3-V+
Added Pin To Net: NetName=NetH6_1 Pin=S5-V+
Added Pin To Net: NetName=NetH6_1 Pin=S7-V+
Added Pin To Net: NetName=NetH6_1 Pin=S9-V+
Added Net: Name=NetH6_1
Added Pin To Net: NetName=NetH6_2 Pin=S2-V-
Added Pin To Net: NetName=NetH6_2 Pin=S4-V-
Added Pin To Net: NetName=NetH6_2 Pin=S6-V-
Added Pin To Net: NetName=NetH6_2 Pin=S8-V-
Added Pin To Net: NetName=NetH6_2 Pin=S10-V-
Added Net: Name=NetH6_2
Added Net: Name=NetL6_2
Added Pin To Net: NetName=NetLED1_C Pin=LED1-C
Added Pin To Net: NetName=NetLED1_C Pin=R1-1
Added Net: Name=NetLED1_C
Added Pin To Net: NetName=NetLED2_A Pin=LED2-A
Added Pin To Net: NetName=NetLED2_A Pin=R14-2
Added Net: Name=NetLED2_A
Added Pin To Net: NetName=NetLED3_A Pin=LED3-A
Added Pin To Net: NetName=NetLED3_A Pin=R15-2
Added Net: Name=NetLED3_A
Added Pin To Net: NetName=NetLED4_C Pin=LED4-C
Added Pin To Net: NetName=NetLED4_C Pin=R16-1
Added Net: Name=NetLED4_C
Added Pin To Net: NetName=NetLED5_C Pin=LED5-C
Added Pin To Net: NetName=NetLED5_C Pin=R26-2
Added Net: Name=NetLED5_C
Added Pin To Net: NetName=NetLED6_C Pin=LED6-C
Added Pin To Net: NetName=NetLED6_C Pin=R27-1
Added Net: Name=NetLED6_C
Added Pin To Net: NetName=NetLED7_C Pin=LED7-C
Added Pin To Net: NetName=NetLED7_C Pin=R31-1
Added Net: Name=NetLED7_C
Added Pin To Net: NetName=NetLED8_C Pin=LED8-C
Added Net: Name=NetLED8_C
Added Pin To Net: NetName=NetLED9_C Pin=LED9-C
Added Pin To Net: NetName=NetLED9_C Pin=R37-1
Added Net: Name=NetLED9_C
Added Pin To Net: NetName=NetLED10_C Pin=LED10-C
Added Pin To Net: NetName=NetLED10_C Pin=R38-1
Added Net: Name=NetLED10_C
Added Pin To Net: NetName=NetLED11_A Pin=LED11-A
Added Pin To Net: NetName=NetLED11_A Pin=R39-2
Added Net: Name=NetLED11_A
Added Pin To Net: NetName=NetLED11_C Pin=LED11-C
Added Pin To Net: NetName=NetLED11_C Pin=R40-1
Added Net: Name=NetLED11_C
Added Pin To Net: NetName=NetLED12_A Pin=LED12-A
Added Pin To Net: NetName=NetLED12_A Pin=R41-2
Added Net: Name=NetLED12_A
Added Pin To Net: NetName=NetLED12_C Pin=LED12-C
Added Pin To Net: NetName=NetLED12_C Pin=R42-1
Added Net: Name=NetLED12_C
Added Pin To Net: NetName=NetR3_2 Pin=R3-2
Added Pin To Net: NetName=NetR3_2 Pin=SW1-3
Added Pin To Net: NetName=NetR3_2 Pin=SW1-4
Added Net: Name=NetR3_2
Added Pin To Net: NetName=NetR6_2 Pin=R6-2
Added Pin To Net: NetName=NetR6_2 Pin=SW2-3
Added Pin To Net: NetName=NetR6_2 Pin=SW2-4
Added Net: Name=NetR6_2
Added Pin To Net: NetName=NetR7_2 Pin=R7-2
Added Pin To Net: NetName=NetR7_2 Pin=SW3-3
Added Pin To Net: NetName=NetR7_2 Pin=SW3-4
Added Net: Name=NetR7_2
Added Pin To Net: NetName=NetR9_2 Pin=R9-2
Added Pin To Net: NetName=NetR9_2 Pin=SW4-3
Added Pin To Net: NetName=NetR9_2 Pin=SW4-4
Added Net: Name=NetR9_2
Added Pin To Net: NetName=NetR18_2 Pin=R18-2
Added Pin To Net: NetName=NetR18_2 Pin=SW5-3
Added Pin To Net: NetName=NetR18_2 Pin=SW5-4
Added Net: Name=NetR18_2
Added Pin To Net: NetName=NetR19_2 Pin=R19-2
Added Pin To Net: NetName=NetR19_2 Pin=R20-1
Added Net: Name=NetR19_2
Added Pin To Net: NetName=NetS1_V- Pin=S1-V-
Added Pin To Net: NetName=NetS1_V- Pin=S2-V+
Added Net: Name=NetS1_V-
Added Pin To Net: NetName=NetS3_V- Pin=S3-V-
Added Pin To Net: NetName=NetS3_V- Pin=S4-V+
Added Net: Name=NetS3_V-
Added Pin To Net: NetName=NetS5_V- Pin=S5-V-
Added Pin To Net: NetName=NetS5_V- Pin=S6-V+
Added Net: Name=NetS5_V-
Added Pin To Net: NetName=NetS7_V- Pin=S7-V-
Added Pin To Net: NetName=NetS7_V- Pin=S8-V+
Added Net: Name=NetS7_V-
Added Pin To Net: NetName=NetS9_V- Pin=S9-V-
Added Pin To Net: NetName=NetS9_V- Pin=S10-V+
Added Net: Name=NetS9_V-
Added Pin To Net: NetName=OK_HYST Pin=R29-1
Added Pin To Net: NetName=OK_HYST Pin=R33-2
Added Pin To Net: NetName=OK_HYST Pin=U6-10
Added Net: Name=OK_HYST
Added Pin To Net: NetName=OK_PROG Pin=R33-1
Added Pin To Net: NetName=OK_PROG Pin=R36-2
Added Pin To Net: NetName=OK_PROG Pin=U6-11
Added Net: Name=OK_PROG
Added Pin To Net: NetName=PAVDD Pin=L4-2
Added Pin To Net: NetName=PAVDD Pin=U3-18
Added Net: Name=PAVDD
Added Pin To Net: NetName=PTI_DATA Pin=H1-10
Added Pin To Net: NetName=PTI_DATA Pin=U3-6
Added Net: Name=PTI_DATA
Added Pin To Net: NetName=PTI_FRAME Pin=H1-9
Added Pin To Net: NetName=PTI_FRAME Pin=U3-7
Added Net: Name=PTI_FRAME
Added Pin To Net: NetName=RFVDD Pin=L3-2
Added Pin To Net: NetName=RFVDD Pin=U3-9
Added Net: Name=RFVDD
Added Pin To Net: NetName=SOLAR_IN Pin=D2-A
Added Pin To Net: NetName=SOLAR_IN Pin=R24-1
Added Net: Name=SOLAR_IN
Added Pin To Net: NetName=SPI_CLK_MAG Pin=H7-6
Added Pin To Net: NetName=SPI_CLK_MAG Pin=U10-2
Added Pin To Net: NetName=SPI_CLK_MAG Pin=U11-2
Added Net: Name=SPI_CLK_MAG
Added Pin To Net: NetName=SPI_CLK Pin=LCD1-3
Added Pin To Net: NetName=SPI_CLK Pin=TP5-1
Added Pin To Net: NetName=SPI_CLK Pin=U3-45
Added Net: Name=SPI_CLK
Added Pin To Net: NetName=SPI_MISO_MAG Pin=H7-5
Added Pin To Net: NetName=SPI_MISO_MAG Pin=U10-3
Added Pin To Net: NetName=SPI_MISO_MAG Pin=U11-3
Added Net: Name=SPI_MISO_MAG
Added Pin To Net: NetName=SPI_MISO Pin=TP5-2
Added Pin To Net: NetName=SPI_MISO Pin=U3-44
Added Net: Name=SPI_MISO
Added Pin To Net: NetName=SPI_MOSI_MAG Pin=H7-4
Added Pin To Net: NetName=SPI_MOSI_MAG Pin=U10-4
Added Pin To Net: NetName=SPI_MOSI_MAG Pin=U11-4
Added Net: Name=SPI_MOSI_MAG
Added Pin To Net: NetName=SPI_MOSI Pin=LCD1-4
Added Pin To Net: NetName=SPI_MOSI Pin=TP5-3
Added Pin To Net: NetName=SPI_MOSI Pin=U3-43
Added Net: Name=SPI_MOSI
Added Pin To Net: NetName=SW_BACK_S Pin=R4-2
Added Pin To Net: NetName=SW_BACK_S Pin=SW2-1
Added Pin To Net: NetName=SW_BACK_S Pin=SW2-2
Added Pin To Net: NetName=SW_BACK_S Pin=TP1-2
Added Pin To Net: NetName=SW_BACK_S Pin=U2-3
Added Net: Name=SW_BACK_S
Added Pin To Net: NetName=SW_BACK Pin=TP3-2
Added Pin To Net: NetName=SW_BACK Pin=U3-26
Added Net: Name=SW_BACK
Added Pin To Net: NetName=SW_DOWN_S Pin=R8-2
Added Pin To Net: NetName=SW_DOWN_S Pin=SW4-1
Added Pin To Net: NetName=SW_DOWN_S Pin=SW4-2
Added Pin To Net: NetName=SW_DOWN_S Pin=TP1-3
Added Pin To Net: NetName=SW_DOWN_S Pin=U2-4
Added Net: Name=SW_DOWN_S
Added Pin To Net: NetName=SW_DOWN Pin=TP3-3
Added Pin To Net: NetName=SW_DOWN Pin=U3-27
Added Net: Name=SW_DOWN
Added Pin To Net: NetName=SW_GO_S Pin=R5-2
Added Pin To Net: NetName=SW_GO_S Pin=SW3-1
Added Pin To Net: NetName=SW_GO_S Pin=SW3-2
Added Pin To Net: NetName=SW_GO_S Pin=TP1-1
Added Pin To Net: NetName=SW_GO_S Pin=U2-5
Added Net: Name=SW_GO_S
Added Pin To Net: NetName=SW_GO Pin=TP3-1
Added Pin To Net: NetName=SW_GO Pin=U3-25
Added Net: Name=SW_GO
Added Pin To Net: NetName=SW_UP_S Pin=R2-2
Added Pin To Net: NetName=SW_UP_S Pin=SW1-1
Added Pin To Net: NetName=SW_UP_S Pin=SW1-2
Added Pin To Net: NetName=SW_UP_S Pin=TP1-4
Added Pin To Net: NetName=SW_UP_S Pin=U2-1
Added Net: Name=SW_UP_S
Added Pin To Net: NetName=SW_UP Pin=TP3-4
Added Pin To Net: NetName=SW_UP Pin=U3-28
Added Net: Name=SW_UP
Added Pin To Net: NetName=SWCLK Pin=H1-8
Added Pin To Net: NetName=SWCLK Pin=U3-1
Added Net: Name=SWCLK
Added Pin To Net: NetName=SWDIO Pin=H1-7
Added Pin To Net: NetName=SWDIO Pin=U3-2
Added Net: Name=SWDIO
Added Pin To Net: NetName=SWO Pin=H1-6
Added Pin To Net: NetName=SWO Pin=U3-3
Added Net: Name=SWO
Added Pin To Net: NetName=Test_Pin Pin=LED4-A
Added Pin To Net: NetName=Test_Pin Pin=U3-19
Added Net: Name=Test_Pin
Added Pin To Net: NetName=ULTSEN_PWR Pin=LED10-A
Added Pin To Net: NetName=ULTSEN_PWR Pin=U7-3
Added Pin To Net: NetName=ULTSEN_PWR Pin=U8-1
Added Net: Name=ULTSEN_PWR
Added Pin To Net: NetName=ULTSEN_SW Pin=U3-31
Added Pin To Net: NetName=ULTSEN_SW Pin=U8-4
Added Net: Name=ULTSEN_SW
Added Pin To Net: NetName=US0_RX Pin=H1-4
Added Pin To Net: NetName=US0_RX Pin=LED2-C
Added Pin To Net: NetName=US0_RX Pin=U3-4
Added Net: Name=US0_RX
Added Pin To Net: NetName=US0_TX Pin=H1-5
Added Pin To Net: NetName=US0_TX Pin=LED3-C
Added Pin To Net: NetName=US0_TX Pin=U3-5
Added Net: Name=US0_TX
Added Pin To Net: NetName=US2_RX Pin=U3-30
Added Pin To Net: NetName=US2_RX Pin=U7-2
Added Net: Name=US2_RX
Added Pin To Net: NetName=US2_TX Pin=U3-8
Added Pin To Net: NetName=US2_TX Pin=U7-1
Added Net: Name=US2_TX
Added Pin To Net: NetName=VBAT_OK Pin=LED5-A
Added Pin To Net: NetName=VBAT_OK Pin=U6-13
Added Net: Name=VBAT_OK
Added Pin To Net: NetName=VBAT_OV Pin=R28-1
Added Pin To Net: NetName=VBAT_OV Pin=R32-2
Added Pin To Net: NetName=VBAT_OV Pin=U6-7
Added Net: Name=VBAT_OV
Added Pin To Net: NetName=VIN_DC Pin=D1-C
Added Pin To Net: NetName=VIN_DC Pin=D2-C
Added Pin To Net: NetName=VIN_DC Pin=L7-1
Added Pin To Net: NetName=VIN_DC Pin=R22-1
Added Pin To Net: NetName=VIN_DC Pin=R24-2
Added Pin To Net: NetName=VIN_DC Pin=U6-2
Added Net: Name=VIN_DC
Added Pin To Net: NetName=VMCU Pin=C38-1
Added Pin To Net: NetName=VMCU Pin=C39-1
Added Pin To Net: NetName=VMCU Pin=U12-5
Added Pin To Net: NetName=VMCU Pin=U13-5
Added Pin To Net: NetName=VMCU Pin=U14-16
Added Net: Name=VMCU
Added Pin To Net: NetName=VOC_SAMP Pin=R19-1
Added Pin To Net: NetName=VOC_SAMP Pin=R21-1
Added Pin To Net: NetName=VOC_SAMP Pin=R22-2
Added Pin To Net: NetName=VOC_SAMP Pin=U6-3
Added Net: Name=VOC_SAMP
Added Pin To Net: NetName=VOUT_SET Pin=R30-1
Added Pin To Net: NetName=VOUT_SET Pin=R34-2
Added Pin To Net: NetName=VOUT_SET Pin=U6-12
Added Net: Name=VOUT_SET
Added Pin To Net: NetName=VOUT Pin=C28-1
Added Pin To Net: NetName=VOUT Pin=L8-2
Added Pin To Net: NetName=VOUT Pin=U6-14
Added Net: Name=VOUT
Added Pin To Net: NetName=VRDIV Pin=R28-2
Added Pin To Net: NetName=VRDIV Pin=R29-2
Added Pin To Net: NetName=VRDIV Pin=R30-2
Added Pin To Net: NetName=VRDIV Pin=U6-8
Added Net: Name=VRDIV
Added Pin To Net: NetName=VREF_SAMP Pin=U6-4
Added Net: Name=VREF_SAMP
Added Pin To Net: NetName=VREGSW Pin=L5-1
Added Pin To Net: NetName=VREGSW Pin=U3-38
Added Net: Name=VREGSW
Added Pin To Net: NetName=VSTOR Pin=C21-1
Added Pin To Net: NetName=VSTOR Pin=R21-2
Added Pin To Net: NetName=VSTOR Pin=U6-6
Added Pin To Net: NetName=VSTOR Pin=U6-19
Added Net: Name=VSTOR
Added Class: Name=efr32_ioport
Added Class: Name=efr32_lcd_hmi
Added Class: Name=efr32_radio_interface
Added Class: Name=Mag_Enc_Sensors_muxed
Added Class: Name=power_management
Added Class: Name=solar_cell
Added Class: Name=ultrasonic_imu_sensor
Added Room: Name=Mag_Enc_Sensors_muxed
Added Rule: Name=Schematic Width Constraint
Added Rule: Name=Schematic Width Constraint_1
Added Rule: Name=Schematic Width Constraint_2
Added Rule: Name=Schematic Width Constraint_3
Added Rule: Name=Schematic Width Constraint_4
Added Rule: Name=Schematic Width Constraint_5
Added Rule: Name=Schematic Width Constraint_6
Added Rule: Name=Schematic Width Constraint_7
Added Rule: Name=Schematic Width Constraint_8
Added Rule: Name=Schematic Width Constraint_9
