ISO-10303-21;
HEADER;
FILE_DESCRIPTION (( 'STEP AP214' ),
    '1' );
FILE_NAME ('KXOB25-14X1F-TR.STEP',
    '2023-09-04T20:18:08',
    ( '' ),
    ( '' ),
    'SwSTEP 2.0',
    'SolidWorks 2021',
    '' );
FILE_SCHEMA (( 'AUTOMOTIVE_DESIGN' ));
ENDSEC;

DATA;
#1 = MECHANICAL_DESIGN_GEOMETRIC_PRESENTATION_REPRESENTATION (  '', ( #711 ), #756 ) ;
#2 = EDGE_CURVE ( 'NONE', #1632, #1332, #1213, .T. ) ;
#3 = DIRECTION ( 'NONE',  ( 1.000000000000000000, 0.000000000000000000, 0.000000000000000000 ) ) ;
#4 = DIRECTION ( 'NONE',  ( 0.000000000000000000, -1.000000000000000000, 0.000000000000000000 ) ) ;
#5 = EDGE_CURVE ( 'NONE', #433, #2035, #205, .T. ) ;
#6 = ORIENTED_EDGE ( 'NONE', *, *, #1946, .T. ) ;
#7 = ORIENTED_EDGE ( 'NONE', *, *, #1721, .T. ) ;
#8 = DIRECTION ( 'NONE',  ( 1.000000000000000000, -0.000000000000000000, -1.734723475976807094E-15 ) ) ;
#9 = CARTESIAN_POINT ( 'NONE',  ( -8.799999999999995381, 0.000000000000000000, 0.09999999999999914513 ) ) ;
#10 = MANIFOLD_SOLID_BREP ( 'Boss-Extrude3[1]', #695 ) ;
#11 = DIRECTION ( 'NONE',  ( 0.000000000000000000, 0.000000000000000000, -1.000000000000000000 ) ) ;
#12 = VECTOR ( 'NONE', #350, 1000.000000000000000 ) ;
#13 = VERTEX_POINT ( 'NONE', #2102 ) ;
#14 = ORIENTED_EDGE ( 'NONE', *, *, #1530, .F. ) ;
#15 = LINE ( 'NONE', #2030, #467 ) ;
#16 = CARTESIAN_POINT ( 'NONE',  ( 10.75000000000000000, 1.699999999999999956, 3.294999999999999929 ) ) ;
#17 = DIRECTION ( 'NONE',  ( 0.000000000000000000, -0.000000000000000000, -1.000000000000000000 ) ) ;
#18 = ORIENTED_EDGE ( 'NONE', *, *, #789, .F. ) ;
#19 = ORIENTED_EDGE ( 'NONE', *, *, #43, .F. ) ;
#20 = ADVANCED_FACE ( 'NONE', ( #2502 ), #1514, .T. ) ;
#21 = FACE_OUTER_BOUND ( 'NONE', #2440, .T. ) ;
#22 = CARTESIAN_POINT ( 'NONE',  ( -6.799999999999995381, 0.1000000000000000056, 0.09999999999999914513 ) ) ;
#23 = AXIS2_PLACEMENT_3D ( 'NONE', #1434, #1831, #11 ) ;
#24 = VECTOR ( 'NONE', #8, 1000.000000000000000 ) ;
#25 = LINE ( 'NONE', #2415, #67 ) ;
#26 = VECTOR ( 'NONE', #2010, 1000.000000000000000 ) ;
#27 = ORIENTED_EDGE ( 'NONE', *, *, #1794, .T. ) ;
#28 = MANIFOLD_SOLID_BREP ( 'Boss-Extrude2', #956 ) ;
#29 = DIRECTION ( 'NONE',  ( 0.000000000000000000, 1.000000000000000000, 0.000000000000000000 ) ) ;
#30 = CARTESIAN_POINT ( 'NONE',  ( 11.50000000000000355, 0.000000000000000000, 4.000000000000000000 ) ) ;
#31 = ORIENTED_EDGE ( 'NONE', *, *, #2368, .F. ) ;
#32 = DIRECTION ( 'NONE',  ( -1.000000000000000000, 0.000000000000000000, 1.734723475976807094E-15 ) ) ;
#33 = DIRECTION ( 'NONE',  ( 0.000000000000000000, -1.000000000000000000, 0.000000000000000000 ) ) ;
#34 = ORIENTED_EDGE ( 'NONE', *, *, #691, .T. ) ;
#35 = ORIENTED_EDGE ( 'NONE', *, *, #1635, .T. ) ;
#36 = VERTEX_POINT ( 'NONE', #1484 ) ;
#37 = DIRECTION ( 'NONE',  ( -1.000000000000000000, -0.000000000000000000, -0.000000000000000000 ) ) ;
#38 = LINE ( 'NONE', #639, #351 ) ;
#39 = EDGE_CURVE ( 'NONE', #1873, #976, #904, .T. ) ;
#40 = VERTEX_POINT ( 'NONE', #2267 ) ;
#41 = CARTESIAN_POINT ( 'NONE',  ( -9.749999999999998224, 1.699999999999999956, -4.000000000000000000 ) ) ;
#42 = VECTOR ( 'NONE', #1353, 1000.000000000000000 ) ;
#43 = EDGE_CURVE ( 'NONE', #1074, #614, #1878, .T. ) ;
#44 = DIRECTION ( 'NONE',  ( -1.000000000000000000, 0.000000000000000000, -0.000000000000000000 ) ) ;
#45 = ORIENTED_EDGE ( 'NONE', *, *, #2398, .F. ) ;
#46 = CARTESIAN_POINT ( 'NONE',  ( 10.75000000000000000, 1.699999999999999956, -3.294999999999999929 ) ) ;
#47 = VECTOR ( 'NONE', #87, 1000.000000000000000 ) ;
#48 = DIRECTION ( 'NONE',  ( 0.000000000000000000, -1.000000000000000000, 0.000000000000000000 ) ) ;
#49 = DIRECTION ( 'NONE',  ( -1.000000000000000000, -0.000000000000000000, -0.000000000000000000 ) ) ;
#50 = ORIENTED_EDGE ( 'NONE', *, *, #2554, .F. ) ;
#51 = EDGE_LOOP ( 'NONE', ( #866, #832, #19, #2220 ) ) ;
#52 =( NAMED_UNIT ( * ) PLANE_ANGLE_UNIT ( ) SI_UNIT ( $, .RADIAN. ) );
#53 = CARTESIAN_POINT ( 'NONE',  ( -8.799999999999995381, 0.000000000000000000, 0.09999999999999914513 ) ) ;
#54 = ORIENTED_EDGE ( 'NONE', *, *, #2070, .F. ) ;
#55 = LINE ( 'NONE', #1820, #1964 ) ;
#56 = CARTESIAN_POINT ( 'NONE',  ( -7.899999999999995914, 0.1000000000000000056, -0.1000000000000010464 ) ) ;
#57 = LINE ( 'NONE', #1858, #2475 ) ;
#58 = VERTEX_POINT ( 'NONE', #876 ) ;
#59 = PLANE ( 'NONE',  #1730 ) ;
#60 = DIRECTION ( 'NONE',  ( 0.000000000000000000, 0.000000000000000000, 1.000000000000000000 ) ) ;
#61 = CARTESIAN_POINT ( 'NONE',  ( -9.499999999999998224, 0.1000000000000000056, 3.699999999999998845 ) ) ;
#62 = DIRECTION ( 'NONE',  ( 0.000000000000000000, -1.000000000000000000, 0.000000000000000000 ) ) ;
#63 = CARTESIAN_POINT ( 'NONE',  ( 11.49999999999998934, 0.000000000000000000, -3.700000000000021494 ) ) ;
#64 = ORIENTED_EDGE ( 'NONE', *, *, #1411, .F. ) ;
#65 = FACE_OUTER_BOUND ( 'NONE', #747, .T. ) ;
#66 = ORIENTED_EDGE ( 'NONE', *, *, #1057, .T. ) ;
#67 = VECTOR ( 'NONE', #1240, 1000.000000000000000 ) ;
#68 = AXIS2_PLACEMENT_3D ( 'NONE', #868, #2311, #2299 ) ;
#69 = LINE ( 'NONE', #1043, #611 ) ;
#70 = DIRECTION ( 'NONE',  ( -0.000000000000000000, -1.000000000000000000, -0.000000000000000000 ) ) ;
#71 = VECTOR ( 'NONE', #459, 1000.000000000000000 ) ;
#72 = EDGE_CURVE ( 'NONE', #2129, #913, #861, .T. ) ;
#73 = VECTOR ( 'NONE', #673, 1000.000000000000000 ) ;
#74 = CARTESIAN_POINT ( 'NONE',  ( 0.000000000000000000, 0.1000000000000000056, 0.000000000000000000 ) ) ;
#75 = VERTEX_POINT ( 'NONE', #2462 ) ;
#76 = ORIENTED_EDGE ( 'NONE', *, *, #585, .F. ) ;
#77 = FILL_AREA_STYLE_COLOUR ( '', #2417 ) ;
#78 = EDGE_CURVE ( 'NONE', #75, #1555, #2474, .T. ) ;
#79 = CARTESIAN_POINT ( 'NONE',  ( 8.799999999999995381, 0.1000000000000000056, -0.1000000000000008521 ) ) ;
#80 = CARTESIAN_POINT ( 'NONE',  ( -7.899999999999995914, 0.1000000000000000056, -1.000000000000000888 ) ) ;
#81 = MANIFOLD_SOLID_BREP ( 'Boss-Extrude3[3]', #1377 ) ;
#82 = ADVANCED_FACE ( 'NONE', ( #2152 ), #2279, .T. ) ;
#83 = ORIENTED_EDGE ( 'NONE', *, *, #377, .F. ) ;
#84 = DIRECTION ( 'NONE',  ( 1.000000000000000000, 0.000000000000000000, 1.355252715606881036E-16 ) ) ;
#85 = ORIENTED_EDGE ( 'NONE', *, *, #789, .T. ) ;
#86 = PLANE ( 'NONE',  #617 ) ;
#87 = DIRECTION ( 'NONE',  ( 1.000000000000000000, 0.000000000000000000, 0.000000000000000000 ) ) ;
#88 = VECTOR ( 'NONE', #1426, 1000.000000000000000 ) ;
#89 = VECTOR ( 'NONE', #213, 1000.000000000000000 ) ;
#90 = LINE ( 'NONE', #1710, #926 ) ;
#91 = ADVANCED_FACE ( 'NONE', ( #767 ), #2316, .F. ) ;
#92 = VECTOR ( 'NONE', #1750, 1000.000000000000000 ) ;
#93 = DIRECTION ( 'NONE',  ( -2.344220913482171656E-16, -0.000000000000000000, 1.000000000000000000 ) ) ;
#94 = DIRECTION ( 'NONE',  ( -1.000000000000000000, 0.000000000000000000, -0.000000000000000000 ) ) ;
#95 = FACE_OUTER_BOUND ( 'NONE', #770, .T. ) ;
#96 = EDGE_CURVE ( 'NONE', #773, #178, #347, .T. ) ;
#97 = VERTEX_POINT ( 'NONE', #1139 ) ;
#98 = DIRECTION ( 'NONE',  ( 0.000000000000000000, 0.000000000000000000, -1.000000000000000000 ) ) ;
#99 = DIRECTION ( 'NONE',  ( -1.734723475976807094E-15, 0.000000000000000000, -1.000000000000000000 ) ) ;
#100 = DIRECTION ( 'NONE',  ( 0.000000000000000000, 1.000000000000000000, 0.000000000000000000 ) ) ;
#101 = DIRECTION ( 'NONE',  ( 0.000000000000000000, 1.000000000000000000, 0.000000000000000000 ) ) ;
#102 = VECTOR ( 'NONE', #49, 1000.000000000000000 ) ;
#103 = CARTESIAN_POINT ( 'NONE',  ( -7.899999999999995914, 0.1000000000000000056, -0.1000000000000010464 ) ) ;
#104 = CARTESIAN_POINT ( 'NONE',  ( -11.49999999999999645, 1.800000000000000044, 4.000000000000000000 ) ) ;
#105 = FACE_OUTER_BOUND ( 'NONE', #1444, .T. ) ;
#106 = EDGE_CURVE ( 'NONE', #1048, #896, #1564, .T. ) ;
#107 = ORIENTED_EDGE ( 'NONE', *, *, #1221, .F. ) ;
#108 = DIRECTION ( 'NONE',  ( 0.000000000000000000, 1.000000000000000000, -0.000000000000000000 ) ) ;
#109 = ORIENTED_EDGE ( 'NONE', *, *, #1400, .T. ) ;
#110 = PLANE ( 'NONE',  #2041 ) ;
#111 = AXIS2_PLACEMENT_3D ( 'NONE', #2437, #1666, #416 ) ;
#112 = VECTOR ( 'NONE', #98, 1000.000000000000000 ) ;
#113 = CARTESIAN_POINT ( 'NONE',  ( 11.50000000000000533, 0.1000000000000000056, 3.699999999999978861 ) ) ;
#114 =( GEOMETRIC_REPRESENTATION_CONTEXT ( 3 ) GLOBAL_UNCERTAINTY_ASSIGNED_CONTEXT ( ( #1303 ) ) GLOBAL_UNIT_ASSIGNED_CONTEXT ( ( #1687, #52, #1456 ) ) REPRESENTATION_CONTEXT ( 'NONE', 'WORKASPACE' ) );
#115 = DIRECTION ( 'NONE',  ( 2.344220913482171656E-16, 0.000000000000000000, -1.000000000000000000 ) ) ;
#116 = CARTESIAN_POINT ( 'NONE',  ( -10.74999999999999822, 1.699999999999999956, -0.000000000000000000 ) ) ;
#117 = DIRECTION ( 'NONE',  ( 1.000000000000000000, -0.000000000000000000, -1.734723475976807094E-15 ) ) ;
#118 = ORIENTED_EDGE ( 'NONE', *, *, #667, .T. ) ;
#119 = ORIENTED_EDGE ( 'NONE', *, *, #2019, .F. ) ;
#120 = CARTESIAN_POINT ( 'NONE',  ( -7.699999999999994849, 0.000000000000000000, 0.09999999999999915901 ) ) ;
#121 = ADVANCED_FACE ( 'NONE', ( #720 ), #1153, .T. ) ;
#122 = VERTEX_POINT ( 'NONE', #544 ) ;
#123 = LINE ( 'NONE', #924, #493 ) ;
#124 = EDGE_CURVE ( 'NONE', #352, #1745, #2163, .T. ) ;
#125 = DIRECTION ( 'NONE',  ( 1.000000000000000000, 0.000000000000000000, 0.000000000000000000 ) ) ;
#126 = ADVANCED_FACE ( 'NONE', ( #1317 ), #1935, .T. ) ;
#127 =( NAMED_UNIT ( * ) SI_UNIT ( $, .STERADIAN. ) SOLID_ANGLE_UNIT ( ) );
#128 = CARTESIAN_POINT ( 'NONE',  ( 0.000000000000000000, 1.699999999999999956, 3.294999999999999929 ) ) ;
#129 = LINE ( 'NONE', #1169, #1025 ) ;
#130 = VECTOR ( 'NONE', #1389, 1000.000000000000000 ) ;
#131 = VECTOR ( 'NONE', #650, 1000.000000000000000 ) ;
#132 = ORIENTED_EDGE ( 'NONE', *, *, #2290, .F. ) ;
#133 = ORIENTED_EDGE ( 'NONE', *, *, #2403, .F. ) ;
#134 = ORIENTED_EDGE ( 'NONE', *, *, #738, .F. ) ;
#135 = LINE ( 'NONE', #581, #446 ) ;
#136 = EDGE_LOOP ( 'NONE', ( #652, #937, #1778, #1866 ) ) ;
#137 = CARTESIAN_POINT ( 'NONE',  ( 8.799999999999995381, 0.1000000000000000056, 0.09999999999999914513 ) ) ;
#138 = CARTESIAN_POINT ( 'NONE',  ( -11.49999999999999645, 0.000000000000000000, -3.700000000000001510 ) ) ;
#139 = FACE_OUTER_BOUND ( 'NONE', #1258, .T. ) ;
#140 = LINE ( 'NONE', #740, #2199 ) ;
#141 = ORIENTED_EDGE ( 'NONE', *, *, #719, .T. ) ;
#142 = VECTOR ( 'NONE', #336, 1000.000000000000000 ) ;
#143 = EDGE_LOOP ( 'NONE', ( #227, #2470, #1011, #2359 ) ) ;
#144 = FACE_BOUND ( 'NONE', #1938, .T. ) ;
#145 = CARTESIAN_POINT ( 'NONE',  ( -11.49999999999999645, 0.000000000000000000, 4.000000000000000000 ) ) ;
#146 = ORIENTED_EDGE ( 'NONE', *, *, #2016, .F. ) ;
#147 = ORIENTED_EDGE ( 'NONE', *, *, #2523, .F. ) ;
#148 = DIRECTION ( 'NONE',  ( -1.000000000000000000, 0.000000000000000000, 1.734723475976807094E-15 ) ) ;
#149 = VERTEX_POINT ( 'NONE', #308 ) ;
#150 = DIRECTION ( 'NONE',  ( 0.000000000000000000, -1.000000000000000000, 0.000000000000000000 ) ) ;
#151 = VECTOR ( 'NONE', #1378, 1000.000000000000000 ) ;
#152 = ADVANCED_FACE ( 'NONE', ( #2535 ), #1549, .T. ) ;
#153 =( GEOMETRIC_REPRESENTATION_CONTEXT ( 3 ) GLOBAL_UNCERTAINTY_ASSIGNED_CONTEXT ( ( #453 ) ) GLOBAL_UNIT_ASSIGNED_CONTEXT ( ( #1014, #844, #1829 ) ) REPRESENTATION_CONTEXT ( 'NONE', 'WORKASPACE' ) );
#154 = CARTESIAN_POINT ( 'NONE',  ( -9.499999999999996447, 0.000000000000000000, -3.700000000000001510 ) ) ;
#155 = LINE ( 'NONE', #782, #1661 ) ;
#156 = AXIS2_PLACEMENT_3D ( 'NONE', #2306, #930, #1739 ) ;
#157 = EDGE_CURVE ( 'NONE', #149, #908, #2512, .T. ) ;
#158 = ORIENTED_EDGE ( 'NONE', *, *, #1189, .F. ) ;
#159 = VECTOR ( 'NONE', #62, 1000.000000000000000 ) ;
#160 = CARTESIAN_POINT ( 'NONE',  ( -7.899999999999995914, 0.000000000000000000, -1.000000000000000888 ) ) ;
#161 = VECTOR ( 'NONE', #1448, 1000.000000000000000 ) ;
#162 = CARTESIAN_POINT ( 'NONE',  ( -6.799999999999995381, 0.1000000000000000056, 0.09999999999999914513 ) ) ;
#163 = ADVANCED_FACE ( 'NONE', ( #1352 ), #528, .T. ) ;
#164 = VERTEX_POINT ( 'NONE', #1526 ) ;
#165 = DIRECTION ( 'NONE',  ( 0.000000000000000000, 0.000000000000000000, -1.000000000000000000 ) ) ;
#166 = LINE ( 'NONE', #1110, #1983 ) ;
#167 = EDGE_CURVE ( 'NONE', #58, #233, #753, .T. ) ;
#168 = CARTESIAN_POINT ( 'NONE',  ( 11.50000000000000533, 0.1000000000000000056, 3.699999999999978861 ) ) ;
#169 = CARTESIAN_POINT ( 'NONE',  ( -10.74999999999999822, 1.699999999999999956, -3.294999999999999929 ) ) ;
#170 = VERTEX_POINT ( 'NONE', #1326 ) ;
#171 = ORIENTED_EDGE ( 'NONE', *, *, #1411, .T. ) ;
#172 = AXIS2_PLACEMENT_3D ( 'NONE', #2521, #2124, #125 ) ;
#173 = DIRECTION ( 'NONE',  ( 0.000000000000000000, -0.000000000000000000, 1.000000000000000000 ) ) ;
#174 = DIRECTION ( 'NONE',  ( -0.000000000000000000, -1.000000000000000000, -0.000000000000000000 ) ) ;
#175 = VECTOR ( 'NONE', #885, 1000.000000000000000 ) ;
#176 = CARTESIAN_POINT ( 'NONE',  ( -7.699999999999994849, 0.000000000000000000, 0.09999999999999915901 ) ) ;
#177 = VERTEX_POINT ( 'NONE', #321 ) ;
#178 = VERTEX_POINT ( 'NONE', #1124 ) ;
#179 = FACE_OUTER_BOUND ( 'NONE', #1463, .T. ) ;
#180 = CARTESIAN_POINT ( 'NONE',  ( 11.50000000000000355, 0.000000000000000000, 4.000000000000000000 ) ) ;
#181 = CARTESIAN_POINT ( 'NONE',  ( -7.699999999999994849, 0.1000000000000000056, -0.1000000000000008521 ) ) ;
#182 = CARTESIAN_POINT ( 'NONE',  ( -8.799999999999995381, 0.000000000000000000, -0.1000000000000008521 ) ) ;
#183 = ORIENTED_EDGE ( 'NONE', *, *, #1479, .F. ) ;
#184 = ORIENTED_EDGE ( 'NONE', *, *, #2136, .T. ) ;
#185 = FILL_AREA_STYLE ('',( #1993 ) ) ;
#186 = DIRECTION ( 'NONE',  ( 0.000000000000000000, 0.000000000000000000, 1.000000000000000000 ) ) ;
#187 = VECTOR ( 'NONE', #1989, 1000.000000000000000 ) ;
#188 = EDGE_CURVE ( 'NONE', #1896, #702, #69, .T. ) ;
#189 = CARTESIAN_POINT ( 'NONE',  ( -6.799999999999995381, 0.1000000000000000056, -0.1000000000000008521 ) ) ;
#190 = DIRECTION ( 'NONE',  ( 0.000000000000000000, -1.000000000000000000, 0.000000000000000000 ) ) ;
#191 = CARTESIAN_POINT ( 'NONE',  ( -7.899999999999995914, 0.1000000000000000056, 0.9999999999999991118 ) ) ;
#192 = CARTESIAN_POINT ( 'NONE',  ( 11.50000000000000533, 0.1000000000000000056, 3.699999999999978861 ) ) ;
#193 = ORIENTED_EDGE ( 'NONE', *, *, #780, .F. ) ;
#194 = AXIS2_PLACEMENT_3D ( 'NONE', #477, #1282, #2494 ) ;
#195 = VERTEX_POINT ( 'NONE', #573 ) ;
#196 = DIRECTION ( 'NONE',  ( -0.000000000000000000, -1.000000000000000000, -0.000000000000000000 ) ) ;
#197 = VECTOR ( 'NONE', #1263, 1000.000000000000000 ) ;
#198 = FACE_OUTER_BOUND ( 'NONE', #1619, .T. ) ;
#199 = EDGE_CURVE ( 'NONE', #2331, #1555, #1231, .T. ) ;
#200 = ORIENTED_EDGE ( 'NONE', *, *, #1400, .F. ) ;
#201 = CARTESIAN_POINT ( 'NONE',  ( -11.49999999999999645, 0.1000000000000000056, -3.700000000000001510 ) ) ;
#202 = ADVANCED_FACE ( 'NONE', ( #2384 ), #1274, .F. ) ;
#203 = CARTESIAN_POINT ( 'NONE',  ( -7.699999999999995737, 0.1000000000000000056, -1.000000000000000888 ) ) ;
#204 = ORIENTED_EDGE ( 'NONE', *, *, #1560, .T. ) ;
#205 = LINE ( 'NONE', #1013, #2379 ) ;
#206 = LINE ( 'NONE', #2195, #24 ) ;
#207 = LINE ( 'NONE', #218, #1985 ) ;
#208 = ORIENTED_EDGE ( 'NONE', *, *, #224, .T. ) ;
#209 = VECTOR ( 'NONE', #2500, 1000.000000000000000 ) ;
#210 = CARTESIAN_POINT ( 'NONE',  ( -7.699999999999994849, 0.1000000000000000056, -0.1000000000000008521 ) ) ;
#211 = DIRECTION ( 'NONE',  ( -1.000000000000000000, 0.000000000000000000, -0.000000000000000000 ) ) ;
#212 = ADVANCED_FACE ( 'NONE', ( #1059 ), #251, .T. ) ;
#213 = DIRECTION ( 'NONE',  ( 1.000000000000000000, -0.000000000000000000, -1.734723475976807094E-15 ) ) ;
#214 = CARTESIAN_POINT ( 'NONE',  ( -8.799999999999995381, 0.000000000000000000, 0.09999999999999914513 ) ) ;
#215 = VERTEX_POINT ( 'NONE', #1466 ) ;
#216 = EDGE_LOOP ( 'NONE', ( #455, #2400, #2147, #367 ) ) ;
#217 = ORIENTED_EDGE ( 'NONE', *, *, #1524, .F. ) ;
#218 = CARTESIAN_POINT ( 'NONE',  ( -11.49999999999999822, 0.1000000000000000056, 3.699999999999998845 ) ) ;
#219 = LINE ( 'NONE', #2404, #1630 ) ;
#220 = VECTOR ( 'NONE', #562, 1000.000000000000000 ) ;
#221 = CARTESIAN_POINT ( 'NONE',  ( 8.799999999999995381, 0.1000000000000000056, 0.09999999999999914513 ) ) ;
#222 = DIRECTION ( 'NONE',  ( 2.344220913482171656E-16, 0.000000000000000000, -1.000000000000000000 ) ) ;
#223 = FACE_OUTER_BOUND ( 'NONE', #2021, .T. ) ;
#224 = EDGE_CURVE ( 'NONE', #855, #1732, #2028, .T. ) ;
#225 = ORIENTED_EDGE ( 'NONE', *, *, #2251, .T. ) ;
#226 = EDGE_LOOP ( 'NONE', ( #521, #250, #2135, #1369 ) ) ;
#227 = ORIENTED_EDGE ( 'NONE', *, *, #249, .F. ) ;
#228 = ORIENTED_EDGE ( 'NONE', *, *, #2574, .F. ) ;
#229 = LINE ( 'NONE', #1038, #362 ) ;
#230 = DIRECTION ( 'NONE',  ( -1.000000000000000000, 0.000000000000000000, -0.000000000000000000 ) ) ;
#231 = AXIS2_PLACEMENT_3D ( 'NONE', #2352, #342, #1372 ) ;
#232 = EDGE_CURVE ( 'NONE', #2133, #827, #434, .T. ) ;
#233 = VERTEX_POINT ( 'NONE', #264 ) ;
#234 = AXIS2_PLACEMENT_3D ( 'NONE', #314, #108, #1731 ) ;
#235 = DIRECTION ( 'NONE',  ( -0.000000000000000000, -1.000000000000000000, -0.000000000000000000 ) ) ;
#236 = EDGE_CURVE ( 'NONE', #1387, #2272, #1987, .T. ) ;
#237 = COLOUR_RGB ( '',1.000000000000000000, 0.8117647058823529438, 0.5019607843137254832 ) ;
#238 = DIRECTION ( 'NONE',  ( 0.000000000000000000, -0.000000000000000000, 1.000000000000000000 ) ) ;
#239 = CARTESIAN_POINT ( 'NONE',  ( -11.49999999999999822, 0.1000000000000000056, 3.699999999999998845 ) ) ;
#240 = EDGE_LOOP ( 'NONE', ( #970, #76, #1505, #2411 ) ) ;
#241 = UNCERTAINTY_MEASURE_WITH_UNIT (LENGTH_MEASURE( 1.000000000000000082E-05 ), #1404, 'distance_accuracy_value', 'NONE');
#242 = PLANE ( 'NONE',  #1266 ) ;
#243 = SURFACE_STYLE_FILL_AREA ( #1234 ) ;
#244 = SURFACE_STYLE_FILL_AREA ( #442 ) ;
#245 = LINE ( 'NONE', #2012, #1373 ) ;
#246 = LINE ( 'NONE', #1421, #2064 ) ;
#247 = ORIENTED_EDGE ( 'NONE', *, *, #1130, .F. ) ;
#248 = DIRECTION ( 'NONE',  ( 2.109798822133954638E-15, -0.000000000000000000, 1.000000000000000000 ) ) ;
#249 = EDGE_CURVE ( 'NONE', #576, #665, #2577, .T. ) ;
#250 = ORIENTED_EDGE ( 'NONE', *, *, #1721, .F. ) ;
#251 = PLANE ( 'NONE',  #2206 ) ;
#252 = DIRECTION ( 'NONE',  ( 1.000000000000000000, 0.000000000000000000, -9.637352644315594750E-16 ) ) ;
#253 = VECTOR ( 'NONE', #370, 1000.000000000000000 ) ;
#254 = LINE ( 'NONE', #1684, #1134 ) ;
#255 = VERTEX_POINT ( 'NONE', #2176 ) ;
#256 = SURFACE_SIDE_STYLE ('',( #1292 ) ) ;
#257 = DIRECTION ( 'NONE',  ( 1.000000000000000000, -0.000000000000000000, -1.734723475976807094E-15 ) ) ;
#258 = CARTESIAN_POINT ( 'NONE',  ( 0.000000000000000000, 0.000000000000000000, 0.000000000000000000 ) ) ;
#259 = ORIENTED_EDGE ( 'NONE', *, *, #479, .T. ) ;
#260 = ORIENTED_EDGE ( 'NONE', *, *, #96, .F. ) ;
#261 = DIRECTION ( 'NONE',  ( -1.000000000000000000, -0.000000000000000000, 1.505836350674312296E-17 ) ) ;
#262 = ADVANCED_FACE ( 'NONE', ( #1390 ), #374, .F. ) ;
#263 = ORIENTED_EDGE ( 'NONE', *, *, #1794, .F. ) ;
#264 = CARTESIAN_POINT ( 'NONE',  ( -6.799999999999995381, 0.1000000000000000056, 0.09999999999999914513 ) ) ;
#265 = AXIS2_PLACEMENT_3D ( 'NONE', #1916, #2092, #287 ) ;
#266 = EDGE_CURVE ( 'NONE', #1632, #2473, #632, .T. ) ;
#267 = UNCERTAINTY_MEASURE_WITH_UNIT (LENGTH_MEASURE( 1.000000000000000082E-05 ), #396, 'distance_accuracy_value', 'NONE');
#268 = LINE ( 'NONE', #470, #542 ) ;
#269 = EDGE_CURVE ( 'NONE', #1387, #1629, #779, .T. ) ;
#270 = EDGE_LOOP ( 'NONE', ( #1963, #2217, #1838, #2301 ) ) ;
#271 = CARTESIAN_POINT ( 'NONE',  ( -8.799999999999995381, 0.1000000000000000056, 0.09999999999999914513 ) ) ;
#272 = CARTESIAN_POINT ( 'NONE',  ( 11.49999999999998934, 0.1000000000000000056, -3.700000000000021494 ) ) ;
#273 = CARTESIAN_POINT ( 'NONE',  ( -8.799999999999995381, 0.000000000000000000, 0.09999999999999914513 ) ) ;
#274 = ORIENTED_EDGE ( 'NONE', *, *, #441, .F. ) ;
#275 = DIRECTION ( 'NONE',  ( 0.000000000000000000, -1.000000000000000000, 0.000000000000000000 ) ) ;
#276 = VECTOR ( 'NONE', #1909, 1000.000000000000000 ) ;
#277 = AXIS2_PLACEMENT_3D ( 'NONE', #340, #1939, #1333 ) ;
#278 = ADVANCED_FACE ( 'NONE', ( #850 ), #1590, .F. ) ;
#279 = CARTESIAN_POINT ( 'NONE',  ( 11.49999999999998934, 0.1000000000000000056, -3.700000000000021494 ) ) ;
#280 = LINE ( 'NONE', #2457, #1312 ) ;
#282 = ORIENTED_EDGE ( 'NONE', *, *, #2293, .T. ) ;
#281 = VECTOR ( 'NONE', #655, 1000.000000000000000 ) ;
#283 = CARTESIAN_POINT ( 'NONE',  ( 11.50000000000000355, 0.000000000000000000, -4.000000000000000000 ) ) ;
#284 = EDGE_LOOP ( 'NONE', ( #2234, #1490, #965, #204 ) ) ;
#285 = DIRECTION ( 'NONE',  ( 1.000000000000000000, -0.000000000000000000, 0.000000000000000000 ) ) ;
#286 = DIRECTION ( 'NONE',  ( -0.000000000000000000, -0.000000000000000000, 1.000000000000000000 ) ) ;
#287 = DIRECTION ( 'NONE',  ( 1.000000000000000000, 0.000000000000000000, -1.505836350674312296E-17 ) ) ;
#288 = VERTEX_POINT ( 'NONE', #1638 ) ;
#289 = VERTEX_POINT ( 'NONE', #2189 ) ;
#290 = DIRECTION ( 'NONE',  ( 0.000000000000000000, 0.000000000000000000, -1.000000000000000000 ) ) ;
#291 = EDGE_LOOP ( 'NONE', ( #1837, #450, #843, #358 ) ) ;
#292 = ORIENTED_EDGE ( 'NONE', *, *, #269, .F. ) ;
#293 = DIRECTION ( 'NONE',  ( -0.000000000000000000, 1.000000000000000000, -0.000000000000000000 ) ) ;
#294 = VECTOR ( 'NONE', #1140, 1000.000000000000000 ) ;
#295 = UNCERTAINTY_MEASURE_WITH_UNIT (LENGTH_MEASURE( 1.000000000000000082E-05 ), #1912, 'distance_accuracy_value', 'NONE');
#296 = CARTESIAN_POINT ( 'NONE',  ( -7.699999999999994849, 0.1000000000000000056, -0.1000000000000008521 ) ) ;
#297 = VECTOR ( 'NONE', #2558, 1000.000000000000000 ) ;
#298 = VERTEX_POINT ( 'NONE', #2456 ) ;
#299 = CARTESIAN_POINT ( 'NONE',  ( -7.899999999999995914, 0.1000000000000000056, -1.000000000000000888 ) ) ;
#300 = CARTESIAN_POINT ( 'NONE',  ( -11.49999999999999822, 0.1000000000000000056, 3.699999999999998845 ) ) ;
#301 = ORIENTED_EDGE ( 'NONE', *, *, #2107, .T. ) ;
#302 = ORIENTED_EDGE ( 'NONE', *, *, #2107, .F. ) ;
#303 = CARTESIAN_POINT ( 'NONE',  ( -11.49999999999999645, 0.1000000000000000056, -3.700000000000001510 ) ) ;
#304 = CARTESIAN_POINT ( 'NONE',  ( -6.799999999999995381, 0.000000000000000000, 0.09999999999999914513 ) ) ;
#305 = DIRECTION ( 'NONE',  ( 1.000000000000000000, 0.000000000000000000, -0.000000000000000000 ) ) ;
#306 = CARTESIAN_POINT ( 'NONE',  ( -7.699999999999995737, 0.000000000000000000, -1.000000000000000888 ) ) ;
#307 = VECTOR ( 'NONE', #1894, 1000.000000000000000 ) ;
#308 = CARTESIAN_POINT ( 'NONE',  ( 6.799999999999995381, 0.1000000000000000056, -0.1000000000000008521 ) ) ;
#309 = ADVANCED_FACE ( 'NONE', ( #1857 ), #2427, .T. ) ;
#310 = CARTESIAN_POINT ( 'NONE',  ( 8.799999999999995381, 0.000000000000000000, -0.1000000000000008521 ) ) ;
#311 = DIRECTION ( 'NONE',  ( -2.344220913482171656E-16, 0.000000000000000000, 1.000000000000000000 ) ) ;
#312 = ORIENTED_EDGE ( 'NONE', *, *, #2300, .T. ) ;
#313 = EDGE_LOOP ( 'NONE', ( #141, #1412, #1508, #2094, #2371, #1428, #2553, #582 ) ) ;
#314 = CARTESIAN_POINT ( 'NONE',  ( 0.000000000000000000, 1.800000000000000044, 0.000000000000000000 ) ) ;
#315 = ORIENTED_EDGE ( 'NONE', *, *, #849, .T. ) ;
#316 = ADVANCED_FACE ( 'NONE', ( #1653 ), #2439, .T. ) ;
#317 = EDGE_LOOP ( 'NONE', ( #840, #292, #2454, #940 ) ) ;
#318 = EDGE_CURVE ( 'NONE', #339, #1156, #1259, .T. ) ;
#319 = DIRECTION ( 'NONE',  ( 0.000000000000000000, -1.000000000000000000, 0.000000000000000000 ) ) ;
#320 = DIRECTION ( 'NONE',  ( -0.000000000000000000, 0.000000000000000000, 1.000000000000000000 ) ) ;
#321 = CARTESIAN_POINT ( 'NONE',  ( 9.499999999999989342, 0.000000000000000000, -3.700000000000017941 ) ) ;
#322 = PLANE ( 'NONE',  #1305 ) ;
#323 = CARTESIAN_POINT ( 'NONE',  ( -7.699999999999994849, 0.1000000000000000056, 0.09999999999999915901 ) ) ;
#324 = ORIENTED_EDGE ( 'NONE', *, *, #777, .T. ) ;
#325 = ORIENTED_EDGE ( 'NONE', *, *, #2491, .T. ) ;
#326 = SURFACE_SIDE_STYLE ('',( #1144 ) ) ;
#327 = ORIENTED_EDGE ( 'NONE', *, *, #1061, .F. ) ;
#328 = EDGE_CURVE ( 'NONE', #339, #2320, #1708, .T. ) ;
#329 = ORIENTED_EDGE ( 'NONE', *, *, #1957, .T. ) ;
#330 = PRODUCT_DEFINITION ( 'UNKNOWN', '', #1799, #1861 ) ;
#331 = CARTESIAN_POINT ( 'NONE',  ( 10.75000000000000000, 1.800000000000000044, 0.000000000000000000 ) ) ;
#332 = LINE ( 'NONE', #1136, #2348 ) ;
#333 = VECTOR ( 'NONE', #713, 1000.000000000000000 ) ;
#334 = ORIENTED_EDGE ( 'NONE', *, *, #2, .T. ) ;
#335 = DIRECTION ( 'NONE',  ( 0.000000000000000000, -1.000000000000000000, 0.000000000000000000 ) ) ;
#336 = DIRECTION ( 'NONE',  ( 0.000000000000000000, 0.000000000000000000, -1.000000000000000000 ) ) ;
#337 = EDGE_LOOP ( 'NONE', ( #368, #733, #1777, #2479 ) ) ;
#338 = VECTOR ( 'NONE', #2242, 1000.000000000000000 ) ;
#339 = VERTEX_POINT ( 'NONE', #500 ) ;
#340 = CARTESIAN_POINT ( 'NONE',  ( 11.50000000000000533, 0.1000000000000000056, 3.699999999999978861 ) ) ;
#341 = ORIENTED_EDGE ( 'NONE', *, *, #977, .F. ) ;
#342 = DIRECTION ( 'NONE',  ( 1.000000000000000000, -0.000000000000000000, 0.000000000000000000 ) ) ;
#343 = ADVANCED_FACE ( 'NONE', ( #2302 ), #2485, .T. ) ;
#344 = CARTESIAN_POINT ( 'NONE',  ( -9.749999999999998224, 1.800000000000000044, -3.294999999999999929 ) ) ;
#345 = ADVANCED_FACE ( 'NONE', ( #2097 ), #86, .F. ) ;
#346 = AXIS2_PLACEMENT_3D ( 'NONE', #519, #701, #661 ) ;
#347 = LINE ( 'NONE', #1787, #2046 ) ;
#348 = ADVANCED_FACE ( 'NONE', ( #2134 ), #1108, .T. ) ;
#349 = FACE_OUTER_BOUND ( 'NONE', #564, .T. ) ;
#350 = DIRECTION ( 'NONE',  ( -1.000000000000000000, -0.000000000000000000, -0.000000000000000000 ) ) ;
#351 = VECTOR ( 'NONE', #2297, 1000.000000000000000 ) ;
#352 = VERTEX_POINT ( 'NONE', #1898 ) ;
#353 = ORIENTED_EDGE ( 'NONE', *, *, #1921, .F. ) ;
#354 = CARTESIAN_POINT ( 'NONE',  ( -7.699999999999994849, 0.1000000000000000056, 0.9999999999999991118 ) ) ;
#355 = CARTESIAN_POINT ( 'NONE',  ( -11.49999999999999645, 1.800000000000000044, 4.000000000000000000 ) ) ;
#356 = CARTESIAN_POINT ( 'NONE',  ( 0.000000000000000000, 0.000000000000000000, 0.000000000000000000 ) ) ;
#357 = ORIENTED_EDGE ( 'NONE', *, *, #1718, .F. ) ;
#358 = ORIENTED_EDGE ( 'NONE', *, *, #1872, .T. ) ;
#359 = EDGE_CURVE ( 'NONE', #511, #565, #705, .T. ) ;
#360 = DIRECTION ( 'NONE',  ( 0.000000000000000000, 0.000000000000000000, 1.000000000000000000 ) ) ;
#361 = VECTOR ( 'NONE', #1031, 1000.000000000000000 ) ;
#362 = VECTOR ( 'NONE', #37, 1000.000000000000000 ) ;
#363 = FACE_OUTER_BOUND ( 'NONE', #2434, .T. ) ;
#364 = CARTESIAN_POINT ( 'NONE',  ( -11.49999999999999645, 0.1000000000000000056, -3.700000000000001510 ) ) ;
#365 = ORIENTED_EDGE ( 'NONE', *, *, #1022, .T. ) ;
#366 = CLOSED_SHELL ( 'NONE', ( #1571, #507, #1364, #163, #1656, #2103 ) ) ;
#367 = ORIENTED_EDGE ( 'NONE', *, *, #503, .F. ) ;
#368 = ORIENTED_EDGE ( 'NONE', *, *, #1088, .F. ) ;
#369 = PLANE ( 'NONE',  #2208 ) ;
#370 = DIRECTION ( 'NONE',  ( 0.000000000000000000, -1.000000000000000000, 0.000000000000000000 ) ) ;
#371 = FACE_OUTER_BOUND ( 'NONE', #471, .T. ) ;
#372 = ORIENTED_EDGE ( 'NONE', *, *, #1316, .F. ) ;
#373 = DIRECTION ( 'NONE',  ( 1.000000000000000000, 0.000000000000000000, 0.000000000000000000 ) ) ;
#374 = PLANE ( 'NONE',  #2246 ) ;
#375 = CARTESIAN_POINT ( 'NONE',  ( -8.799999999999995381, 0.1000000000000000056, 0.09999999999999914513 ) ) ;
#376 = DIRECTION ( 'NONE',  ( -0.000000000000000000, 1.000000000000000000, -0.000000000000000000 ) ) ;
#377 = EDGE_CURVE ( 'NONE', #1074, #1260, #1133, .T. ) ;
#378 = ORIENTED_EDGE ( 'NONE', *, *, #2293, .F. ) ;
#379 = ORIENTED_EDGE ( 'NONE', *, *, #912, .T. ) ;
#380 = ORIENTED_EDGE ( 'NONE', *, *, #1763, .T. ) ;
#381 = PLANE ( 'NONE',  #2414 ) ;
#382 = DIRECTION ( 'NONE',  ( 1.000000000000000000, 0.000000000000000000, 0.000000000000000000 ) ) ;
#383 = VECTOR ( 'NONE', #1044, 1000.000000000000000 ) ;
#384 = DIRECTION ( 'NONE',  ( -1.000000000000000000, -0.000000000000000000, -0.000000000000000000 ) ) ;
#385 = CARTESIAN_POINT ( 'NONE',  ( 11.49999999999998934, 0.1000000000000000056, -3.700000000000021494 ) ) ;
#386 = DIRECTION ( 'NONE',  ( -0.000000000000000000, 1.000000000000000000, -0.000000000000000000 ) ) ;
#387 = DIRECTION ( 'NONE',  ( 0.000000000000000000, 0.000000000000000000, -1.000000000000000000 ) ) ;
#388 = EDGE_CURVE ( 'NONE', #1978, #1867, #1509, .T. ) ;
#389 = VERTEX_POINT ( 'NONE', #2287 ) ;
#390 = LINE ( 'NONE', #1237, #1503 ) ;
#391 = LINE ( 'NONE', #162, #297 ) ;
#392 = MECHANICAL_DESIGN_GEOMETRIC_PRESENTATION_REPRESENTATION (  '', ( #641 ), #808 ) ;
#393 = DIRECTION ( 'NONE',  ( 0.000000000000000000, -1.000000000000000000, 0.000000000000000000 ) ) ;
#394 = EDGE_CURVE ( 'NONE', #748, #2461, #2312, .T. ) ;
#395 = ADVANCED_FACE ( 'NONE', ( #1494 ), #110, .F. ) ;
#396 =( LENGTH_UNIT ( ) NAMED_UNIT ( * ) SI_UNIT ( .MILLI., .METRE. ) );
#397 = VECTOR ( 'NONE', #2071, 1000.000000000000000 ) ;
#398 = CARTESIAN_POINT ( 'NONE',  ( 0.000000000000000000, 1.699999999999999956, -4.000000000000000000 ) ) ;
#399 = ORIENTED_EDGE ( 'NONE', *, *, #696, .F. ) ;
#400 = COLOUR_RGB ( '',0.2509803921568627416, 0.2509803921568627416, 0.2509803921568627416 ) ;
#401 = ORIENTED_EDGE ( 'NONE', *, *, #1100, .T. ) ;
#402 = DIRECTION ( 'NONE',  ( 9.637352644315594750E-16, -0.000000000000000000, 1.000000000000000000 ) ) ;
#403 = DIRECTION ( 'NONE',  ( -2.344220913482171656E-16, -0.000000000000000000, 1.000000000000000000 ) ) ;
#404 = AXIS2_PLACEMENT_3D ( 'NONE', #1112, #1537, #2339 ) ;
#405 = PLANE ( 'NONE',  #1291 ) ;
#406 = ORIENTED_EDGE ( 'NONE', *, *, #1476, .F. ) ;
#407 = ADVANCED_FACE ( 'NONE', ( #1311 ), #693, .F. ) ;
#408 = ORIENTED_EDGE ( 'NONE', *, *, #1361, .F. ) ;
#409 = SURFACE_STYLE_USAGE ( .BOTH. , #1194 ) ;
#410 = VECTOR ( 'NONE', #2117, 1000.000000000000000 ) ;
#411 = DIRECTION ( 'NONE',  ( 0.000000000000000000, -1.000000000000000000, 0.000000000000000000 ) ) ;
#412 = VERTEX_POINT ( 'NONE', #304 ) ;
#413 = DIRECTION ( 'NONE',  ( -0.000000000000000000, -1.000000000000000000, -0.000000000000000000 ) ) ;
#414 = DIRECTION ( 'NONE',  ( 1.000000000000000000, 0.000000000000000000, -0.000000000000000000 ) ) ;
#415 = AXIS2_PLACEMENT_3D ( 'NONE', #1339, #320, #1771 ) ;
#416 = DIRECTION ( 'NONE',  ( 1.000000000000000000, 0.000000000000000000, 0.000000000000000000 ) ) ;
#417 = ORIENTED_EDGE ( 'NONE', *, *, #236, .T. ) ;
#418 = VECTOR ( 'NONE', #2115, 1000.000000000000000 ) ;
#419 = ADVANCED_FACE ( 'NONE', ( #915 ), #2083, .T. ) ;
#420 = DIRECTION ( 'NONE',  ( 0.000000000000000000, 0.000000000000000000, 1.000000000000000000 ) ) ;
#421 = VERTEX_POINT ( 'NONE', #1083 ) ;
#422 = DIRECTION ( 'NONE',  ( 1.000000000000000000, -0.000000000000000000, 0.000000000000000000 ) ) ;
#423 = LINE ( 'NONE', #1391, #706 ) ;
#424 = EDGE_CURVE ( 'NONE', #1173, #1660, #2122, .T. ) ;
#425 = FILL_AREA_STYLE_COLOUR ( '', #1443 ) ;
#426 = EDGE_CURVE ( 'NONE', #457, #421, #123, .T. ) ;
#427 = VERTEX_POINT ( 'NONE', #717 ) ;
#428 = VERTEX_POINT ( 'NONE', #2276 ) ;
#429 = CARTESIAN_POINT ( 'NONE',  ( -8.799999999999995381, 0.1000000000000000056, -0.1000000000000008521 ) ) ;
#430 = FACE_OUTER_BOUND ( 'NONE', #240, .T. ) ;
#431 = LINE ( 'NONE', #1842, #1160 ) ;
#432 = VECTOR ( 'NONE', #1628, 1000.000000000000000 ) ;
#433 = VERTEX_POINT ( 'NONE', #1337 ) ;
#434 = LINE ( 'NONE', #825, #281 ) ;
#435 = CARTESIAN_POINT ( 'NONE',  ( -7.899999999999995914, 0.1000000000000000056, -0.1000000000000010464 ) ) ;
#436 = EDGE_LOOP ( 'NONE', ( #107, #1296, #2298, #118 ) ) ;
#437 = EDGE_CURVE ( 'NONE', #1580, #1804, #1534, .T. ) ;
#438 = DIRECTION ( 'NONE',  ( 1.000000000000000000, 0.000000000000000000, -9.637352644315594750E-16 ) ) ;
#439 = CARTESIAN_POINT ( 'NONE',  ( -8.799999999999995381, 0.1000000000000000056, -0.1000000000000008521 ) ) ;
#440 = ORIENTED_EDGE ( 'NONE', *, *, #2589, .T. ) ;
#441 = EDGE_CURVE ( 'NONE', #2442, #1017, #1285, .T. ) ;
#442 = FILL_AREA_STYLE ('',( #77 ) ) ;
#443 = ORIENTED_EDGE ( 'NONE', *, *, #630, .F. ) ;
#444 = CARTESIAN_POINT ( 'NONE',  ( -8.799999999999995381, 0.1000000000000000056, 0.09999999999999914513 ) ) ;
#445 = LINE ( 'NONE', #845, #1185 ) ;
#446 = VECTOR ( 'NONE', #148, 1000.000000000000000 ) ;
#447 = STYLED_ITEM ( 'NONE', ( #2002 ), #903 ) ;
#448 = LINE ( 'NONE', #41, #489 ) ;
#449 = ORIENTED_EDGE ( 'NONE', *, *, #2523, .T. ) ;
#450 = ORIENTED_EDGE ( 'NONE', *, *, #1423, .F. ) ;
#451 = DIRECTION ( 'NONE',  ( 0.000000000000000000, -1.000000000000000000, 0.000000000000000000 ) ) ;
#452 =( NAMED_UNIT ( * ) SI_UNIT ( $, .STERADIAN. ) SOLID_ANGLE_UNIT ( ) );
#453 = UNCERTAINTY_MEASURE_WITH_UNIT (LENGTH_MEASURE( 1.000000000000000082E-05 ), #1014, 'distance_accuracy_value', 'NONE');
#454 = PLANE ( 'NONE',  #1822 ) ;
#455 = ORIENTED_EDGE ( 'NONE', *, *, #2484, .F. ) ;
#456 = ORIENTED_EDGE ( 'NONE', *, *, #2073, .T. ) ;
#457 = VERTEX_POINT ( 'NONE', #2532 ) ;
#458 = EDGE_CURVE ( 'NONE', #879, #2187, #1161, .T. ) ;
#459 = DIRECTION ( 'NONE',  ( 1.000000000000000000, -0.000000000000000000, -0.000000000000000000 ) ) ;
#460 = LINE ( 'NONE', #1252, #1868 ) ;
#461 = ORIENTED_EDGE ( 'NONE', *, *, #2416, .T. ) ;
#462 = ORIENTED_EDGE ( 'NONE', *, *, #2070, .T. ) ;
#463 = DIRECTION ( 'NONE',  ( 0.000000000000000000, 0.000000000000000000, -1.000000000000000000 ) ) ;
#464 = ORIENTED_EDGE ( 'NONE', *, *, #5, .F. ) ;
#465 = ADVANCED_FACE ( 'NONE', ( #371 ), #1148, .F. ) ;
#466 = DIRECTION ( 'NONE',  ( 0.000000000000000000, -0.000000000000000000, -1.000000000000000000 ) ) ;
#467 = VECTOR ( 'NONE', #222, 1000.000000000000000 ) ;
#468 = DIRECTION ( 'NONE',  ( 0.000000000000000000, 1.000000000000000000, 0.000000000000000000 ) ) ;
#469 = AXIS2_PLACEMENT_3D ( 'NONE', #643, #2098, #2072 ) ;
#470 = CARTESIAN_POINT ( 'NONE',  ( -9.749999999999998224, 1.699999999999999956, 4.000000000000000000 ) ) ;
#471 = EDGE_LOOP ( 'NONE', ( #1395, #2582, #1593, #1127, #1228, #2001, #464, #1206, #597, #183, #2481, #14 ) ) ;
#472 = SURFACE_SIDE_STYLE ('',( #244 ) ) ;
#473 = DIRECTION ( 'NONE',  ( -0.000000000000000000, 0.000000000000000000, 1.000000000000000000 ) ) ;
#474 = DIRECTION ( 'NONE',  ( 1.000000000000000000, -0.000000000000000000, 0.000000000000000000 ) ) ;
#475 = EDGE_CURVE ( 'NONE', #36, #2142, #2380, .T. ) ;
#476 = ORIENTED_EDGE ( 'NONE', *, *, #1975, .F. ) ;
#477 = CARTESIAN_POINT ( 'NONE',  ( -8.799999999999995381, 0.1000000000000000056, -0.1000000000000008521 ) ) ;
#478 = ORIENTED_EDGE ( 'NONE', *, *, #2180, .T. ) ;
#479 = EDGE_CURVE ( 'NONE', #2153, #339, #1202, .T. ) ;
#480 = DIRECTION ( 'NONE',  ( 0.000000000000000000, 0.000000000000000000, -1.000000000000000000 ) ) ;
#481 = CARTESIAN_POINT ( 'NONE',  ( -10.74999999999999822, 1.699999999999999956, -3.294999999999999929 ) ) ;
#482 = VECTOR ( 'NONE', #1197, 1000.000000000000000 ) ;
#483 = DIRECTION ( 'NONE',  ( 1.000000000000000000, -0.000000000000000000, 0.000000000000000000 ) ) ;
#484 = FILL_AREA_STYLE_COLOUR ( '', #237 ) ;
#485 = FACE_OUTER_BOUND ( 'NONE', #1665, .T. ) ;
#486 = PLANE ( 'NONE',  #2362 ) ;
#487 = ORIENTED_EDGE ( 'NONE', *, *, #1379, .T. ) ;
#488 = CARTESIAN_POINT ( 'NONE',  ( 0.000000000000000000, 1.699999999999999956, -3.294999999999999929 ) ) ;
#489 = VECTOR ( 'NONE', #2006, 1000.000000000000000 ) ;
#490 = VECTOR ( 'NONE', #2228, 1000.000000000000000 ) ;
#491 = CARTESIAN_POINT ( 'NONE',  ( -6.799999999999995381, 0.1000000000000000056, 0.09999999999999914513 ) ) ;
#492 = CARTESIAN_POINT ( 'NONE',  ( -7.699999999999994849, 0.1000000000000000056, -0.1000000000000008521 ) ) ;
#493 = VECTOR ( 'NONE', #1733, 1000.000000000000000 ) ;
#494 = CARTESIAN_POINT ( 'NONE',  ( 8.799999999999995381, 0.000000000000000000, -0.1000000000000008521 ) ) ;
#495 =( NAMED_UNIT ( * ) SI_UNIT ( $, .STERADIAN. ) SOLID_ANGLE_UNIT ( ) );
#496 = CARTESIAN_POINT ( 'NONE',  ( 6.799999999999995381, 0.000000000000000000, 0.09999999999999914513 ) ) ;
#497 = FACE_OUTER_BOUND ( 'NONE', #2179, .T. ) ;
#498 = ORIENTED_EDGE ( 'NONE', *, *, #359, .T. ) ;
#499 = LINE ( 'NONE', #1681, #864 ) ;
#500 = CARTESIAN_POINT ( 'NONE',  ( -11.49999999999999645, 1.699999999999999956, 4.000000000000000000 ) ) ;
#501 = CARTESIAN_POINT ( 'NONE',  ( 8.799999999999995381, 0.1000000000000000056, 0.09999999999999914513 ) ) ;
#502 = VECTOR ( 'NONE', #828, 1000.000000000000000 ) ;
#503 = EDGE_CURVE ( 'NONE', #164, #170, #938, .T. ) ;
#504 = DIRECTION ( 'NONE',  ( 2.109798822133954638E-15, 0.000000000000000000, 1.000000000000000000 ) ) ;
#505 = VECTOR ( 'NONE', #174, 1000.000000000000000 ) ;
#506 = CARTESIAN_POINT ( 'NONE',  ( -9.499999999999998224, 0.1000000000000000056, 3.699999999999998845 ) ) ;
#507 = ADVANCED_FACE ( 'NONE', ( #2573 ), #2392, .F. ) ;
#508 = CARTESIAN_POINT ( 'NONE',  ( 8.799999999999995381, 0.000000000000000000, 0.09999999999999914513 ) ) ;
#509 = LINE ( 'NONE', #2080, #2278 ) ;
#510 = ADVANCED_FACE ( 'NONE', ( #2544 ), #1783, .T. ) ;
#511 = VERTEX_POINT ( 'NONE', #2560 ) ;
#512 = CARTESIAN_POINT ( 'NONE',  ( -9.499999999999998224, 0.000000000000000000, 3.699999999999998845 ) ) ;
#513 = ORIENTED_EDGE ( 'NONE', *, *, #1479, .T. ) ;
#514 = DIRECTION ( 'NONE',  ( -0.000000000000000000, 0.000000000000000000, 1.000000000000000000 ) ) ;
#515 = CARTESIAN_POINT ( 'NONE',  ( -7.699999999999994849, 0.1000000000000000056, -0.1000000000000008521 ) ) ;
#516 = VECTOR ( 'NONE', #801, 1000.000000000000000 ) ;
#517 = DIRECTION ( 'NONE',  ( -0.000000000000000000, -1.000000000000000000, -0.000000000000000000 ) ) ;
#518 = CARTESIAN_POINT ( 'NONE',  ( -7.899999999999995914, 0.000000000000000000, 0.9999999999999991118 ) ) ;
#519 = CARTESIAN_POINT ( 'NONE',  ( -11.49999999999999645, 1.800000000000000044, -4.000000000000000000 ) ) ;
#520 = EDGE_CURVE ( 'NONE', #1984, #2133, #2148, .T. ) ;
#521 = ORIENTED_EDGE ( 'NONE', *, *, #2398, .T. ) ;
#522 = LINE ( 'NONE', #2542, #2455 ) ;
#523 = DIRECTION ( 'NONE',  ( -1.000000000000000000, 0.000000000000000000, 1.734723475976807094E-15 ) ) ;
#524 = ORIENTED_EDGE ( 'NONE', *, *, #1718, .T. ) ;
#525 = AXIS2_PLACEMENT_3D ( 'NONE', #354, #1158, #1129 ) ;
#526 = CARTESIAN_POINT ( 'NONE',  ( -11.49999999999999645, 0.000000000000000000, -3.700000000000001954 ) ) ;
#527 = COLOUR_RGB ( '',1.000000000000000000, 1.000000000000000000, 1.000000000000000000 ) ;
#528 = PLANE ( 'NONE',  #2540 ) ;
#529 = EDGE_LOOP ( 'NONE', ( #569, #1000, #887, #2202 ) ) ;
#530 = LINE ( 'NONE', #518, #333 ) ;
#531 = DIRECTION ( 'NONE',  ( 0.000000000000000000, 0.000000000000000000, -1.000000000000000000 ) ) ;
#532 = VERTEX_POINT ( 'NONE', #538 ) ;
#533 = EDGE_LOOP ( 'NONE', ( #2447, #1962, #914, #1027 ) ) ;
#534 = EDGE_CURVE ( 'NONE', #178, #846, #135, .T. ) ;
#535 = ORIENTED_EDGE ( 'NONE', *, *, #1284, .T. ) ;
#536 = DIRECTION ( 'NONE',  ( 0.000000000000000000, -0.000000000000000000, -1.000000000000000000 ) ) ;
#537 = ORIENTED_EDGE ( 'NONE', *, *, #1574, .F. ) ;
#538 = CARTESIAN_POINT ( 'NONE',  ( -11.49999999999999645, 0.1000000000000000056, -3.700000000000001510 ) ) ;
#539 = ADVANCED_FACE ( 'NONE', ( #952 ), #1747, .F. ) ;
#540 = ADVANCED_FACE ( 'NONE', ( #1386 ), #2161, .F. ) ;
#541 = LINE ( 'NONE', #1351, #418 ) ;
#542 = VECTOR ( 'NONE', #1071, 1000.000000000000000 ) ;
#543 = ORIENTED_EDGE ( 'NONE', *, *, #426, .F. ) ;
#544 = CARTESIAN_POINT ( 'NONE',  ( -11.49999999999999645, 1.699999999999999956, 4.000000000000000000 ) ) ;
#545 = CARTESIAN_POINT ( 'NONE',  ( -9.749999999999998224, 1.800000000000000044, 4.000000000000000000 ) ) ;
#546 = DIRECTION ( 'NONE',  ( 0.000000000000000000, 1.000000000000000000, 0.000000000000000000 ) ) ;
#547 = AXIS2_PLACEMENT_3D ( 'NONE', #1536, #2137, #360 ) ;
#548 = ORIENTED_EDGE ( 'NONE', *, *, #2575, .T. ) ;
#549 = ORIENTED_EDGE ( 'NONE', *, *, #2315, .F. ) ;
#550 = ORIENTED_EDGE ( 'NONE', *, *, #1248, .T. ) ;
#551 = DIRECTION ( 'NONE',  ( 1.000000000000000000, -0.000000000000000000, 0.000000000000000000 ) ) ;
#552 = LINE ( 'NONE', #2496, #1734 ) ;
#553 = EDGE_CURVE ( 'NONE', #818, #702, #2587, .T. ) ;
#554 = ORIENTED_EDGE ( 'NONE', *, *, #2, .F. ) ;
#555 = DIRECTION ( 'NONE',  ( -1.000000000000000000, 0.000000000000000000, -0.000000000000000000 ) ) ;
#556 = ADVANCED_FACE ( 'NONE', ( #568 ), #2172, .F. ) ;
#557 = EDGE_LOOP ( 'NONE', ( #664, #757, #1679, #1905 ) ) ;
#558 = EDGE_LOOP ( 'NONE', ( #1341, #357, #1242, #1613 ) ) ;
#559 = LINE ( 'NONE', #1786, #1904 ) ;
#560 = AXIS2_PLACEMENT_3D ( 'NONE', #615, #1238, #230 ) ;
#561 = LINE ( 'NONE', #1788, #1860 ) ;
#562 = DIRECTION ( 'NONE',  ( 0.000000000000000000, 0.000000000000000000, 1.000000000000000000 ) ) ;
#563 = ORIENTED_EDGE ( 'NONE', *, *, #2136, .F. ) ;
#564 = EDGE_LOOP ( 'NONE', ( #637, #1087, #247, #784, #2192, #874, #45, #1464 ) ) ;
#565 = VERTEX_POINT ( 'NONE', #176 ) ;
#566 =( NAMED_UNIT ( * ) SI_UNIT ( $, .STERADIAN. ) SOLID_ANGLE_UNIT ( ) );
#567 = DIRECTION ( 'NONE',  ( 0.000000000000000000, 0.000000000000000000, -1.000000000000000000 ) ) ;
#568 = FACE_OUTER_BOUND ( 'NONE', #226, .T. ) ;
#569 = ORIENTED_EDGE ( 'NONE', *, *, #856, .T. ) ;
#570 = EDGE_CURVE ( 'NONE', #2157, #2108, #2185, .T. ) ;
#571 = VECTOR ( 'NONE', #749, 1000.000000000000000 ) ;
#572 = VECTOR ( 'NONE', #257, 1000.000000000000000 ) ;
#573 = CARTESIAN_POINT ( 'NONE',  ( -7.899999999999995914, 0.000000000000000000, -0.1000000000000010464 ) ) ;
#574 = DIRECTION ( 'NONE',  ( 1.000000000000000000, -0.000000000000000000, 0.000000000000000000 ) ) ;
#575 = CARTESIAN_POINT ( 'NONE',  ( 10.75000000000000000, 1.800000000000000044, 3.294999999999999929 ) ) ;
#576 = VERTEX_POINT ( 'NONE', #1585 ) ;
#577 = PRESENTATION_LAYER_ASSIGNMENT (  '', '', ( #1589 ) ) ;
#578 = ORIENTED_EDGE ( 'NONE', *, *, #616, .T. ) ;
#579 = FACE_OUTER_BOUND ( 'NONE', #2310, .T. ) ;
#580 = DIRECTION ( 'NONE',  ( 0.000000000000000000, 0.000000000000000000, -1.000000000000000000 ) ) ;
#581 = CARTESIAN_POINT ( 'NONE',  ( 11.50000000000000533, 0.000000000000000000, 3.699999999999978861 ) ) ;
#582 = ORIENTED_EDGE ( 'NONE', *, *, #2460, .T. ) ;
#583 = ORIENTED_EDGE ( 'NONE', *, *, #167, .T. ) ;
#584 = CARTESIAN_POINT ( 'NONE',  ( -8.799999999999995381, 0.000000000000000000, -0.1000000000000008521 ) ) ;
#585 = EDGE_CURVE ( 'NONE', #58, #40, #1995, .T. ) ;
#586 = CARTESIAN_POINT ( 'NONE',  ( 8.799999999999995381, 0.1000000000000000056, -0.1000000000000008521 ) ) ;
#587 = DIRECTION ( 'NONE',  ( -0.000000000000000000, 0.000000000000000000, 1.000000000000000000 ) ) ;
#588 = DIRECTION ( 'NONE',  ( 0.000000000000000000, -1.000000000000000000, 0.000000000000000000 ) ) ;
#589 = VECTOR ( 'NONE', #1876, 1000.000000000000000 ) ;
#590 = ADVANCED_FACE ( 'NONE', ( #2198 ), #2426, .T. ) ;
#591 = ORIENTED_EDGE ( 'NONE', *, *, #328, .T. ) ;
#592 = DIRECTION ( 'NONE',  ( -1.000000000000000000, 0.000000000000000000, -0.000000000000000000 ) ) ;
#593 = CARTESIAN_POINT ( 'NONE',  ( 0.000000000000000000, 1.800000000000000044, 0.000000000000000000 ) ) ;
#594 = EDGE_CURVE ( 'NONE', #2187, #2129, #25, .T. ) ;
#595 = AXIS2_PLACEMENT_3D ( 'NONE', #833, #2052, #414 ) ;
#596 = DIRECTION ( 'NONE',  ( -1.000000000000000000, 0.000000000000000000, 0.000000000000000000 ) ) ;
#597 = ORIENTED_EDGE ( 'NONE', *, *, #2305, .F. ) ;
#598 = FILL_AREA_STYLE_COLOUR ( '', #2309 ) ;
#599 = DIRECTION ( 'NONE',  ( -1.000000000000000000, 0.000000000000000000, 0.000000000000000000 ) ) ;
#600 = DIRECTION ( 'NONE',  ( 0.000000000000000000, -1.000000000000000000, 0.000000000000000000 ) ) ;
#601 = ORIENTED_EDGE ( 'NONE', *, *, #1488, .F. ) ;
#602 = VERTEX_POINT ( 'NONE', #629 ) ;
#603 = ADVANCED_FACE ( 'NONE', ( #198 ), #405, .T. ) ;
#604 = LINE ( 'NONE', #1397, #819 ) ;
#605 = DIRECTION ( 'NONE',  ( -1.000000000000000000, -0.000000000000000000, -0.000000000000000000 ) ) ;
#606 = VECTOR ( 'NONE', #387, 1000.000000000000000 ) ;
#607 = ADVANCED_FACE ( 'NONE', ( #2039 ), #2230, .T. ) ;
#608 = CARTESIAN_POINT ( 'NONE',  ( 0.000000000000000000, 0.1000000000000000056, 0.000000000000000000 ) ) ;
#609 = ORIENTED_EDGE ( 'NONE', *, *, #984, .T. ) ;
#610 = CARTESIAN_POINT ( 'NONE',  ( 8.799999999999995381, 0.1000000000000000056, 0.09999999999999914513 ) ) ;
#611 = VECTOR ( 'NONE', #2367, 1000.000000000000000 ) ;
#612 = PLANE ( 'NONE',  #668 ) ;
#613 = AXIS2_PLACEMENT_3D ( 'NONE', #1002, #1420, #592 ) ;
#614 = VERTEX_POINT ( 'NONE', #1410 ) ;
#615 = CARTESIAN_POINT ( 'NONE',  ( -7.699999999999994849, 0.1000000000000000056, -0.1000000000000008521 ) ) ;
#616 = EDGE_CURVE ( 'NONE', #428, #389, #640, .T. ) ;
#617 = AXIS2_PLACEMENT_3D ( 'NONE', #2508, #1522, #870 ) ;
#618 = DIRECTION ( 'NONE',  ( 0.000000000000000000, 0.000000000000000000, -1.000000000000000000 ) ) ;
#619 = EDGE_CURVE ( 'NONE', #1146, #2131, #2598, .T. ) ;
#620 = ORIENTED_EDGE ( 'NONE', *, *, #1460, .T. ) ;
#621 =( NAMED_UNIT ( * ) PLANE_ANGLE_UNIT ( ) SI_UNIT ( $, .RADIAN. ) );
#622 = EDGE_CURVE ( 'NONE', #2353, #13, #219, .T. ) ;
#623 = DIRECTION ( 'NONE',  ( 1.000000000000000000, -0.000000000000000000, 0.000000000000000000 ) ) ;
#624 = ORIENTED_EDGE ( 'NONE', *, *, #691, .F. ) ;
#625 = ORIENTED_EDGE ( 'NONE', *, *, #1724, .F. ) ;
#626 = DIRECTION ( 'NONE',  ( 1.000000000000000000, 0.000000000000000000, 0.000000000000000000 ) ) ;
#627 = LINE ( 'NONE', #2219, #1322 ) ;
#628 = AXIS2_PLACEMENT_3D ( 'NONE', #2201, #2237, #1999 ) ;
#629 = CARTESIAN_POINT ( 'NONE',  ( 11.50000000000000533, 0.1000000000000000056, 3.699999999999978861 ) ) ;
#630 = EDGE_CURVE ( 'NONE', #2473, #2378, #824, .T. ) ;
#631 = VECTOR ( 'NONE', #1967, 1000.000000000000000 ) ;
#632 = LINE ( 'NONE', #1885, #860 ) ;
#633 = CARTESIAN_POINT ( 'NONE',  ( 6.799999999999995381, 0.1000000000000000056, 0.09999999999999914513 ) ) ;
#634 = PLANE ( 'NONE',  #1782 ) ;
#635 = APPLICATION_PROTOCOL_DEFINITION ( 'draft international standard', 'automotive_design', 1998, #1703 ) ;
#636 = ORIENTED_EDGE ( 'NONE', *, *, #710, .T. ) ;
#637 = ORIENTED_EDGE ( 'NONE', *, *, #2445, .F. ) ;
#638 = LINE ( 'NONE', #795, #1078 ) ;
#639 = CARTESIAN_POINT ( 'NONE',  ( -7.699999999999994849, 0.000000000000000000, 0.9999999999999991118 ) ) ;
#640 = LINE ( 'NONE', #2453, #1623 ) ;
#641 = STYLED_ITEM ( 'NONE', ( #1723 ), #1474 ) ;
#642 = DIRECTION ( 'NONE',  ( 0.000000000000000000, -1.000000000000000000, 0.000000000000000000 ) ) ;
#643 = CARTESIAN_POINT ( 'NONE',  ( 0.000000000000000000, 0.1000000000000000056, 0.000000000000000000 ) ) ;
#644 = EDGE_LOOP ( 'NONE', ( #50, #1478, #2235, #401 ) ) ;
#645 = EDGE_CURVE ( 'NONE', #1907, #1543, #448, .T. ) ;
#646 = DIRECTION ( 'NONE',  ( -0.000000000000000000, -1.000000000000000000, -0.000000000000000000 ) ) ;
#647 = ORIENTED_EDGE ( 'NONE', *, *, #2194, .T. ) ;
#648 = ORIENTED_EDGE ( 'NONE', *, *, #2416, .F. ) ;
#649 = CARTESIAN_POINT ( 'NONE',  ( 11.49999999999998934, 0.1000000000000000056, -3.700000000000021494 ) ) ;
#650 = DIRECTION ( 'NONE',  ( 1.000000000000000000, -0.000000000000000000, 0.000000000000000000 ) ) ;
#651 = PRESENTATION_LAYER_ASSIGNMENT (  '', '', ( #447 ) ) ;
#652 = ORIENTED_EDGE ( 'NONE', *, *, #2483, .T. ) ;
#653 = DIRECTION ( 'NONE',  ( -1.000000000000000000, -0.000000000000000000, -1.355252715606881036E-16 ) ) ;
#654 = ORIENTED_EDGE ( 'NONE', *, *, #1554, .T. ) ;
#655 = DIRECTION ( 'NONE',  ( 0.000000000000000000, 0.000000000000000000, -1.000000000000000000 ) ) ;
#656 = CARTESIAN_POINT ( 'NONE',  ( -9.749999999999998224, 1.699999999999999956, -3.294999999999999929 ) ) ;
#657 = CARTESIAN_POINT ( 'NONE',  ( 9.500000000000005329, 0.1000000000000000056, 3.699999999999982414 ) ) ;
#658 = EDGE_CURVE ( 'NONE', #1430, #1580, #55, .T. ) ;
#659 = ORIENTED_EDGE ( 'NONE', *, *, #2405, .T. ) ;
#660 = DIRECTION ( 'NONE',  ( 0.000000000000000000, 0.000000000000000000, -1.000000000000000000 ) ) ;
#661 = DIRECTION ( 'NONE',  ( 1.000000000000000000, 0.000000000000000000, -0.000000000000000000 ) ) ;
#662 = ADVANCED_FACE ( 'NONE', ( #1216 ), #1636, .F. ) ;
#663 = APPLICATION_CONTEXT ( 'automotive_design' ) ;
#664 = ORIENTED_EDGE ( 'NONE', *, *, #658, .F. ) ;
#665 = VERTEX_POINT ( 'NONE', #1018 ) ;
#666 = CARTESIAN_POINT ( 'NONE',  ( -6.799999999999995381, 0.000000000000000000, 0.09999999999999914513 ) ) ;
#667 = EDGE_CURVE ( 'NONE', #2035, #2285, #1004, .T. ) ;
#668 = AXIS2_PLACEMENT_3D ( 'NONE', #2579, #587, #3 ) ;
#669 = CARTESIAN_POINT ( 'NONE',  ( -9.749999999999998224, 1.699999999999999956, 3.294999999999999929 ) ) ;
#670 = CARTESIAN_POINT ( 'NONE',  ( -7.699999999999994849, 0.000000000000000000, -0.1000000000000008521 ) ) ;
#671 = VECTOR ( 'NONE', #196, 1000.000000000000000 ) ;
#672 = DIRECTION ( 'NONE',  ( 1.000000000000000000, 0.000000000000000000, 0.000000000000000000 ) ) ;
#673 = DIRECTION ( 'NONE',  ( -0.000000000000000000, -1.000000000000000000, -0.000000000000000000 ) ) ;
#674 = LINE ( 'NONE', #310, #2547 ) ;
#675 = DIRECTION ( 'NONE',  ( 0.000000000000000000, -1.000000000000000000, 0.000000000000000000 ) ) ;
#676 = ORIENTED_EDGE ( 'NONE', *, *, #1559, .F. ) ;
#677 = EDGE_CURVE ( 'NONE', #2399, #195, #431, .T. ) ;
#678 = ORIENTED_EDGE ( 'NONE', *, *, #249, .T. ) ;
#679 = PLANE ( 'NONE',  #194 ) ;
#680 = ADVANCED_FACE ( 'NONE', ( #2209 ), #2014, .T. ) ;
#681 = AXIS2_PLACEMENT_3D ( 'NONE', #1540, #960, #1552 ) ;
#682 = CARTESIAN_POINT ( 'NONE',  ( -7.699999999999994849, 0.000000000000000000, 0.09999999999999915901 ) ) ;
#683 = LINE ( 'NONE', #1261, #2430 ) ;
#684 = CARTESIAN_POINT ( 'NONE',  ( -11.49999999999999645, 1.800000000000000044, -4.000000000000000000 ) ) ;
#685 = DIRECTION ( 'NONE',  ( 0.000000000000000000, 0.000000000000000000, -1.000000000000000000 ) ) ;
#686 = CARTESIAN_POINT ( 'NONE',  ( 9.500000000000005329, 0.1000000000000000056, 3.699999999999982414 ) ) ;
#687 = DIRECTION ( 'NONE',  ( 1.000000000000000000, 0.000000000000000000, 0.000000000000000000 ) ) ;
#688 = ORIENTED_EDGE ( 'NONE', *, *, #2403, .T. ) ;
#689 = FACE_OUTER_BOUND ( 'NONE', #1094, .T. ) ;
#690 = VECTOR ( 'NONE', #1933, 1000.000000000000000 ) ;
#691 = EDGE_CURVE ( 'NONE', #122, #2044, #810, .T. ) ;
#692 = VECTOR ( 'NONE', #2450, 1000.000000000000000 ) ;
#693 = PLANE ( 'NONE',  #951 ) ;
#694 = DIRECTION ( 'NONE',  ( 2.344220913482171656E-16, 0.000000000000000000, -1.000000000000000000 ) ) ;
#695 = CLOSED_SHELL ( 'NONE', ( #2350, #1172, #121, #126, #2572, #2284 ) ) ;
#696 = EDGE_CURVE ( 'NONE', #2282, #913, #1652, .T. ) ;
#697 = FACE_OUTER_BOUND ( 'NONE', #1947, .T. ) ;
#698 = EDGE_CURVE ( 'NONE', #2320, #1309, #1254, .T. ) ;
#699 = SURFACE_STYLE_USAGE ( .BOTH. , #256 ) ;
#700 = DIRECTION ( 'NONE',  ( 0.000000000000000000, 0.000000000000000000, -1.000000000000000000 ) ) ;
#701 = DIRECTION ( 'NONE',  ( 0.000000000000000000, 0.000000000000000000, 1.000000000000000000 ) ) ;
#702 = VERTEX_POINT ( 'NONE', #798 ) ;
#703 = FACE_OUTER_BOUND ( 'NONE', #1531, .T. ) ;
#704 = VERTEX_POINT ( 'NONE', #1897 ) ;
#705 = LINE ( 'NONE', #682, #276 ) ;
#706 = VECTOR ( 'NONE', #1196, 1000.000000000000000 ) ;
#707 = COLOUR_RGB ( '',0.2509803921568627416, 0.2509803921568627416, 0.2509803921568627416 ) ;
#708 = EDGE_CURVE ( 'NONE', #934, #2399, #1475, .T. ) ;
#709 = PLANE ( 'NONE',  #172 ) ;
#710 = EDGE_CURVE ( 'NONE', #1614, #149, #909, .T. ) ;
#711 = STYLED_ITEM ( 'NONE', ( #1401 ), #1812 ) ;
#712 = CARTESIAN_POINT ( 'NONE',  ( 6.799999999999995381, 0.1000000000000000056, -0.1000000000000008521 ) ) ;
#713 = DIRECTION ( 'NONE',  ( 0.000000000000000000, 0.000000000000000000, -1.000000000000000000 ) ) ;
#714 = DIRECTION ( 'NONE',  ( 0.000000000000000000, 0.000000000000000000, -1.000000000000000000 ) ) ;
#715 = EDGE_LOOP ( 'NONE', ( #1149, #759, #1738, #208 ) ) ;
#716 = LINE ( 'NONE', #1705, #1450 ) ;
#717 = CARTESIAN_POINT ( 'NONE',  ( -6.799999999999995381, 0.1000000000000000056, -0.1000000000000008521 ) ) ;
#718 = CARTESIAN_POINT ( 'NONE',  ( 6.799999999999995381, 0.1000000000000000056, 0.09999999999999914513 ) ) ;
#719 = EDGE_CURVE ( 'NONE', #1156, #1226, #716, .T. ) ;
#720 = FACE_OUTER_BOUND ( 'NONE', #284, .T. ) ;
#721 = ORIENTED_EDGE ( 'NONE', *, *, #994, .F. ) ;
#722 = CARTESIAN_POINT ( 'NONE',  ( -7.699999999999994849, 0.1000000000000000056, 0.09999999999999915901 ) ) ;
#723 = LINE ( 'NONE', #1566, #2160 ) ;
#724 = ORIENTED_EDGE ( 'NONE', *, *, #2575, .F. ) ;
#725 = ORIENTED_EDGE ( 'NONE', *, *, #266, .F. ) ;
#726 = ORIENTED_EDGE ( 'NONE', *, *, #43, .T. ) ;
#727 = ADVANCED_FACE ( 'NONE', ( #703 ), #2482, .F. ) ;
#728 = ORIENTED_EDGE ( 'NONE', *, *, #424, .T. ) ;
#729 = CARTESIAN_POINT ( 'NONE',  ( 0.000000000000000000, 0.000000000000000000, 0.000000000000000000 ) ) ;
#730 = ADVANCED_FACE ( 'NONE', ( #65 ), #679, .T. ) ;
#731 = AXIS2_PLACEMENT_3D ( 'NONE', #1348, #555, #1954 ) ;
#732 = DIRECTION ( 'NONE',  ( 0.000000000000000000, -0.000000000000000000, 1.000000000000000000 ) ) ;
#733 = ORIENTED_EDGE ( 'NONE', *, *, #157, .F. ) ;
#734 = LINE ( 'NONE', #2338, #2556 ) ;
#735 = STYLED_ITEM ( 'NONE', ( #1249 ), #10 ) ;
#736 = AXIS2_PLACEMENT_3D ( 'NONE', #1752, #2138, #1959 ) ;
#737 = DIRECTION ( 'NONE',  ( 1.000000000000000000, 0.000000000000000000, 0.000000000000000000 ) ) ;
#738 = EDGE_CURVE ( 'NONE', #830, #298, #2082, .T. ) ;
#739 = DIRECTION ( 'NONE',  ( -2.108170890944037276E-16, 0.000000000000000000, -1.000000000000000000 ) ) ;
#740 = CARTESIAN_POINT ( 'NONE',  ( -8.799999999999995381, 0.1000000000000000056, 0.09999999999999914513 ) ) ;
#741 = ORIENTED_EDGE ( 'NONE', *, *, #458, .T. ) ;
#742 = ORIENTED_EDGE ( 'NONE', *, *, #2561, .F. ) ;
#743 = EDGE_LOOP ( 'NONE', ( #1567, #2480, #2226, #1568 ) ) ;
#744 = DIRECTION ( 'NONE',  ( 0.000000000000000000, -1.000000000000000000, 0.000000000000000000 ) ) ;
#745 = EDGE_CURVE ( 'NONE', #1746, #896, #1931, .T. ) ;
#746 = ORIENTED_EDGE ( 'NONE', *, *, #1991, .T. ) ;
#747 = EDGE_LOOP ( 'NONE', ( #1598, #1109, #1042, #620 ) ) ;
#748 = VERTEX_POINT ( 'NONE', #1270 ) ;
#749 = DIRECTION ( 'NONE',  ( 0.000000000000000000, 1.000000000000000000, 0.000000000000000000 ) ) ;
#750 = VECTOR ( 'NONE', #48, 1000.000000000000000 ) ;
#751 = CARTESIAN_POINT ( 'NONE',  ( 11.49999999999998934, 0.1000000000000000056, -3.700000000000021494 ) ) ;
#752 = VECTOR ( 'NONE', #2365, 1000.000000000000000 ) ;
#753 = LINE ( 'NONE', #2126, #1417 ) ;
#754 = LINE ( 'NONE', #1565, #1010 ) ;
#755 = CARTESIAN_POINT ( 'NONE',  ( -11.49999999999999645, 1.800000000000000044, 0.000000000000000000 ) ) ;
#756 =( GEOMETRIC_REPRESENTATION_CONTEXT ( 3 ) GLOBAL_UNCERTAINTY_ASSIGNED_CONTEXT ( ( #1032 ) ) GLOBAL_UNIT_ASSIGNED_CONTEXT ( ( #1624, #621, #452 ) ) REPRESENTATION_CONTEXT ( 'NONE', 'WORKASPACE' ) );
#757 = ORIENTED_EDGE ( 'NONE', *, *, #1809, .F. ) ;
#758 = ORIENTED_EDGE ( 'NONE', *, *, #939, .F. ) ;
#759 = ORIENTED_EDGE ( 'NONE', *, *, #1946, .F. ) ;
#760 = PRESENTATION_STYLE_ASSIGNMENT (( #2557 ) ) ;
#761 = CARTESIAN_POINT ( 'NONE',  ( -9.749999999999998224, 1.699999999999999956, 0.000000000000000000 ) ) ;
#762 = ORIENTED_EDGE ( 'NONE', *, *, #1854, .T. ) ;
#763 = DIRECTION ( 'NONE',  ( 0.000000000000000000, 0.000000000000000000, 1.000000000000000000 ) ) ;
#764 = EDGE_LOOP ( 'NONE', ( #1599, #1758, #372, #1882, #134, #1461, #2465, #2112 ) ) ;
#765 = PLANE ( 'NONE',  #415 ) ;
#766 = VECTOR ( 'NONE', #1578, 1000.000000000000000 ) ;
#767 = FACE_OUTER_BOUND ( 'NONE', #1359, .T. ) ;
#768 = FACE_OUTER_BOUND ( 'NONE', #853, .T. ) ;
#769 = DIRECTION ( 'NONE',  ( -0.000000000000000000, -0.000000000000000000, 1.000000000000000000 ) ) ;
#770 = EDGE_LOOP ( 'NONE', ( #324, #1877, #2422, #2588 ) ) ;
#771 = ORIENTED_EDGE ( 'NONE', *, *, #2366, .F. ) ;
#772 = CARTESIAN_POINT ( 'NONE',  ( -9.749999999999998224, 1.800000000000000044, -4.000000000000000000 ) ) ;
#773 = VERTEX_POINT ( 'NONE', #1298 ) ;
#774 = DIRECTION ( 'NONE',  ( -2.109798822133954638E-15, 0.000000000000000000, -1.000000000000000000 ) ) ;
#775 = ADVANCED_FACE ( 'NONE', ( #1883 ), #1067, .T. ) ;
#776 = CARTESIAN_POINT ( 'NONE',  ( -7.699999999999994849, 0.1000000000000000056, 0.09999999999999915901 ) ) ;
#777 = EDGE_CURVE ( 'NONE', #40, #511, #1491, .T. ) ;
#778 = VECTOR ( 'NONE', #2467, 1000.000000000000000 ) ;
#779 = LINE ( 'NONE', #1874, #2325 ) ;
#780 = EDGE_CURVE ( 'NONE', #412, #962, #2283, .T. ) ;
#781 = CARTESIAN_POINT ( 'NONE',  ( -9.749999999999998224, 1.699999999999999956, 3.294999999999999929 ) ) ;
#782 = CARTESIAN_POINT ( 'NONE',  ( 8.799999999999995381, 0.000000000000000000, 0.09999999999999914513 ) ) ;
#783 = CLOSED_SHELL ( 'NONE', ( #1300, #925, #510, #730, #309, #775, #1115, #419, #2197, #1201, #343, #603, #465, #1406 ) ) ;
#784 = ORIENTED_EDGE ( 'NONE', *, *, #2207, .T. ) ;
#785 = CARTESIAN_POINT ( 'NONE',  ( -7.899999999999995914, 0.1000000000000000056, 0.9999999999999991118 ) ) ;
#786 = CARTESIAN_POINT ( 'NONE',  ( -11.49999999999999822, 0.000000000000000000, 3.699999999999998845 ) ) ;
#787 = DIRECTION ( 'NONE',  ( 0.000000000000000000, 0.000000000000000000, -1.000000000000000000 ) ) ;
#788 = PLANE ( 'NONE',  #2559 ) ;
#789 = EDGE_CURVE ( 'NONE', #532, #1074, #881, .T. ) ;
#790 = EDGE_CURVE ( 'NONE', #2153, #1541, #1520, .T. ) ;
#791 = LINE ( 'NONE', #2408, #2391 ) ;
#792 = PLANE ( 'NONE',  #986 ) ;
#793 = ORIENTED_EDGE ( 'NONE', *, *, #2328, .T. ) ;
#794 = ORIENTED_EDGE ( 'NONE', *, *, #1524, .T. ) ;
#795 = CARTESIAN_POINT ( 'NONE',  ( 0.000000000000000000, 1.699999999999999956, -3.294999999999999929 ) ) ;
#796 = LINE ( 'NONE', #2066, #131 ) ;
#797 = AXIS2_PLACEMENT_3D ( 'NONE', #1039, #1853, #1265 ) ;
#798 = CARTESIAN_POINT ( 'NONE',  ( -11.49999999999999822, 0.000000000000000000, 3.699999999999998845 ) ) ;
#799 = CARTESIAN_POINT ( 'NONE',  ( -9.499999999999996447, 0.1000000000000000056, -3.700000000000001510 ) ) ;
#800 = CARTESIAN_POINT ( 'NONE',  ( -11.49999999999999645, 1.699999999999999956, 0.000000000000000000 ) ) ;
#801 = DIRECTION ( 'NONE',  ( -1.000000000000000000, 0.000000000000000000, 0.000000000000000000 ) ) ;
#802 = ADVANCED_FACE ( 'NONE', ( #689 ), #1506, .T. ) ;
#803 = ORIENTED_EDGE ( 'NONE', *, *, #2215, .T. ) ;
#804 = ORIENTED_EDGE ( 'NONE', *, *, #2184, .F. ) ;
#805 = ORIENTED_EDGE ( 'NONE', *, *, #995, .F. ) ;
#806 = SURFACE_STYLE_USAGE ( .BOTH. , #1446 ) ;
#807 = PLANE ( 'NONE',  #595 ) ;
#808 =( GEOMETRIC_REPRESENTATION_CONTEXT ( 3 ) GLOBAL_UNCERTAINTY_ASSIGNED_CONTEXT ( ( #295 ) ) GLOBAL_UNIT_ASSIGNED_CONTEXT ( ( #1912, #2060, #1072 ) ) REPRESENTATION_CONTEXT ( 'NONE', 'WORKASPACE' ) );
#809 = EDGE_CURVE ( 'NONE', #2231, #215, #499, .T. ) ;
#810 = LINE ( 'NONE', #1040, #1929 ) ;
#811 = ADVANCED_FACE ( 'NONE', ( #2111 ), #1106, .T. ) ;
#812 = EDGE_LOOP ( 'NONE', ( #990, #327, #549, #1454 ) ) ;
#813 = ORIENTED_EDGE ( 'NONE', *, *, #224, .F. ) ;
#814 = LINE ( 'NONE', #385, #1016 ) ;
#815 = VECTOR ( 'NONE', #451, 1000.000000000000000 ) ;
#816 = LINE ( 'NONE', #2591, #1472 ) ;
#817 = DIRECTION ( 'NONE',  ( 0.000000000000000000, 0.000000000000000000, -1.000000000000000000 ) ) ;
#818 = VERTEX_POINT ( 'NONE', #512 ) ;
#819 = VECTOR ( 'NONE', #402, 1000.000000000000000 ) ;
#820 = EDGE_CURVE ( 'NONE', #1442, #1281, #2507, .T. ) ;
#821 = EDGE_LOOP ( 'NONE', ( #2181, #1821, #379, #1019 ) ) ;
#822 = PLANE ( 'NONE',  #613 ) ;
#823 = CARTESIAN_POINT ( 'NONE',  ( -11.49999999999999645, 0.1000000000000000056, -3.700000000000001510 ) ) ;
#824 = LINE ( 'NONE', #2243, #1887 ) ;
#825 = CARTESIAN_POINT ( 'NONE',  ( -10.74999999999999822, 1.800000000000000044, -0.000000000000000000 ) ) ;
#826 = FILL_AREA_STYLE_COLOUR ( '', #707 ) ;
#827 = VERTEX_POINT ( 'NONE', #2121 ) ;
#828 = DIRECTION ( 'NONE',  ( 0.000000000000000000, 0.000000000000000000, 1.000000000000000000 ) ) ;
#829 = DIRECTION ( 'NONE',  ( 0.000000000000000000, 0.000000000000000000, -1.000000000000000000 ) ) ;
#830 = VERTEX_POINT ( 'NONE', #1117 ) ;
#831 = ORIENTED_EDGE ( 'NONE', *, *, #2019, .T. ) ;
#832 = ORIENTED_EDGE ( 'NONE', *, *, #859, .F. ) ;
#833 = CARTESIAN_POINT ( 'NONE',  ( 0.000000000000000000, 1.699999999999999956, -3.294999999999999929 ) ) ;
#834 = VECTOR ( 'NONE', #672, 1000.000000000000000 ) ;
#835 = VECTOR ( 'NONE', #373, 1000.000000000000000 ) ;
#836 = DIRECTION ( 'NONE',  ( -1.000000000000000000, 0.000000000000000000, -0.000000000000000000 ) ) ;
#837 = EDGE_CURVE ( 'NONE', #1629, #2442, #522, .T. ) ;
#838 = DIRECTION ( 'NONE',  ( -0.000000000000000000, 0.000000000000000000, 1.000000000000000000 ) ) ;
#839 = CARTESIAN_POINT ( 'NONE',  ( 9.499999999999989342, 0.1000000000000000056, -3.700000000000017941 ) ) ;
#840 = ORIENTED_EDGE ( 'NONE', *, *, #837, .F. ) ;
#841 = CARTESIAN_POINT ( 'NONE',  ( 0.000000000000000000, 1.800000000000000044, -4.000000000000000000 ) ) ;
#842 = CARTESIAN_POINT ( 'NONE',  ( 11.50000000000000355, 0.000000000000000000, 4.000000000000000000 ) ) ;
#843 = ORIENTED_EDGE ( 'NONE', *, *, #458, .F. ) ;
#844 =( NAMED_UNIT ( * ) PLANE_ANGLE_UNIT ( ) SI_UNIT ( $, .RADIAN. ) );
#845 = CARTESIAN_POINT ( 'NONE',  ( 9.500000000000005329, 0.000000000000000000, 3.699999999999982414 ) ) ;
#846 = VERTEX_POINT ( 'NONE', #2158 ) ;
#847 = CARTESIAN_POINT ( 'NONE',  ( -7.899999999999995914, 0.1000000000000000056, 0.09999999999999927003 ) ) ;
#848 = VECTOR ( 'NONE', #1502, 1000.000000000000000 ) ;
#849 = EDGE_CURVE ( 'NONE', #1356, #565, #1966, .T. ) ;
#850 = FACE_OUTER_BOUND ( 'NONE', #2578, .T. ) ;
#851 = CARTESIAN_POINT ( 'NONE',  ( -7.899999999999995914, 0.1000000000000000056, 0.9999999999999991118 ) ) ;
#852 = ORIENTED_EDGE ( 'NONE', *, *, #1621, .F. ) ;
#853 = EDGE_LOOP ( 'NONE', ( #1941, #1977, #1930, #1659 ) ) ;
#854 = DIRECTION ( 'NONE',  ( -2.344220913482171656E-16, -0.000000000000000000, 1.000000000000000000 ) ) ;
#855 = VERTEX_POINT ( 'NONE', #1544 ) ;
#856 = EDGE_CURVE ( 'NONE', #1203, #1817, #2375, .T. ) ;
#857 = ORIENTED_EDGE ( 'NONE', *, *, #1685, .T. ) ;
#858 = ORIENTED_EDGE ( 'NONE', *, *, #1890, .F. ) ;
#859 = EDGE_CURVE ( 'NONE', #614, #818, #966, .T. ) ;
#860 = VECTOR ( 'NONE', #1182, 1000.000000000000000 ) ;
#861 = LINE ( 'NONE', #271, #2501 ) ;
#862 = CARTESIAN_POINT ( 'NONE',  ( -7.899999999999995914, 0.1000000000000000056, -1.000000000000000888 ) ) ;
#863 = CARTESIAN_POINT ( 'NONE',  ( 11.49999999999998934, 0.000000000000000000, -3.700000000000021494 ) ) ;
#864 = VECTOR ( 'NONE', #1310, 1000.000000000000000 ) ;
#865 = ORIENTED_EDGE ( 'NONE', *, *, #1757, .T. ) ;
#866 = ORIENTED_EDGE ( 'NONE', *, *, #1493, .T. ) ;
#867 = ORIENTED_EDGE ( 'NONE', *, *, #2405, .F. ) ;
#868 = CARTESIAN_POINT ( 'NONE',  ( 0.000000000000000000, 1.699999999999999956, 4.000000000000000000 ) ) ;
#869 = MECHANICAL_DESIGN_GEOMETRIC_PRESENTATION_REPRESENTATION (  '', ( #1717 ), #114 ) ;
#870 = DIRECTION ( 'NONE',  ( 0.000000000000000000, 0.000000000000000000, 1.000000000000000000 ) ) ;
#871 = CARTESIAN_POINT ( 'NONE',  ( 9.500000000000005329, 0.000000000000000000, 3.699999999999982414 ) ) ;
#872 = DIRECTION ( 'NONE',  ( 0.000000000000000000, -0.000000000000000000, 1.000000000000000000 ) ) ;
#873 = ADVANCED_FACE ( 'NONE', ( #2583 ), #991, .F. ) ;
#874 = ORIENTED_EDGE ( 'NONE', *, *, #2146, .T. ) ;
#875 = ADVANCED_FACE ( 'NONE', ( #979 ), #1357, .T. ) ;
#876 = CARTESIAN_POINT ( 'NONE',  ( -6.799999999999995381, 0.1000000000000000056, -0.1000000000000008521 ) ) ;
#877 = CARTESIAN_POINT ( 'NONE',  ( 8.799999999999995381, 0.1000000000000000056, 0.09999999999999914513 ) ) ;
#878 = CARTESIAN_POINT ( 'NONE',  ( 8.799999999999995381, 0.1000000000000000056, -0.1000000000000008521 ) ) ;
#879 = VERTEX_POINT ( 'NONE', #785 ) ;
#880 = ORIENTED_EDGE ( 'NONE', *, *, #708, .F. ) ;
#881 = LINE ( 'NONE', #303, #997 ) ;
#882 = MANIFOLD_SOLID_BREP ( 'Cut-Extrude3', #1165 ) ;
#883 = VECTOR ( 'NONE', #574, 1000.000000000000000 ) ;
#884 = CARTESIAN_POINT ( 'NONE',  ( -9.499999999999996447, 0.1000000000000000056, -3.700000000000001510 ) ) ;
#885 = DIRECTION ( 'NONE',  ( 1.000000000000000000, 0.000000000000000000, 0.000000000000000000 ) ) ;
#886 = DIRECTION ( 'NONE',  ( -1.000000000000000000, -0.000000000000000000, 1.505836350674312296E-17 ) ) ;
#887 = ORIENTED_EDGE ( 'NONE', *, *, #1854, .F. ) ;
#888 = ADVANCED_FACE ( 'NONE', ( #1174, #144, #2168 ), #369, .T. ) ;
#889 = DIRECTION ( 'NONE',  ( 0.000000000000000000, -1.000000000000000000, 0.000000000000000000 ) ) ;
#890 = LINE ( 'NONE', #273, #2319 ) ;
#891 = ORIENTED_EDGE ( 'NONE', *, *, #594, .F. ) ;
#892 = ORIENTED_EDGE ( 'NONE', *, *, #553, .T. ) ;
#893 = DIRECTION ( 'NONE',  ( 1.000000000000000000, -0.000000000000000000, 0.000000000000000000 ) ) ;
#894 = ADVANCED_FACE ( 'NONE', ( #2346 ), #381, .F. ) ;
#895 = VECTOR ( 'NONE', #1689, 1000.000000000000000 ) ;
#896 = VERTEX_POINT ( 'NONE', #1346 ) ;
#897 = ADVANCED_FACE ( 'NONE', ( #579 ), #1384, .T. ) ;
#898 = ORIENTED_EDGE ( 'NONE', *, *, #2119, .T. ) ;
#899 = DIRECTION ( 'NONE',  ( -1.000000000000000000, 0.000000000000000000, -0.000000000000000000 ) ) ;
#900 = CARTESIAN_POINT ( 'NONE',  ( 10.75000000000000000, 1.699999999999999956, 3.294999999999999929 ) ) ;
#901 = DIRECTION ( 'NONE',  ( -1.734723475976807094E-15, 0.000000000000000000, -1.000000000000000000 ) ) ;
#902 = EDGE_LOOP ( 'NONE', ( #1320, #1607, #334, #461 ) ) ;
#903 = MANIFOLD_SOLID_BREP ( 'Boss-Extrude3[2]', #2089 ) ;
#904 = LINE ( 'NONE', #103, #197 ) ;
#905 = LINE ( 'NONE', #1712, #2421 ) ;
#906 = PLANE ( 'NONE',  #346 ) ;
#907 = EDGE_CURVE ( 'NONE', #2272, #1851, #638, .T. ) ;
#908 = VERTEX_POINT ( 'NONE', #1190 ) ;
#909 = LINE ( 'NONE', #2273, #112 ) ;
#910 = AXIS2_PLACEMENT_3D ( 'NONE', #1360, #596, #2363 ) ;
#911 = VECTOR ( 'NONE', #286, 1000.000000000000000 ) ;
#912 = EDGE_CURVE ( 'NONE', #298, #1907, #2389, .T. ) ;
#913 = VERTEX_POINT ( 'NONE', #1251 ) ;
#914 = ORIENTED_EDGE ( 'NONE', *, *, #1316, .T. ) ;
#915 = FACE_OUTER_BOUND ( 'NONE', #1749, .T. ) ;
#916 = AXIS2_PLACEMENT_3D ( 'NONE', #1902, #94, #473 ) ;
#917 = CARTESIAN_POINT ( 'NONE',  ( 11.50000000000000533, 0.000000000000000000, 3.699999999999978861 ) ) ;
#918 = DIRECTION ( 'NONE',  ( 1.000000000000000000, -0.000000000000000000, 0.000000000000000000 ) ) ;
#919 = PLANE ( 'NONE',  #2058 ) ;
#920 = LINE ( 'NONE', #2308, #1832 ) ;
#921 = ORIENTED_EDGE ( 'NONE', *, *, #2410, .F. ) ;
#922 = VERTEX_POINT ( 'NONE', #2401 ) ;
#923 = DIRECTION ( 'NONE',  ( 0.000000000000000000, 1.000000000000000000, 0.000000000000000000 ) ) ;
#924 = CARTESIAN_POINT ( 'NONE',  ( -7.899999999999995914, 0.000000000000000000, 0.9999999999999991118 ) ) ;
#925 = ADVANCED_FACE ( 'NONE', ( #21 ), #822, .T. ) ;
#926 = VECTOR ( 'NONE', #646, 1000.000000000000000 ) ;
#927 = UNCERTAINTY_MEASURE_WITH_UNIT (LENGTH_MEASURE( 1.000000000000000082E-05 ), #2332, 'distance_accuracy_value', 'NONE');
#928 = LINE ( 'NONE', #751, #1865 ) ;
#929 = VECTOR ( 'NONE', #1683, 1000.000000000000000 ) ;
#930 = DIRECTION ( 'NONE',  ( 0.000000000000000000, -1.000000000000000000, 0.000000000000000000 ) ) ;
#931 = ADVANCED_FACE ( 'NONE', ( #1818 ), #2241, .F. ) ;
#932 = LINE ( 'NONE', #1328, #42 ) ;
#933 = LINE ( 'NONE', #1741, #2488 ) ;
#934 = VERTEX_POINT ( 'NONE', #1649 ) ;
#935 = ORIENTED_EDGE ( 'NONE', *, *, #1493, .F. ) ;
#936 = ORIENTED_EDGE ( 'NONE', *, *, #2146, .F. ) ;
#937 = ORIENTED_EDGE ( 'NONE', *, *, #2022, .F. ) ;
#938 = LINE ( 'NONE', #1597, #1371 ) ;
#939 = EDGE_CURVE ( 'NONE', #1643, #1260, #2218, .T. ) ;
#940 = ORIENTED_EDGE ( 'NONE', *, *, #1884, .T. ) ;
#941 = PLANE ( 'NONE',  #1181 ) ;
#942 = CARTESIAN_POINT ( 'NONE',  ( 11.50000000000000355, 1.800000000000000044, 4.000000000000000000 ) ) ;
#943 = EDGE_CURVE ( 'NONE', #2568, #748, #604, .T. ) ;
#944 = PLANE ( 'NONE',  #1519 ) ;
#945 = LINE ( 'NONE', #755, #220 ) ;
#946 = ORIENTED_EDGE ( 'NONE', *, *, #1012, .F. ) ;
#947 = ORIENTED_EDGE ( 'NONE', *, *, #1361, .T. ) ;
#948 = CARTESIAN_POINT ( 'NONE',  ( 0.000000000000000000, 1.699999999999999956, 0.000000000000000000 ) ) ;
#949 = CARTESIAN_POINT ( 'NONE',  ( 0.000000000000000000, 1.699999999999999956, 0.000000000000000000 ) ) ;
#950 = ORIENTED_EDGE ( 'NONE', *, *, #388, .T. ) ;
#951 = AXIS2_PLACEMENT_3D ( 'NONE', #2113, #1480, #1694 ) ;
#952 = FACE_OUTER_BOUND ( 'NONE', #1188, .T. ) ;
#953 = VECTOR ( 'NONE', #1569, 1000.000000000000000 ) ;
#954 = UNCERTAINTY_MEASURE_WITH_UNIT (LENGTH_MEASURE( 1.000000000000000082E-05 ), #2050, 'distance_accuracy_value', 'NONE');
#955 = CARTESIAN_POINT ( 'NONE',  ( -9.749999999999998224, 1.699999999999999956, -4.000000000000000000 ) ) ;
#956 = CLOSED_SHELL ( 'NONE', ( #802, #152, #348, #2067, #590, #20, #1640, #680, #1948, #811 ) ) ;
#957 = AXIS2_PLACEMENT_3D ( 'NONE', #56, #2247, #420 ) ;
#958 = DIRECTION ( 'NONE',  ( 1.000000000000000000, 0.000000000000000000, 2.344220913482171656E-16 ) ) ;
#959 = DIRECTION ( 'NONE',  ( -1.000000000000000000, 0.000000000000000000, 2.108170890944037276E-16 ) ) ;
#960 = DIRECTION ( 'NONE',  ( 1.000000000000000000, 0.000000000000000000, 0.000000000000000000 ) ) ;
#961 = EDGE_CURVE ( 'NONE', #934, #1776, #1028, .T. ) ;
#962 = VERTEX_POINT ( 'NONE', #1408 ) ;
#963 = ORIENTED_EDGE ( 'NONE', *, *, #1135, .T. ) ;
#964 = ORIENTED_EDGE ( 'NONE', *, *, #1327, .F. ) ;
#965 = ORIENTED_EDGE ( 'NONE', *, *, #2184, .T. ) ;
#966 = LINE ( 'NONE', #2569, #1545 ) ;
#967 = FACE_OUTER_BOUND ( 'NONE', #821, .T. ) ;
#968 = VECTOR ( 'NONE', #1103, 1000.000000000000000 ) ;
#969 = CARTESIAN_POINT ( 'NONE',  ( -11.49999999999999645, 1.699999999999999956, 0.000000000000000000 ) ) ;
#970 = ORIENTED_EDGE ( 'NONE', *, *, #2085, .T. ) ;
#971 = VECTOR ( 'NONE', #1418, 1000.000000000000000 ) ;
#972 = FACE_OUTER_BOUND ( 'NONE', #1940, .T. ) ;
#973 = CARTESIAN_POINT ( 'NONE',  ( -8.799999999999995381, 0.1000000000000000056, -0.1000000000000008521 ) ) ;
#974 = CARTESIAN_POINT ( 'NONE',  ( 8.799999999999995381, 0.1000000000000000056, 0.09999999999999914513 ) ) ;
#975 = VECTOR ( 'NONE', #382, 1000.000000000000000 ) ;
#976 = VERTEX_POINT ( 'NONE', #1214 ) ;
#977 = EDGE_CURVE ( 'NONE', #2129, #934, #2024, .T. ) ;
#978 = ORIENTED_EDGE ( 'NONE', *, *, #856, .F. ) ;
#979 = FACE_OUTER_BOUND ( 'NONE', #557, .T. ) ;
#980 = CARTESIAN_POINT ( 'NONE',  ( -11.49999999999999822, 0.000000000000000000, 3.699999999999998845 ) ) ;
#981 = CARTESIAN_POINT ( 'NONE',  ( 0.000000000000000000, 0.1000000000000000056, 0.000000000000000000 ) ) ;
#982 = EDGE_CURVE ( 'NONE', #149, #576, #245, .T. ) ;
#983 = ORIENTED_EDGE ( 'NONE', *, *, #124, .F. ) ;
#984 = EDGE_CURVE ( 'NONE', #2108, #1037, #206, .T. ) ;
#985 = VERTEX_POINT ( 'NONE', #2424 ) ;
#986 = AXIS2_PLACEMENT_3D ( 'NONE', #2409, #4, #2048 ) ;
#987 = CARTESIAN_POINT ( 'NONE',  ( -7.699999999999994849, 0.1000000000000000056, 0.9999999999999991118 ) ) ;
#988 = FACE_OUTER_BOUND ( 'NONE', #558, .T. ) ;
#989 = DIRECTION ( 'NONE',  ( -1.000000000000000000, -0.000000000000000000, -0.000000000000000000 ) ) ;
#990 = ORIENTED_EDGE ( 'NONE', *, *, #2445, .T. ) ;
#991 = PLANE ( 'NONE',  #525 ) ;
#992 = FACE_OUTER_BOUND ( 'NONE', #270, .T. ) ;
#993 = DIRECTION ( 'NONE',  ( -0.000000000000000000, -1.000000000000000000, -0.000000000000000000 ) ) ;
#994 = EDGE_CURVE ( 'NONE', #1356, #1001, #390, .T. ) ;
#995 = EDGE_CURVE ( 'NONE', #1732, #289, #229, .T. ) ;
#996 = ORIENTED_EDGE ( 'NONE', *, *, #2509, .T. ) ;
#997 = VECTOR ( 'NONE', #1693, 1000.000000000000000 ) ;
#998 = DIRECTION ( 'NONE',  ( -1.000000000000000000, -0.000000000000000000, -0.000000000000000000 ) ) ;
#999 = LINE ( 'NONE', #2446, #1702 ) ;
#1000 = ORIENTED_EDGE ( 'NONE', *, *, #1336, .F. ) ;
#1001 = VERTEX_POINT ( 'NONE', #2435 ) ;
#1002 = CARTESIAN_POINT ( 'NONE',  ( -7.899999999999995914, 0.1000000000000000056, -1.000000000000000888 ) ) ;
#1003 = FACE_OUTER_BOUND ( 'NONE', #715, .T. ) ;
#1004 = LINE ( 'NONE', #847, #2289 ) ;
#1005 = EDGE_CURVE ( 'NONE', #2011, #1873, #1051, .T. ) ;
#1006 = CARTESIAN_POINT ( 'NONE',  ( -11.49999999999999645, 0.1000000000000000056, -3.700000000000001510 ) ) ;
#1007 = CARTESIAN_POINT ( 'NONE',  ( -7.699999999999994849, 0.1000000000000000056, 0.09999999999999915901 ) ) ;
#1008 = EDGE_CURVE ( 'NONE', #2203, #412, #2280, .T. ) ;
#1009 = DIRECTION ( 'NONE',  ( 1.000000000000000000, -0.000000000000000000, 0.000000000000000000 ) ) ;
#1010 = VECTOR ( 'NONE', #2356, 1000.000000000000000 ) ;
#1011 = ORIENTED_EDGE ( 'NONE', *, *, #710, .F. ) ;
#1012 = EDGE_CURVE ( 'NONE', #2231, #2372, #2503, .T. ) ;
#1013 = CARTESIAN_POINT ( 'NONE',  ( -7.899999999999995914, 0.1000000000000000056, 0.9999999999999991118 ) ) ;
#1014 =( LENGTH_UNIT ( ) NAMED_UNIT ( * ) SI_UNIT ( .MILLI., .METRE. ) );
#1015 = FACE_OUTER_BOUND ( 'NONE', #51, .T. ) ;
#1016 = VECTOR ( 'NONE', #190, 1000.000000000000000 ) ;
#1017 = VERTEX_POINT ( 'NONE', #1662 ) ;
#1018 = CARTESIAN_POINT ( 'NONE',  ( 8.799999999999995381, 0.1000000000000000056, 0.09999999999999914513 ) ) ;
#1019 = ORIENTED_EDGE ( 'NONE', *, *, #645, .T. ) ;
#1020 = ORIENTED_EDGE ( 'NONE', *, *, #2438, .F. ) ;
#1021 = CARTESIAN_POINT ( 'NONE',  ( 0.000000000000000000, 1.699999999999999956, 3.294999999999999929 ) ) ;
#1022 = EDGE_CURVE ( 'NONE', #1984, #830, #1113, .T. ) ;
#1023 = LINE ( 'NONE', #1833, #88 ) ;
#1024 = CARTESIAN_POINT ( 'NONE',  ( 0.000000000000000000, 0.1000000000000000056, 0.000000000000000000 ) ) ;
#1025 = VECTOR ( 'NONE', #1974, 1000.000000000000000 ) ;
#1026 = DIRECTION ( 'NONE',  ( 0.000000000000000000, 0.000000000000000000, -1.000000000000000000 ) ) ;
#1027 = ORIENTED_EDGE ( 'NONE', *, *, #790, .T. ) ;
#1028 = LINE ( 'NONE', #429, #2291 ) ;
#1029 = CARTESIAN_POINT ( 'NONE',  ( -11.49999999999999645, 1.699999999999999956, -4.000000000000000000 ) ) ;
#1030 = DIRECTION ( 'NONE',  ( 0.000000000000000000, 0.000000000000000000, -1.000000000000000000 ) ) ;
#1031 = DIRECTION ( 'NONE',  ( -0.000000000000000000, -0.000000000000000000, 1.000000000000000000 ) ) ;
#1032 = UNCERTAINTY_MEASURE_WITH_UNIT (LENGTH_MEASURE( 1.000000000000000082E-05 ), #1624, 'distance_accuracy_value', 'NONE');
#1033 = AXIS2_PLACEMENT_3D ( 'NONE', #981, #1969, #165 ) ;
#1034 = PLANE ( 'NONE',  #628 ) ;
#1035 = SURFACE_SIDE_STYLE ('',( #243 ) ) ;
#1036 = VECTOR ( 'NONE', #2104, 1000.000000000000000 ) ;
#1037 = VERTEX_POINT ( 'NONE', #649 ) ;
#1038 = CARTESIAN_POINT ( 'NONE',  ( -7.899999999999995914, 0.000000000000000000, 0.9999999999999991118 ) ) ;
#1039 = CARTESIAN_POINT ( 'NONE',  ( -9.499999999999998224, 0.1000000000000000056, 3.699999999999998845 ) ) ;
#1040 = CARTESIAN_POINT ( 'NONE',  ( -11.49999999999999645, 1.800000000000000044, 4.000000000000000000 ) ) ;
#1041 = ORIENTED_EDGE ( 'NONE', *, *, #1152, .T. ) ;
#1042 = ORIENTED_EDGE ( 'NONE', *, *, #1005, .T. ) ;
#1043 = CARTESIAN_POINT ( 'NONE',  ( -11.49999999999999822, 0.1000000000000000056, 3.699999999999998845 ) ) ;
#1044 = DIRECTION ( 'NONE',  ( -0.000000000000000000, -1.000000000000000000, -0.000000000000000000 ) ) ;
#1045 = ORIENTED_EDGE ( 'NONE', *, *, #1835, .T. ) ;
#1046 = LINE ( 'NONE', #2047, #589 ) ;
#1047 = CARTESIAN_POINT ( 'NONE',  ( 8.799999999999995381, 0.000000000000000000, 0.09999999999999914513 ) ) ;
#1048 = VERTEX_POINT ( 'NONE', #1927 ) ;
#1049 = SURFACE_STYLE_USAGE ( .BOTH. , #472 ) ;
#1050 = ORIENTED_EDGE ( 'NONE', *, *, #2223, .T. ) ;
#1051 = LINE ( 'NONE', #1264, #692 ) ;
#1052 = LINE ( 'NONE', #2255, #1271 ) ;
#1053 = ADVANCED_FACE ( 'NONE', ( #485 ), #1485, .F. ) ;
#1054 = PRESENTATION_LAYER_ASSIGNMENT (  '', '', ( #2186 ) ) ;
#1055 = CARTESIAN_POINT ( 'NONE',  ( 9.500000000000005329, 0.1000000000000000056, 3.699999999999982414 ) ) ;
#1056 = VECTOR ( 'NONE', #1670, 1000.000000000000000 ) ;
#1057 = EDGE_CURVE ( 'NONE', #2131, #1058, #2296, .T. ) ;
#1058 = VERTEX_POINT ( 'NONE', #272 ) ;
#1059 = FACE_OUTER_BOUND ( 'NONE', #337, .T. ) ;
#1060 = PLANE ( 'NONE',  #2109 ) ;
#1061 = EDGE_CURVE ( 'NONE', #1250, #170, #1457, .T. ) ;
#1062 = DIRECTION ( 'NONE',  ( -1.000000000000000000, 0.000000000000000000, 2.109798822133954638E-15 ) ) ;
#1063 = CARTESIAN_POINT ( 'NONE',  ( -9.749999999999998224, 1.800000000000000044, -0.000000000000000000 ) ) ;
#1064 = DIRECTION ( 'NONE',  ( -0.000000000000000000, -1.000000000000000000, -0.000000000000000000 ) ) ;
#1065 = ORIENTED_EDGE ( 'NONE', *, *, #2528, .F. ) ;
#1066 = EDGE_LOOP ( 'NONE', ( #119, #2054, #27, #1407 ) ) ;
#1067 = PLANE ( 'NONE',  #1295 ) ;
#1068 = VECTOR ( 'NONE', #376, 1000.000000000000000 ) ;
#1069 = CARTESIAN_POINT ( 'NONE',  ( -10.74999999999999822, 1.699999999999999956, -0.000000000000000000 ) ) ;
#1070 = FACE_OUTER_BOUND ( 'NONE', #136, .T. ) ;
#1071 = DIRECTION ( 'NONE',  ( 0.000000000000000000, 1.000000000000000000, 0.000000000000000000 ) ) ;
#1072 =( NAMED_UNIT ( * ) SI_UNIT ( $, .STERADIAN. ) SOLID_ANGLE_UNIT ( ) );
#1073 = ORIENTED_EDGE ( 'NONE', *, *, #1601, .T. ) ;
#1074 = VERTEX_POINT ( 'NONE', #2254 ) ;
#1075 = AXIS2_PLACEMENT_3D ( 'NONE', #356, #1572, #732 ) ;
#1076 = DIRECTION ( 'NONE',  ( 0.000000000000000000, 0.000000000000000000, -1.000000000000000000 ) ) ;
#1077 = CARTESIAN_POINT ( 'NONE',  ( 10.75000000000000000, 1.699999999999999956, 0.000000000000000000 ) ) ;
#1078 = VECTOR ( 'NONE', #1869, 1000.000000000000000 ) ;
#1079 = ORIENTED_EDGE ( 'NONE', *, *, #232, .F. ) ;
#1080 = DIRECTION ( 'NONE',  ( -0.000000000000000000, -0.000000000000000000, 1.000000000000000000 ) ) ;
#1081 = VECTOR ( 'NONE', #2326, 1000.000000000000000 ) ;
#1082 = AXIS2_PLACEMENT_3D ( 'NONE', #1942, #514, #1323 ) ;
#1083 = CARTESIAN_POINT ( 'NONE',  ( -7.899999999999995914, 0.000000000000000000, 0.9999999999999991118 ) ) ;
#1084 = CARTESIAN_POINT ( 'NONE',  ( -9.749999999999998224, 1.699999999999999956, -4.000000000000000000 ) ) ;
#1085 = EDGE_CURVE ( 'NONE', #702, #2044, #2091, .T. ) ;
#1086 = LINE ( 'NONE', #1900, #1824 ) ;
#1087 = ORIENTED_EDGE ( 'NONE', *, *, #2274, .F. ) ;
#1088 = EDGE_CURVE ( 'NONE', #908, #1442, #2065, .T. ) ;
#1089 = LINE ( 'NONE', #1063, #1297 ) ;
#1090 = LINE ( 'NONE', #1104, #1492 ) ;
#1091 = EDGE_CURVE ( 'NONE', #1226, #1204, #1089, .T. ) ;
#1092 = EDGE_LOOP ( 'NONE', ( #1955, #260, #537, #1073, #2381, #1236, #1065, #2374 ) ) ;
#1093 = CARTESIAN_POINT ( 'NONE',  ( -11.49999999999999645, 1.699999999999999956, -4.000000000000000000 ) ) ;
#1094 = EDGE_LOOP ( 'NONE', ( #1547, #1132, #591, #794 ) ) ;
#1095 = DIRECTION ( 'NONE',  ( 0.000000000000000000, 0.000000000000000000, -1.000000000000000000 ) ) ;
#1096 = VECTOR ( 'NONE', #100, 1000.000000000000000 ) ;
#1097 = DIRECTION ( 'NONE',  ( -0.000000000000000000, 0.000000000000000000, 1.000000000000000000 ) ) ;
#1098 = PLANE ( 'NONE',  #1388 ) ;
#1099 = CARTESIAN_POINT ( 'NONE',  ( 0.000000000000000000, 0.000000000000000000, 0.000000000000000000 ) ) ;
#1100 = EDGE_CURVE ( 'NONE', #976, #288, #1879, .T. ) ;
#1101 = VERTEX_POINT ( 'NONE', #1676 ) ;
#1102 = SURFACE_STYLE_USAGE ( .BOTH. , #1306 ) ;
#1103 = DIRECTION ( 'NONE',  ( -1.000000000000000000, 0.000000000000000000, 0.000000000000000000 ) ) ;
#1104 = CARTESIAN_POINT ( 'NONE',  ( 9.500000000000005329, 0.1000000000000000056, 3.699999999999982414 ) ) ;
#1105 = ORIENTED_EDGE ( 'NONE', *, *, #1137, .T. ) ;
#1106 = PLANE ( 'NONE',  #234 ) ;
#1107 =( GEOMETRIC_REPRESENTATION_CONTEXT ( 3 ) GLOBAL_UNCERTAINTY_ASSIGNED_CONTEXT ( ( #241 ) ) GLOBAL_UNIT_ASSIGNED_CONTEXT ( ( #1404, #1834, #2238 ) ) REPRESENTATION_CONTEXT ( 'NONE', 'WORKASPACE' ) );
#1108 = PLANE ( 'NONE',  #2498 ) ;
#1109 = ORIENTED_EDGE ( 'NONE', *, *, #2520, .F. ) ;
#1110 = CARTESIAN_POINT ( 'NONE',  ( -7.899999999999995914, 0.1000000000000000056, -1.000000000000000888 ) ) ;
#1111 = SHAPE_DEFINITION_REPRESENTATION ( #2516, #1474 ) ;
#1112 = CARTESIAN_POINT ( 'NONE',  ( -11.49999999999999645, 1.699999999999999956, 0.000000000000000000 ) ) ;
#1113 = LINE ( 'NONE', #116, #2499 ) ;
#1114 = LINE ( 'NONE', #1077, #307 ) ;
#1115 = ADVANCED_FACE ( 'NONE', ( #2463 ), #1515, .T. ) ;
#1116 = ORIENTED_EDGE ( 'NONE', *, *, #790, .F. ) ;
#1117 = CARTESIAN_POINT ( 'NONE',  ( -10.74999999999999822, 1.699999999999999956, -3.294999999999999929 ) ) ;
#1118 = VECTOR ( 'NONE', #1682, 1000.000000000000000 ) ;
#1119 = PRESENTATION_LAYER_ASSIGNMENT (  '', '', ( #2005 ) ) ;
#1120 = ORIENTED_EDGE ( 'NONE', *, *, #977, .T. ) ;
#1121 = CARTESIAN_POINT ( 'NONE',  ( 0.000000000000000000, 1.699999999999999956, -4.000000000000000000 ) ) ;
#1122 = ORIENTED_EDGE ( 'NONE', *, *, #1757, .F. ) ;
#1123 = LINE ( 'NONE', #113, #92 ) ;
#1124 = CARTESIAN_POINT ( 'NONE',  ( 11.50000000000000533, 0.000000000000000000, 3.699999999999978861 ) ) ;
#1125 = DIRECTION ( 'NONE',  ( 0.000000000000000000, 0.000000000000000000, 1.000000000000000000 ) ) ;
#1126 = LINE ( 'NONE', #2165, #2443 ) ;
#1127 = ORIENTED_EDGE ( 'NONE', *, *, #1005, .F. ) ;
#1128 = ORIENTED_EDGE ( 'NONE', *, *, #1248, .F. ) ;
#1129 = DIRECTION ( 'NONE',  ( 0.000000000000000000, 0.000000000000000000, -1.000000000000000000 ) ) ;
#1130 = EDGE_CURVE ( 'NONE', #389, #1867, #2307, .T. ) ;
#1131 = ORIENTED_EDGE ( 'NONE', *, *, #820, .F. ) ;
#1132 = ORIENTED_EDGE ( 'NONE', *, *, #318, .F. ) ;
#1133 = LINE ( 'NONE', #884, #1499 ) ;
#1134 = VECTOR ( 'NONE', #483, 1000.000000000000000 ) ;
#1135 = EDGE_CURVE ( 'NONE', #1355, #908, #1893, .T. ) ;
#1136 = CARTESIAN_POINT ( 'NONE',  ( -9.749999999999998224, 1.699999999999999956, 0.000000000000000000 ) ) ;
#1137 = EDGE_CURVE ( 'NONE', #2378, #215, #674, .T. ) ;
#1138 = AXIS2_PLACEMENT_3D ( 'NONE', #593, #1620, #1870 ) ;
#1139 = CARTESIAN_POINT ( 'NONE',  ( -7.699999999999994849, 0.000000000000000000, -0.1000000000000008521 ) ) ;
#1140 = DIRECTION ( 'NONE',  ( 2.109798822133954638E-15, -0.000000000000000000, 1.000000000000000000 ) ) ;
#1141 = FACE_OUTER_BOUND ( 'NONE', #1344, .T. ) ;
#1142 = ORIENTED_EDGE ( 'NONE', *, *, #1932, .F. ) ;
#1143 = VERTEX_POINT ( 'NONE', #299 ) ;
#1144 = SURFACE_STYLE_FILL_AREA ( #2132 ) ;
#1145 = LINE ( 'NONE', #2169, #505 ) ;
#1146 = VERTEX_POINT ( 'NONE', #686 ) ;
#1147 = EDGE_LOOP ( 'NONE', ( #1828, #2061, #408, #2342 ) ) ;
#1148 = PLANE ( 'NONE',  #1033 ) ;
#1149 = ORIENTED_EDGE ( 'NONE', *, *, #2223, .F. ) ;
#1150 = CARTESIAN_POINT ( 'NONE',  ( -7.699999999999994849, 0.000000000000000000, 0.9999999999999991118 ) ) ;
#1151 = VECTOR ( 'NONE', #117, 1000.000000000000000 ) ;
#1152 = EDGE_CURVE ( 'NONE', #665, #1614, #1501, .T. ) ;
#1153 = PLANE ( 'NONE',  #2210 ) ;
#1154 = DIRECTION ( 'NONE',  ( 0.000000000000000000, -0.000000000000000000, -1.000000000000000000 ) ) ;
#1155 = LINE ( 'NONE', #1789, #1744 ) ;
#1156 = VERTEX_POINT ( 'NONE', #104 ) ;
#1157 = ORIENTED_EDGE ( 'NONE', *, *, #1835, .F. ) ;
#1158 = DIRECTION ( 'NONE',  ( 1.000000000000000000, -0.000000000000000000, 0.000000000000000000 ) ) ;
#1159 = LINE ( 'NONE', #980, #2268 ) ;
#1160 = VECTOR ( 'NONE', #235, 1000.000000000000000 ) ;
#1161 = LINE ( 'NONE', #2336, #2418 ) ;
#1162 = VECTOR ( 'NONE', #1839, 1000.000000000000000 ) ;
#1163 = ORIENTED_EDGE ( 'NONE', *, *, #667, .F. ) ;
#1164 = DIRECTION ( 'NONE',  ( 0.000000000000000000, 0.000000000000000000, -1.000000000000000000 ) ) ;
#1165 = CLOSED_SHELL ( 'NONE', ( #1996, #1209, #2256, #662, #1253, #888, #556, #1217, #897, #1814, #407, #202, #1268, #345, #1192, #931, #91, #873, #2259, #2349, #2222, #607, #727, #1053, #539, #894, #262, #1606, #395, #1510, #2593, #2099, #2130, #1735, #82, #278, #2175, #1455 ) ) ;
#1166 = EDGE_CURVE ( 'NONE', #2399, #1143, #905, .T. ) ;
#1167 = CARTESIAN_POINT ( 'NONE',  ( -11.49999999999999645, 0.1000000000000000056, -3.700000000000001510 ) ) ;
#1168 = LINE ( 'NONE', #128, #883 ) ;
#1169 = CARTESIAN_POINT ( 'NONE',  ( -7.699999999999994849, 0.000000000000000000, -0.1000000000000008521 ) ) ;
#1170 = VERTEX_POINT ( 'NONE', #508 ) ;
#1171 = ORIENTED_EDGE ( 'NONE', *, *, #388, .F. ) ;
#1172 = ADVANCED_FACE ( 'NONE', ( #2164 ), #322, .T. ) ;
#1173 = VERTEX_POINT ( 'NONE', #1183 ) ;
#1174 = FACE_OUTER_BOUND ( 'NONE', #1273, .T. ) ;
#1175 = DIRECTION ( 'NONE',  ( 1.000000000000000000, -0.000000000000000000, 0.000000000000000000 ) ) ;
#1176 = EDGE_CURVE ( 'NONE', #2035, #36, #1774, .T. ) ;
#1177 = CARTESIAN_POINT ( 'NONE',  ( -11.49999999999999822, 0.000000000000000000, 3.699999999999998845 ) ) ;
#1178 = ORIENTED_EDGE ( 'NONE', *, *, #2574, .T. ) ;
#1179 = VECTOR ( 'NONE', #2088, 1000.000000000000000 ) ;
#1180 =( NAMED_UNIT ( * ) PLANE_ANGLE_UNIT ( ) SI_UNIT ( $, .RADIAN. ) );
#1181 = AXIS2_PLACEMENT_3D ( 'NONE', #1934, #1945, #1971 ) ;
#1182 = DIRECTION ( 'NONE',  ( -0.000000000000000000, -1.000000000000000000, -0.000000000000000000 ) ) ;
#1183 = CARTESIAN_POINT ( 'NONE',  ( -9.749999999999998224, 1.699999999999999956, -4.000000000000000000 ) ) ;
#1184 = LINE ( 'NONE', #182, #2527 ) ;
#1185 = VECTOR ( 'NONE', #2025, 1000.000000000000000 ) ;
#1186 = ORIENTED_EDGE ( 'NONE', *, *, #995, .T. ) ;
#1187 = EDGE_LOOP ( 'NONE', ( #1992, #676, #609, #2335 ) ) ;
#1188 = EDGE_LOOP ( 'NONE', ( #1646, #406, #554, #2260 ) ) ;
#1189 = EDGE_CURVE ( 'NONE', #1984, #1309, #1168, .T. ) ;
#1190 = CARTESIAN_POINT ( 'NONE',  ( 6.799999999999995381, 0.000000000000000000, -0.1000000000000008521 ) ) ;
#1191 = DIRECTION ( 'NONE',  ( 0.000000000000000000, 0.000000000000000000, 1.000000000000000000 ) ) ;
#1192 = ADVANCED_FACE ( 'NONE', ( #2177 ), #1380, .F. ) ;
#1193 = CARTESIAN_POINT ( 'NONE',  ( -10.74999999999999822, 1.699999999999999956, 3.294999999999999929 ) ) ;
#1194 = SURFACE_SIDE_STYLE ('',( #2382 ) ) ;
#1195 = VECTOR ( 'NONE', #546, 1000.000000000000000 ) ;
#1196 = DIRECTION ( 'NONE',  ( -0.000000000000000000, -0.000000000000000000, 1.000000000000000000 ) ) ;
#1197 = DIRECTION ( 'NONE',  ( -1.000000000000000000, -0.000000000000000000, -1.355252715606881036E-16 ) ) ;
#1198 = ORIENTED_EDGE ( 'NONE', *, *, #1872, .F. ) ;
#1199 = EDGE_LOOP ( 'NONE', ( #302, #2257, #1489, #1244 ) ) ;
#1200 = PLANE ( 'NONE',  #1431 ) ;
#1201 = ADVANCED_FACE ( 'NONE', ( #363 ), #944, .T. ) ;
#1202 = LINE ( 'NONE', #969, #1205 ) ;
#1203 = VERTEX_POINT ( 'NONE', #1988 ) ;
#1204 = VERTEX_POINT ( 'NONE', #1973 ) ;
#1205 = VECTOR ( 'NONE', #763, 1000.000000000000000 ) ;
#1206 = ORIENTED_EDGE ( 'NONE', *, *, #1394, .F. ) ;
#1207 = LINE ( 'NONE', #1006, #835 ) ;
#1208 = VECTOR ( 'NONE', #2518, 1000.000000000000000 ) ;
#1209 = ADVANCED_FACE ( 'NONE', ( #2524 ), #919, .F. ) ;
#1210 = DIRECTION ( 'NONE',  ( 1.000000000000000000, 0.000000000000000000, -2.108170890944037276E-16 ) ) ;
#1211 = CARTESIAN_POINT ( 'NONE',  ( -7.699999999999995737, 0.1000000000000000056, -1.000000000000000888 ) ) ;
#1212 = MECHANICAL_DESIGN_GEOMETRIC_PRESENTATION_REPRESENTATION (  '', ( #735 ), #1507 ) ;
#1213 = LINE ( 'NONE', #1225, #26 ) ;
#1214 = CARTESIAN_POINT ( 'NONE',  ( -7.899999999999995914, 0.1000000000000000056, -1.000000000000000888 ) ) ;
#1215 = PLANE ( 'NONE',  #560 ) ;
#1216 = FACE_OUTER_BOUND ( 'NONE', #1836, .T. ) ;
#1217 = ADVANCED_FACE ( 'NONE', ( #1936 ), #2340, .F. ) ;
#1218 = ORIENTED_EDGE ( 'NONE', *, *, #1091, .F. ) ;
#1219 = ORIENTED_EDGE ( 'NONE', *, *, #2538, .T. ) ;
#1220 = LINE ( 'NONE', #2174, #1521 ) ;
#1221 = EDGE_CURVE ( 'NONE', #289, #2285, #530, .T. ) ;
#1222 = DIRECTION ( 'NONE',  ( 0.000000000000000000, 0.000000000000000000, -1.000000000000000000 ) ) ;
#1223 = LINE ( 'NONE', #2191, #1573 ) ;
#1224 = AXIS2_PLACEMENT_3D ( 'NONE', #1539, #335, #1154 ) ;
#1225 = CARTESIAN_POINT ( 'NONE',  ( 6.799999999999995381, 0.1000000000000000056, 0.09999999999999914513 ) ) ;
#1226 = VERTEX_POINT ( 'NONE', #545 ) ;
#1227 = CARTESIAN_POINT ( 'NONE',  ( 9.499999999999989342, 0.1000000000000000056, -3.700000000000017941 ) ) ;
#1228 = ORIENTED_EDGE ( 'NONE', *, *, #2449, .F. ) ;
#1229 = DIRECTION ( 'NONE',  ( 0.000000000000000000, -1.000000000000000000, 0.000000000000000000 ) ) ;
#1230 = ORIENTED_EDGE ( 'NONE', *, *, #72, .F. ) ;
#1231 = LINE ( 'NONE', #180, #151 ) ;
#1232 = PLANE ( 'NONE',  #1784 ) ;
#1233 = LINE ( 'NONE', #2018, #89 ) ;
#1234 = FILL_AREA_STYLE ('',( #425 ) ) ;
#1235 = VECTOR ( 'NONE', #33, 1000.000000000000000 ) ;
#1236 = ORIENTED_EDGE ( 'NONE', *, *, #78, .F. ) ;
#1237 = CARTESIAN_POINT ( 'NONE',  ( -7.699999999999994849, 0.1000000000000000056, 0.9999999999999991118 ) ) ;
#1238 = DIRECTION ( 'NONE',  ( 0.000000000000000000, 0.000000000000000000, -1.000000000000000000 ) ) ;
#1239 = ORIENTED_EDGE ( 'NONE', *, *, #1637, .T. ) ;
#1240 = DIRECTION ( 'NONE',  ( -1.000000000000000000, -0.000000000000000000, -1.355252715606881036E-16 ) ) ;
#1241 = ORIENTED_EDGE ( 'NONE', *, *, #677, .T. ) ;
#1242 = ORIENTED_EDGE ( 'NONE', *, *, #943, .T. ) ;
#1243 = CARTESIAN_POINT ( 'NONE',  ( 0.000000000000000000, 0.1000000000000000056, 0.000000000000000000 ) ) ;
#1244 = ORIENTED_EDGE ( 'NONE', *, *, #2520, .T. ) ;
#1245 = VECTOR ( 'NONE', #774, 1000.000000000000000 ) ;
#1246 = LINE ( 'NONE', #203, #1641 ) ;
#1247 = ORIENTED_EDGE ( 'NONE', *, *, #1327, .T. ) ;
#1248 = EDGE_CURVE ( 'NONE', #1001, #879, #932, .T. ) ;
#1249 = PRESENTATION_STYLE_ASSIGNMENT (( #699 ) ) ;
#1250 = VERTEX_POINT ( 'NONE', #1342 ) ;
#1251 = CARTESIAN_POINT ( 'NONE',  ( -8.799999999999995381, 0.000000000000000000, 0.09999999999999914513 ) ) ;
#1252 = CARTESIAN_POINT ( 'NONE',  ( -11.49999999999999645, 1.800000000000000044, -4.000000000000000000 ) ) ;
#1253 = ADVANCED_FACE ( 'NONE', ( #349 ), #1740, .F. ) ;
#1254 = LINE ( 'NONE', #2053, #1846 ) ;
#1255 = ORIENTED_EDGE ( 'NONE', *, *, #570, .F. ) ;
#1256 = EDGE_CURVE ( 'NONE', #1037, #602, #1960, .T. ) ;
#1257 = ORIENTED_EDGE ( 'NONE', *, *, #188, .T. ) ;
#1258 = EDGE_LOOP ( 'NONE', ( #1247, #1414, #880, #2562 ) ) ;
#1259 = LINE ( 'NONE', #1449, #397 ) ;
#1260 = VERTEX_POINT ( 'NONE', #154 ) ;
#1261 = CARTESIAN_POINT ( 'NONE',  ( -7.899999999999995914, 0.1000000000000000056, -1.000000000000000888 ) ) ;
#1262 = CARTESIAN_POINT ( 'NONE',  ( -7.699999999999994849, 0.1000000000000000056, 0.09999999999999915901 ) ) ;
#1263 = DIRECTION ( 'NONE',  ( 0.000000000000000000, 0.000000000000000000, -1.000000000000000000 ) ) ;
#1264 = CARTESIAN_POINT ( 'NONE',  ( -8.799999999999995381, 0.1000000000000000056, -0.1000000000000008521 ) ) ;
#1265 = DIRECTION ( 'NONE',  ( 2.344220913482171656E-16, 0.000000000000000000, -1.000000000000000000 ) ) ;
#1266 = AXIS2_PLACEMENT_3D ( 'NONE', #657, #2265, #1862 ) ;
#1267 = VECTOR ( 'NONE', #2324, 1000.000000000000000 ) ;
#1268 = ADVANCED_FACE ( 'NONE', ( #139 ), #1753, .F. ) ;
#1269 = ORIENTED_EDGE ( 'NONE', *, *, #745, .T. ) ;
#1270 = CARTESIAN_POINT ( 'NONE',  ( -7.699999999999994849, 0.1000000000000000056, -0.1000000000000008521 ) ) ;
#1271 = VECTOR ( 'NONE', #2425, 1000.000000000000000 ) ;
#1272 = ORIENTED_EDGE ( 'NONE', *, *, #1166, .F. ) ;
#1273 = EDGE_LOOP ( 'NONE', ( #1725, #935, #758, #1951, #31, #2327, #64, #2077, #1419, #742, #1692, #2344 ) ) ;
#1274 = PLANE ( 'NONE',  #957 ) ;
#1275 = LINE ( 'NONE', #871, #929 ) ;
#1276 = CARTESIAN_POINT ( 'NONE',  ( -9.499999999999998224, 0.000000000000000000, 3.699999999999998845 ) ) ;
#1277 = ORIENTED_EDGE ( 'NONE', *, *, #1335, .T. ) ;
#1278 = FILL_AREA_STYLE ('',( #484 ) ) ;
#1279 = DIRECTION ( 'NONE',  ( -0.000000000000000000, 1.000000000000000000, -0.000000000000000000 ) ) ;
#1280 = PLANE ( 'NONE',  #265 ) ;
#1281 = VERTEX_POINT ( 'NONE', #2550 ) ;
#1282 = DIRECTION ( 'NONE',  ( -2.108170890944037276E-16, 0.000000000000000000, -1.000000000000000000 ) ) ;
#1283 = VECTOR ( 'NONE', #687, 1000.000000000000000 ) ;
#1284 = EDGE_CURVE ( 'NONE', #1629, #1513, #754, .T. ) ;
#1285 = LINE ( 'NONE', #331, #2413 ) ;
#1286 = DIRECTION ( 'NONE',  ( 0.000000000000000000, 0.000000000000000000, -1.000000000000000000 ) ) ;
#1287 = EDGE_CURVE ( 'NONE', #427, #2203, #561, .T. ) ;
#1288 = CARTESIAN_POINT ( 'NONE',  ( -9.749999999999998224, 1.699999999999999956, 0.000000000000000000 ) ) ;
#1289 = ADVANCED_FACE ( 'NONE', ( #768 ), #1034, .T. ) ;
#1290 = ORIENTED_EDGE ( 'NONE', *, *, #2212, .F. ) ;
#1291 = AXIS2_PLACEMENT_3D ( 'NONE', #210, #618, #1622 ) ;
#1292 = SURFACE_STYLE_FILL_AREA ( #1278 ) ;
#1293 = CARTESIAN_POINT ( 'NONE',  ( 10.75000000000000000, 1.699999999999999956, -3.294999999999999929 ) ) ;
#1294 = FACE_OUTER_BOUND ( 'NONE', #2433, .T. ) ;
#1295 = AXIS2_PLACEMENT_3D ( 'NONE', #2069, #2095, #84 ) ;
#1296 = ORIENTED_EDGE ( 'NONE', *, *, #1957, .F. ) ;
#1297 = VECTOR ( 'NONE', #1076, 1000.000000000000000 ) ;
#1298 = CARTESIAN_POINT ( 'NONE',  ( 11.50000000000000533, 0.1000000000000000056, 3.699999999999978861 ) ) ;
#1299 = VECTOR ( 'NONE', #393, 1000.000000000000000 ) ;
#1300 = ADVANCED_FACE ( 'NONE', ( #988 ), #1847, .T. ) ;
#1301 = CARTESIAN_POINT ( 'NONE',  ( -7.699999999999994849, 0.1000000000000000056, -0.1000000000000008521 ) ) ;
#1302 = CARTESIAN_POINT ( 'NONE',  ( -9.749999999999998224, 1.800000000000000044, 3.294999999999999929 ) ) ;
#1303 = UNCERTAINTY_MEASURE_WITH_UNIT (LENGTH_MEASURE( 1.000000000000000082E-05 ), #1687, 'distance_accuracy_value', 'NONE');
#1304 = CARTESIAN_POINT ( 'NONE',  ( -9.499999999999998224, 0.1000000000000000056, 3.699999999999998845 ) ) ;
#1305 = AXIS2_PLACEMENT_3D ( 'NONE', #1949, #2140, #1577 ) ;
#1306 = SURFACE_SIDE_STYLE ('',( #2295 ) ) ;
#1307 = CARTESIAN_POINT ( 'NONE',  ( 8.799999999999995381, 0.1000000000000000056, 0.09999999999999914513 ) ) ;
#1308 = CARTESIAN_POINT ( 'NONE',  ( -7.899999999999995914, 0.000000000000000000, 0.09999999999999927003 ) ) ;
#1309 = VERTEX_POINT ( 'NONE', #781 ) ;
#1310 = DIRECTION ( 'NONE',  ( -0.000000000000000000, -1.000000000000000000, -0.000000000000000000 ) ) ;
#1311 = FACE_OUTER_BOUND ( 'NONE', #529, .T. ) ;
#1312 = VECTOR ( 'NONE', #2429, 1000.000000000000000 ) ;
#1313 = PLANE ( 'NONE',  #1785 ) ;
#1314 = FACE_OUTER_BOUND ( 'NONE', #2049, .T. ) ;
#1315 = DIRECTION ( 'NONE',  ( 1.000000000000000000, 0.000000000000000000, 0.000000000000000000 ) ) ;
#1316 = EDGE_CURVE ( 'NONE', #1907, #2153, #2009, .T. ) ;
#1317 = FACE_OUTER_BOUND ( 'NONE', #2594, .T. ) ;
#1318 = CARTESIAN_POINT ( 'NONE',  ( 11.49999999999998934, 0.1000000000000000056, -3.700000000000021494 ) ) ;
#1319 = CARTESIAN_POINT ( 'NONE',  ( -6.799999999999995381, 0.1000000000000000056, 0.09999999999999914513 ) ) ;
#1320 = ORIENTED_EDGE ( 'NONE', *, *, #1012, .T. ) ;
#1321 = DIRECTION ( 'NONE',  ( -0.000000000000000000, -0.000000000000000000, 1.000000000000000000 ) ) ;
#1322 = VECTOR ( 'NONE', #1634, 1000.000000000000000 ) ;
#1323 = DIRECTION ( 'NONE',  ( 1.000000000000000000, 0.000000000000000000, 0.000000000000000000 ) ) ;
#1324 = ORIENTED_EDGE ( 'NONE', *, *, #359, .F. ) ;
#1325 = FACE_OUTER_BOUND ( 'NONE', #1147, .T. ) ;
#1326 = CARTESIAN_POINT ( 'NONE',  ( 10.75000000000000000, 1.800000000000000044, -3.294999999999999929 ) ) ;
#1327 = EDGE_CURVE ( 'NONE', #1776, #195, #816, .T. ) ;
#1328 = CARTESIAN_POINT ( 'NONE',  ( -7.899999999999995914, 0.1000000000000000056, 0.9999999999999991118 ) ) ;
#1329 = CARTESIAN_POINT ( 'NONE',  ( -7.899999999999995914, 0.000000000000000000, 0.09999999999999927003 ) ) ;
#1330 = EDGE_LOOP ( 'NONE', ( #2239, #1257, #2541, #624, #1465, #2015, #478, #1290 ) ) ;
#1331 = ORIENTED_EDGE ( 'NONE', *, *, #907, .F. ) ;
#1332 = VERTEX_POINT ( 'NONE', #2190 ) ;
#1333 = DIRECTION ( 'NONE',  ( -2.109798822133954638E-15, 0.000000000000000000, -1.000000000000000000 ) ) ;
#1334 = VECTOR ( 'NONE', #653, 1000.000000000000000 ) ;
#1335 = EDGE_CURVE ( 'NONE', #2133, #1204, #1627, .T. ) ;
#1336 = EDGE_CURVE ( 'NONE', #2353, #1817, #1246, .T. ) ;
#1337 = CARTESIAN_POINT ( 'NONE',  ( -7.899999999999995914, 0.1000000000000000056, 0.9999999999999991118 ) ) ;
#1338 = PRESENTATION_LAYER_ASSIGNMENT (  '', '', ( #735 ) ) ;
#1339 = CARTESIAN_POINT ( 'NONE',  ( 0.000000000000000000, 1.699999999999999956, 3.294999999999999929 ) ) ;
#1340 =( NAMED_UNIT ( * ) PLANE_ANGLE_UNIT ( ) SI_UNIT ( $, .RADIAN. ) );
#1341 = ORIENTED_EDGE ( 'NONE', *, *, #1944, .F. ) ;
#1342 = CARTESIAN_POINT ( 'NONE',  ( 10.75000000000000000, 1.699999999999999956, -3.294999999999999929 ) ) ;
#1343 = LINE ( 'NONE', #1592, #2406 ) ;
#1344 = EDGE_LOOP ( 'NONE', ( #1131, #2026, #678, #865 ) ) ;
#1345 = ORIENTED_EDGE ( 'NONE', *, *, #2483, .F. ) ;
#1346 = CARTESIAN_POINT ( 'NONE',  ( -9.499999999999996447, 0.000000000000000000, -3.700000000000001510 ) ) ;
#1347 = EDGE_CURVE ( 'NONE', #922, #1383, #2385, .T. ) ;
#1348 = CARTESIAN_POINT ( 'NONE',  ( -7.899999999999995914, 0.1000000000000000056, -0.1000000000000010464 ) ) ;
#1349 = VECTOR ( 'NONE', #998, 1000.000000000000000 ) ;
#1350 = ORIENTED_EDGE ( 'NONE', *, *, #1890, .T. ) ;
#1351 = CARTESIAN_POINT ( 'NONE',  ( -6.799999999999995381, 0.1000000000000000056, -0.1000000000000008521 ) ) ;
#1352 = FACE_OUTER_BOUND ( 'NONE', #1797, .T. ) ;
#1353 = DIRECTION ( 'NONE',  ( -1.000000000000000000, -0.000000000000000000, -0.000000000000000000 ) ) ;
#1354 = CARTESIAN_POINT ( 'NONE',  ( -9.499999999999998224, 0.000000000000000000, 3.699999999999998845 ) ) ;
#1355 = VERTEX_POINT ( 'NONE', #2225 ) ;
#1356 = VERTEX_POINT ( 'NONE', #1007 ) ;
#1357 = PLANE ( 'NONE',  #277 ) ;
#1358 = LINE ( 'NONE', #2003, #253 ) ;
#1359 = EDGE_LOOP ( 'NONE', ( #2506, #1198, #1128, #456 ) ) ;
#1360 = CARTESIAN_POINT ( 'NONE',  ( 6.799999999999995381, 0.1000000000000000056, 0.09999999999999914513 ) ) ;
#1361 = EDGE_CURVE ( 'NONE', #773, #1146, #791, .T. ) ;
#1362 = VECTOR ( 'NONE', #1433, 1000.000000000000000 ) ;
#1363 = DIRECTION ( 'NONE',  ( -0.000000000000000000, 1.000000000000000000, -0.000000000000000000 ) ) ;
#1364 = ADVANCED_FACE ( 'NONE', ( #1825 ), #612, .F. ) ;
#1365 = DIRECTION ( 'NONE',  ( -0.000000000000000000, -1.000000000000000000, -0.000000000000000000 ) ) ;
#1366 = DIRECTION ( 'NONE',  ( -1.000000000000000000, -0.000000000000000000, -1.355252715606881036E-16 ) ) ;
#1367 = CARTESIAN_POINT ( 'NONE',  ( -7.699999999999994849, 0.000000000000000000, -0.1000000000000008521 ) ) ;
#1368 = EDGE_LOOP ( 'NONE', ( #312, #2096, #341, #2505 ) ) ;
#1369 = ORIENTED_EDGE ( 'NONE', *, *, #2484, .T. ) ;
#1370 = LINE ( 'NONE', #501, #2149 ) ;
#1371 = VECTOR ( 'NONE', #1808, 1000.000000000000000 ) ;
#1372 = DIRECTION ( 'NONE',  ( 0.000000000000000000, 0.000000000000000000, -1.000000000000000000 ) ) ;
#1373 = VECTOR ( 'NONE', #1432, 1000.000000000000000 ) ;
#1374 = ORIENTED_EDGE ( 'NONE', *, *, #394, .F. ) ;
#1375 = EDGE_CURVE ( 'NONE', #1660, #122, #1603, .T. ) ;
#1376 = LINE ( 'NONE', #1021, #2106 ) ;
#1377 = CLOSED_SHELL ( 'NONE', ( #2383, #212, #1813, #1781, #1452, #540 ) ) ;
#1378 = DIRECTION ( 'NONE',  ( 0.000000000000000000, 0.000000000000000000, -1.000000000000000000 ) ) ;
#1379 = EDGE_CURVE ( 'NONE', #2170, #412, #423, .T. ) ;
#1380 = PLANE ( 'NONE',  #2552 ) ;
#1381 = LINE ( 'NONE', #2178, #1068 ) ;
#1382 = ORIENTED_EDGE ( 'NONE', *, *, #809, .F. ) ;
#1383 = VERTEX_POINT ( 'NONE', #2396 ) ;
#1384 = PLANE ( 'NONE',  #1762 ) ;
#1385 = LINE ( 'NONE', #2584, #671 ) ;
#1386 = FACE_OUTER_BOUND ( 'NONE', #1667, .T. ) ;
#1387 = VERTEX_POINT ( 'NONE', #2419 ) ;
#1388 = AXIS2_PLACEMENT_3D ( 'NONE', #1657, #901, #2277 ) ;
#1389 = DIRECTION ( 'NONE',  ( -1.000000000000000000, -0.000000000000000000, 1.505836350674312296E-17 ) ) ;
#1390 = FACE_OUTER_BOUND ( 'NONE', #902, .T. ) ;
#1391 = CARTESIAN_POINT ( 'NONE',  ( -6.799999999999995381, 0.000000000000000000, 0.09999999999999914513 ) ) ;
#1392 = LINE ( 'NONE', #842, #606 ) ;
#1393 = VECTOR ( 'NONE', #744, 1000.000000000000000 ) ;
#1394 = EDGE_CURVE ( 'NONE', #855, #433, #1642, .T. ) ;
#1395 = ORIENTED_EDGE ( 'NONE', *, *, #943, .F. ) ;
#1396 = ORIENTED_EDGE ( 'NONE', *, *, #780, .T. ) ;
#1397 = CARTESIAN_POINT ( 'NONE',  ( -7.699999999999994849, 0.1000000000000000056, -0.1000000000000008521 ) ) ;
#1398 = CARTESIAN_POINT ( 'NONE',  ( -9.749999999999998224, 1.699999999999999956, 3.294999999999999929 ) ) ;
#1399 = DIRECTION ( 'NONE',  ( 0.000000000000000000, 0.000000000000000000, -1.000000000000000000 ) ) ;
#1400 = EDGE_CURVE ( 'NONE', #1170, #2473, #1815, .T. ) ;
#1401 = PRESENTATION_STYLE_ASSIGNMENT (( #1415 ) ) ;
#1402 = VECTOR ( 'NONE', #1516, 1000.000000000000000 ) ;
#1403 = CARTESIAN_POINT ( 'NONE',  ( 8.799999999999995381, 0.000000000000000000, 0.09999999999999914513 ) ) ;
#1404 =( LENGTH_UNIT ( ) NAMED_UNIT ( * ) SI_UNIT ( .MILLI., .METRE. ) );
#1405 = ORIENTED_EDGE ( 'NONE', *, *, #939, .T. ) ;
#1406 = ADVANCED_FACE ( 'NONE', ( #1439 ), #634, .T. ) ;
#1407 = ORIENTED_EDGE ( 'NONE', *, *, #2438, .T. ) ;
#1408 = CARTESIAN_POINT ( 'NONE',  ( -7.699999999999994849, 0.000000000000000000, 0.09999999999999915901 ) ) ;
#1409 = PLANE ( 'NONE',  #1605 ) ;
#1410 = CARTESIAN_POINT ( 'NONE',  ( -9.499999999999998224, 0.1000000000000000056, 3.699999999999998845 ) ) ;
#1411 = EDGE_CURVE ( 'NONE', #1101, #2331, #1233, .T. ) ;
#1412 = ORIENTED_EDGE ( 'NONE', *, *, #1091, .T. ) ;
#1413 = AXIS2_PLACEMENT_3D ( 'NONE', #1437, #1576, #1845 ) ;
#1414 = ORIENTED_EDGE ( 'NONE', *, *, #677, .F. ) ;
#1415 = SURFACE_STYLE_USAGE ( .BOTH. , #1986 ) ;
#1416 = VECTOR ( 'NONE', #1321, 1000.000000000000000 ) ;
#1417 = VECTOR ( 'NONE', #2355, 1000.000000000000000 ) ;
#1418 = DIRECTION ( 'NONE',  ( -1.000000000000000000, 0.000000000000000000, 0.000000000000000000 ) ) ;
#1419 = ORIENTED_EDGE ( 'NONE', *, *, #534, .F. ) ;
#1420 = DIRECTION ( 'NONE',  ( 0.000000000000000000, 0.000000000000000000, -1.000000000000000000 ) ) ;
#1421 = CARTESIAN_POINT ( 'NONE',  ( -11.49999999999999645, 0.000000000000000000, 4.000000000000000000 ) ) ;
#1422 = DIRECTION ( 'NONE',  ( 9.637352644315594750E-16, -0.000000000000000000, 1.000000000000000000 ) ) ;
#1423 = EDGE_CURVE ( 'NONE', #2187, #2282, #1023, .T. ) ;
#1424 = EDGE_LOOP ( 'NONE', ( #892, #2531, #867, #1803 ) ) ;
#1425 = DIRECTION ( 'NONE',  ( 0.000000000000000000, 0.000000000000000000, -1.000000000000000000 ) ) ;
#1426 = DIRECTION ( 'NONE',  ( -0.000000000000000000, -1.000000000000000000, -0.000000000000000000 ) ) ;
#1427 = VECTOR ( 'NONE', #1363, 1000.000000000000000 ) ;
#1428 = ORIENTED_EDGE ( 'NONE', *, *, #2032, .T. ) ;
#1429 = ORIENTED_EDGE ( 'NONE', *, *, #157, .T. ) ;
#1430 = VERTEX_POINT ( 'NONE', #2033 ) ;
#1431 = AXIS2_PLACEMENT_3D ( 'NONE', #949, #1583, #1191 ) ;
#1432 = DIRECTION ( 'NONE',  ( 1.000000000000000000, -0.000000000000000000, -0.000000000000000000 ) ) ;
#1433 = DIRECTION ( 'NONE',  ( -0.000000000000000000, -1.000000000000000000, -0.000000000000000000 ) ) ;
#1434 = CARTESIAN_POINT ( 'NONE',  ( -9.749999999999998224, 1.699999999999999956, 0.000000000000000000 ) ) ;
#1435 = ORIENTED_EDGE ( 'NONE', *, *, #1685, .F. ) ;
#1436 = ADVANCED_FACE ( 'NONE', ( #223 ), #2431, .T. ) ;
#1437 = CARTESIAN_POINT ( 'NONE',  ( 0.000000000000000000, 1.699999999999999956, 3.294999999999999929 ) ) ;
#1438 = PLANE ( 'NONE',  #469 ) ;
#1439 = FACE_OUTER_BOUND ( 'NONE', #1769, .T. ) ;
#1440 = ADVANCED_FACE ( 'NONE', ( #1451 ), #1098, .T. ) ;
#1441 = SURFACE_STYLE_USAGE ( .BOTH. , #1035 ) ;
#1442 = VERTEX_POINT ( 'NONE', #494 ) ;
#1443 = COLOUR_RGB ( '',0.7921568627450980005, 0.8196078431372548767, 0.9333333333333333481 ) ;
#1444 = EDGE_LOOP ( 'NONE', ( #831, #2040, #803, #1178 ) ) ;
#1445 = ORIENTED_EDGE ( 'NONE', *, *, #1137, .F. ) ;
#1446 = SURFACE_SIDE_STYLE ('',( #1852 ) ) ;
#1447 = CARTESIAN_POINT ( 'NONE',  ( -10.74999999999999822, 1.800000000000000044, 3.294999999999999929 ) ) ;
#1448 = DIRECTION ( 'NONE',  ( -2.109798822133954638E-15, 0.000000000000000000, -1.000000000000000000 ) ) ;
#1449 = CARTESIAN_POINT ( 'NONE',  ( -11.49999999999999645, 1.699999999999999956, 4.000000000000000000 ) ) ;
#1450 = VECTOR ( 'NONE', #893, 1000.000000000000000 ) ;
#1451 = FACE_OUTER_BOUND ( 'NONE', #1187, .T. ) ;
#1452 = ADVANCED_FACE ( 'NONE', ( #2250 ), #59, .T. ) ;
#1453 = ORIENTED_EDGE ( 'NONE', *, *, #1574, .T. ) ;
#1454 = ORIENTED_EDGE ( 'NONE', *, *, #1347, .T. ) ;
#1455 = ADVANCED_FACE ( 'NONE', ( #1512 ), #454, .F. ) ;
#1456 =( NAMED_UNIT ( * ) SI_UNIT ( $, .STERADIAN. ) SOLID_ANGLE_UNIT ( ) );
#1457 = LINE ( 'NONE', #1293, #2045 ) ;
#1458 = CARTESIAN_POINT ( 'NONE',  ( 9.499999999999989342, 0.1000000000000000056, -3.700000000000017941 ) ) ;
#1459 = VECTOR ( 'NONE', #737, 1000.000000000000000 ) ;
#1460 = EDGE_CURVE ( 'NONE', #1873, #985, #1046, .T. ) ;
#1461 = ORIENTED_EDGE ( 'NONE', *, *, #1022, .F. ) ;
#1462 = DIRECTION ( 'NONE',  ( 0.000000000000000000, 0.000000000000000000, -1.000000000000000000 ) ) ;
#1463 = EDGE_LOOP ( 'NONE', ( #724, #1122, #1041, #1350 ) ) ;
#1464 = ORIENTED_EDGE ( 'NONE', *, *, #503, .T. ) ;
#1465 = ORIENTED_EDGE ( 'NONE', *, *, #1375, .F. ) ;
#1466 = CARTESIAN_POINT ( 'NONE',  ( 8.799999999999995381, 0.000000000000000000, -0.1000000000000008521 ) ) ;
#1467 = LINE ( 'NONE', #2262, #1943 ) ;
#1468 = CARTESIAN_POINT ( 'NONE',  ( 9.500000000000005329, 0.1000000000000000056, 3.699999999999982414 ) ) ;
#1469 = EDGE_CURVE ( 'NONE', #1543, #1541, #1673, .T. ) ;
#1470 = DIRECTION ( 'NONE',  ( -1.000000000000000000, 0.000000000000000000, -0.000000000000000000 ) ) ;
#1471 = CARTESIAN_POINT ( 'NONE',  ( -9.499999999999998224, 0.1000000000000000056, 3.699999999999998845 ) ) ;
#1472 = VECTOR ( 'NONE', #1210, 1000.000000000000000 ) ;
#1473 = ORIENTED_EDGE ( 'NONE', *, *, #1773, .T. ) ;
#1474 = ADVANCED_BREP_SHAPE_REPRESENTATION ( 'KXOB25-14X1F-TR', ( #28, #10, #903, #882, #1765, #81, #1812, #1664 ), #1107 ) ;
#1475 = LINE ( 'NONE', #1532, #1208 ) ;
#1476 = EDGE_CURVE ( 'NONE', #1332, #2378, #90, .T. ) ;
#1477 = VECTOR ( 'NONE', #70, 1000.000000000000000 ) ;
#1478 = ORIENTED_EDGE ( 'NONE', *, *, #1460, .F. ) ;
#1479 = EDGE_CURVE ( 'NONE', #2203, #2387, #2459, .T. ) ;
#1480 = DIRECTION ( 'NONE',  ( 0.000000000000000000, 0.000000000000000000, -1.000000000000000000 ) ) ;
#1481 = LINE ( 'NONE', #1899, #47 ) ;
#1482 = LINE ( 'NONE', #1288, #1179 ) ;
#1483 = ORIENTED_EDGE ( 'NONE', *, *, #1394, .T. ) ;
#1484 = CARTESIAN_POINT ( 'NONE',  ( -8.799999999999995381, 0.1000000000000000056, 0.09999999999999914513 ) ) ;
#1485 = PLANE ( 'NONE',  #1714 ) ;
#1486 = DIRECTION ( 'NONE',  ( 0.000000000000000000, -0.000000000000000000, -1.000000000000000000 ) ) ;
#1487 = VECTOR ( 'NONE', #403, 1000.000000000000000 ) ;
#1488 = EDGE_CURVE ( 'NONE', #1891, #1250, #254, .T. ) ;
#1489 = ORIENTED_EDGE ( 'NONE', *, *, #2449, .T. ) ;
#1490 = ORIENTED_EDGE ( 'NONE', *, *, #745, .F. ) ;
#1491 = LINE ( 'NONE', #666, #2585 ) ;
#1492 = VECTOR ( 'NONE', #1064, 1000.000000000000000 ) ;
#1493 = EDGE_CURVE ( 'NONE', #1260, #818, #2059, .T. ) ;
#1494 = FACE_OUTER_BOUND ( 'NONE', #2240, .T. ) ;
#1495 = DIRECTION ( 'NONE',  ( 9.637352644315594750E-16, -0.000000000000000000, 1.000000000000000000 ) ) ;
#1496 = CARTESIAN_POINT ( 'NONE',  ( -9.749999999999998224, 1.800000000000000044, -4.000000000000000000 ) ) ;
#1497 = PRODUCT_CONTEXT ( 'NONE', #1703, 'mechanical' ) ;
#1498 = ORIENTED_EDGE ( 'NONE', *, *, #1088, .T. ) ;
#1499 = VECTOR ( 'NONE', #1922, 1000.000000000000000 ) ;
#1500 = FILL_AREA_STYLE ('',( #2090 ) ) ;
#1501 = LINE ( 'NONE', #1307, #968 ) ;
#1502 = DIRECTION ( 'NONE',  ( -1.000000000000000000, 0.000000000000000000, 1.734723475976807094E-15 ) ) ;
#1503 = VECTOR ( 'NONE', #2036, 1000.000000000000000 ) ;
#1504 = EDGE_LOOP ( 'NONE', ( #1345, #978, #2334, #964, #2337, #399, #476, #543, #2322, #1324, #2245, #2173 ) ) ;
#1505 = ORIENTED_EDGE ( 'NONE', *, *, #1611, .F. ) ;
#1506 = PLANE ( 'NONE',  #68 ) ;
#1507 =( GEOMETRIC_REPRESENTATION_CONTEXT ( 3 ) GLOBAL_UNCERTAINTY_ASSIGNED_CONTEXT ( ( #954 ) ) GLOBAL_UNIT_ASSIGNED_CONTEXT ( ( #2050, #1901, #495 ) ) REPRESENTATION_CONTEXT ( 'NONE', 'WORKASPACE' ) );
#1508 = ORIENTED_EDGE ( 'NONE', *, *, #1335, .F. ) ;
#1509 = LINE ( 'NONE', #669, #2214 ) ;
#1510 = ADVANCED_FACE ( 'NONE', ( #697 ), #242, .F. ) ;
#1511 = PLANE ( 'NONE',  #2394 ) ;
#1512 = FACE_OUTER_BOUND ( 'NONE', #812, .T. ) ;
#1513 = VERTEX_POINT ( 'NONE', #2444 ) ;
#1514 = PLANE ( 'NONE',  #1895 ) ;
#1515 = PLANE ( 'NONE',  #916 ) ;
#1516 = DIRECTION ( 'NONE',  ( 1.000000000000000000, -0.000000000000000000, 0.000000000000000000 ) ) ;
#1517 = EDGE_LOOP ( 'NONE', ( #35, #2286, #721, #315 ) ) ;
#1518 = EDGE_LOOP ( 'NONE', ( #1079, #1767, #365, #1631 ) ) ;
#1519 = AXIS2_PLACEMENT_3D ( 'NONE', #722, #2317, #1726 ) ;
#1520 = LINE ( 'NONE', #1093, #2249 ) ;
#1521 = VECTOR ( 'NONE', #1798, 1000.000000000000000 ) ;
#1522 = DIRECTION ( 'NONE',  ( -1.000000000000000000, 0.000000000000000000, 0.000000000000000000 ) ) ;
#1523 = AXIS2_PLACEMENT_3D ( 'NONE', #2390, #186, #305 ) ;
#1524 = EDGE_CURVE ( 'NONE', #2320, #1226, #268, .T. ) ;
#1525 = DIRECTION ( 'NONE',  ( -0.000000000000000000, -0.000000000000000000, 1.000000000000000000 ) ) ;
#1526 = CARTESIAN_POINT ( 'NONE',  ( -9.749999999999998224, 1.800000000000000044, -3.294999999999999929 ) ) ;
#1527 = EDGE_CURVE ( 'NONE', #576, #1442, #1889, .T. ) ;
#1528 = DIRECTION ( 'NONE',  ( 1.000000000000000000, 0.000000000000000000, 1.355252715606881036E-16 ) ) ;
#1529 = DIRECTION ( 'NONE',  ( -1.000000000000000000, 0.000000000000000000, -2.344220913482171656E-16 ) ) ;
#1530 = EDGE_CURVE ( 'NONE', #748, #427, #2471, .T. ) ;
#1531 = EDGE_LOOP ( 'NONE', ( #688, #54, #946, #1956 ) ) ;
#1532 = CARTESIAN_POINT ( 'NONE',  ( -8.799999999999995381, 0.1000000000000000056, -0.1000000000000008521 ) ) ;
#1533 = PRESENTATION_LAYER_ASSIGNMENT (  '', '', ( #641 ) ) ;
#1534 = LINE ( 'NONE', #2323, #2166 ) ;
#1535 = EDGE_LOOP ( 'NONE', ( #2539, #184, #2493, #1538 ) ) ;
#1536 = CARTESIAN_POINT ( 'NONE',  ( 0.000000000000000000, 1.699999999999999956, 0.000000000000000000 ) ) ;
#1537 = DIRECTION ( 'NONE',  ( -1.000000000000000000, 0.000000000000000000, 0.000000000000000000 ) ) ;
#1538 = ORIENTED_EDGE ( 'NONE', *, *, #658, .T. ) ;
#1539 = CARTESIAN_POINT ( 'NONE',  ( 0.000000000000000000, 1.800000000000000044, 0.000000000000000000 ) ) ;
#1540 = CARTESIAN_POINT ( 'NONE',  ( 8.799999999999995381, 0.1000000000000000056, 0.09999999999999914513 ) ) ;
#1541 = VERTEX_POINT ( 'NONE', #684 ) ;
#1542 = VECTOR ( 'NONE', #1800, 1000.000000000000000 ) ;
#1543 = VERTEX_POINT ( 'NONE', #1496 ) ;
#1544 = CARTESIAN_POINT ( 'NONE',  ( -7.699999999999994849, 0.1000000000000000056, 0.9999999999999991118 ) ) ;
#1545 = VECTOR ( 'NONE', #1779, 1000.000000000000000 ) ;
#1546 = DIRECTION ( 'NONE',  ( 1.000000000000000000, 0.000000000000000000, 0.000000000000000000 ) ) ;
#1547 = ORIENTED_EDGE ( 'NONE', *, *, #719, .F. ) ;
#1548 = DIRECTION ( 'NONE',  ( 1.000000000000000000, 0.000000000000000000, 0.000000000000000000 ) ) ;
#1549 = PLANE ( 'NONE',  #404 ) ;
#1550 = VECTOR ( 'NONE', #1915, 1000.000000000000000 ) ;
#1551 = DIRECTION ( 'NONE',  ( -1.355252715606881036E-16, 0.000000000000000000, 1.000000000000000000 ) ) ;
#1552 = DIRECTION ( 'NONE',  ( 0.000000000000000000, 0.000000000000000000, -1.000000000000000000 ) ) ;
#1553 = ORIENTED_EDGE ( 'NONE', *, *, #570, .T. ) ;
#1554 = EDGE_CURVE ( 'NONE', #1891, #1173, #1482, .T. ) ;
#1555 = VERTEX_POINT ( 'NONE', #283 ) ;
#1556 = CARTESIAN_POINT ( 'NONE',  ( -10.74999999999999822, 1.699999999999999956, 3.294999999999999929 ) ) ;
#1557 = AXIS2_PLACEMENT_3D ( 'NONE', #1468, #1062, #504 ) ;
#1558 = CARTESIAN_POINT ( 'NONE',  ( -8.799999999999995381, 0.1000000000000000056, 0.09999999999999914513 ) ) ;
#1559 = EDGE_CURVE ( 'NONE', #2108, #177, #1086, .T. ) ;
#1560 = EDGE_CURVE ( 'NONE', #2252, #2358, #1697, .T. ) ;
#1561 = VECTOR ( 'NONE', #1525, 1000.000000000000000 ) ;
#1562 = ORIENTED_EDGE ( 'NONE', *, *, #619, .F. ) ;
#1563 = PLANE ( 'NONE',  #547 ) ;
#1564 = LINE ( 'NONE', #138, #1459 ) ;
#1565 = CARTESIAN_POINT ( 'NONE',  ( -10.74999999999999822, 1.800000000000000044, -0.000000000000000000 ) ) ;
#1566 = CARTESIAN_POINT ( 'NONE',  ( -11.49999999999999822, 0.1000000000000000056, 3.699999999999998845 ) ) ;
#1567 = ORIENTED_EDGE ( 'NONE', *, *, #2476, .F. ) ;
#1568 = ORIENTED_EDGE ( 'NONE', *, *, #1914, .T. ) ;
#1569 = DIRECTION ( 'NONE',  ( 1.000000000000000000, 0.000000000000000000, 0.000000000000000000 ) ) ;
#1570 = CARTESIAN_POINT ( 'NONE',  ( -8.799999999999995381, 0.000000000000000000, -0.1000000000000008521 ) ) ;
#1571 = ADVANCED_FACE ( 'NONE', ( #2314 ), #765, .T. ) ;
#1572 = DIRECTION ( 'NONE',  ( 0.000000000000000000, 1.000000000000000000, 0.000000000000000000 ) ) ;
#1573 = VECTOR ( 'NONE', #829, 1000.000000000000000 ) ;
#1574 = EDGE_CURVE ( 'NONE', #1058, #773, #1123, .T. ) ;
#1575 = LINE ( 'NONE', #515, #1691 ) ;
#1576 = DIRECTION ( 'NONE',  ( 0.000000000000000000, 0.000000000000000000, 1.000000000000000000 ) ) ;
#1577 = DIRECTION ( 'NONE',  ( 1.000000000000000000, 0.000000000000000000, 0.000000000000000000 ) ) ;
#1578 = DIRECTION ( 'NONE',  ( 1.000000000000000000, -0.000000000000000000, -0.000000000000000000 ) ) ;
#1579 = ORIENTED_EDGE ( 'NONE', *, *, #2212, .T. ) ;
#1580 = VERTEX_POINT ( 'NONE', #917 ) ;
#1581 = ORIENTED_EDGE ( 'NONE', *, *, #318, .T. ) ;
#1582 = DIRECTION ( 'NONE',  ( 0.000000000000000000, -1.000000000000000000, 0.000000000000000000 ) ) ;
#1583 = DIRECTION ( 'NONE',  ( 0.000000000000000000, 1.000000000000000000, -0.000000000000000000 ) ) ;
#1584 = AXIS2_PLACEMENT_3D ( 'NONE', #2027, #1030, #836 ) ;
#1585 = CARTESIAN_POINT ( 'NONE',  ( 8.799999999999995381, 0.1000000000000000056, -0.1000000000000008521 ) ) ;
#1586 = AXIS2_PLACEMENT_3D ( 'NONE', #1919, #2321, #290 ) ;
#1587 = ORIENTED_EDGE ( 'NONE', *, *, #1559, .T. ) ;
#1588 = DIRECTION ( 'NONE',  ( 0.000000000000000000, 0.000000000000000000, 1.000000000000000000 ) ) ;
#1589 = STYLED_ITEM ( 'NONE', ( #1972 ), #81 ) ;
#1590 = PLANE ( 'NONE',  #1413 ) ;
#1591 = DIRECTION ( 'NONE',  ( -0.000000000000000000, -1.000000000000000000, -0.000000000000000000 ) ) ;
#1592 = CARTESIAN_POINT ( 'NONE',  ( 9.500000000000005329, 0.1000000000000000056, 3.699999999999982414 ) ) ;
#1593 = ORIENTED_EDGE ( 'NONE', *, *, #39, .F. ) ;
#1594 = EDGE_LOOP ( 'NONE', ( #263, #147, #804, #1908 ) ) ;
#1595 = FILL_AREA_STYLE_COLOUR ( '', #400 ) ;
#1596 = LINE ( 'NONE', #1793, #975 ) ;
#1597 = CARTESIAN_POINT ( 'NONE',  ( 0.000000000000000000, 1.800000000000000044, -3.294999999999999929 ) ) ;
#1598 = ORIENTED_EDGE ( 'NONE', *, *, #2491, .F. ) ;
#1599 = ORIENTED_EDGE ( 'NONE', *, *, #328, .F. ) ;
#1600 = DIRECTION ( 'NONE',  ( 1.000000000000000000, 0.000000000000000000, -0.000000000000000000 ) ) ;
#1601 = EDGE_CURVE ( 'NONE', #1058, #2331, #928, .T. ) ;
#1602 = AXIS2_PLACEMENT_3D ( 'NONE', #610, #1588, #1600 ) ;
#1603 = LINE ( 'NONE', #800, #502 ) ;
#1604 = LINE ( 'NONE', #1658, #102 ) ;
#1605 = AXIS2_PLACEMENT_3D ( 'NONE', #2013, #1819, #2596 ) ;
#1606 = ADVANCED_FACE ( 'NONE', ( #1325 ), #941, .F. ) ;
#1607 = ORIENTED_EDGE ( 'NONE', *, *, #1621, .T. ) ;
#1608 = ORIENTED_EDGE ( 'NONE', *, *, #1287, .T. ) ;
#1609 = CARTESIAN_POINT ( 'NONE',  ( -7.899999999999995914, 0.1000000000000000056, 0.9999999999999991118 ) ) ;
#1610 = LINE ( 'NONE', #823, #1362 ) ;
#1611 = EDGE_CURVE ( 'NONE', #13, #58, #1575, .T. ) ;
#1612 = CARTESIAN_POINT ( 'NONE',  ( -8.799999999999995381, 0.000000000000000000, 0.09999999999999914513 ) ) ;
#1613 = ORIENTED_EDGE ( 'NONE', *, *, #394, .T. ) ;
#1614 = VERTEX_POINT ( 'NONE', #1736 ) ;
#1615 = PRESENTATION_STYLE_ASSIGNMENT (( #409 ) ) ;
#1616 = DIRECTION ( 'NONE',  ( -9.637352644315594750E-16, 0.000000000000000000, -1.000000000000000000 ) ) ;
#1617 = DIRECTION ( 'NONE',  ( 0.000000000000000000, -1.000000000000000000, 0.000000000000000000 ) ) ;
#1618 = ORIENTED_EDGE ( 'NONE', *, *, #1671, .T. ) ;
#1619 = EDGE_LOOP ( 'NONE', ( #353, #1374, #2271, #857 ) ) ;
#1620 = DIRECTION ( 'NONE',  ( 0.000000000000000000, 1.000000000000000000, -0.000000000000000000 ) ) ;
#1621 = EDGE_CURVE ( 'NONE', #2372, #1632, #2162, .T. ) ;
#1622 = DIRECTION ( 'NONE',  ( -1.000000000000000000, 0.000000000000000000, -0.000000000000000000 ) ) ;
#1623 = VECTOR ( 'NONE', #2258, 1000.000000000000000 ) ;
#1624 =( LENGTH_UNIT ( ) NAMED_UNIT ( * ) SI_UNIT ( .MILLI., .METRE. ) );
#1625 = AXIS2_PLACEMENT_3D ( 'NONE', #1609, #2051, #1633 ) ;
#1626 = AXIS2_PLACEMENT_3D ( 'NONE', #1167, #2522, #2116 ) ;
#1627 = LINE ( 'NONE', #1801, #2597 ) ;
#1628 = DIRECTION ( 'NONE',  ( -1.000000000000000000, -0.000000000000000000, -0.000000000000000000 ) ) ;
#1629 = VERTEX_POINT ( 'NONE', #2533 ) ;
#1630 = VECTOR ( 'NONE', #1422, 1000.000000000000000 ) ;
#1631 = ORIENTED_EDGE ( 'NONE', *, *, #2364, .T. ) ;
#1632 = VERTEX_POINT ( 'NONE', #718 ) ;
#1633 = DIRECTION ( 'NONE',  ( 0.000000000000000000, 0.000000000000000000, 1.000000000000000000 ) ) ;
#1634 = DIRECTION ( 'NONE',  ( 1.000000000000000000, 0.000000000000000000, 0.000000000000000000 ) ) ;
#1635 = EDGE_CURVE ( 'NONE', #565, #457, #2510, .T. ) ;
#1636 = PLANE ( 'NONE',  #1584 ) ;
#1637 = EDGE_CURVE ( 'NONE', #2044, #1745, #2548, .T. ) ;
#1638 = CARTESIAN_POINT ( 'NONE',  ( -7.899999999999995914, 0.000000000000000000, -1.000000000000000888 ) ) ;
#1639 = FILL_AREA_STYLE ('',( #826 ) ) ;
#1640 = ADVANCED_FACE ( 'NONE', ( #1314 ), #709, .F. ) ;
#1641 = VECTOR ( 'NONE', #1591, 1000.000000000000000 ) ;
#1642 = LINE ( 'NONE', #191, #1349 ) ;
#1643 = VERTEX_POINT ( 'NONE', #526 ) ;
#1644 = FACE_OUTER_BOUND ( 'NONE', #1594, .T. ) ;
#1645 = ORIENTED_EDGE ( 'NONE', *, *, #1560, .F. ) ;
#1646 = ORIENTED_EDGE ( 'NONE', *, *, #630, .T. ) ;
#1647 = ORIENTED_EDGE ( 'NONE', *, *, #1375, .T. ) ;
#1648 = VECTOR ( 'NONE', #567, 1000.000000000000000 ) ;
#1649 = CARTESIAN_POINT ( 'NONE',  ( -8.799999999999995381, 0.1000000000000000056, -0.1000000000000008521 ) ) ;
#1650 = LINE ( 'NONE', #53, #338 ) ;
#1651 = ORIENTED_EDGE ( 'NONE', *, *, #698, .T. ) ;
#1652 = LINE ( 'NONE', #1612, #1334 ) ;
#1653 = FACE_OUTER_BOUND ( 'NONE', #1535, .T. ) ;
#1654 = DIRECTION ( 'NONE',  ( -1.000000000000000000, 0.000000000000000000, -0.000000000000000000 ) ) ;
#1655 = ORIENTED_EDGE ( 'NONE', *, *, #1773, .F. ) ;
#1656 = ADVANCED_FACE ( 'NONE', ( #972 ), #1563, .F. ) ;
#1657 = CARTESIAN_POINT ( 'NONE',  ( 11.49999999999998934, 0.1000000000000000056, -3.700000000000021494 ) ) ;
#1658 = CARTESIAN_POINT ( 'NONE',  ( -11.49999999999999822, 0.1000000000000000056, 3.699999999999998845 ) ) ;
#1659 = ORIENTED_EDGE ( 'NONE', *, *, #2410, .T. ) ;
#1660 = VERTEX_POINT ( 'NONE', #2354 ) ;
#1661 = VECTOR ( 'NONE', #769, 1000.000000000000000 ) ;
#1662 = CARTESIAN_POINT ( 'NONE',  ( 10.75000000000000000, 1.800000000000000044, -3.294999999999999929 ) ) ;
#1663 = FACE_OUTER_BOUND ( 'NONE', #216, .T. ) ;
#1664 = AXIS2_PLACEMENT_3D ( 'NONE', #1099, #60, #1315 ) ;
#1665 = EDGE_LOOP ( 'NONE', ( #1105, #1382, #648, #1976 ) ) ;
#1666 = DIRECTION ( 'NONE',  ( -0.000000000000000000, 0.000000000000000000, 1.000000000000000000 ) ) ;
#1667 = EDGE_LOOP ( 'NONE', ( #2023, #548, #963, #1498 ) ) ;
#1668 = EDGE_LOOP ( 'NONE', ( #2423, #625, #1272, #1241 ) ) ;
#1669 = CARTESIAN_POINT ( 'NONE',  ( 0.000000000000000000, 0.000000000000000000, 0.000000000000000000 ) ) ;
#1670 = DIRECTION ( 'NONE',  ( 0.000000000000000000, 1.000000000000000000, 0.000000000000000000 ) ) ;
#1671 = EDGE_CURVE ( 'NONE', #428, #1978, #332, .T. ) ;
#1672 = VECTOR ( 'NONE', #275, 1000.000000000000000 ) ;
#1673 = LINE ( 'NONE', #841, #209 ) ;
#1674 = ORIENTED_EDGE ( 'NONE', *, *, #2538, .F. ) ;
#1675 = DIRECTION ( 'NONE',  ( -0.000000000000000000, -1.000000000000000000, -0.000000000000000000 ) ) ;
#1676 = CARTESIAN_POINT ( 'NONE',  ( 9.499999999999989342, 0.000000000000000000, -3.700000000000017941 ) ) ;
#1677 = CARTESIAN_POINT ( 'NONE',  ( -7.699999999999995737, 0.1000000000000000056, -1.000000000000000888 ) ) ;
#1678 = EDGE_CURVE ( 'NONE', #1309, #1204, #734, .T. ) ;
#1679 = ORIENTED_EDGE ( 'NONE', *, *, #1256, .T. ) ;
#1680 = ORIENTED_EDGE ( 'NONE', *, *, #520, .T. ) ;
#1681 = CARTESIAN_POINT ( 'NONE',  ( 8.799999999999995381, 0.1000000000000000056, -0.1000000000000008521 ) ) ;
#1682 = DIRECTION ( 'NONE',  ( 1.000000000000000000, -0.000000000000000000, 0.000000000000000000 ) ) ;
#1683 = DIRECTION ( 'NONE',  ( -2.109798822133954638E-15, 0.000000000000000000, -1.000000000000000000 ) ) ;
#1684 = CARTESIAN_POINT ( 'NONE',  ( 0.000000000000000000, 1.699999999999999956, -3.294999999999999929 ) ) ;
#1685 = EDGE_CURVE ( 'NONE', #427, #2170, #541, .T. ) ;
#1686 = VERTEX_POINT ( 'NONE', #306 ) ;
#1687 =( LENGTH_UNIT ( ) NAMED_UNIT ( * ) SI_UNIT ( .MILLI., .METRE. ) );
#1688 = CARTESIAN_POINT ( 'NONE',  ( 8.799999999999995381, 0.000000000000000000, -0.1000000000000008521 ) ) ;
#1689 = DIRECTION ( 'NONE',  ( -0.000000000000000000, -1.000000000000000000, -0.000000000000000000 ) ) ;
#1690 = VECTOR ( 'NONE', #886, 1000.000000000000000 ) ;
#1691 = VECTOR ( 'NONE', #1548, 1000.000000000000000 ) ;
#1692 = ORIENTED_EDGE ( 'NONE', *, *, #1637, .F. ) ;
#1693 = DIRECTION ( 'NONE',  ( 1.000000000000000000, 0.000000000000000000, 0.000000000000000000 ) ) ;
#1694 = DIRECTION ( 'NONE',  ( -1.000000000000000000, 0.000000000000000000, -0.000000000000000000 ) ) ;
#1695 = LINE ( 'NONE', #2486, #1827 ) ;
#1696 = ORIENTED_EDGE ( 'NONE', *, *, #1841, .T. ) ;
#1697 = LINE ( 'NONE', #1304, #2428 ) ;
#1698 = ORIENTED_EDGE ( 'NONE', *, *, #1601, .F. ) ;
#1699 = CARTESIAN_POINT ( 'NONE',  ( 11.50000000000000355, 1.800000000000000044, -4.000000000000000000 ) ) ;
#1700 = CARTESIAN_POINT ( 'NONE',  ( -9.749999999999998224, 1.800000000000000044, -0.000000000000000000 ) ) ;
#1701 = LINE ( 'NONE', #2478, #848 ) ;
#1702 = VECTOR ( 'NONE', #817, 1000.000000000000000 ) ;
#1703 = APPLICATION_CONTEXT ( 'automotive_design' ) ;
#1704 = ORIENTED_EDGE ( 'NONE', *, *, #1611, .T. ) ;
#1705 = CARTESIAN_POINT ( 'NONE',  ( 0.000000000000000000, 1.800000000000000044, 4.000000000000000000 ) ) ;
#1706 = ORIENTED_EDGE ( 'NONE', *, *, #475, .T. ) ;
#1707 = VERTEX_POINT ( 'NONE', #344 ) ;
#1708 = LINE ( 'NONE', #1720, #1118 ) ;
#1709 = CARTESIAN_POINT ( 'NONE',  ( -11.49999999999999645, 0.1000000000000000056, -3.700000000000001510 ) ) ;
#1710 = CARTESIAN_POINT ( 'NONE',  ( 6.799999999999995381, 0.1000000000000000056, -0.1000000000000008521 ) ) ;
#1711 = APPLICATION_PROTOCOL_DEFINITION ( 'draft international standard', 'automotive_design', 1998, #663 ) ;
#1712 = CARTESIAN_POINT ( 'NONE',  ( -7.899999999999995914, 0.1000000000000000056, -0.1000000000000010464 ) ) ;
#1713 = LINE ( 'NONE', #1880, #1402 ) ;
#1714 = AXIS2_PLACEMENT_3D ( 'NONE', #79, #2477, #1470 ) ;
#1715 = ORIENTED_EDGE ( 'NONE', *, *, #1130, .T. ) ;
#1716 = CARTESIAN_POINT ( 'NONE',  ( 8.799999999999995381, 0.000000000000000000, 0.09999999999999914513 ) ) ;
#1717 = STYLED_ITEM ( 'NONE', ( #2063 ), #28 ) ;
#1718 = EDGE_CURVE ( 'NONE', #2568, #1686, #559, .T. ) ;
#1719 = EDGE_LOOP ( 'NONE', ( #1823, #1116, #259, #1581 ) ) ;
#1720 = CARTESIAN_POINT ( 'NONE',  ( 0.000000000000000000, 1.699999999999999956, 4.000000000000000000 ) ) ;
#1721 = EDGE_CURVE ( 'NONE', #1173, #2081, #2564, .T. ) ;
#1722 = DIRECTION ( 'NONE',  ( -0.000000000000000000, -1.000000000000000000, -0.000000000000000000 ) ) ;
#1723 = PRESENTATION_STYLE_ASSIGNMENT (( #1441 ) ) ;
#1724 = EDGE_CURVE ( 'NONE', #1143, #1203, #166, .T. ) ;
#1725 = ORIENTED_EDGE ( 'NONE', *, *, #553, .F. ) ;
#1726 = DIRECTION ( 'NONE',  ( 1.000000000000000000, 0.000000000000000000, -1.505836350674312296E-17 ) ) ;
#1727 = LINE ( 'NONE', #863, #1151 ) ;
#1728 = ORIENTED_EDGE ( 'NONE', *, *, #1256, .F. ) ;
#1729 = ORIENTED_EDGE ( 'NONE', *, *, #1841, .F. ) ;
#1730 = AXIS2_PLACEMENT_3D ( 'NONE', #74, #101, #872 ) ;
#1731 = DIRECTION ( 'NONE',  ( 0.000000000000000000, 0.000000000000000000, 1.000000000000000000 ) ) ;
#1732 = VERTEX_POINT ( 'NONE', #2007 ) ;
#1733 = DIRECTION ( 'NONE',  ( -1.000000000000000000, -0.000000000000000000, -0.000000000000000000 ) ) ;
#1734 = VECTOR ( 'NONE', #2543, 1000.000000000000000 ) ;
#1735 = ADVANCED_FACE ( 'NONE', ( #2590 ), #1232, .F. ) ;
#1736 = CARTESIAN_POINT ( 'NONE',  ( 6.799999999999995381, 0.1000000000000000056, 0.09999999999999914513 ) ) ;
#1737 = PRODUCT_RELATED_PRODUCT_CATEGORY ( 'part', '', ( #2472 ) ) ;
#1738 = ORIENTED_EDGE ( 'NONE', *, *, #2305, .T. ) ;
#1739 = DIRECTION ( 'NONE',  ( 0.000000000000000000, -0.000000000000000000, -1.000000000000000000 ) ) ;
#1740 = PLANE ( 'NONE',  #1224 ) ;
#1741 = CARTESIAN_POINT ( 'NONE',  ( 0.000000000000000000, 1.800000000000000044, -3.294999999999999929 ) ) ;
#1742 = ORIENTED_EDGE ( 'NONE', *, *, #1921, .T. ) ;
#1743 =( NAMED_UNIT ( * ) PLANE_ANGLE_UNIT ( ) SI_UNIT ( $, .RADIAN. ) );
#1744 = VECTOR ( 'NONE', #531, 1000.000000000000000 ) ;
#1745 = VERTEX_POINT ( 'NONE', #30 ) ;
#1746 = VERTEX_POINT ( 'NONE', #799 ) ;
#1747 = PLANE ( 'NONE',  #910 ) ;
#1748 = EDGE_LOOP ( 'NONE', ( #1715, #1171, #2351, #578 ) ) ;
#1749 = EDGE_LOOP ( 'NONE', ( #805, #813, #1483, #329 ) ) ;
#1750 = DIRECTION ( 'NONE',  ( 2.109798822133954638E-15, -0.000000000000000000, 1.000000000000000000 ) ) ;
#1751 = EDGE_CURVE ( 'NONE', #1387, #2388, #1376, .T. ) ;
#1752 = CARTESIAN_POINT ( 'NONE',  ( -7.899999999999995914, 0.1000000000000000056, 0.9999999999999991118 ) ) ;
#1753 = PLANE ( 'NONE',  #2264 ) ;
#1754 = CARTESIAN_POINT ( 'NONE',  ( 10.75000000000000000, 1.800000000000000044, 0.000000000000000000 ) ) ;
#1755 = EDGE_LOOP ( 'NONE', ( #947, #2139, #66, #1453 ) ) ;
#1756 = AXIS2_PLACEMENT_3D ( 'NONE', #608, #1229, #463 ) ;
#1757 = EDGE_CURVE ( 'NONE', #665, #1281, #1220, .T. ) ;
#1758 = ORIENTED_EDGE ( 'NONE', *, *, #479, .F. ) ;
#1759 = DIRECTION ( 'NONE',  ( 0.000000000000000000, 1.000000000000000000, -0.000000000000000000 ) ) ;
#1760 = LINE ( 'NONE', #2159, #1648 ) ;
#1761 = ORIENTED_EDGE ( 'NONE', *, *, #1057, .F. ) ;
#1762 = AXIS2_PLACEMENT_3D ( 'NONE', #948, #1759, #2182 ) ;
#1763 = EDGE_CURVE ( 'NONE', #2057, #1746, #1207, .T. ) ;
#1764 =( GEOMETRIC_REPRESENTATION_CONTEXT ( 3 ) GLOBAL_UNCERTAINTY_ASSIGNED_CONTEXT ( ( #2313 ) ) GLOBAL_UNIT_ASSIGNED_CONTEXT ( ( #1772, #1340, #127 ) ) REPRESENTATION_CONTEXT ( 'NONE', 'WORKASPACE' ) );
#1765 = MANIFOLD_SOLID_BREP ( 'Boss-Extrude4', #366 ) ;
#1766 = DIRECTION ( 'NONE',  ( 0.000000000000000000, 0.000000000000000000, -1.000000000000000000 ) ) ;
#1767 = ORIENTED_EDGE ( 'NONE', *, *, #520, .F. ) ;
#1768 = AXIS2_PLACEMENT_3D ( 'NONE', #491, #2519, #480 ) ;
#1769 = EDGE_LOOP ( 'NONE', ( #2038, #1742, #487, #1396, #1050, #1186, #2193, #1219, #301, #325, #2526, #1849 ) ) ;
#1770 = ORIENTED_EDGE ( 'NONE', *, *, #1678, .F. ) ;
#1771 = DIRECTION ( 'NONE',  ( 1.000000000000000000, 0.000000000000000000, 0.000000000000000000 ) ) ;
#1772 =( LENGTH_UNIT ( ) NAMED_UNIT ( * ) SI_UNIT ( .MILLI., .METRE. ) );
#1773 = EDGE_CURVE ( 'NONE', #233, #1356, #1810, .T. ) ;
#1774 = LINE ( 'NONE', #375, #2263 ) ;
#1775 = LINE ( 'NONE', #1950, #766 ) ;
#1776 = VERTEX_POINT ( 'NONE', #584 ) ;
#1777 = ORIENTED_EDGE ( 'NONE', *, *, #982, .T. ) ;
#1778 = ORIENTED_EDGE ( 'NONE', *, *, #622, .F. ) ;
#1779 = DIRECTION ( 'NONE',  ( -0.000000000000000000, -1.000000000000000000, -0.000000000000000000 ) ) ;
#1780 = CARTESIAN_POINT ( 'NONE',  ( -7.899999999999995914, 0.1000000000000000056, 0.09999999999999927003 ) ) ;
#1781 = ADVANCED_FACE ( 'NONE', ( #179 ), #2407, .T. ) ;
#1782 = AXIS2_PLACEMENT_3D ( 'NONE', #2216, #411, #1222 ) ;
#1783 = PLANE ( 'NONE',  #731 ) ;
#1784 = AXIS2_PLACEMENT_3D ( 'NONE', #201, #1425, #211 ) ;
#1785 = AXIS2_PLACEMENT_3D ( 'NONE', #355, #1175, #580 ) ;
#1786 = CARTESIAN_POINT ( 'NONE',  ( -7.699999999999995737, 0.1000000000000000056, -1.000000000000000888 ) ) ;
#1787 = CARTESIAN_POINT ( 'NONE',  ( 11.50000000000000533, 0.1000000000000000056, 3.699999999999978861 ) ) ;
#1788 = CARTESIAN_POINT ( 'NONE',  ( -6.799999999999995381, 0.1000000000000000056, 0.09999999999999914513 ) ) ;
#1789 = CARTESIAN_POINT ( 'NONE',  ( -9.749999999999998224, 1.800000000000000044, -0.000000000000000000 ) ) ;
#1790 = ORIENTED_EDGE ( 'NONE', *, *, #2207, .F. ) ;
#1791 = EDGE_LOOP ( 'NONE', ( #2343, #1704, #583, #1473, #1923, #550, #741, #1990, #1120, #2211, #2275, #762 ) ) ;
#1792 = DIRECTION ( 'NONE',  ( 1.000000000000000000, 0.000000000000000000, -0.000000000000000000 ) ) ;
#1793 = CARTESIAN_POINT ( 'NONE',  ( -7.699999999999994849, 0.000000000000000000, -0.1000000000000008521 ) ) ;
#1794 = EDGE_CURVE ( 'NONE', #255, #2057, #15, .T. ) ;
#1795 = CARTESIAN_POINT ( 'NONE',  ( 9.500000000000005329, 0.1000000000000000056, 3.699999999999982414 ) ) ;
#1796 = VECTOR ( 'NONE', #2551, 1000.000000000000000 ) ;
#1797 = EDGE_LOOP ( 'NONE', ( #274, #2546, #2227, #1925 ) ) ;
#1798 = DIRECTION ( 'NONE',  ( 0.000000000000000000, -1.000000000000000000, 0.000000000000000000 ) ) ;
#1799 = PRODUCT_DEFINITION_FORMATION_WITH_SPECIFIED_SOURCE ( 'ANY', '', #2472, .NOT_KNOWN. ) ;
#1800 = DIRECTION ( 'NONE',  ( 0.000000000000000000, 0.000000000000000000, -1.000000000000000000 ) ) ;
#1801 = CARTESIAN_POINT ( 'NONE',  ( 0.000000000000000000, 1.800000000000000044, 3.294999999999999929 ) ) ;
#1802 = DIRECTION ( 'NONE',  ( 1.000000000000000000, 0.000000000000000000, -2.108170890944037276E-16 ) ) ;
#1803 = ORIENTED_EDGE ( 'NONE', *, *, #859, .T. ) ;
#1804 = VERTEX_POINT ( 'NONE', #2188 ) ;
#1805 = DIRECTION ( 'NONE',  ( -0.000000000000000000, -1.000000000000000000, -0.000000000000000000 ) ) ;
#1806 = PLANE ( 'NONE',  #1138 ) ;
#1807 = COLOUR_RGB ( '',1.000000000000000000, 0.8117647058823529438, 0.5019607843137254832 ) ;
#1808 = DIRECTION ( 'NONE',  ( 1.000000000000000000, -0.000000000000000000, 0.000000000000000000 ) ) ;
#1809 = EDGE_CURVE ( 'NONE', #1037, #1430, #814, .T. ) ;
#1810 = LINE ( 'NONE', #776, #130 ) ;
#1811 = PRESENTATION_LAYER_ASSIGNMENT (  '', '', ( #1717 ) ) ;
#1812 = MANIFOLD_SOLID_BREP ( 'Boss-Extrude3[4]', #783 ) ;
#1813 = ADVANCED_FACE ( 'NONE', ( #1875 ), #788, .T. ) ;
#1814 = ADVANCED_FACE ( 'NONE', ( #1070 ), #1060, .F. ) ;
#1815 = LINE ( 'NONE', #1403, #971 ) ;
#1816 = LINE ( 'NONE', #2592, #432 ) ;
#1817 = VERTEX_POINT ( 'NONE', #2056 ) ;
#1818 = FACE_OUTER_BOUND ( 'NONE', #291, .T. ) ;
#1819 = DIRECTION ( 'NONE',  ( 1.000000000000000000, 0.000000000000000000, 0.000000000000000000 ) ) ;
#1820 = CARTESIAN_POINT ( 'NONE',  ( 11.50000000000000533, 0.000000000000000000, 3.699999999999978861 ) ) ;
#1821 = ORIENTED_EDGE ( 'NONE', *, *, #1914, .F. ) ;
#1822 = AXIS2_PLACEMENT_3D ( 'NONE', #1911, #2304, #2075 ) ;
#1823 = ORIENTED_EDGE ( 'NONE', *, *, #2460, .F. ) ;
#1824 = VECTOR ( 'NONE', #2292, 1000.000000000000000 ) ;
#1825 = FACE_OUTER_BOUND ( 'NONE', #1918, .T. ) ;
#1826 = LINE ( 'NONE', #192, #2078 ) ;
#1827 = VECTOR ( 'NONE', #1495, 1000.000000000000000 ) ;
#1828 = ORIENTED_EDGE ( 'NONE', *, *, #534, .T. ) ;
#1829 =( NAMED_UNIT ( * ) SI_UNIT ( $, .STERADIAN. ) SOLID_ANGLE_UNIT ( ) );
#1830 = CARTESIAN_POINT ( 'NONE',  ( -8.799999999999995381, 0.1000000000000000056, 0.09999999999999914513 ) ) ;
#1831 = DIRECTION ( 'NONE',  ( 1.000000000000000000, -0.000000000000000000, 0.000000000000000000 ) ) ;
#1832 = VECTOR ( 'NONE', #474, 1000.000000000000000 ) ;
#1833 = CARTESIAN_POINT ( 'NONE',  ( -7.899999999999995914, 0.1000000000000000056, 0.09999999999999927003 ) ) ;
#1834 =( NAMED_UNIT ( * ) PLANE_ANGLE_UNIT ( ) SI_UNIT ( $, .RADIAN. ) );
#1835 = EDGE_CURVE ( 'NONE', #2131, #1101, #1886, .T. ) ;
#1836 = EDGE_LOOP ( 'NONE', ( #1790, #2213, #2530, #34, #1239, #983 ) ) ;
#1837 = ORIENTED_EDGE ( 'NONE', *, *, #1975, .T. ) ;
#1838 = ORIENTED_EDGE ( 'NONE', *, *, #2509, .F. ) ;
#1839 = DIRECTION ( 'NONE',  ( 0.000000000000000000, 0.000000000000000000, -1.000000000000000000 ) ) ;
#1840 = CARTESIAN_POINT ( 'NONE',  ( -7.899999999999995914, 0.1000000000000000056, 0.09999999999999927003 ) ) ;
#1841 = EDGE_CURVE ( 'NONE', #2272, #1513, #2233, .T. ) ;
#1842 = CARTESIAN_POINT ( 'NONE',  ( -7.899999999999995914, 0.1000000000000000056, -0.1000000000000010464 ) ) ;
#1843 = VECTOR ( 'NONE', #319, 1000.000000000000000 ) ;
#1844 = ORIENTED_EDGE ( 'NONE', *, *, #2236, .F. ) ;
#1845 = DIRECTION ( 'NONE',  ( 1.000000000000000000, 0.000000000000000000, -0.000000000000000000 ) ) ;
#1846 = VECTOR ( 'NONE', #1462, 1000.000000000000000 ) ;
#1847 = PLANE ( 'NONE',  #2511 ) ;
#1848 = FACE_OUTER_BOUND ( 'NONE', #1755, .T. ) ;
#1849 = ORIENTED_EDGE ( 'NONE', *, *, #1932, .T. ) ;
#1850 = ADVANCED_FACE ( 'NONE', ( #2441 ), #1438, .F. ) ;
#1851 = VERTEX_POINT ( 'NONE', #46 ) ;
#1852 = SURFACE_STYLE_FILL_AREA ( #185 ) ;
#1853 = DIRECTION ( 'NONE',  ( 1.000000000000000000, -0.000000000000000000, 2.344220913482171656E-16 ) ) ;
#1854 = EDGE_CURVE ( 'NONE', #1143, #2353, #683, .T. ) ;
#1855 = DIRECTION ( 'NONE',  ( -0.000000000000000000, -1.000000000000000000, -0.000000000000000000 ) ) ;
#1856 = EDGE_CURVE ( 'NONE', #195, #1203, #57, .T. ) ;
#1857 = FACE_OUTER_BOUND ( 'NONE', #1199, .T. ) ;
#1858 = CARTESIAN_POINT ( 'NONE',  ( -7.899999999999995914, 0.000000000000000000, -0.1000000000000010464 ) ) ;
#1859 = ORIENTED_EDGE ( 'NONE', *, *, #236, .F. ) ;
#1860 = VECTOR ( 'NONE', #2565, 1000.000000000000000 ) ;
#1861 = PRODUCT_DEFINITION_CONTEXT ( 'detailed design', #663, 'design' ) ;
#1862 = DIRECTION ( 'NONE',  ( 2.109798822133954638E-15, 0.000000000000000000, 1.000000000000000000 ) ) ;
#1863 = ORIENTED_EDGE ( 'NONE', *, *, #984, .F. ) ;
#1864 = DIRECTION ( 'NONE',  ( 0.000000000000000000, -1.000000000000000000, 0.000000000000000000 ) ) ;
#1865 = VECTOR ( 'NONE', #1722, 1000.000000000000000 ) ;
#1866 = ORIENTED_EDGE ( 'NONE', *, *, #1336, .T. ) ;
#1867 = VERTEX_POINT ( 'NONE', #1302 ) ;
#1868 = VECTOR ( 'NONE', #605, 1000.000000000000000 ) ;
#1869 = DIRECTION ( 'NONE',  ( 1.000000000000000000, -0.000000000000000000, 0.000000000000000000 ) ) ;
#1870 = DIRECTION ( 'NONE',  ( 0.000000000000000000, 0.000000000000000000, 1.000000000000000000 ) ) ;
#1871 = DIRECTION ( 'NONE',  ( 0.000000000000000000, -1.000000000000000000, 0.000000000000000000 ) ) ;
#1872 = EDGE_CURVE ( 'NONE', #879, #421, #2043, .T. ) ;
#1873 = VERTEX_POINT ( 'NONE', #435 ) ;
#1874 = CARTESIAN_POINT ( 'NONE',  ( -10.74999999999999822, 1.699999999999999956, 3.294999999999999929 ) ) ;
#1875 = FACE_OUTER_BOUND ( 'NONE', #2143, .T. ) ;
#1876 = DIRECTION ( 'NONE',  ( 0.000000000000000000, -1.000000000000000000, 0.000000000000000000 ) ) ;
#1877 = ORIENTED_EDGE ( 'NONE', *, *, #1991, .F. ) ;
#1878 = LINE ( 'NONE', #61, #2586 ) ;
#1879 = LINE ( 'NONE', #862, #159 ) ;
#1880 = CARTESIAN_POINT ( 'NONE',  ( 0.000000000000000000, 1.800000000000000044, 3.294999999999999929 ) ) ;
#1881 = ORIENTED_EDGE ( 'NONE', *, *, #1008, .F. ) ;
#1882 = ORIENTED_EDGE ( 'NONE', *, *, #912, .F. ) ;
#1883 = FACE_OUTER_BOUND ( 'NONE', #2266, .T. ) ;
#1884 = EDGE_CURVE ( 'NONE', #2388, #2442, #2084, .T. ) ;
#1885 = CARTESIAN_POINT ( 'NONE',  ( 6.799999999999995381, 0.1000000000000000056, 0.09999999999999914513 ) ) ;
#1886 = LINE ( 'NONE', #839, #1477 ) ;
#1887 = VECTOR ( 'NONE', #2221, 1000.000000000000000 ) ;
#1888 = VECTOR ( 'NONE', #261, 1000.000000000000000 ) ;
#1889 = LINE ( 'NONE', #2487, #750 ) ;
#1890 = EDGE_CURVE ( 'NONE', #1614, #1355, #280, .T. ) ;
#1891 = VERTEX_POINT ( 'NONE', #656 ) ;
#1892 = VECTOR ( 'NONE', #517, 1000.000000000000000 ) ;
#1893 = LINE ( 'NONE', #496, #410 ) ;
#1894 = DIRECTION ( 'NONE',  ( 0.000000000000000000, 0.000000000000000000, -1.000000000000000000 ) ) ;
#1895 = AXIS2_PLACEMENT_3D ( 'NONE', #2253, #285, #685 ) ;
#1896 = VERTEX_POINT ( 'NONE', #239 ) ;
#1897 = CARTESIAN_POINT ( 'NONE',  ( -11.49999999999999645, 0.000000000000000000, -4.000000000000000000 ) ) ;
#1898 = CARTESIAN_POINT ( 'NONE',  ( 11.50000000000000355, 1.800000000000000044, 4.000000000000000000 ) ) ;
#1899 = CARTESIAN_POINT ( 'NONE',  ( -7.899999999999995914, 0.000000000000000000, -1.000000000000000888 ) ) ;
#1900 = CARTESIAN_POINT ( 'NONE',  ( 9.499999999999989342, 0.1000000000000000056, -3.700000000000017941 ) ) ;
#1901 =( NAMED_UNIT ( * ) PLANE_ANGLE_UNIT ( ) SI_UNIT ( $, .RADIAN. ) );
#1902 = CARTESIAN_POINT ( 'NONE',  ( -7.899999999999995914, 0.1000000000000000056, 0.9999999999999991118 ) ) ;
#1903 = CARTESIAN_POINT ( 'NONE',  ( -10.74999999999999822, 1.699999999999999956, -3.294999999999999929 ) ) ;
#1904 = VECTOR ( 'NONE', #150, 1000.000000000000000 ) ;
#1905 = ORIENTED_EDGE ( 'NONE', *, *, #2563, .T. ) ;
#1906 = CARTESIAN_POINT ( 'NONE',  ( -9.499999999999996447, 0.1000000000000000056, -3.700000000000001510 ) ) ;
#1907 = VERTEX_POINT ( 'NONE', #1084 ) ;
#1908 = ORIENTED_EDGE ( 'NONE', *, *, #1763, .F. ) ;
#1909 = DIRECTION ( 'NONE',  ( -1.000000000000000000, -0.000000000000000000, 1.505836350674312296E-17 ) ) ;
#1910 = DIRECTION ( 'NONE',  ( 1.000000000000000000, 0.000000000000000000, 0.000000000000000000 ) ) ;
#1911 = CARTESIAN_POINT ( 'NONE',  ( 10.75000000000000000, 1.699999999999999956, 0.000000000000000000 ) ) ;
#1912 =( LENGTH_UNIT ( ) NAMED_UNIT ( * ) SI_UNIT ( .MILLI., .METRE. ) );
#1913 = ORIENTED_EDGE ( 'NONE', *, *, #1100, .F. ) ;
#1914 = EDGE_CURVE ( 'NONE', #298, #1707, #1467, .T. ) ;
#1915 = DIRECTION ( 'NONE',  ( 0.000000000000000000, 0.000000000000000000, -1.000000000000000000 ) ) ;
#1916 = CARTESIAN_POINT ( 'NONE',  ( -7.699999999999994849, 0.1000000000000000056, 0.09999999999999915901 ) ) ;
#1917 = AXIS2_PLACEMENT_3D ( 'NONE', #1024, #600, #17 ) ;
#1918 = EDGE_LOOP ( 'NONE', ( #996, #146, #1331, #1696 ) ) ;
#1919 = CARTESIAN_POINT ( 'NONE',  ( 8.799999999999995381, 0.1000000000000000056, 0.09999999999999914513 ) ) ;
#1920 = EDGE_CURVE ( 'NONE', #846, #1101, #1275, .T. ) ;
#1921 = EDGE_CURVE ( 'NONE', #2461, #2170, #2469, .T. ) ;
#1922 = DIRECTION ( 'NONE',  ( -0.000000000000000000, -1.000000000000000000, -0.000000000000000000 ) ) ;
#1923 = ORIENTED_EDGE ( 'NONE', *, *, #994, .T. ) ;
#1924 = DIRECTION ( 'NONE',  ( -0.000000000000000000, -1.000000000000000000, -0.000000000000000000 ) ) ;
#1925 = ORIENTED_EDGE ( 'NONE', *, *, #2016, .T. ) ;
#1926 = CARTESIAN_POINT ( 'NONE',  ( 10.75000000000000000, 1.699999999999999956, 0.000000000000000000 ) ) ;
#1927 = CARTESIAN_POINT ( 'NONE',  ( -11.49999999999999645, 0.000000000000000000, -3.700000000000001510 ) ) ;
#1928 = CARTESIAN_POINT ( 'NONE',  ( -9.749999999999998224, 1.699999999999999956, 4.000000000000000000 ) ) ;
#1929 = VECTOR ( 'NONE', #1855, 1000.000000000000000 ) ;
#1930 = ORIENTED_EDGE ( 'NONE', *, *, #2236, .T. ) ;
#1931 = LINE ( 'NONE', #1906, #1672 ) ;
#1932 = EDGE_CURVE ( 'NONE', #288, #1686, #1481, .T. ) ;
#1933 = DIRECTION ( 'NONE',  ( -1.000000000000000000, 0.000000000000000000, 0.000000000000000000 ) ) ;
#1934 = CARTESIAN_POINT ( 'NONE',  ( 11.50000000000000533, 0.1000000000000000056, 3.699999999999978861 ) ) ;
#1935 = PLANE ( 'NONE',  #1626 ) ;
#1936 = FACE_OUTER_BOUND ( 'NONE', #1748, .T. ) ;
#1937 = DIRECTION ( 'NONE',  ( 1.000000000000000000, -0.000000000000000000, 0.000000000000000000 ) ) ;
#1938 = EDGE_LOOP ( 'NONE', ( #133, #1445, #443, #200 ) ) ;
#1939 = DIRECTION ( 'NONE',  ( 1.000000000000000000, 0.000000000000000000, -2.109798822133954638E-15 ) ) ;
#1940 = EDGE_LOOP ( 'NONE', ( #1953, #417, #2156, #771 ) ) ;
#1941 = ORIENTED_EDGE ( 'NONE', *, *, #437, .F. ) ;
#1942 = CARTESIAN_POINT ( 'NONE',  ( -7.899999999999995914, 0.1000000000000000056, 0.9999999999999991118 ) ) ;
#1943 = VECTOR ( 'NONE', #468, 1000.000000000000000 ) ;
#1944 = EDGE_CURVE ( 'NONE', #1686, #2461, #1695, .T. ) ;
#1945 = DIRECTION ( 'NONE',  ( 1.734723475976807094E-15, -0.000000000000000000, 1.000000000000000000 ) ) ;
#1946 = EDGE_CURVE ( 'NONE', #2387, #962, #2288, .T. ) ;
#1947 = EDGE_LOOP ( 'NONE', ( #2244, #1157, #1562, #225 ) ) ;
#1948 = ADVANCED_FACE ( 'NONE', ( #2361 ), #1200, .F. ) ;
#1949 = CARTESIAN_POINT ( 'NONE',  ( -11.49999999999999822, 0.1000000000000000056, 3.699999999999998845 ) ) ;
#1950 = CARTESIAN_POINT ( 'NONE',  ( 8.799999999999995381, 0.1000000000000000056, -0.1000000000000008521 ) ) ;
#1951 = ORIENTED_EDGE ( 'NONE', *, *, #2180, .F. ) ;
#1952 = CARTESIAN_POINT ( 'NONE',  ( -9.749999999999998224, 1.800000000000000044, -0.000000000000000000 ) ) ;
#1953 = ORIENTED_EDGE ( 'NONE', *, *, #1751, .F. ) ;
#1954 = DIRECTION ( 'NONE',  ( -0.000000000000000000, 0.000000000000000000, 1.000000000000000000 ) ) ;
#1955 = ORIENTED_EDGE ( 'NONE', *, *, #2561, .T. ) ;
#1956 = ORIENTED_EDGE ( 'NONE', *, *, #809, .T. ) ;
#1957 = EDGE_CURVE ( 'NONE', #433, #289, #1358, .T. ) ;
#1958 = CARTESIAN_POINT ( 'NONE',  ( -11.49999999999999645, 0.000000000000000000, 4.000000000000000000 ) ) ;
#1959 = DIRECTION ( 'NONE',  ( 1.000000000000000000, 0.000000000000000000, -0.000000000000000000 ) ) ;
#1960 = LINE ( 'NONE', #168, #294 ) ;
#1961 = CARTESIAN_POINT ( 'NONE',  ( -7.899999999999995914, 0.1000000000000000056, -0.1000000000000010464 ) ) ;
#1962 = ORIENTED_EDGE ( 'NONE', *, *, #645, .F. ) ;
#1963 = ORIENTED_EDGE ( 'NONE', *, *, #837, .T. ) ;
#1964 = VECTOR ( 'NONE', #248, 1000.000000000000000 ) ;
#1965 = VERTEX_POINT ( 'NONE', #786 ) ;
#1966 = LINE ( 'NONE', #2145, #2581 ) ;
#1967 = DIRECTION ( 'NONE',  ( 0.000000000000000000, 0.000000000000000000, -1.000000000000000000 ) ) ;
#1968 = VECTOR ( 'NONE', #626, 1000.000000000000000 ) ;
#1969 = DIRECTION ( 'NONE',  ( 0.000000000000000000, -1.000000000000000000, 0.000000000000000000 ) ) ;
#1970 = ORIENTED_EDGE ( 'NONE', *, *, #2274, .T. ) ;
#1971 = DIRECTION ( 'NONE',  ( 1.000000000000000000, 0.000000000000000000, -1.734723475976807094E-15 ) ) ;
#1972 = PRESENTATION_STYLE_ASSIGNMENT (( #1102 ) ) ;
#1973 = CARTESIAN_POINT ( 'NONE',  ( -9.749999999999998224, 1.800000000000000044, 3.294999999999999929 ) ) ;
#1974 = DIRECTION ( 'NONE',  ( 9.637352644315594750E-16, -0.000000000000000000, 1.000000000000000000 ) ) ;
#1975 = EDGE_CURVE ( 'NONE', #421, #2282, #1760, .T. ) ;
#1976 = ORIENTED_EDGE ( 'NONE', *, *, #1476, .T. ) ;
#1977 = ORIENTED_EDGE ( 'NONE', *, *, #2563, .F. ) ;
#1978 = VERTEX_POINT ( 'NONE', #1398 ) ;
#1979 = CARTESIAN_POINT ( 'NONE',  ( 8.799999999999995381, 0.1000000000000000056, 0.09999999999999914513 ) ) ;
#1980 = DIRECTION ( 'NONE',  ( 1.000000000000000000, -0.000000000000000000, 0.000000000000000000 ) ) ;
#1981 = AXIS2_PLACEMENT_3D ( 'NONE', #2127, #2154, #2369 ) ;
#1982 = CARTESIAN_POINT ( 'NONE',  ( -9.749999999999998224, 1.699999999999999956, 0.000000000000000000 ) ) ;
#1983 = VECTOR ( 'NONE', #1924, 1000.000000000000000 ) ;
#1984 = VERTEX_POINT ( 'NONE', #1556 ) ;
#1985 = VECTOR ( 'NONE', #2205, 1000.000000000000000 ) ;
#1986 = SURFACE_SIDE_STYLE ('',( #2395 ) ) ;
#1987 = LINE ( 'NONE', #1069, #1542 ) ;
#1988 = CARTESIAN_POINT ( 'NONE',  ( -7.899999999999995914, 0.000000000000000000, -1.000000000000000888 ) ) ;
#1989 = DIRECTION ( 'NONE',  ( 0.000000000000000000, 0.000000000000000000, -1.000000000000000000 ) ) ;
#1990 = ORIENTED_EDGE ( 'NONE', *, *, #594, .T. ) ;
#1991 = EDGE_CURVE ( 'NONE', #233, #511, #391, .T. ) ;
#1992 = ORIENTED_EDGE ( 'NONE', *, *, #2333, .F. ) ;
#1993 = FILL_AREA_STYLE_COLOUR ( '', #1807 ) ;
#1994 = PLANE ( 'NONE',  #1523 ) ;
#1995 = LINE ( 'NONE', #189, #2004 ) ;
#1996 = ADVANCED_FACE ( 'NONE', ( #2376 ), #1313, .F. ) ;
#1997 = EDGE_LOOP ( 'NONE', ( #228, #1645, #449, #440 ) ) ;
#1998 = AXIS2_PLACEMENT_3D ( 'NONE', #1319, #2281, #714 ) ;
#1999 = DIRECTION ( 'NONE',  ( 1.000000000000000000, 0.000000000000000000, -1.734723475976807094E-15 ) ) ;
#2000 = LINE ( 'NONE', #439, #1235 ) ;
#2001 = ORIENTED_EDGE ( 'NONE', *, *, #1176, .F. ) ;
#2002 = PRESENTATION_STYLE_ASSIGNMENT (( #806 ) ) ;
#2003 = CARTESIAN_POINT ( 'NONE',  ( -7.899999999999995914, 0.1000000000000000056, 0.9999999999999991118 ) ) ;
#2004 = VECTOR ( 'NONE', #993, 1000.000000000000000 ) ;
#2005 = STYLED_ITEM ( 'NONE', ( #760 ), #882 ) ;
#2006 = DIRECTION ( 'NONE',  ( 0.000000000000000000, 1.000000000000000000, 0.000000000000000000 ) ) ;
#2007 = CARTESIAN_POINT ( 'NONE',  ( -7.699999999999994849, 0.000000000000000000, 0.9999999999999991118 ) ) ;
#2008 = MECHANICAL_DESIGN_GEOMETRIC_PRESENTATION_REPRESENTATION (  '', ( #1589 ), #1764 ) ;
#2009 = LINE ( 'NONE', #398, #2101 ) ;
#2010 = DIRECTION ( 'NONE',  ( 0.000000000000000000, 0.000000000000000000, -1.000000000000000000 ) ) ;
#2011 = VERTEX_POINT ( 'NONE', #2570 ) ;
#2012 = CARTESIAN_POINT ( 'NONE',  ( 8.799999999999995381, 0.1000000000000000056, -0.1000000000000008521 ) ) ;
#2013 = CARTESIAN_POINT ( 'NONE',  ( -7.699999999999994849, 0.1000000000000000056, 0.9999999999999991118 ) ) ;
#2014 = PLANE ( 'NONE',  #23 ) ;
#2015 = ORIENTED_EDGE ( 'NONE', *, *, #2290, .T. ) ;
#2016 = EDGE_CURVE ( 'NONE', #1851, #1017, #552, .T. ) ;
#2017 = VECTOR ( 'NONE', #854, 1000.000000000000000 ) ;
#2018 = CARTESIAN_POINT ( 'NONE',  ( 11.49999999999998934, 0.000000000000000000, -3.700000000000021494 ) ) ;
#2019 = EDGE_CURVE ( 'NONE', #1965, #1048, #1159, .T. ) ;
#2020 = LINE ( 'NONE', #214, #482 ) ;
#2021 = EDGE_LOOP ( 'NONE', ( #563, #921, #1553, #1587 ) ) ;
#2022 = EDGE_CURVE ( 'NONE', #13, #97, #1385, .T. ) ;
#2023 = ORIENTED_EDGE ( 'NONE', *, *, #820, .T. ) ;
#2024 = LINE ( 'NONE', #444, #1162 ) ;
#2025 = DIRECTION ( 'NONE',  ( -2.109798822133954638E-15, 0.000000000000000000, -1.000000000000000000 ) ) ;
#2026 = ORIENTED_EDGE ( 'NONE', *, *, #1527, .F. ) ;
#2027 = CARTESIAN_POINT ( 'NONE',  ( -11.49999999999999645, 1.800000000000000044, 4.000000000000000000 ) ) ;
#2028 = LINE ( 'NONE', #987, #815 ) ;
#2029 = ORIENTED_EDGE ( 'NONE', *, *, #269, .T. ) ;
#2030 = CARTESIAN_POINT ( 'NONE',  ( -11.49999999999999822, 0.1000000000000000056, 3.699999999999998845 ) ) ;
#2031 = AXIS2_PLACEMENT_3D ( 'NONE', #258, #675, #1486 ) ;
#2032 = EDGE_CURVE ( 'NONE', #1707, #1543, #2183, .T. ) ;
#2033 = CARTESIAN_POINT ( 'NONE',  ( 11.49999999999998934, 0.000000000000000000, -3.700000000000021494 ) ) ;
#2034 = PLANE ( 'NONE',  #1917 ) ;
#2035 = VERTEX_POINT ( 'NONE', #1780 ) ;
#2036 = DIRECTION ( 'NONE',  ( -0.000000000000000000, -0.000000000000000000, 1.000000000000000000 ) ) ;
#2037 = PLANE ( 'NONE',  #797 ) ;
#2038 = ORIENTED_EDGE ( 'NONE', *, *, #1944, .T. ) ;
#2039 = FACE_OUTER_BOUND ( 'NONE', #1791, .T. ) ;
#2040 = ORIENTED_EDGE ( 'NONE', *, *, #106, .T. ) ;
#2041 = AXIS2_PLACEMENT_3D ( 'NONE', #279, #99, #2495 ) ;
#2042 = DIRECTION ( 'NONE',  ( -0.000000000000000000, 0.000000000000000000, -1.000000000000000000 ) ) ;
#2043 = LINE ( 'NONE', #851, #383 ) ;
#2044 = VERTEX_POINT ( 'NONE', #145 ) ;
#2045 = VECTOR ( 'NONE', #1279, 1000.000000000000000 ) ;
#2046 = VECTOR ( 'NONE', #1365, 1000.000000000000000 ) ;
#2047 = CARTESIAN_POINT ( 'NONE',  ( -7.899999999999995914, 0.1000000000000000056, -0.1000000000000010464 ) ) ;
#2048 = DIRECTION ( 'NONE',  ( 0.000000000000000000, -0.000000000000000000, -1.000000000000000000 ) ) ;
#2049 = EDGE_LOOP ( 'NONE', ( #1277, #1770, #158, #1680 ) ) ;
#2050 =( LENGTH_UNIT ( ) NAMED_UNIT ( * ) SI_UNIT ( .MILLI., .METRE. ) );
#2051 = DIRECTION ( 'NONE',  ( -1.000000000000000000, 0.000000000000000000, 0.000000000000000000 ) ) ;
#2052 = DIRECTION ( 'NONE',  ( 0.000000000000000000, 0.000000000000000000, 1.000000000000000000 ) ) ;
#2053 = CARTESIAN_POINT ( 'NONE',  ( -9.749999999999998224, 1.699999999999999956, -0.000000000000000000 ) ) ;
#2054 = ORIENTED_EDGE ( 'NONE', *, *, #2589, .F. ) ;
#2055 = DIRECTION ( 'NONE',  ( -1.000000000000000000, 0.000000000000000000, 0.000000000000000000 ) ) ;
#2056 = CARTESIAN_POINT ( 'NONE',  ( -7.699999999999995737, 0.000000000000000000, -1.000000000000000888 ) ) ;
#2057 = VERTEX_POINT ( 'NONE', #1709 ) ;
#2058 = AXIS2_PLACEMENT_3D ( 'NONE', #2329, #2513, #1125 ) ;
#2059 = LINE ( 'NONE', #1276, #2017 ) ;
#2060 =( NAMED_UNIT ( * ) PLANE_ANGLE_UNIT ( ) SI_UNIT ( $, .RADIAN. ) );
#2061 = ORIENTED_EDGE ( 'NONE', *, *, #2251, .F. ) ;
#2062 = EDGE_LOOP ( 'NONE', ( #1218, #217, #1651, #2529 ) ) ;
#2063 = PRESENTATION_STYLE_ASSIGNMENT (( #1049 ) ) ;
#2064 = VECTOR ( 'NONE', #2451, 1000.000000000000000 ) ;
#2065 = LINE ( 'NONE', #1688, #71 ) ;
#2066 = CARTESIAN_POINT ( 'NONE',  ( 0.000000000000000000, 1.699999999999999956, 4.000000000000000000 ) ) ;
#2067 = ADVANCED_FACE ( 'NONE', ( #967 ), #1511, .T. ) ;
#2068 = VERTEX_POINT ( 'NONE', #1570 ) ;
#2069 = CARTESIAN_POINT ( 'NONE',  ( -8.799999999999995381, 0.1000000000000000056, 0.09999999999999914513 ) ) ;
#2070 = EDGE_CURVE ( 'NONE', #2372, #1170, #1370, .T. ) ;
#2071 = DIRECTION ( 'NONE',  ( 0.000000000000000000, 1.000000000000000000, 0.000000000000000000 ) ) ;
#2072 = DIRECTION ( 'NONE',  ( 0.000000000000000000, -0.000000000000000000, -1.000000000000000000 ) ) ;
#2073 = EDGE_CURVE ( 'NONE', #1001, #457, #1145, .T. ) ;
#2074 = ORIENTED_EDGE ( 'NONE', *, *, #1379, .F. ) ;
#2075 = DIRECTION ( 'NONE',  ( 0.000000000000000000, 0.000000000000000000, -1.000000000000000000 ) ) ;
#2076 = ORIENTED_EDGE ( 'NONE', *, *, #106, .F. ) ;
#2077 = ORIENTED_EDGE ( 'NONE', *, *, #1920, .F. ) ;
#2078 = VECTOR ( 'NONE', #1864, 1000.000000000000000 ) ;
#2079 = CARTESIAN_POINT ( 'NONE',  ( -6.799999999999995381, 0.1000000000000000056, 0.09999999999999914513 ) ) ;
#2080 = CARTESIAN_POINT ( 'NONE',  ( -7.699999999999994849, 0.1000000000000000056, 0.9999999999999991118 ) ) ;
#2081 = VERTEX_POINT ( 'NONE', #772 ) ;
#2082 = LINE ( 'NONE', #488, #778 ) ;
#2083 = PLANE ( 'NONE',  #1082 ) ;
#2084 = LINE ( 'NONE', #900, #1056 ) ;
#2085 = EDGE_CURVE ( 'NONE', #97, #40, #1596, .T. ) ;
#2086 = AXIS2_PLACEMENT_3D ( 'NONE', #1669, #642, #466 ) ;
#2087 =( GEOMETRIC_REPRESENTATION_CONTEXT ( 3 ) GLOBAL_UNCERTAINTY_ASSIGNED_CONTEXT ( ( #927 ) ) GLOBAL_UNIT_ASSIGNED_CONTEXT ( ( #2332, #1743, #566 ) ) REPRESENTATION_CONTEXT ( 'NONE', 'WORKASPACE' ) );
#2088 = DIRECTION ( 'NONE',  ( 0.000000000000000000, 0.000000000000000000, -1.000000000000000000 ) ) ;
#2089 = CLOSED_SHELL ( 'NONE', ( #1289, #875, #1440, #1436, #1850, #316 ) ) ;
#2090 = FILL_AREA_STYLE_COLOUR ( '', #527 ) ;
#2091 = LINE ( 'NONE', #2269, #911 ) ;
#2092 = DIRECTION ( 'NONE',  ( 1.505836350674312296E-17, -0.000000000000000000, 1.000000000000000000 ) ) ;
#2093 = VECTOR ( 'NONE', #384, 1000.000000000000000 ) ;
#2094 = ORIENTED_EDGE ( 'NONE', *, *, #232, .T. ) ;
#2095 = DIRECTION ( 'NONE',  ( -1.355252715606881036E-16, 0.000000000000000000, 1.000000000000000000 ) ) ;
#2096 = ORIENTED_EDGE ( 'NONE', *, *, #961, .F. ) ;
#2097 = FACE_OUTER_BOUND ( 'NONE', #1368, .T. ) ;
#2098 = DIRECTION ( 'NONE',  ( 0.000000000000000000, -1.000000000000000000, 0.000000000000000000 ) ) ;
#2099 = ADVANCED_FACE ( 'NONE', ( #2114 ), #1994, .F. ) ;
#2100 = DIRECTION ( 'NONE',  ( 0.000000000000000000, -1.000000000000000000, 0.000000000000000000 ) ) ;
#2101 = VECTOR ( 'NONE', #599, 1000.000000000000000 ) ;
#2102 = CARTESIAN_POINT ( 'NONE',  ( -7.699999999999994849, 0.1000000000000000056, -0.1000000000000008521 ) ) ;
#2103 = ADVANCED_FACE ( 'NONE', ( #992 ), #1806, .T. ) ;
#2104 = DIRECTION ( 'NONE',  ( -0.000000000000000000, -0.000000000000000000, 1.000000000000000000 ) ) ;
#2105 = LINE ( 'NONE', #80, #1283 ) ;
#2106 = VECTOR ( 'NONE', #422, 1000.000000000000000 ) ;
#2107 = EDGE_CURVE ( 'NONE', #2142, #2068, #1650, .T. ) ;
#2108 = VERTEX_POINT ( 'NONE', #1458 ) ;
#2109 = AXIS2_PLACEMENT_3D ( 'NONE', #492, #252, #2248 ) ;
#2110 = ORIENTED_EDGE ( 'NONE', *, *, #1347, .F. ) ;
#2111 = FACE_OUTER_BOUND ( 'NONE', #313, .T. ) ;
#2112 = ORIENTED_EDGE ( 'NONE', *, *, #698, .F. ) ;
#2113 = CARTESIAN_POINT ( 'NONE',  ( -7.899999999999995914, 0.1000000000000000056, -1.000000000000000888 ) ) ;
#2114 = FACE_OUTER_BOUND ( 'NONE', #1424, .T. ) ;
#2115 = DIRECTION ( 'NONE',  ( 0.000000000000000000, -1.000000000000000000, 0.000000000000000000 ) ) ;
#2116 = DIRECTION ( 'NONE',  ( -1.000000000000000000, 0.000000000000000000, -0.000000000000000000 ) ) ;
#2117 = DIRECTION ( 'NONE',  ( 0.000000000000000000, 0.000000000000000000, -1.000000000000000000 ) ) ;
#2118 = FACE_OUTER_BOUND ( 'NONE', #1066, .T. ) ;
#2119 = EDGE_CURVE ( 'NONE', #1896, #532, #207, .T. ) ;
#2120 = ORIENTED_EDGE ( 'NONE', *, *, #78, .T. ) ;
#2121 = CARTESIAN_POINT ( 'NONE',  ( -10.74999999999999822, 1.800000000000000044, -3.294999999999999929 ) ) ;
#2122 = LINE ( 'NONE', #1121, #690 ) ;
#2123 = EDGE_LOOP ( 'NONE', ( #2458, #1230, #891, #2448 ) ) ;
#2124 = DIRECTION ( 'NONE',  ( -0.000000000000000000, 0.000000000000000000, 1.000000000000000000 ) ) ;
#2125 = MECHANICAL_DESIGN_GEOMETRIC_PRESENTATION_REPRESENTATION (  '', ( #447 ), #153 ) ;
#2126 = CARTESIAN_POINT ( 'NONE',  ( -6.799999999999995381, 0.1000000000000000056, 0.09999999999999914513 ) ) ;
#2127 = CARTESIAN_POINT ( 'NONE',  ( -9.749999999999998224, 1.699999999999999956, 0.000000000000000000 ) ) ;
#2128 = CARTESIAN_POINT ( 'NONE',  ( 6.799999999999995381, 0.000000000000000000, 0.09999999999999914513 ) ) ;
#2129 = VERTEX_POINT ( 'NONE', #1830 ) ;
#2130 = ADVANCED_FACE ( 'NONE', ( #1015 ), #2037, .F. ) ;
#2131 = VERTEX_POINT ( 'NONE', #1227 ) ;
#2132 = FILL_AREA_STYLE ('',( #1595 ) ) ;
#2133 = VERTEX_POINT ( 'NONE', #1447 ) ;
#2134 = FACE_OUTER_BOUND ( 'NONE', #533, .T. ) ;
#2135 = ORIENTED_EDGE ( 'NONE', *, *, #1554, .F. ) ;
#2136 = EDGE_CURVE ( 'NONE', #1804, #177, #445, .T. ) ;
#2137 = DIRECTION ( 'NONE',  ( 0.000000000000000000, 1.000000000000000000, -0.000000000000000000 ) ) ;
#2138 = DIRECTION ( 'NONE',  ( 0.000000000000000000, 0.000000000000000000, 1.000000000000000000 ) ) ;
#2139 = ORIENTED_EDGE ( 'NONE', *, *, #619, .T. ) ;
#2140 = DIRECTION ( 'NONE',  ( -0.000000000000000000, 0.000000000000000000, 1.000000000000000000 ) ) ;
#2141 = PLANE ( 'NONE',  #681 ) ;
#2142 = VERTEX_POINT ( 'NONE', #9 ) ;
#2143 = EDGE_LOOP ( 'NONE', ( #2452, #858, #636, #1429 ) ) ;
#2144 = EDGE_LOOP ( 'NONE', ( #2074, #1435, #1608, #2167 ) ) ;
#2145 = CARTESIAN_POINT ( 'NONE',  ( -7.699999999999994849, 0.1000000000000000056, 0.09999999999999915901 ) ) ;
#2146 = EDGE_CURVE ( 'NONE', #75, #2081, #460, .T. ) ;
#2147 = ORIENTED_EDGE ( 'NONE', *, *, #1061, .T. ) ;
#2148 = LINE ( 'NONE', #1193, #571 ) ;
#2149 = VECTOR ( 'NONE', #2196, 1000.000000000000000 ) ;
#2150 = EDGE_LOOP ( 'NONE', ( #109, #725, #852, #462 ) ) ;
#2151 = DIRECTION ( 'NONE',  ( 0.000000000000000000, 1.000000000000000000, 0.000000000000000000 ) ) ;
#2152 = FACE_OUTER_BOUND ( 'NONE', #2567, .T. ) ;
#2153 = VERTEX_POINT ( 'NONE', #1029 ) ;
#2154 = DIRECTION ( 'NONE',  ( 1.000000000000000000, 0.000000000000000000, 0.000000000000000000 ) ) ;
#2155 = CARTESIAN_POINT ( 'NONE',  ( -11.49999999999999645, 0.000000000000000000, -4.000000000000000000 ) ) ;
#2156 = ORIENTED_EDGE ( 'NONE', *, *, #907, .T. ) ;
#2157 = VERTEX_POINT ( 'NONE', #2436 ) ;
#2158 = CARTESIAN_POINT ( 'NONE',  ( 9.500000000000007105, -0.000000000000000000, 3.699999999999982414 ) ) ;
#2159 = CARTESIAN_POINT ( 'NONE',  ( -7.899999999999995914, 0.000000000000000000, 0.9999999999999991118 ) ) ;
#2160 = VECTOR ( 'NONE', #989, 1000.000000000000000 ) ;
#2161 = PLANE ( 'NONE',  #1075 ) ;
#2162 = LINE ( 'NONE', #137, #752 ) ;
#2163 = LINE ( 'NONE', #942, #1892 ) ;
#2164 = FACE_OUTER_BOUND ( 'NONE', #1997, .T. ) ;
#2165 = CARTESIAN_POINT ( 'NONE',  ( 0.000000000000000000, 1.800000000000000044, -3.294999999999999929 ) ) ;
#2166 = VECTOR ( 'NONE', #523, 1000.000000000000000 ) ;
#2167 = ORIENTED_EDGE ( 'NONE', *, *, #1008, .T. ) ;
#2168 = FACE_BOUND ( 'NONE', #1504, .T. ) ;
#2169 = CARTESIAN_POINT ( 'NONE',  ( -7.699999999999994849, 0.1000000000000000056, 0.9999999999999991118 ) ) ;
#2170 = VERTEX_POINT ( 'NONE', #2412 ) ;
#2171 = VECTOR ( 'NONE', #889, 1000.000000000000000 ) ;
#2172 = PLANE ( 'NONE',  #2373 ) ;
#2173 = ORIENTED_EDGE ( 'NONE', *, *, #2085, .F. ) ;
#2174 = CARTESIAN_POINT ( 'NONE',  ( 8.799999999999995381, 0.1000000000000000056, 0.09999999999999914513 ) ) ;
#2175 = ADVANCED_FACE ( 'NONE', ( #1663 ), #807, .T. ) ;
#2176 = CARTESIAN_POINT ( 'NONE',  ( -11.49999999999999822, 0.1000000000000000056, 3.699999999999998845 ) ) ;
#2177 = FACE_OUTER_BOUND ( 'NONE', #2123, .T. ) ;
#2178 = CARTESIAN_POINT ( 'NONE',  ( -9.749999999999998224, 1.699999999999999956, -3.294999999999999929 ) ) ;
#2179 = EDGE_LOOP ( 'NONE', ( #498, #2545, #1655, #746 ) ) ;
#2180 = EDGE_CURVE ( 'NONE', #704, #1643, #246, .T. ) ;
#2181 = ORIENTED_EDGE ( 'NONE', *, *, #2032, .F. ) ;
#2182 = DIRECTION ( 'NONE',  ( 0.000000000000000000, 0.000000000000000000, 1.000000000000000000 ) ) ;
#2183 = LINE ( 'NONE', #1952, #631 ) ;
#2184 = EDGE_CURVE ( 'NONE', #1746, #2252, #1052, .T. ) ;
#2185 = LINE ( 'NONE', #1795, #1245 ) ;
#2186 = STYLED_ITEM ( 'NONE', ( #1615 ), #1765 ) ;
#2187 = VERTEX_POINT ( 'NONE', #1840 ) ;
#2188 = CARTESIAN_POINT ( 'NONE',  ( 9.500000000000005329, 0.000000000000000000, 3.699999999999982414 ) ) ;
#2189 = CARTESIAN_POINT ( 'NONE',  ( -7.899999999999995914, 0.000000000000000000, 0.9999999999999991118 ) ) ;
#2190 = CARTESIAN_POINT ( 'NONE',  ( 6.799999999999995381, 0.1000000000000000056, -0.1000000000000008521 ) ) ;
#2191 = CARTESIAN_POINT ( 'NONE',  ( -7.899999999999995914, 0.000000000000000000, -0.1000000000000010464 ) ) ;
#2192 = ORIENTED_EDGE ( 'NONE', *, *, #2528, .T. ) ;
#2193 = ORIENTED_EDGE ( 'NONE', *, *, #1221, .T. ) ;
#2194 = EDGE_CURVE ( 'NONE', #122, #428, #796, .T. ) ;
#2195 = CARTESIAN_POINT ( 'NONE',  ( 11.49999999999998934, 0.1000000000000000056, -3.700000000000021494 ) ) ;
#2196 = DIRECTION ( 'NONE',  ( -0.000000000000000000, -1.000000000000000000, -0.000000000000000000 ) ) ;
#2197 = ADVANCED_FACE ( 'NONE', ( #1003 ), #1409, .T. ) ;
#2198 = FACE_OUTER_BOUND ( 'NONE', #743, .T. ) ;
#2199 = VECTOR ( 'NONE', #2341, 1000.000000000000000 ) ;
#2200 = FILL_AREA_STYLE ('',( #598 ) ) ;
#2201 = CARTESIAN_POINT ( 'NONE',  ( 11.50000000000000533, 0.1000000000000000056, 3.699999999999978861 ) ) ;
#2202 = ORIENTED_EDGE ( 'NONE', *, *, #1724, .T. ) ;
#2203 = VERTEX_POINT ( 'NONE', #22 ) ;
#2204 = CARTESIAN_POINT ( 'NONE',  ( -11.49999999999999645, 0.000000000000000000, -3.700000000000001510 ) ) ;
#2205 = DIRECTION ( 'NONE',  ( 2.344220913482171656E-16, 0.000000000000000000, -1.000000000000000000 ) ) ;
#2206 = AXIS2_PLACEMENT_3D ( 'NONE', #586, #2042, #2055 ) ;
#2207 = EDGE_CURVE ( 'NONE', #389, #352, #627, .T. ) ;
#2208 = AXIS2_PLACEMENT_3D ( 'NONE', #729, #1582, #536 ) ;
#2209 = FACE_OUTER_BOUND ( 'NONE', #2062, .T. ) ;
#2210 = AXIS2_PLACEMENT_3D ( 'NONE', #506, #958, #115 ) ;
#2211 = ORIENTED_EDGE ( 'NONE', *, *, #708, .T. ) ;
#2212 = EDGE_CURVE ( 'NONE', #532, #1643, #1610, .T. ) ;
#2213 = ORIENTED_EDGE ( 'NONE', *, *, #616, .F. ) ;
#2214 = VECTOR ( 'NONE', #293, 1000.000000000000000 ) ;
#2215 = EDGE_CURVE ( 'NONE', #896, #2358, #2229, .T. ) ;
#2216 = CARTESIAN_POINT ( 'NONE',  ( 0.000000000000000000, 0.000000000000000000, 0.000000000000000000 ) ) ;
#2217 = ORIENTED_EDGE ( 'NONE', *, *, #441, .T. ) ;
#2218 = LINE ( 'NONE', #2204, #1968 ) ;
#2219 = CARTESIAN_POINT ( 'NONE',  ( -11.49999999999999645, 1.800000000000000044, 4.000000000000000000 ) ) ;
#2220 = ORIENTED_EDGE ( 'NONE', *, *, #377, .T. ) ;
#2221 = DIRECTION ( 'NONE',  ( 0.000000000000000000, 0.000000000000000000, -1.000000000000000000 ) ) ;
#2222 = ADVANCED_FACE ( 'NONE', ( #430 ), #1215, .F. ) ;
#2223 = EDGE_CURVE ( 'NONE', #962, #1732, #38, .T. ) ;
#2224 = PRESENTATION_LAYER_ASSIGNMENT (  '', '', ( #711 ) ) ;
#2225 = CARTESIAN_POINT ( 'NONE',  ( 6.799999999999995381, 0.000000000000000000, 0.09999999999999914513 ) ) ;
#2226 = ORIENTED_EDGE ( 'NONE', *, *, #738, .T. ) ;
#2227 = ORIENTED_EDGE ( 'NONE', *, *, #2366, .T. ) ;
#2228 = DIRECTION ( 'NONE',  ( 0.000000000000000000, 0.000000000000000000, -1.000000000000000000 ) ) ;
#2229 = LINE ( 'NONE', #2402, #1487 ) ;
#2230 = PLANE ( 'NONE',  #1756 ) ;
#2231 = VERTEX_POINT ( 'NONE', #878 ) ;
#2232 = CARTESIAN_POINT ( 'NONE',  ( -8.799999999999995381, 0.1000000000000000056, 0.09999999999999914513 ) ) ;
#2233 = LINE ( 'NONE', #481, #1096 ) ;
#2234 = ORIENTED_EDGE ( 'NONE', *, *, #2215, .F. ) ;
#2235 = ORIENTED_EDGE ( 'NONE', *, *, #39, .T. ) ;
#2236 = EDGE_CURVE ( 'NONE', #602, #2157, #1701, .T. ) ;
#2237 = DIRECTION ( 'NONE',  ( 1.734723475976807094E-15, 0.000000000000000000, 1.000000000000000000 ) ) ;
#2238 =( NAMED_UNIT ( * ) SI_UNIT ( $, .STERADIAN. ) SOLID_ANGLE_UNIT ( ) );
#2239 = ORIENTED_EDGE ( 'NONE', *, *, #2119, .F. ) ;
#2240 = EDGE_LOOP ( 'NONE', ( #171, #1698, #1761, #1045 ) ) ;
#2241 = PLANE ( 'NONE',  #1625 ) ;
#2242 = DIRECTION ( 'NONE',  ( 0.000000000000000000, 0.000000000000000000, -1.000000000000000000 ) ) ;
#2243 = CARTESIAN_POINT ( 'NONE',  ( 6.799999999999995381, 0.000000000000000000, 0.09999999999999914513 ) ) ;
#2244 = ORIENTED_EDGE ( 'NONE', *, *, #1920, .T. ) ;
#2245 = ORIENTED_EDGE ( 'NONE', *, *, #777, .F. ) ;
#2246 = AXIS2_PLACEMENT_3D ( 'NONE', #1243, #2261, #238 ) ;
#2247 = DIRECTION ( 'NONE',  ( -1.000000000000000000, 0.000000000000000000, 0.000000000000000000 ) ) ;
#2248 = DIRECTION ( 'NONE',  ( -9.637352644315594750E-16, 0.000000000000000000, -1.000000000000000000 ) ) ;
#2249 = VECTOR ( 'NONE', #923, 1000.000000000000000 ) ;
#2250 = FACE_OUTER_BOUND ( 'NONE', #143, .T. ) ;
#2251 = EDGE_CURVE ( 'NONE', #1146, #846, #1090, .T. ) ;
#2252 = VERTEX_POINT ( 'NONE', #1471 ) ;
#2253 = CARTESIAN_POINT ( 'NONE',  ( -10.74999999999999822, 1.699999999999999956, 0.000000000000000000 ) ) ;
#2254 = CARTESIAN_POINT ( 'NONE',  ( -9.499999999999996447, 0.1000000000000000056, -3.700000000000001510 ) ) ;
#2255 = CARTESIAN_POINT ( 'NONE',  ( -9.499999999999998224, 0.1000000000000000056, 3.699999999999998845 ) ) ;
#2256 = ADVANCED_FACE ( 'NONE', ( #1294 ), #906, .F. ) ;
#2257 = ORIENTED_EDGE ( 'NONE', *, *, #475, .F. ) ;
#2258 = DIRECTION ( 'NONE',  ( -0.000000000000000000, 1.000000000000000000, -0.000000000000000000 ) ) ;
#2259 = ADVANCED_FACE ( 'NONE', ( #497 ), #1280, .F. ) ;
#2260 = ORIENTED_EDGE ( 'NONE', *, *, #266, .T. ) ;
#2261 = DIRECTION ( 'NONE',  ( 0.000000000000000000, 1.000000000000000000, 0.000000000000000000 ) ) ;
#2262 = CARTESIAN_POINT ( 'NONE',  ( -9.749999999999998224, 1.699999999999999956, -3.294999999999999929 ) ) ;
#2263 = VECTOR ( 'NONE', #1366, 1000.000000000000000 ) ;
#2264 = AXIS2_PLACEMENT_3D ( 'NONE', #973, #739, #959 ) ;
#2265 = DIRECTION ( 'NONE',  ( -1.000000000000000000, 0.000000000000000000, 2.109798822133954638E-15 ) ) ;
#2266 = EDGE_LOOP ( 'NONE', ( #1674, #1163, #2466, #1706 ) ) ;
#2267 = CARTESIAN_POINT ( 'NONE',  ( -6.799999999999995381, 0.000000000000000000, -0.1000000000000008521 ) ) ;
#2268 = VECTOR ( 'NONE', #694, 1000.000000000000000 ) ;
#2269 = CARTESIAN_POINT ( 'NONE',  ( -11.49999999999999645, 0.000000000000000000, 4.000000000000000000 ) ) ;
#2270 = LINE ( 'NONE', #2318, #895 ) ;
#2271 = ORIENTED_EDGE ( 'NONE', *, *, #1530, .T. ) ;
#2272 = VERTEX_POINT ( 'NONE', #1903 ) ;
#2273 = CARTESIAN_POINT ( 'NONE',  ( 6.799999999999995381, 0.1000000000000000056, 0.09999999999999914513 ) ) ;
#2274 = EDGE_CURVE ( 'NONE', #1867, #1383, #1713, .T. ) ;
#2275 = ORIENTED_EDGE ( 'NONE', *, *, #1166, .T. ) ;
#2276 = CARTESIAN_POINT ( 'NONE',  ( -9.749999999999998224, 1.699999999999999956, 4.000000000000000000 ) ) ;
#2277 = DIRECTION ( 'NONE',  ( -1.000000000000000000, 0.000000000000000000, 1.734723475976807094E-15 ) ) ;
#2278 = VECTOR ( 'NONE', #2514, 1000.000000000000000 ) ;
#2279 = PLANE ( 'NONE',  #156 ) ;
#2280 = LINE ( 'NONE', #2079, #2171 ) ;
#2281 = DIRECTION ( 'NONE',  ( 1.000000000000000000, -0.000000000000000000, 0.000000000000000000 ) ) ;
#2282 = VERTEX_POINT ( 'NONE', #1308 ) ;
#2283 = LINE ( 'NONE', #120, #1888 ) ;
#2284 = ADVANCED_FACE ( 'NONE', ( #105 ), #2504, .T. ) ;
#2285 = VERTEX_POINT ( 'NONE', #1329 ) ;
#2286 = ORIENTED_EDGE ( 'NONE', *, *, #2073, .F. ) ;
#2287 = CARTESIAN_POINT ( 'NONE',  ( -9.749999999999998224, 1.800000000000000044, 4.000000000000000000 ) ) ;
#2288 = LINE ( 'NONE', #2347, #1393 ) ;
#2289 = VECTOR ( 'NONE', #1871, 1000.000000000000000 ) ;
#2290 = EDGE_CURVE ( 'NONE', #1660, #704, #2270, .T. ) ;
#2291 = VECTOR ( 'NONE', #413, 1000.000000000000000 ) ;
#2292 = DIRECTION ( 'NONE',  ( 0.000000000000000000, -1.000000000000000000, 0.000000000000000000 ) ) ;
#2293 = EDGE_CURVE ( 'NONE', #1978, #922, #920, .T. ) ;
#2294 = ORIENTED_EDGE ( 'NONE', *, *, #424, .F. ) ;
#2295 = SURFACE_STYLE_FILL_AREA ( #1500 ) ;
#2296 = LINE ( 'NONE', #1318, #572 ) ;
#2297 = DIRECTION ( 'NONE',  ( -0.000000000000000000, -0.000000000000000000, 1.000000000000000000 ) ) ;
#2298 = ORIENTED_EDGE ( 'NONE', *, *, #5, .T. ) ;
#2299 = DIRECTION ( 'NONE',  ( 1.000000000000000000, 0.000000000000000000, 0.000000000000000000 ) ) ;
#2300 = EDGE_CURVE ( 'NONE', #913, #1776, #890, .T. ) ;
#2301 = ORIENTED_EDGE ( 'NONE', *, *, #1284, .F. ) ;
#2302 = FACE_OUTER_BOUND ( 'NONE', #2144, .T. ) ;
#2303 = DIRECTION ( 'NONE',  ( 0.000000000000000000, 0.000000000000000000, -1.000000000000000000 ) ) ;
#2304 = DIRECTION ( 'NONE',  ( 1.000000000000000000, 0.000000000000000000, 0.000000000000000000 ) ) ;
#2305 = EDGE_CURVE ( 'NONE', #2387, #855, #509, .T. ) ;
#2306 = CARTESIAN_POINT ( 'NONE',  ( 0.000000000000000000, 0.1000000000000000056, 0.000000000000000000 ) ) ;
#2307 = LINE ( 'NONE', #1700, #1550 ) ;
#2308 = CARTESIAN_POINT ( 'NONE',  ( 0.000000000000000000, 1.699999999999999956, 3.294999999999999929 ) ) ;
#2309 = COLOUR_RGB ( '',1.000000000000000000, 1.000000000000000000, 1.000000000000000000 ) ;
#2310 = EDGE_LOOP ( 'NONE', ( #1618, #282, #2492, #601, #654, #728, #1647, #647 ) ) ;
#2311 = DIRECTION ( 'NONE',  ( -0.000000000000000000, 0.000000000000000000, 1.000000000000000000 ) ) ;
#2312 = LINE ( 'NONE', #1301, #1843 ) ;
#2313 = UNCERTAINTY_MEASURE_WITH_UNIT (LENGTH_MEASURE( 1.000000000000000082E-05 ), #1772, 'distance_accuracy_value', 'NONE');
#2314 = FACE_OUTER_BOUND ( 'NONE', #317, .T. ) ;
#2315 = EDGE_CURVE ( 'NONE', #922, #1250, #1114, .T. ) ;
#2316 = PLANE ( 'NONE',  #736 ) ;
#2317 = DIRECTION ( 'NONE',  ( 1.505836350674312296E-17, 0.000000000000000000, 1.000000000000000000 ) ) ;
#2318 = CARTESIAN_POINT ( 'NONE',  ( -11.49999999999999645, 1.800000000000000044, -4.000000000000000000 ) ) ;
#2319 = VECTOR ( 'NONE', #2464, 1000.000000000000000 ) ;
#2320 = VERTEX_POINT ( 'NONE', #1928 ) ;
#2321 = DIRECTION ( 'NONE',  ( 1.000000000000000000, -0.000000000000000000, 0.000000000000000000 ) ) ;
#2322 = ORIENTED_EDGE ( 'NONE', *, *, #1635, .F. ) ;
#2323 = CARTESIAN_POINT ( 'NONE',  ( 11.50000000000000533, 0.000000000000000000, 3.699999999999978861 ) ) ;
#2324 = DIRECTION ( 'NONE',  ( 1.000000000000000000, 0.000000000000000000, 0.000000000000000000 ) ) ;
#2325 = VECTOR ( 'NONE', #29, 1000.000000000000000 ) ;
#2326 = DIRECTION ( 'NONE',  ( 0.000000000000000000, -1.000000000000000000, 0.000000000000000000 ) ) ;
#2327 = ORIENTED_EDGE ( 'NONE', *, *, #199, .F. ) ;
#2328 = EDGE_CURVE ( 'NONE', #976, #2568, #2105, .T. ) ;
#2329 = CARTESIAN_POINT ( 'NONE',  ( 11.50000000000000355, 1.800000000000000044, 4.000000000000000000 ) ) ;
#2330 = CARTESIAN_POINT ( 'NONE',  ( 10.75000000000000000, 1.699999999999999956, 0.000000000000000000 ) ) ;
#2331 = VERTEX_POINT ( 'NONE', #63 ) ;
#2332 =( LENGTH_UNIT ( ) NAMED_UNIT ( * ) SI_UNIT ( .MILLI., .METRE. ) );
#2333 = EDGE_CURVE ( 'NONE', #177, #1430, #1727, .T. ) ;
#2334 = ORIENTED_EDGE ( 'NONE', *, *, #1856, .F. ) ;
#2335 = ORIENTED_EDGE ( 'NONE', *, *, #1809, .T. ) ;
#2336 = CARTESIAN_POINT ( 'NONE',  ( -7.899999999999995914, 0.1000000000000000056, 0.9999999999999991118 ) ) ;
#2337 = ORIENTED_EDGE ( 'NONE', *, *, #2300, .F. ) ;
#2338 = CARTESIAN_POINT ( 'NONE',  ( -9.749999999999998224, 1.699999999999999956, 3.294999999999999929 ) ) ;
#2339 = DIRECTION ( 'NONE',  ( 0.000000000000000000, 0.000000000000000000, 1.000000000000000000 ) ) ;
#2340 = PLANE ( 'NONE',  #1981 ) ;
#2341 = DIRECTION ( 'NONE',  ( 0.000000000000000000, 0.000000000000000000, -1.000000000000000000 ) ) ;
#2342 = ORIENTED_EDGE ( 'NONE', *, *, #96, .T. ) ;
#2343 = ORIENTED_EDGE ( 'NONE', *, *, #622, .T. ) ;
#2344 = ORIENTED_EDGE ( 'NONE', *, *, #1085, .F. ) ;
#2345 = VECTOR ( 'NONE', #386, 1000.000000000000000 ) ;
#2346 = FACE_OUTER_BOUND ( 'NONE', #2150, .T. ) ;
#2347 = CARTESIAN_POINT ( 'NONE',  ( -7.699999999999994849, 0.1000000000000000056, 0.09999999999999915901 ) ) ;
#2348 = VECTOR ( 'NONE', #1164, 1000.000000000000000 ) ;
#2349 = ADVANCED_FACE ( 'NONE', ( #95 ), #2490, .F. ) ;
#2350 = ADVANCED_FACE ( 'NONE', ( #2118 ), #486, .T. ) ;
#2351 = ORIENTED_EDGE ( 'NONE', *, *, #1671, .F. ) ;
#2352 = CARTESIAN_POINT ( 'NONE',  ( -10.74999999999999822, 1.699999999999999956, 0.000000000000000000 ) ) ;
#2353 = VERTEX_POINT ( 'NONE', #1677 ) ;
#2354 = CARTESIAN_POINT ( 'NONE',  ( -11.49999999999999645, 1.699999999999999956, -4.000000000000000000 ) ) ;
#2355 = DIRECTION ( 'NONE',  ( -0.000000000000000000, -0.000000000000000000, 1.000000000000000000 ) ) ;
#2356 = DIRECTION ( 'NONE',  ( 0.000000000000000000, 0.000000000000000000, -1.000000000000000000 ) ) ;
#2357 = LINE ( 'NONE', #2155, #12 ) ;
#2358 = VERTEX_POINT ( 'NONE', #1354 ) ;
#2359 = ORIENTED_EDGE ( 'NONE', *, *, #1152, .F. ) ;
#2360 = EDGE_LOOP ( 'NONE', ( #1405, #83, #18, #1579 ) ) ;
#2361 = FACE_OUTER_BOUND ( 'NONE', #764, .T. ) ;
#2362 = AXIS2_PLACEMENT_3D ( 'NONE', #300, #1529, #311 ) ;
#2363 = DIRECTION ( 'NONE',  ( 0.000000000000000000, 0.000000000000000000, 1.000000000000000000 ) ) ;
#2364 = EDGE_CURVE ( 'NONE', #830, #827, #2566, .T. ) ;
#2365 = DIRECTION ( 'NONE',  ( -1.000000000000000000, 0.000000000000000000, 0.000000000000000000 ) ) ;
#2366 = EDGE_CURVE ( 'NONE', #2388, #1851, #2580, .T. ) ;
#2367 = DIRECTION ( 'NONE',  ( -0.000000000000000000, -1.000000000000000000, -0.000000000000000000 ) ) ;
#2368 = EDGE_CURVE ( 'NONE', #1555, #704, #2357, .T. ) ;
#2369 = DIRECTION ( 'NONE',  ( 0.000000000000000000, 0.000000000000000000, -1.000000000000000000 ) ) ;
#2370 = LINE ( 'NONE', #364, #1796 ) ;
#2371 = ORIENTED_EDGE ( 'NONE', *, *, #2476, .T. ) ;
#2372 = VERTEX_POINT ( 'NONE', #974 ) ;
#2373 = AXIS2_PLACEMENT_3D ( 'NONE', #1982, #1546, #1399 ) ;
#2374 = ORIENTED_EDGE ( 'NONE', *, *, #124, .T. ) ;
#2375 = LINE ( 'NONE', #160, #953 ) ;
#2376 = FACE_OUTER_BOUND ( 'NONE', #1330, .T. ) ;
#2377 = MECHANICAL_DESIGN_GEOMETRIC_PRESENTATION_REPRESENTATION (  '', ( #2005 ), #2087 ) ;
#2378 = VERTEX_POINT ( 'NONE', #2525 ) ;
#2379 = VECTOR ( 'NONE', #1026, 1000.000000000000000 ) ;
#2380 = LINE ( 'NONE', #1558, #1299 ) ;
#2381 = ORIENTED_EDGE ( 'NONE', *, *, #199, .T. ) ;
#2382 = SURFACE_STYLE_FILL_AREA ( #1639 ) ;
#2383 = ADVANCED_FACE ( 'NONE', ( #1141 ), #2141, .T. ) ;
#2384 = FACE_OUTER_BOUND ( 'NONE', #1668, .T. ) ;
#2385 = LINE ( 'NONE', #16, #2345 ) ;
#2386 = LINE ( 'NONE', #1754, #142 ) ;
#2387 = VERTEX_POINT ( 'NONE', #323 ) ;
#2388 = VERTEX_POINT ( 'NONE', #2537 ) ;
#2389 = LINE ( 'NONE', #2595, #490 ) ;
#2390 = CARTESIAN_POINT ( 'NONE',  ( -11.49999999999999822, 0.1000000000000000056, 3.699999999999998845 ) ) ;
#2391 = VECTOR ( 'NONE', #32, 1000.000000000000000 ) ;
#2392 = PLANE ( 'NONE',  #231 ) ;
#2393 =( GEOMETRIC_REPRESENTATION_CONTEXT ( 3 ) GLOBAL_UNCERTAINTY_ASSIGNED_CONTEXT ( ( #267 ) ) GLOBAL_UNIT_ASSIGNED_CONTEXT ( ( #396, #1180, #2576 ) ) REPRESENTATION_CONTEXT ( 'NONE', 'WORKASPACE' ) );
#2394 = AXIS2_PLACEMENT_3D ( 'NONE', #761, #1980, #2303 ) ;
#2395 = SURFACE_STYLE_FILL_AREA ( #2200 ) ;
#2396 = CARTESIAN_POINT ( 'NONE',  ( 10.75000000000000000, 1.800000000000000044, 3.294999999999999929 ) ) ;
#2397 = LINE ( 'NONE', #1047, #516 ) ;
#2398 = EDGE_CURVE ( 'NONE', #164, #2081, #1155, .T. ) ;
#2399 = VERTEX_POINT ( 'NONE', #1961 ) ;
#2400 = ORIENTED_EDGE ( 'NONE', *, *, #1488, .T. ) ;
#2401 = CARTESIAN_POINT ( 'NONE',  ( 10.75000000000000000, 1.699999999999999956, 3.294999999999999929 ) ) ;
#2402 = CARTESIAN_POINT ( 'NONE',  ( -9.499999999999998224, 0.000000000000000000, 3.699999999999998845 ) ) ;
#2403 = EDGE_CURVE ( 'NONE', #215, #1170, #155, .T. ) ;
#2404 = CARTESIAN_POINT ( 'NONE',  ( -7.699999999999994849, 0.1000000000000000056, -0.1000000000000008521 ) ) ;
#2405 = EDGE_CURVE ( 'NONE', #614, #1896, #723, .T. ) ;
#2406 = VECTOR ( 'NONE', #588, 1000.000000000000000 ) ;
#2407 = PLANE ( 'NONE',  #1602 ) ;
#2408 = CARTESIAN_POINT ( 'NONE',  ( 11.50000000000000533, 0.1000000000000000056, 3.699999999999978861 ) ) ;
#2409 = CARTESIAN_POINT ( 'NONE',  ( 0.000000000000000000, 0.1000000000000000056, 0.000000000000000000 ) ) ;
#2410 = EDGE_CURVE ( 'NONE', #2157, #1804, #1343, .T. ) ;
#2411 = ORIENTED_EDGE ( 'NONE', *, *, #2022, .T. ) ;
#2412 = CARTESIAN_POINT ( 'NONE',  ( -6.799999999999995381, 0.000000000000000000, -0.1000000000000008521 ) ) ;
#2413 = VECTOR ( 'NONE', #1766, 1000.000000000000000 ) ;
#2414 = AXIS2_PLACEMENT_3D ( 'NONE', #1979, #173, #1792 ) ;
#2415 = CARTESIAN_POINT ( 'NONE',  ( -8.799999999999995381, 0.1000000000000000056, 0.09999999999999914513 ) ) ;
#2416 = EDGE_CURVE ( 'NONE', #1332, #2231, #1775, .T. ) ;
#2417 = COLOUR_RGB ( '',1.000000000000000000, 1.000000000000000000, 1.000000000000000000 ) ;
#2418 = VECTOR ( 'NONE', #787, 1000.000000000000000 ) ;
#2419 = CARTESIAN_POINT ( 'NONE',  ( -10.74999999999999822, 1.699999999999999956, 3.294999999999999929 ) ) ;
#2420 = LINE ( 'NONE', #2432, #2571 ) ;
#2421 = VECTOR ( 'NONE', #700, 1000.000000000000000 ) ;
#2422 = ORIENTED_EDGE ( 'NONE', *, *, #167, .F. ) ;
#2423 = ORIENTED_EDGE ( 'NONE', *, *, #1856, .T. ) ;
#2424 = CARTESIAN_POINT ( 'NONE',  ( -7.899999999999995914, 0.000000000000000000, -0.1000000000000010464 ) ) ;
#2425 = DIRECTION ( 'NONE',  ( -2.344220913482171656E-16, -0.000000000000000000, 1.000000000000000000 ) ) ;
#2426 = PLANE ( 'NONE',  #111 ) ;
#2427 = PLANE ( 'NONE',  #2534 ) ;
#2428 = VECTOR ( 'NONE', #2100, 1000.000000000000000 ) ;
#2429 = DIRECTION ( 'NONE',  ( 0.000000000000000000, -1.000000000000000000, 0.000000000000000000 ) ) ;
#2430 = VECTOR ( 'NONE', #1910, 1000.000000000000000 ) ;
#2431 = PLANE ( 'NONE',  #1557 ) ;
#2432 = CARTESIAN_POINT ( 'NONE',  ( -11.49999999999999822, 0.1000000000000000056, 3.699999999999998845 ) ) ;
#2433 = EDGE_LOOP ( 'NONE', ( #2294, #7, #936, #2120, #2555, #132 ) ) ;
#2434 = EDGE_LOOP ( 'NONE', ( #193, #1881, #513, #6 ) ) ;
#2435 = CARTESIAN_POINT ( 'NONE',  ( -7.699999999999994849, 0.1000000000000000056, 0.9999999999999991118 ) ) ;
#2436 = CARTESIAN_POINT ( 'NONE',  ( 9.500000000000005329, 0.1000000000000000056, 3.699999999999982414 ) ) ;
#2437 = CARTESIAN_POINT ( 'NONE',  ( 0.000000000000000000, 1.699999999999999956, -3.294999999999999929 ) ) ;
#2438 = EDGE_CURVE ( 'NONE', #2057, #1048, #2370, .T. ) ;
#2439 = PLANE ( 'NONE',  #2086 ) ;
#2440 = EDGE_LOOP ( 'NONE', ( #1142, #1913, #793, #524 ) ) ;
#2441 = FACE_OUTER_BOUND ( 'NONE', #2517, .T. ) ;
#2442 = VERTEX_POINT ( 'NONE', #575 ) ;
#2443 = VECTOR ( 'NONE', #1937, 1000.000000000000000 ) ;
#2444 = CARTESIAN_POINT ( 'NONE',  ( -10.74999999999999822, 1.800000000000000044, -3.294999999999999929 ) ) ;
#2445 = EDGE_CURVE ( 'NONE', #1383, #170, #2386, .T. ) ;
#2446 = CARTESIAN_POINT ( 'NONE',  ( 11.50000000000000355, 1.800000000000000044, 4.000000000000000000 ) ) ;
#2447 = ORIENTED_EDGE ( 'NONE', *, *, #1469, .F. ) ;
#2448 = ORIENTED_EDGE ( 'NONE', *, *, #1423, .T. ) ;
#2449 = EDGE_CURVE ( 'NONE', #36, #2011, #140, .T. ) ;
#2450 = DIRECTION ( 'NONE',  ( 1.000000000000000000, 0.000000000000000000, -2.108170890944037276E-16 ) ) ;
#2451 = DIRECTION ( 'NONE',  ( -0.000000000000000000, -0.000000000000000000, 1.000000000000000000 ) ) ;
#2452 = ORIENTED_EDGE ( 'NONE', *, *, #1135, .F. ) ;
#2453 = CARTESIAN_POINT ( 'NONE',  ( -9.749999999999998224, 1.699999999999999956, 4.000000000000000000 ) ) ;
#2454 = ORIENTED_EDGE ( 'NONE', *, *, #1751, .T. ) ;
#2455 = VECTOR ( 'NONE', #551, 1000.000000000000000 ) ;
#2456 = CARTESIAN_POINT ( 'NONE',  ( -9.749999999999998224, 1.699999999999999956, -3.294999999999999929 ) ) ;
#2457 = CARTESIAN_POINT ( 'NONE',  ( 6.799999999999995381, 0.1000000000000000056, 0.09999999999999914513 ) ) ;
#2458 = ORIENTED_EDGE ( 'NONE', *, *, #696, .T. ) ;
#2459 = LINE ( 'NONE', #1262, #1690 ) ;
#2460 = EDGE_CURVE ( 'NONE', #1541, #1156, #945, .T. ) ;
#2461 = VERTEX_POINT ( 'NONE', #1367 ) ;
#2462 = CARTESIAN_POINT ( 'NONE',  ( 11.50000000000000355, 1.800000000000000044, -4.000000000000000000 ) ) ;
#2463 = FACE_OUTER_BOUND ( 'NONE', #436, .T. ) ;
#2464 = DIRECTION ( 'NONE',  ( 0.000000000000000000, 0.000000000000000000, -1.000000000000000000 ) ) ;
#2465 = ORIENTED_EDGE ( 'NONE', *, *, #1189, .T. ) ;
#2466 = ORIENTED_EDGE ( 'NONE', *, *, #1176, .T. ) ;
#2467 = DIRECTION ( 'NONE',  ( 1.000000000000000000, -0.000000000000000000, 0.000000000000000000 ) ) ;
#2468 = CARTESIAN_POINT ( 'NONE',  ( 0.000000000000000000, 1.699999999999999956, -4.000000000000000000 ) ) ;
#2469 = LINE ( 'NONE', #670, #175 ) ;
#2470 = ORIENTED_EDGE ( 'NONE', *, *, #982, .F. ) ;
#2471 = LINE ( 'NONE', #296, #834 ) ;
#2472 = PRODUCT ( 'KXOB25-14X1F-TR', 'KXOB25-14X1F-TR', '', ( #1497 ) ) ;
#2473 = VERTEX_POINT ( 'NONE', #2128 ) ;
#2474 = LINE ( 'NONE', #1699, #73 ) ;
#2475 = VECTOR ( 'NONE', #1286, 1000.000000000000000 ) ;
#2476 = EDGE_CURVE ( 'NONE', #827, #1707, #1126, .T. ) ;
#2477 = DIRECTION ( 'NONE',  ( 0.000000000000000000, 0.000000000000000000, -1.000000000000000000 ) ) ;
#2478 = CARTESIAN_POINT ( 'NONE',  ( 11.50000000000000533, 0.1000000000000000056, 3.699999999999978861 ) ) ;
#2479 = ORIENTED_EDGE ( 'NONE', *, *, #1527, .T. ) ;
#2480 = ORIENTED_EDGE ( 'NONE', *, *, #2364, .F. ) ;
#2481 = ORIENTED_EDGE ( 'NONE', *, *, #1287, .F. ) ;
#2482 = PLANE ( 'NONE',  #1586 ) ;
#2483 = EDGE_CURVE ( 'NONE', #1817, #97, #129, .T. ) ;
#2484 = EDGE_CURVE ( 'NONE', #1891, #164, #1381, .T. ) ;
#2485 = PLANE ( 'NONE',  #1768 ) ;
#2486 = CARTESIAN_POINT ( 'NONE',  ( -7.699999999999994849, 0.000000000000000000, -0.1000000000000008521 ) ) ;
#2487 = CARTESIAN_POINT ( 'NONE',  ( 8.799999999999995381, 0.1000000000000000056, -0.1000000000000008521 ) ) ;
#2488 = VECTOR ( 'NONE', #1009, 1000.000000000000000 ) ;
#2489 = DIRECTION ( 'NONE',  ( 1.000000000000000000, -0.000000000000000000, -0.000000000000000000 ) ) ;
#2490 = PLANE ( 'NONE',  #1998 ) ;
#2491 = EDGE_CURVE ( 'NONE', #2068, #985, #1184, .T. ) ;
#2492 = ORIENTED_EDGE ( 'NONE', *, *, #2315, .T. ) ;
#2493 = ORIENTED_EDGE ( 'NONE', *, *, #2333, .T. ) ;
#2494 = DIRECTION ( 'NONE',  ( -1.000000000000000000, 0.000000000000000000, 2.108170890944037276E-16 ) ) ;
#2495 = DIRECTION ( 'NONE',  ( -1.000000000000000000, 0.000000000000000000, 1.734723475976807094E-15 ) ) ;
#2496 = CARTESIAN_POINT ( 'NONE',  ( 10.75000000000000000, 1.699999999999999956, -3.294999999999999929 ) ) ;
#2497 = EDGE_LOOP ( 'NONE', ( #535, #1729, #1859, #2029 ) ) ;
#2498 = AXIS2_PLACEMENT_3D ( 'NONE', #2468, #1095, #899 ) ;
#2499 = VECTOR ( 'NONE', #660, 1000.000000000000000 ) ;
#2500 = DIRECTION ( 'NONE',  ( -1.000000000000000000, 0.000000000000000000, 0.000000000000000000 ) ) ;
#2501 = VECTOR ( 'NONE', #1675, 1000.000000000000000 ) ;
#2502 = FACE_OUTER_BOUND ( 'NONE', #1518, .T. ) ;
#2503 = LINE ( 'NONE', #877, #1036 ) ;
#2504 = PLANE ( 'NONE',  #2031 ) ;
#2505 = ORIENTED_EDGE ( 'NONE', *, *, #72, .T. ) ;
#2506 = ORIENTED_EDGE ( 'NONE', *, *, #426, .T. ) ;
#2507 = LINE ( 'NONE', #1716, #1416 ) ;
#2508 = CARTESIAN_POINT ( 'NONE',  ( -8.799999999999995381, 0.1000000000000000056, 0.09999999999999914513 ) ) ;
#2509 = EDGE_CURVE ( 'NONE', #1513, #1017, #933, .T. ) ;
#2510 = LINE ( 'NONE', #1150, #1561 ) ;
#2511 = AXIS2_PLACEMENT_3D ( 'NONE', #181, #438, #1616 ) ;
#2512 = LINE ( 'NONE', #712, #1081 ) ;
#2513 = DIRECTION ( 'NONE',  ( -1.000000000000000000, 0.000000000000000000, 0.000000000000000000 ) ) ;
#2514 = DIRECTION ( 'NONE',  ( -0.000000000000000000, -0.000000000000000000, 1.000000000000000000 ) ) ;
#2515 = MECHANICAL_DESIGN_GEOMETRIC_PRESENTATION_REPRESENTATION (  '', ( #2186 ), #2393 ) ;
#2516 = PRODUCT_DEFINITION_SHAPE ( 'NONE', 'NONE',  #330 ) ;
#2517 = EDGE_LOOP ( 'NONE', ( #1844, #1728, #1863, #1255 ) ) ;
#2518 = DIRECTION ( 'NONE',  ( 1.000000000000000000, 0.000000000000000000, -2.108170890944037276E-16 ) ) ;
#2519 = DIRECTION ( 'NONE',  ( 1.000000000000000000, 0.000000000000000000, 0.000000000000000000 ) ) ;
#2520 = EDGE_CURVE ( 'NONE', #2011, #2068, #2000, .T. ) ;
#2521 = CARTESIAN_POINT ( 'NONE',  ( 0.000000000000000000, 1.699999999999999956, 3.294999999999999929 ) ) ;
#2522 = DIRECTION ( 'NONE',  ( 0.000000000000000000, 0.000000000000000000, -1.000000000000000000 ) ) ;
#2523 = EDGE_CURVE ( 'NONE', #2252, #255, #1604, .T. ) ;
#2524 = FACE_OUTER_BOUND ( 'NONE', #1092, .T. ) ;
#2525 = CARTESIAN_POINT ( 'NONE',  ( 6.799999999999995381, 0.000000000000000000, -0.1000000000000008521 ) ) ;
#2526 = ORIENTED_EDGE ( 'NONE', *, *, #2554, .T. ) ;
#2527 = VECTOR ( 'NONE', #1802, 1000.000000000000000 ) ;
#2528 = EDGE_CURVE ( 'NONE', #352, #75, #999, .T. ) ;
#2529 = ORIENTED_EDGE ( 'NONE', *, *, #1678, .T. ) ;
#2530 = ORIENTED_EDGE ( 'NONE', *, *, #2194, .F. ) ;
#2531 = ORIENTED_EDGE ( 'NONE', *, *, #188, .F. ) ;
#2532 = CARTESIAN_POINT ( 'NONE',  ( -7.699999999999994849, 0.000000000000000000, 0.9999999999999991118 ) ) ;
#2533 = CARTESIAN_POINT ( 'NONE',  ( -10.74999999999999822, 1.800000000000000044, 3.294999999999999929 ) ) ;
#2534 = AXIS2_PLACEMENT_3D ( 'NONE', #2232, #44, #838 ) ;
#2535 = FACE_OUTER_BOUND ( 'NONE', #1719, .T. ) ;
#2536 = CARTESIAN_POINT ( 'NONE',  ( -8.799999999999995381, 0.1000000000000000056, 0.09999999999999914513 ) ) ;
#2537 = CARTESIAN_POINT ( 'NONE',  ( 10.75000000000000000, 1.699999999999999956, 3.294999999999999929 ) ) ;
#2538 = EDGE_CURVE ( 'NONE', #2285, #2142, #2020, .T. ) ;
#2539 = ORIENTED_EDGE ( 'NONE', *, *, #437, .T. ) ;
#2540 = AXIS2_PLACEMENT_3D ( 'NONE', #1926, #918, #2549 ) ;
#2541 = ORIENTED_EDGE ( 'NONE', *, *, #1085, .T. ) ;
#2542 = CARTESIAN_POINT ( 'NONE',  ( 0.000000000000000000, 1.800000000000000044, 3.294999999999999929 ) ) ;
#2543 = DIRECTION ( 'NONE',  ( 0.000000000000000000, 1.000000000000000000, 0.000000000000000000 ) ) ;
#2544 = FACE_OUTER_BOUND ( 'NONE', #644, .T. ) ;
#2545 = ORIENTED_EDGE ( 'NONE', *, *, #849, .F. ) ;
#2546 = ORIENTED_EDGE ( 'NONE', *, *, #1884, .F. ) ;
#2547 = VECTOR ( 'NONE', #2489, 1000.000000000000000 ) ;
#2548 = LINE ( 'NONE', #1958, #1267 ) ;
#2549 = DIRECTION ( 'NONE',  ( 0.000000000000000000, 0.000000000000000000, -1.000000000000000000 ) ) ;
#2550 = CARTESIAN_POINT ( 'NONE',  ( 8.799999999999995381, 0.000000000000000000, 0.09999999999999914513 ) ) ;
#2551 = DIRECTION ( 'NONE',  ( 0.000000000000000000, -1.000000000000000000, 0.000000000000000000 ) ) ;
#2552 = AXIS2_PLACEMENT_3D ( 'NONE', #2536, #1551, #1528 ) ;
#2553 = ORIENTED_EDGE ( 'NONE', *, *, #1469, .T. ) ;
#2554 = EDGE_CURVE ( 'NONE', #985, #288, #1223, .T. ) ;
#2555 = ORIENTED_EDGE ( 'NONE', *, *, #2368, .T. ) ;
#2556 = VECTOR ( 'NONE', #2151, 1000.000000000000000 ) ;
#2557 = SURFACE_STYLE_USAGE ( .BOTH. , #326 ) ;
#2558 = DIRECTION ( 'NONE',  ( -0.000000000000000000, -1.000000000000000000, -0.000000000000000000 ) ) ;
#2559 = AXIS2_PLACEMENT_3D ( 'NONE', #633, #1654, #1097 ) ;
#2560 = CARTESIAN_POINT ( 'NONE',  ( -6.799999999999995381, 0.000000000000000000, 0.09999999999999914513 ) ) ;
#2561 = EDGE_CURVE ( 'NONE', #1745, #178, #1392, .T. ) ;
#2562 = ORIENTED_EDGE ( 'NONE', *, *, #961, .T. ) ;
#2563 = EDGE_CURVE ( 'NONE', #602, #1580, #1826, .T. ) ;
#2564 = LINE ( 'NONE', #955, #1427 ) ;
#2565 = DIRECTION ( 'NONE',  ( -0.000000000000000000, -0.000000000000000000, 1.000000000000000000 ) ) ;
#2566 = LINE ( 'NONE', #169, #1195 ) ;
#2567 = EDGE_LOOP ( 'NONE', ( #898, #85, #726, #659 ) ) ;
#2568 = VERTEX_POINT ( 'NONE', #1211 ) ;
#2569 = CARTESIAN_POINT ( 'NONE',  ( -9.499999999999998224, 0.1000000000000000056, 3.699999999999998845 ) ) ;
#2570 = CARTESIAN_POINT ( 'NONE',  ( -8.799999999999995381, 0.1000000000000000056, -0.1000000000000008521 ) ) ;
#2571 = VECTOR ( 'NONE', #1617, 1000.000000000000000 ) ;
#2572 = ADVANCED_FACE ( 'NONE', ( #1644 ), #792, .F. ) ;
#2573 = FACE_OUTER_BOUND ( 'NONE', #2497, .T. ) ;
#2574 = EDGE_CURVE ( 'NONE', #2358, #1965, #1816, .T. ) ;
#2575 = EDGE_CURVE ( 'NONE', #1281, #1355, #2397, .T. ) ;
#2576 =( NAMED_UNIT ( * ) SI_UNIT ( $, .STERADIAN. ) SOLID_ANGLE_UNIT ( ) );
#2577 = LINE ( 'NONE', #221, #361 ) ;
#2578 = EDGE_LOOP ( 'NONE', ( #1970, #2110, #378, #950 ) ) ;
#2579 = CARTESIAN_POINT ( 'NONE',  ( 0.000000000000000000, 1.699999999999999956, -3.294999999999999929 ) ) ;
#2580 = LINE ( 'NONE', #2330, #187 ) ;
#2581 = VECTOR ( 'NONE', #1805, 1000.000000000000000 ) ;
#2582 = ORIENTED_EDGE ( 'NONE', *, *, #2328, .F. ) ;
#2583 = FACE_OUTER_BOUND ( 'NONE', #1517, .T. ) ;
#2584 = CARTESIAN_POINT ( 'NONE',  ( -7.699999999999994849, 0.1000000000000000056, -0.1000000000000008521 ) ) ;
#2585 = VECTOR ( 'NONE', #1080, 1000.000000000000000 ) ;
#2586 = VECTOR ( 'NONE', #93, 1000.000000000000000 ) ;
#2587 = LINE ( 'NONE', #1177, #2093 ) ;
#2588 = ORIENTED_EDGE ( 'NONE', *, *, #585, .T. ) ;
#2589 = EDGE_CURVE ( 'NONE', #255, #1965, #2420, .T. ) ;
#2590 = FACE_OUTER_BOUND ( 'NONE', #2360, .T. ) ;
#2591 = CARTESIAN_POINT ( 'NONE',  ( -8.799999999999995381, 0.000000000000000000, -0.1000000000000008521 ) ) ;
#2592 = CARTESIAN_POINT ( 'NONE',  ( -11.49999999999999822, 0.000000000000000000, 3.699999999999998845 ) ) ;
#2593 = ADVANCED_FACE ( 'NONE', ( #1848 ), #2034, .T. ) ;
#2594 = EDGE_LOOP ( 'NONE', ( #2076, #1020, #380, #1269 ) ) ;
#2595 = CARTESIAN_POINT ( 'NONE',  ( -9.749999999999998224, 1.699999999999999956, -0.000000000000000000 ) ) ;
#2596 = DIRECTION ( 'NONE',  ( 0.000000000000000000, 0.000000000000000000, -1.000000000000000000 ) ) ;
#2597 = VECTOR ( 'NONE', #623, 1000.000000000000000 ) ;
#2598 = LINE ( 'NONE', #1055, #161 ) ;
ENDSEC;
END-ISO-10303-21;
