ISO-10303-21;
HEADER;
/* Generated by software containing ST-Developer
 * from STEP Tools, Inc. (www.steptools.com) 
 */
/* OPTION: using custom renumber hook */

FILE_DESCRIPTION(
/* description */ ('STEP AP214'),
/* implementation_level */ '2;1');

FILE_NAME(
/* name */ 'PTS636SL43SMTRLFS',
/* time_stamp */ '2024-03-08T20:32:48+01:00',
/* author */ ('License CC BY-ND 4.0'),
/* organization */ ('CADENAS'),
/* preprocessor_version */ 'ST-DEVELOPER v19.3',
/* originating_system */ 'PARTsolutions',
/* authorisation */ '  ');

FILE_SCHEMA (('AUTOMOTIVE_DESIGN {1 0 10303 214 3 1 1}'));
ENDSEC;

DATA;
#10=PROPERTY_DEFINITION_REPRESENTATION(#14,#12);
#11=PROPERTY_DEFINITION_REPRESENTATION(#15,#13);
#12=REPRESENTATION('',(#16),#8324);
#13=REPRESENTATION('',(#17),#8324);
#14=PROPERTY_DEFINITION('pmi validation property','',#8349);
#15=PROPERTY_DEFINITION('pmi validation property','',#8349);
#16=VALUE_REPRESENTATION_ITEM('number of annotations',COUNT_MEASURE(0.));
#17=VALUE_REPRESENTATION_ITEM('number of views',COUNT_MEASURE(0.));
#18=ELLIPSE('',#4912,0.2386304,0.2);
#19=ELLIPSE('',#4913,0.2386304,0.2);
#20=ELLIPSE('',#4914,0.2386304,0.2);
#21=ELLIPSE('',#4915,0.2386304,0.2);
#22=ELLIPSE('',#4957,0.100003,0.1);
#23=ELLIPSE('',#4958,0.100003,0.1);
#24=SPHERICAL_SURFACE('',#4781,0.1);
#25=SPHERICAL_SURFACE('',#4784,0.1);
#26=SPHERICAL_SURFACE('',#4797,0.1);
#27=SPHERICAL_SURFACE('',#4803,0.1);
#28=SPHERICAL_SURFACE('',#4813,0.1);
#29=SPHERICAL_SURFACE('',#4825,0.1);
#30=SPHERICAL_SURFACE('',#4831,0.1);
#31=SPHERICAL_SURFACE('',#4835,0.1);
#32=SPHERICAL_SURFACE('',#4907,0.1);
#33=SPHERICAL_SURFACE('',#4921,0.1);
#34=SPHERICAL_SURFACE('',#4931,0.1);
#35=SPHERICAL_SURFACE('',#4935,0.1);
#36=SPHERICAL_SURFACE('',#4941,0.1);
#37=SPHERICAL_SURFACE('',#4979,0.1);
#38=SPHERICAL_SURFACE('',#4985,0.1);
#39=SPHERICAL_SURFACE('',#4989,0.1);
#40=B_SPLINE_CURVE_WITH_KNOTS('',3,(#6775,#6776,#6777,#6778,#6779,#6780,
#6781,#6782),.UNSPECIFIED.,.F.,.F.,(4,2,2,4),(0.,0.289667910306918,0.558799264532137,
1.),.UNSPECIFIED.);
#41=B_SPLINE_CURVE_WITH_KNOTS('',3,(#6785,#6786,#6787,#6788),
 .UNSPECIFIED.,.F.,.F.,(4,4),(0.,1.),.UNSPECIFIED.);
#42=B_SPLINE_CURVE_WITH_KNOTS('',3,(#6790,#6791,#6792,#6793,#6794,#6795,
#6796,#6797),.UNSPECIFIED.,.F.,.F.,(4,2,2,4),(0.,0.319153558534342,0.656062300769838,
1.),.UNSPECIFIED.);
#43=B_SPLINE_CURVE_WITH_KNOTS('',3,(#6799,#6800,#6801,#6802,#6803,#6804),
 .UNSPECIFIED.,.F.,.F.,(4,1,1,4),(0.,0.25,0.5,1.),.UNSPECIFIED.);
#44=B_SPLINE_CURVE_WITH_KNOTS('',3,(#6809,#6810,#6811,#6812),
 .UNSPECIFIED.,.F.,.F.,(4,4),(7.49595819600667E-13,0.000468775824041939),
 .UNSPECIFIED.);
#45=B_SPLINE_CURVE_WITH_KNOTS('',3,(#6816,#6817,#6818,#6819),
 .UNSPECIFIED.,.F.,.F.,(4,4),(5.74946715737087E-15,0.000468774273996774),
 .UNSPECIFIED.);
#46=B_SPLINE_CURVE_WITH_KNOTS('',3,(#6823,#6824,#6825,#6826,#6827,#6828),
 .UNSPECIFIED.,.F.,.F.,(4,1,1,4),(0.,0.5,0.75,1.),.UNSPECIFIED.);
#47=B_SPLINE_CURVE_WITH_KNOTS('',3,(#6841,#6842,#6843,#6844),
 .UNSPECIFIED.,.F.,.F.,(4,4),(7.49459058152197E-13,0.000468775824041939),
 .UNSPECIFIED.);
#48=B_SPLINE_CURVE_WITH_KNOTS('',3,(#6848,#6849,#6850,#6851),
 .UNSPECIFIED.,.F.,.F.,(4,4),(5.74861210511669E-15,0.000468774273996918),
 .UNSPECIFIED.);
#49=B_SPLINE_CURVE_WITH_KNOTS('',3,(#6855,#6856,#6857,#6858,#6859,#6860),
 .UNSPECIFIED.,.F.,.F.,(4,1,1,4),(0.,0.5,0.75,1.),.UNSPECIFIED.);
#50=B_SPLINE_CURVE_WITH_KNOTS('',3,(#6869,#6870,#6871,#6872,#6873,#6874),
 .UNSPECIFIED.,.F.,.F.,(4,1,1,4),(0.,0.25,0.5,1.),.UNSPECIFIED.);
#51=B_SPLINE_CURVE_WITH_KNOTS('',3,(#6878,#6879,#6880,#6881),
 .UNSPECIFIED.,.F.,.F.,(4,4),(0.,1.),.UNSPECIFIED.);
#52=B_SPLINE_CURVE_WITH_KNOTS('',1,(#6908,#6909),.UNSPECIFIED.,.F.,.F.,
(2,2),(0.,1.),.UNSPECIFIED.);
#53=B_SPLINE_CURVE_WITH_KNOTS('',3,(#6912,#6913,#6914,#6915,#6916),
 .UNSPECIFIED.,.F.,.F.,(4,1,4),(0.,0.499617154359059,1.),.UNSPECIFIED.);
#54=B_SPLINE_CURVE_WITH_KNOTS('',1,(#6917,#6918),.UNSPECIFIED.,.F.,.F.,
(2,2),(0.,1.),.UNSPECIFIED.);
#55=B_SPLINE_CURVE_WITH_KNOTS('',3,(#6920,#6921,#6922,#6923,#6924),
 .UNSPECIFIED.,.F.,.F.,(4,1,4),(1.0842021724855E-19,0.000647053263519755,
0.00129410652703951),.UNSPECIFIED.);
#56=B_SPLINE_CURVE_WITH_KNOTS('',3,(#6933,#6934,#6935,#6936,#6937,#6938,
#6939,#6940),.UNSPECIFIED.,.F.,.F.,(4,2,2,4),(0.,0.421953314105892,0.706914116456707,
1.),.UNSPECIFIED.);
#57=B_SPLINE_CURVE_WITH_KNOTS('',3,(#6941,#6942,#6943,#6944),
 .UNSPECIFIED.,.F.,.F.,(4,4),(4.05671306743674E-19,0.000209111598892886),
 .UNSPECIFIED.);
#58=B_SPLINE_CURVE_WITH_KNOTS('',3,(#6961,#6962,#6963,#6964),
 .UNSPECIFIED.,.F.,.F.,(4,4),(0.,1.),.UNSPECIFIED.);
#59=B_SPLINE_CURVE_WITH_KNOTS('',3,(#6966,#6967,#6968,#6969,#6970,#6971,
#6972,#6973),.UNSPECIFIED.,.F.,.F.,(4,2,2,4),(0.,0.40082197340475,0.695586464689343,
1.),.UNSPECIFIED.);
#60=B_SPLINE_CURVE_WITH_KNOTS('',1,(#6975,#6976),.UNSPECIFIED.,.F.,.F.,
(2,2),(0.,1.),.UNSPECIFIED.);
#61=B_SPLINE_CURVE_WITH_KNOTS('',3,(#6978,#6979,#6980,#6981),
 .UNSPECIFIED.,.F.,.F.,(4,4),(0.,0.000216185411068658),.UNSPECIFIED.);
#62=B_SPLINE_CURVE_WITH_KNOTS('',1,(#6985,#6986),.UNSPECIFIED.,.F.,.F.,
(2,2),(0.,1.),.UNSPECIFIED.);
#63=B_SPLINE_CURVE_WITH_KNOTS('',3,(#7019,#7020,#7021,#7022),
 .UNSPECIFIED.,.F.,.F.,(4,4),(5.5257414354016E-17,0.000629738376572971),
 .UNSPECIFIED.);
#64=B_SPLINE_CURVE_WITH_KNOTS('',3,(#7025,#7026,#7027,#7028),
 .UNSPECIFIED.,.F.,.F.,(4,4),(0.,0.00110602830573549),.UNSPECIFIED.);
#65=B_SPLINE_CURVE_WITH_KNOTS('',2,(#7030,#7031,#7032,#7033,#7034),
 .UNSPECIFIED.,.F.,.F.,(3,2,3),(0.,0.5,1.),.UNSPECIFIED.);
#66=B_SPLINE_CURVE_WITH_KNOTS('',3,(#7036,#7037,#7038,#7039,#7040,#7041,
#7042,#7043),.UNSPECIFIED.,.F.,.F.,(4,1,3,4),(0.,0.500800249261793,1.,1.01),
 .UNSPECIFIED.);
#67=B_SPLINE_CURVE_WITH_KNOTS('',3,(#7049,#7050,#7051,#7052,#7053,#7054,
#7055,#7056,#7057,#7058,#7059),.UNSPECIFIED.,.F.,.F.,(4,3,2,2,4),(-0.0218762642365531,
0.,0.289045297144814,0.577945784560254,1.),.UNSPECIFIED.);
#68=B_SPLINE_CURVE_WITH_KNOTS('',3,(#7060,#7061,#7062,#7063),
 .UNSPECIFIED.,.F.,.F.,(4,4),(4.56996192973765E-16,0.000627303015833509),
 .UNSPECIFIED.);
#69=B_SPLINE_CURVE_WITH_KNOTS('',3,(#7065,#7066,#7067,#7068,#7069,#7070,
#7071,#7072),.UNSPECIFIED.,.F.,.F.,(4,2,2,4),(0.,0.275550039597331,0.550960889559176,
1.),.UNSPECIFIED.);
#70=B_SPLINE_CURVE_WITH_KNOTS('',1,(#7074,#7075),.UNSPECIFIED.,.F.,.F.,
(2,2),(0.,1.),.UNSPECIFIED.);
#71=B_SPLINE_CURVE_WITH_KNOTS('',3,(#7101,#7102,#7103,#7104,#7105,#7106,
#7107,#7108,#7109,#7110,#7111,#7112,#7113),.UNSPECIFIED.,.F.,.F.,(4,2,2,
2,3,4),(0.,0.0311938291251083,0.361863019683193,0.685655097269283,0.995844250939819,
1.00580269344922),.UNSPECIFIED.);
#72=B_SPLINE_CURVE_WITH_KNOTS('',3,(#7114,#7115,#7116,#7117),
 .UNSPECIFIED.,.F.,.F.,(4,4),(0.,0.000112920725224233),.UNSPECIFIED.);
#73=B_SPLINE_CURVE_WITH_KNOTS('',3,(#7123,#7124,#7125,#7126),
 .UNSPECIFIED.,.F.,.F.,(4,4),(0.,0.000164567153685623),.UNSPECIFIED.);
#74=B_SPLINE_CURVE_WITH_KNOTS('',3,(#7128,#7129,#7130,#7131),
 .UNSPECIFIED.,.F.,.F.,(4,4),(1.0842021724855E-19,0.000599195517123698),
 .UNSPECIFIED.);
#75=B_SPLINE_CURVE_WITH_KNOTS('',3,(#7154,#7155,#7156,#7157),
 .UNSPECIFIED.,.F.,.F.,(4,4),(0.,1.),.UNSPECIFIED.);
#76=B_SPLINE_CURVE_WITH_KNOTS('',1,(#7159,#7160),.UNSPECIFIED.,.F.,.F.,
(2,2),(0.,1.),.UNSPECIFIED.);
#77=B_SPLINE_CURVE_WITH_KNOTS('',3,(#7162,#7163,#7164,#7165,#7166,#7167,
#7168,#7169),.UNSPECIFIED.,.F.,.F.,(4,2,2,4),(0.,0.331739339064797,0.661495586726715,
1.),.UNSPECIFIED.);
#78=B_SPLINE_CURVE_WITH_KNOTS('',1,(#7186,#7187),.UNSPECIFIED.,.F.,.F.,
(2,2),(0.,1.),.UNSPECIFIED.);
#79=B_SPLINE_CURVE_WITH_KNOTS('',3,(#7190,#7191,#7192,#7193,#7194,#7195,
#7196,#7197),.UNSPECIFIED.,.F.,.F.,(4,2,2,4),(0.,0.318997405596322,0.655657203119512,
1.),.UNSPECIFIED.);
#80=B_SPLINE_CURVE_WITH_KNOTS('',1,(#7198,#7199),.UNSPECIFIED.,.F.,.F.,
(2,2),(0.,1.),.UNSPECIFIED.);
#81=B_SPLINE_CURVE_WITH_KNOTS('',3,(#7201,#7202,#7203,#7204,#7205,#7206,
#7207,#7208),.UNSPECIFIED.,.F.,.F.,(4,2,2,4),(0.,0.34236893180864,0.666743980538558,
1.),.UNSPECIFIED.);
#82=B_SPLINE_CURVE_WITH_KNOTS('',3,(#7220,#7221,#7222,#7223),
 .UNSPECIFIED.,.F.,.F.,(4,4),(6.18532794669237E-15,0.000468771272450533),
 .UNSPECIFIED.);
#83=B_SPLINE_CURVE_WITH_KNOTS('',3,(#7225,#7226,#7227,#7228),
 .UNSPECIFIED.,.F.,.F.,(4,4),(3.77324016224929E-13,0.000468772785562827),
 .UNSPECIFIED.);
#84=B_SPLINE_CURVE_WITH_KNOTS('',3,(#7230,#7231,#7232,#7233),
 .UNSPECIFIED.,.F.,.F.,(4,4),(6.18488713542287E-15,0.000468771272450388),
 .UNSPECIFIED.);
#85=B_SPLINE_CURVE_WITH_KNOTS('',3,(#7235,#7236,#7237,#7238),
 .UNSPECIFIED.,.F.,.F.,(4,4),(3.77325606590186E-13,0.000468772785563152),
 .UNSPECIFIED.);
#86=B_SPLINE_CURVE_WITH_KNOTS('',3,(#7251,#7252,#7253,#7254),
 .UNSPECIFIED.,.F.,.F.,(4,4),(1.0842021724855E-19,0.000217575036214578),
 .UNSPECIFIED.);
#87=B_SPLINE_CURVE_WITH_KNOTS('',3,(#7271,#7272,#7273,#7274),
 .UNSPECIFIED.,.F.,.F.,(4,4),(0.,1.),.UNSPECIFIED.);
#88=B_SPLINE_CURVE_WITH_KNOTS('',3,(#7323,#7324,#7325,#7326),
 .UNSPECIFIED.,.F.,.F.,(4,4),(0.,1.),.UNSPECIFIED.);
#89=B_SPLINE_CURVE_WITH_KNOTS('',3,(#7327,#7328,#7329,#7330,#7331),
 .UNSPECIFIED.,.F.,.F.,(4,1,4),(3.06658683336675E-19,0.000644934771530472,
0.00128986954306094),.UNSPECIFIED.);
#90=B_SPLINE_CURVE_WITH_KNOTS('',3,(#7333,#7334,#7335,#7336),
 .UNSPECIFIED.,.F.,.F.,(4,4),(0.,1.),.UNSPECIFIED.);
#91=B_SPLINE_CURVE_WITH_KNOTS('',3,(#7379,#7380,#7381,#7382,#7383),
 .UNSPECIFIED.,.F.,.F.,(4,1,4),(0.,0.500395836256037,1.),.UNSPECIFIED.);
#92=B_SPLINE_CURVE_WITH_KNOTS('',1,(#7385,#7386),.UNSPECIFIED.,.F.,.F.,
(2,2),(0.,1.),.UNSPECIFIED.);
#93=B_SPLINE_CURVE_WITH_KNOTS('',3,(#7399,#7400,#7401,#7402,#7403,#7404,
#7405,#7406),.UNSPECIFIED.,.F.,.F.,(4,2,2,4),(0.,0.297336008901133,0.572090552477657,
1.),.UNSPECIFIED.);
#94=B_SPLINE_CURVE_WITH_KNOTS('',3,(#7407,#7408,#7409,#7410),
 .UNSPECIFIED.,.F.,.F.,(4,4),(0.,0.000210286034381648),.UNSPECIFIED.);
#95=B_SPLINE_CURVE_WITH_KNOTS('',3,(#7435,#7436,#7437,#7438,#7439),
 .UNSPECIFIED.,.F.,.F.,(4,1,4),(0.,0.499145450161409,1.),.UNSPECIFIED.);
#96=B_SPLINE_CURVE_WITH_KNOTS('',3,(#7440,#7441,#7442,#7443),
 .UNSPECIFIED.,.F.,.F.,(4,4),(8.94056015336375E-19,0.00238317757618209),
 .UNSPECIFIED.);
#97=B_SPLINE_CURVE_WITH_KNOTS('',3,(#7462,#7463,#7464,#7465,#7466,#7467,
#7468),.UNSPECIFIED.,.F.,.F.,(4,1,1,1,4),(0.,0.25,0.5,0.75,1.),
 .UNSPECIFIED.);
#98=B_SPLINE_CURVE_WITH_KNOTS('',3,(#7469,#7470,#7471,#7472),
 .UNSPECIFIED.,.F.,.F.,(4,4),(0.,1.),.UNSPECIFIED.);
#99=B_SPLINE_CURVE_WITH_KNOTS('',3,(#7474,#7475,#7476,#7477,#7478,#7479,
#7480),.UNSPECIFIED.,.F.,.F.,(4,1,1,1,4),(0.,0.25,0.5,0.75,1.),
 .UNSPECIFIED.);
#100=B_SPLINE_CURVE_WITH_KNOTS('',3,(#7481,#7482,#7483,#7484,#7485,#7486,
#7487,#7488,#7489),.UNSPECIFIED.,.F.,.F.,(4,1,1,1,1,1,4),(0.,0.25,0.375,
0.5,0.625,0.75,1.),.UNSPECIFIED.);
#101=B_SPLINE_CURVE_WITH_KNOTS('',3,(#7490,#7491,#7492,#7493,#7494,#7495,
#7496,#7497,#7498),.UNSPECIFIED.,.F.,.F.,(4,1,1,1,1,1,4),(0.,0.25,0.375,
0.5,0.625,0.75,1.),.UNSPECIFIED.);
#102=B_SPLINE_CURVE_WITH_KNOTS('',3,(#7550,#7551,#7552,#7553),
 .UNSPECIFIED.,.F.,.F.,(4,4),(0.,1.),.UNSPECIFIED.);
#103=B_SPLINE_CURVE_WITH_KNOTS('',3,(#7621,#7622,#7623,#7624),
 .UNSPECIFIED.,.F.,.F.,(4,4),(0.,1.),.UNSPECIFIED.);
#104=B_SPLINE_CURVE_WITH_KNOTS('',3,(#7665,#7666,#7667,#7668),
 .UNSPECIFIED.,.F.,.F.,(4,4),(0.,1.),.UNSPECIFIED.);
#105=B_SPLINE_CURVE_WITH_KNOTS('',3,(#8100,#8101,#8102,#8103),
 .UNSPECIFIED.,.F.,.F.,(4,4),(0.,1.),.UNSPECIFIED.);
#106=B_SPLINE_CURVE_WITH_KNOTS('',3,(#8153,#8154,#8155,#8156),
 .UNSPECIFIED.,.F.,.F.,(4,4),(0.,1.),.UNSPECIFIED.);
#107=B_SPLINE_CURVE_WITH_KNOTS('',3,(#8214,#8215,#8216,#8217),
 .UNSPECIFIED.,.F.,.F.,(4,4),(0.,1.),.UNSPECIFIED.);
#108=B_SPLINE_CURVE_WITH_KNOTS('',3,(#8235,#8236,#8237,#8238),
 .UNSPECIFIED.,.F.,.F.,(4,4),(0.,1.),.UNSPECIFIED.);
#109=B_SPLINE_SURFACE_WITH_KNOTS('',3,3,((#6759,#6760,#6761,#6762),(#6763,
#6764,#6765,#6766),(#6767,#6768,#6769,#6770),(#6771,#6772,#6773,#6774)),
 .UNSPECIFIED.,.F.,.F.,.F.,(4,4),(4,4),(2.62050205344401E-6,1.),(0.,1.00638574948612),
 .UNSPECIFIED.);
#110=B_SPLINE_SURFACE_WITH_KNOTS('',1,3,((#6884,#6885,#6886,#6887,#6888,
#6889,#6890,#6891,#6892,#6893,#6894,#6895),(#6896,#6897,#6898,#6899,#6900,
#6901,#6902,#6903,#6904,#6905,#6906,#6907)),.RULED_SURF.,.F.,.F.,.F.,(2,
2),(4,2,2,2,2,4),(0.00335362437807205,0.999459430537797),(0.00396017197882933,
0.0099009900990099,0.257425742574257,0.504950495049505,0.752475247524752,
1.),.UNSPECIFIED.);
#111=B_SPLINE_SURFACE_WITH_KNOTS('',1,3,((#6925,#6926,#6927,#6928),(#6929,
#6930,#6931,#6932)),.RULED_SURF.,.F.,.F.,.F.,(2,2),(4,4),(0.00336296502613874,
0.996421599239184),(0.,1.),.PIECEWISE_BEZIER_KNOTS.);
#112=B_SPLINE_SURFACE_WITH_KNOTS('',1,3,((#6949,#6950,#6951,#6952,#6953,
#6954),(#6955,#6956,#6957,#6958,#6959,#6960)),.RULED_SURF.,.F.,.F.,.F.,
(2,2),(4,2,4),(0.00383168553557998,0.996657506707984),(0.,0.99009900990099,
0.996039639467248),.UNSPECIFIED.);
#113=B_SPLINE_SURFACE_WITH_KNOTS('',1,3,((#6991,#6992,#6993,#6994,#6995,
#6996,#6997,#6998,#6999,#7000,#7001,#7002,#7003,#7004),(#7005,#7006,#7007,
#7008,#7009,#7010,#7011,#7012,#7013,#7014,#7015,#7016,#7017,#7018)),
 .RULED_SURF.,.F.,.F.,.F.,(2,2),(4,2,2,2,2,2,4),(0.0099009902478916,0.996402072125112),
(0.00379631076222429,0.00980296049406921,0.254876972845799,0.49995098519753,
0.74502499754926,0.99009900990099,0.996084377942156),.UNSPECIFIED.);
#114=B_SPLINE_SURFACE_WITH_KNOTS('',1,3,((#7080,#7081,#7082,#7083,#7084,
#7085,#7086),(#7087,#7088,#7089,#7090,#7091,#7092,#7093),(#7094,#7095,#7096,
#7097,#7098,#7099,#7100)),.RULED_SURF.,.F.,.F.,.F.,(2,1,2),(4,3,4),(0.964044942819484,
1.,1.005),(0.,1.,1.005),.PIECEWISE_BEZIER_KNOTS.);
#115=B_SPLINE_SURFACE_WITH_KNOTS('',1,3,((#7138,#7139,#7140,#7141,#7142,
#7143,#7144,#7145),(#7146,#7147,#7148,#7149,#7150,#7151,#7152,#7153)),
 .RULED_SURF.,.F.,.F.,.F.,(2,2),(4,2,2,4),(0.00364004002772483,0.996037820308296),
(0.00490196078431373,0.00980392156862745,0.990196078431373,0.995098039215687),
 .UNSPECIFIED.);
#116=B_SPLINE_SURFACE_WITH_KNOTS('',1,3,((#7174,#7175,#7176,#7177,#7178,
#7179),(#7180,#7181,#7182,#7183,#7184,#7185)),.RULED_SURF.,.F.,.F.,.F.,
(2,2),(4,2,4),(0.00322902855986301,0.99599133355957),(0.00495049504950495,
0.0099009900990099,1.),.UNSPECIFIED.);
#117=B_SPLINE_SURFACE_WITH_KNOTS('',1,3,((#7239,#7240,#7241,#7242,#7243,
#7244),(#7245,#7246,#7247,#7248,#7249,#7250)),.RULED_SURF.,.F.,.F.,.F.,
(2,2),(4,2,4),(0.00381851303873147,0.99673397436773),(0.00568661445214365,
0.0099009900990099,1.),.UNSPECIFIED.);
#118=B_SPLINE_SURFACE_WITH_KNOTS('',3,3,((#7255,#7256,#7257,#7258),(#7259,
#7260,#7261,#7262),(#7263,#7264,#7265,#7266),(#7267,#7268,#7269,#7270)),
 .UNSPECIFIED.,.F.,.F.,.F.,(4,4),(4,4),(3.14159909882254E-6,1.),(-0.00661160945572516,
1.),.UNSPECIFIED.);
#119=B_SPLINE_SURFACE_WITH_KNOTS('',3,3,((#7275,#7276,#7277,#7278,#7279,
#7280,#7281,#7282),(#7283,#7284,#7285,#7286,#7287,#7288,#7289,#7290),(#7291,
#7292,#7293,#7294,#7295,#7296,#7297,#7298),(#7299,#7300,#7301,#7302,#7303,
#7304,#7305,#7306),(#7307,#7308,#7309,#7310,#7311,#7312,#7313,#7314),(#7315,
#7316,#7317,#7318,#7319,#7320,#7321,#7322)),.UNSPECIFIED.,.F.,.F.,.F.,(4,
2,4),(4,2,2,4),(0.,0.5,1.),(0.00286648429780599,0.0099009900990099,0.990197039505931,
0.996211953604279),.UNSPECIFIED.);
#120=B_SPLINE_SURFACE_WITH_KNOTS('',1,3,((#7337,#7338,#7339,#7340,#7341,
#7342,#7343,#7344,#7345,#7346,#7347,#7348,#7349,#7350),(#7351,#7352,#7353,
#7354,#7355,#7356,#7357,#7358,#7359,#7360,#7361,#7362,#7363,#7364),(#7365,
#7366,#7367,#7368,#7369,#7370,#7371,#7372,#7373,#7374,#7375,#7376,#7377,
#7378)),.RULED_SURF.,.F.,.F.,.F.,(2,1,2),(4,2,2,2,2,2,4),(-0.005,0.,0.996050184289047),
(0.00392136709397958,0.00980392156862745,0.254901960784314,0.5,0.745098039215686,
0.990196078431373,0.996078654097713),.UNSPECIFIED.);
#121=B_SPLINE_SURFACE_WITH_KNOTS('',1,3,((#7387,#7388,#7389,#7390,#7391,
#7392),(#7393,#7394,#7395,#7396,#7397,#7398)),.RULED_SURF.,.F.,.F.,.F.,
(2,2),(4,2,4),(0.00335284754632144,0.996426746444677),(0.005518761074403,
0.0099009900990099,1.),.UNSPECIFIED.);
#122=B_SPLINE_SURFACE_WITH_KNOTS('',1,3,((#7415,#7416,#7417,#7418,#7419,
#7420,#7421,#7422,#7423,#7424),(#7425,#7426,#7427,#7428,#7429,#7430,#7431,
#7432,#7433,#7434)),.RULED_SURF.,.F.,.F.,.F.,(2,2),(4,2,2,2,4),(0.00392099307975851,
0.996171355856036),(0.,0.25,0.5,0.75,1.),.UNSPECIFIED.);
#123=B_SPLINE_SURFACE_WITH_KNOTS('',3,3,((#7446,#7447,#7448,#7449),(#7450,
#7451,#7452,#7453),(#7454,#7455,#7456,#7457),(#7458,#7459,#7460,#7461)),
 .UNSPECIFIED.,.F.,.F.,.F.,(4,4),(4,4),(0.,0.999994788196701),(-0.00641939347866257,
1.),.UNSPECIFIED.);
#124=B_SPLINE_SURFACE_WITH_KNOTS('',3,3,((#7502,#7503,#7504,#7505,#7506,
#7507,#7508,#7509),(#7510,#7511,#7512,#7513,#7514,#7515,#7516,#7517),(#7518,
#7519,#7520,#7521,#7522,#7523,#7524,#7525),(#7526,#7527,#7528,#7529,#7530,
#7531,#7532,#7533),(#7534,#7535,#7536,#7537,#7538,#7539,#7540,#7541),(#7542,
#7543,#7544,#7545,#7546,#7547,#7548,#7549)),.UNSPECIFIED.,.F.,.F.,.F.,(4,
2,4),(4,2,2,4),(0.,0.5,1.),(0.00272524886938917,0.00980296049406921,0.99009900990099,
0.996112669508887),.UNSPECIFIED.);
#125=B_SPLINE_SURFACE_WITH_KNOTS('',3,3,((#7557,#7558,#7559,#7560),(#7561,
#7562,#7563,#7564),(#7565,#7566,#7567,#7568),(#7569,#7570,#7571,#7572)),
 .UNSPECIFIED.,.F.,.F.,.F.,(4,4),(4,4),(0.,0.999995657506183),(0.,1.00626452592674),
 .UNSPECIFIED.);
#126=B_SPLINE_SURFACE_WITH_KNOTS('',3,3,((#7573,#7574,#7575,#7576),(#7577,
#7578,#7579,#7580),(#7581,#7582,#7583,#7584),(#7585,#7586,#7587,#7588)),
 .UNSPECIFIED.,.F.,.F.,.F.,(4,4),(4,4),(0.,0.999994778843652),(0.,1.00640691453859),
 .UNSPECIFIED.);
#127=B_SPLINE_SURFACE_WITH_KNOTS('',3,3,((#7589,#7590,#7591,#7592),(#7593,
#7594,#7595,#7596),(#7597,#7598,#7599,#7600),(#7601,#7602,#7603,#7604)),
 .UNSPECIFIED.,.F.,.F.,.F.,(4,4),(4,4),(0.,0.999995644609642),(-0.00626561109543879,
1.),.UNSPECIFIED.);
#128=B_SPLINE_SURFACE_WITH_KNOTS('',3,3,((#7605,#7606,#7607,#7608),(#7609,
#7610,#7611,#7612),(#7613,#7614,#7615,#7616),(#7617,#7618,#7619,#7620)),
 .UNSPECIFIED.,.F.,.F.,.F.,(4,4),(4,4),(2.62414413543417E-6,1.),(-0.00638733284193877,
1.),.UNSPECIFIED.);
#129=B_SPLINE_SURFACE_WITH_KNOTS('',3,3,((#7625,#7626,#7627,#7628),(#7629,
#7630,#7631,#7632),(#7633,#7634,#7635,#7636),(#7637,#7638,#7639,#7640),
(#7641,#7642,#7643,#7644),(#7645,#7646,#7647,#7648)),.UNSPECIFIED.,.F.,
 .F.,.F.,(4,2,4),(4,4),(0.0155029456375389,0.499191453768344,0.98287996189915),
(-0.00600787482274351,1.00600137216722),.UNSPECIFIED.);
#130=B_SPLINE_SURFACE_WITH_KNOTS('',3,3,((#7649,#7650,#7651,#7652),(#7653,
#7654,#7655,#7656),(#7657,#7658,#7659,#7660),(#7661,#7662,#7663,#7664)),
 .UNSPECIFIED.,.F.,.F.,.F.,(4,4),(4,4),(3.05610252719288E-6,1.),(0.,1.00659340782531),
 .UNSPECIFIED.);
#131=B_SPLINE_SURFACE_WITH_KNOTS('',3,3,((#7669,#7670,#7671,#7672),(#7673,
#7674,#7675,#7676),(#7677,#7678,#7679,#7680),(#7681,#7682,#7683,#7684),
(#7685,#7686,#7687,#7688),(#7689,#7690,#7691,#7692)),.UNSPECIFIED.,.F.,
 .F.,.F.,(4,2,4),(4,4),(0.0167348250414129,0.500623369526477,0.984511914011541),
(-0.00600980249971714,1.00625826187599),.UNSPECIFIED.);
#132=B_SPLINE_SURFACE_WITH_KNOTS('',3,3,((#8218,#8219,#8220,#8221),(#8222,
#8223,#8224,#8225),(#8226,#8227,#8228,#8229),(#8230,#8231,#8232,#8233)),
 .UNSPECIFIED.,.F.,.F.,.F.,(4,4),(4,4),(0.,1.),(-0.0121228963890031,1.),
 .UNSPECIFIED.);
#133=B_SPLINE_SURFACE_WITH_KNOTS('',3,3,((#8241,#8242,#8243,#8244),(#8245,
#8246,#8247,#8248),(#8249,#8250,#8251,#8252),(#8253,#8254,#8255,#8256)),
 .UNSPECIFIED.,.F.,.F.,.F.,(4,4),(4,4),(0.,1.),(-0.0121926981726048,1.),
 .UNSPECIFIED.);
#134=B_SPLINE_SURFACE_WITH_KNOTS('',3,3,((#8279,#8280,#8281,#8282),(#8283,
#8284,#8285,#8286),(#8287,#8288,#8289,#8290),(#8291,#8292,#8293,#8294)),
 .UNSPECIFIED.,.F.,.F.,.F.,(4,4),(4,4),(0.,1.),(-0.0121926981726146,1.),
 .UNSPECIFIED.);
#135=B_SPLINE_SURFACE_WITH_KNOTS('',3,3,((#8307,#8308,#8309,#8310),(#8311,
#8312,#8313,#8314),(#8315,#8316,#8317,#8318),(#8319,#8320,#8321,#8322)),
 .UNSPECIFIED.,.F.,.F.,.F.,(4,4),(4,4),(0.,1.),(-0.0121228963890056,1.),
 .UNSPECIFIED.);
#136=CONTEXT_DEPENDENT_SHAPE_REPRESENTATION(#156,#8351);
#137=CONTEXT_DEPENDENT_SHAPE_REPRESENTATION(#157,#8353);
#138=CONTEXT_DEPENDENT_SHAPE_REPRESENTATION(#158,#8355);
#139=CONTEXT_DEPENDENT_SHAPE_REPRESENTATION(#159,#8357);
#140=CONTEXT_DEPENDENT_SHAPE_REPRESENTATION(#160,#8359);
#141=CONTEXT_DEPENDENT_SHAPE_REPRESENTATION(#161,#8361);
#142=CONTEXT_DEPENDENT_SHAPE_REPRESENTATION(#162,#8363);
#143=CONTEXT_DEPENDENT_SHAPE_REPRESENTATION(#163,#8365);
#144=CONTEXT_DEPENDENT_SHAPE_REPRESENTATION(#164,#8367);
#145=CONTEXT_DEPENDENT_SHAPE_REPRESENTATION(#165,#8369);
#146=NEXT_ASSEMBLY_USAGE_OCCURRENCE('NAUO1','PTS636SL43SMTRLFS_PART1',
'PTS636SL43SMTRLFS_PART1',#8370,#8371,'');
#147=NEXT_ASSEMBLY_USAGE_OCCURRENCE('NAUO2','PTS636SL43SMTRLFS_PART2',
'PTS636SL43SMTRLFS_PART2',#8370,#8372,'');
#148=NEXT_ASSEMBLY_USAGE_OCCURRENCE('NAUO3','PTS636SL43SMTRLFS_PART3',
'PTS636SL43SMTRLFS_PART3',#8370,#8373,'');
#149=NEXT_ASSEMBLY_USAGE_OCCURRENCE('NAUO4','PTS636SL43SMTRLFS_PART4',
'PTS636SL43SMTRLFS_PART4',#8370,#8374,'');
#150=NEXT_ASSEMBLY_USAGE_OCCURRENCE('NAUO5','PTS636SL43SMTRLFS_PART5',
'PTS636SL43SMTRLFS_PART5',#8370,#8375,'');
#151=NEXT_ASSEMBLY_USAGE_OCCURRENCE('NAUO6','PTS636SL43SMTRLFS_PART6',
'PTS636SL43SMTRLFS_PART6',#8370,#8376,'');
#152=NEXT_ASSEMBLY_USAGE_OCCURRENCE('NAUO7','PTS636SL43SMTRLFS_PART7',
'PTS636SL43SMTRLFS_PART7',#8370,#8377,'');
#153=NEXT_ASSEMBLY_USAGE_OCCURRENCE('NAUO8','PTS636SL43SMTRLFS_PART8',
'PTS636SL43SMTRLFS_PART8',#8370,#8378,'');
#154=NEXT_ASSEMBLY_USAGE_OCCURRENCE('NAUO9','PTS636SL43SMTRLFS_PART9',
'PTS636SL43SMTRLFS_PART9',#8370,#8379,'');
#155=NEXT_ASSEMBLY_USAGE_OCCURRENCE('NAUO10','PTS636SL43SMTRLFS_PART10',
'PTS636SL43SMTRLFS_PART10',#8370,#8380,'');
#156=(
REPRESENTATION_RELATIONSHIP(' ',' ',#4575,#4574)
REPRESENTATION_RELATIONSHIP_WITH_TRANSFORMATION(#166)
SHAPE_REPRESENTATION_RELATIONSHIP()
);
#157=(
REPRESENTATION_RELATIONSHIP(' ',' ',#4576,#4574)
REPRESENTATION_RELATIONSHIP_WITH_TRANSFORMATION(#167)
SHAPE_REPRESENTATION_RELATIONSHIP()
);
#158=(
REPRESENTATION_RELATIONSHIP(' ',' ',#4577,#4574)
REPRESENTATION_RELATIONSHIP_WITH_TRANSFORMATION(#168)
SHAPE_REPRESENTATION_RELATIONSHIP()
);
#159=(
REPRESENTATION_RELATIONSHIP(' ',' ',#4578,#4574)
REPRESENTATION_RELATIONSHIP_WITH_TRANSFORMATION(#169)
SHAPE_REPRESENTATION_RELATIONSHIP()
);
#160=(
REPRESENTATION_RELATIONSHIP(' ',' ',#4579,#4574)
REPRESENTATION_RELATIONSHIP_WITH_TRANSFORMATION(#170)
SHAPE_REPRESENTATION_RELATIONSHIP()
);
#161=(
REPRESENTATION_RELATIONSHIP(' ',' ',#4580,#4574)
REPRESENTATION_RELATIONSHIP_WITH_TRANSFORMATION(#171)
SHAPE_REPRESENTATION_RELATIONSHIP()
);
#162=(
REPRESENTATION_RELATIONSHIP(' ',' ',#4581,#4574)
REPRESENTATION_RELATIONSHIP_WITH_TRANSFORMATION(#172)
SHAPE_REPRESENTATION_RELATIONSHIP()
);
#163=(
REPRESENTATION_RELATIONSHIP(' ',' ',#4582,#4574)
REPRESENTATION_RELATIONSHIP_WITH_TRANSFORMATION(#173)
SHAPE_REPRESENTATION_RELATIONSHIP()
);
#164=(
REPRESENTATION_RELATIONSHIP(' ',' ',#4583,#4574)
REPRESENTATION_RELATIONSHIP_WITH_TRANSFORMATION(#174)
SHAPE_REPRESENTATION_RELATIONSHIP()
);
#165=(
REPRESENTATION_RELATIONSHIP(' ',' ',#4584,#4574)
REPRESENTATION_RELATIONSHIP_WITH_TRANSFORMATION(#175)
SHAPE_REPRESENTATION_RELATIONSHIP()
);
#166=ITEM_DEFINED_TRANSFORMATION(' ',' ',#4585,#4704);
#167=ITEM_DEFINED_TRANSFORMATION(' ',' ',#4585,#4716);
#168=ITEM_DEFINED_TRANSFORMATION(' ',' ',#4585,#4728);
#169=ITEM_DEFINED_TRANSFORMATION(' ',' ',#4585,#4771);
#170=ITEM_DEFINED_TRANSFORMATION(' ',' ',#4585,#4806);
#171=ITEM_DEFINED_TRANSFORMATION(' ',' ',#4585,#4841);
#172=ITEM_DEFINED_TRANSFORMATION(' ',' ',#4585,#4876);
#173=ITEM_DEFINED_TRANSFORMATION(' ',' ',#4585,#4888);
#174=ITEM_DEFINED_TRANSFORMATION(' ',' ',#4585,#4900);
#175=ITEM_DEFINED_TRANSFORMATION(' ',' ',#4585,#4990);
#176=SHAPE_REPRESENTATION_RELATIONSHIP('','',#4575,#186);
#177=SHAPE_REPRESENTATION_RELATIONSHIP('','',#4576,#187);
#178=SHAPE_REPRESENTATION_RELATIONSHIP('','',#4577,#188);
#179=SHAPE_REPRESENTATION_RELATIONSHIP('','',#4578,#189);
#180=SHAPE_REPRESENTATION_RELATIONSHIP('','',#4579,#190);
#181=SHAPE_REPRESENTATION_RELATIONSHIP('','',#4580,#191);
#182=SHAPE_REPRESENTATION_RELATIONSHIP('','',#4581,#192);
#183=SHAPE_REPRESENTATION_RELATIONSHIP('','',#4582,#193);
#184=SHAPE_REPRESENTATION_RELATIONSHIP('','',#4583,#194);
#185=SHAPE_REPRESENTATION_RELATIONSHIP('','',#4584,#195);
#186=ADVANCED_BREP_SHAPE_REPRESENTATION('',(#4553),#8325);
#187=ADVANCED_BREP_SHAPE_REPRESENTATION('',(#4554),#8326);
#188=ADVANCED_BREP_SHAPE_REPRESENTATION('',(#4555),#8327);
#189=ADVANCED_BREP_SHAPE_REPRESENTATION('',(#4556),#8328);
#190=ADVANCED_BREP_SHAPE_REPRESENTATION('',(#4557),#8329);
#191=ADVANCED_BREP_SHAPE_REPRESENTATION('',(#4558),#8330);
#192=ADVANCED_BREP_SHAPE_REPRESENTATION('',(#4559),#8331);
#193=ADVANCED_BREP_SHAPE_REPRESENTATION('',(#4560),#8332);
#194=ADVANCED_BREP_SHAPE_REPRESENTATION('',(#4561),#8333);
#195=ADVANCED_BREP_SHAPE_REPRESENTATION('',(#4562),#8334);
#196=CIRCLE('',#4588,0.15);
#197=CIRCLE('',#4589,0.15);
#198=CIRCLE('',#4595,0.1);
#199=CIRCLE('',#4596,0.1);
#200=CIRCLE('',#4599,0.4);
#201=CIRCLE('',#4601,0.15);
#202=CIRCLE('',#4602,0.15);
#203=CIRCLE('',#4606,0.1);
#204=CIRCLE('',#4611,0.1);
#205=CIRCLE('',#4612,0.1);
#206=CIRCLE('',#4615,0.25);
#207=CIRCLE('',#4616,0.25);
#208=CIRCLE('',#4618,0.25);
#209=CIRCLE('',#4619,0.25);
#210=CIRCLE('',#4620,0.25);
#211=CIRCLE('',#4629,0.4);
#212=CIRCLE('',#4631,0.15);
#213=CIRCLE('',#4632,0.15);
#214=CIRCLE('',#4641,0.1);
#215=CIRCLE('',#4643,0.15);
#216=CIRCLE('',#4644,0.15);
#217=CIRCLE('',#4648,0.15);
#218=CIRCLE('',#4649,0.15);
#219=CIRCLE('',#4655,0.1);
#220=CIRCLE('',#4658,0.25);
#221=CIRCLE('',#4661,0.25);
#222=CIRCLE('',#4662,0.25);
#223=CIRCLE('',#4663,0.25);
#224=CIRCLE('',#4664,0.1);
#225=CIRCLE('',#4665,0.15);
#226=CIRCLE('',#4666,0.15);
#227=CIRCLE('',#4667,0.15);
#228=CIRCLE('',#4671,0.25);
#229=CIRCLE('',#4674,0.15);
#230=CIRCLE('',#4676,0.4);
#231=CIRCLE('',#4678,0.25);
#232=CIRCLE('',#4680,0.25);
#233=CIRCLE('',#4683,0.15);
#234=CIRCLE('',#4684,0.15);
#235=CIRCLE('',#4685,0.4);
#236=CIRCLE('',#4730,5.8018101);
#237=CIRCLE('',#4731,5.8718101);
#238=CIRCLE('',#4733,5.8018101);
#239=CIRCLE('',#4734,5.8018101);
#240=CIRCLE('',#4735,5.8018101);
#241=CIRCLE('',#4736,5.8018101);
#242=CIRCLE('',#4737,5.8018101);
#243=CIRCLE('',#4738,5.8018101);
#244=CIRCLE('',#4739,5.8018101);
#245=CIRCLE('',#4740,5.8018101);
#246=CIRCLE('',#4741,5.8018101);
#247=CIRCLE('',#4743,5.8718101);
#248=CIRCLE('',#4746,5.8718101);
#249=CIRCLE('',#4748,5.8718101);
#250=CIRCLE('',#4750,5.8718101);
#251=CIRCLE('',#4752,5.8718101);
#252=CIRCLE('',#4754,5.8718101);
#253=CIRCLE('',#4757,5.8718101);
#254=CIRCLE('',#4760,5.8718101);
#255=CIRCLE('',#4768,5.8718101);
#256=CIRCLE('',#4773,0.1);
#257=CIRCLE('',#4774,0.1);
#258=CIRCLE('',#4775,0.1);
#259=CIRCLE('',#4776,0.1);
#260=CIRCLE('',#4779,0.1);
#261=CIRCLE('',#4780,0.1);
#262=CIRCLE('',#4782,0.1);
#263=CIRCLE('',#4783,0.1);
#264=CIRCLE('',#4785,0.1);
#265=CIRCLE('',#4786,0.1);
#266=CIRCLE('',#4787,0.1);
#267=CIRCLE('',#4791,0.1);
#268=CIRCLE('',#4796,0.1);
#269=CIRCLE('',#4798,0.1);
#270=CIRCLE('',#4799,0.1);
#271=CIRCLE('',#4804,0.1);
#272=CIRCLE('',#4808,0.1);
#273=CIRCLE('',#4809,0.1);
#274=CIRCLE('',#4811,0.1);
#275=CIRCLE('',#4812,0.1);
#276=CIRCLE('',#4814,0.1);
#277=CIRCLE('',#4815,0.1);
#278=CIRCLE('',#4816,0.1);
#279=CIRCLE('',#4818,0.1);
#280=CIRCLE('',#4819,0.1);
#281=CIRCLE('',#4821,0.1);
#282=CIRCLE('',#4822,0.1);
#283=CIRCLE('',#4824,0.1);
#284=CIRCLE('',#4826,0.1);
#285=CIRCLE('',#4827,0.1);
#286=CIRCLE('',#4832,0.1);
#287=CIRCLE('',#4837,0.1);
#288=CIRCLE('',#4843,0.25);
#289=CIRCLE('',#4844,0.25);
#290=CIRCLE('',#4847,0.1);
#291=CIRCLE('',#4848,0.1);
#292=CIRCLE('',#4851,0.25);
#293=CIRCLE('',#4852,0.25);
#294=CIRCLE('',#4853,0.25);
#295=CIRCLE('',#4854,0.1);
#296=CIRCLE('',#4855,0.1);
#297=CIRCLE('',#4856,0.1);
#298=CIRCLE('',#4859,0.25);
#299=CIRCLE('',#4860,0.25);
#300=CIRCLE('',#4861,0.25);
#301=CIRCLE('',#4862,0.1);
#302=CIRCLE('',#4863,0.1);
#303=CIRCLE('',#4864,0.1);
#304=CIRCLE('',#4880,0.125);
#305=CIRCLE('',#4885,0.125);
#306=CIRCLE('',#4890,0.125);
#307=CIRCLE('',#4894,0.125);
#308=CIRCLE('',#4905,0.1);
#309=CIRCLE('',#4906,0.1);
#310=CIRCLE('',#4908,0.1);
#311=CIRCLE('',#4909,0.1);
#312=CIRCLE('',#4910,0.1);
#313=CIRCLE('',#4917,0.1);
#314=CIRCLE('',#4919,0.1);
#315=CIRCLE('',#4920,0.1);
#316=CIRCLE('',#4922,0.1);
#317=CIRCLE('',#4923,0.1);
#318=CIRCLE('',#4924,0.1);
#319=CIRCLE('',#4926,0.1);
#320=CIRCLE('',#4927,0.1);
#321=CIRCLE('',#4932,0.1);
#322=CIRCLE('',#4933,0.1);
#323=CIRCLE('',#4934,0.1);
#324=CIRCLE('',#4936,0.1);
#325=CIRCLE('',#4937,0.1);
#326=CIRCLE('',#4938,0.1);
#327=CIRCLE('',#4940,0.1);
#328=CIRCLE('',#4942,0.1);
#329=CIRCLE('',#4943,0.1);
#330=CIRCLE('',#4946,0.1);
#331=CIRCLE('',#4950,0.1);
#332=CIRCLE('',#4951,0.1);
#333=CIRCLE('',#4953,0.1);
#334=CIRCLE('',#4955,0.1);
#335=CIRCLE('',#4962,0.1);
#336=CIRCLE('',#4964,0.1);
#337=CIRCLE('',#4968,0.1);
#338=CIRCLE('',#4969,0.1);
#339=CIRCLE('',#4971,0.1);
#340=CIRCLE('',#4973,0.1);
#341=CIRCLE('',#4981,0.1);
#342=CIRCLE('',#4982,0.1);
#343=CIRCLE('',#4984,0.1);
#344=CYLINDRICAL_SURFACE('',#4587,0.15);
#345=CYLINDRICAL_SURFACE('',#4600,0.15);
#346=CYLINDRICAL_SURFACE('',#4605,0.1);
#347=CYLINDRICAL_SURFACE('',#4610,0.1);
#348=CYLINDRICAL_SURFACE('',#4617,0.25);
#349=CYLINDRICAL_SURFACE('',#4630,0.15);
#350=CYLINDRICAL_SURFACE('',#4640,0.1);
#351=CYLINDRICAL_SURFACE('',#4642,0.15);
#352=CYLINDRICAL_SURFACE('',#4647,0.15);
#353=CYLINDRICAL_SURFACE('',#4670,0.25);
#354=CYLINDRICAL_SURFACE('',#4673,0.15);
#355=CYLINDRICAL_SURFACE('',#4675,0.4);
#356=CYLINDRICAL_SURFACE('',#4677,0.25);
#357=CYLINDRICAL_SURFACE('',#4696,0.15);
#358=CYLINDRICAL_SURFACE('',#4698,0.4);
#359=CYLINDRICAL_SURFACE('',#4700,0.25);
#360=CYLINDRICAL_SURFACE('',#4701,0.1);
#361=CYLINDRICAL_SURFACE('',#4702,0.15);
#362=CYLINDRICAL_SURFACE('',#4732,5.8018101);
#363=CYLINDRICAL_SURFACE('',#4761,0.3);
#364=CYLINDRICAL_SURFACE('',#4762,0.3);
#365=CYLINDRICAL_SURFACE('',#4763,0.3);
#366=CYLINDRICAL_SURFACE('',#4764,0.3);
#367=CYLINDRICAL_SURFACE('',#4767,5.8718101);
#368=CYLINDRICAL_SURFACE('',#4778,0.1);
#369=CYLINDRICAL_SURFACE('',#4790,0.1);
#370=CYLINDRICAL_SURFACE('',#4793,0.1);
#371=CYLINDRICAL_SURFACE('',#4794,0.1);
#372=CYLINDRICAL_SURFACE('',#4795,0.1);
#373=CYLINDRICAL_SURFACE('',#4800,0.1);
#374=CYLINDRICAL_SURFACE('',#4801,0.1);
#375=CYLINDRICAL_SURFACE('',#4805,0.1);
#376=CYLINDRICAL_SURFACE('',#4807,0.1);
#377=CYLINDRICAL_SURFACE('',#4810,0.1);
#378=CYLINDRICAL_SURFACE('',#4817,0.1);
#379=CYLINDRICAL_SURFACE('',#4820,0.1);
#380=CYLINDRICAL_SURFACE('',#4823,0.1);
#381=CYLINDRICAL_SURFACE('',#4833,0.1);
#382=CYLINDRICAL_SURFACE('',#4834,0.1);
#383=CYLINDRICAL_SURFACE('',#4839,0.1);
#384=CYLINDRICAL_SURFACE('',#4842,0.25);
#385=CYLINDRICAL_SURFACE('',#4846,0.1);
#386=CYLINDRICAL_SURFACE('',#4865,0.1);
#387=CYLINDRICAL_SURFACE('',#4866,0.1);
#388=CYLINDRICAL_SURFACE('',#4868,0.25);
#389=CYLINDRICAL_SURFACE('',#4870,0.1);
#390=CYLINDRICAL_SURFACE('',#4871,0.25);
#391=CYLINDRICAL_SURFACE('',#4872,0.25);
#392=CYLINDRICAL_SURFACE('',#4886,0.125);
#393=CYLINDRICAL_SURFACE('',#4895,0.125);
#394=CYLINDRICAL_SURFACE('',#4904,0.1);
#395=CYLINDRICAL_SURFACE('',#4916,0.1);
#396=CYLINDRICAL_SURFACE('',#4918,0.1);
#397=CYLINDRICAL_SURFACE('',#4925,0.1);
#398=CYLINDRICAL_SURFACE('',#4939,0.1);
#399=CYLINDRICAL_SURFACE('',#4945,0.1);
#400=CYLINDRICAL_SURFACE('',#4947,0.1);
#401=CYLINDRICAL_SURFACE('',#4949,0.1);
#402=CYLINDRICAL_SURFACE('',#4952,0.1);
#403=CYLINDRICAL_SURFACE('',#4954,0.1);
#404=CYLINDRICAL_SURFACE('',#4961,0.1);
#405=CYLINDRICAL_SURFACE('',#4963,0.1);
#406=CYLINDRICAL_SURFACE('',#4967,0.1);
#407=CYLINDRICAL_SURFACE('',#4970,0.1);
#408=CYLINDRICAL_SURFACE('',#4972,0.1);
#409=CYLINDRICAL_SURFACE('',#4974,0.1);
#410=CYLINDRICAL_SURFACE('',#4975,0.1);
#411=CYLINDRICAL_SURFACE('',#4978,0.1);
#412=CYLINDRICAL_SURFACE('',#4980,0.1);
#413=CYLINDRICAL_SURFACE('',#4983,0.1);
#414=CYLINDRICAL_SURFACE('',#4987,0.1);
#415=CYLINDRICAL_SURFACE('',#4988,0.1);
#416=ORIENTED_EDGE('',*,*,#1692,.F.);
#417=ORIENTED_EDGE('',*,*,#1693,.T.);
#418=ORIENTED_EDGE('',*,*,#1694,.F.);
#419=ORIENTED_EDGE('',*,*,#1695,.F.);
#420=ORIENTED_EDGE('',*,*,#1696,.F.);
#421=ORIENTED_EDGE('',*,*,#1697,.F.);
#422=ORIENTED_EDGE('',*,*,#1698,.F.);
#423=ORIENTED_EDGE('',*,*,#1699,.F.);
#424=ORIENTED_EDGE('',*,*,#1700,.T.);
#425=ORIENTED_EDGE('',*,*,#1701,.T.);
#426=ORIENTED_EDGE('',*,*,#1702,.F.);
#427=ORIENTED_EDGE('',*,*,#1703,.T.);
#428=ORIENTED_EDGE('',*,*,#1704,.T.);
#429=ORIENTED_EDGE('',*,*,#1705,.F.);
#430=ORIENTED_EDGE('',*,*,#1706,.F.);
#431=ORIENTED_EDGE('',*,*,#1707,.T.);
#432=ORIENTED_EDGE('',*,*,#1708,.T.);
#433=ORIENTED_EDGE('',*,*,#1709,.T.);
#434=ORIENTED_EDGE('',*,*,#1710,.T.);
#435=ORIENTED_EDGE('',*,*,#1711,.F.);
#436=ORIENTED_EDGE('',*,*,#1712,.T.);
#437=ORIENTED_EDGE('',*,*,#1713,.T.);
#438=ORIENTED_EDGE('',*,*,#1714,.T.);
#439=ORIENTED_EDGE('',*,*,#1715,.F.);
#440=ORIENTED_EDGE('',*,*,#1716,.T.);
#441=ORIENTED_EDGE('',*,*,#1717,.T.);
#442=ORIENTED_EDGE('',*,*,#1718,.F.);
#443=ORIENTED_EDGE('',*,*,#1719,.T.);
#444=ORIENTED_EDGE('',*,*,#1720,.T.);
#445=ORIENTED_EDGE('',*,*,#1721,.T.);
#446=ORIENTED_EDGE('',*,*,#1722,.T.);
#447=ORIENTED_EDGE('',*,*,#1723,.T.);
#448=ORIENTED_EDGE('',*,*,#1724,.F.);
#449=ORIENTED_EDGE('',*,*,#1725,.F.);
#450=ORIENTED_EDGE('',*,*,#1716,.F.);
#451=ORIENTED_EDGE('',*,*,#1726,.T.);
#452=ORIENTED_EDGE('',*,*,#1727,.T.);
#453=ORIENTED_EDGE('',*,*,#1728,.T.);
#454=ORIENTED_EDGE('',*,*,#1729,.T.);
#455=ORIENTED_EDGE('',*,*,#1707,.F.);
#456=ORIENTED_EDGE('',*,*,#1730,.T.);
#457=ORIENTED_EDGE('',*,*,#1731,.T.);
#458=ORIENTED_EDGE('',*,*,#1732,.F.);
#459=ORIENTED_EDGE('',*,*,#1733,.F.);
#460=ORIENTED_EDGE('',*,*,#1734,.F.);
#461=ORIENTED_EDGE('',*,*,#1735,.F.);
#462=ORIENTED_EDGE('',*,*,#1736,.F.);
#463=ORIENTED_EDGE('',*,*,#1737,.T.);
#464=ORIENTED_EDGE('',*,*,#1738,.T.);
#465=ORIENTED_EDGE('',*,*,#1739,.F.);
#466=ORIENTED_EDGE('',*,*,#1740,.T.);
#467=ORIENTED_EDGE('',*,*,#1741,.T.);
#468=ORIENTED_EDGE('',*,*,#1731,.F.);
#469=ORIENTED_EDGE('',*,*,#1742,.F.);
#470=ORIENTED_EDGE('',*,*,#1743,.T.);
#471=ORIENTED_EDGE('',*,*,#1744,.F.);
#472=ORIENTED_EDGE('',*,*,#1742,.T.);
#473=ORIENTED_EDGE('',*,*,#1730,.F.);
#474=ORIENTED_EDGE('',*,*,#1706,.T.);
#475=ORIENTED_EDGE('',*,*,#1745,.F.);
#476=ORIENTED_EDGE('',*,*,#1746,.F.);
#477=ORIENTED_EDGE('',*,*,#1747,.F.);
#478=ORIENTED_EDGE('',*,*,#1748,.F.);
#479=ORIENTED_EDGE('',*,*,#1749,.F.);
#480=ORIENTED_EDGE('',*,*,#1750,.F.);
#481=ORIENTED_EDGE('',*,*,#1751,.F.);
#482=ORIENTED_EDGE('',*,*,#1712,.F.);
#483=ORIENTED_EDGE('',*,*,#1752,.F.);
#484=ORIENTED_EDGE('',*,*,#1753,.F.);
#485=ORIENTED_EDGE('',*,*,#1708,.F.);
#486=ORIENTED_EDGE('',*,*,#1754,.F.);
#487=ORIENTED_EDGE('',*,*,#1721,.F.);
#488=ORIENTED_EDGE('',*,*,#1755,.F.);
#489=ORIENTED_EDGE('',*,*,#1756,.F.);
#490=ORIENTED_EDGE('',*,*,#1757,.F.);
#491=ORIENTED_EDGE('',*,*,#1758,.T.);
#492=ORIENTED_EDGE('',*,*,#1759,.T.);
#493=ORIENTED_EDGE('',*,*,#1727,.F.);
#494=ORIENTED_EDGE('',*,*,#1760,.T.);
#495=ORIENTED_EDGE('',*,*,#1761,.T.);
#496=ORIENTED_EDGE('',*,*,#1755,.T.);
#497=ORIENTED_EDGE('',*,*,#1720,.F.);
#498=ORIENTED_EDGE('',*,*,#1762,.T.);
#499=ORIENTED_EDGE('',*,*,#1763,.F.);
#500=ORIENTED_EDGE('',*,*,#1697,.T.);
#501=ORIENTED_EDGE('',*,*,#1764,.T.);
#502=ORIENTED_EDGE('',*,*,#1765,.T.);
#503=ORIENTED_EDGE('',*,*,#1766,.F.);
#504=ORIENTED_EDGE('',*,*,#1767,.F.);
#505=ORIENTED_EDGE('',*,*,#1768,.F.);
#506=ORIENTED_EDGE('',*,*,#1769,.F.);
#507=ORIENTED_EDGE('',*,*,#1745,.T.);
#508=ORIENTED_EDGE('',*,*,#1770,.T.);
#509=ORIENTED_EDGE('',*,*,#1771,.T.);
#510=ORIENTED_EDGE('',*,*,#1772,.F.);
#511=ORIENTED_EDGE('',*,*,#1773,.T.);
#512=ORIENTED_EDGE('',*,*,#1774,.T.);
#513=ORIENTED_EDGE('',*,*,#1737,.F.);
#514=ORIENTED_EDGE('',*,*,#1775,.F.);
#515=ORIENTED_EDGE('',*,*,#1704,.F.);
#516=ORIENTED_EDGE('',*,*,#1776,.T.);
#517=ORIENTED_EDGE('',*,*,#1777,.T.);
#518=ORIENTED_EDGE('',*,*,#1778,.T.);
#519=ORIENTED_EDGE('',*,*,#1779,.F.);
#520=ORIENTED_EDGE('',*,*,#1701,.F.);
#521=ORIENTED_EDGE('',*,*,#1780,.F.);
#522=ORIENTED_EDGE('',*,*,#1692,.T.);
#523=ORIENTED_EDGE('',*,*,#1781,.T.);
#524=ORIENTED_EDGE('',*,*,#1736,.T.);
#525=ORIENTED_EDGE('',*,*,#1782,.T.);
#526=ORIENTED_EDGE('',*,*,#1783,.T.);
#527=ORIENTED_EDGE('',*,*,#1784,.T.);
#528=ORIENTED_EDGE('',*,*,#1785,.T.);
#529=ORIENTED_EDGE('',*,*,#1786,.F.);
#530=ORIENTED_EDGE('',*,*,#1787,.T.);
#531=ORIENTED_EDGE('',*,*,#1750,.T.);
#532=ORIENTED_EDGE('',*,*,#1788,.T.);
#533=ORIENTED_EDGE('',*,*,#1789,.T.);
#534=ORIENTED_EDGE('',*,*,#1790,.F.);
#535=ORIENTED_EDGE('',*,*,#1751,.T.);
#536=ORIENTED_EDGE('',*,*,#1790,.T.);
#537=ORIENTED_EDGE('',*,*,#1791,.T.);
#538=ORIENTED_EDGE('',*,*,#1713,.F.);
#539=ORIENTED_EDGE('',*,*,#1792,.F.);
#540=ORIENTED_EDGE('',*,*,#1734,.T.);
#541=ORIENTED_EDGE('',*,*,#1793,.F.);
#542=ORIENTED_EDGE('',*,*,#1794,.T.);
#543=ORIENTED_EDGE('',*,*,#1795,.F.);
#544=ORIENTED_EDGE('',*,*,#1796,.F.);
#545=ORIENTED_EDGE('',*,*,#1797,.F.);
#546=ORIENTED_EDGE('',*,*,#1798,.F.);
#547=ORIENTED_EDGE('',*,*,#1799,.F.);
#548=ORIENTED_EDGE('',*,*,#1800,.T.);
#549=ORIENTED_EDGE('',*,*,#1783,.F.);
#550=ORIENTED_EDGE('',*,*,#1801,.T.);
#551=ORIENTED_EDGE('',*,*,#1787,.F.);
#552=ORIENTED_EDGE('',*,*,#1802,.F.);
#553=ORIENTED_EDGE('',*,*,#1803,.F.);
#554=ORIENTED_EDGE('',*,*,#1804,.F.);
#555=ORIENTED_EDGE('',*,*,#1805,.F.);
#556=ORIENTED_EDGE('',*,*,#1806,.F.);
#557=ORIENTED_EDGE('',*,*,#1807,.F.);
#558=ORIENTED_EDGE('',*,*,#1808,.F.);
#559=ORIENTED_EDGE('',*,*,#1809,.T.);
#560=ORIENTED_EDGE('',*,*,#1810,.T.);
#561=ORIENTED_EDGE('',*,*,#1811,.T.);
#562=ORIENTED_EDGE('',*,*,#1812,.T.);
#563=ORIENTED_EDGE('',*,*,#1813,.T.);
#564=ORIENTED_EDGE('',*,*,#1723,.F.);
#565=ORIENTED_EDGE('',*,*,#1814,.T.);
#566=ORIENTED_EDGE('',*,*,#1815,.T.);
#567=ORIENTED_EDGE('',*,*,#1816,.T.);
#568=ORIENTED_EDGE('',*,*,#1773,.F.);
#569=ORIENTED_EDGE('',*,*,#1817,.F.);
#570=ORIENTED_EDGE('',*,*,#1818,.T.);
#571=ORIENTED_EDGE('',*,*,#1819,.F.);
#572=ORIENTED_EDGE('',*,*,#1820,.F.);
#573=ORIENTED_EDGE('',*,*,#1821,.T.);
#574=ORIENTED_EDGE('',*,*,#1822,.F.);
#575=ORIENTED_EDGE('',*,*,#1823,.T.);
#576=ORIENTED_EDGE('',*,*,#1752,.T.);
#577=ORIENTED_EDGE('',*,*,#1824,.T.);
#578=ORIENTED_EDGE('',*,*,#1825,.T.);
#579=ORIENTED_EDGE('',*,*,#1826,.F.);
#580=ORIENTED_EDGE('',*,*,#1747,.T.);
#581=ORIENTED_EDGE('',*,*,#1827,.T.);
#582=ORIENTED_EDGE('',*,*,#1828,.T.);
#583=ORIENTED_EDGE('',*,*,#1829,.F.);
#584=ORIENTED_EDGE('',*,*,#1830,.T.);
#585=ORIENTED_EDGE('',*,*,#1807,.T.);
#586=ORIENTED_EDGE('',*,*,#1831,.T.);
#587=ORIENTED_EDGE('',*,*,#1832,.T.);
#588=ORIENTED_EDGE('',*,*,#1728,.F.);
#589=ORIENTED_EDGE('',*,*,#1759,.F.);
#590=ORIENTED_EDGE('',*,*,#1833,.F.);
#591=ORIENTED_EDGE('',*,*,#1762,.F.);
#592=ORIENTED_EDGE('',*,*,#1834,.F.);
#593=ORIENTED_EDGE('',*,*,#1835,.F.);
#594=ORIENTED_EDGE('',*,*,#1836,.F.);
#595=ORIENTED_EDGE('',*,*,#1837,.F.);
#596=ORIENTED_EDGE('',*,*,#1838,.T.);
#597=ORIENTED_EDGE('',*,*,#1839,.F.);
#598=ORIENTED_EDGE('',*,*,#1840,.F.);
#599=ORIENTED_EDGE('',*,*,#1841,.F.);
#600=ORIENTED_EDGE('',*,*,#1825,.F.);
#601=ORIENTED_EDGE('',*,*,#1842,.F.);
#602=ORIENTED_EDGE('',*,*,#1710,.F.);
#603=ORIENTED_EDGE('',*,*,#1843,.F.);
#604=ORIENTED_EDGE('',*,*,#1844,.F.);
#605=ORIENTED_EDGE('',*,*,#1845,.F.);
#606=ORIENTED_EDGE('',*,*,#1846,.F.);
#607=ORIENTED_EDGE('',*,*,#1765,.F.);
#608=ORIENTED_EDGE('',*,*,#1749,.T.);
#609=ORIENTED_EDGE('',*,*,#1715,.T.);
#610=ORIENTED_EDGE('',*,*,#1847,.T.);
#611=ORIENTED_EDGE('',*,*,#1788,.F.);
#612=ORIENTED_EDGE('',*,*,#1748,.T.);
#613=ORIENTED_EDGE('',*,*,#1829,.T.);
#614=ORIENTED_EDGE('',*,*,#1848,.T.);
#615=ORIENTED_EDGE('',*,*,#1770,.F.);
#616=ORIENTED_EDGE('',*,*,#1847,.F.);
#617=ORIENTED_EDGE('',*,*,#1714,.F.);
#618=ORIENTED_EDGE('',*,*,#1791,.F.);
#619=ORIENTED_EDGE('',*,*,#1789,.F.);
#620=ORIENTED_EDGE('',*,*,#1849,.F.);
#621=ORIENTED_EDGE('',*,*,#1850,.F.);
#622=ORIENTED_EDGE('',*,*,#1778,.F.);
#623=ORIENTED_EDGE('',*,*,#1851,.T.);
#624=ORIENTED_EDGE('',*,*,#1852,.T.);
#625=ORIENTED_EDGE('',*,*,#1766,.T.);
#626=ORIENTED_EDGE('',*,*,#1853,.T.);
#627=ORIENTED_EDGE('',*,*,#1854,.T.);
#628=ORIENTED_EDGE('',*,*,#1838,.F.);
#629=ORIENTED_EDGE('',*,*,#1855,.F.);
#630=ORIENTED_EDGE('',*,*,#1856,.F.);
#631=ORIENTED_EDGE('',*,*,#1802,.T.);
#632=ORIENTED_EDGE('',*,*,#1786,.T.);
#633=ORIENTED_EDGE('',*,*,#1857,.T.);
#634=ORIENTED_EDGE('',*,*,#1775,.T.);
#635=ORIENTED_EDGE('',*,*,#1743,.F.);
#636=ORIENTED_EDGE('',*,*,#1744,.T.);
#637=ORIENTED_EDGE('',*,*,#1705,.T.);
#638=ORIENTED_EDGE('',*,*,#1858,.F.);
#639=ORIENTED_EDGE('',*,*,#1851,.F.);
#640=ORIENTED_EDGE('',*,*,#1777,.F.);
#641=ORIENTED_EDGE('',*,*,#1695,.T.);
#642=ORIENTED_EDGE('',*,*,#1754,.T.);
#643=ORIENTED_EDGE('',*,*,#1711,.T.);
#644=ORIENTED_EDGE('',*,*,#1842,.T.);
#645=ORIENTED_EDGE('',*,*,#1824,.F.);
#646=ORIENTED_EDGE('',*,*,#1859,.T.);
#647=ORIENTED_EDGE('',*,*,#1798,.T.);
#648=ORIENTED_EDGE('',*,*,#1860,.T.);
#649=ORIENTED_EDGE('',*,*,#1702,.T.);
#650=ORIENTED_EDGE('',*,*,#1779,.T.);
#651=ORIENTED_EDGE('',*,*,#1850,.T.);
#652=ORIENTED_EDGE('',*,*,#1861,.T.);
#653=ORIENTED_EDGE('',*,*,#1739,.T.);
#654=ORIENTED_EDGE('',*,*,#1862,.T.);
#655=ORIENTED_EDGE('',*,*,#1834,.T.);
#656=ORIENTED_EDGE('',*,*,#1863,.F.);
#657=ORIENTED_EDGE('',*,*,#1864,.F.);
#658=ORIENTED_EDGE('',*,*,#1865,.F.);
#659=ORIENTED_EDGE('',*,*,#1768,.T.);
#660=ORIENTED_EDGE('',*,*,#1866,.F.);
#661=ORIENTED_EDGE('',*,*,#1867,.T.);
#662=ORIENTED_EDGE('',*,*,#1784,.F.);
#663=ORIENTED_EDGE('',*,*,#1801,.F.);
#664=ORIENTED_EDGE('',*,*,#1782,.F.);
#665=ORIENTED_EDGE('',*,*,#1735,.T.);
#666=ORIENTED_EDGE('',*,*,#1792,.T.);
#667=ORIENTED_EDGE('',*,*,#1868,.T.);
#668=ORIENTED_EDGE('',*,*,#1810,.F.);
#669=ORIENTED_EDGE('',*,*,#1869,.T.);
#670=ORIENTED_EDGE('',*,*,#1820,.T.);
#671=ORIENTED_EDGE('',*,*,#1870,.T.);
#672=ORIENTED_EDGE('',*,*,#1871,.F.);
#673=ORIENTED_EDGE('',*,*,#1815,.F.);
#674=ORIENTED_EDGE('',*,*,#1872,.F.);
#675=ORIENTED_EDGE('',*,*,#1756,.T.);
#676=ORIENTED_EDGE('',*,*,#1761,.F.);
#677=ORIENTED_EDGE('',*,*,#1833,.T.);
#678=ORIENTED_EDGE('',*,*,#1758,.F.);
#679=ORIENTED_EDGE('',*,*,#1873,.F.);
#680=ORIENTED_EDGE('',*,*,#1831,.F.);
#681=ORIENTED_EDGE('',*,*,#1806,.T.);
#682=ORIENTED_EDGE('',*,*,#1874,.T.);
#683=ORIENTED_EDGE('',*,*,#1844,.T.);
#684=ORIENTED_EDGE('',*,*,#1764,.F.);
#685=ORIENTED_EDGE('',*,*,#1696,.T.);
#686=ORIENTED_EDGE('',*,*,#1722,.F.);
#687=ORIENTED_EDGE('',*,*,#1757,.T.);
#688=ORIENTED_EDGE('',*,*,#1872,.T.);
#689=ORIENTED_EDGE('',*,*,#1814,.F.);
#690=ORIENTED_EDGE('',*,*,#1724,.T.);
#691=ORIENTED_EDGE('',*,*,#1813,.F.);
#692=ORIENTED_EDGE('',*,*,#1875,.F.);
#693=ORIENTED_EDGE('',*,*,#1876,.F.);
#694=ORIENTED_EDGE('',*,*,#1861,.F.);
#695=ORIENTED_EDGE('',*,*,#1849,.T.);
#696=ORIENTED_EDGE('',*,*,#1858,.T.);
#697=ORIENTED_EDGE('',*,*,#1694,.T.);
#698=ORIENTED_EDGE('',*,*,#1877,.F.);
#699=ORIENTED_EDGE('',*,*,#1740,.F.);
#700=ORIENTED_EDGE('',*,*,#1878,.T.);
#701=ORIENTED_EDGE('',*,*,#1839,.T.);
#702=ORIENTED_EDGE('',*,*,#1854,.F.);
#703=ORIENTED_EDGE('',*,*,#1879,.T.);
#704=ORIENTED_EDGE('',*,*,#1864,.T.);
#705=ORIENTED_EDGE('',*,*,#1880,.T.);
#706=ORIENTED_EDGE('',*,*,#1870,.F.);
#707=ORIENTED_EDGE('',*,*,#1823,.F.);
#708=ORIENTED_EDGE('',*,*,#1881,.F.);
#709=ORIENTED_EDGE('',*,*,#1882,.F.);
#710=ORIENTED_EDGE('',*,*,#1883,.T.);
#711=ORIENTED_EDGE('',*,*,#1803,.T.);
#712=ORIENTED_EDGE('',*,*,#1884,.T.);
#713=ORIENTED_EDGE('',*,*,#1817,.T.);
#714=ORIENTED_EDGE('',*,*,#1776,.F.);
#715=ORIENTED_EDGE('',*,*,#1703,.F.);
#716=ORIENTED_EDGE('',*,*,#1860,.F.);
#717=ORIENTED_EDGE('',*,*,#1797,.T.);
#718=ORIENTED_EDGE('',*,*,#1885,.F.);
#719=ORIENTED_EDGE('',*,*,#1818,.F.);
#720=ORIENTED_EDGE('',*,*,#1884,.F.);
#721=ORIENTED_EDGE('',*,*,#1796,.T.);
#722=ORIENTED_EDGE('',*,*,#1866,.T.);
#723=ORIENTED_EDGE('',*,*,#1767,.T.);
#724=ORIENTED_EDGE('',*,*,#1852,.F.);
#725=ORIENTED_EDGE('',*,*,#1886,.T.);
#726=ORIENTED_EDGE('',*,*,#1887,.T.);
#727=ORIENTED_EDGE('',*,*,#1698,.T.);
#728=ORIENTED_EDGE('',*,*,#1763,.T.);
#729=ORIENTED_EDGE('',*,*,#1846,.T.);
#730=ORIENTED_EDGE('',*,*,#1888,.T.);
#731=ORIENTED_EDGE('',*,*,#1804,.T.);
#732=ORIENTED_EDGE('',*,*,#1830,.F.);
#733=ORIENTED_EDGE('',*,*,#1889,.F.);
#734=ORIENTED_EDGE('',*,*,#1718,.T.);
#735=ORIENTED_EDGE('',*,*,#1890,.T.);
#736=ORIENTED_EDGE('',*,*,#1875,.T.);
#737=ORIENTED_EDGE('',*,*,#1812,.F.);
#738=ORIENTED_EDGE('',*,*,#1891,.F.);
#739=ORIENTED_EDGE('',*,*,#1881,.T.);
#740=ORIENTED_EDGE('',*,*,#1822,.T.);
#741=ORIENTED_EDGE('',*,*,#1892,.T.);
#742=ORIENTED_EDGE('',*,*,#1808,.T.);
#743=ORIENTED_EDGE('',*,*,#1893,.T.);
#744=ORIENTED_EDGE('',*,*,#1793,.T.);
#745=ORIENTED_EDGE('',*,*,#1733,.T.);
#746=ORIENTED_EDGE('',*,*,#1781,.F.);
#747=ORIENTED_EDGE('',*,*,#1800,.F.);
#748=ORIENTED_EDGE('',*,*,#1894,.T.);
#749=ORIENTED_EDGE('',*,*,#1895,.T.);
#750=ORIENTED_EDGE('',*,*,#1840,.T.);
#751=ORIENTED_EDGE('',*,*,#1878,.F.);
#752=ORIENTED_EDGE('',*,*,#1896,.F.);
#753=ORIENTED_EDGE('',*,*,#1836,.T.);
#754=ORIENTED_EDGE('',*,*,#1897,.F.);
#755=ORIENTED_EDGE('',*,*,#1883,.F.);
#756=ORIENTED_EDGE('',*,*,#1855,.T.);
#757=ORIENTED_EDGE('',*,*,#1841,.T.);
#758=ORIENTED_EDGE('',*,*,#1895,.F.);
#759=ORIENTED_EDGE('',*,*,#1898,.F.);
#760=ORIENTED_EDGE('',*,*,#1856,.T.);
#761=ORIENTED_EDGE('',*,*,#1898,.T.);
#762=ORIENTED_EDGE('',*,*,#1894,.F.);
#763=ORIENTED_EDGE('',*,*,#1799,.T.);
#764=ORIENTED_EDGE('',*,*,#1853,.F.);
#765=ORIENTED_EDGE('',*,*,#1769,.T.);
#766=ORIENTED_EDGE('',*,*,#1865,.T.);
#767=ORIENTED_EDGE('',*,*,#1879,.F.);
#768=ORIENTED_EDGE('',*,*,#1871,.T.);
#769=ORIENTED_EDGE('',*,*,#1882,.T.);
#770=ORIENTED_EDGE('',*,*,#1891,.T.);
#771=ORIENTED_EDGE('',*,*,#1816,.F.);
#772=ORIENTED_EDGE('',*,*,#1725,.T.);
#773=ORIENTED_EDGE('',*,*,#1876,.T.);
#774=ORIENTED_EDGE('',*,*,#1890,.F.);
#775=ORIENTED_EDGE('',*,*,#1717,.F.);
#776=ORIENTED_EDGE('',*,*,#1719,.F.);
#777=ORIENTED_EDGE('',*,*,#1889,.T.);
#778=ORIENTED_EDGE('',*,*,#1832,.F.);
#779=ORIENTED_EDGE('',*,*,#1873,.T.);
#780=ORIENTED_EDGE('',*,*,#1760,.F.);
#781=ORIENTED_EDGE('',*,*,#1726,.F.);
#782=ORIENTED_EDGE('',*,*,#1874,.F.);
#783=ORIENTED_EDGE('',*,*,#1805,.T.);
#784=ORIENTED_EDGE('',*,*,#1888,.F.);
#785=ORIENTED_EDGE('',*,*,#1845,.T.);
#786=ORIENTED_EDGE('',*,*,#1753,.T.);
#787=ORIENTED_EDGE('',*,*,#1826,.T.);
#788=ORIENTED_EDGE('',*,*,#1843,.T.);
#789=ORIENTED_EDGE('',*,*,#1709,.F.);
#790=ORIENTED_EDGE('',*,*,#1863,.T.);
#791=ORIENTED_EDGE('',*,*,#1837,.T.);
#792=ORIENTED_EDGE('',*,*,#1896,.T.);
#793=ORIENTED_EDGE('',*,*,#1880,.F.);
#794=ORIENTED_EDGE('',*,*,#1746,.T.);
#795=ORIENTED_EDGE('',*,*,#1772,.T.);
#796=ORIENTED_EDGE('',*,*,#1899,.T.);
#797=ORIENTED_EDGE('',*,*,#1827,.F.);
#798=ORIENTED_EDGE('',*,*,#1869,.F.);
#799=ORIENTED_EDGE('',*,*,#1809,.F.);
#800=ORIENTED_EDGE('',*,*,#1892,.F.);
#801=ORIENTED_EDGE('',*,*,#1821,.F.);
#802=ORIENTED_EDGE('',*,*,#1771,.F.);
#803=ORIENTED_EDGE('',*,*,#1848,.F.);
#804=ORIENTED_EDGE('',*,*,#1828,.F.);
#805=ORIENTED_EDGE('',*,*,#1899,.F.);
#806=ORIENTED_EDGE('',*,*,#1897,.T.);
#807=ORIENTED_EDGE('',*,*,#1732,.T.);
#808=ORIENTED_EDGE('',*,*,#1862,.F.);
#809=ORIENTED_EDGE('',*,*,#1699,.T.);
#810=ORIENTED_EDGE('',*,*,#1887,.F.);
#811=ORIENTED_EDGE('',*,*,#1835,.T.);
#812=ORIENTED_EDGE('',*,*,#1774,.F.);
#813=ORIENTED_EDGE('',*,*,#1819,.T.);
#814=ORIENTED_EDGE('',*,*,#1885,.T.);
#815=ORIENTED_EDGE('',*,*,#1795,.T.);
#816=ORIENTED_EDGE('',*,*,#1859,.F.);
#817=ORIENTED_EDGE('',*,*,#1738,.F.);
#818=ORIENTED_EDGE('',*,*,#1857,.F.);
#819=ORIENTED_EDGE('',*,*,#1785,.F.);
#820=ORIENTED_EDGE('',*,*,#1867,.F.);
#821=ORIENTED_EDGE('',*,*,#1886,.F.);
#822=ORIENTED_EDGE('',*,*,#1868,.F.);
#823=ORIENTED_EDGE('',*,*,#1794,.F.);
#824=ORIENTED_EDGE('',*,*,#1893,.F.);
#825=ORIENTED_EDGE('',*,*,#1811,.F.);
#826=ORIENTED_EDGE('',*,*,#1693,.F.);
#827=ORIENTED_EDGE('',*,*,#1780,.T.);
#828=ORIENTED_EDGE('',*,*,#1700,.F.);
#829=ORIENTED_EDGE('',*,*,#1729,.F.);
#830=ORIENTED_EDGE('',*,*,#1741,.F.);
#831=ORIENTED_EDGE('',*,*,#1877,.T.);
#832=ORIENTED_EDGE('',*,*,#1900,.T.);
#833=ORIENTED_EDGE('',*,*,#1901,.F.);
#834=ORIENTED_EDGE('',*,*,#1902,.F.);
#835=ORIENTED_EDGE('',*,*,#1903,.T.);
#836=ORIENTED_EDGE('',*,*,#1904,.T.);
#837=ORIENTED_EDGE('',*,*,#1905,.F.);
#838=ORIENTED_EDGE('',*,*,#1906,.F.);
#839=ORIENTED_EDGE('',*,*,#1901,.T.);
#840=ORIENTED_EDGE('',*,*,#1907,.T.);
#841=ORIENTED_EDGE('',*,*,#1902,.T.);
#842=ORIENTED_EDGE('',*,*,#1906,.T.);
#843=ORIENTED_EDGE('',*,*,#1908,.T.);
#844=ORIENTED_EDGE('',*,*,#1909,.T.);
#845=ORIENTED_EDGE('',*,*,#1910,.F.);
#846=ORIENTED_EDGE('',*,*,#1908,.F.);
#847=ORIENTED_EDGE('',*,*,#1905,.T.);
#848=ORIENTED_EDGE('',*,*,#1911,.T.);
#849=ORIENTED_EDGE('',*,*,#1912,.T.);
#850=ORIENTED_EDGE('',*,*,#1913,.T.);
#851=ORIENTED_EDGE('',*,*,#1914,.T.);
#852=ORIENTED_EDGE('',*,*,#1915,.F.);
#853=ORIENTED_EDGE('',*,*,#1909,.F.);
#854=ORIENTED_EDGE('',*,*,#1904,.F.);
#855=ORIENTED_EDGE('',*,*,#1900,.F.);
#856=ORIENTED_EDGE('',*,*,#1915,.T.);
#857=ORIENTED_EDGE('',*,*,#1903,.F.);
#858=ORIENTED_EDGE('',*,*,#1907,.F.);
#859=ORIENTED_EDGE('',*,*,#1910,.T.);
#860=ORIENTED_EDGE('',*,*,#1912,.F.);
#861=ORIENTED_EDGE('',*,*,#1916,.F.);
#862=ORIENTED_EDGE('',*,*,#1917,.T.);
#863=ORIENTED_EDGE('',*,*,#1918,.T.);
#864=ORIENTED_EDGE('',*,*,#1911,.F.);
#865=ORIENTED_EDGE('',*,*,#1919,.F.);
#866=ORIENTED_EDGE('',*,*,#1920,.T.);
#867=ORIENTED_EDGE('',*,*,#1916,.T.);
#868=ORIENTED_EDGE('',*,*,#1913,.F.);
#869=ORIENTED_EDGE('',*,*,#1918,.F.);
#870=ORIENTED_EDGE('',*,*,#1921,.T.);
#871=ORIENTED_EDGE('',*,*,#1922,.T.);
#872=ORIENTED_EDGE('',*,*,#1920,.F.);
#873=ORIENTED_EDGE('',*,*,#1923,.F.);
#874=ORIENTED_EDGE('',*,*,#1921,.F.);
#875=ORIENTED_EDGE('',*,*,#1917,.F.);
#876=ORIENTED_EDGE('',*,*,#1914,.F.);
#877=ORIENTED_EDGE('',*,*,#1922,.F.);
#878=ORIENTED_EDGE('',*,*,#1923,.T.);
#879=ORIENTED_EDGE('',*,*,#1919,.T.);
#880=ORIENTED_EDGE('',*,*,#1924,.T.);
#881=ORIENTED_EDGE('',*,*,#1925,.T.);
#882=ORIENTED_EDGE('',*,*,#1926,.T.);
#883=ORIENTED_EDGE('',*,*,#1927,.T.);
#884=ORIENTED_EDGE('',*,*,#1928,.T.);
#885=ORIENTED_EDGE('',*,*,#1929,.F.);
#886=ORIENTED_EDGE('',*,*,#1927,.F.);
#887=ORIENTED_EDGE('',*,*,#1930,.T.);
#888=ORIENTED_EDGE('',*,*,#1931,.T.);
#889=ORIENTED_EDGE('',*,*,#1930,.F.);
#890=ORIENTED_EDGE('',*,*,#1926,.F.);
#891=ORIENTED_EDGE('',*,*,#1932,.T.);
#892=ORIENTED_EDGE('',*,*,#1933,.T.);
#893=ORIENTED_EDGE('',*,*,#1932,.F.);
#894=ORIENTED_EDGE('',*,*,#1925,.F.);
#895=ORIENTED_EDGE('',*,*,#1934,.T.);
#896=ORIENTED_EDGE('',*,*,#1935,.F.);
#897=ORIENTED_EDGE('',*,*,#1936,.F.);
#898=ORIENTED_EDGE('',*,*,#1937,.T.);
#899=ORIENTED_EDGE('',*,*,#1938,.T.);
#900=ORIENTED_EDGE('',*,*,#1939,.F.);
#901=ORIENTED_EDGE('',*,*,#1940,.F.);
#902=ORIENTED_EDGE('',*,*,#1941,.T.);
#903=ORIENTED_EDGE('',*,*,#1936,.T.);
#904=ORIENTED_EDGE('',*,*,#1942,.F.);
#905=ORIENTED_EDGE('',*,*,#1943,.F.);
#906=ORIENTED_EDGE('',*,*,#1944,.T.);
#907=ORIENTED_EDGE('',*,*,#1940,.T.);
#908=ORIENTED_EDGE('',*,*,#1945,.F.);
#909=ORIENTED_EDGE('',*,*,#1938,.F.);
#910=ORIENTED_EDGE('',*,*,#1946,.T.);
#911=ORIENTED_EDGE('',*,*,#1943,.T.);
#912=ORIENTED_EDGE('',*,*,#1946,.F.);
#913=ORIENTED_EDGE('',*,*,#1937,.F.);
#914=ORIENTED_EDGE('',*,*,#1941,.F.);
#915=ORIENTED_EDGE('',*,*,#1944,.F.);
#916=ORIENTED_EDGE('',*,*,#1947,.T.);
#917=ORIENTED_EDGE('',*,*,#1934,.F.);
#918=ORIENTED_EDGE('',*,*,#1924,.F.);
#919=ORIENTED_EDGE('',*,*,#1929,.T.);
#920=ORIENTED_EDGE('',*,*,#1945,.T.);
#921=ORIENTED_EDGE('',*,*,#1942,.T.);
#922=ORIENTED_EDGE('',*,*,#1939,.T.);
#923=ORIENTED_EDGE('',*,*,#1935,.T.);
#924=ORIENTED_EDGE('',*,*,#1947,.F.);
#925=ORIENTED_EDGE('',*,*,#1928,.F.);
#926=ORIENTED_EDGE('',*,*,#1931,.F.);
#927=ORIENTED_EDGE('',*,*,#1933,.F.);
#928=ORIENTED_EDGE('',*,*,#1948,.F.);
#929=ORIENTED_EDGE('',*,*,#1949,.F.);
#930=ORIENTED_EDGE('',*,*,#1950,.T.);
#931=ORIENTED_EDGE('',*,*,#1951,.T.);
#932=ORIENTED_EDGE('',*,*,#1952,.T.);
#933=ORIENTED_EDGE('',*,*,#1953,.F.);
#934=ORIENTED_EDGE('',*,*,#1954,.T.);
#935=ORIENTED_EDGE('',*,*,#1955,.F.);
#936=ORIENTED_EDGE('',*,*,#1956,.T.);
#937=ORIENTED_EDGE('',*,*,#1957,.T.);
#938=ORIENTED_EDGE('',*,*,#1958,.T.);
#939=ORIENTED_EDGE('',*,*,#1959,.T.);
#940=ORIENTED_EDGE('',*,*,#1960,.T.);
#941=ORIENTED_EDGE('',*,*,#1961,.T.);
#942=ORIENTED_EDGE('',*,*,#1962,.T.);
#943=ORIENTED_EDGE('',*,*,#1963,.T.);
#944=ORIENTED_EDGE('',*,*,#1964,.T.);
#945=ORIENTED_EDGE('',*,*,#1965,.T.);
#946=ORIENTED_EDGE('',*,*,#1966,.T.);
#947=ORIENTED_EDGE('',*,*,#1955,.T.);
#948=ORIENTED_EDGE('',*,*,#1967,.T.);
#949=ORIENTED_EDGE('',*,*,#1968,.T.);
#950=ORIENTED_EDGE('',*,*,#1969,.T.);
#951=ORIENTED_EDGE('',*,*,#1970,.T.);
#952=ORIENTED_EDGE('',*,*,#1971,.T.);
#953=ORIENTED_EDGE('',*,*,#1972,.T.);
#954=ORIENTED_EDGE('',*,*,#1973,.T.);
#955=ORIENTED_EDGE('',*,*,#1974,.T.);
#956=ORIENTED_EDGE('',*,*,#1949,.T.);
#957=ORIENTED_EDGE('',*,*,#1975,.T.);
#958=ORIENTED_EDGE('',*,*,#1976,.T.);
#959=ORIENTED_EDGE('',*,*,#1977,.T.);
#960=ORIENTED_EDGE('',*,*,#1978,.F.);
#961=ORIENTED_EDGE('',*,*,#1962,.F.);
#962=ORIENTED_EDGE('',*,*,#1979,.T.);
#963=ORIENTED_EDGE('',*,*,#1980,.T.);
#964=ORIENTED_EDGE('',*,*,#1981,.F.);
#965=ORIENTED_EDGE('',*,*,#1982,.F.);
#966=ORIENTED_EDGE('',*,*,#1983,.T.);
#967=ORIENTED_EDGE('',*,*,#1984,.T.);
#968=ORIENTED_EDGE('',*,*,#1979,.F.);
#969=ORIENTED_EDGE('',*,*,#1985,.F.);
#970=ORIENTED_EDGE('',*,*,#1981,.T.);
#971=ORIENTED_EDGE('',*,*,#1986,.T.);
#972=ORIENTED_EDGE('',*,*,#1950,.F.);
#973=ORIENTED_EDGE('',*,*,#1974,.F.);
#974=ORIENTED_EDGE('',*,*,#1987,.T.);
#975=ORIENTED_EDGE('',*,*,#1988,.T.);
#976=ORIENTED_EDGE('',*,*,#1989,.F.);
#977=ORIENTED_EDGE('',*,*,#1990,.F.);
#978=ORIENTED_EDGE('',*,*,#1991,.T.);
#979=ORIENTED_EDGE('',*,*,#1992,.T.);
#980=ORIENTED_EDGE('',*,*,#1987,.F.);
#981=ORIENTED_EDGE('',*,*,#1973,.F.);
#982=ORIENTED_EDGE('',*,*,#1989,.T.);
#983=ORIENTED_EDGE('',*,*,#1993,.T.);
#984=ORIENTED_EDGE('',*,*,#1994,.F.);
#985=ORIENTED_EDGE('',*,*,#1976,.F.);
#986=ORIENTED_EDGE('',*,*,#1995,.T.);
#987=ORIENTED_EDGE('',*,*,#1996,.T.);
#988=ORIENTED_EDGE('',*,*,#1997,.F.);
#989=ORIENTED_EDGE('',*,*,#1998,.T.);
#990=ORIENTED_EDGE('',*,*,#1999,.F.);
#991=ORIENTED_EDGE('',*,*,#2000,.F.);
#992=ORIENTED_EDGE('',*,*,#2001,.T.);
#993=ORIENTED_EDGE('',*,*,#2002,.T.);
#994=ORIENTED_EDGE('',*,*,#1956,.F.);
#995=ORIENTED_EDGE('',*,*,#2003,.F.);
#996=ORIENTED_EDGE('',*,*,#1999,.T.);
#997=ORIENTED_EDGE('',*,*,#2004,.F.);
#998=ORIENTED_EDGE('',*,*,#2005,.T.);
#999=ORIENTED_EDGE('',*,*,#2006,.F.);
#1000=ORIENTED_EDGE('',*,*,#1966,.F.);
#1001=ORIENTED_EDGE('',*,*,#2007,.T.);
#1002=ORIENTED_EDGE('',*,*,#2008,.T.);
#1003=ORIENTED_EDGE('',*,*,#2009,.T.);
#1004=ORIENTED_EDGE('',*,*,#2010,.F.);
#1005=ORIENTED_EDGE('',*,*,#1971,.F.);
#1006=ORIENTED_EDGE('',*,*,#2011,.T.);
#1007=ORIENTED_EDGE('',*,*,#2012,.T.);
#1008=ORIENTED_EDGE('',*,*,#2013,.T.);
#1009=ORIENTED_EDGE('',*,*,#2014,.F.);
#1010=ORIENTED_EDGE('',*,*,#1997,.T.);
#1011=ORIENTED_EDGE('',*,*,#2009,.F.);
#1012=ORIENTED_EDGE('',*,*,#1969,.F.);
#1013=ORIENTED_EDGE('',*,*,#2015,.T.);
#1014=ORIENTED_EDGE('',*,*,#2016,.T.);
#1015=ORIENTED_EDGE('',*,*,#2017,.T.);
#1016=ORIENTED_EDGE('',*,*,#2018,.F.);
#1017=ORIENTED_EDGE('',*,*,#1954,.F.);
#1018=ORIENTED_EDGE('',*,*,#2019,.T.);
#1019=ORIENTED_EDGE('',*,*,#2020,.T.);
#1020=ORIENTED_EDGE('',*,*,#2021,.T.);
#1021=ORIENTED_EDGE('',*,*,#2022,.T.);
#1022=ORIENTED_EDGE('',*,*,#1967,.F.);
#1023=ORIENTED_EDGE('',*,*,#2018,.T.);
#1024=ORIENTED_EDGE('',*,*,#2023,.F.);
#1025=ORIENTED_EDGE('',*,*,#2024,.F.);
#1026=ORIENTED_EDGE('',*,*,#2025,.T.);
#1027=ORIENTED_EDGE('',*,*,#2026,.T.);
#1028=ORIENTED_EDGE('',*,*,#1958,.F.);
#1029=ORIENTED_EDGE('',*,*,#2027,.T.);
#1030=ORIENTED_EDGE('',*,*,#2028,.T.);
#1031=ORIENTED_EDGE('',*,*,#2029,.T.);
#1032=ORIENTED_EDGE('',*,*,#1960,.F.);
#1033=ORIENTED_EDGE('',*,*,#2030,.T.);
#1034=ORIENTED_EDGE('',*,*,#2031,.T.);
#1035=ORIENTED_EDGE('',*,*,#2025,.F.);
#1036=ORIENTED_EDGE('',*,*,#1968,.F.);
#1037=ORIENTED_EDGE('',*,*,#2022,.F.);
#1038=ORIENTED_EDGE('',*,*,#2032,.F.);
#1039=ORIENTED_EDGE('',*,*,#2015,.F.);
#1040=ORIENTED_EDGE('',*,*,#1959,.F.);
#1041=ORIENTED_EDGE('',*,*,#2029,.F.);
#1042=ORIENTED_EDGE('',*,*,#2033,.F.);
#1043=ORIENTED_EDGE('',*,*,#2030,.F.);
#1044=ORIENTED_EDGE('',*,*,#1957,.F.);
#1045=ORIENTED_EDGE('',*,*,#2002,.F.);
#1046=ORIENTED_EDGE('',*,*,#2034,.F.);
#1047=ORIENTED_EDGE('',*,*,#2027,.F.);
#1048=ORIENTED_EDGE('',*,*,#1970,.F.);
#1049=ORIENTED_EDGE('',*,*,#2017,.F.);
#1050=ORIENTED_EDGE('',*,*,#2035,.F.);
#1051=ORIENTED_EDGE('',*,*,#2011,.F.);
#1052=ORIENTED_EDGE('',*,*,#1983,.F.);
#1053=ORIENTED_EDGE('',*,*,#1952,.F.);
#1054=ORIENTED_EDGE('',*,*,#2006,.T.);
#1055=ORIENTED_EDGE('',*,*,#2036,.T.);
#1056=ORIENTED_EDGE('',*,*,#2024,.T.);
#1057=ORIENTED_EDGE('',*,*,#2037,.F.);
#1058=ORIENTED_EDGE('',*,*,#1985,.T.);
#1059=ORIENTED_EDGE('',*,*,#1961,.F.);
#1060=ORIENTED_EDGE('',*,*,#1998,.F.);
#1061=ORIENTED_EDGE('',*,*,#2014,.T.);
#1062=ORIENTED_EDGE('',*,*,#2038,.F.);
#1063=ORIENTED_EDGE('',*,*,#2039,.F.);
#1064=ORIENTED_EDGE('',*,*,#2040,.F.);
#1065=ORIENTED_EDGE('',*,*,#2004,.T.);
#1066=ORIENTED_EDGE('',*,*,#1991,.F.);
#1067=ORIENTED_EDGE('',*,*,#2041,.F.);
#1068=ORIENTED_EDGE('',*,*,#2042,.T.);
#1069=ORIENTED_EDGE('',*,*,#2039,.T.);
#1070=ORIENTED_EDGE('',*,*,#2043,.F.);
#1071=ORIENTED_EDGE('',*,*,#1994,.T.);
#1072=ORIENTED_EDGE('',*,*,#2044,.T.);
#1073=ORIENTED_EDGE('',*,*,#2042,.F.);
#1074=ORIENTED_EDGE('',*,*,#1965,.F.);
#1075=ORIENTED_EDGE('',*,*,#2045,.T.);
#1076=ORIENTED_EDGE('',*,*,#2046,.T.);
#1077=ORIENTED_EDGE('',*,*,#2007,.F.);
#1078=ORIENTED_EDGE('',*,*,#2019,.F.);
#1079=ORIENTED_EDGE('',*,*,#2047,.F.);
#1080=ORIENTED_EDGE('',*,*,#2023,.T.);
#1081=ORIENTED_EDGE('',*,*,#2048,.T.);
#1082=ORIENTED_EDGE('',*,*,#1995,.F.);
#1083=ORIENTED_EDGE('',*,*,#1975,.F.);
#1084=ORIENTED_EDGE('',*,*,#1948,.T.);
#1085=ORIENTED_EDGE('',*,*,#2049,.T.);
#1086=ORIENTED_EDGE('',*,*,#2026,.F.);
#1087=ORIENTED_EDGE('',*,*,#2050,.T.);
#1088=ORIENTED_EDGE('',*,*,#1986,.F.);
#1089=ORIENTED_EDGE('',*,*,#2051,.T.);
#1090=ORIENTED_EDGE('',*,*,#2028,.F.);
#1091=ORIENTED_EDGE('',*,*,#2034,.T.);
#1092=ORIENTED_EDGE('',*,*,#2001,.F.);
#1093=ORIENTED_EDGE('',*,*,#2052,.F.);
#1094=ORIENTED_EDGE('',*,*,#1996,.F.);
#1095=ORIENTED_EDGE('',*,*,#2049,.F.);
#1096=ORIENTED_EDGE('',*,*,#1951,.F.);
#1097=ORIENTED_EDGE('',*,*,#1988,.F.);
#1098=ORIENTED_EDGE('',*,*,#1993,.F.);
#1099=ORIENTED_EDGE('',*,*,#2053,.F.);
#1100=ORIENTED_EDGE('',*,*,#2012,.F.);
#1101=ORIENTED_EDGE('',*,*,#2035,.T.);
#1102=ORIENTED_EDGE('',*,*,#2016,.F.);
#1103=ORIENTED_EDGE('',*,*,#2032,.T.);
#1104=ORIENTED_EDGE('',*,*,#2021,.F.);
#1105=ORIENTED_EDGE('',*,*,#2054,.F.);
#1106=ORIENTED_EDGE('',*,*,#2008,.F.);
#1107=ORIENTED_EDGE('',*,*,#2046,.F.);
#1108=ORIENTED_EDGE('',*,*,#2055,.F.);
#1109=ORIENTED_EDGE('',*,*,#2056,.F.);
#1110=ORIENTED_EDGE('',*,*,#1980,.F.);
#1111=ORIENTED_EDGE('',*,*,#2050,.F.);
#1112=ORIENTED_EDGE('',*,*,#2031,.F.);
#1113=ORIENTED_EDGE('',*,*,#2033,.T.);
#1114=ORIENTED_EDGE('',*,*,#1984,.F.);
#1115=ORIENTED_EDGE('',*,*,#2057,.F.);
#1116=ORIENTED_EDGE('',*,*,#2048,.F.);
#1117=ORIENTED_EDGE('',*,*,#2051,.F.);
#1118=ORIENTED_EDGE('',*,*,#2058,.F.);
#1119=ORIENTED_EDGE('',*,*,#1963,.F.);
#1120=ORIENTED_EDGE('',*,*,#1978,.T.);
#1121=ORIENTED_EDGE('',*,*,#2056,.T.);
#1122=ORIENTED_EDGE('',*,*,#2045,.F.);
#1123=ORIENTED_EDGE('',*,*,#1964,.F.);
#1124=ORIENTED_EDGE('',*,*,#2058,.T.);
#1125=ORIENTED_EDGE('',*,*,#2055,.T.);
#1126=ORIENTED_EDGE('',*,*,#2036,.F.);
#1127=ORIENTED_EDGE('',*,*,#2054,.T.);
#1128=ORIENTED_EDGE('',*,*,#2020,.F.);
#1129=ORIENTED_EDGE('',*,*,#2057,.T.);
#1130=ORIENTED_EDGE('',*,*,#2005,.F.);
#1131=ORIENTED_EDGE('',*,*,#2040,.T.);
#1132=ORIENTED_EDGE('',*,*,#2044,.F.);
#1133=ORIENTED_EDGE('',*,*,#2052,.T.);
#1134=ORIENTED_EDGE('',*,*,#2013,.F.);
#1135=ORIENTED_EDGE('',*,*,#2053,.T.);
#1136=ORIENTED_EDGE('',*,*,#1992,.F.);
#1137=ORIENTED_EDGE('',*,*,#2038,.T.);
#1138=ORIENTED_EDGE('',*,*,#2010,.T.);
#1139=ORIENTED_EDGE('',*,*,#2059,.F.);
#1140=ORIENTED_EDGE('',*,*,#1990,.T.);
#1141=ORIENTED_EDGE('',*,*,#1972,.F.);
#1142=ORIENTED_EDGE('',*,*,#1982,.T.);
#1143=ORIENTED_EDGE('',*,*,#2037,.T.);
#1144=ORIENTED_EDGE('',*,*,#2047,.T.);
#1145=ORIENTED_EDGE('',*,*,#1953,.T.);
#1146=ORIENTED_EDGE('',*,*,#2060,.F.);
#1147=ORIENTED_EDGE('',*,*,#2003,.T.);
#1148=ORIENTED_EDGE('',*,*,#1977,.F.);
#1149=ORIENTED_EDGE('',*,*,#2043,.T.);
#1150=ORIENTED_EDGE('',*,*,#2041,.T.);
#1151=ORIENTED_EDGE('',*,*,#2059,.T.);
#1152=ORIENTED_EDGE('',*,*,#2000,.T.);
#1153=ORIENTED_EDGE('',*,*,#2060,.T.);
#1154=ORIENTED_EDGE('',*,*,#2061,.F.);
#1155=ORIENTED_EDGE('',*,*,#2062,.T.);
#1156=ORIENTED_EDGE('',*,*,#2063,.F.);
#1157=ORIENTED_EDGE('',*,*,#2064,.T.);
#1158=ORIENTED_EDGE('',*,*,#2065,.F.);
#1159=ORIENTED_EDGE('',*,*,#2066,.T.);
#1160=ORIENTED_EDGE('',*,*,#2067,.F.);
#1161=ORIENTED_EDGE('',*,*,#2068,.T.);
#1162=ORIENTED_EDGE('',*,*,#2069,.T.);
#1163=ORIENTED_EDGE('',*,*,#2070,.T.);
#1164=ORIENTED_EDGE('',*,*,#2067,.T.);
#1165=ORIENTED_EDGE('',*,*,#2071,.T.);
#1166=ORIENTED_EDGE('',*,*,#2072,.T.);
#1167=ORIENTED_EDGE('',*,*,#2073,.F.);
#1168=ORIENTED_EDGE('',*,*,#2074,.F.);
#1169=ORIENTED_EDGE('',*,*,#2075,.F.);
#1170=ORIENTED_EDGE('',*,*,#2076,.T.);
#1171=ORIENTED_EDGE('',*,*,#2077,.T.);
#1172=ORIENTED_EDGE('',*,*,#2072,.F.);
#1173=ORIENTED_EDGE('',*,*,#2078,.F.);
#1174=ORIENTED_EDGE('',*,*,#2079,.T.);
#1175=ORIENTED_EDGE('',*,*,#2080,.F.);
#1176=ORIENTED_EDGE('',*,*,#2081,.T.);
#1177=ORIENTED_EDGE('',*,*,#2082,.T.);
#1178=ORIENTED_EDGE('',*,*,#2061,.T.);
#1179=ORIENTED_EDGE('',*,*,#2083,.T.);
#1180=ORIENTED_EDGE('',*,*,#2065,.T.);
#1181=ORIENTED_EDGE('',*,*,#2084,.T.);
#1182=ORIENTED_EDGE('',*,*,#2085,.T.);
#1183=ORIENTED_EDGE('',*,*,#2086,.T.);
#1184=ORIENTED_EDGE('',*,*,#2068,.F.);
#1185=ORIENTED_EDGE('',*,*,#2070,.F.);
#1186=ORIENTED_EDGE('',*,*,#2087,.F.);
#1187=ORIENTED_EDGE('',*,*,#2083,.F.);
#1188=ORIENTED_EDGE('',*,*,#2088,.T.);
#1189=ORIENTED_EDGE('',*,*,#2089,.T.);
#1190=ORIENTED_EDGE('',*,*,#2090,.T.);
#1191=ORIENTED_EDGE('',*,*,#2075,.T.);
#1192=ORIENTED_EDGE('',*,*,#2064,.F.);
#1193=ORIENTED_EDGE('',*,*,#2091,.F.);
#1194=ORIENTED_EDGE('',*,*,#2077,.F.);
#1195=ORIENTED_EDGE('',*,*,#2084,.F.);
#1196=ORIENTED_EDGE('',*,*,#2080,.T.);
#1197=ORIENTED_EDGE('',*,*,#2085,.F.);
#1198=ORIENTED_EDGE('',*,*,#2076,.F.);
#1199=ORIENTED_EDGE('',*,*,#2090,.F.);
#1200=ORIENTED_EDGE('',*,*,#2092,.T.);
#1201=ORIENTED_EDGE('',*,*,#2093,.F.);
#1202=ORIENTED_EDGE('',*,*,#2062,.F.);
#1203=ORIENTED_EDGE('',*,*,#2082,.F.);
#1204=ORIENTED_EDGE('',*,*,#2087,.T.);
#1205=ORIENTED_EDGE('',*,*,#2094,.T.);
#1206=ORIENTED_EDGE('',*,*,#2095,.F.);
#1207=ORIENTED_EDGE('',*,*,#2078,.T.);
#1208=ORIENTED_EDGE('',*,*,#2089,.F.);
#1209=ORIENTED_EDGE('',*,*,#2094,.F.);
#1210=ORIENTED_EDGE('',*,*,#2069,.F.);
#1211=ORIENTED_EDGE('',*,*,#2079,.F.);
#1212=ORIENTED_EDGE('',*,*,#2071,.F.);
#1213=ORIENTED_EDGE('',*,*,#2066,.F.);
#1214=ORIENTED_EDGE('',*,*,#2086,.F.);
#1215=ORIENTED_EDGE('',*,*,#2063,.T.);
#1216=ORIENTED_EDGE('',*,*,#2093,.T.);
#1217=ORIENTED_EDGE('',*,*,#2073,.T.);
#1218=ORIENTED_EDGE('',*,*,#2091,.T.);
#1219=ORIENTED_EDGE('',*,*,#2096,.T.);
#1220=ORIENTED_EDGE('',*,*,#2074,.T.);
#1221=ORIENTED_EDGE('',*,*,#2092,.F.);
#1222=ORIENTED_EDGE('',*,*,#2095,.T.);
#1223=ORIENTED_EDGE('',*,*,#2088,.F.);
#1224=ORIENTED_EDGE('',*,*,#2096,.F.);
#1225=ORIENTED_EDGE('',*,*,#2081,.F.);
#1226=ORIENTED_EDGE('',*,*,#2097,.T.);
#1227=ORIENTED_EDGE('',*,*,#2098,.F.);
#1228=ORIENTED_EDGE('',*,*,#2099,.F.);
#1229=ORIENTED_EDGE('',*,*,#2100,.F.);
#1230=ORIENTED_EDGE('',*,*,#2101,.T.);
#1231=ORIENTED_EDGE('',*,*,#2102,.F.);
#1232=ORIENTED_EDGE('',*,*,#2103,.F.);
#1233=ORIENTED_EDGE('',*,*,#2104,.F.);
#1234=ORIENTED_EDGE('',*,*,#2105,.T.);
#1235=ORIENTED_EDGE('',*,*,#2106,.T.);
#1236=ORIENTED_EDGE('',*,*,#2107,.F.);
#1237=ORIENTED_EDGE('',*,*,#2108,.F.);
#1238=ORIENTED_EDGE('',*,*,#2109,.F.);
#1239=ORIENTED_EDGE('',*,*,#2110,.F.);
#1240=ORIENTED_EDGE('',*,*,#2111,.F.);
#1241=ORIENTED_EDGE('',*,*,#2112,.T.);
#1242=ORIENTED_EDGE('',*,*,#2113,.F.);
#1243=ORIENTED_EDGE('',*,*,#2114,.F.);
#1244=ORIENTED_EDGE('',*,*,#2115,.F.);
#1245=ORIENTED_EDGE('',*,*,#2116,.F.);
#1246=ORIENTED_EDGE('',*,*,#2117,.F.);
#1247=ORIENTED_EDGE('',*,*,#2106,.F.);
#1248=ORIENTED_EDGE('',*,*,#2118,.F.);
#1249=ORIENTED_EDGE('',*,*,#2112,.F.);
#1250=ORIENTED_EDGE('',*,*,#2119,.T.);
#1251=ORIENTED_EDGE('',*,*,#2120,.F.);
#1252=ORIENTED_EDGE('',*,*,#2121,.T.);
#1253=ORIENTED_EDGE('',*,*,#2122,.T.);
#1254=ORIENTED_EDGE('',*,*,#2102,.T.);
#1255=ORIENTED_EDGE('',*,*,#2113,.T.);
#1256=ORIENTED_EDGE('',*,*,#2123,.T.);
#1257=ORIENTED_EDGE('',*,*,#2124,.T.);
#1258=ORIENTED_EDGE('',*,*,#2115,.T.);
#1259=ORIENTED_EDGE('',*,*,#2109,.T.);
#1260=ORIENTED_EDGE('',*,*,#2125,.T.);
#1261=ORIENTED_EDGE('',*,*,#2098,.T.);
#1262=ORIENTED_EDGE('',*,*,#2126,.T.);
#1263=ORIENTED_EDGE('',*,*,#2117,.T.);
#1264=ORIENTED_EDGE('',*,*,#2103,.T.);
#1265=ORIENTED_EDGE('',*,*,#2127,.T.);
#1266=ORIENTED_EDGE('',*,*,#2097,.F.);
#1267=ORIENTED_EDGE('',*,*,#2120,.T.);
#1268=ORIENTED_EDGE('',*,*,#2128,.F.);
#1269=ORIENTED_EDGE('',*,*,#2105,.F.);
#1270=ORIENTED_EDGE('',*,*,#2121,.F.);
#1271=ORIENTED_EDGE('',*,*,#2107,.T.);
#1272=ORIENTED_EDGE('',*,*,#2126,.F.);
#1273=ORIENTED_EDGE('',*,*,#2127,.F.);
#1274=ORIENTED_EDGE('',*,*,#2122,.F.);
#1275=ORIENTED_EDGE('',*,*,#2110,.T.);
#1276=ORIENTED_EDGE('',*,*,#2114,.T.);
#1277=ORIENTED_EDGE('',*,*,#2101,.F.);
#1278=ORIENTED_EDGE('',*,*,#2129,.F.);
#1279=ORIENTED_EDGE('',*,*,#2099,.T.);
#1280=ORIENTED_EDGE('',*,*,#2125,.F.);
#1281=ORIENTED_EDGE('',*,*,#2116,.T.);
#1282=ORIENTED_EDGE('',*,*,#2130,.F.);
#1283=ORIENTED_EDGE('',*,*,#2131,.T.);
#1284=ORIENTED_EDGE('',*,*,#2123,.F.);
#1285=ORIENTED_EDGE('',*,*,#2108,.T.);
#1286=ORIENTED_EDGE('',*,*,#2104,.T.);
#1287=ORIENTED_EDGE('',*,*,#2100,.T.);
#1288=ORIENTED_EDGE('',*,*,#2129,.T.);
#1289=ORIENTED_EDGE('',*,*,#2111,.T.);
#1290=ORIENTED_EDGE('',*,*,#2119,.F.);
#1291=ORIENTED_EDGE('',*,*,#2124,.F.);
#1292=ORIENTED_EDGE('',*,*,#2131,.F.);
#1293=ORIENTED_EDGE('',*,*,#2132,.F.);
#1294=ORIENTED_EDGE('',*,*,#2130,.T.);
#1295=ORIENTED_EDGE('',*,*,#2118,.T.);
#1296=ORIENTED_EDGE('',*,*,#2128,.T.);
#1297=ORIENTED_EDGE('',*,*,#2132,.T.);
#1298=ORIENTED_EDGE('',*,*,#2133,.T.);
#1299=ORIENTED_EDGE('',*,*,#2134,.F.);
#1300=ORIENTED_EDGE('',*,*,#2135,.F.);
#1301=ORIENTED_EDGE('',*,*,#2136,.T.);
#1302=ORIENTED_EDGE('',*,*,#2137,.T.);
#1303=ORIENTED_EDGE('',*,*,#2138,.F.);
#1304=ORIENTED_EDGE('',*,*,#2139,.F.);
#1305=ORIENTED_EDGE('',*,*,#2140,.T.);
#1306=ORIENTED_EDGE('',*,*,#2141,.T.);
#1307=ORIENTED_EDGE('',*,*,#2142,.F.);
#1308=ORIENTED_EDGE('',*,*,#2143,.F.);
#1309=ORIENTED_EDGE('',*,*,#2138,.T.);
#1310=ORIENTED_EDGE('',*,*,#2144,.T.);
#1311=ORIENTED_EDGE('',*,*,#2145,.F.);
#1312=ORIENTED_EDGE('',*,*,#2146,.F.);
#1313=ORIENTED_EDGE('',*,*,#2142,.T.);
#1314=ORIENTED_EDGE('',*,*,#2147,.T.);
#1315=ORIENTED_EDGE('',*,*,#2148,.T.);
#1316=ORIENTED_EDGE('',*,*,#2135,.T.);
#1317=ORIENTED_EDGE('',*,*,#2149,.T.);
#1318=ORIENTED_EDGE('',*,*,#2150,.T.);
#1319=ORIENTED_EDGE('',*,*,#2151,.T.);
#1320=ORIENTED_EDGE('',*,*,#2152,.T.);
#1321=ORIENTED_EDGE('',*,*,#2153,.T.);
#1322=ORIENTED_EDGE('',*,*,#2154,.F.);
#1323=ORIENTED_EDGE('',*,*,#2144,.F.);
#1324=ORIENTED_EDGE('',*,*,#2141,.F.);
#1325=ORIENTED_EDGE('',*,*,#2137,.F.);
#1326=ORIENTED_EDGE('',*,*,#2155,.F.);
#1327=ORIENTED_EDGE('',*,*,#2156,.F.);
#1328=ORIENTED_EDGE('',*,*,#2157,.F.);
#1329=ORIENTED_EDGE('',*,*,#2158,.F.);
#1330=ORIENTED_EDGE('',*,*,#2156,.T.);
#1331=ORIENTED_EDGE('',*,*,#2159,.F.);
#1332=ORIENTED_EDGE('',*,*,#2160,.F.);
#1333=ORIENTED_EDGE('',*,*,#2161,.T.);
#1334=ORIENTED_EDGE('',*,*,#2162,.F.);
#1335=ORIENTED_EDGE('',*,*,#2163,.F.);
#1336=ORIENTED_EDGE('',*,*,#2164,.F.);
#1337=ORIENTED_EDGE('',*,*,#2165,.F.);
#1338=ORIENTED_EDGE('',*,*,#2166,.F.);
#1339=ORIENTED_EDGE('',*,*,#2167,.F.);
#1340=ORIENTED_EDGE('',*,*,#2168,.F.);
#1341=ORIENTED_EDGE('',*,*,#2133,.F.);
#1342=ORIENTED_EDGE('',*,*,#2146,.T.);
#1343=ORIENTED_EDGE('',*,*,#2169,.T.);
#1344=ORIENTED_EDGE('',*,*,#2170,.T.);
#1345=ORIENTED_EDGE('',*,*,#2171,.T.);
#1346=ORIENTED_EDGE('',*,*,#2160,.T.);
#1347=ORIENTED_EDGE('',*,*,#2172,.T.);
#1348=ORIENTED_EDGE('',*,*,#2139,.T.);
#1349=ORIENTED_EDGE('',*,*,#2143,.T.);
#1350=ORIENTED_EDGE('',*,*,#2155,.T.);
#1351=ORIENTED_EDGE('',*,*,#2140,.F.);
#1352=ORIENTED_EDGE('',*,*,#2172,.F.);
#1353=ORIENTED_EDGE('',*,*,#2159,.T.);
#1354=ORIENTED_EDGE('',*,*,#2154,.T.);
#1355=ORIENTED_EDGE('',*,*,#2173,.F.);
#1356=ORIENTED_EDGE('',*,*,#2169,.F.);
#1357=ORIENTED_EDGE('',*,*,#2145,.T.);
#1358=ORIENTED_EDGE('',*,*,#2162,.T.);
#1359=ORIENTED_EDGE('',*,*,#2136,.F.);
#1360=ORIENTED_EDGE('',*,*,#2148,.F.);
#1361=ORIENTED_EDGE('',*,*,#2174,.T.);
#1362=ORIENTED_EDGE('',*,*,#2163,.T.);
#1363=ORIENTED_EDGE('',*,*,#2174,.F.);
#1364=ORIENTED_EDGE('',*,*,#2147,.F.);
#1365=ORIENTED_EDGE('',*,*,#2175,.T.);
#1366=ORIENTED_EDGE('',*,*,#2158,.T.);
#1367=ORIENTED_EDGE('',*,*,#2176,.F.);
#1368=ORIENTED_EDGE('',*,*,#2170,.F.);
#1369=ORIENTED_EDGE('',*,*,#2173,.T.);
#1370=ORIENTED_EDGE('',*,*,#2157,.T.);
#1371=ORIENTED_EDGE('',*,*,#2161,.F.);
#1372=ORIENTED_EDGE('',*,*,#2171,.F.);
#1373=ORIENTED_EDGE('',*,*,#2176,.T.);
#1374=ORIENTED_EDGE('',*,*,#2165,.T.);
#1375=ORIENTED_EDGE('',*,*,#2177,.F.);
#1376=ORIENTED_EDGE('',*,*,#2152,.F.);
#1377=ORIENTED_EDGE('',*,*,#2178,.T.);
#1378=ORIENTED_EDGE('',*,*,#2167,.T.);
#1379=ORIENTED_EDGE('',*,*,#2179,.F.);
#1380=ORIENTED_EDGE('',*,*,#2150,.F.);
#1381=ORIENTED_EDGE('',*,*,#2180,.T.);
#1382=ORIENTED_EDGE('',*,*,#2166,.T.);
#1383=ORIENTED_EDGE('',*,*,#2178,.F.);
#1384=ORIENTED_EDGE('',*,*,#2151,.F.);
#1385=ORIENTED_EDGE('',*,*,#2179,.T.);
#1386=ORIENTED_EDGE('',*,*,#2134,.T.);
#1387=ORIENTED_EDGE('',*,*,#2168,.T.);
#1388=ORIENTED_EDGE('',*,*,#2180,.F.);
#1389=ORIENTED_EDGE('',*,*,#2149,.F.);
#1390=ORIENTED_EDGE('',*,*,#2177,.T.);
#1391=ORIENTED_EDGE('',*,*,#2164,.T.);
#1392=ORIENTED_EDGE('',*,*,#2175,.F.);
#1393=ORIENTED_EDGE('',*,*,#2153,.F.);
#1394=ORIENTED_EDGE('',*,*,#2181,.F.);
#1395=ORIENTED_EDGE('',*,*,#2182,.F.);
#1396=ORIENTED_EDGE('',*,*,#2183,.T.);
#1397=ORIENTED_EDGE('',*,*,#2184,.T.);
#1398=ORIENTED_EDGE('',*,*,#2185,.F.);
#1399=ORIENTED_EDGE('',*,*,#2186,.F.);
#1400=ORIENTED_EDGE('',*,*,#2187,.T.);
#1401=ORIENTED_EDGE('',*,*,#2188,.T.);
#1402=ORIENTED_EDGE('',*,*,#2189,.T.);
#1403=ORIENTED_EDGE('',*,*,#2190,.T.);
#1404=ORIENTED_EDGE('',*,*,#2185,.T.);
#1405=ORIENTED_EDGE('',*,*,#2191,.T.);
#1406=ORIENTED_EDGE('',*,*,#2181,.T.);
#1407=ORIENTED_EDGE('',*,*,#2192,.T.);
#1408=ORIENTED_EDGE('',*,*,#2193,.T.);
#1409=ORIENTED_EDGE('',*,*,#2189,.F.);
#1410=ORIENTED_EDGE('',*,*,#2194,.F.);
#1411=ORIENTED_EDGE('',*,*,#2195,.T.);
#1412=ORIENTED_EDGE('',*,*,#2196,.T.);
#1413=ORIENTED_EDGE('',*,*,#2191,.F.);
#1414=ORIENTED_EDGE('',*,*,#2188,.F.);
#1415=ORIENTED_EDGE('',*,*,#2197,.T.);
#1416=ORIENTED_EDGE('',*,*,#2182,.T.);
#1417=ORIENTED_EDGE('',*,*,#2190,.F.);
#1418=ORIENTED_EDGE('',*,*,#2196,.F.);
#1419=ORIENTED_EDGE('',*,*,#2198,.T.);
#1420=ORIENTED_EDGE('',*,*,#2186,.T.);
#1421=ORIENTED_EDGE('',*,*,#2195,.F.);
#1422=ORIENTED_EDGE('',*,*,#2199,.F.);
#1423=ORIENTED_EDGE('',*,*,#2200,.F.);
#1424=ORIENTED_EDGE('',*,*,#2183,.F.);
#1425=ORIENTED_EDGE('',*,*,#2197,.F.);
#1426=ORIENTED_EDGE('',*,*,#2187,.F.);
#1427=ORIENTED_EDGE('',*,*,#2198,.F.);
#1428=ORIENTED_EDGE('',*,*,#2192,.F.);
#1429=ORIENTED_EDGE('',*,*,#2184,.F.);
#1430=ORIENTED_EDGE('',*,*,#2200,.T.);
#1431=ORIENTED_EDGE('',*,*,#2201,.T.);
#1432=ORIENTED_EDGE('',*,*,#2193,.F.);
#1433=ORIENTED_EDGE('',*,*,#2201,.F.);
#1434=ORIENTED_EDGE('',*,*,#2199,.T.);
#1435=ORIENTED_EDGE('',*,*,#2194,.T.);
#1436=ORIENTED_EDGE('',*,*,#2202,.T.);
#1437=ORIENTED_EDGE('',*,*,#2203,.T.);
#1438=ORIENTED_EDGE('',*,*,#2204,.T.);
#1439=ORIENTED_EDGE('',*,*,#2205,.T.);
#1440=ORIENTED_EDGE('',*,*,#2206,.T.);
#1441=ORIENTED_EDGE('',*,*,#2207,.T.);
#1442=ORIENTED_EDGE('',*,*,#2208,.T.);
#1443=ORIENTED_EDGE('',*,*,#2204,.F.);
#1444=ORIENTED_EDGE('',*,*,#2209,.F.);
#1445=ORIENTED_EDGE('',*,*,#2210,.T.);
#1446=ORIENTED_EDGE('',*,*,#2211,.T.);
#1447=ORIENTED_EDGE('',*,*,#2202,.F.);
#1448=ORIENTED_EDGE('',*,*,#2212,.F.);
#1449=ORIENTED_EDGE('',*,*,#2213,.T.);
#1450=ORIENTED_EDGE('',*,*,#2214,.T.);
#1451=ORIENTED_EDGE('',*,*,#2213,.F.);
#1452=ORIENTED_EDGE('',*,*,#2215,.F.);
#1453=ORIENTED_EDGE('',*,*,#2216,.F.);
#1454=ORIENTED_EDGE('',*,*,#2217,.F.);
#1455=ORIENTED_EDGE('',*,*,#2218,.F.);
#1456=ORIENTED_EDGE('',*,*,#2210,.F.);
#1457=ORIENTED_EDGE('',*,*,#2219,.F.);
#1458=ORIENTED_EDGE('',*,*,#2203,.F.);
#1459=ORIENTED_EDGE('',*,*,#2214,.F.);
#1460=ORIENTED_EDGE('',*,*,#2219,.T.);
#1461=ORIENTED_EDGE('',*,*,#2209,.T.);
#1462=ORIENTED_EDGE('',*,*,#2208,.F.);
#1463=ORIENTED_EDGE('',*,*,#2220,.F.);
#1464=ORIENTED_EDGE('',*,*,#2215,.T.);
#1465=ORIENTED_EDGE('',*,*,#2212,.T.);
#1466=ORIENTED_EDGE('',*,*,#2207,.F.);
#1467=ORIENTED_EDGE('',*,*,#2221,.F.);
#1468=ORIENTED_EDGE('',*,*,#2216,.T.);
#1469=ORIENTED_EDGE('',*,*,#2220,.T.);
#1470=ORIENTED_EDGE('',*,*,#2206,.F.);
#1471=ORIENTED_EDGE('',*,*,#2222,.F.);
#1472=ORIENTED_EDGE('',*,*,#2217,.T.);
#1473=ORIENTED_EDGE('',*,*,#2221,.T.);
#1474=ORIENTED_EDGE('',*,*,#2205,.F.);
#1475=ORIENTED_EDGE('',*,*,#2211,.F.);
#1476=ORIENTED_EDGE('',*,*,#2218,.T.);
#1477=ORIENTED_EDGE('',*,*,#2222,.T.);
#1478=ORIENTED_EDGE('',*,*,#2223,.T.);
#1479=ORIENTED_EDGE('',*,*,#2224,.T.);
#1480=ORIENTED_EDGE('',*,*,#2225,.T.);
#1481=ORIENTED_EDGE('',*,*,#2226,.T.);
#1482=ORIENTED_EDGE('',*,*,#2227,.T.);
#1483=ORIENTED_EDGE('',*,*,#2228,.T.);
#1484=ORIENTED_EDGE('',*,*,#2229,.T.);
#1485=ORIENTED_EDGE('',*,*,#2230,.F.);
#1486=ORIENTED_EDGE('',*,*,#2231,.F.);
#1487=ORIENTED_EDGE('',*,*,#2232,.F.);
#1488=ORIENTED_EDGE('',*,*,#2233,.T.);
#1489=ORIENTED_EDGE('',*,*,#2234,.T.);
#1490=ORIENTED_EDGE('',*,*,#2235,.T.);
#1491=ORIENTED_EDGE('',*,*,#2236,.F.);
#1492=ORIENTED_EDGE('',*,*,#2237,.T.);
#1493=ORIENTED_EDGE('',*,*,#2238,.T.);
#1494=ORIENTED_EDGE('',*,*,#2239,.F.);
#1495=ORIENTED_EDGE('',*,*,#2240,.F.);
#1496=ORIENTED_EDGE('',*,*,#2241,.F.);
#1497=ORIENTED_EDGE('',*,*,#2242,.F.);
#1498=ORIENTED_EDGE('',*,*,#2238,.F.);
#1499=ORIENTED_EDGE('',*,*,#2243,.F.);
#1500=ORIENTED_EDGE('',*,*,#2244,.F.);
#1501=ORIENTED_EDGE('',*,*,#2245,.F.);
#1502=ORIENTED_EDGE('',*,*,#2246,.T.);
#1503=ORIENTED_EDGE('',*,*,#2247,.F.);
#1504=ORIENTED_EDGE('',*,*,#2248,.F.);
#1505=ORIENTED_EDGE('',*,*,#2249,.F.);
#1506=ORIENTED_EDGE('',*,*,#2250,.F.);
#1507=ORIENTED_EDGE('',*,*,#2251,.F.);
#1508=ORIENTED_EDGE('',*,*,#2233,.F.);
#1509=ORIENTED_EDGE('',*,*,#2252,.T.);
#1510=ORIENTED_EDGE('',*,*,#2253,.F.);
#1511=ORIENTED_EDGE('',*,*,#2254,.F.);
#1512=ORIENTED_EDGE('',*,*,#2255,.F.);
#1513=ORIENTED_EDGE('',*,*,#2256,.T.);
#1514=ORIENTED_EDGE('',*,*,#2257,.F.);
#1515=ORIENTED_EDGE('',*,*,#2258,.F.);
#1516=ORIENTED_EDGE('',*,*,#2248,.T.);
#1517=ORIENTED_EDGE('',*,*,#2259,.F.);
#1518=ORIENTED_EDGE('',*,*,#2260,.T.);
#1519=ORIENTED_EDGE('',*,*,#2261,.F.);
#1520=ORIENTED_EDGE('',*,*,#2262,.F.);
#1521=ORIENTED_EDGE('',*,*,#2225,.F.);
#1522=ORIENTED_EDGE('',*,*,#2263,.F.);
#1523=ORIENTED_EDGE('',*,*,#2246,.F.);
#1524=ORIENTED_EDGE('',*,*,#2264,.T.);
#1525=ORIENTED_EDGE('',*,*,#2265,.T.);
#1526=ORIENTED_EDGE('',*,*,#2266,.T.);
#1527=ORIENTED_EDGE('',*,*,#2267,.T.);
#1528=ORIENTED_EDGE('',*,*,#2257,.T.);
#1529=ORIENTED_EDGE('',*,*,#2268,.T.);
#1530=ORIENTED_EDGE('',*,*,#2269,.T.);
#1531=ORIENTED_EDGE('',*,*,#2255,.T.);
#1532=ORIENTED_EDGE('',*,*,#2270,.T.);
#1533=ORIENTED_EDGE('',*,*,#2271,.T.);
#1534=ORIENTED_EDGE('',*,*,#2272,.T.);
#1535=ORIENTED_EDGE('',*,*,#2273,.T.);
#1536=ORIENTED_EDGE('',*,*,#2274,.T.);
#1537=ORIENTED_EDGE('',*,*,#2275,.T.);
#1538=ORIENTED_EDGE('',*,*,#2276,.F.);
#1539=ORIENTED_EDGE('',*,*,#2277,.T.);
#1540=ORIENTED_EDGE('',*,*,#2278,.F.);
#1541=ORIENTED_EDGE('',*,*,#2279,.F.);
#1542=ORIENTED_EDGE('',*,*,#2280,.T.);
#1543=ORIENTED_EDGE('',*,*,#2226,.F.);
#1544=ORIENTED_EDGE('',*,*,#2281,.F.);
#1545=ORIENTED_EDGE('',*,*,#2265,.F.);
#1546=ORIENTED_EDGE('',*,*,#2282,.T.);
#1547=ORIENTED_EDGE('',*,*,#2283,.T.);
#1548=ORIENTED_EDGE('',*,*,#2252,.F.);
#1549=ORIENTED_EDGE('',*,*,#2284,.F.);
#1550=ORIENTED_EDGE('',*,*,#2285,.F.);
#1551=ORIENTED_EDGE('',*,*,#2250,.T.);
#1552=ORIENTED_EDGE('',*,*,#2286,.T.);
#1553=ORIENTED_EDGE('',*,*,#2287,.T.);
#1554=ORIENTED_EDGE('',*,*,#2264,.F.);
#1555=ORIENTED_EDGE('',*,*,#2275,.F.);
#1556=ORIENTED_EDGE('',*,*,#2288,.F.);
#1557=ORIENTED_EDGE('',*,*,#2283,.F.);
#1558=ORIENTED_EDGE('',*,*,#2289,.F.);
#1559=ORIENTED_EDGE('',*,*,#2274,.F.);
#1560=ORIENTED_EDGE('',*,*,#2290,.F.);
#1561=ORIENTED_EDGE('',*,*,#2291,.T.);
#1562=ORIENTED_EDGE('',*,*,#2292,.T.);
#1563=ORIENTED_EDGE('',*,*,#2293,.T.);
#1564=ORIENTED_EDGE('',*,*,#2294,.T.);
#1565=ORIENTED_EDGE('',*,*,#2293,.F.);
#1566=ORIENTED_EDGE('',*,*,#2295,.T.);
#1567=ORIENTED_EDGE('',*,*,#2296,.F.);
#1568=ORIENTED_EDGE('',*,*,#2297,.F.);
#1569=ORIENTED_EDGE('',*,*,#2298,.F.);
#1570=ORIENTED_EDGE('',*,*,#2240,.T.);
#1571=ORIENTED_EDGE('',*,*,#2291,.F.);
#1572=ORIENTED_EDGE('',*,*,#2299,.F.);
#1573=ORIENTED_EDGE('',*,*,#2229,.F.);
#1574=ORIENTED_EDGE('',*,*,#2278,.T.);
#1575=ORIENTED_EDGE('',*,*,#2300,.F.);
#1576=ORIENTED_EDGE('',*,*,#2301,.F.);
#1577=ORIENTED_EDGE('',*,*,#2231,.T.);
#1578=ORIENTED_EDGE('',*,*,#2302,.T.);
#1579=ORIENTED_EDGE('',*,*,#2284,.T.);
#1580=ORIENTED_EDGE('',*,*,#2303,.T.);
#1581=ORIENTED_EDGE('',*,*,#2304,.F.);
#1582=ORIENTED_EDGE('',*,*,#2305,.T.);
#1583=ORIENTED_EDGE('',*,*,#2306,.T.);
#1584=ORIENTED_EDGE('',*,*,#2307,.T.);
#1585=ORIENTED_EDGE('',*,*,#2308,.F.);
#1586=ORIENTED_EDGE('',*,*,#2299,.T.);
#1587=ORIENTED_EDGE('',*,*,#2294,.F.);
#1588=ORIENTED_EDGE('',*,*,#2297,.T.);
#1589=ORIENTED_EDGE('',*,*,#2236,.T.);
#1590=ORIENTED_EDGE('',*,*,#2253,.T.);
#1591=ORIENTED_EDGE('',*,*,#2290,.T.);
#1592=ORIENTED_EDGE('',*,*,#2309,.T.);
#1593=ORIENTED_EDGE('',*,*,#2289,.T.);
#1594=ORIENTED_EDGE('',*,*,#2310,.T.);
#1595=ORIENTED_EDGE('',*,*,#2311,.T.);
#1596=ORIENTED_EDGE('',*,*,#2288,.T.);
#1597=ORIENTED_EDGE('',*,*,#2259,.T.);
#1598=ORIENTED_EDGE('',*,*,#2268,.F.);
#1599=ORIENTED_EDGE('',*,*,#2312,.F.);
#1600=ORIENTED_EDGE('',*,*,#2224,.F.);
#1601=ORIENTED_EDGE('',*,*,#2313,.T.);
#1602=ORIENTED_EDGE('',*,*,#2243,.T.);
#1603=ORIENTED_EDGE('',*,*,#2237,.F.);
#1604=ORIENTED_EDGE('',*,*,#2314,.T.);
#1605=ORIENTED_EDGE('',*,*,#2315,.T.);
#1606=ORIENTED_EDGE('',*,*,#2244,.T.);
#1607=ORIENTED_EDGE('',*,*,#2313,.F.);
#1608=ORIENTED_EDGE('',*,*,#2266,.F.);
#1609=ORIENTED_EDGE('',*,*,#2262,.T.);
#1610=ORIENTED_EDGE('',*,*,#2245,.T.);
#1611=ORIENTED_EDGE('',*,*,#2315,.F.);
#1612=ORIENTED_EDGE('',*,*,#2281,.T.);
#1613=ORIENTED_EDGE('',*,*,#2300,.T.);
#1614=ORIENTED_EDGE('',*,*,#2316,.T.);
#1615=ORIENTED_EDGE('',*,*,#2298,.T.);
#1616=ORIENTED_EDGE('',*,*,#2308,.T.);
#1617=ORIENTED_EDGE('',*,*,#2317,.T.);
#1618=ORIENTED_EDGE('',*,*,#2296,.T.);
#1619=ORIENTED_EDGE('',*,*,#2318,.T.);
#1620=ORIENTED_EDGE('',*,*,#2319,.T.);
#1621=ORIENTED_EDGE('',*,*,#2320,.T.);
#1622=ORIENTED_EDGE('',*,*,#2304,.T.);
#1623=ORIENTED_EDGE('',*,*,#2321,.T.);
#1624=ORIENTED_EDGE('',*,*,#2271,.F.);
#1625=ORIENTED_EDGE('',*,*,#2322,.F.);
#1626=ORIENTED_EDGE('',*,*,#2318,.F.);
#1627=ORIENTED_EDGE('',*,*,#2279,.T.);
#1628=ORIENTED_EDGE('',*,*,#2228,.F.);
#1629=ORIENTED_EDGE('',*,*,#2323,.F.);
#1630=ORIENTED_EDGE('',*,*,#2270,.F.);
#1631=ORIENTED_EDGE('',*,*,#2239,.T.);
#1632=ORIENTED_EDGE('',*,*,#2272,.F.);
#1633=ORIENTED_EDGE('',*,*,#2324,.F.);
#1634=ORIENTED_EDGE('',*,*,#2292,.F.);
#1635=ORIENTED_EDGE('',*,*,#2241,.T.);
#1636=ORIENTED_EDGE('',*,*,#2316,.F.);
#1637=ORIENTED_EDGE('',*,*,#2277,.F.);
#1638=ORIENTED_EDGE('',*,*,#2273,.F.);
#1639=ORIENTED_EDGE('',*,*,#2325,.F.);
#1640=ORIENTED_EDGE('',*,*,#2301,.T.);
#1641=ORIENTED_EDGE('',*,*,#2317,.F.);
#1642=ORIENTED_EDGE('',*,*,#2307,.F.);
#1643=ORIENTED_EDGE('',*,*,#2303,.F.);
#1644=ORIENTED_EDGE('',*,*,#2286,.F.);
#1645=ORIENTED_EDGE('',*,*,#2249,.T.);
#1646=ORIENTED_EDGE('',*,*,#2232,.T.);
#1647=ORIENTED_EDGE('',*,*,#2326,.T.);
#1648=ORIENTED_EDGE('',*,*,#2230,.T.);
#1649=ORIENTED_EDGE('',*,*,#2325,.T.);
#1650=ORIENTED_EDGE('',*,*,#2306,.F.);
#1651=ORIENTED_EDGE('',*,*,#2258,.T.);
#1652=ORIENTED_EDGE('',*,*,#2254,.T.);
#1653=ORIENTED_EDGE('',*,*,#2235,.F.);
#1654=ORIENTED_EDGE('',*,*,#2242,.T.);
#1655=ORIENTED_EDGE('',*,*,#2276,.T.);
#1656=ORIENTED_EDGE('',*,*,#2267,.F.);
#1657=ORIENTED_EDGE('',*,*,#2314,.F.);
#1658=ORIENTED_EDGE('',*,*,#2309,.F.);
#1659=ORIENTED_EDGE('',*,*,#2295,.F.);
#1660=ORIENTED_EDGE('',*,*,#2324,.T.);
#1661=ORIENTED_EDGE('',*,*,#2321,.F.);
#1662=ORIENTED_EDGE('',*,*,#2319,.F.);
#1663=ORIENTED_EDGE('',*,*,#2327,.T.);
#1664=ORIENTED_EDGE('',*,*,#2227,.F.);
#1665=ORIENTED_EDGE('',*,*,#2328,.F.);
#1666=ORIENTED_EDGE('',*,*,#2260,.F.);
#1667=ORIENTED_EDGE('',*,*,#2223,.F.);
#1668=ORIENTED_EDGE('',*,*,#2329,.F.);
#1669=ORIENTED_EDGE('',*,*,#2311,.F.);
#1670=ORIENTED_EDGE('',*,*,#2287,.F.);
#1671=ORIENTED_EDGE('',*,*,#2329,.T.);
#1672=ORIENTED_EDGE('',*,*,#2280,.F.);
#1673=ORIENTED_EDGE('',*,*,#2302,.F.);
#1674=ORIENTED_EDGE('',*,*,#2234,.F.);
#1675=ORIENTED_EDGE('',*,*,#2251,.T.);
#1676=ORIENTED_EDGE('',*,*,#2285,.T.);
#1677=ORIENTED_EDGE('',*,*,#2320,.F.);
#1678=ORIENTED_EDGE('',*,*,#2328,.T.);
#1679=ORIENTED_EDGE('',*,*,#2326,.F.);
#1680=ORIENTED_EDGE('',*,*,#2305,.F.);
#1681=ORIENTED_EDGE('',*,*,#2261,.T.);
#1682=ORIENTED_EDGE('',*,*,#2310,.F.);
#1683=ORIENTED_EDGE('',*,*,#2282,.F.);
#1684=ORIENTED_EDGE('',*,*,#2269,.F.);
#1685=ORIENTED_EDGE('',*,*,#2323,.T.);
#1686=ORIENTED_EDGE('',*,*,#2327,.F.);
#1687=ORIENTED_EDGE('',*,*,#2322,.T.);
#1688=ORIENTED_EDGE('',*,*,#2263,.T.);
#1689=ORIENTED_EDGE('',*,*,#2312,.T.);
#1690=ORIENTED_EDGE('',*,*,#2256,.F.);
#1691=ORIENTED_EDGE('',*,*,#2247,.T.);
#1692=EDGE_CURVE('',#2330,#2331,#2728,.T.);
#1693=EDGE_CURVE('',#2330,#2332,#2729,.T.);
#1694=EDGE_CURVE('',#2333,#2332,#2730,.T.);
#1695=EDGE_CURVE('',#2331,#2333,#2731,.T.);
#1696=EDGE_CURVE('',#2334,#2335,#196,.T.);
#1697=EDGE_CURVE('',#2336,#2334,#2732,.T.);
#1698=EDGE_CURVE('',#2337,#2336,#197,.T.);
#1699=EDGE_CURVE('',#2335,#2337,#2733,.T.);
#1700=EDGE_CURVE('',#2338,#2339,#2734,.T.);
#1701=EDGE_CURVE('',#2339,#2340,#2735,.T.);
#1702=EDGE_CURVE('',#2341,#2340,#2736,.T.);
#1703=EDGE_CURVE('',#2341,#2342,#2737,.T.);
#1704=EDGE_CURVE('',#2342,#2343,#2738,.T.);
#1705=EDGE_CURVE('',#2344,#2343,#2739,.T.);
#1706=EDGE_CURVE('',#2345,#2344,#2740,.T.);
#1707=EDGE_CURVE('',#2345,#2338,#2741,.T.);
#1708=EDGE_CURVE('',#2346,#2347,#2742,.T.);
#1709=EDGE_CURVE('',#2347,#2348,#2743,.T.);
#1710=EDGE_CURVE('',#2348,#2349,#2744,.T.);
#1711=EDGE_CURVE('',#2346,#2349,#2745,.T.);
#1712=EDGE_CURVE('',#2350,#2351,#2746,.T.);
#1713=EDGE_CURVE('',#2351,#2352,#2747,.T.);
#1714=EDGE_CURVE('',#2352,#2353,#2748,.T.);
#1715=EDGE_CURVE('',#2350,#2353,#2749,.T.);
#1716=EDGE_CURVE('',#2354,#2355,#2750,.T.);
#1717=EDGE_CURVE('',#2355,#2356,#2751,.T.);
#1718=EDGE_CURVE('',#2357,#2356,#2752,.T.);
#1719=EDGE_CURVE('',#2357,#2354,#2753,.T.);
#1720=EDGE_CURVE('',#2358,#2359,#2754,.T.);
#1721=EDGE_CURVE('',#2359,#2360,#198,.T.);
#1722=EDGE_CURVE('',#2360,#2361,#2755,.T.);
#1723=EDGE_CURVE('',#2361,#2362,#2756,.T.);
#1724=EDGE_CURVE('',#2363,#2362,#2757,.T.);
#1725=EDGE_CURVE('',#2355,#2363,#2758,.T.);
#1726=EDGE_CURVE('',#2354,#2364,#2759,.T.);
#1727=EDGE_CURVE('',#2364,#2365,#2760,.T.);
#1728=EDGE_CURVE('',#2365,#2358,#199,.T.);
#1729=EDGE_CURVE('',#2366,#2338,#2761,.T.);
#1730=EDGE_CURVE('',#2345,#2367,#2762,.T.);
#1731=EDGE_CURVE('',#2367,#2366,#2763,.T.);
#1732=EDGE_CURVE('',#2368,#2368,#200,.T.);
#1733=EDGE_CURVE('',#2369,#2370,#201,.T.);
#1734=EDGE_CURVE('',#2371,#2369,#2764,.T.);
#1735=EDGE_CURVE('',#2372,#2371,#202,.T.);
#1736=EDGE_CURVE('',#2370,#2372,#2765,.T.);
#1737=EDGE_CURVE('',#2373,#2374,#2766,.T.);
#1738=EDGE_CURVE('',#2374,#2375,#2767,.T.);
#1739=EDGE_CURVE('',#2376,#2375,#2768,.T.);
#1740=EDGE_CURVE('',#2376,#2377,#2769,.T.);
#1741=EDGE_CURVE('',#2377,#2366,#2770,.T.);
#1742=EDGE_CURVE('',#2378,#2367,#2771,.T.);
#1743=EDGE_CURVE('',#2378,#2373,#2772,.T.);
#1744=EDGE_CURVE('',#2378,#2344,#2773,.T.);
#1745=EDGE_CURVE('',#2379,#2380,#2774,.T.);
#1746=EDGE_CURVE('',#2381,#2379,#2775,.T.);
#1747=EDGE_CURVE('',#2382,#2381,#2776,.T.);
#1748=EDGE_CURVE('',#2380,#2382,#2777,.T.);
#1749=EDGE_CURVE('',#2383,#2350,#2778,.T.);
#1750=EDGE_CURVE('',#2384,#2383,#2779,.T.);
#1751=EDGE_CURVE('',#2351,#2384,#2780,.T.);
#1752=EDGE_CURVE('',#2385,#2386,#2781,.T.);
#1753=EDGE_CURVE('',#2347,#2385,#2782,.T.);
#1754=EDGE_CURVE('',#2386,#2346,#2783,.T.);
#1755=EDGE_CURVE('',#2387,#2359,#2784,.T.);
#1756=EDGE_CURVE('',#2388,#2387,#203,.T.);
#1757=EDGE_CURVE('',#2360,#2388,#2785,.T.);
#1758=EDGE_CURVE('',#2389,#2390,#2786,.T.);
#1759=EDGE_CURVE('',#2390,#2365,#2787,.T.);
#1760=EDGE_CURVE('',#2364,#2389,#2788,.T.);
#1761=EDGE_CURVE('',#2391,#2387,#2789,.T.);
#1762=EDGE_CURVE('',#2358,#2391,#2790,.T.);
#1763=EDGE_CURVE('',#2336,#2392,#2791,.T.);
#1764=EDGE_CURVE('',#2334,#2393,#2792,.T.);
#1765=EDGE_CURVE('',#2393,#2392,#2793,.T.);
#1766=EDGE_CURVE('',#2394,#2395,#204,.T.);
#1767=EDGE_CURVE('',#2396,#2394,#2794,.T.);
#1768=EDGE_CURVE('',#2397,#2396,#205,.T.);
#1769=EDGE_CURVE('',#2395,#2397,#2795,.T.);
#1770=EDGE_CURVE('',#2380,#2398,#2796,.T.);
#1771=EDGE_CURVE('',#2398,#2399,#2797,.T.);
#1772=EDGE_CURVE('',#2379,#2399,#2798,.T.);
#1773=EDGE_CURVE('',#2400,#2401,#2799,.T.);
#1774=EDGE_CURVE('',#2401,#2374,#206,.T.);
#1775=EDGE_CURVE('',#2343,#2373,#2800,.T.);
#1776=EDGE_CURVE('',#2342,#2400,#207,.T.);
#1777=EDGE_CURVE('',#2331,#2402,#208,.T.);
#1778=EDGE_CURVE('',#2402,#2403,#2801,.T.);
#1779=EDGE_CURVE('',#2340,#2403,#209,.T.);
#1780=EDGE_CURVE('',#2330,#2339,#210,.T.);
#1781=EDGE_CURVE('',#2404,#2370,#2802,.T.);
#1782=EDGE_CURVE('',#2372,#2405,#2803,.T.);
#1783=EDGE_CURVE('',#2405,#2404,#2804,.T.);
#1784=EDGE_CURVE('',#2406,#2407,#2805,.T.);
#1785=EDGE_CURVE('',#2407,#2408,#2806,.T.);
#1786=EDGE_CURVE('',#2409,#2408,#2807,.T.);
#1787=EDGE_CURVE('',#2409,#2406,#2808,.T.);
#1788=EDGE_CURVE('',#2383,#2410,#2809,.T.);
#1789=EDGE_CURVE('',#2410,#2411,#2810,.T.);
#1790=EDGE_CURVE('',#2384,#2411,#2811,.T.);
#1791=EDGE_CURVE('',#2411,#2352,#2812,.T.);
#1792=EDGE_CURVE('',#2371,#2412,#2813,.T.);
#1793=EDGE_CURVE('',#2413,#2369,#2814,.T.);
#1794=EDGE_CURVE('',#2413,#2412,#2815,.T.);
#1795=EDGE_CURVE('',#2414,#2415,#2816,.T.);
#1796=EDGE_CURVE('',#2416,#2414,#2817,.T.);
#1797=EDGE_CURVE('',#2417,#2416,#2818,.T.);
#1798=EDGE_CURVE('',#2415,#2417,#2819,.T.);
#1799=EDGE_CURVE('',#2418,#2419,#2820,.T.);
#1800=EDGE_CURVE('',#2418,#2404,#2821,.T.);
#1801=EDGE_CURVE('',#2405,#2406,#2822,.T.);
#1802=EDGE_CURVE('',#2419,#2409,#2823,.T.);
#1803=EDGE_CURVE('',#2420,#2420,#211,.T.);
#1804=EDGE_CURVE('',#2421,#2422,#212,.T.);
#1805=EDGE_CURVE('',#2423,#2421,#2824,.T.);
#1806=EDGE_CURVE('',#2424,#2423,#213,.T.);
#1807=EDGE_CURVE('',#2422,#2424,#2825,.T.);
#1808=EDGE_CURVE('',#2425,#2426,#2826,.T.);
#1809=EDGE_CURVE('',#2425,#2427,#2827,.T.);
#1810=EDGE_CURVE('',#2427,#2428,#2828,.T.);
#1811=EDGE_CURVE('',#2428,#2426,#2829,.T.);
#1812=EDGE_CURVE('',#2429,#2430,#2830,.T.);
#1813=EDGE_CURVE('',#2430,#2362,#2831,.T.);
#1814=EDGE_CURVE('',#2361,#2431,#2832,.T.);
#1815=EDGE_CURVE('',#2431,#2432,#2833,.T.);
#1816=EDGE_CURVE('',#2432,#2429,#2834,.T.);
#1817=EDGE_CURVE('',#2433,#2400,#2835,.T.);
#1818=EDGE_CURVE('',#2433,#2434,#2836,.T.);
#1819=EDGE_CURVE('',#2401,#2434,#2837,.T.);
#1820=EDGE_CURVE('',#2435,#2436,#2838,.T.);
#1821=EDGE_CURVE('',#2435,#2437,#2839,.T.);
#1822=EDGE_CURVE('',#2438,#2437,#2840,.T.);
#1823=EDGE_CURVE('',#2438,#2436,#2841,.T.);
#1824=EDGE_CURVE('',#2386,#2439,#2842,.T.);
#1825=EDGE_CURVE('',#2439,#2440,#2843,.T.);
#1826=EDGE_CURVE('',#2385,#2440,#2844,.T.);
#1827=EDGE_CURVE('',#2381,#2441,#2845,.T.);
#1828=EDGE_CURVE('',#2441,#2442,#2846,.T.);
#1829=EDGE_CURVE('',#2382,#2442,#2847,.T.);
#1830=EDGE_CURVE('',#2443,#2422,#2848,.T.);
#1831=EDGE_CURVE('',#2424,#2444,#2849,.T.);
#1832=EDGE_CURVE('',#2444,#2443,#2850,.T.);
#1833=EDGE_CURVE('',#2391,#2390,#214,.T.);
#1834=EDGE_CURVE('',#2445,#2446,#215,.T.);
#1835=EDGE_CURVE('',#2447,#2445,#2851,.T.);
#1836=EDGE_CURVE('',#2448,#2447,#216,.T.);
#1837=EDGE_CURVE('',#2446,#2448,#2852,.T.);
#1838=EDGE_CURVE('',#2449,#2450,#2853,.T.);
#1839=EDGE_CURVE('',#2451,#2450,#2854,.T.);
#1840=EDGE_CURVE('',#2452,#2451,#2855,.T.);
#1841=EDGE_CURVE('',#2449,#2452,#2856,.T.);
#1842=EDGE_CURVE('',#2349,#2439,#2857,.T.);
#1843=EDGE_CURVE('',#2440,#2348,#2858,.T.);
#1844=EDGE_CURVE('',#2453,#2393,#217,.T.);
#1845=EDGE_CURVE('',#2454,#2453,#2859,.T.);
#1846=EDGE_CURVE('',#2392,#2454,#218,.T.);
#1847=EDGE_CURVE('',#2353,#2410,#2860,.T.);
#1848=EDGE_CURVE('',#2442,#2398,#2861,.T.);
#1849=EDGE_CURVE('',#2455,#2456,#2862,.T.);
#1850=EDGE_CURVE('',#2403,#2455,#2863,.T.);
#1851=EDGE_CURVE('',#2402,#2456,#2864,.T.);
#1852=EDGE_CURVE('',#2457,#2394,#2865,.T.);
#1853=EDGE_CURVE('',#2395,#2458,#2866,.T.);
#1854=EDGE_CURVE('',#2458,#2450,#2867,.T.);
#1855=EDGE_CURVE('',#2459,#2449,#2868,.T.);
#1856=EDGE_CURVE('',#2419,#2459,#2869,.T.);
#1857=EDGE_CURVE('',#2408,#2457,#219,.T.);
#1858=EDGE_CURVE('',#2456,#2333,#220,.T.);
#1859=EDGE_CURVE('',#2375,#2415,#221,.T.);
#1860=EDGE_CURVE('',#2417,#2341,#222,.T.);
#1861=EDGE_CURVE('',#2455,#2376,#223,.T.);
#1862=EDGE_CURVE('',#2335,#2445,#2870,.T.);
#1863=EDGE_CURVE('',#2460,#2446,#2871,.T.);
#1864=EDGE_CURVE('',#2461,#2460,#2872,.T.);
#1865=EDGE_CURVE('',#2397,#2461,#2873,.T.);
#1866=EDGE_CURVE('',#2462,#2396,#2874,.T.);
#1867=EDGE_CURVE('',#2462,#2407,#224,.T.);
#1868=EDGE_CURVE('',#2412,#2428,#225,.T.);
#1869=EDGE_CURVE('',#2427,#2435,#226,.T.);
#1870=EDGE_CURVE('',#2436,#2463,#227,.T.);
#1871=EDGE_CURVE('',#2432,#2463,#2875,.T.);
#1872=EDGE_CURVE('',#2388,#2431,#2876,.T.);
#1873=EDGE_CURVE('',#2444,#2389,#2877,.T.);
#1874=EDGE_CURVE('',#2423,#2453,#2878,.T.);
#1875=EDGE_CURVE('',#2464,#2430,#2879,.T.);
#1876=EDGE_CURVE('',#2363,#2464,#2880,.T.);
#1877=EDGE_CURVE('',#2377,#2332,#228,.T.);
#1878=EDGE_CURVE('',#2465,#2451,#2881,.T.);
#1879=EDGE_CURVE('',#2458,#2461,#2882,.T.);
#1880=EDGE_CURVE('',#2460,#2465,#2883,.T.);
#1881=EDGE_CURVE('',#2466,#2438,#229,.T.);
#1882=EDGE_CURVE('',#2463,#2466,#2884,.T.);
#1883=EDGE_CURVE('',#2467,#2467,#230,.T.);
#1884=EDGE_CURVE('',#2416,#2433,#231,.T.);
#1885=EDGE_CURVE('',#2434,#2414,#232,.T.);
#1886=EDGE_CURVE('',#2457,#2462,#2885,.T.);
#1887=EDGE_CURVE('',#2447,#2337,#2886,.T.);
#1888=EDGE_CURVE('',#2454,#2421,#2887,.T.);
#1889=EDGE_CURVE('',#2357,#2443,#2888,.T.);
#1890=EDGE_CURVE('',#2356,#2464,#2889,.T.);
#1891=EDGE_CURVE('',#2466,#2429,#2890,.T.);
#1892=EDGE_CURVE('',#2437,#2425,#233,.T.);
#1893=EDGE_CURVE('',#2426,#2413,#234,.T.);
#1894=EDGE_CURVE('',#2418,#2468,#2891,.T.);
#1895=EDGE_CURVE('',#2468,#2452,#2892,.T.);
#1896=EDGE_CURVE('',#2448,#2465,#2893,.T.);
#1897=EDGE_CURVE('',#2469,#2469,#235,.T.);
#1898=EDGE_CURVE('',#2459,#2468,#2894,.T.);
#1899=EDGE_CURVE('',#2399,#2441,#2895,.T.);
#1900=EDGE_CURVE('',#2470,#2471,#2896,.T.);
#1901=EDGE_CURVE('',#2472,#2471,#2897,.T.);
#1902=EDGE_CURVE('',#2473,#2472,#2898,.T.);
#1903=EDGE_CURVE('',#2473,#2470,#2899,.T.);
#1904=EDGE_CURVE('',#2471,#2474,#2900,.T.);
#1905=EDGE_CURVE('',#2475,#2474,#2901,.T.);
#1906=EDGE_CURVE('',#2472,#2475,#2902,.T.);
#1907=EDGE_CURVE('',#2476,#2473,#2903,.T.);
#1908=EDGE_CURVE('',#2475,#2476,#2904,.T.);
#1909=EDGE_CURVE('',#2474,#2477,#2905,.T.);
#1910=EDGE_CURVE('',#2476,#2477,#2906,.T.);
#1911=EDGE_CURVE('',#2478,#2479,#2907,.T.);
#1912=EDGE_CURVE('',#2479,#2480,#2908,.T.);
#1913=EDGE_CURVE('',#2480,#2481,#2909,.T.);
#1914=EDGE_CURVE('',#2481,#2478,#2910,.T.);
#1915=EDGE_CURVE('',#2477,#2470,#2911,.T.);
#1916=EDGE_CURVE('',#2482,#2479,#2912,.T.);
#1917=EDGE_CURVE('',#2482,#2483,#2913,.T.);
#1918=EDGE_CURVE('',#2483,#2480,#2914,.T.);
#1919=EDGE_CURVE('',#2484,#2478,#2915,.T.);
#1920=EDGE_CURVE('',#2484,#2482,#2916,.T.);
#1921=EDGE_CURVE('',#2483,#2485,#2917,.T.);
#1922=EDGE_CURVE('',#2485,#2481,#2918,.T.);
#1923=EDGE_CURVE('',#2485,#2484,#2919,.T.);
#1924=EDGE_CURVE('',#2486,#2487,#2920,.T.);
#1925=EDGE_CURVE('',#2487,#2488,#2921,.T.);
#1926=EDGE_CURVE('',#2488,#2489,#2922,.T.);
#1927=EDGE_CURVE('',#2489,#2486,#2923,.T.);
#1928=EDGE_CURVE('',#2490,#2491,#2924,.T.);
#1929=EDGE_CURVE('',#2486,#2491,#2925,.T.);
#1930=EDGE_CURVE('',#2489,#2490,#2926,.T.);
#1931=EDGE_CURVE('',#2492,#2490,#2927,.T.);
#1932=EDGE_CURVE('',#2488,#2492,#2928,.T.);
#1933=EDGE_CURVE('',#2493,#2492,#2929,.T.);
#1934=EDGE_CURVE('',#2487,#2493,#2930,.T.);
#1935=EDGE_CURVE('',#2494,#2495,#2931,.T.);
#1936=EDGE_CURVE('',#2496,#2494,#2932,.T.);
#1937=EDGE_CURVE('',#2496,#2497,#2933,.T.);
#1938=EDGE_CURVE('',#2497,#2495,#2934,.T.);
#1939=EDGE_CURVE('',#2498,#2494,#2935,.T.);
#1940=EDGE_CURVE('',#2499,#2498,#2936,.T.);
#1941=EDGE_CURVE('',#2499,#2496,#2937,.T.);
#1942=EDGE_CURVE('',#2500,#2498,#2938,.T.);
#1943=EDGE_CURVE('',#2501,#2500,#2939,.T.);
#1944=EDGE_CURVE('',#2501,#2499,#2940,.T.);
#1945=EDGE_CURVE('',#2495,#2500,#2941,.T.);
#1946=EDGE_CURVE('',#2497,#2501,#2942,.T.);
#1947=EDGE_CURVE('',#2491,#2493,#2943,.T.);
#1948=EDGE_CURVE('',#2502,#2503,#2944,.T.);
#1949=EDGE_CURVE('',#2504,#2502,#236,.T.);
#1950=EDGE_CURVE('',#2504,#2505,#2945,.T.);
#1951=EDGE_CURVE('',#2505,#2503,#237,.T.);
#1952=EDGE_CURVE('',#2506,#2507,#40,.T.);
#1953=EDGE_CURVE('',#2508,#2507,#41,.F.);
#1954=EDGE_CURVE('',#2508,#2509,#42,.T.);
#1955=EDGE_CURVE('',#2506,#2509,#43,.T.);
#1956=EDGE_CURVE('',#2510,#2511,#238,.T.);
#1957=EDGE_CURVE('',#2511,#2512,#44,.T.);
#1958=EDGE_CURVE('',#2512,#2513,#2946,.T.);
#1959=EDGE_CURVE('',#2513,#2514,#45,.T.);
#1960=EDGE_CURVE('',#2514,#2515,#239,.T.);
#1961=EDGE_CURVE('',#2515,#2516,#46,.T.);
#1962=EDGE_CURVE('',#2516,#2517,#240,.T.);
#1963=EDGE_CURVE('',#2517,#2518,#2947,.T.);
#1964=EDGE_CURVE('',#2518,#2519,#241,.T.);
#1965=EDGE_CURVE('',#2519,#2520,#2948,.T.);
#1966=EDGE_CURVE('',#2520,#2506,#242,.T.);
#1967=EDGE_CURVE('',#2509,#2521,#243,.T.);
#1968=EDGE_CURVE('',#2521,#2522,#47,.T.);
#1969=EDGE_CURVE('',#2522,#2523,#2949,.T.);
#1970=EDGE_CURVE('',#2523,#2524,#48,.T.);
#1971=EDGE_CURVE('',#2524,#2525,#244,.T.);
#1972=EDGE_CURVE('',#2525,#2526,#49,.T.);
#1973=EDGE_CURVE('',#2526,#2527,#245,.T.);
#1974=EDGE_CURVE('',#2527,#2504,#2950,.T.);
#1975=EDGE_CURVE('',#2502,#2528,#2951,.T.);
#1976=EDGE_CURVE('',#2528,#2529,#246,.T.);
#1977=EDGE_CURVE('',#2529,#2510,#50,.T.);
#1978=EDGE_CURVE('',#2517,#2530,#2952,.T.);
#1979=EDGE_CURVE('',#2516,#2531,#51,.T.);
#1980=EDGE_CURVE('',#2531,#2530,#247,.T.);
#1981=EDGE_CURVE('',#2532,#2533,#52,.T.);
#1982=EDGE_CURVE('',#2507,#2532,#53,.T.);
#1983=EDGE_CURVE('',#2507,#2534,#54,.T.);
#1984=EDGE_CURVE('',#2534,#2533,#55,.T.);
#1985=EDGE_CURVE('',#2532,#2516,#56,.T.);
#1986=EDGE_CURVE('',#2533,#2531,#57,.T.);
#1987=EDGE_CURVE('',#2527,#2535,#2953,.T.);
#1988=EDGE_CURVE('',#2535,#2505,#2954,.T.);
#1989=EDGE_CURVE('',#2526,#2536,#58,.T.);
#1990=EDGE_CURVE('',#2537,#2526,#59,.T.);
#1991=EDGE_CURVE('',#2537,#2538,#60,.T.);
#1992=EDGE_CURVE('',#2538,#2536,#61,.T.);
#1993=EDGE_CURVE('',#2536,#2535,#248,.T.);
#1994=EDGE_CURVE('',#2529,#2539,#62,.T.);
#1995=EDGE_CURVE('',#2528,#2540,#2955,.T.);
#1996=EDGE_CURVE('',#2540,#2539,#249,.T.);
#1997=EDGE_CURVE('',#2541,#2542,#63,.T.);
#1998=EDGE_CURVE('',#2541,#2543,#64,.T.);
#1999=EDGE_CURVE('',#2544,#2543,#65,.T.);
#2000=EDGE_CURVE('',#2542,#2544,#66,.T.);
#2001=EDGE_CURVE('',#2545,#2546,#250,.T.);
#2002=EDGE_CURVE('',#2546,#2511,#2956,.T.);
#2003=EDGE_CURVE('',#2544,#2510,#67,.T.);
#2004=EDGE_CURVE('',#2547,#2543,#68,.T.);
#2005=EDGE_CURVE('',#2547,#2545,#69,.T.);
#2006=EDGE_CURVE('',#2506,#2548,#70,.T.);
#2007=EDGE_CURVE('',#2520,#2549,#2957,.T.);
#2008=EDGE_CURVE('',#2549,#2548,#251,.T.);
#2009=EDGE_CURVE('',#2525,#2542,#71,.T.);
#2010=EDGE_CURVE('',#2525,#2542,#72,.T.);
#2011=EDGE_CURVE('',#2524,#2550,#2958,.T.);
#2012=EDGE_CURVE('',#2550,#2551,#252,.T.);
#2013=EDGE_CURVE('',#2551,#2552,#73,.T.);
#2014=EDGE_CURVE('',#2541,#2552,#74,.T.);
#2015=EDGE_CURVE('',#2522,#2553,#2959,.T.);
#2016=EDGE_CURVE('',#2553,#2554,#2960,.T.);
#2017=EDGE_CURVE('',#2554,#2523,#2961,.T.);
#2018=EDGE_CURVE('',#2509,#2555,#75,.T.);
#2019=EDGE_CURVE('',#2508,#2556,#76,.T.);
#2020=EDGE_CURVE('',#2556,#2555,#77,.T.);
#2021=EDGE_CURVE('',#2555,#2557,#253,.T.);
#2022=EDGE_CURVE('',#2557,#2521,#2962,.T.);
#2023=EDGE_CURVE('',#2558,#2559,#78,.T.);
#2024=EDGE_CURVE('',#2515,#2558,#79,.T.);
#2025=EDGE_CURVE('',#2515,#2560,#80,.T.);
#2026=EDGE_CURVE('',#2560,#2559,#81,.T.);
#2027=EDGE_CURVE('',#2512,#2561,#2963,.T.);
#2028=EDGE_CURVE('',#2561,#2562,#2964,.T.);
#2029=EDGE_CURVE('',#2562,#2513,#2965,.T.);
#2030=EDGE_CURVE('',#2514,#2563,#2966,.T.);
#2031=EDGE_CURVE('',#2563,#2560,#254,.T.);
#2032=EDGE_CURVE('',#2553,#2557,#82,.T.);
#2033=EDGE_CURVE('',#2563,#2562,#83,.T.);
#2034=EDGE_CURVE('',#2561,#2546,#84,.T.);
#2035=EDGE_CURVE('',#2550,#2554,#85,.T.);
#2036=EDGE_CURVE('',#2548,#2534,#86,.T.);
#2037=EDGE_CURVE('',#2532,#2558,#87,.F.);
#2038=EDGE_CURVE('',#2538,#2552,#88,.F.);
#2039=EDGE_CURVE('',#2564,#2538,#89,.T.);
#2040=EDGE_CURVE('',#2547,#2564,#90,.F.);
#2041=EDGE_CURVE('',#2565,#2537,#91,.T.);
#2042=EDGE_CURVE('',#2565,#2564,#92,.T.);
#2043=EDGE_CURVE('',#2529,#2565,#93,.T.);
#2044=EDGE_CURVE('',#2539,#2564,#94,.T.);
#2045=EDGE_CURVE('',#2519,#2566,#2967,.T.);
#2046=EDGE_CURVE('',#2566,#2549,#2968,.T.);
#2047=EDGE_CURVE('',#2558,#2508,#95,.T.);
#2048=EDGE_CURVE('',#2559,#2556,#96,.T.);
#2049=EDGE_CURVE('',#2503,#2540,#2969,.T.);
#2050=EDGE_CURVE('',#2560,#2531,#97,.F.);
#2051=EDGE_CURVE('',#2533,#2559,#98,.T.);
#2052=EDGE_CURVE('',#2539,#2545,#99,.F.);
#2053=EDGE_CURVE('',#2551,#2536,#100,.F.);
#2054=EDGE_CURVE('',#2548,#2555,#101,.F.);
#2055=EDGE_CURVE('',#2567,#2566,#255,.T.);
#2056=EDGE_CURVE('',#2530,#2567,#2970,.T.);
#2057=EDGE_CURVE('',#2556,#2534,#102,.F.);
#2058=EDGE_CURVE('',#2518,#2567,#2971,.T.);
#2059=EDGE_CURVE('',#2537,#2542,#103,.F.);
#2060=EDGE_CURVE('',#2544,#2565,#104,.F.);
#2061=EDGE_CURVE('',#2568,#2569,#2972,.T.);
#2062=EDGE_CURVE('',#2568,#2570,#256,.T.);
#2063=EDGE_CURVE('',#2571,#2570,#2973,.T.);
#2064=EDGE_CURVE('',#2571,#2572,#257,.T.);
#2065=EDGE_CURVE('',#2573,#2572,#2974,.T.);
#2066=EDGE_CURVE('',#2573,#2574,#258,.T.);
#2067=EDGE_CURVE('',#2575,#2574,#2975,.T.);
#2068=EDGE_CURVE('',#2575,#2569,#259,.T.);
#2069=EDGE_CURVE('',#2576,#2577,#2976,.T.);
#2070=EDGE_CURVE('',#2577,#2575,#2977,.T.);
#2071=EDGE_CURVE('',#2574,#2576,#2978,.T.);
#2072=EDGE_CURVE('',#2578,#2579,#260,.T.);
#2073=EDGE_CURVE('',#2580,#2579,#2979,.T.);
#2074=EDGE_CURVE('',#2581,#2580,#261,.T.);
#2075=EDGE_CURVE('',#2578,#2581,#2980,.T.);
#2076=EDGE_CURVE('',#2578,#2582,#262,.T.);
#2077=EDGE_CURVE('',#2582,#2579,#263,.T.);
#2078=EDGE_CURVE('',#2576,#2583,#264,.T.);
#2079=EDGE_CURVE('',#2576,#2584,#265,.T.);
#2080=EDGE_CURVE('',#2583,#2584,#266,.T.);
#2081=EDGE_CURVE('',#2585,#2586,#2981,.T.);
#2082=EDGE_CURVE('',#2586,#2568,#2982,.T.);
#2083=EDGE_CURVE('',#2569,#2585,#2983,.T.);
#2084=EDGE_CURVE('',#2572,#2582,#2984,.T.);
#2085=EDGE_CURVE('',#2582,#2584,#2985,.T.);
#2086=EDGE_CURVE('',#2584,#2573,#2986,.T.);
#2087=EDGE_CURVE('',#2585,#2577,#267,.T.);
#2088=EDGE_CURVE('',#2581,#2587,#2987,.T.);
#2089=EDGE_CURVE('',#2587,#2583,#2988,.T.);
#2090=EDGE_CURVE('',#2583,#2578,#2989,.T.);
#2091=EDGE_CURVE('',#2579,#2571,#2990,.T.);
#2092=EDGE_CURVE('',#2586,#2580,#268,.T.);
#2093=EDGE_CURVE('',#2570,#2580,#2991,.T.);
#2094=EDGE_CURVE('',#2577,#2587,#269,.T.);
#2095=EDGE_CURVE('',#2585,#2587,#270,.T.);
#2096=EDGE_CURVE('',#2586,#2581,#271,.T.);
#2097=EDGE_CURVE('',#2588,#2589,#272,.T.);
#2098=EDGE_CURVE('',#2590,#2589,#2992,.T.);
#2099=EDGE_CURVE('',#2591,#2590,#273,.T.);
#2100=EDGE_CURVE('',#2588,#2591,#2993,.T.);
#2101=EDGE_CURVE('',#2592,#2593,#274,.T.);
#2102=EDGE_CURVE('',#2594,#2593,#2994,.T.);
#2103=EDGE_CURVE('',#2588,#2594,#275,.T.);
#2104=EDGE_CURVE('',#2592,#2588,#2995,.T.);
#2105=EDGE_CURVE('',#2595,#2596,#276,.T.);
#2106=EDGE_CURVE('',#2596,#2597,#277,.T.);
#2107=EDGE_CURVE('',#2595,#2597,#278,.T.);
#2108=EDGE_CURVE('',#2598,#2599,#279,.T.);
#2109=EDGE_CURVE('',#2600,#2598,#2996,.T.);
#2110=EDGE_CURVE('',#2592,#2600,#280,.T.);
#2111=EDGE_CURVE('',#2599,#2592,#2997,.T.);
#2112=EDGE_CURVE('',#2601,#2602,#281,.T.);
#2113=EDGE_CURVE('',#2593,#2602,#2998,.T.);
#2114=EDGE_CURVE('',#2600,#2593,#282,.T.);
#2115=EDGE_CURVE('',#2601,#2600,#2999,.T.);
#2116=EDGE_CURVE('',#2603,#2604,#283,.T.);
#2117=EDGE_CURVE('',#2597,#2603,#3000,.T.);
#2118=EDGE_CURVE('',#2604,#2596,#3001,.T.);
#2119=EDGE_CURVE('',#2601,#2605,#284,.T.);
#2120=EDGE_CURVE('',#2602,#2605,#285,.T.);
#2121=EDGE_CURVE('',#2602,#2595,#3002,.T.);
#2122=EDGE_CURVE('',#2595,#2594,#3003,.T.);
#2123=EDGE_CURVE('',#2598,#2606,#3004,.T.);
#2124=EDGE_CURVE('',#2606,#2601,#3005,.T.);
#2125=EDGE_CURVE('',#2603,#2590,#3006,.T.);
#2126=EDGE_CURVE('',#2589,#2597,#3007,.T.);
#2127=EDGE_CURVE('',#2594,#2589,#286,.T.);
#2128=EDGE_CURVE('',#2596,#2605,#3008,.T.);
#2129=EDGE_CURVE('',#2591,#2599,#3009,.T.);
#2130=EDGE_CURVE('',#2607,#2604,#3010,.T.);
#2131=EDGE_CURVE('',#2607,#2606,#287,.T.);
#2132=EDGE_CURVE('',#2605,#2607,#3011,.T.);
#2133=EDGE_CURVE('',#2608,#2609,#288,.T.);
#2134=EDGE_CURVE('',#2610,#2609,#3012,.T.);
#2135=EDGE_CURVE('',#2611,#2610,#289,.T.);
#2136=EDGE_CURVE('',#2611,#2608,#3013,.T.);
#2137=EDGE_CURVE('',#2612,#2613,#3014,.T.);
#2138=EDGE_CURVE('',#2614,#2613,#3015,.T.);
#2139=EDGE_CURVE('',#2615,#2614,#3016,.T.);
#2140=EDGE_CURVE('',#2615,#2612,#3017,.T.);
#2141=EDGE_CURVE('',#2613,#2616,#290,.T.);
#2142=EDGE_CURVE('',#2617,#2616,#3018,.T.);
#2143=EDGE_CURVE('',#2614,#2617,#291,.T.);
#2144=EDGE_CURVE('',#2616,#2618,#3019,.T.);
#2145=EDGE_CURVE('',#2619,#2618,#3020,.T.);
#2146=EDGE_CURVE('',#2617,#2619,#3021,.T.);
#2147=EDGE_CURVE('',#2620,#2621,#292,.T.);
#2148=EDGE_CURVE('',#2621,#2611,#3022,.T.);
#2149=EDGE_CURVE('',#2610,#2622,#3023,.T.);
#2150=EDGE_CURVE('',#2622,#2623,#293,.T.);
#2151=EDGE_CURVE('',#2623,#2624,#3024,.T.);
#2152=EDGE_CURVE('',#2624,#2625,#294,.T.);
#2153=EDGE_CURVE('',#2625,#2620,#3025,.T.);
#2154=EDGE_CURVE('',#2618,#2626,#295,.T.);
#2155=EDGE_CURVE('',#2627,#2612,#296,.T.);
#2156=EDGE_CURVE('',#2628,#2627,#3026,.T.);
#2157=EDGE_CURVE('',#2629,#2628,#297,.T.);
#2158=EDGE_CURVE('',#2626,#2629,#3027,.T.);
#2159=EDGE_CURVE('',#2630,#2627,#3028,.T.);
#2160=EDGE_CURVE('',#2631,#2630,#3029,.T.);
#2161=EDGE_CURVE('',#2631,#2628,#3030,.T.);
#2162=EDGE_CURVE('',#2632,#2608,#3031,.T.);
#2163=EDGE_CURVE('',#2633,#2632,#298,.T.);
#2164=EDGE_CURVE('',#2634,#2633,#3032,.T.);
#2165=EDGE_CURVE('',#2635,#2634,#299,.T.);
#2166=EDGE_CURVE('',#2636,#2635,#3033,.T.);
#2167=EDGE_CURVE('',#2637,#2636,#300,.T.);
#2168=EDGE_CURVE('',#2609,#2637,#3034,.T.);
#2169=EDGE_CURVE('',#2619,#2638,#301,.T.);
#2170=EDGE_CURVE('',#2638,#2639,#3035,.T.);
#2171=EDGE_CURVE('',#2639,#2631,#302,.T.);
#2172=EDGE_CURVE('',#2630,#2615,#303,.T.);
#2173=EDGE_CURVE('',#2638,#2626,#3036,.T.);
#2174=EDGE_CURVE('',#2621,#2632,#3037,.T.);
#2175=EDGE_CURVE('',#2620,#2633,#3038,.T.);
#2176=EDGE_CURVE('',#2639,#2629,#3039,.T.);
#2177=EDGE_CURVE('',#2625,#2634,#3040,.T.);
#2178=EDGE_CURVE('',#2624,#2635,#3041,.T.);
#2179=EDGE_CURVE('',#2623,#2636,#3042,.T.);
#2180=EDGE_CURVE('',#2622,#2637,#3043,.T.);
#2181=EDGE_CURVE('',#2640,#2641,#3044,.T.);
#2182=EDGE_CURVE('',#2642,#2640,#3045,.T.);
#2183=EDGE_CURVE('',#2642,#2643,#3046,.T.);
#2184=EDGE_CURVE('',#2643,#2641,#3047,.T.);
#2185=EDGE_CURVE('',#2644,#2645,#3048,.T.);
#2186=EDGE_CURVE('',#2646,#2644,#3049,.T.);
#2187=EDGE_CURVE('',#2646,#2647,#3050,.T.);
#2188=EDGE_CURVE('',#2647,#2645,#3051,.T.);
#2189=EDGE_CURVE('',#2648,#2649,#3052,.T.);
#2190=EDGE_CURVE('',#2649,#2644,#3053,.T.);
#2191=EDGE_CURVE('',#2645,#2640,#3054,.T.);
#2192=EDGE_CURVE('',#2641,#2650,#304,.T.);
#2193=EDGE_CURVE('',#2650,#2648,#3055,.T.);
#2194=EDGE_CURVE('',#2651,#2648,#3056,.T.);
#2195=EDGE_CURVE('',#2651,#2652,#3057,.T.);
#2196=EDGE_CURVE('',#2652,#2649,#3058,.T.);
#2197=EDGE_CURVE('',#2647,#2642,#3059,.T.);
#2198=EDGE_CURVE('',#2652,#2646,#3060,.T.);
#2199=EDGE_CURVE('',#2653,#2651,#3061,.T.);
#2200=EDGE_CURVE('',#2643,#2653,#305,.T.);
#2201=EDGE_CURVE('',#2653,#2650,#3062,.T.);
#2202=EDGE_CURVE('',#2654,#2655,#3063,.T.);
#2203=EDGE_CURVE('',#2655,#2656,#306,.T.);
#2204=EDGE_CURVE('',#2656,#2657,#3064,.T.);
#2205=EDGE_CURVE('',#2657,#2658,#3065,.T.);
#2206=EDGE_CURVE('',#2658,#2659,#3066,.T.);
#2207=EDGE_CURVE('',#2659,#2660,#3067,.T.);
#2208=EDGE_CURVE('',#2660,#2654,#3068,.T.);
#2209=EDGE_CURVE('',#2661,#2656,#3069,.T.);
#2210=EDGE_CURVE('',#2661,#2662,#3070,.T.);
#2211=EDGE_CURVE('',#2662,#2657,#3071,.T.);
#2212=EDGE_CURVE('',#2663,#2654,#3072,.T.);
#2213=EDGE_CURVE('',#2663,#2664,#3073,.T.);
#2214=EDGE_CURVE('',#2664,#2655,#3074,.T.);
#2215=EDGE_CURVE('',#2665,#2663,#3075,.T.);
#2216=EDGE_CURVE('',#2666,#2665,#3076,.T.);
#2217=EDGE_CURVE('',#2667,#2666,#3077,.T.);
#2218=EDGE_CURVE('',#2662,#2667,#3078,.T.);
#2219=EDGE_CURVE('',#2664,#2661,#307,.T.);
#2220=EDGE_CURVE('',#2665,#2660,#3079,.T.);
#2221=EDGE_CURVE('',#2666,#2659,#3080,.T.);
#2222=EDGE_CURVE('',#2667,#2658,#3081,.T.);
#2223=EDGE_CURVE('',#2668,#2669,#3082,.T.);
#2224=EDGE_CURVE('',#2669,#2670,#3083,.T.);
#2225=EDGE_CURVE('',#2670,#2671,#3084,.T.);
#2226=EDGE_CURVE('',#2671,#2668,#3085,.T.);
#2227=EDGE_CURVE('',#2672,#2673,#3086,.T.);
#2228=EDGE_CURVE('',#2673,#2674,#3087,.T.);
#2229=EDGE_CURVE('',#2674,#2675,#3088,.T.);
#2230=EDGE_CURVE('',#2672,#2675,#3089,.T.);
#2231=EDGE_CURVE('',#2676,#2677,#3090,.T.);
#2232=EDGE_CURVE('',#2678,#2676,#3091,.T.);
#2233=EDGE_CURVE('',#2678,#2679,#3092,.T.);
#2234=EDGE_CURVE('',#2679,#2677,#3093,.T.);
#2235=EDGE_CURVE('',#2680,#2681,#308,.T.);
#2236=EDGE_CURVE('',#2682,#2681,#3094,.T.);
#2237=EDGE_CURVE('',#2682,#2683,#309,.T.);
#2238=EDGE_CURVE('',#2683,#2680,#3095,.T.);
#2239=EDGE_CURVE('',#2684,#2685,#310,.T.);
#2240=EDGE_CURVE('',#2686,#2684,#311,.T.);
#2241=EDGE_CURVE('',#2685,#2686,#312,.T.);
#2242=EDGE_CURVE('',#2680,#2687,#18,.T.);
#2243=EDGE_CURVE('',#2688,#2683,#19,.T.);
#2244=EDGE_CURVE('',#2689,#2688,#3096,.T.);
#2245=EDGE_CURVE('',#2690,#2689,#20,.T.);
#2246=EDGE_CURVE('',#2690,#2691,#3097,.T.);
#2247=EDGE_CURVE('',#2692,#2691,#21,.T.);
#2248=EDGE_CURVE('',#2687,#2692,#3098,.T.);
#2249=EDGE_CURVE('',#2693,#2678,#3099,.T.);
#2250=EDGE_CURVE('',#2694,#2693,#3100,.T.);
#2251=EDGE_CURVE('',#2679,#2694,#3101,.T.);
#2252=EDGE_CURVE('',#2695,#2696,#313,.T.);
#2253=EDGE_CURVE('',#2681,#2696,#3102,.T.);
#2254=EDGE_CURVE('',#2697,#2681,#105,.F.);
#2255=EDGE_CURVE('',#2695,#2697,#3103,.T.);
#2256=EDGE_CURVE('',#2692,#2698,#314,.T.);
#2257=EDGE_CURVE('',#2697,#2698,#3104,.T.);
#2258=EDGE_CURVE('',#2687,#2697,#315,.T.);
#2259=EDGE_CURVE('',#2669,#2699,#316,.T.);
#2260=EDGE_CURVE('',#2669,#2700,#317,.T.);
#2261=EDGE_CURVE('',#2699,#2700,#318,.T.);
#2262=EDGE_CURVE('',#2671,#2690,#319,.T.);
#2263=EDGE_CURVE('',#2691,#2670,#320,.T.);
#2264=EDGE_CURVE('',#2701,#2702,#3105,.T.);
#2265=EDGE_CURVE('',#2702,#2703,#3106,.T.);
#2266=EDGE_CURVE('',#2703,#2704,#3107,.T.);
#2267=EDGE_CURVE('',#2704,#2701,#3108,.T.);
#2268=EDGE_CURVE('',#2698,#2699,#3109,.T.);
#2269=EDGE_CURVE('',#2699,#2695,#3110,.T.);
#2270=EDGE_CURVE('',#2705,#2706,#3111,.T.);
#2271=EDGE_CURVE('',#2706,#2707,#3112,.T.);
#2272=EDGE_CURVE('',#2707,#2685,#3113,.T.);
#2273=EDGE_CURVE('',#2685,#2705,#3114,.T.);
#2274=EDGE_CURVE('',#2708,#2709,#321,.T.);
#2275=EDGE_CURVE('',#2709,#2701,#322,.T.);
#2276=EDGE_CURVE('',#2708,#2701,#323,.T.);
#2277=EDGE_CURVE('',#2705,#2710,#324,.T.);
#2278=EDGE_CURVE('',#2674,#2710,#325,.T.);
#2279=EDGE_CURVE('',#2705,#2674,#326,.T.);
#2280=EDGE_CURVE('',#2702,#2668,#327,.T.);
#2281=EDGE_CURVE('',#2703,#2671,#106,.F.);
#2282=EDGE_CURVE('',#2695,#2711,#328,.T.);
#2283=EDGE_CURVE('',#2711,#2696,#329,.T.);
#2284=EDGE_CURVE('',#2712,#2713,#3115,.T.);
#2285=EDGE_CURVE('',#2694,#2712,#3116,.T.);
#2286=EDGE_CURVE('',#2693,#2713,#3117,.T.);
#2287=EDGE_CURVE('',#2714,#2702,#330,.T.);
#2288=EDGE_CURVE('',#2714,#2709,#3118,.T.);
#2289=EDGE_CURVE('',#2709,#2711,#3119,.T.);
#2290=EDGE_CURVE('',#2696,#2708,#3120,.T.);
#2291=EDGE_CURVE('',#2715,#2684,#3121,.T.);
#2292=EDGE_CURVE('',#2684,#2716,#3122,.T.);
#2293=EDGE_CURVE('',#2716,#2717,#3123,.T.);
#2294=EDGE_CURVE('',#2717,#2715,#3124,.T.);
#2295=EDGE_CURVE('',#2716,#2718,#331,.T.);
#2296=EDGE_CURVE('',#2719,#2718,#3125,.T.);
#2297=EDGE_CURVE('',#2717,#2719,#332,.T.);
#2298=EDGE_CURVE('',#2686,#2720,#3126,.T.);
#2299=EDGE_CURVE('',#2720,#2715,#333,.T.);
#2300=EDGE_CURVE('',#2721,#2710,#3127,.T.);
#2301=EDGE_CURVE('',#2675,#2721,#334,.T.);
#2302=EDGE_CURVE('',#2677,#2712,#3128,.T.);
#2303=EDGE_CURVE('',#2713,#2676,#3129,.T.);
#2304=EDGE_CURVE('',#2722,#2719,#3130,.T.);
#2305=EDGE_CURVE('',#2722,#2723,#22,.T.);
#2306=EDGE_CURVE('',#2723,#2724,#3131,.T.);
#2307=EDGE_CURVE('',#2724,#2725,#23,.T.);
#2308=EDGE_CURVE('',#2720,#2725,#3132,.T.);
#2309=EDGE_CURVE('',#2708,#2682,#3133,.T.);
#2310=EDGE_CURVE('',#2711,#2700,#3134,.T.);
#2311=EDGE_CURVE('',#2700,#2714,#3135,.T.);
#2312=EDGE_CURVE('',#2670,#2698,#107,.F.);
#2313=EDGE_CURVE('',#2704,#2688,#335,.T.);
#2314=EDGE_CURVE('',#2682,#2704,#108,.F.);
#2315=EDGE_CURVE('',#2703,#2689,#336,.T.);
#2316=EDGE_CURVE('',#2710,#2686,#3136,.T.);
#2317=EDGE_CURVE('',#2725,#2721,#3137,.T.);
#2318=EDGE_CURVE('',#2718,#2726,#3138,.T.);
#2319=EDGE_CURVE('',#2726,#2727,#3139,.T.);
#2320=EDGE_CURVE('',#2727,#2722,#3140,.T.);
#2321=EDGE_CURVE('',#2718,#2707,#337,.T.);
#2322=EDGE_CURVE('',#2726,#2706,#338,.T.);
#2323=EDGE_CURVE('',#2706,#2673,#339,.T.);
#2324=EDGE_CURVE('',#2716,#2707,#340,.T.);
#2325=EDGE_CURVE('',#2675,#2724,#3141,.T.);
#2326=EDGE_CURVE('',#2723,#2672,#3142,.T.);
#2327=EDGE_CURVE('',#2726,#2673,#341,.T.);
#2328=EDGE_CURVE('',#2727,#2672,#342,.T.);
#2329=EDGE_CURVE('',#2714,#2668,#343,.T.);
#2330=VERTEX_POINT('',#6221);
#2331=VERTEX_POINT('',#6222);
#2332=VERTEX_POINT('',#6224);
#2333=VERTEX_POINT('',#6226);
#2334=VERTEX_POINT('',#6230);
#2335=VERTEX_POINT('',#6231);
#2336=VERTEX_POINT('',#6233);
#2337=VERTEX_POINT('',#6235);
#2338=VERTEX_POINT('',#6239);
#2339=VERTEX_POINT('',#6240);
#2340=VERTEX_POINT('',#6242);
#2341=VERTEX_POINT('',#6244);
#2342=VERTEX_POINT('',#6246);
#2343=VERTEX_POINT('',#6248);
#2344=VERTEX_POINT('',#6250);
#2345=VERTEX_POINT('',#6252);
#2346=VERTEX_POINT('',#6256);
#2347=VERTEX_POINT('',#6257);
#2348=VERTEX_POINT('',#6259);
#2349=VERTEX_POINT('',#6261);
#2350=VERTEX_POINT('',#6265);
#2351=VERTEX_POINT('',#6266);
#2352=VERTEX_POINT('',#6268);
#2353=VERTEX_POINT('',#6270);
#2354=VERTEX_POINT('',#6274);
#2355=VERTEX_POINT('',#6275);
#2356=VERTEX_POINT('',#6277);
#2357=VERTEX_POINT('',#6279);
#2358=VERTEX_POINT('',#6283);
#2359=VERTEX_POINT('',#6284);
#2360=VERTEX_POINT('',#6286);
#2361=VERTEX_POINT('',#6288);
#2362=VERTEX_POINT('',#6290);
#2363=VERTEX_POINT('',#6292);
#2364=VERTEX_POINT('',#6295);
#2365=VERTEX_POINT('',#6297);
#2366=VERTEX_POINT('',#6301);
#2367=VERTEX_POINT('',#6303);
#2368=VERTEX_POINT('',#6307);
#2369=VERTEX_POINT('',#6310);
#2370=VERTEX_POINT('',#6311);
#2371=VERTEX_POINT('',#6313);
#2372=VERTEX_POINT('',#6315);
#2373=VERTEX_POINT('',#6319);
#2374=VERTEX_POINT('',#6320);
#2375=VERTEX_POINT('',#6322);
#2376=VERTEX_POINT('',#6324);
#2377=VERTEX_POINT('',#6326);
#2378=VERTEX_POINT('',#6329);
#2379=VERTEX_POINT('',#6334);
#2380=VERTEX_POINT('',#6335);
#2381=VERTEX_POINT('',#6337);
#2382=VERTEX_POINT('',#6339);
#2383=VERTEX_POINT('',#6342);
#2384=VERTEX_POINT('',#6344);
#2385=VERTEX_POINT('',#6347);
#2386=VERTEX_POINT('',#6348);
#2387=VERTEX_POINT('',#6353);
#2388=VERTEX_POINT('',#6355);
#2389=VERTEX_POINT('',#6359);
#2390=VERTEX_POINT('',#6360);
#2391=VERTEX_POINT('',#6365);
#2392=VERTEX_POINT('',#6369);
#2393=VERTEX_POINT('',#6371);
#2394=VERTEX_POINT('',#6375);
#2395=VERTEX_POINT('',#6376);
#2396=VERTEX_POINT('',#6378);
#2397=VERTEX_POINT('',#6380);
#2398=VERTEX_POINT('',#6384);
#2399=VERTEX_POINT('',#6386);
#2400=VERTEX_POINT('',#6390);
#2401=VERTEX_POINT('',#6391);
#2402=VERTEX_POINT('',#6397);
#2403=VERTEX_POINT('',#6399);
#2404=VERTEX_POINT('',#6404);
#2405=VERTEX_POINT('',#6406);
#2406=VERTEX_POINT('',#6410);
#2407=VERTEX_POINT('',#6411);
#2408=VERTEX_POINT('',#6413);
#2409=VERTEX_POINT('',#6415);
#2410=VERTEX_POINT('',#6419);
#2411=VERTEX_POINT('',#6421);
#2412=VERTEX_POINT('',#6427);
#2413=VERTEX_POINT('',#6429);
#2414=VERTEX_POINT('',#6433);
#2415=VERTEX_POINT('',#6434);
#2416=VERTEX_POINT('',#6436);
#2417=VERTEX_POINT('',#6438);
#2418=VERTEX_POINT('',#6442);
#2419=VERTEX_POINT('',#6443);
#2420=VERTEX_POINT('',#6449);
#2421=VERTEX_POINT('',#6452);
#2422=VERTEX_POINT('',#6453);
#2423=VERTEX_POINT('',#6455);
#2424=VERTEX_POINT('',#6457);
#2425=VERTEX_POINT('',#6461);
#2426=VERTEX_POINT('',#6462);
#2427=VERTEX_POINT('',#6464);
#2428=VERTEX_POINT('',#6466);
#2429=VERTEX_POINT('',#6470);
#2430=VERTEX_POINT('',#6471);
#2431=VERTEX_POINT('',#6474);
#2432=VERTEX_POINT('',#6476);
#2433=VERTEX_POINT('',#6480);
#2434=VERTEX_POINT('',#6482);
#2435=VERTEX_POINT('',#6486);
#2436=VERTEX_POINT('',#6487);
#2437=VERTEX_POINT('',#6489);
#2438=VERTEX_POINT('',#6491);
#2439=VERTEX_POINT('',#6495);
#2440=VERTEX_POINT('',#6497);
#2441=VERTEX_POINT('',#6501);
#2442=VERTEX_POINT('',#6503);
#2443=VERTEX_POINT('',#6507);
#2444=VERTEX_POINT('',#6509);
#2445=VERTEX_POINT('',#6515);
#2446=VERTEX_POINT('',#6516);
#2447=VERTEX_POINT('',#6518);
#2448=VERTEX_POINT('',#6520);
#2449=VERTEX_POINT('',#6524);
#2450=VERTEX_POINT('',#6525);
#2451=VERTEX_POINT('',#6527);
#2452=VERTEX_POINT('',#6529);
#2453=VERTEX_POINT('',#6536);
#2454=VERTEX_POINT('',#6538);
#2455=VERTEX_POINT('',#6547);
#2456=VERTEX_POINT('',#6548);
#2457=VERTEX_POINT('',#6553);
#2458=VERTEX_POINT('',#6555);
#2459=VERTEX_POINT('',#6558);
#2460=VERTEX_POINT('',#6571);
#2461=VERTEX_POINT('',#6573);
#2462=VERTEX_POINT('',#6576);
#2463=VERTEX_POINT('',#6581);
#2464=VERTEX_POINT('',#6589);
#2465=VERTEX_POINT('',#6595);
#2466=VERTEX_POINT('',#6600);
#2467=VERTEX_POINT('',#6604);
#2468=VERTEX_POINT('',#6620);
#2469=VERTEX_POINT('',#6624);
#2470=VERTEX_POINT('',#6648);
#2471=VERTEX_POINT('',#6649);
#2472=VERTEX_POINT('',#6651);
#2473=VERTEX_POINT('',#6653);
#2474=VERTEX_POINT('',#6657);
#2475=VERTEX_POINT('',#6659);
#2476=VERTEX_POINT('',#6663);
#2477=VERTEX_POINT('',#6667);
#2478=VERTEX_POINT('',#6671);
#2479=VERTEX_POINT('',#6672);
#2480=VERTEX_POINT('',#6674);
#2481=VERTEX_POINT('',#6676);
#2482=VERTEX_POINT('',#6682);
#2483=VERTEX_POINT('',#6684);
#2484=VERTEX_POINT('',#6688);
#2485=VERTEX_POINT('',#6692);
#2486=VERTEX_POINT('',#6700);
#2487=VERTEX_POINT('',#6701);
#2488=VERTEX_POINT('',#6703);
#2489=VERTEX_POINT('',#6705);
#2490=VERTEX_POINT('',#6709);
#2491=VERTEX_POINT('',#6710);
#2492=VERTEX_POINT('',#6715);
#2493=VERTEX_POINT('',#6719);
#2494=VERTEX_POINT('',#6723);
#2495=VERTEX_POINT('',#6724);
#2496=VERTEX_POINT('',#6726);
#2497=VERTEX_POINT('',#6728);
#2498=VERTEX_POINT('',#6732);
#2499=VERTEX_POINT('',#6734);
#2500=VERTEX_POINT('',#6738);
#2501=VERTEX_POINT('',#6740);
#2502=VERTEX_POINT('',#6752);
#2503=VERTEX_POINT('',#6753);
#2504=VERTEX_POINT('',#6755);
#2505=VERTEX_POINT('',#6757);
#2506=VERTEX_POINT('',#6783);
#2507=VERTEX_POINT('',#6784);
#2508=VERTEX_POINT('',#6789);
#2509=VERTEX_POINT('',#6798);
#2510=VERTEX_POINT('',#6807);
#2511=VERTEX_POINT('',#6808);
#2512=VERTEX_POINT('',#6813);
#2513=VERTEX_POINT('',#6815);
#2514=VERTEX_POINT('',#6820);
#2515=VERTEX_POINT('',#6822);
#2516=VERTEX_POINT('',#6829);
#2517=VERTEX_POINT('',#6831);
#2518=VERTEX_POINT('',#6833);
#2519=VERTEX_POINT('',#6835);
#2520=VERTEX_POINT('',#6837);
#2521=VERTEX_POINT('',#6840);
#2522=VERTEX_POINT('',#6845);
#2523=VERTEX_POINT('',#6847);
#2524=VERTEX_POINT('',#6852);
#2525=VERTEX_POINT('',#6854);
#2526=VERTEX_POINT('',#6861);
#2527=VERTEX_POINT('',#6863);
#2528=VERTEX_POINT('',#6866);
#2529=VERTEX_POINT('',#6868);
#2530=VERTEX_POINT('',#6877);
#2531=VERTEX_POINT('',#6882);
#2532=VERTEX_POINT('',#6910);
#2533=VERTEX_POINT('',#6911);
#2534=VERTEX_POINT('',#6919);
#2535=VERTEX_POINT('',#6947);
#2536=VERTEX_POINT('',#6965);
#2537=VERTEX_POINT('',#6974);
#2538=VERTEX_POINT('',#6977);
#2539=VERTEX_POINT('',#6987);
#2540=VERTEX_POINT('',#6989);
#2541=VERTEX_POINT('',#7023);
#2542=VERTEX_POINT('',#7024);
#2543=VERTEX_POINT('',#7029);
#2544=VERTEX_POINT('',#7035);
#2545=VERTEX_POINT('',#7046);
#2546=VERTEX_POINT('',#7047);
#2547=VERTEX_POINT('',#7064);
#2548=VERTEX_POINT('',#7076);
#2549=VERTEX_POINT('',#7078);
#2550=VERTEX_POINT('',#7120);
#2551=VERTEX_POINT('',#7122);
#2552=VERTEX_POINT('',#7127);
#2553=VERTEX_POINT('',#7134);
#2554=VERTEX_POINT('',#7136);
#2555=VERTEX_POINT('',#7158);
#2556=VERTEX_POINT('',#7161);
#2557=VERTEX_POINT('',#7172);
#2558=VERTEX_POINT('',#7188);
#2559=VERTEX_POINT('',#7189);
#2560=VERTEX_POINT('',#7200);
#2561=VERTEX_POINT('',#7211);
#2562=VERTEX_POINT('',#7213);
#2563=VERTEX_POINT('',#7217);
#2564=VERTEX_POINT('',#7332);
#2565=VERTEX_POINT('',#7384);
#2566=VERTEX_POINT('',#7413);
#2567=VERTEX_POINT('',#7500);
#2568=VERTEX_POINT('',#7696);
#2569=VERTEX_POINT('',#7697);
#2570=VERTEX_POINT('',#7699);
#2571=VERTEX_POINT('',#7701);
#2572=VERTEX_POINT('',#7703);
#2573=VERTEX_POINT('',#7705);
#2574=VERTEX_POINT('',#7707);
#2575=VERTEX_POINT('',#7709);
#2576=VERTEX_POINT('',#7713);
#2577=VERTEX_POINT('',#7714);
#2578=VERTEX_POINT('',#7719);
#2579=VERTEX_POINT('',#7720);
#2580=VERTEX_POINT('',#7722);
#2581=VERTEX_POINT('',#7724);
#2582=VERTEX_POINT('',#7728);
#2583=VERTEX_POINT('',#7732);
#2584=VERTEX_POINT('',#7734);
#2585=VERTEX_POINT('',#7738);
#2586=VERTEX_POINT('',#7739);
#2587=VERTEX_POINT('',#7750);
#2588=VERTEX_POINT('',#7771);
#2589=VERTEX_POINT('',#7772);
#2590=VERTEX_POINT('',#7774);
#2591=VERTEX_POINT('',#7776);
#2592=VERTEX_POINT('',#7780);
#2593=VERTEX_POINT('',#7781);
#2594=VERTEX_POINT('',#7783);
#2595=VERTEX_POINT('',#7788);
#2596=VERTEX_POINT('',#7789);
#2597=VERTEX_POINT('',#7791);
#2598=VERTEX_POINT('',#7795);
#2599=VERTEX_POINT('',#7796);
#2600=VERTEX_POINT('',#7798);
#2601=VERTEX_POINT('',#7803);
#2602=VERTEX_POINT('',#7804);
#2603=VERTEX_POINT('',#7810);
#2604=VERTEX_POINT('',#7811);
#2605=VERTEX_POINT('',#7816);
#2606=VERTEX_POINT('',#7823);
#2607=VERTEX_POINT('',#7837);
#2608=VERTEX_POINT('',#7846);
#2609=VERTEX_POINT('',#7847);
#2610=VERTEX_POINT('',#7849);
#2611=VERTEX_POINT('',#7851);
#2612=VERTEX_POINT('',#7855);
#2613=VERTEX_POINT('',#7856);
#2614=VERTEX_POINT('',#7858);
#2615=VERTEX_POINT('',#7860);
#2616=VERTEX_POINT('',#7864);
#2617=VERTEX_POINT('',#7866);
#2618=VERTEX_POINT('',#7870);
#2619=VERTEX_POINT('',#7872);
#2620=VERTEX_POINT('',#7876);
#2621=VERTEX_POINT('',#7877);
#2622=VERTEX_POINT('',#7880);
#2623=VERTEX_POINT('',#7882);
#2624=VERTEX_POINT('',#7884);
#2625=VERTEX_POINT('',#7886);
#2626=VERTEX_POINT('',#7889);
#2627=VERTEX_POINT('',#7891);
#2628=VERTEX_POINT('',#7893);
#2629=VERTEX_POINT('',#7895);
#2630=VERTEX_POINT('',#7899);
#2631=VERTEX_POINT('',#7901);
#2632=VERTEX_POINT('',#7905);
#2633=VERTEX_POINT('',#7907);
#2634=VERTEX_POINT('',#7909);
#2635=VERTEX_POINT('',#7911);
#2636=VERTEX_POINT('',#7913);
#2637=VERTEX_POINT('',#7915);
#2638=VERTEX_POINT('',#7918);
#2639=VERTEX_POINT('',#7920);
#2640=VERTEX_POINT('',#7945);
#2641=VERTEX_POINT('',#7946);
#2642=VERTEX_POINT('',#7948);
#2643=VERTEX_POINT('',#7950);
#2644=VERTEX_POINT('',#7954);
#2645=VERTEX_POINT('',#7955);
#2646=VERTEX_POINT('',#7957);
#2647=VERTEX_POINT('',#7959);
#2648=VERTEX_POINT('',#7963);
#2649=VERTEX_POINT('',#7964);
#2650=VERTEX_POINT('',#7968);
#2651=VERTEX_POINT('',#7972);
#2652=VERTEX_POINT('',#7974);
#2653=VERTEX_POINT('',#7982);
#2654=VERTEX_POINT('',#7990);
#2655=VERTEX_POINT('',#7991);
#2656=VERTEX_POINT('',#7993);
#2657=VERTEX_POINT('',#7995);
#2658=VERTEX_POINT('',#7997);
#2659=VERTEX_POINT('',#7999);
#2660=VERTEX_POINT('',#8001);
#2661=VERTEX_POINT('',#8005);
#2662=VERTEX_POINT('',#8007);
#2663=VERTEX_POINT('',#8011);
#2664=VERTEX_POINT('',#8013);
#2665=VERTEX_POINT('',#8017);
#2666=VERTEX_POINT('',#8019);
#2667=VERTEX_POINT('',#8021);
#2668=VERTEX_POINT('',#8035);
#2669=VERTEX_POINT('',#8036);
#2670=VERTEX_POINT('',#8038);
#2671=VERTEX_POINT('',#8040);
#2672=VERTEX_POINT('',#8044);
#2673=VERTEX_POINT('',#8045);
#2674=VERTEX_POINT('',#8047);
#2675=VERTEX_POINT('',#8049);
#2676=VERTEX_POINT('',#8053);
#2677=VERTEX_POINT('',#8054);
#2678=VERTEX_POINT('',#8056);
#2679=VERTEX_POINT('',#8058);
#2680=VERTEX_POINT('',#8062);
#2681=VERTEX_POINT('',#8063);
#2682=VERTEX_POINT('',#8065);
#2683=VERTEX_POINT('',#8067);
#2684=VERTEX_POINT('',#8071);
#2685=VERTEX_POINT('',#8072);
#2686=VERTEX_POINT('',#8074);
#2687=VERTEX_POINT('',#8078);
#2688=VERTEX_POINT('',#8080);
#2689=VERTEX_POINT('',#8082);
#2690=VERTEX_POINT('',#8084);
#2691=VERTEX_POINT('',#8086);
#2692=VERTEX_POINT('',#8088);
#2693=VERTEX_POINT('',#8091);
#2694=VERTEX_POINT('',#8093);
#2695=VERTEX_POINT('',#8097);
#2696=VERTEX_POINT('',#8098);
#2697=VERTEX_POINT('',#8104);
#2698=VERTEX_POINT('',#8108);
#2699=VERTEX_POINT('',#8113);
#2700=VERTEX_POINT('',#8115);
#2701=VERTEX_POINT('',#8122);
#2702=VERTEX_POINT('',#8123);
#2703=VERTEX_POINT('',#8125);
#2704=VERTEX_POINT('',#8127);
#2705=VERTEX_POINT('',#8134);
#2706=VERTEX_POINT('',#8135);
#2707=VERTEX_POINT('',#8137);
#2708=VERTEX_POINT('',#8142);
#2709=VERTEX_POINT('',#8143);
#2710=VERTEX_POINT('',#8148);
#2711=VERTEX_POINT('',#8159);
#2712=VERTEX_POINT('',#8163);
#2713=VERTEX_POINT('',#8164);
#2714=VERTEX_POINT('',#8169);
#2715=VERTEX_POINT('',#8176);
#2716=VERTEX_POINT('',#8178);
#2717=VERTEX_POINT('',#8180);
#2718=VERTEX_POINT('',#8184);
#2719=VERTEX_POINT('',#8186);
#2720=VERTEX_POINT('',#8190);
#2721=VERTEX_POINT('',#8194);
#2722=VERTEX_POINT('',#8200);
#2723=VERTEX_POINT('',#8202);
#2724=VERTEX_POINT('',#8204);
#2725=VERTEX_POINT('',#8206);
#2726=VERTEX_POINT('',#8262);
#2727=VERTEX_POINT('',#8264);
#2728=LINE('',#6220,#3143);
#2729=LINE('',#6223,#3144);
#2730=LINE('',#6225,#3145);
#2731=LINE('',#6227,#3146);
#2732=LINE('',#6232,#3147);
#2733=LINE('',#6236,#3148);
#2734=LINE('',#6238,#3149);
#2735=LINE('',#6241,#3150);
#2736=LINE('',#6243,#3151);
#2737=LINE('',#6245,#3152);
#2738=LINE('',#6247,#3153);
#2739=LINE('',#6249,#3154);
#2740=LINE('',#6251,#3155);
#2741=LINE('',#6253,#3156);
#2742=LINE('',#6255,#3157);
#2743=LINE('',#6258,#3158);
#2744=LINE('',#6260,#3159);
#2745=LINE('',#6262,#3160);
#2746=LINE('',#6264,#3161);
#2747=LINE('',#6267,#3162);
#2748=LINE('',#6269,#3163);
#2749=LINE('',#6271,#3164);
#2750=LINE('',#6273,#3165);
#2751=LINE('',#6276,#3166);
#2752=LINE('',#6278,#3167);
#2753=LINE('',#6280,#3168);
#2754=LINE('',#6282,#3169);
#2755=LINE('',#6287,#3170);
#2756=LINE('',#6289,#3171);
#2757=LINE('',#6291,#3172);
#2758=LINE('',#6293,#3173);
#2759=LINE('',#6294,#3174);
#2760=LINE('',#6296,#3175);
#2761=LINE('',#6300,#3176);
#2762=LINE('',#6302,#3177);
#2763=LINE('',#6304,#3178);
#2764=LINE('',#6312,#3179);
#2765=LINE('',#6316,#3180);
#2766=LINE('',#6318,#3181);
#2767=LINE('',#6321,#3182);
#2768=LINE('',#6323,#3183);
#2769=LINE('',#6325,#3184);
#2770=LINE('',#6327,#3185);
#2771=LINE('',#6328,#3186);
#2772=LINE('',#6330,#3187);
#2773=LINE('',#6332,#3188);
#2774=LINE('',#6333,#3189);
#2775=LINE('',#6336,#3190);
#2776=LINE('',#6338,#3191);
#2777=LINE('',#6340,#3192);
#2778=LINE('',#6341,#3193);
#2779=LINE('',#6343,#3194);
#2780=LINE('',#6345,#3195);
#2781=LINE('',#6346,#3196);
#2782=LINE('',#6349,#3197);
#2783=LINE('',#6350,#3198);
#2784=LINE('',#6352,#3199);
#2785=LINE('',#6356,#3200);
#2786=LINE('',#6358,#3201);
#2787=LINE('',#6361,#3202);
#2788=LINE('',#6362,#3203);
#2789=LINE('',#6364,#3204);
#2790=LINE('',#6366,#3205);
#2791=LINE('',#6368,#3206);
#2792=LINE('',#6370,#3207);
#2793=LINE('',#6372,#3208);
#2794=LINE('',#6377,#3209);
#2795=LINE('',#6381,#3210);
#2796=LINE('',#6383,#3211);
#2797=LINE('',#6385,#3212);
#2798=LINE('',#6387,#3213);
#2799=LINE('',#6389,#3214);
#2800=LINE('',#6393,#3215);
#2801=LINE('',#6398,#3216);
#2802=LINE('',#6403,#3217);
#2803=LINE('',#6405,#3218);
#2804=LINE('',#6407,#3219);
#2805=LINE('',#6409,#3220);
#2806=LINE('',#6412,#3221);
#2807=LINE('',#6414,#3222);
#2808=LINE('',#6416,#3223);
#2809=LINE('',#6418,#3224);
#2810=LINE('',#6420,#3225);
#2811=LINE('',#6422,#3226);
#2812=LINE('',#6424,#3227);
#2813=LINE('',#6426,#3228);
#2814=LINE('',#6428,#3229);
#2815=LINE('',#6430,#3230);
#2816=LINE('',#6432,#3231);
#2817=LINE('',#6435,#3232);
#2818=LINE('',#6437,#3233);
#2819=LINE('',#6439,#3234);
#2820=LINE('',#6441,#3235);
#2821=LINE('',#6444,#3236);
#2822=LINE('',#6445,#3237);
#2823=LINE('',#6446,#3238);
#2824=LINE('',#6454,#3239);
#2825=LINE('',#6458,#3240);
#2826=LINE('',#6460,#3241);
#2827=LINE('',#6463,#3242);
#2828=LINE('',#6465,#3243);
#2829=LINE('',#6467,#3244);
#2830=LINE('',#6469,#3245);
#2831=LINE('',#6472,#3246);
#2832=LINE('',#6473,#3247);
#2833=LINE('',#6475,#3248);
#2834=LINE('',#6477,#3249);
#2835=LINE('',#6479,#3250);
#2836=LINE('',#6481,#3251);
#2837=LINE('',#6483,#3252);
#2838=LINE('',#6485,#3253);
#2839=LINE('',#6488,#3254);
#2840=LINE('',#6490,#3255);
#2841=LINE('',#6492,#3256);
#2842=LINE('',#6494,#3257);
#2843=LINE('',#6496,#3258);
#2844=LINE('',#6498,#3259);
#2845=LINE('',#6500,#3260);
#2846=LINE('',#6502,#3261);
#2847=LINE('',#6504,#3262);
#2848=LINE('',#6506,#3263);
#2849=LINE('',#6508,#3264);
#2850=LINE('',#6510,#3265);
#2851=LINE('',#6517,#3266);
#2852=LINE('',#6521,#3267);
#2853=LINE('',#6523,#3268);
#2854=LINE('',#6526,#3269);
#2855=LINE('',#6528,#3270);
#2856=LINE('',#6530,#3271);
#2857=LINE('',#6532,#3272);
#2858=LINE('',#6533,#3273);
#2859=LINE('',#6537,#3274);
#2860=LINE('',#6541,#3275);
#2861=LINE('',#6543,#3276);
#2862=LINE('',#6546,#3277);
#2863=LINE('',#6549,#3278);
#2864=LINE('',#6550,#3279);
#2865=LINE('',#6552,#3280);
#2866=LINE('',#6554,#3281);
#2867=LINE('',#6556,#3282);
#2868=LINE('',#6557,#3283);
#2869=LINE('',#6559,#3284);
#2870=LINE('',#6569,#3285);
#2871=LINE('',#6570,#3286);
#2872=LINE('',#6572,#3287);
#2873=LINE('',#6574,#3288);
#2874=LINE('',#6575,#3289);
#2875=LINE('',#6582,#3290);
#2876=LINE('',#6583,#3291);
#2877=LINE('',#6584,#3292);
#2878=LINE('',#6585,#3293);
#2879=LINE('',#6588,#3294);
#2880=LINE('',#6590,#3295);
#2881=LINE('',#6594,#3296);
#2882=LINE('',#6596,#3297);
#2883=LINE('',#6597,#3298);
#2884=LINE('',#6601,#3299);
#2885=LINE('',#6610,#3300);
#2886=LINE('',#6612,#3301);
#2887=LINE('',#6613,#3302);
#2888=LINE('',#6614,#3303);
#2889=LINE('',#6615,#3304);
#2890=LINE('',#6616,#3305);
#2891=LINE('',#6619,#3306);
#2892=LINE('',#6621,#3307);
#2893=LINE('',#6622,#3308);
#2894=LINE('',#6626,#3309);
#2895=LINE('',#6636,#3310);
#2896=LINE('',#6647,#3311);
#2897=LINE('',#6650,#3312);
#2898=LINE('',#6652,#3313);
#2899=LINE('',#6654,#3314);
#2900=LINE('',#6656,#3315);
#2901=LINE('',#6658,#3316);
#2902=LINE('',#6660,#3317);
#2903=LINE('',#6662,#3318);
#2904=LINE('',#6664,#3319);
#2905=LINE('',#6666,#3320);
#2906=LINE('',#6668,#3321);
#2907=LINE('',#6670,#3322);
#2908=LINE('',#6673,#3323);
#2909=LINE('',#6675,#3324);
#2910=LINE('',#6677,#3325);
#2911=LINE('',#6678,#3326);
#2912=LINE('',#6681,#3327);
#2913=LINE('',#6683,#3328);
#2914=LINE('',#6685,#3329);
#2915=LINE('',#6687,#3330);
#2916=LINE('',#6689,#3331);
#2917=LINE('',#6691,#3332);
#2918=LINE('',#6693,#3333);
#2919=LINE('',#6695,#3334);
#2920=LINE('',#6699,#3335);
#2921=LINE('',#6702,#3336);
#2922=LINE('',#6704,#3337);
#2923=LINE('',#6706,#3338);
#2924=LINE('',#6708,#3339);
#2925=LINE('',#6711,#3340);
#2926=LINE('',#6712,#3341);
#2927=LINE('',#6714,#3342);
#2928=LINE('',#6716,#3343);
#2929=LINE('',#6718,#3344);
#2930=LINE('',#6720,#3345);
#2931=LINE('',#6722,#3346);
#2932=LINE('',#6725,#3347);
#2933=LINE('',#6727,#3348);
#2934=LINE('',#6729,#3349);
#2935=LINE('',#6731,#3350);
#2936=LINE('',#6733,#3351);
#2937=LINE('',#6735,#3352);
#2938=LINE('',#6737,#3353);
#2939=LINE('',#6739,#3354);
#2940=LINE('',#6741,#3355);
#2941=LINE('',#6743,#3356);
#2942=LINE('',#6744,#3357);
#2943=LINE('',#6747,#3358);
#2944=LINE('',#6751,#3359);
#2945=LINE('',#6756,#3360);
#2946=LINE('',#6814,#3361);
#2947=LINE('',#6832,#3362);
#2948=LINE('',#6836,#3363);
#2949=LINE('',#6846,#3364);
#2950=LINE('',#6864,#3365);
#2951=LINE('',#6865,#3366);
#2952=LINE('',#6876,#3367);
#2953=LINE('',#6946,#3368);
#2954=LINE('',#6948,#3369);
#2955=LINE('',#6988,#3370);
#2956=LINE('',#7048,#3371);
#2957=LINE('',#7077,#3372);
#2958=LINE('',#7119,#3373);
#2959=LINE('',#7133,#3374);
#2960=LINE('',#7135,#3375);
#2961=LINE('',#7137,#3376);
#2962=LINE('',#7173,#3377);
#2963=LINE('',#7210,#3378);
#2964=LINE('',#7212,#3379);
#2965=LINE('',#7214,#3380);
#2966=LINE('',#7216,#3381);
#2967=LINE('',#7412,#3382);
#2968=LINE('',#7414,#3383);
#2969=LINE('',#7445,#3384);
#2970=LINE('',#7501,#3385);
#2971=LINE('',#7555,#3386);
#2972=LINE('',#7695,#3387);
#2973=LINE('',#7700,#3388);
#2974=LINE('',#7704,#3389);
#2975=LINE('',#7708,#3390);
#2976=LINE('',#7712,#3391);
#2977=LINE('',#7715,#3392);
#2978=LINE('',#7716,#3393);
#2979=LINE('',#7721,#3394);
#2980=LINE('',#7725,#3395);
#2981=LINE('',#7737,#3396);
#2982=LINE('',#7740,#3397);
#2983=LINE('',#7741,#3398);
#2984=LINE('',#7743,#3399);
#2985=LINE('',#7744,#3400);
#2986=LINE('',#7745,#3401);
#2987=LINE('',#7749,#3402);
#2988=LINE('',#7751,#3403);
#2989=LINE('',#7752,#3404);
#2990=LINE('',#7754,#3405);
#2991=LINE('',#7758,#3406);
#2992=LINE('',#7773,#3407);
#2993=LINE('',#7777,#3408);
#2994=LINE('',#7782,#3409);
#2995=LINE('',#7785,#3410);
#2996=LINE('',#7797,#3411);
#2997=LINE('',#7800,#3412);
#2998=LINE('',#7805,#3413);
#2999=LINE('',#7807,#3414);
#3000=LINE('',#7812,#3415);
#3001=LINE('',#7813,#3416);
#3002=LINE('',#7819,#3417);
#3003=LINE('',#7820,#3418);
#3004=LINE('',#7822,#3419);
#3005=LINE('',#7824,#3420);
#3006=LINE('',#7826,#3421);
#3007=LINE('',#7827,#3422);
#3008=LINE('',#7831,#3423);
#3009=LINE('',#7835,#3424);
#3010=LINE('',#7836,#3425);
#3011=LINE('',#7841,#3426);
#3012=LINE('',#7848,#3427);
#3013=LINE('',#7852,#3428);
#3014=LINE('',#7854,#3429);
#3015=LINE('',#7857,#3430);
#3016=LINE('',#7859,#3431);
#3017=LINE('',#7861,#3432);
#3018=LINE('',#7865,#3433);
#3019=LINE('',#7869,#3434);
#3020=LINE('',#7871,#3435);
#3021=LINE('',#7873,#3436);
#3022=LINE('',#7878,#3437);
#3023=LINE('',#7879,#3438);
#3024=LINE('',#7883,#3439);
#3025=LINE('',#7887,#3440);
#3026=LINE('',#7892,#3441);
#3027=LINE('',#7896,#3442);
#3028=LINE('',#7898,#3443);
#3029=LINE('',#7900,#3444);
#3030=LINE('',#7902,#3445);
#3031=LINE('',#7904,#3446);
#3032=LINE('',#7908,#3447);
#3033=LINE('',#7912,#3448);
#3034=LINE('',#7916,#3449);
#3035=LINE('',#7919,#3450);
#3036=LINE('',#7925,#3451);
#3037=LINE('',#7927,#3452);
#3038=LINE('',#7929,#3453);
#3039=LINE('',#7931,#3454);
#3040=LINE('',#7934,#3455);
#3041=LINE('',#7935,#3456);
#3042=LINE('',#7937,#3457);
#3043=LINE('',#7938,#3458);
#3044=LINE('',#7944,#3459);
#3045=LINE('',#7947,#3460);
#3046=LINE('',#7949,#3461);
#3047=LINE('',#7951,#3462);
#3048=LINE('',#7953,#3463);
#3049=LINE('',#7956,#3464);
#3050=LINE('',#7958,#3465);
#3051=LINE('',#7960,#3466);
#3052=LINE('',#7962,#3467);
#3053=LINE('',#7965,#3468);
#3054=LINE('',#7966,#3469);
#3055=LINE('',#7969,#3470);
#3056=LINE('',#7971,#3471);
#3057=LINE('',#7973,#3472);
#3058=LINE('',#7975,#3473);
#3059=LINE('',#7977,#3474);
#3060=LINE('',#7979,#3475);
#3061=LINE('',#7981,#3476);
#3062=LINE('',#7985,#3477);
#3063=LINE('',#7989,#3478);
#3064=LINE('',#7994,#3479);
#3065=LINE('',#7996,#3480);
#3066=LINE('',#7998,#3481);
#3067=LINE('',#8000,#3482);
#3068=LINE('',#8002,#3483);
#3069=LINE('',#8004,#3484);
#3070=LINE('',#8006,#3485);
#3071=LINE('',#8008,#3486);
#3072=LINE('',#8010,#3487);
#3073=LINE('',#8012,#3488);
#3074=LINE('',#8014,#3489);
#3075=LINE('',#8016,#3490);
#3076=LINE('',#8018,#3491);
#3077=LINE('',#8020,#3492);
#3078=LINE('',#8022,#3493);
#3079=LINE('',#8026,#3494);
#3080=LINE('',#8028,#3495);
#3081=LINE('',#8030,#3496);
#3082=LINE('',#8034,#3497);
#3083=LINE('',#8037,#3498);
#3084=LINE('',#8039,#3499);
#3085=LINE('',#8041,#3500);
#3086=LINE('',#8043,#3501);
#3087=LINE('',#8046,#3502);
#3088=LINE('',#8048,#3503);
#3089=LINE('',#8050,#3504);
#3090=LINE('',#8052,#3505);
#3091=LINE('',#8055,#3506);
#3092=LINE('',#8057,#3507);
#3093=LINE('',#8059,#3508);
#3094=LINE('',#8064,#3509);
#3095=LINE('',#8068,#3510);
#3096=LINE('',#8081,#3511);
#3097=LINE('',#8085,#3512);
#3098=LINE('',#8089,#3513);
#3099=LINE('',#8090,#3514);
#3100=LINE('',#8092,#3515);
#3101=LINE('',#8094,#3516);
#3102=LINE('',#8099,#3517);
#3103=LINE('',#8105,#3518);
#3104=LINE('',#8109,#3519);
#3105=LINE('',#8121,#3520);
#3106=LINE('',#8124,#3521);
#3107=LINE('',#8126,#3522);
#3108=LINE('',#8128,#3523);
#3109=LINE('',#8130,#3524);
#3110=LINE('',#8131,#3525);
#3111=LINE('',#8133,#3526);
#3112=LINE('',#8136,#3527);
#3113=LINE('',#8138,#3528);
#3114=LINE('',#8139,#3529);
#3115=LINE('',#8162,#3530);
#3116=LINE('',#8165,#3531);
#3117=LINE('',#8166,#3532);
#3118=LINE('',#8170,#3533);
#3119=LINE('',#8172,#3534);
#3120=LINE('',#8173,#3535);
#3121=LINE('',#8175,#3536);
#3122=LINE('',#8177,#3537);
#3123=LINE('',#8179,#3538);
#3124=LINE('',#8181,#3539);
#3125=LINE('',#8185,#3540);
#3126=LINE('',#8189,#3541);
#3127=LINE('',#8193,#3542);
#3128=LINE('',#8197,#3543);
#3129=LINE('',#8198,#3544);
#3130=LINE('',#8199,#3545);
#3131=LINE('',#8203,#3546);
#3132=LINE('',#8207,#3547);
#3133=LINE('',#8209,#3548);
#3134=LINE('',#8211,#3549);
#3135=LINE('',#8212,#3550);
#3136=LINE('',#8258,#3551);
#3137=LINE('',#8259,#3552);
#3138=LINE('',#8261,#3553);
#3139=LINE('',#8263,#3554);
#3140=LINE('',#8265,#3555);
#3141=LINE('',#8275,#3556);
#3142=LINE('',#8278,#3557);
#3143=VECTOR('',#4995,1000.);
#3144=VECTOR('',#4996,1000.);
#3145=VECTOR('',#4997,1000.);
#3146=VECTOR('',#4998,1000.);
#3147=VECTOR('',#5003,1000.);
#3148=VECTOR('',#5006,1000.);
#3149=VECTOR('',#5009,1000.);
#3150=VECTOR('',#5010,1000.);
#3151=VECTOR('',#5011,1000.);
#3152=VECTOR('',#5012,1000.);
#3153=VECTOR('',#5013,1000.);
#3154=VECTOR('',#5014,1000.);
#3155=VECTOR('',#5015,1000.);
#3156=VECTOR('',#5016,1000.);
#3157=VECTOR('',#5019,1000.);
#3158=VECTOR('',#5020,1000.);
#3159=VECTOR('',#5021,1000.);
#3160=VECTOR('',#5022,1000.);
#3161=VECTOR('',#5025,1000.);
#3162=VECTOR('',#5026,1000.);
#3163=VECTOR('',#5027,1000.);
#3164=VECTOR('',#5028,1000.);
#3165=VECTOR('',#5031,1000.);
#3166=VECTOR('',#5032,1000.);
#3167=VECTOR('',#5033,1000.);
#3168=VECTOR('',#5034,1000.);
#3169=VECTOR('',#5037,1000.);
#3170=VECTOR('',#5040,1000.);
#3171=VECTOR('',#5041,1000.);
#3172=VECTOR('',#5042,1000.);
#3173=VECTOR('',#5043,1000.);
#3174=VECTOR('',#5044,1000.);
#3175=VECTOR('',#5045,1000.);
#3176=VECTOR('',#5050,1000.);
#3177=VECTOR('',#5051,1000.);
#3178=VECTOR('',#5052,1000.);
#3179=VECTOR('',#5061,1000.);
#3180=VECTOR('',#5064,1000.);
#3181=VECTOR('',#5067,1000.);
#3182=VECTOR('',#5068,1000.);
#3183=VECTOR('',#5069,1000.);
#3184=VECTOR('',#5070,1000.);
#3185=VECTOR('',#5071,1000.);
#3186=VECTOR('',#5072,1000.);
#3187=VECTOR('',#5073,1000.);
#3188=VECTOR('',#5076,1000.);
#3189=VECTOR('',#5077,1000.);
#3190=VECTOR('',#5078,1000.);
#3191=VECTOR('',#5079,1000.);
#3192=VECTOR('',#5080,1000.);
#3193=VECTOR('',#5081,1000.);
#3194=VECTOR('',#5082,1000.);
#3195=VECTOR('',#5083,1000.);
#3196=VECTOR('',#5084,1000.);
#3197=VECTOR('',#5085,1000.);
#3198=VECTOR('',#5086,1000.);
#3199=VECTOR('',#5089,1000.);
#3200=VECTOR('',#5092,1000.);
#3201=VECTOR('',#5095,1000.);
#3202=VECTOR('',#5096,1000.);
#3203=VECTOR('',#5097,1000.);
#3204=VECTOR('',#5100,1000.);
#3205=VECTOR('',#5101,1000.);
#3206=VECTOR('',#5104,1000.);
#3207=VECTOR('',#5105,1000.);
#3208=VECTOR('',#5106,1000.);
#3209=VECTOR('',#5111,1000.);
#3210=VECTOR('',#5114,1000.);
#3211=VECTOR('',#5117,1000.);
#3212=VECTOR('',#5118,1000.);
#3213=VECTOR('',#5119,1000.);
#3214=VECTOR('',#5122,1000.);
#3215=VECTOR('',#5125,1000.);
#3216=VECTOR('',#5132,1000.);
#3217=VECTOR('',#5139,1000.);
#3218=VECTOR('',#5140,1000.);
#3219=VECTOR('',#5141,1000.);
#3220=VECTOR('',#5144,1000.);
#3221=VECTOR('',#5145,1000.);
#3222=VECTOR('',#5146,1000.);
#3223=VECTOR('',#5147,1000.);
#3224=VECTOR('',#5150,1000.);
#3225=VECTOR('',#5151,1000.);
#3226=VECTOR('',#5152,1000.);
#3227=VECTOR('',#5155,1000.);
#3228=VECTOR('',#5158,1000.);
#3229=VECTOR('',#5159,1000.);
#3230=VECTOR('',#5160,1000.);
#3231=VECTOR('',#5163,1000.);
#3232=VECTOR('',#5164,1000.);
#3233=VECTOR('',#5165,1000.);
#3234=VECTOR('',#5166,1000.);
#3235=VECTOR('',#5169,1000.);
#3236=VECTOR('',#5170,1000.);
#3237=VECTOR('',#5171,1000.);
#3238=VECTOR('',#5172,1000.);
#3239=VECTOR('',#5181,1000.);
#3240=VECTOR('',#5184,1000.);
#3241=VECTOR('',#5187,1000.);
#3242=VECTOR('',#5188,1000.);
#3243=VECTOR('',#5189,1000.);
#3244=VECTOR('',#5190,1000.);
#3245=VECTOR('',#5193,1000.);
#3246=VECTOR('',#5194,1000.);
#3247=VECTOR('',#5195,1000.);
#3248=VECTOR('',#5196,1000.);
#3249=VECTOR('',#5197,1000.);
#3250=VECTOR('',#5200,1000.);
#3251=VECTOR('',#5201,1000.);
#3252=VECTOR('',#5202,1000.);
#3253=VECTOR('',#5205,1000.);
#3254=VECTOR('',#5206,1000.);
#3255=VECTOR('',#5207,1000.);
#3256=VECTOR('',#5208,1000.);
#3257=VECTOR('',#5211,1000.);
#3258=VECTOR('',#5212,1000.);
#3259=VECTOR('',#5213,1000.);
#3260=VECTOR('',#5216,1000.);
#3261=VECTOR('',#5217,1000.);
#3262=VECTOR('',#5218,1000.);
#3263=VECTOR('',#5221,1000.);
#3264=VECTOR('',#5222,1000.);
#3265=VECTOR('',#5223,1000.);
#3266=VECTOR('',#5232,1000.);
#3267=VECTOR('',#5235,1000.);
#3268=VECTOR('',#5238,1000.);
#3269=VECTOR('',#5239,1000.);
#3270=VECTOR('',#5240,1000.);
#3271=VECTOR('',#5241,1000.);
#3272=VECTOR('',#5244,1000.);
#3273=VECTOR('',#5245,1000.);
#3274=VECTOR('',#5250,1000.);
#3275=VECTOR('',#5255,1000.);
#3276=VECTOR('',#5258,1000.);
#3277=VECTOR('',#5263,1000.);
#3278=VECTOR('',#5264,1000.);
#3279=VECTOR('',#5265,1000.);
#3280=VECTOR('',#5268,1000.);
#3281=VECTOR('',#5269,1000.);
#3282=VECTOR('',#5270,1000.);
#3283=VECTOR('',#5271,1000.);
#3284=VECTOR('',#5272,1000.);
#3285=VECTOR('',#5291,1000.);
#3286=VECTOR('',#5292,1000.);
#3287=VECTOR('',#5293,1000.);
#3288=VECTOR('',#5294,1000.);
#3289=VECTOR('',#5295,1000.);
#3290=VECTOR('',#5304,1000.);
#3291=VECTOR('',#5305,1000.);
#3292=VECTOR('',#5306,1000.);
#3293=VECTOR('',#5307,1000.);
#3294=VECTOR('',#5312,1000.);
#3295=VECTOR('',#5313,1000.);
#3296=VECTOR('',#5320,1000.);
#3297=VECTOR('',#5321,1000.);
#3298=VECTOR('',#5322,1000.);
#3299=VECTOR('',#5327,1000.);
#3300=VECTOR('',#5342,1000.);
#3301=VECTOR('',#5345,1000.);
#3302=VECTOR('',#5346,1000.);
#3303=VECTOR('',#5347,1000.);
#3304=VECTOR('',#5348,1000.);
#3305=VECTOR('',#5349,1000.);
#3306=VECTOR('',#5354,1000.);
#3307=VECTOR('',#5355,1000.);
#3308=VECTOR('',#5356,1000.);
#3309=VECTOR('',#5361,1000.);
#3310=VECTOR('',#5380,1000.);
#3311=VECTOR('',#5401,1000.);
#3312=VECTOR('',#5402,1000.);
#3313=VECTOR('',#5403,1000.);
#3314=VECTOR('',#5404,1000.);
#3315=VECTOR('',#5407,1000.);
#3316=VECTOR('',#5408,1000.);
#3317=VECTOR('',#5409,1000.);
#3318=VECTOR('',#5412,1000.);
#3319=VECTOR('',#5413,1000.);
#3320=VECTOR('',#5416,1000.);
#3321=VECTOR('',#5417,1000.);
#3322=VECTOR('',#5420,1000.);
#3323=VECTOR('',#5421,1000.);
#3324=VECTOR('',#5422,1000.);
#3325=VECTOR('',#5423,1000.);
#3326=VECTOR('',#5424,1000.);
#3327=VECTOR('',#5429,1000.);
#3328=VECTOR('',#5430,1000.);
#3329=VECTOR('',#5431,1000.);
#3330=VECTOR('',#5434,1000.);
#3331=VECTOR('',#5435,1000.);
#3332=VECTOR('',#5438,1000.);
#3333=VECTOR('',#5439,1000.);
#3334=VECTOR('',#5442,1000.);
#3335=VECTOR('',#5449,1000.);
#3336=VECTOR('',#5450,1000.);
#3337=VECTOR('',#5451,1000.);
#3338=VECTOR('',#5452,1000.);
#3339=VECTOR('',#5455,1000.);
#3340=VECTOR('',#5456,1000.);
#3341=VECTOR('',#5457,1000.);
#3342=VECTOR('',#5460,1000.);
#3343=VECTOR('',#5461,1000.);
#3344=VECTOR('',#5464,1000.);
#3345=VECTOR('',#5465,1000.);
#3346=VECTOR('',#5468,1000.);
#3347=VECTOR('',#5469,1000.);
#3348=VECTOR('',#5470,1000.);
#3349=VECTOR('',#5471,1000.);
#3350=VECTOR('',#5474,1000.);
#3351=VECTOR('',#5475,1000.);
#3352=VECTOR('',#5476,1000.);
#3353=VECTOR('',#5479,1000.);
#3354=VECTOR('',#5480,1000.);
#3355=VECTOR('',#5481,1000.);
#3356=VECTOR('',#5484,1000.);
#3357=VECTOR('',#5485,1000.);
#3358=VECTOR('',#5490,1000.);
#3359=VECTOR('',#5497,1000.);
#3360=VECTOR('',#5500,1000.);
#3361=VECTOR('',#5507,1000.);
#3362=VECTOR('',#5512,1000.);
#3363=VECTOR('',#5515,1000.);
#3364=VECTOR('',#5520,1000.);
#3365=VECTOR('',#5525,1000.);
#3366=VECTOR('',#5526,1000.);
#3367=VECTOR('',#5531,1000.);
#3368=VECTOR('',#5536,1000.);
#3369=VECTOR('',#5537,1000.);
#3370=VECTOR('',#5544,1000.);
#3371=VECTOR('',#5551,1000.);
#3372=VECTOR('',#5554,1000.);
#3373=VECTOR('',#5559,1000.);
#3374=VECTOR('',#5564,1000.);
#3375=VECTOR('',#5565,1000.);
#3376=VECTOR('',#5566,1000.);
#3377=VECTOR('',#5571,1000.);
#3378=VECTOR('',#5574,1000.);
#3379=VECTOR('',#5575,1000.);
#3380=VECTOR('',#5576,1000.);
#3381=VECTOR('',#5579,1000.);
#3382=VECTOR('',#5592,1000.);
#3383=VECTOR('',#5593,1000.);
#3384=VECTOR('',#5596,1000.);
#3385=VECTOR('',#5601,1000.);
#3386=VECTOR('',#5604,1000.);
#3387=VECTOR('',#5611,1000.);
#3388=VECTOR('',#5614,1000.);
#3389=VECTOR('',#5617,1000.);
#3390=VECTOR('',#5620,1000.);
#3391=VECTOR('',#5625,1000.);
#3392=VECTOR('',#5626,1000.);
#3393=VECTOR('',#5627,1000.);
#3394=VECTOR('',#5632,1000.);
#3395=VECTOR('',#5635,1000.);
#3396=VECTOR('',#5652,1000.);
#3397=VECTOR('',#5653,1000.);
#3398=VECTOR('',#5654,1000.);
#3399=VECTOR('',#5657,1000.);
#3400=VECTOR('',#5658,1000.);
#3401=VECTOR('',#5659,1000.);
#3402=VECTOR('',#5666,1000.);
#3403=VECTOR('',#5667,1000.);
#3404=VECTOR('',#5668,1000.);
#3405=VECTOR('',#5671,1000.);
#3406=VECTOR('',#5678,1000.);
#3407=VECTOR('',#5703,1000.);
#3408=VECTOR('',#5706,1000.);
#3409=VECTOR('',#5711,1000.);
#3410=VECTOR('',#5714,1000.);
#3411=VECTOR('',#5727,1000.);
#3412=VECTOR('',#5730,1000.);
#3413=VECTOR('',#5735,1000.);
#3414=VECTOR('',#5738,1000.);
#3415=VECTOR('',#5743,1000.);
#3416=VECTOR('',#5744,1000.);
#3417=VECTOR('',#5753,1000.);
#3418=VECTOR('',#5754,1000.);
#3419=VECTOR('',#5757,1000.);
#3420=VECTOR('',#5758,1000.);
#3421=VECTOR('',#5761,1000.);
#3422=VECTOR('',#5762,1000.);
#3423=VECTOR('',#5769,1000.);
#3424=VECTOR('',#5776,1000.);
#3425=VECTOR('',#5777,1000.);
#3426=VECTOR('',#5784,1000.);
#3427=VECTOR('',#5793,1000.);
#3428=VECTOR('',#5796,1000.);
#3429=VECTOR('',#5799,1000.);
#3430=VECTOR('',#5800,1000.);
#3431=VECTOR('',#5801,1000.);
#3432=VECTOR('',#5802,1000.);
#3433=VECTOR('',#5807,1000.);
#3434=VECTOR('',#5812,1000.);
#3435=VECTOR('',#5813,1000.);
#3436=VECTOR('',#5814,1000.);
#3437=VECTOR('',#5819,1000.);
#3438=VECTOR('',#5820,1000.);
#3439=VECTOR('',#5823,1000.);
#3440=VECTOR('',#5826,1000.);
#3441=VECTOR('',#5831,1000.);
#3442=VECTOR('',#5834,1000.);
#3443=VECTOR('',#5837,1000.);
#3444=VECTOR('',#5838,1000.);
#3445=VECTOR('',#5839,1000.);
#3446=VECTOR('',#5842,1000.);
#3447=VECTOR('',#5845,1000.);
#3448=VECTOR('',#5848,1000.);
#3449=VECTOR('',#5851,1000.);
#3450=VECTOR('',#5854,1000.);
#3451=VECTOR('',#5863,1000.);
#3452=VECTOR('',#5866,1000.);
#3453=VECTOR('',#5869,1000.);
#3454=VECTOR('',#5872,1000.);
#3455=VECTOR('',#5877,1000.);
#3456=VECTOR('',#5878,1000.);
#3457=VECTOR('',#5881,1000.);
#3458=VECTOR('',#5882,1000.);
#3459=VECTOR('',#5893,1000.);
#3460=VECTOR('',#5894,1000.);
#3461=VECTOR('',#5895,1000.);
#3462=VECTOR('',#5896,1000.);
#3463=VECTOR('',#5899,1000.);
#3464=VECTOR('',#5900,1000.);
#3465=VECTOR('',#5901,1000.);
#3466=VECTOR('',#5902,1000.);
#3467=VECTOR('',#5905,1000.);
#3468=VECTOR('',#5906,1000.);
#3469=VECTOR('',#5907,1000.);
#3470=VECTOR('',#5910,1000.);
#3471=VECTOR('',#5913,1000.);
#3472=VECTOR('',#5914,1000.);
#3473=VECTOR('',#5915,1000.);
#3474=VECTOR('',#5918,1000.);
#3475=VECTOR('',#5921,1000.);
#3476=VECTOR('',#5924,1000.);
#3477=VECTOR('',#5929,1000.);
#3478=VECTOR('',#5936,1000.);
#3479=VECTOR('',#5939,1000.);
#3480=VECTOR('',#5940,1000.);
#3481=VECTOR('',#5941,1000.);
#3482=VECTOR('',#5942,1000.);
#3483=VECTOR('',#5943,1000.);
#3484=VECTOR('',#5946,1000.);
#3485=VECTOR('',#5947,1000.);
#3486=VECTOR('',#5948,1000.);
#3487=VECTOR('',#5951,1000.);
#3488=VECTOR('',#5952,1000.);
#3489=VECTOR('',#5953,1000.);
#3490=VECTOR('',#5956,1000.);
#3491=VECTOR('',#5957,1000.);
#3492=VECTOR('',#5958,1000.);
#3493=VECTOR('',#5959,1000.);
#3494=VECTOR('',#5966,1000.);
#3495=VECTOR('',#5969,1000.);
#3496=VECTOR('',#5972,1000.);
#3497=VECTOR('',#5979,1000.);
#3498=VECTOR('',#5980,1000.);
#3499=VECTOR('',#5981,1000.);
#3500=VECTOR('',#5982,1000.);
#3501=VECTOR('',#5985,1000.);
#3502=VECTOR('',#5986,1000.);
#3503=VECTOR('',#5987,1000.);
#3504=VECTOR('',#5988,1000.);
#3505=VECTOR('',#5991,1000.);
#3506=VECTOR('',#5992,1000.);
#3507=VECTOR('',#5993,1000.);
#3508=VECTOR('',#5994,1000.);
#3509=VECTOR('',#5999,1000.);
#3510=VECTOR('',#6002,1000.);
#3511=VECTOR('',#6017,1000.);
#3512=VECTOR('',#6020,1000.);
#3513=VECTOR('',#6023,1000.);
#3514=VECTOR('',#6024,1000.);
#3515=VECTOR('',#6025,1000.);
#3516=VECTOR('',#6026,1000.);
#3517=VECTOR('',#6031,1000.);
#3518=VECTOR('',#6032,1000.);
#3519=VECTOR('',#6037,1000.);
#3520=VECTOR('',#6056,1000.);
#3521=VECTOR('',#6057,1000.);
#3522=VECTOR('',#6058,1000.);
#3523=VECTOR('',#6059,1000.);
#3524=VECTOR('',#6062,1000.);
#3525=VECTOR('',#6063,1000.);
#3526=VECTOR('',#6066,1000.);
#3527=VECTOR('',#6067,1000.);
#3528=VECTOR('',#6068,1000.);
#3529=VECTOR('',#6069,1000.);
#3530=VECTOR('',#6098,1000.);
#3531=VECTOR('',#6099,1000.);
#3532=VECTOR('',#6100,1000.);
#3533=VECTOR('',#6105,1000.);
#3534=VECTOR('',#6108,1000.);
#3535=VECTOR('',#6109,1000.);
#3536=VECTOR('',#6112,1000.);
#3537=VECTOR('',#6113,1000.);
#3538=VECTOR('',#6114,1000.);
#3539=VECTOR('',#6115,1000.);
#3540=VECTOR('',#6120,1000.);
#3541=VECTOR('',#6125,1000.);
#3542=VECTOR('',#6130,1000.);
#3543=VECTOR('',#6135,1000.);
#3544=VECTOR('',#6136,1000.);
#3545=VECTOR('',#6137,1000.);
#3546=VECTOR('',#6140,1000.);
#3547=VECTOR('',#6143,1000.);
#3548=VECTOR('',#6146,1000.);
#3549=VECTOR('',#6149,1000.);
#3550=VECTOR('',#6150,1000.);
#3551=VECTOR('',#6161,1000.);
#3552=VECTOR('',#6162,1000.);
#3553=VECTOR('',#6165,1000.);
#3554=VECTOR('',#6166,1000.);
#3555=VECTOR('',#6167,1000.);
#3556=VECTOR('',#6186,1000.);
#3557=VECTOR('',#6191,1000.);
#3558=EDGE_LOOP('',(#416,#417,#418,#419));
#3559=EDGE_LOOP('',(#420,#421,#422,#423));
#3560=EDGE_LOOP('',(#424,#425,#426,#427,#428,#429,#430,#431));
#3561=EDGE_LOOP('',(#432,#433,#434,#435));
#3562=EDGE_LOOP('',(#436,#437,#438,#439));
#3563=EDGE_LOOP('',(#440,#441,#442,#443));
#3564=EDGE_LOOP('',(#444,#445,#446,#447,#448,#449,#450,#451,#452,#453));
#3565=EDGE_LOOP('',(#454,#455,#456,#457));
#3566=EDGE_LOOP('',(#458));
#3567=EDGE_LOOP('',(#459,#460,#461,#462));
#3568=EDGE_LOOP('',(#463,#464,#465,#466,#467,#468,#469,#470));
#3569=EDGE_LOOP('',(#471,#472,#473,#474));
#3570=EDGE_LOOP('',(#475,#476,#477,#478));
#3571=EDGE_LOOP('',(#479,#480,#481,#482));
#3572=EDGE_LOOP('',(#483,#484,#485,#486));
#3573=EDGE_LOOP('',(#487,#488,#489,#490));
#3574=EDGE_LOOP('',(#491,#492,#493,#494));
#3575=EDGE_LOOP('',(#495,#496,#497,#498));
#3576=EDGE_LOOP('',(#499,#500,#501,#502));
#3577=EDGE_LOOP('',(#503,#504,#505,#506));
#3578=EDGE_LOOP('',(#507,#508,#509,#510));
#3579=EDGE_LOOP('',(#511,#512,#513,#514,#515,#516));
#3580=EDGE_LOOP('',(#517,#518,#519,#520,#521,#522));
#3581=EDGE_LOOP('',(#523,#524,#525,#526));
#3582=EDGE_LOOP('',(#527,#528,#529,#530));
#3583=EDGE_LOOP('',(#531,#532,#533,#534));
#3584=EDGE_LOOP('',(#535,#536,#537,#538));
#3585=EDGE_LOOP('',(#539,#540,#541,#542));
#3586=EDGE_LOOP('',(#543,#544,#545,#546));
#3587=EDGE_LOOP('',(#547,#548,#549,#550,#551,#552));
#3588=EDGE_LOOP('',(#553));
#3589=EDGE_LOOP('',(#554,#555,#556,#557));
#3590=EDGE_LOOP('',(#558,#559,#560,#561));
#3591=EDGE_LOOP('',(#562,#563,#564,#565,#566,#567));
#3592=EDGE_LOOP('',(#568,#569,#570,#571));
#3593=EDGE_LOOP('',(#572,#573,#574,#575));
#3594=EDGE_LOOP('',(#576,#577,#578,#579));
#3595=EDGE_LOOP('',(#580,#581,#582,#583));
#3596=EDGE_LOOP('',(#584,#585,#586,#587));
#3597=EDGE_LOOP('',(#588,#589,#590,#591));
#3598=EDGE_LOOP('',(#592,#593,#594,#595));
#3599=EDGE_LOOP('',(#596,#597,#598,#599));
#3600=EDGE_LOOP('',(#600,#601,#602,#603));
#3601=EDGE_LOOP('',(#604,#605,#606,#607));
#3602=EDGE_LOOP('',(#608,#609,#610,#611));
#3603=EDGE_LOOP('',(#612,#613,#614,#615));
#3604=EDGE_LOOP('',(#616,#617,#618,#619));
#3605=EDGE_LOOP('',(#620,#621,#622,#623));
#3606=EDGE_LOOP('',(#624,#625,#626,#627,#628,#629,#630,#631,#632,#633));
#3607=EDGE_LOOP('',(#634,#635,#636,#637));
#3608=EDGE_LOOP('',(#638,#639,#640,#641));
#3609=EDGE_LOOP('',(#642,#643,#644,#645));
#3610=EDGE_LOOP('',(#646,#647,#648,#649,#650,#651,#652,#653));
#3611=EDGE_LOOP('',(#654,#655,#656,#657,#658,#659,#660,#661,#662,#663,#664,
#665,#666,#667,#668,#669,#670,#671,#672,#673,#674,#675,#676,#677,#678,#679,
#680,#681,#682,#683,#684,#685));
#3612=EDGE_LOOP('',(#686,#687,#688,#689));
#3613=EDGE_LOOP('',(#690,#691,#692,#693));
#3614=EDGE_LOOP('',(#694,#695,#696,#697,#698,#699));
#3615=EDGE_LOOP('',(#700,#701,#702,#703,#704,#705));
#3616=EDGE_LOOP('',(#706,#707,#708,#709));
#3617=EDGE_LOOP('',(#710));
#3618=EDGE_LOOP('',(#711));
#3619=EDGE_LOOP('',(#712,#713,#714,#715,#716,#717));
#3620=EDGE_LOOP('',(#718,#719,#720,#721));
#3621=EDGE_LOOP('',(#722,#723,#724,#725));
#3622=EDGE_LOOP('',(#726,#727,#728,#729,#730,#731,#732,#733,#734,#735,#736,
#737,#738,#739,#740,#741,#742,#743,#744,#745,#746,#747,#748,#749,#750,#751,
#752,#753));
#3623=EDGE_LOOP('',(#754));
#3624=EDGE_LOOP('',(#755));
#3625=EDGE_LOOP('',(#756,#757,#758,#759));
#3626=EDGE_LOOP('',(#760,#761,#762,#763));
#3627=EDGE_LOOP('',(#764,#765,#766,#767));
#3628=EDGE_LOOP('',(#768,#769,#770,#771));
#3629=EDGE_LOOP('',(#772,#773,#774,#775));
#3630=EDGE_LOOP('',(#776,#777,#778,#779,#780,#781));
#3631=EDGE_LOOP('',(#782,#783,#784,#785));
#3632=EDGE_LOOP('',(#786,#787,#788,#789));
#3633=EDGE_LOOP('',(#790,#791,#792,#793));
#3634=EDGE_LOOP('',(#794,#795,#796,#797));
#3635=EDGE_LOOP('',(#798,#799,#800,#801));
#3636=EDGE_LOOP('',(#802,#803,#804,#805));
#3637=EDGE_LOOP('',(#806));
#3638=EDGE_LOOP('',(#807));
#3639=EDGE_LOOP('',(#808,#809,#810,#811));
#3640=EDGE_LOOP('',(#812,#813,#814,#815,#816,#817));
#3641=EDGE_LOOP('',(#818,#819,#820,#821));
#3642=EDGE_LOOP('',(#822,#823,#824,#825));
#3643=EDGE_LOOP('',(#826,#827,#828,#829,#830,#831));
#3644=EDGE_LOOP('',(#832,#833,#834,#835));
#3645=EDGE_LOOP('',(#836,#837,#838,#839));
#3646=EDGE_LOOP('',(#840,#841,#842,#843));
#3647=EDGE_LOOP('',(#844,#845,#846,#847));
#3648=EDGE_LOOP('',(#848,#849,#850,#851));
#3649=EDGE_LOOP('',(#852,#853,#854,#855));
#3650=EDGE_LOOP('',(#856,#857,#858,#859));
#3651=EDGE_LOOP('',(#860,#861,#862,#863));
#3652=EDGE_LOOP('',(#864,#865,#866,#867));
#3653=EDGE_LOOP('',(#868,#869,#870,#871));
#3654=EDGE_LOOP('',(#872,#873,#874,#875));
#3655=EDGE_LOOP('',(#876,#877,#878,#879));
#3656=EDGE_LOOP('',(#880,#881,#882,#883));
#3657=EDGE_LOOP('',(#884,#885,#886,#887));
#3658=EDGE_LOOP('',(#888,#889,#890,#891));
#3659=EDGE_LOOP('',(#892,#893,#894,#895));
#3660=EDGE_LOOP('',(#896,#897,#898,#899));
#3661=EDGE_LOOP('',(#900,#901,#902,#903));
#3662=EDGE_LOOP('',(#904,#905,#906,#907));
#3663=EDGE_LOOP('',(#908,#909,#910,#911));
#3664=EDGE_LOOP('',(#912,#913,#914,#915));
#3665=EDGE_LOOP('',(#916,#917,#918,#919));
#3666=EDGE_LOOP('',(#920,#921,#922,#923));
#3667=EDGE_LOOP('',(#924,#925,#926,#927));
#3668=EDGE_LOOP('',(#928,#929,#930,#931));
#3669=EDGE_LOOP('',(#932,#933,#934,#935));
#3670=EDGE_LOOP('',(#936,#937,#938,#939,#940,#941,#942,#943,#944,#945,#946,
#947,#948,#949,#950,#951,#952,#953,#954,#955,#956,#957,#958,#959));
#3671=EDGE_LOOP('',(#960,#961,#962,#963));
#3672=EDGE_LOOP('',(#964,#965,#966,#967));
#3673=EDGE_LOOP('',(#968,#969,#970,#971));
#3674=EDGE_LOOP('',(#972,#973,#974,#975));
#3675=EDGE_LOOP('',(#976,#977,#978,#979));
#3676=EDGE_LOOP('',(#980,#981,#982,#983));
#3677=EDGE_LOOP('',(#984,#985,#986,#987));
#3678=EDGE_LOOP('',(#988,#989,#990,#991));
#3679=EDGE_LOOP('',(#992,#993,#994,#995,#996,#997,#998));
#3680=EDGE_LOOP('',(#999,#1000,#1001,#1002));
#3681=EDGE_LOOP('',(#1003,#1004));
#3682=EDGE_LOOP('',(#1005,#1006,#1007,#1008,#1009,#1010,#1011));
#3683=EDGE_LOOP('',(#1012,#1013,#1014,#1015));
#3684=EDGE_LOOP('',(#1016,#1017,#1018,#1019));
#3685=EDGE_LOOP('',(#1020,#1021,#1022,#1023));
#3686=EDGE_LOOP('',(#1024,#1025,#1026,#1027));
#3687=EDGE_LOOP('',(#1028,#1029,#1030,#1031));
#3688=EDGE_LOOP('',(#1032,#1033,#1034,#1035));
#3689=EDGE_LOOP('',(#1036,#1037,#1038,#1039));
#3690=EDGE_LOOP('',(#1040,#1041,#1042,#1043));
#3691=EDGE_LOOP('',(#1044,#1045,#1046,#1047));
#3692=EDGE_LOOP('',(#1048,#1049,#1050,#1051));
#3693=EDGE_LOOP('',(#1052,#1053,#1054,#1055));
#3694=EDGE_LOOP('',(#1056,#1057,#1058,#1059));
#3695=EDGE_LOOP('',(#1060,#1061,#1062,#1063,#1064,#1065));
#3696=EDGE_LOOP('',(#1066,#1067,#1068,#1069));
#3697=EDGE_LOOP('',(#1070,#1071,#1072,#1073));
#3698=EDGE_LOOP('',(#1074,#1075,#1076,#1077));
#3699=EDGE_LOOP('',(#1078,#1079,#1080,#1081));
#3700=EDGE_LOOP('',(#1082,#1083,#1084,#1085));
#3701=EDGE_LOOP('',(#1086,#1087,#1088,#1089));
#3702=EDGE_LOOP('',(#1090,#1091,#1092,#1093,#1094,#1095,#1096,#1097,#1098,
#1099,#1100,#1101,#1102,#1103,#1104,#1105,#1106,#1107,#1108,#1109,#1110,
#1111,#1112,#1113));
#3703=EDGE_LOOP('',(#1114,#1115,#1116,#1117));
#3704=EDGE_LOOP('',(#1118,#1119,#1120,#1121));
#3705=EDGE_LOOP('',(#1122,#1123,#1124,#1125));
#3706=EDGE_LOOP('',(#1126,#1127,#1128,#1129));
#3707=EDGE_LOOP('',(#1130,#1131,#1132,#1133));
#3708=EDGE_LOOP('',(#1134,#1135,#1136,#1137));
#3709=EDGE_LOOP('',(#1138,#1139,#1140,#1141));
#3710=EDGE_LOOP('',(#1142,#1143,#1144,#1145));
#3711=EDGE_LOOP('',(#1146,#1147,#1148,#1149));
#3712=EDGE_LOOP('',(#1150,#1151,#1152,#1153));
#3713=EDGE_LOOP('',(#1154,#1155,#1156,#1157,#1158,#1159,#1160,#1161));
#3714=EDGE_LOOP('',(#1162,#1163,#1164,#1165));
#3715=EDGE_LOOP('',(#1166,#1167,#1168,#1169));
#3716=EDGE_LOOP('',(#1170,#1171,#1172));
#3717=EDGE_LOOP('',(#1173,#1174,#1175));
#3718=EDGE_LOOP('',(#1176,#1177,#1178,#1179));
#3719=EDGE_LOOP('',(#1180,#1181,#1182,#1183));
#3720=EDGE_LOOP('',(#1184,#1185,#1186,#1187));
#3721=EDGE_LOOP('',(#1188,#1189,#1190,#1191));
#3722=EDGE_LOOP('',(#1192,#1193,#1194,#1195));
#3723=EDGE_LOOP('',(#1196,#1197,#1198,#1199));
#3724=EDGE_LOOP('',(#1200,#1201,#1202,#1203));
#3725=EDGE_LOOP('',(#1204,#1205,#1206));
#3726=EDGE_LOOP('',(#1207,#1208,#1209,#1210));
#3727=EDGE_LOOP('',(#1211,#1212,#1213,#1214));
#3728=EDGE_LOOP('',(#1215,#1216,#1217,#1218));
#3729=EDGE_LOOP('',(#1219,#1220,#1221));
#3730=EDGE_LOOP('',(#1222,#1223,#1224,#1225));
#3731=EDGE_LOOP('',(#1226,#1227,#1228,#1229));
#3732=EDGE_LOOP('',(#1230,#1231,#1232,#1233));
#3733=EDGE_LOOP('',(#1234,#1235,#1236));
#3734=EDGE_LOOP('',(#1237,#1238,#1239,#1240));
#3735=EDGE_LOOP('',(#1241,#1242,#1243,#1244));
#3736=EDGE_LOOP('',(#1245,#1246,#1247,#1248));
#3737=EDGE_LOOP('',(#1249,#1250,#1251));
#3738=EDGE_LOOP('',(#1252,#1253,#1254,#1255));
#3739=EDGE_LOOP('',(#1256,#1257,#1258,#1259));
#3740=EDGE_LOOP('',(#1260,#1261,#1262,#1263));
#3741=EDGE_LOOP('',(#1264,#1265,#1266));
#3742=EDGE_LOOP('',(#1267,#1268,#1269,#1270));
#3743=EDGE_LOOP('',(#1271,#1272,#1273,#1274));
#3744=EDGE_LOOP('',(#1275,#1276,#1277));
#3745=EDGE_LOOP('',(#1278,#1279,#1280,#1281,#1282,#1283,#1284,#1285));
#3746=EDGE_LOOP('',(#1286,#1287,#1288,#1289));
#3747=EDGE_LOOP('',(#1290,#1291,#1292,#1293));
#3748=EDGE_LOOP('',(#1294,#1295,#1296,#1297));
#3749=EDGE_LOOP('',(#1298,#1299,#1300,#1301));
#3750=EDGE_LOOP('',(#1302,#1303,#1304,#1305));
#3751=EDGE_LOOP('',(#1306,#1307,#1308,#1309));
#3752=EDGE_LOOP('',(#1310,#1311,#1312,#1313));
#3753=EDGE_LOOP('',(#1314,#1315,#1316,#1317,#1318,#1319,#1320,#1321));
#3754=EDGE_LOOP('',(#1322,#1323,#1324,#1325,#1326,#1327,#1328,#1329));
#3755=EDGE_LOOP('',(#1330,#1331,#1332,#1333));
#3756=EDGE_LOOP('',(#1334,#1335,#1336,#1337,#1338,#1339,#1340,#1341));
#3757=EDGE_LOOP('',(#1342,#1343,#1344,#1345,#1346,#1347,#1348,#1349));
#3758=EDGE_LOOP('',(#1350,#1351,#1352,#1353));
#3759=EDGE_LOOP('',(#1354,#1355,#1356,#1357));
#3760=EDGE_LOOP('',(#1358,#1359,#1360,#1361));
#3761=EDGE_LOOP('',(#1362,#1363,#1364,#1365));
#3762=EDGE_LOOP('',(#1366,#1367,#1368,#1369));
#3763=EDGE_LOOP('',(#1370,#1371,#1372,#1373));
#3764=EDGE_LOOP('',(#1374,#1375,#1376,#1377));
#3765=EDGE_LOOP('',(#1378,#1379,#1380,#1381));
#3766=EDGE_LOOP('',(#1382,#1383,#1384,#1385));
#3767=EDGE_LOOP('',(#1386,#1387,#1388,#1389));
#3768=EDGE_LOOP('',(#1390,#1391,#1392,#1393));
#3769=EDGE_LOOP('',(#1394,#1395,#1396,#1397));
#3770=EDGE_LOOP('',(#1398,#1399,#1400,#1401));
#3771=EDGE_LOOP('',(#1402,#1403,#1404,#1405,#1406,#1407,#1408));
#3772=EDGE_LOOP('',(#1409,#1410,#1411,#1412));
#3773=EDGE_LOOP('',(#1413,#1414,#1415,#1416));
#3774=EDGE_LOOP('',(#1417,#1418,#1419,#1420));
#3775=EDGE_LOOP('',(#1421,#1422,#1423,#1424,#1425,#1426,#1427));
#3776=EDGE_LOOP('',(#1428,#1429,#1430,#1431));
#3777=EDGE_LOOP('',(#1432,#1433,#1434,#1435));
#3778=EDGE_LOOP('',(#1436,#1437,#1438,#1439,#1440,#1441,#1442));
#3779=EDGE_LOOP('',(#1443,#1444,#1445,#1446));
#3780=EDGE_LOOP('',(#1447,#1448,#1449,#1450));
#3781=EDGE_LOOP('',(#1451,#1452,#1453,#1454,#1455,#1456,#1457));
#3782=EDGE_LOOP('',(#1458,#1459,#1460,#1461));
#3783=EDGE_LOOP('',(#1462,#1463,#1464,#1465));
#3784=EDGE_LOOP('',(#1466,#1467,#1468,#1469));
#3785=EDGE_LOOP('',(#1470,#1471,#1472,#1473));
#3786=EDGE_LOOP('',(#1474,#1475,#1476,#1477));
#3787=EDGE_LOOP('',(#1478,#1479,#1480,#1481));
#3788=EDGE_LOOP('',(#1482,#1483,#1484,#1485));
#3789=EDGE_LOOP('',(#1486,#1487,#1488,#1489));
#3790=EDGE_LOOP('',(#1490,#1491,#1492,#1493));
#3791=EDGE_LOOP('',(#1494,#1495,#1496));
#3792=EDGE_LOOP('',(#1497,#1498,#1499,#1500,#1501,#1502,#1503,#1504));
#3793=EDGE_LOOP('',(#1505,#1506,#1507,#1508));
#3794=EDGE_LOOP('',(#1509,#1510,#1511,#1512));
#3795=EDGE_LOOP('',(#1513,#1514,#1515,#1516));
#3796=EDGE_LOOP('',(#1517,#1518,#1519));
#3797=EDGE_LOOP('',(#1520,#1521,#1522,#1523));
#3798=EDGE_LOOP('',(#1524,#1525,#1526,#1527));
#3799=EDGE_LOOP('',(#1528,#1529,#1530,#1531));
#3800=EDGE_LOOP('',(#1532,#1533,#1534,#1535));
#3801=EDGE_LOOP('',(#1536,#1537,#1538));
#3802=EDGE_LOOP('',(#1539,#1540,#1541));
#3803=EDGE_LOOP('',(#1542,#1543,#1544,#1545));
#3804=EDGE_LOOP('',(#1546,#1547,#1548));
#3805=EDGE_LOOP('',(#1549,#1550,#1551,#1552));
#3806=EDGE_LOOP('',(#1553,#1554,#1555,#1556));
#3807=EDGE_LOOP('',(#1557,#1558,#1559,#1560));
#3808=EDGE_LOOP('',(#1561,#1562,#1563,#1564));
#3809=EDGE_LOOP('',(#1565,#1566,#1567,#1568));
#3810=EDGE_LOOP('',(#1569,#1570,#1571,#1572));
#3811=EDGE_LOOP('',(#1573,#1574,#1575,#1576));
#3812=EDGE_LOOP('',(#1577,#1578,#1579,#1580));
#3813=EDGE_LOOP('',(#1581,#1582,#1583,#1584,#1585,#1586,#1587,#1588));
#3814=EDGE_LOOP('',(#1589,#1590,#1591,#1592));
#3815=EDGE_LOOP('',(#1593,#1594,#1595,#1596));
#3816=EDGE_LOOP('',(#1597,#1598,#1599,#1600));
#3817=EDGE_LOOP('',(#1601,#1602,#1603,#1604));
#3818=EDGE_LOOP('',(#1605,#1606,#1607,#1608));
#3819=EDGE_LOOP('',(#1609,#1610,#1611,#1612));
#3820=EDGE_LOOP('',(#1613,#1614,#1615,#1616,#1617));
#3821=EDGE_LOOP('',(#1618,#1619,#1620,#1621,#1622));
#3822=EDGE_LOOP('',(#1623,#1624,#1625,#1626));
#3823=EDGE_LOOP('',(#1627,#1628,#1629,#1630));
#3824=EDGE_LOOP('',(#1631,#1632,#1633,#1634));
#3825=EDGE_LOOP('',(#1635,#1636,#1637,#1638));
#3826=EDGE_LOOP('',(#1639,#1640,#1641,#1642));
#3827=EDGE_LOOP('',(#1643,#1644,#1645,#1646));
#3828=EDGE_LOOP('',(#1647,#1648,#1649,#1650));
#3829=EDGE_LOOP('',(#1651,#1652,#1653,#1654));
#3830=EDGE_LOOP('',(#1655,#1656,#1657,#1658));
#3831=EDGE_LOOP('',(#1659,#1660,#1661));
#3832=EDGE_LOOP('',(#1662,#1663,#1664,#1665));
#3833=EDGE_LOOP('',(#1666,#1667,#1668,#1669));
#3834=EDGE_LOOP('',(#1670,#1671,#1672));
#3835=EDGE_LOOP('',(#1673,#1674,#1675,#1676));
#3836=EDGE_LOOP('',(#1677,#1678,#1679,#1680));
#3837=EDGE_LOOP('',(#1681,#1682,#1683,#1684));
#3838=EDGE_LOOP('',(#1685,#1686,#1687));
#3839=EDGE_LOOP('',(#1688,#1689,#1690,#1691));
#3840=FACE_BOUND('',#3558,.T.);
#3841=FACE_BOUND('',#3559,.T.);
#3842=FACE_BOUND('',#3560,.T.);
#3843=FACE_BOUND('',#3561,.T.);
#3844=FACE_BOUND('',#3562,.T.);
#3845=FACE_BOUND('',#3563,.T.);
#3846=FACE_BOUND('',#3564,.T.);
#3847=FACE_BOUND('',#3565,.T.);
#3848=FACE_BOUND('',#3566,.T.);
#3849=FACE_BOUND('',#3567,.T.);
#3850=FACE_BOUND('',#3568,.T.);
#3851=FACE_BOUND('',#3569,.T.);
#3852=FACE_BOUND('',#3570,.T.);
#3853=FACE_BOUND('',#3571,.T.);
#3854=FACE_BOUND('',#3572,.T.);
#3855=FACE_BOUND('',#3573,.T.);
#3856=FACE_BOUND('',#3574,.T.);
#3857=FACE_BOUND('',#3575,.T.);
#3858=FACE_BOUND('',#3576,.T.);
#3859=FACE_BOUND('',#3577,.T.);
#3860=FACE_BOUND('',#3578,.T.);
#3861=FACE_BOUND('',#3579,.T.);
#3862=FACE_BOUND('',#3580,.T.);
#3863=FACE_BOUND('',#3581,.T.);
#3864=FACE_BOUND('',#3582,.T.);
#3865=FACE_BOUND('',#3583,.T.);
#3866=FACE_BOUND('',#3584,.T.);
#3867=FACE_BOUND('',#3585,.T.);
#3868=FACE_BOUND('',#3586,.T.);
#3869=FACE_BOUND('',#3587,.T.);
#3870=FACE_BOUND('',#3588,.T.);
#3871=FACE_BOUND('',#3589,.T.);
#3872=FACE_BOUND('',#3590,.T.);
#3873=FACE_BOUND('',#3591,.T.);
#3874=FACE_BOUND('',#3592,.T.);
#3875=FACE_BOUND('',#3593,.T.);
#3876=FACE_BOUND('',#3594,.T.);
#3877=FACE_BOUND('',#3595,.T.);
#3878=FACE_BOUND('',#3596,.T.);
#3879=FACE_BOUND('',#3597,.T.);
#3880=FACE_BOUND('',#3598,.T.);
#3881=FACE_BOUND('',#3599,.T.);
#3882=FACE_BOUND('',#3600,.T.);
#3883=FACE_BOUND('',#3601,.T.);
#3884=FACE_BOUND('',#3602,.T.);
#3885=FACE_BOUND('',#3603,.T.);
#3886=FACE_BOUND('',#3604,.T.);
#3887=FACE_BOUND('',#3605,.T.);
#3888=FACE_BOUND('',#3606,.T.);
#3889=FACE_BOUND('',#3607,.T.);
#3890=FACE_BOUND('',#3608,.T.);
#3891=FACE_BOUND('',#3609,.T.);
#3892=FACE_BOUND('',#3610,.T.);
#3893=FACE_BOUND('',#3611,.T.);
#3894=FACE_BOUND('',#3612,.T.);
#3895=FACE_BOUND('',#3613,.T.);
#3896=FACE_BOUND('',#3614,.T.);
#3897=FACE_BOUND('',#3615,.T.);
#3898=FACE_BOUND('',#3616,.T.);
#3899=FACE_BOUND('',#3617,.T.);
#3900=FACE_BOUND('',#3618,.T.);
#3901=FACE_BOUND('',#3619,.T.);
#3902=FACE_BOUND('',#3620,.T.);
#3903=FACE_BOUND('',#3621,.T.);
#3904=FACE_BOUND('',#3622,.T.);
#3905=FACE_BOUND('',#3623,.T.);
#3906=FACE_BOUND('',#3624,.T.);
#3907=FACE_BOUND('',#3625,.T.);
#3908=FACE_BOUND('',#3626,.T.);
#3909=FACE_BOUND('',#3627,.T.);
#3910=FACE_BOUND('',#3628,.T.);
#3911=FACE_BOUND('',#3629,.T.);
#3912=FACE_BOUND('',#3630,.T.);
#3913=FACE_BOUND('',#3631,.T.);
#3914=FACE_BOUND('',#3632,.T.);
#3915=FACE_BOUND('',#3633,.T.);
#3916=FACE_BOUND('',#3634,.T.);
#3917=FACE_BOUND('',#3635,.T.);
#3918=FACE_BOUND('',#3636,.T.);
#3919=FACE_BOUND('',#3637,.T.);
#3920=FACE_BOUND('',#3638,.T.);
#3921=FACE_BOUND('',#3639,.T.);
#3922=FACE_BOUND('',#3640,.T.);
#3923=FACE_BOUND('',#3641,.T.);
#3924=FACE_BOUND('',#3642,.T.);
#3925=FACE_BOUND('',#3643,.T.);
#3926=FACE_BOUND('',#3644,.T.);
#3927=FACE_BOUND('',#3645,.T.);
#3928=FACE_BOUND('',#3646,.T.);
#3929=FACE_BOUND('',#3647,.T.);
#3930=FACE_BOUND('',#3648,.T.);
#3931=FACE_BOUND('',#3649,.T.);
#3932=FACE_BOUND('',#3650,.T.);
#3933=FACE_BOUND('',#3651,.T.);
#3934=FACE_BOUND('',#3652,.T.);
#3935=FACE_BOUND('',#3653,.T.);
#3936=FACE_BOUND('',#3654,.T.);
#3937=FACE_BOUND('',#3655,.T.);
#3938=FACE_BOUND('',#3656,.T.);
#3939=FACE_BOUND('',#3657,.T.);
#3940=FACE_BOUND('',#3658,.T.);
#3941=FACE_BOUND('',#3659,.T.);
#3942=FACE_BOUND('',#3660,.T.);
#3943=FACE_BOUND('',#3661,.T.);
#3944=FACE_BOUND('',#3662,.T.);
#3945=FACE_BOUND('',#3663,.T.);
#3946=FACE_BOUND('',#3664,.T.);
#3947=FACE_BOUND('',#3665,.T.);
#3948=FACE_BOUND('',#3666,.T.);
#3949=FACE_BOUND('',#3667,.T.);
#3950=FACE_BOUND('',#3668,.T.);
#3951=FACE_BOUND('',#3669,.T.);
#3952=FACE_BOUND('',#3670,.T.);
#3953=FACE_BOUND('',#3671,.T.);
#3954=FACE_BOUND('',#3672,.T.);
#3955=FACE_BOUND('',#3673,.T.);
#3956=FACE_BOUND('',#3674,.T.);
#3957=FACE_BOUND('',#3675,.T.);
#3958=FACE_BOUND('',#3676,.T.);
#3959=FACE_BOUND('',#3677,.T.);
#3960=FACE_BOUND('',#3678,.T.);
#3961=FACE_BOUND('',#3679,.T.);
#3962=FACE_BOUND('',#3680,.T.);
#3963=FACE_BOUND('',#3681,.T.);
#3964=FACE_BOUND('',#3682,.T.);
#3965=FACE_BOUND('',#3683,.T.);
#3966=FACE_BOUND('',#3684,.T.);
#3967=FACE_BOUND('',#3685,.T.);
#3968=FACE_BOUND('',#3686,.T.);
#3969=FACE_BOUND('',#3687,.T.);
#3970=FACE_BOUND('',#3688,.T.);
#3971=FACE_BOUND('',#3689,.T.);
#3972=FACE_BOUND('',#3690,.T.);
#3973=FACE_BOUND('',#3691,.T.);
#3974=FACE_BOUND('',#3692,.T.);
#3975=FACE_BOUND('',#3693,.T.);
#3976=FACE_BOUND('',#3694,.T.);
#3977=FACE_BOUND('',#3695,.T.);
#3978=FACE_BOUND('',#3696,.T.);
#3979=FACE_BOUND('',#3697,.T.);
#3980=FACE_BOUND('',#3698,.T.);
#3981=FACE_BOUND('',#3699,.T.);
#3982=FACE_BOUND('',#3700,.T.);
#3983=FACE_BOUND('',#3701,.T.);
#3984=FACE_BOUND('',#3702,.T.);
#3985=FACE_BOUND('',#3703,.T.);
#3986=FACE_BOUND('',#3704,.T.);
#3987=FACE_BOUND('',#3705,.T.);
#3988=FACE_BOUND('',#3706,.T.);
#3989=FACE_BOUND('',#3707,.T.);
#3990=FACE_BOUND('',#3708,.T.);
#3991=FACE_BOUND('',#3709,.T.);
#3992=FACE_BOUND('',#3710,.T.);
#3993=FACE_BOUND('',#3711,.T.);
#3994=FACE_BOUND('',#3712,.T.);
#3995=FACE_BOUND('',#3713,.T.);
#3996=FACE_BOUND('',#3714,.T.);
#3997=FACE_BOUND('',#3715,.T.);
#3998=FACE_BOUND('',#3716,.T.);
#3999=FACE_BOUND('',#3717,.T.);
#4000=FACE_BOUND('',#3718,.T.);
#4001=FACE_BOUND('',#3719,.T.);
#4002=FACE_BOUND('',#3720,.T.);
#4003=FACE_BOUND('',#3721,.T.);
#4004=FACE_BOUND('',#3722,.T.);
#4005=FACE_BOUND('',#3723,.T.);
#4006=FACE_BOUND('',#3724,.T.);
#4007=FACE_BOUND('',#3725,.T.);
#4008=FACE_BOUND('',#3726,.T.);
#4009=FACE_BOUND('',#3727,.T.);
#4010=FACE_BOUND('',#3728,.T.);
#4011=FACE_BOUND('',#3729,.T.);
#4012=FACE_BOUND('',#3730,.T.);
#4013=FACE_BOUND('',#3731,.T.);
#4014=FACE_BOUND('',#3732,.T.);
#4015=FACE_BOUND('',#3733,.T.);
#4016=FACE_BOUND('',#3734,.T.);
#4017=FACE_BOUND('',#3735,.T.);
#4018=FACE_BOUND('',#3736,.T.);
#4019=FACE_BOUND('',#3737,.T.);
#4020=FACE_BOUND('',#3738,.T.);
#4021=FACE_BOUND('',#3739,.T.);
#4022=FACE_BOUND('',#3740,.T.);
#4023=FACE_BOUND('',#3741,.T.);
#4024=FACE_BOUND('',#3742,.T.);
#4025=FACE_BOUND('',#3743,.T.);
#4026=FACE_BOUND('',#3744,.T.);
#4027=FACE_BOUND('',#3745,.T.);
#4028=FACE_BOUND('',#3746,.T.);
#4029=FACE_BOUND('',#3747,.T.);
#4030=FACE_BOUND('',#3748,.T.);
#4031=FACE_BOUND('',#3749,.T.);
#4032=FACE_BOUND('',#3750,.T.);
#4033=FACE_BOUND('',#3751,.T.);
#4034=FACE_BOUND('',#3752,.T.);
#4035=FACE_BOUND('',#3753,.T.);
#4036=FACE_BOUND('',#3754,.T.);
#4037=FACE_BOUND('',#3755,.T.);
#4038=FACE_BOUND('',#3756,.T.);
#4039=FACE_BOUND('',#3757,.T.);
#4040=FACE_BOUND('',#3758,.T.);
#4041=FACE_BOUND('',#3759,.T.);
#4042=FACE_BOUND('',#3760,.T.);
#4043=FACE_BOUND('',#3761,.T.);
#4044=FACE_BOUND('',#3762,.T.);
#4045=FACE_BOUND('',#3763,.T.);
#4046=FACE_BOUND('',#3764,.T.);
#4047=FACE_BOUND('',#3765,.T.);
#4048=FACE_BOUND('',#3766,.T.);
#4049=FACE_BOUND('',#3767,.T.);
#4050=FACE_BOUND('',#3768,.T.);
#4051=FACE_BOUND('',#3769,.T.);
#4052=FACE_BOUND('',#3770,.T.);
#4053=FACE_BOUND('',#3771,.T.);
#4054=FACE_BOUND('',#3772,.T.);
#4055=FACE_BOUND('',#3773,.T.);
#4056=FACE_BOUND('',#3774,.T.);
#4057=FACE_BOUND('',#3775,.T.);
#4058=FACE_BOUND('',#3776,.T.);
#4059=FACE_BOUND('',#3777,.T.);
#4060=FACE_BOUND('',#3778,.T.);
#4061=FACE_BOUND('',#3779,.T.);
#4062=FACE_BOUND('',#3780,.T.);
#4063=FACE_BOUND('',#3781,.T.);
#4064=FACE_BOUND('',#3782,.T.);
#4065=FACE_BOUND('',#3783,.T.);
#4066=FACE_BOUND('',#3784,.T.);
#4067=FACE_BOUND('',#3785,.T.);
#4068=FACE_BOUND('',#3786,.T.);
#4069=FACE_BOUND('',#3787,.T.);
#4070=FACE_BOUND('',#3788,.T.);
#4071=FACE_BOUND('',#3789,.T.);
#4072=FACE_BOUND('',#3790,.T.);
#4073=FACE_BOUND('',#3791,.T.);
#4074=FACE_BOUND('',#3792,.T.);
#4075=FACE_BOUND('',#3793,.T.);
#4076=FACE_BOUND('',#3794,.T.);
#4077=FACE_BOUND('',#3795,.T.);
#4078=FACE_BOUND('',#3796,.T.);
#4079=FACE_BOUND('',#3797,.T.);
#4080=FACE_BOUND('',#3798,.T.);
#4081=FACE_BOUND('',#3799,.T.);
#4082=FACE_BOUND('',#3800,.T.);
#4083=FACE_BOUND('',#3801,.T.);
#4084=FACE_BOUND('',#3802,.T.);
#4085=FACE_BOUND('',#3803,.T.);
#4086=FACE_BOUND('',#3804,.T.);
#4087=FACE_BOUND('',#3805,.T.);
#4088=FACE_BOUND('',#3806,.T.);
#4089=FACE_BOUND('',#3807,.T.);
#4090=FACE_BOUND('',#3808,.T.);
#4091=FACE_BOUND('',#3809,.T.);
#4092=FACE_BOUND('',#3810,.T.);
#4093=FACE_BOUND('',#3811,.T.);
#4094=FACE_BOUND('',#3812,.T.);
#4095=FACE_BOUND('',#3813,.T.);
#4096=FACE_BOUND('',#3814,.T.);
#4097=FACE_BOUND('',#3815,.T.);
#4098=FACE_BOUND('',#3816,.T.);
#4099=FACE_BOUND('',#3817,.T.);
#4100=FACE_BOUND('',#3818,.T.);
#4101=FACE_BOUND('',#3819,.T.);
#4102=FACE_BOUND('',#3820,.T.);
#4103=FACE_BOUND('',#3821,.T.);
#4104=FACE_BOUND('',#3822,.T.);
#4105=FACE_BOUND('',#3823,.T.);
#4106=FACE_BOUND('',#3824,.T.);
#4107=FACE_BOUND('',#3825,.T.);
#4108=FACE_BOUND('',#3826,.T.);
#4109=FACE_BOUND('',#3827,.T.);
#4110=FACE_BOUND('',#3828,.T.);
#4111=FACE_BOUND('',#3829,.T.);
#4112=FACE_BOUND('',#3830,.T.);
#4113=FACE_BOUND('',#3831,.T.);
#4114=FACE_BOUND('',#3832,.T.);
#4115=FACE_BOUND('',#3833,.T.);
#4116=FACE_BOUND('',#3834,.T.);
#4117=FACE_BOUND('',#3835,.T.);
#4118=FACE_BOUND('',#3836,.T.);
#4119=FACE_BOUND('',#3837,.T.);
#4120=FACE_BOUND('',#3838,.T.);
#4121=FACE_BOUND('',#3839,.T.);
#4122=PLANE('',#4586);
#4123=PLANE('',#4590);
#4124=PLANE('',#4591);
#4125=PLANE('',#4592);
#4126=PLANE('',#4593);
#4127=PLANE('',#4594);
#4128=PLANE('',#4597);
#4129=PLANE('',#4598);
#4130=PLANE('',#4603);
#4131=PLANE('',#4604);
#4132=PLANE('',#4607);
#4133=PLANE('',#4608);
#4134=PLANE('',#4609);
#4135=PLANE('',#4613);
#4136=PLANE('',#4614);
#4137=PLANE('',#4621);
#4138=PLANE('',#4622);
#4139=PLANE('',#4623);
#4140=PLANE('',#4624);
#4141=PLANE('',#4625);
#4142=PLANE('',#4626);
#4143=PLANE('',#4627);
#4144=PLANE('',#4628);
#4145=PLANE('',#4633);
#4146=PLANE('',#4634);
#4147=PLANE('',#4635);
#4148=PLANE('',#4636);
#4149=PLANE('',#4637);
#4150=PLANE('',#4638);
#4151=PLANE('',#4639);
#4152=PLANE('',#4645);
#4153=PLANE('',#4646);
#4154=PLANE('',#4650);
#4155=PLANE('',#4651);
#4156=PLANE('',#4652);
#4157=PLANE('',#4653);
#4158=PLANE('',#4654);
#4159=PLANE('',#4656);
#4160=PLANE('',#4657);
#4161=PLANE('',#4659);
#4162=PLANE('',#4660);
#4163=PLANE('',#4668);
#4164=PLANE('',#4669);
#4165=PLANE('',#4672);
#4166=PLANE('',#4679);
#4167=PLANE('',#4681);
#4168=PLANE('',#4682);
#4169=PLANE('',#4686);
#4170=PLANE('',#4687);
#4171=PLANE('',#4688);
#4172=PLANE('',#4689);
#4173=PLANE('',#4690);
#4174=PLANE('',#4691);
#4175=PLANE('',#4692);
#4176=PLANE('',#4693);
#4177=PLANE('',#4694);
#4178=PLANE('',#4695);
#4179=PLANE('',#4697);
#4180=PLANE('',#4699);
#4181=PLANE('',#4703);
#4182=PLANE('',#4705);
#4183=PLANE('',#4706);
#4184=PLANE('',#4707);
#4185=PLANE('',#4708);
#4186=PLANE('',#4709);
#4187=PLANE('',#4710);
#4188=PLANE('',#4711);
#4189=PLANE('',#4712);
#4190=PLANE('',#4713);
#4191=PLANE('',#4714);
#4192=PLANE('',#4715);
#4193=PLANE('',#4717);
#4194=PLANE('',#4718);
#4195=PLANE('',#4719);
#4196=PLANE('',#4720);
#4197=PLANE('',#4721);
#4198=PLANE('',#4722);
#4199=PLANE('',#4723);
#4200=PLANE('',#4724);
#4201=PLANE('',#4725);
#4202=PLANE('',#4726);
#4203=PLANE('',#4727);
#4204=PLANE('',#4729);
#4205=PLANE('',#4742);
#4206=PLANE('',#4744);
#4207=PLANE('',#4745);
#4208=PLANE('',#4747);
#4209=PLANE('',#4749);
#4210=PLANE('',#4751);
#4211=PLANE('',#4753);
#4212=PLANE('',#4755);
#4213=PLANE('',#4756);
#4214=PLANE('',#4758);
#4215=PLANE('',#4759);
#4216=PLANE('',#4765);
#4217=PLANE('',#4766);
#4218=PLANE('',#4769);
#4219=PLANE('',#4770);
#4220=PLANE('',#4772);
#4221=PLANE('',#4777);
#4222=PLANE('',#4788);
#4223=PLANE('',#4789);
#4224=PLANE('',#4792);
#4225=PLANE('',#4802);
#4226=PLANE('',#4828);
#4227=PLANE('',#4829);
#4228=PLANE('',#4830);
#4229=PLANE('',#4836);
#4230=PLANE('',#4838);
#4231=PLANE('',#4840);
#4232=PLANE('',#4845);
#4233=PLANE('',#4849);
#4234=PLANE('',#4850);
#4235=PLANE('',#4857);
#4236=PLANE('',#4858);
#4237=PLANE('',#4867);
#4238=PLANE('',#4869);
#4239=PLANE('',#4873);
#4240=PLANE('',#4874);
#4241=PLANE('',#4875);
#4242=PLANE('',#4877);
#4243=PLANE('',#4878);
#4244=PLANE('',#4879);
#4245=PLANE('',#4881);
#4246=PLANE('',#4882);
#4247=PLANE('',#4883);
#4248=PLANE('',#4884);
#4249=PLANE('',#4887);
#4250=PLANE('',#4889);
#4251=PLANE('',#4891);
#4252=PLANE('',#4892);
#4253=PLANE('',#4893);
#4254=PLANE('',#4896);
#4255=PLANE('',#4897);
#4256=PLANE('',#4898);
#4257=PLANE('',#4899);
#4258=PLANE('',#4901);
#4259=PLANE('',#4902);
#4260=PLANE('',#4903);
#4261=PLANE('',#4911);
#4262=PLANE('',#4928);
#4263=PLANE('',#4929);
#4264=PLANE('',#4930);
#4265=PLANE('',#4944);
#4266=PLANE('',#4948);
#4267=PLANE('',#4956);
#4268=PLANE('',#4959);
#4269=PLANE('',#4960);
#4270=PLANE('',#4965);
#4271=PLANE('',#4966);
#4272=PLANE('',#4976);
#4273=PLANE('',#4977);
#4274=PLANE('',#4986);
#4275=ADVANCED_FACE('',(#3840),#4122,.T.);
#4276=ADVANCED_FACE('',(#3841),#344,.F.);
#4277=ADVANCED_FACE('',(#3842),#4123,.F.);
#4278=ADVANCED_FACE('',(#3843),#4124,.F.);
#4279=ADVANCED_FACE('',(#3844),#4125,.F.);
#4280=ADVANCED_FACE('',(#3845),#4126,.T.);
#4281=ADVANCED_FACE('',(#3846),#4127,.T.);
#4282=ADVANCED_FACE('',(#3847),#4128,.F.);
#4283=ADVANCED_FACE('',(#3848),#4129,.T.);
#4284=ADVANCED_FACE('',(#3849),#345,.T.);
#4285=ADVANCED_FACE('',(#3850),#4130,.F.);
#4286=ADVANCED_FACE('',(#3851,#3852,#3853,#3854),#4131,.T.);
#4287=ADVANCED_FACE('',(#3855),#346,.T.);
#4288=ADVANCED_FACE('',(#3856),#4132,.F.);
#4289=ADVANCED_FACE('',(#3857),#4133,.F.);
#4290=ADVANCED_FACE('',(#3858),#4134,.F.);
#4291=ADVANCED_FACE('',(#3859),#347,.T.);
#4292=ADVANCED_FACE('',(#3860),#4135,.F.);
#4293=ADVANCED_FACE('',(#3861),#4136,.F.);
#4294=ADVANCED_FACE('',(#3862),#348,.T.);
#4295=ADVANCED_FACE('',(#3863),#4137,.F.);
#4296=ADVANCED_FACE('',(#3864),#4138,.F.);
#4297=ADVANCED_FACE('',(#3865),#4139,.F.);
#4298=ADVANCED_FACE('',(#3866),#4140,.F.);
#4299=ADVANCED_FACE('',(#3867),#4141,.F.);
#4300=ADVANCED_FACE('',(#3868),#4142,.T.);
#4301=ADVANCED_FACE('',(#3869),#4143,.F.);
#4302=ADVANCED_FACE('',(#3870),#4144,.T.);
#4303=ADVANCED_FACE('',(#3871),#349,.T.);
#4304=ADVANCED_FACE('',(#3872),#4145,.F.);
#4305=ADVANCED_FACE('',(#3873),#4146,.F.);
#4306=ADVANCED_FACE('',(#3874),#4147,.T.);
#4307=ADVANCED_FACE('',(#3875),#4148,.F.);
#4308=ADVANCED_FACE('',(#3876),#4149,.F.);
#4309=ADVANCED_FACE('',(#3877),#4150,.F.);
#4310=ADVANCED_FACE('',(#3878),#4151,.F.);
#4311=ADVANCED_FACE('',(#3879),#350,.T.);
#4312=ADVANCED_FACE('',(#3880),#351,.T.);
#4313=ADVANCED_FACE('',(#3881),#4152,.T.);
#4314=ADVANCED_FACE('',(#3882),#4153,.T.);
#4315=ADVANCED_FACE('',(#3883),#352,.F.);
#4316=ADVANCED_FACE('',(#3884),#4154,.F.);
#4317=ADVANCED_FACE('',(#3885),#4155,.F.);
#4318=ADVANCED_FACE('',(#3886),#4156,.T.);
#4319=ADVANCED_FACE('',(#3887),#4157,.T.);
#4320=ADVANCED_FACE('',(#3888),#4158,.T.);
#4321=ADVANCED_FACE('',(#3889),#4159,.F.);
#4322=ADVANCED_FACE('',(#3890),#4160,.T.);
#4323=ADVANCED_FACE('',(#3891),#4161,.F.);
#4324=ADVANCED_FACE('',(#3892,#3893),#4162,.T.);
#4325=ADVANCED_FACE('',(#3894),#4163,.F.);
#4326=ADVANCED_FACE('',(#3895),#4164,.T.);
#4327=ADVANCED_FACE('',(#3896),#353,.T.);
#4328=ADVANCED_FACE('',(#3897),#4165,.F.);
#4329=ADVANCED_FACE('',(#3898),#354,.T.);
#4330=ADVANCED_FACE('',(#3899,#3900),#355,.F.);
#4331=ADVANCED_FACE('',(#3901),#356,.T.);
#4332=ADVANCED_FACE('',(#3902),#4166,.T.);
#4333=ADVANCED_FACE('',(#3903),#4167,.F.);
#4334=ADVANCED_FACE('',(#3904,#3905,#3906),#4168,.T.);
#4335=ADVANCED_FACE('',(#3907),#4169,.F.);
#4336=ADVANCED_FACE('',(#3908),#4170,.T.);
#4337=ADVANCED_FACE('',(#3909),#4171,.F.);
#4338=ADVANCED_FACE('',(#3910),#4172,.F.);
#4339=ADVANCED_FACE('',(#3911),#4173,.F.);
#4340=ADVANCED_FACE('',(#3912),#4174,.F.);
#4341=ADVANCED_FACE('',(#3913),#4175,.F.);
#4342=ADVANCED_FACE('',(#3914),#4176,.F.);
#4343=ADVANCED_FACE('',(#3915),#4177,.F.);
#4344=ADVANCED_FACE('',(#3916),#4178,.F.);
#4345=ADVANCED_FACE('',(#3917),#357,.F.);
#4346=ADVANCED_FACE('',(#3918),#4179,.T.);
#4347=ADVANCED_FACE('',(#3919,#3920),#358,.F.);
#4348=ADVANCED_FACE('',(#3921),#4180,.F.);
#4349=ADVANCED_FACE('',(#3922),#359,.T.);
#4350=ADVANCED_FACE('',(#3923),#360,.T.);
#4351=ADVANCED_FACE('',(#3924),#361,.F.);
#4352=ADVANCED_FACE('',(#3925),#4181,.F.);
#4353=ADVANCED_FACE('',(#3926),#4182,.F.);
#4354=ADVANCED_FACE('',(#3927),#4183,.F.);
#4355=ADVANCED_FACE('',(#3928),#4184,.T.);
#4356=ADVANCED_FACE('',(#3929),#4185,.F.);
#4357=ADVANCED_FACE('',(#3930,#3931),#4186,.T.);
#4358=ADVANCED_FACE('',(#3932),#4187,.F.);
#4359=ADVANCED_FACE('',(#3933),#4188,.T.);
#4360=ADVANCED_FACE('',(#3934),#4189,.T.);
#4361=ADVANCED_FACE('',(#3935),#4190,.T.);
#4362=ADVANCED_FACE('',(#3936),#4191,.F.);
#4363=ADVANCED_FACE('',(#3937),#4192,.T.);
#4364=ADVANCED_FACE('',(#3938),#4193,.T.);
#4365=ADVANCED_FACE('',(#3939),#4194,.F.);
#4366=ADVANCED_FACE('',(#3940),#4195,.F.);
#4367=ADVANCED_FACE('',(#3941),#4196,.F.);
#4368=ADVANCED_FACE('',(#3942),#4197,.T.);
#4369=ADVANCED_FACE('',(#3943),#4198,.T.);
#4370=ADVANCED_FACE('',(#3944),#4199,.T.);
#4371=ADVANCED_FACE('',(#3945),#4200,.T.);
#4372=ADVANCED_FACE('',(#3946),#4201,.F.);
#4373=ADVANCED_FACE('',(#3947),#4202,.F.);
#4374=ADVANCED_FACE('',(#3948,#3949),#4203,.T.);
#4375=ADVANCED_FACE('',(#3950),#4204,.T.);
#4376=ADVANCED_FACE('',(#3951),#109,.T.);
#4377=ADVANCED_FACE('',(#3952),#362,.F.);
#4378=ADVANCED_FACE('',(#3953),#4205,.T.);
#4379=ADVANCED_FACE('',(#3954),#110,.T.);
#4380=ADVANCED_FACE('',(#3955),#111,.T.);
#4381=ADVANCED_FACE('',(#3956),#4206,.F.);
#4382=ADVANCED_FACE('',(#3957),#112,.T.);
#4383=ADVANCED_FACE('',(#3958),#4207,.F.);
#4384=ADVANCED_FACE('',(#3959),#4208,.F.);
#4385=ADVANCED_FACE('',(#3960),#113,.T.);
#4386=ADVANCED_FACE('',(#3961),#4209,.F.);
#4387=ADVANCED_FACE('',(#3962),#4210,.T.);
#4388=ADVANCED_FACE('',(#3963),#114,.T.);
#4389=ADVANCED_FACE('',(#3964),#4211,.F.);
#4390=ADVANCED_FACE('',(#3965),#4212,.T.);
#4391=ADVANCED_FACE('',(#3966),#115,.T.);
#4392=ADVANCED_FACE('',(#3967),#4213,.T.);
#4393=ADVANCED_FACE('',(#3968),#116,.T.);
#4394=ADVANCED_FACE('',(#3969),#4214,.F.);
#4395=ADVANCED_FACE('',(#3970),#4215,.T.);
#4396=ADVANCED_FACE('',(#3971),#363,.T.);
#4397=ADVANCED_FACE('',(#3972),#364,.T.);
#4398=ADVANCED_FACE('',(#3973),#365,.T.);
#4399=ADVANCED_FACE('',(#3974),#366,.T.);
#4400=ADVANCED_FACE('',(#3975),#117,.T.);
#4401=ADVANCED_FACE('',(#3976),#118,.T.);
#4402=ADVANCED_FACE('',(#3977),#119,.T.);
#4403=ADVANCED_FACE('',(#3978),#120,.T.);
#4404=ADVANCED_FACE('',(#3979),#121,.T.);
#4405=ADVANCED_FACE('',(#3980),#4216,.F.);
#4406=ADVANCED_FACE('',(#3981),#122,.T.);
#4407=ADVANCED_FACE('',(#3982),#4217,.T.);
#4408=ADVANCED_FACE('',(#3983),#123,.T.);
#4409=ADVANCED_FACE('',(#3984),#367,.T.);
#4410=ADVANCED_FACE('',(#3985),#124,.T.);
#4411=ADVANCED_FACE('',(#3986),#4218,.T.);
#4412=ADVANCED_FACE('',(#3987),#4219,.F.);
#4413=ADVANCED_FACE('',(#3988),#125,.T.);
#4414=ADVANCED_FACE('',(#3989),#126,.T.);
#4415=ADVANCED_FACE('',(#3990),#127,.T.);
#4416=ADVANCED_FACE('',(#3991),#128,.T.);
#4417=ADVANCED_FACE('',(#3992),#129,.T.);
#4418=ADVANCED_FACE('',(#3993),#130,.T.);
#4419=ADVANCED_FACE('',(#3994),#131,.T.);
#4420=ADVANCED_FACE('',(#3995),#4220,.F.);
#4421=ADVANCED_FACE('',(#3996),#4221,.F.);
#4422=ADVANCED_FACE('',(#3997),#368,.T.);
#4423=ADVANCED_FACE('',(#3998),#24,.T.);
#4424=ADVANCED_FACE('',(#3999),#25,.T.);
#4425=ADVANCED_FACE('',(#4000),#4222,.F.);
#4426=ADVANCED_FACE('',(#4001),#4223,.F.);
#4427=ADVANCED_FACE('',(#4002),#369,.T.);
#4428=ADVANCED_FACE('',(#4003),#4224,.T.);
#4429=ADVANCED_FACE('',(#4004),#370,.T.);
#4430=ADVANCED_FACE('',(#4005),#371,.T.);
#4431=ADVANCED_FACE('',(#4006),#372,.T.);
#4432=ADVANCED_FACE('',(#4007),#26,.T.);
#4433=ADVANCED_FACE('',(#4008),#373,.T.);
#4434=ADVANCED_FACE('',(#4009),#374,.T.);
#4435=ADVANCED_FACE('',(#4010),#4225,.F.);
#4436=ADVANCED_FACE('',(#4011),#27,.T.);
#4437=ADVANCED_FACE('',(#4012),#375,.T.);
#4438=ADVANCED_FACE('',(#4013),#376,.T.);
#4439=ADVANCED_FACE('',(#4014),#377,.T.);
#4440=ADVANCED_FACE('',(#4015),#28,.T.);
#4441=ADVANCED_FACE('',(#4016),#378,.T.);
#4442=ADVANCED_FACE('',(#4017),#379,.T.);
#4443=ADVANCED_FACE('',(#4018),#380,.T.);
#4444=ADVANCED_FACE('',(#4019),#29,.T.);
#4445=ADVANCED_FACE('',(#4020),#4226,.T.);
#4446=ADVANCED_FACE('',(#4021),#4227,.F.);
#4447=ADVANCED_FACE('',(#4022),#4228,.F.);
#4448=ADVANCED_FACE('',(#4023),#30,.T.);
#4449=ADVANCED_FACE('',(#4024),#381,.T.);
#4450=ADVANCED_FACE('',(#4025),#382,.T.);
#4451=ADVANCED_FACE('',(#4026),#31,.T.);
#4452=ADVANCED_FACE('',(#4027),#4229,.F.);
#4453=ADVANCED_FACE('',(#4028),#4230,.F.);
#4454=ADVANCED_FACE('',(#4029),#383,.T.);
#4455=ADVANCED_FACE('',(#4030),#4231,.F.);
#4456=ADVANCED_FACE('',(#4031),#384,.T.);
#4457=ADVANCED_FACE('',(#4032),#4232,.F.);
#4458=ADVANCED_FACE('',(#4033),#385,.F.);
#4459=ADVANCED_FACE('',(#4034),#4233,.F.);
#4460=ADVANCED_FACE('',(#4035,#4036),#4234,.T.);
#4461=ADVANCED_FACE('',(#4037),#4235,.F.);
#4462=ADVANCED_FACE('',(#4038,#4039),#4236,.F.);
#4463=ADVANCED_FACE('',(#4040),#386,.F.);
#4464=ADVANCED_FACE('',(#4041),#387,.F.);
#4465=ADVANCED_FACE('',(#4042),#4237,.F.);
#4466=ADVANCED_FACE('',(#4043),#388,.T.);
#4467=ADVANCED_FACE('',(#4044),#4238,.F.);
#4468=ADVANCED_FACE('',(#4045),#389,.F.);
#4469=ADVANCED_FACE('',(#4046),#390,.T.);
#4470=ADVANCED_FACE('',(#4047),#391,.T.);
#4471=ADVANCED_FACE('',(#4048),#4239,.F.);
#4472=ADVANCED_FACE('',(#4049),#4240,.T.);
#4473=ADVANCED_FACE('',(#4050),#4241,.T.);
#4474=ADVANCED_FACE('',(#4051),#4242,.T.);
#4475=ADVANCED_FACE('',(#4052),#4243,.T.);
#4476=ADVANCED_FACE('',(#4053),#4244,.T.);
#4477=ADVANCED_FACE('',(#4054),#4245,.T.);
#4478=ADVANCED_FACE('',(#4055),#4246,.T.);
#4479=ADVANCED_FACE('',(#4056),#4247,.T.);
#4480=ADVANCED_FACE('',(#4057),#4248,.F.);
#4481=ADVANCED_FACE('',(#4058),#392,.T.);
#4482=ADVANCED_FACE('',(#4059),#4249,.T.);
#4483=ADVANCED_FACE('',(#4060),#4250,.T.);
#4484=ADVANCED_FACE('',(#4061),#4251,.T.);
#4485=ADVANCED_FACE('',(#4062),#4252,.T.);
#4486=ADVANCED_FACE('',(#4063),#4253,.F.);
#4487=ADVANCED_FACE('',(#4064),#393,.T.);
#4488=ADVANCED_FACE('',(#4065),#4254,.T.);
#4489=ADVANCED_FACE('',(#4066),#4255,.T.);
#4490=ADVANCED_FACE('',(#4067),#4256,.T.);
#4491=ADVANCED_FACE('',(#4068),#4257,.T.);
#4492=ADVANCED_FACE('',(#4069),#4258,.T.);
#4493=ADVANCED_FACE('',(#4070),#4259,.T.);
#4494=ADVANCED_FACE('',(#4071),#4260,.T.);
#4495=ADVANCED_FACE('',(#4072),#394,.F.);
#4496=ADVANCED_FACE('',(#4073),#32,.T.);
#4497=ADVANCED_FACE('',(#4074,#4075),#4261,.F.);
#4498=ADVANCED_FACE('',(#4076),#395,.T.);
#4499=ADVANCED_FACE('',(#4077),#396,.F.);
#4500=ADVANCED_FACE('',(#4078),#33,.T.);
#4501=ADVANCED_FACE('',(#4079),#397,.F.);
#4502=ADVANCED_FACE('',(#4080),#4262,.T.);
#4503=ADVANCED_FACE('',(#4081),#4263,.T.);
#4504=ADVANCED_FACE('',(#4082),#4264,.T.);
#4505=ADVANCED_FACE('',(#4083),#34,.T.);
#4506=ADVANCED_FACE('',(#4084),#35,.T.);
#4507=ADVANCED_FACE('',(#4085),#398,.T.);
#4508=ADVANCED_FACE('',(#4086),#36,.T.);
#4509=ADVANCED_FACE('',(#4087),#4265,.T.);
#4510=ADVANCED_FACE('',(#4088),#399,.T.);
#4511=ADVANCED_FACE('',(#4089),#400,.T.);
#4512=ADVANCED_FACE('',(#4090),#4266,.T.);
#4513=ADVANCED_FACE('',(#4091),#401,.T.);
#4514=ADVANCED_FACE('',(#4092),#402,.T.);
#4515=ADVANCED_FACE('',(#4093),#403,.T.);
#4516=ADVANCED_FACE('',(#4094,#4095),#4267,.T.);
#4517=ADVANCED_FACE('',(#4096),#4268,.T.);
#4518=ADVANCED_FACE('',(#4097),#4269,.F.);
#4519=ADVANCED_FACE('',(#4098),#404,.T.);
#4520=ADVANCED_FACE('',(#4099),#132,.T.);
#4521=ADVANCED_FACE('',(#4100),#405,.F.);
#4522=ADVANCED_FACE('',(#4101),#133,.T.);
#4523=ADVANCED_FACE('',(#4102),#4270,.T.);
#4524=ADVANCED_FACE('',(#4103),#4271,.F.);
#4525=ADVANCED_FACE('',(#4104),#406,.T.);
#4526=ADVANCED_FACE('',(#4105),#407,.T.);
#4527=ADVANCED_FACE('',(#4106),#408,.T.);
#4528=ADVANCED_FACE('',(#4107),#409,.T.);
#4529=ADVANCED_FACE('',(#4108),#410,.T.);
#4530=ADVANCED_FACE('',(#4109),#4272,.T.);
#4531=ADVANCED_FACE('',(#4110),#4273,.T.);
#4532=ADVANCED_FACE('',(#4111),#134,.T.);
#4533=ADVANCED_FACE('',(#4112),#411,.T.);
#4534=ADVANCED_FACE('',(#4113),#37,.T.);
#4535=ADVANCED_FACE('',(#4114),#412,.T.);
#4536=ADVANCED_FACE('',(#4115),#413,.T.);
#4537=ADVANCED_FACE('',(#4116),#38,.T.);
#4538=ADVANCED_FACE('',(#4117),#4274,.T.);
#4539=ADVANCED_FACE('',(#4118),#414,.T.);
#4540=ADVANCED_FACE('',(#4119),#415,.T.);
#4541=ADVANCED_FACE('',(#4120),#39,.T.);
#4542=ADVANCED_FACE('',(#4121),#135,.T.);
#4543=CLOSED_SHELL('',(#4275,#4276,#4277,#4278,#4279,#4280,#4281,#4282,
#4283,#4284,#4285,#4286,#4287,#4288,#4289,#4290,#4291,#4292,#4293,#4294,
#4295,#4296,#4297,#4298,#4299,#4300,#4301,#4302,#4303,#4304,#4305,#4306,
#4307,#4308,#4309,#4310,#4311,#4312,#4313,#4314,#4315,#4316,#4317,#4318,
#4319,#4320,#4321,#4322,#4323,#4324,#4325,#4326,#4327,#4328,#4329,#4330,
#4331,#4332,#4333,#4334,#4335,#4336,#4337,#4338,#4339,#4340,#4341,#4342,
#4343,#4344,#4345,#4346,#4347,#4348,#4349,#4350,#4351,#4352));
#4544=CLOSED_SHELL('',(#4353,#4354,#4355,#4356,#4357,#4358,#4359,#4360,
#4361,#4362,#4363));
#4545=CLOSED_SHELL('',(#4364,#4365,#4366,#4367,#4368,#4369,#4370,#4371,
#4372,#4373,#4374));
#4546=CLOSED_SHELL('',(#4375,#4376,#4377,#4378,#4379,#4380,#4381,#4382,
#4383,#4384,#4385,#4386,#4387,#4388,#4389,#4390,#4391,#4392,#4393,#4394,
#4395,#4396,#4397,#4398,#4399,#4400,#4401,#4402,#4403,#4404,#4405,#4406,
#4407,#4408,#4409,#4410,#4411,#4412,#4413,#4414,#4415,#4416,#4417,#4418,
#4419));
#4547=CLOSED_SHELL('',(#4420,#4421,#4422,#4423,#4424,#4425,#4426,#4427,
#4428,#4429,#4430,#4431,#4432,#4433,#4434,#4435,#4436,#4437));
#4548=CLOSED_SHELL('',(#4438,#4439,#4440,#4441,#4442,#4443,#4444,#4445,
#4446,#4447,#4448,#4449,#4450,#4451,#4452,#4453,#4454,#4455));
#4549=CLOSED_SHELL('',(#4456,#4457,#4458,#4459,#4460,#4461,#4462,#4463,
#4464,#4465,#4466,#4467,#4468,#4469,#4470,#4471,#4472,#4473));
#4550=CLOSED_SHELL('',(#4474,#4475,#4476,#4477,#4478,#4479,#4480,#4481,
#4482));
#4551=CLOSED_SHELL('',(#4483,#4484,#4485,#4486,#4487,#4488,#4489,#4490,
#4491));
#4552=CLOSED_SHELL('',(#4492,#4493,#4494,#4495,#4496,#4497,#4498,#4499,
#4500,#4501,#4502,#4503,#4504,#4505,#4506,#4507,#4508,#4509,#4510,#4511,
#4512,#4513,#4514,#4515,#4516,#4517,#4518,#4519,#4520,#4521,#4522,#4523,
#4524,#4525,#4526,#4527,#4528,#4529,#4530,#4531,#4532,#4533,#4534,#4535,
#4536,#4537,#4538,#4539,#4540,#4541,#4542));
#4553=MANIFOLD_SOLID_BREP('1',#4543);
#4554=MANIFOLD_SOLID_BREP('1',#4544);
#4555=MANIFOLD_SOLID_BREP('1',#4545);
#4556=MANIFOLD_SOLID_BREP('1',#4546);
#4557=MANIFOLD_SOLID_BREP('1',#4547);
#4558=MANIFOLD_SOLID_BREP('1',#4548);
#4559=MANIFOLD_SOLID_BREP('1',#4549);
#4560=MANIFOLD_SOLID_BREP('1',#4550);
#4561=MANIFOLD_SOLID_BREP('1',#4551);
#4562=MANIFOLD_SOLID_BREP('1',#4552);
#4563=SHAPE_DEFINITION_REPRESENTATION(#8349,#4574);
#4564=SHAPE_DEFINITION_REPRESENTATION(#8350,#4575);
#4565=SHAPE_DEFINITION_REPRESENTATION(#8352,#4576);
#4566=SHAPE_DEFINITION_REPRESENTATION(#8354,#4577);
#4567=SHAPE_DEFINITION_REPRESENTATION(#8356,#4578);
#4568=SHAPE_DEFINITION_REPRESENTATION(#8358,#4579);
#4569=SHAPE_DEFINITION_REPRESENTATION(#8360,#4580);
#4570=SHAPE_DEFINITION_REPRESENTATION(#8362,#4581);
#4571=SHAPE_DEFINITION_REPRESENTATION(#8364,#4582);
#4572=SHAPE_DEFINITION_REPRESENTATION(#8366,#4583);
#4573=SHAPE_DEFINITION_REPRESENTATION(#8368,#4584);
#4574=SHAPE_REPRESENTATION('PTS636SL43SMTRLFS',(#4585,#4704,#4716,#4728,
#4771,#4806,#4841,#4876,#4888,#4900,#4990),#8324);
#4575=SHAPE_REPRESENTATION('PTS636SL43SMTRLFS_PART1',(#4585),#8325);
#4576=SHAPE_REPRESENTATION('PTS636SL43SMTRLFS_PART2',(#4585),#8326);
#4577=SHAPE_REPRESENTATION('PTS636SL43SMTRLFS_PART3',(#4585),#8327);
#4578=SHAPE_REPRESENTATION('PTS636SL43SMTRLFS_PART4',(#4585),#8328);
#4579=SHAPE_REPRESENTATION('PTS636SL43SMTRLFS_PART5',(#4585),#8329);
#4580=SHAPE_REPRESENTATION('PTS636SL43SMTRLFS_PART6',(#4585),#8330);
#4581=SHAPE_REPRESENTATION('PTS636SL43SMTRLFS_PART7',(#4585),#8331);
#4582=SHAPE_REPRESENTATION('PTS636SL43SMTRLFS_PART8',(#4585),#8332);
#4583=SHAPE_REPRESENTATION('PTS636SL43SMTRLFS_PART9',(#4585),#8333);
#4584=SHAPE_REPRESENTATION('PTS636SL43SMTRLFS_PART10',(#4585),#8334);
#4585=AXIS2_PLACEMENT_3D('',#6218,#4991,#4992);
#4586=AXIS2_PLACEMENT_3D('',#6219,#4993,#4994);
#4587=AXIS2_PLACEMENT_3D('',#6228,#4999,#5000);
#4588=AXIS2_PLACEMENT_3D('',#6229,#5001,#5002);
#4589=AXIS2_PLACEMENT_3D('',#6234,#5004,#5005);
#4590=AXIS2_PLACEMENT_3D('',#6237,#5007,#5008);
#4591=AXIS2_PLACEMENT_3D('',#6254,#5017,#5018);
#4592=AXIS2_PLACEMENT_3D('',#6263,#5023,#5024);
#4593=AXIS2_PLACEMENT_3D('',#6272,#5029,#5030);
#4594=AXIS2_PLACEMENT_3D('',#6281,#5035,#5036);
#4595=AXIS2_PLACEMENT_3D('',#6285,#5038,#5039);
#4596=AXIS2_PLACEMENT_3D('',#6298,#5046,#5047);
#4597=AXIS2_PLACEMENT_3D('',#6299,#5048,#5049);
#4598=AXIS2_PLACEMENT_3D('',#6305,#5053,#5054);
#4599=AXIS2_PLACEMENT_3D('',#6306,#5055,#5056);
#4600=AXIS2_PLACEMENT_3D('',#6308,#5057,#5058);
#4601=AXIS2_PLACEMENT_3D('',#6309,#5059,#5060);
#4602=AXIS2_PLACEMENT_3D('',#6314,#5062,#5063);
#4603=AXIS2_PLACEMENT_3D('',#6317,#5065,#5066);
#4604=AXIS2_PLACEMENT_3D('',#6331,#5074,#5075);
#4605=AXIS2_PLACEMENT_3D('',#6351,#5087,#5088);
#4606=AXIS2_PLACEMENT_3D('',#6354,#5090,#5091);
#4607=AXIS2_PLACEMENT_3D('',#6357,#5093,#5094);
#4608=AXIS2_PLACEMENT_3D('',#6363,#5098,#5099);
#4609=AXIS2_PLACEMENT_3D('',#6367,#5102,#5103);
#4610=AXIS2_PLACEMENT_3D('',#6373,#5107,#5108);
#4611=AXIS2_PLACEMENT_3D('',#6374,#5109,#5110);
#4612=AXIS2_PLACEMENT_3D('',#6379,#5112,#5113);
#4613=AXIS2_PLACEMENT_3D('',#6382,#5115,#5116);
#4614=AXIS2_PLACEMENT_3D('',#6388,#5120,#5121);
#4615=AXIS2_PLACEMENT_3D('',#6392,#5123,#5124);
#4616=AXIS2_PLACEMENT_3D('',#6394,#5126,#5127);
#4617=AXIS2_PLACEMENT_3D('',#6395,#5128,#5129);
#4618=AXIS2_PLACEMENT_3D('',#6396,#5130,#5131);
#4619=AXIS2_PLACEMENT_3D('',#6400,#5133,#5134);
#4620=AXIS2_PLACEMENT_3D('',#6401,#5135,#5136);
#4621=AXIS2_PLACEMENT_3D('',#6402,#5137,#5138);
#4622=AXIS2_PLACEMENT_3D('',#6408,#5142,#5143);
#4623=AXIS2_PLACEMENT_3D('',#6417,#5148,#5149);
#4624=AXIS2_PLACEMENT_3D('',#6423,#5153,#5154);
#4625=AXIS2_PLACEMENT_3D('',#6425,#5156,#5157);
#4626=AXIS2_PLACEMENT_3D('',#6431,#5161,#5162);
#4627=AXIS2_PLACEMENT_3D('',#6440,#5167,#5168);
#4628=AXIS2_PLACEMENT_3D('',#6447,#5173,#5174);
#4629=AXIS2_PLACEMENT_3D('',#6448,#5175,#5176);
#4630=AXIS2_PLACEMENT_3D('',#6450,#5177,#5178);
#4631=AXIS2_PLACEMENT_3D('',#6451,#5179,#5180);
#4632=AXIS2_PLACEMENT_3D('',#6456,#5182,#5183);
#4633=AXIS2_PLACEMENT_3D('',#6459,#5185,#5186);
#4634=AXIS2_PLACEMENT_3D('',#6468,#5191,#5192);
#4635=AXIS2_PLACEMENT_3D('',#6478,#5198,#5199);
#4636=AXIS2_PLACEMENT_3D('',#6484,#5203,#5204);
#4637=AXIS2_PLACEMENT_3D('',#6493,#5209,#5210);
#4638=AXIS2_PLACEMENT_3D('',#6499,#5214,#5215);
#4639=AXIS2_PLACEMENT_3D('',#6505,#5219,#5220);
#4640=AXIS2_PLACEMENT_3D('',#6511,#5224,#5225);
#4641=AXIS2_PLACEMENT_3D('',#6512,#5226,#5227);
#4642=AXIS2_PLACEMENT_3D('',#6513,#5228,#5229);
#4643=AXIS2_PLACEMENT_3D('',#6514,#5230,#5231);
#4644=AXIS2_PLACEMENT_3D('',#6519,#5233,#5234);
#4645=AXIS2_PLACEMENT_3D('',#6522,#5236,#5237);
#4646=AXIS2_PLACEMENT_3D('',#6531,#5242,#5243);
#4647=AXIS2_PLACEMENT_3D('',#6534,#5246,#5247);
#4648=AXIS2_PLACEMENT_3D('',#6535,#5248,#5249);
#4649=AXIS2_PLACEMENT_3D('',#6539,#5251,#5252);
#4650=AXIS2_PLACEMENT_3D('',#6540,#5253,#5254);
#4651=AXIS2_PLACEMENT_3D('',#6542,#5256,#5257);
#4652=AXIS2_PLACEMENT_3D('',#6544,#5259,#5260);
#4653=AXIS2_PLACEMENT_3D('',#6545,#5261,#5262);
#4654=AXIS2_PLACEMENT_3D('',#6551,#5266,#5267);
#4655=AXIS2_PLACEMENT_3D('',#6560,#5273,#5274);
#4656=AXIS2_PLACEMENT_3D('',#6561,#5275,#5276);
#4657=AXIS2_PLACEMENT_3D('',#6562,#5277,#5278);
#4658=AXIS2_PLACEMENT_3D('',#6563,#5279,#5280);
#4659=AXIS2_PLACEMENT_3D('',#6564,#5281,#5282);
#4660=AXIS2_PLACEMENT_3D('',#6565,#5283,#5284);
#4661=AXIS2_PLACEMENT_3D('',#6566,#5285,#5286);
#4662=AXIS2_PLACEMENT_3D('',#6567,#5287,#5288);
#4663=AXIS2_PLACEMENT_3D('',#6568,#5289,#5290);
#4664=AXIS2_PLACEMENT_3D('',#6577,#5296,#5297);
#4665=AXIS2_PLACEMENT_3D('',#6578,#5298,#5299);
#4666=AXIS2_PLACEMENT_3D('',#6579,#5300,#5301);
#4667=AXIS2_PLACEMENT_3D('',#6580,#5302,#5303);
#4668=AXIS2_PLACEMENT_3D('',#6586,#5308,#5309);
#4669=AXIS2_PLACEMENT_3D('',#6587,#5310,#5311);
#4670=AXIS2_PLACEMENT_3D('',#6591,#5314,#5315);
#4671=AXIS2_PLACEMENT_3D('',#6592,#5316,#5317);
#4672=AXIS2_PLACEMENT_3D('',#6593,#5318,#5319);
#4673=AXIS2_PLACEMENT_3D('',#6598,#5323,#5324);
#4674=AXIS2_PLACEMENT_3D('',#6599,#5325,#5326);
#4675=AXIS2_PLACEMENT_3D('',#6602,#5328,#5329);
#4676=AXIS2_PLACEMENT_3D('',#6603,#5330,#5331);
#4677=AXIS2_PLACEMENT_3D('',#6605,#5332,#5333);
#4678=AXIS2_PLACEMENT_3D('',#6606,#5334,#5335);
#4679=AXIS2_PLACEMENT_3D('',#6607,#5336,#5337);
#4680=AXIS2_PLACEMENT_3D('',#6608,#5338,#5339);
#4681=AXIS2_PLACEMENT_3D('',#6609,#5340,#5341);
#4682=AXIS2_PLACEMENT_3D('',#6611,#5343,#5344);
#4683=AXIS2_PLACEMENT_3D('',#6617,#5350,#5351);
#4684=AXIS2_PLACEMENT_3D('',#6618,#5352,#5353);
#4685=AXIS2_PLACEMENT_3D('',#6623,#5357,#5358);
#4686=AXIS2_PLACEMENT_3D('',#6625,#5359,#5360);
#4687=AXIS2_PLACEMENT_3D('',#6627,#5362,#5363);
#4688=AXIS2_PLACEMENT_3D('',#6628,#5364,#5365);
#4689=AXIS2_PLACEMENT_3D('',#6629,#5366,#5367);
#4690=AXIS2_PLACEMENT_3D('',#6630,#5368,#5369);
#4691=AXIS2_PLACEMENT_3D('',#6631,#5370,#5371);
#4692=AXIS2_PLACEMENT_3D('',#6632,#5372,#5373);
#4693=AXIS2_PLACEMENT_3D('',#6633,#5374,#5375);
#4694=AXIS2_PLACEMENT_3D('',#6634,#5376,#5377);
#4695=AXIS2_PLACEMENT_3D('',#6635,#5378,#5379);
#4696=AXIS2_PLACEMENT_3D('',#6637,#5381,#5382);
#4697=AXIS2_PLACEMENT_3D('',#6638,#5383,#5384);
#4698=AXIS2_PLACEMENT_3D('',#6639,#5385,#5386);
#4699=AXIS2_PLACEMENT_3D('',#6640,#5387,#5388);
#4700=AXIS2_PLACEMENT_3D('',#6641,#5389,#5390);
#4701=AXIS2_PLACEMENT_3D('',#6642,#5391,#5392);
#4702=AXIS2_PLACEMENT_3D('',#6643,#5393,#5394);
#4703=AXIS2_PLACEMENT_3D('',#6644,#5395,#5396);
#4704=AXIS2_PLACEMENT_3D('',#6645,#5397,#5398);
#4705=AXIS2_PLACEMENT_3D('',#6646,#5399,#5400);
#4706=AXIS2_PLACEMENT_3D('',#6655,#5405,#5406);
#4707=AXIS2_PLACEMENT_3D('',#6661,#5410,#5411);
#4708=AXIS2_PLACEMENT_3D('',#6665,#5414,#5415);
#4709=AXIS2_PLACEMENT_3D('',#6669,#5418,#5419);
#4710=AXIS2_PLACEMENT_3D('',#6679,#5425,#5426);
#4711=AXIS2_PLACEMENT_3D('',#6680,#5427,#5428);
#4712=AXIS2_PLACEMENT_3D('',#6686,#5432,#5433);
#4713=AXIS2_PLACEMENT_3D('',#6690,#5436,#5437);
#4714=AXIS2_PLACEMENT_3D('',#6694,#5440,#5441);
#4715=AXIS2_PLACEMENT_3D('',#6696,#5443,#5444);
#4716=AXIS2_PLACEMENT_3D('',#6697,#5445,#5446);
#4717=AXIS2_PLACEMENT_3D('',#6698,#5447,#5448);
#4718=AXIS2_PLACEMENT_3D('',#6707,#5453,#5454);
#4719=AXIS2_PLACEMENT_3D('',#6713,#5458,#5459);
#4720=AXIS2_PLACEMENT_3D('',#6717,#5462,#5463);
#4721=AXIS2_PLACEMENT_3D('',#6721,#5466,#5467);
#4722=AXIS2_PLACEMENT_3D('',#6730,#5472,#5473);
#4723=AXIS2_PLACEMENT_3D('',#6736,#5477,#5478);
#4724=AXIS2_PLACEMENT_3D('',#6742,#5482,#5483);
#4725=AXIS2_PLACEMENT_3D('',#6745,#5486,#5487);
#4726=AXIS2_PLACEMENT_3D('',#6746,#5488,#5489);
#4727=AXIS2_PLACEMENT_3D('',#6748,#5491,#5492);
#4728=AXIS2_PLACEMENT_3D('',#6749,#5493,#5494);
#4729=AXIS2_PLACEMENT_3D('',#6750,#5495,#5496);
#4730=AXIS2_PLACEMENT_3D('',#6754,#5498,#5499);
#4731=AXIS2_PLACEMENT_3D('',#6758,#5501,#5502);
#4732=AXIS2_PLACEMENT_3D('',#6805,#5503,#5504);
#4733=AXIS2_PLACEMENT_3D('',#6806,#5505,#5506);
#4734=AXIS2_PLACEMENT_3D('',#6821,#5508,#5509);
#4735=AXIS2_PLACEMENT_3D('',#6830,#5510,#5511);
#4736=AXIS2_PLACEMENT_3D('',#6834,#5513,#5514);
#4737=AXIS2_PLACEMENT_3D('',#6838,#5516,#5517);
#4738=AXIS2_PLACEMENT_3D('',#6839,#5518,#5519);
#4739=AXIS2_PLACEMENT_3D('',#6853,#5521,#5522);
#4740=AXIS2_PLACEMENT_3D('',#6862,#5523,#5524);
#4741=AXIS2_PLACEMENT_3D('',#6867,#5527,#5528);
#4742=AXIS2_PLACEMENT_3D('',#6875,#5529,#5530);
#4743=AXIS2_PLACEMENT_3D('',#6883,#5532,#5533);
#4744=AXIS2_PLACEMENT_3D('',#6945,#5534,#5535);
#4745=AXIS2_PLACEMENT_3D('',#6982,#5538,#5539);
#4746=AXIS2_PLACEMENT_3D('',#6983,#5540,#5541);
#4747=AXIS2_PLACEMENT_3D('',#6984,#5542,#5543);
#4748=AXIS2_PLACEMENT_3D('',#6990,#5545,#5546);
#4749=AXIS2_PLACEMENT_3D('',#7044,#5547,#5548);
#4750=AXIS2_PLACEMENT_3D('',#7045,#5549,#5550);
#4751=AXIS2_PLACEMENT_3D('',#7073,#5552,#5553);
#4752=AXIS2_PLACEMENT_3D('',#7079,#5555,#5556);
#4753=AXIS2_PLACEMENT_3D('',#7118,#5557,#5558);
#4754=AXIS2_PLACEMENT_3D('',#7121,#5560,#5561);
#4755=AXIS2_PLACEMENT_3D('',#7132,#5562,#5563);
#4756=AXIS2_PLACEMENT_3D('',#7170,#5567,#5568);
#4757=AXIS2_PLACEMENT_3D('',#7171,#5569,#5570);
#4758=AXIS2_PLACEMENT_3D('',#7209,#5572,#5573);
#4759=AXIS2_PLACEMENT_3D('',#7215,#5577,#5578);
#4760=AXIS2_PLACEMENT_3D('',#7218,#5580,#5581);
#4761=AXIS2_PLACEMENT_3D('',#7219,#5582,#5583);
#4762=AXIS2_PLACEMENT_3D('',#7224,#5584,#5585);
#4763=AXIS2_PLACEMENT_3D('',#7229,#5586,#5587);
#4764=AXIS2_PLACEMENT_3D('',#7234,#5588,#5589);
#4765=AXIS2_PLACEMENT_3D('',#7411,#5590,#5591);
#4766=AXIS2_PLACEMENT_3D('',#7444,#5594,#5595);
#4767=AXIS2_PLACEMENT_3D('',#7473,#5597,#5598);
#4768=AXIS2_PLACEMENT_3D('',#7499,#5599,#5600);
#4769=AXIS2_PLACEMENT_3D('',#7554,#5602,#5603);
#4770=AXIS2_PLACEMENT_3D('',#7556,#5605,#5606);
#4771=AXIS2_PLACEMENT_3D('',#7693,#5607,#5608);
#4772=AXIS2_PLACEMENT_3D('',#7694,#5609,#5610);
#4773=AXIS2_PLACEMENT_3D('',#7698,#5612,#5613);
#4774=AXIS2_PLACEMENT_3D('',#7702,#5615,#5616);
#4775=AXIS2_PLACEMENT_3D('',#7706,#5618,#5619);
#4776=AXIS2_PLACEMENT_3D('',#7710,#5621,#5622);
#4777=AXIS2_PLACEMENT_3D('',#7711,#5623,#5624);
#4778=AXIS2_PLACEMENT_3D('',#7717,#5628,#5629);
#4779=AXIS2_PLACEMENT_3D('',#7718,#5630,#5631);
#4780=AXIS2_PLACEMENT_3D('',#7723,#5633,#5634);
#4781=AXIS2_PLACEMENT_3D('',#7726,#5636,#5637);
#4782=AXIS2_PLACEMENT_3D('',#7727,#5638,#5639);
#4783=AXIS2_PLACEMENT_3D('',#7729,#5640,#5641);
#4784=AXIS2_PLACEMENT_3D('',#7730,#5642,#5643);
#4785=AXIS2_PLACEMENT_3D('',#7731,#5644,#5645);
#4786=AXIS2_PLACEMENT_3D('',#7733,#5646,#5647);
#4787=AXIS2_PLACEMENT_3D('',#7735,#5648,#5649);
#4788=AXIS2_PLACEMENT_3D('',#7736,#5650,#5651);
#4789=AXIS2_PLACEMENT_3D('',#7742,#5655,#5656);
#4790=AXIS2_PLACEMENT_3D('',#7746,#5660,#5661);
#4791=AXIS2_PLACEMENT_3D('',#7747,#5662,#5663);
#4792=AXIS2_PLACEMENT_3D('',#7748,#5664,#5665);
#4793=AXIS2_PLACEMENT_3D('',#7753,#5669,#5670);
#4794=AXIS2_PLACEMENT_3D('',#7755,#5672,#5673);
#4795=AXIS2_PLACEMENT_3D('',#7756,#5674,#5675);
#4796=AXIS2_PLACEMENT_3D('',#7757,#5676,#5677);
#4797=AXIS2_PLACEMENT_3D('',#7759,#5679,#5680);
#4798=AXIS2_PLACEMENT_3D('',#7760,#5681,#5682);
#4799=AXIS2_PLACEMENT_3D('',#7761,#5683,#5684);
#4800=AXIS2_PLACEMENT_3D('',#7762,#5685,#5686);
#4801=AXIS2_PLACEMENT_3D('',#7763,#5687,#5688);
#4802=AXIS2_PLACEMENT_3D('',#7764,#5689,#5690);
#4803=AXIS2_PLACEMENT_3D('',#7765,#5691,#5692);
#4804=AXIS2_PLACEMENT_3D('',#7766,#5693,#5694);
#4805=AXIS2_PLACEMENT_3D('',#7767,#5695,#5696);
#4806=AXIS2_PLACEMENT_3D('',#7768,#5697,#5698);
#4807=AXIS2_PLACEMENT_3D('',#7769,#5699,#5700);
#4808=AXIS2_PLACEMENT_3D('',#7770,#5701,#5702);
#4809=AXIS2_PLACEMENT_3D('',#7775,#5704,#5705);
#4810=AXIS2_PLACEMENT_3D('',#7778,#5707,#5708);
#4811=AXIS2_PLACEMENT_3D('',#7779,#5709,#5710);
#4812=AXIS2_PLACEMENT_3D('',#7784,#5712,#5713);
#4813=AXIS2_PLACEMENT_3D('',#7786,#5715,#5716);
#4814=AXIS2_PLACEMENT_3D('',#7787,#5717,#5718);
#4815=AXIS2_PLACEMENT_3D('',#7790,#5719,#5720);
#4816=AXIS2_PLACEMENT_3D('',#7792,#5721,#5722);
#4817=AXIS2_PLACEMENT_3D('',#7793,#5723,#5724);
#4818=AXIS2_PLACEMENT_3D('',#7794,#5725,#5726);
#4819=AXIS2_PLACEMENT_3D('',#7799,#5728,#5729);
#4820=AXIS2_PLACEMENT_3D('',#7801,#5731,#5732);
#4821=AXIS2_PLACEMENT_3D('',#7802,#5733,#5734);
#4822=AXIS2_PLACEMENT_3D('',#7806,#5736,#5737);
#4823=AXIS2_PLACEMENT_3D('',#7808,#5739,#5740);
#4824=AXIS2_PLACEMENT_3D('',#7809,#5741,#5742);
#4825=AXIS2_PLACEMENT_3D('',#7814,#5745,#5746);
#4826=AXIS2_PLACEMENT_3D('',#7815,#5747,#5748);
#4827=AXIS2_PLACEMENT_3D('',#7817,#5749,#5750);
#4828=AXIS2_PLACEMENT_3D('',#7818,#5751,#5752);
#4829=AXIS2_PLACEMENT_3D('',#7821,#5755,#5756);
#4830=AXIS2_PLACEMENT_3D('',#7825,#5759,#5760);
#4831=AXIS2_PLACEMENT_3D('',#7828,#5763,#5764);
#4832=AXIS2_PLACEMENT_3D('',#7829,#5765,#5766);
#4833=AXIS2_PLACEMENT_3D('',#7830,#5767,#5768);
#4834=AXIS2_PLACEMENT_3D('',#7832,#5770,#5771);
#4835=AXIS2_PLACEMENT_3D('',#7833,#5772,#5773);
#4836=AXIS2_PLACEMENT_3D('',#7834,#5774,#5775);
#4837=AXIS2_PLACEMENT_3D('',#7838,#5778,#5779);
#4838=AXIS2_PLACEMENT_3D('',#7839,#5780,#5781);
#4839=AXIS2_PLACEMENT_3D('',#7840,#5782,#5783);
#4840=AXIS2_PLACEMENT_3D('',#7842,#5785,#5786);
#4841=AXIS2_PLACEMENT_3D('',#7843,#5787,#5788);
#4842=AXIS2_PLACEMENT_3D('',#7844,#5789,#5790);
#4843=AXIS2_PLACEMENT_3D('',#7845,#5791,#5792);
#4844=AXIS2_PLACEMENT_3D('',#7850,#5794,#5795);
#4845=AXIS2_PLACEMENT_3D('',#7853,#5797,#5798);
#4846=AXIS2_PLACEMENT_3D('',#7862,#5803,#5804);
#4847=AXIS2_PLACEMENT_3D('',#7863,#5805,#5806);
#4848=AXIS2_PLACEMENT_3D('',#7867,#5808,#5809);
#4849=AXIS2_PLACEMENT_3D('',#7868,#5810,#5811);
#4850=AXIS2_PLACEMENT_3D('',#7874,#5815,#5816);
#4851=AXIS2_PLACEMENT_3D('',#7875,#5817,#5818);
#4852=AXIS2_PLACEMENT_3D('',#7881,#5821,#5822);
#4853=AXIS2_PLACEMENT_3D('',#7885,#5824,#5825);
#4854=AXIS2_PLACEMENT_3D('',#7888,#5827,#5828);
#4855=AXIS2_PLACEMENT_3D('',#7890,#5829,#5830);
#4856=AXIS2_PLACEMENT_3D('',#7894,#5832,#5833);
#4857=AXIS2_PLACEMENT_3D('',#7897,#5835,#5836);
#4858=AXIS2_PLACEMENT_3D('',#7903,#5840,#5841);
#4859=AXIS2_PLACEMENT_3D('',#7906,#5843,#5844);
#4860=AXIS2_PLACEMENT_3D('',#7910,#5846,#5847);
#4861=AXIS2_PLACEMENT_3D('',#7914,#5849,#5850);
#4862=AXIS2_PLACEMENT_3D('',#7917,#5852,#5853);
#4863=AXIS2_PLACEMENT_3D('',#7921,#5855,#5856);
#4864=AXIS2_PLACEMENT_3D('',#7922,#5857,#5858);
#4865=AXIS2_PLACEMENT_3D('',#7923,#5859,#5860);
#4866=AXIS2_PLACEMENT_3D('',#7924,#5861,#5862);
#4867=AXIS2_PLACEMENT_3D('',#7926,#5864,#5865);
#4868=AXIS2_PLACEMENT_3D('',#7928,#5867,#5868);
#4869=AXIS2_PLACEMENT_3D('',#7930,#5870,#5871);
#4870=AXIS2_PLACEMENT_3D('',#7932,#5873,#5874);
#4871=AXIS2_PLACEMENT_3D('',#7933,#5875,#5876);
#4872=AXIS2_PLACEMENT_3D('',#7936,#5879,#5880);
#4873=AXIS2_PLACEMENT_3D('',#7939,#5883,#5884);
#4874=AXIS2_PLACEMENT_3D('',#7940,#5885,#5886);
#4875=AXIS2_PLACEMENT_3D('',#7941,#5887,#5888);
#4876=AXIS2_PLACEMENT_3D('',#7942,#5889,#5890);
#4877=AXIS2_PLACEMENT_3D('',#7943,#5891,#5892);
#4878=AXIS2_PLACEMENT_3D('',#7952,#5897,#5898);
#4879=AXIS2_PLACEMENT_3D('',#7961,#5903,#5904);
#4880=AXIS2_PLACEMENT_3D('',#7967,#5908,#5909);
#4881=AXIS2_PLACEMENT_3D('',#7970,#5911,#5912);
#4882=AXIS2_PLACEMENT_3D('',#7976,#5916,#5917);
#4883=AXIS2_PLACEMENT_3D('',#7978,#5919,#5920);
#4884=AXIS2_PLACEMENT_3D('',#7980,#5922,#5923);
#4885=AXIS2_PLACEMENT_3D('',#7983,#5925,#5926);
#4886=AXIS2_PLACEMENT_3D('',#7984,#5927,#5928);
#4887=AXIS2_PLACEMENT_3D('',#7986,#5930,#5931);
#4888=AXIS2_PLACEMENT_3D('',#7987,#5932,#5933);
#4889=AXIS2_PLACEMENT_3D('',#7988,#5934,#5935);
#4890=AXIS2_PLACEMENT_3D('',#7992,#5937,#5938);
#4891=AXIS2_PLACEMENT_3D('',#8003,#5944,#5945);
#4892=AXIS2_PLACEMENT_3D('',#8009,#5949,#5950);
#4893=AXIS2_PLACEMENT_3D('',#8015,#5954,#5955);
#4894=AXIS2_PLACEMENT_3D('',#8023,#5960,#5961);
#4895=AXIS2_PLACEMENT_3D('',#8024,#5962,#5963);
#4896=AXIS2_PLACEMENT_3D('',#8025,#5964,#5965);
#4897=AXIS2_PLACEMENT_3D('',#8027,#5967,#5968);
#4898=AXIS2_PLACEMENT_3D('',#8029,#5970,#5971);
#4899=AXIS2_PLACEMENT_3D('',#8031,#5973,#5974);
#4900=AXIS2_PLACEMENT_3D('',#8032,#5975,#5976);
#4901=AXIS2_PLACEMENT_3D('',#8033,#5977,#5978);
#4902=AXIS2_PLACEMENT_3D('',#8042,#5983,#5984);
#4903=AXIS2_PLACEMENT_3D('',#8051,#5989,#5990);
#4904=AXIS2_PLACEMENT_3D('',#8060,#5995,#5996);
#4905=AXIS2_PLACEMENT_3D('',#8061,#5997,#5998);
#4906=AXIS2_PLACEMENT_3D('',#8066,#6000,#6001);
#4907=AXIS2_PLACEMENT_3D('',#8069,#6003,#6004);
#4908=AXIS2_PLACEMENT_3D('',#8070,#6005,#6006);
#4909=AXIS2_PLACEMENT_3D('',#8073,#6007,#6008);
#4910=AXIS2_PLACEMENT_3D('',#8075,#6009,#6010);
#4911=AXIS2_PLACEMENT_3D('',#8076,#6011,#6012);
#4912=AXIS2_PLACEMENT_3D('',#8077,#6013,#6014);
#4913=AXIS2_PLACEMENT_3D('',#8079,#6015,#6016);
#4914=AXIS2_PLACEMENT_3D('',#8083,#6018,#6019);
#4915=AXIS2_PLACEMENT_3D('',#8087,#6021,#6022);
#4916=AXIS2_PLACEMENT_3D('',#8095,#6027,#6028);
#4917=AXIS2_PLACEMENT_3D('',#8096,#6029,#6030);
#4918=AXIS2_PLACEMENT_3D('',#8106,#6033,#6034);
#4919=AXIS2_PLACEMENT_3D('',#8107,#6035,#6036);
#4920=AXIS2_PLACEMENT_3D('',#8110,#6038,#6039);
#4921=AXIS2_PLACEMENT_3D('',#8111,#6040,#6041);
#4922=AXIS2_PLACEMENT_3D('',#8112,#6042,#6043);
#4923=AXIS2_PLACEMENT_3D('',#8114,#6044,#6045);
#4924=AXIS2_PLACEMENT_3D('',#8116,#6046,#6047);
#4925=AXIS2_PLACEMENT_3D('',#8117,#6048,#6049);
#4926=AXIS2_PLACEMENT_3D('',#8118,#6050,#6051);
#4927=AXIS2_PLACEMENT_3D('',#8119,#6052,#6053);
#4928=AXIS2_PLACEMENT_3D('',#8120,#6054,#6055);
#4929=AXIS2_PLACEMENT_3D('',#8129,#6060,#6061);
#4930=AXIS2_PLACEMENT_3D('',#8132,#6064,#6065);
#4931=AXIS2_PLACEMENT_3D('',#8140,#6070,#6071);
#4932=AXIS2_PLACEMENT_3D('',#8141,#6072,#6073);
#4933=AXIS2_PLACEMENT_3D('',#8144,#6074,#6075);
#4934=AXIS2_PLACEMENT_3D('',#8145,#6076,#6077);
#4935=AXIS2_PLACEMENT_3D('',#8146,#6078,#6079);
#4936=AXIS2_PLACEMENT_3D('',#8147,#6080,#6081);
#4937=AXIS2_PLACEMENT_3D('',#8149,#6082,#6083);
#4938=AXIS2_PLACEMENT_3D('',#8150,#6084,#6085);
#4939=AXIS2_PLACEMENT_3D('',#8151,#6086,#6087);
#4940=AXIS2_PLACEMENT_3D('',#8152,#6088,#6089);
#4941=AXIS2_PLACEMENT_3D('',#8157,#6090,#6091);
#4942=AXIS2_PLACEMENT_3D('',#8158,#6092,#6093);
#4943=AXIS2_PLACEMENT_3D('',#8160,#6094,#6095);
#4944=AXIS2_PLACEMENT_3D('',#8161,#6096,#6097);
#4945=AXIS2_PLACEMENT_3D('',#8167,#6101,#6102);
#4946=AXIS2_PLACEMENT_3D('',#8168,#6103,#6104);
#4947=AXIS2_PLACEMENT_3D('',#8171,#6106,#6107);
#4948=AXIS2_PLACEMENT_3D('',#8174,#6110,#6111);
#4949=AXIS2_PLACEMENT_3D('',#8182,#6116,#6117);
#4950=AXIS2_PLACEMENT_3D('',#8183,#6118,#6119);
#4951=AXIS2_PLACEMENT_3D('',#8187,#6121,#6122);
#4952=AXIS2_PLACEMENT_3D('',#8188,#6123,#6124);
#4953=AXIS2_PLACEMENT_3D('',#8191,#6126,#6127);
#4954=AXIS2_PLACEMENT_3D('',#8192,#6128,#6129);
#4955=AXIS2_PLACEMENT_3D('',#8195,#6131,#6132);
#4956=AXIS2_PLACEMENT_3D('',#8196,#6133,#6134);
#4957=AXIS2_PLACEMENT_3D('',#8201,#6138,#6139);
#4958=AXIS2_PLACEMENT_3D('',#8205,#6141,#6142);
#4959=AXIS2_PLACEMENT_3D('',#8208,#6144,#6145);
#4960=AXIS2_PLACEMENT_3D('',#8210,#6147,#6148);
#4961=AXIS2_PLACEMENT_3D('',#8213,#6151,#6152);
#4962=AXIS2_PLACEMENT_3D('',#8234,#6153,#6154);
#4963=AXIS2_PLACEMENT_3D('',#8239,#6155,#6156);
#4964=AXIS2_PLACEMENT_3D('',#8240,#6157,#6158);
#4965=AXIS2_PLACEMENT_3D('',#8257,#6159,#6160);
#4966=AXIS2_PLACEMENT_3D('',#8260,#6163,#6164);
#4967=AXIS2_PLACEMENT_3D('',#8266,#6168,#6169);
#4968=AXIS2_PLACEMENT_3D('',#8267,#6170,#6171);
#4969=AXIS2_PLACEMENT_3D('',#8268,#6172,#6173);
#4970=AXIS2_PLACEMENT_3D('',#8269,#6174,#6175);
#4971=AXIS2_PLACEMENT_3D('',#8270,#6176,#6177);
#4972=AXIS2_PLACEMENT_3D('',#8271,#6178,#6179);
#4973=AXIS2_PLACEMENT_3D('',#8272,#6180,#6181);
#4974=AXIS2_PLACEMENT_3D('',#8273,#6182,#6183);
#4975=AXIS2_PLACEMENT_3D('',#8274,#6184,#6185);
#4976=AXIS2_PLACEMENT_3D('',#8276,#6187,#6188);
#4977=AXIS2_PLACEMENT_3D('',#8277,#6189,#6190);
#4978=AXIS2_PLACEMENT_3D('',#8295,#6192,#6193);
#4979=AXIS2_PLACEMENT_3D('',#8296,#6194,#6195);
#4980=AXIS2_PLACEMENT_3D('',#8297,#6196,#6197);
#4981=AXIS2_PLACEMENT_3D('',#8298,#6198,#6199);
#4982=AXIS2_PLACEMENT_3D('',#8299,#6200,#6201);
#4983=AXIS2_PLACEMENT_3D('',#8300,#6202,#6203);
#4984=AXIS2_PLACEMENT_3D('',#8301,#6204,#6205);
#4985=AXIS2_PLACEMENT_3D('',#8302,#6206,#6207);
#4986=AXIS2_PLACEMENT_3D('',#8303,#6208,#6209);
#4987=AXIS2_PLACEMENT_3D('',#8304,#6210,#6211);
#4988=AXIS2_PLACEMENT_3D('',#8305,#6212,#6213);
#4989=AXIS2_PLACEMENT_3D('',#8306,#6214,#6215);
#4990=AXIS2_PLACEMENT_3D('',#8323,#6216,#6217);
#4991=DIRECTION('',(0.,0.,1.));
#4992=DIRECTION('',(1.,0.,0.));
#4993=DIRECTION('',(1.,1.88079096131566E-29,8.15663058499817E-44));
#4994=DIRECTION('',(0.,-4.33680868994202E-15,1.));
#4995=DIRECTION('',(0.,0.,1.));
#4996=DIRECTION('',(0.,1.,0.));
#4997=DIRECTION('',(0.,0.,-1.));
#4998=DIRECTION('',(-1.88079096131566E-29,1.,0.));
#4999=DIRECTION('',(0.,0.,-1.));
#5000=DIRECTION('',(1.,0.,0.));
#5001=DIRECTION('',(0.,0.,-1.));
#5002=DIRECTION('',(1.,0.,0.));
#5003=DIRECTION('',(0.,0.,1.));
#5004=DIRECTION('',(0.,0.,1.));
#5005=DIRECTION('',(1.,0.,0.));
#5006=DIRECTION('',(0.,0.,-1.));
#5007=DIRECTION('',(0.,1.,0.));
#5008=DIRECTION('',(1.,0.,0.));
#5009=DIRECTION('',(1.,0.,0.));
#5010=DIRECTION('',(0.,0.,1.));
#5011=DIRECTION('',(1.,0.,0.));
#5012=DIRECTION('',(0.,0.,-1.));
#5013=DIRECTION('',(1.,0.,0.));
#5014=DIRECTION('',(0.,0.,-1.));
#5015=DIRECTION('',(-1.,0.,0.));
#5016=DIRECTION('',(0.,0.,-1.));
#5017=DIRECTION('',(1.,4.30134816005765E-45,2.64486228935016E-30));
#5018=DIRECTION('',(0.,1.,-1.62630325872826E-15));
#5019=DIRECTION('',(4.30134816005765E-45,-1.,0.));
#5020=DIRECTION('',(-2.64486228935016E-30,9.55855146679477E-46,1.));
#5021=DIRECTION('',(-4.30134816005765E-45,1.,0.));
#5022=DIRECTION('',(-2.64486228935016E-30,-1.30610483424699E-31,1.));
#5023=DIRECTION('',(4.72027232928135E-47,1.,1.30610483424699E-31));
#5024=DIRECTION('',(1.,0.,-3.61400724161835E-16));
#5025=DIRECTION('',(1.,0.,0.));
#5026=DIRECTION('',(-2.64486228935016E-30,-1.30610483424699E-31,1.));
#5027=DIRECTION('',(-1.,4.72027232928135E-47,0.));
#5028=DIRECTION('',(0.,0.,1.));
#5029=DIRECTION('',(4.72027232928135E-47,1.,1.30610483424699E-31));
#5030=DIRECTION('',(1.,0.,-3.61400724161835E-16));
#5031=DIRECTION('',(1.,-4.72027232928135E-47,0.));
#5032=DIRECTION('',(3.02097429074006E-46,1.30610483424699E-31,-1.));
#5033=DIRECTION('',(1.,-4.72027232928135E-47,0.));
#5034=DIRECTION('',(-2.6143046746789E-46,-1.30610483424699E-31,1.));
#5035=DIRECTION('',(0.,0.,1.));
#5036=DIRECTION('',(1.,0.,0.));
#5037=DIRECTION('',(0.,1.,0.));
#5038=DIRECTION('',(0.,0.,1.));
#5039=DIRECTION('',(1.,0.,0.));
#5040=DIRECTION('',(-1.,0.,0.));
#5041=DIRECTION('',(0.,-1.,0.));
#5042=DIRECTION('',(-1.,3.61400724161835E-16,0.));
#5043=DIRECTION('',(0.,1.,0.));
#5044=DIRECTION('',(0.,-1.,0.));
#5045=DIRECTION('',(1.,-1.90242112769636E-45,0.));
#5046=DIRECTION('',(0.,0.,1.));
#5047=DIRECTION('',(1.,0.,0.));
#5048=DIRECTION('',(1.,-6.19544098563146E-16,0.));
#5049=DIRECTION('',(0.,0.,1.));
#5050=DIRECTION('',(0.,-1.,0.));
#5051=DIRECTION('',(0.,1.,0.));
#5052=DIRECTION('',(0.,0.,-1.));
#5053=DIRECTION('',(0.,0.,1.));
#5054=DIRECTION('',(1.,0.,0.));
#5055=DIRECTION('',(0.,0.,-1.));
#5056=DIRECTION('',(1.,0.,0.));
#5057=DIRECTION('',(0.,0.,-1.));
#5058=DIRECTION('',(1.,0.,0.));
#5059=DIRECTION('',(0.,0.,-1.));
#5060=DIRECTION('',(1.,0.,0.));
#5061=DIRECTION('',(0.,0.,-1.));
#5062=DIRECTION('',(0.,0.,1.));
#5063=DIRECTION('',(1.,0.,0.));
#5064=DIRECTION('',(0.,0.,1.));
#5065=DIRECTION('',(-2.84380897701116E-16,-1.,0.));
#5066=DIRECTION('',(-1.,2.84380897701116E-16,0.));
#5067=DIRECTION('',(-1.,0.,0.));
#5068=DIRECTION('',(0.,0.,1.));
#5069=DIRECTION('',(-1.,0.,0.));
#5070=DIRECTION('',(0.,0.,-1.));
#5071=DIRECTION('',(-1.,0.,0.));
#5072=DIRECTION('',(1.,0.,0.));
#5073=DIRECTION('',(0.,0.,-1.));
#5074=DIRECTION('',(0.,0.,-1.));
#5075=DIRECTION('',(0.,-1.,0.));
#5076=DIRECTION('',(0.,-1.,0.));
#5077=DIRECTION('',(-1.62630325872826E-15,1.,0.));
#5078=DIRECTION('',(-1.,0.,0.));
#5079=DIRECTION('',(0.,-1.,0.));
#5080=DIRECTION('',(1.,0.,0.));
#5081=DIRECTION('',(0.,1.,0.));
#5082=DIRECTION('',(-1.,0.,0.));
#5083=DIRECTION('',(4.30134816005765E-45,-1.,0.));
#5084=DIRECTION('',(-1.62630325872826E-15,1.,0.));
#5085=DIRECTION('',(-1.,0.,0.));
#5086=DIRECTION('',(1.,0.,0.));
#5087=DIRECTION('',(0.,0.,1.));
#5088=DIRECTION('',(-1.,0.,0.));
#5089=DIRECTION('',(0.,0.,1.));
#5090=DIRECTION('',(0.,0.,-1.));
#5091=DIRECTION('',(1.,0.,0.));
#5092=DIRECTION('',(0.,0.,-1.));
#5093=DIRECTION('',(1.90242112769636E-45,1.,1.53533956025768E-30));
#5094=DIRECTION('',(1.,0.,-1.23908819712629E-15));
#5095=DIRECTION('',(1.,-1.90242112769636E-45,0.));
#5096=DIRECTION('',(0.,0.,1.));
#5097=DIRECTION('',(3.07314182166335E-45,1.53533956025768E-30,-1.));
#5098=DIRECTION('',(-1.,1.95156391047391E-15,0.));
#5099=DIRECTION('',(0.,0.,1.));
#5100=DIRECTION('',(0.,1.,0.));
#5101=DIRECTION('',(0.,0.,-1.));
#5102=DIRECTION('',(-2.82835349344045E-16,-1.,0.));
#5103=DIRECTION('',(-1.,2.82835349344045E-16,0.));
#5104=DIRECTION('',(1.,0.,0.));
#5105=DIRECTION('',(1.,0.,0.));
#5106=DIRECTION('',(0.,0.,-1.));
#5107=DIRECTION('',(0.,0.,1.));
#5108=DIRECTION('',(-1.,0.,0.));
#5109=DIRECTION('',(0.,0.,1.));
#5110=DIRECTION('',(1.,0.,0.));
#5111=DIRECTION('',(0.,0.,1.));
#5112=DIRECTION('',(0.,0.,-1.));
#5113=DIRECTION('',(1.,0.,0.));
#5114=DIRECTION('',(0.,0.,-1.));
#5115=DIRECTION('',(-1.,-1.62630325872826E-15,0.));
#5116=DIRECTION('',(-1.62630325872826E-15,1.,0.));
#5117=DIRECTION('',(2.12412254817661E-46,-1.30610483424699E-31,1.));
#5118=DIRECTION('',(1.62630325872826E-15,-1.,0.));
#5119=DIRECTION('',(0.,0.,1.));
#5120=DIRECTION('',(0.,0.,1.));
#5121=DIRECTION('',(1.,0.,0.));
#5122=DIRECTION('',(0.,1.,0.));
#5123=DIRECTION('',(0.,0.,-1.));
#5124=DIRECTION('',(1.,0.,0.));
#5125=DIRECTION('',(0.,1.,0.));
#5126=DIRECTION('',(0.,0.,-1.));
#5127=DIRECTION('',(1.,0.,0.));
#5128=DIRECTION('',(0.,0.,1.));
#5129=DIRECTION('',(-1.,0.,0.));
#5130=DIRECTION('',(0.,0.,1.));
#5131=DIRECTION('',(-1.,0.,0.));
#5132=DIRECTION('',(0.,0.,1.));
#5133=DIRECTION('',(0.,0.,1.));
#5134=DIRECTION('',(1.,0.,0.));
#5135=DIRECTION('',(0.,0.,-1.));
#5136=DIRECTION('',(1.,0.,0.));
#5137=DIRECTION('',(4.55562677085993E-47,1.,1.27555373154972E-31));
#5138=DIRECTION('',(1.,0.,-3.57148950936401E-16));
#5139=DIRECTION('',(1.,0.,0.));
#5140=DIRECTION('',(-1.,0.,0.));
#5141=DIRECTION('',(0.,0.,-1.));
#5142=DIRECTION('',(-4.13029399042097E-16,-1.,0.));
#5143=DIRECTION('',(-1.,4.13029399042097E-16,0.));
#5144=DIRECTION('',(-1.,4.13029399042097E-16,0.));
#5145=DIRECTION('',(0.,0.,1.));
#5146=DIRECTION('',(-1.,4.13029399042097E-16,0.));
#5147=DIRECTION('',(0.,0.,-1.));
#5148=DIRECTION('',(-3.61400724161835E-16,-1.,0.));
#5149=DIRECTION('',(-1.,3.61400724161835E-16,0.));
#5150=DIRECTION('',(0.,0.,1.));
#5151=DIRECTION('',(1.,-3.61400724161835E-16,0.));
#5152=DIRECTION('',(-2.64486228935016E-30,9.55855146679477E-46,1.));
#5153=DIRECTION('',(1.,4.30134816005765E-45,2.64486228935016E-30));
#5154=DIRECTION('',(0.,1.,-1.62630325872826E-15));
#5155=DIRECTION('',(-4.30134816005765E-45,1.,0.));
#5156=DIRECTION('',(-0.707106781186547,0.707106781186548,0.));
#5157=DIRECTION('',(0.,0.,1.));
#5158=DIRECTION('',(0.707106781186548,0.707106781186547,0.));
#5159=DIRECTION('',(-0.707106781186548,-0.707106781186547,0.));
#5160=DIRECTION('',(0.,0.,1.));
#5161=DIRECTION('',(-1.,0.,1.17608371252664E-15));
#5162=DIRECTION('',(0.,1.,0.));
#5163=DIRECTION('',(0.,0.,1.));
#5164=DIRECTION('',(0.,1.,0.));
#5165=DIRECTION('',(0.,0.,-1.));
#5166=DIRECTION('',(0.,-1.,0.));
#5167=DIRECTION('',(-1.,1.83480367651393E-15,0.));
#5168=DIRECTION('',(0.,0.,1.));
#5169=DIRECTION('',(0.,0.,1.));
#5170=DIRECTION('',(0.,1.,0.));
#5171=DIRECTION('',(0.,-1.,0.));
#5172=DIRECTION('',(0.,1.,0.));
#5173=DIRECTION('',(0.,0.,1.));
#5174=DIRECTION('',(1.,0.,0.));
#5175=DIRECTION('',(0.,0.,-1.));
#5176=DIRECTION('',(1.,0.,0.));
#5177=DIRECTION('',(0.,0.,-1.));
#5178=DIRECTION('',(1.,0.,0.));
#5179=DIRECTION('',(0.,0.,-1.));
#5180=DIRECTION('',(1.,0.,0.));
#5181=DIRECTION('',(0.,0.,-1.));
#5182=DIRECTION('',(0.,0.,1.));
#5183=DIRECTION('',(1.,0.,0.));
#5184=DIRECTION('',(0.,0.,1.));
#5185=DIRECTION('',(2.26256498926349E-47,1.,7.9995834838568E-32));
#5186=DIRECTION('',(1.,0.,-2.82835349344045E-16));
#5187=DIRECTION('',(-1.,0.,0.));
#5188=DIRECTION('',(0.,0.,1.));
#5189=DIRECTION('',(-1.,0.,0.));
#5190=DIRECTION('',(0.,0.,-1.));
#5191=DIRECTION('',(1.,-2.00160401074247E-15,0.));
#5192=DIRECTION('',(0.,0.,1.));
#5193=DIRECTION('',(0.,-1.,0.));
#5194=DIRECTION('',(0.,0.,1.));
#5195=DIRECTION('',(0.,0.,-1.));
#5196=DIRECTION('',(0.,1.,0.));
#5197=DIRECTION('',(0.,0.,-1.));
#5198=DIRECTION('',(-1.,0.,4.33680868994202E-15));
#5199=DIRECTION('',(0.,1.,0.));
#5200=DIRECTION('',(0.,0.,-1.));
#5201=DIRECTION('',(0.,1.,0.));
#5202=DIRECTION('',(0.,0.,1.));
#5203=DIRECTION('',(0.707106781186548,0.707106781186547,0.));
#5204=DIRECTION('',(0.,0.,-1.));
#5205=DIRECTION('',(0.707106781186547,-0.707106781186548,0.));
#5206=DIRECTION('',(0.,0.,-1.));
#5207=DIRECTION('',(-0.707106781186547,0.707106781186548,0.));
#5208=DIRECTION('',(0.,0.,1.));
#5209=DIRECTION('',(-1.,-1.62630325872826E-15,0.));
#5210=DIRECTION('',(-1.62630325872826E-15,1.,0.));
#5211=DIRECTION('',(2.12412254817661E-46,-1.30610483424699E-31,1.));
#5212=DIRECTION('',(1.62630325872826E-15,-1.,0.));
#5213=DIRECTION('',(0.,0.,1.));
#5214=DIRECTION('',(1.,4.30134816005765E-45,2.64486228935016E-30));
#5215=DIRECTION('',(0.,1.,-1.62630325872826E-15));
#5216=DIRECTION('',(0.,0.,1.));
#5217=DIRECTION('',(0.,1.,0.));
#5218=DIRECTION('',(0.,0.,1.));
#5219=DIRECTION('',(-3.57148950936401E-16,-1.,0.));
#5220=DIRECTION('',(-1.,3.57148950936401E-16,0.));
#5221=DIRECTION('',(-1.,0.,0.));
#5222=DIRECTION('',(1.,0.,0.));
#5223=DIRECTION('',(0.,0.,-1.));
#5224=DIRECTION('',(0.,0.,1.));
#5225=DIRECTION('',(-1.,0.,0.));
#5226=DIRECTION('',(0.,0.,-1.));
#5227=DIRECTION('',(1.,0.,0.));
#5228=DIRECTION('',(0.,0.,1.));
#5229=DIRECTION('',(-1.,0.,0.));
#5230=DIRECTION('',(0.,0.,1.));
#5231=DIRECTION('',(1.,0.,0.));
#5232=DIRECTION('',(0.,0.,1.));
#5233=DIRECTION('',(0.,0.,-1.));
#5234=DIRECTION('',(1.,0.,0.));
#5235=DIRECTION('',(0.,0.,-1.));
#5236=DIRECTION('',(4.72027232928135E-47,1.,1.30610483424699E-31));
#5237=DIRECTION('',(1.,0.,-3.61400724161835E-16));
#5238=DIRECTION('',(1.,-4.72027232928135E-47,0.));
#5239=DIRECTION('',(-2.39644595178899E-46,-1.30610483424699E-31,1.));
#5240=DIRECTION('',(1.,-4.72027232928135E-47,0.));
#5241=DIRECTION('',(3.02097429074006E-46,1.30610483424699E-31,-1.));
#5242=DIRECTION('',(0.,0.,-1.));
#5243=DIRECTION('',(0.,-1.,0.));
#5244=DIRECTION('',(-1.,4.72027232928135E-47,0.));
#5245=DIRECTION('',(1.,-3.61400724161835E-16,0.));
#5246=DIRECTION('',(0.,0.,-1.));
#5247=DIRECTION('',(1.,0.,0.));
#5248=DIRECTION('',(0.,0.,-1.));
#5249=DIRECTION('',(1.,0.,0.));
#5250=DIRECTION('',(0.,0.,1.));
#5251=DIRECTION('',(0.,0.,1.));
#5252=DIRECTION('',(1.,0.,0.));
#5253=DIRECTION('',(-1.,-1.62630325872826E-15,0.));
#5254=DIRECTION('',(-1.62630325872826E-15,1.,0.));
#5255=DIRECTION('',(1.62630325872826E-15,-1.,0.));
#5256=DIRECTION('',(4.72027232928135E-47,1.,1.30610483424699E-31));
#5257=DIRECTION('',(1.,0.,-3.61400724161835E-16));
#5258=DIRECTION('',(-1.,0.,0.));
#5259=DIRECTION('',(0.,0.,-1.));
#5260=DIRECTION('',(0.,-1.,0.));
#5261=DIRECTION('',(1.,1.38317289887044E-30,1.62672711796979E-45));
#5262=DIRECTION('',(0.,-1.17608371252664E-15,1.));
#5263=DIRECTION('',(0.,0.,-1.));
#5264=DIRECTION('',(0.,1.,0.));
#5265=DIRECTION('',(-1.38317289887044E-30,1.,0.));
#5266=DIRECTION('',(0.,0.,1.));
#5267=DIRECTION('',(1.,0.,0.));
#5268=DIRECTION('',(0.,-1.,0.));
#5269=DIRECTION('',(1.,0.,0.));
#5270=DIRECTION('',(0.,1.,0.));
#5271=DIRECTION('',(0.,-1.,0.));
#5272=DIRECTION('',(-1.,3.61400724161835E-16,0.));
#5273=DIRECTION('',(0.,0.,1.));
#5274=DIRECTION('',(1.,0.,0.));
#5275=DIRECTION('',(-1.,4.95635278850516E-16,0.));
#5276=DIRECTION('',(0.,0.,1.));
#5277=DIRECTION('',(0.,0.,-1.));
#5278=DIRECTION('',(0.,-1.,0.));
#5279=DIRECTION('',(0.,0.,1.));
#5280=DIRECTION('',(-1.,0.,0.));
#5281=DIRECTION('',(4.72027232928135E-47,1.,1.30610483424699E-31));
#5282=DIRECTION('',(1.,0.,-3.61400724161835E-16));
#5283=DIRECTION('',(0.,0.,1.));
#5284=DIRECTION('',(1.,0.,0.));
#5285=DIRECTION('',(0.,0.,1.));
#5286=DIRECTION('',(1.,0.,0.));
#5287=DIRECTION('',(0.,0.,1.));
#5288=DIRECTION('',(1.,0.,0.));
#5289=DIRECTION('',(0.,0.,1.));
#5290=DIRECTION('',(1.,0.,0.));
#5291=DIRECTION('',(-0.707106781186547,0.707106781186548,0.));
#5292=DIRECTION('',(1.,0.,0.));
#5293=DIRECTION('',(0.,-1.,0.));
#5294=DIRECTION('',(1.,0.,0.));
#5295=DIRECTION('',(0.,-1.,0.));
#5296=DIRECTION('',(0.,0.,-1.));
#5297=DIRECTION('',(1.,0.,0.));
#5298=DIRECTION('',(0.,0.,-1.));
#5299=DIRECTION('',(1.,0.,0.));
#5300=DIRECTION('',(0.,0.,-1.));
#5301=DIRECTION('',(1.,0.,0.));
#5302=DIRECTION('',(0.,0.,1.));
#5303=DIRECTION('',(1.,0.,0.));
#5304=DIRECTION('',(-1.,0.,0.));
#5305=DIRECTION('',(-1.,0.,0.));
#5306=DIRECTION('',(0.,1.,0.));
#5307=DIRECTION('',(-0.707106781186548,-0.707106781186547,0.));
#5308=DIRECTION('',(-4.13029399042097E-16,-1.,0.));
#5309=DIRECTION('',(-1.,4.13029399042097E-16,0.));
#5310=DIRECTION('',(-3.61400724161835E-16,-1.,0.));
#5311=DIRECTION('',(-1.,3.61400724161835E-16,0.));
#5312=DIRECTION('',(-1.,3.61400724161835E-16,0.));
#5313=DIRECTION('',(0.,0.,-1.));
#5314=DIRECTION('',(0.,0.,1.));
#5315=DIRECTION('',(-1.,0.,0.));
#5316=DIRECTION('',(0.,0.,-1.));
#5317=DIRECTION('',(1.,0.,0.));
#5318=DIRECTION('',(-1.,1.83480367651393E-15,0.));
#5319=DIRECTION('',(0.,0.,1.));
#5320=DIRECTION('',(0.,1.,0.));
#5321=DIRECTION('',(0.,0.,-1.));
#5322=DIRECTION('',(0.,0.,-1.));
#5323=DIRECTION('',(0.,0.,1.));
#5324=DIRECTION('',(-1.,0.,0.));
#5325=DIRECTION('',(0.,0.,-1.));
#5326=DIRECTION('',(1.,0.,0.));
#5327=DIRECTION('',(0.,0.,-1.));
#5328=DIRECTION('',(0.,0.,-1.));
#5329=DIRECTION('',(1.,0.,0.));
#5330=DIRECTION('',(0.,0.,1.));
#5331=DIRECTION('',(1.,0.,0.));
#5332=DIRECTION('',(0.,0.,1.));
#5333=DIRECTION('',(-1.,0.,0.));
#5334=DIRECTION('',(0.,0.,1.));
#5335=DIRECTION('',(-1.,0.,0.));
#5336=DIRECTION('',(0.,0.,-1.));
#5337=DIRECTION('',(0.,-1.,0.));
#5338=DIRECTION('',(0.,0.,1.));
#5339=DIRECTION('',(-1.,0.,0.));
#5340=DIRECTION('',(1.,-1.95156391047391E-15,0.));
#5341=DIRECTION('',(0.,0.,1.));
#5342=DIRECTION('',(0.,0.,-1.));
#5343=DIRECTION('',(0.,0.,1.));
#5344=DIRECTION('',(1.,0.,0.));
#5345=DIRECTION('',(0.707106781186547,-0.707106781186548,0.));
#5346=DIRECTION('',(0.707106781186548,0.707106781186547,0.));
#5347=DIRECTION('',(0.,-1.,0.));
#5348=DIRECTION('',(0.,1.,0.));
#5349=DIRECTION('',(1.,0.,0.));
#5350=DIRECTION('',(0.,0.,1.));
#5351=DIRECTION('',(1.,0.,0.));
#5352=DIRECTION('',(0.,0.,1.));
#5353=DIRECTION('',(1.,0.,0.));
#5354=DIRECTION('',(-1.,3.61400724161835E-16,0.));
#5355=DIRECTION('',(0.,-1.,0.));
#5356=DIRECTION('',(-1.,0.,0.));
#5357=DIRECTION('',(0.,0.,1.));
#5358=DIRECTION('',(1.,0.,0.));
#5359=DIRECTION('',(-1.,2.31296463463574E-15,0.));
#5360=DIRECTION('',(0.,0.,1.));
#5361=DIRECTION('',(0.,0.,-1.));
#5362=DIRECTION('',(-3.61400724161835E-16,-1.,0.));
#5363=DIRECTION('',(-1.,3.61400724161835E-16,0.));
#5364=DIRECTION('',(1.90242112769636E-45,1.,1.53533956025768E-30));
#5365=DIRECTION('',(1.,0.,-1.23908819712629E-15));
#5366=DIRECTION('',(4.55562677085993E-47,1.,1.27555373154972E-31));
#5367=DIRECTION('',(1.,0.,-3.57148950936401E-16));
#5368=DIRECTION('',(1.,-2.31296463463574E-15,0.));
#5369=DIRECTION('',(0.,0.,1.));
#5370=DIRECTION('',(1.,-2.00160401074247E-15,0.));
#5371=DIRECTION('',(0.,0.,1.));
#5372=DIRECTION('',(0.707106781186547,-0.707106781186548,0.));
#5373=DIRECTION('',(0.,0.,-1.));
#5374=DIRECTION('',(-3.61400724161835E-16,-1.,0.));
#5375=DIRECTION('',(-1.,3.61400724161835E-16,0.));
#5376=DIRECTION('',(-3.57148950936401E-16,-1.,0.));
#5377=DIRECTION('',(-1.,3.57148950936401E-16,0.));
#5378=DIRECTION('',(-3.61400724161835E-16,-1.,0.));
#5379=DIRECTION('',(-1.,3.61400724161835E-16,0.));
#5380=DIRECTION('',(1.,0.,0.));
#5381=DIRECTION('',(0.,0.,-1.));
#5382=DIRECTION('',(1.,0.,0.));
#5383=DIRECTION('',(0.,0.,-1.));
#5384=DIRECTION('',(0.,-1.,0.));
#5385=DIRECTION('',(0.,0.,-1.));
#5386=DIRECTION('',(1.,0.,0.));
#5387=DIRECTION('',(-0.707106781186548,-0.707106781186547,0.));
#5388=DIRECTION('',(-0.707106781186547,0.707106781186548,0.));
#5389=DIRECTION('',(0.,0.,1.));
#5390=DIRECTION('',(-1.,0.,0.));
#5391=DIRECTION('',(0.,0.,1.));
#5392=DIRECTION('',(-1.,0.,0.));
#5393=DIRECTION('',(0.,0.,-1.));
#5394=DIRECTION('',(1.,0.,0.));
#5395=DIRECTION('',(0.,0.,1.));
#5396=DIRECTION('',(1.,0.,0.));
#5397=DIRECTION('',(0.,0.,1.));
#5398=DIRECTION('',(1.,0.,0.));
#5399=DIRECTION('',(0.,1.,0.));
#5400=DIRECTION('',(1.,0.,0.));
#5401=DIRECTION('',(1.,0.,0.));
#5402=DIRECTION('',(0.,0.,-1.));
#5403=DIRECTION('',(1.,0.,0.));
#5404=DIRECTION('',(0.,0.,-1.));
#5405=DIRECTION('',(-1.,8.13151629364129E-16,0.));
#5406=DIRECTION('',(0.,0.,1.));
#5407=DIRECTION('',(0.,1.,0.));
#5408=DIRECTION('',(0.,0.,-1.));
#5409=DIRECTION('',(0.,1.,0.));
#5410=DIRECTION('',(0.,0.,1.));
#5411=DIRECTION('',(1.,0.,0.));
#5412=DIRECTION('',(0.,-1.,0.));
#5413=DIRECTION('',(-1.,0.,0.));
#5414=DIRECTION('',(0.,-1.,0.));
#5415=DIRECTION('',(0.,0.,-1.));
#5416=DIRECTION('',(-1.,0.,0.));
#5417=DIRECTION('',(0.,0.,-1.));
#5418=DIRECTION('',(0.,0.,1.));
#5419=DIRECTION('',(1.,0.,0.));
#5420=DIRECTION('',(0.,-1.,0.));
#5421=DIRECTION('',(1.,0.,0.));
#5422=DIRECTION('',(0.,1.,0.));
#5423=DIRECTION('',(-1.,0.,0.));
#5424=DIRECTION('',(0.,-1.,0.));
#5425=DIRECTION('',(1.,-5.42101086242752E-16,0.));
#5426=DIRECTION('',(0.,0.,1.));
#5427=DIRECTION('',(0.,-1.,0.));
#5428=DIRECTION('',(0.,0.,-1.));
#5429=DIRECTION('',(0.,0.,1.));
#5430=DIRECTION('',(1.,0.,0.));
#5431=DIRECTION('',(0.,0.,1.));
#5432=DIRECTION('',(-1.,2.02384405530627E-15,0.));
#5433=DIRECTION('',(0.,0.,1.));
#5434=DIRECTION('',(0.,0.,1.));
#5435=DIRECTION('',(0.,-1.,0.));
#5436=DIRECTION('',(1.,-2.02384405530627E-15,0.));
#5437=DIRECTION('',(0.,0.,1.));
#5438=DIRECTION('',(0.,1.,0.));
#5439=DIRECTION('',(0.,0.,1.));
#5440=DIRECTION('',(0.,0.,1.));
#5441=DIRECTION('',(1.,0.,0.));
#5442=DIRECTION('',(-1.,0.,0.));
#5443=DIRECTION('',(0.,1.,0.));
#5444=DIRECTION('',(1.,0.,0.));
#5445=DIRECTION('',(0.,0.,1.));
#5446=DIRECTION('',(1.,0.,0.));
#5447=DIRECTION('',(0.,0.,1.));
#5448=DIRECTION('',(1.,0.,0.));
#5449=DIRECTION('',(0.,-1.,0.));
#5450=DIRECTION('',(1.,0.,0.));
#5451=DIRECTION('',(0.,1.,0.));
#5452=DIRECTION('',(-1.,0.,0.));
#5453=DIRECTION('',(0.,-1.,0.));
#5454=DIRECTION('',(0.,0.,-1.));
#5455=DIRECTION('',(-1.,0.,0.));
#5456=DIRECTION('',(0.,0.,-1.));
#5457=DIRECTION('',(0.,0.,-1.));
#5458=DIRECTION('',(-1.,8.13151629364129E-16,0.));
#5459=DIRECTION('',(0.,0.,1.));
#5460=DIRECTION('',(0.,1.,0.));
#5461=DIRECTION('',(0.,0.,-1.));
#5462=DIRECTION('',(0.,1.,0.));
#5463=DIRECTION('',(1.,0.,0.));
#5464=DIRECTION('',(1.,0.,0.));
#5465=DIRECTION('',(0.,0.,-1.));
#5466=DIRECTION('',(0.,1.,0.));
#5467=DIRECTION('',(1.,0.,0.));
#5468=DIRECTION('',(-1.,0.,0.));
#5469=DIRECTION('',(0.,0.,1.));
#5470=DIRECTION('',(-1.,0.,0.));
#5471=DIRECTION('',(0.,0.,1.));
#5472=DIRECTION('',(1.,-2.02384405530627E-15,0.));
#5473=DIRECTION('',(0.,0.,1.));
#5474=DIRECTION('',(0.,1.,0.));
#5475=DIRECTION('',(0.,0.,1.));
#5476=DIRECTION('',(0.,1.,0.));
#5477=DIRECTION('',(0.,-1.,0.));
#5478=DIRECTION('',(0.,0.,-1.));
#5479=DIRECTION('',(1.,0.,0.));
#5480=DIRECTION('',(0.,0.,1.));
#5481=DIRECTION('',(1.,0.,0.));
#5482=DIRECTION('',(-1.,2.02384405530627E-15,0.));
#5483=DIRECTION('',(0.,0.,1.));
#5484=DIRECTION('',(0.,-1.,0.));
#5485=DIRECTION('',(0.,-1.,0.));
#5486=DIRECTION('',(0.,0.,1.));
#5487=DIRECTION('',(1.,0.,0.));
#5488=DIRECTION('',(1.,-5.42101086242752E-16,0.));
#5489=DIRECTION('',(0.,0.,1.));
#5490=DIRECTION('',(0.,-1.,0.));
#5491=DIRECTION('',(0.,0.,1.));
#5492=DIRECTION('',(1.,0.,0.));
#5493=DIRECTION('',(0.,0.,1.));
#5494=DIRECTION('',(1.,0.,0.));
#5495=DIRECTION('',(0.,1.,0.));
#5496=DIRECTION('',(1.,0.,0.));
#5497=DIRECTION('',(0.303662403128078,0.,0.952779693804649));
#5498=DIRECTION('',(0.,1.,0.));
#5499=DIRECTION('',(0.,0.,-1.));
#5500=DIRECTION('',(-0.303662403128077,0.,0.952779693804649));
#5501=DIRECTION('',(0.,1.,0.));
#5502=DIRECTION('',(0.,0.,-1.));
#5503=DIRECTION('',(0.,1.,0.));
#5504=DIRECTION('',(0.,0.,-1.));
#5505=DIRECTION('',(0.,1.,0.));
#5506=DIRECTION('',(-1.,0.,0.));
#5507=DIRECTION('',(0.,-1.,0.));
#5508=DIRECTION('',(0.,-1.,0.));
#5509=DIRECTION('',(-1.,0.,0.));
#5510=DIRECTION('',(0.,1.,0.));
#5511=DIRECTION('',(0.,0.,-1.));
#5512=DIRECTION('',(0.,1.,0.));
#5513=DIRECTION('',(0.,-1.,0.));
#5514=DIRECTION('',(0.,0.,-1.));
#5515=DIRECTION('',(0.,-1.,0.));
#5516=DIRECTION('',(0.,1.,0.));
#5517=DIRECTION('',(0.,0.,-1.));
#5518=DIRECTION('',(0.,-1.,0.));
#5519=DIRECTION('',(-1.,0.,0.));
#5520=DIRECTION('',(0.,1.,0.));
#5521=DIRECTION('',(0.,1.,0.));
#5522=DIRECTION('',(-1.,0.,0.));
#5523=DIRECTION('',(0.,-1.,0.));
#5524=DIRECTION('',(0.,0.,-1.));
#5525=DIRECTION('',(0.,-1.,0.));
#5526=DIRECTION('',(0.,1.,0.));
#5527=DIRECTION('',(0.,-1.,0.));
#5528=DIRECTION('',(0.,0.,-1.));
#5529=DIRECTION('',(0.,1.,0.));
#5530=DIRECTION('',(1.,0.,0.));
#5531=DIRECTION('',(0.303662403134267,0.,0.952779693802677));
#5532=DIRECTION('',(0.,1.,0.));
#5533=DIRECTION('',(0.,0.,-1.));
#5534=DIRECTION('',(-0.952779693804649,0.,-0.303662403128077));
#5535=DIRECTION('',(-0.303662403128077,0.,0.952779693804649));
#5536=DIRECTION('',(-0.303662403128077,0.,0.952779693804649));
#5537=DIRECTION('',(0.,-1.,0.));
#5538=DIRECTION('',(0.,1.,0.));
#5539=DIRECTION('',(1.,0.,0.));
#5540=DIRECTION('',(0.,-1.,0.));
#5541=DIRECTION('',(0.,0.,-1.));
#5542=DIRECTION('',(0.,1.,0.));
#5543=DIRECTION('',(1.,0.,0.));
#5544=DIRECTION('',(0.303662403128078,0.,0.952779693804649));
#5545=DIRECTION('',(0.,-1.,0.));
#5546=DIRECTION('',(0.,0.,-1.));
#5547=DIRECTION('',(0.,-1.,0.));
#5548=DIRECTION('',(0.,0.,-1.));
#5549=DIRECTION('',(0.,1.,0.));
#5550=DIRECTION('',(0.,0.,-1.));
#5551=DIRECTION('',(-0.366265005007046,0.,-0.930510583554636));
#5552=DIRECTION('',(0.,1.,0.));
#5553=DIRECTION('',(1.,0.,0.));
#5554=DIRECTION('',(-0.303662403134267,0.,0.952779693802677));
#5555=DIRECTION('',(0.,1.,0.));
#5556=DIRECTION('',(0.,0.,-1.));
#5557=DIRECTION('',(0.,-1.,0.));
#5558=DIRECTION('',(0.,0.,-1.));
#5559=DIRECTION('',(-0.366265005007046,0.,0.930510583554636));
#5560=DIRECTION('',(0.,1.,0.));
#5561=DIRECTION('',(0.,0.,-1.));
#5562=DIRECTION('',(-0.930510583556702,0.,-0.366265005001796));
#5563=DIRECTION('',(-0.366265005001796,0.,0.930510583556702));
#5564=DIRECTION('',(-0.366265005007046,0.,0.930510583554636));
#5565=DIRECTION('',(0.,1.,0.));
#5566=DIRECTION('',(0.366265005007046,0.,-0.930510583554636));
#5567=DIRECTION('',(0.,-1.,0.));
#5568=DIRECTION('',(0.,0.,-1.));
#5569=DIRECTION('',(0.,-1.,0.));
#5570=DIRECTION('',(0.,0.,-1.));
#5571=DIRECTION('',(0.366265005007046,0.,-0.930510583554636));
#5572=DIRECTION('',(-0.930510583556702,0.,0.366265005001796));
#5573=DIRECTION('',(0.,1.,0.));
#5574=DIRECTION('',(0.366265005007046,0.,0.930510583554636));
#5575=DIRECTION('',(0.,-1.,0.));
#5576=DIRECTION('',(-0.366265005007046,0.,-0.930510583554636));
#5577=DIRECTION('',(0.,-1.,0.));
#5578=DIRECTION('',(0.,0.,-1.));
#5579=DIRECTION('',(0.366265005007046,0.,0.930510583554636));
#5580=DIRECTION('',(0.,-1.,0.));
#5581=DIRECTION('',(0.,0.,-1.));
#5582=DIRECTION('',(0.366265005001796,0.,-0.930510583556702));
#5583=DIRECTION('',(0.930510583556702,0.,0.366265005001796));
#5584=DIRECTION('',(0.366265005001796,0.,0.930510583556702));
#5585=DIRECTION('',(-0.930510583556702,0.,0.366265005001796));
#5586=DIRECTION('',(-0.366265005001796,0.,-0.930510583556702));
#5587=DIRECTION('',(0.930510583556702,0.,-0.366265005001796));
#5588=DIRECTION('',(-0.366265005001796,0.,0.930510583556702));
#5589=DIRECTION('',(-0.930510583556702,0.,-0.366265005001796));
#5590=DIRECTION('',(-0.952779693804649,0.,-0.303662403128077));
#5591=DIRECTION('',(-0.303662403128077,0.,0.952779693804649));
#5592=DIRECTION('',(-0.303662403134267,0.,0.952779693802677));
#5593=DIRECTION('',(0.,-1.,0.));
#5594=DIRECTION('',(-0.952779693804649,0.,0.303662403128078));
#5595=DIRECTION('',(0.,1.,0.));
#5596=DIRECTION('',(0.,1.,0.));
#5597=DIRECTION('',(0.,1.,0.));
#5598=DIRECTION('',(0.,0.,-1.));
#5599=DIRECTION('',(0.,-1.,0.));
#5600=DIRECTION('',(0.,0.,-1.));
#5601=DIRECTION('',(0.,1.,0.));
#5602=DIRECTION('',(-0.952779693804649,0.,0.303662403128078));
#5603=DIRECTION('',(0.,1.,0.));
#5604=DIRECTION('',(0.303662403134267,0.,0.952779693802677));
#5605=DIRECTION('',(0.,1.,0.));
#5606=DIRECTION('',(1.,0.,0.));
#5607=DIRECTION('',(0.,0.,1.));
#5608=DIRECTION('',(1.,0.,0.));
#5609=DIRECTION('',(0.,0.,1.));
#5610=DIRECTION('',(1.,0.,0.));
#5611=DIRECTION('',(0.,1.,0.));
#5612=DIRECTION('',(0.,0.,-1.));
#5613=DIRECTION('',(1.,0.,0.));
#5614=DIRECTION('',(1.,0.,0.));
#5615=DIRECTION('',(0.,0.,-1.));
#5616=DIRECTION('',(1.,0.,0.));
#5617=DIRECTION('',(0.,-1.,0.));
#5618=DIRECTION('',(0.,0.,-1.));
#5619=DIRECTION('',(1.,0.,0.));
#5620=DIRECTION('',(-1.,0.,0.));
#5621=DIRECTION('',(0.,0.,-1.));
#5622=DIRECTION('',(1.,0.,0.));
#5623=DIRECTION('',(-7.26708483179473E-15,-1.,0.));
#5624=DIRECTION('',(-1.,7.26708483179473E-15,0.));
#5625=DIRECTION('',(1.,0.,0.));
#5626=DIRECTION('',(0.,0.,-1.));
#5627=DIRECTION('',(0.,0.,1.));
#5628=DIRECTION('',(1.,-7.50150692314295E-15,0.));
#5629=DIRECTION('',(-7.50150692314295E-15,-1.,0.));
#5630=DIRECTION('',(1.,0.,0.));
#5631=DIRECTION('',(0.,-1.,0.));
#5632=DIRECTION('',(-1.,0.,0.));
#5633=DIRECTION('',(1.,0.,0.));
#5634=DIRECTION('',(0.,-1.,0.));
#5635=DIRECTION('',(1.,0.,0.));
#5636=DIRECTION('',(0.,0.,1.));
#5637=DIRECTION('',(1.,0.,0.));
#5638=DIRECTION('',(0.,-1.,0.));
#5639=DIRECTION('',(0.,0.,1.));
#5640=DIRECTION('',(0.,0.,1.));
#5641=DIRECTION('',(-1.,0.,0.));
#5642=DIRECTION('',(0.,0.,1.));
#5643=DIRECTION('',(1.,0.,0.));
#5644=DIRECTION('',(1.,0.,0.));
#5645=DIRECTION('',(0.,1.,0.));
#5646=DIRECTION('',(0.,0.,1.));
#5647=DIRECTION('',(-1.,0.,0.));
#5648=DIRECTION('',(0.,-1.,0.));
#5649=DIRECTION('',(0.,0.,1.));
#5650=DIRECTION('',(-1.,5.42101086242752E-16,0.));
#5651=DIRECTION('',(0.,0.,1.));
#5652=DIRECTION('',(0.,-1.,0.));
#5653=DIRECTION('',(0.,0.,-1.));
#5654=DIRECTION('',(0.,0.,1.));
#5655=DIRECTION('',(1.,0.,0.));
#5656=DIRECTION('',(0.,1.,0.));
#5657=DIRECTION('',(0.,0.,1.));
#5658=DIRECTION('',(0.,1.,0.));
#5659=DIRECTION('',(0.,0.,-1.));
#5660=DIRECTION('',(0.,0.,1.));
#5661=DIRECTION('',(-1.,0.,0.));
#5662=DIRECTION('',(0.,0.,1.));
#5663=DIRECTION('',(-1.,0.,0.));
#5664=DIRECTION('',(0.,0.,1.));
#5665=DIRECTION('',(1.,0.,0.));
#5666=DIRECTION('',(0.,1.,0.));
#5667=DIRECTION('',(-1.,0.,0.));
#5668=DIRECTION('',(0.,-1.,0.));
#5669=DIRECTION('',(0.,0.,1.));
#5670=DIRECTION('',(-1.,0.,0.));
#5671=DIRECTION('',(0.,0.,-1.));
#5672=DIRECTION('',(0.,-1.,0.));
#5673=DIRECTION('',(0.,0.,1.));
#5674=DIRECTION('',(0.,0.,1.));
#5675=DIRECTION('',(-1.,0.,0.));
#5676=DIRECTION('',(0.,0.,-1.));
#5677=DIRECTION('',(-1.,0.,0.));
#5678=DIRECTION('',(0.,0.,1.));
#5679=DIRECTION('',(0.,0.,1.));
#5680=DIRECTION('',(1.,0.,0.));
#5681=DIRECTION('',(1.,0.,0.));
#5682=DIRECTION('',(0.,1.,0.));
#5683=DIRECTION('',(0.,-1.,0.));
#5684=DIRECTION('',(1.,0.,0.));
#5685=DIRECTION('',(-1.,7.26708483179472E-15,0.));
#5686=DIRECTION('',(7.26708483179472E-15,1.,0.));
#5687=DIRECTION('',(0.,0.,1.));
#5688=DIRECTION('',(-1.,0.,0.));
#5689=DIRECTION('',(4.22129344377185E-43,1.,5.62726061179616E-29));
#5690=DIRECTION('',(1.,0.,-7.50150692314295E-15));
#5691=DIRECTION('',(0.,0.,1.));
#5692=DIRECTION('',(1.,0.,0.));
#5693=DIRECTION('',(0.,-1.,0.));
#5694=DIRECTION('',(1.,0.,0.));
#5695=DIRECTION('',(5.42101086242752E-16,1.,0.));
#5696=DIRECTION('',(1.,-5.42101086242752E-16,0.));
#5697=DIRECTION('',(0.,0.,1.));
#5698=DIRECTION('',(1.,0.,0.));
#5699=DIRECTION('',(0.,0.,1.));
#5700=DIRECTION('',(-1.,0.,0.));
#5701=DIRECTION('',(0.,0.,-1.));
#5702=DIRECTION('',(-1.,0.,0.));
#5703=DIRECTION('',(0.,0.,1.));
#5704=DIRECTION('',(0.,0.,-1.));
#5705=DIRECTION('',(1.,0.,0.));
#5706=DIRECTION('',(0.,0.,-1.));
#5707=DIRECTION('',(1.,-4.68844182696437E-16,0.));
#5708=DIRECTION('',(-4.68844182696437E-16,-1.,0.));
#5709=DIRECTION('',(-1.,0.,0.));
#5710=DIRECTION('',(0.,-1.,0.));
#5711=DIRECTION('',(1.,0.,0.));
#5712=DIRECTION('',(-1.,0.,0.));
#5713=DIRECTION('',(0.,-1.,0.));
#5714=DIRECTION('',(-1.,0.,0.));
#5715=DIRECTION('',(0.,0.,1.));
#5716=DIRECTION('',(1.,0.,0.));
#5717=DIRECTION('',(-1.,0.,0.));
#5718=DIRECTION('',(0.,1.,0.));
#5719=DIRECTION('',(0.,0.,1.));
#5720=DIRECTION('',(-1.,0.,0.));
#5721=DIRECTION('',(0.,-1.,0.));
#5722=DIRECTION('',(-1.,0.,0.));
#5723=DIRECTION('',(0.,0.,1.));
#5724=DIRECTION('',(-1.,0.,0.));
#5725=DIRECTION('',(0.,0.,-1.));
#5726=DIRECTION('',(1.,0.,0.));
#5727=DIRECTION('',(0.,0.,-1.));
#5728=DIRECTION('',(0.,0.,1.));
#5729=DIRECTION('',(-1.,0.,0.));
#5730=DIRECTION('',(0.,0.,1.));
#5731=DIRECTION('',(5.42101086242753E-16,1.,0.));
#5732=DIRECTION('',(1.,-5.42101086242753E-16,0.));
#5733=DIRECTION('',(0.,-1.,0.));
#5734=DIRECTION('',(1.,0.,0.));
#5735=DIRECTION('',(0.,1.,0.));
#5736=DIRECTION('',(0.,-1.,0.));
#5737=DIRECTION('',(1.,0.,0.));
#5738=DIRECTION('',(0.,-1.,0.));
#5739=DIRECTION('',(0.,0.,1.));
#5740=DIRECTION('',(-1.,0.,0.));
#5741=DIRECTION('',(0.,0.,-1.));
#5742=DIRECTION('',(1.,0.,0.));
#5743=DIRECTION('',(0.,0.,-1.));
#5744=DIRECTION('',(0.,0.,1.));
#5745=DIRECTION('',(0.,0.,1.));
#5746=DIRECTION('',(1.,0.,0.));
#5747=DIRECTION('',(0.,0.,1.));
#5748=DIRECTION('',(-1.,0.,0.));
#5749=DIRECTION('',(-1.,0.,0.));
#5750=DIRECTION('',(0.,1.,0.));
#5751=DIRECTION('',(0.,0.,1.));
#5752=DIRECTION('',(1.,0.,0.));
#5753=DIRECTION('',(-1.,0.,0.));
#5754=DIRECTION('',(0.,-1.,0.));
#5755=DIRECTION('',(-1.,5.42101086242752E-16,0.));
#5756=DIRECTION('',(0.,0.,1.));
#5757=DIRECTION('',(0.,1.,0.));
#5758=DIRECTION('',(0.,0.,1.));
#5759=DIRECTION('',(1.,-2.71050543121376E-16,0.));
#5760=DIRECTION('',(0.,0.,1.));
#5761=DIRECTION('',(0.,-1.,0.));
#5762=DIRECTION('',(0.,1.,0.));
#5763=DIRECTION('',(0.,0.,1.));
#5764=DIRECTION('',(1.,0.,0.));
#5765=DIRECTION('',(0.,-1.,0.));
#5766=DIRECTION('',(-1.,0.,0.));
#5767=DIRECTION('',(-1.,2.34422091348218E-16,0.));
#5768=DIRECTION('',(2.34422091348218E-16,1.,0.));
#5769=DIRECTION('',(1.,0.,0.));
#5770=DIRECTION('',(-2.71050543121376E-16,-1.,0.));
#5771=DIRECTION('',(-1.,2.71050543121376E-16,0.));
#5772=DIRECTION('',(0.,0.,1.));
#5773=DIRECTION('',(1.,0.,0.));
#5774=DIRECTION('',(0.,0.,1.));
#5775=DIRECTION('',(1.,0.,0.));
#5776=DIRECTION('',(1.,0.,0.));
#5777=DIRECTION('',(-1.,0.,0.));
#5778=DIRECTION('',(0.,0.,-1.));
#5779=DIRECTION('',(1.,0.,0.));
#5780=DIRECTION('',(1.03058921967088E-46,1.,2.1981486764829E-31));
#5781=DIRECTION('',(1.,0.,-4.68844182696437E-16));
#5782=DIRECTION('',(0.,0.,1.));
#5783=DIRECTION('',(-1.,0.,0.));
#5784=DIRECTION('',(0.,0.,-1.));
#5785=DIRECTION('',(-2.34422091348218E-16,-1.,0.));
#5786=DIRECTION('',(-1.,2.34422091348218E-16,0.));
#5787=DIRECTION('',(0.,0.,1.));
#5788=DIRECTION('',(1.,0.,0.));
#5789=DIRECTION('',(0.,0.,-1.));
#5790=DIRECTION('',(1.,0.,0.));
#5791=DIRECTION('',(0.,0.,-1.));
#5792=DIRECTION('',(1.,0.,0.));
#5793=DIRECTION('',(0.,0.,1.));
#5794=DIRECTION('',(0.,0.,-1.));
#5795=DIRECTION('',(1.,0.,0.));
#5796=DIRECTION('',(0.,0.,1.));
#5797=DIRECTION('',(-1.,-3.0327333496098E-15,0.));
#5798=DIRECTION('',(-3.0327333496098E-15,1.,0.));
#5799=DIRECTION('',(0.,1.,0.));
#5800=DIRECTION('',(0.,0.,-1.));
#5801=DIRECTION('',(0.,1.,0.));
#5802=DIRECTION('',(0.,0.,-1.));
#5803=DIRECTION('',(0.,0.,1.));
#5804=DIRECTION('',(-1.,0.,0.));
#5805=DIRECTION('',(0.,0.,-1.));
#5806=DIRECTION('',(-1.,0.,0.));
#5807=DIRECTION('',(0.,0.,-1.));
#5808=DIRECTION('',(0.,0.,-1.));
#5809=DIRECTION('',(-1.,0.,0.));
#5810=DIRECTION('',(3.62314697066628E-43,1.,5.08226493581264E-29));
#5811=DIRECTION('',(1.,0.,-7.12900058620606E-15));
#5812=DIRECTION('',(1.,0.,0.));
#5813=DIRECTION('',(0.,0.,-1.));
#5814=DIRECTION('',(1.,0.,0.));
#5815=DIRECTION('',(0.,0.,-1.));
#5816=DIRECTION('',(0.,-1.,0.));
#5817=DIRECTION('',(0.,0.,-1.));
#5818=DIRECTION('',(1.,0.,0.));
#5819=DIRECTION('',(0.,-1.,0.));
#5820=DIRECTION('',(-1.,0.,0.));
#5821=DIRECTION('',(0.,0.,-1.));
#5822=DIRECTION('',(-1.,0.,0.));
#5823=DIRECTION('',(0.,1.,0.));
#5824=DIRECTION('',(0.,0.,-1.));
#5825=DIRECTION('',(-1.,0.,0.));
#5826=DIRECTION('',(1.,0.,0.));
#5827=DIRECTION('',(0.,0.,-1.));
#5828=DIRECTION('',(1.,0.,0.));
#5829=DIRECTION('',(0.,0.,-1.));
#5830=DIRECTION('',(-1.,0.,0.));
#5831=DIRECTION('',(-1.,0.,0.));
#5832=DIRECTION('',(0.,0.,-1.));
#5833=DIRECTION('',(1.,0.,0.));
#5834=DIRECTION('',(0.,-1.,0.));
#5835=DIRECTION('',(-4.75266705747071E-15,-1.,0.));
#5836=DIRECTION('',(-1.,4.75266705747071E-15,0.));
#5837=DIRECTION('',(0.,0.,-1.));
#5838=DIRECTION('',(-1.,0.,0.));
#5839=DIRECTION('',(0.,0.,-1.));
#5840=DIRECTION('',(0.,0.,-1.));
#5841=DIRECTION('',(0.,-1.,0.));
#5842=DIRECTION('',(0.,-1.,0.));
#5843=DIRECTION('',(0.,0.,-1.));
#5844=DIRECTION('',(1.,0.,0.));
#5845=DIRECTION('',(1.,0.,0.));
#5846=DIRECTION('',(0.,0.,-1.));
#5847=DIRECTION('',(-1.,0.,0.));
#5848=DIRECTION('',(0.,1.,0.));
#5849=DIRECTION('',(0.,0.,-1.));
#5850=DIRECTION('',(-1.,0.,0.));
#5851=DIRECTION('',(-1.,0.,0.));
#5852=DIRECTION('',(0.,0.,-1.));
#5853=DIRECTION('',(1.,0.,0.));
#5854=DIRECTION('',(0.,-1.,0.));
#5855=DIRECTION('',(0.,0.,-1.));
#5856=DIRECTION('',(1.,0.,0.));
#5857=DIRECTION('',(0.,0.,-1.));
#5858=DIRECTION('',(-1.,0.,0.));
#5859=DIRECTION('',(0.,0.,1.));
#5860=DIRECTION('',(-1.,0.,0.));
#5861=DIRECTION('',(0.,0.,1.));
#5862=DIRECTION('',(-1.,0.,0.));
#5863=DIRECTION('',(0.,0.,-1.));
#5864=DIRECTION('',(-1.,0.,0.));
#5865=DIRECTION('',(0.,0.,1.));
#5866=DIRECTION('',(0.,0.,1.));
#5867=DIRECTION('',(0.,0.,-1.));
#5868=DIRECTION('',(1.,0.,0.));
#5869=DIRECTION('',(0.,0.,1.));
#5870=DIRECTION('',(1.,1.62674768139564E-43,2.97998078862668E-29));
#5871=DIRECTION('',(0.,1.,-5.45892002929763E-15));
#5872=DIRECTION('',(0.,0.,-1.));
#5873=DIRECTION('',(0.,0.,1.));
#5874=DIRECTION('',(-1.,0.,0.));
#5875=DIRECTION('',(0.,0.,-1.));
#5876=DIRECTION('',(1.,0.,0.));
#5877=DIRECTION('',(0.,0.,1.));
#5878=DIRECTION('',(0.,0.,1.));
#5879=DIRECTION('',(0.,0.,-1.));
#5880=DIRECTION('',(1.,0.,0.));
#5881=DIRECTION('',(0.,0.,1.));
#5882=DIRECTION('',(0.,0.,1.));
#5883=DIRECTION('',(1.,0.,0.));
#5884=DIRECTION('',(0.,1.,0.));
#5885=DIRECTION('',(2.35861525242461E-15,-1.,0.));
#5886=DIRECTION('',(0.,0.,-1.));
#5887=DIRECTION('',(0.,1.,0.));
#5888=DIRECTION('',(1.,0.,0.));
#5889=DIRECTION('',(0.,0.,1.));
#5890=DIRECTION('',(1.,0.,0.));
#5891=DIRECTION('',(-0.847465336488765,0.,0.530850735565077));
#5892=DIRECTION('',(0.,1.,0.));
#5893=DIRECTION('',(0.530850735567761,0.,0.847465336487085));
#5894=DIRECTION('',(0.,1.,0.));
#5895=DIRECTION('',(0.530850735567761,0.,0.847465336487085));
#5896=DIRECTION('',(0.,1.,0.));
#5897=DIRECTION('',(-1.,0.,0.));
#5898=DIRECTION('',(0.,0.,1.));
#5899=DIRECTION('',(0.,0.,1.));
#5900=DIRECTION('',(0.,1.,0.));
#5901=DIRECTION('',(0.,0.,1.));
#5902=DIRECTION('',(0.,1.,0.));
#5903=DIRECTION('',(0.,1.,0.));
#5904=DIRECTION('',(1.,0.,0.));
#5905=DIRECTION('',(-0.576683197600618,0.,-0.816967863263376));
#5906=DIRECTION('',(-1.,0.,0.));
#5907=DIRECTION('',(1.,0.,0.));
#5908=DIRECTION('',(0.,1.,0.));
#5909=DIRECTION('',(-1.,0.,0.));
#5910=DIRECTION('',(0.,0.,-1.));
#5911=DIRECTION('',(0.816967863264762,0.,-0.576683197598655));
#5912=DIRECTION('',(0.,-1.,0.));
#5913=DIRECTION('',(0.,1.,0.));
#5914=DIRECTION('',(-0.576683197600617,0.,-0.816967863263377));
#5915=DIRECTION('',(0.,1.,0.));
#5916=DIRECTION('',(-1.38366767126959E-44,5.76352077112357E-30,1.));
#5917=DIRECTION('',(1.,2.40073338193219E-15,0.));
#5918=DIRECTION('',(1.,0.,0.));
#5919=DIRECTION('',(0.,0.,-1.));
#5920=DIRECTION('',(0.,-1.,0.));
#5921=DIRECTION('',(-1.,0.,0.));
#5922=DIRECTION('',(0.,1.,0.));
#5923=DIRECTION('',(1.,0.,0.));
#5924=DIRECTION('',(0.,0.,-1.));
#5925=DIRECTION('',(0.,1.,0.));
#5926=DIRECTION('',(-1.,0.,0.));
#5927=DIRECTION('',(0.,-1.,0.));
#5928=DIRECTION('',(0.,0.,1.));
#5929=DIRECTION('',(0.,1.,0.));
#5930=DIRECTION('',(1.,6.949804937887E-31,5.79373894674397E-46));
#5931=DIRECTION('',(0.,-8.33654900896468E-16,1.));
#5932=DIRECTION('',(0.,0.,1.));
#5933=DIRECTION('',(1.,0.,0.));
#5934=DIRECTION('',(0.,1.,0.));
#5935=DIRECTION('',(1.,0.,0.));
#5936=DIRECTION('',(0.,0.,1.));
#5937=DIRECTION('',(0.,1.,0.));
#5938=DIRECTION('',(1.,0.,0.));
#5939=DIRECTION('',(0.530850735567761,0.,-0.847465336487085));
#5940=DIRECTION('',(1.,0.,0.));
#5941=DIRECTION('',(0.,0.,-1.));
#5942=DIRECTION('',(-1.,0.,0.));
#5943=DIRECTION('',(-0.576683197600618,0.,0.816967863263376));
#5944=DIRECTION('',(0.847465336488765,0.,0.530850735565077));
#5945=DIRECTION('',(0.,-1.,0.));
#5946=DIRECTION('',(0.,1.,0.));
#5947=DIRECTION('',(0.530850735567761,0.,-0.847465336487085));
#5948=DIRECTION('',(0.,1.,0.));
#5949=DIRECTION('',(-1.,0.,8.33654900896468E-16));
#5950=DIRECTION('',(0.,1.,0.));
#5951=DIRECTION('',(0.,1.,0.));
#5952=DIRECTION('',(0.,0.,1.));
#5953=DIRECTION('',(0.,1.,0.));
#5954=DIRECTION('',(0.,1.,0.));
#5955=DIRECTION('',(1.,0.,0.));
#5956=DIRECTION('',(-0.576683197600617,0.,0.816967863263377));
#5957=DIRECTION('',(-1.,0.,0.));
#5958=DIRECTION('',(0.,0.,-1.));
#5959=DIRECTION('',(1.,0.,0.));
#5960=DIRECTION('',(0.,1.,0.));
#5961=DIRECTION('',(1.,0.,0.));
#5962=DIRECTION('',(0.,-1.,0.));
#5963=DIRECTION('',(0.,0.,1.));
#5964=DIRECTION('',(-0.816967863264762,0.,-0.576683197598655));
#5965=DIRECTION('',(-0.576683197598655,0.,0.816967863264762));
#5966=DIRECTION('',(0.,1.,0.));
#5967=DIRECTION('',(0.,0.,-1.));
#5968=DIRECTION('',(0.,-1.,0.));
#5969=DIRECTION('',(0.,1.,0.));
#5970=DIRECTION('',(1.,0.,0.));
#5971=DIRECTION('',(0.,1.,0.));
#5972=DIRECTION('',(0.,1.,0.));
#5973=DIRECTION('',(1.38366767126959E-44,5.76352077112357E-30,1.));
#5974=DIRECTION('',(1.,-2.40073338193219E-15,0.));
#5975=DIRECTION('',(0.,0.,1.));
#5976=DIRECTION('',(1.,0.,0.));
#5977=DIRECTION('',(-1.00080200537123E-15,-0.923076923076923,-0.384615384615385));
#5978=DIRECTION('',(0.,0.384615384615385,-0.923076923076923));
#5979=DIRECTION('',(1.,0.,0.));
#5980=DIRECTION('',(0.419058177465014,-0.34921514788918,0.838116354920031));
#5981=DIRECTION('',(-1.,0.,0.));
#5982=DIRECTION('',(0.419058177465016,0.349215147889179,-0.83811635492003));
#5983=DIRECTION('',(-1.,0.,0.));
#5984=DIRECTION('',(0.,0.,1.));
#5985=DIRECTION('',(0.,0.,1.));
#5986=DIRECTION('',(0.,1.,0.));
#5987=DIRECTION('',(0.,0.,-1.));
#5988=DIRECTION('',(0.,1.,0.));
#5989=DIRECTION('',(-7.58941520739853E-16,-1.,0.));
#5990=DIRECTION('',(-1.,7.58941520739853E-16,0.));
#5991=DIRECTION('',(1.,0.,0.));
#5992=DIRECTION('',(0.,0.,1.));
#5993=DIRECTION('',(1.,0.,0.));
#5994=DIRECTION('',(0.,0.,1.));
#5995=DIRECTION('',(1.,-8.51873135524325E-16,0.));
#5996=DIRECTION('',(-8.51873135524325E-16,-1.,0.));
#5997=DIRECTION('',(1.,0.,0.));
#5998=DIRECTION('',(0.,-1.,-1.29246970711411E-36));
#5999=DIRECTION('',(1.,0.,0.));
#6000=DIRECTION('',(-1.,0.,0.));
#6001=DIRECTION('',(0.,1.,0.));
#6002=DIRECTION('',(1.,0.,0.));
#6003=DIRECTION('',(0.,0.,1.));
#6004=DIRECTION('',(1.,0.,0.));
#6005=DIRECTION('',(0.,-1.,0.));
#6006=DIRECTION('',(0.,0.,-1.));
#6007=DIRECTION('',(0.,0.,-1.));
#6008=DIRECTION('',(-1.,0.,0.));
#6009=DIRECTION('',(-1.,0.,0.));
#6010=DIRECTION('',(0.,0.,1.));
#6011=DIRECTION('',(0.,0.,1.));
#6012=DIRECTION('',(1.,0.,0.));
#6013=DIRECTION('',(0.,0.,-1.));
#6014=DIRECTION('',(-0.768221279593942,-0.640184399668601,0.));
#6015=DIRECTION('',(0.,0.,-1.));
#6016=DIRECTION('',(-0.76822127959394,0.640184399668603,0.));
#6017=DIRECTION('',(0.,1.,0.));
#6018=DIRECTION('',(0.,0.,-1.));
#6019=DIRECTION('',(0.768221279593942,0.6401843996686,0.));
#6020=DIRECTION('',(1.,0.,0.));
#6021=DIRECTION('',(0.,0.,-1.));
#6022=DIRECTION('',(0.76822127959394,-0.640184399668603,0.));
#6023=DIRECTION('',(0.,-1.,0.));
#6024=DIRECTION('',(0.,-1.,0.));
#6025=DIRECTION('',(-1.,0.,0.));
#6026=DIRECTION('',(0.,1.,0.));
#6027=DIRECTION('',(0.419058177461747,0.349215147884789,0.838116354923494));
#6028=DIRECTION('',(-0.894427190999916,0.,0.447213595499958));
#6029=DIRECTION('',(0.419058177516284,0.349215147969868,0.838116354860776));
#6030=DIRECTION('',(0.894427190965282,-1.21952725695706E-11,-0.447213595569227));
#6031=DIRECTION('',(-0.419058177465016,-0.349215147889179,-0.83811635492003));
#6032=DIRECTION('',(0.419058177465016,0.349215147889179,0.83811635492003));
#6033=DIRECTION('',(-2.56265968042028E-15,-1.,0.));
#6034=DIRECTION('',(-1.,2.56265968042028E-15,0.));
#6035=DIRECTION('',(0.,-1.,0.));
#6036=DIRECTION('',(-1.,0.,0.));
#6037=DIRECTION('',(0.,-1.,0.));
#6038=DIRECTION('',(0.,-1.,0.));
#6039=DIRECTION('',(1.,0.,0.));
#6040=DIRECTION('',(0.,0.,1.));
#6041=DIRECTION('',(1.,0.,0.));
#6042=DIRECTION('',(0.419058177485049,-0.349215147969869,0.838116354876393));
#6043=DIRECTION('',(-0.894427190979916,0.,0.447213595539958));
#6044=DIRECTION('',(1.,0.,0.));
#6045=DIRECTION('',(0.,1.29249948470647E-36,-1.));
#6046=DIRECTION('',(0.,1.,0.));
#6047=DIRECTION('',(1.,0.,0.));
#6048=DIRECTION('',(-1.,1.0842021724855E-15,0.));
#6049=DIRECTION('',(1.0842021724855E-15,1.,0.));
#6050=DIRECTION('',(1.,0.,0.));
#6051=DIRECTION('',(0.,1.,-1.29246970711411E-36));
#6052=DIRECTION('',(-1.,0.,0.));
#6053=DIRECTION('',(0.,-1.,0.));
#6054=DIRECTION('',(-0.894427190999916,2.55658701861402E-15,-0.447213595499958));
#6055=DIRECTION('',(-0.447213595499958,0.,0.894427190999916));
#6056=DIRECTION('',(0.,-1.,0.));
#6057=DIRECTION('',(-0.419058177465016,-0.349215147889178,0.83811635492003));
#6058=DIRECTION('',(0.,1.,0.));
#6059=DIRECTION('',(0.419058177465014,-0.34921514788918,-0.838116354920031));
#6060=DIRECTION('',(0.894427190999916,-2.29211249944706E-15,-0.447213595499958));
#6061=DIRECTION('',(3.5278932177324E-31,-1.,5.12531936084058E-15));
#6062=DIRECTION('',(-0.419058177465014,0.34921514788918,-0.838116354920031));
#6063=DIRECTION('',(0.,1.,0.));
#6064=DIRECTION('',(0.,0.,1.));
#6065=DIRECTION('',(1.,0.,0.));
#6066=DIRECTION('',(0.,-1.,0.));
#6067=DIRECTION('',(1.,0.,0.));
#6068=DIRECTION('',(0.,1.,0.));
#6069=DIRECTION('',(-1.,0.,0.));
#6070=DIRECTION('',(0.,0.,1.));
#6071=DIRECTION('',(1.,0.,0.));
#6072=DIRECTION('',(-1.,0.,0.));
#6073=DIRECTION('',(0.,1.29249189433979E-36,1.));
#6074=DIRECTION('',(0.,1.,0.));
#6075=DIRECTION('',(-1.,0.,0.));
#6076=DIRECTION('',(-0.419058177516282,0.34921514796987,0.838116354860776));
#6077=DIRECTION('',(0.894427190965282,1.21953835918731E-11,0.447213595569225));
#6078=DIRECTION('',(0.,0.,1.));
#6079=DIRECTION('',(1.,0.,0.));
#6080=DIRECTION('',(-1.,0.,0.));
#6081=DIRECTION('',(0.,0.,1.));
#6082=DIRECTION('',(0.,0.,-1.));
#6083=DIRECTION('',(1.,0.,0.));
#6084=DIRECTION('',(0.,-1.,0.));
#6085=DIRECTION('',(0.,0.,-1.));
#6086=DIRECTION('',(-0.419058177461747,-0.349215147884789,0.838116354923494));
#6087=DIRECTION('',(-0.894427190999916,0.,-0.447213595499958));
#6088=DIRECTION('',(-0.419058177516284,-0.349215147969868,0.838116354860776));
#6089=DIRECTION('',(0.894427190965282,-1.21952725695706E-11,0.447213595569227));
#6090=DIRECTION('',(0.,0.,1.));
#6091=DIRECTION('',(1.,0.,0.));
#6092=DIRECTION('',(0.,1.,0.));
#6093=DIRECTION('',(-1.,0.,1.29248372009875E-36));
#6094=DIRECTION('',(1.,0.,0.));
#6095=DIRECTION('',(0.,1.,0.));
#6096=DIRECTION('',(7.82686055939374E-46,1.,8.49294668469103E-31));
#6097=DIRECTION('',(1.,0.,-9.21571846612679E-16));
#6098=DIRECTION('',(-1.,0.,0.));
#6099=DIRECTION('',(0.,0.,1.));
#6100=DIRECTION('',(0.,0.,1.));
#6101=DIRECTION('',(2.85835118200724E-15,1.,0.));
#6102=DIRECTION('',(1.,-2.85835118200724E-15,0.));
#6103=DIRECTION('',(0.,1.,0.));
#6104=DIRECTION('',(1.,0.,1.29247671360643E-36));
#6105=DIRECTION('',(0.,1.,0.));
#6106=DIRECTION('',(1.,-8.51873135524325E-16,0.));
#6107=DIRECTION('',(-8.51873135524325E-16,-1.,0.));
#6108=DIRECTION('',(1.,0.,0.));
#6109=DIRECTION('',(-1.,0.,0.));
#6110=DIRECTION('',(1.,2.08976778206489E-30,3.02097439323991E-45));
#6111=DIRECTION('',(0.,-1.44560291299682E-15,1.));
#6112=DIRECTION('',(0.,0.,1.));
#6113=DIRECTION('',(0.,-1.,0.));
#6114=DIRECTION('',(0.,0.,-1.));
#6115=DIRECTION('',(0.,1.,0.));
#6116=DIRECTION('',(0.,0.,-1.));
#6117=DIRECTION('',(1.,0.,0.));
#6118=DIRECTION('',(0.,0.,-1.));
#6119=DIRECTION('',(1.,0.,0.));
#6120=DIRECTION('',(0.,0.,1.));
#6121=DIRECTION('',(0.,0.,-1.));
#6122=DIRECTION('',(1.,0.,0.));
#6123=DIRECTION('',(0.,0.,1.));
#6124=DIRECTION('',(-1.,0.,0.));
#6125=DIRECTION('',(0.,0.,-1.));
#6126=DIRECTION('',(0.,0.,-1.));
#6127=DIRECTION('',(1.,0.,0.));
#6128=DIRECTION('',(0.,0.,-1.));
#6129=DIRECTION('',(1.,0.,0.));
#6130=DIRECTION('',(0.,0.,1.));
#6131=DIRECTION('',(0.,0.,-1.));
#6132=DIRECTION('',(-1.,0.,0.));
#6133=DIRECTION('',(0.,0.,1.));
#6134=DIRECTION('',(1.,0.,0.));
#6135=DIRECTION('',(0.,1.,0.));
#6136=DIRECTION('',(0.,-1.,0.));
#6137=DIRECTION('',(1.,0.,0.));
#6138=DIRECTION('',(0.,0.,-1.));
#6139=DIRECTION('',(1.,0.,0.));
#6140=DIRECTION('',(0.,1.,0.));
#6141=DIRECTION('',(0.,0.,-1.));
#6142=DIRECTION('',(-1.,0.,0.));
#6143=DIRECTION('',(-1.,0.,0.));
#6144=DIRECTION('',(7.86344432791685E-16,0.923076923076923,-0.384615384615385));
#6145=DIRECTION('',(-1.,0.,-2.04449552525838E-15));
#6146=DIRECTION('',(-0.419058177465014,0.34921514788918,0.838116354920031));
#6147=DIRECTION('',(0.,0.,1.));
#6148=DIRECTION('',(1.,0.,0.));
#6149=DIRECTION('',(0.,-1.,0.));
#6150=DIRECTION('',(-1.,0.,0.));
#6151=DIRECTION('',(-0.419058177461745,0.34921514788479,-0.838116354923494));
#6152=DIRECTION('',(0.894427190999917,0.,-0.447213595499956));
#6153=DIRECTION('',(0.,-1.,0.));
#6154=DIRECTION('',(1.,0.,0.));
#6155=DIRECTION('',(2.85835118200724E-15,1.,0.));
#6156=DIRECTION('',(1.,-2.85835118200724E-15,0.));
#6157=DIRECTION('',(0.,-1.,0.));
#6158=DIRECTION('',(-1.,0.,0.));
#6159=DIRECTION('',(0.,1.,0.));
#6160=DIRECTION('',(1.,0.,0.));
#6161=DIRECTION('',(1.,0.,0.));
#6162=DIRECTION('',(0.00769208012926549,0.,0.999970415514022));
#6163=DIRECTION('',(0.,1.,0.));
#6164=DIRECTION('',(1.,0.,0.));
#6165=DIRECTION('',(-1.,0.,0.));
#6166=DIRECTION('',(0.,0.,-1.));
#6167=DIRECTION('',(-0.00769208012926549,0.,-0.999970415514022));
#6168=DIRECTION('',(1.,0.,0.));
#6169=DIRECTION('',(0.,0.,1.));
#6170=DIRECTION('',(-1.,0.,0.));
#6171=DIRECTION('',(0.,0.,1.));
#6172=DIRECTION('',(-1.,0.,0.));
#6173=DIRECTION('',(0.,0.,1.));
#6174=DIRECTION('',(0.,-1.,0.));
#6175=DIRECTION('',(0.,0.,1.));
#6176=DIRECTION('',(0.,-1.,0.));
#6177=DIRECTION('',(0.,0.,-1.));
#6178=DIRECTION('',(0.,-1.,0.));
#6179=DIRECTION('',(0.,0.,1.));
#6180=DIRECTION('',(0.,-1.,0.));
#6181=DIRECTION('',(0.,0.,-1.));
#6182=DIRECTION('',(-1.,0.,0.));
#6183=DIRECTION('',(0.,0.,-1.));
#6184=DIRECTION('',(0.00769208011934357,0.,0.999970415514098));
#6185=DIRECTION('',(-0.999970415514098,0.,0.00769208011934357));
#6186=DIRECTION('',(-0.00769208012926549,0.,-0.999970415514022));
#6187=DIRECTION('',(-1.,2.16840434497101E-15,0.));
#6188=DIRECTION('',(0.,0.,1.));
#6189=DIRECTION('',(-0.999970415514098,0.,0.007692080119343));
#6190=DIRECTION('',(0.,1.,0.));
#6191=DIRECTION('',(0.00769208012926549,0.,0.999970415514022));
#6192=DIRECTION('',(0.419058177461747,-0.34921514788479,-0.838116354923494));
#6193=DIRECTION('',(0.894427190999916,0.,0.447213595499958));
#6194=DIRECTION('',(0.,0.,1.));
#6195=DIRECTION('',(1.,0.,0.));
#6196=DIRECTION('',(0.,0.,1.));
#6197=DIRECTION('',(-1.,0.,0.));
#6198=DIRECTION('',(0.,0.,-1.));
#6199=DIRECTION('',(-1.,0.,0.));
#6200=DIRECTION('',(0.,0.,-1.));
#6201=DIRECTION('',(-1.,0.,0.));
#6202=DIRECTION('',(-1.,1.0842021724855E-15,0.));
#6203=DIRECTION('',(1.0842021724855E-15,1.,0.));
#6204=DIRECTION('',(-1.,0.,0.));
#6205=DIRECTION('',(0.,-1.,0.));
#6206=DIRECTION('',(0.,0.,1.));
#6207=DIRECTION('',(1.,0.,0.));
#6208=DIRECTION('',(1.,-2.71050543121376E-15,0.));
#6209=DIRECTION('',(0.,0.,1.));
#6210=DIRECTION('',(-0.00769208011934357,0.,-0.999970415514098));
#6211=DIRECTION('',(0.999970415514098,0.,-0.00769208011934357));
#6212=DIRECTION('',(-2.56265968042028E-15,-1.,0.));
#6213=DIRECTION('',(-1.,2.56265968042028E-15,0.));
#6214=DIRECTION('',(0.,0.,1.));
#6215=DIRECTION('',(1.,0.,0.));
#6216=DIRECTION('',(0.,0.,1.));
#6217=DIRECTION('',(1.,0.,0.));
#6218=CARTESIAN_POINT('',(0.,0.,0.));
#6219=CARTESIAN_POINT('',(2.9,-1.75,0.3));
#6220=CARTESIAN_POINT('',(2.90000000000999,-1.7291287847578,3.00000000001));
#6221=CARTESIAN_POINT('',(2.9,-1.72912878474779,0.));
#6222=CARTESIAN_POINT('',(2.90000000000841,-1.72912878475515,0.300000000006667));
#6223=CARTESIAN_POINT('',(2.90000000001,-1.75000000001,0.));
#6224=CARTESIAN_POINT('',(2.9,1.72912878474779,0.));
#6225=CARTESIAN_POINT('',(2.90000000000999,1.7291287847578,3.00000000001));
#6226=CARTESIAN_POINT('',(2.90000000000842,1.72912878475515,0.300000000006667));
#6227=CARTESIAN_POINT('',(2.9,-1.75,0.3));
#6228=CARTESIAN_POINT('',(-1.08786796564403,-1.325,1.4));
#6229=CARTESIAN_POINT('',(-1.08786796565403,-1.32500000001,3.00000000001));
#6230=CARTESIAN_POINT('',(-1.08786796564403,-1.475,3.));
#6231=CARTESIAN_POINT('',(-1.19393398282202,-1.43106601717798,3.));
#6232=CARTESIAN_POINT('',(-1.08786796565403,-1.47500000001,1.40000000001));
#6233=CARTESIAN_POINT('',(-1.08786796564403,-1.475,1.4));
#6234=CARTESIAN_POINT('',(-1.08786796565403,-1.32500000001,1.40000000001));
#6235=CARTESIAN_POINT('',(-1.19393398282202,-1.43106601717798,1.4));
#6236=CARTESIAN_POINT('',(-1.19393398283202,-1.43106601718798,1.40000000001));
#6237=CARTESIAN_POINT('',(-3.05,-1.75,3.));
#6238=CARTESIAN_POINT('',(-3.05000000001,-1.75000000001,0.));
#6239=CARTESIAN_POINT('',(1.55,-1.75,0.));
#6240=CARTESIAN_POINT('',(2.8,-1.75,0.));
#6241=CARTESIAN_POINT('',(2.80000000001,-1.75000000001,3.00000000001));
#6242=CARTESIAN_POINT('',(2.8,-1.75,3.));
#6243=CARTESIAN_POINT('',(-3.05000000001,-1.75000000001,3.00000000001));
#6244=CARTESIAN_POINT('',(-2.8,-1.75,3.));
#6245=CARTESIAN_POINT('',(-2.80000000001,-1.75000000001,3.00000000001));
#6246=CARTESIAN_POINT('',(-2.8,-1.75,0.));
#6247=CARTESIAN_POINT('',(-3.05000000001,-1.75000000001,0.));
#6248=CARTESIAN_POINT('',(-1.55,-1.75,0.));
#6249=CARTESIAN_POINT('',(-1.55000000001,-1.75000000001,0.35000000001));
#6250=CARTESIAN_POINT('',(-1.55,-1.75,0.35));
#6251=CARTESIAN_POINT('',(1.55000000001,-1.75000000001,0.35000000001));
#6252=CARTESIAN_POINT('',(1.55,-1.75,0.35));
#6253=CARTESIAN_POINT('',(1.55000000001,-1.75000000001,0.35000000001));
#6254=CARTESIAN_POINT('',(0.600000000000001,1.35,0.8));
#6255=CARTESIAN_POINT('',(0.600000000000001,1.35,0.35));
#6256=CARTESIAN_POINT('',(0.600000000006668,-0.750000000006668,0.350000000006667));
#6257=CARTESIAN_POINT('',(0.600000000006668,-1.35000000000667,0.350000000006667));
#6258=CARTESIAN_POINT('',(0.600000000000001,-1.35,0.8));
#6259=CARTESIAN_POINT('',(0.600000000006668,-1.35000000000667,0.800000000006667));
#6260=CARTESIAN_POINT('',(0.600000000000001,1.35,0.8));
#6261=CARTESIAN_POINT('',(0.600000000006668,-0.750000000006668,0.800000000006667));
#6262=CARTESIAN_POINT('',(0.600000000000001,-0.750000000000001,0.8));
#6263=CARTESIAN_POINT('',(-0.599999999999999,0.299999999999999,0.8));
#6264=CARTESIAN_POINT('',(-0.600000000009999,0.300000000009999,0.35000000001));
#6265=CARTESIAN_POINT('',(-0.599999999999999,0.299999999999999,0.35));
#6266=CARTESIAN_POINT('',(0.600000000006668,0.300000000006666,0.350000000006667));
#6267=CARTESIAN_POINT('',(0.600000000000001,0.299999999999999,0.8));
#6268=CARTESIAN_POINT('',(0.600000000006668,0.300000000006666,0.800000000006667));
#6269=CARTESIAN_POINT('',(-0.599999999999999,0.299999999999999,0.8));
#6270=CARTESIAN_POINT('',(-0.600000000006665,0.300000000006666,0.800000000006667));
#6271=CARTESIAN_POINT('',(-0.600000000009999,0.300000000009999,0.80000000001));
#6272=CARTESIAN_POINT('',(-0.599999999999999,-0.750000000000001,0.8));
#6273=CARTESIAN_POINT('',(-0.599999999999999,-0.750000000000001,3.25));
#6274=CARTESIAN_POINT('',(2.12500000000667,-0.750000000006667,3.25000000000667));
#6275=CARTESIAN_POINT('',(2.22000000000667,-0.750000000006667,3.25000000000667));
#6276=CARTESIAN_POINT('',(2.22,-0.750000000000001,0.8));
#6277=CARTESIAN_POINT('',(2.22000000000667,-0.750000000006667,1.40000000000667));
#6278=CARTESIAN_POINT('',(-3.54020424696102E-47,-0.750000000000001,1.4));
#6279=CARTESIAN_POINT('',(2.12500000000667,-0.750000000006667,1.40000000000667));
#6280=CARTESIAN_POINT('',(2.125,-0.750000000000001,0.8));
#6281=CARTESIAN_POINT('',(0.,0.,3.25));
#6282=CARTESIAN_POINT('',(2.65000000001,-1.00000000001,3.25000000001));
#6283=CARTESIAN_POINT('',(2.65,-0.9,3.25));
#6284=CARTESIAN_POINT('',(2.65000000000001,0.9,3.25));
#6285=CARTESIAN_POINT('',(2.55000000001001,0.90000000001,3.25000000001));
#6286=CARTESIAN_POINT('',(2.55000000000001,1.,3.25));
#6287=CARTESIAN_POINT('',(2.65000000001001,1.00000000001,3.25000000001));
#6288=CARTESIAN_POINT('',(2.12500000000001,1.,3.25));
#6289=CARTESIAN_POINT('',(2.12500000001,-1.30000000001,3.25000000001));
#6290=CARTESIAN_POINT('',(2.12500000000667,0.750000000006667,3.25000000000667));
#6291=CARTESIAN_POINT('',(0.599999999999999,0.749999999999999,3.25));
#6292=CARTESIAN_POINT('',(2.22000000000667,0.750000000006667,3.25000000000667));
#6293=CARTESIAN_POINT('',(2.22000000001,-1.00051347814889E-11,3.25000000001));
#6294=CARTESIAN_POINT('',(2.12500000001,-1.30000000001,3.25000000001));
#6295=CARTESIAN_POINT('',(2.12500000000667,-1.00000000000667,3.25000000000667));
#6296=CARTESIAN_POINT('',(-1.90242112769636E-45,-0.999999999999998,3.25));
#6297=CARTESIAN_POINT('',(2.55000000000333,-1.00000000001,3.25000000000667));
#6298=CARTESIAN_POINT('',(2.55000000001,-0.90000000001,3.25000000001));
#6299=CARTESIAN_POINT('',(1.55,1.75,0.35));
#6300=CARTESIAN_POINT('',(1.55000000001,1.75000000001,0.));
#6301=CARTESIAN_POINT('',(1.55,1.75,0.));
#6302=CARTESIAN_POINT('',(1.55000000001,1.75000000001,0.35000000001));
#6303=CARTESIAN_POINT('',(1.55,1.75,0.35));
#6304=CARTESIAN_POINT('',(1.55000000001,1.75000000001,0.35000000001));
#6305=CARTESIAN_POINT('',(-1.65,0.,1.35));
#6306=CARTESIAN_POINT('',(1.65,0.,1.35));
#6307=CARTESIAN_POINT('',(2.05,0.,1.35));
#6308=CARTESIAN_POINT('',(-1.38713203435596,1.45,1.4));
#6309=CARTESIAN_POINT('',(-1.38713203436596,1.45000000001,1.40000000001));
#6310=CARTESIAN_POINT('',(-1.28106601717798,1.34393398282202,1.4));
#6311=CARTESIAN_POINT('',(-1.38713203435596,1.3,1.4));
#6312=CARTESIAN_POINT('',(-1.28106601718798,1.34393398283202,1.40000000001));
#6313=CARTESIAN_POINT('',(-1.28106601717798,1.34393398282202,3.));
#6314=CARTESIAN_POINT('',(-1.38713203436596,1.45000000001,3.00000000001));
#6315=CARTESIAN_POINT('',(-1.38713203435596,1.3,3.));
#6316=CARTESIAN_POINT('',(-1.38713203436596,1.30000000001,3.00000000001));
#6317=CARTESIAN_POINT('',(3.05,1.75,3.));
#6318=CARTESIAN_POINT('',(3.05000000001,1.75000000001,0.));
#6319=CARTESIAN_POINT('',(-1.55,1.75,0.));
#6320=CARTESIAN_POINT('',(-2.8,1.75,0.));
#6321=CARTESIAN_POINT('',(-2.80000000001,1.75000000001,3.00000000001));
#6322=CARTESIAN_POINT('',(-2.8,1.75,3.));
#6323=CARTESIAN_POINT('',(3.05000000001,1.75000000001,3.00000000001));
#6324=CARTESIAN_POINT('',(2.8,1.75,3.));
#6325=CARTESIAN_POINT('',(2.80000000001,1.75000000001,3.00000000001));
#6326=CARTESIAN_POINT('',(2.8,1.75,0.));
#6327=CARTESIAN_POINT('',(3.05000000001,1.75000000001,0.));
#6328=CARTESIAN_POINT('',(-1.55000000001,1.75000000001,0.35000000001));
#6329=CARTESIAN_POINT('',(-1.55,1.75,0.35));
#6330=CARTESIAN_POINT('',(-1.55000000001,1.75000000001,0.35000000001));
#6331=CARTESIAN_POINT('',(0.,0.,0.35));
#6332=CARTESIAN_POINT('',(-1.55000000001,-1.75000000001,0.35000000001));
#6333=CARTESIAN_POINT('',(-0.599999999999998,-0.300000000000001,0.35));
#6334=CARTESIAN_POINT('',(-0.600000000006665,0.750000000006666,0.350000000006667));
#6335=CARTESIAN_POINT('',(-0.600000000006665,1.35000000000667,0.350000000006667));
#6336=CARTESIAN_POINT('',(0.600000000009999,0.750000000009999,0.35000000001));
#6337=CARTESIAN_POINT('',(0.600000000000002,0.749999999999999,0.35));
#6338=CARTESIAN_POINT('',(0.600000000010001,1.35000000001,0.35000000001));
#6339=CARTESIAN_POINT('',(0.600000000000001,1.35,0.35));
#6340=CARTESIAN_POINT('',(-0.600000000009999,1.35000000001,0.35000000001));
#6341=CARTESIAN_POINT('',(-0.600000000009998,-0.300000000010001,0.35000000001));
#6342=CARTESIAN_POINT('',(-0.599999999999998,-0.300000000000001,0.35));
#6343=CARTESIAN_POINT('',(0.600000000009999,-0.300000000010001,0.35000000001));
#6344=CARTESIAN_POINT('',(0.600000000006668,-0.300000000006668,0.350000000006667));
#6345=CARTESIAN_POINT('',(0.600000000000001,1.35,0.35));
#6346=CARTESIAN_POINT('',(-0.599999999999998,-0.300000000000001,0.35));
#6347=CARTESIAN_POINT('',(-0.600000000006665,-1.35000000000667,0.350000000006667));
#6348=CARTESIAN_POINT('',(-0.600000000006665,-0.750000000006668,0.350000000006667));
#6349=CARTESIAN_POINT('',(0.600000000009999,-1.35000000001,0.35000000001));
#6350=CARTESIAN_POINT('',(-0.600000000009999,-0.750000000010001,0.35000000001));
#6351=CARTESIAN_POINT('',(2.55000000000001,0.9,3.9));
#6352=CARTESIAN_POINT('',(2.65000000001001,0.90000000001,3.90000000001));
#6353=CARTESIAN_POINT('',(2.65000000000001,0.9,3.));
#6354=CARTESIAN_POINT('',(2.55000000001001,0.90000000001,3.00000000001));
#6355=CARTESIAN_POINT('',(2.55000000000001,1.,3.));
#6356=CARTESIAN_POINT('',(2.55000000001001,1.00000000001,3.90000000001));
#6357=CARTESIAN_POINT('',(-2.65,-0.999999999999998,3.9));
#6358=CARTESIAN_POINT('',(-2.65,-0.999999999999998,3.));
#6359=CARTESIAN_POINT('',(2.12500000000667,-1.00000000000667,3.00000000000667));
#6360=CARTESIAN_POINT('',(2.55000000000333,-1.00000000001,3.00000000000667));
#6361=CARTESIAN_POINT('',(2.55,-0.999999999999999,3.9));
#6362=CARTESIAN_POINT('',(2.125,-0.999999999999998,3.9));
#6363=CARTESIAN_POINT('',(2.65,-1.,3.9));
#6364=CARTESIAN_POINT('',(2.65000000001,-1.00000000001,3.00000000001));
#6365=CARTESIAN_POINT('',(2.65,-0.9,3.));
#6366=CARTESIAN_POINT('',(2.65000000001,-0.90000000001,3.90000000001));
#6367=CARTESIAN_POINT('',(-1.15,-1.475,1.4));
#6368=CARTESIAN_POINT('',(-1.15000000001,-1.47500000001,1.40000000001));
#6369=CARTESIAN_POINT('',(1.08786796564404,-1.475,1.4));
#6370=CARTESIAN_POINT('',(-1.15000000001,-1.47500000001,3.00000000001));
#6371=CARTESIAN_POINT('',(1.08786796564404,-1.475,3.));
#6372=CARTESIAN_POINT('',(1.08786796565404,-1.47500000001,1.40000000001));
#6373=CARTESIAN_POINT('',(-2.55,-0.899999999999998,3.9));
#6374=CARTESIAN_POINT('',(-2.55000000001,-0.900000000009998,3.25000000001));
#6375=CARTESIAN_POINT('',(-2.65,-0.899999999999998,3.25));
#6376=CARTESIAN_POINT('',(-2.55,-0.999999999999999,3.25));
#6377=CARTESIAN_POINT('',(-2.65000000001,-0.900000000009998,3.90000000001));
#6378=CARTESIAN_POINT('',(-2.65,-0.899999999999998,3.));
#6379=CARTESIAN_POINT('',(-2.55000000001,-0.900000000009998,3.00000000001));
#6380=CARTESIAN_POINT('',(-2.55,-0.999999999999999,3.));
#6381=CARTESIAN_POINT('',(-2.55000000001,-1.00000000001,3.90000000001));
#6382=CARTESIAN_POINT('',(-0.599999999999998,-0.300000000000001,0.8));
#6383=CARTESIAN_POINT('',(-0.600000000000001,1.35,0.8));
#6384=CARTESIAN_POINT('',(-0.600000000006665,1.35000000000667,0.800000000006667));
#6385=CARTESIAN_POINT('',(-0.599999999999998,-0.300000000000001,0.8));
#6386=CARTESIAN_POINT('',(-0.600000000006665,0.750000000006666,0.800000000006667));
#6387=CARTESIAN_POINT('',(-0.6,0.749999999999999,0.8));
#6388=CARTESIAN_POINT('',(0.,0.,0.));
#6389=CARTESIAN_POINT('',(-2.90000000001,-1.75000000001,0.));
#6390=CARTESIAN_POINT('',(-2.9,-1.7291287847478,0.));
#6391=CARTESIAN_POINT('',(-2.9,1.7291287847478,0.));
#6392=CARTESIAN_POINT('',(-2.80000000001,1.50000000001,0.));
#6393=CARTESIAN_POINT('',(-1.55000000001,-1.75000000001,0.));
#6394=CARTESIAN_POINT('',(-2.80000000001,-1.50000000001,0.));
#6395=CARTESIAN_POINT('',(2.8,-1.5,3.));
#6396=CARTESIAN_POINT('',(2.8,-1.5,0.3));
#6397=CARTESIAN_POINT('',(3.0000000000104,-1.65000000000613,0.300000000006667));
#6398=CARTESIAN_POINT('',(3.00000000001,-1.65000000001,3.00000000001));
#6399=CARTESIAN_POINT('',(3.,-1.65,3.));
#6400=CARTESIAN_POINT('',(2.80000000001,-1.50000000001,3.00000000001));
#6401=CARTESIAN_POINT('',(2.80000000001,-1.50000000001,0.));
#6402=CARTESIAN_POINT('',(2.12500000000001,1.3,1.4));
#6403=CARTESIAN_POINT('',(2.12500000001001,1.30000000001,1.40000000001));
#6404=CARTESIAN_POINT('',(-2.12499999999999,1.3,1.4));
#6405=CARTESIAN_POINT('',(2.12500000001001,1.30000000001,3.00000000001));
#6406=CARTESIAN_POINT('',(-2.12499999999999,1.3,3.));
#6407=CARTESIAN_POINT('',(-2.12500000000999,1.30000000001,1.40000000001));
#6408=CARTESIAN_POINT('',(2.65000000000001,1.,3.9));
#6409=CARTESIAN_POINT('',(2.65000000000001,1.,3.));
#6410=CARTESIAN_POINT('',(-2.12500000000666,1.00000000000667,3.00000000000667));
#6411=CARTESIAN_POINT('',(-2.55000000000332,1.00000000001,3.00000000000667));
#6412=CARTESIAN_POINT('',(-2.54999999999999,1.,3.9));
#6413=CARTESIAN_POINT('',(-2.55000000000332,1.00000000001,3.25000000000667));
#6414=CARTESIAN_POINT('',(4.13029399042097E-16,1.,3.25));
#6415=CARTESIAN_POINT('',(-2.12500000000666,1.00000000000667,3.25000000000667));
#6416=CARTESIAN_POINT('',(-2.12499999999999,1.,3.9));
#6417=CARTESIAN_POINT('',(0.599999999999999,-0.300000000000001,0.8));
#6418=CARTESIAN_POINT('',(-0.600000000009998,-0.300000000010001,0.80000000001));
#6419=CARTESIAN_POINT('',(-0.600000000006665,-0.300000000006668,0.800000000006667));
#6420=CARTESIAN_POINT('',(0.599999999999999,-0.300000000000001,0.8));
#6421=CARTESIAN_POINT('',(0.600000000006668,-0.300000000006668,0.800000000006667));
#6422=CARTESIAN_POINT('',(0.600000000000001,-0.300000000000001,0.8));
#6423=CARTESIAN_POINT('',(0.600000000000001,1.35,0.8));
#6424=CARTESIAN_POINT('',(0.600000000000001,1.35,0.8));
#6425=CARTESIAN_POINT('',(-1.32499999999999,1.3,1.4));
#6426=CARTESIAN_POINT('',(-1.31250000001,1.31250000001,3.00000000001));
#6427=CARTESIAN_POINT('',(-1.19393398282201,1.43106601717798,3.));
#6428=CARTESIAN_POINT('',(-1.32500000000999,1.30000000001,1.40000000001));
#6429=CARTESIAN_POINT('',(-1.19393398282201,1.43106601717798,1.4));
#6430=CARTESIAN_POINT('',(-1.19393398283201,1.43106601718798,1.40000000001));
#6431=CARTESIAN_POINT('',(-3.,-1.75,0.3));
#6432=CARTESIAN_POINT('',(-3.00000000001,1.65000000001,3.00000000001));
#6433=CARTESIAN_POINT('',(-3.,1.65,0.3));
#6434=CARTESIAN_POINT('',(-3.,1.65,3.));
#6435=CARTESIAN_POINT('',(-3.00000000001,-1.75000000001,0.30000000001));
#6436=CARTESIAN_POINT('',(-3.,-1.65,0.3));
#6437=CARTESIAN_POINT('',(-3.00000000001,-1.65000000001,3.00000000001));
#6438=CARTESIAN_POINT('',(-3.,-1.65,3.));
#6439=CARTESIAN_POINT('',(-3.00000000001,0.,3.00000000001));
#6440=CARTESIAN_POINT('',(-2.12499999999999,1.3,1.4));
#6441=CARTESIAN_POINT('',(-2.12499999999999,0.75,0.8));
#6442=CARTESIAN_POINT('',(-2.12500000000666,0.750000000006669,1.40000000000667));
#6443=CARTESIAN_POINT('',(-2.12500000000666,0.750000000006668,3.25000000000667));
#6444=CARTESIAN_POINT('',(-2.12500000000999,1.30000000001,1.40000000001));
#6445=CARTESIAN_POINT('',(-2.12500000000999,1.30000000001,3.00000000001));
#6446=CARTESIAN_POINT('',(-2.12500000000999,1.30000000001,3.25000000001));
#6447=CARTESIAN_POINT('',(-1.65,0.,1.35));
#6448=CARTESIAN_POINT('',(-1.65000000001,0.,1.35000000001));
#6449=CARTESIAN_POINT('',(-1.25000000001,0.,1.35000000001));
#6450=CARTESIAN_POINT('',(1.38713203435597,-1.45,1.4));
#6451=CARTESIAN_POINT('',(1.38713203436597,-1.45000000001,1.40000000001));
#6452=CARTESIAN_POINT('',(1.28106601717798,-1.34393398282202,1.4));
#6453=CARTESIAN_POINT('',(1.38713203435597,-1.3,1.4));
#6454=CARTESIAN_POINT('',(1.28106601718798,-1.34393398283202,1.40000000001));
#6455=CARTESIAN_POINT('',(1.28106601717798,-1.34393398282202,3.));
#6456=CARTESIAN_POINT('',(1.38713203436597,-1.45000000001,3.00000000001));
#6457=CARTESIAN_POINT('',(1.38713203435597,-1.3,3.));
#6458=CARTESIAN_POINT('',(1.38713203436597,-1.30000000001,3.00000000001));
#6459=CARTESIAN_POINT('',(1.15000000000001,1.475,1.4));
#6460=CARTESIAN_POINT('',(1.15000000001001,1.47500000001,1.40000000001));
#6461=CARTESIAN_POINT('',(1.08786796564404,1.475,1.4));
#6462=CARTESIAN_POINT('',(-1.08786796564403,1.475,1.4));
#6463=CARTESIAN_POINT('',(1.08786796565404,1.47500000001,1.40000000001));
#6464=CARTESIAN_POINT('',(1.08786796564404,1.475,3.));
#6465=CARTESIAN_POINT('',(1.15000000001001,1.47500000001,3.00000000001));
#6466=CARTESIAN_POINT('',(-1.08786796564403,1.475,3.));
#6467=CARTESIAN_POINT('',(-1.08786796565403,1.47500000001,1.40000000001));
#6468=CARTESIAN_POINT('',(2.125,-1.3,1.4));
#6469=CARTESIAN_POINT('',(2.12500000001,-1.30000000001,1.40000000001));
#6470=CARTESIAN_POINT('',(2.12500000000001,1.3,1.4));
#6471=CARTESIAN_POINT('',(2.12500000000667,0.750000000006667,1.40000000000667));
#6472=CARTESIAN_POINT('',(2.125,0.749999999999998,1.4));
#6473=CARTESIAN_POINT('',(2.12500000001001,1.00000000001,3.90000000001));
#6474=CARTESIAN_POINT('',(2.12500000000001,1.,3.));
#6475=CARTESIAN_POINT('',(2.12500000001,-1.30000000001,3.00000000001));
#6476=CARTESIAN_POINT('',(2.12500000000001,1.3,3.));
#6477=CARTESIAN_POINT('',(2.12500000001001,1.30000000001,1.40000000001));
#6478=CARTESIAN_POINT('',(-2.9,-1.75,0.));
#6479=CARTESIAN_POINT('',(-2.90000000000999,-1.7291287847578,3.00000000001));
#6480=CARTESIAN_POINT('',(-2.9,-1.72912878474779,0.3));
#6481=CARTESIAN_POINT('',(-2.90000000001,-1.75000000001,0.30000000001));
#6482=CARTESIAN_POINT('',(-2.9,1.72912878474779,0.3));
#6483=CARTESIAN_POINT('',(-2.90000000000999,1.7291287847578,3.00000000001));
#6484=CARTESIAN_POINT('',(1.32500000000001,1.3,1.4));
#6485=CARTESIAN_POINT('',(1.31250000001001,1.31250000001,3.00000000001));
#6486=CARTESIAN_POINT('',(1.19393398282202,1.43106601717798,3.));
#6487=CARTESIAN_POINT('',(1.28106601717799,1.34393398282202,3.));
#6488=CARTESIAN_POINT('',(1.19393398283202,1.43106601718798,1.40000000001));
#6489=CARTESIAN_POINT('',(1.19393398282202,1.43106601717798,1.4));
#6490=CARTESIAN_POINT('',(1.32500000001001,1.30000000001,1.40000000001));
#6491=CARTESIAN_POINT('',(1.28106601717799,1.34393398282202,1.4));
#6492=CARTESIAN_POINT('',(1.28106601718799,1.34393398283202,3.00000000001));
#6493=CARTESIAN_POINT('',(-0.599999999999998,-0.300000000000001,0.8));
#6494=CARTESIAN_POINT('',(-0.599999999999997,-0.750000000000001,0.8));
#6495=CARTESIAN_POINT('',(-0.600000000006665,-0.750000000006668,0.800000000006667));
#6496=CARTESIAN_POINT('',(-0.599999999999998,-0.300000000000001,0.8));
#6497=CARTESIAN_POINT('',(-0.600000000006665,-1.35000000000667,0.800000000006667));
#6498=CARTESIAN_POINT('',(-0.599999999999996,-1.35,0.8));
#6499=CARTESIAN_POINT('',(0.600000000000001,1.35,0.8));
#6500=CARTESIAN_POINT('',(0.600000000010002,0.750000000009999,0.80000000001));
#6501=CARTESIAN_POINT('',(0.600000000000002,0.749999999999999,0.8));
#6502=CARTESIAN_POINT('',(0.600000000010001,1.35000000001,0.80000000001));
#6503=CARTESIAN_POINT('',(0.600000000000001,1.35,0.8));
#6504=CARTESIAN_POINT('',(0.600000000010001,1.35000000001,0.80000000001));
#6505=CARTESIAN_POINT('',(-2.125,-1.3,1.4));
#6506=CARTESIAN_POINT('',(-2.12500000001,-1.30000000001,1.40000000001));
#6507=CARTESIAN_POINT('',(2.125,-1.3,1.4));
#6508=CARTESIAN_POINT('',(-2.12500000001,-1.30000000001,3.00000000001));
#6509=CARTESIAN_POINT('',(2.125,-1.3,3.));
#6510=CARTESIAN_POINT('',(2.12500000001,-1.30000000001,1.40000000001));
#6511=CARTESIAN_POINT('',(2.55,-0.9,3.9));
#6512=CARTESIAN_POINT('',(2.55000000001,-0.90000000001,3.00000000001));
#6513=CARTESIAN_POINT('',(-1.38713203435596,-1.45,1.4));
#6514=CARTESIAN_POINT('',(-1.38713203436596,-1.45000000001,3.00000000001));
#6515=CARTESIAN_POINT('',(-1.28106601717798,-1.34393398282202,3.));
#6516=CARTESIAN_POINT('',(-1.38713203435596,-1.3,3.));
#6517=CARTESIAN_POINT('',(-1.28106601718798,-1.34393398283202,3.00000000001));
#6518=CARTESIAN_POINT('',(-1.28106601717798,-1.34393398282202,1.4));
#6519=CARTESIAN_POINT('',(-1.38713203436596,-1.45000000001,1.40000000001));
#6520=CARTESIAN_POINT('',(-1.38713203435596,-1.3,1.4));
#6521=CARTESIAN_POINT('',(-1.38713203436596,-1.30000000001,1.40000000001));
#6522=CARTESIAN_POINT('',(-0.599999999999999,-0.750000000000001,0.8));
#6523=CARTESIAN_POINT('',(-0.599999999999999,-0.750000000000001,3.25));
#6524=CARTESIAN_POINT('',(-2.22000000000667,-0.750000000006665,3.25000000000667));
#6525=CARTESIAN_POINT('',(-2.12500000000666,-0.750000000006665,3.25000000000667));
#6526=CARTESIAN_POINT('',(-2.12499999999999,-0.750000000000001,1.4));
#6527=CARTESIAN_POINT('',(-2.12500000000666,-0.750000000006665,1.40000000000667));
#6528=CARTESIAN_POINT('',(-3.54020424696102E-47,-0.750000000000001,1.4));
#6529=CARTESIAN_POINT('',(-2.22000000000667,-0.750000000006665,1.40000000000667));
#6530=CARTESIAN_POINT('',(-2.21999999999999,-0.750000000000001,1.4));
#6531=CARTESIAN_POINT('',(0.,0.,0.8));
#6532=CARTESIAN_POINT('',(-0.599999999999999,-0.750000000000001,0.8));
#6533=CARTESIAN_POINT('',(0.599999999999999,-1.35,0.8));
#6534=CARTESIAN_POINT('',(1.08786796564404,-1.325,1.4));
#6535=CARTESIAN_POINT('',(1.08786796565404,-1.32500000001,3.00000000001));
#6536=CARTESIAN_POINT('',(1.19393398282202,-1.43106601717798,3.));
#6537=CARTESIAN_POINT('',(1.19393398283202,-1.43106601718798,1.40000000001));
#6538=CARTESIAN_POINT('',(1.19393398282202,-1.43106601717798,1.4));
#6539=CARTESIAN_POINT('',(1.08786796565404,-1.32500000001,1.40000000001));
#6540=CARTESIAN_POINT('',(-0.599999999999998,-0.300000000000001,0.8));
#6541=CARTESIAN_POINT('',(-0.599999999999998,-0.300000000000001,0.8));
#6542=CARTESIAN_POINT('',(-0.599999999999999,1.35,0.8));
#6543=CARTESIAN_POINT('',(-0.600000000009999,1.35000000001,0.80000000001));
#6544=CARTESIAN_POINT('',(0.,0.,0.8));
#6545=CARTESIAN_POINT('',(3.,-1.75,3.25000000000002));
#6546=CARTESIAN_POINT('',(3.00000000001,1.65000000001,3.00000000001));
#6547=CARTESIAN_POINT('',(3.,1.65,3.));
#6548=CARTESIAN_POINT('',(3.0000000000104,1.65000000000613,0.300000000006667));
#6549=CARTESIAN_POINT('',(3.00000000001,0.,3.00000000001));
#6550=CARTESIAN_POINT('',(3.,-1.75,0.3));
#6551=CARTESIAN_POINT('',(0.,0.,3.25));
#6552=CARTESIAN_POINT('',(-2.65000000000999,1.00000000001,3.25000000001));
#6553=CARTESIAN_POINT('',(-2.64999999999999,0.900000000000001,3.25));
#6554=CARTESIAN_POINT('',(-2.65000000001,-1.00000000001,3.25000000001));
#6555=CARTESIAN_POINT('',(-2.125,-0.999999999999999,3.25));
#6556=CARTESIAN_POINT('',(-2.12500000000999,1.30000000001,3.25000000001));
#6557=CARTESIAN_POINT('',(-2.22000000001,1.00051347814889E-11,3.25000000001));
#6558=CARTESIAN_POINT('',(-2.22000000000666,0.750000000006668,3.25000000000667));
#6559=CARTESIAN_POINT('',(0.599999999999999,0.749999999999999,3.25));
#6560=CARTESIAN_POINT('',(-2.55000000000999,0.900000000010001,3.25000000001));
#6561=CARTESIAN_POINT('',(-1.55,-1.75,0.35));
#6562=CARTESIAN_POINT('',(-2.9,-1.75,0.3));
#6563=CARTESIAN_POINT('',(2.8,1.5,0.3));
#6564=CARTESIAN_POINT('',(-0.599999999999999,-0.750000000000001,0.8));
#6565=CARTESIAN_POINT('',(0.,0.,3.));
#6566=CARTESIAN_POINT('',(-2.80000000001,1.50000000001,3.00000000001));
#6567=CARTESIAN_POINT('',(-2.80000000001,-1.50000000001,3.00000000001));
#6568=CARTESIAN_POINT('',(2.80000000001,1.50000000001,3.00000000001));
#6569=CARTESIAN_POINT('',(-1.31250000001,-1.31250000001,3.00000000001));
#6570=CARTESIAN_POINT('',(-2.12500000001,-1.30000000001,3.00000000001));
#6571=CARTESIAN_POINT('',(-2.125,-1.3,3.));
#6572=CARTESIAN_POINT('',(-2.12500000000999,1.30000000001,3.00000000001));
#6573=CARTESIAN_POINT('',(-2.125,-0.999999999999999,3.));
#6574=CARTESIAN_POINT('',(-2.65000000001,-1.00000000001,3.00000000001));
#6575=CARTESIAN_POINT('',(-2.65000000000999,1.00000000001,3.00000000001));
#6576=CARTESIAN_POINT('',(-2.64999999999999,0.900000000000001,3.));
#6577=CARTESIAN_POINT('',(-2.55000000000999,0.900000000010001,3.00000000001));
#6578=CARTESIAN_POINT('',(-1.08786796565403,1.32500000001,3.00000000001));
#6579=CARTESIAN_POINT('',(1.08786796565404,1.32500000001,3.00000000001));
#6580=CARTESIAN_POINT('',(1.38713203436597,1.45000000001,3.00000000001));
#6581=CARTESIAN_POINT('',(1.38713203435597,1.3,3.));
#6582=CARTESIAN_POINT('',(2.12500000001001,1.30000000001,3.00000000001));
#6583=CARTESIAN_POINT('',(2.65000000001001,1.00000000001,3.00000000001));
#6584=CARTESIAN_POINT('',(2.12500000001,-1.30000000001,3.00000000001));
#6585=CARTESIAN_POINT('',(1.31250000001,-1.31250000001,3.00000000001));
#6586=CARTESIAN_POINT('',(2.65000000000001,1.,3.9));
#6587=CARTESIAN_POINT('',(0.599999999999999,0.749999999999999,0.8));
#6588=CARTESIAN_POINT('',(2.71050543121376E-16,0.749999999999999,1.4));
#6589=CARTESIAN_POINT('',(2.22000000000667,0.750000000006667,1.40000000000667));
#6590=CARTESIAN_POINT('',(2.22,0.749999999999998,1.4));
#6591=CARTESIAN_POINT('',(2.8,1.5,3.));
#6592=CARTESIAN_POINT('',(2.80000000001,1.50000000001,0.));
#6593=CARTESIAN_POINT('',(-2.12499999999999,1.3,1.4));
#6594=CARTESIAN_POINT('',(-2.12500000000999,1.30000000001,1.40000000001));
#6595=CARTESIAN_POINT('',(-2.125,-1.3,1.4));
#6596=CARTESIAN_POINT('',(-2.12500000001,-1.00000000001,3.90000000001));
#6597=CARTESIAN_POINT('',(-2.12500000001,-1.30000000001,1.40000000001));
#6598=CARTESIAN_POINT('',(1.38713203435597,1.45,1.4));
#6599=CARTESIAN_POINT('',(1.38713203436597,1.45000000001,1.40000000001));
#6600=CARTESIAN_POINT('',(1.38713203435597,1.3,1.4));
#6601=CARTESIAN_POINT('',(1.38713203436597,1.30000000001,1.40000000001));
#6602=CARTESIAN_POINT('',(-1.65,0.,1.35));
#6603=CARTESIAN_POINT('',(-1.65000000001,0.,1.40000000001));
#6604=CARTESIAN_POINT('',(-1.25000000001,0.,1.40000000001));
#6605=CARTESIAN_POINT('',(-2.8,-1.5,3.));
#6606=CARTESIAN_POINT('',(-2.80000000001,-1.50000000001,0.30000000001));
#6607=CARTESIAN_POINT('',(-2.9,-1.75,0.3));
#6608=CARTESIAN_POINT('',(-2.80000000001,1.50000000001,0.30000000001));
#6609=CARTESIAN_POINT('',(-2.64999999999999,1.,3.9));
#6610=CARTESIAN_POINT('',(-2.65000000000999,0.900000000010001,3.90000000001));
#6611=CARTESIAN_POINT('',(0.,0.,1.4));
#6612=CARTESIAN_POINT('',(-1.32500000001,-1.30000000001,1.40000000001));
#6613=CARTESIAN_POINT('',(1.32500000001,-1.30000000001,1.40000000001));
#6614=CARTESIAN_POINT('',(2.12500000001,-1.30000000001,1.40000000001));
#6615=CARTESIAN_POINT('',(2.22000000001,-0.75000000001,1.40000000001));
#6616=CARTESIAN_POINT('',(2.12500000001001,1.30000000001,1.40000000001));
#6617=CARTESIAN_POINT('',(1.08786796565404,1.32500000001,1.40000000001));
#6618=CARTESIAN_POINT('',(-1.08786796565403,1.32500000001,1.40000000001));
#6619=CARTESIAN_POINT('',(2.71050543121376E-16,0.749999999999999,1.4));
#6620=CARTESIAN_POINT('',(-2.22000000000666,0.750000000006669,1.40000000000667));
#6621=CARTESIAN_POINT('',(-2.22000000001,1.00016653345369E-11,1.40000000001));
#6622=CARTESIAN_POINT('',(-2.12500000001,-1.30000000001,1.40000000001));
#6623=CARTESIAN_POINT('',(1.65000000001,0.,1.40000000001));
#6624=CARTESIAN_POINT('',(2.05000000001,0.,1.40000000001));
#6625=CARTESIAN_POINT('',(-2.21999999999999,0.750000000000002,1.4));
#6626=CARTESIAN_POINT('',(-2.21999999999999,0.75,0.8));
#6627=CARTESIAN_POINT('',(0.599999999999999,0.749999999999999,0.8));
#6628=CARTESIAN_POINT('',(-2.65,-0.999999999999998,3.9));
#6629=CARTESIAN_POINT('',(2.12500000000001,1.3,1.4));
#6630=CARTESIAN_POINT('',(2.22,3.33066907387547E-16,1.4));
#6631=CARTESIAN_POINT('',(2.125,-1.3,1.4));
#6632=CARTESIAN_POINT('',(1.325,-1.3,1.4));
#6633=CARTESIAN_POINT('',(0.599999999999999,-1.35,0.8));
#6634=CARTESIAN_POINT('',(-2.125,-1.3,1.4));
#6635=CARTESIAN_POINT('',(0.599999999999999,0.749999999999999,0.8));
#6636=CARTESIAN_POINT('',(0.600000000009999,0.750000000009999,0.80000000001));
#6637=CARTESIAN_POINT('',(1.08786796564404,1.325,1.4));
#6638=CARTESIAN_POINT('',(0.,0.,0.8));
#6639=CARTESIAN_POINT('',(1.65,0.,1.35));
#6640=CARTESIAN_POINT('',(-1.325,-1.3,1.4));
#6641=CARTESIAN_POINT('',(-2.8,1.5,3.));
#6642=CARTESIAN_POINT('',(-2.54999999999999,0.900000000000001,3.9));
#6643=CARTESIAN_POINT('',(-1.08786796564403,1.325,1.4));
#6644=CARTESIAN_POINT('',(0.,0.,0.));
#6645=CARTESIAN_POINT('',(0.,0.,0.));
#6646=CARTESIAN_POINT('',(-0.575,0.9,1.601));
#6647=CARTESIAN_POINT('',(-0.57500000001,0.90000000001,1.40100000001));
#6648=CARTESIAN_POINT('',(-0.575,0.9,1.401));
#6649=CARTESIAN_POINT('',(0.575,0.9,1.401));
#6650=CARTESIAN_POINT('',(0.57500000001,0.90000000001,1.60100000001));
#6651=CARTESIAN_POINT('',(0.575,0.9,1.551));
#6652=CARTESIAN_POINT('',(-0.57500000001,0.90000000001,1.55100000001));
#6653=CARTESIAN_POINT('',(-0.575,0.9,1.551));
#6654=CARTESIAN_POINT('',(-0.57500000001,0.90000000001,1.60100000001));
#6655=CARTESIAN_POINT('',(0.575,0.9,1.601));
#6656=CARTESIAN_POINT('',(0.57500000001,0.90000000001,1.40100000001));
#6657=CARTESIAN_POINT('',(0.575000000000001,1.3,1.401));
#6658=CARTESIAN_POINT('',(0.575000000010001,1.30000000001,1.60100000001));
#6659=CARTESIAN_POINT('',(0.575000000000001,1.3,1.551));
#6660=CARTESIAN_POINT('',(0.57500000001,0.90000000001,1.55100000001));
#6661=CARTESIAN_POINT('',(3.12818987471228E-16,1.1,1.551));
#6662=CARTESIAN_POINT('',(-0.575000000009999,1.30000000001,1.55100000001));
#6663=CARTESIAN_POINT('',(-0.574999999999999,1.3,1.551));
#6664=CARTESIAN_POINT('',(0.575000000010001,1.30000000001,1.55100000001));
#6665=CARTESIAN_POINT('',(0.575000000000001,1.3,1.601));
#6666=CARTESIAN_POINT('',(0.575000000010001,1.30000000001,1.40100000001));
#6667=CARTESIAN_POINT('',(-0.574999999999999,1.3,1.401));
#6668=CARTESIAN_POINT('',(-0.575000000009999,1.30000000001,1.60100000001));
#6669=CARTESIAN_POINT('',(3.12818987471228E-16,1.1,1.401));
#6670=CARTESIAN_POINT('',(-0.975000000010002,1.47500000001,1.40100000001));
#6671=CARTESIAN_POINT('',(-0.975000000000002,1.475,1.401));
#6672=CARTESIAN_POINT('',(-0.975000000000004,0.725,1.401));
#6673=CARTESIAN_POINT('',(-0.975000000010004,0.72500000001,1.40100000001));
#6674=CARTESIAN_POINT('',(0.974999999999997,0.725,1.401));
#6675=CARTESIAN_POINT('',(0.975000000009997,0.72500000001,1.40100000001));
#6676=CARTESIAN_POINT('',(0.974999999999998,1.475,1.401));
#6677=CARTESIAN_POINT('',(0.975000000009998,1.47500000001,1.40100000001));
#6678=CARTESIAN_POINT('',(-0.575000000009999,1.30000000001,1.40100000001));
#6679=CARTESIAN_POINT('',(-0.574999999999999,1.3,1.601));
#6680=CARTESIAN_POINT('',(-0.975000000000004,0.725,1.101));
#6681=CARTESIAN_POINT('',(-0.975000000010004,0.72500000001,1.10100000001));
#6682=CARTESIAN_POINT('',(-0.975000000000004,0.725,1.101));
#6683=CARTESIAN_POINT('',(-0.975000000010004,0.72500000001,1.10100000001));
#6684=CARTESIAN_POINT('',(0.974999999999997,0.725,1.101));
#6685=CARTESIAN_POINT('',(0.975000000009997,0.72500000001,1.10100000001));
#6686=CARTESIAN_POINT('',(-0.975000000000002,1.475,1.101));
#6687=CARTESIAN_POINT('',(-0.975000000010002,1.47500000001,1.10100000001));
#6688=CARTESIAN_POINT('',(-0.975000000000002,1.475,1.101));
#6689=CARTESIAN_POINT('',(-0.975000000010002,1.47500000001,1.10100000001));
#6690=CARTESIAN_POINT('',(0.974999999999997,0.725,1.101));
#6691=CARTESIAN_POINT('',(0.975000000009997,0.72500000001,1.10100000001));
#6692=CARTESIAN_POINT('',(0.974999999999998,1.475,1.101));
#6693=CARTESIAN_POINT('',(0.975000000009998,1.47500000001,1.10100000001));
#6694=CARTESIAN_POINT('',(3.12818987471228E-16,1.1,1.101));
#6695=CARTESIAN_POINT('',(0.975000000009998,1.47500000001,1.10100000001));
#6696=CARTESIAN_POINT('',(0.974999999999998,1.475,1.101));
#6697=CARTESIAN_POINT('',(0.,0.,0.));
#6698=CARTESIAN_POINT('',(0.,-1.1,1.551));
#6699=CARTESIAN_POINT('',(-0.57500000001,-0.90000000001,1.55100000001));
#6700=CARTESIAN_POINT('',(-0.575,-0.9,1.551));
#6701=CARTESIAN_POINT('',(-0.575,-1.3,1.551));
#6702=CARTESIAN_POINT('',(-0.57500000001,-1.30000000001,1.55100000001));
#6703=CARTESIAN_POINT('',(0.575,-1.3,1.551));
#6704=CARTESIAN_POINT('',(0.57500000001,-1.30000000001,1.55100000001));
#6705=CARTESIAN_POINT('',(0.575,-0.9,1.551));
#6706=CARTESIAN_POINT('',(0.57500000001,-0.90000000001,1.55100000001));
#6707=CARTESIAN_POINT('',(0.575,-0.9,1.601));
#6708=CARTESIAN_POINT('',(0.57500000001,-0.90000000001,1.40100000001));
#6709=CARTESIAN_POINT('',(0.575,-0.9,1.401));
#6710=CARTESIAN_POINT('',(-0.575,-0.9,1.401));
#6711=CARTESIAN_POINT('',(-0.57500000001,-0.90000000001,1.60100000001));
#6712=CARTESIAN_POINT('',(0.57500000001,-0.90000000001,1.60100000001));
#6713=CARTESIAN_POINT('',(0.575,-1.3,1.601));
#6714=CARTESIAN_POINT('',(0.57500000001,-1.30000000001,1.40100000001));
#6715=CARTESIAN_POINT('',(0.575,-1.3,1.401));
#6716=CARTESIAN_POINT('',(0.57500000001,-1.30000000001,1.60100000001));
#6717=CARTESIAN_POINT('',(-0.575,-1.3,1.601));
#6718=CARTESIAN_POINT('',(-0.57500000001,-1.30000000001,1.40100000001));
#6719=CARTESIAN_POINT('',(-0.575,-1.3,1.401));
#6720=CARTESIAN_POINT('',(-0.57500000001,-1.30000000001,1.60100000001));
#6721=CARTESIAN_POINT('',(0.974999999999997,-0.725,1.101));
#6722=CARTESIAN_POINT('',(0.975000000009997,-0.72500000001,1.40100000001));
#6723=CARTESIAN_POINT('',(0.974999999999998,-0.725,1.401));
#6724=CARTESIAN_POINT('',(-0.975000000000003,-0.725,1.401));
#6725=CARTESIAN_POINT('',(0.975000000009998,-0.72500000001,1.10100000001));
#6726=CARTESIAN_POINT('',(0.974999999999998,-0.725,1.101));
#6727=CARTESIAN_POINT('',(0.975000000009997,-0.72500000001,1.10100000001));
#6728=CARTESIAN_POINT('',(-0.975000000000003,-0.725,1.101));
#6729=CARTESIAN_POINT('',(-0.975000000010003,-0.72500000001,1.10100000001));
#6730=CARTESIAN_POINT('',(0.974999999999996,-1.475,1.101));
#6731=CARTESIAN_POINT('',(0.975000000009996,-1.47500000001,1.40100000001));
#6732=CARTESIAN_POINT('',(0.974999999999996,-1.475,1.401));
#6733=CARTESIAN_POINT('',(0.975000000009996,-1.47500000001,1.10100000001));
#6734=CARTESIAN_POINT('',(0.974999999999996,-1.475,1.101));
#6735=CARTESIAN_POINT('',(0.975000000009996,-1.47500000001,1.10100000001));
#6736=CARTESIAN_POINT('',(-0.975000000000004,-1.475,1.101));
#6737=CARTESIAN_POINT('',(-0.975000000010004,-1.47500000001,1.40100000001));
#6738=CARTESIAN_POINT('',(-0.975000000000004,-1.475,1.401));
#6739=CARTESIAN_POINT('',(-0.975000000010004,-1.47500000001,1.10100000001));
#6740=CARTESIAN_POINT('',(-0.975000000000004,-1.475,1.101));
#6741=CARTESIAN_POINT('',(-0.975000000010004,-1.47500000001,1.10100000001));
#6742=CARTESIAN_POINT('',(-0.975000000000003,-0.725,1.101));
#6743=CARTESIAN_POINT('',(-0.975000000010003,-0.72500000001,1.40100000001));
#6744=CARTESIAN_POINT('',(-0.975000000010003,-0.72500000001,1.10100000001));
#6745=CARTESIAN_POINT('',(0.,-1.1,1.101));
#6746=CARTESIAN_POINT('',(-0.575,-0.9,1.601));
#6747=CARTESIAN_POINT('',(-0.57500000001,-0.90000000001,1.40100000001));
#6748=CARTESIAN_POINT('',(0.,-1.1,1.401));
#6749=CARTESIAN_POINT('',(0.,0.,0.));
#6750=CARTESIAN_POINT('',(2.60208521396521E-15,0.425000000000001,-3.99864568838155));
#6751=CARTESIAN_POINT('',(1.76179159306798,0.425000000000001,1.52920114843255));
#6752=CARTESIAN_POINT('',(1.76179159453624,0.425000083340001,1.52920115302539));
#6753=CARTESIAN_POINT('',(1.78304796275535,0.425000083340001,1.59589573159168));
#6754=CARTESIAN_POINT('',(1.0002602085214E-11,0.425000000010001,-3.99864568839155));
#6755=CARTESIAN_POINT('',(-1.76179161984081,0.425000000006668,1.52920123242178));
#6756=CARTESIAN_POINT('',(3.63509102788828E-15,0.425000000000001,-3.99864568838155));
#6757=CARTESIAN_POINT('',(-1.78304793744953,0.425000000006668,1.59589565219144));
#6758=CARTESIAN_POINT('',(1.0002602085214E-11,0.425000000010001,-3.99864568839155));
#6759=CARTESIAN_POINT('',(-0.637509749177462,-0.722869820125393,1.71980285101826));
#6760=CARTESIAN_POINT('',(-0.660094430050257,-0.703192962517333,1.74697573760617));
#6761=CARTESIAN_POINT('',(-0.692318137307476,-0.672045212824773,1.76177590483935));
#6762=CARTESIAN_POINT('',(-0.720223695123467,-0.642981105101464,1.75828738264238));
#6763=CARTESIAN_POINT('',(-0.850940367595602,-0.906787983581249,1.71053454871143));
#6764=CARTESIAN_POINT('',(-0.872965825746044,-0.886900769164767,1.72892760477447));
#6765=CARTESIAN_POINT('',(-0.899391066893712,-0.860415196663505,1.73686607204428));
#6766=CARTESIAN_POINT('',(-0.922485292122894,-0.835277507931019,1.73298335183497));
#6767=CARTESIAN_POINT('',(-1.06269903964442,-1.08432348432992,1.68146337401425));
#6768=CARTESIAN_POINT('',(-1.08342315090976,-1.06656460845532,1.69481085194716));
#6769=CARTESIAN_POINT('',(-1.10721407107679,-1.04423907072469,1.69979992743903));
#6770=CARTESIAN_POINT('',(-1.12819356082337,-1.02282485341028,1.69559268815899));
#6771=CARTESIAN_POINT('',(-1.25279565474402,-1.28004791991247,1.64495198042151));
#6772=CARTESIAN_POINT('',(-1.2724790091961,-1.26468207333579,1.65440079993828));
#6773=CARTESIAN_POINT('',(-1.29413223345418,-1.24619191090573,1.65702405352124));
#6774=CARTESIAN_POINT('',(-1.31344253679557,-1.22830881670579,1.6525372951742));
#6775=CARTESIAN_POINT('',(-0.805884298964368,-0.725000000008782,1.7468854853705));
#6776=CARTESIAN_POINT('',(-0.789622088742632,-0.724998040780092,1.74917113113119));
#6777=CARTESIAN_POINT('',(-0.773121749887327,-0.725027513644187,1.75017377071297));
#6778=CARTESIAN_POINT('',(-0.74144907506657,-0.725139783051648,1.74944200208056));
#6779=CARTESIAN_POINT('',(-0.726163494085536,-0.725217222668375,1.74789688650877));
#6780=CARTESIAN_POINT('',(-0.686831318044341,-0.725497458098914,1.7403963625162));
#6781=CARTESIAN_POINT('',(-0.66269939578713,-0.725779781281775,1.73214052670979));
#6782=CARTESIAN_POINT('',(-0.641305810557743,-0.726140412350762,1.71963594813588));
#6783=CARTESIAN_POINT('',(-0.805889364280522,-0.725000000000001,1.74692152480291));
#6784=CARTESIAN_POINT('',(-0.641305866034194,-0.726140342913222,1.71963585119404));
#6785=CARTESIAN_POINT('',(-0.641305811805602,-0.726140412320241,1.71963594886061));
#6786=CARTESIAN_POINT('',(-0.832950111466281,-0.8912272900497,1.71110687720679));
#6787=CARTESIAN_POINT('',(-1.02315013586663,-1.05128478083375,1.68666461583854));
#6788=CARTESIAN_POINT('',(-1.19743051285281,-1.2241075390218,1.65526388910742));
#6789=CARTESIAN_POINT('',(-1.1974330486076,-1.22410333868189,1.65525332570437));
#6790=CARTESIAN_POINT('',(-1.19743079377776,-1.22410754573843,1.65526394610367));
#6791=CARTESIAN_POINT('',(-1.20921562214568,-1.2242584873472,1.65770621836047));
#6792=CARTESIAN_POINT('',(-1.22121628067193,-1.22440444718085,1.65924848274199));
#6793=CARTESIAN_POINT('',(-1.24591421884452,-1.22466820967731,1.66069434241748));
#6794=CARTESIAN_POINT('',(-1.25868276186222,-1.22478427743061,1.66050639981989));
#6795=CARTESIAN_POINT('',(-1.28426596986958,-1.22495044922973,1.65833837220987));
#6796=CARTESIAN_POINT('',(-1.29714444775063,-1.22499999648188,1.65631500101542));
#6797=CARTESIAN_POINT('',(-1.30977968309665,-1.22500000000787,1.65338726346233));
#6798=CARTESIAN_POINT('',(-1.30977970180014,-1.225,1.65338734420354));
#6799=CARTESIAN_POINT('',(-0.805889366297272,-0.725000000010001,1.74692153912097));
#6800=CARTESIAN_POINT('',(-0.869101903746207,-0.784605419020268,1.73805517141006));
#6801=CARTESIAN_POINT('',(-0.979858857191563,-0.889898249775593,1.72018036920555));
#6802=CARTESIAN_POINT('',(-1.08225020057194,-0.987260301432887,1.70181891975365));
#6803=CARTESIAN_POINT('',(-1.21933631909474,-1.1271418642656,1.67434634958056));
#6804=CARTESIAN_POINT('',(-1.30977970507169,-1.22500000001,1.65338735828797));
#6805=CARTESIAN_POINT('',(2.60208521396521E-15,1.225,-3.99864568838155));
#6806=CARTESIAN_POINT('',(1.0002602085214E-11,1.22500000001,-3.99864568839155));
#6807=CARTESIAN_POINT('',(1.3048136678325,1.225,1.65453585486631));
#6808=CARTESIAN_POINT('',(1.84300410414381,1.22500000001,1.50265745801336));
#6809=CARTESIAN_POINT('',(1.84300410342223,1.225,1.50265745825842));
#6810=CARTESIAN_POINT('',(1.99329965345887,1.2250000003945,1.45230660354997));
#6811=CARTESIAN_POINT('',(2.12500000529597,1.08350740093195,1.40000001345462));
#6812=CARTESIAN_POINT('',(2.12500000529597,0.924999999999999,1.40000001345462));
#6813=CARTESIAN_POINT('',(2.12500000265561,0.925000000004999,1.40000000673128));
#6814=CARTESIAN_POINT('',(2.12500000001,1.22500000001,1.40000000001));
#6815=CARTESIAN_POINT('',(2.12500000265561,-0.925000000005002,1.40000000673128));
#6816=CARTESIAN_POINT('',(2.12500000529597,-0.925000000000002,1.40000001345462));
#6817=CARTESIAN_POINT('',(2.12500000529597,-1.08350777257869,1.40000001345462));
#6818=CARTESIAN_POINT('',(1.99330123589947,-1.22500000039571,1.452306073413));
#6819=CARTESIAN_POINT('',(1.84300410342255,-1.22500000000137,1.50265745825839));
#6820=CARTESIAN_POINT('',(1.84300410414381,-1.22500000001,1.50265745801336));
#6821=CARTESIAN_POINT('',(1.0002602085214E-11,-1.22500000001,-3.99864568839155));
#6822=CARTESIAN_POINT('',(1.30520455941661,-1.225,1.65444561874934));
#6823=CARTESIAN_POINT('',(1.30520456267677,-1.22500000001,1.6544456328364));
#6824=CARTESIAN_POINT('',(1.21276898279657,-1.12602494902153,1.67578746755266));
#6825=CARTESIAN_POINT('',(1.0831843737456,-0.993868606284357,1.70172771994626));
#6826=CARTESIAN_POINT('',(0.964394183515967,-0.880282482630283,1.72284521339786));
#6827=CARTESIAN_POINT('',(0.859221689842932,-0.78038998131993,1.73949558641027));
#6828=CARTESIAN_POINT('',(0.800402959907141,-0.725000000010001,1.74768840721661));
#6829=CARTESIAN_POINT('',(0.80040295790407,-0.725,1.74768839289663));
#6830=CARTESIAN_POINT('',(1.0002602085214E-11,-0.725000000010001,-3.99864568839155));
#6831=CARTESIAN_POINT('',(1.76179159306798,-0.724999750000001,1.52920114843255));
#6832=CARTESIAN_POINT('',(1.76179159307798,-0.575000000010002,1.52920114844255));
#6833=CARTESIAN_POINT('',(1.76179166898359,-0.425000000000002,1.52920138662747));
#6834=CARTESIAN_POINT('',(1.0002602085214E-11,-0.425000000010002,-3.99864568839155));
#6835=CARTESIAN_POINT('',(-1.76179166898357,-0.425000000000001,1.52920138662748));
#6836=CARTESIAN_POINT('',(-1.76179159307797,-0.575000000010001,1.52920114844255));
#6837=CARTESIAN_POINT('',(-1.76179166898357,-0.725000000000001,1.52920138662748));
#6838=CARTESIAN_POINT('',(1.0002602085214E-11,-0.725000000010001,-3.99864568839155));
#6839=CARTESIAN_POINT('',(1.0002602085214E-11,-1.22500000001,-3.99864568839155));
#6840=CARTESIAN_POINT('',(-1.84300410414264,-1.22500000001,1.5026574580104));
#6841=CARTESIAN_POINT('',(-1.84300410342223,-1.225,1.50265745825842));
#6842=CARTESIAN_POINT('',(-1.99329965345891,-1.2250000003945,1.45230660354995));
#6843=CARTESIAN_POINT('',(-2.12500000529597,-1.083507400932,1.40000001345462));
#6844=CARTESIAN_POINT('',(-2.12500000529597,-0.925000000000002,1.40000001345462));
#6845=CARTESIAN_POINT('',(-2.12500000265561,-0.925000000005002,1.40000000673128));
#6846=CARTESIAN_POINT('',(-2.12500000001,1.22500000001,1.40000000001));
#6847=CARTESIAN_POINT('',(-2.12500000265561,0.925000000004999,1.40000000673128));
#6848=CARTESIAN_POINT('',(-2.12500000529597,0.924999999999999,1.40000001345462));
#6849=CARTESIAN_POINT('',(-2.12500000529597,1.08350777257873,1.40000001345462));
#6850=CARTESIAN_POINT('',(-1.99330123589951,1.22500000039571,1.45230607341299));
#6851=CARTESIAN_POINT('',(-1.84300410342255,1.22500000000136,1.50265745825839));
#6852=CARTESIAN_POINT('',(-1.84300410414264,1.22500000001,1.5026574580104));
#6853=CARTESIAN_POINT('',(1.0002602085214E-11,1.22500000001,-3.99864568839155));
#6854=CARTESIAN_POINT('',(-1.30977316141208,1.22500000000004,1.65338885984312));
#6855=CARTESIAN_POINT('',(-1.30977316468357,1.22500000001,1.65338887392756));
#6856=CARTESIAN_POINT('',(-1.21931506478857,1.12712964029197,1.67435116466811));
#6857=CARTESIAN_POINT('',(-1.08218727770847,0.987206063979243,1.70182978892159));
#6858=CARTESIAN_POINT('',(-0.979953124561577,0.889994426121454,1.72016394674718));
#6859=CARTESIAN_POINT('',(-0.869141696397046,0.78464796971904,1.73804963589271));
#6860=CARTESIAN_POINT('',(-0.805885276499808,0.725000000010001,1.74692211276594));
#6861=CARTESIAN_POINT('',(-0.805885274483319,0.725000000000001,1.74692209844785));
#6862=CARTESIAN_POINT('',(1.0002602085214E-11,0.725000000010001,-3.99864568839155));
#6863=CARTESIAN_POINT('',(-1.76179159453561,0.724999916673334,1.52920115302347));
#6864=CARTESIAN_POINT('',(-1.76179159745875,1.225,1.52920116220917));
#6865=CARTESIAN_POINT('',(1.76179159745876,1.225,1.52920116220917));
#6866=CARTESIAN_POINT('',(1.76179161984144,0.725000000006668,1.5292012324237));
#6867=CARTESIAN_POINT('',(1.0002602085214E-11,0.725000000010001,-3.99864568839155));
#6868=CARTESIAN_POINT('',(0.800336413069557,0.725000000000001,1.74769766148849));
#6869=CARTESIAN_POINT('',(0.800336415072156,0.725000000010001,1.74769767580854));
#6870=CARTESIAN_POINT('',(0.859130205815753,0.780405167286958,1.73950902282872));
#6871=CARTESIAN_POINT('',(0.964258819510904,0.880323015839187,1.72286702788138));
#6872=CARTESIAN_POINT('',(1.08289473117602,0.993814417124575,1.70178315373074));
#6873=CARTESIAN_POINT('',(1.21259319952871,1.1261590726588,1.67582132225629));
#6874=CARTESIAN_POINT('',(1.3048136710957,1.22500000000596,1.65453586895267));
#6875=CARTESIAN_POINT('',(2.60208521396521E-15,-0.725000000000001,-3.99864568838155));
#6876=CARTESIAN_POINT('',(1.77241977718747,-0.725000000010001,1.56254843772572));
#6877=CARTESIAN_POINT('',(1.78304796128695,-0.724999750000001,1.59589572699888));
#6878=CARTESIAN_POINT('',(0.80040295791407,-0.725000000010001,1.74768839290663));
#6879=CARTESIAN_POINT('',(0.803621965213955,-0.725000000010001,1.77079861654137));
#6880=CARTESIAN_POINT('',(0.80684097251384,-0.725000000010001,1.79390884017611));
#6881=CARTESIAN_POINT('',(0.810059979813724,-0.725000000010001,1.81701906381085));
#6882=CARTESIAN_POINT('',(0.810059979803653,-0.725,1.81701906380086));
#6883=CARTESIAN_POINT('',(1.0002602085214E-11,-0.725000000010001,-3.99864568839155));
#6884=CARTESIAN_POINT('',(-0.64853306775599,-0.72577515118665,1.72340933540853));
#6885=CARTESIAN_POINT('',(-0.64618876810349,-0.725815835802894,1.72203835167539));
#6886=CARTESIAN_POINT('',(-0.643844468450991,-0.725856520419139,1.72066736794226));
#6887=CARTESIAN_POINT('',(-0.543824700626593,-0.727592333443907,1.66217421646599));
#6888=CARTESIAN_POINT('',(-0.439148039214079,-0.727356217111372,1.61513125881236));
#6889=CARTESIAN_POINT('',(-0.22304426213015,-0.726256497368291,1.55008453367458));
#6890=CARTESIAN_POINT('',(-0.111619777593313,-0.725389699683516,1.53207796012043));
#6891=CARTESIAN_POINT('',(0.110712338162704,-0.726275718480397,1.53393738577946));
#6892=CARTESIAN_POINT('',(0.221609492576219,-0.728022515235181,1.55378883051201));
#6893=CARTESIAN_POINT('',(0.437293188467755,-0.729885078705118,1.62049730178854));
#6894=CARTESIAN_POINT('',(0.54207756976424,-0.730004972534657,1.66735570440295));
#6895=CARTESIAN_POINT('',(0.641027739505493,-0.727195893982343,1.72227834141747));
#6896=CARTESIAN_POINT('',(-0.618456334226492,-0.763847148761044,1.77541605688071));
#6897=CARTESIAN_POINT('',(-0.616135561962031,-0.763712926433809,1.77418381479177));
#6898=CARTESIAN_POINT('',(-0.613814789697571,-0.763578704106575,1.77295157270283));
#6899=CARTESIAN_POINT('',(-0.514798820123376,-0.75785209573868,1.72037784668294));
#6900=CARTESIAN_POINT('',(-0.4134388138919,-0.747922669852509,1.67895608593173));
#6901=CARTESIAN_POINT('',(-0.208311964268567,-0.731427240862688,1.62018285471915));
#6902=CARTESIAN_POINT('',(-0.104141737417331,-0.725352699331046,1.603265477043));
#6903=CARTESIAN_POINT('',(0.102043005813237,-0.72674275450459,1.60498813928331));
#6904=CARTESIAN_POINT('',(0.205864390386639,-0.734237458219472,1.62353864583604));
#6905=CARTESIAN_POINT('',(0.411596727462431,-0.751411194992628,1.68396295160301));
#6906=CARTESIAN_POINT('',(0.513839112067366,-0.760457013585365,1.72562562323034));
#6907=CARTESIAN_POINT('',(0.612291662222964,-0.763990697191248,1.77593197819671));
#6908=CARTESIAN_POINT('',(0.640841228321596,-0.727434171297286,1.72262553758032));
#6909=CARTESIAN_POINT('',(0.612558467724994,-0.763648505984348,1.77543280427922));
#6910=CARTESIAN_POINT('',(0.64084137081029,-0.727434167300939,1.72262561662422));
#6911=CARTESIAN_POINT('',(0.612558609057842,-0.763648511373574,1.77543287626759));
#6912=CARTESIAN_POINT('',(-0.641305866044195,-0.726140342923222,1.71963585120404));
#6913=CARTESIAN_POINT('',(-0.44611724114098,-0.729433694586494,1.60555382715325));
#6914=CARTESIAN_POINT('',(0.,-0.720462789842678,1.4577785873997));
#6915=CARTESIAN_POINT('',(0.44279597538531,-0.732974405235275,1.61275612412733));
#6916=CARTESIAN_POINT('',(0.640841370820296,-0.727434167310943,1.72262561663421));
#6917=CARTESIAN_POINT('',(-0.641305863552308,-0.726140342965267,1.7196358497476));
#6918=CARTESIAN_POINT('',(-0.611773061640762,-0.763095308395343,1.77123181995183));
#6919=CARTESIAN_POINT('',(-0.61177306409696,-0.763095308526234,1.77123182125253));
#6920=CARTESIAN_POINT('',(-0.611811641157133,-0.763047374989488,1.77116501414862));
#6921=CARTESIAN_POINT('',(-0.42170004999162,-0.751819766515135,1.66944278835642));
#6922=CARTESIAN_POINT('',(0.00327606630055207,-0.697968201531614,1.53385425883368));
#6923=CARTESIAN_POINT('',(0.42116214231711,-0.756500618362328,1.67680852617496));
#6924=CARTESIAN_POINT('',(0.612592988127029,-0.763604804675106,1.7753692534237));
#6925=CARTESIAN_POINT('',(0.810123421023423,-0.725000000000001,1.81747452744034));
#6926=CARTESIAN_POINT('',(0.744948610574067,-0.73741425217692,1.82655268236949));
#6927=CARTESIAN_POINT('',(0.671900120685445,-0.752102721073944,1.81574276668524));
#6928=CARTESIAN_POINT('',(0.612372665833845,-0.763886413850647,1.77577971840646));
#6929=CARTESIAN_POINT('',(0.800340673266798,-0.725,1.74724123271383));
#6930=CARTESIAN_POINT('',(0.747172715042588,-0.724920454696205,1.75464696137952));
#6931=CARTESIAN_POINT('',(0.688355421668222,-0.725941349974967,1.7484986942798));
#6932=CARTESIAN_POINT('',(0.641023642879839,-0.72720060065674,1.72228494794781));
#6933=CARTESIAN_POINT('',(0.640841296602288,-0.727434262334883,1.72262575519333));
#6934=CARTESIAN_POINT('',(0.660905464464487,-0.726873412800394,1.73375758591888));
#6935=CARTESIAN_POINT('',(0.683187990107934,-0.726341869737592,1.74127573726337));
#6936=CARTESIAN_POINT('',(0.721038866402214,-0.725661728867771,1.74863873379502));
#6937=CARTESIAN_POINT('',(0.736686185136261,-0.725432327872924,1.75022381510853));
#6938=CARTESIAN_POINT('',(0.768355124184666,-0.725098432952282,1.750881514382));
#6939=CARTESIAN_POINT('',(0.784489510175932,-0.724998364992334,1.74987795539827));
#6940=CARTESIAN_POINT('',(0.800398665519553,-0.725000000009153,1.74765763679307));
#6941=CARTESIAN_POINT('',(0.612558499000162,-0.763648603134413,1.77543306729852));
#6942=CARTESIAN_POINT('',(0.670311348925139,-0.752268407453687,1.81417234815565));
#6943=CARTESIAN_POINT('',(0.741598452353313,-0.737965530266692,1.82654002301758));
#6944=CARTESIAN_POINT('',(0.810055637259874,-0.725000001365962,1.81698794015619));
#6945=CARTESIAN_POINT('',(-1.76179159306797,-0.575000000000001,1.52920114843255));
#6946=CARTESIAN_POINT('',(-1.76179159306797,0.725000000000001,1.52920114843255));
#6947=CARTESIAN_POINT('',(-1.78304796275473,0.724999916673334,1.59589573158975));
#6948=CARTESIAN_POINT('',(-1.78304796567771,1.225,1.5958957407755));
#6949=CARTESIAN_POINT('',(-0.815667668333965,0.725000000000004,1.81666578128741));
#6950=CARTESIAN_POINT('',(-0.748371856090561,0.737801915987688,1.82610483172306));
#6951=CARTESIAN_POINT('',(-0.672333804900154,0.75203757748866,1.81439404855848));
#6952=CARTESIAN_POINT('',(-0.611230410259386,0.763386403006084,1.77129121041612));
#6953=CARTESIAN_POINT('',(-0.610865974328909,0.763454090240346,1.77103413430739));
#6954=CARTESIAN_POINT('',(-0.610501538398431,0.763521777474608,1.77077705819866));
#6955=CARTESIAN_POINT('',(-0.805820223358101,0.725000000000004,1.74645831574933));
#6956=CARTESIAN_POINT('',(-0.750983339289766,0.724914869606799,1.7541498510351));
#6957=CARTESIAN_POINT('',(-0.689760451368249,0.725147079316773,1.74744671276123));
#6958=CARTESIAN_POINT('',(-0.641216220408361,0.725897563687598,1.71912306033864));
#6959=CARTESIAN_POINT('',(-0.640926690471715,0.725902039764117,1.71895413099051));
#6960=CARTESIAN_POINT('',(-0.640637160535069,0.725906515840637,1.71878520164238));
#6961=CARTESIAN_POINT('',(-0.805885274493319,0.725000000010001,1.74692209845785));
#6962=CARTESIAN_POINT('',(-0.80912633020887,0.725000000010001,1.77002924026061));
#6963=CARTESIAN_POINT('',(-0.812367385924422,0.725000000010001,1.79313638206338));
#6964=CARTESIAN_POINT('',(-0.815608441639973,0.725000000010001,1.81624352386614));
#6965=CARTESIAN_POINT('',(-0.815608441629795,0.725000000000001,1.81624352385617));
#6966=CARTESIAN_POINT('',(-0.641308101185001,0.72614038716826,1.71963728358441));
#6967=CARTESIAN_POINT('',(-0.660771140757658,0.725812291416024,1.73101350602573));
#6968=CARTESIAN_POINT('',(-0.682498201028174,0.725545482605205,1.73887127714282));
#6969=CARTESIAN_POINT('',(-0.720831815886642,0.725246380302412,1.7472399160422));
#6970=CARTESIAN_POINT('',(-0.737548789048597,0.725156725736596,1.74920078884016));
#6971=CARTESIAN_POINT('',(-0.77146520158576,0.725030591713289,1.75027137864669));
#6972=CARTESIAN_POINT('',(-0.788805783643388,0.724997941723949,1.74928583564411));
#6973=CARTESIAN_POINT('',(-0.805880206221208,0.725000000009468,1.7468860379927));
#6974=CARTESIAN_POINT('',(-0.641308157065243,0.726140317230108,1.71963718593768));
#6975=CARTESIAN_POINT('',(-0.641308162253234,0.726140317152743,1.71963718897407));
#6976=CARTESIAN_POINT('',(-0.611774743044968,0.763093622203999,1.7712339950347));
#6977=CARTESIAN_POINT('',(-0.61177473752939,0.76309362231632,1.77123399178576));
#6978=CARTESIAN_POINT('',(-0.611774660543229,0.763093719965878,1.77123412662331));
#6979=CARTESIAN_POINT('',(-0.670670017461974,0.75220387116747,1.81274716408201));
#6980=CARTESIAN_POINT('',(-0.74482353136062,0.738392788025364,1.82615272227574));
#6981=CARTESIAN_POINT('',(-0.815603314214499,0.725000001660915,1.81620703171084));
#6982=CARTESIAN_POINT('',(2.60208521396521E-15,0.725000000000001,-3.99864568838155));
#6983=CARTESIAN_POINT('',(1.0002602085214E-11,0.725000000010001,-3.99864568839155));
#6984=CARTESIAN_POINT('',(2.60208521396521E-15,0.725000000000001,-3.99864568838155));
#6985=CARTESIAN_POINT('',(0.800336413079097,0.725000000009998,1.74769766149856));
#6986=CARTESIAN_POINT('',(0.809992632101925,0.72500000001,1.81702844423021));
#6987=CARTESIAN_POINT('',(0.809992632092392,0.725000000000001,1.81702844422014));
#6988=CARTESIAN_POINT('',(9.49275911688291E-16,0.725000000000001,-3.99864568838155));
#6989=CARTESIAN_POINT('',(1.78304793745015,0.725000000006668,1.59589565219337));
#6990=CARTESIAN_POINT('',(1.0002602085214E-11,0.725000000010001,-3.99864568839155));
#6991=CARTESIAN_POINT('',(-1.21188631654646,1.22428398609045,1.65826351056994));
#6992=CARTESIAN_POINT('',(-1.20707046999891,1.22422094036346,1.65726251256153));
#6993=CARTESIAN_POINT('',(-1.20225462345136,1.22415789463646,1.65626151455312));
#6994=CARTESIAN_POINT('',(-1.00095007039227,1.22152255487423,1.61441934730237));
#6995=CARTESIAN_POINT('',(-0.802383226869645,1.21961739449958,1.58376263167305));
#6996=CARTESIAN_POINT('',(-0.403188008798456,1.21713259593243,1.54288269262688));
#6997=CARTESIAN_POINT('',(-0.202559634249889,1.21655295773991,1.53265946921005));
#6998=CARTESIAN_POINT('',(0.19866390287685,1.21671045839757,1.53271109957547));
#6999=CARTESIAN_POINT('',(0.399259065455017,1.21744759724774,1.54298595335772));
#7000=CARTESIAN_POINT('',(0.798321435644612,1.22022990685079,1.58409832310736));
#7001=CARTESIAN_POINT('',(0.996788643256049,1.22227507760365,1.61493583907473));
#7002=CARTESIAN_POINT('',(1.19794004128106,1.22503570636342,1.65709200038908));
#7003=CARTESIAN_POINT('',(1.20273558067613,1.22510152098913,1.65809702215037));
#7004=CARTESIAN_POINT('',(1.20753112007119,1.22516733561484,1.65910204391165));
#7005=CARTESIAN_POINT('',(-1.19806418080508,1.25021859062563,1.72228599003902));
#7006=CARTESIAN_POINT('',(-1.19329349365672,1.24999309097973,1.72135896091463));
#7007=CARTESIAN_POINT('',(-1.18852280650835,1.24976759133384,1.72043193179024));
#7008=CARTESIAN_POINT('',(-0.989105936659066,1.24034160464924,1.6816816971813));
#7009=CARTESIAN_POINT('',(-0.792829038690452,1.23172058373269,1.65270223522483));
#7010=CARTESIAN_POINT('',(-0.398378021416086,1.21984835337819,1.61330944409341));
#7011=CARTESIAN_POINT('',(-0.200169218400019,1.2165516449684,1.60310295049444));
#7012=CARTESIAN_POINT('',(0.196255270672574,1.21693294462697,1.60315360901334));
#7013=CARTESIAN_POINT('',(0.394417510266209,1.22063287998722,1.61339707015178));
#7014=CARTESIAN_POINT('',(0.788707587162097,1.23295702471951,1.65292351064125));
#7015=CARTESIAN_POINT('',(0.984878580514276,1.24157181461259,1.68200155285994));
#7016=CARTESIAN_POINT('',(1.18408714899763,1.25065177245578,1.72123381313802));
#7017=CARTESIAN_POINT('',(1.18883637046651,1.25086824271634,1.72216912778941));
#7018=CARTESIAN_POINT('',(1.1935855919354,1.2510847129769,1.7231044424408));
#7019=CARTESIAN_POINT('',(-0.57052703363721,1.225,1.63011032967568));
#7020=CARTESIAN_POINT('',(-0.77742771748585,1.225,1.5901501848148));
#7021=CARTESIAN_POINT('',(-0.990043602715807,1.225,1.62236856547319));
#7022=CARTESIAN_POINT('',(-1.19725122527503,1.225,1.65759654706909));
#7023=CARTESIAN_POINT('',(-0.570527006848562,1.22499999282926,1.63011019097244));
#7024=CARTESIAN_POINT('',(-1.19748652219771,1.22448229593498,1.65621255298017));
#7025=CARTESIAN_POINT('',(-0.570531042254305,1.22499597730834,1.63006919884737));
#7026=CARTESIAN_POINT('',(-0.203652411229333,1.21444104371182,1.59498634877354));
#7027=CARTESIAN_POINT('',(0.166112549842257,1.21452426988649,1.59384415051492));
#7028=CARTESIAN_POINT('',(0.533179133913435,1.22499020617632,1.62703170767661));
#7029=CARTESIAN_POINT('',(0.533168659345446,1.22499999889211,1.62714447204591));
#7030=CARTESIAN_POINT('',(1.195743375325,1.225,1.65661714833698));
#7031=CARTESIAN_POINT('',(1.01559913866033,1.225,1.62530300192181));
#7032=CARTESIAN_POINT('',(0.865228681090318,1.225,1.61481136759965));
#7033=CARTESIAN_POINT('',(0.661886392920202,1.225,1.60062378737819));
#7034=CARTESIAN_POINT('',(0.533166896010846,1.225,1.62713591080919));
#7035=CARTESIAN_POINT('',(1.19338233300802,1.22498494218791,1.65616778878084));
#7036=CARTESIAN_POINT('',(-1.19743877691589,1.22409484891562,1.65526051654501));
#7037=CARTESIAN_POINT('',(-0.803832404122895,1.21894202694155,1.57344744559729));
#7038=CARTESIAN_POINT('',(-0.00122587354462447,1.21399846206095,1.49168879915561));
#7039=CARTESIAN_POINT('',(0.801061319161299,1.21958888956971,1.57391642419731));
#7040=CARTESIAN_POINT('',(1.1931445018981,1.22496989174386,1.65608697862812));
#7041=CARTESIAN_POINT('',(1.20099873624331,1.22507768430918,1.65773302421026));
#7042=CARTESIAN_POINT('',(1.20885297058852,1.22518547687451,1.6593790697924));
#7043=CARTESIAN_POINT('',(1.21670720493373,1.22529326943983,1.66102511537454));
#7044=CARTESIAN_POINT('',(2.60208521396521E-15,1.225,-3.99864568838155));
#7045=CARTESIAN_POINT('',(1.0002602085214E-11,1.22500000001,-3.99864568839155));
#7046=CARTESIAN_POINT('',(1.32055650454167,1.22500000025452,1.72274262206978));
#7047=CARTESIAN_POINT('',(1.8686765882598,1.22500000001,1.5678794089224));
#7048=CARTESIAN_POINT('',(-0.279153175077008,1.22500000001,-3.88876618689101));
#7049=CARTESIAN_POINT('',(1.19338392889869,1.22500000001,1.6561598925077));
#7050=CARTESIAN_POINT('',(1.19416934201267,1.22500000001,1.65631862985563));
#7051=CARTESIAN_POINT('',(1.19495475512665,1.22500000001,1.65647736720355));
#7052=CARTESIAN_POINT('',(1.19574016824063,1.22500000001,1.65663610455148));
#7053=CARTESIAN_POINT('',(1.20611762411962,1.22500000001,1.65873345917306));
#7054=CARTESIAN_POINT('',(1.21665973339648,1.22500000001,1.6601207811875));
#7055=CARTESIAN_POINT('',(1.23778203346103,1.22500000001,1.6615594477776));
#7056=CARTESIAN_POINT('',(1.24840556710321,1.22500000001,1.66161432934928));
#7057=CARTESIAN_POINT('',(1.27438376108325,1.22500000001,1.66019671263535));
#7058=CARTESIAN_POINT('',(1.28977604758127,1.22500000001007,1.65800629369604));
#7059=CARTESIAN_POINT('',(1.30481365100889,1.22500000001007,1.65453578193727));
#7060=CARTESIAN_POINT('',(1.15290744397258,1.22499999999996,1.72422146846537));
#7061=CARTESIAN_POINT('',(0.948473818392215,1.22499999999996,1.67816347153428));
#7062=CARTESIAN_POINT('',(0.741791048250405,1.225,1.64644695800607));
#7063=CARTESIAN_POINT('',(0.533179238919,1.225,1.62703080258185));
#7064=CARTESIAN_POINT('',(1.15290792890805,1.225,1.72421931602656));
#7065=CARTESIAN_POINT('',(1.1528948945614,1.22500000001,1.72427763597551));
#7066=CARTESIAN_POINT('',(1.16804912702277,1.22500000001,1.72766456803089));
#7067=CARTESIAN_POINT('',(1.18346655017143,1.22500000001,1.73001347081508));
#7068=CARTESIAN_POINT('',(1.2143968413452,1.22500000001,1.73275207626772));
#7069=CARTESIAN_POINT('',(1.22997334802293,1.22500000001,1.73314820845176));
#7070=CARTESIAN_POINT('',(1.27071105186167,1.22500000001,1.73174957049683));
#7071=CARTESIAN_POINT('',(1.29596440394803,1.2250000000103,1.72841812868812));
#7072=CARTESIAN_POINT('',(1.32055648751758,1.2250000000103,1.72274254827532));
#7073=CARTESIAN_POINT('',(2.60208521396521E-15,-0.725000000000001,-3.99864568838155));
#7074=CARTESIAN_POINT('',(-0.805889364290394,-0.725000000010003,1.74692152481293));
#7075=CARTESIAN_POINT('',(-0.81561258078109,-0.725000000010002,1.81624294330011));
#7076=CARTESIAN_POINT('',(-0.81561258077122,-0.725000000000001,1.81624294329009));
#7077=CARTESIAN_POINT('',(-1.77241977718746,-0.725000000010001,1.56254843772572));
#7078=CARTESIAN_POINT('',(-1.78304788537135,-0.725000000000001,1.59589548880396));
#7079=CARTESIAN_POINT('',(1.0002602085214E-11,-0.725000000010001,-3.99864568839155));
#7080=CARTESIAN_POINT('',(-1.1969497730003,1.22500404712967,1.65755590056351));
#7081=CARTESIAN_POINT('',(-1.23399685875338,1.22520080718933,1.66537041787875));
#7082=CARTESIAN_POINT('',(-1.27352628022792,1.22530878154144,1.66437207299363));
#7083=CARTESIAN_POINT('',(-1.31034134640353,1.22500000000921,1.65584074073054));
#7084=CARTESIAN_POINT('',(-1.31052542173441,1.22499845610155,1.65579808406923));
#7085=CARTESIAN_POINT('',(-1.31070949706529,1.22499691219389,1.65575542740791));
#7086=CARTESIAN_POINT('',(-1.31089357239617,1.22499536828623,1.6557127707466));
#7087=CARTESIAN_POINT('',(-1.19743877800505,1.2240948489191,1.6552605167634));
#7088=CARTESIAN_POINT('',(-1.23413515346286,1.22457525050772,1.662887969301));
#7089=CARTESIAN_POINT('',(-1.27329782999421,1.22499999998902,1.66184146373878));
#7090=CARTESIAN_POINT('',(-1.30977316031746,1.22499999999994,1.65338886009679));
#7091=CARTESIAN_POINT('',(-1.30995553696908,1.22499999999999,1.65334659707858));
#7092=CARTESIAN_POINT('',(-1.31013791362069,1.22500000000005,1.65330433406037));
#7093=CARTESIAN_POINT('',(-1.31032029027231,1.2250000000001,1.65326207104216));
#7094=CARTESIAN_POINT('',(-1.19750678026163,1.22396841354646,1.65494131496258));
#7095=CARTESIAN_POINT('',(-1.23415438507036,1.22448825903411,1.66254275380527));
#7096=CARTESIAN_POINT('',(-1.27326606113447,1.22495706005558,1.66148955089907));
#7097=CARTESIAN_POINT('',(-1.30969414694206,1.22499999999865,1.65304789545565));
#7098=CARTESIAN_POINT('',(-1.3098762873711,1.22500021469837,1.65300568717843));
#7099=CARTESIAN_POINT('',(-1.31005842780014,1.22500042939808,1.65296347890121));
#7100=CARTESIAN_POINT('',(-1.31024056822918,1.2250006440978,1.652921270624));
#7101=CARTESIAN_POINT('',(-1.30977315530643,1.22500000000997,1.65338883346127));
#7102=CARTESIAN_POINT('',(-1.30862764677594,1.22500000000973,1.65368329883457));
#7103=CARTESIAN_POINT('',(-1.307484148245,1.22500000001,1.65398569708264));
#7104=CARTESIAN_POINT('',(-1.29417184576425,1.22500000001,1.65730974561968));
#7105=CARTESIAN_POINT('',(-1.28175366632884,1.22500000001007,1.65946545015194));
#7106=CARTESIAN_POINT('',(-1.25706124190619,1.22500000001007,1.66194243425995));
#7107=CARTESIAN_POINT('',(-1.244724673043,1.22500000001,1.66230666152614));
#7108=CARTESIAN_POINT('',(-1.22070899819467,1.22500000001,1.66124224584977));
#7109=CARTESIAN_POINT('',(-1.20896104704674,1.22500000001,1.65988436112042));
#7110=CARTESIAN_POINT('',(-1.19741586851373,1.22500000001,1.65763650902096));
#7111=CARTESIAN_POINT('',(-1.19704521726651,1.22500000001,1.65756434303567));
#7112=CARTESIAN_POINT('',(-1.19667456601929,1.22500000001,1.65749217705037));
#7113=CARTESIAN_POINT('',(-1.19630391477207,1.22500000001,1.65742001106508));
#7114=CARTESIAN_POINT('',(-1.30977314268825,1.22499999999994,1.65338877903627));
#7115=CARTESIAN_POINT('',(-1.27302465501039,1.22499998973627,1.66190380473324));
#7116=CARTESIAN_POINT('',(-1.23462814915638,1.22457419666101,1.66293558072485));
#7117=CARTESIAN_POINT('',(-1.1976751944331,1.22410214687361,1.65532055976264));
#7118=CARTESIAN_POINT('',(2.60208521396521E-15,1.225,-3.99864568838155));
#7119=CARTESIAN_POINT('',(0.279153175077014,1.22500000001,-3.88876618689101));
#7120=CARTESIAN_POINT('',(-1.86867658791032,1.225000000005,1.56787940904304));
#7121=CARTESIAN_POINT('',(1.0002602085214E-11,1.22500000001,-3.99864568839155));
#7122=CARTESIAN_POINT('',(-1.32557583677492,1.225,1.72158178800563));
#7123=CARTESIAN_POINT('',(-1.32557581782813,1.225,1.72158170623657));
#7124=CARTESIAN_POINT('',(-1.27203555149977,1.225,1.73398757222866));
#7125=CARTESIAN_POINT('',(-1.2161134710297,1.225,1.73544471129663));
#7126=CARTESIAN_POINT('',(-1.16229232274788,1.225,1.7242226308291));
#7127=CARTESIAN_POINT('',(-1.16241226758741,1.22662819397768,1.72364737483565));
#7128=CARTESIAN_POINT('',(-0.570531079061219,1.225,1.63006881240173));
#7129=CARTESIAN_POINT('',(-0.769657232598746,1.225,1.64966552704839));
#7130=CARTESIAN_POINT('',(-0.96703093876625,1.225,1.6802766291317));
#7131=CARTESIAN_POINT('',(-1.1622834504212,1.225,1.72421974828605));
#7132=CARTESIAN_POINT('',(-2.125,-1.30104260698261E-15,1.4));
#7133=CARTESIAN_POINT('',(-2.12500000001,-0.925000000010002,1.40000000001));
#7134=CARTESIAN_POINT('',(-2.1506385530032,-0.925000000005002,1.46513574758124));
#7135=CARTESIAN_POINT('',(-2.15063855036012,1.22500000001,1.46513574085897));
#7136=CARTESIAN_POINT('',(-2.15063855300592,0.925000000004999,1.46513574758017));
#7137=CARTESIAN_POINT('',(-2.12500000001,0.925000000009999,1.40000000001));
#7138=CARTESIAN_POINT('',(-1.32637164345775,-1.22487035407363,1.72184910845597));
#7139=CARTESIAN_POINT('',(-1.32614169676284,-1.22491356946888,1.72190239538921));
#7140=CARTESIAN_POINT('',(-1.32591175006794,-1.22495678486413,1.72195568232245));
#7141=CARTESIAN_POINT('',(-1.27969246439111,-1.23364307930942,1.73266635590326));
#7142=CARTESIAN_POINT('',(-1.23025893058922,-1.24209610037888,1.73236087323229));
#7143=CARTESIAN_POINT('',(-1.1835094996095,-1.2495909778146,1.71942792231705));
#7144=CARTESIAN_POINT('',(-1.18327691537577,-1.24962826576204,1.71936357927767));
#7145=CARTESIAN_POINT('',(-1.18304433114204,-1.24966555370948,1.71929923623829));
#7146=CARTESIAN_POINT('',(-1.3102303030118,-1.22500078051162,1.65284761324675));
#7147=CARTESIAN_POINT('',(-1.31004819026435,-1.22500052034054,1.65288981533124));
#7148=CARTESIAN_POINT('',(-1.30986607751689,-1.22500026016946,1.65293201741573));
#7149=CARTESIAN_POINT('',(-1.27326141527744,-1.22494796578305,1.66141463639723));
#7150=CARTESIAN_POINT('',(-1.23415680094635,-1.2244792349625,1.66246624994727));
#7151=CARTESIAN_POINT('',(-1.19733240911228,-1.22394747541704,1.65482861737955));
#7152=CARTESIAN_POINT('',(-1.19714920318275,-1.22394482984716,1.65479061920757));
#7153=CARTESIAN_POINT('',(-1.19696599725323,-1.22394218427728,1.65475262103559));
#7154=CARTESIAN_POINT('',(-1.30977970181014,-1.22500000001,1.65338734421354));
#7155=CARTESIAN_POINT('',(-1.31504728656813,-1.22500000001,1.67611831417221));
#7156=CARTESIAN_POINT('',(-1.32031487132611,-1.22500000001,1.69884928413088));
#7157=CARTESIAN_POINT('',(-1.3255824560841,-1.22500000001,1.72158025408954));
#7158=CARTESIAN_POINT('',(-1.3255824560741,-1.225,1.72158025407955));
#7159=CARTESIAN_POINT('',(-1.19743319004838,-1.22410334054693,1.65525335512228));
#7160=CARTESIAN_POINT('',(-1.18382761928973,-1.24939468835398,1.71909093159911));
#7161=CARTESIAN_POINT('',(-1.18382736318447,-1.24939478658739,1.71909083808563));
#7162=CARTESIAN_POINT('',(-1.18382348936084,-1.24940193085013,1.71910903866209));
#7163=CARTESIAN_POINT('',(-1.19911414430501,-1.2469590170688,1.72332243757123));
#7164=CARTESIAN_POINT('',(-1.21480962067585,-1.24439711030139,1.72619913409344));
#7165=CARTESIAN_POINT('',(-1.24622455861872,-1.23914318432119,1.72931309938318));
#7166=CARTESIAN_POINT('',(-1.26204960205245,-1.23643369658703,1.72957709610968));
#7167=CARTESIAN_POINT('',(-1.29383104245161,-1.2308402727537,1.72756626165431));
#7168=CARTESIAN_POINT('',(-1.30988652671199,-1.2279351832389,1.72521717982843));
#7169=CARTESIAN_POINT('',(-1.32558243714947,-1.22500000000976,1.72158017237649));
#7170=CARTESIAN_POINT('',(2.60208521396521E-15,-1.225,-3.99864568838155));
#7171=CARTESIAN_POINT('',(1.0002602085214E-11,-1.22500000001,-3.99864568839155));
#7172=CARTESIAN_POINT('',(-1.86867658825863,-1.22500000001,1.56787940891944));
#7173=CARTESIAN_POINT('',(0.279153175077013,-1.22500000001,-3.88876618689101));
#7174=CARTESIAN_POINT('',(1.17824968546072,-1.25066084622583,1.71985931473282));
#7175=CARTESIAN_POINT('',(1.17848242042533,-1.25062379705183,1.71992469715551));
#7176=CARTESIAN_POINT('',(1.17871515538993,-1.25058674787783,1.71999007957821));
#7177=CARTESIAN_POINT('',(1.22549488327577,-1.24313986390358,1.7331319465404));
#7178=CARTESIAN_POINT('',(1.2749974274159,-1.23365988224011,1.73374324194565));
#7179=CARTESIAN_POINT('',(1.32105771647185,-1.22500000026179,1.7231086891515));
#7180=CARTESIAN_POINT('',(1.19242688612286,-1.22477766343578,1.65540368722341));
#7181=CARTESIAN_POINT('',(1.19261013852555,-1.2247805025698,1.65544238917927));
#7182=CARTESIAN_POINT('',(1.19279339092824,-1.22478334170381,1.65548109113513));
#7183=CARTESIAN_POINT('',(1.22962712386949,-1.22535400764112,1.66326018426364));
#7184=CARTESIAN_POINT('',(1.26864002207712,-1.22494829428414,1.6624559386939));
#7185=CARTESIAN_POINT('',(1.30510990356726,-1.22500000000134,1.65403565108226));
#7186=CARTESIAN_POINT('',(1.19289337764516,-1.22493909456111,1.65590283022533));
#7187=CARTESIAN_POINT('',(1.17904063354893,-1.2503792320579,1.71962802842156));
#7188=CARTESIAN_POINT('',(1.1928931938186,-1.22493909194481,1.65590279129707));
#7189=CARTESIAN_POINT('',(1.17904045152182,-1.25037922370036,1.71962799217669));
#7190=CARTESIAN_POINT('',(1.30520454279668,-1.22500000001289,1.65444554672526));
#7191=CARTESIAN_POINT('',(1.29348165716147,-1.22499999709953,1.65715191532148));
#7192=CARTESIAN_POINT('',(1.28155050184855,-1.22504820838182,1.6590782441926));
#7193=CARTESIAN_POINT('',(1.25693155437796,-1.22514854268174,1.66135701947265));
#7194=CARTESIAN_POINT('',(1.24417435610551,-1.22519985699207,1.66162267928937));
#7195=CARTESIAN_POINT('',(1.21853807093928,-1.22518797105553,1.66026681702503));
#7196=CARTESIAN_POINT('',(1.20558771333077,-1.22512146158934,1.6585990167297));
#7197=CARTESIAN_POINT('',(1.19288929036475,-1.22494629144487,1.65592082840745));
#7198=CARTESIAN_POINT('',(1.30520455833481,-1.22500000001289,1.65444561901141));
#7199=CARTESIAN_POINT('',(1.32095211231456,-1.22500000027007,1.72265129724758));
#7200=CARTESIAN_POINT('',(1.32095211368194,-1.225,1.72265129691956));
#7201=CARTESIAN_POINT('',(1.32095209686484,-1.22500000001218,1.72265122404098));
#7202=CARTESIAN_POINT('',(1.30503567925396,-1.22797663210458,1.72632578724942));
#7203=CARTESIAN_POINT('',(1.28876900393556,-1.23104217221371,1.72866953057753));
#7204=CARTESIAN_POINT('',(1.25702398085299,-1.23693220722674,1.73052402359129));
#7205=CARTESIAN_POINT('',(1.24144951870962,-1.23977800891667,1.73018306791762));
#7206=CARTESIAN_POINT('',(1.21019771394834,-1.24528070401135,1.72694015690918));
#7207=CARTESIAN_POINT('',(1.1944207711489,-1.24794872965109,1.72395753124964));
#7208=CARTESIAN_POINT('',(1.17903483648253,-1.25038946993967,1.71965387745258));
#7209=CARTESIAN_POINT('',(2.125,-1.30104260698261E-15,1.4));
#7210=CARTESIAN_POINT('',(2.12500000001,0.925000000009999,1.40000000001));
#7211=CARTESIAN_POINT('',(2.1506385530032,0.925000000004999,1.46513574758124));
#7212=CARTESIAN_POINT('',(2.15063855036013,1.22500000001,1.46513574085897));
#7213=CARTESIAN_POINT('',(2.15063855300321,-0.925000000005002,1.46513574758124));
#7214=CARTESIAN_POINT('',(2.12500000001,-0.925000000010002,1.40000000001));
#7215=CARTESIAN_POINT('',(2.60208521396521E-15,-1.225,-3.99864568838155));
#7216=CARTESIAN_POINT('',(-0.279153175077008,-1.22500000001,-3.88876618689101));
#7217=CARTESIAN_POINT('',(1.86867658791033,-1.225000000005,1.56787940904304));
#7218=CARTESIAN_POINT('',(1.0002602085214E-11,-1.22500000001,-3.99864568839155));
#7219=CARTESIAN_POINT('',(-1.84584682493299,-0.925000000000002,1.50987950150054));
#7220=CARTESIAN_POINT('',(-2.1506385556461,-0.925000000000002,1.46513575430359));
#7221=CARTESIAN_POINT('',(-2.1506385556461,-1.08350676014834,1.46513575430359));
#7222=CARTESIAN_POINT('',(-2.01894166830822,-1.22500000039102,1.51743558048854));
#7223=CARTESIAN_POINT('',(-1.86867658754699,-1.22500000000137,1.56787940916509));
#7224=CARTESIAN_POINT('',(-0.279153175067008,-0.925000000000002,-3.88876618688101));
#7225=CARTESIAN_POINT('',(1.86867658754667,-1.225,1.56787940916512));
#7226=CARTESIAN_POINT('',(2.01894012362838,-1.22500000038981,1.51743609903586));
#7227=CARTESIAN_POINT('',(2.1506385556461,-1.08350639734265,1.46513575430359));
#7228=CARTESIAN_POINT('',(2.1506385556461,-0.925000000000002,1.46513575430359));
#7229=CARTESIAN_POINT('',(1.84584682493299,0.924999999999999,1.50987950150054));
#7230=CARTESIAN_POINT('',(2.1506385556461,0.924999999999999,1.46513575430359));
#7231=CARTESIAN_POINT('',(2.1506385556461,1.08350676014829,1.46513575430359));
#7232=CARTESIAN_POINT('',(2.01894166830817,1.22500000039102,1.51743558048855));
#7233=CARTESIAN_POINT('',(1.86867658754699,1.22500000000136,1.56787940916509));
#7234=CARTESIAN_POINT('',(0.279153175067014,0.924999999999999,-3.88876618688101));
#7235=CARTESIAN_POINT('',(-1.86867658754666,1.225,1.56787940916512));
#7236=CARTESIAN_POINT('',(-2.01894012362848,1.22500000038981,1.51743609903582));
#7237=CARTESIAN_POINT('',(-2.15063855564609,1.08350639734276,1.46513575430359));
#7238=CARTESIAN_POINT('',(-2.15063855564609,0.924999999999999,1.46513575430359));
#7239=CARTESIAN_POINT('',(-0.610817147737649,-0.763464972685014,1.77099965944788));
#7240=CARTESIAN_POINT('',(-0.611075690896203,-0.763416951299325,1.77118204059844));
#7241=CARTESIAN_POINT('',(-0.611334234054757,-0.763368929913635,1.771364421749));
#7242=CARTESIAN_POINT('',(-0.67233328701837,-0.752039065045199,1.81439428772871));
#7243=CARTESIAN_POINT('',(-0.748373817026307,-0.737802553216092,1.826105555339));
#7244=CARTESIAN_POINT('',(-0.815671938429647,-0.725000000000002,1.81666613216934));
#7245=CARTESIAN_POINT('',(-0.640889554394741,-0.72589973541767,1.71892711346481));
#7246=CARTESIAN_POINT('',(-0.641094955058544,-0.725896563467948,1.71904695376031));
#7247=CARTESIAN_POINT('',(-0.641300355722347,-0.725893391518226,1.71916679405581));
#7248=CARTESIAN_POINT('',(-0.689761301431175,-0.725145021574246,1.74744116253445));
#7249=CARTESIAN_POINT('',(-0.750985538430171,-0.724913873907129,1.75414406860393));
#7250=CARTESIAN_POINT('',(-0.805823554369238,-0.725000000000003,1.746452334757));
#7251=CARTESIAN_POINT('',(-0.815607456333823,-0.725000001656829,1.81620647240538));
#7252=CARTESIAN_POINT('',(-0.744778400132223,-0.738402174573296,1.82615910372678));
#7253=CARTESIAN_POINT('',(-0.670720539511576,-0.752195601852841,1.81278229800263));
#7254=CARTESIAN_POINT('',(-0.611772987378264,-0.763095404963603,1.77123195539168));
#7255=CARTESIAN_POINT('',(0.716988564265117,-0.645890333832751,1.75869119183107));
#7256=CARTESIAN_POINT('',(0.690109526323762,-0.674211236061415,1.76203605535784));
#7257=CARTESIAN_POINT('',(0.659258545131147,-0.704457960544763,1.74837801722751));
#7258=CARTESIAN_POINT('',(0.63705651899743,-0.724194024626065,1.72281824206916));
#7259=CARTESIAN_POINT('',(0.919684254867533,-0.836348578561908,1.7334485304884));
#7260=CARTESIAN_POINT('',(0.897134850290663,-0.860927972850315,1.73721545762379));
#7261=CARTESIAN_POINT('',(0.871422748723251,-0.8867750001913,1.72966485611646));
#7262=CARTESIAN_POINT('',(0.849860235135806,-0.906394180197241,1.71210227114206));
#7263=CARTESIAN_POINT('',(1.12415047447716,-1.02364393370837,1.69637309559295));
#7264=CARTESIAN_POINT('',(1.10322909083425,-1.0449352265643,1.70054307793627));
#7265=CARTESIAN_POINT('',(1.07952305993392,-1.06713622364523,1.69556448034969));
#7266=CARTESIAN_POINT('',(1.05888782472488,-1.08478827627925,1.68227886487927));
#7267=CARTESIAN_POINT('',(1.30887455621119,-1.22827627187259,1.65359703651043));
#7268=CARTESIAN_POINT('',(1.28932759104555,-1.24639470551591,1.65812207096881));
#7269=CARTESIAN_POINT('',(1.26737563003969,-1.26514298628984,1.65535074717167));
#7270=CARTESIAN_POINT('',(1.24749381892237,-1.28064776919463,1.64559612183316));
#7271=CARTESIAN_POINT('',(1.19288892245457,-1.22494628372079,1.65592075185729));
#7272=CARTESIAN_POINT('',(1.02005101984497,-1.05179202811481,1.68760181523926));
#7273=CARTESIAN_POINT('',(0.832010497033919,-0.891098519239593,1.7127992267915));
#7274=CARTESIAN_POINT('',(0.64084122999054,-0.727434333372461,1.72262567079082));
#7275=CARTESIAN_POINT('',(-0.652953800040681,0.761931731853713,1.79660197134614));
#7276=CARTESIAN_POINT('',(-0.654259736744055,0.763085797298532,1.79645159456367));
#7277=CARTESIAN_POINT('',(-0.655565673447429,0.764239862743352,1.7963012177812));
#7278=CARTESIAN_POINT('',(-0.838860882357177,0.926219127325818,1.77519503117457));
#7279=CARTESIAN_POINT('',(-1.01958238888825,1.08749240055143,1.7492506417424));
#7280=CARTESIAN_POINT('',(-1.19993322040542,1.2510863733689,1.72186743692559));
#7281=CARTESIAN_POINT('',(-1.20103307106032,1.25208403407623,1.72170044331931));
#7282=CARTESIAN_POINT('',(-1.20213292171522,1.25308169478357,1.72153344971303));
#7283=CARTESIAN_POINT('',(-0.449893206917652,0.752923496150046,1.6789714594691));
#7284=CARTESIAN_POINT('',(-0.450754049196044,0.754046408994446,1.67891755816378));
#7285=CARTESIAN_POINT('',(-0.451614891474436,0.755169321838845,1.67886365685847));
#7286=CARTESIAN_POINT('',(-0.572438714595848,0.912776152146928,1.67129832004455));
#7287=CARTESIAN_POINT('',(-0.689331672189782,1.07143556859154,1.65796906623568));
#7288=CARTESIAN_POINT('',(-0.805178133169449,1.23245619026736,1.64431177196505));
#7289=CARTESIAN_POINT('',(-0.805884610677226,1.23343815766231,1.6442284843865));
#7290=CARTESIAN_POINT('',(-0.806591088185003,1.23442012505726,1.64414519680794));
#7291=CARTESIAN_POINT('',(-0.223022873789239,0.721065053463165,1.601886467587));
#7292=CARTESIAN_POINT('',(-0.223470123524065,0.722241586871081,1.60188761467172));
#7293=CARTESIAN_POINT('',(-0.223917373258891,0.723418120278998,1.60188876175644));
#7294=CARTESIAN_POINT('',(-0.286691268324335,0.888550883786037,1.60204976123893));
#7295=CARTESIAN_POINT('',(-0.345136232407108,1.05245044820144,1.60232548107116));
#7296=CARTESIAN_POINT('',(-0.403450226303506,1.21734848443458,1.60259339404369));
#7297=CARTESIAN_POINT('',(-0.403805848087099,1.21835409783606,1.60259502788289));
#7298=CARTESIAN_POINT('',(-0.404161469870691,1.21935971123754,1.60259666172209));
#7299=CARTESIAN_POINT('',(0.21854182942358,0.723770665257823,1.60503741259852));
#7300=CARTESIAN_POINT('',(0.218994919444389,0.724942096256923,1.60503259559094));
#7301=CARTESIAN_POINT('',(0.219448009465199,0.726113527256023,1.60502777858335));
#7302=CARTESIAN_POINT('',(0.28304161994006,0.890530140364992,1.60435168577633));
#7303=CARTESIAN_POINT('',(0.341985919957907,1.05383224343413,1.60356033802725));
#7304=CARTESIAN_POINT('',(0.400762648710467,1.21814355691471,1.60277406045539));
#7305=CARTESIAN_POINT('',(0.401121092434109,1.21914559224894,1.60276926542398));
#7306=CARTESIAN_POINT('',(0.401479536157752,1.22014762758318,1.60276447039257));
#7307=CARTESIAN_POINT('',(0.444742287619936,0.75729552642482,1.68503523319111));
#7308=CARTESIAN_POINT('',(0.44560732927312,0.758413617135932,1.6849649357427));
#7309=CARTESIAN_POINT('',(0.446472370926305,0.759531707847044,1.68489463829428));
#7310=CARTESIAN_POINT('',(0.567885598785316,0.916461725928186,1.67502801500439));
#7311=CARTESIAN_POINT('',(0.685577890901799,1.07414573369468,1.65992072573379));
#7312=CARTESIAN_POINT('',(0.802363144794561,1.23407528472064,1.64429536854832));
#7313=CARTESIAN_POINT('',(0.803075347432583,1.23505059833551,1.64420007894422));
#7314=CARTESIAN_POINT('',(0.803787550070606,1.23602591195039,1.64410478934013));
#7315=CARTESIAN_POINT('',(0.652406547840258,0.761380678145765,1.79900093879101));
#7316=CARTESIAN_POINT('',(0.653706407740312,0.76253726571989,1.79884368408972));
#7317=CARTESIAN_POINT('',(0.655006267640368,0.763693853294015,1.79868642938843));
#7318=CARTESIAN_POINT('',(0.837448564666299,0.926027112229163,1.77661489004738));
#7319=CARTESIAN_POINT('',(1.01714251343283,1.08796030599008,1.75036382661727));
#7320=CARTESIAN_POINT('',(1.19669990832214,1.25201049272623,1.72293769144938));
#7321=CARTESIAN_POINT('',(1.19779492028687,1.25301093560637,1.72277043603685));
#7322=CARTESIAN_POINT('',(1.1988899322516,1.2540113784865,1.72260318062432));
#7323=CARTESIAN_POINT('',(-1.16103690383612,1.22795256527758,1.72273354183702));
#7324=CARTESIAN_POINT('',(-0.982652112981655,1.06188266841445,1.75053138241955));
#7325=CARTESIAN_POINT('',(-0.788244786027548,0.906820942660789,1.76938262154814));
#7326=CARTESIAN_POINT('',(-0.611813382262549,0.763045370171012,1.7711671026599));
#7327=CARTESIAN_POINT('',(0.612618274792569,0.763580759864265,1.7753988305152));
#7328=CARTESIAN_POINT('',(0.421419646120843,0.756411664395548,1.67699484229821));
#7329=CARTESIAN_POINT('',(0.00473282065281889,0.697836999885687,1.53381322738583));
#7330=CARTESIAN_POINT('',(-0.421572162371576,0.751801286203555,1.66937694582402));
#7331=CARTESIAN_POINT('',(-0.611813425934629,0.763045554989084,1.77116699457697));
#7332=CARTESIAN_POINT('',(0.612583752142973,0.763624607541395,1.77546271344506));
#7333=CARTESIAN_POINT('',(0.612618235122755,0.763580588036594,1.77539892763984));
#7334=CARTESIAN_POINT('',(0.784195369817969,0.90277604233738,1.77209329736605));
#7335=CARTESIAN_POINT('',(0.975049748786485,1.05690830017995,1.7526974893021));
#7336=CARTESIAN_POINT('',(1.15290759172047,1.2250007346098,1.7242212021838));
#7337=CARTESIAN_POINT('',(0.648142252606852,0.727049079176287,1.7263314849063));
#7338=CARTESIAN_POINT('',(0.645767346626736,0.72711629211219,1.72501337928053));
#7339=CARTESIAN_POINT('',(0.643392440646619,0.727183505048094,1.72369527365477));
#7340=CARTESIAN_POINT('',(0.542066508958766,0.730051161034869,1.6674579818579));
#7341=CARTESIAN_POINT('',(0.437283621192505,0.729918343493899,1.62060385924125));
#7342=CARTESIAN_POINT('',(0.221609421517226,0.728033029562246,1.55389860220186));
#7343=CARTESIAN_POINT('',(0.110719790467867,0.726277374828957,1.53404636639851));
#7344=CARTESIAN_POINT('',(-0.111594570050619,0.725390081107362,1.53218321760587));
#7345=CARTESIAN_POINT('',(-0.223011625151501,0.726264599399906,1.55018750110141));
#7346=CARTESIAN_POINT('',(-0.439105613311599,0.727387317815772,1.61522546088047));
#7347=CARTESIAN_POINT('',(-0.543780517817191,0.727637982091737,1.66226128244629));
#7348=CARTESIAN_POINT('',(-0.643801632387016,0.725913278811632,1.72074744212084));
#7349=CARTESIAN_POINT('',(-0.646145963940132,0.72587285458384,1.72211826217355));
#7350=CARTESIAN_POINT('',(-0.648490295493249,0.725832430356049,1.72348908222625));
#7351=CARTESIAN_POINT('',(0.647999208882552,0.727234128343175,1.72659656139808));
#7352=CARTESIAN_POINT('',(0.645624361106294,0.727300579949488,1.72527900860593));
#7353=CARTESIAN_POINT('',(0.643249513330036,0.7273670315558,1.72396145581379));
#7354=CARTESIAN_POINT('',(0.541926064923722,0.73020220523348,1.6677477507956));
#7355=CARTESIAN_POINT('',(0.43715583736413,0.730024815152426,1.62091946280577));
#7356=CARTESIAN_POINT('',(0.221531155096522,0.728063268021057,1.55424534495059));
#7357=CARTESIAN_POINT('',(0.110676700388505,0.726279110970742,1.53439951508523));
#7358=CARTESIAN_POINT('',(-0.111557409465313,0.725389487236437,1.53253704313106));
#7359=CARTESIAN_POINT('',(-0.222938399424577,0.726290000669432,1.55053594620374));
#7360=CARTESIAN_POINT('',(-0.438977815728169,0.727489438796798,1.61554273096071));
#7361=CARTESIAN_POINT('',(-0.543636239955674,0.727788354007566,1.66255058799261));
#7362=CARTESIAN_POINT('',(-0.643652371832167,0.726100762849848,1.72100731616402));
#7363=CARTESIAN_POINT('',(-0.64599658659909,0.726061208469587,1.72237744639036));
#7364=CARTESIAN_POINT('',(-0.648340801366014,0.726021654089326,1.7237475766167));
#7365=CARTESIAN_POINT('',(0.619503463292531,0.764097779699451,1.77940245909464));
#7366=CARTESIAN_POINT('',(0.617140210309044,0.764012566809901,1.77819503630855));
#7367=CARTESIAN_POINT('',(0.614776957325558,0.763927353920351,1.77698761352247));
#7368=CARTESIAN_POINT('',(0.51394820352615,0.760291725605892,1.72547263155448));
#7369=CARTESIAN_POINT('',(0.411700016203756,0.751235038171941,1.68379086052542));
#7370=CARTESIAN_POINT('',(0.205939698543271,0.73408707251542,1.62331998070547));
#7371=CARTESIAN_POINT('',(0.102092724090637,0.726624967839642,1.60475027798373));
#7372=CARTESIAN_POINT('',(-0.104154647896774,0.725271182187648,1.60302263904633));
#7373=CARTESIAN_POINT('',(-0.208351099665015,0.731350188507868,1.61994970788165));
#7374=CARTESIAN_POINT('',(-0.413519254422754,0.747832963190957,1.67874611534));
#7375=CARTESIAN_POINT('',(-0.514894641845031,0.757743948902257,1.72018315653739));
#7376=CARTESIAN_POINT('',(-0.613918171199249,0.763449465013098,1.77277683388268));
#7377=CARTESIAN_POINT('',(-0.616239120984348,0.763583192991465,1.77400954377424));
#7378=CARTESIAN_POINT('',(-0.618560070769446,0.763716920969833,1.7752422536658));
#7379=CARTESIAN_POINT('',(0.640874665563779,0.727433483172113,1.72264390303164));
#7380=CARTESIAN_POINT('',(0.44282079452921,0.732975311157162,1.6127646790301));
#7381=CARTESIAN_POINT('',(0.,0.720462643375189,1.45777408086637));
#7382=CARTESIAN_POINT('',(-0.446118971200059,0.729433781384192,1.60555437783834));
#7383=CARTESIAN_POINT('',(-0.641308157075243,0.726140317240108,1.71963718594768));
#7384=CARTESIAN_POINT('',(0.640874665553779,0.727433483162113,1.72264390302164));
#7385=CARTESIAN_POINT('',(0.640874665563779,0.727433483172113,1.72264390303164));
#7386=CARTESIAN_POINT('',(0.61258375215297,0.763624607551395,1.77546271345506));
#7387=CARTESIAN_POINT('',(0.61160753689138,0.764019100995469,1.77527993088521));
#7388=CARTESIAN_POINT('',(0.611870894905494,0.763966979420966,1.77545670459443));
#7389=CARTESIAN_POINT('',(0.612134252919607,0.763914857846464,1.77563347830366));
#7390=CARTESIAN_POINT('',(0.671899409575189,0.752086647204214,1.81574962384793));
#7391=CARTESIAN_POINT('',(0.744911986606334,0.737407400901852,1.82655774370297));
#7392=CARTESIAN_POINT('',(0.810056167697707,0.725,1.81748462414631));
#7393=CARTESIAN_POINT('',(0.640429194361232,0.727216586007809,1.72195509230603));
#7394=CARTESIAN_POINT('',(0.640638558617854,0.727211014684739,1.72207104982874));
#7395=CARTESIAN_POINT('',(0.640847922874477,0.727205443361669,1.72218700735145));
#7396=CARTESIAN_POINT('',(0.688360005000613,0.725941115039705,1.74850183028697));
#7397=CARTESIAN_POINT('',(0.747138683583539,0.724920434690202,1.75465070284479));
#7398=CARTESIAN_POINT('',(0.800274082908711,0.724999999999998,1.74725013655182));
#7399=CARTESIAN_POINT('',(0.800332071057449,0.725000000009124,1.74766654772745));
#7400=CARTESIAN_POINT('',(0.784202450949506,0.724998322977215,1.74991748564902));
#7401=CARTESIAN_POINT('',(0.767840168638315,0.725101298793078,1.75091651085702));
#7402=CARTESIAN_POINT('',(0.736513880547531,0.725435689941408,1.75018929063655));
#7403=CARTESIAN_POINT('',(0.721438777135016,0.725656308526272,1.74866598938167));
#7404=CARTESIAN_POINT('',(0.68381473179768,0.726327289660194,1.74149291645458));
#7405=CARTESIAN_POINT('',(0.661204999922914,0.726865136152683,1.73392410746238));
#7406=CARTESIAN_POINT('',(0.640874592698061,0.727433576378073,1.72264403905668));
#7407=CARTESIAN_POINT('',(0.809988239356464,0.725000001391963,1.81699695857435));
#7408=CARTESIAN_POINT('',(0.741526715855075,0.737965138941338,1.82654897611762));
#7409=CARTESIAN_POINT('',(0.670351056107762,0.752244159346826,1.81420567493642));
#7410=CARTESIAN_POINT('',(0.612583658395408,0.763624728989141,1.77546288890217));
#7411=CARTESIAN_POINT('',(-1.76179159306797,-0.575000000000001,1.52920114843255));
#7412=CARTESIAN_POINT('',(-1.77241977718746,-0.425000000010001,1.56254843772572));
#7413=CARTESIAN_POINT('',(-1.78304788537135,-0.425000000000001,1.59589548880396));
#7414=CARTESIAN_POINT('',(-1.78304796129694,-0.575000000010001,1.59589572700888));
#7415=CARTESIAN_POINT('',(1.19297650223211,-1.22478643879127,1.65552044161573));
#7416=CARTESIAN_POINT('',(0.996757782193244,-1.22204125191048,1.61396184534849));
#7417=CARTESIAN_POINT('',(0.798353692439297,-1.21999318117754,1.58292852396699));
#7418=CARTESIAN_POINT('',(0.399333022687984,-1.21724008715031,1.54169061179826));
#7419=CARTESIAN_POINT('',(0.198716701555914,-1.21653499930824,1.53148479649157));
#7420=CARTESIAN_POINT('',(-0.202572465660423,-1.21643036903205,1.53167034501398));
#7421=CARTESIAN_POINT('',(-0.403245631669898,-1.21703096454569,1.54206162787971));
#7422=CARTESIAN_POINT('',(-0.80249383580777,-1.21952328335091,1.58322923381475));
#7423=CARTESIAN_POINT('',(-1.00106866590427,-1.22141474116156,1.61400678269602));
#7424=CARTESIAN_POINT('',(-1.19751483104634,-1.22395157695908,1.65487029234632));
#7425=CARTESIAN_POINT('',(1.17895620407008,-1.25053428416475,1.72001641966448));
#7426=CARTESIAN_POINT('',(0.984688049894366,-1.24158701267797,1.68135781555292));
#7427=CARTESIAN_POINT('',(0.788632929744032,-1.23292705499309,1.65211765542513));
#7428=CARTESIAN_POINT('',(0.394472875928296,-1.22056180607207,1.61250204723113));
#7429=CARTESIAN_POINT('',(0.196324539338606,-1.21686733731239,1.60233190951361));
#7430=CARTESIAN_POINT('',(-0.200114897163727,-1.21651895952648,1.60251594347281));
#7431=CARTESIAN_POINT('',(-0.398352356477877,-1.21984192134145,1.61288368995652));
#7432=CARTESIAN_POINT('',(-0.792842933584328,-1.23174382750957,1.65254826788016));
#7433=CARTESIAN_POINT('',(-0.989130931265219,-1.24036728400306,1.68163957225771));
#7434=CARTESIAN_POINT('',(-1.18374457852052,-1.24954893903301,1.71947994090306));
#7435=CARTESIAN_POINT('',(1.19289319382857,-1.22493909195483,1.65590279130728));
#7436=CARTESIAN_POINT('',(0.801149609428466,-1.21938468634154,1.57296200748069));
#7437=CARTESIAN_POINT('',(-0.00111311528683914,-1.21380484852651,1.49080230368843));
#7438=CARTESIAN_POINT('',(-0.80389104498009,-1.2189420697405,1.57342255658592));
#7439=CARTESIAN_POINT('',(-1.19743304861757,-1.22410333869179,1.65525332571454));
#7440=CARTESIAN_POINT('',(1.17904056415433,-1.25037901692481,1.71962747422601));
#7441=CARTESIAN_POINT('',(0.400681283513092,-1.21466277397363,1.5646256174531));
#7442=CARTESIAN_POINT('',(-0.405162479036831,-1.21281021288441,1.56759775668596));
#7443=CARTESIAN_POINT('',(-1.18382741618203,-1.24939468808852,1.71909058946781));
#7444=CARTESIAN_POINT('',(1.76179159306798,-0.575000000000002,1.52920114843255));
#7445=CARTESIAN_POINT('',(1.78304796567772,1.225,1.5958957407755));
#7446=CARTESIAN_POINT('',(1.32482506237483,-1.22812488733653,1.72175574436124));
#7447=CARTESIAN_POINT('',(1.29616165455151,-1.25469351567938,1.72839119426195));
#7448=CARTESIAN_POINT('',(1.26397082571645,-1.28218518782198,1.72432131948326));
#7449=CARTESIAN_POINT('',(1.23481640427723,-1.30492119373844,1.71001726757608));
#7450=CARTESIAN_POINT('',(1.1378856157367,-1.02346844842426,1.76505027606084));
#7451=CARTESIAN_POINT('',(1.10720759891951,-1.0546911333617,1.77116485795652));
#7452=CARTESIAN_POINT('',(1.07244759063487,-1.08724850549042,1.76385635598518));
#7453=CARTESIAN_POINT('',(1.04219280091331,-1.1131370579843,1.74437382144775));
#7454=CARTESIAN_POINT('',(0.930967784881654,-0.836147099852017,1.80257623686449));
#7455=CARTESIAN_POINT('',(0.897894112807255,-0.872187660472487,1.80810057002661));
#7456=CARTESIAN_POINT('',(0.860179724778444,-0.9100837461265,1.79701724204276));
#7457=CARTESIAN_POINT('',(0.828552489883174,-0.938847991247005,1.77125975936085));
#7458=CARTESIAN_POINT('',(0.725858688905898,-0.645654933937597,1.82812729690424));
#7459=CARTESIAN_POINT('',(0.686443668654419,-0.687184290115729,1.83303216396236));
#7460=CARTESIAN_POINT('',(0.641204449124601,-0.73153577501053,1.8129914005022));
#7461=CARTESIAN_POINT('',(0.608647701394156,-0.760476473771803,1.77551096423917));
#7462=CARTESIAN_POINT('',(0.810014897932207,-0.725049666054354,1.81702535764486));
#7463=CARTESIAN_POINT('',(0.869757868767803,-0.78030937118441,1.80870427207441));
#7464=CARTESIAN_POINT('',(0.978717051080944,-0.882120329033378,1.7913572991204));
#7465=CARTESIAN_POINT('',(1.05910207181903,-0.957750066597344,1.77727051166701));
#7466=CARTESIAN_POINT('',(1.21274269760028,-1.10917713087996,1.74720227008925));
#7467=CARTESIAN_POINT('',(1.28544428880128,-1.18623946264712,1.73084947610525));
#7468=CARTESIAN_POINT('',(1.32095202679918,-1.22500008372264,1.72265133181913));
#7469=CARTESIAN_POINT('',(0.612558458429129,-0.763648699698386,1.77543297935368));
#7470=CARTESIAN_POINT('',(0.81007902152333,-0.923870548627186,1.77137583903473));
#7471=CARTESIAN_POINT('',(1.00247129631251,-1.08090003893941,1.7491156472193));
#7472=CARTESIAN_POINT('',(1.17903467705732,-1.25038971560492,1.71965374486296));
#7473=CARTESIAN_POINT('',(2.60208521396521E-15,1.225,-3.99864568838155));
#7474=CARTESIAN_POINT('',(1.32055642177484,1.2250000810646,1.72274265601278));
#7475=CARTESIAN_POINT('',(1.28511717490521,1.18626374432538,1.73092240579019));
#7476=CARTESIAN_POINT('',(1.21257646541,1.10928318736001,1.74723892884444));
#7477=CARTESIAN_POINT('',(1.05869552136163,0.957535491927247,1.77734298672983));
#7478=CARTESIAN_POINT('',(0.979242987254519,0.882770565081627,1.79126573333565));
#7479=CARTESIAN_POINT('',(0.86995308852507,0.780586686412493,1.80867777526363));
#7480=CARTESIAN_POINT('',(0.809948909325886,0.725048135204091,1.81703454824974));
#7481=CARTESIAN_POINT('',(-0.815579003256622,0.725032182556371,1.81624766746849));
#7482=CARTESIAN_POINT('',(-0.880748394208565,0.785769082588039,1.8071072097399));
#7483=CARTESIAN_POINT('',(-0.960148157812901,0.860128727346832,1.79444684314265));
#7484=CARTESIAN_POINT('',(-1.04129507305417,0.937105218696302,1.78012950593457));
#7485=CARTESIAN_POINT('',(-1.06660654802011,0.961109318546945,1.77557883891786));
#7486=CARTESIAN_POINT('',(-1.14949560785605,1.04195882105746,1.75973778567258));
#7487=CARTESIAN_POINT('',(-1.23148490798652,1.12461567642456,1.742797479227));
#7488=CARTESIAN_POINT('',(-1.29054277779873,1.18671137533901,1.72970018182187));
#7489=CARTESIAN_POINT('',(-1.32557578590903,1.22500005024748,1.72158181463559));
#7490=CARTESIAN_POINT('',(-1.32558240527118,-1.22500005018967,1.72158028069498));
#7491=CARTESIAN_POINT('',(-1.2905518197754,-1.18671447194785,1.72969812919092));
#7492=CARTESIAN_POINT('',(-1.23149773515027,-1.12462284548885,1.74279479335384));
#7493=CARTESIAN_POINT('',(-1.14950176832205,-1.04195903424062,1.75973650818415));
#7494=CARTESIAN_POINT('',(-1.06662577237333,-0.961120603373735,1.77557533317597));
#7495=CARTESIAN_POINT('',(-1.04124967441339,-0.937053937859848,1.78013778513394));
#7496=CARTESIAN_POINT('',(-0.960090707128222,-0.860066413745548,1.79445638514309));
#7497=CARTESIAN_POINT('',(-0.880715513755452,-0.785731957898883,1.80711177281396));
#7498=CARTESIAN_POINT('',(-0.81558326155751,-0.725032053485485,1.81624707021075));
#7499=CARTESIAN_POINT('',(1.0002602085214E-11,-0.425000000010002,-3.99864568839155));
#7500=CARTESIAN_POINT('',(1.78304788537135,-0.425000000000002,1.59589548880396));
#7501=CARTESIAN_POINT('',(1.78304796129695,-0.575000000010002,1.59589572700888));
#7502=CARTESIAN_POINT('',(0.652299895210362,-0.761364721545979,1.7989539271413));
#7503=CARTESIAN_POINT('',(0.653607235220942,-0.762528682094117,1.79879506659455));
#7504=CARTESIAN_POINT('',(0.654914575231521,-0.763692642642255,1.7986362060478));
#7505=CARTESIAN_POINT('',(0.83729460025139,-0.926070564356326,1.77647441932298));
#7506=CARTESIAN_POINT('',(1.01691813230687,-1.08804931275081,1.75018172874029));
#7507=CARTESIAN_POINT('',(1.19642320934587,-1.25212744956516,1.72272654246406));
#7508=CARTESIAN_POINT('',(1.19751767533494,-1.2531278554771,1.72255914459377));
#7509=CARTESIAN_POINT('',(1.19861214132401,-1.25412826138904,1.72239174672348));
#7510=CARTESIAN_POINT('',(0.444669741161744,-0.757356215131081,1.68496207459998));
#7511=CARTESIAN_POINT('',(0.445540314354222,-0.758480952194646,1.68488899883241));
#7512=CARTESIAN_POINT('',(0.446410887546699,-0.759605689258212,1.68481592306485));
#7513=CARTESIAN_POINT('',(0.567859905660479,-0.916511752052868,1.67462151288204));
#7514=CARTESIAN_POINT('',(0.685598052167658,-1.07414522103087,1.65923048647473));
#7515=CARTESIAN_POINT('',(0.802443284903013,-1.23401233409869,1.64331121399367));
#7516=CARTESIAN_POINT('',(0.803155705606219,-1.23498706484675,1.64321415210223));
#7517=CARTESIAN_POINT('',(0.803868126309426,-1.23596179559481,1.64311709021078));
#7518=CARTESIAN_POINT('',(0.218452732105655,-0.723880552804183,1.60502516715649));
#7519=CARTESIAN_POINT('',(0.218909113497457,-0.725058641570186,1.60501816716528));
#7520=CARTESIAN_POINT('',(0.219365494889259,-0.72623673033619,1.60501116717407));
#7521=CARTESIAN_POINT('',(0.283032826250548,-0.890585604294547,1.60403463577313));
#7522=CARTESIAN_POINT('',(0.342040682295885,-1.05381811252655,1.60293832944516));
#7523=CARTESIAN_POINT('',(0.400881204298276,-1.21805982992672,1.60184629975645));
#7524=CARTESIAN_POINT('',(0.401239962675324,-1.21906123321094,1.60183964150827));
#7525=CARTESIAN_POINT('',(0.401598721052373,-1.22006263649515,1.60183298326008));
#7526=CARTESIAN_POINT('',(-0.223078989613795,-0.721109613224248,1.60190739514535));
#7527=CARTESIAN_POINT('',(-0.223528728979986,-0.722293199369217,1.6019073949625));
#7528=CARTESIAN_POINT('',(-0.223978468346176,-0.723476785514186,1.60190739477964));
#7529=CARTESIAN_POINT('',(-0.286719206176012,-0.888592569461608,1.60190736927007));
#7530=CARTESIAN_POINT('',(-0.345145723821794,-1.05246337952463,1.6020294557653));
#7531=CARTESIAN_POINT('',(-0.403443974749943,-1.21733165242686,1.60214181043343));
#7532=CARTESIAN_POINT('',(-0.403799426829157,-1.21833687590212,1.60214249547457));
#7533=CARTESIAN_POINT('',(-0.40415487890837,-1.21934209937738,1.60214318051571));
#7534=CARTESIAN_POINT('',(-0.449934372413562,-0.752912060084755,1.67899372198636));
#7535=CARTESIAN_POINT('',(-0.450800704820604,-0.754041957661241,1.67893932578112));
#7536=CARTESIAN_POINT('',(-0.451667037227646,-0.755171855237729,1.67888492957587));
#7537=CARTESIAN_POINT('',(-0.572524446006696,-0.912797833638144,1.67129640540178));
#7538=CARTESIAN_POINT('',(-0.689442670020399,-1.07147467892178,1.65795401232878));
#7539=CARTESIAN_POINT('',(-0.805320440361741,-1.23250786023256,1.64428839624908));
#7540=CARTESIAN_POINT('',(-0.806026962319891,-1.23348970065157,1.64420507519618));
#7541=CARTESIAN_POINT('',(-0.80673348427804,-1.23447154107059,1.64412175414329));
#7542=CARTESIAN_POINT('',(-0.652974890195997,-0.761912864052298,1.79663062981377));
#7543=CARTESIAN_POINT('',(-0.65428899242866,-0.763074059964873,1.79647928823004));
#7544=CARTESIAN_POINT('',(-0.655603094661323,-0.764235255877448,1.79632794664632));
#7545=CARTESIAN_POINT('',(-0.838926481180778,-0.926227498044506,1.77521509030949));
#7546=CARTESIAN_POINT('',(-1.01966964622757,-1.0875055848878,1.74926855292169));
#7547=CARTESIAN_POINT('',(-1.20004287576911,-1.2511033905097,1.72188282814871));
#7548=CARTESIAN_POINT('',(-1.20114263499781,-1.25210086777939,1.72171585379431));
#7549=CARTESIAN_POINT('',(-1.2022423942265,-1.25309834504907,1.72154887943991));
#7550=CARTESIAN_POINT('',(-0.611811596832288,-0.763047192771327,1.77116511998388));
#7551=CARTESIAN_POINT('',(-0.796626385709122,-0.913667129328566,1.76927908793444));
#7552=CARTESIAN_POINT('',(-1.00041921267736,-1.07590093284337,1.7487361579667));
#7553=CARTESIAN_POINT('',(-1.18382729683905,-1.24939481494281,1.71909051376435));
#7554=CARTESIAN_POINT('',(1.76179159306798,-0.575000000000002,1.52920114843255));
#7555=CARTESIAN_POINT('',(1.77241977718747,-0.425000000010002,1.56254843772572));
#7556=CARTESIAN_POINT('',(2.60208521396521E-15,-0.425000000000002,-3.99864568838155));
#7557=CARTESIAN_POINT('',(-1.24050782823672,-1.3040339734513,1.70955599388321));
#7558=CARTESIAN_POINT('',(-1.26937327071224,-1.28150011310113,1.7234125932187));
#7559=CARTESIAN_POINT('',(-1.30112798738107,-1.25438481225891,1.7272632864149));
#7560=CARTESIAN_POINT('',(-1.32944635413316,-1.22815943344109,1.72068350016537));
#7561=CARTESIAN_POINT('',(-1.04593783802285,-1.11284221616815,1.74353365755889));
#7562=CARTESIAN_POINT('',(-1.07632484240351,-1.08679497330966,1.76310836184935));
#7563=CARTESIAN_POINT('',(-1.11121152390957,-1.05405235217874,1.77043003705814));
#7564=CARTESIAN_POINT('',(-1.14197711633543,-1.02264732512032,1.76426034745913));
#7565=CARTESIAN_POINT('',(-0.828863192957981,-0.939927730188991,1.76917293835984));
#7566=CARTESIAN_POINT('',(-0.861169739597877,-0.91076826445057,1.79614961433105));
#7567=CARTESIAN_POINT('',(-0.899931209093127,-0.871932479518208,1.80779914669983));
#7568=CARTESIAN_POINT('',(-0.933805897488779,-0.8350702469349,1.8021046497288));
#7569=CARTESIAN_POINT('',(-0.607842176651343,-0.759893963967887,1.77127175342822));
#7570=CARTESIAN_POINT('',(-0.640962381160522,-0.731038047520852,1.81112045346361));
#7571=CARTESIAN_POINT('',(-0.688217904695152,-0.685361509717466,1.83283334661408));
#7572=CARTESIAN_POINT('',(-0.729141089853686,-0.642739316125683,1.82771746070534));
#7573=CARTESIAN_POINT('',(1.23486094382307,1.30448179316247,1.71035537677809));
#7574=CARTESIAN_POINT('',(1.26389123845278,1.28184533672152,1.72446942185561));
#7575=CARTESIAN_POINT('',(1.29589773946244,1.25453357520452,1.72845021695017));
#7576=CARTESIAN_POINT('',(1.32442201359644,1.22812970942469,1.72184907371963));
#7577=CARTESIAN_POINT('',(1.04233602633279,1.11278979812693,1.74464561301931));
#7578=CARTESIAN_POINT('',(1.07251076886646,1.08695714193666,1.76395671494844));
#7579=CARTESIAN_POINT('',(1.10712661429113,1.05453727313111,1.77117346731534));
#7580=CARTESIAN_POINT('',(1.137697366478,1.02343663568481,1.76507999696899));
#7581=CARTESIAN_POINT('',(0.828581704238398,0.938742860845773,1.77146145559405));
#7582=CARTESIAN_POINT('',(0.86018838267713,0.909990761750871,1.79710290364422));
#7583=CARTESIAN_POINT('',(0.89782159926959,0.872176908552851,1.80810709098105));
#7584=CARTESIAN_POINT('',(0.930838529979395,0.836207680816554,1.8025903813733));
#7585=CARTESIAN_POINT('',(0.608672855120262,0.760454016243073,1.77553777651661));
#7586=CARTESIAN_POINT('',(0.641240258098281,0.73152746584869,1.8129998458764));
#7587=CARTESIAN_POINT('',(0.686488144669974,0.687207103558108,1.83302700671684));
#7588=CARTESIAN_POINT('',(0.72591346901575,0.645705809443296,1.82812047235382));
#7589=CARTESIAN_POINT('',(-1.32943965425769,1.2281594250201,1.72068505753213));
#7590=CARTESIAN_POINT('',(-1.30112693734546,1.25437923234832,1.72726349615767));
#7591=CARTESIAN_POINT('',(-1.26937954323452,1.28148842965081,1.72341604707122));
#7592=CARTESIAN_POINT('',(-1.2405191286742,1.30401902719177,1.70956639957086));
#7593=CARTESIAN_POINT('',(-1.14197393661746,1.022648521464,1.76426085512065));
#7594=CARTESIAN_POINT('',(-1.11121189592716,1.05404997353002,1.77042989495198));
#7595=CARTESIAN_POINT('',(-1.07632989605129,1.08678876145728,1.76311125946608));
#7596=CARTESIAN_POINT('',(-1.04594559706609,1.11283476617943,1.7435420642166));
#7597=CARTESIAN_POINT('',(-0.933800806530378,0.835078239292015,1.80210514148975));
#7598=CARTESIAN_POINT('',(-0.899932517975952,0.871934755109453,1.80779882617931));
#7599=CARTESIAN_POINT('',(-0.861179586763912,0.910764058162483,1.79615712313995));
#7600=CARTESIAN_POINT('',(-0.828875186927522,0.939923442053655,1.76919161599104));
#7601=CARTESIAN_POINT('',(-0.729145165075897,0.642742677978053,1.82771695072937));
#7602=CARTESIAN_POINT('',(-0.688221079727713,0.685362934768834,1.83283297718495));
#7603=CARTESIAN_POINT('',(-0.640964744887276,0.731037337497042,1.81112114652788));
#7604=CARTESIAN_POINT('',(-0.60784366500436,0.759892324527784,1.77127363011151));
#7605=CARTESIAN_POINT('',(-0.720227713836052,0.642984452371804,1.75828687989151));
#7606=CARTESIAN_POINT('',(-0.692321528245219,0.672047253868114,1.76177549964906));
#7607=CARTESIAN_POINT('',(-0.660097251153043,0.703193566726231,1.74697607350379));
#7608=CARTESIAN_POINT('',(-0.637511962163271,0.72286980029567,1.71980398036199));
#7609=CARTESIAN_POINT('',(-0.922480286264031,0.835285457388223,1.73298383472305));
#7610=CARTESIAN_POINT('',(-0.899390432740223,0.860419265495434,1.73686600140044));
#7611=CARTESIAN_POINT('',(-0.872971029452038,0.88690044560349,1.72893289060927));
#7612=CARTESIAN_POINT('',(-0.850947048328153,0.906787629392413,1.71054745327574));
#7613=CARTESIAN_POINT('',(-1.12819043539193,1.02282602541016,1.69559318694567));
#7614=CARTESIAN_POINT('',(-1.10721335525436,1.04423781110433,1.6997999858189));
#7615=CARTESIAN_POINT('',(-1.0834256056192,1.06656073517009,1.6948129953691));
#7616=CARTESIAN_POINT('',(-1.06270330997491,1.08431875790648,1.68146927107653));
#7617=CARTESIAN_POINT('',(-1.31343594849366,1.2283087768171,1.65253882641816));
#7618=CARTESIAN_POINT('',(-1.29412948822512,1.24618808066504,1.65702466803998));
#7619=CARTESIAN_POINT('',(-1.27248124776535,1.26467409103702,1.65440363467141));
#7620=CARTESIAN_POINT('',(-1.2528013121107,1.28003772030656,1.64495955093923));
#7621=CARTESIAN_POINT('',(-1.19756834728317,1.22422706925097,1.65524858233576));
#7622=CARTESIAN_POINT('',(-1.02325116193002,1.05135969577328,1.68666042038061));
#7623=CARTESIAN_POINT('',(-0.833004924751836,0.891267609129149,1.71111726041382));
#7624=CARTESIAN_POINT('',(-0.641308104924698,0.726140387095656,1.71963728576569));
#7625=CARTESIAN_POINT('',(-0.683323291624742,-0.722222595038218,1.74759698833647));
#7626=CARTESIAN_POINT('',(-0.860629369228904,-0.8905790331304,1.71766041788967));
#7627=CARTESIAN_POINT('',(-1.03793544683306,-1.05893547122258,1.68772384744288));
#7628=CARTESIAN_POINT('',(-1.21524152443723,-1.22729190931476,1.65778727699608));
#7629=CARTESIAN_POINT('',(-0.479294262269573,-0.727220671745265,1.61801327886959));
#7630=CARTESIAN_POINT('',(-0.591712010548021,-0.892130120336021,1.60345464483936));
#7631=CARTESIAN_POINT('',(-0.704129758826467,-1.05703956892677,1.58889601080914));
#7632=CARTESIAN_POINT('',(-0.816547507104913,-1.22194901751753,1.57433737677891));
#7633=CARTESIAN_POINT('',(-0.240310144663982,-0.721947848569331,1.53187202412454));
#7634=CARTESIAN_POINT('',(-0.296640775651802,-0.887740559144049,1.53197665754831));
#7635=CARTESIAN_POINT('',(-0.352971406639621,-1.05353326971876,1.53208129097207));
#7636=CARTESIAN_POINT('',(-0.40930203762744,-1.21932598029348,1.53218592439583));
#7637=CARTESIAN_POINT('',(0.23566527392216,-0.723811280523606,1.53505630049298));
#7638=CARTESIAN_POINT('',(0.292183282744344,-0.88905122689335,1.53396812679777));
#7639=CARTESIAN_POINT('',(0.348701291566526,-1.05429117326309,1.53287995310256));
#7640=CARTESIAN_POINT('',(0.40521930038871,-1.21953111963284,1.53179177940734));
#7641=CARTESIAN_POINT('',(0.472643402554767,-0.73101071583426,1.62454606687332));
#7642=CARTESIAN_POINT('',(0.585927624739999,-0.894793450320458,1.60754674693261));
#7643=CARTESIAN_POINT('',(0.699211846925229,-1.05857618480665,1.5905474269919));
#7644=CARTESIAN_POINT('',(0.812496069110461,-1.22235891929285,1.57354810705119));
#7645=CARTESIAN_POINT('',(0.680566760344789,-0.723031303057598,1.74764711155102));
#7646=CARTESIAN_POINT('',(0.857281965919017,-0.891402177440628,1.71793201865211));
#7647=CARTESIAN_POINT('',(1.03399717149324,-1.05977305182366,1.68821692575321));
#7648=CARTESIAN_POINT('',(1.21071237706747,-1.22814392620669,1.65850183285431));
#7649=CARTESIAN_POINT('',(0.637090825520712,0.724194235786742,1.72283438684456));
#7650=CARTESIAN_POINT('',(0.65929999193087,0.704467932261303,1.74838149224062));
#7651=CARTESIAN_POINT('',(0.690156704945608,0.674242642391631,1.76203044151229));
#7652=CARTESIAN_POINT('',(0.717042617384553,0.645941037541445,1.75868445995868));
#7653=CARTESIAN_POINT('',(0.849841353942197,0.906341018488715,1.71224399463552));
#7654=CARTESIAN_POINT('',(0.871389750181225,0.886730208975167,1.72972735572156));
#7655=CARTESIAN_POINT('',(0.897046361652417,0.860939422735717,1.73722416156933));
#7656=CARTESIAN_POINT('',(0.919556919105225,0.836408818970667,1.73346245703605));
#7657=CARTESIAN_POINT('',(1.05892879777275,1.08454027681315,1.68247308402973));
#7658=CARTESIAN_POINT('',(1.07950937327302,1.06692649068044,1.69564170789041));
#7659=CARTESIAN_POINT('',(1.10311699730178,1.0448194356958,1.70055789443452));
#7660=CARTESIAN_POINT('',(1.12396511537583,1.02361149424278,1.69640233253323));
#7661=CARTESIAN_POINT('',(1.24740188687895,1.28034839822161,1.6458549582066));
#7662=CARTESIAN_POINT('',(1.26719893741459,1.26491159064426,1.6554799539992));
#7663=CARTESIAN_POINT('',(1.28902509170664,1.24628612307351,1.65819068119015));
#7664=CARTESIAN_POINT('',(1.3084770643348,1.22828015131703,1.65368906769315));
#7665=CARTESIAN_POINT('',(0.640874597169402,0.727433576239064,1.72264404153564));
#7666=CARTESIAN_POINT('',(0.832156043613834,0.891183405339497,1.7129221478536));
#7667=CARTESIAN_POINT('',(1.02039343066968,1.05184462963507,1.68774467269384));
#7668=CARTESIAN_POINT('',(1.19326051953893,1.22509443233285,1.65608333335975));
#7669=CARTESIAN_POINT('',(0.681062730755319,0.723011383781598,1.74794077602233));
#7670=CARTESIAN_POINT('',(0.85796538520624,0.891442860716643,1.71821838160848));
#7671=CARTESIAN_POINT('',(1.03486803965719,1.05987433765168,1.68849598719465));
#7672=CARTESIAN_POINT('',(1.21177069410808,1.22830581458673,1.65877359278079));
#7673=CARTESIAN_POINT('',(0.473101561302432,0.731017179348569,1.6247301694119));
#7674=CARTESIAN_POINT('',(0.586434988824791,0.894909722256787,1.60801206243514));
#7675=CARTESIAN_POINT('',(0.699768416347154,1.058802265165,1.5912939554584));
#7676=CARTESIAN_POINT('',(0.813101843869511,1.22269480807322,1.57457584848164));
#7677=CARTESIAN_POINT('',(0.236036828139675,0.72381552344005,1.53512042624923));
#7678=CARTESIAN_POINT('',(0.292610096586885,0.889163576920496,1.53432945896189));
#7679=CARTESIAN_POINT('',(0.349183365034096,1.05451163040092,1.53353849167452));
#7680=CARTESIAN_POINT('',(0.405756633481306,1.21985968388139,1.5327475243872));
#7681=CARTESIAN_POINT('',(-0.240134400660565,0.7219423422407,1.5318032279301));
#7682=CARTESIAN_POINT('',(-0.296423240255133,0.887810616222772,1.53207331752222));
#7683=CARTESIAN_POINT('',(-0.3527120798497,1.05367889020483,1.53234340711432));
#7684=CARTESIAN_POINT('',(-0.409000919444268,1.21954716418692,1.53261349670645));
#7685=CARTESIAN_POINT('',(-0.479230727486259,0.727222028722696,1.61796894902207));
#7686=CARTESIAN_POINT('',(-0.591624978326293,0.892171376545056,1.60341549337301));
#7687=CARTESIAN_POINT('',(-0.70401922916631,1.05712072436739,1.58886203772401));
#7688=CARTESIAN_POINT('',(-0.81641348000636,1.22207007218978,1.57430858207491));
#7689=CARTESIAN_POINT('',(-0.683341239937496,0.722221231751524,1.74760910341809));
#7690=CARTESIAN_POINT('',(-0.860689729163871,0.890617931907037,1.7176632883352));
#7691=CARTESIAN_POINT('',(-1.03803821839022,1.05901463206255,1.68771747325231));
#7692=CARTESIAN_POINT('',(-1.21538670761662,1.22741133221807,1.65777165816943));
#7693=CARTESIAN_POINT('',(0.,0.,0.));
#7694=CARTESIAN_POINT('',(0.,0.,3.25));
#7695=CARTESIAN_POINT('',(-1.92500000001,-1.20000000001,3.25000000001));
#7696=CARTESIAN_POINT('',(-1.925,-1.1,3.25));
#7697=CARTESIAN_POINT('',(-1.925,1.1,3.25));
#7698=CARTESIAN_POINT('',(-2.02500000001,-1.10000000001,3.25000000001));
#7699=CARTESIAN_POINT('',(-2.025,-1.2,3.25));
#7700=CARTESIAN_POINT('',(-2.85000000001,-1.20000000000999,3.25000000001));
#7701=CARTESIAN_POINT('',(-2.75,-1.19999999999999,3.25));
#7702=CARTESIAN_POINT('',(-2.75000000001,-1.10000000000999,3.25000000001));
#7703=CARTESIAN_POINT('',(-2.85,-1.09999999999999,3.25));
#7704=CARTESIAN_POINT('',(-2.85000000001,1.20000000001001,3.25000000001));
#7705=CARTESIAN_POINT('',(-2.85,1.10000000000001,3.25));
#7706=CARTESIAN_POINT('',(-2.75000000001,1.10000000001001,3.25000000001));
#7707=CARTESIAN_POINT('',(-2.75,1.20000000000001,3.25));
#7708=CARTESIAN_POINT('',(-1.92500000001,1.20000000001,3.25000000001));
#7709=CARTESIAN_POINT('',(-2.025,1.2,3.25));
#7710=CARTESIAN_POINT('',(-2.02500000001,1.10000000001,3.25000000001));
#7711=CARTESIAN_POINT('',(-1.925,1.2,3.91));
#7712=CARTESIAN_POINT('',(-1.92500000001,1.20000000001,3.51000000001));
#7713=CARTESIAN_POINT('',(-2.75,1.20000000000001,3.51));
#7714=CARTESIAN_POINT('',(-2.025,1.2,3.51));
#7715=CARTESIAN_POINT('',(-2.02500000001,1.20000000001,3.91000000001));
#7716=CARTESIAN_POINT('',(-2.75000000001,1.20000000001001,3.91000000001));
#7717=CARTESIAN_POINT('',(-8.25165761545734E-15,-1.10000000000001,3.51));
#7718=CARTESIAN_POINT('',(-2.75000000001,-1.10000000000999,3.51000000001));
#7719=CARTESIAN_POINT('',(-2.75,-1.09999999999999,3.61));
#7720=CARTESIAN_POINT('',(-2.75,-1.19999999999999,3.51));
#7721=CARTESIAN_POINT('',(-2.85000000001,-1.20000000000999,3.51000000001));
#7722=CARTESIAN_POINT('',(-2.025,-1.2,3.51));
#7723=CARTESIAN_POINT('',(-2.02500000001,-1.10000000001,3.51000000001));
#7724=CARTESIAN_POINT('',(-2.025,-1.1,3.61));
#7725=CARTESIAN_POINT('',(-1.92500000001,-1.10000000001,3.61000000001));
#7726=CARTESIAN_POINT('',(-2.75,-1.09999999999999,3.51));
#7727=CARTESIAN_POINT('',(-2.75000000001,-1.10000000000999,3.51000000001));
#7728=CARTESIAN_POINT('',(-2.85,-1.09999999999999,3.51));
#7729=CARTESIAN_POINT('',(-2.75000000001,-1.10000000000999,3.51000000001));
#7730=CARTESIAN_POINT('',(-2.75,1.10000000000001,3.51));
#7731=CARTESIAN_POINT('',(-2.75000000001,1.10000000001001,3.51000000001));
#7732=CARTESIAN_POINT('',(-2.75,1.10000000000001,3.61));
#7733=CARTESIAN_POINT('',(-2.75000000001,1.10000000001001,3.51000000001));
#7734=CARTESIAN_POINT('',(-2.85,1.10000000000001,3.51));
#7735=CARTESIAN_POINT('',(-2.75000000001,1.10000000001001,3.51000000001));
#7736=CARTESIAN_POINT('',(-1.925,-1.2,3.91));
#7737=CARTESIAN_POINT('',(-1.92500000001,-1.20000000001,3.51000000001));
#7738=CARTESIAN_POINT('',(-1.925,1.1,3.51));
#7739=CARTESIAN_POINT('',(-1.925,-1.1,3.51));
#7740=CARTESIAN_POINT('',(-1.92500000001,-1.10000000001,3.91000000001));
#7741=CARTESIAN_POINT('',(-1.92500000001,1.10000000001,3.91000000001));
#7742=CARTESIAN_POINT('',(-2.85,1.20000000000001,3.91));
#7743=CARTESIAN_POINT('',(-2.85000000001,-1.10000000000999,3.91000000001));
#7744=CARTESIAN_POINT('',(-2.85000000001,1.20000000001001,3.51000000001));
#7745=CARTESIAN_POINT('',(-2.85000000001,1.10000000001001,3.91000000001));
#7746=CARTESIAN_POINT('',(-2.025,1.1,3.91));
#7747=CARTESIAN_POINT('',(-2.02500000001,1.10000000001,3.51000000001));
#7748=CARTESIAN_POINT('',(0.,0.,3.61));
#7749=CARTESIAN_POINT('',(-2.02500000001,1.20000000001,3.61000000001));
#7750=CARTESIAN_POINT('',(-2.025,1.1,3.61));
#7751=CARTESIAN_POINT('',(-2.85000000001,1.10000000001001,3.61000000001));
#7752=CARTESIAN_POINT('',(-2.75000000001,-1.20000000000999,3.61000000001));
#7753=CARTESIAN_POINT('',(-2.75,-1.09999999999999,3.91));
#7754=CARTESIAN_POINT('',(-2.75000000001,-1.20000000000999,3.91000000001));
#7755=CARTESIAN_POINT('',(-2.75,0.,3.51));
#7756=CARTESIAN_POINT('',(-2.025,-1.1,3.91));
#7757=CARTESIAN_POINT('',(-2.02500000001,-1.10000000001,3.51000000001));
#7758=CARTESIAN_POINT('',(-2.02500000001,-1.20000000001,3.91000000001));
#7759=CARTESIAN_POINT('',(-2.025,1.1,3.51));
#7760=CARTESIAN_POINT('',(-2.02500000001,1.10000000001,3.51000000001));
#7761=CARTESIAN_POINT('',(-2.02500000001,1.10000000001,3.51000000001));
#7762=CARTESIAN_POINT('',(7.99379331497411E-15,1.09999999999999,3.51));
#7763=CARTESIAN_POINT('',(-2.75,1.10000000000001,3.91));
#7764=CARTESIAN_POINT('',(-2.85,-1.19999999999999,3.91));
#7765=CARTESIAN_POINT('',(-2.025,-1.1,3.51));
#7766=CARTESIAN_POINT('',(-2.02500000001,-1.10000000001,3.51000000001));
#7767=CARTESIAN_POINT('',(-2.025,1.09775469964157E-15,3.51));
#7768=CARTESIAN_POINT('',(0.,0.,0.));
#7769=CARTESIAN_POINT('',(2.02500000000001,-1.1,3.91));
#7770=CARTESIAN_POINT('',(2.02500000001001,-1.10000000001,3.51000000001));
#7771=CARTESIAN_POINT('',(2.02500000000001,-1.2,3.51));
#7772=CARTESIAN_POINT('',(1.92500000000001,-1.1,3.51));
#7773=CARTESIAN_POINT('',(1.92500000001001,-1.10000000001,3.91000000001));
#7774=CARTESIAN_POINT('',(1.92500000000001,-1.1,3.25));
#7775=CARTESIAN_POINT('',(2.02500000001001,-1.10000000001,3.25000000001));
#7776=CARTESIAN_POINT('',(2.02500000000001,-1.2,3.25));
#7777=CARTESIAN_POINT('',(2.02500000001001,-1.20000000001,3.91000000001));
#7778=CARTESIAN_POINT('',(-5.1572860096608E-16,-1.1,3.51));
#7779=CARTESIAN_POINT('',(2.75000000001,-1.10000000001,3.51000000001));
#7780=CARTESIAN_POINT('',(2.75,-1.2,3.51));
#7781=CARTESIAN_POINT('',(2.75,-1.1,3.61));
#7782=CARTESIAN_POINT('',(2.85000000001,-1.10000000001,3.61000000001));
#7783=CARTESIAN_POINT('',(2.02500000000001,-1.1,3.61));
#7784=CARTESIAN_POINT('',(2.02500000001001,-1.10000000001,3.51000000001));
#7785=CARTESIAN_POINT('',(1.92500000001001,-1.20000000001,3.51000000001));
#7786=CARTESIAN_POINT('',(2.02500000000001,1.1,3.51));
#7787=CARTESIAN_POINT('',(2.02500000001001,1.10000000001,3.51000000001));
#7788=CARTESIAN_POINT('',(2.02500000000001,1.1,3.61));
#7789=CARTESIAN_POINT('',(2.02500000000001,1.2,3.51));
#7790=CARTESIAN_POINT('',(2.02500000001001,1.10000000001,3.51000000001));
#7791=CARTESIAN_POINT('',(1.92500000000001,1.1,3.51));
#7792=CARTESIAN_POINT('',(2.02500000001001,1.10000000001,3.51000000001));
#7793=CARTESIAN_POINT('',(2.75,-1.1,3.91));
#7794=CARTESIAN_POINT('',(2.75000000001,-1.10000000001,3.25000000001));
#7795=CARTESIAN_POINT('',(2.85,-1.1,3.25));
#7796=CARTESIAN_POINT('',(2.75,-1.2,3.25));
#7797=CARTESIAN_POINT('',(2.85000000001,-1.10000000001,3.91000000001));
#7798=CARTESIAN_POINT('',(2.85,-1.1,3.51));
#7799=CARTESIAN_POINT('',(2.75000000001,-1.10000000001,3.51000000001));
#7800=CARTESIAN_POINT('',(2.75000000001,-1.20000000001,3.91000000001));
#7801=CARTESIAN_POINT('',(2.75,-1.49077798716757E-15,3.51));
#7802=CARTESIAN_POINT('',(2.75000000001,1.10000000001,3.51000000001));
#7803=CARTESIAN_POINT('',(2.85,1.1,3.51));
#7804=CARTESIAN_POINT('',(2.75,1.1,3.61));
#7805=CARTESIAN_POINT('',(2.75000000001,1.20000000001,3.61000000001));
#7806=CARTESIAN_POINT('',(2.75000000001,-1.10000000001,3.51000000001));
#7807=CARTESIAN_POINT('',(2.85000000001,-1.20000000001,3.51000000001));
#7808=CARTESIAN_POINT('',(2.02500000000001,1.1,3.91));
#7809=CARTESIAN_POINT('',(2.02500000001001,1.10000000001,3.25000000001));
#7810=CARTESIAN_POINT('',(1.92500000000001,1.1,3.25));
#7811=CARTESIAN_POINT('',(2.02500000000001,1.2,3.25));
#7812=CARTESIAN_POINT('',(1.92500000001001,1.10000000001,3.91000000001));
#7813=CARTESIAN_POINT('',(2.02500000001001,1.20000000001,3.91000000001));
#7814=CARTESIAN_POINT('',(2.75,1.1,3.51));
#7815=CARTESIAN_POINT('',(2.75000000001,1.10000000001,3.51000000001));
#7816=CARTESIAN_POINT('',(2.75,1.2,3.51));
#7817=CARTESIAN_POINT('',(2.75000000001,1.10000000001,3.51000000001));
#7818=CARTESIAN_POINT('',(0.,0.,3.61));
#7819=CARTESIAN_POINT('',(1.92500000001001,1.10000000001,3.61000000001));
#7820=CARTESIAN_POINT('',(2.02500000001001,-1.20000000001,3.61000000001));
#7821=CARTESIAN_POINT('',(2.85,-1.2,3.91));
#7822=CARTESIAN_POINT('',(2.85000000001,-1.20000000001,3.25000000001));
#7823=CARTESIAN_POINT('',(2.85,1.1,3.25));
#7824=CARTESIAN_POINT('',(2.85000000001,1.10000000001,3.91000000001));
#7825=CARTESIAN_POINT('',(1.92500000000001,1.2,3.91));
#7826=CARTESIAN_POINT('',(1.92500000001001,1.20000000001,3.25000000001));
#7827=CARTESIAN_POINT('',(1.92500000001001,1.20000000001,3.51000000001));
#7828=CARTESIAN_POINT('',(2.02500000000001,-1.1,3.51));
#7829=CARTESIAN_POINT('',(2.02500000001001,-1.10000000001,3.51000000001));
#7830=CARTESIAN_POINT('',(2.5786430048304E-16,1.1,3.51));
#7831=CARTESIAN_POINT('',(2.85000000001,1.20000000001,3.51000000001));
#7832=CARTESIAN_POINT('',(2.02500000000001,-5.48877349820789E-16,3.51));
#7833=CARTESIAN_POINT('',(2.75,-1.1,3.51));
#7834=CARTESIAN_POINT('',(0.,0.,3.25));
#7835=CARTESIAN_POINT('',(1.92500000001001,-1.20000000001,3.25000000001));
#7836=CARTESIAN_POINT('',(2.85000000001,1.20000000001,3.25000000001));
#7837=CARTESIAN_POINT('',(2.75,1.2,3.25));
#7838=CARTESIAN_POINT('',(2.75000000001,1.10000000001,3.25000000001));
#7839=CARTESIAN_POINT('',(1.92500000000001,-1.2,3.91));
#7840=CARTESIAN_POINT('',(2.75,1.1,3.91));
#7841=CARTESIAN_POINT('',(2.75000000001,1.20000000001,3.91000000001));
#7842=CARTESIAN_POINT('',(2.85,1.2,3.91));
#7843=CARTESIAN_POINT('',(0.,0.,0.));
#7844=CARTESIAN_POINT('',(2.8,-1.5,3.));
#7845=CARTESIAN_POINT('',(2.80000000001,-1.50000000001,3.30000000001));
#7846=CARTESIAN_POINT('',(3.,-1.65,3.3));
#7847=CARTESIAN_POINT('',(2.8,-1.74999999999999,3.3));
#7848=CARTESIAN_POINT('',(2.80000000001,-1.75000000001,3.00000000001));
#7849=CARTESIAN_POINT('',(2.8,-1.74999999999999,3.));
#7850=CARTESIAN_POINT('',(2.80000000001,-1.50000000001,3.00000000001));
#7851=CARTESIAN_POINT('',(3.,-1.65,3.));
#7852=CARTESIAN_POINT('',(3.00000000001,-1.65000000001,3.00000000001));
#7853=CARTESIAN_POINT('',(-1.56,-0.715000000000005,3.3));
#7854=CARTESIAN_POINT('',(-1.56000000001,-0.715000000010005,3.00000000001));
#7855=CARTESIAN_POINT('',(-1.56,-0.715000000000005,3.));
#7856=CARTESIAN_POINT('',(-1.55999999999999,0.715000000000012,3.));
#7857=CARTESIAN_POINT('',(-1.56000000000999,0.715000000010012,3.30000000001));
#7858=CARTESIAN_POINT('',(-1.55999999999999,0.715000000000012,3.3));
#7859=CARTESIAN_POINT('',(-1.56000000001,-0.715000000010005,3.30000000001));
#7860=CARTESIAN_POINT('',(-1.56,-0.715000000000005,3.3));
#7861=CARTESIAN_POINT('',(-1.56000000001,-0.715000000010005,3.30000000001));
#7862=CARTESIAN_POINT('',(-1.45999999999999,0.715000000000012,3.3));
#7863=CARTESIAN_POINT('',(-1.46000000000999,0.715000000010012,3.00000000001));
#7864=CARTESIAN_POINT('',(-1.45999999999999,0.815000000000012,3.));
#7865=CARTESIAN_POINT('',(-1.46000000000999,0.815000000010012,3.30000000001));
#7866=CARTESIAN_POINT('',(-1.45999999999999,0.815000000000012,3.3));
#7867=CARTESIAN_POINT('',(-1.46000000000999,0.715000000010012,3.30000000001));
#7868=CARTESIAN_POINT('',(-1.45999999999999,0.815000000000012,3.3));
#7869=CARTESIAN_POINT('',(-1.46000000000999,0.815000000010012,3.00000000001));
#7870=CARTESIAN_POINT('',(1.45999999999999,0.815000000000009,3.));
#7871=CARTESIAN_POINT('',(1.46000000000999,0.815000000010009,3.30000000001));
#7872=CARTESIAN_POINT('',(1.45999999999999,0.815000000000009,3.3));
#7873=CARTESIAN_POINT('',(-1.00046629367034E-11,0.815000000010002,3.30000000001));
#7874=CARTESIAN_POINT('',(-2.85,1.55000000000001,3.));
#7875=CARTESIAN_POINT('',(2.80000000001,1.50000000001,3.00000000001));
#7876=CARTESIAN_POINT('',(2.8,1.75,3.));
#7877=CARTESIAN_POINT('',(3.,1.65,3.));
#7878=CARTESIAN_POINT('',(3.00000000001,1.65000000001,3.00000000001));
#7879=CARTESIAN_POINT('',(2.85000000001,-1.75000000000999,3.00000000001));
#7880=CARTESIAN_POINT('',(-2.8,-1.75,3.));
#7881=CARTESIAN_POINT('',(-2.80000000001,-1.50000000001,3.00000000001));
#7882=CARTESIAN_POINT('',(-3.,-1.65,3.));
#7883=CARTESIAN_POINT('',(-3.00000000001,-1.65000000001,3.00000000001));
#7884=CARTESIAN_POINT('',(-3.,1.65,3.));
#7885=CARTESIAN_POINT('',(-2.80000000001,1.50000000001,3.00000000001));
#7886=CARTESIAN_POINT('',(-2.8,1.75,3.));
#7887=CARTESIAN_POINT('',(0.,1.75000000001,3.00000000001));
#7888=CARTESIAN_POINT('',(1.46000000001,0.715000000010009,3.00000000001));
#7889=CARTESIAN_POINT('',(1.56,0.715000000000009,3.));
#7890=CARTESIAN_POINT('',(-1.46000000001,-0.715000000010005,3.00000000001));
#7891=CARTESIAN_POINT('',(-1.46,-0.815000000000005,3.));
#7892=CARTESIAN_POINT('',(1.46000000000999,-0.815000000010009,3.00000000001));
#7893=CARTESIAN_POINT('',(1.46,-0.815000000000009,3.));
#7894=CARTESIAN_POINT('',(1.46000000001,-0.715000000010009,3.00000000001));
#7895=CARTESIAN_POINT('',(1.56,-0.715000000000009,3.));
#7896=CARTESIAN_POINT('',(1.56000000001,0.715000000010009,3.00000000001));
#7897=CARTESIAN_POINT('',(1.45999999999999,-0.815000000000009,3.3));
#7898=CARTESIAN_POINT('',(-1.46000000001,-0.815000000010005,3.30000000001));
#7899=CARTESIAN_POINT('',(-1.46,-0.815000000000005,3.3));
#7900=CARTESIAN_POINT('',(1.46000000000999,-0.815000000010009,3.30000000001));
#7901=CARTESIAN_POINT('',(1.46,-0.815000000000009,3.3));
#7902=CARTESIAN_POINT('',(1.46000000001,-0.815000000010009,3.30000000001));
#7903=CARTESIAN_POINT('',(-2.85,1.55000000000001,3.3));
#7904=CARTESIAN_POINT('',(3.00000000001,-1.00048849813084E-11,3.30000000001));
#7905=CARTESIAN_POINT('',(3.,1.65,3.3));
#7906=CARTESIAN_POINT('',(2.80000000001,1.50000000001,3.30000000001));
#7907=CARTESIAN_POINT('',(2.8,1.75,3.3));
#7908=CARTESIAN_POINT('',(-2.85000000001,1.75000000001001,3.30000000001));
#7909=CARTESIAN_POINT('',(-2.8,1.75000000000001,3.3));
#7910=CARTESIAN_POINT('',(-2.80000000001,1.50000000001,3.30000000001));
#7911=CARTESIAN_POINT('',(-3.,1.65,3.3));
#7912=CARTESIAN_POINT('',(-3.00000000001,1.00048849813084E-11,3.30000000001));
#7913=CARTESIAN_POINT('',(-3.,-1.65,3.3));
#7914=CARTESIAN_POINT('',(-2.80000000001,-1.50000000001,3.30000000001));
#7915=CARTESIAN_POINT('',(-2.8,-1.75,3.3));
#7916=CARTESIAN_POINT('',(2.85000000001,-1.75000000000999,3.30000000001));
#7917=CARTESIAN_POINT('',(1.46000000001,0.715000000010009,3.30000000001));
#7918=CARTESIAN_POINT('',(1.56,0.715000000000009,3.3));
#7919=CARTESIAN_POINT('',(1.56000000001,0.715000000010009,3.30000000001));
#7920=CARTESIAN_POINT('',(1.56,-0.715000000000009,3.3));
#7921=CARTESIAN_POINT('',(1.46000000001,-0.715000000010009,3.30000000001));
#7922=CARTESIAN_POINT('',(-1.46000000001,-0.715000000010005,3.30000000001));
#7923=CARTESIAN_POINT('',(-1.46,-0.715000000000005,3.3));
#7924=CARTESIAN_POINT('',(1.46,0.715000000000009,3.3));
#7925=CARTESIAN_POINT('',(1.56000000001,0.715000000010009,3.30000000001));
#7926=CARTESIAN_POINT('',(3.,-4.88498130835069E-15,3.));
#7927=CARTESIAN_POINT('',(3.00000000001,1.65000000001,3.00000000001));
#7928=CARTESIAN_POINT('',(2.8,1.5,3.));
#7929=CARTESIAN_POINT('',(2.80000000001,1.75000000001,3.00000000001));
#7930=CARTESIAN_POINT('',(1.56,0.715000000000009,3.3));
#7931=CARTESIAN_POINT('',(1.56000000001,-0.715000000010009,3.30000000001));
#7932=CARTESIAN_POINT('',(1.46,-0.715000000000009,3.3));
#7933=CARTESIAN_POINT('',(-2.8,1.5,3.));
#7934=CARTESIAN_POINT('',(-2.80000000001,1.75000000001,3.00000000001));
#7935=CARTESIAN_POINT('',(-3.00000000001,1.65000000001,3.00000000001));
#7936=CARTESIAN_POINT('',(-2.8,-1.5,3.));
#7937=CARTESIAN_POINT('',(-3.00000000001,-1.65000000001,3.00000000001));
#7938=CARTESIAN_POINT('',(-2.80000000001,-1.75000000001,3.00000000001));
#7939=CARTESIAN_POINT('',(-3.,4.88498130835069E-15,3.));
#7940=CARTESIAN_POINT('',(2.85,-1.74999999999999,3.3));
#7941=CARTESIAN_POINT('',(0.,1.75,3.3));
#7942=CARTESIAN_POINT('',(0.,0.,0.));
#7943=CARTESIAN_POINT('',(-3.6,-0.5,0.270000000000001));
#7944=CARTESIAN_POINT('',(-3.60000000001,0.50000000001,0.270000000010001));
#7945=CARTESIAN_POINT('',(-3.6,0.5,0.270000000000002));
#7946=CARTESIAN_POINT('',(-3.09489755433897,0.5,1.07636002814947));
#7947=CARTESIAN_POINT('',(-3.60000000001,-0.50000000001,0.270000000010002));
#7948=CARTESIAN_POINT('',(-3.6,-0.5,0.270000000000002));
#7949=CARTESIAN_POINT('',(-3.60000000001,-0.50000000001,0.270000000010001));
#7950=CARTESIAN_POINT('',(-3.09489755433897,-0.5,1.07636002814947));
#7951=CARTESIAN_POINT('',(-3.09489755434897,-0.50000000001,1.07636002815947));
#7952=CARTESIAN_POINT('',(-4.3,-0.5,-0.03));
#7953=CARTESIAN_POINT('',(-4.30000000001,0.50000000001,-0.03000000001));
#7954=CARTESIAN_POINT('',(-4.3,0.5,-0.03));
#7955=CARTESIAN_POINT('',(-4.3,0.5,0.27));
#7956=CARTESIAN_POINT('',(-4.30000000001,-0.50000000001,-0.03000000001));
#7957=CARTESIAN_POINT('',(-4.3,-0.5,-0.03));
#7958=CARTESIAN_POINT('',(-4.30000000001,-0.50000000001,-0.03000000001));
#7959=CARTESIAN_POINT('',(-4.3,-0.5,0.27));
#7960=CARTESIAN_POINT('',(-4.30000000001,-0.50000000001,0.27000000001));
#7961=CARTESIAN_POINT('',(-3.,0.5,0.995000000000001));
#7962=CARTESIAN_POINT('',(-3.00000000001,0.50000000001,0.59978369884288));
#7963=CARTESIAN_POINT('',(-3.,0.5,0.599783698832881));
#7964=CARTESIAN_POINT('',(-3.44455319917615,0.5,-0.03));
#7965=CARTESIAN_POINT('',(-3.44455319918615,0.50000000001,-0.03000000001));
#7966=CARTESIAN_POINT('',(-4.30000000001,0.50000000001,0.27000000001));
#7967=CARTESIAN_POINT('',(-3.00000000001,0.50000000001,0.995000000010001));
#7968=CARTESIAN_POINT('',(-2.99999999999964,0.5,1.12));
#7969=CARTESIAN_POINT('',(-3.00000000001,0.50000000001,1.12000000001));
#7970=CARTESIAN_POINT('',(-3.,-0.5,0.59978369883288));
#7971=CARTESIAN_POINT('',(-3.00000000001,-0.50000000001,0.599783698842881));
#7972=CARTESIAN_POINT('',(-3.,-0.5,0.599783698832881));
#7973=CARTESIAN_POINT('',(-3.35490964103057,-0.50000000001,0.0969950407304057));
#7974=CARTESIAN_POINT('',(-3.44455319917615,-0.5,-0.03));
#7975=CARTESIAN_POINT('',(-3.44455319918615,-0.50000000001,-0.03000000001));
#7976=CARTESIAN_POINT('',(-4.3,-0.5,0.27));
#7977=CARTESIAN_POINT('',(-4.30000000001,-0.50000000001,0.27000000001));
#7978=CARTESIAN_POINT('',(-3.44455319917615,-0.5,-0.03));
#7979=CARTESIAN_POINT('',(-3.44455319918615,-0.50000000001,-0.03000000001));
#7980=CARTESIAN_POINT('',(-3.,-0.5,0.995000000000001));
#7981=CARTESIAN_POINT('',(-3.00000000001,-0.50000000001,1.12000000001));
#7982=CARTESIAN_POINT('',(-2.99999999999964,-0.5,1.12));
#7983=CARTESIAN_POINT('',(-3.00000000001,-0.50000000001,0.995000000010001));
#7984=CARTESIAN_POINT('',(-3.,-0.5,0.995000000000001));
#7985=CARTESIAN_POINT('',(-3.00000000000964,-0.50000000001,1.12000000001));
#7986=CARTESIAN_POINT('',(-3.,-0.5,1.12));
#7987=CARTESIAN_POINT('',(0.,0.,0.));
#7988=CARTESIAN_POINT('',(3.,0.5,0.995));
#7989=CARTESIAN_POINT('',(3.00000000001,0.50000000001,0.599783698842881));
#7990=CARTESIAN_POINT('',(3.,0.5,0.599783698832881));
#7991=CARTESIAN_POINT('',(3.,0.5,1.12));
#7992=CARTESIAN_POINT('',(3.00000000001,0.50000000001,0.99500000001));
#7993=CARTESIAN_POINT('',(3.09489755433915,0.5,1.07636002814926));
#7994=CARTESIAN_POINT('',(3.09489755434897,0.50000000001,1.07636002815947));
#7995=CARTESIAN_POINT('',(3.6,0.5,0.270000000000001));
#7996=CARTESIAN_POINT('',(3.60000000001,0.50000000001,0.270000000010002));
#7997=CARTESIAN_POINT('',(4.3,0.5,0.27));
#7998=CARTESIAN_POINT('',(4.30000000001,0.50000000001,0.27000000001));
#7999=CARTESIAN_POINT('',(4.3,0.5,-0.03));
#8000=CARTESIAN_POINT('',(4.30000000001,0.50000000001,-0.03000000001));
#8001=CARTESIAN_POINT('',(3.44455319917615,0.5,-0.03));
#8002=CARTESIAN_POINT('',(3.35490964103057,0.50000000001,0.0969950407304058));
#8003=CARTESIAN_POINT('',(3.09489755433897,-0.5,1.07636002814947));
#8004=CARTESIAN_POINT('',(3.09489755434915,-0.50000000001,1.07636002815926));
#8005=CARTESIAN_POINT('',(3.09489755433915,-0.5,1.07636002814926));
#8006=CARTESIAN_POINT('',(3.09489755434897,-0.50000000001,1.07636002815947));
#8007=CARTESIAN_POINT('',(3.6,-0.5,0.270000000000001));
#8008=CARTESIAN_POINT('',(3.60000000001,-0.50000000001,0.270000000010001));
#8009=CARTESIAN_POINT('',(3.,-0.5,0.599783698832881));
#8010=CARTESIAN_POINT('',(3.00000000001,-0.50000000001,0.599783698842881));
#8011=CARTESIAN_POINT('',(3.,-0.5,0.599783698832881));
#8012=CARTESIAN_POINT('',(3.00000000001,-0.50000000001,0.599783698842881));
#8013=CARTESIAN_POINT('',(3.,-0.5,1.12));
#8014=CARTESIAN_POINT('',(3.00000000001,-0.50000000001,1.12000000001));
#8015=CARTESIAN_POINT('',(3.,-0.5,0.995));
#8016=CARTESIAN_POINT('',(3.44455319918615,-0.50000000001,-0.0300000000100001));
#8017=CARTESIAN_POINT('',(3.44455319917615,-0.5,-0.03));
#8018=CARTESIAN_POINT('',(4.30000000001,-0.50000000001,-0.03000000001));
#8019=CARTESIAN_POINT('',(4.3,-0.5,-0.03));
#8020=CARTESIAN_POINT('',(4.30000000001,-0.50000000001,0.27000000001));
#8021=CARTESIAN_POINT('',(4.3,-0.5,0.27));
#8022=CARTESIAN_POINT('',(3.60000000001,-0.50000000001,0.270000000010002));
#8023=CARTESIAN_POINT('',(3.00000000001,-0.50000000001,0.99500000001));
#8024=CARTESIAN_POINT('',(3.,-0.5,0.995));
#8025=CARTESIAN_POINT('',(3.35490964102057,-0.5,0.0969950407204058));
#8026=CARTESIAN_POINT('',(3.44455319918615,-0.50000000001,-0.03000000001));
#8027=CARTESIAN_POINT('',(4.3,-0.5,-0.03));
#8028=CARTESIAN_POINT('',(4.30000000001,-0.50000000001,-0.03000000001));
#8029=CARTESIAN_POINT('',(4.3,-0.5,0.27));
#8030=CARTESIAN_POINT('',(4.30000000001,-0.50000000001,0.27000000001));
#8031=CARTESIAN_POINT('',(3.6,-0.5,0.270000000000002));
#8032=CARTESIAN_POINT('',(0.,0.,0.));
#8033=CARTESIAN_POINT('',(-0.699999999999997,-0.549999999999996,2.4));
#8034=CARTESIAN_POINT('',(0.400000000010004,-0.325641025651023,1.86153846154846));
#8035=CARTESIAN_POINT('',(-0.338196601125006,-0.325641025641022,1.86153846153846));
#8036=CARTESIAN_POINT('',(0.338196601125014,-0.325641025641023,1.86153846153846));
#8037=CARTESIAN_POINT('',(0.37783036874233,-0.358669165323786,1.94080599676309));
#8038=CARTESIAN_POINT('',(0.576658139586552,-0.524358974358972,2.33846153846154));
#8039=CARTESIAN_POINT('',(-0.700000000009997,-0.524358974368971,2.33846153847154));
#8040=CARTESIAN_POINT('',(-0.576658139586546,-0.524358974358971,2.33846153846154));
#8041=CARTESIAN_POINT('',(-0.623684027278908,-0.563547214104273,2.43251331383626));
#8042=CARTESIAN_POINT('',(-1.50076331378452,-0.75,4.15));
#8043=CARTESIAN_POINT('',(-1.50076331379452,-0.65000000001,4.29999999831353));
#8044=CARTESIAN_POINT('',(-1.50076331378452,-0.65,4.15));
#8045=CARTESIAN_POINT('',(-1.50076331378452,-0.65,4.19999999830353));
#8046=CARTESIAN_POINT('',(-1.50076331379452,-0.75000000001,4.19999999831353));
#8047=CARTESIAN_POINT('',(-1.50076331378452,0.65,4.19999999830353));
#8048=CARTESIAN_POINT('',(-1.50076331379452,0.65000000001,4.15000000001));
#8049=CARTESIAN_POINT('',(-1.50076331378452,0.65,4.15));
#8050=CARTESIAN_POINT('',(-1.50076331379452,-0.75000000001,4.15000000001));
#8051=CARTESIAN_POINT('',(-2.,-1.2,2.4));
#8052=CARTESIAN_POINT('',(-2.00000000001,-1.20000000001,3.00000000001));
#8053=CARTESIAN_POINT('',(-2.,-1.2,3.));
#8054=CARTESIAN_POINT('',(2.,-1.2,3.));
#8055=CARTESIAN_POINT('',(-2.00000000001,-1.20000000001,2.40000000001));
#8056=CARTESIAN_POINT('',(-2.,-1.2,2.4));
#8057=CARTESIAN_POINT('',(-2.00000000001,-1.20000000001,2.40000000001));
#8058=CARTESIAN_POINT('',(2.,-1.2,2.4));
#8059=CARTESIAN_POINT('',(2.00000000001,-1.20000000001,2.40000000001));
#8060=CARTESIAN_POINT('',(5.25321766906669E-16,0.616666666666669,2.3));
#8061=CARTESIAN_POINT('',(0.576658139596555,0.616666666676669,2.30000000001));
#8062=CARTESIAN_POINT('',(0.576658139586555,0.616666666666669,2.4));
#8063=CARTESIAN_POINT('',(0.576658139586555,0.524358974358977,2.33846153846154));
#8064=CARTESIAN_POINT('',(0.700000000010006,0.524358974368977,2.33846153847154));
#8065=CARTESIAN_POINT('',(-0.576658139586542,0.524358974358978,2.33846153846154));
#8066=CARTESIAN_POINT('',(-0.576658139596542,0.61666666667667,2.30000000001));
#8067=CARTESIAN_POINT('',(-0.576658139586542,0.61666666666667,2.4));
#8068=CARTESIAN_POINT('',(1.00005253217669E-11,0.616666666676669,2.40000000001));
#8069=CARTESIAN_POINT('',(1.4,0.65,4.19999999830353));
#8070=CARTESIAN_POINT('',(1.40000000001,0.65000000001,4.19999999831353));
#8071=CARTESIAN_POINT('',(1.5,0.65,4.19999999830353));
#8072=CARTESIAN_POINT('',(1.4,0.65,4.29999999830353));
#8073=CARTESIAN_POINT('',(1.40000000001,0.65000000001,4.19999999831353));
#8074=CARTESIAN_POINT('',(1.4,0.75,4.19999999830353));
#8075=CARTESIAN_POINT('',(1.40000000001,0.65000000001,4.19999999831353));
#8076=CARTESIAN_POINT('',(0.,0.,2.4));
#8077=CARTESIAN_POINT('',(0.538196601135016,0.400000000010002,2.40000000001));
#8078=CARTESIAN_POINT('',(0.761803398874996,0.437267799624999,2.4));
#8079=CARTESIAN_POINT('',(-0.538196601135004,0.400000000010003,2.40000000001));
#8080=CARTESIAN_POINT('',(-0.761803398874983,0.437267799625001,2.4));
#8081=CARTESIAN_POINT('',(-0.761803398884985,1.00021775016456E-11,2.40000000001));
#8082=CARTESIAN_POINT('',(-0.761803398874986,-0.437267799624993,2.4));
#8083=CARTESIAN_POINT('',(-0.538196601135007,-0.400000000009997,2.40000000001));
#8084=CARTESIAN_POINT('',(-0.576658139586546,-0.616666666666663,2.4));
#8085=CARTESIAN_POINT('',(-1.00006685913397E-11,-0.616666666676664,2.40000000001));
#8086=CARTESIAN_POINT('',(0.576658139586552,-0.616666666666664,2.4));
#8087=CARTESIAN_POINT('',(0.538196601135014,-0.400000000009998,2.40000000001));
#8088=CARTESIAN_POINT('',(0.761803398874993,-0.437267799624995,2.4));
#8089=CARTESIAN_POINT('',(0.761803398884994,-1.00019522428547E-11,2.40000000001));
#8090=CARTESIAN_POINT('',(-2.00000000000999,1.20000000001,2.40000000001));
#8091=CARTESIAN_POINT('',(-1.99999999999999,1.2,2.4));
#8092=CARTESIAN_POINT('',(2.00000000001001,1.20000000001,2.40000000001));
#8093=CARTESIAN_POINT('',(2.00000000000001,1.2,2.4));
#8094=CARTESIAN_POINT('',(2.00000000001,-1.20000000001,2.40000000001));
#8095=CARTESIAN_POINT('',(0.623684027268917,0.471239521786586,2.4709748522878));
#8096=CARTESIAN_POINT('',(0.338196601135016,0.233333333343336,1.90000000001));
#8097=CARTESIAN_POINT('',(0.427639320225008,0.233333333333336,1.85527864045));
#8098=CARTESIAN_POINT('',(0.338196601125016,0.325641025641028,1.86153846153846));
#8099=CARTESIAN_POINT('',(0.623684027278917,0.563547214104278,2.43251331383626));
#8100=CARTESIAN_POINT('',(0.576658139586555,0.524358974362619,2.33846153847028));
#8101=CARTESIAN_POINT('',(0.639761407540994,0.532214152636364,2.35731396632224));
#8102=CARTESIAN_POINT('',(0.679802018392425,0.494318066067564,2.3596040367815));
#8103=CARTESIAN_POINT('',(0.672360679779021,0.437267799624999,2.34472135955803));
#8104=CARTESIAN_POINT('',(0.672360679775004,0.437267799624999,2.34472135955));
#8105=CARTESIAN_POINT('',(0.552151136622811,0.337093180333171,2.10430227323561));
#8106=CARTESIAN_POINT('',(0.761803398874994,-1.95224285470408E-15,2.3));
#8107=CARTESIAN_POINT('',(0.761803398884993,-0.437267799634995,2.30000000001));
#8108=CARTESIAN_POINT('',(0.672360679775002,-0.437267799624995,2.34472135955));
#8109=CARTESIAN_POINT('',(0.672360679785001,-0.550000000009998,2.34472135956));
#8110=CARTESIAN_POINT('',(0.761803398884996,0.437267799634999,2.30000000001));
#8111=CARTESIAN_POINT('',(0.338196601125015,-0.233333333333331,1.9));
#8112=CARTESIAN_POINT('',(0.338196601135015,-0.233333333343331,1.90000000001));
#8113=CARTESIAN_POINT('',(0.427639320225006,-0.233333333333331,1.85527864045));
#8114=CARTESIAN_POINT('',(0.338196601135015,-0.233333333343331,1.90000000001));
#8115=CARTESIAN_POINT('',(0.338196601125015,-0.233333333333331,1.8));
#8116=CARTESIAN_POINT('',(0.338196601135015,-0.233333333343331,1.90000000001));
#8117=CARTESIAN_POINT('',(-6.68591339699391E-16,-0.616666666666664,2.3));
#8118=CARTESIAN_POINT('',(-0.576658139596546,-0.616666666676663,2.30000000001));
#8119=CARTESIAN_POINT('',(0.576658139596552,-0.616666666676664,2.30000000001));
#8120=CARTESIAN_POINT('',(-0.699999999999994,0.550000000000003,2.4));
#8121=CARTESIAN_POINT('',(-0.427639320234998,-0.300000000009997,1.85527864046));
#8122=CARTESIAN_POINT('',(-0.427639320224996,0.233333333333337,1.85527864045));
#8123=CARTESIAN_POINT('',(-0.427639320224998,-0.23333333333333,1.85527864045));
#8124=CARTESIAN_POINT('',(-0.552151136622801,-0.337093180333166,2.10430227323561));
#8125=CARTESIAN_POINT('',(-0.672360679774994,-0.437267799624993,2.34472135955));
#8126=CARTESIAN_POINT('',(-0.672360679784991,0.550000000010003,2.34472135956));
#8127=CARTESIAN_POINT('',(-0.672360679774992,0.437267799625,2.34472135955));
#8128=CARTESIAN_POINT('',(-0.713126746378896,0.471239521796588,2.42625349274781));
#8129=CARTESIAN_POINT('',(0.700000000000004,-0.549999999999998,2.4));
#8130=CARTESIAN_POINT('',(0.713126746378906,-0.471239521796582,2.42625349274781));
#8131=CARTESIAN_POINT('',(0.427639320235008,0.300000000010002,1.85527864046));
#8132=CARTESIAN_POINT('',(-1.50076331378452,-0.75,4.29999999830353));
#8133=CARTESIAN_POINT('',(-1.40076331379452,-0.75000000001,4.29999999831353));
#8134=CARTESIAN_POINT('',(-1.40076331378452,0.65,4.29999999830353));
#8135=CARTESIAN_POINT('',(-1.40076331378452,-0.65,4.29999999830353));
#8136=CARTESIAN_POINT('',(1.40000000001,-0.65000000001,4.29999999831353));
#8137=CARTESIAN_POINT('',(1.4,-0.65,4.29999999830353));
#8138=CARTESIAN_POINT('',(1.40000000001,-0.75000000001,4.29999999831353));
#8139=CARTESIAN_POINT('',(-1.50076331379452,0.65000000001,4.29999999831353));
#8140=CARTESIAN_POINT('',(-0.338196601125005,0.233333333333336,1.9));
#8141=CARTESIAN_POINT('',(-0.338196601135005,0.233333333343336,1.90000000001));
#8142=CARTESIAN_POINT('',(-0.338196601125005,0.325641025641029,1.86153846153846));
#8143=CARTESIAN_POINT('',(-0.338196601125005,0.233333333333336,1.8));
#8144=CARTESIAN_POINT('',(-0.338196601135005,0.233333333343336,1.90000000001));
#8145=CARTESIAN_POINT('',(-0.338196601135005,0.233333333343337,1.90000000001));
#8146=CARTESIAN_POINT('',(-1.40076331378452,0.65,4.19999999830353));
#8147=CARTESIAN_POINT('',(-1.40076331379452,0.65000000001,4.19999999831353));
#8148=CARTESIAN_POINT('',(-1.40076331378452,0.75,4.19999999830353));
#8149=CARTESIAN_POINT('',(-1.40076331379452,0.65000000001,4.19999999831353));
#8150=CARTESIAN_POINT('',(-1.40076331379452,0.65000000001,4.19999999831353));
#8151=CARTESIAN_POINT('',(-0.623684027268907,-0.47123952178658,2.4709748522878));
#8152=CARTESIAN_POINT('',(-0.338196601135006,-0.23333333334333,1.90000000001));
#8153=CARTESIAN_POINT('',(-0.576658139586546,-0.524358974362613,2.33846153847028));
#8154=CARTESIAN_POINT('',(-0.639761407545149,-0.532214152636881,2.35731396632349));
#8155=CARTESIAN_POINT('',(-0.679802018390022,-0.494318066066118,2.35960403678005));
#8156=CARTESIAN_POINT('',(-0.672360679778521,-0.437267799627932,2.34472135955705));
#8157=CARTESIAN_POINT('',(0.338196601125016,0.233333333333336,1.9));
#8158=CARTESIAN_POINT('',(0.338196601135016,0.233333333343336,1.90000000001));
#8159=CARTESIAN_POINT('',(0.338196601125016,0.233333333333336,1.8));
#8160=CARTESIAN_POINT('',(0.338196601135016,0.233333333343336,1.90000000001));
#8161=CARTESIAN_POINT('',(2.00000000000001,1.2,2.4));
#8162=CARTESIAN_POINT('',(2.00000000001001,1.20000000001,3.00000000001));
#8163=CARTESIAN_POINT('',(2.00000000000001,1.2,3.));
#8164=CARTESIAN_POINT('',(-1.99999999999999,1.2,3.));
#8165=CARTESIAN_POINT('',(2.00000000001001,1.20000000001,2.40000000001));
#8166=CARTESIAN_POINT('',(-2.00000000000999,1.20000000001,2.40000000001));
#8167=CARTESIAN_POINT('',(-0.338196601125006,9.6668465457649E-16,1.9));
#8168=CARTESIAN_POINT('',(-0.338196601135006,-0.23333333334333,1.90000000001));
#8169=CARTESIAN_POINT('',(-0.338196601125006,-0.23333333333333,1.8));
#8170=CARTESIAN_POINT('',(-0.338196601135005,0.300000000010003,1.80000000001));
#8171=CARTESIAN_POINT('',(1.98770398289012E-16,0.233333333333336,1.9));
#8172=CARTESIAN_POINT('',(0.400000000010006,0.233333333343336,1.80000000001));
#8173=CARTESIAN_POINT('',(-0.400000000009994,0.325641025651029,1.86153846154846));
#8174=CARTESIAN_POINT('',(1.5,-0.75,4.29999999830353));
#8175=CARTESIAN_POINT('',(1.50000000001,0.65000000001,4.29999999831353));
#8176=CARTESIAN_POINT('',(1.5,0.65,3.));
#8177=CARTESIAN_POINT('',(1.50000000001,-0.75000000001,4.19999999831353));
#8178=CARTESIAN_POINT('',(1.5,-0.65,4.19999999830353));
#8179=CARTESIAN_POINT('',(1.50000000001,-0.65000000001,4.15000000001));
#8180=CARTESIAN_POINT('',(1.5,-0.65,3.));
#8181=CARTESIAN_POINT('',(1.50000000001,-0.750000000009999,3.00000000001));
#8182=CARTESIAN_POINT('',(1.4,-0.65,4.29999999830353));
#8183=CARTESIAN_POINT('',(1.40000000001,-0.65000000001,4.19999999831353));
#8184=CARTESIAN_POINT('',(1.4,-0.75,4.19999999830353));
#8185=CARTESIAN_POINT('',(1.40000000001,-0.75000000001,4.29999999831353));
#8186=CARTESIAN_POINT('',(1.4,-0.75,3.));
#8187=CARTESIAN_POINT('',(1.40000000001,-0.65000000001,3.00000000001));
#8188=CARTESIAN_POINT('',(1.4,0.65,4.29999999830353));
#8189=CARTESIAN_POINT('',(1.40000000001,0.75000000001,4.29999999831353));
#8190=CARTESIAN_POINT('',(1.4,0.750000000000001,3.));
#8191=CARTESIAN_POINT('',(1.40000000001,0.65000000001,3.00000000001));
#8192=CARTESIAN_POINT('',(-1.40076331378452,0.65,4.29999999830353));
#8193=CARTESIAN_POINT('',(-1.40076331379452,0.75000000001,4.29999999831353));
#8194=CARTESIAN_POINT('',(-1.40076331378452,0.75,4.15));
#8195=CARTESIAN_POINT('',(-1.40076331379452,0.65000000001,4.15000000001));
#8196=CARTESIAN_POINT('',(0.,0.,3.));
#8197=CARTESIAN_POINT('',(2.00000000001,-1.20000000001,3.00000000001));
#8198=CARTESIAN_POINT('',(-2.00000000000999,1.20000000001,3.00000000001));
#8199=CARTESIAN_POINT('',(-1.50000000001,-0.750000000009998,3.00000000001));
#8200=CARTESIAN_POINT('',(-1.40961242607927,-0.749999999999998,3.));
#8201=CARTESIAN_POINT('',(-1.40961242608927,-0.65000000001,3.00000000001));
#8202=CARTESIAN_POINT('',(-1.50961538461539,-0.65,3.));
#8203=CARTESIAN_POINT('',(-1.50961538462539,-0.75000000001,3.00000000001));
#8204=CARTESIAN_POINT('',(-1.50961538461539,0.65,3.));
#8205=CARTESIAN_POINT('',(-1.40961242608927,0.65000000001,3.00000000001));
#8206=CARTESIAN_POINT('',(-1.40961242607927,0.750000000000003,3.));
#8207=CARTESIAN_POINT('',(1.50000000001,0.750000000010001,3.00000000001));
#8208=CARTESIAN_POINT('',(0.700000000000006,0.550000000000002,2.4));
#8209=CARTESIAN_POINT('',(-0.377830368742321,0.358669165323792,1.94080599676309));
#8210=CARTESIAN_POINT('',(0.,0.,1.8));
#8211=CARTESIAN_POINT('',(0.338196601135015,-0.300000000009997,1.80000000001));
#8212=CARTESIAN_POINT('',(-0.400000000009996,-0.23333333334333,1.80000000001));
#8213=CARTESIAN_POINT('',(0.37783036873233,-0.266361473006094,1.97926753521463));
#8214=CARTESIAN_POINT('',(0.67236067977855,-0.437267799627952,2.34472135955709));
#8215=CARTESIAN_POINT('',(0.679800574807077,-0.494306998596011,2.35960114961415));
#8216=CARTESIAN_POINT('',(0.639773866410121,-0.532215703532901,2.3573176884739));
#8217=CARTESIAN_POINT('',(0.576658139586552,-0.52435897436264,2.33846153847034));
#8218=CARTESIAN_POINT('',(-0.763078075635122,0.437267799625,2.4));
#8219=CARTESIAN_POINT('',(-0.727604442573801,0.437267799625,2.4));
#8220=CARTESIAN_POINT('',(-0.688224970761792,0.437267799625,2.3764499415236));
#8221=CARTESIAN_POINT('',(-0.672360679774992,0.437267799625,2.34472135955));
#8222=CARTESIAN_POINT('',(-0.762900407488744,0.54049287996119,2.4));
#8223=CARTESIAN_POINT('',(-0.73237111544362,0.523274808508849,2.4));
#8224=CARTESIAN_POINT('',(-0.699007731262708,0.503522538601973,2.38448885499582));
#8225=CARTESIAN_POINT('',(-0.679886046752893,0.494962283574947,2.3597720935058));
#8226=CARTESIAN_POINT('',(-0.683161623622211,0.617801996751711,2.4));
#8227=CARTESIAN_POINT('',(-0.666172308401898,0.586206245949953,2.4));
#8228=CARTESIAN_POINT('',(-0.646469633787967,0.551417935638523,2.38346589365447));
#8229=CARTESIAN_POINT('',(-0.63901882762246,0.532121715301132,2.35709211672271));
#8230=CARTESIAN_POINT('',(-0.576658139586542,0.61801158126783,2.4));
#8231=CARTESIAN_POINT('',(-0.576658139586542,0.580583263319094,2.4));
#8232=CARTESIAN_POINT('',(-0.576658139586542,0.538754481262337,2.3730107550296));
#8233=CARTESIAN_POINT('',(-0.576658139586542,0.524358974358978,2.33846153846154));
#8234=CARTESIAN_POINT('',(-0.761803398884983,0.437267799635001,2.30000000001));
#8235=CARTESIAN_POINT('',(-0.672360679779034,0.437267799625,2.34472135955808));
#8236=CARTESIAN_POINT('',(-0.679800574808913,0.494306998593122,2.35960114961448));
#8237=CARTESIAN_POINT('',(-0.639773866410807,0.532215703532993,2.35731768847411));
#8238=CARTESIAN_POINT('',(-0.576658139586542,0.524358974362645,2.33846153847034));
#8239=CARTESIAN_POINT('',(-0.761803398874985,2.17750164563144E-15,2.3));
#8240=CARTESIAN_POINT('',(-0.761803398884986,-0.437267799634993,2.30000000001));
#8241=CARTESIAN_POINT('',(-0.576658139586546,-0.618019325080435,2.4));
#8242=CARTESIAN_POINT('',(-0.576658139586546,-0.580588425860829,2.4));
#8243=CARTESIAN_POINT('',(-0.576658139586546,-0.538755474058819,2.37301313774118));
#8244=CARTESIAN_POINT('',(-0.576658139586546,-0.524358974358971,2.33846153846154));
#8245=CARTESIAN_POINT('',(-0.683165138663233,-0.617808533822749,2.4));
#8246=CARTESIAN_POINT('',(-0.666174651762569,-0.586210603997311,2.4));
#8247=CARTESIAN_POINT('',(-0.646470147638159,-0.551419266416235,2.38346771254097));
#8248=CARTESIAN_POINT('',(-0.639018827622457,-0.532121715301128,2.35709211672272));
#8249=CARTESIAN_POINT('',(-0.762906723912528,-0.540496442331232,2.4));
#8250=CARTESIAN_POINT('',(-0.732375326392828,-0.523277183422206,2.4));
#8251=CARTESIAN_POINT('',(-0.699009050003462,-0.503523128966107,2.38449055960506));
#8252=CARTESIAN_POINT('',(-0.679886046752899,-0.494962283574934,2.35977209350581));
#8253=CARTESIAN_POINT('',(-0.763085415028989,-0.437267799624993,2.4));
#8254=CARTESIAN_POINT('',(-0.727609335503046,-0.437267799624993,2.4));
#8255=CARTESIAN_POINT('',(-0.688226064854033,-0.437267799624993,2.37645212970808));
#8256=CARTESIAN_POINT('',(-0.672360679774994,-0.437267799624993,2.34472135955));
#8257=CARTESIAN_POINT('',(1.5,0.75,4.29999999830353));
#8258=CARTESIAN_POINT('',(1.50000000001,0.75000000001,4.19999999831353));
#8259=CARTESIAN_POINT('',(-1.40077218922782,0.75000000001,4.14923079199807));
#8260=CARTESIAN_POINT('',(1.5,-0.75,4.29999999830353));
#8261=CARTESIAN_POINT('',(-1.40076331379452,-0.75000000001,4.19999999831353));
#8262=CARTESIAN_POINT('',(-1.40076331378452,-0.75,4.19999999830353));
#8263=CARTESIAN_POINT('',(-1.40076331379452,-0.75000000001,4.15000000001));
#8264=CARTESIAN_POINT('',(-1.40076331378452,-0.75,4.15));
#8265=CARTESIAN_POINT('',(-1.40944026986028,-0.75000000001,3.02238030977809));
#8266=CARTESIAN_POINT('',(-1.50076331378452,-0.65,4.19999999830353));
#8267=CARTESIAN_POINT('',(1.40000000001,-0.65000000001,4.19999999831353));
#8268=CARTESIAN_POINT('',(-1.40076331379452,-0.65000000001,4.19999999831353));
#8269=CARTESIAN_POINT('',(-1.40076331378452,-0.75,4.19999999830353));
#8270=CARTESIAN_POINT('',(-1.40076331379452,-0.65000000001,4.19999999831353));
#8271=CARTESIAN_POINT('',(1.4,-0.75,4.19999999830353));
#8272=CARTESIAN_POINT('',(1.40000000001,-0.65000000001,4.19999999831353));
#8273=CARTESIAN_POINT('',(1.5,0.65,4.19999999830353));
#8274=CARTESIAN_POINT('',(-1.40944026985028,0.65,3.02238030976809));
#8275=CARTESIAN_POINT('',(-1.50961538462539,0.65000000001,3.00000000001));
#8276=CARTESIAN_POINT('',(-1.99999999999999,1.2,2.4));
#8277=CARTESIAN_POINT('',(-1.50961538461539,-0.75,3.));
#8278=CARTESIAN_POINT('',(-1.50961538462539,-0.65000000001,3.00000000001));
#8279=CARTESIAN_POINT('',(0.576658139586555,0.618019325080442,2.4));
#8280=CARTESIAN_POINT('',(0.576658139586555,0.580588425860835,2.4));
#8281=CARTESIAN_POINT('',(0.576658139586555,0.538755474058825,2.37301313774118));
#8282=CARTESIAN_POINT('',(0.576658139586555,0.524358974358977,2.33846153846154));
#8283=CARTESIAN_POINT('',(0.683165138663248,0.617808533822739,2.4));
#8284=CARTESIAN_POINT('',(0.666174651762585,0.5862106039973,2.4));
#8285=CARTESIAN_POINT('',(0.646470147638173,0.551419266416231,2.38346771254097));
#8286=CARTESIAN_POINT('',(0.639018827622468,0.532121715301132,2.35709211672271));
#8287=CARTESIAN_POINT('',(0.762906723912533,0.540496442331251,2.4));
#8288=CARTESIAN_POINT('',(0.732375326392831,0.523277183422224,2.4));
#8289=CARTESIAN_POINT('',(0.699009050003467,0.503523128966121,2.38449055960505));
#8290=CARTESIAN_POINT('',(0.679886046752908,0.494962283574943,2.3597720935058));
#8291=CARTESIAN_POINT('',(0.763085415028999,0.437267799624999,2.4));
#8292=CARTESIAN_POINT('',(0.727609335503056,0.437267799624999,2.4));
#8293=CARTESIAN_POINT('',(0.688226064854044,0.437267799624999,2.37645212970808));
#8294=CARTESIAN_POINT('',(0.672360679775004,0.437267799624999,2.34472135955));
#8295=CARTESIAN_POINT('',(-0.37783036873232,0.266361473006099,1.97926753521463));
#8296=CARTESIAN_POINT('',(1.4,-0.65,4.19999999830353));
#8297=CARTESIAN_POINT('',(-1.40076331378452,-0.65,4.15));
#8298=CARTESIAN_POINT('',(-1.40076331379452,-0.65000000001,4.19999999831353));
#8299=CARTESIAN_POINT('',(-1.40076331379452,-0.65000000001,4.15000000001));
#8300=CARTESIAN_POINT('',(-2.52980506913281E-16,-0.23333333333333,1.9));
#8301=CARTESIAN_POINT('',(-0.338196601135006,-0.23333333334333,1.90000000001));
#8302=CARTESIAN_POINT('',(-0.338196601125006,-0.23333333333333,1.9));
#8303=CARTESIAN_POINT('',(2.,-1.2,2.4));
#8304=CARTESIAN_POINT('',(-1.40961834306398,-0.65,2.99923079198807));
#8305=CARTESIAN_POINT('',(0.338196601125015,-8.66682793758258E-16,1.9));
#8306=CARTESIAN_POINT('',(-1.40076331378452,-0.65,4.19999999830353));
#8307=CARTESIAN_POINT('',(0.763078075635132,-0.437267799624995,2.4));
#8308=CARTESIAN_POINT('',(0.727604442573811,-0.437267799624994,2.4));
#8309=CARTESIAN_POINT('',(0.688224970761802,-0.437267799624994,2.3764499415236));
#8310=CARTESIAN_POINT('',(0.672360679775001,-0.437267799624994,2.34472135955));
#8311=CARTESIAN_POINT('',(0.762900407488753,-0.540492879961193,2.4));
#8312=CARTESIAN_POINT('',(0.732371115443649,-0.52327480850884,2.4));
#8313=CARTESIAN_POINT('',(0.699007731262738,-0.50352253860196,2.38448885499582));
#8314=CARTESIAN_POINT('',(0.679886046752904,-0.494962283574941,2.3597720935058));
#8315=CARTESIAN_POINT('',(0.683161623622223,-0.617801996751693,2.4));
#8316=CARTESIAN_POINT('',(0.666172308401895,-0.586206245949949,2.4));
#8317=CARTESIAN_POINT('',(0.646469633787961,-0.551417935638525,2.38346589365447));
#8318=CARTESIAN_POINT('',(0.639018827622467,-0.532121715301126,2.35709211672271));
#8319=CARTESIAN_POINT('',(0.576658139586552,-0.618011581267824,2.4));
#8320=CARTESIAN_POINT('',(0.576658139586552,-0.580583263319088,2.4));
#8321=CARTESIAN_POINT('',(0.576658139586552,-0.538754481262331,2.3730107550296));
#8322=CARTESIAN_POINT('',(0.576658139586552,-0.524358974358972,2.33846153846154));
#8323=CARTESIAN_POINT('',(0.,0.,0.));
#8324=(
GEOMETRIC_REPRESENTATION_CONTEXT(3)
GLOBAL_UNCERTAINTY_ASSIGNED_CONTEXT((#8335))
GLOBAL_UNIT_ASSIGNED_CONTEXT((#8348,#8347,#8346))
REPRESENTATION_CONTEXT('PTS636SL43SMTRLFS','TOP_LEVEL_ASSEMBLY_PART')
);
#8325=(
GEOMETRIC_REPRESENTATION_CONTEXT(3)
GLOBAL_UNCERTAINTY_ASSIGNED_CONTEXT((#8336))
GLOBAL_UNIT_ASSIGNED_CONTEXT((#8348,#8347,#8346))
REPRESENTATION_CONTEXT('PTS636SL43SMTRLFS_PART1','COMPONENT_PART')
);
#8326=(
GEOMETRIC_REPRESENTATION_CONTEXT(3)
GLOBAL_UNCERTAINTY_ASSIGNED_CONTEXT((#8337))
GLOBAL_UNIT_ASSIGNED_CONTEXT((#8348,#8347,#8346))
REPRESENTATION_CONTEXT('PTS636SL43SMTRLFS_PART2','COMPONENT_PART')
);
#8327=(
GEOMETRIC_REPRESENTATION_CONTEXT(3)
GLOBAL_UNCERTAINTY_ASSIGNED_CONTEXT((#8338))
GLOBAL_UNIT_ASSIGNED_CONTEXT((#8348,#8347,#8346))
REPRESENTATION_CONTEXT('PTS636SL43SMTRLFS_PART3','COMPONENT_PART')
);
#8328=(
GEOMETRIC_REPRESENTATION_CONTEXT(3)
GLOBAL_UNCERTAINTY_ASSIGNED_CONTEXT((#8339))
GLOBAL_UNIT_ASSIGNED_CONTEXT((#8348,#8347,#8346))
REPRESENTATION_CONTEXT('PTS636SL43SMTRLFS_PART4','COMPONENT_PART')
);
#8329=(
GEOMETRIC_REPRESENTATION_CONTEXT(3)
GLOBAL_UNCERTAINTY_ASSIGNED_CONTEXT((#8340))
GLOBAL_UNIT_ASSIGNED_CONTEXT((#8348,#8347,#8346))
REPRESENTATION_CONTEXT('PTS636SL43SMTRLFS_PART5','COMPONENT_PART')
);
#8330=(
GEOMETRIC_REPRESENTATION_CONTEXT(3)
GLOBAL_UNCERTAINTY_ASSIGNED_CONTEXT((#8341))
GLOBAL_UNIT_ASSIGNED_CONTEXT((#8348,#8347,#8346))
REPRESENTATION_CONTEXT('PTS636SL43SMTRLFS_PART6','COMPONENT_PART')
);
#8331=(
GEOMETRIC_REPRESENTATION_CONTEXT(3)
GLOBAL_UNCERTAINTY_ASSIGNED_CONTEXT((#8342))
GLOBAL_UNIT_ASSIGNED_CONTEXT((#8348,#8347,#8346))
REPRESENTATION_CONTEXT('PTS636SL43SMTRLFS_PART7','COMPONENT_PART')
);
#8332=(
GEOMETRIC_REPRESENTATION_CONTEXT(3)
GLOBAL_UNCERTAINTY_ASSIGNED_CONTEXT((#8343))
GLOBAL_UNIT_ASSIGNED_CONTEXT((#8348,#8347,#8346))
REPRESENTATION_CONTEXT('PTS636SL43SMTRLFS_PART8','COMPONENT_PART')
);
#8333=(
GEOMETRIC_REPRESENTATION_CONTEXT(3)
GLOBAL_UNCERTAINTY_ASSIGNED_CONTEXT((#8344))
GLOBAL_UNIT_ASSIGNED_CONTEXT((#8348,#8347,#8346))
REPRESENTATION_CONTEXT('PTS636SL43SMTRLFS_PART9','COMPONENT_PART')
);
#8334=(
GEOMETRIC_REPRESENTATION_CONTEXT(3)
GLOBAL_UNCERTAINTY_ASSIGNED_CONTEXT((#8345))
GLOBAL_UNIT_ASSIGNED_CONTEXT((#8348,#8347,#8346))
REPRESENTATION_CONTEXT('PTS636SL43SMTRLFS_PART10','COMPONENT_PART')
);
#8335=UNCERTAINTY_MEASURE_WITH_UNIT(LENGTH_MEASURE(0.005),#8348,
'DISTANCE_ACCURACY_VALUE','Maximum Tolerance applied to model');
#8336=UNCERTAINTY_MEASURE_WITH_UNIT(LENGTH_MEASURE(0.005),#8348,
'DISTANCE_ACCURACY_VALUE','Maximum Tolerance applied to model');
#8337=UNCERTAINTY_MEASURE_WITH_UNIT(LENGTH_MEASURE(0.005),#8348,
'DISTANCE_ACCURACY_VALUE','Maximum Tolerance applied to model');
#8338=UNCERTAINTY_MEASURE_WITH_UNIT(LENGTH_MEASURE(0.005),#8348,
'DISTANCE_ACCURACY_VALUE','Maximum Tolerance applied to model');
#8339=UNCERTAINTY_MEASURE_WITH_UNIT(LENGTH_MEASURE(0.005),#8348,
'DISTANCE_ACCURACY_VALUE','Maximum Tolerance applied to model');
#8340=UNCERTAINTY_MEASURE_WITH_UNIT(LENGTH_MEASURE(0.005),#8348,
'DISTANCE_ACCURACY_VALUE','Maximum Tolerance applied to model');
#8341=UNCERTAINTY_MEASURE_WITH_UNIT(LENGTH_MEASURE(0.005),#8348,
'DISTANCE_ACCURACY_VALUE','Maximum Tolerance applied to model');
#8342=UNCERTAINTY_MEASURE_WITH_UNIT(LENGTH_MEASURE(0.005),#8348,
'DISTANCE_ACCURACY_VALUE','Maximum Tolerance applied to model');
#8343=UNCERTAINTY_MEASURE_WITH_UNIT(LENGTH_MEASURE(0.005),#8348,
'DISTANCE_ACCURACY_VALUE','Maximum Tolerance applied to model');
#8344=UNCERTAINTY_MEASURE_WITH_UNIT(LENGTH_MEASURE(0.005),#8348,
'DISTANCE_ACCURACY_VALUE','Maximum Tolerance applied to model');
#8345=UNCERTAINTY_MEASURE_WITH_UNIT(LENGTH_MEASURE(0.005),#8348,
'DISTANCE_ACCURACY_VALUE','Maximum Tolerance applied to model');
#8346=(
NAMED_UNIT(*)
SI_UNIT($,.STERADIAN.)
SOLID_ANGLE_UNIT()
);
#8347=(
NAMED_UNIT(*)
PLANE_ANGLE_UNIT()
SI_UNIT($,.RADIAN.)
);
#8348=(
LENGTH_UNIT()
NAMED_UNIT(*)
SI_UNIT(.MILLI.,.METRE.)
);
#8349=PRODUCT_DEFINITION_SHAPE('','',#8370);
#8350=PRODUCT_DEFINITION_SHAPE('','',#8371);
#8351=PRODUCT_DEFINITION_SHAPE(' ','NAUO PRDDFN',#146);
#8352=PRODUCT_DEFINITION_SHAPE('','',#8372);
#8353=PRODUCT_DEFINITION_SHAPE(' ','NAUO PRDDFN',#147);
#8354=PRODUCT_DEFINITION_SHAPE('','',#8373);
#8355=PRODUCT_DEFINITION_SHAPE(' ','NAUO PRDDFN',#148);
#8356=PRODUCT_DEFINITION_SHAPE('','',#8374);
#8357=PRODUCT_DEFINITION_SHAPE(' ','NAUO PRDDFN',#149);
#8358=PRODUCT_DEFINITION_SHAPE('','',#8375);
#8359=PRODUCT_DEFINITION_SHAPE(' ','NAUO PRDDFN',#150);
#8360=PRODUCT_DEFINITION_SHAPE('','',#8376);
#8361=PRODUCT_DEFINITION_SHAPE(' ','NAUO PRDDFN',#151);
#8362=PRODUCT_DEFINITION_SHAPE('','',#8377);
#8363=PRODUCT_DEFINITION_SHAPE(' ','NAUO PRDDFN',#152);
#8364=PRODUCT_DEFINITION_SHAPE('','',#8378);
#8365=PRODUCT_DEFINITION_SHAPE(' ','NAUO PRDDFN',#153);
#8366=PRODUCT_DEFINITION_SHAPE('','',#8379);
#8367=PRODUCT_DEFINITION_SHAPE(' ','NAUO PRDDFN',#154);
#8368=PRODUCT_DEFINITION_SHAPE('','',#8380);
#8369=PRODUCT_DEFINITION_SHAPE(' ','NAUO PRDDFN',#155);
#8370=PRODUCT_DEFINITION('','',#8392,#8381);
#8371=PRODUCT_DEFINITION('','',#8393,#8382);
#8372=PRODUCT_DEFINITION('','',#8394,#8383);
#8373=PRODUCT_DEFINITION('','',#8395,#8384);
#8374=PRODUCT_DEFINITION('','',#8396,#8385);
#8375=PRODUCT_DEFINITION('','',#8397,#8386);
#8376=PRODUCT_DEFINITION('','',#8398,#8387);
#8377=PRODUCT_DEFINITION('','',#8399,#8388);
#8378=PRODUCT_DEFINITION('','',#8400,#8389);
#8379=PRODUCT_DEFINITION('','',#8401,#8390);
#8380=PRODUCT_DEFINITION('','',#8402,#8391);
#8381=PRODUCT_DEFINITION_CONTEXT('',#8448,'design');
#8382=PRODUCT_DEFINITION_CONTEXT('',#8448,'design');
#8383=PRODUCT_DEFINITION_CONTEXT('',#8448,'design');
#8384=PRODUCT_DEFINITION_CONTEXT('',#8448,'design');
#8385=PRODUCT_DEFINITION_CONTEXT('',#8448,'design');
#8386=PRODUCT_DEFINITION_CONTEXT('',#8448,'design');
#8387=PRODUCT_DEFINITION_CONTEXT('',#8448,'design');
#8388=PRODUCT_DEFINITION_CONTEXT('',#8448,'design');
#8389=PRODUCT_DEFINITION_CONTEXT('',#8448,'design');
#8390=PRODUCT_DEFINITION_CONTEXT('',#8448,'design');
#8391=PRODUCT_DEFINITION_CONTEXT('',#8448,'design');
#8392=PRODUCT_DEFINITION_FORMATION_WITH_SPECIFIED_SOURCE('','',#8414,
 .NOT_KNOWN.);
#8393=PRODUCT_DEFINITION_FORMATION_WITH_SPECIFIED_SOURCE('','',#8415,
 .NOT_KNOWN.);
#8394=PRODUCT_DEFINITION_FORMATION_WITH_SPECIFIED_SOURCE('','',#8416,
 .NOT_KNOWN.);
#8395=PRODUCT_DEFINITION_FORMATION_WITH_SPECIFIED_SOURCE('','',#8417,
 .NOT_KNOWN.);
#8396=PRODUCT_DEFINITION_FORMATION_WITH_SPECIFIED_SOURCE('','',#8418,
 .NOT_KNOWN.);
#8397=PRODUCT_DEFINITION_FORMATION_WITH_SPECIFIED_SOURCE('','',#8419,
 .NOT_KNOWN.);
#8398=PRODUCT_DEFINITION_FORMATION_WITH_SPECIFIED_SOURCE('','',#8420,
 .NOT_KNOWN.);
#8399=PRODUCT_DEFINITION_FORMATION_WITH_SPECIFIED_SOURCE('','',#8421,
 .NOT_KNOWN.);
#8400=PRODUCT_DEFINITION_FORMATION_WITH_SPECIFIED_SOURCE('','',#8422,
 .NOT_KNOWN.);
#8401=PRODUCT_DEFINITION_FORMATION_WITH_SPECIFIED_SOURCE('','',#8423,
 .NOT_KNOWN.);
#8402=PRODUCT_DEFINITION_FORMATION_WITH_SPECIFIED_SOURCE('','',#8424,
 .NOT_KNOWN.);
#8403=PRODUCT_RELATED_PRODUCT_CATEGORY('','',(#8414));
#8404=PRODUCT_RELATED_PRODUCT_CATEGORY('','',(#8415));
#8405=PRODUCT_RELATED_PRODUCT_CATEGORY('','',(#8416));
#8406=PRODUCT_RELATED_PRODUCT_CATEGORY('','',(#8417));
#8407=PRODUCT_RELATED_PRODUCT_CATEGORY('','',(#8418));
#8408=PRODUCT_RELATED_PRODUCT_CATEGORY('','',(#8419));
#8409=PRODUCT_RELATED_PRODUCT_CATEGORY('','',(#8420));
#8410=PRODUCT_RELATED_PRODUCT_CATEGORY('','',(#8421));
#8411=PRODUCT_RELATED_PRODUCT_CATEGORY('','',(#8422));
#8412=PRODUCT_RELATED_PRODUCT_CATEGORY('','',(#8423));
#8413=PRODUCT_RELATED_PRODUCT_CATEGORY('','',(#8424));
#8414=PRODUCT('PTS636SL43SMTRLFS','PTS636SL43SMTRLFS',
'PTS636SL43SMTRLFS',(#8436));
#8415=PRODUCT('PTS636SL43SMTRLFS_PART1','PTS636SL43SMTRLFS_PART1',
'PTS636SL43SMTRLFS_PART1',(#8437));
#8416=PRODUCT('PTS636SL43SMTRLFS_PART2','PTS636SL43SMTRLFS_PART2',
'PTS636SL43SMTRLFS_PART2',(#8438));
#8417=PRODUCT('PTS636SL43SMTRLFS_PART3','PTS636SL43SMTRLFS_PART3',
'PTS636SL43SMTRLFS_PART3',(#8439));
#8418=PRODUCT('PTS636SL43SMTRLFS_PART4','PTS636SL43SMTRLFS_PART4',
'PTS636SL43SMTRLFS_PART4',(#8440));
#8419=PRODUCT('PTS636SL43SMTRLFS_PART5','PTS636SL43SMTRLFS_PART5',
'PTS636SL43SMTRLFS_PART5',(#8441));
#8420=PRODUCT('PTS636SL43SMTRLFS_PART6','PTS636SL43SMTRLFS_PART6',
'PTS636SL43SMTRLFS_PART6',(#8442));
#8421=PRODUCT('PTS636SL43SMTRLFS_PART7','PTS636SL43SMTRLFS_PART7',
'PTS636SL43SMTRLFS_PART7',(#8443));
#8422=PRODUCT('PTS636SL43SMTRLFS_PART8','PTS636SL43SMTRLFS_PART8',
'PTS636SL43SMTRLFS_PART8',(#8444));
#8423=PRODUCT('PTS636SL43SMTRLFS_PART9','PTS636SL43SMTRLFS_PART9',
'PTS636SL43SMTRLFS_PART9',(#8445));
#8424=PRODUCT('PTS636SL43SMTRLFS_PART10','PTS636SL43SMTRLFS_PART10',
'PTS636SL43SMTRLFS_PART10',(#8446));
#8425=PRODUCT_CATEGORY('','');
#8426=PRODUCT_CATEGORY('','');
#8427=PRODUCT_CATEGORY('','');
#8428=PRODUCT_CATEGORY('','');
#8429=PRODUCT_CATEGORY('','');
#8430=PRODUCT_CATEGORY('','');
#8431=PRODUCT_CATEGORY('','');
#8432=PRODUCT_CATEGORY('','');
#8433=PRODUCT_CATEGORY('','');
#8434=PRODUCT_CATEGORY('','');
#8435=PRODUCT_CATEGORY('','');
#8436=PRODUCT_CONTEXT('',#8448,'mechanical');
#8437=PRODUCT_CONTEXT('',#8448,'mechanical');
#8438=PRODUCT_CONTEXT('',#8448,'mechanical');
#8439=PRODUCT_CONTEXT('',#8448,'mechanical');
#8440=PRODUCT_CONTEXT('',#8448,'mechanical');
#8441=PRODUCT_CONTEXT('',#8448,'mechanical');
#8442=PRODUCT_CONTEXT('',#8448,'mechanical');
#8443=PRODUCT_CONTEXT('',#8448,'mechanical');
#8444=PRODUCT_CONTEXT('',#8448,'mechanical');
#8445=PRODUCT_CONTEXT('',#8448,'mechanical');
#8446=PRODUCT_CONTEXT('',#8448,'mechanical');
#8447=APPLICATION_PROTOCOL_DEFINITION('international standard',
'automotive_design',2010,#8448);
#8448=APPLICATION_CONTEXT(
'core data for automotive mechanical design processes');
ENDSEC;
END-ISO-10303-21;
