ISO-10303-21;
HEADER;
FILE_DESCRIPTION (( 'STEP AP214' ),
    '1' );
FILE_NAME ('cubit3_support2.STEP',
    '2025-06-08T07:59:47',
    ( '' ),
    ( '' ),
    'SwSTEP 2.0',
    'SolidWorks 2023',
    '' );
FILE_SCHEMA (( 'AUTOMOTIVE_DESIGN' ));
ENDSEC;

DATA;
#1 = CARTESIAN_POINT ( 'NONE',  ( 40.25574898611503016, 3.861695681501021384E-06, -19.15000000000000213 ) ) ;
#2 = ORIENTED_EDGE ( 'NONE', *, *, #1443, .F. ) ;
#3 =( NAMED_UNIT ( * ) PLANE_ANGLE_UNIT ( ) SI_UNIT ( $, .RADIAN. ) );
#4 = ORIENTED_EDGE ( 'NONE', *, *, #1548, .T. ) ;
#5 = PLANE ( 'NONE',  #184 ) ;
#6 = EDGE_CURVE ( 'NONE', #1218, #247, #1081, .T. ) ;
#7 = ORIENTED_EDGE ( 'NONE', *, *, #1264, .T. ) ;
#8 = CARTESIAN_POINT ( 'NONE',  ( 50.56307252490198323, 3.861695681501021384E-06, -3.620000000000000551 ) ) ;
#9 = ORIENTED_EDGE ( 'NONE', *, *, #790, .F. ) ;
#10 = FACE_OUTER_BOUND ( 'NONE', #1091, .T. ) ;
#11 = FACE_OUTER_BOUND ( 'NONE', #582, .T. ) ;
#12 = CARTESIAN_POINT ( 'NONE',  ( 39.19403284612557314, 47.32517565625202138, -3.620000000000274110 ) ) ;
#13 = EDGE_CURVE ( 'NONE', #771, #1758, #1432, .T. ) ;
#14 = VERTEX_POINT ( 'NONE', #1118 ) ;
#15 = CARTESIAN_POINT ( 'NONE',  ( -1.574649448961947952E-14, 62.86500167846699583, -3.620000000000000107 ) ) ;
#16 = VERTEX_POINT ( 'NONE', #615 ) ;
#17 = EDGE_CURVE ( 'NONE', #1648, #1847, #281, .T. ) ;
#18 = DIRECTION ( 'NONE',  ( 1.000000000000000000, 0.000000000000000000, -0.000000000000000000 ) ) ;
#19 = EDGE_LOOP ( 'NONE', ( #1201, #917, #1711, #1550 ) ) ;
#20 = LINE ( 'NONE', #1932, #888 ) ;
#21 = CIRCLE ( 'NONE', #2059, 4.000000000000000000 ) ;
#22 = STYLED_ITEM ( 'NONE', ( #1077 ), #351 ) ;
#23 = ADVANCED_FACE ( 'NONE', ( #147 ), #2057, .T. ) ;
#24 = COLOUR_RGB ( '',0.7921568627450980005, 0.8196078431372548767, 0.9333333333333333481 ) ;
#25 = CIRCLE ( 'NONE', #722, 2.500000000000002220 ) ;
#26 = ORIENTED_EDGE ( 'NONE', *, *, #1173, .T. ) ;
#27 = PLANE ( 'NONE',  #1893 ) ;
#28 = EDGE_CURVE ( 'NONE', #1758, #828, #934, .T. ) ;
#29 = CARTESIAN_POINT ( 'NONE',  ( 8.547957550365225643, 3.202279253074213017, -19.15000000000000213 ) ) ;
#30 = DIRECTION ( 'NONE',  ( -6.982962677686268288E-15, -0.000000000000000000, -1.000000000000000000 ) ) ;
#31 = LINE ( 'NONE', #514, #1592 ) ;
#32 = DIRECTION ( 'NONE',  ( 1.000000000000000000, 0.000000000000000000, 0.000000000000000000 ) ) ;
#33 = ORIENTED_EDGE ( 'NONE', *, *, #1732, .T. ) ;
#34 = ORIENTED_EDGE ( 'NONE', *, *, #1385, .F. ) ;
#35 =( NAMED_UNIT ( * ) SI_UNIT ( $, .STERADIAN. ) SOLID_ANGLE_UNIT ( ) );
#36 = ORIENTED_EDGE ( 'NONE', *, *, #228, .T. ) ;
#37 = LINE ( 'NONE', #1773, #1990 ) ;
#38 = DIRECTION ( 'NONE',  ( 0.000000000000000000, -0.000000000000000000, -1.000000000000000000 ) ) ;
#39 = VERTEX_POINT ( 'NONE', #1257 ) ;
#40 = EDGE_LOOP ( 'NONE', ( #161, #1322 ) ) ;
#41 = FACE_OUTER_BOUND ( 'NONE', #546, .T. ) ;
#42 = PLANE ( 'NONE',  #1426 ) ;
#43 = VERTEX_POINT ( 'NONE', #1422 ) ;
#44 = EDGE_CURVE ( 'NONE', #1790, #1811, #2046, .T. ) ;
#45 = CYLINDRICAL_SURFACE ( 'NONE', #258, 13.99999999999999467 ) ;
#46 = EDGE_CURVE ( 'NONE', #1758, #670, #253, .T. ) ;
#47 = CYLINDRICAL_SURFACE ( 'NONE', #928, 1.199999999999999734 ) ;
#48 = ORIENTED_EDGE ( 'NONE', *, *, #1412, .F. ) ;
#49 = VECTOR ( 'NONE', #570, 1000.000000000000000 ) ;
#50 = AXIS2_PLACEMENT_3D ( 'NONE', #1028, #1508, #2000 ) ;
#51 = ORIENTED_EDGE ( 'NONE', *, *, #1538, .T. ) ;
#52 = FACE_OUTER_BOUND ( 'NONE', #1204, .T. ) ;
#53 = VECTOR ( 'NONE', #1939, 1000.000000000000000 ) ;
#54 = PRESENTATION_LAYER_ASSIGNMENT (  '', '', ( #960 ) ) ;
#55 = DIRECTION ( 'NONE',  ( 1.000000000000000000, 0.000000000000000000, 0.000000000000000000 ) ) ;
#56 = ORIENTED_EDGE ( 'NONE', *, *, #1968, .F. ) ;
#57 = VECTOR ( 'NONE', #1911, 1000.000000000000000 ) ;
#58 = DIRECTION ( 'NONE',  ( -0.000000000000000000, -0.000000000000000000, 1.000000000000000000 ) ) ;
#59 = DIRECTION ( 'NONE',  ( 1.000000000000000000, 0.000000000000000000, 0.000000000000000000 ) ) ;
#60 = DIRECTION ( 'NONE',  ( 6.982962677686266711E-15, -0.000000000000000000, 1.000000000000000000 ) ) ;
#61 = ORIENTED_EDGE ( 'NONE', *, *, #1262, .F. ) ;
#62 = EDGE_CURVE ( 'NONE', #1879, #698, #1265, .T. ) ;
#63 = VERTEX_POINT ( 'NONE', #1277 ) ;
#64 = DIRECTION ( 'NONE',  ( 6.982962677686266711E-15, -0.000000000000000000, 1.000000000000000000 ) ) ;
#65 = ORIENTED_EDGE ( 'NONE', *, *, #521, .T. ) ;
#66 = PLANE ( 'NONE',  #350 ) ;
#67 = DIRECTION ( 'NONE',  ( 0.5904187210017035614, -0.8070971031361173775, 0.000000000000000000 ) ) ;
#68 = CARTESIAN_POINT ( 'NONE',  ( 40.25574898611503016, 2.300003861695681717, -19.15000000000000213 ) ) ;
#69 = VERTEX_POINT ( 'NONE', #1883 ) ;
#70 = CARTESIAN_POINT ( 'NONE',  ( 25.93609176424992313, 30.48044654559283373, -3.620000000000000107 ) ) ;
#71 = EDGE_CURVE ( 'NONE', #846, #1460, #2039, .T. ) ;
#72 = ORIENTED_EDGE ( 'NONE', *, *, #1881, .T. ) ;
#73 = EDGE_CURVE ( 'NONE', #556, #559, #766, .T. ) ;
#74 = LINE ( 'NONE', #1692, #455 ) ;
#75 = ORIENTED_EDGE ( 'NONE', *, *, #573, .F. ) ;
#76 = LINE ( 'NONE', #192, #1662 ) ;
#77 = CARTESIAN_POINT ( 'NONE',  ( 0.009611525389866442184, 41.44666507051483251, -19.15000000000000213 ) ) ;
#78 = CARTESIAN_POINT ( 'NONE',  ( 50.38023512905650136, 0.000000000000000000, -3.620000000000352269 ) ) ;
#79 = FACE_OUTER_BOUND ( 'NONE', #1024, .T. ) ;
#80 = ORIENTED_EDGE ( 'NONE', *, *, #177, .F. ) ;
#81 = PLANE ( 'NONE',  #657 ) ;
#82 = ORIENTED_EDGE ( 'NONE', *, *, #1139, .F. ) ;
#83 = LINE ( 'NONE', #1999, #457 ) ;
#84 = VECTOR ( 'NONE', #1231, 1000.000000000000000 ) ;
#85 = VECTOR ( 'NONE', #1294, 1000.000000000000000 ) ;
#86 = DIRECTION ( 'NONE',  ( 0.000000000000000000, 1.000000000000000000, 0.000000000000000000 ) ) ;
#87 = ORIENTED_EDGE ( 'NONE', *, *, #505, .T. ) ;
#88 = LINE ( 'NONE', #1571, #1759 ) ;
#89 = AXIS2_PLACEMENT_3D ( 'NONE', #1313, #1943, #1950 ) ;
#90 = AXIS2_PLACEMENT_3D ( 'NONE', #1880, #1887, #1556 ) ;
#91 = EDGE_CURVE ( 'NONE', #1514, #1106, #447, .T. ) ;
#92 = AXIS2_PLACEMENT_3D ( 'NONE', #376, #1652, #203 ) ;
#93 = AXIS2_PLACEMENT_3D ( 'NONE', #1102, #2040, #302 ) ;
#94 = LINE ( 'NONE', #1716, #129 ) ;
#95 = CARTESIAN_POINT ( 'NONE',  ( 14.96444680327332399, 47.32517565625202138, -3.620000000000000551 ) ) ;
#96 = DIRECTION ( 'NONE',  ( -0.000000000000000000, -0.000000000000000000, 1.000000000000000000 ) ) ;
#97 = ORIENTED_EDGE ( 'NONE', *, *, #348, .T. ) ;
#98 = CARTESIAN_POINT ( 'NONE',  ( 50.62149591710083030, 70.16517454247136243, -1.620000000000353824 ) ) ;
#99 = ORIENTED_EDGE ( 'NONE', *, *, #1354, .F. ) ;
#100 = CARTESIAN_POINT ( 'NONE',  ( 57.65799453466052427, 55.24524257867325616, 1.801000174845634572 ) ) ;
#101 = VERTEX_POINT ( 'NONE', #1088 ) ;
#102 = CARTESIAN_POINT ( 'NONE',  ( 7.099999999999988098, -4.440834923776686496E-16, -1.620000000000049845 ) ) ;
#103 = EDGE_CURVE ( 'NONE', #551, #1244, #138, .T. ) ;
#104 = LINE ( 'NONE', #260, #762 ) ;
#105 = DIRECTION ( 'NONE',  ( 1.000000000000000000, 0.000000000000000000, 0.000000000000000000 ) ) ;
#106 = DIRECTION ( 'NONE',  ( -1.000000000000000000, 0.000000000000000000, 0.000000000000000000 ) ) ;
#107 = ORIENTED_EDGE ( 'NONE', *, *, #505, .F. ) ;
#108 = PLANE ( 'NONE',  #1098 ) ;
#109 = ORIENTED_EDGE ( 'NONE', *, *, #961, .T. ) ;
#110 = DIRECTION ( 'NONE',  ( 1.000000000000000000, -9.719671122003211809E-18, 0.000000000000000000 ) ) ;
#111 = VERTEX_POINT ( 'NONE', #1890 ) ;
#112 = CARTESIAN_POINT ( 'NONE',  ( 50.62149591710085161, 70.16517454247136243, 1.801000174845683643 ) ) ;
#113 = DIRECTION ( 'NONE',  ( -0.000000000000000000, 0.000000000000000000, 1.000000000000000000 ) ) ;
#114 = EDGE_CURVE ( 'NONE', #1244, #1735, #459, .T. ) ;
#115 = LINE ( 'NONE', #750, #958 ) ;
#116 = VERTEX_POINT ( 'NONE', #308 ) ;
#117 = DIRECTION ( 'NONE',  ( -6.982962677686268288E-15, -0.000000000000000000, -1.000000000000000000 ) ) ;
#118 = ADVANCED_FACE ( 'NONE', ( #952 ), #1643, .F. ) ;
#119 = ORIENTED_EDGE ( 'NONE', *, *, #311, .F. ) ;
#120 = CARTESIAN_POINT ( 'NONE',  ( 3.694591776105843550, 26.48044654559283728, -3.620000000000000551 ) ) ;
#121 = LINE ( 'NONE', #1401, #1160 ) ;
#122 = VERTEX_POINT ( 'NONE', #979 ) ;
#123 = CARTESIAN_POINT ( 'NONE',  ( 50.56307252490198323, 3.861695681501021384E-06, -19.15000000000000213 ) ) ;
#124 = AXIS2_PLACEMENT_3D ( 'NONE', #245, #426, #389 ) ;
#125 = AXIS2_PLACEMENT_3D ( 'NONE', #782, #475, #156 ) ;
#126 = AXIS2_PLACEMENT_3D ( 'NONE', #1717, #2005, #884 ) ;
#127 = CARTESIAN_POINT ( 'NONE',  ( 39.19403284612558735, 70.00199890136700276, -1.620000000000274110 ) ) ;
#128 = VECTOR ( 'NONE', #1300, 1000.000000000000000 ) ;
#129 = VECTOR ( 'NONE', #899, 1000.000000000000000 ) ;
#130 = DIRECTION ( 'NONE',  ( 1.000000000000000000, 0.000000000000000000, 0.000000000000000000 ) ) ;
#131 = ORIENTED_EDGE ( 'NONE', *, *, #1718, .F. ) ;
#132 = FACE_OUTER_BOUND ( 'NONE', #676, .T. ) ;
#133 = ORIENTED_EDGE ( 'NONE', *, *, #13, .F. ) ;
#134 = DIRECTION ( 'NONE',  ( -1.000000000000000000, 0.000000000000000000, 0.000000000000000000 ) ) ;
#135 = ORIENTED_EDGE ( 'NONE', *, *, #1496, .T. ) ;
#136 = FACE_OUTER_BOUND ( 'NONE', #1597, .T. ) ;
#137 = CARTESIAN_POINT ( 'NONE',  ( 57.65800094604498582, 37.33853024090162620, -3.620000000000402895 ) ) ;
#138 = LINE ( 'NONE', #774, #454 ) ;
#139 = LINE ( 'NONE', #1415, #1298 ) ;
#140 = ORIENTED_EDGE ( 'NONE', *, *, #91, .F. ) ;
#141 = CARTESIAN_POINT ( 'NONE',  ( -8.154820664392972449E-15, 8.165095992267279001, -1.620000000000000107 ) ) ;
#142 = EDGE_CURVE ( 'NONE', #650, #559, #243, .T. ) ;
#143 = ORIENTED_EDGE ( 'NONE', *, *, #1124, .F. ) ;
#144 = DIRECTION ( 'NONE',  ( 0.000000000000000000, 0.000000000000000000, -1.000000000000000000 ) ) ;
#145 = EDGE_CURVE ( 'NONE', #1742, #725, #1683, .T. ) ;
#146 = CARTESIAN_POINT ( 'NONE',  ( 15.83239992871045665, 0.002279253074212111464, -19.15000000000000213 ) ) ;
#147 = FACE_OUTER_BOUND ( 'NONE', #1112, .T. ) ;
#148 = CARTESIAN_POINT ( 'NONE',  ( 8.547957550365225643, 0.002279253074213003546, -3.620000000000000551 ) ) ;
#149 = ORIENTED_EDGE ( 'NONE', *, *, #569, .T. ) ;
#150 = CARTESIAN_POINT ( 'NONE',  ( 8.547957550365225643, 0.002279253074213003546, -19.15000000000000213 ) ) ;
#151 = VECTOR ( 'NONE', #415, 1000.000000000000000 ) ;
#152 = ADVANCED_FACE ( 'NONE', ( #1000 ), #1619, .T. ) ;
#153 = MECHANICAL_DESIGN_GEOMETRIC_PRESENTATION_REPRESENTATION (  '', ( #2053 ), #651 ) ;
#154 = AXIS2_PLACEMENT_3D ( 'NONE', #963, #1562, #922 ) ;
#155 = DIRECTION ( 'NONE',  ( 0.000000000000000000, 0.000000000000000000, 1.000000000000000000 ) ) ;
#156 = DIRECTION ( 'NONE',  ( 1.000000000000000000, 0.000000000000000000, -6.996718019773104855E-15 ) ) ;
#157 = LINE ( 'NONE', #1755, #1430 ) ;
#158 = AXIS2_PLACEMENT_3D ( 'NONE', #704, #60, #1668 ) ;
#159 = PRESENTATION_LAYER_ASSIGNMENT (  '', '', ( #22 ) ) ;
#160 = AXIS2_PLACEMENT_3D ( 'NONE', #240, #877, #1216 ) ;
#161 = ORIENTED_EDGE ( 'NONE', *, *, #1803, .F. ) ;
#162 = LINE ( 'NONE', #8, #413 ) ;
#163 = ORIENTED_EDGE ( 'NONE', *, *, #898, .T. ) ;
#164 = CARTESIAN_POINT ( 'NONE',  ( 39.19403284612558735, 47.32517565625202138, -1.620000000000274110 ) ) ;
#165 = SHAPE_DEFINITION_REPRESENTATION ( #578, #1557 ) ;
#166 = ORIENTED_EDGE ( 'NONE', *, *, #1993, .F. ) ;
#167 = EDGE_CURVE ( 'NONE', #63, #1315, #1510, .T. ) ;
#168 = CARTESIAN_POINT ( 'NONE',  ( 50.24292827374508619, 26.48044654559283373, -4.620000000000000995 ) ) ;
#169 = EDGE_CURVE ( 'NONE', #1790, #698, #76, .T. ) ;
#170 = DIRECTION ( 'NONE',  ( -0.000000000000000000, 0.000000000000000000, -1.000000000000000000 ) ) ;
#171 = ORIENTED_EDGE ( 'NONE', *, *, #1854, .F. ) ;
#172 = DIRECTION ( 'NONE',  ( -1.000000000000000000, 0.000000000000000000, 0.000000000000000000 ) ) ;
#173 = EDGE_CURVE ( 'NONE', #1853, #1703, #336, .T. ) ;
#174 = CARTESIAN_POINT ( 'NONE',  ( 26.44550394349756672, 26.48044654559283373, -12.92000000000000171 ) ) ;
#175 = DIRECTION ( 'NONE',  ( 1.000000000000000000, 0.000000000000000000, 0.000000000000000000 ) ) ;
#176 = ORIENTED_EDGE ( 'NONE', *, *, #479, .T. ) ;
#177 = EDGE_CURVE ( 'NONE', #771, #2016, #1439, .T. ) ;
#178 = ORIENTED_EDGE ( 'NONE', *, *, #1900, .F. ) ;
#179 = LINE ( 'NONE', #649, #128 ) ;
#180 = DIRECTION ( 'NONE',  ( -1.000000000000000000, 1.476880973642516934E-16, 0.000000000000000000 ) ) ;
#181 = CARTESIAN_POINT ( 'NONE',  ( 5.132437688989100799, 47.31959426025974835, -19.15000000000000213 ) ) ;
#182 = DIRECTION ( 'NONE',  ( 1.000000000000000000, 0.000000000000000000, 0.000000000000000000 ) ) ;
#183 = DIRECTION ( 'NONE',  ( 6.982962677686266711E-15, -0.000000000000000000, 1.000000000000000000 ) ) ;
#184 = AXIS2_PLACEMENT_3D ( 'NONE', #1574, #775, #1286 ) ;
#185 = AXIS2_PLACEMENT_3D ( 'NONE', #841, #180, #984 ) ;
#186 = ORIENTED_EDGE ( 'NONE', *, *, #1354, .T. ) ;
#187 = VECTOR ( 'NONE', #1707, 1000.000000000000000 ) ;
#188 = AXIS2_PLACEMENT_3D ( 'NONE', #1814, #1657, #384 ) ;
#189 = ORIENTED_EDGE ( 'NONE', *, *, #1192, .T. ) ;
#190 = ORIENTED_EDGE ( 'NONE', *, *, #1467, .T. ) ;
#191 = CARTESIAN_POINT ( 'NONE',  ( 8.547957550365234525, 8.165095992267279001, -1.620000000000059837 ) ) ;
#192 = CARTESIAN_POINT ( 'NONE',  ( 1.572093150103981429E-14, 8.165095992267279001, 1.801000174846037361 ) ) ;
#193 = FILL_AREA_STYLE_COLOUR ( '', #1090 ) ;
#194 = CARTESIAN_POINT ( 'NONE',  ( 49.19641611088928812, 26.48044654559283373, -4.620000000000000995 ) ) ;
#195 = ORIENTED_EDGE ( 'NONE', *, *, #354, .T. ) ;
#196 = DIRECTION ( 'NONE',  ( -1.165313075074312704E-16, -1.000000000000000000, 0.000000000000000000 ) ) ;
#197 = EDGE_LOOP ( 'NONE', ( #1996, #135, #1250, #2001, #947, #1763 ) ) ;
#198 = EDGE_CURVE ( 'NONE', #966, #618, #760, .T. ) ;
#199 = PLANE ( 'NONE',  #1961 ) ;
#200 = DIRECTION ( 'NONE',  ( -6.982962677686268288E-15, -0.000000000000000000, -1.000000000000000000 ) ) ;
#201 = ORIENTED_EDGE ( 'NONE', *, *, #1839, .F. ) ;
#202 = EDGE_CURVE ( 'NONE', #632, #101, #503, .T. ) ;
#203 = DIRECTION ( 'NONE',  ( -1.000000000000000000, 0.000000000000000000, 6.982962677686266711E-15 ) ) ;
#204 = FACE_OUTER_BOUND ( 'NONE', #944, .T. ) ;
#205 = DIRECTION ( 'NONE',  ( -1.000000000000000000, 0.000000000000000000, 6.982962677686266711E-15 ) ) ;
#206 = ORIENTED_EDGE ( 'NONE', *, *, #605, .T. ) ;
#207 = VERTEX_POINT ( 'NONE', #344 ) ;
#208 = DIRECTION ( 'NONE',  ( -1.000000000000000000, 0.000000000000000000, 6.982962677686268288E-15 ) ) ;
#209 = DIRECTION ( 'NONE',  ( -0.000000000000000000, -1.000000000000000000, -0.000000000000000000 ) ) ;
#210 = ORIENTED_EDGE ( 'NONE', *, *, #1949, .T. ) ;
#211 = LINE ( 'NONE', #548, #858 ) ;
#212 = ADVANCED_FACE ( 'NONE', ( #970 ), #654, .T. ) ;
#213 = DIRECTION ( 'NONE',  ( -1.000000000000000000, 0.000000000000000000, -0.000000000000000000 ) ) ;
#214 = CARTESIAN_POINT ( 'NONE',  ( 26.44550394349759870, 26.48044654559283373, -4.620000000000184848 ) ) ;
#215 = VECTOR ( 'NONE', #209, 1000.000000000000000 ) ;
#216 = CIRCLE ( 'NONE', #50, 22.75091216739172495 ) ;
#217 = VECTOR ( 'NONE', #318, 1000.000000000000000 ) ;
#218 = ORIENTED_EDGE ( 'NONE', *, *, #1940, .T. ) ;
#219 = CARTESIAN_POINT ( 'NONE',  ( 57.65799453466052427, 47.24524257867325616, 1.801000174845634572 ) ) ;
#220 = AXIS2_PLACEMENT_3D ( 'NONE', #1052, #711, #1992 ) ;
#221 = DIRECTION ( 'NONE',  ( 1.000000000000000000, 0.000000000000000000, 0.000000000000000000 ) ) ;
#222 = ORIENTED_EDGE ( 'NONE', *, *, #1114, .T. ) ;
#223 = AXIS2_PLACEMENT_3D ( 'NONE', #915, #1690, #1553 ) ;
#224 = DIRECTION ( 'NONE',  ( 0.000000000000000000, -0.000000000000000000, -1.000000000000000000 ) ) ;
#225 = PLANE ( 'NONE',  #1559 ) ;
#226 = CARTESIAN_POINT ( 'NONE',  ( 8.547957550365264723, -4.607859233063393845E-16, 1.801000174845977186 ) ) ;
#227 = ORIENTED_EDGE ( 'NONE', *, *, #177, .T. ) ;
#228 = EDGE_CURVE ( 'NONE', #1188, #207, #20, .T. ) ;
#229 = ORIENTED_EDGE ( 'NONE', *, *, #673, .T. ) ;
#230 = DIRECTION ( 'NONE',  ( 1.000000000000000000, 0.000000000000000000, 0.000000000000000000 ) ) ;
#231 = CARTESIAN_POINT ( 'NONE',  ( 50.62149591710081609, 70.16517454247136243, -3.620000000000354046 ) ) ;
#232 = VERTEX_POINT ( 'NONE', #1462 ) ;
#233 = FACE_OUTER_BOUND ( 'NONE', #1594, .T. ) ;
#234 = LINE ( 'NONE', #95, #1520 ) ;
#235 = ADVANCED_FACE ( 'NONE', ( #497 ), #1142, .F. ) ;
#236 = FACE_OUTER_BOUND ( 'NONE', #867, .T. ) ;
#237 = CARTESIAN_POINT ( 'NONE',  ( 57.65800094604498582, 7.009382860174999230, -3.620000000000402895 ) ) ;
#238 = ORIENTED_EDGE ( 'NONE', *, *, #699, .T. ) ;
#239 = EDGE_CURVE ( 'NONE', #1910, #591, #1948, .T. ) ;
#240 = CARTESIAN_POINT ( 'NONE',  ( 50.62149591710081609, 70.00199890136700276, -3.620000000000354046 ) ) ;
#241 = DIRECTION ( 'NONE',  ( -1.476880973642516934E-16, -1.000000000000000000, 0.000000000000000000 ) ) ;
#242 = ORIENTED_EDGE ( 'NONE', *, *, #625, .T. ) ;
#243 = LINE ( 'NONE', #1305, #316 ) ;
#244 = LINE ( 'NONE', #1696, #187 ) ;
#245 = CARTESIAN_POINT ( 'NONE',  ( 26.44550394349756672, 26.48044654559283373, -3.620000000000000551 ) ) ;
#246 = CARTESIAN_POINT ( 'NONE',  ( 50.56307252490198323, 3.861695681501021384E-06, -3.620000000000000551 ) ) ;
#247 = VERTEX_POINT ( 'NONE', #1738 ) ;
#248 = DIRECTION ( 'NONE',  ( 0.5273594997269994700, 0.8496422529792694300, 0.000000000000000000 ) ) ;
#249 = ORIENTED_EDGE ( 'NONE', *, *, #2004, .T. ) ;
#250 = CARTESIAN_POINT ( 'NONE',  ( 12.44550394349760403, 26.48044654559283373, -3.620000000000087148 ) ) ;
#251 = ADVANCED_FACE ( 'NONE', ( #2036 ), #918, .F. ) ;
#252 = AXIS2_PLACEMENT_3D ( 'NONE', #294, #1741, #943 ) ;
#253 = CIRCLE ( 'NONE', #154, 13.99999999999999822 ) ;
#254 = FACE_OUTER_BOUND ( 'NONE', #530, .T. ) ;
#255 = DIRECTION ( 'NONE',  ( 1.000000000000000000, -1.190704370957544416E-16, 0.000000000000000000 ) ) ;
#256 = VECTOR ( 'NONE', #1074, 1000.000000000000000 ) ;
#257 = VECTOR ( 'NONE', #592, 1000.000000000000000 ) ;
#258 = AXIS2_PLACEMENT_3D ( 'NONE', #680, #666, #502 ) ;
#259 = VECTOR ( 'NONE', #743, 1000.000000000000000 ) ;
#260 = CARTESIAN_POINT ( 'NONE',  ( 53.03926405524383370, 62.96549387242284013, -1.620000000000370255 ) ) ;
#261 = FACE_OUTER_BOUND ( 'NONE', #1050, .T. ) ;
#262 = EDGE_LOOP ( 'NONE', ( #1004, #1363, #109, #902 ) ) ;
#263 = CARTESIAN_POINT ( 'NONE',  ( 5.132437688989099911, 41.44666507051483251, -19.15000000000000213 ) ) ;
#264 = ORIENTED_EDGE ( 'NONE', *, *, #114, .T. ) ;
#265 = DIRECTION ( 'NONE',  ( -6.982962677686268288E-15, -0.000000000000000000, -1.000000000000000000 ) ) ;
#266 = DIRECTION ( 'NONE',  ( -9.719671122003211809E-18, -1.000000000000000000, 6.787210068433342700E-32 ) ) ;
#267 = EDGE_CURVE ( 'NONE', #1465, #556, #957, .T. ) ;
#268 = DIRECTION ( 'NONE',  ( 0.000000000000000000, -1.000000000000000000, 0.000000000000000000 ) ) ;
#269 = DIRECTION ( 'NONE',  ( 0.000000000000000000, 0.000000000000000000, -1.000000000000000000 ) ) ;
#270 = EDGE_CURVE ( 'NONE', #69, #361, #88, .T. ) ;
#271 = LINE ( 'NONE', #910, #1094 ) ;
#272 = VERTEX_POINT ( 'NONE', #285 ) ;
#273 = LINE ( 'NONE', #1551, #1695 ) ;
#274 = ORIENTED_EDGE ( 'NONE', *, *, #46, .F. ) ;
#275 = DIRECTION ( 'NONE',  ( -1.000000000000000000, 0.000000000000000000, 0.000000000000000000 ) ) ;
#276 = PLANE ( 'NONE',  #2024 ) ;
#277 = ORIENTED_EDGE ( 'NONE', *, *, #2004, .F. ) ;
#278 = LINE ( 'NONE', #1068, #1894 ) ;
#279 = ADVANCED_FACE ( 'NONE', ( #1066 ), #442, .F. ) ;
#280 = FACE_OUTER_BOUND ( 'NONE', #1916, .T. ) ;
#281 = LINE ( 'NONE', #1582, #1454 ) ;
#282 = PLANE ( 'NONE',  #786 ) ;
#283 = ORIENTED_EDGE ( 'NONE', *, *, #1381, .T. ) ;
#284 = ORIENTED_EDGE ( 'NONE', *, *, #898, .F. ) ;
#285 = CARTESIAN_POINT ( 'NONE',  ( -1.387778780781445676E-14, 47.32517565625202138, -3.620000000000000551 ) ) ;
#286 = AXIS2_PLACEMENT_3D ( 'NONE', #1659, #1174, #221 ) ;
#287 = CLOSED_SHELL ( 'NONE', ( #23, #1867, #279, #968, #1130, #481, #1100, #1141, #1569, #1351, #1468, #412, #1706, #1626, #635, #1370, #695, #602, #1843, #152, #212, #812, #1621, #377, #1503, #1776, #586, #1964, #795, #297, #235, #1534, #1420, #470, #446, #1600, #1905, #1724, #803, #118, #1575, #831, #304, #1930, #1317, #417, #1587 ) ) ;
#288 = AXIS2_PLACEMENT_3D ( 'NONE', #1187, #379, #550 ) ;
#289 =( GEOMETRIC_REPRESENTATION_CONTEXT ( 3 ) GLOBAL_UNCERTAINTY_ASSIGNED_CONTEXT ( ( #993 ) ) GLOBAL_UNIT_ASSIGNED_CONTEXT ( ( #1723, #907, #2051 ) ) REPRESENTATION_CONTEXT ( 'NONE', 'WORKASPACE' ) );
#290 = STYLED_ITEM ( 'NONE', ( #1589 ), #1806 ) ;
#291 = VECTOR ( 'NONE', #734, 1000.000000000000000 ) ;
#292 = LINE ( 'NONE', #643, #1303 ) ;
#293 = EDGE_CURVE ( 'NONE', #1728, #787, #1245, .T. ) ;
#294 = CARTESIAN_POINT ( 'NONE',  ( 26.44550394349756672, 26.48044654559283373, -4.620000000000000995 ) ) ;
#295 = PRODUCT_DEFINITION ( 'UNKNOWN', '', #1912, #1647 ) ;
#296 = ORIENTED_EDGE ( 'NONE', *, *, #1255, .T. ) ;
#297 = ADVANCED_FACE ( 'NONE', ( #612 ), #726, .F. ) ;
#298 = ORIENTED_EDGE ( 'NONE', *, *, #627, .T. ) ;
#299 = SURFACE_STYLE_FILL_AREA ( #1125 ) ;
#300 = CARTESIAN_POINT ( 'NONE',  ( 50.38023512905651558, 37.33853024090163331, -1.620000000000351825 ) ) ;
#301 = DIRECTION ( 'NONE',  ( -0.000000000000000000, -0.000000000000000000, 1.000000000000000000 ) ) ;
#302 = DIRECTION ( 'NONE',  ( 0.000000000000000000, 0.000000000000000000, 1.000000000000000000 ) ) ;
#303 = CARTESIAN_POINT ( 'NONE',  ( 37.92656108372180768, 47.32517565625202138, -4.620000000000000995 ) ) ;
#304 = ADVANCED_FACE ( 'NONE', ( #136 ), #1390, .T. ) ;
#305 = VERTEX_POINT ( 'NONE', #2002 ) ;
#306 = DIRECTION ( 'NONE',  ( 0.000000000000000000, -0.000000000000000000, 1.000000000000000000 ) ) ;
#307 = SURFACE_STYLE_USAGE ( .BOTH. , #1909 ) ;
#308 = CARTESIAN_POINT ( 'NONE',  ( 50.56307252490198323, 2.300003861695681717, -3.620000000000000551 ) ) ;
#309 = DIRECTION ( 'NONE',  ( -0.000000000000000000, -0.000000000000000000, 1.000000000000000000 ) ) ;
#310 = ORIENTED_EDGE ( 'NONE', *, *, #354, .F. ) ;
#311 = EDGE_CURVE ( 'NONE', #1777, #787, #1546, .T. ) ;
#312 = PLANE ( 'NONE',  #1199 ) ;
#313 = AXIS2_PLACEMENT_3D ( 'NONE', #1312, #1972, #1150 ) ;
#314 = EDGE_CURVE ( 'NONE', #2016, #828, #748, .T. ) ;
#315 = VECTOR ( 'NONE', #735, 1000.000000000000000 ) ;
#316 = VECTOR ( 'NONE', #1208, 1000.000000000000000 ) ;
#317 = DIRECTION ( 'NONE',  ( -0.000000000000000000, -0.000000000000000000, 1.000000000000000000 ) ) ;
#318 = DIRECTION ( 'NONE',  ( 6.982962677686266711E-15, -0.000000000000000000, 1.000000000000000000 ) ) ;
#319 = FACE_OUTER_BOUND ( 'NONE', #1189, .T. ) ;
#320 = MECHANICAL_DESIGN_GEOMETRIC_PRESENTATION_REPRESENTATION (  '', ( #22 ), #289 ) ;
#321 = VECTOR ( 'NONE', #1833, 1000.000000000000000 ) ;
#322 = ORIENTED_EDGE ( 'NONE', *, *, #924, .F. ) ;
#323 = CARTESIAN_POINT ( 'NONE',  ( 53.65799453466048163, 47.24524257867325616, -3.620000000000374918 ) ) ;
#324 = ORIENTED_EDGE ( 'NONE', *, *, #1431, .T. ) ;
#325 =( NAMED_UNIT ( * ) SI_UNIT ( $, .STERADIAN. ) SOLID_ANGLE_UNIT ( ) );
#326 = EDGE_CURVE ( 'NONE', #876, #364, #567, .T. ) ;
#327 = DIRECTION ( 'NONE',  ( 1.000000000000000000, 0.000000000000000000, 0.000000000000000000 ) ) ;
#328 = CARTESIAN_POINT ( 'NONE',  ( 47.15757000822213740, 47.99356986567008931, -3.620000000000000551 ) ) ;
#329 = EDGE_CURVE ( 'NONE', #1334, #632, #2060, .T. ) ;
#330 = DIRECTION ( 'NONE',  ( -1.476880973642516934E-16, -1.000000000000000000, 0.000000000000000000 ) ) ;
#331 = EDGE_LOOP ( 'NONE', ( #1072, #926, #1295, #1929 ) ) ;
#332 = DIRECTION ( 'NONE',  ( -1.000000000000000000, 1.165313075074312704E-16, 6.982962677686266711E-15 ) ) ;
#333 = ORIENTED_EDGE ( 'NONE', *, *, #1478, .F. ) ;
#334 = ORIENTED_EDGE ( 'NONE', *, *, #1192, .F. ) ;
#335 = LINE ( 'NONE', #1979, #1566 ) ;
#336 = LINE ( 'NONE', #1353, #756 ) ;
#337 =( NAMED_UNIT ( * ) SI_UNIT ( $, .STERADIAN. ) SOLID_ANGLE_UNIT ( ) );
#338 = UNCERTAINTY_MEASURE_WITH_UNIT (LENGTH_MEASURE( 1.000000000000000082E-05 ), #1329, 'distance_accuracy_value', 'NONE');
#339 = ORIENTED_EDGE ( 'NONE', *, *, #911, .F. ) ;
#340 = DIRECTION ( 'NONE',  ( -1.000000000000000000, 1.224425490838177908E-16, -0.000000000000000000 ) ) ;
#341 = FACE_OUTER_BOUND ( 'NONE', #1076, .T. ) ;
#342 = ORIENTED_EDGE ( 'NONE', *, *, #1732, .F. ) ;
#343 = CARTESIAN_POINT ( 'NONE',  ( 2.648079613250045483, 26.48044654559283728, -3.620000000000000551 ) ) ;
#344 = CARTESIAN_POINT ( 'NONE',  ( 50.62149591710081609, 67.45340555442437847, -2.819999999999999840 ) ) ;
#345 = DIRECTION ( 'NONE',  ( -0.000000000000000000, -0.000000000000000000, 1.000000000000000000 ) ) ;
#346 = VECTOR ( 'NONE', #1183, 1000.000000000000000 ) ;
#347 = CLOSED_SHELL ( 'NONE', ( #770, #875, #1333, #435, #2052, #1743 ) ) ;
#348 = EDGE_CURVE ( 'NONE', #631, #1660, #1694, .T. ) ;
#349 = CYLINDRICAL_SURFACE ( 'NONE', #622, 23.79742433024752302 ) ;
#350 = AXIS2_PLACEMENT_3D ( 'NONE', #672, #702, #367 ) ;
#351 = MANIFOLD_SOLID_BREP ( 'Boss-Extrude3[3]', #1159 ) ;
#352 = AXIS2_PLACEMENT_3D ( 'NONE', #923, #309, #964 ) ;
#353 = ORIENTED_EDGE ( 'NONE', *, *, #724, .F. ) ;
#354 = EDGE_CURVE ( 'NONE', #1641, #1868, #1254, .T. ) ;
#355 = FILL_AREA_STYLE_COLOUR ( '', #1161 ) ;
#356 = LINE ( 'NONE', #1015, #215 ) ;
#357 = EDGE_LOOP ( 'NONE', ( #430, #609, #402, #1039 ) ) ;
#358 = DIRECTION ( 'NONE',  ( 1.199965791084545024E-16, 1.000000000000000000, -0.000000000000000000 ) ) ;
#359 = PRESENTATION_STYLE_ASSIGNMENT (( #539 ) ) ;
#360 = DIRECTION ( 'NONE',  ( -6.982962677686268288E-15, 1.094764425253763580E-47, -1.000000000000000000 ) ) ;
#361 = VERTEX_POINT ( 'NONE', #967 ) ;
#362 = UNCERTAINTY_MEASURE_WITH_UNIT (LENGTH_MEASURE( 1.000000000000000082E-05 ), #794, 'distance_accuracy_value', 'NONE');
#363 = MANIFOLD_SOLID_BREP ( 'Boss-Extrude3[2]', #2054 ) ;
#364 = VERTEX_POINT ( 'NONE', #975 ) ;
#365 = ADVANCED_FACE ( 'NONE', ( #10 ), #312, .F. ) ;
#366 = LINE ( 'NONE', #1959, #1725 ) ;
#367 = DIRECTION ( 'NONE',  ( 0.5904187210017035614, -0.8070971031361173775, 0.000000000000000000 ) ) ;
#368 = CARTESIAN_POINT ( 'NONE',  ( 8.547957550365264723, 8.165095992267279001, 1.801000174845977186 ) ) ;
#369 = CARTESIAN_POINT ( 'NONE',  ( 57.65799453466050295, 47.24524257867325616, -1.620000000000402451 ) ) ;
#370 = ORIENTED_EDGE ( 'NONE', *, *, #1197, .F. ) ;
#371 = VERTEX_POINT ( 'NONE', #1928 ) ;
#372 = PRESENTATION_STYLE_ASSIGNMENT (( #983 ) ) ;
#373 = LINE ( 'NONE', #29, #346 ) ;
#374 = EDGE_CURVE ( 'NONE', #1535, #305, #619, .T. ) ;
#375 = EDGE_CURVE ( 'NONE', #1853, #1179, #179, .T. ) ;
#376 = CARTESIAN_POINT ( 'NONE',  ( 50.62149591710083030, 62.96549387242284013, -1.620000000000353602 ) ) ;
#377 = ADVANCED_FACE ( 'NONE', ( #1456 ), #27, .F. ) ;
#378 = DIRECTION ( 'NONE',  ( 0.000000000000000000, 0.000000000000000000, -1.000000000000000000 ) ) ;
#379 = DIRECTION ( 'NONE',  ( 0.000000000000000000, -1.000000000000000000, 0.000000000000000000 ) ) ;
#380 = ORIENTED_EDGE ( 'NONE', *, *, #640, .T. ) ;
#381 = CIRCLE ( 'NONE', #1232, 15.00000000000003730 ) ;
#382 = VECTOR ( 'NONE', #1321, 1000.000000000000000 ) ;
#383 = ORIENTED_EDGE ( 'NONE', *, *, #751, .F. ) ;
#384 = DIRECTION ( 'NONE',  ( 1.000000000000000000, 0.000000000000000000, 0.000000000000000000 ) ) ;
#385 = VECTOR ( 'NONE', #1109, 1000.000000000000000 ) ;
#386 = VECTOR ( 'NONE', #1760, 1000.000000000000000 ) ;
#387 = ORIENTED_EDGE ( 'NONE', *, *, #949, .F. ) ;
#388 = ADVANCED_FACE ( 'NONE', ( #499 ), #939, .F. ) ;
#389 = DIRECTION ( 'NONE',  ( 1.000000000000000000, 0.000000000000000000, 0.000000000000000000 ) ) ;
#390 = EDGE_CURVE ( 'NONE', #1531, #1473, #1360, .T. ) ;
#391 = DIRECTION ( 'NONE',  ( 0.000000000000000000, -0.000000000000000000, 1.000000000000000000 ) ) ;
#392 = ORIENTED_EDGE ( 'NONE', *, *, #1517, .T. ) ;
#393 = PLANE ( 'NONE',  #689 ) ;
#394 = VERTEX_POINT ( 'NONE', #1272 ) ;
#395 = DIRECTION ( 'NONE',  ( -1.000000000000000000, 0.000000000000000000, 6.986492934152173240E-15 ) ) ;
#396 = CARTESIAN_POINT ( 'NONE',  ( 40.44550394349760580, 26.48044654559283373, -3.620000000000282547 ) ) ;
#397 = EDGE_LOOP ( 'NONE', ( #195, #1705, #1253, #51, #1975, #572 ) ) ;
#398 = DIRECTION ( 'NONE',  ( 1.000000000000000000, 0.000000000000000000, -0.000000000000000000 ) ) ;
#399 = FACE_OUTER_BOUND ( 'NONE', #441, .T. ) ;
#400 = CARTESIAN_POINT ( 'NONE',  ( 26.44550394349756672, 26.48044654559283373, -12.92000000000000171 ) ) ;
#401 = DIRECTION ( 'NONE',  ( 0.000000000000000000, -0.000000000000000000, 1.000000000000000000 ) ) ;
#402 = ORIENTED_EDGE ( 'NONE', *, *, #293, .T. ) ;
#403 = FACE_OUTER_BOUND ( 'NONE', #634, .T. ) ;
#404 = CARTESIAN_POINT ( 'NONE',  ( 53.03926405524384080, 62.96549387242282592, -2.819999999999999840 ) ) ;
#405 = ORIENTED_EDGE ( 'NONE', *, *, #1839, .T. ) ;
#406 = DIRECTION ( 'NONE',  ( -0.000000000000000000, -0.000000000000000000, -1.000000000000000000 ) ) ;
#407 = DIRECTION ( 'NONE',  ( -6.982962677686267499E-15, 0.000000000000000000, -1.000000000000000000 ) ) ;
#408 = LINE ( 'NONE', #1053, #1756 ) ;
#409 = DIRECTION ( 'NONE',  ( 0.000000000000000000, 0.000000000000000000, -1.000000000000000000 ) ) ;
#410 = ORIENTED_EDGE ( 'NONE', *, *, #856, .T. ) ;
#411 = DIRECTION ( 'NONE',  ( 6.982962677686268288E-15, -1.094764425253763580E-47, 1.000000000000000000 ) ) ;
#412 = ADVANCED_FACE ( 'NONE', ( #1897 ), #948, .T. ) ;
#413 = VECTOR ( 'NONE', #1296, 1000.000000000000000 ) ;
#414 = ORIENTED_EDGE ( 'NONE', *, *, #1927, .F. ) ;
#415 = DIRECTION ( 'NONE',  ( -1.000000000000000000, 0.000000000000000000, 6.984120883479537083E-15 ) ) ;
#416 = AXIS2_PLACEMENT_3D ( 'NONE', #1149, #1319, #1783 ) ;
#417 = ADVANCED_FACE ( 'NONE', ( #1428 ), #633, .F. ) ;
#418 = LINE ( 'NONE', #1064, #1858 ) ;
#419 = EDGE_LOOP ( 'NONE', ( #1656, #1812, #477, #1145 ) ) ;
#420 = MANIFOLD_SOLID_BREP ( 'Boss-Extrude3[4]', #1196 ) ;
#421 = DIRECTION ( 'NONE',  ( -1.000000000000000000, 0.000000000000000000, 6.969871108835386887E-15 ) ) ;
#422 = AXIS2_PLACEMENT_3D ( 'NONE', #845, #1973, #38 ) ;
#423 = AXIS2_PLACEMENT_3D ( 'NONE', #778, #306, #1419 ) ;
#424 = VECTOR ( 'NONE', #1241, 1000.000000000000000 ) ;
#425 = DIRECTION ( 'NONE',  ( -1.000000000000000000, 0.000000000000000000, 0.000000000000000000 ) ) ;
#426 = DIRECTION ( 'NONE',  ( -0.000000000000000000, 0.000000000000000000, -1.000000000000000000 ) ) ;
#427 = CARTESIAN_POINT ( 'NONE',  ( 3.694591776105843550, 26.48044654559283728, -4.620000000000000995 ) ) ;
#428 = EDGE_LOOP ( 'NONE', ( #75, #1207, #523, #186 ) ) ;
#429 = CARTESIAN_POINT ( 'NONE',  ( 15.83239992871045665, 3.202279253074212129, -19.15000000000000213 ) ) ;
#430 = ORIENTED_EDGE ( 'NONE', *, *, #1937, .T. ) ;
#431 = FACE_OUTER_BOUND ( 'NONE', #800, .T. ) ;
#432 = CARTESIAN_POINT ( 'NONE',  ( 57.65799453466052427, 55.24524257867325616, 1.801000174845634572 ) ) ;
#433 = ORIENTED_EDGE ( 'NONE', *, *, #790, .T. ) ;
#434 = CARTESIAN_POINT ( 'NONE',  ( 51.28695566068589784, 65.04359989220434102, -2.819999999999999840 ) ) ;
#435 = ADVANCED_FACE ( 'NONE', ( #52 ), #848, .F. ) ;
#436 = LINE ( 'NONE', #2012, #1761 ) ;
#437 = FACE_OUTER_BOUND ( 'NONE', #428, .T. ) ;
#438 = DIRECTION ( 'NONE',  ( 0.000000000000000000, 1.000000000000000000, 0.000000000000000000 ) ) ;
#439 = VERTEX_POINT ( 'NONE', #1671 ) ;
#440 = FACE_OUTER_BOUND ( 'NONE', #357, .T. ) ;
#441 = EDGE_LOOP ( 'NONE', ( #1834, #1175, #1153, #733 ) ) ;
#442 = CYLINDRICAL_SURFACE ( 'NONE', #1127, 22.75091216739172495 ) ;
#443 =( GEOMETRIC_REPRESENTATION_CONTEXT ( 3 ) GLOBAL_UNCERTAINTY_ASSIGNED_CONTEXT ( ( #1171 ) ) GLOBAL_UNIT_ASSIGNED_CONTEXT ( ( #1684, #1030, #882 ) ) REPRESENTATION_CONTEXT ( 'NONE', 'WORKASPACE' ) );
#444 = EDGE_CURVE ( 'NONE', #1687, #232, #671, .T. ) ;
#445 = LINE ( 'NONE', #427, #821 ) ;
#446 = ADVANCED_FACE ( 'NONE', ( #1805 ), #1984, .F. ) ;
#447 = LINE ( 'NONE', #1110, #1092 ) ;
#448 = LINE ( 'NONE', #12, #962 ) ;
#449 = VERTEX_POINT ( 'NONE', #509 ) ;
#450 = CARTESIAN_POINT ( 'NONE',  ( 50.56307252490198323, 3.861695681501021384E-06, -19.15000000000000213 ) ) ;
#451 = ORIENTED_EDGE ( 'NONE', *, *, #1915, .F. ) ;
#452 = CARTESIAN_POINT ( 'NONE',  ( 12.50825589245679659, 25.15639338814062853, -3.620000000000087592 ) ) ;
#453 = CIRCLE ( 'NONE', #1158, 22.75091216739172495 ) ;
#454 = VECTOR ( 'NONE', #1414, 1000.000000000000000 ) ;
#455 = VECTOR ( 'NONE', #1986, 1000.000000000000000 ) ;
#456 = VECTOR ( 'NONE', #358, 1000.000000000000000 ) ;
#457 = VECTOR ( 'NONE', #1712, 1000.000000000000000 ) ;
#458 = DIRECTION ( 'NONE',  ( -0.000000000000000000, 0.000000000000000000, 1.000000000000000000 ) ) ;
#459 = LINE ( 'NONE', #1740, #516 ) ;
#460 = FACE_OUTER_BOUND ( 'NONE', #566, .T. ) ;
#461 = EDGE_CURVE ( 'NONE', #364, #1106, #1824, .T. ) ;
#462 = ORIENTED_EDGE ( 'NONE', *, *, #1870, .T. ) ;
#463 = DIRECTION ( 'NONE',  ( 0.000000000000000000, 1.000000000000000000, 0.000000000000000000 ) ) ;
#464 = ORIENTED_EDGE ( 'NONE', *, *, #374, .T. ) ;
#465 = CARTESIAN_POINT ( 'NONE',  ( 57.65800094604498582, 7.009382860174999230, -3.620000000000402895 ) ) ;
#466 = ORIENTED_EDGE ( 'NONE', *, *, #28, .F. ) ;
#467 = DIRECTION ( 'NONE',  ( -0.000000000000000000, -0.000000000000000000, 1.000000000000000000 ) ) ;
#468 = ORIENTED_EDGE ( 'NONE', *, *, #816, .F. ) ;
#469 = DIRECTION ( 'NONE',  ( 0.000000000000000000, 0.000000000000000000, -1.000000000000000000 ) ) ;
#470 = ADVANCED_FACE ( 'NONE', ( #41 ), #199, .F. ) ;
#471 = LINE ( 'NONE', #1615, #491 ) ;
#472 = ORIENTED_EDGE ( 'NONE', *, *, #1987, .T. ) ;
#473 = EDGE_LOOP ( 'NONE', ( #468, #1555, #1418 ) ) ;
#474 = LINE ( 'NONE', #486, #931 ) ;
#475 = DIRECTION ( 'NONE',  ( 6.982962677686266711E-15, -0.000000000000000000, 1.000000000000000000 ) ) ;
#476 = DIRECTION ( 'NONE',  ( -6.982962677686268288E-15, -0.000000000000000000, -1.000000000000000000 ) ) ;
#477 = ORIENTED_EDGE ( 'NONE', *, *, #1715, .T. ) ;
#478 = CARTESIAN_POINT ( 'NONE',  ( 57.65799453466050295, 55.24524257867325616, -1.620000000000386686 ) ) ;
#479 = EDGE_CURVE ( 'NONE', #664, #1218, #894, .T. ) ;
#480 = EDGE_LOOP ( 'NONE', ( #190, #1638, #1275, #2043 ) ) ;
#481 = ADVANCED_FACE ( 'NONE', ( #1181 ), #1976, .T. ) ;
#482 = ORIENTED_EDGE ( 'NONE', *, *, #911, .T. ) ;
#483 = AXIS2_PLACEMENT_3D ( 'NONE', #1006, #1499, #1147 ) ;
#484 = AXIS2_PLACEMENT_3D ( 'NONE', #1233, #96, #1708 ) ;
#485 = VECTOR ( 'NONE', #1774, 1000.000000000000000 ) ;
#486 = CARTESIAN_POINT ( 'NONE',  ( 25.93609176424992313, 26.48044654559283373, -12.92000000000000171 ) ) ;
#487 = DIRECTION ( 'NONE',  ( -0.000000000000000000, -0.000000000000000000, -1.000000000000000000 ) ) ;
#488 = DIRECTION ( 'NONE',  ( 1.000000000000000000, 0.000000000000000000, 0.000000000000000000 ) ) ;
#489 =( GEOMETRIC_REPRESENTATION_CONTEXT ( 3 ) GLOBAL_UNCERTAINTY_ASSIGNED_CONTEXT ( ( #362 ) ) GLOBAL_UNIT_ASSIGNED_CONTEXT ( ( #794, #3, #1602 ) ) REPRESENTATION_CONTEXT ( 'NONE', 'WORKASPACE' ) );
#490 = AXIS2_PLACEMENT_3D ( 'NONE', #708, #1791, #1627 ) ;
#491 = VECTOR ( 'NONE', #945, 1000.000000000000000 ) ;
#492 = ORIENTED_EDGE ( 'NONE', *, *, #1114, .F. ) ;
#493 = CARTESIAN_POINT ( 'NONE',  ( 52.88430227893017133, 63.12045564873648829, -2.819999999999998508 ) ) ;
#494 = ORIENTED_EDGE ( 'NONE', *, *, #1803, .T. ) ;
#495 = ORIENTED_EDGE ( 'NONE', *, *, #314, .F. ) ;
#496 = DIRECTION ( 'NONE',  ( 0.000000000000000000, 1.000000000000000000, -0.000000000000000000 ) ) ;
#497 = FACE_OUTER_BOUND ( 'NONE', #1722, .T. ) ;
#498 = ORIENTED_EDGE ( 'NONE', *, *, #1005, .T. ) ;
#499 = FACE_OUTER_BOUND ( 'NONE', #792, .T. ) ;
#500 = CARTESIAN_POINT ( 'NONE',  ( 40.44550394349759159, 26.48044654559283373, -4.620000000000282547 ) ) ;
#501 = EDGE_CURVE ( 'NONE', #305, #891, #1498, .T. ) ;
#502 = DIRECTION ( 'NONE',  ( 1.000000000000000000, 0.000000000000000000, -7.000848313763545396E-15 ) ) ;
#503 = LINE ( 'NONE', #1919, #820 ) ;
#504 = DIRECTION ( 'NONE',  ( -6.982962677686268288E-15, -0.000000000000000000, -1.000000000000000000 ) ) ;
#505 = EDGE_CURVE ( 'NONE', #636, #551, #1376, .T. ) ;
#506 = CARTESIAN_POINT ( 'NONE',  ( 3.694591776105843550, 26.48044654559283728, -4.620000000000000995 ) ) ;
#507 = ORIENTED_EDGE ( 'NONE', *, *, #103, .F. ) ;
#508 = VERTEX_POINT ( 'NONE', #2019 ) ;
#509 = CARTESIAN_POINT ( 'NONE',  ( 39.19403284612557314, 47.32517565625202138, -3.620000000000274110 ) ) ;
#510 = FACE_OUTER_BOUND ( 'NONE', #197, .T. ) ;
#511 = EDGE_LOOP ( 'NONE', ( #1378, #1519 ) ) ;
#512 = CARTESIAN_POINT ( 'NONE',  ( 8.547957550365225643, -0.1464289385518881825, -3.620000000000060059 ) ) ;
#513 = CARTESIAN_POINT ( 'NONE',  ( 0.009611525389866442184, 41.44666507051483251, -19.15000000000000213 ) ) ;
#514 = CARTESIAN_POINT ( 'NONE',  ( 5.132437688989100799, 47.31959426025974835, -3.620000000000000551 ) ) ;
#515 = AXIS2_PLACEMENT_3D ( 'NONE', #1177, #1463, #213 ) ;
#516 = VECTOR ( 'NONE', #1748, 1000.000000000000000 ) ;
#517 = DIRECTION ( 'NONE',  ( 6.982962677686266711E-15, -0.000000000000000000, 1.000000000000000000 ) ) ;
#518 = AXIS2_PLACEMENT_3D ( 'NONE', #1554, #266, #110 ) ;
#519 = ORIENTED_EDGE ( 'NONE', *, *, #1650, .F. ) ;
#520 = LINE ( 'NONE', #1003, #861 ) ;
#521 = EDGE_CURVE ( 'NONE', #111, #1737, #1408, .T. ) ;
#522 = AXIS2_PLACEMENT_3D ( 'NONE', #1061, #1251, #1876 ) ;
#523 = ORIENTED_EDGE ( 'NONE', *, *, #2031, .T. ) ;
#524 = FILL_AREA_STYLE ('',( #355 ) ) ;
#525 = DIRECTION ( 'NONE',  ( -0.000000000000000000, -0.000000000000000000, 1.000000000000000000 ) ) ;
#526 = VERTEX_POINT ( 'NONE', #745 ) ;
#527 = FACE_OUTER_BOUND ( 'NONE', #1172, .T. ) ;
#528 = DIRECTION ( 'NONE',  ( -6.982962677686266711E-15, 0.000000000000000000, -1.000000000000000000 ) ) ;
#529 = DIRECTION ( 'NONE',  ( 0.000000000000000000, 0.000000000000000000, -1.000000000000000000 ) ) ;
#530 = EDGE_LOOP ( 'NONE', ( #1144, #2021, #885, #507, #1709, #1693, #1622, #383, #1528, #1299, #1983, #1280, #1837, #353, #862, #277, #1157, #143, #1753, #1446, #1720, #744, #1394 ) ) ;
#531 = CARTESIAN_POINT ( 'NONE',  ( 50.38023512905653689, 0.000000000000000000, 1.801000174845685420 ) ) ;
#532 = EDGE_CURVE ( 'NONE', #1271, #2041, #1399, .T. ) ;
#533 = ORIENTED_EDGE ( 'NONE', *, *, #1242, .F. ) ;
#534 =( NAMED_UNIT ( * ) PLANE_ANGLE_UNIT ( ) SI_UNIT ( $, .RADIAN. ) );
#535 = EDGE_CURVE ( 'NONE', #1606, #1218, #769, .T. ) ;
#536 = DIRECTION ( 'NONE',  ( 0.000000000000000000, 1.000000000000000000, 0.000000000000000000 ) ) ;
#537 = ORIENTED_EDGE ( 'NONE', *, *, #1881, .F. ) ;
#538 = CARTESIAN_POINT ( 'NONE',  ( 53.03926405524383370, 62.96549387242284013, -1.620000000000370255 ) ) ;
#539 = SURFACE_STYLE_USAGE ( .BOTH. , #1479 ) ;
#540 = PLANE ( 'NONE',  #288 ) ;
#541 = ORIENTED_EDGE ( 'NONE', *, *, #1211, .F. ) ;
#542 = ORIENTED_EDGE ( 'NONE', *, *, #62, .T. ) ;
#543 = EDGE_CURVE ( 'NONE', #439, #272, #1532, .T. ) ;
#544 = SURFACE_SIDE_STYLE ('',( #1190 ) ) ;
#545 = CARTESIAN_POINT ( 'NONE',  ( 39.19403284612557314, 70.00199890136700276, -3.620000000000274110 ) ) ;
#546 = EDGE_LOOP ( 'NONE', ( #752, #33, #380, #1410 ) ) ;
#547 = ADVANCED_FACE ( 'NONE', ( #403 ), #2042, .F. ) ;
#548 = CARTESIAN_POINT ( 'NONE',  ( 0.009611525389867146482, 47.31959426025974835, -19.15000000000000213 ) ) ;
#549 = DIRECTION ( 'NONE',  ( 1.000000000000000000, 0.000000000000000000, 0.000000000000000000 ) ) ;
#550 = DIRECTION ( 'NONE',  ( 0.000000000000000000, -0.000000000000000000, -1.000000000000000000 ) ) ;
#551 = VERTEX_POINT ( 'NONE', #892 ) ;
#552 = LINE ( 'NONE', #1203, #793 ) ;
#553 = VECTOR ( 'NONE', #1644, 1000.000000000000000 ) ;
#554 = VECTOR ( 'NONE', #1573, 1000.000000000000000 ) ;
#555 = AXIS2_PLACEMENT_3D ( 'NONE', #1544, #746, #905 ) ;
#556 = VERTEX_POINT ( 'NONE', #250 ) ;
#557 = CIRCLE ( 'NONE', #1733, 4.000000000000000000 ) ;
#558 = VECTOR ( 'NONE', #265, 1000.000000000000000 ) ;
#559 = VERTEX_POINT ( 'NONE', #1835 ) ;
#560 = LINE ( 'NONE', #2003, #84 ) ;
#561 = CARTESIAN_POINT ( 'NONE',  ( 50.56307252490198323, 3.861695681501021384E-06, -3.620000000000000551 ) ) ;
#562 = ORIENTED_EDGE ( 'NONE', *, *, #1491, .F. ) ;
#563 = DIRECTION ( 'NONE',  ( -1.165313075074312704E-16, -1.000000000000000000, 0.000000000000000000 ) ) ;
#564 = ORIENTED_EDGE ( 'NONE', *, *, #1242, .T. ) ;
#565 = DIRECTION ( 'NONE',  ( -1.000000000000000000, -0.000000000000000000, -0.000000000000000000 ) ) ;
#566 = EDGE_LOOP ( 'NONE', ( #2, #26, #498, #959 ) ) ;
#567 = LINE ( 'NONE', #1869, #1925 ) ;
#568 = LINE ( 'NONE', #1391, #1664 ) ;
#569 = EDGE_CURVE ( 'NONE', #1315, #449, #1226, .T. ) ;
#570 = DIRECTION ( 'NONE',  ( 0.000000000000000000, 0.000000000000000000, 1.000000000000000000 ) ) ;
#571 = FACE_OUTER_BOUND ( 'NONE', #40, .T. ) ;
#572 = ORIENTED_EDGE ( 'NONE', *, *, #1940, .F. ) ;
#573 = EDGE_CURVE ( 'NONE', #122, #1832, #1599, .T. ) ;
#574 = ORIENTED_EDGE ( 'NONE', *, *, #728, .T. ) ;
#575 = CARTESIAN_POINT ( 'NONE',  ( 25.93609176424992313, 30.44787634732016102, -12.92000000000000171 ) ) ;
#576 = ORIENTED_EDGE ( 'NONE', *, *, #375, .F. ) ;
#577 = DIRECTION ( 'NONE',  ( 1.000000000000000000, -0.000000000000000000, 0.000000000000000000 ) ) ;
#578 = PRODUCT_DEFINITION_SHAPE ( 'NONE', 'NONE',  #295 ) ;
#579 = CARTESIAN_POINT ( 'NONE',  ( 26.44550394349756672, 26.48044654559283373, -12.92000000000000171 ) ) ;
#580 = DIRECTION ( 'NONE',  ( 1.000000000000000000, 0.000000000000000000, -6.996718019773104855E-15 ) ) ;
#581 = CYLINDRICAL_SURFACE ( 'NONE', #484, 4.000000000000000000 ) ;
#582 = EDGE_LOOP ( 'NONE', ( #405, #1108, #61, #1903 ) ) ;
#583 = LINE ( 'NONE', #1056, #1131 ) ;
#584 = AXIS2_PLACEMENT_3D ( 'NONE', #1850, #1539, #549 ) ;
#585 = ORIENTED_EDGE ( 'NONE', *, *, #239, .F. ) ;
#586 = ADVANCED_FACE ( 'NONE', ( #440 ), #1543, .F. ) ;
#587 = CARTESIAN_POINT ( 'NONE',  ( 50.38023512905653689, 37.33853024090163331, 1.801000174845685420 ) ) ;
#588 = VECTOR ( 'NONE', #1810, 1000.000000000000000 ) ;
#589 = AXIS2_PLACEMENT_3D ( 'NONE', #1229, #930, #421 ) ;
#590 = CARTESIAN_POINT ( 'NONE',  ( 50.62149591710081609, 62.96549387242284013, -3.620000000000354046 ) ) ;
#591 = VERTEX_POINT ( 'NONE', #1680 ) ;
#592 = DIRECTION ( 'NONE',  ( -0.000000000000000000, -0.000000000000000000, 1.000000000000000000 ) ) ;
#593 = AXIS2_PLACEMENT_3D ( 'NONE', #628, #1971, #1318 ) ;
#594 = PRESENTATION_LAYER_ASSIGNMENT (  '', '', ( #822 ) ) ;
#595 = AXIS2_PLACEMENT_3D ( 'NONE', #927, #2009, #134 ) ;
#596 = DIRECTION ( 'NONE',  ( -0.000000000000000000, 0.000000000000000000, -1.000000000000000000 ) ) ;
#597 = FACE_OUTER_BOUND ( 'NONE', #419, .T. ) ;
#598 = DIRECTION ( 'NONE',  ( -1.000000000000000000, -0.000000000000000000, 6.982962677686267499E-15 ) ) ;
#599 = FACE_OUTER_BOUND ( 'NONE', #1700, .T. ) ;
#600 = VERTEX_POINT ( 'NONE', #1367 ) ;
#601 = FACE_OUTER_BOUND ( 'NONE', #1509, .T. ) ;
#602 = ADVANCED_FACE ( 'NONE', ( #431 ), #1073, .T. ) ;
#603 = FACE_OUTER_BOUND ( 'NONE', #940, .T. ) ;
#604 = DIRECTION ( 'NONE',  ( -1.000000000000000000, 0.000000000000000000, 6.982962677686268288E-15 ) ) ;
#605 = EDGE_CURVE ( 'NONE', #636, #1735, #83, .T. ) ;
#606 = DIRECTION ( 'NONE',  ( -1.000000000000000000, 0.000000000000000000, 0.000000000000000000 ) ) ;
#607 = DIRECTION ( 'NONE',  ( -0.000000000000000000, -0.000000000000000000, 1.000000000000000000 ) ) ;
#608 = CARTESIAN_POINT ( 'NONE',  ( 51.95680169305947516, 64.04795623460721288, 1.801000174845635682 ) ) ;
#609 = ORIENTED_EDGE ( 'NONE', *, *, #2034, .F. ) ;
#610 = DIRECTION ( 'NONE',  ( 6.982962677686266711E-15, 0.000000000000000000, 1.000000000000000000 ) ) ;
#611 = EDGE_CURVE ( 'NONE', #1737, #1847, #25, .T. ) ;
#612 = FACE_OUTER_BOUND ( 'NONE', #1500, .T. ) ;
#613 = ADVANCED_FACE ( 'NONE', ( #601 ), #1048, .F. ) ;
#614 = CARTESIAN_POINT ( 'NONE',  ( 0.000000000000000000, 0.000000000000000000, -3.620000000000000551 ) ) ;
#615 = CARTESIAN_POINT ( 'NONE',  ( 52.88430227893017133, 63.12045564873648829, -2.819999999999999840 ) ) ;
#616 = ORIENTED_EDGE ( 'NONE', *, *, #1197, .T. ) ;
#617 = DIRECTION ( 'NONE',  ( 1.000000000000000000, -1.190704370957544416E-16, 0.000000000000000000 ) ) ;
#618 = VERTEX_POINT ( 'NONE', #120 ) ;
#619 = LINE ( 'NONE', #1, #1021 ) ;
#620 = VECTOR ( 'NONE', #817, 1000.000000000000000 ) ;
#621 = AXIS2_PLACEMENT_3D ( 'NONE', #1941, #1612, #182 ) ;
#622 = AXIS2_PLACEMENT_3D ( 'NONE', #991, #1054, #901 ) ;
#623 = ORIENTED_EDGE ( 'NONE', *, *, #17, .F. ) ;
#624 =( GEOMETRIC_REPRESENTATION_CONTEXT ( 3 ) GLOBAL_UNCERTAINTY_ASSIGNED_CONTEXT ( ( #659 ) ) GLOBAL_UNIT_ASSIGNED_CONTEXT ( ( #1609, #1107, #325 ) ) REPRESENTATION_CONTEXT ( 'NONE', 'WORKASPACE' ) );
#625 = EDGE_CURVE ( 'NONE', #636, #1853, #1084, .T. ) ;
#626 = CIRCLE ( 'NONE', #1794, 2.500000000000002220 ) ;
#627 = EDGE_CURVE ( 'NONE', #16, #1552, #1607, .T. ) ;
#628 = CARTESIAN_POINT ( 'NONE',  ( 51.28695566068589073, 65.04359989220434102, -2.819999999999999840 ) ) ;
#629 = CARTESIAN_POINT ( 'NONE',  ( -0.2912848471974912035, 8.165095992267279001, -1.619999999999998108 ) ) ;
#630 = CARTESIAN_POINT ( 'NONE',  ( 51.28695566068589784, 65.04359989220434102, -3.620000000000000551 ) ) ;
#631 = VERTEX_POINT ( 'NONE', #450 ) ;
#632 = VERTEX_POINT ( 'NONE', #1136 ) ;
#633 = CYLINDRICAL_SURFACE ( 'NONE', #1489, 2.500000000000002220 ) ;
#634 = EDGE_LOOP ( 'NONE', ( #1427, #140, #131, #1240 ) ) ;
#635 = ADVANCED_FACE ( 'NONE', ( #1417 ), #1093, .T. ) ;
#636 = VERTEX_POINT ( 'NONE', #478 ) ;
#637 = FACE_OUTER_BOUND ( 'NONE', #1506, .T. ) ;
#638 = ORIENTED_EDGE ( 'NONE', *, *, #1320, .T. ) ;
#639 = DIRECTION ( 'NONE',  ( 0.000000000000000000, 1.000000000000000000, 0.000000000000000000 ) ) ;
#640 = EDGE_CURVE ( 'NONE', #1631, #1703, #785, .T. ) ;
#641 = ORIENTED_EDGE ( 'NONE', *, *, #1987, .F. ) ;
#642 = ORIENTED_EDGE ( 'NONE', *, *, #625, .F. ) ;
#643 = CARTESIAN_POINT ( 'NONE',  ( 50.56307252490198323, 2.300003861695681717, -19.15000000000000213 ) ) ;
#644 = DIRECTION ( 'NONE',  ( 1.000000000000000000, 0.000000000000000000, 0.000000000000000000 ) ) ;
#645 = CYLINDRICAL_SURFACE ( 'NONE', #352, 2.500000000000002220 ) ;
#646 = VERTEX_POINT ( 'NONE', #1281 ) ;
#647 = EDGE_CURVE ( 'NONE', #116, #1660, #162, .T. ) ;
#648 = ORIENTED_EDGE ( 'NONE', *, *, #1209, .T. ) ;
#649 = CARTESIAN_POINT ( 'NONE',  ( 53.65799453466049584, 47.24524257867325616, -1.620000000000374696 ) ) ;
#650 = VERTEX_POINT ( 'NONE', #1425 ) ;
#651 =( GEOMETRIC_REPRESENTATION_CONTEXT ( 3 ) GLOBAL_UNCERTAINTY_ASSIGNED_CONTEXT ( ( #338 ) ) GLOBAL_UNIT_ASSIGNED_CONTEXT ( ( #1329, #835, #337 ) ) REPRESENTATION_CONTEXT ( 'NONE', 'WORKASPACE' ) );
#652 = COLOUR_RGB ( '',0.7921568627450980005, 0.8196078431372548767, 0.9333333333333333481 ) ;
#653 = CARTESIAN_POINT ( 'NONE',  ( 37.92656108372180768, 47.32517565625202138, -4.620000000000000995 ) ) ;
#654 = PLANE ( 'NONE',  #1789 ) ;
#655 = CARTESIAN_POINT ( 'NONE',  ( 8.547957550365225643, 0.002279253074213003546, -3.620000000000000551 ) ) ;
#656 = VECTOR ( 'NONE', #1962, 1000.000000000000000 ) ;
#657 = AXIS2_PLACEMENT_3D ( 'NONE', #1842, #1395, #1045 ) ;
#658 = ORIENTED_EDGE ( 'NONE', *, *, #758, .F. ) ;
#659 = UNCERTAINTY_MEASURE_WITH_UNIT (LENGTH_MEASURE( 1.000000000000000082E-05 ), #1609, 'distance_accuracy_value', 'NONE');
#660 = ORIENTED_EDGE ( 'NONE', *, *, #1538, .F. ) ;
#661 = EDGE_CURVE ( 'NONE', #1913, #600, #1744, .T. ) ;
#662 = CARTESIAN_POINT ( 'NONE',  ( 39.19403284612560867, 55.22990032368964108, 1.801000174845763357 ) ) ;
#663 = LINE ( 'NONE', #500, #1658 ) ;
#664 = VERTEX_POINT ( 'NONE', #1769 ) ;
#665 = EDGE_CURVE ( 'NONE', #1742, #1625, #1304, .T. ) ;
#666 = DIRECTION ( 'NONE',  ( 6.982962677686266711E-15, -0.000000000000000000, 1.000000000000000000 ) ) ;
#667 = DIRECTION ( 'NONE',  ( 6.982962677686267499E-15, 0.000000000000000000, 1.000000000000000000 ) ) ;
#668 = FACE_OUTER_BOUND ( 'NONE', #1970, .T. ) ;
#669 = EDGE_LOOP ( 'NONE', ( #1384, #1917, #985, #472 ) ) ;
#670 = VERTEX_POINT ( 'NONE', #1751 ) ;
#671 = LINE ( 'NONE', #1014, #763 ) ;
#672 = CARTESIAN_POINT ( 'NONE',  ( 14.96444680327332399, 47.32517565625202138, -4.620000000000000995 ) ) ;
#673 = EDGE_CURVE ( 'NONE', #1703, #551, #471, .T. ) ;
#674 = FACE_OUTER_BOUND ( 'NONE', #262, .T. ) ;
#675 = VERTEX_POINT ( 'NONE', #1904 ) ;
#676 = EDGE_LOOP ( 'NONE', ( #1944, #1228, #1213, #1397 ) ) ;
#677 = CARTESIAN_POINT ( 'NONE',  ( 8.547957550365225643, 3.202279253074213017, -19.15000000000000213 ) ) ;
#678 = ORIENTED_EDGE ( 'NONE', *, *, #1182, .F. ) ;
#679 = AXIS2_PLACEMENT_3D ( 'NONE', #854, #345, #175 ) ;
#680 = CARTESIAN_POINT ( 'NONE',  ( 26.44550394349759870, 26.48044654559283373, -4.620000000000184848 ) ) ;
#681 = EDGE_CURVE ( 'NONE', #508, #1137, #1113, .T. ) ;
#682 = CYLINDRICAL_SURFACE ( 'NONE', #679, 4.000000000000000000 ) ;
#683 = AXIS2_PLACEMENT_3D ( 'NONE', #630, #469, #694 ) ;
#684 = AXIS2_PLACEMENT_3D ( 'NONE', #1799, #1470, #644 ) ;
#685 = LINE ( 'NONE', #369, #1524 ) ;
#686 = CIRCLE ( 'NONE', #1730, 22.75091216739172495 ) ;
#687 = ORIENTED_EDGE ( 'NONE', *, *, #28, .T. ) ;
#688 = EDGE_CURVE ( 'NONE', #43, #1742, #805, .T. ) ;
#689 = AXIS2_PLACEMENT_3D ( 'NONE', #70, #1982, #1688 ) ;
#690 = VERTEX_POINT ( 'NONE', #1576 ) ;
#691 = DIRECTION ( 'NONE',  ( 0.000000000000000000, 0.000000000000000000, -1.000000000000000000 ) ) ;
#692 = EDGE_LOOP ( 'NONE', ( #1778, #2011, #1808, #296 ) ) ;
#693 = DIRECTION ( 'NONE',  ( 6.982962677686268288E-15, -0.000000000000000000, 1.000000000000000000 ) ) ;
#694 = DIRECTION ( 'NONE',  ( -1.000000000000000000, 0.000000000000000000, 0.000000000000000000 ) ) ;
#695 = ADVANCED_FACE ( 'NONE', ( #1442 ), #814, .T. ) ;
#696 = CARTESIAN_POINT ( 'NONE',  ( 8.547957550365225643, 0.002279253074213003546, -19.15000000000000213 ) ) ;
#697 = EDGE_LOOP ( 'NONE', ( #494, #99, #387, #1908 ) ) ;
#698 = VERTEX_POINT ( 'NONE', #141 ) ;
#699 = EDGE_CURVE ( 'NONE', #1868, #2041, #1269, .T. ) ;
#700 = DIRECTION ( 'NONE',  ( 0.000000000000000000, -0.000000000000000000, -1.000000000000000000 ) ) ;
#701 = VERTEX_POINT ( 'NONE', #1104 ) ;
#702 = DIRECTION ( 'NONE',  ( -0.8070971031361173775, -0.5904187210017035614, 0.000000000000000000 ) ) ;
#703 = DIRECTION ( 'NONE',  ( -0.000000000000000000, -0.000000000000000000, 1.000000000000000000 ) ) ;
#704 = CARTESIAN_POINT ( 'NONE',  ( 26.44550394349759870, 26.48044654559283373, -4.620000000000184848 ) ) ;
#705 = ORIENTED_EDGE ( 'NONE', *, *, #1222, .T. ) ;
#706 = CARTESIAN_POINT ( 'NONE',  ( 11.50405544490007870, 25.15639338814063564, -4.620000000000080931 ) ) ;
#707 = ORIENTED_EDGE ( 'NONE', *, *, #842, .F. ) ;
#708 = CARTESIAN_POINT ( 'NONE',  ( 0.009611525389866442184, 41.44666507051483251, -19.15000000000000213 ) ) ;
#709 = DIRECTION ( 'NONE',  ( 0.000000000000000000, 0.000000000000000000, 1.000000000000000000 ) ) ;
#710 = CARTESIAN_POINT ( 'NONE',  ( 37.92656108372180768, 47.32517565625202138, -4.620000000000000995 ) ) ;
#711 = DIRECTION ( 'NONE',  ( 1.000000000000000000, 0.000000000000000000, -6.982962677686268288E-15 ) ) ;
#712 = CYLINDRICAL_SURFACE ( 'NONE', #1593, 23.79742433024752302 ) ;
#713 = PLANE ( 'NONE',  #791 ) ;
#714 = ORIENTED_EDGE ( 'NONE', *, *, #103, .T. ) ;
#715 = CARTESIAN_POINT ( 'NONE',  ( 37.92656108372180768, 47.32517565625202138, -4.620000000000000995 ) ) ;
#716 = CIRCLE ( 'NONE', #754, 23.79742433024752302 ) ;
#717 = VECTOR ( 'NONE', #1464, 1000.000000000000000 ) ;
#718 =( GEOMETRIC_REPRESENTATION_CONTEXT ( 3 ) GLOBAL_UNCERTAINTY_ASSIGNED_CONTEXT ( ( #1951 ) ) GLOBAL_UNIT_ASSIGNED_CONTEXT ( ( #1155, #534, #35 ) ) REPRESENTATION_CONTEXT ( 'NONE', 'WORKASPACE' ) );
#719 = ORIENTED_EDGE ( 'NONE', *, *, #1577, .T. ) ;
#720 = DIRECTION ( 'NONE',  ( -0.000000000000000000, -1.000000000000000000, -0.000000000000000000 ) ) ;
#721 = AXIS2_PLACEMENT_3D ( 'NONE', #2037, #269, #425 ) ;
#722 = AXIS2_PLACEMENT_3D ( 'NONE', #1845, #757, #275 ) ;
#723 = CARTESIAN_POINT ( 'NONE',  ( 37.92656108372180768, 47.32517565625202138, -3.620000000000000551 ) ) ;
#724 = EDGE_CURVE ( 'NONE', #272, #1790, #1585, .T. ) ;
#725 = VERTEX_POINT ( 'NONE', #838 ) ;
#726 = PLANE ( 'NONE',  #1923 ) ;
#727 = DIRECTION ( 'NONE',  ( -0.000000000000000000, -0.000000000000000000, 1.000000000000000000 ) ) ;
#728 = EDGE_CURVE ( 'NONE', #808, #1631, #520, .T. ) ;
#729 = LINE ( 'NONE', #1042, #1194 ) ;
#730 = CARTESIAN_POINT ( 'NONE',  ( 51.95680169305945384, 64.04795623460719867, -3.620000000000000551 ) ) ;
#731 = ORIENTED_EDGE ( 'NONE', *, *, #1412, .T. ) ;
#732 = CARTESIAN_POINT ( 'NONE',  ( 12.50825589245679659, 25.15639338814062853, -3.620000000000087592 ) ) ;
#733 = ORIENTED_EDGE ( 'NONE', *, *, #1718, .T. ) ;
#734 = DIRECTION ( 'NONE',  ( -0.000000000000000000, -0.000000000000000000, 1.000000000000000000 ) ) ;
#735 = DIRECTION ( 'NONE',  ( -0.000000000000000000, 1.000000000000000000, -0.000000000000000000 ) ) ;
#736 = ORIENTED_EDGE ( 'NONE', *, *, #665, .F. ) ;
#737 = SURFACE_SIDE_STYLE ('',( #1536 ) ) ;
#738 = CARTESIAN_POINT ( 'NONE',  ( 26.44550394349756672, 26.48044654559283373, -3.620000000000000551 ) ) ;
#739 = CARTESIAN_POINT ( 'NONE',  ( 26.44550394349756672, 26.48044654559283373, -4.620000000000000995 ) ) ;
#740 = EDGE_CURVE ( 'NONE', #1137, #787, #1482, .T. ) ;
#741 = DIRECTION ( 'NONE',  ( 1.000000000000000000, 0.000000000000000000, -0.000000000000000000 ) ) ;
#742 = ORIENTED_EDGE ( 'NONE', *, *, #71, .T. ) ;
#743 = DIRECTION ( 'NONE',  ( 0.000000000000000000, -1.000000000000000000, 0.000000000000000000 ) ) ;
#744 = ORIENTED_EDGE ( 'NONE', *, *, #1381, .F. ) ;
#745 = CARTESIAN_POINT ( 'NONE',  ( 5.132437688989100799, 47.31959426025974835, -3.620000000000000551 ) ) ;
#746 = DIRECTION ( 'NONE',  ( 0.000000000000000000, 0.000000000000000000, -1.000000000000000000 ) ) ;
#747 = ORIENTED_EDGE ( 'NONE', *, *, #532, .T. ) ;
#748 = LINE ( 'NONE', #452, #1565 ) ;
#749 = DIRECTION ( 'NONE',  ( -0.000000000000000000, 1.000000000000000000, -0.000000000000000000 ) ) ;
#750 = CARTESIAN_POINT ( 'NONE',  ( 8.547957550365225643, 0.002279253074213003546, -19.15000000000000213 ) ) ;
#751 = EDGE_CURVE ( 'NONE', #1750, #808, #1224, .T. ) ;
#752 = ORIENTED_EDGE ( 'NONE', *, *, #375, .T. ) ;
#753 = APPLICATION_CONTEXT ( 'automotive_design' ) ;
#754 = AXIS2_PLACEMENT_3D ( 'NONE', #865, #1344, #55 ) ;
#755 = EDGE_LOOP ( 'NONE', ( #1120, #334, #660, #992, #1714, #906 ) ) ;
#756 = VECTOR ( 'NONE', #30, 1000.000000000000000 ) ;
#757 = DIRECTION ( 'NONE',  ( 0.000000000000000000, 0.000000000000000000, -1.000000000000000000 ) ) ;
#758 = EDGE_CURVE ( 'NONE', #1868, #449, #583, .T. ) ;
#759 = AXIS2_PLACEMENT_3D ( 'NONE', #951, #317, #781 ) ;
#760 = CIRCLE ( 'NONE', #621, 22.75091216739172495 ) ;
#761 = ORIENTED_EDGE ( 'NONE', *, *, #2020, .F. ) ;
#762 = VECTOR ( 'NONE', #2025, 1000.000000000000000 ) ;
#763 = VECTOR ( 'NONE', #230, 1000.000000000000000 ) ;
#764 = CARTESIAN_POINT ( 'NONE',  ( 0.009611525389867146482, 47.31959426025974835, -3.620000000000000551 ) ) ;
#765 = PLANE ( 'NONE',  #1270 ) ;
#766 = LINE ( 'NONE', #1901, #1522 ) ;
#767 = EDGE_CURVE ( 'NONE', #1641, #698, #273, .T. ) ;
#768 = ORIENTED_EDGE ( 'NONE', *, *, #314, .T. ) ;
#769 = LINE ( 'NONE', #904, #424 ) ;
#770 = ADVANCED_FACE ( 'NONE', ( #599 ), #81, .F. ) ;
#771 = VERTEX_POINT ( 'NONE', #706 ) ;
#772 = DIRECTION ( 'NONE',  ( 1.000000000000000000, 1.156482317317871607E-14, 0.000000000000000000 ) ) ;
#773 = CARTESIAN_POINT ( 'NONE',  ( 12.50825589245678948, 25.15639338814062853, -4.620000000000087148 ) ) ;
#774 = CARTESIAN_POINT ( 'NONE',  ( 57.65800094604498582, 7.009382860174999230, -3.620000000000402895 ) ) ;
#775 = DIRECTION ( 'NONE',  ( 0.000000000000000000, -1.000000000000000000, -0.000000000000000000 ) ) ;
#776 = ORIENTED_EDGE ( 'NONE', *, *, #1949, .F. ) ;
#777 = ORIENTED_EDGE ( 'NONE', *, *, #1182, .T. ) ;
#778 = CARTESIAN_POINT ( 'NONE',  ( 26.44550394349756672, 26.48044654559283373, -4.620000000000000995 ) ) ;
#779 = APPLICATION_PROTOCOL_DEFINITION ( 'draft international standard', 'automotive_design', 1998, #1797 ) ;
#780 = ORIENTED_EDGE ( 'NONE', *, *, #444, .T. ) ;
#781 = DIRECTION ( 'NONE',  ( 1.000000000000000000, 0.000000000000000000, 0.000000000000000000 ) ) ;
#782 = CARTESIAN_POINT ( 'NONE',  ( 26.44550394349759870, 26.48044654559283373, -4.620000000000184848 ) ) ;
#783 = FACE_OUTER_BOUND ( 'NONE', #1180, .T. ) ;
#784 = ORIENTED_EDGE ( 'NONE', *, *, #1279, .F. ) ;
#785 = LINE ( 'NONE', #323, #1734 ) ;
#786 = AXIS2_PLACEMENT_3D ( 'NONE', #715, #1349, #248 ) ;
#787 = VERTEX_POINT ( 'NONE', #1249 ) ;
#788 = DIRECTION ( 'NONE',  ( -6.982962677686266711E-15, 0.000000000000000000, -1.000000000000000000 ) ) ;
#789 = VECTOR ( 'NONE', #183, 1000.000000000000000 ) ;
#790 = EDGE_CURVE ( 'NONE', #1910, #2018, #1997, .T. ) ;
#791 = AXIS2_PLACEMENT_3D ( 'NONE', #1361, #1995, #741 ) ;
#792 = EDGE_LOOP ( 'NONE', ( #482, #2065, #34, #1407 ) ) ;
#793 = VECTOR ( 'NONE', #1034, 1000.000000000000000 ) ;
#794 =( LENGTH_UNIT ( ) NAMED_UNIT ( * ) SI_UNIT ( .MILLI., .METRE. ) );
#795 = ADVANCED_FACE ( 'NONE', ( #913 ), #1541, .F. ) ;
#796 = CARTESIAN_POINT ( 'NONE',  ( 12.50825589245678948, 25.15639338814062853, -4.620000000000087148 ) ) ;
#797 = LINE ( 'NONE', #608, #1529 ) ;
#798 = ORIENTED_EDGE ( 'NONE', *, *, #665, .T. ) ;
#799 = APPLICATION_PROTOCOL_DEFINITION ( 'draft international standard', 'automotive_design', 1998, #753 ) ;
#800 = EDGE_LOOP ( 'NONE', ( #1586, #1314, #492, #1505 ) ) ;
#801 = CARTESIAN_POINT ( 'NONE',  ( 51.28695566068589784, 65.04359989220434102, -3.620000000000000551 ) ) ;
#802 = CARTESIAN_POINT ( 'NONE',  ( 26.95491612274526005, 22.51301674386550644, -12.92000000000000171 ) ) ;
#803 = ADVANCED_FACE ( 'NONE', ( #1719 ), #282, .F. ) ;
#804 = ORIENTED_EDGE ( 'NONE', *, *, #1813, .T. ) ;
#805 = LINE ( 'NONE', #303, #1567 ) ;
#806 = EDGE_LOOP ( 'NONE', ( #1670, #1193, #1154, #495, #1516, #1998 ) ) ;
#807 = DIRECTION ( 'NONE',  ( 1.000000000000000000, 0.000000000000000000, -6.982962677686267499E-15 ) ) ;
#808 = VERTEX_POINT ( 'NONE', #1852 ) ;
#809 = CARTESIAN_POINT ( 'NONE',  ( 8.547957550365239854, -4.581571635658403741E-16, -1.620000000000060059 ) ) ;
#810 = DIRECTION ( 'NONE',  ( 0.000000000000000000, 0.000000000000000000, -1.000000000000000000 ) ) ;
#811 = DIRECTION ( 'NONE',  ( 0.000000000000000000, -0.000000000000000000, 1.000000000000000000 ) ) ;
#812 = ADVANCED_FACE ( 'NONE', ( #1702 ), #393, .F. ) ;
#813 = ORIENTED_EDGE ( 'NONE', *, *, #479, .F. ) ;
#814 = PLANE ( 'NONE',  #1166 ) ;
#815 = EDGE_LOOP ( 'NONE', ( #1215, #1768, #2032, #1116 ) ) ;
#816 = EDGE_CURVE ( 'NONE', #1029, #247, #552, .T. ) ;
#817 = DIRECTION ( 'NONE',  ( -0.000000000000000000, -0.000000000000000000, 1.000000000000000000 ) ) ;
#818 = ORIENTED_EDGE ( 'NONE', *, *, #1507, .T. ) ;
#819 = VECTOR ( 'NONE', #1640, 1000.000000000000000 ) ;
#820 = VECTOR ( 'NONE', #487, 1000.000000000000000 ) ;
#821 = VECTOR ( 'NONE', #1686, 1000.000000000000000 ) ;
#822 = STYLED_ITEM ( 'NONE', ( #372 ), #420 ) ;
#823 = CARTESIAN_POINT ( 'NONE',  ( 25.93609176424992313, 30.44787634732016102, -3.620000000000000107 ) ) ;
#824 = DIRECTION ( 'NONE',  ( 0.000000000000000000, 1.000000000000000000, -0.000000000000000000 ) ) ;
#825 = CARTESIAN_POINT ( 'NONE',  ( 26.95491612274526005, 30.44787634732015746, -12.92000000000000171 ) ) ;
#826 = AXIS2_PLACEMENT_3D ( 'NONE', #1413, #496, #1117 ) ;
#827 = VECTOR ( 'NONE', #411, 1000.000000000000000 ) ;
#828 = VERTEX_POINT ( 'NONE', #732 ) ;
#829 = ORIENTED_EDGE ( 'NONE', *, *, #145, .T. ) ;
#830 = DIRECTION ( 'NONE',  ( 1.000000000000000000, 0.000000000000000000, 0.000000000000000000 ) ) ;
#831 = ADVANCED_FACE ( 'NONE', ( #1678 ), #108, .F. ) ;
#832 = ORIENTED_EDGE ( 'NONE', *, *, #267, .T. ) ;
#833 = CARTESIAN_POINT ( 'NONE',  ( 14.96444680327332399, 47.32517565625202138, -4.620000000000000995 ) ) ;
#834 = CARTESIAN_POINT ( 'NONE',  ( 11.50405544490007870, 25.15639338814063564, -4.620000000000080931 ) ) ;
#835 =( NAMED_UNIT ( * ) PLANE_ANGLE_UNIT ( ) SI_UNIT ( $, .RADIAN. ) );
#836 = CARTESIAN_POINT ( 'NONE',  ( 50.62149591710081609, 67.45340555442437847, -2.819999999999995399 ) ) ;
#837 = ORIENTED_EDGE ( 'NONE', *, *, #1398, .T. ) ;
#838 = CARTESIAN_POINT ( 'NONE',  ( 37.92656108372180768, 47.32517565625202138, -3.620000000000000551 ) ) ;
#839 = VERTEX_POINT ( 'NONE', #886 ) ;
#840 = DIRECTION ( 'NONE',  ( 6.982962677686268288E-15, 0.000000000000000000, 1.000000000000000000 ) ) ;
#841 = CARTESIAN_POINT ( 'NONE',  ( 5.132437688989100799, 47.31959426025974835, -19.15000000000000213 ) ) ;
#842 = EDGE_CURVE ( 'NONE', #1271, #690, #1530, .T. ) ;
#843 = CARTESIAN_POINT ( 'NONE',  ( 25.93609176424992313, 30.44787634732016102, -12.92000000000000171 ) ) ;
#844 = FILL_AREA_STYLE ('',( #193 ) ) ;
#845 = CARTESIAN_POINT ( 'NONE',  ( 39.19403284612560867, 47.32517565625202138, 1.801000174845763357 ) ) ;
#846 = VERTEX_POINT ( 'NONE', #1374 ) ;
#847 = EDGE_LOOP ( 'NONE', ( #87, #714, #264, #950 ) ) ;
#848 = PLANE ( 'NONE',  #490 ) ;
#849 = DIRECTION ( 'NONE',  ( -6.982962677686266711E-15, 0.000000000000000000, -1.000000000000000000 ) ) ;
#850 = ORIENTED_EDGE ( 'NONE', *, *, #1035, .T. ) ;
#851 = EDGE_CURVE ( 'NONE', #600, #361, #2007, .T. ) ;
#852 = CIRCLE ( 'NONE', #1122, 15.00000000000003730 ) ;
#853 = LINE ( 'NONE', #1461, #2027 ) ;
#854 = CARTESIAN_POINT ( 'NONE',  ( 26.44550394349756672, 26.48044654559283373, -12.92000000000000171 ) ) ;
#855 = VECTOR ( 'NONE', #360, 1000.000000000000000 ) ;
#856 = EDGE_CURVE ( 'NONE', #903, #1865, #1071, .T. ) ;
#857 = CARTESIAN_POINT ( 'NONE',  ( 26.44550394349756672, 26.48044654559283373, -3.620000000000000551 ) ) ;
#858 = VECTOR ( 'NONE', #58, 1000.000000000000000 ) ;
#859 = ORIENTED_EDGE ( 'NONE', *, *, #1900, .T. ) ;
#860 = CARTESIAN_POINT ( 'NONE',  ( -1.574649448961947952E-14, 62.86500167846699583, -3.620000000000000107 ) ) ;
#861 = VECTOR ( 'NONE', #1170, 1000.000000000000000 ) ;
#862 = ORIENTED_EDGE ( 'NONE', *, *, #543, .F. ) ;
#863 = ORIENTED_EDGE ( 'NONE', *, *, #1613, .T. ) ;
#864 = LINE ( 'NONE', #1311, #1630 ) ;
#865 = CARTESIAN_POINT ( 'NONE',  ( 26.44550394349756672, 26.48044654559283373, -4.620000000000000995 ) ) ;
#866 = LINE ( 'NONE', #1480, #717 ) ;
#867 = EDGE_LOOP ( 'NONE', ( #1745, #1002, #1184, #859 ) ) ;
#868 = ORIENTED_EDGE ( 'NONE', *, *, #1453, .T. ) ;
#869 = DIRECTION ( 'NONE',  ( -0.7071067811865465735, 0.7071067811865485719, 0.000000000000000000 ) ) ;
#870 = ORIENTED_EDGE ( 'NONE', *, *, #1124, .T. ) ;
#871 = CARTESIAN_POINT ( 'NONE',  ( 0.000000000000000000, 0.000000000000000000, -19.15000000000000213 ) ) ;
#872 = DIRECTION ( 'NONE',  ( -0.000000000000000000, -0.000000000000000000, 1.000000000000000000 ) ) ;
#873 = CARTESIAN_POINT ( 'NONE',  ( -3.591445379053661609E-15, 47.32517565625202138, -1.620000000000000107 ) ) ;
#874 = ORIENTED_EDGE ( 'NONE', *, *, #1663, .T. ) ;
#875 = ADVANCED_FACE ( 'NONE', ( #319 ), #953, .F. ) ;
#876 = VERTEX_POINT ( 'NONE', #1591 ) ;
#877 = DIRECTION ( 'NONE',  ( 0.000000000000000000, 1.000000000000000000, 0.000000000000000000 ) ) ;
#878 = EDGE_CURVE ( 'NONE', #39, #1875, #932, .T. ) ;
#879 = PLANE ( 'NONE',  #518 ) ;
#880 = ORIENTED_EDGE ( 'NONE', *, *, #1691, .T. ) ;
#881 = DIRECTION ( 'NONE',  ( -0.000000000000000000, -0.000000000000000000, 1.000000000000000000 ) ) ;
#882 =( NAMED_UNIT ( * ) SI_UNIT ( $, .STERADIAN. ) SOLID_ANGLE_UNIT ( ) );
#883 = DIRECTION ( 'NONE',  ( 1.000000000000000000, 0.000000000000000000, -6.996718019773104855E-15 ) ) ;
#884 = DIRECTION ( 'NONE',  ( -1.000000000000000000, 0.000000000000000000, 6.969871108835386887E-15 ) ) ;
#885 = ORIENTED_EDGE ( 'NONE', *, *, #1075, .F. ) ;
#886 = CARTESIAN_POINT ( 'NONE',  ( 41.44550394349764844, 26.48044654559283373, -3.620000000000290097 ) ) ;
#887 = VECTOR ( 'NONE', #1654, 1000.000000000000000 ) ;
#888 = VECTOR ( 'NONE', #824, 1000.000000000000000 ) ;
#889 = AXIS2_PLACEMENT_3D ( 'NONE', #1206, #1049, #1713 ) ;
#890 = VECTOR ( 'NONE', #340, 1000.000000000000000 ) ;
#891 = VERTEX_POINT ( 'NONE', #1767 ) ;
#892 = CARTESIAN_POINT ( 'NONE',  ( 57.65799453466048874, 55.24524257867325616, -3.620000000000402895 ) ) ;
#893 = VECTOR ( 'NONE', #1078, 1000.000000000000000 ) ;
#894 = CIRCLE ( 'NONE', #1701, 4.000000000000000000 ) ;
#895 = LINE ( 'NONE', #723, #1957 ) ;
#896 = ORIENTED_EDGE ( 'NONE', *, *, #239, .T. ) ;
#897 = FILL_AREA_STYLE ('',( #1856 ) ) ;
#898 = EDGE_CURVE ( 'NONE', #1625, #39, #1258, .T. ) ;
#899 = DIRECTION ( 'NONE',  ( 1.000000000000000000, -0.000000000000000000, -0.000000000000000000 ) ) ;
#900 = LINE ( 'NONE', #1382, #1888 ) ;
#901 = DIRECTION ( 'NONE',  ( 1.000000000000000000, 0.000000000000000000, 0.000000000000000000 ) ) ;
#902 = ORIENTED_EDGE ( 'NONE', *, *, #994, .T. ) ;
#903 = VERTEX_POINT ( 'NONE', #1583 ) ;
#904 = CARTESIAN_POINT ( 'NONE',  ( 26.95491612274526005, 30.48044654559283373, -3.620000000000000107 ) ) ;
#905 = DIRECTION ( 'NONE',  ( -1.000000000000000000, 0.000000000000000000, 0.000000000000000000 ) ) ;
#906 = ORIENTED_EDGE ( 'NONE', *, *, #1577, .F. ) ;
#907 =( NAMED_UNIT ( * ) PLANE_ANGLE_UNIT ( ) SI_UNIT ( $, .RADIAN. ) );
#908 = EDGE_CURVE ( 'NONE', #449, #725, #448, .T. ) ;
#909 = CARTESIAN_POINT ( 'NONE',  ( 37.37389029992441181, 46.43475375213438383, -3.620000000000261231 ) ) ;
#910 = CARTESIAN_POINT ( 'NONE',  ( 15.58767194855985316, 46.47323246497084170, -4.620000000000000995 ) ) ;
#911 = EDGE_CURVE ( 'NONE', #1106, #69, #1433, .T. ) ;
#912 = EDGE_LOOP ( 'NONE', ( #1614, #1844, #542, #2063 ) ) ;
#913 = FACE_OUTER_BOUND ( 'NONE', #912, .T. ) ;
#914 = ORIENTED_EDGE ( 'NONE', *, *, #329, .T. ) ;
#915 = CARTESIAN_POINT ( 'NONE',  ( 44.65757000822213030, 47.99356986567008931, -3.620000000000000551 ) ) ;
#916 = DIRECTION ( 'NONE',  ( 0.000000000000000000, 1.000000000000000000, -0.000000000000000000 ) ) ;
#917 = ORIENTED_EDGE ( 'NONE', *, *, #202, .T. ) ;
#918 = PLANE ( 'NONE',  #1236 ) ;
#919 = PLANE ( 'NONE',  #1527 ) ;
#920 = ADVANCED_FACE ( 'NONE', ( #637 ), #645, .T. ) ;
#921 = CARTESIAN_POINT ( 'NONE',  ( 26.44550394349756672, 26.48044654559283373, -12.92000000000000171 ) ) ;
#922 = DIRECTION ( 'NONE',  ( -1.000000000000000000, 0.000000000000000000, 7.000848313763543818E-15 ) ) ;
#923 = CARTESIAN_POINT ( 'NONE',  ( 44.65757000822213030, 47.99356986567008931, -19.15000000000000213 ) ) ;
#924 = EDGE_CURVE ( 'NONE', #1781, #839, #1266, .T. ) ;
#925 = AXIS2_PLACEMENT_3D ( 'NONE', #1969, #849, #1191 ) ;
#926 = ORIENTED_EDGE ( 'NONE', *, *, #1018, .T. ) ;
#927 = CARTESIAN_POINT ( 'NONE',  ( 26.44550394349756672, 26.48044654559283373, -12.92000000000000171 ) ) ;
#928 = AXIS2_PLACEMENT_3D ( 'NONE', #1965, #1636, #1178 ) ;
#929 = ORIENTED_EDGE ( 'NONE', *, *, #978, .F. ) ;
#930 = DIRECTION ( 'NONE',  ( 6.982962677686266711E-15, -0.000000000000000000, 1.000000000000000000 ) ) ;
#931 = VECTOR ( 'NONE', #1284, 1000.000000000000000 ) ;
#932 = CIRCLE ( 'NONE', #990, 23.79742433024752302 ) ;
#933 = LINE ( 'NONE', #1918, #385 ) ;
#934 = LINE ( 'NONE', #1101, #217 ) ;
#935 = PLANE ( 'NONE',  #93 ) ;
#936 = EDGE_LOOP ( 'NONE', ( #1083, #1307, #249, #938 ) ) ;
#937 = DIRECTION ( 'NONE',  ( 0.5273594997269994700, 0.8496422529792694300, -0.000000000000000000 ) ) ;
#938 = ORIENTED_EDGE ( 'NONE', *, *, #1062, .F. ) ;
#939 = PLANE ( 'NONE',  #1457 ) ;
#940 = EDGE_LOOP ( 'NONE', ( #242, #1786, #229, #107 ) ) ;
#941 = CARTESIAN_POINT ( 'NONE',  ( 53.65799453466051716, 47.24524257867325616, 1.801000174845662327 ) ) ;
#942 = EDGE_LOOP ( 'NONE', ( #998, #1369, #868, #370 ) ) ;
#943 = DIRECTION ( 'NONE',  ( 1.000000000000000000, 0.000000000000000000, 0.000000000000000000 ) ) ;
#944 = EDGE_LOOP ( 'NONE', ( #339, #1646, #201, #1012 ) ) ;
#945 = DIRECTION ( 'NONE',  ( 1.000000000000000000, -0.000000000000000000, -6.938893903907222067E-15 ) ) ;
#946 = ADVANCED_FACE ( 'NONE', ( #132 ), #935, .F. ) ;
#947 = ORIENTED_EDGE ( 'NONE', *, *, #1008, .T. ) ;
#948 = PLANE ( 'NONE',  #1239 ) ;
#949 = EDGE_CURVE ( 'NONE', #371, #1898, #157, .T. ) ;
#950 = ORIENTED_EDGE ( 'NONE', *, *, #605, .F. ) ;
#951 = CARTESIAN_POINT ( 'NONE',  ( 26.44550394349756672, 26.48044654559283373, -4.620000000000000995 ) ) ;
#952 = FACE_OUTER_BOUND ( 'NONE', #1495, .T. ) ;
#953 = PLANE ( 'NONE',  #1829 ) ;
#954 = ORIENTED_EDGE ( 'NONE', *, *, #1173, .F. ) ;
#955 = ORIENTED_EDGE ( 'NONE', *, *, #627, .F. ) ;
#956 = AXIS2_PLACEMENT_3D ( 'NONE', #590, #1227, #1877 ) ;
#957 = CIRCLE ( 'NONE', #589, 13.99999999999999822 ) ;
#958 = VECTOR ( 'NONE', #2028, 1000.000000000000000 ) ;
#959 = ORIENTED_EDGE ( 'NONE', *, *, #1977, .F. ) ;
#960 = STYLED_ITEM ( 'NONE', ( #1907 ), #363 ) ;
#961 = EDGE_CURVE ( 'NONE', #1334, #1616, #797, .T. ) ;
#962 = VECTOR ( 'NONE', #1605, 1000.000000000000000 ) ;
#963 = CARTESIAN_POINT ( 'NONE',  ( 26.44550394349759870, 26.48044654559283373, -4.620000000000184848 ) ) ;
#964 = DIRECTION ( 'NONE',  ( 1.000000000000000000, 0.000000000000000000, 0.000000000000000000 ) ) ;
#965 = ORIENTED_EDGE ( 'NONE', *, *, #311, .T. ) ;
#966 = VERTEX_POINT ( 'NONE', #1891 ) ;
#967 = CARTESIAN_POINT ( 'NONE',  ( 15.83239992871045665, 3.202279253074212129, -3.620000000000000551 ) ) ;
#968 = ADVANCED_FACE ( 'NONE', ( #460 ), #1729, .F. ) ;
#969 = DIRECTION ( 'NONE',  ( -1.000000000000000000, 0.000000000000000000, 6.938893903906958587E-15 ) ) ;
#970 = FACE_OUTER_BOUND ( 'NONE', #473, .T. ) ;
#971 = CARTESIAN_POINT ( 'NONE',  ( 26.44550394349756672, 26.48044654559283373, -3.620000000000000551 ) ) ;
#972 = ADVANCED_FACE ( 'NONE', ( #783 ), #5, .F. ) ;
#973 = ORIENTED_EDGE ( 'NONE', *, *, #6, .F. ) ;
#974 = ORIENTED_EDGE ( 'NONE', *, *, #981, .T. ) ;
#975 = CARTESIAN_POINT ( 'NONE',  ( 15.83239992871045665, 0.002279253074212111464, -3.620000000000000551 ) ) ;
#976 = ORIENTED_EDGE ( 'NONE', *, *, #1062, .T. ) ;
#977 = CARTESIAN_POINT ( 'NONE',  ( 53.65799453466049584, 55.24524257867325616, -1.620000000000373808 ) ) ;
#978 = EDGE_CURVE ( 'NONE', #1129, #1728, #139, .T. ) ;
#979 = CARTESIAN_POINT ( 'NONE',  ( 25.93609176424992313, 22.51301674386550289, -12.92000000000000171 ) ) ;
#980 = LINE ( 'NONE', #1620, #789 ) ;
#981 = EDGE_CURVE ( 'NONE', #1865, #1616, #1278, .T. ) ;
#982 = EDGE_LOOP ( 'NONE', ( #1483, #48, #1584, #678 ) ) ;
#983 = SURFACE_STYLE_USAGE ( .BOTH. , #544 ) ;
#984 = DIRECTION ( 'NONE',  ( -1.476880973642516934E-16, -1.000000000000000000, 0.000000000000000000 ) ) ;
#985 = ORIENTED_EDGE ( 'NONE', *, *, #1752, .F. ) ;
#986 = VECTOR ( 'NONE', #1590, 1000.000000000000000 ) ;
#987 = AXIS2_PLACEMENT_3D ( 'NONE', #219, #1316, #700 ) ;
#988 = LINE ( 'NONE', #833, #1128 ) ;
#989 = DIRECTION ( 'NONE',  ( 1.000000000000000000, 0.000000000000000000, 0.000000000000000000 ) ) ;
#990 = AXIS2_PLACEMENT_3D ( 'NONE', #1134, #1749, #488 ) ;
#991 = CARTESIAN_POINT ( 'NONE',  ( 26.44550394349756672, 26.48044654559283373, -4.620000000000000995 ) ) ;
#992 = ORIENTED_EDGE ( 'NONE', *, *, #1467, .F. ) ;
#993 = UNCERTAINTY_MEASURE_WITH_UNIT (LENGTH_MEASURE( 1.000000000000000082E-05 ), #1723, 'distance_accuracy_value', 'NONE');
#994 = EDGE_CURVE ( 'NONE', #1616, #101, #1355, .T. ) ;
#995 = ORIENTED_EDGE ( 'NONE', *, *, #1340, .F. ) ;
#996 = CARTESIAN_POINT ( 'NONE',  ( 53.65799453466051716, 47.24524257867325616, 1.801000174845662327 ) ) ;
#997 = CARTESIAN_POINT ( 'NONE',  ( 57.65799453466052427, 47.24524257867325616, 1.801000174845634572 ) ) ;
#998 = ORIENTED_EDGE ( 'NONE', *, *, #978, .T. ) ;
#999 = PLANE ( 'NONE',  #92 ) ;
#1000 = FACE_OUTER_BOUND ( 'NONE', #1608, .T. ) ;
#1001 = DIRECTION ( 'NONE',  ( -0.000000000000000000, 0.000000000000000000, -1.000000000000000000 ) ) ;
#1002 = ORIENTED_EDGE ( 'NONE', *, *, #1075, .T. ) ;
#1003 = CARTESIAN_POINT ( 'NONE',  ( 57.65799453466048874, 47.24524257867325616, -3.620000000000402895 ) ) ;
#1004 = ORIENTED_EDGE ( 'NONE', *, *, #202, .F. ) ;
#1005 = EDGE_CURVE ( 'NONE', #1802, #2048, #1788, .T. ) ;
#1006 = CARTESIAN_POINT ( 'NONE',  ( 26.44550394349760580, 26.48044654559283373, -3.620000000000185292 ) ) ;
#1007 = ORIENTED_EDGE ( 'NONE', *, *, #842, .T. ) ;
#1008 = EDGE_CURVE ( 'NONE', #1781, #771, #1921, .T. ) ;
#1009 = CARTESIAN_POINT ( 'NONE',  ( 8.547957550365225643, 3.202279253074213017, -19.15000000000000213 ) ) ;
#1010 = CARTESIAN_POINT ( 'NONE',  ( 40.25574898611503016, 3.861695681501021384E-06, -19.15000000000000213 ) ) ;
#1011 = CARTESIAN_POINT ( 'NONE',  ( 40.25574898611503016, 3.861695681501021384E-06, -19.15000000000000213 ) ) ;
#1012 = ORIENTED_EDGE ( 'NONE', *, *, #270, .F. ) ;
#1013 = ORIENTED_EDGE ( 'NONE', *, *, #535, .F. ) ;
#1014 = CARTESIAN_POINT ( 'NONE',  ( 0.009611525389867146482, 47.31959426025974835, -19.15000000000000213 ) ) ;
#1015 = CARTESIAN_POINT ( 'NONE',  ( 15.83239992871045665, 0.002279253074212111464, -19.15000000000000213 ) ) ;
#1016 = AXIS2_PLACEMENT_3D ( 'NONE', #971, #811, #989 ) ;
#1017 = CARTESIAN_POINT ( 'NONE',  ( 12.50825589245678948, 25.15639338814062853, -4.620000000000087148 ) ) ;
#1018 = EDGE_CURVE ( 'NONE', #1879, #1811, #1933, .T. ) ;
#1019 = DIRECTION ( 'NONE',  ( -1.000000000000000000, 0.000000000000000000, 0.000000000000000000 ) ) ;
#1020 = VECTOR ( 'NONE', #869, 1000.000000000000000 ) ;
#1021 = VECTOR ( 'NONE', #1771, 1000.000000000000000 ) ;
#1022 = CARTESIAN_POINT ( 'NONE',  ( 52.88430227893017133, 63.12045564873648829, -1.620000000000000107 ) ) ;
#1023 = CIRCLE ( 'NONE', #1459, 23.79742433024752302 ) ;
#1024 = EDGE_LOOP ( 'NONE', ( #1095, #1637, #1542, #97 ) ) ;
#1025 = COLOUR_RGB ( '',0.7921568627450980005, 0.8196078431372548767, 0.9333333333333333481 ) ;
#1026 = ORIENTED_EDGE ( 'NONE', *, *, #1561, .F. ) ;
#1027 = DIRECTION ( 'NONE',  ( 1.000000000000000000, -0.000000000000000000, -0.000000000000000000 ) ) ;
#1028 = CARTESIAN_POINT ( 'NONE',  ( 26.44550394349756672, 26.48044654559283373, -4.620000000000000995 ) ) ;
#1029 = VERTEX_POINT ( 'NONE', #825 ) ;
#1030 =( NAMED_UNIT ( * ) PLANE_ANGLE_UNIT ( ) SI_UNIT ( $, .RADIAN. ) );
#1031 = EDGE_CURVE ( 'NONE', #526, #2018, #31, .T. ) ;
#1032 = CARTESIAN_POINT ( 'NONE',  ( 51.28695566068589784, 65.04359989220434102, 1.801000174845634572 ) ) ;
#1033 = CARTESIAN_POINT ( 'NONE',  ( 26.44550394349756672, 26.48044654559283373, -4.620000000000000995 ) ) ;
#1034 = DIRECTION ( 'NONE',  ( 0.000000000000000000, -1.000000000000000000, 0.000000000000000000 ) ) ;
#1035 = EDGE_CURVE ( 'NONE', #1606, #664, #1267, .T. ) ;
#1036 = ORIENTED_EDGE ( 'NONE', *, *, #2056, .F. ) ;
#1037 = DIRECTION ( 'NONE',  ( 6.982962677686268288E-15, 0.000000000000000000, 1.000000000000000000 ) ) ;
#1038 = CARTESIAN_POINT ( 'NONE',  ( 0.009611525389866442184, 41.44666507051483251, -3.620000000000000551 ) ) ;
#1039 = ORIENTED_EDGE ( 'NONE', *, *, #740, .F. ) ;
#1040 = DIRECTION ( 'NONE',  ( -0.000000000000000000, -0.000000000000000000, 1.000000000000000000 ) ) ;
#1041 = CARTESIAN_POINT ( 'NONE',  ( 37.37389029992442602, 46.43475375213438383, -4.620000000000000995 ) ) ;
#1042 = CARTESIAN_POINT ( 'NONE',  ( 57.65800094604502135, 37.33853024090163331, 1.801000174845634350 ) ) ;
#1043 = LINE ( 'NONE', #246, #1989 ) ;
#1044 = ORIENTED_EDGE ( 'NONE', *, *, #740, .T. ) ;
#1045 = DIRECTION ( 'NONE',  ( 1.199965791084545024E-16, 1.000000000000000000, 0.000000000000000000 ) ) ;
#1046 = ORIENTED_EDGE ( 'NONE', *, *, #6, .T. ) ;
#1047 = EDGE_CURVE ( 'NONE', #1535, #846, #1186, .T. ) ;
#1048 = PLANE ( 'NONE',  #223 ) ;
#1049 = DIRECTION ( 'NONE',  ( 0.000000000000000000, 0.000000000000000000, -1.000000000000000000 ) ) ;
#1050 = EDGE_LOOP ( 'NONE', ( #623, #1223, #65, #1679 ) ) ;
#1051 = DIRECTION ( 'NONE',  ( 6.982962677686268288E-15, 0.000000000000000000, 1.000000000000000000 ) ) ;
#1052 = CARTESIAN_POINT ( 'NONE',  ( 8.547957550365264723, -0.1464289385518881825, 1.801000174845977186 ) ) ;
#1053 = CARTESIAN_POINT ( 'NONE',  ( 30.44550394349756672, 26.48044654559283373, -12.92000000000000171 ) ) ;
#1054 = DIRECTION ( 'NONE',  ( -0.000000000000000000, -0.000000000000000000, 1.000000000000000000 ) ) ;
#1055 = ORIENTED_EDGE ( 'NONE', *, *, #142, .T. ) ;
#1056 = CARTESIAN_POINT ( 'NONE',  ( 39.19403284612560867, 47.32517565625202138, 1.801000174845763357 ) ) ;
#1057 = CIRCLE ( 'NONE', #124, 23.79742433024752302 ) ;
#1058 = VECTOR ( 'NONE', #1040, 1000.000000000000000 ) ;
#1059 = VECTOR ( 'NONE', #200, 1000.000000000000000 ) ;
#1060 = ORIENTED_EDGE ( 'NONE', *, *, #1968, .T. ) ;
#1061 = CARTESIAN_POINT ( 'NONE',  ( 8.547957550365225643, 0.002279253074213003546, -19.15000000000000213 ) ) ;
#1062 = EDGE_CURVE ( 'NONE', #1444, #439, #1471, .T. ) ;
#1063 = VECTOR ( 'NONE', #395, 1000.000000000000000 ) ;
#1064 = CARTESIAN_POINT ( 'NONE',  ( 8.547957550365225643, 0.002279253074213003546, -19.15000000000000213 ) ) ;
#1065 = EDGE_LOOP ( 'NONE', ( #818, #1570, #1044, #119 ) ) ;
#1066 = FACE_OUTER_BOUND ( 'NONE', #1935, .T. ) ;
#1067 = MANIFOLD_SOLID_BREP ( 'Cut-Extrude5', #287 ) ;
#1068 = CARTESIAN_POINT ( 'NONE',  ( 50.38023512905653689, 37.33853024090163331, 1.801000174845685420 ) ) ;
#1069 = DIRECTION ( 'NONE',  ( -0.000000000000000000, -0.000000000000000000, 1.000000000000000000 ) ) ;
#1070 = VERTEX_POINT ( 'NONE', #1164 ) ;
#1071 = LINE ( 'NONE', #1406, #1864 ) ;
#1072 = ORIENTED_EDGE ( 'NONE', *, *, #1878, .T. ) ;
#1073 = PLANE ( 'NONE',  #160 ) ;
#1074 = DIRECTION ( 'NONE',  ( 0.000000000000000000, 0.000000000000000000, -1.000000000000000000 ) ) ;
#1075 = EDGE_CURVE ( 'NONE', #1244, #1865, #1800, .T. ) ;
#1076 = EDGE_LOOP ( 'NONE', ( #1926, #9, #1336, #72 ) ) ;
#1077 = PRESENTATION_STYLE_ASSIGNMENT (( #1085 ) ) ;
#1078 = DIRECTION ( 'NONE',  ( -0.000000000000000000, -0.000000000000000000, 1.000000000000000000 ) ) ;
#1079 = ADVANCED_FACE ( 'NONE', ( #204 ), #1963, .F. ) ;
#1080 = CARTESIAN_POINT ( 'NONE',  ( 50.56307252490198323, 3.861695681501021384E-06, -19.15000000000000213 ) ) ;
#1081 = LINE ( 'NONE', #802, #986 ) ;
#1082 = DIRECTION ( 'NONE',  ( 0.000000000000000000, -0.000000000000000000, 1.000000000000000000 ) ) ;
#1083 = ORIENTED_EDGE ( 'NONE', *, *, #1517, .F. ) ;
#1084 = LINE ( 'NONE', #1886, #1324 ) ;
#1085 = SURFACE_STYLE_USAGE ( .BOTH. , #737 ) ;
#1086 = PRODUCT_CONTEXT ( 'NONE', #753, 'mechanical' ) ;
#1087 = DIRECTION ( 'NONE',  ( 1.000000000000000000, 0.000000000000000000, -0.000000000000000000 ) ) ;
#1088 = CARTESIAN_POINT ( 'NONE',  ( 50.08695566068589500, 65.04359989220434102, -3.620000000000000551 ) ) ;
#1089 = DIRECTION ( 'NONE',  ( -0.000000000000000000, -0.000000000000000000, -1.000000000000000000 ) ) ;
#1090 = COLOUR_RGB ( '',0.7921568627450980005, 0.8196078431372548767, 0.9333333333333333481 ) ;
#1091 = EDGE_LOOP ( 'NONE', ( #874, #638, #464, #1416 ) ) ;
#1092 = VECTOR ( 'NONE', #607, 1000.000000000000000 ) ;
#1093 = PLANE ( 'NONE',  #2030 ) ;
#1094 = VECTOR ( 'NONE', #1393, 1000.000000000000000 ) ;
#1095 = ORIENTED_EDGE ( 'NONE', *, *, #1667, .T. ) ;
#1096 = DIRECTION ( 'NONE',  ( 1.000000000000000000, -0.000000000000000000, -6.909869360036672291E-15 ) ) ;
#1097 = MECHANICAL_DESIGN_GEOMETRIC_PRESENTATION_REPRESENTATION (  '', ( #290 ), #489 ) ;
#1098 = AXIS2_PLACEMENT_3D ( 'NONE', #1365, #1214, #401 ) ;
#1099 = LINE ( 'NONE', #941, #1661 ) ;
#1100 = ADVANCED_FACE ( 'NONE', ( #1784 ), #682, .T. ) ;
#1101 = CARTESIAN_POINT ( 'NONE',  ( 12.50825589245678948, 25.15639338814062853, -4.620000000000087148 ) ) ;
#1102 = CARTESIAN_POINT ( 'NONE',  ( 50.56307252490198323, 3.861695681501021384E-06, -19.15000000000000213 ) ) ;
#1103 = ORIENTED_EDGE ( 'NONE', *, *, #688, .T. ) ;
#1104 = CARTESIAN_POINT ( 'NONE',  ( 57.65800094604500003, 47.24524257867322774, -1.620000000000402895 ) ) ;
#1105 = EDGE_CURVE ( 'NONE', #1070, #1531, #453, .T. ) ;
#1106 = VERTEX_POINT ( 'NONE', #655 ) ;
#1107 =( NAMED_UNIT ( * ) PLANE_ANGLE_UNIT ( ) SI_UNIT ( $, .RADIAN. ) );
#1108 = ORIENTED_EDGE ( 'NONE', *, *, #326, .F. ) ;
#1109 = DIRECTION ( 'NONE',  ( 1.199965791084545024E-16, 1.000000000000000000, -0.000000000000000000 ) ) ;
#1110 = CARTESIAN_POINT ( 'NONE',  ( 8.547957550365225643, 0.002279253074213003546, -19.15000000000000213 ) ) ;
#1111 = CARTESIAN_POINT ( 'NONE',  ( 41.44550394349763422, 26.48044654559283373, -4.620000000000289653 ) ) ;
#1112 = EDGE_LOOP ( 'NONE', ( #1259, #1967, #705, #80 ) ) ;
#1113 = LINE ( 'NONE', #1121, #386 ) ;
#1114 = EDGE_CURVE ( 'NONE', #63, #1271, #980, .T. ) ;
#1115 = CARTESIAN_POINT ( 'NONE',  ( 0.000000000000000000, 0.000000000000000000, 0.000000000000000000 ) ) ;
#1116 = ORIENTED_EDGE ( 'NONE', *, *, #1667, .F. ) ;
#1117 = DIRECTION ( 'NONE',  ( 0.000000000000000000, 0.000000000000000000, 1.000000000000000000 ) ) ;
#1118 = CARTESIAN_POINT ( 'NONE',  ( 2.648079613250045483, 26.48044654559283728, -4.620000000000000995 ) ) ;
#1119 = DIRECTION ( 'NONE',  ( 0.000000000000000000, -1.000000000000000000, 0.000000000000000000 ) ) ;
#1120 = ORIENTED_EDGE ( 'NONE', *, *, #198, .F. ) ;
#1121 = CARTESIAN_POINT ( 'NONE',  ( 7.099999999999974776, -4.440834923776686496E-16, -3.620000000000049845 ) ) ;
#1122 = AXIS2_PLACEMENT_3D ( 'NONE', #1840, #1697, #580 ) ;
#1123 = EDGE_LOOP ( 'NONE', ( #761, #1481, #176, #1046 ) ) ;
#1124 = EDGE_CURVE ( 'NONE', #725, #39, #1057, .T. ) ;
#1125 = FILL_AREA_STYLE ('',( #1138 ) ) ;
#1126 = AXIS2_PLACEMENT_3D ( 'NONE', #1339, #1472, #205 ) ;
#1127 = AXIS2_PLACEMENT_3D ( 'NONE', #1219, #881, #1411 ) ;
#1128 = VECTOR ( 'NONE', #1819, 1000.000000000000114 ) ;
#1129 = VERTEX_POINT ( 'NONE', #1346 ) ;
#1130 = ADVANCED_FACE ( 'NONE', ( #1830 ), #712, .T. ) ;
#1131 = VECTOR ( 'NONE', #117, 1000.000000000000000 ) ;
#1132 = DIRECTION ( 'NONE',  ( -6.982962677686268288E-15, -0.000000000000000000, -1.000000000000000000 ) ) ;
#1133 = DIRECTION ( 'NONE',  ( 0.000000000000000000, -0.000000000000000000, 1.000000000000000000 ) ) ;
#1134 = CARTESIAN_POINT ( 'NONE',  ( 26.44550394349756672, 26.48044654559283373, -3.620000000000000551 ) ) ;
#1135 = ORIENTED_EDGE ( 'NONE', *, *, #1854, .T. ) ;
#1136 = CARTESIAN_POINT ( 'NONE',  ( 50.08695566068589500, 65.04359989220434102, -2.819999999999999840 ) ) ;
#1137 = VERTEX_POINT ( 'NONE', #78 ) ;
#1138 = FILL_AREA_STYLE_COLOUR ( '', #652 ) ;
#1139 = EDGE_CURVE ( 'NONE', #394, #1188, #1502, .T. ) ;
#1140 = FACE_OUTER_BOUND ( 'NONE', #942, .T. ) ;
#1141 = ADVANCED_FACE ( 'NONE', ( #1523 ), #1371, .F. ) ;
#1142 = PLANE ( 'NONE',  #416 ) ;
#1143 = CARTESIAN_POINT ( 'NONE',  ( 14.96444680327332399, 47.32517565625202138, -4.620000000000000995 ) ) ;
#1144 = ORIENTED_EDGE ( 'NONE', *, *, #994, .F. ) ;
#1145 = ORIENTED_EDGE ( 'NONE', *, *, #198, .T. ) ;
#1146 = DIRECTION ( 'NONE',  ( 1.000000000000000000, 0.000000000000000000, -6.982962677686268288E-15 ) ) ;
#1147 = DIRECTION ( 'NONE',  ( 1.000000000000000000, 0.000000000000000000, -6.996718019773104855E-15 ) ) ;
#1148 = CARTESIAN_POINT ( 'NONE',  ( 53.03926405524381948, 62.96549387242284013, -3.620000000000370921 ) ) ;
#1149 = CARTESIAN_POINT ( 'NONE',  ( 53.03926405524385501, 62.96549387242284013, 1.801000174845666768 ) ) ;
#1150 = DIRECTION ( 'NONE',  ( -1.000000000000000000, 0.000000000000000000, 0.000000000000000000 ) ) ;
#1151 = PRODUCT_RELATED_PRODUCT_CATEGORY ( 'part', '', ( #1721 ) ) ;
#1152 = DIRECTION ( 'NONE',  ( 1.000000000000000000, 0.000000000000000000, -6.982962677686267499E-15 ) ) ;
#1153 = ORIENTED_EDGE ( 'NONE', *, *, #1262, .T. ) ;
#1154 = ORIENTED_EDGE ( 'NONE', *, *, #1691, .F. ) ;
#1155 =( LENGTH_UNIT ( ) NAMED_UNIT ( * ) SI_UNIT ( .MILLI., .METRE. ) );
#1156 = LINE ( 'NONE', #1310, #819 ) ;
#1157 = ORIENTED_EDGE ( 'NONE', *, *, #878, .F. ) ;
#1158 = AXIS2_PLACEMENT_3D ( 'NONE', #1449, #1492, #59 ) ;
#1159 = CLOSED_SHELL ( 'NONE', ( #388, #1343, #1772, #547, #1237, #1079 ) ) ;
#1160 = VECTOR ( 'NONE', #241, 1000.000000000000000 ) ;
#1161 = COLOUR_RGB ( '',0.7921568627450980005, 0.8196078431372548767, 0.9333333333333333481 ) ;
#1162 = LINE ( 'NONE', #181, #656 ) ;
#1163 = DIRECTION ( 'NONE',  ( -1.000000000000000000, -0.000000000000000000, -0.000000000000000000 ) ) ;
#1164 = CARTESIAN_POINT ( 'NONE',  ( 15.58767194855985316, 46.47323246497084170, -4.620000000000000995 ) ) ;
#1165 = PRESENTATION_LAYER_ASSIGNMENT (  '', '', ( #290 ) ) ;
#1166 = AXIS2_PLACEMENT_3D ( 'NONE', #15, #332, #610 ) ;
#1167 = EDGE_CURVE ( 'NONE', #650, #1781, #381, .T. ) ;
#1168 = PLANE ( 'NONE',  #89 ) ;
#1169 = ORIENTED_EDGE ( 'NONE', *, *, #444, .F. ) ;
#1170 = DIRECTION ( 'NONE',  ( -1.000000000000000000, 0.000000000000000000, 6.938893903907222067E-15 ) ) ;
#1171 = UNCERTAINTY_MEASURE_WITH_UNIT (LENGTH_MEASURE( 1.000000000000000082E-05 ), #1684, 'distance_accuracy_value', 'NONE');
#1172 = EDGE_LOOP ( 'NONE', ( #1282, #1234, #832, #641 ) ) ;
#1173 = EDGE_CURVE ( 'NONE', #1473, #1802, #560, .T. ) ;
#1174 = DIRECTION ( 'NONE',  ( 0.000000000000000000, 0.000000000000000000, 1.000000000000000000 ) ) ;
#1175 = ORIENTED_EDGE ( 'NONE', *, *, #661, .T. ) ;
#1176 = FACE_OUTER_BOUND ( 'NONE', #1326, .T. ) ;
#1177 = CARTESIAN_POINT ( 'NONE',  ( 0.000000000000000000, 0.000000000000000000, -3.620000000000000551 ) ) ;
#1178 = DIRECTION ( 'NONE',  ( -1.000000000000000000, 0.000000000000000000, 0.000000000000000000 ) ) ;
#1179 = VERTEX_POINT ( 'NONE', #1861 ) ;
#1180 = EDGE_LOOP ( 'NONE', ( #1804, #1290, #1955, #1580 ) ) ;
#1181 = FACE_OUTER_BOUND ( 'NONE', #1348, .T. ) ;
#1182 = EDGE_CURVE ( 'NONE', #1988, #526, #900, .T. ) ;
#1183 = DIRECTION ( 'NONE',  ( -0.000000000000000000, -0.000000000000000000, 1.000000000000000000 ) ) ;
#1184 = ORIENTED_EDGE ( 'NONE', *, *, #856, .F. ) ;
#1185 = PLANE ( 'NONE',  #1238 ) ;
#1186 = LINE ( 'NONE', #1010, #887 ) ;
#1187 = CARTESIAN_POINT ( 'NONE',  ( 53.03926405524385501, 62.96549387242284013, 1.801000174845666768 ) ) ;
#1188 = VERTEX_POINT ( 'NONE', #2013 ) ;
#1189 = EDGE_LOOP ( 'NONE', ( #777, #537, #1169, #1437 ) ) ;
#1190 = SURFACE_STYLE_FILL_AREA ( #524 ) ;
#1191 = DIRECTION ( 'NONE',  ( -1.000000000000000000, 0.000000000000000000, 6.982962677686266711E-15 ) ) ;
#1192 = EDGE_CURVE ( 'NONE', #439, #966, #234, .T. ) ;
#1193 = ORIENTED_EDGE ( 'NONE', *, *, #267, .F. ) ;
#1194 = VECTOR ( 'NONE', #1685, 1000.000000000000000 ) ;
#1195 = DIRECTION ( 'NONE',  ( -1.000000000000000000, 0.000000000000000000, 0.000000000000000000 ) ) ;
#1196 = CLOSED_SHELL ( 'NONE', ( #920, #1639, #1409, #613 ) ) ;
#1197 = EDGE_CURVE ( 'NONE', #1129, #1750, #729, .T. ) ;
#1198 = AXIS2_PLACEMENT_3D ( 'NONE', #614, #458, #1263 ) ;
#1199 = AXIS2_PLACEMENT_3D ( 'NONE', #1292, #1445, #18 ) ;
#1200 = DIRECTION ( 'NONE',  ( 1.000000000000000000, 0.000000000000000000, -7.000848313763545396E-15 ) ) ;
#1201 = ORIENTED_EDGE ( 'NONE', *, *, #1209, .F. ) ;
#1202 = VECTOR ( 'NONE', #1884, 1000.000000000000000 ) ;
#1203 = CARTESIAN_POINT ( 'NONE',  ( 26.95491612274526005, 26.48044654559283373, -12.92000000000000171 ) ) ;
#1204 = EDGE_LOOP ( 'NONE', ( #731, #776, #585, #433 ) ) ;
#1205 = CARTESIAN_POINT ( 'NONE',  ( 39.19403284612557314, 47.32517565625202138, -3.620000000000274110 ) ) ;
#1206 = CARTESIAN_POINT ( 'NONE',  ( 44.65757000822213030, 47.99356986567008931, -19.15000000000000213 ) ) ;
#1207 = ORIENTED_EDGE ( 'NONE', *, *, #1291, .T. ) ;
#1208 = DIRECTION ( 'NONE',  ( 6.982962677686266711E-15, -0.000000000000000000, 1.000000000000000000 ) ) ;
#1209 = EDGE_CURVE ( 'NONE', #632, #1188, #1485, .T. ) ;
#1210 = CARTESIAN_POINT ( 'NONE',  ( 26.95491612274526005, 22.51301674386550644, -3.620000000000000107 ) ) ;
#1211 = EDGE_CURVE ( 'NONE', #1822, #664, #408, .T. ) ;
#1212 = CARTESIAN_POINT ( 'NONE',  ( 50.56307252490198323, 3.861695681501021384E-06, -19.15000000000000213 ) ) ;
#1213 = ORIENTED_EDGE ( 'NONE', *, *, #1663, .F. ) ;
#1214 = DIRECTION ( 'NONE',  ( 0.000000000000000000, 1.000000000000000000, 0.000000000000000000 ) ) ;
#1215 = ORIENTED_EDGE ( 'NONE', *, *, #647, .F. ) ;
#1216 = DIRECTION ( 'NONE',  ( 0.000000000000000000, -0.000000000000000000, 1.000000000000000000 ) ) ;
#1217 = DIRECTION ( 'NONE',  ( 1.000000000000000000, -1.190704370957544663E-16, 0.000000000000000000 ) ) ;
#1218 = VERTEX_POINT ( 'NONE', #1210 ) ;
#1219 = CARTESIAN_POINT ( 'NONE',  ( 26.44550394349756672, 26.48044654559283373, -4.620000000000000995 ) ) ;
#1220 = DIRECTION ( 'NONE',  ( 1.000000000000000000, 0.000000000000000000, 0.000000000000000000 ) ) ;
#1221 = CARTESIAN_POINT ( 'NONE',  ( 26.95491612274526005, 30.48044654559283373, -3.620000000000000107 ) ) ;
#1222 = EDGE_CURVE ( 'NONE', #839, #2016, #852, .T. ) ;
#1223 = ORIENTED_EDGE ( 'NONE', *, *, #1398, .F. ) ;
#1224 = LINE ( 'NONE', #237, #1991 ) ;
#1225 = ORIENTED_EDGE ( 'NONE', *, *, #611, .F. ) ;
#1226 = LINE ( 'NONE', #1568, #1274 ) ;
#1227 = DIRECTION ( 'NONE',  ( -6.982962677686266711E-15, 0.000000000000000000, -1.000000000000000000 ) ) ;
#1228 = ORIENTED_EDGE ( 'NONE', *, *, #348, .F. ) ;
#1229 = CARTESIAN_POINT ( 'NONE',  ( 26.44550394349760580, 26.48044654559283373, -3.620000000000185292 ) ) ;
#1230 = CARTESIAN_POINT ( 'NONE',  ( 11.50405544490008047, 25.15639338814062853, -3.620000000000080487 ) ) ;
#1231 = DIRECTION ( 'NONE',  ( -0.000000000000000000, -0.000000000000000000, 1.000000000000000000 ) ) ;
#1232 = AXIS2_PLACEMENT_3D ( 'NONE', #1512, #1358, #883 ) ;
#1233 = CARTESIAN_POINT ( 'NONE',  ( 26.44550394349756672, 26.48044654559283373, -12.92000000000000171 ) ) ;
#1234 = ORIENTED_EDGE ( 'NONE', *, *, #1302, .T. ) ;
#1235 = AXIS2_PLACEMENT_3D ( 'NONE', #1033, #1001, #1821 ) ;
#1236 = AXIS2_PLACEMENT_3D ( 'NONE', #2044, #577, #1261 ) ;
#1237 = ADVANCED_FACE ( 'NONE', ( #399 ), #225, .T. ) ;
#1238 = AXIS2_PLACEMENT_3D ( 'NONE', #1017, #1665, #224 ) ;
#1239 = AXIS2_PLACEMENT_3D ( 'NONE', #465, #1588, #788 ) ;
#1240 = ORIENTED_EDGE ( 'NONE', *, *, #326, .T. ) ;
#1241 = DIRECTION ( 'NONE',  ( 0.000000000000000000, -1.000000000000000000, 0.000000000000000000 ) ) ;
#1242 = EDGE_CURVE ( 'NONE', #1625, #14, #716, .T. ) ;
#1243 = LINE ( 'NONE', #1038, #1827 ) ;
#1244 = VERTEX_POINT ( 'NONE', #1816 ) ;
#1245 = LINE ( 'NONE', #1848, #2026 ) ;
#1246 = DIRECTION ( 'NONE',  ( 1.000000000000000000, 0.000000000000000000, 0.000000000000000000 ) ) ;
#1247 = CYLINDRICAL_SURFACE ( 'NONE', #759, 22.75091216739172495 ) ;
#1248 = ORIENTED_EDGE ( 'NONE', *, *, #374, .F. ) ;
#1249 = CARTESIAN_POINT ( 'NONE',  ( 50.38023512905651558, -8.647531439150683812E-16, -1.620000000000351825 ) ) ;
#1250 = ORIENTED_EDGE ( 'NONE', *, *, #1752, .T. ) ;
#1251 = DIRECTION ( 'NONE',  ( 1.224425490838177908E-16, 1.000000000000000000, 0.000000000000000000 ) ) ;
#1252 = LINE ( 'NONE', #575, #256 ) ;
#1253 = ORIENTED_EDGE ( 'NONE', *, *, #908, .T. ) ;
#1254 = LINE ( 'NONE', #164, #1525 ) ;
#1255 = EDGE_CURVE ( 'NONE', #1913, #69, #373, .T. ) ;
#1256 = PLANE ( 'NONE',  #1698 ) ;
#1257 = CARTESIAN_POINT ( 'NONE',  ( 50.24292827374508619, 26.48044654559283373, -3.620000000000000551 ) ) ;
#1258 = LINE ( 'NONE', #168, #1202 ) ;
#1259 = ORIENTED_EDGE ( 'NONE', *, *, #1008, .F. ) ;
#1260 = ORIENTED_EDGE ( 'NONE', *, *, #699, .F. ) ;
#1261 = DIRECTION ( 'NONE',  ( 0.000000000000000000, 0.000000000000000000, -1.000000000000000000 ) ) ;
#1262 = EDGE_CURVE ( 'NONE', #600, #876, #356, .T. ) ;
#1263 = DIRECTION ( 'NONE',  ( 1.000000000000000000, 0.000000000000000000, 0.000000000000000000 ) ) ;
#1264 = EDGE_CURVE ( 'NONE', #690, #1552, #1985, .T. ) ;
#1265 = LINE ( 'NONE', #629, #1357 ) ;
#1266 = LINE ( 'NONE', #1111, #1364 ) ;
#1267 = CIRCLE ( 'NONE', #313, 4.000000000000000000 ) ;
#1268 = EDGE_LOOP ( 'NONE', ( #166, #1682, #707, #747, #1260, #310, #1863, #1946, #1823, #965, #2050, #929, #1474, #333, #576, #642, #206, #178 ) ) ;
#1269 = LINE ( 'NONE', #1896, #1796 ) ;
#1270 = AXIS2_PLACEMENT_3D ( 'NONE', #1080, #1882, #1862 ) ;
#1271 = VERTEX_POINT ( 'NONE', #1780 ) ;
#1272 = CARTESIAN_POINT ( 'NONE',  ( 50.62149591710081609, 66.04218054977171448, -3.620000000000000551 ) ) ;
#1273 = VECTOR ( 'NONE', #1469, 1000.000000000000000 ) ;
#1274 = VECTOR ( 'NONE', #720, 1000.000000000000000 ) ;
#1275 = ORIENTED_EDGE ( 'NONE', *, *, #688, .F. ) ;
#1276 = CARTESIAN_POINT ( 'NONE',  ( 41.44550394349763422, 26.48044654559283373, -4.620000000000289653 ) ) ;
#1277 = CARTESIAN_POINT ( 'NONE',  ( 50.62149591710081609, 70.00199890136700276, -3.620000000000354046 ) ) ;
#1278 = LINE ( 'NONE', #1423, #1452 ) ;
#1279 = EDGE_CURVE ( 'NONE', #1129, #701, #1807, .T. ) ;
#1280 = ORIENTED_EDGE ( 'NONE', *, *, #1818, .F. ) ;
#1281 = CARTESIAN_POINT ( 'NONE',  ( 0.009611525389866442184, 41.44666507051483251, -3.620000000000000551 ) ) ;
#1282 = ORIENTED_EDGE ( 'NONE', *, *, #1496, .F. ) ;
#1283 = CARTESIAN_POINT ( 'NONE',  ( 51.28695566068589073, 65.04359989220434102, -2.819999999999999840 ) ) ;
#1284 = DIRECTION ( 'NONE',  ( 0.000000000000000000, 1.000000000000000000, 0.000000000000000000 ) ) ;
#1285 = EDGE_LOOP ( 'NONE', ( #1341, #1651, #218, #1677 ) ) ;
#1286 = DIRECTION ( 'NONE',  ( 0.000000000000000000, 0.000000000000000000, -1.000000000000000000 ) ) ;
#1287 = EDGE_CURVE ( 'NONE', #14, #1875, #1945, .T. ) ;
#1288 = ORIENTED_EDGE ( 'NONE', *, *, #1715, .F. ) ;
#1289 = CARTESIAN_POINT ( 'NONE',  ( 8.547957550365225643, 3.202279253074213017, -19.15000000000000213 ) ) ;
#1290 = ORIENTED_EDGE ( 'NONE', *, *, #1754, .F. ) ;
#1291 = EDGE_CURVE ( 'NONE', #122, #371, #366, .T. ) ;
#1292 = CARTESIAN_POINT ( 'NONE',  ( 0.000000000000000000, 0.000000000000000000, -19.15000000000000213 ) ) ;
#1293 = DIRECTION ( 'NONE',  ( -1.000000000000000000, 0.000000000000000000, 0.000000000000000000 ) ) ;
#1294 = DIRECTION ( 'NONE',  ( 6.982962677686266711E-15, -0.000000000000000000, 1.000000000000000000 ) ) ;
#1295 = ORIENTED_EDGE ( 'NONE', *, *, #1818, .T. ) ;
#1296 = DIRECTION ( 'NONE',  ( -0.000000000000000000, -1.000000000000000000, -0.000000000000000000 ) ) ;
#1297 = EDGE_CURVE ( 'NONE', #559, #839, #1392, .T. ) ;
#1298 = VECTOR ( 'NONE', #2047, 1000.000000000000000 ) ;
#1299 = ORIENTED_EDGE ( 'NONE', *, *, #1937, .F. ) ;
#1300 = DIRECTION ( 'NONE',  ( 0.000000000000000000, -1.000000000000000000, 0.000000000000000000 ) ) ;
#1301 = CIRCLE ( 'NONE', #158, 13.99999999999999822 ) ;
#1302 = EDGE_CURVE ( 'NONE', #670, #1465, #663, .T. ) ;
#1303 = VECTOR ( 'NONE', #467, 1000.000000000000000 ) ;
#1304 = CIRCLE ( 'NONE', #2062, 23.79742433024752302 ) ;
#1305 = CARTESIAN_POINT ( 'NONE',  ( 11.44550394349755962, 26.48044654559283373, -4.620000000000080931 ) ) ;
#1306 = CARTESIAN_POINT ( 'NONE',  ( 26.44550394349759870, 26.48044654559283373, -4.620000000000184848 ) ) ;
#1307 = ORIENTED_EDGE ( 'NONE', *, *, #1287, .T. ) ;
#1308 = ORIENTED_EDGE ( 'NONE', *, *, #1297, .T. ) ;
#1309 = DIRECTION ( 'NONE',  ( -6.982962677686268288E-15, 0.000000000000000000, -1.000000000000000000 ) ) ;
#1310 = CARTESIAN_POINT ( 'NONE',  ( 50.56307252490198323, 3.861695681501021384E-06, -19.15000000000000213 ) ) ;
#1311 = CARTESIAN_POINT ( 'NONE',  ( 50.38023512905650136, 37.33853024090163331, -3.620000000000352269 ) ) ;
#1312 = CARTESIAN_POINT ( 'NONE',  ( 26.44550394349756672, 26.48044654559283373, -3.620000000000000551 ) ) ;
#1313 = CARTESIAN_POINT ( 'NONE',  ( 51.28695566068589073, 65.04359989220434102, -2.819999999999999840 ) ) ;
#1314 = ORIENTED_EDGE ( 'NONE', *, *, #532, .F. ) ;
#1315 = VERTEX_POINT ( 'NONE', #545 ) ;
#1316 = DIRECTION ( 'NONE',  ( 0.000000000000000000, -1.000000000000000000, 0.000000000000000000 ) ) ;
#1317 = ADVANCED_FACE ( 'NONE', ( #510 ), #1649, .T. ) ;
#1318 = DIRECTION ( 'NONE',  ( 1.000000000000000000, 0.000000000000000000, 0.000000000000000000 ) ) ;
#1319 = DIRECTION ( 'NONE',  ( -0.7071067811865485719, -0.7071067811865465735, 4.937700262164537787E-15 ) ) ;
#1320 = EDGE_CURVE ( 'NONE', #631, #1535, #1156, .T. ) ;
#1321 = DIRECTION ( 'NONE',  ( 0.000000000000000000, 0.000000000000000000, -1.000000000000000000 ) ) ;
#1322 = ORIENTED_EDGE ( 'NONE', *, *, #573, .T. ) ;
#1323 = VERTEX_POINT ( 'NONE', #1938 ) ;
#1324 = VECTOR ( 'NONE', #1595, 1000.000000000000000 ) ;
#1325 = DIRECTION ( 'NONE',  ( -1.190704370957544663E-16, -1.000000000000000000, 0.000000000000000000 ) ) ;
#1326 = EDGE_LOOP ( 'NONE', ( #189, #1288, #171, #976 ) ) ;
#1327 = CIRCLE ( 'NONE', #555, 2.500000000000002220 ) ;
#1328 = LINE ( 'NONE', #1501, #456 ) ;
#1329 =( LENGTH_UNIT ( ) NAMED_UNIT ( * ) SI_UNIT ( .MILLI., .METRE. ) );
#1330 = VECTOR ( 'NONE', #1027, 1000.000000000000000 ) ;
#1331 = LINE ( 'NONE', #68, #588 ) ;
#1332 = ORIENTED_EDGE ( 'NONE', *, *, #2056, .T. ) ;
#1333 = ADVANCED_FACE ( 'NONE', ( #341 ), #1826, .F. ) ;
#1334 = VERTEX_POINT ( 'NONE', #1629 ) ;
#1335 = DIRECTION ( 'NONE',  ( -1.000000000000000000, 0.000000000000000000, 0.000000000000000000 ) ) ;
#1336 = ORIENTED_EDGE ( 'NONE', *, *, #1431, .F. ) ;
#1337 = FACE_OUTER_BOUND ( 'NONE', #1366, .T. ) ;
#1338 = CARTESIAN_POINT ( 'NONE',  ( 53.03926405524381948, 62.96549387242284013, -3.620000000000370921 ) ) ;
#1339 = CARTESIAN_POINT ( 'NONE',  ( 50.62149591710081609, 62.96549387242284013, -3.620000000000354046 ) ) ;
#1340 = EDGE_CURVE ( 'NONE', #701, #808, #1793, .T. ) ;
#1341 = ORIENTED_EDGE ( 'NONE', *, *, #169, .T. ) ;
#1342 = CARTESIAN_POINT ( 'NONE',  ( 50.56307252490198323, 2.300003861695681717, -19.15000000000000213 ) ) ;
#1343 = ADVANCED_FACE ( 'NONE', ( #1475 ), #42, .F. ) ;
#1344 = DIRECTION ( 'NONE',  ( -0.000000000000000000, 0.000000000000000000, -1.000000000000000000 ) ) ;
#1345 = DIRECTION ( 'NONE',  ( -0.000000000000000000, -1.000000000000000000, -0.000000000000000000 ) ) ;
#1346 = CARTESIAN_POINT ( 'NONE',  ( 57.65800094604500003, 37.33853024090162620, -1.620000000000402895 ) ) ;
#1347 = CYLINDRICAL_SURFACE ( 'NONE', #1564, 13.99999999999999467 ) ;
#1348 = EDGE_LOOP ( 'NONE', ( #1601, #533, #163, #2008 ) ) ;
#1349 = DIRECTION ( 'NONE',  ( 0.8496422529792694300, -0.5273594997269994700, 0.000000000000000000 ) ) ;
#1350 = ORIENTED_EDGE ( 'NONE', *, *, #1443, .T. ) ;
#1351 = ADVANCED_FACE ( 'NONE', ( #1377, #1681, #2010, #1704 ), #1518, .T. ) ;
#1352 = ORIENTED_EDGE ( 'NONE', *, *, #17, .T. ) ;
#1353 = CARTESIAN_POINT ( 'NONE',  ( 53.65799453466051716, 55.24524257867325616, 1.801000174845662327 ) ) ;
#1354 = EDGE_CURVE ( 'NONE', #1898, #1832, #1252, .T. ) ;
#1355 = CIRCLE ( 'NONE', #683, 1.199999999999999734 ) ;
#1356 = DIRECTION ( 'NONE',  ( -1.000000000000000000, 0.000000000000000000, 0.000000000000000000 ) ) ;
#1357 = VECTOR ( 'NONE', #598, 1000.000000000000000 ) ;
#1358 = DIRECTION ( 'NONE',  ( -6.982962677686266711E-15, 0.000000000000000000, -1.000000000000000000 ) ) ;
#1359 = VECTOR ( 'NONE', #969, 1000.000000000000000 ) ;
#1360 = CIRCLE ( 'NONE', #423, 22.75091216739172495 ) ;
#1361 = CARTESIAN_POINT ( 'NONE',  ( 0.000000000000000000, 0.000000000000000000, -3.620000000000000551 ) ) ;
#1362 = CIRCLE ( 'NONE', #721, 4.000000000000000000 ) ;
#1363 = ORIENTED_EDGE ( 'NONE', *, *, #329, .F. ) ;
#1364 = VECTOR ( 'NONE', #1563, 1000.000000000000000 ) ;
#1365 = CARTESIAN_POINT ( 'NONE',  ( 12.44550394349759870, 26.48044654559283373, -4.620000000000087148 ) ) ;
#1366 = EDGE_LOOP ( 'NONE', ( #768, #466, #133, #227 ) ) ;
#1367 = CARTESIAN_POINT ( 'NONE',  ( 15.83239992871045665, 3.202279253074212129, -19.15000000000000213 ) ) ;
#1368 = DIRECTION ( 'NONE',  ( 0.5273594997269994700, 0.8496422529792694300, -0.000000000000000000 ) ) ;
#1369 = ORIENTED_EDGE ( 'NONE', *, *, #2034, .T. ) ;
#1370 = ADVANCED_FACE ( 'NONE', ( #1672 ), #879, .T. ) ;
#1371 = CYLINDRICAL_SURFACE ( 'NONE', #1623, 1.199999999999999734 ) ;
#1372 = CARTESIAN_POINT ( 'NONE',  ( 44.65757000822213030, 47.99356986567008931, -19.15000000000000213 ) ) ;
#1373 = ORIENTED_EDGE ( 'NONE', *, *, #1105, .T. ) ;
#1374 = CARTESIAN_POINT ( 'NONE',  ( 40.25574898611503016, 3.861695681501021384E-06, -3.620000000000000551 ) ) ;
#1375 = ORIENTED_EDGE ( 'NONE', *, *, #1340, .T. ) ;
#1376 = LINE ( 'NONE', #100, #558 ) ;
#1377 = FACE_BOUND ( 'NONE', #511, .T. ) ;
#1378 = ORIENTED_EDGE ( 'NONE', *, *, #2031, .F. ) ;
#1379 = DIRECTION ( 'NONE',  ( 1.000000000000000000, -9.719671122003211809E-18, -6.980939982220832180E-15 ) ) ;
#1380 = CARTESIAN_POINT ( 'NONE',  ( 5.132437688989099911, 41.44666507051483251, -3.620000000000000551 ) ) ;
#1381 = EDGE_CURVE ( 'NONE', #394, #63, #1855, .T. ) ;
#1382 = CARTESIAN_POINT ( 'NONE',  ( 0.009611525389867146482, 47.31959426025974835, -3.620000000000000551 ) ) ;
#1383 = CARTESIAN_POINT ( 'NONE',  ( 26.95491612274526005, 30.44787634732015746, -3.620000000000000107 ) ) ;
#1384 = ORIENTED_EDGE ( 'NONE', *, *, #73, .T. ) ;
#1385 = EDGE_CURVE ( 'NONE', #1514, #1913, #418, .T. ) ;
#1386 = EDGE_LOOP ( 'NONE', ( #995, #784, #616, #1885 ) ) ;
#1387 = CARTESIAN_POINT ( 'NONE',  ( 50.62149591710083030, 70.00199890136700276, -1.620000000000353602 ) ) ;
#1388 = FACE_OUTER_BOUND ( 'NONE', #1402, .T. ) ;
#1389 = ORIENTED_EDGE ( 'NONE', *, *, #1035, .F. ) ;
#1390 = CYLINDRICAL_SURFACE ( 'NONE', #90, 15.00000000000003730 ) ;
#1391 = CARTESIAN_POINT ( 'NONE',  ( 12.44550394349759870, 26.48044654559283373, -4.620000000000087148 ) ) ;
#1392 = CIRCLE ( 'NONE', #483, 15.00000000000003730 ) ;
#1393 = DIRECTION ( 'NONE',  ( -0.000000000000000000, -0.000000000000000000, 1.000000000000000000 ) ) ;
#1394 = ORIENTED_EDGE ( 'NONE', *, *, #1765, .F. ) ;
#1395 = DIRECTION ( 'NONE',  ( 1.000000000000000000, -1.199965791084545024E-16, 0.000000000000000000 ) ) ;
#1396 = VECTOR ( 'NONE', #727, 1000.000000000000000 ) ;
#1397 = ORIENTED_EDGE ( 'NONE', *, *, #1754, .T. ) ;
#1398 = EDGE_CURVE ( 'NONE', #111, #1648, #1327, .T. ) ;
#1399 = LINE ( 'NONE', #1387, #151 ) ;
#1400 = AXIS2_PLACEMENT_3D ( 'NONE', #587, #1866, #1037 ) ;
#1401 = CARTESIAN_POINT ( 'NONE',  ( 5.132437688989100799, 47.31959426025974835, -19.15000000000000213 ) ) ;
#1402 = EDGE_LOOP ( 'NONE', ( #837, #1332 ) ) ;
#1403 = DIRECTION ( 'NONE',  ( 0.000000000000000000, 0.000000000000000000, -1.000000000000000000 ) ) ;
#1404 = DIRECTION ( 'NONE',  ( -1.000000000000000000, 0.000000000000000000, -0.000000000000000000 ) ) ;
#1405 = DIRECTION ( 'NONE',  ( -1.000000000000000000, 0.000000000000000000, 6.938893903906958587E-15 ) ) ;
#1406 = CARTESIAN_POINT ( 'NONE',  ( 53.03926405524385501, 62.96549387242284013, 1.801000174845666768 ) ) ;
#1407 = ORIENTED_EDGE ( 'NONE', *, *, #91, .T. ) ;
#1408 = LINE ( 'NONE', #2033, #291 ) ;
#1409 = ADVANCED_FACE ( 'NONE', ( #1388 ), #1846, .T. ) ;
#1410 = ORIENTED_EDGE ( 'NONE', *, *, #173, .F. ) ;
#1411 = DIRECTION ( 'NONE',  ( 1.000000000000000000, 0.000000000000000000, 0.000000000000000000 ) ) ;
#1412 = EDGE_CURVE ( 'NONE', #2018, #646, #1243, .T. ) ;
#1413 = CARTESIAN_POINT ( 'NONE',  ( 57.68023512905654115, 37.33853024090163331, 1.801000174845634128 ) ) ;
#1414 = DIRECTION ( 'NONE',  ( 0.000000000000000000, 1.000000000000000000, 0.000000000000000000 ) ) ;
#1415 = CARTESIAN_POINT ( 'NONE',  ( 57.68023512905651984, 37.33853024090163331, -1.620000000000403340 ) ) ;
#1416 = ORIENTED_EDGE ( 'NONE', *, *, #501, .T. ) ;
#1417 = FACE_OUTER_BOUND ( 'NONE', #1386, .T. ) ;
#1418 = ORIENTED_EDGE ( 'NONE', *, *, #2020, .T. ) ;
#1419 = DIRECTION ( 'NONE',  ( 1.000000000000000000, 0.000000000000000000, 0.000000000000000000 ) ) ;
#1420 = ADVANCED_FACE ( 'NONE', ( #603 ), #276, .F. ) ;
#1421 = CARTESIAN_POINT ( 'NONE',  ( 12.44550394349759870, 26.48044654559283373, -4.620000000000087148 ) ) ;
#1422 = CARTESIAN_POINT ( 'NONE',  ( 37.37389029992442602, 46.43475375213438383, -4.620000000000000995 ) ) ;
#1423 = CARTESIAN_POINT ( 'NONE',  ( 53.03926405524381948, 62.96549387242284013, -3.620000000000370921 ) ) ;
#1424 = VECTOR ( 'NONE', #504, 1000.000000000000000 ) ;
#1425 = CARTESIAN_POINT ( 'NONE',  ( 11.44550394349755962, 26.48044654559283373, -4.620000000000080931 ) ) ;
#1426 = AXIS2_PLACEMENT_3D ( 'NONE', #677, #1325, #1217 ) ;
#1427 = ORIENTED_EDGE ( 'NONE', *, *, #461, .T. ) ;
#1428 = FACE_OUTER_BOUND ( 'NONE', #1966, .T. ) ;
#1429 = AXIS2_PLACEMENT_3D ( 'NONE', #146, #172, #155 ) ;
#1430 = VECTOR ( 'NONE', #1902, 1000.000000000000000 ) ;
#1431 = EDGE_CURVE ( 'NONE', #232, #1910, #121, .T. ) ;
#1432 = LINE ( 'NONE', #796, #1954 ) ;
#1433 = LINE ( 'NONE', #148, #57 ) ;
#1434 = ORIENTED_EDGE ( 'NONE', *, *, #390, .F. ) ;
#1435 = DIRECTION ( 'NONE',  ( -6.982962677686266711E-15, 0.000000000000000000, -1.000000000000000000 ) ) ;
#1436 = ORIENTED_EDGE ( 'NONE', *, *, #1438, .T. ) ;
#1437 = ORIENTED_EDGE ( 'NONE', *, *, #1915, .T. ) ;
#1438 = EDGE_CURVE ( 'NONE', #16, #1334, #1533, .T. ) ;
#1439 = LINE ( 'NONE', #834, #85 ) ;
#1440 = CARTESIAN_POINT ( 'NONE',  ( 0.009611525389867146482, 47.31959426025974835, -19.15000000000000213 ) ) ;
#1441 = EDGE_LOOP ( 'NONE', ( #149, #658, #238, #414 ) ) ;
#1442 = FACE_OUTER_BOUND ( 'NONE', #1285, .T. ) ;
#1443 = EDGE_CURVE ( 'NONE', #1473, #43, #216, .T. ) ;
#1444 = VERTEX_POINT ( 'NONE', #2035 ) ;
#1445 = DIRECTION ( 'NONE',  ( 0.000000000000000000, -0.000000000000000000, 1.000000000000000000 ) ) ;
#1446 = ORIENTED_EDGE ( 'NONE', *, *, #569, .F. ) ;
#1447 = FILL_AREA_STYLE ('',( #1899 ) ) ;
#1448 = DIRECTION ( 'NONE',  ( -1.000000000000000000, 0.000000000000000000, -0.000000000000000000 ) ) ;
#1449 = CARTESIAN_POINT ( 'NONE',  ( 26.44550394349756672, 26.48044654559283373, -4.620000000000000995 ) ) ;
#1450 = ORIENTED_EDGE ( 'NONE', *, *, #521, .F. ) ;
#1451 = DIRECTION ( 'NONE',  ( -0.000000000000000000, -0.000000000000000000, 1.000000000000000000 ) ) ;
#1452 = VECTOR ( 'NONE', #2058, 1000.000000000000000 ) ;
#1453 = EDGE_CURVE ( 'NONE', #675, #1750, #74, .T. ) ;
#1454 = VECTOR ( 'NONE', #301, 1000.000000000000000 ) ;
#1455 = EDGE_LOOP ( 'NONE', ( #1578, #1375, #574, #342 ) ) ;
#1456 = FACE_OUTER_BOUND ( 'NONE', #1441, .T. ) ;
#1457 = AXIS2_PLACEMENT_3D ( 'NONE', #150, #1579, #144 ) ;
#1458 = CARTESIAN_POINT ( 'NONE',  ( 57.65800094604500003, 7.009382860174999230, -1.620000000000402895 ) ) ;
#1459 = AXIS2_PLACEMENT_3D ( 'NONE', #738, #596, #1246 ) ;
#1460 = VERTEX_POINT ( 'NONE', #1836 ) ;
#1461 = CARTESIAN_POINT ( 'NONE',  ( 15.83239992871045665, 0.002279253074212111464, -3.620000000000000551 ) ) ;
#1462 = CARTESIAN_POINT ( 'NONE',  ( 5.132437688989100799, 47.31959426025974835, -19.15000000000000213 ) ) ;
#1463 = DIRECTION ( 'NONE',  ( 0.000000000000000000, 0.000000000000000000, -1.000000000000000000 ) ) ;
#1464 = DIRECTION ( 'NONE',  ( -1.000000000000000000, 0.000000000000000000, 6.986492934152173240E-15 ) ) ;
#1465 = VERTEX_POINT ( 'NONE', #396 ) ;
#1466 = EDGE_LOOP ( 'NONE', ( #1389, #1669, #813 ) ) ;
#1467 = EDGE_CURVE ( 'NONE', #2048, #725, #895, .T. ) ;
#1468 = ADVANCED_FACE ( 'NONE', ( #254 ), #1645, .T. ) ;
#1469 = DIRECTION ( 'NONE',  ( 1.000000000000000000, 0.000000000000000000, -6.982962677686267499E-15 ) ) ;
#1470 = DIRECTION ( 'NONE',  ( -0.000000000000000000, -0.000000000000000000, 1.000000000000000000 ) ) ;
#1471 = LINE ( 'NONE', #1143, #2023 ) ;
#1472 = DIRECTION ( 'NONE',  ( -6.982962677686266711E-15, 0.000000000000000000, -1.000000000000000000 ) ) ;
#1473 = VERTEX_POINT ( 'NONE', #194 ) ;
#1474 = ORIENTED_EDGE ( 'NONE', *, *, #1279, .T. ) ;
#1475 = FACE_OUTER_BOUND ( 'NONE', #692, .T. ) ;
#1476 = EDGE_LOOP ( 'NONE', ( #284, #736, #829, #870 ) ) ;
#1477 = CARTESIAN_POINT ( 'NONE',  ( 42.15757000822213030, 47.99356986567008931, -3.620000000000000551 ) ) ;
#1478 = EDGE_CURVE ( 'NONE', #1179, #701, #685, .T. ) ;
#1479 = SURFACE_SIDE_STYLE ('',( #1635 ) ) ;
#1480 = CARTESIAN_POINT ( 'NONE',  ( 39.19403284612557314, 47.32517565625202138, -3.620000000000274110 ) ) ;
#1481 = ORIENTED_EDGE ( 'NONE', *, *, #1211, .T. ) ;
#1482 = LINE ( 'NONE', #531, #827 ) ;
#1483 = ORIENTED_EDGE ( 'NONE', *, *, #1787, .F. ) ;
#1484 = CARTESIAN_POINT ( 'NONE',  ( 26.44550394349756672, 26.48044654559283373, -3.620000000000000551 ) ) ;
#1485 = CIRCLE ( 'NONE', #584, 1.199999999999999734 ) ;
#1486 = ORIENTED_EDGE ( 'NONE', *, *, #1787, .T. ) ;
#1487 = AXIS2_PLACEMENT_3D ( 'NONE', #1504, #529, #1655 ) ;
#1488 = AXIS2_PLACEMENT_3D ( 'NONE', #801, #1739, #1293 ) ;
#1489 = AXIS2_PLACEMENT_3D ( 'NONE', #1283, #1956, #830 ) ;
#1490 = FACE_OUTER_BOUND ( 'NONE', #1268, .T. ) ;
#1491 = EDGE_CURVE ( 'NONE', #690, #207, #1494, .T. ) ;
#1492 = DIRECTION ( 'NONE',  ( 0.000000000000000000, -0.000000000000000000, 1.000000000000000000 ) ) ;
#1493 = AXIS2_PLACEMENT_3D ( 'NONE', #1874, #1710, #1082 ) ;
#1494 = LINE ( 'NONE', #836, #382 ) ;
#1495 = EDGE_LOOP ( 'NONE', ( #798, #564, #392, #1135, #1373, #1545, #1350, #1103 ) ) ;
#1496 = EDGE_CURVE ( 'NONE', #670, #1323, #1301, .T. ) ;
#1497 = ORIENTED_EDGE ( 'NONE', *, *, #816, .T. ) ;
#1498 = LINE ( 'NONE', #1342, #1330 ) ;
#1499 = DIRECTION ( 'NONE',  ( -6.982962677686266711E-15, 0.000000000000000000, -1.000000000000000000 ) ) ;
#1500 = EDGE_LOOP ( 'NONE', ( #1007, #2006, #1770, #82, #283, #222 ) ) ;
#1501 = CARTESIAN_POINT ( 'NONE',  ( 0.009611525389867146482, 47.31959426025974835, -19.15000000000000213 ) ) ;
#1502 = LINE ( 'NONE', #1994, #49 ) ;
#1503 = ADVANCED_FACE ( 'NONE', ( #1801 ), #1831, .F. ) ;
#1504 = CARTESIAN_POINT ( 'NONE',  ( 44.65757000822213030, 47.99356986567008931, -3.620000000000000551 ) ) ;
#1505 = ORIENTED_EDGE ( 'NONE', *, *, #167, .T. ) ;
#1506 = EDGE_LOOP ( 'NONE', ( #1036, #1352, #4, #1450 ) ) ;
#1507 = EDGE_CURVE ( 'NONE', #1777, #508, #1676, .T. ) ;
#1508 = DIRECTION ( 'NONE',  ( 0.000000000000000000, -0.000000000000000000, 1.000000000000000000 ) ) ;
#1509 = EDGE_LOOP ( 'NONE', ( #1225, #1817 ) ) ;
#1510 = LINE ( 'NONE', #1838, #485 ) ;
#1511 = CARTESIAN_POINT ( 'NONE',  ( 44.65757000822213030, 47.99356986567008931, -19.15000000000000213 ) ) ;
#1512 = CARTESIAN_POINT ( 'NONE',  ( 26.44550394349759870, 26.48044654559283373, -4.620000000000184848 ) ) ;
#1513 = FACE_OUTER_BOUND ( 'NONE', #815, .T. ) ;
#1514 = VERTEX_POINT ( 'NONE', #696 ) ;
#1515 = DIRECTION ( 'NONE',  ( 0.000000000000000000, 1.000000000000000000, 0.000000000000000000 ) ) ;
#1516 = ORIENTED_EDGE ( 'NONE', *, *, #1222, .F. ) ;
#1517 = EDGE_CURVE ( 'NONE', #14, #1444, #1628, .T. ) ;
#1518 = PLANE ( 'NONE',  #956 ) ;
#1519 = ORIENTED_EDGE ( 'NONE', *, *, #949, .T. ) ;
#1520 = VECTOR ( 'NONE', #67, 1000.000000000000114 ) ;
#1521 = LINE ( 'NONE', #1041, #1396 ) ;
#1522 = VECTOR ( 'NONE', #1405, 1000.000000000000000 ) ;
#1523 = FACE_OUTER_BOUND ( 'NONE', #19, .T. ) ;
#1524 = VECTOR ( 'NONE', #1152, 1000.000000000000000 ) ;
#1525 = VECTOR ( 'NONE', #807, 1000.000000000000000 ) ;
#1526 = CARTESIAN_POINT ( 'NONE',  ( 42.15757000822213030, 47.99356986567008931, -19.15000000000000213 ) ) ;
#1527 = AXIS2_PLACEMENT_3D ( 'NONE', #871, #113, #1558 ) ;
#1528 = ORIENTED_EDGE ( 'NONE', *, *, #1453, .F. ) ;
#1529 = VECTOR ( 'NONE', #1089, 1000.000000000000000 ) ;
#1530 = LINE ( 'NONE', #98, #259 ) ;
#1531 = VERTEX_POINT ( 'NONE', #506 ) ;
#1532 = LINE ( 'NONE', #1205, #1063 ) ;
#1533 = LINE ( 'NONE', #404, #1020 ) ;
#1534 = ADVANCED_FACE ( 'NONE', ( #236 ), #540, .F. ) ;
#1535 = VERTEX_POINT ( 'NONE', #1011 ) ;
#1536 = SURFACE_STYLE_FILL_AREA ( #897 ) ;
#1537 = PLANE ( 'NONE',  #220 ) ;
#1538 = EDGE_CURVE ( 'NONE', #725, #439, #866, .T. ) ;
#1539 = DIRECTION ( 'NONE',  ( -0.000000000000000000, -0.000000000000000000, -1.000000000000000000 ) ) ;
#1540 = DIRECTION ( 'NONE',  ( 0.000000000000000000, 0.000000000000000000, -1.000000000000000000 ) ) ;
#1541 = PLANE ( 'NONE',  #1493 ) ;
#1542 = ORIENTED_EDGE ( 'NONE', *, *, #1320, .F. ) ;
#1543 = PLANE ( 'NONE',  #1400 ) ;
#1544 = CARTESIAN_POINT ( 'NONE',  ( 44.65757000822213030, 47.99356986567008931, -19.15000000000000213 ) ) ;
#1545 = ORIENTED_EDGE ( 'NONE', *, *, #390, .T. ) ;
#1546 = LINE ( 'NONE', #102, #1958 ) ;
#1547 = FACE_OUTER_BOUND ( 'NONE', #331, .T. ) ;
#1548 = EDGE_CURVE ( 'NONE', #1847, #1737, #1892, .T. ) ;
#1549 = CARTESIAN_POINT ( 'NONE',  ( 0.009611525389867146482, 47.31959426025974835, -19.15000000000000213 ) ) ;
#1550 = ORIENTED_EDGE ( 'NONE', *, *, #1139, .T. ) ;
#1551 = CARTESIAN_POINT ( 'NONE',  ( -1.780569134246946100E-15, 62.86500167846699583, -1.620000000000000107 ) ) ;
#1552 = VERTEX_POINT ( 'NONE', #1022 ) ;
#1553 = DIRECTION ( 'NONE',  ( -1.000000000000000000, 0.000000000000000000, -0.000000000000000000 ) ) ;
#1554 = CARTESIAN_POINT ( 'NONE',  ( 7.099999999999974776, -4.440834923776686496E-16, -3.620000000000049845 ) ) ;
#1555 = ORIENTED_EDGE ( 'NONE', *, *, #1650, .T. ) ;
#1556 = DIRECTION ( 'NONE',  ( 1.000000000000000000, 0.000000000000000000, -6.996718019773104855E-15 ) ) ;
#1557 = ADVANCED_BREP_SHAPE_REPRESENTATION ( 'cubit3_support2', ( #1806, #1067, #363, #351, #420, #1815 ), #443 ) ;
#1558 = DIRECTION ( 'NONE',  ( 1.000000000000000000, 0.000000000000000000, 0.000000000000000000 ) ) ;
#1559 = AXIS2_PLACEMENT_3D ( 'NONE', #1820, #378, #1666 ) ;
#1560 = CARTESIAN_POINT ( 'NONE',  ( 53.65799453466048163, 47.24524257867325616, -3.620000000000374918 ) ) ;
#1561 = EDGE_CURVE ( 'NONE', #305, #1460, #1331, .T. ) ;
#1562 = DIRECTION ( 'NONE',  ( 6.982962677686266711E-15, -0.000000000000000000, 1.000000000000000000 ) ) ;
#1563 = DIRECTION ( 'NONE',  ( 6.982962677686266711E-15, -0.000000000000000000, 1.000000000000000000 ) ) ;
#1564 = AXIS2_PLACEMENT_3D ( 'NONE', #214, #517, #1200 ) ;
#1565 = VECTOR ( 'NONE', #1096, 1000.000000000000000 ) ;
#1566 = VECTOR ( 'NONE', #693, 1000.000000000000000 ) ;
#1567 = VECTOR ( 'NONE', #937, 1000.000000000000000 ) ;
#1568 = CARTESIAN_POINT ( 'NONE',  ( 39.19403284612557314, 55.22990032368964108, -3.620000000000274110 ) ) ;
#1569 = ADVANCED_FACE ( 'NONE', ( #674 ), #47, .F. ) ;
#1570 = ORIENTED_EDGE ( 'NONE', *, *, #681, .T. ) ;
#1571 = CARTESIAN_POINT ( 'NONE',  ( 8.547957550365225643, 3.202279253074213017, -3.620000000000000551 ) ) ;
#1572 = FACE_OUTER_BOUND ( 'NONE', #982, .T. ) ;
#1573 = DIRECTION ( 'NONE',  ( 1.000000000000000000, 0.000000000000000000, -7.016027106946495614E-15 ) ) ;
#1574 = CARTESIAN_POINT ( 'NONE',  ( 50.56307252490198323, 2.300003861695681717, -19.15000000000000213 ) ) ;
#1575 = ADVANCED_FACE ( 'NONE', ( #1980 ), #1347, .F. ) ;
#1576 = CARTESIAN_POINT ( 'NONE',  ( 50.62149591710083030, 67.45340555442437847, -1.620000000000000107 ) ) ;
#1577 = EDGE_CURVE ( 'NONE', #618, #1802, #686, .T. ) ;
#1578 = ORIENTED_EDGE ( 'NONE', *, *, #1478, .T. ) ;
#1579 = DIRECTION ( 'NONE',  ( 1.000000000000000000, -0.000000000000000000, 0.000000000000000000 ) ) ;
#1580 = ORIENTED_EDGE ( 'NONE', *, *, #1561, .T. ) ;
#1581 = LINE ( 'NONE', #1421, #1359 ) ;
#1582 = CARTESIAN_POINT ( 'NONE',  ( 42.15757000822213030, 47.99356986567008931, -19.15000000000000213 ) ) ;
#1583 = CARTESIAN_POINT ( 'NONE',  ( 53.03926405524381948, 62.96549387242284013, -1.620000000000370477 ) ) ;
#1584 = ORIENTED_EDGE ( 'NONE', *, *, #1031, .F. ) ;
#1585 = LINE ( 'NONE', #860, #1632 ) ;
#1586 = ORIENTED_EDGE ( 'NONE', *, *, #1927, .T. ) ;
#1587 = ADVANCED_FACE ( 'NONE', ( #668 ), #1168, .T. ) ;
#1588 = DIRECTION ( 'NONE',  ( 1.000000000000000000, 0.000000000000000000, -6.982962677686266711E-15 ) ) ;
#1589 = PRESENTATION_STYLE_ASSIGNMENT (( #307 ) ) ;
#1590 = DIRECTION ( 'NONE',  ( 0.000000000000000000, 0.000000000000000000, -1.000000000000000000 ) ) ;
#1591 = CARTESIAN_POINT ( 'NONE',  ( 15.83239992871045665, 0.002279253074212111464, -19.15000000000000213 ) ) ;
#1592 = VECTOR ( 'NONE', #330, 1000.000000000000000 ) ;
#1593 = AXIS2_PLACEMENT_3D ( 'NONE', #739, #703, #1220 ) ;
#1594 = EDGE_LOOP ( 'NONE', ( #462, #780, #324, #896 ) ) ;
#1595 = DIRECTION ( 'NONE',  ( -1.000000000000000000, 0.000000000000000000, 6.982962677686267499E-15 ) ) ;
#1596 = VECTOR ( 'NONE', #1841, 1000.000000000000000 ) ;
#1597 = EDGE_LOOP ( 'NONE', ( #322, #1978, #1055, #1308 ) ) ;
#1598 = SURFACE_STYLE_USAGE ( .BOTH. , #1936 ) ;
#1599 = CIRCLE ( 'NONE', #595, 4.000000000000000000 ) ;
#1600 = ADVANCED_FACE ( 'NONE', ( #1785 ), #349, .T. ) ;
#1601 = ORIENTED_EDGE ( 'NONE', *, *, #1287, .F. ) ;
#1602 =( NAMED_UNIT ( * ) SI_UNIT ( $, .STERADIAN. ) SOLID_ANGLE_UNIT ( ) );
#1603 = ADVANCED_FACE ( 'NONE', ( #79 ), #765, .F. ) ;
#1604 = CARTESIAN_POINT ( 'NONE',  ( -0.2912848471975051368, 8.165095992267279001, -3.619999999999998330 ) ) ;
#1605 = DIRECTION ( 'NONE',  ( -1.000000000000000000, 0.000000000000000000, 6.986492934152173240E-15 ) ) ;
#1606 = VERTEX_POINT ( 'NONE', #1383 ) ;
#1607 = LINE ( 'NONE', #493, #1764 ) ;
#1608 = EDGE_LOOP ( 'NONE', ( #541, #519, #1060, #850 ) ) ;
#1609 =( LENGTH_UNIT ( ) NAMED_UNIT ( * ) SI_UNIT ( .MILLI., .METRE. ) );
#1610 = ORIENTED_EDGE ( 'NONE', *, *, #1993, .T. ) ;
#1611 = PLANE ( 'NONE',  #1429 ) ;
#1612 = DIRECTION ( 'NONE',  ( 0.000000000000000000, -0.000000000000000000, 1.000000000000000000 ) ) ;
#1613 = EDGE_CURVE ( 'NONE', #1531, #618, #445, .T. ) ;
#1614 = ORIENTED_EDGE ( 'NONE', *, *, #44, .T. ) ;
#1615 = CARTESIAN_POINT ( 'NONE',  ( 57.65799453466048874, 55.24524257867325616, -3.620000000000402895 ) ) ;
#1616 = VERTEX_POINT ( 'NONE', #730 ) ;
#1617 = CARTESIAN_POINT ( 'NONE',  ( 2.648079613250045483, 26.48044654559283728, -4.620000000000000995 ) ) ;
#1618 = DIRECTION ( 'NONE',  ( 0.000000000000000000, 1.000000000000000000, 0.000000000000000000 ) ) ;
#1619 = CYLINDRICAL_SURFACE ( 'NONE', #684, 4.000000000000000000 ) ;
#1620 = CARTESIAN_POINT ( 'NONE',  ( 50.62149591710081609, 70.00199890136700276, -3.620000000000354046 ) ) ;
#1621 = ADVANCED_FACE ( 'NONE', ( #280 ), #1256, .F. ) ;
#1622 = ORIENTED_EDGE ( 'NONE', *, *, #728, .F. ) ;
#1623 = AXIS2_PLACEMENT_3D ( 'NONE', #1032, #1675, #1019 ) ;
#1624 = VECTOR ( 'NONE', #438, 1000.000000000000000 ) ;
#1625 = VERTEX_POINT ( 'NONE', #2038 ) ;
#1626 = ADVANCED_FACE ( 'NONE', ( #571 ), #1851, .T. ) ;
#1627 = DIRECTION ( 'NONE',  ( 0.000000000000000000, -0.000000000000000000, 1.000000000000000000 ) ) ;
#1628 = CIRCLE ( 'NONE', #1235, 23.79742433024752302 ) ;
#1629 = CARTESIAN_POINT ( 'NONE',  ( 51.95680169305947516, 64.04795623460721288, -2.819999999999999396 ) ) ;
#1630 = VECTOR ( 'NONE', #749, 1000.000000000000000 ) ;
#1631 = VERTEX_POINT ( 'NONE', #1560 ) ;
#1632 = VECTOR ( 'NONE', #196, 1000.000000000000000 ) ;
#1633 = CARTESIAN_POINT ( 'NONE',  ( 5.132437688989099911, 41.44666507051483251, -19.15000000000000213 ) ) ;
#1634 = CARTESIAN_POINT ( 'NONE',  ( 26.44550394349756672, 26.48044654559283373, -4.620000000000000995 ) ) ;
#1635 = SURFACE_STYLE_FILL_AREA ( #844 ) ;
#1636 = DIRECTION ( 'NONE',  ( -0.000000000000000000, -0.000000000000000000, -1.000000000000000000 ) ) ;
#1637 = ORIENTED_EDGE ( 'NONE', *, *, #1047, .F. ) ;
#1638 = ORIENTED_EDGE ( 'NONE', *, *, #145, .F. ) ;
#1639 = ADVANCED_FACE ( 'NONE', ( #261 ), #1727, .T. ) ;
#1640 = DIRECTION ( 'NONE',  ( -1.000000000000000000, 0.000000000000000000, 0.000000000000000000 ) ) ;
#1641 = VERTEX_POINT ( 'NONE', #873 ) ;
#1642 = CARTESIAN_POINT ( 'NONE',  ( 8.547957550365225643, 8.165095992267279001, -3.620000000000060059 ) ) ;
#1643 = PLANE ( 'NONE',  #1726 ) ;
#1644 = DIRECTION ( 'NONE',  ( -1.000000000000000000, -0.000000000000000000, 6.973922313453562744E-15 ) ) ;
#1645 = PLANE ( 'NONE',  #1126 ) ;
#1646 = ORIENTED_EDGE ( 'NONE', *, *, #461, .F. ) ;
#1647 = PRODUCT_DEFINITION_CONTEXT ( 'detailed design', #1797, 'design' ) ;
#1648 = VERTEX_POINT ( 'NONE', #1526 ) ;
#1649 = PLANE ( 'NONE',  #925 ) ;
#1650 = EDGE_CURVE ( 'NONE', #1029, #1822, #21, .T. ) ;
#1651 = ORIENTED_EDGE ( 'NONE', *, *, #767, .F. ) ;
#1652 = DIRECTION ( 'NONE',  ( -6.982962677686266711E-15, 0.000000000000000000, -1.000000000000000000 ) ) ;
#1653 = ADVANCED_FACE ( 'NONE', ( #1513 ), #713, .T. ) ;
#1654 = DIRECTION ( 'NONE',  ( -0.000000000000000000, -0.000000000000000000, 1.000000000000000000 ) ) ;
#1655 = DIRECTION ( 'NONE',  ( -1.000000000000000000, 0.000000000000000000, 0.000000000000000000 ) ) ;
#1656 = ORIENTED_EDGE ( 'NONE', *, *, #1613, .F. ) ;
#1657 = DIRECTION ( 'NONE',  ( -0.000000000000000000, -0.000000000000000000, 1.000000000000000000 ) ) ;
#1658 = VECTOR ( 'NONE', #64, 1000.000000000000000 ) ;
#1659 = CARTESIAN_POINT ( 'NONE',  ( 51.28695566068589073, 65.04359989220434102, -1.620000000000000107 ) ) ;
#1660 = VERTEX_POINT ( 'NONE', #561 ) ;
#1661 = VECTOR ( 'NONE', #1132, 1000.000000000000000 ) ;
#1662 = VECTOR ( 'NONE', #667, 1000.000000000000000 ) ;
#1663 = EDGE_CURVE ( 'NONE', #891, #631, #1872, .T. ) ;
#1664 = VECTOR ( 'NONE', #1674, 1000.000000000000000 ) ;
#1665 = DIRECTION ( 'NONE',  ( 0.000000000000000000, -1.000000000000000000, 0.000000000000000000 ) ) ;
#1666 = DIRECTION ( 'NONE',  ( -1.000000000000000000, 0.000000000000000000, -0.000000000000000000 ) ) ;
#1667 = EDGE_CURVE ( 'NONE', #1660, #846, #1043, .T. ) ;
#1668 = DIRECTION ( 'NONE',  ( -1.000000000000000000, 0.000000000000000000, 7.000848313763543818E-15 ) ) ;
#1669 = ORIENTED_EDGE ( 'NONE', *, *, #535, .T. ) ;
#1670 = ORIENTED_EDGE ( 'NONE', *, *, #73, .F. ) ;
#1671 = CARTESIAN_POINT ( 'NONE',  ( 14.96444680327332399, 47.32517565625202138, -3.620000000000000551 ) ) ;
#1672 = FACE_OUTER_BOUND ( 'NONE', #1065, .T. ) ;
#1673 = ORIENTED_EDGE ( 'NONE', *, *, #1813, .F. ) ;
#1674 = DIRECTION ( 'NONE',  ( 6.982962677686266711E-15, -0.000000000000000000, 1.000000000000000000 ) ) ;
#1675 = DIRECTION ( 'NONE',  ( -0.000000000000000000, -0.000000000000000000, -1.000000000000000000 ) ) ;
#1676 = LINE ( 'NONE', #226, #855 ) ;
#1677 = ORIENTED_EDGE ( 'NONE', *, *, #724, .T. ) ;
#1678 = FACE_OUTER_BOUND ( 'NONE', #669, .T. ) ;
#1679 = ORIENTED_EDGE ( 'NONE', *, *, #611, .T. ) ;
#1680 = CARTESIAN_POINT ( 'NONE',  ( 0.009611525389866442184, 41.44666507051483251, -19.15000000000000213 ) ) ;
#1681 = FACE_BOUND ( 'NONE', #1466, .T. ) ;
#1682 = ORIENTED_EDGE ( 'NONE', *, *, #1264, .F. ) ;
#1683 = LINE ( 'NONE', #710, #1058 ) ;
#1684 =( LENGTH_UNIT ( ) NAMED_UNIT ( * ) SI_UNIT ( .MILLI., .METRE. ) );
#1685 = DIRECTION ( 'NONE',  ( -6.982962677686266711E-15, 0.000000000000000000, -1.000000000000000000 ) ) ;
#1686 = DIRECTION ( 'NONE',  ( -0.000000000000000000, -0.000000000000000000, 1.000000000000000000 ) ) ;
#1687 = VERTEX_POINT ( 'NONE', #1549 ) ;
#1688 = DIRECTION ( 'NONE',  ( 0.000000000000000000, 0.000000000000000000, 1.000000000000000000 ) ) ;
#1689 = ORIENTED_EDGE ( 'NONE', *, *, #1302, .F. ) ;
#1690 = DIRECTION ( 'NONE',  ( 0.000000000000000000, 0.000000000000000000, -1.000000000000000000 ) ) ;
#1691 = EDGE_CURVE ( 'NONE', #828, #1465, #1792, .T. ) ;
#1692 = CARTESIAN_POINT ( 'NONE',  ( 57.68023512905650563, 37.33853024090163331, -3.620000000000403340 ) ) ;
#1693 = ORIENTED_EDGE ( 'NONE', *, *, #640, .F. ) ;
#1694 = LINE ( 'NONE', #123, #257 ) ;
#1695 = VECTOR ( 'NONE', #563, 1000.000000000000000 ) ;
#1696 = CARTESIAN_POINT ( 'NONE',  ( 26.95491612274526005, 30.44787634732015746, -12.92000000000000171 ) ) ;
#1697 = DIRECTION ( 'NONE',  ( -6.982962677686266711E-15, 0.000000000000000000, -1.000000000000000000 ) ) ;
#1698 = AXIS2_PLACEMENT_3D ( 'NONE', #1221, #1087, #1699 ) ;
#1699 = DIRECTION ( 'NONE',  ( -0.000000000000000000, 0.000000000000000000, -1.000000000000000000 ) ) ;
#1700 = EDGE_LOOP ( 'NONE', ( #1486, #451, #1960, #210 ) ) ;
#1701 = AXIS2_PLACEMENT_3D ( 'NONE', #1484, #691, #1335 ) ;
#1702 = FACE_OUTER_BOUND ( 'NONE', #697, .T. ) ;
#1703 = VERTEX_POINT ( 'NONE', #2014 ) ;
#1704 = FACE_BOUND ( 'NONE', #806, .T. ) ;
#1705 = ORIENTED_EDGE ( 'NONE', *, *, #758, .T. ) ;
#1706 = ADVANCED_FACE ( 'NONE', ( #437 ), #581, .T. ) ;
#1707 = DIRECTION ( 'NONE',  ( -0.000000000000000000, -0.000000000000000000, 1.000000000000000000 ) ) ;
#1708 = DIRECTION ( 'NONE',  ( 1.000000000000000000, 0.000000000000000000, 0.000000000000000000 ) ) ;
#1709 = ORIENTED_EDGE ( 'NONE', *, *, #673, .F. ) ;
#1710 = DIRECTION ( 'NONE',  ( -0.000000000000000000, 1.000000000000000000, 0.000000000000000000 ) ) ;
#1711 = ORIENTED_EDGE ( 'NONE', *, *, #1765, .T. ) ;
#1712 = DIRECTION ( 'NONE',  ( 0.000000000000000000, 1.000000000000000000, 0.000000000000000000 ) ) ;
#1713 = DIRECTION ( 'NONE',  ( -1.000000000000000000, 0.000000000000000000, -0.000000000000000000 ) ) ;
#1714 = ORIENTED_EDGE ( 'NONE', *, *, #1005, .F. ) ;
#1715 = EDGE_CURVE ( 'NONE', #1070, #966, #271, .T. ) ;
#1716 = CARTESIAN_POINT ( 'NONE',  ( 50.56307252490198323, 2.300003861695681717, -3.620000000000000551 ) ) ;
#1717 = CARTESIAN_POINT ( 'NONE',  ( 26.44550394349760580, 26.48044654559283373, -3.620000000000185292 ) ) ;
#1718 = EDGE_CURVE ( 'NONE', #876, #1514, #115, .T. ) ;
#1719 = FACE_OUTER_BOUND ( 'NONE', #480, .T. ) ;
#1720 = ORIENTED_EDGE ( 'NONE', *, *, #167, .F. ) ;
#1721 = PRODUCT ( 'cubit3_support2', 'cubit3_support2', '', ( #1086 ) ) ;
#1722 = EDGE_LOOP ( 'NONE', ( #1974, #298, #1610, #410, #974, #1981 ) ) ;
#1723 =( LENGTH_UNIT ( ) NAMED_UNIT ( * ) SI_UNIT ( .MILLI., .METRE. ) );
#1724 = ADVANCED_FACE ( 'NONE', ( #597 ), #1247, .F. ) ;
#1725 = VECTOR ( 'NONE', #525, 1000.000000000000000 ) ;
#1726 = AXIS2_PLACEMENT_3D ( 'NONE', #1634, #1133, #398 ) ;
#1727 = CYLINDRICAL_SURFACE ( 'NONE', #1757, 2.500000000000002220 ) ;
#1728 = VERTEX_POINT ( 'NONE', #300 ) ;
#1729 = CYLINDRICAL_SURFACE ( 'NONE', #252, 22.75091216739172495 ) ;
#1730 = AXIS2_PLACEMENT_3D ( 'NONE', #857, #391, #32 ) ;
#1731 = AXIS2_PLACEMENT_3D ( 'NONE', #434, #406, #772 ) ;
#1732 = EDGE_CURVE ( 'NONE', #1179, #1631, #1099, .T. ) ;
#1733 = AXIS2_PLACEMENT_3D ( 'NONE', #579, #1859, #1356 ) ;
#1734 = VECTOR ( 'NONE', #639, 1000.000000000000000 ) ;
#1735 = VERTEX_POINT ( 'NONE', #1766 ) ;
#1736 = CARTESIAN_POINT ( 'NONE',  ( 57.65800094604498582, 7.009382860174999230, -3.620000000000402895 ) ) ;
#1737 = VERTEX_POINT ( 'NONE', #328 ) ;
#1738 = CARTESIAN_POINT ( 'NONE',  ( 26.95491612274526005, 22.51301674386550644, -12.92000000000000171 ) ) ;
#1739 = DIRECTION ( 'NONE',  ( 0.000000000000000000, 0.000000000000000000, -1.000000000000000000 ) ) ;
#1740 = CARTESIAN_POINT ( 'NONE',  ( 57.65800094604497872, 62.96549387242284013, -3.620000000000402895 ) ) ;
#1741 = DIRECTION ( 'NONE',  ( -0.000000000000000000, -0.000000000000000000, 1.000000000000000000 ) ) ;
#1742 = VERTEX_POINT ( 'NONE', #653 ) ;
#1743 = ADVANCED_FACE ( 'NONE', ( #1572 ), #1889, .T. ) ;
#1744 = LINE ( 'NONE', #1289, #1952 ) ;
#1745 = ORIENTED_EDGE ( 'NONE', *, *, #114, .F. ) ;
#1746 = DIRECTION ( 'NONE',  ( 0.000000000000000000, 0.000000000000000000, 1.000000000000000000 ) ) ;
#1747 = SURFACE_STYLE_FILL_AREA ( #1447 ) ;
#1748 = DIRECTION ( 'NONE',  ( 6.982962677686266711E-15, -0.000000000000000000, 1.000000000000000000 ) ) ;
#1749 = DIRECTION ( 'NONE',  ( -0.000000000000000000, 0.000000000000000000, -1.000000000000000000 ) ) ;
#1750 = VERTEX_POINT ( 'NONE', #137 ) ;
#1751 = CARTESIAN_POINT ( 'NONE',  ( 40.44550394349759159, 26.48044654559283373, -4.620000000000282547 ) ) ;
#1752 = EDGE_CURVE ( 'NONE', #1323, #650, #1581, .T. ) ;
#1753 = ORIENTED_EDGE ( 'NONE', *, *, #908, .F. ) ;
#1754 = EDGE_CURVE ( 'NONE', #891, #116, #292, .T. ) ;
#1755 = CARTESIAN_POINT ( 'NONE',  ( 25.93609176424992313, 30.48044654559283373, -3.620000000000000107 ) ) ;
#1756 = VECTOR ( 'NONE', #872, 1000.000000000000000 ) ;
#1757 = AXIS2_PLACEMENT_3D ( 'NONE', #1372, #1069, #130 ) ;
#1758 = VERTEX_POINT ( 'NONE', #773 ) ;
#1759 = VECTOR ( 'NONE', #255, 1000.000000000000000 ) ;
#1760 = DIRECTION ( 'NONE',  ( 1.000000000000000000, -9.719671122003211809E-18, -6.980939982220832180E-15 ) ) ;
#1761 = VECTOR ( 'NONE', #407, 1000.000000000000000 ) ;
#1762 = MECHANICAL_DESIGN_GEOMETRIC_PRESENTATION_REPRESENTATION (  '', ( #822 ), #718 ) ;
#1763 = ORIENTED_EDGE ( 'NONE', *, *, #13, .T. ) ;
#1764 = VECTOR ( 'NONE', #1451, 1000.000000000000000 ) ;
#1765 = EDGE_CURVE ( 'NONE', #101, #394, #2061, .T. ) ;
#1766 = CARTESIAN_POINT ( 'NONE',  ( 57.65800094604499293, 62.96549387242284013, -1.620000000000402895 ) ) ;
#1767 = CARTESIAN_POINT ( 'NONE',  ( 50.56307252490198323, 2.300003861695681717, -19.15000000000000213 ) ) ;
#1768 = ORIENTED_EDGE ( 'NONE', *, *, #2015, .F. ) ;
#1769 = CARTESIAN_POINT ( 'NONE',  ( 30.44550394349756672, 26.48044654559283373, -3.620000000000000551 ) ) ;
#1770 = ORIENTED_EDGE ( 'NONE', *, *, #228, .F. ) ;
#1771 = DIRECTION ( 'NONE',  ( 0.000000000000000000, 1.000000000000000000, 0.000000000000000000 ) ) ;
#1772 = ADVANCED_FACE ( 'NONE', ( #11 ), #1611, .F. ) ;
#1773 = CARTESIAN_POINT ( 'NONE',  ( 8.547957550365239854, -0.1464289385518881825, -1.620000000000059837 ) ) ;
#1774 = DIRECTION ( 'NONE',  ( -1.000000000000000000, 0.000000000000000000, 6.984120883479537083E-15 ) ) ;
#1775 = DIRECTION ( 'NONE',  ( -0.000000000000000000, -0.000000000000000000, 1.000000000000000000 ) ) ;
#1776 = ADVANCED_FACE ( 'NONE', ( #1140 ), #1931, .F. ) ;
#1777 = VERTEX_POINT ( 'NONE', #809 ) ;
#1778 = ORIENTED_EDGE ( 'NONE', *, *, #270, .T. ) ;
#1779 = CARTESIAN_POINT ( 'NONE',  ( 8.547957550365225643, 0.002279253074213003546, -3.620000000000000551 ) ) ;
#1780 = CARTESIAN_POINT ( 'NONE',  ( 50.62149591710083030, 70.00199890136700276, -1.620000000000353602 ) ) ;
#1781 = VERTEX_POINT ( 'NONE', #1276 ) ;
#1782 = CARTESIAN_POINT ( 'NONE',  ( 39.19403284612558735, 47.32517565625202138, -1.620000000000135998 ) ) ;
#1783 = DIRECTION ( 'NONE',  ( 0.7071067811865465735, -0.7071067811865485719, 0.000000000000000000 ) ) ;
#1784 = FACE_OUTER_BOUND ( 'NONE', #1123, .T. ) ;
#1785 = FACE_OUTER_BOUND ( 'NONE', #1476, .T. ) ;
#1786 = ORIENTED_EDGE ( 'NONE', *, *, #173, .T. ) ;
#1787 = EDGE_CURVE ( 'NONE', #646, #1988, #933, .T. ) ;
#1788 = CIRCLE ( 'NONE', #1016, 22.75091216739172495 ) ;
#1789 = AXIS2_PLACEMENT_3D ( 'NONE', #174, #810, #1448 ) ;
#1790 = VERTEX_POINT ( 'NONE', #2045 ) ;
#1791 = DIRECTION ( 'NONE',  ( -0.000000000000000000, 1.000000000000000000, 0.000000000000000000 ) ) ;
#1792 = CIRCLE ( 'NONE', #126, 13.99999999999999822 ) ;
#1793 = LINE ( 'NONE', #997, #1059 ) ;
#1794 = AXIS2_PLACEMENT_3D ( 'NONE', #1511, #1403, #1195 ) ;
#1795 = ORIENTED_EDGE ( 'NONE', *, *, #1047, .T. ) ;
#1796 = VECTOR ( 'NONE', #463, 1000.000000000000000 ) ;
#1797 = APPLICATION_CONTEXT ( 'automotive_design' ) ;
#1798 = CARTESIAN_POINT ( 'NONE',  ( 30.44550394349756672, 26.48044654559283373, -12.92000000000000171 ) ) ;
#1799 = CARTESIAN_POINT ( 'NONE',  ( 26.44550394349756672, 26.48044654559283373, -12.92000000000000171 ) ) ;
#1800 = LINE ( 'NONE', #1338, #553 ) ;
#1801 = FACE_OUTER_BOUND ( 'NONE', #397, .T. ) ;
#1802 = VERTEX_POINT ( 'NONE', #2055 ) ;
#1803 = EDGE_CURVE ( 'NONE', #122, #1832, #474, .T. ) ;
#1804 = ORIENTED_EDGE ( 'NONE', *, *, #2015, .T. ) ;
#1805 = FACE_OUTER_BOUND ( 'NONE', #1455, .T. ) ;
#1806 = MANIFOLD_SOLID_BREP ( 'Boss-Extrude3[1]', #347 ) ;
#1807 = LINE ( 'NONE', #1458, #1825 ) ;
#1808 = ORIENTED_EDGE ( 'NONE', *, *, #661, .F. ) ;
#1809 = LINE ( 'NONE', #538, #1273 ) ;
#1810 = DIRECTION ( 'NONE',  ( -0.000000000000000000, -0.000000000000000000, 1.000000000000000000 ) ) ;
#1811 = VERTEX_POINT ( 'NONE', #1642 ) ;
#1812 = ORIENTED_EDGE ( 'NONE', *, *, #1105, .F. ) ;
#1813 = EDGE_CURVE ( 'NONE', #207, #16, #1924, .T. ) ;
#1814 = CARTESIAN_POINT ( 'NONE',  ( 26.44550394349756672, 26.48044654559283373, -4.620000000000000995 ) ) ;
#1815 = AXIS2_PLACEMENT_3D ( 'NONE', #1115, #1746, #327 ) ;
#1816 = CARTESIAN_POINT ( 'NONE',  ( 57.65800094604497872, 62.96549387242284013, -3.620000000000402895 ) ) ;
#1817 = ORIENTED_EDGE ( 'NONE', *, *, #1548, .F. ) ;
#1818 = EDGE_CURVE ( 'NONE', #1811, #508, #1947, .T. ) ;
#1819 = DIRECTION ( 'NONE',  ( 0.5904187210017035614, -0.8070971031361173775, 0.000000000000000000 ) ) ;
#1820 = CARTESIAN_POINT ( 'NONE',  ( 0.000000000000000000, 0.000000000000000000, -19.15000000000000213 ) ) ;
#1821 = DIRECTION ( 'NONE',  ( 1.000000000000000000, 0.000000000000000000, 0.000000000000000000 ) ) ;
#1822 = VERTEX_POINT ( 'NONE', #1798 ) ;
#1823 = ORIENTED_EDGE ( 'NONE', *, *, #1878, .F. ) ;
#1824 = LINE ( 'NONE', #1779, #890 ) ;
#1825 = VECTOR ( 'NONE', #536, 1000.000000000000000 ) ;
#1826 = PLANE ( 'NONE',  #185 ) ;
#1827 = VECTOR ( 'NONE', #565, 1000.000000000000000 ) ;
#1828 = MECHANICAL_DESIGN_GEOMETRIC_PRESENTATION_REPRESENTATION (  '', ( #960 ), #624 ) ;
#1829 = AXIS2_PLACEMENT_3D ( 'NONE', #1440, #1119, #1920 ) ;
#1830 = FACE_OUTER_BOUND ( 'NONE', #936, .T. ) ;
#1831 = PLANE ( 'NONE',  #422 ) ;
#1832 = VERTEX_POINT ( 'NONE', #843 ) ;
#1833 = DIRECTION ( 'NONE',  ( -0.000000000000000000, -0.000000000000000000, 1.000000000000000000 ) ) ;
#1834 = ORIENTED_EDGE ( 'NONE', *, *, #1385, .T. ) ;
#1835 = CARTESIAN_POINT ( 'NONE',  ( 11.44550394349756495, 26.48044654559283373, -3.620000000000080043 ) ) ;
#1836 = CARTESIAN_POINT ( 'NONE',  ( 40.25574898611503016, 2.300003861695681717, -3.620000000000000551 ) ) ;
#1837 = ORIENTED_EDGE ( 'NONE', *, *, #44, .F. ) ;
#1838 = CARTESIAN_POINT ( 'NONE',  ( 50.62149591710081609, 70.00199890136700276, -3.620000000000354046 ) ) ;
#1839 = EDGE_CURVE ( 'NONE', #361, #364, #853, .T. ) ;
#1840 = CARTESIAN_POINT ( 'NONE',  ( 26.44550394349760580, 26.48044654559283373, -3.620000000000185292 ) ) ;
#1841 = DIRECTION ( 'NONE',  ( -0.000000000000000000, -1.000000000000000000, -0.000000000000000000 ) ) ;
#1842 = CARTESIAN_POINT ( 'NONE',  ( 0.009611525389867146482, 47.31959426025974835, -19.15000000000000213 ) ) ;
#1843 = ADVANCED_FACE ( 'NONE', ( #1490 ), #999, .F. ) ;
#1844 = ORIENTED_EDGE ( 'NONE', *, *, #1018, .F. ) ;
#1845 = CARTESIAN_POINT ( 'NONE',  ( 44.65757000822213030, 47.99356986567008931, -3.620000000000000551 ) ) ;
#1846 = PLANE ( 'NONE',  #889 ) ;
#1847 = VERTEX_POINT ( 'NONE', #1477 ) ;
#1848 = CARTESIAN_POINT ( 'NONE',  ( 50.38023512905651558, 37.33853024090163331, -1.620000000000352047 ) ) ;
#1849 = LINE ( 'NONE', #77, #893 ) ;
#1850 = CARTESIAN_POINT ( 'NONE',  ( 51.28695566068589784, 65.04359989220434102, -2.819999999999999840 ) ) ;
#1851 = PLANE ( 'NONE',  #1922 ) ;
#1852 = CARTESIAN_POINT ( 'NONE',  ( 57.65799453466048874, 47.24524257867325616, -3.620000000000402895 ) ) ;
#1853 = VERTEX_POINT ( 'NONE', #977 ) ;
#1854 = EDGE_CURVE ( 'NONE', #1444, #1070, #988, .T. ) ;
#1855 = LINE ( 'NONE', #231, #315 ) ;
#1856 = FILL_AREA_STYLE_COLOUR ( '', #1025 ) ;
#1857 = AXIS2_PLACEMENT_3D ( 'NONE', #1306, #528, #1942 ) ;
#1858 = VECTOR ( 'NONE', #86, 1000.000000000000000 ) ;
#1859 = DIRECTION ( 'NONE',  ( 0.000000000000000000, 0.000000000000000000, -1.000000000000000000 ) ) ;
#1860 = VECTOR ( 'NONE', #1163, 1000.000000000000000 ) ;
#1861 = CARTESIAN_POINT ( 'NONE',  ( 53.65799453466049584, 47.24524257867325616, -1.620000000000374918 ) ) ;
#1862 = DIRECTION ( 'NONE',  ( 0.000000000000000000, -0.000000000000000000, 1.000000000000000000 ) ) ;
#1863 = ORIENTED_EDGE ( 'NONE', *, *, #767, .T. ) ;
#1864 = VECTOR ( 'NONE', #476, 1000.000000000000000 ) ;
#1865 = VERTEX_POINT ( 'NONE', #1148 ) ;
#1866 = DIRECTION ( 'NONE',  ( -1.000000000000000000, 0.000000000000000000, 6.982962677686268288E-15 ) ) ;
#1867 = ADVANCED_FACE ( 'NONE', ( #527 ), #45, .F. ) ;
#1868 = VERTEX_POINT ( 'NONE', #1782 ) ;
#1869 = CARTESIAN_POINT ( 'NONE',  ( 15.83239992871045665, 0.002279253074212111464, -19.15000000000000213 ) ) ;
#1870 = EDGE_CURVE ( 'NONE', #591, #1687, #1328, .T. ) ;
#1871 = DIRECTION ( 'NONE',  ( -6.982962677686268288E-15, -0.000000000000000000, -1.000000000000000000 ) ) ;
#1872 = LINE ( 'NONE', #1212, #1596 ) ;
#1873 = CARTESIAN_POINT ( 'NONE',  ( 40.25574898611503016, 3.861695681501021384E-06, -3.620000000000000551 ) ) ;
#1874 = CARTESIAN_POINT ( 'NONE',  ( -0.2912848471974672782, 8.165095992267279001, 1.801000174846039137 ) ) ;
#1875 = VERTEX_POINT ( 'NONE', #343 ) ;
#1876 = DIRECTION ( 'NONE',  ( -1.000000000000000000, 1.224425490838177908E-16, 0.000000000000000000 ) ) ;
#1877 = DIRECTION ( 'NONE',  ( -1.000000000000000000, 0.000000000000000000, 6.982962677686266711E-15 ) ) ;
#1878 = EDGE_CURVE ( 'NONE', #1777, #1879, #37, .T. ) ;
#1879 = VERTEX_POINT ( 'NONE', #191 ) ;
#1880 = CARTESIAN_POINT ( 'NONE',  ( 26.44550394349759870, 26.48044654559283373, -4.620000000000184848 ) ) ;
#1881 = EDGE_CURVE ( 'NONE', #232, #526, #1162, .T. ) ;
#1882 = DIRECTION ( 'NONE',  ( 0.000000000000000000, 1.000000000000000000, 0.000000000000000000 ) ) ;
#1883 = CARTESIAN_POINT ( 'NONE',  ( 8.547957550365225643, 3.202279253074213017, -3.620000000000000551 ) ) ;
#1884 = DIRECTION ( 'NONE',  ( -0.000000000000000000, -0.000000000000000000, 1.000000000000000000 ) ) ;
#1885 = ORIENTED_EDGE ( 'NONE', *, *, #751, .T. ) ;
#1886 = CARTESIAN_POINT ( 'NONE',  ( 57.65799453466050295, 55.24524257867325616, -1.620000000000402451 ) ) ;
#1887 = DIRECTION ( 'NONE',  ( 6.982962677686266711E-15, -0.000000000000000000, 1.000000000000000000 ) ) ;
#1888 = VECTOR ( 'NONE', #105, 1000.000000000000000 ) ;
#1889 = PLANE ( 'NONE',  #1198 ) ;
#1890 = CARTESIAN_POINT ( 'NONE',  ( 47.15757000822213740, 47.99356986567008931, -19.15000000000000213 ) ) ;
#1891 = CARTESIAN_POINT ( 'NONE',  ( 15.58767194855985316, 46.47323246497084170, -3.620000000000000551 ) ) ;
#1892 = CIRCLE ( 'NONE', #1487, 2.500000000000002220 ) ;
#1893 = AXIS2_PLACEMENT_3D ( 'NONE', #662, #1146, #1309 ) ;
#1894 = VECTOR ( 'NONE', #1871, 1000.000000000000000 ) ;
#1895 = VECTOR ( 'NONE', #2017, 1000.000000000000000 ) ;
#1896 = CARTESIAN_POINT ( 'NONE',  ( 39.19403284612558735, 55.22990032368964108, -1.620000000000274110 ) ) ;
#1897 = FACE_OUTER_BOUND ( 'NONE', #847, .T. ) ;
#1898 = VERTEX_POINT ( 'NONE', #823 ) ;
#1899 = FILL_AREA_STYLE_COLOUR ( '', #24 ) ;
#1900 = EDGE_CURVE ( 'NONE', #903, #1735, #1809, .T. ) ;
#1901 = CARTESIAN_POINT ( 'NONE',  ( 12.44550394349760403, 26.48044654559283373, -3.620000000000087148 ) ) ;
#1902 = DIRECTION ( 'NONE',  ( -0.000000000000000000, 1.000000000000000000, -0.000000000000000000 ) ) ;
#1903 = ORIENTED_EDGE ( 'NONE', *, *, #851, .T. ) ;
#1904 = CARTESIAN_POINT ( 'NONE',  ( 50.38023512905650136, 37.33853024090163331, -3.620000000000352269 ) ) ;
#1905 = ADVANCED_FACE ( 'NONE', ( #1176 ), #66, .F. ) ;
#1906 = EDGE_LOOP ( 'NONE', ( #1689, #274, #687, #880 ) ) ;
#1907 = PRESENTATION_STYLE_ASSIGNMENT (( #1598 ) ) ;
#1908 = ORIENTED_EDGE ( 'NONE', *, *, #1291, .F. ) ;
#1909 = SURFACE_SIDE_STYLE ('',( #1747 ) ) ;
#1910 = VERTEX_POINT ( 'NONE', #1633 ) ;
#1911 = DIRECTION ( 'NONE',  ( 0.000000000000000000, 1.000000000000000000, 0.000000000000000000 ) ) ;
#1912 = PRODUCT_DEFINITION_FORMATION_WITH_SPECIFIED_SOURCE ( 'ANY', '', #1721, .NOT_KNOWN. ) ;
#1913 = VERTEX_POINT ( 'NONE', #1009 ) ;
#1914 = DIRECTION ( 'NONE',  ( 1.000000000000000000, 0.000000000000000000, 0.000000000000000000 ) ) ;
#1915 = EDGE_CURVE ( 'NONE', #1687, #1988, #211, .T. ) ;
#1916 = EDGE_LOOP ( 'NONE', ( #1497, #973, #1013, #56 ) ) ;
#1917 = ORIENTED_EDGE ( 'NONE', *, *, #142, .F. ) ;
#1918 = CARTESIAN_POINT ( 'NONE',  ( 0.009611525389867146482, 47.31959426025974835, -3.620000000000000551 ) ) ;
#1919 = CARTESIAN_POINT ( 'NONE',  ( 50.08695566068589500, 65.04359989220434102, 1.801000174845634572 ) ) ;
#1920 = DIRECTION ( 'NONE',  ( 0.000000000000000000, -0.000000000000000000, -1.000000000000000000 ) ) ;
#1921 = CIRCLE ( 'NONE', #1857, 15.00000000000003730 ) ;
#1922 = AXIS2_PLACEMENT_3D ( 'NONE', #921, #409, #1404 ) ;
#1923 = AXIS2_PLACEMENT_3D ( 'NONE', #112, #604, #1051 ) ;
#1924 = CIRCLE ( 'NONE', #593, 2.500000000000002220 ) ;
#1925 = VECTOR ( 'NONE', #2022, 1000.000000000000000 ) ;
#1926 = ORIENTED_EDGE ( 'NONE', *, *, #1031, .T. ) ;
#1927 = EDGE_CURVE ( 'NONE', #1315, #2041, #335, .T. ) ;
#1928 = CARTESIAN_POINT ( 'NONE',  ( 25.93609176424992313, 22.51301674386550289, -3.620000000000000107 ) ) ;
#1929 = ORIENTED_EDGE ( 'NONE', *, *, #1507, .F. ) ;
#1930 = ADVANCED_FACE ( 'NONE', ( #1337 ), #1185, .F. ) ;
#1931 = PLANE ( 'NONE',  #826 ) ;
#1932 = CARTESIAN_POINT ( 'NONE',  ( 50.62149591710081609, 70.16517454247136243, -2.819999999999999396 ) ) ;
#1933 = LINE ( 'NONE', #368, #1424 ) ;
#1934 = EDGE_LOOP ( 'NONE', ( #742, #1026, #1248, #1795 ) ) ;
#1935 = EDGE_LOOP ( 'NONE', ( #1434, #863, #719, #954 ) ) ;
#1936 = SURFACE_SIDE_STYLE ('',( #299 ) ) ;
#1937 = EDGE_CURVE ( 'NONE', #1137, #675, #864, .T. ) ;
#1938 = CARTESIAN_POINT ( 'NONE',  ( 12.44550394349759870, 26.48044654559283373, -4.620000000000087148 ) ) ;
#1939 = DIRECTION ( 'NONE',  ( -0.000000000000000000, -1.000000000000000000, -0.000000000000000000 ) ) ;
#1940 = EDGE_CURVE ( 'NONE', #1641, #272, #436, .T. ) ;
#1941 = CARTESIAN_POINT ( 'NONE',  ( 26.44550394349756672, 26.48044654559283373, -3.620000000000000551 ) ) ;
#1942 = DIRECTION ( 'NONE',  ( 1.000000000000000000, 0.000000000000000000, -6.996718019773104855E-15 ) ) ;
#1943 = DIRECTION ( 'NONE',  ( 0.000000000000000000, 0.000000000000000000, 1.000000000000000000 ) ) ;
#1944 = ORIENTED_EDGE ( 'NONE', *, *, #647, .T. ) ;
#1945 = LINE ( 'NONE', #1617, #620 ) ;
#1946 = ORIENTED_EDGE ( 'NONE', *, *, #62, .F. ) ;
#1947 = LINE ( 'NONE', #512, #53 ) ;
#1948 = LINE ( 'NONE', #513, #1860 ) ;
#1949 = EDGE_CURVE ( 'NONE', #591, #646, #1849, .T. ) ;
#1950 = DIRECTION ( 'NONE',  ( 1.000000000000000000, 0.000000000000000000, -0.000000000000000000 ) ) ;
#1951 = UNCERTAINTY_MEASURE_WITH_UNIT (LENGTH_MEASURE( 1.000000000000000082E-05 ), #1155, 'distance_accuracy_value', 'NONE');
#1952 = VECTOR ( 'NONE', #617, 1000.000000000000000 ) ;
#1953 = PRESENTATION_LAYER_ASSIGNMENT (  '', '', ( #2053 ) ) ;
#1954 = VECTOR ( 'NONE', #2029, 1000.000000000000000 ) ;
#1955 = ORIENTED_EDGE ( 'NONE', *, *, #501, .F. ) ;
#1956 = DIRECTION ( 'NONE',  ( -0.000000000000000000, -0.000000000000000000, 1.000000000000000000 ) ) ;
#1957 = VECTOR ( 'NONE', #1368, 1000.000000000000000 ) ;
#1958 = VECTOR ( 'NONE', #1379, 1000.000000000000000 ) ;
#1959 = CARTESIAN_POINT ( 'NONE',  ( 25.93609176424992313, 22.51301674386550289, -12.92000000000000171 ) ) ;
#1960 = ORIENTED_EDGE ( 'NONE', *, *, #1870, .F. ) ;
#1961 = AXIS2_PLACEMENT_3D ( 'NONE', #996, #208, #840 ) ;
#1962 = DIRECTION ( 'NONE',  ( -0.000000000000000000, -0.000000000000000000, 1.000000000000000000 ) ) ;
#1963 = PLANE ( 'NONE',  #515 ) ;
#1964 = ADVANCED_FACE ( 'NONE', ( #1547 ), #1537, .F. ) ;
#1965 = CARTESIAN_POINT ( 'NONE',  ( 51.28695566068589784, 65.04359989220434102, 1.801000174845634572 ) ) ;
#1966 = EDGE_LOOP ( 'NONE', ( #7, #955, #1673, #562 ) ) ;
#1967 = ORIENTED_EDGE ( 'NONE', *, *, #924, .T. ) ;
#1968 = EDGE_CURVE ( 'NONE', #1029, #1606, #244, .T. ) ;
#1969 = CARTESIAN_POINT ( 'NONE',  ( 26.44550394349759870, 26.48044654559283373, -4.620000000000184848 ) ) ;
#1970 = EDGE_LOOP ( 'NONE', ( #36, #804, #1436, #914, #648 ) ) ;
#1971 = DIRECTION ( 'NONE',  ( 0.000000000000000000, 0.000000000000000000, 1.000000000000000000 ) ) ;
#1972 = DIRECTION ( 'NONE',  ( 0.000000000000000000, 0.000000000000000000, -1.000000000000000000 ) ) ;
#1973 = DIRECTION ( 'NONE',  ( 0.000000000000000000, -1.000000000000000000, 0.000000000000000000 ) ) ;
#1974 = ORIENTED_EDGE ( 'NONE', *, *, #1438, .F. ) ;
#1975 = ORIENTED_EDGE ( 'NONE', *, *, #543, .T. ) ;
#1976 = CYLINDRICAL_SURFACE ( 'NONE', #188, 23.79742433024752302 ) ;
#1977 = EDGE_CURVE ( 'NONE', #43, #2048, #1521, .T. ) ;
#1978 = ORIENTED_EDGE ( 'NONE', *, *, #1167, .F. ) ;
#1979 = CARTESIAN_POINT ( 'NONE',  ( 39.19403284612560867, 70.00199890136700276, 1.801000174845763357 ) ) ;
#1980 = FACE_OUTER_BOUND ( 'NONE', #1906, .T. ) ;
#1981 = ORIENTED_EDGE ( 'NONE', *, *, #961, .F. ) ;
#1982 = DIRECTION ( 'NONE',  ( -1.000000000000000000, 0.000000000000000000, 0.000000000000000000 ) ) ;
#1983 = ORIENTED_EDGE ( 'NONE', *, *, #681, .F. ) ;
#1984 = PLANE ( 'NONE',  #987 ) ;
#1985 = CIRCLE ( 'NONE', #286, 2.500000000000002220 ) ;
#1986 = DIRECTION ( 'NONE',  ( 1.000000000000000000, -0.000000000000000000, -7.010183909769288889E-15 ) ) ;
#1987 = EDGE_CURVE ( 'NONE', #1323, #556, #568, .T. ) ;
#1988 = VERTEX_POINT ( 'NONE', #764 ) ;
#1989 = VECTOR ( 'NONE', #106, 1000.000000000000000 ) ;
#1990 = VECTOR ( 'NONE', #1618, 1000.000000000000000 ) ;
#1991 = VECTOR ( 'NONE', #1515, 1000.000000000000000 ) ;
#1992 = DIRECTION ( 'NONE',  ( -6.982962677686268288E-15, 0.000000000000000000, -1.000000000000000000 ) ) ;
#1993 = EDGE_CURVE ( 'NONE', #1552, #903, #104, .T. ) ;
#1994 = CARTESIAN_POINT ( 'NONE',  ( 50.62149591710085161, 66.04218054977172869, 1.801000174845639235 ) ) ;
#1995 = DIRECTION ( 'NONE',  ( 0.000000000000000000, -0.000000000000000000, 1.000000000000000000 ) ) ;
#1996 = ORIENTED_EDGE ( 'NONE', *, *, #46, .T. ) ;
#1997 = LINE ( 'NONE', #263, #321 ) ;
#1998 = ORIENTED_EDGE ( 'NONE', *, *, #1297, .F. ) ;
#1999 = CARTESIAN_POINT ( 'NONE',  ( 57.65800094604500003, 7.009382860174999230, -1.620000000000402895 ) ) ;
#2000 = DIRECTION ( 'NONE',  ( 1.000000000000000000, 0.000000000000000000, 0.000000000000000000 ) ) ;
#2001 = ORIENTED_EDGE ( 'NONE', *, *, #1167, .T. ) ;
#2002 = CARTESIAN_POINT ( 'NONE',  ( 40.25574898611503016, 2.300003861695681717, -19.15000000000000213 ) ) ;
#2003 = CARTESIAN_POINT ( 'NONE',  ( 49.19641611088928812, 26.48044654559283373, -4.620000000000000995 ) ) ;
#2004 = EDGE_CURVE ( 'NONE', #1875, #439, #1023, .T. ) ;
#2005 = DIRECTION ( 'NONE',  ( 6.982962677686266711E-15, -0.000000000000000000, 1.000000000000000000 ) ) ;
#2006 = ORIENTED_EDGE ( 'NONE', *, *, #1491, .T. ) ;
#2007 = LINE ( 'NONE', #429, #1895 ) ;
#2008 = ORIENTED_EDGE ( 'NONE', *, *, #878, .T. ) ;
#2009 = DIRECTION ( 'NONE',  ( 0.000000000000000000, 0.000000000000000000, -1.000000000000000000 ) ) ;
#2010 = FACE_OUTER_BOUND ( 'NONE', #755, .T. ) ;
#2011 = ORIENTED_EDGE ( 'NONE', *, *, #851, .F. ) ;
#2012 = CARTESIAN_POINT ( 'NONE',  ( 2.081668171172168513E-14, 47.32517565625202138, 1.801000174846037138 ) ) ;
#2013 = CARTESIAN_POINT ( 'NONE',  ( 50.62149591710083030, 66.04218054977171448, -2.819999999999999840 ) ) ;
#2014 = CARTESIAN_POINT ( 'NONE',  ( 53.65799453466048163, 55.24524257867325616, -3.620000000000374918 ) ) ;
#2015 = EDGE_CURVE ( 'NONE', #1460, #116, #94, .T. ) ;
#2016 = VERTEX_POINT ( 'NONE', #1230 ) ;
#2017 = DIRECTION ( 'NONE',  ( -0.000000000000000000, -0.000000000000000000, 1.000000000000000000 ) ) ;
#2018 = VERTEX_POINT ( 'NONE', #1380 ) ;
#2019 = CARTESIAN_POINT ( 'NONE',  ( 8.547957550365225643, -4.581571635658403741E-16, -3.620000000000059615 ) ) ;
#2020 = EDGE_CURVE ( 'NONE', #1822, #247, #557, .T. ) ;
#2021 = ORIENTED_EDGE ( 'NONE', *, *, #981, .F. ) ;
#2022 = DIRECTION ( 'NONE',  ( -0.000000000000000000, -0.000000000000000000, 1.000000000000000000 ) ) ;
#2023 = VECTOR ( 'NONE', #1775, 1000.000000000000000 ) ;
#2024 = AXIS2_PLACEMENT_3D ( 'NONE', #432, #916, #709 ) ;
#2025 = DIRECTION ( 'NONE',  ( 0.7071067811865465735, -0.7071067811865485719, -4.937700262164524376E-15 ) ) ;
#2026 = VECTOR ( 'NONE', #268, 1000.000000000000000 ) ;
#2027 = VECTOR ( 'NONE', #1345, 1000.000000000000000 ) ;
#2028 = DIRECTION ( 'NONE',  ( -1.000000000000000000, 1.224425490838177908E-16, -0.000000000000000000 ) ) ;
#2029 = DIRECTION ( 'NONE',  ( 1.000000000000000000, -0.000000000000000000, -6.909869360036672291E-15 ) ) ;
#2030 = AXIS2_PLACEMENT_3D ( 'NONE', #1736, #2049, #1435 ) ;
#2031 = EDGE_CURVE ( 'NONE', #371, #1898, #1362, .T. ) ;
#2032 = ORIENTED_EDGE ( 'NONE', *, *, #71, .F. ) ;
#2033 = CARTESIAN_POINT ( 'NONE',  ( 47.15757000822213740, 47.99356986567008931, -19.15000000000000213 ) ) ;
#2034 = EDGE_CURVE ( 'NONE', #1728, #675, #278, .T. ) ;
#2035 = CARTESIAN_POINT ( 'NONE',  ( 14.96444680327332399, 47.32517565625202138, -4.620000000000000995 ) ) ;
#2036 = FACE_OUTER_BOUND ( 'NONE', #1934, .T. ) ;
#2037 = CARTESIAN_POINT ( 'NONE',  ( 26.44550394349756672, 26.48044654559283373, -3.620000000000000551 ) ) ;
#2038 = CARTESIAN_POINT ( 'NONE',  ( 50.24292827374508619, 26.48044654559283373, -4.620000000000000995 ) ) ;
#2039 = LINE ( 'NONE', #1873, #1624 ) ;
#2040 = DIRECTION ( 'NONE',  ( -1.000000000000000000, 0.000000000000000000, 0.000000000000000000 ) ) ;
#2041 = VERTEX_POINT ( 'NONE', #127 ) ;
#2042 = PLANE ( 'NONE',  #522 ) ;
#2043 = ORIENTED_EDGE ( 'NONE', *, *, #1977, .T. ) ;
#2044 = CARTESIAN_POINT ( 'NONE',  ( 40.25574898611503016, 3.861695681501021384E-06, -19.15000000000000213 ) ) ;
#2045 = CARTESIAN_POINT ( 'NONE',  ( -2.217193442732856568E-14, 8.165095992267279001, -3.620000000000000551 ) ) ;
#2046 = LINE ( 'NONE', #1604, #554 ) ;
#2047 = DIRECTION ( 'NONE',  ( -1.000000000000000000, 0.000000000000000000, 6.982962677686266711E-15 ) ) ;
#2048 = VERTEX_POINT ( 'NONE', #909 ) ;
#2049 = DIRECTION ( 'NONE',  ( 1.000000000000000000, 0.000000000000000000, -6.982962677686266711E-15 ) ) ;
#2050 = ORIENTED_EDGE ( 'NONE', *, *, #293, .F. ) ;
#2051 =( NAMED_UNIT ( * ) SI_UNIT ( $, .STERADIAN. ) SOLID_ANGLE_UNIT ( ) );
#2052 = ADVANCED_FACE ( 'NONE', ( #233 ), #919, .F. ) ;
#2053 = STYLED_ITEM ( 'NONE', ( #359 ), #1067 ) ;
#2054 = CLOSED_SHELL ( 'NONE', ( #946, #1603, #251, #972, #365, #1653 ) ) ;
#2055 = CARTESIAN_POINT ( 'NONE',  ( 49.19641611088928812, 26.48044654559283373, -3.620000000000000551 ) ) ;
#2056 = EDGE_CURVE ( 'NONE', #1648, #111, #626, .T. ) ;
#2057 = CYLINDRICAL_SURFACE ( 'NONE', #125, 15.00000000000003730 ) ;
#2058 = DIRECTION ( 'NONE',  ( -0.7071067811865465735, 0.7071067811865485719, 4.946582123179140626E-15 ) ) ;
#2059 = AXIS2_PLACEMENT_3D ( 'NONE', #400, #1540, #606 ) ;
#2060 = CIRCLE ( 'NONE', #1731, 1.199999999999999734 ) ;
#2061 = CIRCLE ( 'NONE', #1488, 1.199999999999999734 ) ;
#2062 = AXIS2_PLACEMENT_3D ( 'NONE', #2064, #170, #1914 ) ;
#2063 = ORIENTED_EDGE ( 'NONE', *, *, #169, .F. ) ;
#2064 = CARTESIAN_POINT ( 'NONE',  ( 26.44550394349756672, 26.48044654559283373, -4.620000000000000995 ) ) ;
#2065 = ORIENTED_EDGE ( 'NONE', *, *, #1255, .F. ) ;
ENDSEC;
END-ISO-10303-21;
