ISO-10303-21;
HEADER;
FILE_DESCRIPTION (( 'STEP AP214' ),
    '1' );
FILE_NAME ('cubit3_top_enclosure.STEP',
    '2025-06-11T08:04:14',
    ( '' ),
    ( '' ),
    'SwSTEP 2.0',
    'SolidWorks 2023',
    '' );
FILE_SCHEMA (( 'AUTOMOTIVE_DESIGN' ));
ENDSEC;

DATA;
#1 = ORIENTED_EDGE ( 'NONE', *, *, #4282, .T. ) ;
#2 = LINE ( 'NONE', #2475, #2682 ) ;
#3 = CARTESIAN_POINT ( 'NONE',  ( 58.69054777056511085, -2.951350037205148880, 23.77999999999959257 ) ) ;
#4 = CARTESIAN_POINT ( 'NONE',  ( 0.1216119072378532978, 2.642548221351627813, 14.65997684970145265 ) ) ;
#5 = VERTEX_POINT ( 'NONE', #1810 ) ;
#6 = CARTESIAN_POINT ( 'NONE',  ( 55.45632118684092404, 66.39652812291645034, 2.842234415637241884 ) ) ;
#7 = ORIENTED_EDGE ( 'NONE', *, *, #4906, .T. ) ;
#8 = CARTESIAN_POINT ( 'NONE',  ( 58.69054777056503980, 52.71776721078237671, 13.37999999999959577 ) ) ;
#9 = CARTESIAN_POINT ( 'NONE',  ( 51.00868216110298903, 70.81453726912326374, 17.60455320345566932 ) ) ;
#10 = DIRECTION ( 'NONE',  ( 1.177133787269976313E-16, -1.000000000000000000, 1.417537645744444225E-16 ) ) ;
#11 = CARTESIAN_POINT ( 'NONE',  ( 43.23791326364027299, 69.54864996279486888, 17.38845663744162096 ) ) ;
#12 = AXIS2_PLACEMENT_3D ( 'NONE', #3923, #3139, #4780 ) ;
#13 = FACE_OUTER_BOUND ( 'NONE', #3982, .T. ) ;
#14 = EDGE_CURVE ( 'NONE', #3878, #1910, #1774, .T. ) ;
#15 = ORIENTED_EDGE ( 'NONE', *, *, #2829, .T. ) ;
#16 = CARTESIAN_POINT ( 'NONE',  ( 54.89463368204646798, 67.16871912382539733, 18.93486225287020019 ) ) ;
#17 = EDGE_CURVE ( 'NONE', #3089, #4308, #3479, .T. ) ;
#18 = CARTESIAN_POINT ( 'NONE',  ( 57.42208576017361565, 58.14200394614083933, 7.335886616857681730 ) ) ;
#19 = CARTESIAN_POINT ( 'NONE',  ( 44.38679625563339926, 69.54864996279485467, 4.252578696155834059 ) ) ;
#20 = CARTESIAN_POINT ( 'NONE',  ( -1.210581044833533459, 3.492818702010918042, 13.42080820771064964 ) ) ;
#21 = CARTESIAN_POINT ( 'NONE',  ( 56.64441325777386993, 58.84481123851241335, 5.653745247768074300 ) ) ;
#22 = CARTESIAN_POINT ( 'NONE',  ( 51.92823289949234322, 72.02603289942079812, 4.508361965348512079 ) ) ;
#23 = LINE ( 'NONE', #2443, #3447 ) ;
#24 = EDGE_CURVE ( 'NONE', #2254, #2338, #3605, .T. ) ;
#25 = CARTESIAN_POINT ( 'NONE',  ( 56.59054777056510943, -0.4513500372051426068, -3.720000000000403428 ) ) ;
#26 = ORIENTED_EDGE ( 'NONE', *, *, #844, .T. ) ;
#27 = CARTESIAN_POINT ( 'NONE',  ( 2.979572911056560525, 68.89622803602971146, 10.37017154416021469 ) ) ;
#28 = ORIENTED_EDGE ( 'NONE', *, *, #177, .T. ) ;
#29 = ADVANCED_FACE ( 'NONE', ( #616 ), #3909, .F. ) ;
#30 = CARTESIAN_POINT ( 'NONE',  ( 49.69054777056492611, 72.30864996279485979, -1.894296448394755528 ) ) ;
#31 = CARTESIAN_POINT ( 'NONE',  ( -0.6707115172722981633, 4.215617510996094275, 15.29949232067667708 ) ) ;
#32 = ORIENTED_EDGE ( 'NONE', *, *, #3254, .F. ) ;
#33 = DIRECTION ( 'NONE',  ( -6.909311109990597615E-15, -0.000000000000000000, -1.000000000000000000 ) ) ;
#34 = ORIENTED_EDGE ( 'NONE', *, *, #743, .T. ) ;
#35 = CARTESIAN_POINT ( 'NONE',  ( 49.89054777056510659, 67.00987496866763138, 20.78000000000000469 ) ) ;
#36 = DIRECTION ( 'NONE',  ( -1.000000000000000000, -0.000000000000000000, -0.000000000000000000 ) ) ;
#37 = FACE_OUTER_BOUND ( 'NONE', #262, .T. ) ;
#38 = CARTESIAN_POINT ( 'NONE',  ( -1.060300605631468773, 62.90647531269305404, -95.90999724335667054 ) ) ;
#39 = LINE ( 'NONE', #632, #5168 ) ;
#40 = ORIENTED_EDGE ( 'NONE', *, *, #3465, .F. ) ;
#41 = CARTESIAN_POINT ( 'NONE',  ( 55.48629637687166394, 66.35096241870439826, 18.93760282771031811 ) ) ;
#42 = CARTESIAN_POINT ( 'NONE',  ( 58.69054777056509664, 63.30864996279483847, 21.53512187714137127 ) ) ;
#43 = CARTESIAN_POINT ( 'NONE',  ( 55.21497530241190077, 56.90412233242040685, -1.719999999999999751 ) ) ;
#44 = CARTESIAN_POINT ( 'NONE',  ( 40.41976148700440774, 69.57981785149767973, 13.44793805248391472 ) ) ;
#45 = CARTESIAN_POINT ( 'NONE',  ( 43.29296408084327652, 70.46631295417991225, 6.866682966383298670 ) ) ;
#46 = CARTESIAN_POINT ( 'NONE',  ( 56.59054777056510233, 62.57984952277895019, 3.364148305203742417 ) ) ;
#47 = CARTESIAN_POINT ( 'NONE',  ( 51.18530811577285533, 72.21673597539280820, 4.508361965348511191 ) ) ;
#48 = CARTESIAN_POINT ( 'NONE',  ( 58.46116818171790896, 65.65562662011473094, -5.220000000000409202 ) ) ;
#49 = EDGE_LOOP ( 'NONE', ( #3861, #1500, #5041, #1847 ) ) ;
#50 = CARTESIAN_POINT ( 'NONE',  ( 50.16530186414172476, 70.02498823984470278, 17.98000000000000753 ) ) ;
#51 = ORIENTED_EDGE ( 'NONE', *, *, #5066, .T. ) ;
#52 = CARTESIAN_POINT ( 'NONE',  ( 51.14137308897115020, 71.08036646077837872, 4.508361965348512079 ) ) ;
#53 = EDGE_CURVE ( 'NONE', #2021, #1823, #4743, .T. ) ;
#54 = EDGE_CURVE ( 'NONE', #4147, #4035, #146, .T. ) ;
#55 = CARTESIAN_POINT ( 'NONE',  ( 51.89054777056510659, 4.448649962794851476, 17.98000000000000398 ) ) ;
#56 = ORIENTED_EDGE ( 'NONE', *, *, #1145, .T. ) ;
#57 = CYLINDRICAL_SURFACE ( 'NONE', #4468, 1.729999999999999760 ) ;
#58 = VERTEX_POINT ( 'NONE', #1892 ) ;
#59 = CARTESIAN_POINT ( 'NONE',  ( 58.07309700619373416, 63.06187792928204061, 4.958647685037002262 ) ) ;
#60 = CARTESIAN_POINT ( 'NONE',  ( 57.82575219134731270, 63.00621400540051553, 4.905267064794071707 ) ) ;
#61 = DIRECTION ( 'NONE',  ( -6.991222571849441366E-15, 6.445834664451860138E-31, -1.000000000000000000 ) ) ;
#62 = VECTOR ( 'NONE', #3985, 1000.000000000000000 ) ;
#63 =( LENGTH_UNIT ( ) NAMED_UNIT ( * ) SI_UNIT ( .MILLI., .METRE. ) );
#64 = ORIENTED_EDGE ( 'NONE', *, *, #3329, .T. ) ;
#65 = CARTESIAN_POINT ( 'NONE',  ( 54.03778693494766827, 68.21516053020570780, 18.19072779857839706 ) ) ;
#66 = CARTESIAN_POINT ( 'NONE',  ( 4.030547770565107157, 72.30864996279485979, 23.77999999999997627 ) ) ;
#67 = FACE_OUTER_BOUND ( 'NONE', #4371, .T. ) ;
#68 = CARTESIAN_POINT ( 'NONE',  ( 49.75538437213703702, 70.74504778346877742, 4.535453685748368713 ) ) ;
#69 = VECTOR ( 'NONE', #3137, 1000.000000000000000 ) ;
#70 = CARTESIAN_POINT ( 'NONE',  ( -0.6213446334152893380, 4.084363874154989915, 16.23482587975767544 ) ) ;
#71 = CARTESIAN_POINT ( 'NONE',  ( 56.68230921108807507, 62.69798123378307508, 17.89304621563199760 ) ) ;
#72 = DIRECTION ( 'NONE',  ( 0.000000000000000000, 0.000000000000000000, 1.000000000000000000 ) ) ;
#73 = AXIS2_PLACEMENT_3D ( 'NONE', #1741, #3387, #847 ) ;
#74 = DIRECTION ( 'NONE',  ( -0.000000000000000000, -0.000000000000000000, 1.000000000000000000 ) ) ;
#75 = ORIENTED_EDGE ( 'NONE', *, *, #3289, .T. ) ;
#76 = CIRCLE ( 'NONE', #5156, 1.500000000000004885 ) ;
#77 = CARTESIAN_POINT ( 'NONE',  ( 4.030547770565108046, 65.30864996279485979, 23.77999999999997627 ) ) ;
#78 = EDGE_LOOP ( 'NONE', ( #1976, #5177, #4094, #1963, #1567, #3920 ) ) ;
#79 = LINE ( 'NONE', #1736, #3518 ) ;
#80 = ADVANCED_FACE ( 'NONE', ( #3537, #3079, #2302, #4712 ), #232, .F. ) ;
#81 = DIRECTION ( 'NONE',  ( 0.7042037807614113243, 0.7099979120823767254, 0.000000000000000000 ) ) ;
#82 = ORIENTED_EDGE ( 'NONE', *, *, #4800, .F. ) ;
#83 = CARTESIAN_POINT ( 'NONE',  ( 56.11626153468723288, 68.30739045484205008, 4.508361965348391287 ) ) ;
#84 = AXIS2_PLACEMENT_3D ( 'NONE', #2991, #1666, #1260 ) ;
#85 = CARTESIAN_POINT ( 'NONE',  ( 51.77031235669095111, 66.57978815580671039, 20.78000000000000469 ) ) ;
#86 = VERTEX_POINT ( 'NONE', #3124 ) ;
#87 = DIRECTION ( 'NONE',  ( 0.000000000000000000, 0.000000000000000000, 1.000000000000000000 ) ) ;
#88 = VECTOR ( 'NONE', #1312, 1000.000000000000000 ) ;
#89 = CARTESIAN_POINT ( 'NONE',  ( 51.29349193309585786, 71.38606933607925953, 17.60593378890961702 ) ) ;
#90 = ADVANCED_FACE ( 'NONE', ( #4766, #1083 ), #2727, .F. ) ;
#91 = CARTESIAN_POINT ( 'NONE',  ( 58.45349566064042079, 65.43054528983451235, 17.54673994159244899 ) ) ;
#92 = VECTOR ( 'NONE', #1141, 1000.000000000000000 ) ;
#93 = LINE ( 'NONE', #4230, #2515 ) ;
#94 = ADVANCED_FACE ( 'NONE', ( #4203 ), #4151, .T. ) ;
#95 = ORIENTED_EDGE ( 'NONE', *, *, #1779, .F. ) ;
#96 = CARTESIAN_POINT ( 'NONE',  ( 57.41660536636372569, 58.10061161485588599, 14.74156538376505843 ) ) ;
#97 = LINE ( 'NONE', #3344, #3773 ) ;
#98 = CARTESIAN_POINT ( 'NONE',  ( 41.54212381672643062, 69.54864996279485467, 16.18404714385567189 ) ) ;
#99 = CARTESIAN_POINT ( 'NONE',  ( -0.8364203378640245878, 4.687322960098840419, 15.05363889516189779 ) ) ;
#100 = CARTESIAN_POINT ( 'NONE',  ( 57.82575219183716086, 63.00621401176621816, 17.20902869108210709 ) ) ;
#101 = PLANE ( 'NONE',  #3259 ) ;
#102 = CARTESIAN_POINT ( 'NONE',  ( 56.59054777056510233, 62.54864996279485467, 3.096164997636416505 ) ) ;
#103 = ORIENTED_EDGE ( 'NONE', *, *, #1782, .T. ) ;
#104 = DIRECTION ( 'NONE',  ( -1.000000000000000000, 1.309010496964126249E-16, 6.982962677686267499E-15 ) ) ;
#105 = ORIENTED_EDGE ( 'NONE', *, *, #2489, .T. ) ;
#106 = PLANE ( 'NONE',  #1193 ) ;
#107 = LINE ( 'NONE', #4693, #88 ) ;
#108 = ORIENTED_EDGE ( 'NONE', *, *, #3852, .T. ) ;
#109 = SHAPE_DEFINITION_REPRESENTATION ( #1363, #2359 ) ;
#110 = CARTESIAN_POINT ( 'NONE',  ( -1.679517685051659548, 4.064948087586569336, 13.26000000000000334 ) ) ;
#111 = EDGE_LOOP ( 'NONE', ( #5209, #1942, #1194, #3094 ) ) ;
#112 = DIRECTION ( 'NONE',  ( 6.991222571849442154E-15, -6.445834664451861014E-31, 1.000000000000000000 ) ) ;
#113 = DIRECTION ( 'NONE',  ( 1.000000000000000000, 0.000000000000000000, 0.000000000000000000 ) ) ;
#114 = VECTOR ( 'NONE', #4093, 1000.000000000000000 ) ;
#115 = CARTESIAN_POINT ( 'NONE',  ( 51.29349193309587207, 71.38606933607927374, 4.508361965348512079 ) ) ;
#116 = DIRECTION ( 'NONE',  ( 1.000000000000000000, 0.000000000000000000, -6.982962677686268288E-15 ) ) ;
#117 = ORIENTED_EDGE ( 'NONE', *, *, #4091, .F. ) ;
#118 = LINE ( 'NONE', #1374, #1135 ) ;
#119 = CARTESIAN_POINT ( 'NONE',  ( 8.259691434521279518, -2.952350037205148325, 10.61308499999999988 ) ) ;
#120 = EDGE_CURVE ( 'NONE', #4935, #3761, #3779, .T. ) ;
#121 = CARTESIAN_POINT ( 'NONE',  ( 47.45534989855487851, 70.52812226892120862, 17.32681304496615127 ) ) ;
#122 = CARTESIAN_POINT ( 'NONE',  ( -0.8942404236903046533, 4.818802620625278976, 14.90956237967399289 ) ) ;
#123 = CARTESIAN_POINT ( 'NONE',  ( 56.59058784388249563, 60.62214462927482828, 17.89053518637338769 ) ) ;
#124 = DIRECTION ( 'NONE',  ( 0.000000000000000000, -6.445834664451860138E-31, 1.000000000000000000 ) ) ;
#125 = CARTESIAN_POINT ( 'NONE',  ( -1.069452229434897594, 69.54864996279485467, -95.90999724335667054 ) ) ;
#126 = VERTEX_POINT ( 'NONE', #4180 ) ;
#127 = CARTESIAN_POINT ( 'NONE',  ( 0.5061202387181135132, 16.14602530996853247, -3.719999999999999751 ) ) ;
#128 = ORIENTED_EDGE ( 'NONE', *, *, #3228, .T. ) ;
#129 = DIRECTION ( 'NONE',  ( 6.982962677686269077E-15, 1.417537645744452361E-16, 1.000000000000000000 ) ) ;
#130 = CARTESIAN_POINT ( 'NONE',  ( 57.81902141271001483, 66.19449986652469420, 17.60593378890961702 ) ) ;
#131 = CYLINDRICAL_SURFACE ( 'NONE', #258, 3.400000000000000355 ) ;
#132 = ORIENTED_EDGE ( 'NONE', *, *, #4409, .F. ) ;
#133 = CARTESIAN_POINT ( 'NONE',  ( 51.48268154805541741, 71.34961306566692940, 4.508361965348509415 ) ) ;
#134 = B_SPLINE_CURVE_WITH_KNOTS ( 'NONE', 3,
 ( #4448, #3189, #1222, #2817, #1167, #4424, #759, #2006, #2419, #4049, #1521, #2365, #3648, #2793, #3267, #1978, #3240, #3994, #2766, #396, #4881, #4478, #705, #4072, #5279, #1192, #4505, #371, #2847, #2031 ),
 .UNSPECIFIED., .F., .F.,
 ( 4, 2, 2, 2, 2, 2, 2, 2, 2, 2, 2, 2, 2, 2, 4 ),
 ( 0.006178009163047099191, 0.006561353072067061323, 0.006944696981087023456, 0.007328040890106983854, 0.007711384799126945119, 0.008094728708146906385, 0.008478072617166867650, 0.008861416526186828915, 0.009244760435206788446, 0.009628104344226749711, 0.01001144825324671098, 0.01077813607128663351, 0.01116147998030659304, 0.01154482388932655257, 0.01231151170736646989 ),
 .UNSPECIFIED. ) ;
#135 = DIRECTION ( 'NONE',  ( -0.000000000000000000, -0.000000000000000000, -1.000000000000000000 ) ) ;
#136 = VERTEX_POINT ( 'NONE', #4544 ) ;
#137 = CARTESIAN_POINT ( 'NONE',  ( -2.969452229435042501, 41.21098283457539679, 2.203953938914671173 ) ) ;
#138 = CARTESIAN_POINT ( 'NONE',  ( 3.861771500073979180, 62.92717354751083292, 21.98000000000000398 ) ) ;
#139 = LINE ( 'NONE', #1291, #617 ) ;
#140 = CIRCLE ( 'NONE', #1111, 5.280000000000002025 ) ;
#141 = DIRECTION ( 'NONE',  ( -0.000000000000000000, -0.000000000000000000, 1.000000000000000000 ) ) ;
#142 = VERTEX_POINT ( 'NONE', #3023 ) ;
#143 = CARTESIAN_POINT ( 'NONE',  ( 55.99047171445558035, 65.38431099902916799, 19.60593378890961702 ) ) ;
#144 = CARTESIAN_POINT ( 'NONE',  ( 52.68924269610423750, 71.02848294041305621, 17.60593378890962057 ) ) ;
#145 = CARTESIAN_POINT ( 'NONE',  ( 45.03039759594465608, 70.30804423021193372, 16.58678830869709486 ) ) ;
#146 = CIRCLE ( 'NONE', #757, 2.500000000000002220 ) ;
#147 = CARTESIAN_POINT ( 'NONE',  ( 46.72977209615867622, 70.92206186767457154, 5.183419993008540061 ) ) ;
#148 = CARTESIAN_POINT ( 'NONE',  ( 57.82575219134731270, 63.00621400540051553, 4.905267064794071707 ) ) ;
#149 = DIRECTION ( 'NONE',  ( 0.000000000000000000, 1.000000000000000000, 0.000000000000000000 ) ) ;
#150 = DIRECTION ( 'NONE',  ( 1.000000000000000000, 0.000000000000000000, -6.991222571849442154E-15 ) ) ;
#151 = AXIS2_PLACEMENT_3D ( 'NONE', #3811, #104, #2117 ) ;
#152 = ORIENTED_EDGE ( 'NONE', *, *, #2182, .F. ) ;
#153 = CARTESIAN_POINT ( 'NONE',  ( 50.68070645386092821, 69.46382970536436119, 19.60275145709400135 ) ) ;
#154 = VECTOR ( 'NONE', #3942, 1000.000000000000000 ) ;
#155 = ORIENTED_EDGE ( 'NONE', *, *, #2945, .T. ) ;
#156 = CARTESIAN_POINT ( 'NONE',  ( 50.91505989697791534, 69.42219836423828383, 2.508361965348510303 ) ) ;
#157 = ADVANCED_FACE ( 'NONE', ( #67 ), #2973, .F. ) ;
#158 = DIRECTION ( 'NONE',  ( 0.000000000000000000, 0.000000000000000000, 1.000000000000000000 ) ) ;
#159 = AXIS2_PLACEMENT_3D ( 'NONE', #1475, #1950, #1073 ) ;
#160 = FACE_OUTER_BOUND ( 'NONE', #1762, .T. ) ;
#161 = EDGE_CURVE ( 'NONE', #3878, #1472, #555, .T. ) ;
#162 = VERTEX_POINT ( 'NONE', #2569 ) ;
#163 = EDGE_CURVE ( 'NONE', #3903, #406, #502, .T. ) ;
#164 = DIRECTION ( 'NONE',  ( -6.991222571849442154E-15, 6.445834664451861014E-31, -1.000000000000000000 ) ) ;
#165 = AXIS2_PLACEMENT_3D ( 'NONE', #1691, #2942, #2513 ) ;
#166 = ORIENTED_EDGE ( 'NONE', *, *, #3530, .F. ) ;
#167 = LINE ( 'NONE', #3843, #4381 ) ;
#168 = CARTESIAN_POINT ( 'NONE',  ( 0.5061202387181135132, 16.14602530996853247, -1.719999999999999751 ) ) ;
#169 = CIRCLE ( 'NONE', #530, 7.000000000000000000 ) ;
#170 = DIRECTION ( 'NONE',  ( 1.000000000000000000, 0.000000000000000000, 0.000000000000000000 ) ) ;
#171 = AXIS2_PLACEMENT_3D ( 'NONE', #1853, #4355, #2740 ) ;
#172 = CARTESIAN_POINT ( 'NONE',  ( 56.58836414332302667, 62.77197136729595428, 3.018079080486678833 ) ) ;
#173 = ORIENTED_EDGE ( 'NONE', *, *, #274, .T. ) ;
#174 = CARTESIAN_POINT ( 'NONE',  ( 56.58742200469687589, 62.80059223559715775, 18.82175357139135130 ) ) ;
#175 = ORIENTED_EDGE ( 'NONE', *, *, #3044, .F. ) ;
#176 = VECTOR ( 'NONE', #988, 1000.000000000000000 ) ;
#177 = EDGE_CURVE ( 'NONE', #1333, #4242, #2408, .T. ) ;
#178 = AXIS2_PLACEMENT_3D ( 'NONE', #999, #2620, #534 ) ;
#179 = EDGE_CURVE ( 'NONE', #415, #4188, #97, .T. ) ;
#180 = CARTESIAN_POINT ( 'NONE',  ( -1.012424142959273299, 5.653808226086833422, 12.90500117762051069 ) ) ;
#181 = CARTESIAN_POINT ( 'NONE',  ( 2.308547770565092083, 66.27464996279483955, 17.98000000000000398 ) ) ;
#182 = ORIENTED_EDGE ( 'NONE', *, *, #2970, .F. ) ;
#183 = CARTESIAN_POINT ( 'NONE',  ( 56.59054777056509522, 55.74013571433924596, 7.708605103979979667 ) ) ;
#184 = CARTESIAN_POINT ( 'NONE',  ( 54.59054777056510233, 52.14276721078237387, 17.80499999999959826 ) ) ;
#185 = CARTESIAN_POINT ( 'NONE',  ( 57.55463865457601713, 66.01980247609712649, 17.60593378890962413 ) ) ;
#186 = CARTESIAN_POINT ( 'NONE',  ( 50.01924128717447360, 69.53658662111665478, 19.23945153727150981 ) ) ;
#187 =( BOUNDED_SURFACE ( )  B_SPLINE_SURFACE ( 2, 3, ( 
 ( #4044, #1110, #2762, #2362 ),
 ( #2789, #2712, #2387, #289 ),
 ( #5146, #4420, #1945, #727 ) ),
 .UNSPECIFIED., .F., .F., .F. ) 
 B_SPLINE_SURFACE_WITH_KNOTS ( ( 3, 3 ),
 ( 4, 4 ),
 ( 0.000000000000000000, 1.000000000000000000 ),
 ( -0.001450000000000000334, 0.03045000000000000484 ),
 .UNSPECIFIED. ) 
 GEOMETRIC_REPRESENTATION_ITEM ( )  RATIONAL_B_SPLINE_SURFACE ( (
 ( 1.000000000000000000, 1.000000000000000000, 1.000000000000000000, 1.000000000000000000),
 ( 0.7071067811865474617, 0.7071067811865474617, 0.7071067811865474617, 0.7071067811865474617),
 ( 1.000000000000000000, 1.000000000000000000, 1.000000000000000000, 1.000000000000000000) ) ) 
 REPRESENTATION_ITEM ( '' )  SURFACE ( )  );
#188 = DIRECTION ( 'NONE',  ( 6.986327748953462886E-15, 0.000000000000000000, 1.000000000000000000 ) ) ;
#189 = ORIENTED_EDGE ( 'NONE', *, *, #4834, .T. ) ;
#190 = CARTESIAN_POINT ( 'NONE',  ( 13.19436216970071385, 30.70864996162471527, -5.220000000000092122 ) ) ;
#191 = CARTESIAN_POINT ( 'NONE',  ( 58.07309700619374127, 63.06187792928205482, 17.15564806922113306 ) ) ;
#192 = DIRECTION ( 'NONE',  ( -1.000000000000000000, 9.219896231606734370E-17, 6.982962677686267499E-15 ) ) ;
#193 = EDGE_LOOP ( 'NONE', ( #4875, #128 ) ) ;
#194 = CARTESIAN_POINT ( 'NONE',  ( -1.953575668281745337, 4.613353264119316677, 15.09521591791599526 ) ) ;
#195 = ADVANCED_FACE ( 'NONE', ( #4233 ), #474, .T. ) ;
#196 = EDGE_LOOP ( 'NONE', ( #2169, #3439, #4367, #542, #1250, #1739 ) ) ;
#197 = CARTESIAN_POINT ( 'NONE',  ( 58.69154777056514405, 53.59604800156339621, -1.749304498602989311 ) ) ;
#198 = FACE_OUTER_BOUND ( 'NONE', #196, .T. ) ;
#199 = CARTESIAN_POINT ( 'NONE',  ( 56.08231008926247085, 65.17120919427340198, 2.511134233551988171 ) ) ;
#200 = ORIENTED_EDGE ( 'NONE', *, *, #1993, .F. ) ;
#201 = CARTESIAN_POINT ( 'NONE',  ( 49.89054777056508527, 69.54739935808272833, 18.98087818153126705 ) ) ;
#202 = ORIENTED_EDGE ( 'NONE', *, *, #2666, .T. ) ;
#203 = CARTESIAN_POINT ( 'NONE',  ( -1.056020489704965870, 6.115145907764770961, 14.26234586044564345 ) ) ;
#204 = CARTESIAN_POINT ( 'NONE',  ( 49.89054777056510659, 65.17821785240224131, 20.78000000000000469 ) ) ;
#205 = ORIENTED_EDGE ( 'NONE', *, *, #2042, .T. ) ;
#206 = CARTESIAN_POINT ( 'NONE',  ( 56.59054777056508811, 58.45075019394441540, 17.20292292091457753 ) ) ;
#207 = CARTESIAN_POINT ( 'NONE',  ( -1.069452229434897594, 71.14864996279486320, -95.90999724335667054 ) ) ;
#208 = B_SPLINE_CURVE_WITH_KNOTS ( 'NONE', 3,
 ( #4859, #845, #4943, #351, #4076 ),
 .UNSPECIFIED., .F., .F.,
 ( 4, 1, 4 ),
 ( 0.006826650387979828899, 0.006924062264361147481, 0.007021474140742466931 ),
 .UNSPECIFIED. ) ;
#209 = DIRECTION ( 'NONE',  ( -0.000000000000000000, -1.000000000000000000, -0.000000000000000000 ) ) ;
#210 = DIRECTION ( 'NONE',  ( -6.991222571849442154E-15, 6.445834664451861014E-31, -1.000000000000000000 ) ) ;
#211 = LINE ( 'NONE', #1867, #1554 ) ;
#212 = VERTEX_POINT ( 'NONE', #2134 ) ;
#213 = CARTESIAN_POINT ( 'NONE',  ( 51.69054777056511085, -2.951350037205148880, 23.77999999999964231 ) ) ;
#214 = CARTESIAN_POINT ( 'NONE',  ( 57.54944148331505005, 67.85398742611636180, 23.77999999999959968 ) ) ;
#215 = CARTESIAN_POINT ( 'NONE',  ( 55.38461903629787741, 67.34327124938042175, 17.97999999999999687 ) ) ;
#216 = ORIENTED_EDGE ( 'NONE', *, *, #578, .T. ) ;
#217 = CARTESIAN_POINT ( 'NONE',  ( 49.59054777056510233, 69.54864996279485467, 2.611445697536317390 ) ) ;
#218 = ORIENTED_EDGE ( 'NONE', *, *, #2182, .T. ) ;
#219 = ADVANCED_FACE ( 'NONE', ( #1299 ), #2951, .F. ) ;
#220 = CARTESIAN_POINT ( 'NONE',  ( -1.557329262555346316, 3.732323004349295203, 16.23482587975767544 ) ) ;
#221 = CARTESIAN_POINT ( 'NONE',  ( -0.2200788139223619211, 3.205108530889835716, 12.75336748026989575 ) ) ;
#222 = DIRECTION ( 'NONE',  ( 4.506426480052542315E-45, 1.000000000000000000, 6.445834664451860138E-31 ) ) ;
#223 = CARTESIAN_POINT ( 'NONE',  ( 56.22908794264659349, 65.19728866700523895, 3.916905438785899030 ) ) ;
#224 = CARTESIAN_POINT ( 'NONE',  ( 56.18861465798129018, 64.89496988728429017, 19.58629535598314675 ) ) ;
#225 = ORIENTED_EDGE ( 'NONE', *, *, #2272, .F. ) ;
#226 = VECTOR ( 'NONE', #2027, 999.9999999999998863 ) ;
#227 = CARTESIAN_POINT ( 'NONE',  ( 50.25480798110585567, 69.51875385900567039, 2.534886296667096861 ) ) ;
#228 = AXIS2_PLACEMENT_3D ( 'NONE', #1535, #1938, #4389 ) ;
#229 = CARTESIAN_POINT ( 'NONE',  ( -1.069452229434891599, 19.66878429235580228, -1.934075827659142988 ) ) ;
#230 = DIRECTION ( 'NONE',  ( -6.982962677686266711E-15, 0.000000000000000000, -1.000000000000000000 ) ) ;
#231 = VECTOR ( 'NONE', #5256, 1000.000000000000000 ) ;
#232 = PLANE ( 'NONE',  #4032 ) ;
#233 = CARTESIAN_POINT ( 'NONE',  ( 50.88578866677425339, 69.42783884235751657, 19.60593378863110914 ) ) ;
#234 = LINE ( 'NONE', #3127, #3186 ) ;
#235 = ORIENTED_EDGE ( 'NONE', *, *, #5197, .F. ) ;
#236 = CARTESIAN_POINT ( 'NONE',  ( 56.59054777056510233, 62.57984954077279127, 18.75014735224437956 ) ) ;
#237 = AXIS2_PLACEMENT_3D ( 'NONE', #77, #4993, #428 ) ;
#238 = DIRECTION ( 'NONE',  ( -1.000000000000000000, 0.000000000000000000, 0.000000000000000000 ) ) ;
#239 = CYLINDRICAL_SURFACE ( 'NONE', #2089, 5.000000000000000888 ) ;
#240 = EDGE_LOOP ( 'NONE', ( #2275, #2613, #3979, #572 ) ) ;
#241 = VECTOR ( 'NONE', #539, 999.9999999999998863 ) ;
#242 = PLANE ( 'NONE',  #2326 ) ;
#243 = VERTEX_POINT ( 'NONE', #2187 ) ;
#244 = AXIS2_PLACEMENT_3D ( 'NONE', #3191, #1093, #3114 ) ;
#245 = CARTESIAN_POINT ( 'NONE',  ( -1.069452229434890267, 6.548649962794851120, -3.719999999999987317 ) ) ;
#246 = CARTESIAN_POINT ( 'NONE',  ( -0.9057201459583520409, 3.220708889096236760, 13.69552842595755138 ) ) ;
#247 = CARTESIAN_POINT ( 'NONE',  ( -0.7828476209093727656, 4.562135801314941119, 16.25152815793597938 ) ) ;
#248 = VERTEX_POINT ( 'NONE', #3372 ) ;
#249 = CARTESIAN_POINT ( 'NONE',  ( 57.68303628674898675, 65.50991554278354556, 4.516879578850690358 ) ) ;
#250 = ADVANCED_FACE ( 'NONE', ( #3398 ), #3825, .F. ) ;
#251 = VECTOR ( 'NONE', #753, 1000.000000000000114 ) ;
#252 = CARTESIAN_POINT ( 'NONE',  ( 57.00267292746350023, 62.81012236707644547, 17.47995070581471566 ) ) ;
#253 = ORIENTED_EDGE ( 'NONE', *, *, #4791, .T. ) ;
#254 = EDGE_CURVE ( 'NONE', #2567, #782, #3009, .T. ) ;
#255 = CARTESIAN_POINT ( 'NONE',  ( 50.63971855717672810, 69.47071549846444327, 3.167304625867589873 ) ) ;
#256 = EDGE_CURVE ( 'NONE', #4100, #3089, #1267, .T. ) ;
#257 = CARTESIAN_POINT ( 'NONE',  ( 56.59054777056510943, 56.26332840714607642, 15.17244433573423201 ) ) ;
#258 = AXIS2_PLACEMENT_3D ( 'NONE', #1786, #2224, #5072 ) ;
#259 = CARTESIAN_POINT ( 'NONE',  ( 56.58983344840395802, 6.448649962794850587, -95.90999724335667054 ) ) ;
#260 = CARTESIAN_POINT ( 'NONE',  ( 50.37665355851923010, 70.07623127333128821, 17.76631397327101780 ) ) ;
#261 = B_SPLINE_CURVE_WITH_KNOTS ( 'NONE', 3,
 ( #4709, #4388, #3054, #206, #2217, #257, #2247, #3881, #5164, #3931, #1103, #183, #1406, #1030, #3855, #1863, #3077, #4313 ),
 .UNSPECIFIED., .F., .F.,
 ( 4, 2, 2, 2, 2, 2, 2, 2, 4 ),
 ( 0.000000000000000000, 0.1250000000000003053, 0.2500000000000006106, 0.3750000000000005551, 0.5000000000000005551, 0.6250000000000005551, 0.7500000000000003331, 0.8750000000000002220, 1.000000000000000000 ),
 .UNSPECIFIED. ) ;
#262 = EDGE_LOOP ( 'NONE', ( #3038, #512, #4541, #2323 ) ) ;
#263 = FACE_OUTER_BOUND ( 'NONE', #471, .T. ) ;
#264 = EDGE_CURVE ( 'NONE', #1947, #2364, #2413, .T. ) ;
#265 = DIRECTION ( 'NONE',  ( -0.000000000000000000, 0.000000000000000000, -1.000000000000000000 ) ) ;
#266 = VECTOR ( 'NONE', #4596, 1000.000000000000000 ) ;
#267 = CARTESIAN_POINT ( 'NONE',  ( 51.97442832462517970, 69.71983315347655719, 17.97999999999999687 ) ) ;
#268 = ORIENTED_EDGE ( 'NONE', *, *, #721, .F. ) ;
#269 = CARTESIAN_POINT ( 'NONE',  ( -2.048605154220938473, 5.004265068327168109, 14.58262416080237500 ) ) ;
#270 = VERTEX_POINT ( 'NONE', #4132 ) ;
#271 = DIRECTION ( 'NONE',  ( 0.000000000000000000, 0.000000000000000000, -1.000000000000000000 ) ) ;
#272 = CARTESIAN_POINT ( 'NONE',  ( 0.1019649587156223197, 2.671831382564411328, 13.72144967129495363 ) ) ;
#273 = DIRECTION ( 'NONE',  ( 1.000000000000000000, 0.000000000000000000, 0.000000000000000000 ) ) ;
#274 = EDGE_CURVE ( 'NONE', #5254, #2199, #1798, .T. ) ;
#275 = ORIENTED_EDGE ( 'NONE', *, *, #1539, .F. ) ;
#276 = CARTESIAN_POINT ( 'NONE',  ( 57.82575219134731981, 63.00621400540052974, 4.905267064794072596 ) ) ;
#277 = CARTESIAN_POINT ( 'NONE',  ( 58.12909277988792667, 64.67906734510386002, 17.48436306377390181 ) ) ;
#278 = EDGE_LOOP ( 'NONE', ( #2938, #28, #4088, #4247, #4687 ) ) ;
#279 = CARTESIAN_POINT ( 'NONE',  ( 49.60826187862901548, 69.54863952326988397, 3.225759523974099707 ) ) ;
#280 = EDGE_CURVE ( 'NONE', #3995, #2577, #4461, .T. ) ;
#281 = ORIENTED_EDGE ( 'NONE', *, *, #3437, .T. ) ;
#282 = CARTESIAN_POINT ( 'NONE',  ( 55.92976647948432145, 65.52131922457083135, 19.60593378890962413 ) ) ;
#283 = EDGE_CURVE ( 'NONE', #4009, #4828, #4422, .T. ) ;
#284 = FACE_OUTER_BOUND ( 'NONE', #4137, .T. ) ;
#285 = CARTESIAN_POINT ( 'NONE',  ( 49.91831324849734131, 70.06277088605823167, 17.77615813561114777 ) ) ;
#286 = DIRECTION ( 'NONE',  ( -1.000000000000000000, 1.309010496964126249E-16, 6.982962677686267499E-15 ) ) ;
#287 = ORIENTED_EDGE ( 'NONE', *, *, #3901, .F. ) ;
#288 = LINE ( 'NONE', #1413, #4376 ) ;
#289 = CARTESIAN_POINT ( 'NONE',  ( 58.69054777056489058, 72.30864996279485979, -6.670000000000415596 ) ) ;
#290 = LINE ( 'NONE', #600, #432 ) ;
#291 = VERTEX_POINT ( 'NONE', #2058 ) ;
#292 = DIRECTION ( 'NONE',  ( 1.000000000000000000, 0.000000000000000000, 0.000000000000000000 ) ) ;
#293 = ORIENTED_EDGE ( 'NONE', *, *, #3228, .F. ) ;
#294 = DIRECTION ( 'NONE',  ( 1.097021294834867144E-16, -1.000000000000000000, 0.000000000000000000 ) ) ;
#295 = CARTESIAN_POINT ( 'NONE',  ( -0.3106787858279728698, 3.377440767480986761, 12.60121381185459555 ) ) ;
#296 = CARTESIAN_POINT ( 'NONE',  ( 55.79353189417695091, 65.80947225574756487, 2.842058159020508956 ) ) ;
#297 = ADVANCED_FACE ( 'NONE', ( #4967 ), #2556, .F. ) ;
#298 = ORIENTED_EDGE ( 'NONE', *, *, #564, .T. ) ;
#299 = CARTESIAN_POINT ( 'NONE',  ( -0.8957668344147401429, 4.984933537535452430, 12.37247982632173837 ) ) ;
#300 = LINE ( 'NONE', #3249, #3551 ) ;
#301 = CARTESIAN_POINT ( 'NONE',  ( 41.51850048046097186, 70.23099540459861601, 13.36999611650880126 ) ) ;
#302 = CARTESIAN_POINT ( 'NONE',  ( 56.61565967633075047, 65.42825067803239847, 17.75114228680038053 ) ) ;
#303 = ORIENTED_EDGE ( 'NONE', *, *, #3489, .T. ) ;
#304 = CARTESIAN_POINT ( 'NONE',  ( 51.03397632773757664, 71.39814046923713420, 4.510799786845534065 ) ) ;
#305 = EDGE_LOOP ( 'NONE', ( #4161, #3380, #1313, #1008, #3970 ) ) ;
#306 = CARTESIAN_POINT ( 'NONE',  ( 53.97568457691169641, 68.06053604459943074, 19.60593378890962057 ) ) ;
#307 = DIRECTION ( 'NONE',  ( 1.000000000000000000, 0.000000000000000000, 0.000000000000000000 ) ) ;
#308 = CARTESIAN_POINT ( 'NONE',  ( 50.60323915778459281, 70.78555200398291447, 17.60815729410101937 ) ) ;
#309 = CARTESIAN_POINT ( 'NONE',  ( -2.969452229434959900, 3.916354732726149201, 15.26000000000003176 ) ) ;
#310 = ORIENTED_EDGE ( 'NONE', *, *, #687, .F. ) ;
#311 = CARTESIAN_POINT ( 'NONE',  ( 50.31597899756765457, 64.54633924311154658, 20.78000000000000469 ) ) ;
#312 = CARTESIAN_POINT ( 'NONE',  ( 56.58745014750322611, 62.78753725612921954, 19.10100864829962575 ) ) ;
#313 = ADVANCED_FACE ( 'NONE', ( #2928 ), #458, .F. ) ;
#314 = FACE_OUTER_BOUND ( 'NONE', #4724, .T. ) ;
#315 = VERTEX_POINT ( 'NONE', #1758 ) ;
#316 = CARTESIAN_POINT ( 'NONE',  ( 57.37526698918243540, 6.448649962794850587, 17.98000000000000398 ) ) ;
#317 = CLOSED_SHELL ( 'NONE', ( #1944, #4815, #1326, #1420, #527, #5281, #4778, #4790, #1801, #5100, #250, #29, #4509, #899, #3062, #896, #1378, #2790, #1155, #3950, #3194, #2424, #1211, #219, #3328, #1129, #2744, #90, #4861, #5105, #2911, #5131, #5032, #4964, #2108, #80, #3780, #1348, #661, #2975, #1524, #451, #4350, #3685, #4229, #5194, #4277, #1614, #4285, #195, #1090, #443, #5284, #3887, #4768, #297, #3654, #485, #4729, #2516, #3286, #4644, #157, #2341, #3045, #4742, #969, #4078, #4335, #4851, #313, #1639, #1456, #3858, #4602, #2091, #3797, #2087, #4047, #3782, #5338, #5046, #3846, #3369, #429, #420, #923, #3148, #2508, #4086, #413, #3987, #2179, #579, #2680, #3095, #3140, #1434, #489, #4674, #872, #1884, #4566, #4641, #94, #619, #3450, #986, #2897, #3919, #1461, #2649, #3491, #3692, #3911, #1411, #854, #4163, #3517, #1977, #2421, #2185, #2810, #4401, #5265 ) ) ;
#318 = VERTEX_POINT ( 'NONE', #3382 ) ;
#319 = EDGE_CURVE ( 'NONE', #4192, #397, #3170, .T. ) ;
#320 = FACE_OUTER_BOUND ( 'NONE', #4056, .T. ) ;
#321 = CARTESIAN_POINT ( 'NONE',  ( 51.29349193309585786, 71.38606933607925953, 17.60593378890962413 ) ) ;
#322 = EDGE_CURVE ( 'NONE', #951, #1839, #2747, .T. ) ;
#323 = CARTESIAN_POINT ( 'NONE',  ( -1.148253369159910831, 3.434382090785407460, 15.05157064434400738 ) ) ;
#324 = CARTESIAN_POINT ( 'NONE',  ( 55.66189929890476407, 66.35128228895611358, 3.919463534922496883 ) ) ;
#325 = VECTOR ( 'NONE', #866, 1000.000000000000000 ) ;
#326 = ORIENTED_EDGE ( 'NONE', *, *, #3693, .T. ) ;
#327 = CARTESIAN_POINT ( 'NONE',  ( 49.89054777056510659, 65.17821785240224131, 19.18000000000001037 ) ) ;
#328 = CARTESIAN_POINT ( 'NONE',  ( 57.60706298914554679, 65.79202048292204097, 4.508054069593163682 ) ) ;
#329 = VECTOR ( 'NONE', #1623, 1000.000000000000000 ) ;
#330 = CARTESIAN_POINT ( 'NONE',  ( 44.43278126303739128, 70.61792816998347178, 15.97381123478029252 ) ) ;
#331 = VECTOR ( 'NONE', #3481, 1000.000000000000000 ) ;
#332 = CARTESIAN_POINT ( 'NONE',  ( 58.10427876936742564, 63.31597192188078083, 17.21560830233761052 ) ) ;
#333 = CARTESIAN_POINT ( 'NONE',  ( 51.26114416516615080, 71.38807785171188414, 4.508361965348512079 ) ) ;
#334 = ORIENTED_EDGE ( 'NONE', *, *, #3596, .T. ) ;
#335 = DIRECTION ( 'NONE',  ( 6.991222571849442154E-15, -6.445834664451861014E-31, 1.000000000000000000 ) ) ;
#336 = CARTESIAN_POINT ( 'NONE',  ( 58.69054777056503980, 52.71776721078237671, 13.37999999999959577 ) ) ;
#337 = CARTESIAN_POINT ( 'NONE',  ( 49.86331642119528595, 69.66665345712986834, 18.22473320047462408 ) ) ;
#338 = EDGE_CURVE ( 'NONE', #1275, #318, #4733, .T. ) ;
#339 = EDGE_CURVE ( 'NONE', #1137, #2723, #3521, .T. ) ;
#340 = CARTESIAN_POINT ( 'NONE',  ( -2.914893962535580751, 3.174937020742998772, 13.75643200055419513 ) ) ;
#341 = VERTEX_POINT ( 'NONE', #642 ) ;
#342 = CARTESIAN_POINT ( 'NONE',  ( 39.26819986571202037, 68.56139499807441950, 11.05714787712906322 ) ) ;
#343 = CARTESIAN_POINT ( 'NONE',  ( 57.25376527415610894, 65.82089128141311107, 4.508872305064031138 ) ) ;
#344 = CARTESIAN_POINT ( 'NONE',  ( 5.930547770565110177, -0.4513500372051487686, 23.77999999999999403 ) ) ;
#345 = VERTEX_POINT ( 'NONE', #2728 ) ;
#346 = CARTESIAN_POINT ( 'NONE',  ( 55.16854777056509107, 66.12164996279483375, 21.98000000000000398 ) ) ;
#347 = ORIENTED_EDGE ( 'NONE', *, *, #891, .F. ) ;
#348 = CARTESIAN_POINT ( 'NONE',  ( 13.19436216970071385, 28.70864996162471172, -3.720000000000093010 ) ) ;
#349 = CARTESIAN_POINT ( 'NONE',  ( 55.22858080729633201, 69.63536063940014742, 17.60593378890962413 ) ) ;
#350 = AXIS2_PLACEMENT_3D ( 'NONE', #3898, #4356, #170 ) ;
#351 = CARTESIAN_POINT ( 'NONE',  ( -1.576764571500653522, 3.916323186062650841, 15.25155145436707826 ) ) ;
#352 = CARTESIAN_POINT ( 'NONE',  ( 53.97568457691234300, 68.06053604459829387, 2.508361965348510303 ) ) ;
#353 = EDGE_CURVE ( 'NONE', #2088, #2798, #810, .T. ) ;
#354 = ORIENTED_EDGE ( 'NONE', *, *, #3268, .T. ) ;
#355 = CARTESIAN_POINT ( 'NONE',  ( -2.053811768057203224, 5.048478636034769096, 14.32985619738115979 ) ) ;
#356 = DIRECTION ( 'NONE',  ( -0.000000000000000000, -0.000000000000000000, -1.000000000000000000 ) ) ;
#357 = CARTESIAN_POINT ( 'NONE',  ( 42.12153564162368724, 70.31125064666107960, 14.18793143095949993 ) ) ;
#358 = CARTESIAN_POINT ( 'NONE',  ( 57.85047476889355522, 63.25238530085417210, 17.26461046198391358 ) ) ;
#359 = CARTESIAN_POINT ( 'NONE',  ( 49.63670876591521619, 69.54856644126428478, 3.223002143488672200 ) ) ;
#360 = ORIENTED_EDGE ( 'NONE', *, *, #3172, .F. ) ;
#361 = CARTESIAN_POINT ( 'NONE',  ( 54.84167432264686681, 67.22348093787481105, 19.60593378890962413 ) ) ;
#362 = LINE ( 'NONE', #3343, #2920 ) ;
#363 = CARTESIAN_POINT ( 'NONE',  ( 49.78653758625296177, 70.74800207210444114, 17.58078918348834208 ) ) ;
#364 = CARTESIAN_POINT ( 'NONE',  ( -1.668794306220213519, 4.048649962794844903, 13.26000000000001933 ) ) ;
#365 = ORIENTED_EDGE ( 'NONE', *, *, #984, .F. ) ;
#366 = VECTOR ( 'NONE', #1153, 1000.000000000000000 ) ;
#367 = LINE ( 'NONE', #3619, #226 ) ;
#368 = DIRECTION ( 'NONE',  ( 0.000000000000000000, 1.000000000000000000, -0.000000000000000000 ) ) ;
#369 = CARTESIAN_POINT ( 'NONE',  ( 53.43854777056508709, 66.12164996279483375, 17.98000000000000398 ) ) ;
#370 = ORIENTED_EDGE ( 'NONE', *, *, #2809, .T. ) ;
#371 = CARTESIAN_POINT ( 'NONE',  ( -0.4367599024926647200, 3.632588326766695630, 16.09669300133041148 ) ) ;
#372 = ORIENTED_EDGE ( 'NONE', *, *, #5267, .T. ) ;
#373 = FACE_OUTER_BOUND ( 'NONE', #584, .T. ) ;
#374 = CARTESIAN_POINT ( 'NONE',  ( 49.69054777056508243, 72.30864996279485979, 17.35718509944170762 ) ) ;
#375 = CARTESIAN_POINT ( 'NONE',  ( -0.5798726603115891276, 3.952946010119877673, 15.31947653802090237 ) ) ;
#376 = CARTESIAN_POINT ( 'NONE',  ( 51.59891170792148785, 70.64761265515173250, 4.507661980323305784 ) ) ;
#377 = EDGE_CURVE ( 'NONE', #933, #4917, #5231, .T. ) ;
#378 = ORIENTED_EDGE ( 'NONE', *, *, #2737, .F. ) ;
#379 = FACE_BOUND ( 'NONE', #2411, .T. ) ;
#380 = CARTESIAN_POINT ( 'NONE',  ( 49.59054777056510233, 62.54864996279485467, 21.98000000000000043 ) ) ;
#381 = CARTESIAN_POINT ( 'NONE',  ( 58.69054777056495453, 63.30864996279483847, 1.639286748555291773 ) ) ;
#382 = CARTESIAN_POINT ( 'NONE',  ( 48.17294321060785478, 69.54864996279486888, 2.769179771652969801 ) ) ;
#383 = CARTESIAN_POINT ( 'NONE',  ( 49.71529928021121947, 70.05591689487204121, 4.343163709498480074 ) ) ;
#384 = ORIENTED_EDGE ( 'NONE', *, *, #2271, .F. ) ;
#385 = DIRECTION ( 'NONE',  ( 0.000000000000000000, 0.000000000000000000, -1.000000000000000000 ) ) ;
#386 = EDGE_CURVE ( 'NONE', #3761, #1051, #5141, .T. ) ;
#387 = DIRECTION ( 'NONE',  ( 1.000000000000000000, 9.875726538627338513E-17, -0.000000000000000000 ) ) ;
#388 = EDGE_CURVE ( 'NONE', #1595, #3210, #4744, .T. ) ;
#389 = CARTESIAN_POINT ( 'NONE',  ( 39.56083048633658450, 69.54865005005669332, 11.05714787667436561 ) ) ;
#390 = CARTESIAN_POINT ( 'NONE',  ( -1.180829555803928343, 3.463053672179923215, 15.07864462945482842 ) ) ;
#391 = ORIENTED_EDGE ( 'NONE', *, *, #24, .F. ) ;
#392 = CYLINDRICAL_SURFACE ( 'NONE', #5320, 2.000000000000000444 ) ;
#393 = CARTESIAN_POINT ( 'NONE',  ( 52.03342253579749155, 72.07962492945775068, -5.220000000000363016 ) ) ;
#394 = CARTESIAN_POINT ( 'NONE',  ( -1.068737907273736409, 6.448649962794850587, 21.98000000000000043 ) ) ;
#395 = ORIENTED_EDGE ( 'NONE', *, *, #4178, .T. ) ;
#396 = CARTESIAN_POINT ( 'NONE',  ( 0.1349747036676094136, 2.622912151565215844, 14.52365252334941026 ) ) ;
#397 = VERTEX_POINT ( 'NONE', #4689 ) ;
#398 = LINE ( 'NONE', #816, #3791 ) ;
#399 = DIRECTION ( 'NONE',  ( -1.000000000000000000, 0.000000000000000000, 0.000000000000000000 ) ) ;
#400 = CARTESIAN_POINT ( 'NONE',  ( -1.462546121599426652, 3.764484694231375883, 15.22723001479700145 ) ) ;
#401 = ORIENTED_EDGE ( 'NONE', *, *, #2213, .T. ) ;
#402 = CARTESIAN_POINT ( 'NONE',  ( 56.03556960087338723, 65.28115460799774894, 3.176363616611367569 ) ) ;
#403 = AXIS2_PLACEMENT_3D ( 'NONE', #1534, #335, #2890 ) ;
#404 = EDGE_CURVE ( 'NONE', #315, #4793, #4547, .T. ) ;
#405 = EDGE_CURVE ( 'NONE', #5151, #5331, #2929, .T. ) ;
#406 = VERTEX_POINT ( 'NONE', #2252 ) ;
#407 = DIRECTION ( 'NONE',  ( 1.000000000000000000, 0.000000000000000000, 0.000000000000000000 ) ) ;
#408 = CARTESIAN_POINT ( 'NONE',  ( 52.20117464370587612, 62.90437780148707958, 20.78000000000000469 ) ) ;
#409 = CARTESIAN_POINT ( 'NONE',  ( 46.32642395135646041, 70.86858171904209769, 16.79189470689366459 ) ) ;
#410 = LINE ( 'NONE', #2859, #5257 ) ;
#411 = AXIS2_PLACEMENT_3D ( 'NONE', #1719, #4195, #2038 ) ;
#412 = CIRCLE ( 'NONE', #3612, 1.729999999999999760 ) ;
#413 = ADVANCED_FACE ( 'NONE', ( #3910 ), #1893, .T. ) ;
#414 = DIRECTION ( 'NONE',  ( 0.000000000000000000, 0.000000000000000000, 1.000000000000000000 ) ) ;
#415 = VERTEX_POINT ( 'NONE', #4268 ) ;
#416 = CARTESIAN_POINT ( 'NONE',  ( 55.81966629418743508, 65.75954183668922326, 18.93791497678572711 ) ) ;
#417 =( BOUNDED_CURVE ( )  B_SPLINE_CURVE ( 2, ( #713, #1559, #3311 ),
 .UNSPECIFIED., .F., .F. ) 
 B_SPLINE_CURVE_WITH_KNOTS ( ( 3, 3 ),
 ( 0.002253371837641927715, 0.01083719924702992998 ),
 .UNSPECIFIED. ) 
 CURVE ( )  GEOMETRIC_REPRESENTATION_ITEM ( )  RATIONAL_B_SPLINE_CURVE ( ( 0.9174484279613084325, 0.8032485900088927044, 0.8931585472075234122 ) ) 
 REPRESENTATION_ITEM ( '' )  );
#418 = DIRECTION ( 'NONE',  ( 1.000000000000000000, 0.000000000000000000, -0.000000000000000000 ) ) ;
#419 = CARTESIAN_POINT ( 'NONE',  ( 48.88831562424260113, 69.54864031936619995, 3.284808977994442269 ) ) ;
#420 = ADVANCED_FACE ( 'NONE', ( #3539 ), #1749, .T. ) ;
#421 = AXIS2_PLACEMENT_3D ( 'NONE', #4318, #2729, #1515 ) ;
#422 = CARTESIAN_POINT ( 'NONE',  ( -2.901606850388116943, 3.075116458388128748, 13.99696473435614408 ) ) ;
#423 = CARTESIAN_POINT ( 'NONE',  ( 56.78997704332569896, 57.18799176676169083, 7.406014971729095286 ) ) ;
#424 = LINE ( 'NONE', #342, #4045 ) ;
#425 = CARTESIAN_POINT ( 'NONE',  ( 49.69054777056490479, 72.30864996279485979, -5.220000000000347029 ) ) ;
#426 = LINE ( 'NONE', #1220, #2436 ) ;
#427 = VERTEX_POINT ( 'NONE', #4469 ) ;
#428 = DIRECTION ( 'NONE',  ( 1.000000000000000000, 0.000000000000000000, -6.938893903907228378E-15 ) ) ;
#429 = ADVANCED_FACE ( 'NONE', ( #3150 ), #4672, .T. ) ;
#430 = ORIENTED_EDGE ( 'NONE', *, *, #4160, .F. ) ;
#431 = CARTESIAN_POINT ( 'NONE',  ( 52.78127428009071309, 70.98449069827735514, 17.60593378890962413 ) ) ;
#432 = VECTOR ( 'NONE', #2713, 1000.000000000000000 ) ;
#433 = DIRECTION ( 'NONE',  ( 0.000000000000000000, 0.000000000000000000, 1.000000000000000000 ) ) ;
#434 = ORIENTED_EDGE ( 'NONE', *, *, #2415, .F. ) ;
#435 = CARTESIAN_POINT ( 'NONE',  ( 51.77553476954543754, 70.94510502255253925, 4.508361965348508527 ) ) ;
#436 = CARTESIAN_POINT ( 'NONE',  ( -1.720928342986049797, 4.130733604807652171, 13.26323503082984345 ) ) ;
#437 = VERTEX_POINT ( 'NONE', #2611 ) ;
#438 = DIRECTION ( 'NONE',  ( 0.000000000000000000, 0.000000000000000000, 1.000000000000000000 ) ) ;
#439 = CARTESIAN_POINT ( 'NONE',  ( -0.7732225530263053814, 4.533838942243530568, 12.26976144877605002 ) ) ;
#440 = CARTESIAN_POINT ( 'NONE',  ( 26.43000000000000327, 69.54864996279485467, 18.50000000000000000 ) ) ;
#441 = DIRECTION ( 'NONE',  ( 0.000000000000000000, -0.000000000000000000, -1.000000000000000000 ) ) ;
#442 = AXIS2_PLACEMENT_3D ( 'NONE', #3978, #1095, #273 ) ;
#443 = ADVANCED_FACE ( 'NONE', ( #1361 ), #905, .F. ) ;
#444 = DIRECTION ( 'NONE',  ( -1.000000000000000000, 0.000000000000000000, 0.000000000000000000 ) ) ;
#445 = VERTEX_POINT ( 'NONE', #930 ) ;
#446 = CARTESIAN_POINT ( 'NONE',  ( 56.55401378907214394, 65.57864279283329267, 17.75114228470577160 ) ) ;
#447 = CARTESIAN_POINT ( 'NONE',  ( 57.27530714874934858, 57.01763007277124018, 8.528934908017580696 ) ) ;
#448 = CARTESIAN_POINT ( 'NONE',  ( 57.81902141271001483, 66.19449986652469420, 17.60593378890961702 ) ) ;
#449 = CARTESIAN_POINT ( 'NONE',  ( 49.63843369962882690, 69.66686161591124460, 18.21697062915177412 ) ) ;
#450 = EDGE_CURVE ( 'NONE', #248, #5218, #4894, .T. ) ;
#451 = ADVANCED_FACE ( 'NONE', ( #3841 ), #4168, .T. ) ;
#452 = CARTESIAN_POINT ( 'NONE',  ( 41.24528391988741305, 70.19486496461509262, 9.250352391363888316 ) ) ;
#453 = CARTESIAN_POINT ( 'NONE',  ( 56.59045100908308967, 62.61104305662988878, 3.632246009053841540 ) ) ;
#454 = CARTESIAN_POINT ( 'NONE',  ( 8.259691434521279518, 71.14864996279486320, 9.113084999999994551 ) ) ;
#455 = CARTESIAN_POINT ( 'NONE',  ( 57.77302941517690016, 67.31243566400556233, -5.220000000000402984 ) ) ;
#456 = VERTEX_POINT ( 'NONE', #2583 ) ;
#457 = B_SPLINE_CURVE_WITH_KNOTS ( 'NONE', 3,
 ( #3404, #1351, #47, #22 ),
 .UNSPECIFIED., .F., .F.,
 ( 4, 4 ),
 ( 0.000000000000000000, 0.002269137071938312575 ),
 .UNSPECIFIED. ) ;
#458 = PLANE ( 'NONE',  #766 ) ;
#459 = ORIENTED_EDGE ( 'NONE', *, *, #1179, .T. ) ;
#460 = CARTESIAN_POINT ( 'NONE',  ( 50.98799388586489556, 70.77308584952702120, 4.509949387409964316 ) ) ;
#461 = CARTESIAN_POINT ( 'NONE',  ( 56.59054777056510943, -0.4513500372051426068, 23.78000000000000114 ) ) ;
#462 = VERTEX_POINT ( 'NONE', #3790 ) ;
#463 = APPLICATION_PROTOCOL_DEFINITION ( 'draft international standard', 'automotive_design', 1998, #1841 ) ;
#464 = DIRECTION ( 'NONE',  ( -6.982962677686266711E-15, 0.000000000000000000, -1.000000000000000000 ) ) ;
#465 = ORIENTED_EDGE ( 'NONE', *, *, #5189, .T. ) ;
#466 = DIRECTION ( 'NONE',  ( 1.417537645744462221E-16, 1.000000000000000000, -1.417537645744462221E-16 ) ) ;
#467 = LINE ( 'NONE', #2069, #2079 ) ;
#468 = CARTESIAN_POINT ( 'NONE',  ( -5.528395281464801414, 52.71776721078237671, 13.38000000000004519 ) ) ;
#469 = DIRECTION ( 'NONE',  ( -1.000000000000000000, -0.000000000000000000, -0.000000000000000000 ) ) ;
#470 = EDGE_CURVE ( 'NONE', #3815, #933, #940, .T. ) ;
#471 = EDGE_LOOP ( 'NONE', ( #2371, #1336, #4407, #1248 ) ) ;
#472 = CARTESIAN_POINT ( 'NONE',  ( 51.59891161089519329, 70.64761249148621403, 17.60663383156333950 ) ) ;
#473 = DIRECTION ( 'NONE',  ( -6.991222571849442154E-15, 6.445834664451861014E-31, -1.000000000000000000 ) ) ;
#474 = PLANE ( 'NONE',  #3253 ) ;
#475 = CARTESIAN_POINT ( 'NONE',  ( 42.33964474743988404, 69.76943358761545255, 6.781835088279476231 ) ) ;
#476 = EDGE_CURVE ( 'NONE', #4939, #1255, #1715, .T. ) ;
#477 = CARTESIAN_POINT ( 'NONE',  ( -1.865950890667940509, 4.400077059534083013, 15.19853668818568870 ) ) ;
#478 = CARTESIAN_POINT ( 'NONE',  ( 56.67614510276068529, 62.14009191359670581, 4.343420844260815983 ) ) ;
#479 = CARTESIAN_POINT ( 'NONE',  ( 50.44638426953201105, 63.42991194810559819, 21.98000000000000398 ) ) ;
#480 = PLANE ( 'NONE',  #592 ) ;
#481 = ORIENTED_EDGE ( 'NONE', *, *, #2451, .T. ) ;
#482 = CARTESIAN_POINT ( 'NONE',  ( 3.650717958855221212, 69.16836713158927807, 13.20053285902218398 ) ) ;
#483 = EDGE_LOOP ( 'NONE', ( #1295, #2319, #3700, #3190 ) ) ;
#484 = CARTESIAN_POINT ( 'NONE',  ( 5.930547770565103072, 69.54864996279485467, 23.78000000000000114 ) ) ;
#485 = ADVANCED_FACE ( 'NONE', ( #5020 ), #3013, .F. ) ;
#486 = DIRECTION ( 'NONE',  ( 1.000000000000000000, 0.000000000000000000, 0.000000000000000000 ) ) ;
#487 = VERTEX_POINT ( 'NONE', #85 ) ;
#488 = LINE ( 'NONE', #2123, #3263 ) ;
#489 = ADVANCED_FACE ( 'NONE', ( #4220, #5045 ), #878, .T. ) ;
#490 = AXIS2_PLACEMENT_3D ( 'NONE', #3177, #4818, #3207 ) ;
#491 = ORIENTED_EDGE ( 'NONE', *, *, #1179, .F. ) ;
#492 = CARTESIAN_POINT ( 'NONE',  ( 2.308547770565092083, 66.27464996279483955, 21.98000000000000398 ) ) ;
#493 = EDGE_CURVE ( 'NONE', #4998, #2841, #488, .T. ) ;
#494 = CARTESIAN_POINT ( 'NONE',  ( 5.930547770565111065, -0.4513500372051487686, -3.720000000000036167 ) ) ;
#495 = CARTESIAN_POINT ( 'NONE',  ( 5.853343516588822126, 64.93556616426559458, 21.98000000000000398 ) ) ;
#496 = VECTOR ( 'NONE', #3785, 1000.000000000000114 ) ;
#497 = DIRECTION ( 'NONE',  ( 0.7071067811865486830, -0.7071067811865464625, 0.000000000000000000 ) ) ;
#498 = AXIS2_PLACEMENT_3D ( 'NONE', #1062, #5116, #5065 ) ;
#499 = EDGE_LOOP ( 'NONE', ( #4738, #731, #3577, #4527 ) ) ;
#500 = LINE ( 'NONE', #66, #1020 ) ;
#501 = VECTOR ( 'NONE', #3736, 1000.000000000000000 ) ;
#502 = LINE ( 'NONE', #5030, #1716 ) ;
#503 = AXIS2_PLACEMENT_3D ( 'NONE', #3697, #5332, #3294 ) ;
#504 = CARTESIAN_POINT ( 'NONE',  ( 47.05406092024865927, 69.54864996279485467, 18.82223582882162205 ) ) ;
#505 = AXIS2_PLACEMENT_3D ( 'NONE', #5127, #87, #3041 ) ;
#506 = CARTESIAN_POINT ( 'NONE',  ( 46.21266406924776504, 70.85349431734108805, 5.361632631111154623 ) ) ;
#507 = CARTESIAN_POINT ( 'NONE',  ( 56.62898177979807457, 56.92537581714670836, 14.92783575345141855 ) ) ;
#508 = DIRECTION ( 'NONE',  ( -1.000000000000000000, 0.000000000000000000, 6.938893903907228378E-15 ) ) ;
#509 = AXIS2_PLACEMENT_3D ( 'NONE', #468, #4297, #599 ) ;
#510 = CARTESIAN_POINT ( 'NONE',  ( 49.81040043674662599, 71.33059146416998431, 17.52696663497083662 ) ) ;
#511 = EDGE_CURVE ( 'NONE', #3144, #3788, #1547, .T. ) ;
#512 = ORIENTED_EDGE ( 'NONE', *, *, #1721, .T. ) ;
#513 = VECTOR ( 'NONE', #2849, 1000.000000000000000 ) ;
#514 = CARTESIAN_POINT ( 'NONE',  ( 42.98487433577290773, 72.30864996279487400, 14.09946816841102724 ) ) ;
#515 = VECTOR ( 'NONE', #3571, 1000.000000000000000 ) ;
#516 = ORIENTED_EDGE ( 'NONE', *, *, #5122, .T. ) ;
#517 = CIRCLE ( 'NONE', #3538, 2.000000000000000000 ) ;
#518 = LINE ( 'NONE', #2170, #1796 ) ;
#519 = CARTESIAN_POINT ( 'NONE',  ( 8.259691434521279518, 87.68274518145474872, 15.89308480000000223 ) ) ;
#520 = ORIENTED_EDGE ( 'NONE', *, *, #254, .T. ) ;
#521 = CARTESIAN_POINT ( 'NONE',  ( 55.22858080729722730, 69.63536063939874055, 4.508361965348510303 ) ) ;
#522 = DIRECTION ( 'NONE',  ( -1.000000000000000000, 0.000000000000000000, 0.000000000000000000 ) ) ;
#523 = ORIENTED_EDGE ( 'NONE', *, *, #3562, .T. ) ;
#524 = CARTESIAN_POINT ( 'NONE',  ( 4.030547770565100052, 4.048649962794850232, 23.77999999999997627 ) ) ;
#525 = EDGE_CURVE ( 'NONE', #4945, #1333, #3932, .T. ) ;
#526 = LINE ( 'NONE', #2178, #1731 ) ;
#527 = ADVANCED_FACE ( 'NONE', ( #549 ), #57, .F. ) ;
#528 = LINE ( 'NONE', #38, #2175 ) ;
#529 = B_SPLINE_CURVE_WITH_KNOTS ( 'NONE', 3,
 ( #1710, #4610, #2558, #3358, #1784, #4996 ),
 .UNSPECIFIED., .F., .F.,
 ( 4, 2, 4 ),
 ( 0.000000000000000000, 0.5000000000000000000, 1.000000000000000000 ),
 .UNSPECIFIED. ) ;
#530 = AXIS2_PLACEMENT_3D ( 'NONE', #4953, #2485, #856 ) ;
#531 = CARTESIAN_POINT ( 'NONE',  ( 2.054547770565087639, 2.926649962794846349, 17.98000000000000398 ) ) ;
#532 = ORIENTED_EDGE ( 'NONE', *, *, #2289, .T. ) ;
#533 = DIRECTION ( 'NONE',  ( 1.000000000000000000, 8.673617379884035472E-16, -6.938893903907228378E-15 ) ) ;
#534 = DIRECTION ( 'NONE',  ( -6.982962677686267499E-15, 0.000000000000000000, -1.000000000000000000 ) ) ;
#535 = DIRECTION ( 'NONE',  ( 1.000000000000000000, -0.000000000000000000, -6.998978184134891269E-15 ) ) ;
#536 = CARTESIAN_POINT ( 'NONE',  ( 49.81040043674660467, 71.33059146416998431, 4.587329119287291590 ) ) ;
#537 = CARTESIAN_POINT ( 'NONE',  ( 45.16875046643046687, 70.71545133360608304, 5.775016460030115262 ) ) ;
#538 = CARTESIAN_POINT ( 'NONE',  ( 56.61794147599184157, 55.36071074806596215, 11.05714788032683238 ) ) ;
#539 = DIRECTION ( 'NONE',  ( -0.004205150059984275740, 0.9999911583173989316, -0.000000000000000000 ) ) ;
#540 = CARTESIAN_POINT ( 'NONE',  ( 54.59054777056510233, 51.14276721078237387, 2.804999999999597815 ) ) ;
#541 = B_SPLINE_CURVE_WITH_KNOTS ( 'NONE', 3,
 ( #5123, #5174, #1471, #4396 ),
 .UNSPECIFIED., .F., .F.,
 ( 4, 4 ),
 ( 0.000000000000000000, 0.2214763758813078354 ),
 .UNSPECIFIED. ) ;
#542 = ORIENTED_EDGE ( 'NONE', *, *, #1953, .F. ) ;
#543 = DIRECTION ( 'NONE',  ( -1.000000000000000000, 0.000000000000000000, 0.000000000000000000 ) ) ;
#544 = ORIENTED_EDGE ( 'NONE', *, *, #4134, .F. ) ;
#545 = CARTESIAN_POINT ( 'NONE',  ( 0.5061202387181135132, 53.62159102859877180, -1.719999999999999751 ) ) ;
#546 = FACE_OUTER_BOUND ( 'NONE', #2353, .T. ) ;
#547 = ORIENTED_EDGE ( 'NONE', *, *, #4266, .F. ) ;
#548 = CARTESIAN_POINT ( 'NONE',  ( 53.92963339400282763, 70.47837035999164357, 4.508361965348511191 ) ) ;
#549 = FACE_OUTER_BOUND ( 'NONE', #1959, .T. ) ;
#550 = VERTEX_POINT ( 'NONE', #5000 ) ;
#551 = DIRECTION ( 'NONE',  ( 0.000000000000000000, 0.000000000000000000, 1.000000000000000000 ) ) ;
#552 = DIRECTION ( 'NONE',  ( -0.000000000000000000, -0.000000000000000000, -1.000000000000000000 ) ) ;
#553 = VECTOR ( 'NONE', #723, 1000.000000000000000 ) ;
#554 = CARTESIAN_POINT ( 'NONE',  ( 58.69054777056511085, -2.951350037205148880, 23.77999999999959257 ) ) ;
#555 = B_SPLINE_CURVE_WITH_KNOTS ( 'NONE', 3,
 ( #448, #943, #1726, #4600, #3850, #2521, #2161, #144, #2594, #889 ),
 .UNSPECIFIED., .F., .F.,
 ( 4, 2, 2, 2, 4 ),
 ( 0.000000000000000000, 0.2500000000000000000, 0.5000000000000000000, 0.7500000000000000000, 1.000000000000000000 ),
 .UNSPECIFIED. ) ;
#556 = CARTESIAN_POINT ( 'NONE',  ( 56.59026320607339500, 62.64287922284388088, 3.343504545413745088 ) ) ;
#557 = ORIENTED_EDGE ( 'NONE', *, *, #1067, .F. ) ;
#558 = DIRECTION ( 'NONE',  ( 1.000000000000000000, 0.000000000000000000, 0.000000000000000000 ) ) ;
#559 = DIRECTION ( 'NONE',  ( -6.991222571849442154E-15, 6.445834664451861014E-31, -1.000000000000000000 ) ) ;
#560 = CARTESIAN_POINT ( 'NONE',  ( 41.16696112304406086, 70.18437518324107316, 13.11692459233852759 ) ) ;
#561 = CARTESIAN_POINT ( 'NONE',  ( -2.014709038426444554, 4.829241638690498384, 14.88865836792705011 ) ) ;
#562 = CARTESIAN_POINT ( 'NONE',  ( 57.59019514771902237, 59.41247573392945469, 15.79353629676224280 ) ) ;
#563 = DIRECTION ( 'NONE',  ( -6.982962677686267499E-15, 0.000000000000000000, -1.000000000000000000 ) ) ;
#564 = EDGE_CURVE ( 'NONE', #2723, #4447, #412, .T. ) ;
#565 = CARTESIAN_POINT ( 'NONE',  ( 49.68674541256115873, 70.05447928276764458, 17.77023756279347566 ) ) ;
#566 = EDGE_LOOP ( 'NONE', ( #1580, #1064, #3214, #4463, #724, #3865 ) ) ;
#567 = CARTESIAN_POINT ( 'NONE',  ( 49.59054777056510943, 69.54864996279486888, 19.50285005672181526 ) ) ;
#568 = EDGE_LOOP ( 'NONE', ( #166, #5019, #3146, #1209 ) ) ;
#569 = PLANE ( 'NONE',  #4980 ) ;
#570 = CARTESIAN_POINT ( 'NONE',  ( 55.21497530241190077, 12.72672186848767062, -1.719999999999999751 ) ) ;
#571 = CARTESIAN_POINT ( 'NONE',  ( 14.68632900351068393, 13.44864996279486213, 23.78100000000032921 ) ) ;
#572 = ORIENTED_EDGE ( 'NONE', *, *, #54, .F. ) ;
#573 = FACE_OUTER_BOUND ( 'NONE', #5098, .T. ) ;
#574 = ORIENTED_EDGE ( 'NONE', *, *, #3831, .F. ) ;
#575 = CARTESIAN_POINT ( 'NONE',  ( 50.31597899756765457, 64.54633924311154658, 21.98000000000000398 ) ) ;
#576 = CARTESIAN_POINT ( 'NONE',  ( 43.19436216970091635, 28.70864996162471172, 23.78100000000013026 ) ) ;
#577 = CARTESIAN_POINT ( 'NONE',  ( -1.055986682538149868, 6.114600786128679744, 14.24412569881572210 ) ) ;
#578 = EDGE_CURVE ( 'NONE', #3570, #5144, #4591, .T. ) ;
#579 = ADVANCED_FACE ( 'NONE', ( #1338 ), #2988, .T. ) ;
#580 = CIRCLE ( 'NONE', #1882, 1.730000000000002425 ) ;
#581 = VERTEX_POINT ( 'NONE', #1417 ) ;
#582 = VECTOR ( 'NONE', #4179, 1000.000000000000000 ) ;
#583 = CARTESIAN_POINT ( 'NONE',  ( 56.44552329751339670, 64.00351564972274332, 19.13860881918701295 ) ) ;
#584 = EDGE_LOOP ( 'NONE', ( #1759, #4529, #3952, #2305 ) ) ;
#585 = CARTESIAN_POINT ( 'NONE',  ( 45.13747214966275578, 70.71090914932563010, 5.683236791106264008 ) ) ;
#586 = VECTOR ( 'NONE', #3934, 1000.000000000000000 ) ;
#587 = CARTESIAN_POINT ( 'NONE',  ( -2.024328229324365402, 4.872251356721713833, 13.68876664698073853 ) ) ;
#588 = CARTESIAN_POINT ( 'NONE',  ( 50.23298934737088928, 69.52039540618390845, 2.858575136765981295 ) ) ;
#589 = DIRECTION ( 'NONE',  ( 1.000000000000000000, 0.000000000000000000, 0.000000000000000000 ) ) ;
#590 = DIRECTION ( 'NONE',  ( 0.000000000000000000, 0.000000000000000000, 1.000000000000000000 ) ) ;
#591 = EDGE_CURVE ( 'NONE', #1694, #1622, #3918, .T. ) ;
#592 = AXIS2_PLACEMENT_3D ( 'NONE', #4844, #615, #3502 ) ;
#593 = EDGE_LOOP ( 'NONE', ( #2309, #3383, #4506, #3255, #2983 ) ) ;
#594 = CARTESIAN_POINT ( 'NONE',  ( 50.37919522527425187, 69.50502556565089662, 18.94053165238570813 ) ) ;
#595 = AXIS2_PLACEMENT_3D ( 'NONE', #492, #438, #2100 ) ;
#596 = VECTOR ( 'NONE', #1596, 1000.000000000000000 ) ;
#597 = EDGE_LOOP ( 'NONE', ( #298, #1925, #5068, #4888, #1099, #4273, #2037, #3801 ) ) ;
#598 = CARTESIAN_POINT ( 'NONE',  ( 49.80302184248388642, 58.11254530507645910, 17.60593378890961702 ) ) ;
#599 = DIRECTION ( 'NONE',  ( 1.000000000000000000, 0.000000000000000000, -6.982962677686266711E-15 ) ) ;
#600 = CARTESIAN_POINT ( 'NONE',  ( 4.038547770565091177, 66.27464996279483955, 17.98000000000000398 ) ) ;
#601 = EDGE_LOOP ( 'NONE', ( #2818, #5200 ) ) ;
#602 = DIRECTION ( 'NONE',  ( 0.000000000000000000, 0.000000000000000000, 1.000000000000000000 ) ) ;
#603 = ORIENTED_EDGE ( 'NONE', *, *, #1608, .F. ) ;
#604 = DIRECTION ( 'NONE',  ( 0.000000000000000000, -0.000000000000000000, -1.000000000000000000 ) ) ;
#605 = AXIS2_PLACEMENT_3D ( 'NONE', #380, #2512, #2154 ) ;
#606 = FACE_OUTER_BOUND ( 'NONE', #1036, .T. ) ;
#607 = CARTESIAN_POINT ( 'NONE',  ( 56.03556960087338723, 65.28115460799774894, 3.176363616611371565 ) ) ;
#608 = ORIENTED_EDGE ( 'NONE', *, *, #2147, .T. ) ;
#609 = CARTESIAN_POINT ( 'NONE',  ( 56.08233746580469159, 65.17112936837493464, 19.60315306370553046 ) ) ;
#610 = ORIENTED_EDGE ( 'NONE', *, *, #3060, .F. ) ;
#611 = CARTESIAN_POINT ( 'NONE',  ( -0.9332107472447860319, 4.908026300289959565, 14.77861805372110027 ) ) ;
#612 = CARTESIAN_POINT ( 'NONE',  ( 49.82719833970783441, 69.54522626579692712, 2.579577242814115934 ) ) ;
#613 = ORIENTED_EDGE ( 'NONE', *, *, #5225, .F. ) ;
#614 = CARTESIAN_POINT ( 'NONE',  ( 49.89054777056510659, 4.448649962794835488, 17.98000000000000398 ) ) ;
#615 = DIRECTION ( 'NONE',  ( 0.000000000000000000, 0.000000000000000000, 1.000000000000000000 ) ) ;
#616 = FACE_OUTER_BOUND ( 'NONE', #649, .T. ) ;
#617 = VECTOR ( 'NONE', #1722, 1000.000000000000000 ) ;
#618 = CARTESIAN_POINT ( 'NONE',  ( 50.60356405439366512, 69.47588947933377312, 19.27495330873255241 ) ) ;
#619 = ADVANCED_FACE ( 'NONE', ( #3487 ), #242, .T. ) ;
#620 = CARTESIAN_POINT ( 'NONE',  ( 56.58150319202069767, 62.90437780148707958, -95.90999724335667054 ) ) ;
#621 = ORIENTED_EDGE ( 'NONE', *, *, #4480, .T. ) ;
#622 = DIRECTION ( 'NONE',  ( 1.000000000000000000, 1.222218890245539141E-16, 0.000000000000000000 ) ) ;
#623 = CARTESIAN_POINT ( 'NONE',  ( 1.506120238718114290, 16.14602530996853247, -1.719999999999999751 ) ) ;
#624 = CARTESIAN_POINT ( 'NONE',  ( 53.14989227877988753, 69.17877498151604243, 17.97999999999999687 ) ) ;
#625 = ORIENTED_EDGE ( 'NONE', *, *, #1451, .T. ) ;
#626 = CARTESIAN_POINT ( 'NONE',  ( 55.21497530241190077, 12.72672186848767062, -3.719999999999999751 ) ) ;
#627 = ORIENTED_EDGE ( 'NONE', *, *, #5213, .F. ) ;
#628 = CYLINDRICAL_SURFACE ( 'NONE', #3949, 2.500000000000002220 ) ;
#629 = CARTESIAN_POINT ( 'NONE',  ( -0.6033333516494062687, 4.021287538622969393, 13.20506722486792484 ) ) ;
#630 = CARTESIAN_POINT ( 'NONE',  ( 57.81902141270999351, 66.19449986652466578, 4.508361965348512967 ) ) ;
#631 = B_SPLINE_CURVE_WITH_KNOTS ( 'NONE', 3,
 ( #1590, #4523, #3209, #2811, #3234, #452, #3422, #2215, #5088, #1380, #1327, #917, #2136, #4262, #3774, #4987, #1404, #2525, #45, #4549, #863, #4603, #2572, #3451, #976, #537, #4155, #2976, #4206, #4581, #506, #3026, #3853, #1805, #147, #3805, #1775, #3747, #1699 ),
 .UNSPECIFIED., .F., .F.,
 ( 4, 2, 2, 1, 1, 2, 2, 2, 2, 1, 1, 1, 2, 2, 2, 2, 1, 1, 1, 1, 2, 2, 2, 4 ),
 ( 0.5000000000000000000, 0.5625000000000012212, 0.5937500000000016653, 0.6093750000000017764, 0.6171875000000015543, 0.6210937500000015543, 0.6250000000000014433, 0.6875000000000077716, 0.7187500000000106581, 0.7343750000000117684, 0.7421875000000119904, 0.7460937500000118794, 0.7480468750000114353, 0.7500000000000108802, 0.8125000000000212053, 0.8437500000000266454, 0.8593750000000299760, 0.8671875000000311973, 0.8710937500000317524, 0.8730468750000319744, 0.8740234375000318634, 0.8750000000000317524, 0.9375000000000158762, 1.000000000000000000 ),
 .UNSPECIFIED. ) ;
#632 = CARTESIAN_POINT ( 'NONE',  ( 41.70239533589094805, 16.84864996279485894, -3.720000000000292406 ) ) ;
#633 = EDGE_LOOP ( 'NONE', ( #3418, #813, #103, #2152, #4240, #2545, #3340 ) ) ;
#634 = DIRECTION ( 'NONE',  ( -7.498710840353077655E-47, 6.370313146600084492E-31, 1.000000000000000000 ) ) ;
#635 = ORIENTED_EDGE ( 'NONE', *, *, #4178, .F. ) ;
#636 = CARTESIAN_POINT ( 'NONE',  ( -1.940564333233957495, 4.581034148667529671, 13.41088186700467411 ) ) ;
#637 = CARTESIAN_POINT ( 'NONE',  ( 57.83221010601152301, 61.24143933098731196, 5.468190903562843985 ) ) ;
#638 = ORIENTED_EDGE ( 'NONE', *, *, #1294, .T. ) ;
#639 = CARTESIAN_POINT ( 'NONE',  ( 14.68632900351048143, 13.44864996279486213, -5.220000000000101892 ) ) ;
#640 = DIRECTION ( 'NONE',  ( 0.000000000000000000, -0.000000000000000000, 1.000000000000000000 ) ) ;
#641 = DIRECTION ( 'NONE',  ( 1.000000000000000000, 0.000000000000000000, 0.000000000000000000 ) ) ;
#642 = CARTESIAN_POINT ( 'NONE',  ( 4.030547770565100052, -2.951350037205148880, 23.77999999999997627 ) ) ;
#643 = EDGE_CURVE ( 'NONE', #4826, #4299, #2310, .T. ) ;
#644 = CARTESIAN_POINT ( 'NONE',  ( 49.69054777056489769, 72.30864996279485979, -6.670000000000352536 ) ) ;
#645 = ORIENTED_EDGE ( 'NONE', *, *, #3722, .T. ) ;
#646 = LINE ( 'NONE', #4346, #4803 ) ;
#647 = LINE ( 'NONE', #2869, #2073 ) ;
#648 = CYLINDRICAL_SURFACE ( 'NONE', #967, 1.000000000000000888 ) ;
#649 = EDGE_LOOP ( 'NONE', ( #2730, #3455, #5224, #3230, #1803, #1092 ) ) ;
#650 = CARTESIAN_POINT ( 'NONE',  ( 51.26142882793241995, 63.80733679503493505, 17.98000000000000398 ) ) ;
#651 = EDGE_CURVE ( 'NONE', #886, #5112, #3112, .T. ) ;
#652 = EDGE_LOOP ( 'NONE', ( #3066, #430, #1502, #200 ) ) ;
#653 = LINE ( 'NONE', #245, #69 ) ;
#654 = CARTESIAN_POINT ( 'NONE',  ( -1.730904027840422854, 4.147329379648200920, 13.26488072439056509 ) ) ;
#655 = CARTESIAN_POINT ( 'NONE',  ( -0.7069060082699473169, 4.321516484563410643, 16.26421903691570492 ) ) ;
#656 = EDGE_CURVE ( 'NONE', #1333, #1970, #3046, .T. ) ;
#657 = EDGE_CURVE ( 'NONE', #4194, #427, #5321, .T. ) ;
#658 = CARTESIAN_POINT ( 'NONE',  ( 56.98081021111700295, 63.73388687575049261, 4.465236249602750895 ) ) ;
#659 = CARTESIAN_POINT ( 'NONE',  ( 57.59065046413213906, 63.18769859669009747, 17.31074657423837238 ) ) ;
#660 = ORIENTED_EDGE ( 'NONE', *, *, #2603, .F. ) ;
#661 = ADVANCED_FACE ( 'NONE', ( #2261, #990, #573 ), #2634, .F. ) ;
#662 = CARTESIAN_POINT ( 'NONE',  ( 50.73403318477407709, 69.45560743159428796, 3.168522664421240087 ) ) ;
#663 = VERTEX_POINT ( 'NONE', #3866 ) ;
#664 = DIRECTION ( 'NONE',  ( 0.000000000000000000, 0.000000000000000000, 1.000000000000000000 ) ) ;
#665 = CARTESIAN_POINT ( 'NONE',  ( 58.11023086179190500, 66.48810536322230291, 4.508361965348512967 ) ) ;
#666 = AXIS2_PLACEMENT_3D ( 'NONE', #4942, #1279, #3651 ) ;
#667 = CARTESIAN_POINT ( 'NONE',  ( 50.09850931900793114, 70.06454222960056200, 17.77758036535993469 ) ) ;
#668 = CARTESIAN_POINT ( 'NONE',  ( 0.03054777056503681781, 4.048649962794844903, 14.26000000000000867 ) ) ;
#669 = VERTEX_POINT ( 'NONE', #217 ) ;
#670 = CARTESIAN_POINT ( 'NONE',  ( 56.59054777056509522, 58.51857546790012776, 17.05402755325611608 ) ) ;
#671 = DIRECTION ( 'NONE',  ( 6.991222571849441366E-15, 0.000000000000000000, 1.000000000000000000 ) ) ;
#672 = AXIS2_PLACEMENT_3D ( 'NONE', #540, #2650, #5114 ) ;
#673 = DIRECTION ( 'NONE',  ( 1.000000000000000000, 0.000000000000000000, -6.938893903907229167E-15 ) ) ;
#674 = VERTEX_POINT ( 'NONE', #4326 ) ;
#675 = VECTOR ( 'NONE', #3762, 1000.000000000000000 ) ;
#676 = EDGE_CURVE ( 'NONE', #270, #3466, #1116, .T. ) ;
#677 = AXIS2_PLACEMENT_3D ( 'NONE', #2924, #3351, #124 ) ;
#678 = CARTESIAN_POINT ( 'NONE',  ( -1.730904027841282167, 4.147329379649634440, 13.26488072439070898 ) ) ;
#679 = AXIS2_PLACEMENT_3D ( 'NONE', #626, #602, #1926 ) ;
#680 = ORIENTED_EDGE ( 'NONE', *, *, #984, .T. ) ;
#681 = VECTOR ( 'NONE', #2340, 1000.000000000000000 ) ;
#682 = DIRECTION ( 'NONE',  ( -1.000000000000000000, 0.000000000000000000, 6.938893903907232322E-15 ) ) ;
#683 = CARTESIAN_POINT ( 'NONE',  ( -0.5772484597732697731, 3.950280671975391567, 13.21028267473114859 ) ) ;
#684 = AXIS2_PLACEMENT_3D ( 'NONE', #570, #4951, #4538 ) ;
#685 = CARTESIAN_POINT ( 'NONE',  ( -1.005940583367469054, 5.603593946458774511, 12.84512531873998853 ) ) ;
#686 = CIRCLE ( 'NONE', #421, 1.199999999999999734 ) ;
#687 = EDGE_CURVE ( 'NONE', #1910, #243, #2277, .T. ) ;
#688 = ORIENTED_EDGE ( 'NONE', *, *, #2737, .T. ) ;
#689 = VECTOR ( 'NONE', #356, 1000.000000000000000 ) ;
#690 = CARTESIAN_POINT ( 'NONE',  ( 57.27332898091297153, 65.76268804111840893, 4.507667618679100485 ) ) ;
#691 = CARTESIAN_POINT ( 'NONE',  ( 57.87737278591300338, 64.02612137607688680, 17.42081448377388853 ) ) ;
#692 = VERTEX_POINT ( 'NONE', #2715 ) ;
#693 = CIRCLE ( 'NONE', #605, 6.999999999999999112 ) ;
#694 = CARTESIAN_POINT ( 'NONE',  ( 51.03477375943695193, 71.08833710970783670, 4.507284169407765440 ) ) ;
#695 = ORIENTED_EDGE ( 'NONE', *, *, #5054, .F. ) ;
#696 = CARTESIAN_POINT ( 'NONE',  ( 50.82510279669327957, 69.43953282720050879, 19.27666444732202322 ) ) ;
#697 = PLANE ( 'NONE',  #749 ) ;
#698 = CARTESIAN_POINT ( 'NONE',  ( 49.92782540167764438, 71.34563886900868113, 17.53811704077451239 ) ) ;
#699 = LINE ( 'NONE', #4792, #4559 ) ;
#700 = ORIENTED_EDGE ( 'NONE', *, *, #2350, .T. ) ;
#701 = DIRECTION ( 'NONE',  ( -0.000000000000000000, -0.000000000000000000, -1.000000000000000000 ) ) ;
#702 = FACE_OUTER_BOUND ( 'NONE', #2144, .T. ) ;
#703 = DIRECTION ( 'NONE',  ( -6.982962677686269077E-15, 9.898612474448840598E-31, -1.000000000000000000 ) ) ;
#704 = EDGE_LOOP ( 'NONE', ( #1191, #354, #360, #2966 ) ) ;
#705 = CARTESIAN_POINT ( 'NONE',  ( 0.002407207683646719280, 2.823020553133676724, 15.24641197826841754 ) ) ;
#706 = ORIENTED_EDGE ( 'NONE', *, *, #4728, .T. ) ;
#707 = CARTESIAN_POINT ( 'NONE',  ( 11.19436216970072095, 54.30864996279486689, -3.720000000000081020 ) ) ;
#708 = CARTESIAN_POINT ( 'NONE',  ( 4.030547770565100052, -2.951350037205148880, 23.77999999999997627 ) ) ;
#709 = CARTESIAN_POINT ( 'NONE',  ( 56.20954312934457420, 65.24829108792789611, 3.919050019188145217 ) ) ;
#710 = ORIENTED_EDGE ( 'NONE', *, *, #4154, .F. ) ;
#711 = CARTESIAN_POINT ( 'NONE',  ( 56.83056451816237598, 64.67518126901079256, 4.367271163893941655 ) ) ;
#712 = LINE ( 'NONE', #1558, #366 ) ;
#713 = CARTESIAN_POINT ( 'NONE',  ( 51.92823289949233612, 72.02603289942079812, 4.508361965348512079 ) ) ;
#714 = ORIENTED_EDGE ( 'NONE', *, *, #4791, .F. ) ;
#715 = EDGE_CURVE ( 'NONE', #1817, #1142, #4351, .T. ) ;
#716 = CARTESIAN_POINT ( 'NONE',  ( 49.68674542068556832, 70.05447928350338316, 4.344058191124618773 ) ) ;
#717 = ORIENTED_EDGE ( 'NONE', *, *, #1870, .T. ) ;
#718 = DIRECTION ( 'NONE',  ( 0.000000000000000000, -0.000000000000000000, 1.000000000000000000 ) ) ;
#719 = DIRECTION ( 'NONE',  ( 1.000000000000000000, 0.000000000000000000, 0.000000000000000000 ) ) ;
#720 = CARTESIAN_POINT ( 'NONE',  ( 50.98799401882269677, 70.77308625153666810, 17.60434623593059911 ) ) ;
#721 = EDGE_CURVE ( 'NONE', #1913, #886, #4552, .T. ) ;
#722 = EDGE_CURVE ( 'NONE', #2417, #86, #788, .T. ) ;
#723 = DIRECTION ( 'NONE',  ( -1.000000000000000000, 9.219896231606735603E-17, 6.982962677686269077E-15 ) ) ;
#724 = ORIENTED_EDGE ( 'NONE', *, *, #3821, .F. ) ;
#725 = B_SPLINE_CURVE_WITH_KNOTS ( 'NONE', 3,
 ( #4864, #1175, #1582, #4408, #3225, #2825 ),
 .UNSPECIFIED., .F., .F.,
 ( 4, 2, 4 ),
 ( 0.000000000000000000, 0.0005889258828741244112, 0.001177851765748248822 ),
 .UNSPECIFIED. ) ;
#726 = FACE_BOUND ( 'NONE', #652, .T. ) ;
#727 = CARTESIAN_POINT ( 'NONE',  ( 58.69054777056489769, 63.30864996279486689, -6.670000000000415596 ) ) ;
#728 = LINE ( 'NONE', #4446, #4657 ) ;
#729 = ORIENTED_EDGE ( 'NONE', *, *, #4253, .F. ) ;
#730 = LINE ( 'NONE', #3623, #1979 ) ;
#731 = ORIENTED_EDGE ( 'NONE', *, *, #1292, .T. ) ;
#732 = DIRECTION ( 'NONE',  ( -6.991222571849441366E-15, 6.445834664451861014E-31, -1.000000000000000000 ) ) ;
#733 = DIRECTION ( 'NONE',  ( 1.000000000000000000, 0.000000000000000000, 0.000000000000000000 ) ) ;
#734 = CARTESIAN_POINT ( 'NONE',  ( -0.1882789354625891975, 3.108281138142636735, 13.89598619089312059 ) ) ;
#735 = CARTESIAN_POINT ( 'NONE',  ( 50.97262137886535527, 69.41310373044578341, 2.837631308709826605 ) ) ;
#736 =( BOUNDED_CURVE ( )  B_SPLINE_CURVE ( 2, ( #5061, #3405, #2249 ),
 .UNSPECIFIED., .F., .F. ) 
 B_SPLINE_CURVE_WITH_KNOTS ( ( 3, 3 ),
 ( 0.003232603133340775613, 0.01182143274819058218 ),
 .UNSPECIFIED. ) 
 CURVE ( )  GEOMETRIC_REPRESENTATION_ITEM ( )  RATIONAL_B_SPLINE_CURVE ( ( 0.8931585472075214138, 0.8032485900090760023, 0.9174484279608461357 ) ) 
 REPRESENTATION_ITEM ( '' )  );
#737 = ORIENTED_EDGE ( 'NONE', *, *, #754, .T. ) ;
#738 = CARTESIAN_POINT ( 'NONE',  ( -2.023781371170890520, 4.870421239365855470, 14.83377624903946668 ) ) ;
#739 = CARTESIAN_POINT ( 'NONE',  ( 57.77347244224421985, 65.09481694001300411, 4.545183636091337576 ) ) ;
#740 = CARTESIAN_POINT ( 'NONE',  ( 45.69038898407216465, 70.78422957023009587, 16.57298301695086096 ) ) ;
#741 = EDGE_CURVE ( 'NONE', #3188, #1830, #730, .T. ) ;
#742 = CARTESIAN_POINT ( 'NONE',  ( 57.60708225649239722, 65.79193861329231652, 17.60623660568059989 ) ) ;
#743 = EDGE_CURVE ( 'NONE', #4585, #3476, #2873, .T. ) ;
#744 = CARTESIAN_POINT ( 'NONE',  ( 49.70757554653223309, 69.54795240418695812, 3.216352256488728578 ) ) ;
#745 = ORIENTED_EDGE ( 'NONE', *, *, #476, .T. ) ;
#746 = DIRECTION ( 'NONE',  ( 1.000000000000000000, 0.000000000000000000, 0.000000000000000000 ) ) ;
#747 = CARTESIAN_POINT ( 'NONE',  ( 51.70854777056508311, 66.12164996279483375, 17.98000000000000398 ) ) ;
#748 = CARTESIAN_POINT ( 'NONE',  ( 50.07826731087040173, 71.36229067446407726, 17.55137942210087587 ) ) ;
#749 = AXIS2_PLACEMENT_3D ( 'NONE', #207, #1462, #640 ) ;
#750 = CARTESIAN_POINT ( 'NONE',  ( -0.9484574065159313561, 3.256133428067020663, 14.87275732045865517 ) ) ;
#751 = ORIENTED_EDGE ( 'NONE', *, *, #4134, .T. ) ;
#752 = CIRCLE ( 'NONE', #3771, 1.730000000000002425 ) ;
#753 = DIRECTION ( 'NONE',  ( 0.8164965809277270337, -0.000000000000000000, -0.5773502691896245098 ) ) ;
#754 = EDGE_CURVE ( 'NONE', #437, #3566, #3215, .T. ) ;
#755 = CARTESIAN_POINT ( 'NONE',  ( 8.259691434521279518, -2.952350037205148325, 9.113084999999994551 ) ) ;
#756 = DIRECTION ( 'NONE',  ( 1.000000000000000000, 0.000000000000000000, -6.938893903907229167E-15 ) ) ;
#757 = AXIS2_PLACEMENT_3D ( 'NONE', #2705, #3503, #641 ) ;
#758 = ORIENTED_EDGE ( 'NONE', *, *, #2210, .F. ) ;
#759 = CARTESIAN_POINT ( 'NONE',  ( -0.4258697836930048775, 3.614713845405777004, 12.44646414812569724 ) ) ;
#760 = ORIENTED_EDGE ( 'NONE', *, *, #2193, .T. ) ;
#761 = DIRECTION ( 'NONE',  ( 0.000000000000000000, 0.000000000000000000, 1.000000000000000000 ) ) ;
#762 = DIRECTION ( 'NONE',  ( 1.000000000000000000, 0.000000000000000000, 0.000000000000000000 ) ) ;
#763 = VECTOR ( 'NONE', #604, 1000.000000000000000 ) ;
#764 = CARTESIAN_POINT ( 'NONE',  ( -0.1741107925658328115, 3.122007973437142869, 15.67778729798584969 ) ) ;
#765 = CARTESIAN_POINT ( 'NONE',  ( 57.25376527415610894, 65.82089128141311107, 4.508872305064031138 ) ) ;
#766 = AXIS2_PLACEMENT_3D ( 'NONE', #869, #1734, #1308 ) ;
#767 = AXIS2_PLACEMENT_3D ( 'NONE', #524, #112, #2636 ) ;
#768 = VERTEX_POINT ( 'NONE', #346 ) ;
#769 = CARTESIAN_POINT ( 'NONE',  ( -0.9207580955868637229, 4.879081424444372317, 14.82508139121785895 ) ) ;
#770 = CARTESIAN_POINT ( 'NONE',  ( 57.83348068308122691, 63.07656519787338567, 4.889170409876030021 ) ) ;
#771 = CARTESIAN_POINT ( 'NONE',  ( 41.54551417954932901, 70.23458363114819747, 13.41363833577286080 ) ) ;
#772 = CARTESIAN_POINT ( 'NONE',  ( 56.68003868714534121, 62.91257528043335867, 17.94230608848551256 ) ) ;
#773 = CIRCLE ( 'NONE', #2759, 5.280000000000002025 ) ;
#774 = PRESENTATION_LAYER_ASSIGNMENT (  '', '', ( #4647 ) ) ;
#775 = CARTESIAN_POINT ( 'NONE',  ( 50.60323922068866409, 70.78555211509679168, 4.506138497269673415 ) ) ;
#776 = ORIENTED_EDGE ( 'NONE', *, *, #493, .F. ) ;
#777 = CARTESIAN_POINT ( 'NONE',  ( 52.96539214435025400, 68.71621027172405149, 19.60593378890962768 ) ) ;
#778 = FACE_OUTER_BOUND ( 'NONE', #2376, .T. ) ;
#779 = AXIS2_PLACEMENT_3D ( 'NONE', #5316, #3308, #2884 ) ;
#780 = CARTESIAN_POINT ( 'NONE',  ( 50.88740009543704446, 70.78150673676864812, 17.60593050636521895 ) ) ;
#781 = CARTESIAN_POINT ( 'NONE',  ( 5.830547770565105203, 4.448649962794835488, 17.98000000000000398 ) ) ;
#782 = VERTEX_POINT ( 'NONE', #1948 ) ;
#783 = LINE ( 'NONE', #1618, #1043 ) ;
#784 = DIRECTION ( 'NONE',  ( 0.000000000000000000, 0.000000000000000000, 1.000000000000000000 ) ) ;
#785 = CARTESIAN_POINT ( 'NONE',  ( 1.506120238718114290, 16.14602530996853247, -3.719999999999999751 ) ) ;
#786 = EDGE_CURVE ( 'NONE', #3313, #2577, #5226, .T. ) ;
#787 = ORIENTED_EDGE ( 'NONE', *, *, #1491, .T. ) ;
#788 = LINE ( 'NONE', #4399, #596 ) ;
#789 = VECTOR ( 'NONE', #141, 1000.000000000000000 ) ;
#790 = ORIENTED_EDGE ( 'NONE', *, *, #1814, .F. ) ;
#791 = CARTESIAN_POINT ( 'NONE',  ( -2.969452229434891066, 65.30864996279485979, 23.78000000000002245 ) ) ;
#792 = CARTESIAN_POINT ( 'NONE',  ( 49.59054777056510233, 69.54864996279485467, -3.720000000000341700 ) ) ;
#793 = CARTESIAN_POINT ( 'NONE',  ( -0.6213446334152893380, 4.084363874154989915, 16.23482587975767544 ) ) ;
#794 = CARTESIAN_POINT ( 'NONE',  ( 51.24974691044968722, 69.35804443392703433, 3.168544056468644676 ) ) ;
#795 = EDGE_LOOP ( 'NONE', ( #1408, #3363, #2775, #3580 ) ) ;
#796 = FACE_BOUND ( 'NONE', #4079, .T. ) ;
#797 = EDGE_CURVE ( 'NONE', #807, #415, #1573, .T. ) ;
#798 = CARTESIAN_POINT ( 'NONE',  ( 57.57794740061812888, 63.01768752074279689, 4.839838561927335192 ) ) ;
#799 = CARTESIAN_POINT ( 'NONE',  ( 49.08572455621533948, 71.23449137455827440, 17.45693897965949404 ) ) ;
#800 = FACE_OUTER_BOUND ( 'NONE', #4400, .T. ) ;
#801 = CARTESIAN_POINT ( 'NONE',  ( 50.00579789417044907, 70.76528845511495547, 4.521283719000119383 ) ) ;
#802 = EDGE_LOOP ( 'NONE', ( #3406, #5006 ) ) ;
#803 = CARTESIAN_POINT ( 'NONE',  ( 50.73403316006062624, 69.45560743597107489, 18.94577309320586167 ) ) ;
#804 = CARTESIAN_POINT ( 'NONE',  ( 58.07309700619373416, 63.06187792928204061, 4.958647685037002262 ) ) ;
#805 = CARTESIAN_POINT ( 'NONE',  ( 41.54212381672588350, 69.54864996279486888, 5.930248610402810705 ) ) ;
#806 = CARTESIAN_POINT ( 'NONE',  ( 1.506120238718114290, 53.62159102859877180, -1.719999999999999751 ) ) ;
#807 = VERTEX_POINT ( 'NONE', #814 ) ;
#808 = CARTESIAN_POINT ( 'NONE',  ( 50.75508017765801583, 65.99618511155517808, 17.99029307665346522 ) ) ;
#809 = CARTESIAN_POINT ( 'NONE',  ( 57.57197951681708759, 62.94959018319764965, 17.25961652427898230 ) ) ;
#810 = B_SPLINE_CURVE_WITH_KNOTS ( 'NONE', 3,
 ( #3504, #1435, #2220, #3884 ),
 .UNSPECIFIED., .F., .F.,
 ( 4, 4 ),
 ( 0.000000000000000000, 1.000000000000000000 ),
 .UNSPECIFIED. ) ;
#811 = FACE_BOUND ( 'NONE', #4269, .T. ) ;
#812 = EDGE_CURVE ( 'NONE', #3056, #1931, #1808, .T. ) ;
#813 = ORIENTED_EDGE ( 'NONE', *, *, #283, .T. ) ;
#814 = CARTESIAN_POINT ( 'NONE',  ( 5.830547770565105203, -0.4506357150439949666, 17.97999999999999687 ) ) ;
#815 = ORIENTED_EDGE ( 'NONE', *, *, #3373, .F. ) ;
#816 = CARTESIAN_POINT ( 'NONE',  ( -5.528395281464843158, 49.56776721078237813, 7.230000000000041283 ) ) ;
#817 = CARTESIAN_POINT ( 'NONE',  ( 5.861753816708791476, 62.93558384763080227, 17.98000000000000398 ) ) ;
#818 = CARTESIAN_POINT ( 'NONE',  ( -0.008802993025116197592, 2.840645495128103271, 15.28239719163829768 ) ) ;
#819 = ORIENTED_EDGE ( 'NONE', *, *, #3630, .F. ) ;
#820 = CARTESIAN_POINT ( 'NONE',  ( 55.76700212774212417, 65.85896555607013170, 2.508361965348510747 ) ) ;
#821 = EDGE_CURVE ( 'NONE', #4242, #2560, #134, .T. ) ;
#822 = ORIENTED_EDGE ( 'NONE', *, *, #5292, .F. ) ;
#823 = DIRECTION ( 'NONE',  ( 1.000000000000000000, 0.000000000000000000, 1.485878661455921679E-16 ) ) ;
#824 = DIRECTION ( 'NONE',  ( 0.000000000000000000, 0.000000000000000000, 1.000000000000000000 ) ) ;
#825 = CARTESIAN_POINT ( 'NONE',  ( 46.30503116285821363, 70.86574207332100173, 16.78458901693302963 ) ) ;
#826 = EDGE_CURVE ( 'NONE', #550, #1694, #5326, .T. ) ;
#827 = CARTESIAN_POINT ( 'NONE',  ( 46.83690771550455167, 69.54864996279485467, 3.096699971524984552 ) ) ;
#828 = EDGE_CURVE ( 'NONE', #2106, #3313, #2472, .T. ) ;
#829 = PRESENTATION_STYLE_ASSIGNMENT (( #3766 ) ) ;
#830 = VERTEX_POINT ( 'NONE', #5199 ) ;
#831 = CARTESIAN_POINT ( 'NONE',  ( 50.75151067568939567, 69.61220297386033451, 18.20136723102265819 ) ) ;
#832 = DIRECTION ( 'NONE',  ( 0.000000000000000000, 0.000000000000000000, 1.000000000000000000 ) ) ;
#833 = EDGE_CURVE ( 'NONE', #4786, #1180, #3957, .T. ) ;
#834 = CARTESIAN_POINT ( 'NONE',  ( 47.35410427964633584, 69.95600116124768419, 4.551129038898185541 ) ) ;
#835 = CARTESIAN_POINT ( 'NONE',  ( -1.021618818425302333, 3.317034040956045260, 13.56867562054962484 ) ) ;
#836 = DIRECTION ( 'NONE',  ( -0.000000000000000000, -1.000000000000000000, -0.000000000000000000 ) ) ;
#837 = CARTESIAN_POINT ( 'NONE',  ( 57.49690225724003056, 67.82887008211334035, -5.220000000000403872 ) ) ;
#838 = DIRECTION ( 'NONE',  ( -0.000000000000000000, 0.000000000000000000, 1.000000000000000000 ) ) ;
#839 = VERTEX_POINT ( 'NONE', #3432 ) ;
#840 = CARTESIAN_POINT ( 'NONE',  ( 2.979811201842679669, 68.89633881144422389, 10.86112350719650266 ) ) ;
#841 = CIRCLE ( 'NONE', #5063, 1.730000000000002425 ) ;
#842 = VERTEX_POINT ( 'NONE', #623 ) ;
#843 = CARTESIAN_POINT ( 'NONE',  ( 5.930547770565109289, 6.548649962794852009, 23.77999999999995495 ) ) ;
#844 = EDGE_CURVE ( 'NONE', #4746, #3188, #3915, .T. ) ;
#845 = CARTESIAN_POINT ( 'NONE',  ( -1.651096770990573281, 4.021752037969625881, 15.26000000000001933 ) ) ;
#846 = ORIENTED_EDGE ( 'NONE', *, *, #4352, .F. ) ;
#847 = DIRECTION ( 'NONE',  ( 1.000000000000000000, 0.000000000000000000, -6.938893903907226800E-15 ) ) ;
#848 = VERTEX_POINT ( 'NONE', #1389 ) ;
#849 = DIRECTION ( 'NONE',  ( -0.000000000000000000, 0.000000000000000000, -1.000000000000000000 ) ) ;
#850 = CARTESIAN_POINT ( 'NONE',  ( 51.15163511773711491, 71.10098938670820701, 17.60593378890962413 ) ) ;
#851 = CARTESIAN_POINT ( 'NONE',  ( 8.259691434521279518, 71.14864996279486320, 10.61308480000000110 ) ) ;
#852 = AXIS2_PLACEMENT_3D ( 'NONE', #2532, #4586, #4187 ) ;
#853 = VECTOR ( 'NONE', #1104, 1000.000000000000000 ) ;
#854 = ADVANCED_FACE ( 'NONE', ( #4718 ), #3035, .F. ) ;
#855 = EDGE_CURVE ( 'NONE', #5280, #839, #4994, .T. ) ;
#856 = DIRECTION ( 'NONE',  ( -1.000000000000000000, 1.982541115402065307E-15, 0.000000000000000000 ) ) ;
#857 = ORIENTED_EDGE ( 'NONE', *, *, #3296, .T. ) ;
#858 = VECTOR ( 'NONE', #271, 1000.000000000000000 ) ;
#859 = CARTESIAN_POINT ( 'NONE',  ( 55.38240854106613398, 67.51275174192893758, 17.75021700572848715 ) ) ;
#860 = CARTESIAN_POINT ( 'NONE',  ( 57.17056655768397633, 56.24114872525399988, 10.42388433750662458 ) ) ;
#861 = DIRECTION ( 'NONE',  ( 0.9999911583173988205, 0.004205150059984123952, -0.000000000000000000 ) ) ;
#862 = CARTESIAN_POINT ( 'NONE',  ( 44.29283847303505439, 69.54864996279485467, 18.07225205098047027 ) ) ;
#863 = CARTESIAN_POINT ( 'NONE',  ( 43.35812719159025619, 70.47494887933393670, 6.818997725990254111 ) ) ;
#864 = CARTESIAN_POINT ( 'NONE',  ( 56.97915884661566821, 56.27321478077119821, 12.86835287755659607 ) ) ;
#865 = CARTESIAN_POINT ( 'NONE',  ( 51.69054777056511085, 4.048649962794850232, 23.77999999999964231 ) ) ;
#866 = DIRECTION ( 'NONE',  ( 0.000000000000000000, 0.000000000000000000, -1.000000000000000000 ) ) ;
#867 = CARTESIAN_POINT ( 'NONE',  ( 56.03556954947677582, 65.28115472710820200, 18.93793212669929105 ) ) ;
#868 = VERTEX_POINT ( 'NONE', #1819 ) ;
#869 = CARTESIAN_POINT ( 'NONE',  ( 45.19436216970091635, 54.30864996279486689, 23.78100000000011960 ) ) ;
#870 = B_SPLINE_CURVE_WITH_KNOTS ( 'NONE', 3,
 ( #2211, #4159, #201, #4309, #1770, #3849, #3419, #4653 ),
 .UNSPECIFIED., .F., .F.,
 ( 4, 2, 2, 4 ),
 ( 0.000000000000000000, 0.0008391665951939511134, 0.001258749892790926670, 0.001678333190387902227 ),
 .UNSPECIFIED. ) ;
#871 = ORIENTED_EDGE ( 'NONE', *, *, #3554, .F. ) ;
#872 = ADVANCED_FACE ( 'NONE', ( #4692 ), #2285, .T. ) ;
#873 = CARTESIAN_POINT ( 'NONE',  ( -2.969452229435046942, 28.84697162930884673, 1.831980111264639888 ) ) ;
#874 = CIRCLE ( 'NONE', #4145, 2.000000000000000000 ) ;
#875 = CARTESIAN_POINT ( 'NONE',  ( 0.1352344777505256057, 2.622528485679297638, 14.52459233681525141 ) ) ;
#876 = ORIENTED_EDGE ( 'NONE', *, *, #1855, .F. ) ;
#877 = CARTESIAN_POINT ( 'NONE',  ( 52.58121831079001396, 70.70632835876219247, 4.508361965348508527 ) ) ;
#878 = PLANE ( 'NONE',  #4634 ) ;
#879 = VECTOR ( 'NONE', #1452, 1000.000000000000000 ) ;
#880 = ORIENTED_EDGE ( 'NONE', *, *, #3133, .T. ) ;
#881 = CARTESIAN_POINT ( 'NONE',  ( 43.91782418975069646, 63.94971519960149209, 17.60593378890961702 ) ) ;
#882 = CARTESIAN_POINT ( 'NONE',  ( 56.21497530241190077, 12.72672186848767062, -3.719999999999999751 ) ) ;
#883 = PLANE ( 'NONE',  #509 ) ;
#884 = CARTESIAN_POINT ( 'NONE',  ( 49.69220115958529504, 69.54864996279485467, 19.51739247970225932 ) ) ;
#885 = CARTESIAN_POINT ( 'NONE',  ( 58.69054777056490479, -2.951350037205148880, -5.220000000000410090 ) ) ;
#886 = VERTEX_POINT ( 'NONE', #2223 ) ;
#887 = CARTESIAN_POINT ( 'NONE',  ( 56.38802815089033516, 65.95039457405518135, 17.75165590785484326 ) ) ;
#888 = DIRECTION ( 'NONE',  ( 6.982962677686267499E-15, -0.000000000000000000, 1.000000000000000000 ) ) ;
#889 = CARTESIAN_POINT ( 'NONE',  ( 51.29349193309585786, 71.38606933607925953, 17.60593378890961702 ) ) ;
#890 = CARTESIAN_POINT ( 'NONE',  ( 41.67104978101972534, 69.54864996279486888, 6.071781426052980990 ) ) ;
#891 = EDGE_CURVE ( 'NONE', #2021, #4379, #3678, .T. ) ;
#892 = CARTESIAN_POINT ( 'NONE',  ( -0.7041055428960553142, 4.304403494016183274, 16.27510687286255475 ) ) ;
#893 = CARTESIAN_POINT ( 'NONE',  ( 56.62898178250898695, 56.92537581101586142, 7.186460006845946324 ) ) ;
#894 = CARTESIAN_POINT ( 'NONE',  ( 3.861771500073979180, 62.92717354751083292, 17.98000000000000398 ) ) ;
#895 = CARTESIAN_POINT ( 'NONE',  ( 0.3245477705650879896, 2.926649962794846349, 17.98000000000000398 ) ) ;
#896 = ADVANCED_FACE ( 'NONE', ( #3460 ), #4271, .T. ) ;
#897 = EDGE_LOOP ( 'NONE', ( #2536, #4774, #876, #4477, #3306 ) ) ;
#898 = CARTESIAN_POINT ( 'NONE',  ( 3.534891459449393647, 69.12680408022070822, 12.98252693613189912 ) ) ;
#899 = ADVANCED_FACE ( 'NONE', ( #2910 ), #1289, .F. ) ;
#900 = ORIENTED_EDGE ( 'NONE', *, *, #797, .T. ) ;
#901 = FACE_OUTER_BOUND ( 'NONE', #2738, .T. ) ;
#902 = FACE_OUTER_BOUND ( 'NONE', #3266, .T. ) ;
#903 = ORIENTED_EDGE ( 'NONE', *, *, #163, .F. ) ;
#904 = CARTESIAN_POINT ( 'NONE',  ( 56.34199619466797060, 68.55914693075926891, 4.508361965348510303 ) ) ;
#905 = PLANE ( 'NONE',  #1455 ) ;
#906 = VERTEX_POINT ( 'NONE', #1010 ) ;
#907 = PLANE ( 'NONE',  #3015 ) ;
#908 = CARTESIAN_POINT ( 'NONE',  ( 56.59054777056510233, 62.54864996279485467, 3.096164997636416505 ) ) ;
#909 = DIRECTION ( 'NONE',  ( 0.000000000000000000, -1.000000000000000000, 0.000000000000000000 ) ) ;
#910 = DIRECTION ( 'NONE',  ( 1.000000000000000000, 0.000000000000000000, -0.000000000000000000 ) ) ;
#911 = EDGE_CURVE ( 'NONE', #3696, #1006, #773, .T. ) ;
#912 = ORIENTED_EDGE ( 'NONE', *, *, #1219, .T. ) ;
#913 = EDGE_CURVE ( 'NONE', #581, #4042, #4814, .T. ) ;
#914 = CARTESIAN_POINT ( 'NONE',  ( 4.030547770564898435, 4.048649962794850232, -5.220000000000026397 ) ) ;
#915 = DIRECTION ( 'NONE',  ( 4.511425619503902066E-45, 1.000000000000000000, 6.445834664451860138E-31 ) ) ;
#916 = CARTESIAN_POINT ( 'NONE',  ( 49.60826187457672631, 69.54863952415604444, 18.88853622694988132 ) ) ;
#917 = CARTESIAN_POINT ( 'NONE',  ( 41.70156162598388505, 70.25526214773317690, 8.438337467669869696 ) ) ;
#918 = CARTESIAN_POINT ( 'NONE',  ( 56.64441327251456926, 58.84481125215126696, 16.46055052748316783 ) ) ;
#919 = DIRECTION ( 'NONE',  ( -0.000000000000000000, 0.000000000000000000, -1.000000000000000000 ) ) ;
#920 = CARTESIAN_POINT ( 'NONE',  ( 41.70239533589094094, 13.44864996279486213, -5.220000000000291074 ) ) ;
#921 = ORIENTED_EDGE ( 'NONE', *, *, #2271, .T. ) ;
#922 = CARTESIAN_POINT ( 'NONE',  ( 2.997083131958071966, 68.90445451954374789, 11.10810752103191845 ) ) ;
#923 = ADVANCED_FACE ( 'NONE', ( #2655 ), #883, .F. ) ;
#924 = ORIENTED_EDGE ( 'NONE', *, *, #4676, .F. ) ;
#925 = EDGE_CURVE ( 'NONE', #1954, #3878, #2141, .T. ) ;
#926 = FACE_OUTER_BOUND ( 'NONE', #1843, .T. ) ;
#927 = CARTESIAN_POINT ( 'NONE',  ( 43.91782418975069646, 63.94971519960149209, 11.05714787712906322 ) ) ;
#928 = ORIENTED_EDGE ( 'NONE', *, *, #3202, .T. ) ;
#929 = CARTESIAN_POINT ( 'NONE',  ( 57.53661953042444566, 66.00789582045203474, 4.508361965348512079 ) ) ;
#930 = CARTESIAN_POINT ( 'NONE',  ( 55.99047171445558746, 65.38431099902913957, 2.508361965348510303 ) ) ;
#931 = VECTOR ( 'NONE', #3749, 1000.000000000000000 ) ;
#932 = B_SPLINE_SURFACE_WITH_KNOTS ( 'NONE', 5, 3, ( 
 ( #5111, #2676, #4312, #2624, #2724, #227, #1806, #612, #4360, #3053, #1003 ),
 ( #2274, #1888, #2647, #4288, #1486, #588, #2246, #4762, #1458, #3100, #1079 ),
 ( #662, #2322, #255, #3560, #1994, #3608, #4897, #3173, #744, #359, #279 ),
 ( #2781, #3637, #4087, #3660, #5294, #4816, #5210, #2753, #4785, #1561, #4413 ),
 ( #1609, #2461, #3252, #1208, #4841, #5239, #3204, #1130, #4492, #383, #716 ),
 ( #1156, #2804, #3686, #2861, #775, #1101, #4435, #801, #4386, #1531, #2403 ),
 ( #3229, #1936, #694, #2020, #3983, #3581, #2832, #4034, #5268, #2352, #2377 ),
 ( #4008, #333, #4868, #304, #4462, #1585, #2433, #4061, #1178, #1961, #2044 ) ),
 .UNSPECIFIED., .F., .F., .F.,
 ( 6, 2, 6 ),
 ( 4, 1, 1, 1, 1, 1, 1, 1, 4 ),
 ( 0.000000000000000000, 0.5000000000000000000, 1.000000000000000000 ),
 ( 0.000000000000000000, 0.0001142526933642672767, 0.0002856317334106682460, 0.0005141371201392028537, 0.0008568952002320047922, 0.001199653280324806731, 0.001428158667053341067, 0.001599537707099742091, 0.001713790400464009151 ),
 .UNSPECIFIED. ) ;
#933 = VERTEX_POINT ( 'NONE', #2102 ) ;
#934 = DIRECTION ( 'NONE',  ( -1.000000000000000000, 0.000000000000000000, 0.000000000000000000 ) ) ;
#935 = CARTESIAN_POINT ( 'NONE',  ( 49.89054777056510659, 4.448649962794835488, 21.98000000000000398 ) ) ;
#936 = CARTESIAN_POINT ( 'NONE',  ( -2.969452229435074475, 28.84697162930884673, -1.934075827659136104 ) ) ;
#937 = AXIS2_PLACEMENT_3D ( 'NONE', #4296, #2306, #5172 ) ;
#938 = B_SPLINE_CURVE_WITH_KNOTS ( 'NONE', 3,
 ( #3018, #884, #2944, #2103 ),
 .UNSPECIFIED., .F., .F.,
 ( 4, 4 ),
 ( 0.000000000000000000, 0.2116108333265467878 ),
 .UNSPECIFIED. ) ;
#939 = DIRECTION ( 'NONE',  ( -0.000000000000000000, 1.000000000000000000, -0.000000000000000000 ) ) ;
#940 = CIRCLE ( 'NONE', #4896, 1.729999999999999760 ) ;
#941 = ORIENTED_EDGE ( 'NONE', *, *, #3693, .F. ) ;
#942 = CARTESIAN_POINT ( 'NONE',  ( 42.98487433577290773, 72.30864996279483137, 8.014827585846388658 ) ) ;
#943 = CARTESIAN_POINT ( 'NONE',  ( 57.52646696523423486, 66.85477843626181027, 17.60593378890961702 ) ) ;
#944 = CARTESIAN_POINT ( 'NONE',  ( 41.06502785020649782, 70.06886613127008445, 13.16120327967290038 ) ) ;
#945 = VECTOR ( 'NONE', #2227, 1000.000000000000000 ) ;
#946 = CARTESIAN_POINT ( 'NONE',  ( -0.9559131529359371493, 5.289293815182261049, 15.96083230141235454 ) ) ;
#947 = CARTESIAN_POINT ( 'NONE',  ( 57.09088020748204428, 56.37741741285299213, 12.83433488509817444 ) ) ;
#948 = CARTESIAN_POINT ( 'NONE',  ( 5.830547770565072341, 70.35642966398192755, 17.98000000000000398 ) ) ;
#949 = VECTOR ( 'NONE', #4020, 1000.000000000000000 ) ;
#950 = CARTESIAN_POINT ( 'NONE',  ( 58.69054777056490479, 63.30864996279486689, -5.220000000000410090 ) ) ;
#951 = VERTEX_POINT ( 'NONE', #3891 ) ;
#952 = VECTOR ( 'NONE', #4918, 1000.000000000000000 ) ;
#953 = CARTESIAN_POINT ( 'NONE',  ( 4.361925613521664857, 69.37252654892833448, 14.18309866379346396 ) ) ;
#954 = VECTOR ( 'NONE', #1498, 1000.000000000000114 ) ;
#955 = VERTEX_POINT ( 'NONE', #440 ) ;
#956 = AXIS2_PLACEMENT_3D ( 'NONE', #3236, #2894, #5247 ) ;
#957 = CARTESIAN_POINT ( 'NONE',  ( 0.5061202387181135132, 16.14602530996853247, -1.719999999999999751 ) ) ;
#958 = CYLINDRICAL_SURFACE ( 'NONE', #3032, 2.000000000000001776 ) ;
#959 = ORIENTED_EDGE ( 'NONE', *, *, #3821, .T. ) ;
#960 = CARTESIAN_POINT ( 'NONE',  ( 56.84500024624272640, 67.32276449629078741, 4.508361965348766098 ) ) ;
#961 = CARTESIAN_POINT ( 'NONE',  ( 51.69054777056511085, 4.048649962794850232, 23.77999999999964231 ) ) ;
#962 = ORIENTED_EDGE ( 'NONE', *, *, #4978, .T. ) ;
#963 = CARTESIAN_POINT ( 'NONE',  ( 56.59054777056510233, 51.14276721078237387, 2.804999999999597815 ) ) ;
#964 = AXIS2_PLACEMENT_3D ( 'NONE', #3330, #4970, #2559 ) ;
#965 = CARTESIAN_POINT ( 'NONE',  ( 55.21497530241190077, 12.72672186848767062, -1.719999999999999751 ) ) ;
#966 = CARTESIAN_POINT ( 'NONE',  ( 56.59054777056510233, 52.71776721078237671, 13.38000000000004519 ) ) ;
#967 = AXIS2_PLACEMENT_3D ( 'NONE', #1946, #3110, #2363 ) ;
#968 = AXIS2_PLACEMENT_3D ( 'NONE', #1747, #2517, #4618 ) ;
#969 = ADVANCED_FACE ( 'NONE', ( #37 ), #1785, .F. ) ;
#970 = CARTESIAN_POINT ( 'NONE',  ( 41.70239533589094805, 16.84864996279485894, -3.720000000000291074 ) ) ;
#971 = ORIENTED_EDGE ( 'NONE', *, *, #2370, .T. ) ;
#972 = AXIS2_PLACEMENT_3D ( 'NONE', #4144, #1795, #2588 ) ;
#973 = CARTESIAN_POINT ( 'NONE',  ( 14.68632900351048143, 16.84864996279485894, -3.720000000000103224 ) ) ;
#974 = DIRECTION ( 'NONE',  ( 0.000000000000000000, 0.000000000000000000, 1.000000000000000000 ) ) ;
#975 = CARTESIAN_POINT ( 'NONE',  ( 42.71116077520885312, 70.38915324878280444, 7.129693612214516918 ) ) ;
#976 = CARTESIAN_POINT ( 'NONE',  ( 44.91461800984087915, 70.68183356364147585, 5.893980440129384490 ) ) ;
#977 = CARTESIAN_POINT ( 'NONE',  ( 16.19436216970071030, 59.30864996279485979, -5.220000000000112550 ) ) ;
#978 = CYLINDRICAL_SURFACE ( 'NONE', #2063, 1.000000000000000888 ) ;
#979 = CYLINDRICAL_SURFACE ( 'NONE', #4534, 1.730000000000002425 ) ;
#980 = ORIENTED_EDGE ( 'NONE', *, *, #4091, .T. ) ;
#981 = CARTESIAN_POINT ( 'NONE',  ( 58.69154777056517247, 53.59604800156339621, 2.203953938914239075 ) ) ;
#982 = ORIENTED_EDGE ( 'NONE', *, *, #3465, .T. ) ;
#983 = DIRECTION ( 'NONE',  ( 6.991222571849442154E-15, -6.445834664451861014E-31, 1.000000000000000000 ) ) ;
#984 = EDGE_CURVE ( 'NONE', #3278, #4267, #4258, .T. ) ;
#985 = CARTESIAN_POINT ( 'NONE',  ( 50.88701908787184180, 72.30864996279484558, 23.77999999999964587 ) ) ;
#986 = ADVANCED_FACE ( 'NONE', ( #5173, #1139 ), #1923, .F. ) ;
#987 = B_SPLINE_CURVE_WITH_KNOTS ( 'NONE', 3,
 ( #425, #3668, #393, #3295, #1273, #4525, #4158, #837, #455, #48, #3808, #950 ),
 .UNSPECIFIED., .F., .F.,
 ( 4, 2, 2, 2, 2, 4 ),
 ( 0.000000000000000000, 0.2500000000000006661, 0.5000000000000013323, 0.6250000000000016653, 0.7500000000000019984, 1.000000000000000000 ),
 .UNSPECIFIED. ) ;
#988 = DIRECTION ( 'NONE',  ( 0.000000000000000000, 0.000000000000000000, 1.000000000000000000 ) ) ;
#989 = ORIENTED_EDGE ( 'NONE', *, *, #1243, .F. ) ;
#990 = FACE_BOUND ( 'NONE', #4947, .T. ) ;
#991 = ORIENTED_EDGE ( 'NONE', *, *, #1024, .T. ) ;
#992 = CARTESIAN_POINT ( 'NONE',  ( 50.31597899756765457, 64.54633924311154658, 20.78000000000000469 ) ) ;
#993 = CARTESIAN_POINT ( 'NONE',  ( 54.21497530241190077, 12.72672186848767062, -1.719999999999999751 ) ) ;
#994 = EDGE_CURVE ( 'NONE', #2335, #4917, #1203, .T. ) ;
#995 = CARTESIAN_POINT ( 'NONE',  ( -1.028475796603226744, 5.784399725706917295, 15.45224850361253210 ) ) ;
#996 = CARTESIAN_POINT ( 'NONE',  ( 56.20837362449272945, 64.83718913186703503, 3.186229297980487818 ) ) ;
#997 = EDGE_CURVE ( 'NONE', #4192, #2140, #2732, .T. ) ;
#998 = ORIENTED_EDGE ( 'NONE', *, *, #2843, .F. ) ;
#999 = CARTESIAN_POINT ( 'NONE',  ( 58.69054777056511085, -2.951350037205148880, 23.77999999999959257 ) ) ;
#1000 = EDGE_LOOP ( 'NONE', ( #4176, #1787, #1391, #980, #1757, #3926, #3592, #928 ) ) ;
#1001 = CARTESIAN_POINT ( 'NONE',  ( 42.63120347003629718, 70.24046870782110830, 15.05868553030921397 ) ) ;
#1002 = CARTESIAN_POINT ( 'NONE',  ( -2.004277271655698023, 4.787311826445151297, 13.58250058976515362 ) ) ;
#1003 = CARTESIAN_POINT ( 'NONE',  ( 49.59054777056510943, 69.54864996279486888, 2.611445697536316057 ) ) ;
#1004 = DIRECTION ( 'NONE',  ( 1.000000000000000000, 0.000000000000000000, 0.000000000000000000 ) ) ;
#1005 = CARTESIAN_POINT ( 'NONE',  ( 56.16067718741835080, 65.00016703122889794, 2.508361965348510303 ) ) ;
#1006 = VERTEX_POINT ( 'NONE', #1543 ) ;
#1007 = CARTESIAN_POINT ( 'NONE',  ( 50.01938263019999198, 69.53647117495536634, 18.92187768515843516 ) ) ;
#1008 = ORIENTED_EDGE ( 'NONE', *, *, #2378, .T. ) ;
#1009 = DIRECTION ( 'NONE',  ( 0.000000000000000000, 1.000000000000000000, 0.000000000000000000 ) ) ;
#1010 = CARTESIAN_POINT ( 'NONE',  ( 52.16438782148027542, 62.90437780148707958, 20.78000000000000469 ) ) ;
#1011 = FACE_OUTER_BOUND ( 'NONE', #3293, .T. ) ;
#1012 = VERTEX_POINT ( 'NONE', #4395 ) ;
#1013 = CARTESIAN_POINT ( 'NONE',  ( -1.857764169586676228, 4.377574034592000451, 13.30759989767244100 ) ) ;
#1014 = VERTEX_POINT ( 'NONE', #4850 ) ;
#1015 = LINE ( 'NONE', #2177, #763 ) ;
#1016 = CARTESIAN_POINT ( 'NONE',  ( -0.7732225530263053814, 4.533838942243530568, 12.26976144877605002 ) ) ;
#1017 = VECTOR ( 'NONE', #2435, 1000.000000000000000 ) ;
#1018 = CARTESIAN_POINT ( 'NONE',  ( 56.57277335319405864, 63.08355500740271538, 3.206732728245300645 ) ) ;
#1019 = ORIENTED_EDGE ( 'NONE', *, *, #1126, .F. ) ;
#1020 = VECTOR ( 'NONE', #888, 1000.000000000000000 ) ;
#1021 = EDGE_CURVE ( 'NONE', #397, #955, #3991, .T. ) ;
#1022 = FACE_OUTER_BOUND ( 'NONE', #4332, .T. ) ;
#1023 = ORIENTED_EDGE ( 'NONE', *, *, #2251, .F. ) ;
#1024 = EDGE_CURVE ( 'NONE', #4917, #415, #1896, .T. ) ;
#1025 = AXIS2_PLACEMENT_3D ( 'NONE', #4957, #1697, #5056 ) ;
#1026 = CARTESIAN_POINT ( 'NONE',  ( -1.052628240220505607, 6.062549082410218837, 14.80008014530715066 ) ) ;
#1027 = CARTESIAN_POINT ( 'NONE',  ( 3.830547770565090548, 6.448649962794850587, 21.98000000000000398 ) ) ;
#1028 = ORIENTED_EDGE ( 'NONE', *, *, #2578, .F. ) ;
#1029 = CIRCLE ( 'NONE', #595, 1.729999999999998872 ) ;
#1030 = CARTESIAN_POINT ( 'NONE',  ( 56.59054777056510943, 57.62769537360066607, 5.533850279825994534 ) ) ;
#1031 = FACE_OUTER_BOUND ( 'NONE', #5211, .T. ) ;
#1032 = VECTOR ( 'NONE', #3080, 1000.000000000000000 ) ;
#1033 = DIRECTION ( 'NONE',  ( -9.912705577010325549E-17, 1.000000000000000000, 0.000000000000000000 ) ) ;
#1034 = CARTESIAN_POINT ( 'NONE',  ( 49.69415168109593850, 69.54818027793163537, 19.51740579798148545 ) ) ;
#1035 = CARTESIAN_POINT ( 'NONE',  ( 52.81567989703702182, 64.50766867042288766, 21.98000000000000398 ) ) ;
#1036 = EDGE_LOOP ( 'NONE', ( #1507, #2714, #3956, #2004 ) ) ;
#1037 = CARTESIAN_POINT ( 'NONE',  ( -2.969452229435054935, 53.59604800156340332, 0.2273247201560552599 ) ) ;
#1038 = CARTESIAN_POINT ( 'NONE',  ( 58.69054777056511085, 63.30864996279486689, 23.77999999999959257 ) ) ;
#1039 = DIRECTION ( 'NONE',  ( 1.000000000000000000, 0.000000000000000000, 0.000000000000000000 ) ) ;
#1040 = ORIENTED_EDGE ( 'NONE', *, *, #2320, .F. ) ;
#1041 = CARTESIAN_POINT ( 'NONE',  ( -1.806493104570800368, 4.274910817700588339, 15.24146018365603261 ) ) ;
#1042 = VECTOR ( 'NONE', #3620, 1000.000000000000000 ) ;
#1043 = VECTOR ( 'NONE', #4823, 1000.000000000000000 ) ;
#1044 = EDGE_CURVE ( 'NONE', #550, #768, #3154, .T. ) ;
#1045 = ORIENTED_EDGE ( 'NONE', *, *, #4498, .T. ) ;
#1046 = FACE_OUTER_BOUND ( 'NONE', #4974, .T. ) ;
#1047 = CARTESIAN_POINT ( 'NONE',  ( -0.3996082386518033935, 3.524652194607788669, 13.36632364804969697 ) ) ;
#1048 = CARTESIAN_POINT ( 'NONE',  ( -1.038001869645498232, 5.883975191226275214, 13.26613595384141142 ) ) ;
#1049 = AXIS2_PLACEMENT_3D ( 'NONE', #927, #81, #1738 ) ;
#1050 = CARTESIAN_POINT ( 'NONE',  ( 56.57083435846329422, 63.10862494564869962, 3.490005320256266863 ) ) ;
#1051 = VERTEX_POINT ( 'NONE', #3939 ) ;
#1052 = CARTESIAN_POINT ( 'NONE',  ( 56.52812818225330460, 63.52206102683550881, 18.72814835754328300 ) ) ;
#1053 = ORIENTED_EDGE ( 'NONE', *, *, #4466, .F. ) ;
#1054 = EDGE_CURVE ( 'NONE', #1472, #162, #4772, .T. ) ;
#1055 = B_SPLINE_CURVE_WITH_KNOTS ( 'NONE', 5,
 ( #2626, #4265, #2139, #1732, #565, #3856, #2575, #510 ),
 .UNSPECIFIED., .F., .F.,
 ( 6, 2, 6 ),
 ( 0.000000000000000000, 0.5000000000000000000, 1.000000000000000000 ),
 .UNSPECIFIED. ) ;
#1056 = CARTESIAN_POINT ( 'NONE',  ( -1.036334971995246157, 5.866424610563557351, 13.23110619593453485 ) ) ;
#1057 = CARTESIAN_POINT ( 'NONE',  ( 57.35111145440463787, 57.60566439127785543, 7.687333338051576703 ) ) ;
#1058 = ORIENTED_EDGE ( 'NONE', *, *, #2204, .T. ) ;
#1059 = LINE ( 'NONE', #3453, #4214 ) ;
#1060 = CARTESIAN_POINT ( 'NONE',  ( 58.69054777056511085, 4.048649962794850232, 23.77999999999959257 ) ) ;
#1061 = CARTESIAN_POINT ( 'NONE',  ( 8.259691434521279518, 87.68274518145474872, 10.61308480000000110 ) ) ;
#1062 = CARTESIAN_POINT ( 'NONE',  ( 5.930547770565109289, 6.548649962794852009, 17.97999999999999687 ) ) ;
#1063 = CARTESIAN_POINT ( 'NONE',  ( 58.69054777056504690, 63.30864996279486689, 14.59666666666626433 ) ) ;
#1064 = ORIENTED_EDGE ( 'NONE', *, *, #1387, .T. ) ;
#1065 = CARTESIAN_POINT ( 'NONE',  ( 55.21497530241190077, 56.90412233242040685, -3.719999999999999751 ) ) ;
#1066 = AXIS2_PLACEMENT_3D ( 'NONE', #190, #1844, #1438 ) ;
#1067 = EDGE_CURVE ( 'NONE', #3761, #1014, #1518, .T. ) ;
#1068 = CARTESIAN_POINT ( 'NONE',  ( 58.07309700619373416, 63.06187792928204061, 4.958647685037002262 ) ) ;
#1069 = CARTESIAN_POINT ( 'NONE',  ( 55.96869874253863486, 66.57909357290570540, 17.98000000000000398 ) ) ;
#1070 = ORIENTED_EDGE ( 'NONE', *, *, #4245, .F. ) ;
#1071 = DIRECTION ( 'NONE',  ( -1.000000000000000000, 0.000000000000000000, 0.000000000000000000 ) ) ;
#1072 = ORIENTED_EDGE ( 'NONE', *, *, #1478, .F. ) ;
#1073 = DIRECTION ( 'NONE',  ( 1.000000000000000000, 0.000000000000000000, 0.000000000000000000 ) ) ;
#1074 = CARTESIAN_POINT ( 'NONE',  ( -0.3565543373734574861, 3.469052361329168388, 12.53485458263208407 ) ) ;
#1075 = CARTESIAN_POINT ( 'NONE',  ( -1.049044203751022586, 6.003321341360841501, 14.99819696905553101 ) ) ;
#1076 = CARTESIAN_POINT ( 'NONE',  ( 57.00847129291584281, 63.03081050789688078, 4.589518796615230656 ) ) ;
#1077 = DIRECTION ( 'NONE',  ( -1.177133787269976313E-16, 1.000000000000000000, 1.811849377759856997E-30 ) ) ;
#1078 = ORIENTED_EDGE ( 'NONE', *, *, #3593, .T. ) ;
#1079 = CARTESIAN_POINT ( 'NONE',  ( 49.59940512995041217, 69.54864996279486888, 2.918596655045630595 ) ) ;
#1080 = ORIENTED_EDGE ( 'NONE', *, *, #1782, .F. ) ;
#1081 = CARTESIAN_POINT ( 'NONE',  ( 0.5061202387181135132, 53.62159102859877180, -1.719999999999999751 ) ) ;
#1082 = CARTESIAN_POINT ( 'NONE',  ( 40.19436216970091635, 59.30864996279485979, -3.720000000000282192 ) ) ;
#1083 = FACE_OUTER_BOUND ( 'NONE', #2434, .T. ) ;
#1084 = CARTESIAN_POINT ( 'NONE',  ( 49.83231639083103914, 69.54504173942841305, 19.22181959073049740 ) ) ;
#1085 = CARTESIAN_POINT ( 'NONE',  ( 0.5061202387181135132, 53.62159102859877180, -3.719999999999999751 ) ) ;
#1086 = ORIENTED_EDGE ( 'NONE', *, *, #1145, .F. ) ;
#1087 = CARTESIAN_POINT ( 'NONE',  ( 56.59054777056510233, 54.71615198797169910, 11.05714787712909697 ) ) ;
#1088 = CARTESIAN_POINT ( 'NONE',  ( 49.59054777056510943, -0.4513500372051434950, -3.720000000000389662 ) ) ;
#1089 = ORIENTED_EDGE ( 'NONE', *, *, #5213, .T. ) ;
#1090 = ADVANCED_FACE ( 'NONE', ( #702 ), #4824, .F. ) ;
#1091 = CARTESIAN_POINT ( 'NONE',  ( 51.70854777056508311, 66.12164996279483375, 17.98000000000000398 ) ) ;
#1092 = ORIENTED_EDGE ( 'NONE', *, *, #4580, .F. ) ;
#1093 = DIRECTION ( 'NONE',  ( 6.991222571849442154E-15, -6.445834664451861014E-31, 1.000000000000000000 ) ) ;
#1094 = CARTESIAN_POINT ( 'NONE',  ( -0.7881257529196620260, 3.127120042627900443, 13.86611690783176876 ) ) ;
#1095 = DIRECTION ( 'NONE',  ( 0.000000000000000000, 0.000000000000000000, 1.000000000000000000 ) ) ;
#1096 = ORIENTED_EDGE ( 'NONE', *, *, #4650, .F. ) ;
#1097 = CARTESIAN_POINT ( 'NONE',  ( 57.84778394658377465, 64.56448703283949442, 4.606217099092803302 ) ) ;
#1098 = CARTESIAN_POINT ( 'NONE',  ( 58.08271327100752757, 63.13455029028065724, 17.17300207991636540 ) ) ;
#1099 = ORIENTED_EDGE ( 'NONE', *, *, #5120, .F. ) ;
#1100 = AXIS2_PLACEMENT_3D ( 'NONE', #3778, #4606, #2192 ) ;
#1101 = CARTESIAN_POINT ( 'NONE',  ( 50.41634382852922869, 70.78136599492800940, 4.507416808470581238 ) ) ;
#1102 = ORIENTED_EDGE ( 'NONE', *, *, #4325, .T. ) ;
#1103 = CARTESIAN_POINT ( 'NONE',  ( 56.59054777056510233, 55.01458737921730346, 9.363674885066222586 ) ) ;
#1104 = DIRECTION ( 'NONE',  ( 0.000000000000000000, -1.000000000000000000, 0.000000000000000000 ) ) ;
#1105 = CARTESIAN_POINT ( 'NONE',  ( 48.84227765074215455, 69.54864996279485467, 2.694704243588814219 ) ) ;
#1106 = CARTESIAN_POINT ( 'NONE',  ( 13.19436216970072273, 30.70864996162471527, -3.720000000000094786 ) ) ;
#1107 = ORIENTED_EDGE ( 'NONE', *, *, #3489, .F. ) ;
#1108 = CARTESIAN_POINT ( 'NONE',  ( -1.069452229434889379, -0.4513500372051496567, -95.90999724335667054 ) ) ;
#1109 = AXIS2_PLACEMENT_3D ( 'NONE', #119, #1771, #974 ) ;
#1110 = CARTESIAN_POINT ( 'NONE',  ( 49.69054777056511796, 72.30864996279485979, 14.59666666666634960 ) ) ;
#1111 = AXIS2_PLACEMENT_3D ( 'NONE', #3478, #4210, #590 ) ;
#1112 = DIRECTION ( 'NONE',  ( -6.991222571849441366E-15, 6.445834664451861014E-31, -1.000000000000000000 ) ) ;
#1113 = ORIENTED_EDGE ( 'NONE', *, *, #5066, .F. ) ;
#1114 = CIRCLE ( 'NONE', #4721, 1.999999999999999112 ) ;
#1115 = DIRECTION ( 'NONE',  ( 1.000000000000000000, 0.000000000000000000, 0.000000000000000000 ) ) ;
#1116 = CIRCLE ( 'NONE', #4810, 7.000000000000000000 ) ;
#1117 = ORIENTED_EDGE ( 'NONE', *, *, #2320, .T. ) ;
#1118 = DIRECTION ( 'NONE',  ( 0.3481498071969617025, -0.9256393110103589006, -0.1482685997134484401 ) ) ;
#1119 = CARTESIAN_POINT ( 'NONE',  ( -0.7092678912756298359, 3.067430797392084685, 14.05544316335199539 ) ) ;
#1120 = CARTESIAN_POINT ( 'NONE',  ( 55.42601708504371771, 66.44165447127001300, 2.508361965348510747 ) ) ;
#1121 = ORIENTED_EDGE ( 'NONE', *, *, #5205, .F. ) ;
#1122 = AXIS2_PLACEMENT_3D ( 'NONE', #4116, #3822, #116 ) ;
#1123 = CARTESIAN_POINT ( 'NONE',  ( 58.08269887040894730, 63.13444146204246010, 4.941319662285150294 ) ) ;
#1124 = B_SPLINE_CURVE_WITH_KNOTS ( 'NONE', 5,
 ( #2127, #60, #5003, #1720, #4594, #3365, #2968, #908 ),
 .UNSPECIFIED., .F., .F.,
 ( 6, 2, 6 ),
 ( 0.000000000000000000, 0.5000000000000000000, 1.000000000000000000 ),
 .UNSPECIFIED. ) ;
#1125 = CARTESIAN_POINT ( 'NONE',  ( 47.26722259245542546, 70.99414767556994832, 17.07775366853704924 ) ) ;
#1126 = EDGE_CURVE ( 'NONE', #3071, #142, #4749, .T. ) ;
#1127 = CARTESIAN_POINT ( 'NONE',  ( 5.833947438536207564, 69.54798338647540845, 21.98000000000000043 ) ) ;
#1128 = ORIENTED_EDGE ( 'NONE', *, *, #5083, .T. ) ;
#1129 = ADVANCED_FACE ( 'NONE', ( #4796 ), #187, .T. ) ;
#1130 = CARTESIAN_POINT ( 'NONE',  ( 49.91831325643484263, 70.06277088622502447, 4.338137618230967441 ) ) ;
#1131 = EDGE_LOOP ( 'NONE', ( #5323, #95, #4914, #1157 ) ) ;
#1132 = CARTESIAN_POINT ( 'NONE',  ( 51.98978975425994520, 69.14133578988897000, 19.27611956231480050 ) ) ;
#1133 = CARTESIAN_POINT ( 'NONE',  ( 2.054547770565087639, 2.926649962794846349, 17.98000000000000398 ) ) ;
#1134 = CARTESIAN_POINT ( 'NONE',  ( 50.00579789022879140, 70.76528845525288602, 17.59301203490299770 ) ) ;
#1135 = VECTOR ( 'NONE', #4963, 1000.000000000000114 ) ;
#1136 = FACE_OUTER_BOUND ( 'NONE', #597, .T. ) ;
#1137 = VERTEX_POINT ( 'NONE', #4017 ) ;
#1138 = CARTESIAN_POINT ( 'NONE',  ( -1.069452229434890267, 6.548649962794847568, 23.78000000000000114 ) ) ;
#1139 = FACE_OUTER_BOUND ( 'NONE', #1383, .T. ) ;
#1140 = CIRCLE ( 'NONE', #442, 1.000000000000000888 ) ;
#1141 = DIRECTION ( 'NONE',  ( 1.000000000000000000, -0.000000000000000000, -6.982962677686266711E-15 ) ) ;
#1142 = VERTEX_POINT ( 'NONE', #1470 ) ;
#1143 = CARTESIAN_POINT ( 'NONE',  ( 5.830547770565105203, -0.4506357150439949666, -95.90999724335667054 ) ) ;
#1144 = VERTEX_POINT ( 'NONE', #1068 ) ;
#1145 = EDGE_CURVE ( 'NONE', #5028, #3903, #647, .T. ) ;
#1146 = CARTESIAN_POINT ( 'NONE',  ( -5.528395281464801414, 49.56776721078237813, 13.38000000000004341 ) ) ;
#1147 = EDGE_CURVE ( 'NONE', #445, #868, #1504, .T. ) ;
#1148 = CARTESIAN_POINT ( 'NONE',  ( -1.202282578270868818, 3.486530423325070238, 13.43060690639409849 ) ) ;
#1149 = CARTESIAN_POINT ( 'NONE',  ( 56.38802838249207383, 65.95039446391854199, 4.362639700784281871 ) ) ;
#1150 = ORIENTED_EDGE ( 'NONE', *, *, #3721, .F. ) ;
#1151 = CARTESIAN_POINT ( 'NONE',  ( -0.7452264402998376447, 4.440689010186745556, 13.29397126456180267 ) ) ;
#1152 = CARTESIAN_POINT ( 'NONE',  ( 57.56113177186598762, 64.46200436061234029, 4.583337682902394405 ) ) ;
#1153 = DIRECTION ( 'NONE',  ( 1.000000000000000000, -0.000000000000000000, -6.991222571849442154E-15 ) ) ;
#1154 = CARTESIAN_POINT ( 'NONE',  ( 58.06001379192598932, 65.23037137698960919, 17.55523231391441641 ) ) ;
#1155 = ADVANCED_FACE ( 'NONE', ( #4937 ), #2055, .F. ) ;
#1156 = CARTESIAN_POINT ( 'NONE',  ( 50.98799388586489556, 70.77308584952702120, 4.509949387409964316 ) ) ;
#1157 = ORIENTED_EDGE ( 'NONE', *, *, #3702, .F. ) ;
#1158 = PLANE ( 'NONE',  #3514 ) ;
#1159 = CARTESIAN_POINT ( 'NONE',  ( 57.44951206337505312, 58.34760738755087317, 7.159481564804368148 ) ) ;
#1160 = CARTESIAN_POINT ( 'NONE',  ( 49.86412374013630000, 70.75490455567677373, 17.58543643487304564 ) ) ;
#1161 = CARTESIAN_POINT ( 'NONE',  ( 58.69154777056512984, 19.66878429235579873, -1.934075827659565761 ) ) ;
#1162 = ORIENTED_EDGE ( 'NONE', *, *, #826, .F. ) ;
#1163 = DIRECTION ( 'NONE',  ( -1.000000000000000000, 0.000000000000000000, 0.000000000000000000 ) ) ;
#1164 = DIRECTION ( 'NONE',  ( 1.000000000000000000, 0.000000000000000000, 0.000000000000000000 ) ) ;
#1165 = DIRECTION ( 'NONE',  ( 6.991222571849442154E-15, -6.445834664451860138E-31, 1.000000000000000000 ) ) ;
#1166 = ORIENTED_EDGE ( 'NONE', *, *, #4412, .F. ) ;
#1167 = CARTESIAN_POINT ( 'NONE',  ( -0.5668850395399570585, 3.941431188219145731, 12.31390720865813293 ) ) ;
#1168 = ORIENTED_EDGE ( 'NONE', *, *, #353, .T. ) ;
#1169 = CARTESIAN_POINT ( 'NONE',  ( 49.89054777056510659, 69.19604448507126904, 16.33896754240782911 ) ) ;
#1170 = CARTESIAN_POINT ( 'NONE',  ( 50.44075580168485828, 72.30864996279485979, 17.50833495671354711 ) ) ;
#1171 = DIRECTION ( 'NONE',  ( 1.000000000000000000, 1.222218890245539141E-16, 0.000000000000000000 ) ) ;
#1172 = CARTESIAN_POINT ( 'NONE',  ( 55.89067292163673528, 68.05577420359139751, 4.508192559077451200 ) ) ;
#1173 = ORIENTED_EDGE ( 'NONE', *, *, #1773, .F. ) ;
#1174 = CARTESIAN_POINT ( 'NONE',  ( -0.9640775391167419883, 4.982954704565283777, 13.89741386807383172 ) ) ;
#1175 = CARTESIAN_POINT ( 'NONE',  ( 56.68493210008907823, 62.90437780148705826, 18.15954259368256274 ) ) ;
#1176 = CARTESIAN_POINT ( 'NONE',  ( 44.20486963578737516, 70.58761321168587699, 15.84616692507095514 ) ) ;
#1177 = CARTESIAN_POINT ( 'NONE',  ( 57.55969058518855519, 64.47436818985180196, 17.53250233724236651 ) ) ;
#1178 = CARTESIAN_POINT ( 'NONE',  ( 49.92782540167767991, 71.34563886900870955, 4.576178713483609606 ) ) ;
#1179 = EDGE_CURVE ( 'NONE', #5306, #2149, #23, .T. ) ;
#1180 = VERTEX_POINT ( 'NONE', #4474 ) ;
#1181 = CARTESIAN_POINT ( 'NONE',  ( 49.89054777056510659, 70.35642966398192755, 21.98000000000000398 ) ) ;
#1182 = CARTESIAN_POINT ( 'NONE',  ( 57.41898193991761445, 58.11858146410141046, 7.356662024397174093 ) ) ;
#1183 = CIRCLE ( 'NONE', #4794, 1.000000000000000888 ) ;
#1184 = CARTESIAN_POINT ( 'NONE',  ( 51.26114416516615790, 71.38807785171189835, 17.60593378890962057 ) ) ;
#1185 = AXIS2_PLACEMENT_3D ( 'NONE', #1133, #4467, #2023 ) ;
#1186 = CARTESIAN_POINT ( 'NONE',  ( -2.924292081007529021, 3.249416612087598466, 13.64502468439752469 ) ) ;
#1187 = VERTEX_POINT ( 'NONE', #1218 ) ;
#1188 = CARTESIAN_POINT ( 'NONE',  ( 14.68632900351048143, 10.04864996279486178, -3.720000000000103224 ) ) ;
#1189 = DIRECTION ( 'NONE',  ( -0.000000000000000000, -0.000000000000000000, 1.000000000000000000 ) ) ;
#1190 = FACE_OUTER_BOUND ( 'NONE', #795, .T. ) ;
#1191 = ORIENTED_EDGE ( 'NONE', *, *, #754, .F. ) ;
#1192 = CARTESIAN_POINT ( 'NONE',  ( -0.2473740750615724404, 3.255949162994431489, 15.81581632244250635 ) ) ;
#1193 = AXIS2_PLACEMENT_3D ( 'NONE', #1760, #129, #3409 ) ;
#1194 = ORIENTED_EDGE ( 'NONE', *, *, #2871, .T. ) ;
#1195 = DIRECTION ( 'NONE',  ( -6.982962677686266711E-15, 2.753529326947312927E-16, -1.000000000000000000 ) ) ;
#1196 = CARTESIAN_POINT ( 'NONE',  ( 57.53661869137861373, 66.00789534354277066, 17.60593378890962413 ) ) ;
#1197 = CIRCLE ( 'NONE', #1718, 1.999999999999999112 ) ;
#1198 = CARTESIAN_POINT ( 'NONE',  ( 49.75538437213703702, 70.74504778346877742, 4.535453685748368713 ) ) ;
#1199 = CARTESIAN_POINT ( 'NONE',  ( 50.68433683656225242, 70.07279049880520461, 4.360274595584204604 ) ) ;
#1200 = ORIENTED_EDGE ( 'NONE', *, *, #997, .T. ) ;
#1201 = LINE ( 'NONE', #5002, #3175 ) ;
#1202 = CARTESIAN_POINT ( 'NONE',  ( 58.13015997331542906, 64.66556220205896466, 4.632006766452700930 ) ) ;
#1203 = CIRCLE ( 'NONE', #4221, 1.729999999999999760 ) ;
#1204 = CARTESIAN_POINT ( 'NONE',  ( -1.557329262555353866, 3.890486483572070942, 15.24741293987884916 ) ) ;
#1205 = VECTOR ( 'NONE', #2061, 1000.000000000000000 ) ;
#1206 = CARTESIAN_POINT ( 'NONE',  ( 44.33168182140178715, 69.54864996279486888, 4.089843075414318463 ) ) ;
#1207 = CIRCLE ( 'NONE', #4912, 7.000000000000000000 ) ;
#1208 = CARTESIAN_POINT ( 'NONE',  ( 50.49112742065793924, 70.08159867539109200, 4.352038402744535794 ) ) ;
#1209 = ORIENTED_EDGE ( 'NONE', *, *, #4873, .F. ) ;
#1210 = DIRECTION ( 'NONE',  ( 0.000000000000000000, -1.000000000000000000, 0.000000000000000000 ) ) ;
#1211 = ADVANCED_FACE ( 'NONE', ( #2085, #4990 ), #1246, .F. ) ;
#1212 = LINE ( 'NONE', #2437, #1364 ) ;
#1213 = CIRCLE ( 'NONE', #3624, 4.999999999999997335 ) ;
#1214 = CARTESIAN_POINT ( 'NONE',  ( 49.71529927205384780, 70.05591689416738177, 17.77113204443117667 ) ) ;
#1215 = DIRECTION ( 'NONE',  ( 1.000000000000000000, 0.000000000000000000, -0.000000000000000000 ) ) ;
#1216 = ORIENTED_EDGE ( 'NONE', *, *, #3220, .T. ) ;
#1217 = LINE ( 'NONE', #4936, #1362 ) ;
#1218 = CARTESIAN_POINT ( 'NONE',  ( 5.853361199954025373, 64.92715586414563234, 21.98000000000000398 ) ) ;
#1219 = EDGE_CURVE ( 'NONE', #1927, #848, #1651, .T. ) ;
#1220 = CARTESIAN_POINT ( 'NONE',  ( 56.59054777056510943, 6.548649962794858226, 23.77999999999999403 ) ) ;
#1221 = ORIENTED_EDGE ( 'NONE', *, *, #1316, .F. ) ;
#1222 = CARTESIAN_POINT ( 'NONE',  ( -0.6969119086111876804, 4.291970695776128331, 12.25693998366692661 ) ) ;
#1223 = ORIENTED_EDGE ( 'NONE', *, *, #388, .T. ) ;
#1224 = EDGE_CURVE ( 'NONE', #4035, #1622, #841, .T. ) ;
#1225 = LINE ( 'NONE', #2876, #1205 ) ;
#1226 = CARTESIAN_POINT ( 'NONE',  ( 51.77553469662094443, 70.94510491086244031, 17.60593378891097061 ) ) ;
#1227 = EDGE_CURVE ( 'NONE', #1137, #2723, #2669, .T. ) ;
#1228 = CARTESIAN_POINT ( 'NONE',  ( -0.3674314725736362863, 3.456040602305227250, 15.10480089670826764 ) ) ;
#1229 = EDGE_LOOP ( 'NONE', ( #3086, #5313, #1040, #4186 ) ) ;
#1230 = CARTESIAN_POINT ( 'NONE',  ( 51.42779945069587910, 69.31114092524558146, 2.508361965348509415 ) ) ;
#1231 = ORIENTED_EDGE ( 'NONE', *, *, #2829, .F. ) ;
#1232 = CARTESIAN_POINT ( 'NONE',  ( 49.81040043674660467, 71.33059146416998431, 4.587329119287290702 ) ) ;
#1233 = PRODUCT_DEFINITION_CONTEXT ( 'detailed design', #1841, 'design' ) ;
#1234 = LINE ( 'NONE', #4976, #1988 ) ;
#1235 = CYLINDRICAL_SURFACE ( 'NONE', #2887, 1.000000000000000888 ) ;
#1236 = EDGE_CURVE ( 'NONE', #1954, #4267, #2207, .T. ) ;
#1237 = DIRECTION ( 'NONE',  ( 0.7042037807614113243, 0.7099979120823767254, 0.000000000000000000 ) ) ;
#1238 = PLANE ( 'NONE',  #1122 ) ;
#1239 = ORIENTED_EDGE ( 'NONE', *, *, #5169, .T. ) ;
#1240 = CARTESIAN_POINT ( 'NONE',  ( 50.91505989697791534, 69.42219836423828383, 19.60593378890962413 ) ) ;
#1241 = CARTESIAN_POINT ( 'NONE',  ( 45.19436216970071030, 54.30864996279486689, -5.220000000000315943 ) ) ;
#1242 = CARTESIAN_POINT ( 'NONE',  ( 39.90483761681110764, 69.57642071819569196, 11.05714787624457784 ) ) ;
#1243 = EDGE_CURVE ( 'NONE', #5047, #4813, #2895, .T. ) ;
#1244 = CARTESIAN_POINT ( 'NONE',  ( 5.853361199954025373, 64.92715586414563234, 17.98000000000000398 ) ) ;
#1245 = DIRECTION ( 'NONE',  ( -0.000000000000000000, -0.000000000000000000, -1.000000000000000000 ) ) ;
#1246 = PLANE ( 'NONE',  #4908 ) ;
#1247 = FACE_OUTER_BOUND ( 'NONE', #1541, .T. ) ;
#1248 = ORIENTED_EDGE ( 'NONE', *, *, #4835, .T. ) ;
#1249 = DIRECTION ( 'NONE',  ( -9.219896231606735603E-17, -1.000000000000000000, 6.370313146600081865E-31 ) ) ;
#1250 = ORIENTED_EDGE ( 'NONE', *, *, #2666, .F. ) ;
#1251 = CARTESIAN_POINT ( 'NONE',  ( 49.69054777056494743, 72.30864996279485979, 1.431407103210835308 ) ) ;
#1252 = EDGE_CURVE ( 'NONE', #3566, #2805, #4289, .T. ) ;
#1253 = EDGE_CURVE ( 'NONE', #663, #3815, #2469, .T. ) ;
#1254 = DIRECTION ( 'NONE',  ( -6.991222571849441366E-15, 6.445834664451860138E-31, -1.000000000000000000 ) ) ;
#1255 = VERTEX_POINT ( 'NONE', #4069 ) ;
#1256 = CARTESIAN_POINT ( 'NONE',  ( 53.70998756026869358, 70.21678483605752774, 4.508361965348504086 ) ) ;
#1257 = DIRECTION ( 'NONE',  ( 0.000000000000000000, 0.000000000000000000, 1.000000000000000000 ) ) ;
#1258 = VERTEX_POINT ( 'NONE', #2554 ) ;
#1259 = LINE ( 'NONE', #4536, #4984 ) ;
#1260 = DIRECTION ( 'NONE',  ( -1.000000000000000000, 0.000000000000000000, 0.000000000000000000 ) ) ;
#1261 = CARTESIAN_POINT ( 'NONE',  ( 58.69054777056511796, 64.50187191443389167, 23.77999999999959613 ) ) ;
#1262 = FACE_OUTER_BOUND ( 'NONE', #633, .T. ) ;
#1263 = PLANE ( 'NONE',  #4226 ) ;
#1264 = ORIENTED_EDGE ( 'NONE', *, *, #741, .T. ) ;
#1265 = CARTESIAN_POINT ( 'NONE',  ( 50.68433671962029763, 70.07279042686570847, 17.75402106465755381 ) ) ;
#1266 = CARTESIAN_POINT ( 'NONE',  ( 57.34231101761611882, 57.53433807522320365, 14.17745747248515364 ) ) ;
#1267 = LINE ( 'NONE', #2917, #4122 ) ;
#1268 = CARTESIAN_POINT ( 'NONE',  ( 47.05406092193837964, 69.54864996279485467, 3.292059925841159806 ) ) ;
#1269 = EDGE_CURVE ( 'NONE', #136, #1733, #987, .T. ) ;
#1270 = CARTESIAN_POINT ( 'NONE',  ( -0.7744933830624418647, 3.115540558858177711, 13.87884829765659589 ) ) ;
#1271 = CARTESIAN_POINT ( 'NONE',  ( 57.52253896571298242, 62.41398139856836025, 17.14302303654247339 ) ) ;
#1272 = CARTESIAN_POINT ( 'NONE',  ( 4.038547770565091177, 66.27464996279483955, 17.98000000000000398 ) ) ;
#1273 = CARTESIAN_POINT ( 'NONE',  ( 55.20943892753705740, 70.51695113504180767, -5.220000000000385221 ) ) ;
#1274 = CARTESIAN_POINT ( 'NONE',  ( 56.59054777056509522, 62.61259119029391229, 19.04078468463864837 ) ) ;
#1275 = VERTEX_POINT ( 'NONE', #1432 ) ;
#1276 = CARTESIAN_POINT ( 'NONE',  ( 58.69154777056512984, 19.66878429235579873, -1.934075827659565761 ) ) ;
#1277 = AXIS2_PLACEMENT_3D ( 'NONE', #920, #4686, #1407 ) ;
#1278 = ORIENTED_EDGE ( 'NONE', *, *, #5260, .T. ) ;
#1279 = DIRECTION ( 'NONE',  ( 0.000000000000000000, 0.000000000000000000, 1.000000000000000000 ) ) ;
#1280 = AXIS2_PLACEMENT_3D ( 'NONE', #1513, #230, #5165 ) ;
#1281 = CARTESIAN_POINT ( 'NONE',  ( -0.2634032279673616528, 3.286181185409250638, 15.84314128956543932 ) ) ;
#1282 = VERTEX_POINT ( 'NONE', #1756 ) ;
#1283 = AXIS2_PLACEMENT_3D ( 'NONE', #957, #2534, #3862 ) ;
#1284 = DIRECTION ( 'NONE',  ( 0.000000000000000000, -1.000000000000000000, -0.000000000000000000 ) ) ;
#1285 = VECTOR ( 'NONE', #209, 1000.000000000000000 ) ;
#1286 = ORIENTED_EDGE ( 'NONE', *, *, #377, .F. ) ;
#1287 = DIRECTION ( 'NONE',  ( 1.000000000000000000, 0.000000000000000000, 0.000000000000000000 ) ) ;
#1288 = DIRECTION ( 'NONE',  ( -1.400657527907609919E-16, -1.000000000000000000, 3.501643819769024797E-17 ) ) ;
#1289 = CYLINDRICAL_SURFACE ( 'NONE', #4385, 7.999999999999998224 ) ;
#1290 = VECTOR ( 'NONE', #2195, 1000.000000000000000 ) ;
#1291 = CARTESIAN_POINT ( 'NONE',  ( 58.69054777056503980, 49.56776721078237813, 13.37999999999959400 ) ) ;
#1292 = EDGE_CURVE ( 'NONE', #1006, #3696, #140, .T. ) ;
#1293 = PLANE ( 'NONE',  #3796 ) ;
#1294 = EDGE_CURVE ( 'NONE', #1258, #162, #736, .T. ) ;
#1295 = ORIENTED_EDGE ( 'NONE', *, *, #4545, .F. ) ;
#1296 = VECTOR ( 'NONE', #1905, 1000.000000000000000 ) ;
#1297 = CARTESIAN_POINT ( 'NONE',  ( 51.96903413066475252, 69.78727335397303477, 17.75400334351707698 ) ) ;
#1298 = DIRECTION ( 'NONE',  ( 1.000000000000000000, 0.000000000000000000, -7.015425821965035605E-15 ) ) ;
#1299 = FACE_OUTER_BOUND ( 'NONE', #566, .T. ) ;
#1300 = EDGE_CURVE ( 'NONE', #2474, #3144, #4239, .T. ) ;
#1301 = CARTESIAN_POINT ( 'NONE',  ( 42.08847353720646112, 69.59153392294537355, 6.524876649087288705 ) ) ;
#1302 = VECTOR ( 'NONE', #836, 1000.000000000000000 ) ;
#1303 = CARTESIAN_POINT ( 'NONE',  ( -0.7139685243206005394, 4.344393880426634880, 15.27641887529890319 ) ) ;
#1304 = CARTESIAN_POINT ( 'NONE',  ( 56.73758395846586922, 55.66083741346793801, 11.05714788032883789 ) ) ;
#1305 = CARTESIAN_POINT ( 'NONE',  ( -2.969452229435068702, 53.59604800156340332, -1.749304498602558766 ) ) ;
#1306 = CARTESIAN_POINT ( 'NONE',  ( 5.833947438536207564, 69.54798338647540845, -95.90999724335667054 ) ) ;
#1307 = EDGE_LOOP ( 'NONE', ( #64, #391, #32, #5192, #225, #1, #3113 ) ) ;
#1308 = DIRECTION ( 'NONE',  ( -6.991222571849441366E-15, 0.000000000000000000, -1.000000000000000000 ) ) ;
#1309 = ORIENTED_EDGE ( 'NONE', *, *, #2765, .F. ) ;
#1310 = LINE ( 'NONE', #4190, #496 ) ;
#1311 = AXIS2_PLACEMENT_3D ( 'NONE', #5277, #4852, #756 ) ;
#1312 = DIRECTION ( 'NONE',  ( 0.000000000000000000, -1.000000000000000000, 0.000000000000000000 ) ) ;
#1313 = ORIENTED_EDGE ( 'NONE', *, *, #1870, .F. ) ;
#1314 = DIRECTION ( 'NONE',  ( 0.000000000000000000, 0.000000000000000000, 1.000000000000000000 ) ) ;
#1315 = EDGE_CURVE ( 'NONE', #3033, #4423, #2752, .T. ) ;
#1316 = EDGE_CURVE ( 'NONE', #4042, #581, #4123, .T. ) ;
#1317 = EDGE_LOOP ( 'NONE', ( #2486, #2173, #2268, #1633 ) ) ;
#1318 = CARTESIAN_POINT ( 'NONE',  ( -2.969452229434970558, 4.048649962794844903, 13.26000000000002821 ) ) ;
#1319 = DIRECTION ( 'NONE',  ( -1.000000000000000000, 1.309010496964126249E-16, 6.982962677686267499E-15 ) ) ;
#1320 = LINE ( 'NONE', #4254, #1485 ) ;
#1321 =( NAMED_UNIT ( * ) PLANE_ANGLE_UNIT ( ) SI_UNIT ( $, .RADIAN. ) );
#1322 = VERTEX_POINT ( 'NONE', #3379 ) ;
#1323 = CARTESIAN_POINT ( 'NONE',  ( 56.59054777056510943, 6.548649962794858226, -3.720000000000403428 ) ) ;
#1324 = CARTESIAN_POINT ( 'NONE',  ( 5.930547770565103072, 62.54864996279485467, -95.90999724335667054 ) ) ;
#1325 = CARTESIAN_POINT ( 'NONE',  ( 49.09337572591901022, 70.68188156628646368, 4.577617521908832643 ) ) ;
#1326 = ADVANCED_FACE ( 'NONE', ( #1031 ), #979, .F. ) ;
#1327 = CARTESIAN_POINT ( 'NONE',  ( 41.47901255378415897, 70.22575711541517762, 8.809854869464505356 ) ) ;
#1328 = CARTESIAN_POINT ( 'NONE',  ( 56.59045104927965042, 62.61104309509656218, 18.48204959936680325 ) ) ;
#1329 = CARTESIAN_POINT ( 'NONE',  ( 49.89054777056510659, -0.4449185111674884285, -95.90999724335667054 ) ) ;
#1330 = DIRECTION ( 'NONE',  ( -1.000000000000000000, 0.000000000000000000, 0.000000000000000000 ) ) ;
#1331 = EDGE_LOOP ( 'NONE', ( #4592, #871, #1089, #4219 ) ) ;
#1332 = CARTESIAN_POINT ( 'NONE',  ( 3.118377727482174233, 68.95934949857638685, 11.83972756180914665 ) ) ;
#1333 = VERTEX_POINT ( 'NONE', #1778 ) ;
#1334 = CARTESIAN_POINT ( 'NONE',  ( 54.21497530241190077, 56.90412233242040685, -3.719999999999999751 ) ) ;
#1335 = DIRECTION ( 'NONE',  ( 0.000000000000000000, 0.000000000000000000, 1.000000000000000000 ) ) ;
#1336 = ORIENTED_EDGE ( 'NONE', *, *, #4704, .T. ) ;
#1337 =( NAMED_UNIT ( * ) PLANE_ANGLE_UNIT ( ) SI_UNIT ( $, .RADIAN. ) );
#1338 = FACE_OUTER_BOUND ( 'NONE', #1386, .T. ) ;
#1339 = ORIENTED_EDGE ( 'NONE', *, *, #388, .F. ) ;
#1340 = DIRECTION ( 'NONE',  ( 1.000000000000000000, 9.875726538627338513E-17, -0.000000000000000000 ) ) ;
#1341 = CARTESIAN_POINT ( 'NONE',  ( 26.43000000000000327, 72.30864996279485979, 2.500000000000002220 ) ) ;
#1342 = LINE ( 'NONE', #4197, #3203 ) ;
#1343 = DIRECTION ( 'NONE',  ( 1.000000000000000000, 0.000000000000000000, -0.000000000000000000 ) ) ;
#1344 = ORIENTED_EDGE ( 'NONE', *, *, #1602, .F. ) ;
#1345 = CARTESIAN_POINT ( 'NONE',  ( 49.69054777056497585, 72.30864996279485979, 4.757110654816427697 ) ) ;
#1346 = DIRECTION ( 'NONE',  ( 1.000000000000000000, 0.000000000000000000, -0.000000000000000000 ) ) ;
#1347 = CARTESIAN_POINT ( 'NONE',  ( 49.75538436800906084, 70.74504778319857223, 17.57884206817642792 ) ) ;
#1348 = ADVANCED_FACE ( 'NONE', ( #5036, #4185, #1838 ), #3425, .F. ) ;
#1349 = CARTESIAN_POINT ( 'NONE',  ( -1.939693282581341327, 4.579017879002970304, 15.11041615121344073 ) ) ;
#1350 = CARTESIAN_POINT ( 'NONE',  ( 57.00267297331284766, 62.81012235412225664, 4.634345078328058420 ) ) ;
#1351 = CARTESIAN_POINT ( 'NONE',  ( 50.44075580168480855, 72.30864996279485979, 4.605960797544574881 ) ) ;
#1352 = DIRECTION ( 'NONE',  ( -1.000000000000000000, -1.177133787269976313E-16, 0.000000000000000000 ) ) ;
#1353 = ORIENTED_EDGE ( 'NONE', *, *, #1615, .F. ) ;
#1354 = CARTESIAN_POINT ( 'NONE',  ( 42.98487433577290062, 72.30864996279485979, 11.05714787712906322 ) ) ;
#1355 = ORIENTED_EDGE ( 'NONE', *, *, #3401, .F. ) ;
#1356 = FACE_OUTER_BOUND ( 'NONE', #1331, .T. ) ;
#1357 = DIRECTION ( 'NONE',  ( 0.000000000000000000, 0.000000000000000000, 1.000000000000000000 ) ) ;
#1358 = ORIENTED_EDGE ( 'NONE', *, *, #855, .F. ) ;
#1359 = CARTESIAN_POINT ( 'NONE',  ( 55.01050443298491643, 69.38154426868598534, 4.508361965348546718 ) ) ;
#1360 = EDGE_CURVE ( 'NONE', #291, #5085, #1055, .T. ) ;
#1361 = FACE_OUTER_BOUND ( 'NONE', #4930, .T. ) ;
#1362 = VECTOR ( 'NONE', #1245, 1000.000000000000000 ) ;
#1363 = PRODUCT_DEFINITION_SHAPE ( 'NONE', 'NONE',  #4336 ) ;
#1364 = VECTOR ( 'NONE', #4119, 1000.000000000000000 ) ;
#1365 = ORIENTED_EDGE ( 'NONE', *, *, #1422, .F. ) ;
#1366 = CARTESIAN_POINT ( 'NONE',  ( 49.89054777056510659, 69.54221843675719583, -95.90999724335667054 ) ) ;
#1367 = CARTESIAN_POINT ( 'NONE',  ( 4.030547770564899324, -2.951350037205148880, -5.220000000000027285 ) ) ;
#1368 = AXIS2_PLACEMENT_3D ( 'NONE', #3674, #4530, #1627 ) ;
#1369 = LINE ( 'NONE', #966, #2695 ) ;
#1370 = CARTESIAN_POINT ( 'NONE',  ( 56.53503027072402887, 63.47145991180305913, 2.798937950165091060 ) ) ;
#1371 = AXIS2_PLACEMENT_3D ( 'NONE', #127, #1493, #4293 ) ;
#1372 = EDGE_LOOP ( 'NONE', ( #3473, #3670, #4250, #645 ) ) ;
#1373 = VECTOR ( 'NONE', #2481, 1000.000000000000000 ) ;
#1374 = CARTESIAN_POINT ( 'NONE',  ( 49.80302184248388642, 58.11254530507644489, 4.508361965348512967 ) ) ;
#1375 = DIRECTION ( 'NONE',  ( 0.9999911583173988205, 0.004205150059984275740, -0.000000000000000000 ) ) ;
#1376 = CIRCLE ( 'NONE', #5305, 1.000000000000000888 ) ;
#1377 = CARTESIAN_POINT ( 'NONE',  ( 45.13747214966252130, 70.71090914932264582, 16.43105896315222836 ) ) ;
#1378 = ADVANCED_FACE ( 'NONE', ( #3882 ), #5013, .T. ) ;
#1379 = EDGE_CURVE ( 'NONE', #2445, #3391, #3055, .T. ) ;
#1380 = CARTESIAN_POINT ( 'NONE',  ( 41.46490181320499602, 70.22388748986548990, 8.833806510886018870 ) ) ;
#1381 = CARTESIAN_POINT ( 'NONE',  ( 56.68230918017945896, 62.69798120605462088, 4.221249571125449407 ) ) ;
#1382 = CARTESIAN_POINT ( 'NONE',  ( 58.69054777056498295, 63.83898204961003842, 4.903597041184291072 ) ) ;
#1383 = EDGE_LOOP ( 'NONE', ( #5148, #2879, #3944, #1045, #3647 ) ) ;
#1384 = DIRECTION ( 'NONE',  ( -0.000000000000000000, -0.000000000000000000, -1.000000000000000000 ) ) ;
#1385 = AXIS2_PLACEMENT_3D ( 'NONE', #5289, #1605, #2909 ) ;
#1386 = EDGE_LOOP ( 'NONE', ( #3833, #2404 ) ) ;
#1387 = EDGE_CURVE ( 'NONE', #4585, #445, #4902, .T. ) ;
#1388 = DIRECTION ( 'NONE',  ( 0.000000000000000000, 0.000000000000000000, 1.000000000000000000 ) ) ;
#1389 = CARTESIAN_POINT ( 'NONE',  ( 51.45454777056507822, 2.748649962794845969, 21.98000000000000398 ) ) ;
#1390 = CARTESIAN_POINT ( 'NONE',  ( 50.91505989697791534, 69.42219836423828383, 2.508361965348510303 ) ) ;
#1391 = ORIENTED_EDGE ( 'NONE', *, *, #4244, .T. ) ;
#1392 = CARTESIAN_POINT ( 'NONE',  ( -2.054585773812844796, 5.054778333501580789, 14.18729706234264398 ) ) ;
#1393 = EDGE_CURVE ( 'NONE', #406, #3030, #2239, .T. ) ;
#1394 = ORIENTED_EDGE ( 'NONE', *, *, #2347, .T. ) ;
#1395 = DIRECTION ( 'NONE',  ( -6.991222571849441366E-15, 6.445834664451860138E-31, -1.000000000000000000 ) ) ;
#1396 = LINE ( 'NONE', #4677, #2522 ) ;
#1397 = DIRECTION ( 'NONE',  ( -0.000000000000000000, -0.000000000000000000, 1.000000000000000000 ) ) ;
#1398 = EDGE_CURVE ( 'NONE', #4418, #5269, #2600, .T. ) ;
#1399 = CARTESIAN_POINT ( 'NONE',  ( 56.44475452779682456, 64.00522581287310686, 3.286366560516339241 ) ) ;
#1400 = ORIENTED_EDGE ( 'NONE', *, *, #1939, .T. ) ;
#1401 = CARTESIAN_POINT ( 'NONE',  ( 56.01323448521874582, 65.33293673399006707, 19.27224728499264472 ) ) ;
#1402 = EDGE_LOOP ( 'NONE', ( #3160, #4941, #1096, #3868 ) ) ;
#1403 = CARTESIAN_POINT ( 'NONE',  ( 45.03039759808665821, 70.30804423030987493, 5.527507444514796475 ) ) ;
#1404 = CARTESIAN_POINT ( 'NONE',  ( 43.02727891745494304, 70.43114582316320593, 7.069687554259714624 ) ) ;
#1405 = CARTESIAN_POINT ( 'NONE',  ( 49.59054777056510233, 69.54864996279485467, 23.77999999999960679 ) ) ;
#1406 = CARTESIAN_POINT ( 'NONE',  ( 56.59054777056509522, 56.26344975685501026, 6.941925492913734175 ) ) ;
#1407 = DIRECTION ( 'NONE',  ( -1.000000000000000000, 0.000000000000000000, 6.887872625202027241E-15 ) ) ;
#1408 = ORIENTED_EDGE ( 'NONE', *, *, #5005, .T. ) ;
#1409 = PRODUCT ( 'cubit3_top_enclosure', 'cubit3_top_enclosure', '', ( #2935 ) ) ;
#1410 = CARTESIAN_POINT ( 'NONE',  ( 49.70757554216439189, 69.54795240386710020, 18.89794349872457246 ) ) ;
#1411 = ADVANCED_FACE ( 'NONE', ( #4711 ), #480, .F. ) ;
#1412 = ORIENTED_EDGE ( 'NONE', *, *, #3562, .F. ) ;
#1413 = CARTESIAN_POINT ( 'NONE',  ( 41.70239533589094094, 10.04864996279486178, -5.220000000000291074 ) ) ;
#1414 = DIRECTION ( 'NONE',  ( 0.000000000000000000, -1.000000000000000000, -0.000000000000000000 ) ) ;
#1415 = CARTESIAN_POINT ( 'NONE',  ( 51.89114710962074639, 64.87467478819434064, 17.98000000000000398 ) ) ;
#1416 = ORIENTED_EDGE ( 'NONE', *, *, #4384, .F. ) ;
#1417 = CARTESIAN_POINT ( 'NONE',  ( 54.59054777056510233, 50.14276721078237387, 2.804999999999597815 ) ) ;
#1418 = CIRCLE ( 'NONE', #2111, 1.000000000000000666 ) ;
#1419 = ORIENTED_EDGE ( 'NONE', *, *, #925, .T. ) ;
#1420 = ADVANCED_FACE ( 'NONE', ( #2704 ), #1891, .F. ) ;
#1421 = CARTESIAN_POINT ( 'NONE',  ( 0.5531369759959974264, 2.067193375205099937, 21.98000000000000398 ) ) ;
#1422 = EDGE_CURVE ( 'NONE', #1823, #345, #2679, .T. ) ;
#1423 = CARTESIAN_POINT ( 'NONE',  ( 49.89054777056510659, 65.17821785240224131, 19.18000000000001037 ) ) ;
#1424 = CARTESIAN_POINT ( 'NONE',  ( 56.52889659441942172, 63.51548642030195424, 3.387755808279748315 ) ) ;
#1425 = EDGE_LOOP ( 'NONE', ( #574, #4200, #608, #3408 ) ) ;
#1426 = CARTESIAN_POINT ( 'NONE',  ( 56.58835705891470980, 62.77250602086147069, 19.09640285248494962 ) ) ;
#1427 = ORIENTED_EDGE ( 'NONE', *, *, #1993, .T. ) ;
#1428 = CARTESIAN_POINT ( 'NONE',  ( -0.8077313014282719861, 4.618363764967543084, 13.40263774323781476 ) ) ;
#1429 = CARTESIAN_POINT ( 'NONE',  ( 58.00270022551136861, 62.52987300636957002, 5.085689368900598417 ) ) ;
#1430 = ORIENTED_EDGE ( 'NONE', *, *, #3616, .T. ) ;
#1431 = CARTESIAN_POINT ( 'NONE',  ( 58.69054777056500427, 54.71497247605000780, 7.748042357000588964 ) ) ;
#1432 = CARTESIAN_POINT ( 'NONE',  ( 5.930547770565103072, 69.54864996279485467, 15.35159614773916381 ) ) ;
#1433 = DIRECTION ( 'NONE',  ( 0.000000000000000000, 0.000000000000000000, 1.000000000000000000 ) ) ;
#1434 = ADVANCED_FACE ( 'NONE', ( #284 ), #5188, .T. ) ;
#1435 = CARTESIAN_POINT ( 'NONE',  ( 50.31939868783504721, 71.39809029825262598, 4.538143055426093753 ) ) ;
#1436 = DIRECTION ( 'NONE',  ( -6.991222571849442154E-15, 6.445834664451861014E-31, -1.000000000000000000 ) ) ;
#1437 = ORIENTED_EDGE ( 'NONE', *, *, #3390, .T. ) ;
#1438 = DIRECTION ( 'NONE',  ( -1.000000000000000000, 0.000000000000000000, 6.938893903907222067E-15 ) ) ;
#1439 = CARTESIAN_POINT ( 'NONE',  ( 49.89054777056510659, 4.448649962794835488, 17.98000000000000398 ) ) ;
#1440 = DIRECTION ( 'NONE',  ( 7.020936286943156035E-15, 0.000000000000000000, 1.000000000000000000 ) ) ;
#1441 = EDGE_LOOP ( 'NONE', ( #1216, #3848, #1670, #3128, #4292, #4486, #4995, #520 ) ) ;
#1442 = DIRECTION ( 'NONE',  ( 9.875726538627338513E-17, -1.000000000000000000, 0.000000000000000000 ) ) ;
#1443 = VERTEX_POINT ( 'NONE', #665 ) ;
#1444 = DIRECTION ( 'NONE',  ( -1.000000000000000000, 9.219896231606734370E-17, 6.982962677686267499E-15 ) ) ;
#1445 = EDGE_CURVE ( 'NONE', #4826, #2478, #2321, .T. ) ;
#1446 = CARTESIAN_POINT ( 'NONE',  ( -1.653210447099696445, 4.018076580185235613, 13.25206357654679579 ) ) ;
#1447 = CARTESIAN_POINT ( 'NONE',  ( -1.016149423750280612, 5.683534095314261236, 12.94331189066658716 ) ) ;
#1448 = AXIS2_PLACEMENT_3D ( 'NONE', #3688, #2835, #385 ) ;
#1449 = CARTESIAN_POINT ( 'NONE',  ( 56.59045100908308967, 62.61104305662990299, 3.632246009053844649 ) ) ;
#1450 = ORIENTED_EDGE ( 'NONE', *, *, #3318, .F. ) ;
#1451 = EDGE_CURVE ( 'NONE', #4133, #2478, #3535, .T. ) ;
#1452 = DIRECTION ( 'NONE',  ( -4.506426480052542315E-45, -1.000000000000000000, -6.445834664451860138E-31 ) ) ;
#1453 = EDGE_LOOP ( 'NONE', ( #989, #4781, #2635, #880 ) ) ;
#1454 = AXIS2_PLACEMENT_3D ( 'NONE', #2120, #4637, #4216 ) ;
#1455 = AXIS2_PLACEMENT_3D ( 'NONE', #3333, #4973, #4565 ) ;
#1456 = ADVANCED_FACE ( 'NONE', ( #5138, #3611 ), #697, .F. ) ;
#1457 = CARTESIAN_POINT ( 'NONE',  ( -1.029968727757012203, 5.802452400262914090, 13.11753329587122430 ) ) ;
#1458 = CARTESIAN_POINT ( 'NONE',  ( 49.70086401572405066, 69.54807100594997848, 2.906615778461619115 ) ) ;
#1459 = ORIENTED_EDGE ( 'NONE', *, *, #2774, .T. ) ;
#1460 = DIRECTION ( 'NONE',  ( 0.000000000000000000, -1.000000000000000000, 0.000000000000000000 ) ) ;
#1461 = ADVANCED_FACE ( 'NONE', ( #2382 ), #1864, .T. ) ;
#1462 = DIRECTION ( 'NONE',  ( -0.000000000000000000, 1.000000000000000000, 0.000000000000000000 ) ) ;
#1463 = AXIS2_PLACEMENT_3D ( 'NONE', #4664, #1384, #543 ) ;
#1464 = CARTESIAN_POINT ( 'NONE',  ( 56.74160891493944803, 65.51919327920387559, 17.78992214845481712 ) ) ;
#1465 = CARTESIAN_POINT ( 'NONE',  ( -1.069452229434893153, 19.66878429235580583, -1.934075827659565761 ) ) ;
#1466 = VECTOR ( 'NONE', #4251, 1000.000000000000000 ) ;
#1467 = CYLINDRICAL_SURFACE ( 'NONE', #1985, 1.000000000000000666 ) ;
#1468 = ORIENTED_EDGE ( 'NONE', *, *, #1269, .F. ) ;
#1469 = FACE_OUTER_BOUND ( 'NONE', #1769, .T. ) ;
#1470 = CARTESIAN_POINT ( 'NONE',  ( 51.26142882793242705, 63.80733679503493505, 20.78000000000000469 ) ) ;
#1471 = CARTESIAN_POINT ( 'NONE',  ( 49.69054777056507533, 72.30864996279485979, 19.49812339962769769 ) ) ;
#1472 = VERTEX_POINT ( 'NONE', #3103 ) ;
#1473 = CARTESIAN_POINT ( 'NONE',  ( 56.77276898756689150, 62.90437780148705826, 17.98000000000000398 ) ) ;
#1474 = ORIENTED_EDGE ( 'NONE', *, *, #3449, .F. ) ;
#1475 = CARTESIAN_POINT ( 'NONE',  ( 50.31597899756765457, 64.54633924311154658, 20.78000000000000469 ) ) ;
#1476 = FACE_OUTER_BOUND ( 'NONE', #305, .T. ) ;
#1477 = CARTESIAN_POINT ( 'NONE',  ( -1.011740181051786314, 5.632072437406259624, 15.66131724582933415 ) ) ;
#1478 = EDGE_CURVE ( 'NONE', #4666, #848, #4452, .T. ) ;
#1479 = PRODUCT_RELATED_PRODUCT_CATEGORY ( 'part', '', ( #1409 ) ) ;
#1480 = CARTESIAN_POINT ( 'NONE',  ( 57.00267297331284766, 62.81012235412228506, 4.634345078328065526 ) ) ;
#1481 = B_SPLINE_CURVE_WITH_KNOTS ( 'NONE', 3,
 ( #3302, #5282, #4507, #1598 ),
 .UNSPECIFIED., .F., .F.,
 ( 4, 4 ),
 ( 0.000000000000000000, 1.000000000000000000 ),
 .UNSPECIFIED. ) ;
#1482 = CARTESIAN_POINT ( 'NONE',  ( 57.68269374363154611, 65.51113258962000430, 17.59744811910356077 ) ) ;
#1483 = VERTEX_POINT ( 'NONE', #4765 ) ;
#1484 = VECTOR ( 'NONE', #2029, 1000.000000000000000 ) ;
#1485 = VECTOR ( 'NONE', #61, 1000.000000000000000 ) ;
#1486 = CARTESIAN_POINT ( 'NONE',  ( 50.43469771774216781, 69.49866131558357552, 2.846223150214397979 ) ) ;
#1487 = ORIENTED_EDGE ( 'NONE', *, *, #3347, .T. ) ;
#1488 = DIRECTION ( 'NONE',  ( 0.000000000000000000, -1.000000000000000000, 0.000000000000000000 ) ) ;
#1489 = EDGE_CURVE ( 'NONE', #2364, #2604, #5214, .T. ) ;
#1490 = CARTESIAN_POINT ( 'NONE',  ( 40.19436216970071740, 59.30864996279485979, -5.220000000000280416 ) ) ;
#1491 = EDGE_CURVE ( 'NONE', #2335, #4917, #5309, .T. ) ;
#1492 = CARTESIAN_POINT ( 'NONE',  ( 56.59054777056510943, -0.4513500372051426068, -95.90999724335667054 ) ) ;
#1493 = DIRECTION ( 'NONE',  ( 0.000000000000000000, 0.000000000000000000, 1.000000000000000000 ) ) ;
#1494 = FACE_OUTER_BOUND ( 'NONE', #4690, .T. ) ;
#1495 = ORIENTED_EDGE ( 'NONE', *, *, #591, .T. ) ;
#1496 = CARTESIAN_POINT ( 'NONE',  ( 50.31597899756765457, 64.54633924311154658, 20.78000000000000469 ) ) ;
#1497 = CIRCLE ( 'NONE', #4758, 1.199999999999999734 ) ;
#1498 = DIRECTION ( 'NONE',  ( 0.7042037807614112133, 0.7099979120823766143, 0.000000000000000000 ) ) ;
#1499 = CARTESIAN_POINT ( 'NONE',  ( -0.4938797612818873750, 16.14602530996853247, -1.719999999999999751 ) ) ;
#1500 = ORIENTED_EDGE ( 'NONE', *, *, #3449, .T. ) ;
#1501 = CARTESIAN_POINT ( 'NONE',  ( -2.052590470095567721, 5.038960225633448253, 14.45200416350056472 ) ) ;
#1502 = ORIENTED_EDGE ( 'NONE', *, *, #578, .F. ) ;
#1503 = CARTESIAN_POINT ( 'NONE',  ( 51.51597899756765742, 64.54633924311154658, 17.98000000000000398 ) ) ;
#1504 = B_SPLINE_CURVE_WITH_KNOTS ( 'NONE', 5,
 ( #3698, #3352, #5301, #3645, #1619, #343, #2115, #2956 ),
 .UNSPECIFIED., .F., .F.,
 ( 6, 2, 6 ),
 ( 0.000000000000000000, 0.5000000000000000000, 1.000000000000000000 ),
 .UNSPECIFIED. ) ;
#1505 = CARTESIAN_POINT ( 'NONE',  ( -0.2285099196856895665, 3.182048276932137654, 13.73383436853838013 ) ) ;
#1506 = CARTESIAN_POINT ( 'NONE',  ( 57.52626830358403964, 66.85522680420335462, 4.508361965348513856 ) ) ;
#1507 = ORIENTED_EDGE ( 'NONE', *, *, #2260, .T. ) ;
#1508 = CARTESIAN_POINT ( 'NONE',  ( 57.59060783741973211, 63.18713024475988504, 4.803670636197263200 ) ) ;
#1509 = CARTESIAN_POINT ( 'NONE',  ( 56.68230921108807507, 62.69798123378307508, 17.89304621563199404 ) ) ;
#1510 = ORIENTED_EDGE ( 'NONE', *, *, #54, .T. ) ;
#1511 = DIRECTION ( 'NONE',  ( 1.000000000000000000, 0.000000000000000000, 0.000000000000000000 ) ) ;
#1512 = CYLINDRICAL_SURFACE ( 'NONE', #5219, 1.199999999999999734 ) ;
#1513 = CARTESIAN_POINT ( 'NONE',  ( 4.030547770565100052, 4.048649962794850232, 23.77999999999997627 ) ) ;
#1514 = CARTESIAN_POINT ( 'NONE',  ( 50.49112733446253998, 70.08159863360855013, 17.76225729368837136 ) ) ;
#1515 = DIRECTION ( 'NONE',  ( 1.000000000000000000, 0.000000000000000000, 0.000000000000000000 ) ) ;
#1516 = VERTEX_POINT ( 'NONE', #1564 ) ;
#1517 = CARTESIAN_POINT ( 'NONE',  ( 56.59054777056508101, 55.25182475695869044, 8.845054085480501982 ) ) ;
#1518 = LINE ( 'NONE', #4445, #3961 ) ;
#1519 = CARTESIAN_POINT ( 'NONE',  ( 55.21497530241190077, 12.72672186848767062, -3.719999999999999751 ) ) ;
#1520 = ORIENTED_EDGE ( 'NONE', *, *, #404, .T. ) ;
#1521 = CARTESIAN_POINT ( 'NONE',  ( -0.1480027068892789677, 3.076233470265427261, 12.89647261892416452 ) ) ;
#1522 = ORIENTED_EDGE ( 'NONE', *, *, #1689, .F. ) ;
#1523 = DIRECTION ( 'NONE',  ( 0.000000000000000000, 0.000000000000000000, -1.000000000000000000 ) ) ;
#1524 = ADVANCED_FACE ( 'NONE', ( #2726 ), #2301, .T. ) ;
#1525 = CARTESIAN_POINT ( 'NONE',  ( 0.01983345865750983650, 2.797918650406034935, 13.35187162523883941 ) ) ;
#1526 = CARTESIAN_POINT ( 'NONE',  ( -0.8179908715638262162, 4.685295722623970427, 16.23033316582449004 ) ) ;
#1527 = VERTEX_POINT ( 'NONE', #1082 ) ;
#1528 = FACE_OUTER_BOUND ( 'NONE', #4500, .T. ) ;
#1529 = CARTESIAN_POINT ( 'NONE',  ( 57.00848307832760042, 63.03133841224159539, 17.52488369524304446 ) ) ;
#1530 = EDGE_LOOP ( 'NONE', ( #2619, #3781, #3021, #5014 ) ) ;
#1531 = CARTESIAN_POINT ( 'NONE',  ( 49.78653759039968918, 70.74800207235894334, 4.533506570442291661 ) ) ;
#1532 = CIRCLE ( 'NONE', #4026, 1.500000000000004885 ) ;
#1533 = VERTEX_POINT ( 'NONE', #1490 ) ;
#1534 = CARTESIAN_POINT ( 'NONE',  ( 49.59054777056510233, 62.54864996279485467, -3.720000000000347917 ) ) ;
#1535 = CARTESIAN_POINT ( 'NONE',  ( 5.930547770565109289, 6.548649962794852009, 21.98000000000000043 ) ) ;
#1536 = VECTOR ( 'NONE', #4010, 1000.000000000000000 ) ;
#1537 = CARTESIAN_POINT ( 'NONE',  ( 51.29349193309586497, 71.38606933607927374, 17.60593378890962057 ) ) ;
#1538 = EDGE_CURVE ( 'NONE', #437, #4826, #4363, .T. ) ;
#1539 = EDGE_CURVE ( 'NONE', #142, #462, #1532, .T. ) ;
#1540 = CYLINDRICAL_SURFACE ( 'NONE', #2332, 1.000000000000000888 ) ;
#1541 = EDGE_LOOP ( 'NONE', ( #4513, #1495, #5261, #3989, #2397, #2672 ) ) ;
#1542 = CARTESIAN_POINT ( 'NONE',  ( 49.89054777056510659, 4.448649962794835488, 17.98000000000000398 ) ) ;
#1543 = CARTESIAN_POINT ( 'NONE',  ( 8.259691434521279518, 71.14864996279486320, 15.89308480000000223 ) ) ;
#1544 = CARTESIAN_POINT ( 'NONE',  ( 56.53775136160012948, 65.42232157067904552, 17.98000003025005711 ) ) ;
#1545 = ORIENTED_EDGE ( 'NONE', *, *, #322, .F. ) ;
#1546 = DIRECTION ( 'NONE',  ( 0.000000000000000000, 0.000000000000000000, 1.000000000000000000 ) ) ;
#1547 = CIRCLE ( 'NONE', #73, 5.000000000000000888 ) ;
#1548 = EDGE_LOOP ( 'NONE', ( #3528, #2576, #857, #1850 ) ) ;
#1549 = VECTOR ( 'NONE', #4402, 1000.000000000000000 ) ;
#1550 = DIRECTION ( 'NONE',  ( 0.9359846291400567564, 0.3520408698056949337, 0.000000000000000000 ) ) ;
#1551 = CARTESIAN_POINT ( 'NONE',  ( -0.4482240198822579069, 3.663715865108796876, 12.42144837306906524 ) ) ;
#1552 = CARTESIAN_POINT ( 'NONE',  ( 56.15174977971223313, 65.38998914655236661, 3.919050016009707704 ) ) ;
#1553 = EDGE_CURVE ( 'NONE', #318, #248, #2830, .T. ) ;
#1554 = VECTOR ( 'NONE', #3565, 1000.000000000000114 ) ;
#1555 = ORIENTED_EDGE ( 'NONE', *, *, #2204, .F. ) ;
#1556 = CARTESIAN_POINT ( 'NONE',  ( -1.053805904240374458, 6.079825106475222007, 13.85970330902127934 ) ) ;
#1557 = CARTESIAN_POINT ( 'NONE',  ( 57.81902141271000772, 66.19449986652465157, 4.508361965348515632 ) ) ;
#1558 = CARTESIAN_POINT ( 'NONE',  ( 58.69054777056511085, 72.30864996279485979, 23.77999999999959257 ) ) ;
#1559 = CARTESIAN_POINT ( 'NONE',  ( 56.45807873113322728, 70.86325632673995756, 4.508361965348502309 ) ) ;
#1560 = AXIS2_PLACEMENT_3D ( 'NONE', #168, #3819, #113 ) ;
#1561 = CARTESIAN_POINT ( 'NONE',  ( 49.66614629456408636, 69.66721981544577602, 3.896195600376923807 ) ) ;
#1562 = VERTEX_POINT ( 'NONE', #2784 ) ;
#1563 = CARTESIAN_POINT ( 'NONE',  ( 53.96840728116865193, 68.07181419031472558, 19.26845558257560143 ) ) ;
#1564 = CARTESIAN_POINT ( 'NONE',  ( 56.21497530241190077, 12.72672186848767062, -1.719999999999999751 ) ) ;
#1565 = CARTESIAN_POINT ( 'NONE',  ( 49.66614628666576436, 69.66721981625732951, 18.21810015359698198 ) ) ;
#1566 = CARTESIAN_POINT ( 'NONE',  ( 51.89054777056510659, 4.448649962794851476, 17.98000000000000398 ) ) ;
#1567 = ORIENTED_EDGE ( 'NONE', *, *, #1918, .F. ) ;
#1568 = FACE_OUTER_BOUND ( 'NONE', #4562, .T. ) ;
#1569 = CARTESIAN_POINT ( 'NONE',  ( 2.054547770565087639, 2.926649962794846349, 21.98000000000000398 ) ) ;
#1570 = PRODUCT_DEFINITION_FORMATION_WITH_SPECIFIED_SOURCE ( 'ANY', '', #1409, .NOT_KNOWN. ) ;
#1571 = DIRECTION ( 'NONE',  ( 0.000000000000000000, -1.000000000000000000, 0.000000000000000000 ) ) ;
#1572 = ORIENTED_EDGE ( 'NONE', *, *, #322, .T. ) ;
#1573 = LINE ( 'NONE', #1143, #949 ) ;
#1574 = ORIENTED_EDGE ( 'NONE', *, *, #997, .F. ) ;
#1575 = CYLINDRICAL_SURFACE ( 'NONE', #3526, 4.999999999999997335 ) ;
#1576 = PLANE ( 'NONE',  #2053 ) ;
#1577 = CARTESIAN_POINT ( 'NONE',  ( -0.1302575513255283257, 3.045375065439346329, 15.58476373559569872 ) ) ;
#1578 = CARTESIAN_POINT ( 'NONE',  ( 54.84167432264490571, 67.22348093787842060, 2.508361965348510303 ) ) ;
#1579 = EDGE_CURVE ( 'NONE', #4447, #663, #3511, .T. ) ;
#1580 = ORIENTED_EDGE ( 'NONE', *, *, #743, .F. ) ;
#1581 = CARTESIAN_POINT ( 'NONE',  ( -1.668794306220183321, 4.048649962794778290, 15.26000000000002110 ) ) ;
#1582 = CARTESIAN_POINT ( 'NONE',  ( 56.63675918158231326, 62.90437780148705826, 18.34988109129438527 ) ) ;
#1583 = CARTESIAN_POINT ( 'NONE',  ( -1.069452229434893153, 28.84697162930883252, 1.831980111264626343 ) ) ;
#1584 = CARTESIAN_POINT ( 'NONE',  ( 56.63379076908790211, 65.37606013666436411, 17.75324751578703442 ) ) ;
#1585 = CARTESIAN_POINT ( 'NONE',  ( 50.55923158539220452, 71.39651265230669708, 4.528680893578766131 ) ) ;
#1586 = ORIENTED_EDGE ( 'NONE', *, *, #676, .F. ) ;
#1587 = CARTESIAN_POINT ( 'NONE',  ( 49.59054777056510233, 69.54864996279485467, 23.77999999999960679 ) ) ;
#1588 = CARTESIAN_POINT ( 'NONE',  ( 57.36904578126390675, 57.73892225281495172, 14.39492047999212154 ) ) ;
#1589 = CARTESIAN_POINT ( 'NONE',  ( 49.78622433674085812, 70.05912275087713681, 17.77313061563452479 ) ) ;
#1590 = CARTESIAN_POINT ( 'NONE',  ( 40.83416265469568884, 70.14024240127203313, 11.05714787712906144 ) ) ;
#1591 = ORIENTED_EDGE ( 'NONE', *, *, #911, .F. ) ;
#1592 = CARTESIAN_POINT ( 'NONE',  ( -5.528395281464843158, 52.71776721078237671, 7.230000000000042171 ) ) ;
#1593 = DIRECTION ( 'NONE',  ( -0.000000000000000000, 1.000000000000000000, 0.000000000000000000 ) ) ;
#1594 = CARTESIAN_POINT ( 'NONE',  ( 5.833947438536207564, 69.54798338647540845, 17.97999999999999687 ) ) ;
#1595 = VERTEX_POINT ( 'NONE', #3257 ) ;
#1596 = DIRECTION ( 'NONE',  ( -0.000000000000000000, 1.000000000000000000, 2.753529326947312927E-16 ) ) ;
#1597 = ORIENTED_EDGE ( 'NONE', *, *, #4403, .T. ) ;
#1598 = CARTESIAN_POINT ( 'NONE',  ( 49.81040043674662599, 71.33059146416998431, 17.52696663497083662 ) ) ;
#1599 = CARTESIAN_POINT ( 'NONE',  ( 55.89067319206426987, 68.05577448112305206, 17.60610306982112050 ) ) ;
#1600 = CARTESIAN_POINT ( 'NONE',  ( -0.1722696383990025282, 3.079644171845742129, 14.53155706723447871 ) ) ;
#1601 = CARTESIAN_POINT ( 'NONE',  ( 55.48629644536694627, 66.35096231462732419, 3.176692916416654633 ) ) ;
#1602 = EDGE_CURVE ( 'NONE', #5185, #4295, #2488, .T. ) ;
#1603 = EDGE_LOOP ( 'NONE', ( #1522, #235, #3446, #1610 ) ) ;
#1604 = DIRECTION ( 'NONE',  ( 0.000000000000000000, 0.000000000000000000, 1.000000000000000000 ) ) ;
#1605 = DIRECTION ( 'NONE',  ( -1.000000000000000000, 1.309010496964126249E-16, 6.982962677686267499E-15 ) ) ;
#1606 = CARTESIAN_POINT ( 'NONE',  ( 46.75081931155986581, 70.92514683367126338, 16.92908038816979754 ) ) ;
#1607 = CARTESIAN_POINT ( 'NONE',  ( 43.23805640140425055, 69.54864996279485467, 4.725918772348865815 ) ) ;
#1608 = EDGE_CURVE ( 'NONE', #3073, #4746, #1212, .T. ) ;
#1609 = CARTESIAN_POINT ( 'NONE',  ( 50.68433683656225952, 70.07279049880521882, 4.360274595584208157 ) ) ;
#1610 = ORIENTED_EDGE ( 'NONE', *, *, #2946, .T. ) ;
#1611 = DIRECTION ( 'NONE',  ( -1.000000000000000000, 0.000000000000000000, 0.000000000000000000 ) ) ;
#1612 = CARTESIAN_POINT ( 'NONE',  ( 57.49462268848870394, 58.68200670519873796, 6.897238337064496072 ) ) ;
#1613 = CARTESIAN_POINT ( 'NONE',  ( 50.82188509813840938, 71.40127638483266992, 17.59760104944975367 ) ) ;
#1614 = ADVANCED_FACE ( 'NONE', ( #778 ), #2047, .T. ) ;
#1615 = EDGE_CURVE ( 'NONE', #3788, #1533, #3689, .T. ) ;
#1616 = CARTESIAN_POINT ( 'NONE',  ( -2.924136789141379200, 3.247944013770648120, 14.87339006961041399 ) ) ;
#1617 = EDGE_LOOP ( 'NONE', ( #2948, #1162, #2709, #3261, #205, #3757 ) ) ;
#1618 = CARTESIAN_POINT ( 'NONE',  ( 5.830547770565105203, 4.448649962794835488, 17.98000000000000398 ) ) ;
#1619 = CARTESIAN_POINT ( 'NONE',  ( 56.61565953631652803, 65.42825022918854927, 4.363153781362640871 ) ) ;
#1620 = DIRECTION ( 'NONE',  ( 1.000000000000000000, 0.000000000000000000, -6.991222571849442154E-15 ) ) ;
#1621 = AXIS2_PLACEMENT_3D ( 'NONE', #4621, #915, #4985 ) ;
#1622 = VERTEX_POINT ( 'NONE', #3290 ) ;
#1623 = DIRECTION ( 'NONE',  ( -1.000000000000000000, 0.000000000000000000, 0.000000000000000000 ) ) ;
#1624 = AXIS2_PLACEMENT_3D ( 'NONE', #3745, #1706, #3354 ) ;
#1625 = EDGE_LOOP ( 'NONE', ( #1231, #3007, #268, #1897, #1712 ) ) ;
#1626 = DIRECTION ( 'NONE',  ( 0.000000000000000000, 0.000000000000000000, 1.000000000000000000 ) ) ;
#1627 = DIRECTION ( 'NONE',  ( 0.000000000000000000, 0.000000000000000000, -1.000000000000000000 ) ) ;
#1628 = AXIS2_PLACEMENT_3D ( 'NONE', #1792, #4276, #2233 ) ;
#1629 = CARTESIAN_POINT ( 'NONE',  ( 26.43000000000000327, 72.30864996279485979, 10.50000000000000000 ) ) ;
#1630 = ORIENTED_EDGE ( 'NONE', *, *, #2803, .F. ) ;
#1631 = CARTESIAN_POINT ( 'NONE',  ( 56.01323451135469611, 65.33293667500272761, 2.842048463082618159 ) ) ;
#1632 = AXIS2_PLACEMENT_3D ( 'NONE', #575, #1824, #5048 ) ;
#1633 = ORIENTED_EDGE ( 'NONE', *, *, #1872, .F. ) ;
#1634 = CARTESIAN_POINT ( 'NONE',  ( 43.91782418975069646, 63.94971519960149209, 4.508361965348512079 ) ) ;
#1635 = CARTESIAN_POINT ( 'NONE',  ( 52.16438782148027542, 62.90437780148707958, 19.18000000000001037 ) ) ;
#1636 = CARTESIAN_POINT ( 'NONE',  ( 41.58665183873888793, 70.24005128398854936, 13.47904107004540286 ) ) ;
#1637 = AXIS2_PLACEMENT_3D ( 'NONE', #4366, #1436, #3965 ) ;
#1638 = FACE_BOUND ( 'NONE', #3152, .T. ) ;
#1639 = ADVANCED_FACE ( 'NONE', ( #3640 ), #4932, .F. ) ;
#1640 = VECTOR ( 'NONE', #2971, 1000.000000000000000 ) ;
#1641 = CARTESIAN_POINT ( 'NONE',  ( 1.506120238718114290, 16.14602530996853247, -1.719999999999999751 ) ) ;
#1642 = ORIENTED_EDGE ( 'NONE', *, *, #643, .F. ) ;
#1643 = CYLINDRICAL_SURFACE ( 'NONE', #2235, 6.999999999999999112 ) ;
#1644 = DIRECTION ( 'NONE',  ( 0.000000000000000000, 0.000000000000000000, 1.000000000000000000 ) ) ;
#1645 = CIRCLE ( 'NONE', #5243, 3.399999999999996803 ) ;
#1646 = CARTESIAN_POINT ( 'NONE',  ( 40.41976148778650924, 69.57981785148412257, 8.666357699913705304 ) ) ;
#1647 = EDGE_CURVE ( 'NONE', #5126, #1562, #2050, .T. ) ;
#1648 = FACE_BOUND ( 'NONE', #4067, .T. ) ;
#1649 = ORIENTED_EDGE ( 'NONE', *, *, #2171, .F. ) ;
#1650 = CARTESIAN_POINT ( 'NONE',  ( -2.969452229434890622, 72.30864996279485979, 23.78000000000002245 ) ) ;
#1651 = LINE ( 'NONE', #5334, #2595 ) ;
#1652 = FACE_BOUND ( 'NONE', #4898, .T. ) ;
#1653 = VERTEX_POINT ( 'NONE', #1241 ) ;
#1654 = AXIS2_PLACEMENT_3D ( 'NONE', #3238, #2388, #1571 ) ;
#1655 = CARTESIAN_POINT ( 'NONE',  ( 49.89054777056510659, 70.01972472474237463, 17.98000000000000753 ) ) ;
#1656 =( GEOMETRIC_REPRESENTATION_CONTEXT ( 3 ) GLOBAL_UNCERTAINTY_ASSIGNED_CONTEXT ( ( #4891 ) ) GLOBAL_UNIT_ASSIGNED_CONTEXT ( ( #63, #1321, #4199 ) ) REPRESENTATION_CONTEXT ( 'NONE', 'WORKASPACE' ) );
#1657 = ORIENTED_EDGE ( 'NONE', *, *, #657, .T. ) ;
#1658 = LINE ( 'NONE', #3704, #513 ) ;
#1659 = DIRECTION ( 'NONE',  ( -1.000000000000000000, 0.000000000000000000, 6.991222571849440577E-15 ) ) ;
#1660 = AXIS2_PLACEMENT_3D ( 'NONE', #3820, #3739, #2992 ) ;
#1661 = CARTESIAN_POINT ( 'NONE',  ( 8.259691434521279518, 71.14864996279486320, 12.11308500000000521 ) ) ;
#1662 = ORIENTED_EDGE ( 'NONE', *, *, #1538, .T. ) ;
#1663 = CARTESIAN_POINT ( 'NONE',  ( 54.89463374983089494, 67.16871904977357133, 3.179433496208037724 ) ) ;
#1664 = ORIENTED_EDGE ( 'NONE', *, *, #1686, .F. ) ;
#1665 = LINE ( 'NONE', #3307, #675 ) ;
#1666 = DIRECTION ( 'NONE',  ( -0.000000000000000000, -0.000000000000000000, -1.000000000000000000 ) ) ;
#1667 = CARTESIAN_POINT ( 'NONE',  ( 43.55253305928349050, 70.50075989370083107, 15.43295462254774719 ) ) ;
#1668 = CARTESIAN_POINT ( 'NONE',  ( 49.59054777056510233, 69.54864996279485467, 19.50285005672181526 ) ) ;
#1669 = CARTESIAN_POINT ( 'NONE',  ( 8.259691434521279518, -2.952350037205148325, 10.61308499999999988 ) ) ;
#1670 = ORIENTED_EDGE ( 'NONE', *, *, #2803, .T. ) ;
#1671 = CARTESIAN_POINT ( 'NONE',  ( 50.59983307150413623, 69.63380954394675371, 18.20136722115922012 ) ) ;
#1672 = CARTESIAN_POINT ( 'NONE',  ( 57.41988178534158749, 58.12537575599229456, 7.350620366436426245 ) ) ;
#1673 = CARTESIAN_POINT ( 'NONE',  ( 49.63843370749965089, 69.66686161513452191, 3.897325124807820895 ) ) ;
#1674 = CARTESIAN_POINT ( 'NONE',  ( -2.897669551911120411, 3.048747596452531017, 14.12865516456534287 ) ) ;
#1675 = CARTESIAN_POINT ( 'NONE',  ( 56.85725281124597785, 59.05900519932012571, 16.14774817918539540 ) ) ;
#1676 = CARTESIAN_POINT ( 'NONE',  ( 41.70239533589094094, 10.04864996279486178, -5.220000000000291074 ) ) ;
#1677 = DIRECTION ( 'NONE',  ( 1.000000000000000000, 0.000000000000000000, 0.000000000000000000 ) ) ;
#1678 = DIRECTION ( 'NONE',  ( 1.000000000000000000, 0.000000000000000000, 0.000000000000000000 ) ) ;
#1679 = EDGE_LOOP ( 'NONE', ( #5303, #3141, #5064, #1574 ) ) ;
#1680 = CARTESIAN_POINT ( 'NONE',  ( 3.116767121003546137, 68.95864494224079522, 9.392920316378290835 ) ) ;
#1681 = ORIENTED_EDGE ( 'NONE', *, *, #1021, .F. ) ;
#1682 = CARTESIAN_POINT ( 'NONE',  ( 49.69054777056490479, 72.30864996279485979, -5.220000000000347029 ) ) ;
#1683 = CARTESIAN_POINT ( 'NONE',  ( 49.78328074016422988, 71.04294819221927071, 4.558602362538074715 ) ) ;
#1684 = VERTEX_POINT ( 'NONE', #4064 ) ;
#1685 = DIRECTION ( 'NONE',  ( -1.000000000000000000, 0.000000000000000000, 6.938893903907229167E-15 ) ) ;
#1686 = EDGE_CURVE ( 'NONE', #2116, #2021, #2851, .T. ) ;
#1687 = EDGE_LOOP ( 'NONE', ( #334, #2563, #3370, #3216 ) ) ;
#1688 = CARTESIAN_POINT ( 'NONE',  ( 56.59054777056510233, 50.14276721078237387, 17.80499999999959826 ) ) ;
#1689 = EDGE_CURVE ( 'NONE', #5109, #2167, #362, .T. ) ;
#1690 = CARTESIAN_POINT ( 'NONE',  ( 0.03054777056504380528, 4.048649962794844903, 15.26000000000001044 ) ) ;
#1691 = CARTESIAN_POINT ( 'NONE',  ( 54.59054777056510233, 51.14276721078237387, 2.804999999999597815 ) ) ;
#1692 = CARTESIAN_POINT ( 'NONE',  ( -1.559091999642331583, 6.448649962794850587, 17.98000000000000398 ) ) ;
#1693 = CYLINDRICAL_SURFACE ( 'NONE', #4138, 1.500000000000004885 ) ;
#1694 = VERTEX_POINT ( 'NONE', #747 ) ;
#1695 = CARTESIAN_POINT ( 'NONE',  ( 51.81037927899073736, 69.36859220637231260, 18.20009775701701571 ) ) ;
#1696 = CARTESIAN_POINT ( 'NONE',  ( 2.308547770565092083, 66.27464996279483955, 21.98000000000000398 ) ) ;
#1697 = DIRECTION ( 'NONE',  ( 1.000000000000000000, 1.177133787269976313E-16, 0.000000000000000000 ) ) ;
#1698 = CARTESIAN_POINT ( 'NONE',  ( 49.59054777056510233, 69.54864996279485467, 19.50285005672181171 ) ) ;
#1699 = CARTESIAN_POINT ( 'NONE',  ( 49.81040043674660467, 71.33059146416998431, 4.587329119287290702 ) ) ;
#1700 = CARTESIAN_POINT ( 'NONE',  ( 56.59054777056510233, 56.50529427991126141, 6.784495594037697863 ) ) ;
#1701 = CARTESIAN_POINT ( 'NONE',  ( 56.59054777056510233, 52.71776721078237671, 7.229999999999607851 ) ) ;
#1702 = CARTESIAN_POINT ( 'NONE',  ( 2.054547770565087639, 2.926649962794846349, 17.98000000000000398 ) ) ;
#1703 = EDGE_CURVE ( 'NONE', #1144, #1954, #2333, .T. ) ;
#1704 = ORIENTED_EDGE ( 'NONE', *, *, #3044, .T. ) ;
#1705 = EDGE_CURVE ( 'NONE', #4324, #427, #5007, .T. ) ;
#1706 = DIRECTION ( 'NONE',  ( -6.991222571849442154E-15, 6.445834664451861014E-31, -1.000000000000000000 ) ) ;
#1707 = AXIS2_PLACEMENT_3D ( 'NONE', #4341, #5242, #4788 ) ;
#1708 = CIRCLE ( 'NONE', #403, 6.999999999999999112 ) ;
#1709 = VERTEX_POINT ( 'NONE', #3371 ) ;
#1710 = CARTESIAN_POINT ( 'NONE',  ( 55.99047171445558746, 65.38431099902913957, 2.508361965348510303 ) ) ;
#1711 = CARTESIAN_POINT ( 'NONE',  ( 51.89054777056510659, 4.448649962794851476, 21.98000000000000398 ) ) ;
#1712 = ORIENTED_EDGE ( 'NONE', *, *, #256, .F. ) ;
#1713 = APPLICATION_PROTOCOL_DEFINITION ( 'draft international standard', 'automotive_design', 1998, #2043 ) ;
#1714 = CIRCLE ( 'NONE', #4456, 1.000000000000000888 ) ;
#1715 = LINE ( 'NONE', #3412, #5067 ) ;
#1716 = VECTOR ( 'NONE', #535, 1000.000000000000000 ) ;
#1717 = ORIENTED_EDGE ( 'NONE', *, *, #2119, .T. ) ;
#1718 = AXIS2_PLACEMENT_3D ( 'NONE', #1852, #1765, #934 ) ;
#1719 = CARTESIAN_POINT ( 'NONE',  ( -3.649418182505408566E-14, 3.364725694843871325E-30, -5.219999999999999751 ) ) ;
#1720 = CARTESIAN_POINT ( 'NONE',  ( 57.00267297331284766, 62.81012235412225664, 4.634345078328058420 ) ) ;
#1721 = EDGE_CURVE ( 'NONE', #3703, #3144, #4232, .T. ) ;
#1722 = DIRECTION ( 'NONE',  ( -6.769652589177783879E-15, 0.000000000000000000, -1.000000000000000000 ) ) ;
#1723 = PLANE ( 'NONE',  #3976 ) ;
#1724 = ORIENTED_EDGE ( 'NONE', *, *, #1608, .T. ) ;
#1725 = DIRECTION ( 'NONE',  ( -6.991222571849442154E-15, 6.445834664451861014E-31, -1.000000000000000000 ) ) ;
#1726 = CARTESIAN_POINT ( 'NONE',  ( 57.15650779163939177, 67.47440198090559704, 17.60593378890962057 ) ) ;
#1727 = CARTESIAN_POINT ( 'NONE',  ( 44.38679625461604417, 69.54864996279485467, 17.86171705657985243 ) ) ;
#1728 = CARTESIAN_POINT ( 'NONE',  ( -1.836382789988013409, 4.337862329105929504, 15.21953200495017455 ) ) ;
#1729 = CARTESIAN_POINT ( 'NONE',  ( 57.23838375950811752, 59.25826759444456115, 15.93529313943150072 ) ) ;
#1730 = DIRECTION ( 'NONE',  ( -0.000000000000000000, -0.000000000000000000, -1.000000000000000000 ) ) ;
#1731 = VECTOR ( 'NONE', #1793, 1000.000000000000000 ) ;
#1732 = CARTESIAN_POINT ( 'NONE',  ( 49.63843369962883401, 69.66686161591125881, 18.21697062915179188 ) ) ;
#1733 = VERTEX_POINT ( 'NONE', #4620 ) ;
#1734 = DIRECTION ( 'NONE',  ( 1.000000000000000000, 0.000000000000000000, -6.991222571849441366E-15 ) ) ;
#1735 = EDGE_LOOP ( 'NONE', ( #613, #5227, #4222, #603 ) ) ;
#1736 = CARTESIAN_POINT ( 'NONE',  ( 45.19436216970071030, 54.30864996279486689, -5.220000000000315943 ) ) ;
#1737 = CIRCLE ( 'NONE', #1311, 6.999999999999999112 ) ;
#1738 = DIRECTION ( 'NONE',  ( -0.7099979120823763923, 0.7042037807614114353, 0.000000000000000000 ) ) ;
#1739 = ORIENTED_EDGE ( 'NONE', *, *, #2945, .F. ) ;
#1740 = CARTESIAN_POINT ( 'NONE',  ( 51.95272850216174731, 71.24328120023351119, 4.508361965348509415 ) ) ;
#1741 = CARTESIAN_POINT ( 'NONE',  ( 16.19436216970071030, 54.30864996279485979, -5.220000000000112550 ) ) ;
#1742 = ORIENTED_EDGE ( 'NONE', *, *, #1831, .F. ) ;
#1743 = LINE ( 'NONE', #1366, #2674 ) ;
#1744 = CARTESIAN_POINT ( 'NONE',  ( 50.76674208291635892, 70.21662864585630359, 17.79019672892544790 ) ) ;
#1745 = CARTESIAN_POINT ( 'NONE',  ( 58.64436355531187672, 64.36736540894051473, 17.34880663855477678 ) ) ;
#1746 = EDGE_CURVE ( 'NONE', #2841, #58, #1880, .T. ) ;
#1747 = CARTESIAN_POINT ( 'NONE',  ( 54.59054777056510233, 51.14276721078237387, 17.80499999999959826 ) ) ;
#1748 = VERTEX_POINT ( 'NONE', #1323 ) ;
#1749 = B_SPLINE_SURFACE_WITH_KNOTS ( 'NONE', 5, 3, ( 
 ( #567, #3860, #1034, #4317, #2706, #2303, #3935, #153, #1813, #233, #3428 ),
 ( #5167, #3126, #4767, #1084, #186, #3456, #5093, #618, #3834, #3031, #1781 ),
 ( #2281, #2628, #1410, #3057, #1007, #2652, #594, #4365, #4416, #4038, #3584 ),
 ( #4905, #1565, #1998, #337, #3963, #3641, #5190, #5272, #2785, #4012, #3258 ),
 ( #3208, #1214, #1589, #285, #667, #2407, #260, #1514, #2757, #5244, #2327 ),
 ( #4441, #363, #1160, #1134, #2356, #4819, #308, #1967, #780, #2438, #720 ),
 ( #3179, #4390, #4065, #2024, #1940, #5215, #2383, #3613, #1917, #3664, #3233 ),
 ( #4845, #2808, #698, #748, #2837, #5298, #1613, #3564, #4872, #1184, #1537 ) ),
 .UNSPECIFIED., .F., .F., .F.,
 ( 6, 2, 6 ),
 ( 4, 1, 1, 1, 1, 1, 1, 1, 4 ),
 ( 0.000000000000000000, 0.5000000000000000000, 1.000000000000000000 ),
 ( 0.000000000000000000, 0.0001142526933642672767, 0.0002856317334106682460, 0.0005141371201392028537, 0.0008568952002320047922, 0.001199653280324806731, 0.001428158667053341067, 0.001599537707099742091, 0.001713790400464009151 ),
 .UNSPECIFIED. ) ;
#1750 = CARTESIAN_POINT ( 'NONE',  ( 11.19436216970071030, 54.30864996279486689, -5.220000000000077911 ) ) ;
#1751 = DIRECTION ( 'NONE',  ( 0.000000000000000000, 0.000000000000000000, 1.000000000000000000 ) ) ;
#1752 = CARTESIAN_POINT ( 'NONE',  ( 39.93998029915324111, 69.54864996279485467, 13.67518258405264753 ) ) ;
#1753 = FACE_OUTER_BOUND ( 'NONE', #278, .T. ) ;
#1754 = CARTESIAN_POINT ( 'NONE',  ( 57.76560619840446265, 62.47233727150029381, 17.08699743786838354 ) ) ;
#1755 = CARTESIAN_POINT ( 'NONE',  ( 52.20117464370587612, 62.90437780148707958, 21.98000000000000398 ) ) ;
#1756 = CARTESIAN_POINT ( 'NONE',  ( 56.21497530241190077, 56.90412233242040685, -3.719999999999999751 ) ) ;
#1757 = ORIENTED_EDGE ( 'NONE', *, *, #2615, .F. ) ;
#1758 = CARTESIAN_POINT ( 'NONE',  ( -0.4938797612818873750, 16.14602530996853247, -3.719999999999999751 ) ) ;
#1759 = ORIENTED_EDGE ( 'NONE', *, *, #2774, .F. ) ;
#1760 = CARTESIAN_POINT ( 'NONE',  ( 58.69154777056515826, 28.84697162930883962, 1.831980111264209121 ) ) ;
#1761 = CARTESIAN_POINT ( 'NONE',  ( -1.060300605631468773, 62.90647531269305404, 21.98000000000000043 ) ) ;
#1762 = EDGE_LOOP ( 'NONE', ( #218, #2717, #2670, #2633 ) ) ;
#1763 = CARTESIAN_POINT ( 'NONE',  ( -1.730904027841282167, 4.147329379649634440, 13.26488072439070898 ) ) ;
#1764 = ORIENTED_EDGE ( 'NONE', *, *, #4835, .F. ) ;
#1765 = DIRECTION ( 'NONE',  ( 0.000000000000000000, 0.000000000000000000, 1.000000000000000000 ) ) ;
#1766 = CARTESIAN_POINT ( 'NONE',  ( 58.69054777056503980, 49.56776721078237813, 13.37999999999960998 ) ) ;
#1767 = CARTESIAN_POINT ( 'NONE',  ( 52.00263422096843868, 71.24941974771051889, 4.508361965348511191 ) ) ;
#1768 = CARTESIAN_POINT ( 'NONE',  ( 56.66719169976136783, 63.19011611484020818, 4.112573503994717328 ) ) ;
#1769 = EDGE_LOOP ( 'NONE', ( #1555, #3655, #401, #1487 ) ) ;
#1770 = CARTESIAN_POINT ( 'NONE',  ( 49.89054777056509948, 69.69413648654031590, 18.43621748804403992 ) ) ;
#1771 = DIRECTION ( 'NONE',  ( -0.000000000000000000, 1.000000000000000000, -0.000000000000000000 ) ) ;
#1772 = CARTESIAN_POINT ( 'NONE',  ( 47.49006405876792059, 70.78181019329804258, 4.845712730216764186 ) ) ;
#1773 = EDGE_CURVE ( 'NONE', #4281, #2391, #1962, .T. ) ;
#1774 = B_SPLINE_CURVE_WITH_KNOTS ( 'NONE', 5,
 ( #5092, #185, #5140, #4315, #1464, #5166 ),
 .UNSPECIFIED., .F., .F.,
 ( 6, 6 ),
 ( 0.000000000000000000, 0.4680952734583325170 ),
 .UNSPECIFIED. ) ;
#1775 = CARTESIAN_POINT ( 'NONE',  ( 48.42779225797065834, 71.14831902304011635, 4.768328353880470161 ) ) ;
#1776 = CARTESIAN_POINT ( 'NONE',  ( 56.67614513197344195, 62.14009193856010427, 17.77087494091011166 ) ) ;
#1777 = LINE ( 'NONE', #1329, #931 ) ;
#1778 = CARTESIAN_POINT ( 'NONE',  ( -1.730904027841282167, 4.147329379649634440, 13.26488072439070898 ) ) ;
#1779 = EDGE_CURVE ( 'NONE', #782, #3995, #500, .T. ) ;
#1780 = ORIENTED_EDGE ( 'NONE', *, *, #3722, .F. ) ;
#1781 = CARTESIAN_POINT ( 'NONE',  ( 50.82510279669328668, 69.43953282720052300, 19.27666444732201967 ) ) ;
#1782 = EDGE_CURVE ( 'NONE', #4828, #456, #1851, .T. ) ;
#1783 = ORIENTED_EDGE ( 'NONE', *, *, #721, .T. ) ;
#1784 = CARTESIAN_POINT ( 'NONE',  ( 52.01866597969431183, 69.20953678771780915, 2.508361965348510303 ) ) ;
#1785 = PLANE ( 'NONE',  #3182 ) ;
#1786 = CARTESIAN_POINT ( 'NONE',  ( 41.70239533589114700, 13.44864996279486213, 23.78100000000014091 ) ) ;
#1787 = ORIENTED_EDGE ( 'NONE', *, *, #2838, .T. ) ;
#1788 = DIRECTION ( 'NONE',  ( -0.000000000000000000, 0.000000000000000000, -1.000000000000000000 ) ) ;
#1789 = EDGE_CURVE ( 'NONE', #2448, #3903, #4848, .T. ) ;
#1790 = VECTOR ( 'NONE', #3719, 1000.000000000000000 ) ;
#1791 = EDGE_LOOP ( 'NONE', ( #3426, #3661, #4770, #1572, #5161, #2502 ) ) ;
#1792 = CARTESIAN_POINT ( 'NONE',  ( 43.19436216853057431, 30.70864996279484771, -5.220000000000301732 ) ) ;
#1793 = DIRECTION ( 'NONE',  ( -1.000000000000000000, 9.219896231606735603E-17, 6.982962677686269077E-15 ) ) ;
#1794 = VECTOR ( 'NONE', #1210, 1000.000000000000000 ) ;
#1795 = DIRECTION ( 'NONE',  ( 0.000000000000000000, 0.000000000000000000, 1.000000000000000000 ) ) ;
#1796 = VECTOR ( 'NONE', #2961, 1000.000000000000000 ) ;
#1797 = CARTESIAN_POINT ( 'NONE',  ( 52.81567989703702182, 64.50766867042288766, 20.78000000000000469 ) ) ;
#1798 = CIRCLE ( 'NONE', #151, 1.976629218758614748 ) ;
#1799 = ORIENTED_EDGE ( 'NONE', *, *, #1703, .F. ) ;
#1800 = AXIS2_PLACEMENT_3D ( 'NONE', #963, #5076, #2263 ) ;
#1801 = ADVANCED_FACE ( 'NONE', ( #3604 ), #1235, .T. ) ;
#1802 = CARTESIAN_POINT ( 'NONE',  ( 56.32126916172148157, 64.49224427466455722, 19.53974807679137626 ) ) ;
#1803 = ORIENTED_EDGE ( 'NONE', *, *, #1553, .T. ) ;
#1804 = CARTESIAN_POINT ( 'NONE',  ( 49.78328074016422988, 71.04294819221927071, 4.558602362538074715 ) ) ;
#1805 = CARTESIAN_POINT ( 'NONE',  ( 46.26954112734509295, 70.86103416135676980, 5.341893522646071091 ) ) ;
#1806 = CARTESIAN_POINT ( 'NONE',  ( 50.01909772725989001, 69.53670621032162558, 2.557265988638475207 ) ) ;
#1807 = FACE_OUTER_BOUND ( 'NONE', #2658, .T. ) ;
#1808 = CIRCLE ( 'NONE', #4904, 1.000000000000000666 ) ;
#1809 = CARTESIAN_POINT ( 'NONE',  ( 56.52506957127302911, 63.62064943596632105, 2.753279895468465188 ) ) ;
#1810 = CARTESIAN_POINT ( 'NONE',  ( -1.069452229434879387, 28.84697162930884673, 1.831980111264626343 ) ) ;
#1811 = AXIS2_PLACEMENT_3D ( 'NONE', #3541, #3151, #3081 ) ;
#1812 = B_SPLINE_CURVE_WITH_KNOTS ( 'NONE', 3,
 ( #2070, #5235, #381, #3198 ),
 .UNSPECIFIED., .F., .F.,
 ( 4, 4 ),
 ( 0.000000000000000000, 0.3547906938908123031 ),
 .UNSPECIFIED. ) ;
#1813 = CARTESIAN_POINT ( 'NONE',  ( 50.81258568577109003, 69.44146004748843382, 19.60548946098822043 ) ) ;
#1814 = EDGE_CURVE ( 'NONE', #1733, #126, #1812, .T. ) ;
#1815 = EDGE_CURVE ( 'NONE', #5, #1595, #3682, .T. ) ;
#1816 = CIRCLE ( 'NONE', #4923, 1.729999999999999760 ) ;
#1817 = VERTEX_POINT ( 'NONE', #2777 ) ;
#1818 = CARTESIAN_POINT ( 'NONE',  ( 49.59054777056510943, 6.548649962794857338, -3.720000000000347917 ) ) ;
#1819 = CARTESIAN_POINT ( 'NONE',  ( 57.81902141270999351, 66.19449986652466578, 4.508361965348512967 ) ) ;
#1820 = DIRECTION ( 'NONE',  ( 0.000000000000000000, -1.000000000000000000, 0.000000000000000000 ) ) ;
#1821 = ORIENTED_EDGE ( 'NONE', *, *, #4966, .F. ) ;
#1822 = DIRECTION ( 'NONE',  ( 1.000000000000000000, 0.000000000000000000, -6.938893903907228378E-15 ) ) ;
#1823 = VERTEX_POINT ( 'NONE', #2040 ) ;
#1824 = DIRECTION ( 'NONE',  ( 0.000000000000000000, 0.000000000000000000, 1.000000000000000000 ) ) ;
#1825 = AXIS2_PLACEMENT_3D ( 'NONE', #2286, #703, #3589 ) ;
#1826 = DIRECTION ( 'NONE',  ( -1.000000000000000000, -0.000000000000000000, -0.000000000000000000 ) ) ;
#1827 = LINE ( 'NONE', #2315, #2351 ) ;
#1828 = CIRCLE ( 'NONE', #4831, 1.000000000000000888 ) ;
#1829 = CARTESIAN_POINT ( 'NONE',  ( 56.32325031243583879, 64.48602477800524468, 2.575336750262448238 ) ) ;
#1830 = VERTEX_POINT ( 'NONE', #2885 ) ;
#1831 = EDGE_CURVE ( 'NONE', #3839, #3788, #4839, .T. ) ;
#1832 = FACE_BOUND ( 'NONE', #3735, .T. ) ;
#1833 = ORIENTED_EDGE ( 'NONE', *, *, #3714, .F. ) ;
#1834 = B_SPLINE_CURVE_WITH_KNOTS ( 'NONE', 5,
 ( #2035, #3245, #4885, #3304, #2504, #1198, #1683, #3675 ),
 .UNSPECIFIED., .F., .F.,
 ( 6, 2, 6 ),
 ( 0.000000000000000000, 0.5000000000000000000, 1.000000000000000000 ),
 .UNSPECIFIED. ) ;
#1835 = CARTESIAN_POINT ( 'NONE',  ( -0.9870818234252023426, 5.042867022563659596, 14.13523352160436097 ) ) ;
#1836 = CARTESIAN_POINT ( 'NONE',  ( 57.09088020743657665, 56.37741741213392999, 9.279960871000515255 ) ) ;
#1837 = CARTESIAN_POINT ( 'NONE',  ( -5.528395281464801414, 52.71776721078237671, 13.38000000000004519 ) ) ;
#1838 = FACE_OUTER_BOUND ( 'NONE', #1858, .T. ) ;
#1839 = VERTEX_POINT ( 'NONE', #4489 ) ;
#1840 = CARTESIAN_POINT ( 'NONE',  ( 49.59054777056510943, 6.548649962794857338, 23.77999999999964942 ) ) ;
#1841 = APPLICATION_CONTEXT ( 'automotive_design' ) ;
#1842 = DIRECTION ( 'NONE',  ( 1.000000000000000000, 1.387778780781446464E-15, -7.025630077706072677E-15 ) ) ;
#1843 = EDGE_LOOP ( 'NONE', ( #3631, #1128, #1427, #2834 ) ) ;
#1844 = DIRECTION ( 'NONE',  ( -6.982962677686266711E-15, 0.000000000000000000, -1.000000000000000000 ) ) ;
#1845 = DIRECTION ( 'NONE',  ( 1.000000000000000000, 0.000000000000000000, 0.000000000000000000 ) ) ;
#1846 = CARTESIAN_POINT ( 'NONE',  ( 53.70306072717547607, 68.84444192582539301, 17.97999999999999687 ) ) ;
#1847 = ORIENTED_EDGE ( 'NONE', *, *, #1489, .F. ) ;
#1848 = CARTESIAN_POINT ( 'NONE',  ( -2.028113479585904155, 4.888393224023423578, 14.81867507039082277 ) ) ;
#1849 = EDGE_CURVE ( 'NONE', #3995, #4379, #712, .T. ) ;
#1850 = ORIENTED_EDGE ( 'NONE', *, *, #3794, .T. ) ;
#1851 =( BOUNDED_CURVE ( )  B_SPLINE_CURVE ( 3, ( #2160, #942, #5029, #1345 ),
 .UNSPECIFIED., .F., .F. ) 
 B_SPLINE_CURVE_WITH_KNOTS ( ( 4, 4 ),
 ( 3.141592653589793116, 4.435886290223988837 ),
 .UNSPECIFIED. ) 
 CURVE ( )  GEOMETRIC_REPRESENTATION_ITEM ( )  RATIONAL_B_SPLINE_CURVE ( ( 1.000000000000000000, 0.8652048417720059614, 0.8652048417720059614, 1.000000000000000000 ) ) 
 REPRESENTATION_ITEM ( '' )  );
#1852 = CARTESIAN_POINT ( 'NONE',  ( 3.830547770565105203, 4.448649962794851476, 21.98000000000000398 ) ) ;
#1853 = CARTESIAN_POINT ( 'NONE',  ( 0.5061202387181135132, 53.62159102859877180, -1.719999999999999751 ) ) ;
#1854 = CARTESIAN_POINT ( 'NONE',  ( -1.053846253479532757, 6.080593538461362968, 13.86660703339146217 ) ) ;
#1855 = EDGE_CURVE ( 'NONE', #5085, #2226, #4748, .T. ) ;
#1856 = EDGE_CURVE ( 'NONE', #1622, #487, #5024, .T. ) ;
#1857 = CARTESIAN_POINT ( 'NONE',  ( 56.01323451135469611, 65.33293667500272761, 2.842048463082622156 ) ) ;
#1858 = EDGE_LOOP ( 'NONE', ( #3463, #700, #2749, #2194 ) ) ;
#1859 = CARTESIAN_POINT ( 'NONE',  ( 56.53125562930868853, 63.50020695949801564, 19.02282581458560884 ) ) ;
#1860 = ORIENTED_EDGE ( 'NONE', *, *, #2571, .T. ) ;
#1861 = CARTESIAN_POINT ( 'NONE',  ( -0.9084418576878201534, 4.850860166347695568, 13.65321173242355002 ) ) ;
#1862 = CARTESIAN_POINT ( 'NONE',  ( 57.20236908483320093, 56.48158354433618911, 9.313978868075851736 ) ) ;
#1863 = CARTESIAN_POINT ( 'NONE',  ( 56.59054777056509522, 60.37478524564227200, 3.832444238326500496 ) ) ;
#1864 = PLANE ( 'NONE',  #4113 ) ;
#1865 = CARTESIAN_POINT ( 'NONE',  ( 3.861771500073979180, 62.92717354751083292, 17.98000000000000398 ) ) ;
#1866 = CARTESIAN_POINT ( 'NONE',  ( 5.482737117161511797, 69.54864996279484046, 6.094688013456241116 ) ) ;
#1867 = CARTESIAN_POINT ( 'NONE',  ( 3.861771500073979180, 62.92717354751083292, 21.98000000000000398 ) ) ;
#1868 = EDGE_LOOP ( 'NONE', ( #2609, #1053 ) ) ;
#1869 = DIRECTION ( 'NONE',  ( -1.000000000000000000, 0.000000000000000000, 6.998978184134891269E-15 ) ) ;
#1870 = EDGE_CURVE ( 'NONE', #4754, #4945, #4878, .T. ) ;
#1871 = DIRECTION ( 'NONE',  ( 0.000000000000000000, 0.000000000000000000, 1.000000000000000000 ) ) ;
#1872 = EDGE_CURVE ( 'NONE', #3210, #4643, #5329, .T. ) ;
#1873 = CARTESIAN_POINT ( 'NONE',  ( 56.59054777056510233, 49.56776721078237813, 7.229999999999598082 ) ) ;
#1874 = VERTEX_POINT ( 'NONE', #781 ) ;
#1875 = CARTESIAN_POINT ( 'NONE',  ( 56.77469916892743385, 64.60521433929466184, 17.98000000000017451 ) ) ;
#1876 = ORIENTED_EDGE ( 'NONE', *, *, #2105, .F. ) ;
#1877 = DIRECTION ( 'NONE',  ( -0.000000000000000000, -0.000000000000000000, -1.000000000000000000 ) ) ;
#1878 = CARTESIAN_POINT ( 'NONE',  ( -0.7052066907527780870, 4.307533490068159665, 12.24411434620031258 ) ) ;
#1879 = CARTESIAN_POINT ( 'NONE',  ( 56.26467023580639193, 68.62840726592727947, 4.508361965348513856 ) ) ;
#1880 = CIRCLE ( 'NONE', #4294, 3.399999999999996803 ) ;
#1881 = EDGE_CURVE ( 'NONE', #2093, #2106, #2124, .T. ) ;
#1882 = AXIS2_PLACEMENT_3D ( 'NONE', #4787, #2324, #3147 ) ;
#1883 = CARTESIAN_POINT ( 'NONE',  ( 56.20954312934457420, 65.24829108792789611, 3.919050019188150547 ) ) ;
#1884 = ADVANCED_FACE ( 'NONE', ( #1648, #4907 ), #3292, .F. ) ;
#1885 = AXIS2_PLACEMENT_3D ( 'NONE', #1061, #4364, #3105 ) ;
#1886 = CARTESIAN_POINT ( 'NONE',  ( 56.53427784882277507, 63.47833330125880735, 19.31737877738106235 ) ) ;
#1887 = ORIENTED_EDGE ( 'NONE', *, *, #3399, .T. ) ;
#1888 = CARTESIAN_POINT ( 'NONE',  ( 50.79698341046066190, 69.44455403845130093, 2.837428550364482938 ) ) ;
#1889 = EDGE_LOOP ( 'NONE', ( #2032, #635, #2555, #3300 ) ) ;
#1890 = CIRCLE ( 'NONE', #4887, 3.400000000000000355 ) ;
#1891 = CYLINDRICAL_SURFACE ( 'NONE', #3342, 1.729999999999998872 ) ;
#1892 = CARTESIAN_POINT ( 'NONE',  ( 11.28632900351049351, 13.44864996279486213, -3.720000000000081464 ) ) ;
#1893 = CYLINDRICAL_SURFACE ( 'NONE', #4723, 1.000000000000000888 ) ;
#1894 = CIRCLE ( 'NONE', #5071, 1.000000000000000222 ) ;
#1895 = CARTESIAN_POINT ( 'NONE',  ( 58.69054777056512506, 72.30864996279485979, 14.59666666666626433 ) ) ;
#1896 = CIRCLE ( 'NONE', #4730, 7.000000000000000000 ) ;
#1897 = ORIENTED_EDGE ( 'NONE', *, *, #2260, .F. ) ;
#1898 = CARTESIAN_POINT ( 'NONE',  ( 56.59054777056510233, 60.55571726893742124, 18.12173026009791599 ) ) ;
#1899 = CARTESIAN_POINT ( 'NONE',  ( 26.43000000000000327, 73.16365341904581499, 18.50000000000000000 ) ) ;
#1900 = DIRECTION ( 'NONE',  ( -0.000000000000000000, -0.000000000000000000, -1.000000000000000000 ) ) ;
#1901 = ORIENTED_EDGE ( 'NONE', *, *, #470, .F. ) ;
#1902 = DIRECTION ( 'NONE',  ( 0.000000000000000000, 0.000000000000000000, 1.000000000000000000 ) ) ;
#1903 = AXIS2_PLACEMENT_3D ( 'NONE', #3726, #3264, #5276 ) ;
#1904 = EDGE_LOOP ( 'NONE', ( #1355, #1704, #51, #4284, #790, #1468 ) ) ;
#1905 = DIRECTION ( 'NONE',  ( 6.909311109990594459E-15, 0.000000000000000000, 1.000000000000000000 ) ) ;
#1906 = AXIS2_PLACEMENT_3D ( 'NONE', #965, #552, #3017 ) ;
#1907 = CARTESIAN_POINT ( 'NONE',  ( -0.3085306352043983291, 3.335785477691286083, 13.52453356858662836 ) ) ;
#1908 = CARTESIAN_POINT ( 'NONE',  ( -0.9672389406978735282, 5.353071618755408601, 15.91325255914027181 ) ) ;
#1909 = VECTOR ( 'NONE', #1820, 1000.000000000000000 ) ;
#1910 = VERTEX_POINT ( 'NONE', #1969 ) ;
#1911 = CARTESIAN_POINT ( 'NONE',  ( 57.55712475551638363, 65.94635909008518126, 4.507719483073291400 ) ) ;
#1912 = CARTESIAN_POINT ( 'NONE',  ( 57.48132764379675308, 64.97064843027855829, 17.58151389829340161 ) ) ;
#1913 = VERTEX_POINT ( 'NONE', #1244 ) ;
#1914 = DIRECTION ( 'NONE',  ( 0.7042037807614113243, 0.7099979120823767254, 0.000000000000000000 ) ) ;
#1915 = DIRECTION ( 'NONE',  ( 1.000000000000000000, 0.000000000000000000, -6.887872625202027241E-15 ) ) ;
#1916 = CARTESIAN_POINT ( 'NONE',  ( 8.259691434521279518, 72.30864996279485979, 10.61308499999999988 ) ) ;
#1917 = CARTESIAN_POINT ( 'NONE',  ( 51.03477368894146338, 71.08833699401537842, 17.60701158486699569 ) ) ;
#1918 = EDGE_CURVE ( 'NONE', #2391, #2567, #3319, .T. ) ;
#1919 = FACE_OUTER_BOUND ( 'NONE', #4663, .T. ) ;
#1920 = ORIENTED_EDGE ( 'NONE', *, *, #2105, .T. ) ;
#1921 = DIRECTION ( 'NONE',  ( 0.000000000000000000, 0.000000000000000000, 1.000000000000000000 ) ) ;
#1922 = AXIS2_PLACEMENT_3D ( 'NONE', #181, #3475, #1511 ) ;
#1923 = PLANE ( 'NONE',  #2248 ) ;
#1924 = CYLINDRICAL_SURFACE ( 'NONE', #3375, 1.000000000000000888 ) ;
#1925 = ORIENTED_EDGE ( 'NONE', *, *, #1579, .T. ) ;
#1926 = DIRECTION ( 'NONE',  ( 1.000000000000000000, 0.000000000000000000, 0.000000000000000000 ) ) ;
#1927 = VERTEX_POINT ( 'NONE', #3617 ) ;
#1928 = FACE_OUTER_BOUND ( 'NONE', #568, .T. ) ;
#1929 = CARTESIAN_POINT ( 'NONE',  ( -0.1729063977229686744, 3.080910348079752392, 13.98265336059199626 ) ) ;
#1930 = CARTESIAN_POINT ( 'NONE',  ( -1.032248075485885597, 5.824425287786460181, 13.15498989950900821 ) ) ;
#1931 = VERTEX_POINT ( 'NONE', #806 ) ;
#1932 = CARTESIAN_POINT ( 'NONE',  ( 57.85041775762668692, 63.25179766204404075, 4.849817415198780957 ) ) ;
#1933 = EDGE_CURVE ( 'NONE', #2391, #2093, #2466, .T. ) ;
#1934 = CARTESIAN_POINT ( 'NONE',  ( 56.67726526825995137, 65.24452040947893749, 17.75660562248763696 ) ) ;
#1935 = ORIENTED_EDGE ( 'NONE', *, *, #3530, .T. ) ;
#1936 = CARTESIAN_POINT ( 'NONE',  ( 51.11073678831436951, 71.08234512763793589, 4.507962585911609921 ) ) ;
#1937 = CARTESIAN_POINT ( 'NONE',  ( 50.97262136676630462, 69.41310373304568770, 19.27666444744167507 ) ) ;
#1938 = DIRECTION ( 'NONE',  ( 0.000000000000000000, 0.000000000000000000, 1.000000000000000000 ) ) ;
#1939 = EDGE_CURVE ( 'NONE', #2226, #2088, #631, .T. ) ;
#1940 = CARTESIAN_POINT ( 'NONE',  ( 50.25023492997944885, 71.08311240596368918, 17.58777774942833716 ) ) ;
#1941 = CARTESIAN_POINT ( 'NONE',  ( 49.69054777056511796, 72.30864996279485979, 14.59666666666634960 ) ) ;
#1942 = ORIENTED_EDGE ( 'NONE', *, *, #5159, .T. ) ;
#1943 = CARTESIAN_POINT ( 'NONE',  ( 3.830547770565105203, 4.448649962794851476, 17.98000000000000398 ) ) ;
#1944 = ADVANCED_FACE ( 'NONE', ( #1753 ), #4597, .T. ) ;
#1945 = CARTESIAN_POINT ( 'NONE',  ( 58.69054777056497585, 63.30864996279486689, 3.963333333332914599 ) ) ;
#1946 = CARTESIAN_POINT ( 'NONE',  ( 0.03054777056503681781, 4.048649962794844903, 14.26000000000000867 ) ) ;
#1947 = VERTEX_POINT ( 'NONE', #2398 ) ;
#1948 = CARTESIAN_POINT ( 'NONE',  ( 4.030547770564919752, 72.30864996279485979, -5.220000000000027285 ) ) ;
#1949 = ORIENTED_EDGE ( 'NONE', *, *, #2743, .T. ) ;
#1950 = DIRECTION ( 'NONE',  ( -0.000000000000000000, -0.000000000000000000, 1.000000000000000000 ) ) ;
#1951 = CARTESIAN_POINT ( 'NONE',  ( -0.6750494445724193326, 4.224691849832376889, 13.21144725201892101 ) ) ;
#1952 = CARTESIAN_POINT ( 'NONE',  ( 52.84907479133053698, 68.78361690348671686, 3.175060660958096470 ) ) ;
#1953 = EDGE_CURVE ( 'NONE', #1817, #4231, #4029, .T. ) ;
#1954 = VERTEX_POINT ( 'NONE', #5262 ) ;
#1955 = CARTESIAN_POINT ( 'NONE',  ( -0.9891704940933847556, 5.048452981583169574, 14.32537885930178767 ) ) ;
#1956 = LINE ( 'NONE', #2800, #689 ) ;
#1957 = CARTESIAN_POINT ( 'NONE',  ( 42.96318226988108790, 70.42256735219795871, 15.01069395514037907 ) ) ;
#1958 = CARTESIAN_POINT ( 'NONE',  ( 56.91741796195593395, 64.23746859298526601, 17.71425490696122296 ) ) ;
#1959 = EDGE_LOOP ( 'NONE', ( #815, #2295, #4981, #3751, #1286, #2455, #2480, #4700 ) ) ;
#1960 = VECTOR ( 'NONE', #3078, 1000.000000000000000 ) ;
#1961 = CARTESIAN_POINT ( 'NONE',  ( 49.84398101451917995, 71.33504462258974854, 4.584084124949324490 ) ) ;
#1962 = CIRCLE ( 'NONE', #3348, 7.000000000000000000 ) ;
#1963 = ORIENTED_EDGE ( 'NONE', *, *, #3702, .T. ) ;
#1964 = FACE_OUTER_BOUND ( 'NONE', #3097, .T. ) ;
#1965 = DIRECTION ( 'NONE',  ( -0.000000000000000000, -0.000000000000000000, 1.000000000000000000 ) ) ;
#1966 = VECTOR ( 'NONE', #1659, 1000.000000000000000 ) ;
#1967 = CARTESIAN_POINT ( 'NONE',  ( 50.76329588462358799, 70.78409655123482480, 17.60808189883631059 ) ) ;
#1968 = AXIS2_PLACEMENT_3D ( 'NONE', #881, #4514, #4890 ) ;
#1969 = CARTESIAN_POINT ( 'NONE',  ( 56.53775136160012948, 65.42232157067904552, 17.98000003025005711 ) ) ;
#1970 = VERTEX_POINT ( 'NONE', #1581 ) ;
#1971 = DIRECTION ( 'NONE',  ( -1.000000000000000000, 9.219896231606733138E-17, 6.982962677686267499E-15 ) ) ;
#1972 = AXIS2_PLACEMENT_3D ( 'NONE', #1840, #210, #3106 ) ;
#1973 = DIRECTION ( 'NONE',  ( 0.000000000000000000, 0.000000000000000000, 1.000000000000000000 ) ) ;
#1974 = CARTESIAN_POINT ( 'NONE',  ( -5.528395281464801414, 52.71776721078237671, 13.38000000000004519 ) ) ;
#1975 = EDGE_CURVE ( 'NONE', #1012, #4856, #1418, .T. ) ;
#1976 = ORIENTED_EDGE ( 'NONE', *, *, #4114, .F. ) ;
#1977 = ADVANCED_FACE ( 'NONE', ( #2456 ), #2153, .F. ) ;
#1978 = CARTESIAN_POINT ( 'NONE',  ( 0.1092144850882125900, 2.661016760577767037, 13.76959632907800390 ) ) ;
#1979 = VECTOR ( 'NONE', #5252, 1000.000000000000000 ) ;
#1980 = ORIENTED_EDGE ( 'NONE', *, *, #14, .F. ) ;
#1981 = PLANE ( 'NONE',  #2071 ) ;
#1982 = CARTESIAN_POINT ( 'NONE',  ( 51.18530811577291217, 72.21673597539282241, 17.60593378890961347 ) ) ;
#1983 = CARTESIAN_POINT ( 'NONE',  ( -0.7082360744045380629, 3.066591823281966001, 14.45998842516779526 ) ) ;
#1984 = CARTESIAN_POINT ( 'NONE',  ( 57.18371382891050558, 65.98494383369973093, 4.508872308046777633 ) ) ;
#1985 = AXIS2_PLACEMENT_3D ( 'NONE', #4745, #2412, #2084 ) ;
#1986 = ORIENTED_EDGE ( 'NONE', *, *, #2772, .F. ) ;
#1987 = CARTESIAN_POINT ( 'NONE',  ( -2.052968547711182534, 5.041965361081865105, 14.12621694770688308 ) ) ;
#1988 = VECTOR ( 'NONE', #1288, 1000.000000000000000 ) ;
#1989 = CARTESIAN_POINT ( 'NONE',  ( 58.06132522053591316, 65.22360056184574262, 4.559667908592364149 ) ) ;
#1990 = CARTESIAN_POINT ( 'NONE',  ( 42.59461122951478274, 70.37398639062563177, 14.68842773500815646 ) ) ;
#1991 = CARTESIAN_POINT ( 'NONE',  ( 57.25376399850960496, 65.82089068237155516, 17.60542389433794952 ) ) ;
#1992 = AXIS2_PLACEMENT_3D ( 'NONE', #1629, #4136, #433 ) ;
#1993 = EDGE_CURVE ( 'NONE', #2183, #3570, #2564, .T. ) ;
#1994 = CARTESIAN_POINT ( 'NONE',  ( 50.37919524352940215, 69.50502556354396688, 3.173764102808162679 ) ) ;
#1995 = EDGE_LOOP ( 'NONE', ( #2846, #3134, #3457, #1986 ) ) ;
#1996 = CARTESIAN_POINT ( 'NONE',  ( 51.24974688599380102, 69.35804444020509152, 18.94575170117165186 ) ) ;
#1997 = CARTESIAN_POINT ( 'NONE',  ( 57.46421517373445909, 58.45677159377947163, 7.071800778698207779 ) ) ;
#1998 = CARTESIAN_POINT ( 'NONE',  ( 49.73498495157000576, 69.66772625207777025, 18.22066210819954080 ) ) ;
#1999 = CARTESIAN_POINT ( 'NONE',  ( -1.496170607921158302, 3.807065020017691204, 13.28280876182471637 ) ) ;
#2000 = ORIENTED_EDGE ( 'NONE', *, *, #4676, .T. ) ;
#2001 = DIRECTION ( 'NONE',  ( 0.7042037807614112133, 0.7099979120823766143, 0.000000000000000000 ) ) ;
#2002 = CARTESIAN_POINT ( 'NONE',  ( 57.00267292746350023, 62.81012236707644547, 17.47995070581471566 ) ) ;
#2003 = DIRECTION ( 'NONE',  ( -1.177133787269976313E-16, 1.000000000000000000, -3.501643819768844838E-17 ) ) ;
#2004 = ORIENTED_EDGE ( 'NONE', *, *, #17, .F. ) ;
#2005 = EDGE_CURVE ( 'NONE', #5218, #1275, #2932, .T. ) ;
#2006 = CARTESIAN_POINT ( 'NONE',  ( -0.3308489843387176776, 3.417047187428759791, 12.57107896454250096 ) ) ;
#2007 = VECTOR ( 'NONE', #3145, 1000.000000000000000 ) ;
#2008 = EDGE_LOOP ( 'NONE', ( #3324, #4455, #132, #3687 ) ) ;
#2009 = DIRECTION ( 'NONE',  ( -1.000000000000000000, 0.000000000000000000, 6.982962677686266711E-15 ) ) ;
#2010 = CARTESIAN_POINT ( 'NONE',  ( 57.81902141271000062, 66.19449986652467999, 17.60593378890962413 ) ) ;
#2011 = CARTESIAN_POINT ( 'NONE',  ( -0.5383883430148818094, 3.863804787512248762, 16.19444977268805630 ) ) ;
#2012 = CARTESIAN_POINT ( 'NONE',  ( 56.61565953631652803, 65.42825022918854927, 4.363153781362640871 ) ) ;
#2013 = EDGE_CURVE ( 'NONE', #1931, #4856, #1201, .T. ) ;
#2014 = VERTEX_POINT ( 'NONE', #4593 ) ;
#2015 = CARTESIAN_POINT ( 'NONE',  ( -0.9337134104550927072, 4.909198109095847862, 13.74375076558627562 ) ) ;
#2016 = CARTESIAN_POINT ( 'NONE',  ( 57.87031423322385137, 63.56638254508360575, 4.782791872660060228 ) ) ;
#2017 = CARTESIAN_POINT ( 'NONE',  ( 40.83416265469568884, 70.14024240127203313, 11.82133301970192285 ) ) ;
#2018 = EDGE_CURVE ( 'NONE', #4998, #3030, #2856, .T. ) ;
#2019 = DIRECTION ( 'NONE',  ( -0.7099979120823763923, 0.7042037807614114353, 0.000000000000000000 ) ) ;
#2020 = CARTESIAN_POINT ( 'NONE',  ( 50.89948061237139854, 71.09238426847186076, 4.507354750164459745 ) ) ;
#2021 = VERTEX_POINT ( 'NONE', #3680 ) ;
#2022 = CARTESIAN_POINT ( 'NONE',  ( 56.01323448521875292, 65.33293673399008128, 19.27224728499265538 ) ) ;
#2023 = DIRECTION ( 'NONE',  ( 1.000000000000000000, 0.000000000000000000, 0.000000000000000000 ) ) ;
#2024 = CARTESIAN_POINT ( 'NONE',  ( 50.04257017132218266, 71.06863780631809391, 17.57501132498646257 ) ) ;
#2025 = CARTESIAN_POINT ( 'NONE',  ( -2.969452229434970558, 4.048649962794844903, 13.26000000000002821 ) ) ;
#2026 = ORIENTED_EDGE ( 'NONE', *, *, #3794, .F. ) ;
#2027 = DIRECTION ( 'NONE',  ( -0.004205150059984275740, 0.9999911583173989316, -0.000000000000000000 ) ) ;
#2028 = CARTESIAN_POINT ( 'NONE',  ( 51.89054777056510659, 4.448649962794851476, 17.98000000000000398 ) ) ;
#2029 = DIRECTION ( 'NONE',  ( 0.000000000000000000, 0.000000000000000000, 1.000000000000000000 ) ) ;
#2030 = ORIENTED_EDGE ( 'NONE', *, *, #5205, .T. ) ;
#2031 = CARTESIAN_POINT ( 'NONE',  ( -0.6213446334152892270, 4.084363874154989915, 16.23482587975767544 ) ) ;
#2032 = ORIENTED_EDGE ( 'NONE', *, *, #4688, .F. ) ;
#2033 = LINE ( 'NONE', #3673, #952 ) ;
#2034 = CARTESIAN_POINT ( 'NONE',  ( 52.58121838402126258, 70.70632852461483253, 17.60593378890694893 ) ) ;
#2035 = CARTESIAN_POINT ( 'NONE',  ( 49.59054777056510233, 69.54864996279485467, 2.611445697536317390 ) ) ;
#2036 = CARTESIAN_POINT ( 'NONE',  ( 51.81037931044475897, 69.36859221843599244, 3.914198083930666705 ) ) ;
#2037 = ORIENTED_EDGE ( 'NONE', *, *, #5159, .F. ) ;
#2038 = DIRECTION ( 'NONE',  ( 1.000000000000000000, 0.000000000000000000, -6.991222571849442154E-15 ) ) ;
#2039 = CARTESIAN_POINT ( 'NONE',  ( 40.19436216970071740, 54.30864996279486689, -5.220000000000280416 ) ) ;
#2040 = CARTESIAN_POINT ( 'NONE',  ( 58.69054777056511085, 4.048649962794850232, 23.77999999999959257 ) ) ;
#2041 = CARTESIAN_POINT ( 'NONE',  ( 41.37285895628862420, 69.54864996279485467, 15.84040314690109064 ) ) ;
#2042 = EDGE_CURVE ( 'NONE', #2254, #487, #3248, .T. ) ;
#2043 = APPLICATION_CONTEXT ( 'automotive_design' ) ;
#2044 = CARTESIAN_POINT ( 'NONE',  ( 49.81040043674661177, 71.33059146416999852, 4.587329119287292478 ) ) ;
#2045 = ORIENTED_EDGE ( 'NONE', *, *, #4245, .T. ) ;
#2046 = LINE ( 'NONE', #4817, #3599 ) ;
#2047 = PLANE ( 'NONE',  #5053 ) ;
#2048 = AXIS2_PLACEMENT_3D ( 'NONE', #2677, #1460, #5137 ) ;
#2049 = CARTESIAN_POINT ( 'NONE',  ( 44.48075402579299009, 69.54864510542820710, 17.65117650328483379 ) ) ;
#2050 = CIRCLE ( 'NONE', #2231, 1.729999999999998872 ) ;
#2051 = CARTESIAN_POINT ( 'NONE',  ( -2.965579345683070578, 3.786186508802587447, 15.23379350668851551 ) ) ;
#2052 = ORIENTED_EDGE ( 'NONE', *, *, #1975, .T. ) ;
#2053 = AXIS2_PLACEMENT_3D ( 'NONE', #817, #4102, #399 ) ;
#2054 = CARTESIAN_POINT ( 'NONE',  ( 51.51597899756765742, 64.54633924311154658, 18.47745220655031062 ) ) ;
#2055 = CYLINDRICAL_SURFACE ( 'NONE', #1903, 1.199999999999999734 ) ;
#2056 = CARTESIAN_POINT ( 'NONE',  ( -1.668794306220213519, 4.048649962794844903, 13.26000000000001933 ) ) ;
#2057 = EDGE_LOOP ( 'NONE', ( #2787, #1662, #3859, #2641 ) ) ;
#2058 = CARTESIAN_POINT ( 'NONE',  ( 49.59054777056510233, 69.54864996279485467, 19.50285005672181526 ) ) ;
#2059 = CIRCLE ( 'NONE', #3436, 1.000000000000000888 ) ;
#2060 = ORIENTED_EDGE ( 'NONE', *, *, #5026, .T. ) ;
#2061 = DIRECTION ( 'NONE',  ( -0.000000000000000000, -0.000000000000000000, 1.000000000000000000 ) ) ;
#2062 = DIRECTION ( 'NONE',  ( -6.991222571849442154E-15, 6.445834664451861014E-31, -1.000000000000000000 ) ) ;
#2063 = AXIS2_PLACEMENT_3D ( 'NONE', #4184, #1730, #4583 ) ;
#2064 = LINE ( 'NONE', #4531, #2342 ) ;
#2065 = ORIENTED_EDGE ( 'NONE', *, *, #1292, .F. ) ;
#2066 = CARTESIAN_POINT ( 'NONE',  ( 55.97707271659188422, 65.41912827875047753, 3.176363616530734735 ) ) ;
#2067 = ORIENTED_EDGE ( 'NONE', *, *, #2256, .F. ) ;
#2068 = DIRECTION ( 'NONE',  ( -0.000000000000000000, -0.000000000000000000, -1.000000000000000000 ) ) ;
#2069 = CARTESIAN_POINT ( 'NONE',  ( 5.853361199954025373, 64.92715586414563234, 17.98000000000000398 ) ) ;
#2070 = CARTESIAN_POINT ( 'NONE',  ( 58.69054777056490479, 63.30864996279486689, -5.220000000000410090 ) ) ;
#2071 = AXIS2_PLACEMENT_3D ( 'NONE', #3626, #1195, #2009 ) ;
#2072 = CARTESIAN_POINT ( 'NONE',  ( 48.17242503111852159, 69.54864996279485467, 19.34505832577993090 ) ) ;
#2073 = VECTOR ( 'NONE', #4553, 1000.000000000000000 ) ;
#2074 = CIRCLE ( 'NONE', #1385, 1.000000000000000888 ) ;
#2075 = CARTESIAN_POINT ( 'NONE',  ( 49.89054777056510659, 65.17821785240224131, 17.98000000000000398 ) ) ;
#2076 = ORIENTED_EDGE ( 'NONE', *, *, #386, .F. ) ;
#2077 = CARTESIAN_POINT ( 'NONE',  ( 55.66189925934122584, 66.35128249193941485, 18.19483192760559120 ) ) ;
#2078 = DIRECTION ( 'NONE',  ( 1.000000000000000000, 0.000000000000000000, 0.000000000000000000 ) ) ;
#2079 = VECTOR ( 'NONE', #824, 1000.000000000000000 ) ;
#2080 = CARTESIAN_POINT ( 'NONE',  ( 44.48075402781673660, 69.54864510501079167, 4.463119248407712014 ) ) ;
#2081 = CIRCLE ( 'NONE', #1992, 7.999999999999998224 ) ;
#2082 = CARTESIAN_POINT ( 'NONE',  ( -2.952304538021010671, 3.544214309952867570, 15.13333013831663010 ) ) ;
#2083 = CARTESIAN_POINT ( 'NONE',  ( 56.59045757078476413, 62.03057318359118000, 3.777323678939103146 ) ) ;
#2084 = DIRECTION ( 'NONE',  ( -1.000000000000000000, 0.000000000000000000, 0.000000000000000000 ) ) ;
#2085 = FACE_BOUND ( 'NONE', #5181, .T. ) ;
#2086 = CARTESIAN_POINT ( 'NONE',  ( 56.58983344840395802, 6.448649962794850587, 21.98000000000000043 ) ) ;
#2087 = ADVANCED_FACE ( 'NONE', ( #5315 ), #4170, .T. ) ;
#2088 = VERTEX_POINT ( 'NONE', #1232 ) ;
#2089 = AXIS2_PLACEMENT_3D ( 'NONE', #3545, #1112, #2258 ) ;
#2090 = CARTESIAN_POINT ( 'NONE',  ( 49.69054777056508243, 72.30864996279485979, 17.35718509944170762 ) ) ;
#2091 = ADVANCED_FACE ( 'NONE', ( #4487 ), #907, .T. ) ;
#2092 = EDGE_CURVE ( 'NONE', #86, #5185, #3710, .T. ) ;
#2093 = VERTEX_POINT ( 'NONE', #1318 ) ;
#2094 = CARTESIAN_POINT ( 'NONE',  ( 57.09329403203508946, 67.55394147370144253, 17.60593378890961347 ) ) ;
#2095 =( GEOMETRIC_REPRESENTATION_CONTEXT ( 3 ) GLOBAL_UNCERTAINTY_ASSIGNED_CONTEXT ( ( #2710 ) ) GLOBAL_UNIT_ASSIGNED_CONTEXT ( ( #2537, #1337, #3758 ) ) REPRESENTATION_CONTEXT ( 'NONE', 'WORKASPACE' ) );
#2096 = CARTESIAN_POINT ( 'NONE',  ( 3.784547770565087621, 2.926649962794846349, 17.98000000000000398 ) ) ;
#2097 = ORIENTED_EDGE ( 'NONE', *, *, #2251, .T. ) ;
#2098 = DIRECTION ( 'NONE',  ( -1.000000000000000000, 9.219896231606734370E-17, 0.000000000000000000 ) ) ;
#2099 = EDGE_LOOP ( 'NONE', ( #1597, #717, #303, #2691, #4694 ) ) ;
#2100 = DIRECTION ( 'NONE',  ( 1.000000000000000000, 0.000000000000000000, 0.000000000000000000 ) ) ;
#2101 = CARTESIAN_POINT ( 'NONE',  ( 50.86691269483460331, 70.49322855830233436, 17.66505752716456001 ) ) ;
#2102 = CARTESIAN_POINT ( 'NONE',  ( 3.784547770565087621, 2.926649962794846349, 21.98000000000000398 ) ) ;
#2103 = CARTESIAN_POINT ( 'NONE',  ( 49.89054775410487252, 69.54221843368218003, 19.54193438266229421 ) ) ;
#2104 = DIRECTION ( 'NONE',  ( 0.000000000000000000, 0.000000000000000000, 1.000000000000000000 ) ) ;
#2105 = EDGE_CURVE ( 'NONE', #581, #5280, #1665, .T. ) ;
#2106 = VERTEX_POINT ( 'NONE', #4948 ) ;
#2107 = CARTESIAN_POINT ( 'NONE',  ( 56.61565967633075758, 65.42825067803242689, 17.75114228680038764 ) ) ;
#2108 = ADVANCED_FACE ( 'NONE', ( #796, #379, #2908 ), #2967, .F. ) ;
#2109 = CARTESIAN_POINT ( 'NONE',  ( 40.19436216970071740, 59.30864996279485979, -5.220000000000280416 ) ) ;
#2110 = DIRECTION ( 'NONE',  ( -0.000000000000000000, 1.000000000000000000, -0.000000000000000000 ) ) ;
#2111 = AXIS2_PLACEMENT_3D ( 'NONE', #4457, #3224, #407 ) ;
#2112 = CARTESIAN_POINT ( 'NONE',  ( 39.93998029936469862, 69.54864996279485467, 8.439113169671291104 ) ) ;
#2113 = CARTESIAN_POINT ( 'NONE',  ( 56.92804867243039268, 60.94698137117086389, 5.104152038339227815 ) ) ;
#2114 = DIRECTION ( 'NONE',  ( -6.991222571849441366E-15, 6.445834664451860138E-31, -1.000000000000000000 ) ) ;
#2115 = CARTESIAN_POINT ( 'NONE',  ( 57.53661953042444566, 66.00789582045203474, 4.508361965348512079 ) ) ;
#2116 = VERTEX_POINT ( 'NONE', #4080 ) ;
#2117 = DIRECTION ( 'NONE',  ( 7.020936286943154457E-15, 0.000000000000000000, 1.000000000000000000 ) ) ;
#2118 = ORIENTED_EDGE ( 'NONE', *, *, #4873, .T. ) ;
#2119 = EDGE_CURVE ( 'NONE', #318, #2445, #1259, .T. ) ;
#2120 = CARTESIAN_POINT ( 'NONE',  ( 53.18454777056508220, 2.748649962794845969, 17.98000000000000398 ) ) ;
#2121 = DIRECTION ( 'NONE',  ( -1.000000000000000000, 9.219896231606735603E-17, 6.982962677686269077E-15 ) ) ;
#2122 = ORIENTED_EDGE ( 'NONE', *, *, #4466, .T. ) ;
#2123 = CARTESIAN_POINT ( 'NONE',  ( 41.70239533589094805, 10.04864996279486178, -3.720000000000292406 ) ) ;
#2124 = B_SPLINE_CURVE_WITH_KNOTS ( 'NONE', 3,
 ( #2025, #2492, #4125, #2440, #4874, #1186, #340, #422, #1674, #3642, #5273, #5299, #1616, #4959, #2082, #2051, #309, #4470 ),
 .UNSPECIFIED., .F., .F.,
 ( 4, 2, 2, 2, 2, 2, 2, 2, 4 ),
 ( 8.673617379884035472E-19, 0.0003912144504700394427, 0.0007824289009400780181, 0.001173643351410116539, 0.001564857801880155169, 0.001956072252350193798, 0.002347286702820232211, 0.002738501153290271058, 0.003129715603760309470 ),
 .UNSPECIFIED. ) ;
#2125 = ORIENTED_EDGE ( 'NONE', *, *, #3458, .F. ) ;
#2126 = DIRECTION ( 'NONE',  ( -1.485878661455921679E-16, 1.473752743977875819E-16, 1.000000000000000000 ) ) ;
#2127 = CARTESIAN_POINT ( 'NONE',  ( 58.07309700619373416, 63.06187792928204061, 4.958647685037002262 ) ) ;
#2128 = CARTESIAN_POINT ( 'NONE',  ( 58.22349814171236204, 64.19849446664460402, 17.42706976620099013 ) ) ;
#2129 = CARTESIAN_POINT ( 'NONE',  ( 4.038547770565091177, 66.27464996279483955, 21.98000000000000398 ) ) ;
#2130 = CARTESIAN_POINT ( 'NONE',  ( 57.81902141271001483, 66.19449986652469420, 17.60593378890961702 ) ) ;
#2131 = ORIENTED_EDGE ( 'NONE', *, *, #855, .T. ) ;
#2132 = CARTESIAN_POINT ( 'NONE',  ( 52.38037158886402267, 70.42721869246199162, 17.60496369614547874 ) ) ;
#2133 = DIRECTION ( 'NONE',  ( 1.000000000000000000, 0.000000000000000000, -6.887872625202027241E-15 ) ) ;
#2134 = CARTESIAN_POINT ( 'NONE',  ( 54.91454777056508618, 2.748649962794845969, 17.98000000000000398 ) ) ;
#2135 = CARTESIAN_POINT ( 'NONE',  ( 49.01701912774250047, 70.02539723016829498, 17.74365273024007550 ) ) ;
#2136 = CARTESIAN_POINT ( 'NONE',  ( 41.96372328643765570, 70.29031584572103952, 8.093333525933486428 ) ) ;
#2137 = CARTESIAN_POINT ( 'NONE',  ( 56.98054861462523490, 62.26744366140925990, 17.36787449559329133 ) ) ;
#2138 = DIRECTION ( 'NONE',  ( -0.000000000000000000, 0.000000000000000000, -1.000000000000000000 ) ) ;
#2139 = CARTESIAN_POINT ( 'NONE',  ( 49.60826187457673342, 69.54863952415605866, 18.88853622694989198 ) ) ;
#2140 = VERTEX_POINT ( 'NONE', #2511 ) ;
#2141 = B_SPLINE_CURVE_WITH_KNOTS ( 'NONE', 3,
 ( #191, #2128, #4143, #130 ),
 .UNSPECIFIED., .F., .F.,
 ( 4, 4 ),
 ( 0.000000000000000000, 1.000000000000000000 ),
 .UNSPECIFIED. ) ;
#2142 = CARTESIAN_POINT ( 'NONE',  ( 3.253187580819147051, 69.01681131697012006, 12.30798251436292645 ) ) ;
#2143 = VECTOR ( 'NONE', #1965, 1000.000000000000000 ) ;
#2144 = EDGE_LOOP ( 'NONE', ( #1681, #4019, #1200, #281 ) ) ;
#2145 = DIRECTION ( 'NONE',  ( -1.000000000000000000, 1.309010496964126249E-16, 6.982962677686267499E-15 ) ) ;
#2146 = AXIS2_PLACEMENT_3D ( 'NONE', #5008, #3420, #2548 ) ;
#2147 = EDGE_CURVE ( 'NONE', #1562, #5126, #1029, .T. ) ;
#2148 = LINE ( 'NONE', #519, #1909 ) ;
#2149 = VERTEX_POINT ( 'NONE', #35 ) ;
#2150 = DIRECTION ( 'NONE',  ( 1.000000000000000000, 0.000000000000000000, 0.000000000000000000 ) ) ;
#2151 = CARTESIAN_POINT ( 'NONE',  ( 47.52468752756342951, 71.02748048542451897, 17.20756301411472933 ) ) ;
#2152 = ORIENTED_EDGE ( 'NONE', *, *, #3401, .T. ) ;
#2153 = CYLINDRICAL_SURFACE ( 'NONE', #4548, 1.730000000000002425 ) ;
#2154 = DIRECTION ( 'NONE',  ( -1.000000000000000000, 0.000000000000000000, 0.000000000000000000 ) ) ;
#2155 = FACE_OUTER_BOUND ( 'NONE', #2689, .T. ) ;
#2156 = CIRCLE ( 'NONE', #505, 2.000000000000000000 ) ;
#2157 = VECTOR ( 'NONE', #33, 1000.000000000000000 ) ;
#2158 = ORIENTED_EDGE ( 'NONE', *, *, #786, .F. ) ;
#2159 = AXIS2_PLACEMENT_3D ( 'NONE', #3996, #2392, #294 ) ;
#2160 = CARTESIAN_POINT ( 'NONE',  ( 42.98487433577290062, 72.30864996279485979, 11.05714787712906322 ) ) ;
#2161 = CARTESIAN_POINT ( 'NONE',  ( 54.01450272506013306, 70.41859164657748238, 17.60593378890961702 ) ) ;
#2162 = CARTESIAN_POINT ( 'NONE',  ( 40.71145908030246119, 69.71417140522673606, 13.31496992590612116 ) ) ;
#2163 = CARTESIAN_POINT ( 'NONE',  ( -0.8913885592085175613, 4.976147382386232110, 16.13707337777307060 ) ) ;
#2164 = CARTESIAN_POINT ( 'NONE',  ( 57.52253896530566379, 62.41398138651123872, 4.971272721193655819 ) ) ;
#2165 = DIRECTION ( 'NONE',  ( 1.000000000000000000, 0.000000000000000000, -6.938893903907229167E-15 ) ) ;
#2166 = DIRECTION ( 'NONE',  ( 1.000000000000000000, 0.000000000000000000, 0.000000000000000000 ) ) ;
#2167 = VERTEX_POINT ( 'NONE', #1688 ) ;
#2168 = CARTESIAN_POINT ( 'NONE',  ( 3.335273366869881073, 69.05063251664060431, 8.692674900254308668 ) ) ;
#2169 = ORIENTED_EDGE ( 'NONE', *, *, #2347, .F. ) ;
#2170 = CARTESIAN_POINT ( 'NONE',  ( 3.784547770565087621, 2.926649962794846349, 17.98000000000000398 ) ) ;
#2171 = EDGE_CURVE ( 'NONE', #868, #1144, #5253, .T. ) ;
#2172 = CARTESIAN_POINT ( 'NONE',  ( -1.069452229434896706, 62.54864996279485467, 23.77999999999999403 ) ) ;
#2173 = ORIENTED_EDGE ( 'NONE', *, *, #4316, .T. ) ;
#2174 = CARTESIAN_POINT ( 'NONE',  ( 8.259691434521279518, 69.54864996279485467, 10.61308480000000110 ) ) ;
#2175 = VECTOR ( 'NONE', #1397, 1000.000000000000000 ) ;
#2176 = VERTEX_POINT ( 'NONE', #2939 ) ;
#2177 = CARTESIAN_POINT ( 'NONE',  ( 56.59054777056510233, 62.54864996279485467, -3.720000000000389662 ) ) ;
#2178 = CARTESIAN_POINT ( 'NONE',  ( 58.69154777056512984, 28.84697162930883962, -1.934075827659565761 ) ) ;
#2179 = ADVANCED_FACE ( 'NONE', ( #5022 ), #2692, .T. ) ;
#2180 = CARTESIAN_POINT ( 'NONE',  ( 58.69054777056506111, 63.83807118284443050, 17.21041474683252659 ) ) ;
#2181 = CARTESIAN_POINT ( 'NONE',  ( 2.054547770565087639, 2.926649962794846349, 21.98000000000000398 ) ) ;
#2182 = EDGE_CURVE ( 'NONE', #4021, #406, #3467, .T. ) ;
#2183 = VERTEX_POINT ( 'NONE', #2990 ) ;
#2184 = B_SPLINE_SURFACE_WITH_KNOTS ( 'NONE', 5, 3, ( 
 ( #3553, #2822, #820, #1120, #1578, #352, #3708, #3999, #1230, #2479, #2395 ),
 ( #1631, #3276, #296, #6, #3677, #4106, #4922, #2880, #4512, #735, #2453 ),
 ( #402, #2066, #4025, #1601, #1663, #4805, #1952, #2771, #794, #4405, #3222 ),
 ( #709, #1552, #4860, #324, #3246, #3598, #2369, #2036, #5230, #3193, #2853 ),
 ( #2012, #4833, #1149, #5312, #2797, #3653, #4886, #4429, #4454, #5286, #1199 ),
 ( #765, #1984, #3629, #5259, #1172, #2426, #4055, #4077, #376, #4485, #4972 ),
 ( #929, #3332, #4946, #960, #83, #1359, #1256, #877, #435, #2200, #3840 ),
 ( #2904, #4563, #2987, #2561, #904, #521, #548, #2582, #1740, #133, #3789 ) ),
 .UNSPECIFIED., .F., .F., .F.,
 ( 6, 2, 6 ),
 ( 4, 1, 1, 1, 1, 1, 1, 1, 4 ),
 ( 0.000000000000000000, 0.5000000000000000000, 1.000000000000000000 ),
 ( 0.4170821163955729660, 0.4813054850698746390, 0.5776405380813273149, 0.7060872754299306608, 0.8987573814528359017, 1.091427487475741032, 1.219874224824344600, 1.316209277835796998, 1.380432646510098893 ),
 .UNSPECIFIED. ) ;
#2185 = ADVANCED_FACE ( 'NONE', ( #1046 ), #628, .F. ) ;
#2186 = PLANE ( 'NONE',  #178 ) ;
#2187 = CARTESIAN_POINT ( 'NONE',  ( 56.77276898756689150, 62.90437780148705826, 17.98000000000000398 ) ) ;
#2188 = CARTESIAN_POINT ( 'NONE',  ( 41.16696112304407507, 70.18437518324117264, 8.997371161919609506 ) ) ;
#2189 = CARTESIAN_POINT ( 'NONE',  ( -0.8802365752191951831, 4.787582431200620547, 14.94770505112409964 ) ) ;
#2190 = CARTESIAN_POINT ( 'NONE',  ( 56.74971975961677373, 56.01909373343436016, 9.159587987689620903 ) ) ;
#2191 = FACE_OUTER_BOUND ( 'NONE', #1000, .T. ) ;
#2192 = DIRECTION ( 'NONE',  ( 1.000000000000000000, 0.000000000000000000, 0.000000000000000000 ) ) ;
#2193 = EDGE_CURVE ( 'NONE', #692, #4267, #1015, .T. ) ;
#2194 = ORIENTED_EDGE ( 'NONE', *, *, #4475, .T. ) ;
#2195 = DIRECTION ( 'NONE',  ( -1.000000000000000000, 9.219896231606734370E-17, 6.982962677686267499E-15 ) ) ;
#2196 = ORIENTED_EDGE ( 'NONE', *, *, #4004, .F. ) ;
#2197 = DIRECTION ( 'NONE',  ( 0.000000000000000000, 0.000000000000000000, 1.000000000000000000 ) ) ;
#2198 = CARTESIAN_POINT ( 'NONE',  ( 49.59054777056510233, 69.54864996279485467, 2.611445697536317390 ) ) ;
#2199 = VERTEX_POINT ( 'NONE', #137 ) ;
#2200 = CARTESIAN_POINT ( 'NONE',  ( 51.32401828958112588, 71.04716673741720001, 4.508361965348508527 ) ) ;
#2201 = CARTESIAN_POINT ( 'NONE',  ( 58.69154777056512984, 28.84697162930883962, -1.934075827659565761 ) ) ;
#2202 = ORIENTED_EDGE ( 'NONE', *, *, #120, .F. ) ;
#2203 = DIRECTION ( 'NONE',  ( 0.000000000000000000, 0.000000000000000000, -1.000000000000000000 ) ) ;
#2204 = EDGE_CURVE ( 'NONE', #4188, #3817, #1197, .T. ) ;
#2205 = FACE_OUTER_BOUND ( 'NONE', #2643, .T. ) ;
#2206 = CARTESIAN_POINT ( 'NONE',  ( 56.59054777056510943, 6.548649962794858226, 23.78000000000000114 ) ) ;
#2207 = B_SPLINE_CURVE_WITH_KNOTS ( 'NONE', 5,
 ( #2925, #3322, #809, #2002, #4962, #2844, #4584, #3750 ),
 .UNSPECIFIED., .F., .F.,
 ( 6, 2, 6 ),
 ( 0.000000000000000000, 0.5000000000000000000, 1.000000000000000000 ),
 .UNSPECIFIED. ) ;
#2208 = CARTESIAN_POINT ( 'NONE',  ( 52.81567989703702182, 64.50766867042288766, 21.38000000000000256 ) ) ;
#2209 = EDGE_LOOP ( 'NONE', ( #5132, #737, #4071, #1642 ) ) ;
#2210 = EDGE_CURVE ( 'NONE', #1684, #3573, #4213, .T. ) ;
#2211 = CARTESIAN_POINT ( 'NONE',  ( 49.89054775410487252, 69.54221843368218003, 19.54193438266229421 ) ) ;
#2212 = CARTESIAN_POINT ( 'NONE',  ( 5.830547770565072341, 70.35642966398192755, 17.98000000000000398 ) ) ;
#2213 = EDGE_CURVE ( 'NONE', #1874, #3730, #1114, .T. ) ;
#2214 = CARTESIAN_POINT ( 'NONE',  ( 42.63120347059108184, 70.24046870787668695, 7.055610223421276750 ) ) ;
#2215 = CARTESIAN_POINT ( 'NONE',  ( 41.39913687801499975, 70.21518169604972570, 8.948725241676394049 ) ) ;
#2216 = CARTESIAN_POINT ( 'NONE',  ( 49.80302184248388642, 58.11254530507644489, 11.05714787712906499 ) ) ;
#2217 = CARTESIAN_POINT ( 'NONE',  ( 56.59054777056510943, 57.62781672330961413, 16.58037140004230992 ) ) ;
#2218 = CARTESIAN_POINT ( 'NONE',  ( 0.5061202387181135132, 16.14602530996853247, -1.719999999999999751 ) ) ;
#2219 = ORIENTED_EDGE ( 'NONE', *, *, #3831, .T. ) ;
#2220 = CARTESIAN_POINT ( 'NONE',  ( 50.81454397188507954, 71.41580784754009414, 4.508361965348510303 ) ) ;
#2221 = ORIENTED_EDGE ( 'NONE', *, *, #1689, .T. ) ;
#2222 = DIRECTION ( 'NONE',  ( 1.000000000000000000, 0.000000000000000000, 0.000000000000000000 ) ) ;
#2223 = CARTESIAN_POINT ( 'NONE',  ( 5.853343516588822126, 64.93556616426559458, 17.98000000000000398 ) ) ;
#2224 = DIRECTION ( 'NONE',  ( -6.991222571849441366E-15, 6.445834664451861014E-31, -1.000000000000000000 ) ) ;
#2225 = AXIS2_PLACEMENT_3D ( 'NONE', #125, #1352, #4662 ) ;
#2226 = VERTEX_POINT ( 'NONE', #2586 ) ;
#2227 = DIRECTION ( 'NONE',  ( 0.000000000000000000, 0.000000000000000000, 1.000000000000000000 ) ) ;
#2228 = VECTOR ( 'NONE', #4339, 1000.000000000000000 ) ;
#2229 = EDGE_CURVE ( 'NONE', #2167, #5269, #4633, .T. ) ;
#2230 = B_SPLINE_SURFACE_WITH_KNOTS ( 'NONE', 5, 3, ( 
 ( #3093, #3417, #172, #3524, #1370, #3847, #1829, #2640, #199, #4255, #5051 ),
 ( #2618, #556, #5130, #1018, #4307, #3020, #3443, #3925, #5081, #2668, #1857 ),
 ( #1449, #3470, #4731, #1050, #1424, #1399, #3047, #996, #5158, #2721, #607 ),
 ( #4280, #5106, #3069, #1768, #2267, #3494, #2696, #4331, #3953, #223, #1883 ),
 ( #1480, #3117, #1076, #4357, #658, #2399, #711, #3197, #2429, #4432, #4838 ),
 ( #4058, #798, #1508, #2746, #3980, #1152, #3142, #4380, #5234, #690, #3603 ),
 ( #276, #770, #1932, #2016, #3578, #1097, #739, #249, #328, #1911, #2857 ),
 ( #5207, #1123, #4030, #3657, #4002, #1202, #1989, #3633, #4892, #2373, #1557 ) ),
 .UNSPECIFIED., .F., .F., .F.,
 ( 6, 2, 6 ),
 ( 4, 1, 1, 1, 1, 1, 1, 1, 4 ),
 ( 0.000000000000000000, 0.5000000000000000000, 1.000000000000000000 ),
 ( 0.000000000000000000, 0.0002524217160098667545, 0.0006310542900246668592, 0.001135897722044400260, 0.001893162870074000361, 0.002650428018103600462, 0.003155271450123334296, 0.003533904024138134672, 0.003786325740148001155 ),
 .UNSPECIFIED. ) ;
#2231 = AXIS2_PLACEMENT_3D ( 'NONE', #1696, #1644, #2078 ) ;
#2232 = ORIENTED_EDGE ( 'NONE', *, *, #656, .T. ) ;
#2233 = DIRECTION ( 'NONE',  ( -1.000000000000000000, 0.000000000000000000, 6.938893899847481947E-15 ) ) ;
#2234 = DIRECTION ( 'NONE',  ( 1.000000000000000000, 0.000000000000000000, 0.000000000000000000 ) ) ;
#2235 = AXIS2_PLACEMENT_3D ( 'NONE', #3231, #5296, #1611 ) ;
#2236 = CARTESIAN_POINT ( 'NONE',  ( -0.9224883227241382766, 5.117795367811549312, 12.45133750377508441 ) ) ;
#2237 = AXIS2_PLACEMENT_3D ( 'NONE', #1818, #983, #4243 ) ;
#2238 = DIRECTION ( 'NONE',  ( -6.991222571849442154E-15, 6.445834664451861014E-31, -1.000000000000000000 ) ) ;
#2239 = CIRCLE ( 'NONE', #1277, 3.400000000000000355 ) ;
#2240 = ORIENTED_EDGE ( 'NONE', *, *, #2013, .F. ) ;
#2241 = CARTESIAN_POINT ( 'NONE',  ( 56.57453038573284232, 63.06063723840610180, 19.19146734767034346 ) ) ;
#2242 = VERTEX_POINT ( 'NONE', #3869 ) ;
#2243 = CARTESIAN_POINT ( 'NONE',  ( 40.69153473968923151, 70.12132835185671809, 11.05714787712905789 ) ) ;
#2244 = CIRCLE ( 'NONE', #244, 6.999999999999999112 ) ;
#2245 = CARTESIAN_POINT ( 'NONE',  ( -1.047513961899551038, 5.981575558418626315, 15.06177702749132941 ) ) ;
#2246 = CARTESIAN_POINT ( 'NONE',  ( 50.01924128957089977, 69.53658662098122534, 2.874844217414032954 ) ) ;
#2247 = CARTESIAN_POINT ( 'NONE',  ( 56.59054777056510233, 55.74037171030764881, 14.40585938043392211 ) ) ;
#2248 = AXIS2_PLACEMENT_3D ( 'NONE', #3968, #265, #238 ) ;
#2249 = CARTESIAN_POINT ( 'NONE',  ( 51.92823289950849386, 72.02603289941669118, 17.60593378890960992 ) ) ;
#2250 = ORIENTED_EDGE ( 'NONE', *, *, #4701, .F. ) ;
#2251 = EDGE_CURVE ( 'NONE', #839, #5280, #4124, .T. ) ;
#2252 = CARTESIAN_POINT ( 'NONE',  ( 41.70239533589094094, 16.84864996279486249, -5.220000000000291074 ) ) ;
#2253 = LINE ( 'NONE', #620, #331 ) ;
#2254 = VERTEX_POINT ( 'NONE', #3090 ) ;
#2255 = CYLINDRICAL_SURFACE ( 'NONE', #3946, 1.999999999999999556 ) ;
#2256 = EDGE_CURVE ( 'NONE', #2338, #2149, #2291, .T. ) ;
#2257 = DIRECTION ( 'NONE',  ( 0.000000000000000000, 0.000000000000000000, -1.000000000000000000 ) ) ;
#2258 = DIRECTION ( 'NONE',  ( -1.000000000000000000, 0.000000000000000000, 6.938893903907226800E-15 ) ) ;
#2259 = VERTEX_POINT ( 'NONE', #3490 ) ;
#2260 = EDGE_CURVE ( 'NONE', #3089, #1913, #2156, .T. ) ;
#2261 = FACE_BOUND ( 'NONE', #2823, .T. ) ;
#2262 = EDGE_LOOP ( 'NONE', ( #2441, #4652, #2934, #3555 ) ) ;
#2263 = DIRECTION ( 'NONE',  ( 0.000000000000000000, 1.000000000000000000, 0.000000000000000000 ) ) ;
#2264 = CIRCLE ( 'NONE', #964, 1.500000000000004885 ) ;
#2265 = CARTESIAN_POINT ( 'NONE',  ( -0.9487582107931934461, 5.249711741568674483, 15.98849172836272103 ) ) ;
#2266 = VECTOR ( 'NONE', #4046, 1000.000000000000000 ) ;
#2267 = CARTESIAN_POINT ( 'NONE',  ( 56.62922139101164731, 63.59577065316385358, 4.035389039451223958 ) ) ;
#2268 = ORIENTED_EDGE ( 'NONE', *, *, #4160, .T. ) ;
#2269 = CARTESIAN_POINT ( 'NONE',  ( 56.05903619362463530, 65.22570494061430679, 18.93865445502352074 ) ) ;
#2270 = ORIENTED_EDGE ( 'NONE', *, *, #2451, .F. ) ;
#2271 = EDGE_CURVE ( 'NONE', #3313, #341, #2418, .T. ) ;
#2272 = EDGE_CURVE ( 'NONE', #3082, #2745, #3786, .T. ) ;
#2273 = CARTESIAN_POINT ( 'NONE',  ( -2.050224812053519585, 5.020878030578953322, 14.53004007257038488 ) ) ;
#2274 = CARTESIAN_POINT ( 'NONE',  ( 50.82510280884648779, 69.43953282485863099, 2.837631308829065890 ) ) ;
#2275 = ORIENTED_EDGE ( 'NONE', *, *, #2584, .T. ) ;
#2276 = CARTESIAN_POINT ( 'NONE',  ( 58.69054777056498295, 63.30864996279486689, 5.068930122833145369 ) ) ;
#2277 = B_SPLINE_CURVE_WITH_KNOTS ( 'NONE', 3,
 ( #4753, #3464, #1875, #3513, #5150, #1473 ),
 .UNSPECIFIED., .F., .F.,
 ( 4, 2, 4 ),
 ( 0.000000000000000000, 0.001270928136435531871, 0.002541856272871063742 ),
 .UNSPECIFIED. ) ;
#2278 = CARTESIAN_POINT ( 'NONE',  ( 2.308547770565092083, 66.27464996279483955, 17.98000000000000398 ) ) ;
#2279 = DIRECTION ( 'NONE',  ( 1.000000000000000000, 0.000000000000000000, 0.000000000000000000 ) ) ;
#2280 = B_SPLINE_SURFACE_WITH_KNOTS ( 'NONE', 5, 3, ( 
 ( #3083, #4717, #4771, #3938, #2284, #3914, #1087, #2731, #5145, #4795, #3108, #4747, #2711 ),
 ( #236, #2761, #1898, #670, #2330, #3567, #5193, #1517, #1700, #3423, #3724, #3027, #46 ),
 ( #1328, #3748, #123, #5059, #2493, #4988, #3377, #4960, #3829, #5011, #2552, #2083, #453 ),
 ( #71, #1776, #2526, #918, #507, #2954, #538, #4582, #893, #21, #2922, #478, #1381 ),
 ( #3350, #2137, #4659, #1675, #4237, #4126, #1304, #2190, #423, #4183, #2113, #3320, #1350 ),
 ( #4625, #1271, #3775, #1729, #2977, #864, #4550, #4156, #4604, #2573, #4207, #2164, #3806 ),
 ( #100, #1754, #3403, #5034, #3000, #947, #2598, #1836, #4737, #3452, #4263, #3532, #148 ),
 ( #4338, #3905, #3500, #562, #5089, #5162, #3854, #1862, #1057, #4684, #637, #1429, #2298 ) ),
 .UNSPECIFIED., .F., .F., .F.,
 ( 6, 2, 6 ),
 ( 4, 1, 1, 1, 1, 1, 1, 1, 1, 1, 4 ),
 ( 0.000000000000000000, 0.5000000000000000000, 1.000000000000000000 ),
 ( 1.943787989321623666, 2.103495277890713222, 2.343056210744346668, 2.582617143597980558, 2.902031720736159226, 3.141592653589793116, 3.381153586443427006, 3.700568163581605674, 3.940129096435239120, 4.179690029288873454, 4.339397317857962122 ),
 .UNSPECIFIED. ) ;
#2281 = CARTESIAN_POINT ( 'NONE',  ( 49.60826187457673342, 69.54863952415605866, 18.88853622694989198 ) ) ;
#2282 = PLANE ( 'NONE',  #1811 ) ;
#2283 = ORIENTED_EDGE ( 'NONE', *, *, #2883, .T. ) ;
#2284 = CARTESIAN_POINT ( 'NONE',  ( 56.59054777056509522, 56.37634283272092262, 15.45610417911446888 ) ) ;
#2285 = PLANE ( 'NONE',  #2678 ) ;
#2286 = CARTESIAN_POINT ( 'NONE',  ( 58.69154777056512984, 28.84697162930883962, -1.934075827659565761 ) ) ;
#2287 = EDGE_LOOP ( 'NONE', ( #3937, #4801, #1742, #3360 ) ) ;
#2288 = DIRECTION ( 'NONE',  ( 0.004205150059984123952, -0.9999911583173988205, 0.000000000000000000 ) ) ;
#2289 = EDGE_CURVE ( 'NONE', #1483, #830, #1743, .T. ) ;
#2290 = ORIENTED_EDGE ( 'NONE', *, *, #5189, .F. ) ;
#2291 = LINE ( 'NONE', #4645, #3954 ) ;
#2292 = DIRECTION ( 'NONE',  ( 1.000000000000000000, 9.875726538627338513E-17, -0.000000000000000000 ) ) ;
#2293 = CARTESIAN_POINT ( 'NONE',  ( 56.59054777056510233, 50.14276721078237387, 2.804999999999597815 ) ) ;
#2294 = CARTESIAN_POINT ( 'NONE',  ( 54.59054777056510233, 52.14276721078237387, 2.804999999999597815 ) ) ;
#2295 = ORIENTED_EDGE ( 'NONE', *, *, #1253, .T. ) ;
#2296 = LINE ( 'NONE', #2642, #4149 ) ;
#2297 = ORIENTED_EDGE ( 'NONE', *, *, #2454, .T. ) ;
#2298 = CARTESIAN_POINT ( 'NONE',  ( 58.07309700619373416, 63.06187792928204061, 4.958647685037000485 ) ) ;
#2299 = VERTEX_POINT ( 'NONE', #3016 ) ;
#2300 = DIRECTION ( 'NONE',  ( -6.982962677686266711E-15, 0.000000000000000000, -1.000000000000000000 ) ) ;
#2301 = CYLINDRICAL_SURFACE ( 'NONE', #1280, 7.000000000000000000 ) ;
#2302 = FACE_BOUND ( 'NONE', #1735, .T. ) ;
#2303 = CARTESIAN_POINT ( 'NONE',  ( 50.25480798110585567, 69.51875385900567039, 19.57940945759101226 ) ) ;
#2304 = CARTESIAN_POINT ( 'NONE',  ( 58.69054777056511796, 63.30864996279486689, 25.22999999999959186 ) ) ;
#2305 = ORIENTED_EDGE ( 'NONE', *, *, #3217, .T. ) ;
#2306 = DIRECTION ( 'NONE',  ( 6.991222571849442154E-15, -6.445834664451861014E-31, 1.000000000000000000 ) ) ;
#2307 = CARTESIAN_POINT ( 'NONE',  ( 56.59054777056510233, 62.54864996279485467, 19.01813075662171926 ) ) ;
#2308 = CARTESIAN_POINT ( 'NONE',  ( 54.47329178366975100, 68.26372829962564026, 17.98000000000019583 ) ) ;
#2309 = ORIENTED_EDGE ( 'NONE', *, *, #1746, .T. ) ;
#2310 = LINE ( 'NONE', #2336, #5154 ) ;
#2311 = ORIENTED_EDGE ( 'NONE', *, *, #470, .T. ) ;
#2312 = EDGE_CURVE ( 'NONE', #3839, #1527, #3897, .T. ) ;
#2313 = FACE_OUTER_BOUND ( 'NONE', #240, .T. ) ;
#2314 = CARTESIAN_POINT ( 'NONE',  ( 49.69054777056512506, 72.30864996279485979, 23.77999999999965652 ) ) ;
#2315 = CARTESIAN_POINT ( 'NONE',  ( 11.19436216970072095, 54.30864996279486689, -3.720000000000081020 ) ) ;
#2316 = AXIS2_PLACEMENT_3D ( 'NONE', #2755, #3123, #307 ) ;
#2317 = DIRECTION ( 'NONE',  ( 1.000000000000000000, -4.999139451359751052E-48, -6.991222571849442154E-15 ) ) ;
#2318 = CARTESIAN_POINT ( 'NONE',  ( 57.82575219183716086, 63.00621401176621816, 17.20902869108210353 ) ) ;
#2319 = ORIENTED_EDGE ( 'NONE', *, *, #3130, .F. ) ;
#2320 = EDGE_CURVE ( 'NONE', #1527, #1533, #167, .T. ) ;
#2321 = CIRCLE ( 'NONE', #3171, 6.999999999999999112 ) ;
#2322 = CARTESIAN_POINT ( 'NONE',  ( 50.70710688184205850, 69.46003800775703496, 3.168073542237989759 ) ) ;
#2323 = ORIENTED_EDGE ( 'NONE', *, *, #5293, .F. ) ;
#2324 = DIRECTION ( 'NONE',  ( 0.000000000000000000, 0.000000000000000000, 1.000000000000000000 ) ) ;
#2325 = DIRECTION ( 'NONE',  ( -6.982962677686267499E-15, 0.000000000000000000, -1.000000000000000000 ) ) ;
#2326 = AXIS2_PLACEMENT_3D ( 'NONE', #3065, #2288, #4372 ) ;
#2327 = CARTESIAN_POINT ( 'NONE',  ( 50.68433671962030473, 70.07279042686572268, 17.75402106465755026 ) ) ;
#2328 = DIRECTION ( 'NONE',  ( -0.000000000000000000, -0.000000000000000000, -1.000000000000000000 ) ) ;
#2329 = ORIENTED_EDGE ( 'NONE', *, *, #3763, .F. ) ;
#2330 = CARTESIAN_POINT ( 'NONE',  ( 56.59054777056509522, 56.50529428030991141, 15.32980017068081402 ) ) ;
#2331 = CARTESIAN_POINT ( 'NONE',  ( 56.59054777056510233, 62.66887960106340216, 19.06072727341329198 ) ) ;
#2332 = AXIS2_PLACEMENT_3D ( 'NONE', #668, #286, #188 ) ;
#2333 = B_SPLINE_CURVE_WITH_KNOTS ( 'NONE', 3,
 ( #804, #2520, #5297, #3663, #2891, #4150, #1612, #1997, #1159, #4543, #4521, #18, #1672, #1182, #2807, #447, #3315, #860, #2406, #3744, #4037, #4956, #5271, #1266, #1588, #3232, #4871, #2836, #4202, #3397, #96, #3769, #4983, #3802, #4577, #2547 ),
 .UNSPECIFIED., .F., .F.,
 ( 4, 2, 2, 2, 1, 1, 1, 2, 2, 2, 2, 2, 2, 2, 1, 1, 1, 2, 2, 2, 4 ),
 ( 0.000000000000000000, 0.1249999999999797662, 0.1874999999999696909, 0.2187499999999642231, 0.2343749999999618361, 0.2421874999999606426, 0.2460937499999604761, 0.2480468749999603928, 0.2499999999999603095, 0.3749999999999581446, 0.4999999999999560352, 0.6249999999999539257, 0.6874999999999525935, 0.7187499999999522604, 0.7343749999999520384, 0.7421874999999515943, 0.7460937499999510392, 0.7480468749999511502, 0.7499999999999512612, 0.8749999999999756861, 1.000000000000000000 ),
 .UNSPECIFIED. ) ;
#2334 = CARTESIAN_POINT ( 'NONE',  ( 58.69154777056515826, 53.59604800156339621, 0.2273247201556246877 ) ) ;
#2335 = VERTEX_POINT ( 'NONE', #1421 ) ;
#2336 = CARTESIAN_POINT ( 'NONE',  ( 57.37526698918243540, 6.448649962794850587, 21.98000000000000398 ) ) ;
#2337 = AXIS2_PLACEMENT_3D ( 'NONE', #4782, #2346, #2776 ) ;
#2338 = VERTEX_POINT ( 'NONE', #3067 ) ;
#2339 = EDGE_CURVE ( 'NONE', #4935, #2989, #4697, .T. ) ;
#2340 = DIRECTION ( 'NONE',  ( 1.400657527907609919E-16, 1.000000000000000000, -1.050493145930707501E-16 ) ) ;
#2341 = ADVANCED_FACE ( 'NONE', ( #3574 ), #1575, .F. ) ;
#2342 = VECTOR ( 'NONE', #1254, 1000.000000000000000 ) ;
#2343 = CARTESIAN_POINT ( 'NONE',  ( -0.3383005988148482523, 3.395608810597710914, 13.46630766134033230 ) ) ;
#2344 = CARTESIAN_POINT ( 'NONE',  ( -0.8093096959787080547, 4.653909715889250620, 12.28336902235964345 ) ) ;
#2345 = ORIENTED_EDGE ( 'NONE', *, *, #4007, .T. ) ;
#2346 = DIRECTION ( 'NONE',  ( 0.000000000000000000, -1.000000000000000000, 0.000000000000000000 ) ) ;
#2347 = EDGE_CURVE ( 'NONE', #1322, #1709, #3594, .T. ) ;
#2348 = CARTESIAN_POINT ( 'NONE',  ( 57.60050299850003341, 63.94087928624070116, 17.45371784936455839 ) ) ;
#2349 = VERTEX_POINT ( 'NONE', #5201 ) ;
#2350 = EDGE_CURVE ( 'NONE', #2812, #2014, #653, .T. ) ;
#2351 = VECTOR ( 'NONE', #222, 1000.000000000000000 ) ;
#2352 = CARTESIAN_POINT ( 'NONE',  ( 49.81567057801397880, 71.04661136563338175, 4.556003738352734089 ) ) ;
#2353 = EDGE_LOOP ( 'NONE', ( #4732, #1400, #1168, #1430, #175, #1080 ) ) ;
#2354 = CARTESIAN_POINT ( 'NONE',  ( 51.51597899756765742, 64.54633924311154658, 20.78000000000000469 ) ) ;
#2355 = CARTESIAN_POINT ( 'NONE',  ( 49.89054777056510659, 4.448649962794835488, 21.98000000000000398 ) ) ;
#2356 = CARTESIAN_POINT ( 'NONE',  ( 50.20447537585437914, 70.77566986228293899, 17.60148566786764945 ) ) ;
#2357 = FACE_OUTER_BOUND ( 'NONE', #3542, .T. ) ;
#2358 = ORIENTED_EDGE ( 'NONE', *, *, #3060, .T. ) ;
#2359 = ADVANCED_BREP_SHAPE_REPRESENTATION ( 'cubit3_top_enclosure', ( #3998, #4153 ), #2095 ) ;
#2360 = CARTESIAN_POINT ( 'NONE',  ( 11.19436216970071030, 30.70864996162471527, -5.220000000000077911 ) ) ;
#2361 = EDGE_CURVE ( 'NONE', #2745, #768, #4464, .T. ) ;
#2362 = CARTESIAN_POINT ( 'NONE',  ( 49.69054777056489769, 72.30864996279485979, -6.670000000000352536 ) ) ;
#2363 = DIRECTION ( 'NONE',  ( 6.986327748953462886E-15, 0.000000000000000000, 1.000000000000000000 ) ) ;
#2364 = VERTEX_POINT ( 'NONE', #4755 ) ;
#2365 = CARTESIAN_POINT ( 'NONE',  ( -0.06672002215515712709, 2.937662393313130060, 13.08995268632416398 ) ) ;
#2366 = ORIENTED_EDGE ( 'NONE', *, *, #3760, .F. ) ;
#2367 = CARTESIAN_POINT ( 'NONE',  ( 49.89054777056510659, -0.4449185111674875404, 21.98000000000000043 ) ) ;
#2368 = CARTESIAN_POINT ( 'NONE',  ( -0.5215685692380505056, 3.807200410744656871, 13.23864193144197721 ) ) ;
#2369 = CARTESIAN_POINT ( 'NONE',  ( 52.81642492675172207, 68.97362448347703889, 3.919262303178371987 ) ) ;
#2370 = EDGE_CURVE ( 'NONE', #4643, #2183, #5228, .T. ) ;
#2371 = ORIENTED_EDGE ( 'NONE', *, *, #4412, .T. ) ;
#2372 = CARTESIAN_POINT ( 'NONE',  ( -0.8518215431720328468, 4.723282350819998143, 13.50166831071107154 ) ) ;
#2373 = CARTESIAN_POINT ( 'NONE',  ( 57.84038800175360961, 66.12957301992253178, 4.508361965348515632 ) ) ;
#2374 = CARTESIAN_POINT ( 'NONE',  ( 43.39757166968006175, 70.48017918626375433, 15.32378383782366527 ) ) ;
#2375 = CARTESIAN_POINT ( 'NONE',  ( 56.82918416684447038, 64.68066890322501195, 17.74723307452734744 ) ) ;
#2376 = EDGE_LOOP ( 'NONE', ( #1078, #2530 ) ) ;
#2377 = CARTESIAN_POINT ( 'NONE',  ( 49.78328074016423699, 71.04294819221928492, 4.558602362538075603 ) ) ;
#2378 = EDGE_CURVE ( 'NONE', #4754, #2560, #1894, .T. ) ;
#2379 = ORIENTED_EDGE ( 'NONE', *, *, #1224, .T. ) ;
#2380 = FACE_OUTER_BOUND ( 'NONE', #1889, .T. ) ;
#2381 = EDGE_CURVE ( 'NONE', #1516, #4194, #2795, .T. ) ;
#2382 = FACE_OUTER_BOUND ( 'NONE', #2764, .T. ) ;
#2383 = CARTESIAN_POINT ( 'NONE',  ( 50.71374681641049875, 71.09560911171735142, 17.60469827828828571 ) ) ;
#2384 = CARTESIAN_POINT ( 'NONE',  ( -0.9052852155252516519, 3.220364660866581019, 14.82382227502907845 ) ) ;
#2385 = ORIENTED_EDGE ( 'NONE', *, *, #161, .T. ) ;
#2386 = FACE_BOUND ( 'NONE', #4027, .T. ) ;
#2387 = CARTESIAN_POINT ( 'NONE',  ( 58.69054777056489058, 72.30864996279485979, 3.963333333332919928 ) ) ;
#2388 = DIRECTION ( 'NONE',  ( -1.000000000000000000, -9.875726538627338513E-17, 0.000000000000000000 ) ) ;
#2389 = ORIENTED_EDGE ( 'NONE', *, *, #5169, .F. ) ;
#2390 = CARTESIAN_POINT ( 'NONE',  ( -2.969452229434890622, 72.30864996279485979, 23.78000000000002245 ) ) ;
#2391 = VERTEX_POINT ( 'NONE', #5152 ) ;
#2392 = DIRECTION ( 'NONE',  ( 1.000000000000000000, 1.177133787269976313E-16, 0.000000000000000000 ) ) ;
#2393 = CARTESIAN_POINT ( 'NONE',  ( 57.74097182488827684, 66.37065329936496028, 17.60593378890962413 ) ) ;
#2394 = LINE ( 'NONE', #4024, #3964 ) ;
#2395 = CARTESIAN_POINT ( 'NONE',  ( 50.91505989697791534, 69.42219836423828383, 2.508361965348509415 ) ) ;
#2396 = EDGE_CURVE ( 'NONE', #5101, #3287, #3974, .T. ) ;
#2397 = ORIENTED_EDGE ( 'NONE', *, *, #2361, .T. ) ;
#2398 = CARTESIAN_POINT ( 'NONE',  ( 45.19436216970071740, 30.70864996279484771, -3.720000000000316831 ) ) ;
#2399 = CARTESIAN_POINT ( 'NONE',  ( 56.91923997412091296, 64.22622535233134045, 4.401199158850429782 ) ) ;
#2400 = CARTESIAN_POINT ( 'NONE',  ( 45.15582492743968146, 70.71382265816922086, 16.34370735431179966 ) ) ;
#2401 = CARTESIAN_POINT ( 'NONE',  ( 57.97013916932075972, 65.66813870400207520, 17.59088979284334542 ) ) ;
#2402 = VECTOR ( 'NONE', #3122, 1000.000000000000000 ) ;
#2403 = CARTESIAN_POINT ( 'NONE',  ( 49.75538437213704412, 70.74504778346879164, 4.535453685748369601 ) ) ;
#2404 = ORIENTED_EDGE ( 'NONE', *, *, #913, .T. ) ;
#2405 = CARTESIAN_POINT ( 'NONE',  ( 50.88189585118529124, 69.43112794156500911, 18.94577309341910265 ) ) ;
#2406 = CARTESIAN_POINT ( 'NONE',  ( 57.17053733511676228, 56.24111926224586711, 11.69041141675151785 ) ) ;
#2407 = CARTESIAN_POINT ( 'NONE',  ( 50.25964617170311044, 70.06705059834972360, 17.77275395653332879 ) ) ;
#2408 = CIRCLE ( 'NONE', #2146, 0.9999999999999998890 ) ;
#2409 = AXIS2_PLACEMENT_3D ( 'NONE', #2663, #4615, #4223 ) ;
#2410 = CARTESIAN_POINT ( 'NONE',  ( -1.373587513421838935, 3.663187474713139657, 15.18979606107955327 ) ) ;
#2411 = EDGE_LOOP ( 'NONE', ( #903, #2875, #3638, #1150, #2471 ) ) ;
#2412 = DIRECTION ( 'NONE',  ( -0.000000000000000000, -0.000000000000000000, -1.000000000000000000 ) ) ;
#2413 = CIRCLE ( 'NONE', #1624, 2.000000001170135100 ) ;
#2414 = DIRECTION ( 'NONE',  ( -0.000000000000000000, 1.000000000000000000, -0.000000000000000000 ) ) ;
#2415 = EDGE_CURVE ( 'NONE', #2014, #4167, #2244, .T. ) ;
#2416 = LINE ( 'NONE', #344, #1484 ) ;
#2417 = VERTEX_POINT ( 'NONE', #4022 ) ;
#2418 = CIRCLE ( 'NONE', #767, 6.999999999999999112 ) ;
#2419 = CARTESIAN_POINT ( 'NONE',  ( -0.2839156151728919886, 3.325330561005868546, 12.64299512110505574 ) ) ;
#2420 = ORIENTED_EDGE ( 'NONE', *, *, #1686, .T. ) ;
#2421 = ADVANCED_FACE ( 'NONE', ( #2313 ), #5178, .F. ) ;
#2422 = CARTESIAN_POINT ( 'NONE',  ( 53.86144409632800745, 62.90437780148707958, 17.98000000000000398 ) ) ;
#2423 = CARTESIAN_POINT ( 'NONE',  ( 51.32401841582965574, 71.04716700480705072, 17.60593378890862226 ) ) ;
#2424 = ADVANCED_FACE ( 'NONE', ( #1928, #3218 ), #4830, .F. ) ;
#2425 = CARTESIAN_POINT ( 'NONE',  ( -0.3092199342209744906, 3.374319751772000053, 15.91644651294149959 ) ) ;
#2426 = CARTESIAN_POINT ( 'NONE',  ( 54.79227125035064461, 69.12755096828304602, 4.508551235306547333 ) ) ;
#2427 = VERTEX_POINT ( 'NONE', #4375 ) ;
#2428 = CARTESIAN_POINT ( 'NONE',  ( -2.046423275497232908, 4.994828514098791139, 13.92935505648935113 ) ) ;
#2429 = CARTESIAN_POINT ( 'NONE',  ( 56.67724695980222549, 65.24458983662132994, 4.357688126491058966 ) ) ;
#2430 = CARTESIAN_POINT ( 'NONE',  ( 41.50581041648305103, 70.22931078105412439, 13.34917485707323515 ) ) ;
#2431 = CARTESIAN_POINT ( 'NONE',  ( 57.53661869137859952, 66.00789534354277066, 17.60593378890961702 ) ) ;
#2432 = AXIS2_PLACEMENT_3D ( 'NONE', #3132, #3085, #4773 ) ;
#2433 = CARTESIAN_POINT ( 'NONE',  ( 50.29461610533633831, 71.38146739085921411, 4.545824826570088462 ) ) ;
#2434 = EDGE_LOOP ( 'NONE', ( #3906, #3305, #1586, #3413, #941, #2816 ) ) ;
#2435 = DIRECTION ( 'NONE',  ( 0.000000000000000000, 0.000000000000000000, 1.000000000000000000 ) ) ;
#2436 = VECTOR ( 'NONE', #838, 1000.000000000000000 ) ;
#2437 = CARTESIAN_POINT ( 'NONE',  ( 56.59054777056510233, 52.71776721078238381, 7.229999999999607851 ) ) ;
#2438 = CARTESIAN_POINT ( 'NONE',  ( 50.95903791499780766, 70.77497132892104048, 17.60509479752712991 ) ) ;
#2439 = EDGE_CURVE ( 'NONE', #2199, #1051, #2718, .T. ) ;
#2440 = CARTESIAN_POINT ( 'NONE',  ( -2.952322727015663340, 3.544451030314110795, 13.38652556881203104 ) ) ;
#2441 = ORIENTED_EDGE ( 'NONE', *, *, #2524, .T. ) ;
#2442 = DIRECTION ( 'NONE',  ( 0.000000000000000000, 0.000000000000000000, 1.000000000000000000 ) ) ;
#2443 = CARTESIAN_POINT ( 'NONE',  ( 49.89054777056510659, 70.35642966398192755, 20.78000000000000469 ) ) ;
#2444 = PLANE ( 'NONE',  #3036 ) ;
#2445 = VERTEX_POINT ( 'NONE', #4354 ) ;
#2446 = DIRECTION ( 'NONE',  ( 9.219896231606733138E-17, 1.000000000000000000, -0.000000000000000000 ) ) ;
#2447 = AXIS2_PLACEMENT_3D ( 'NONE', #1108, #4394, #622 ) ;
#2448 = VERTEX_POINT ( 'NONE', #4802 ) ;
#2449 = CYLINDRICAL_SURFACE ( 'NONE', #3271, 3.399999999999998579 ) ;
#2450 = CARTESIAN_POINT ( 'NONE',  ( 51.95272850216355209, 71.24328120023351119, 17.60593378890962413 ) ) ;
#2451 = EDGE_CURVE ( 'NONE', #5306, #1709, #3550, .T. ) ;
#2452 = CARTESIAN_POINT ( 'NONE',  ( -1.557329262555353200, 3.890486483572070053, 15.24741293987884916 ) ) ;
#2453 = CARTESIAN_POINT ( 'NONE',  ( 50.82510280884648068, 69.43953282485863099, 2.837631308829062782 ) ) ;
#2454 = EDGE_CURVE ( 'NONE', #3188, #4295, #2768, .T. ) ;
#2455 = ORIENTED_EDGE ( 'NONE', *, *, #3525, .F. ) ;
#2456 = FACE_OUTER_BOUND ( 'NONE', #1617, .T. ) ;
#2457 = DIRECTION ( 'NONE',  ( -6.991222571849441366E-15, 6.445834664451860138E-31, -1.000000000000000000 ) ) ;
#2458 = CARTESIAN_POINT ( 'NONE',  ( 48.42794552633753113, 71.14834148494017541, 17.34599501303150149 ) ) ;
#2459 = CARTESIAN_POINT ( 'NONE',  ( 39.66289414697032356, 69.54864996279485467, 9.050466277273132576 ) ) ;
#2460 = VECTOR ( 'NONE', #2840, 1000.000000000000000 ) ;
#2461 = CARTESIAN_POINT ( 'NONE',  ( 50.65853243620280466, 70.07463645771582605, 4.358965051610781849 ) ) ;
#2462 = ORIENTED_EDGE ( 'NONE', *, *, #1789, .T. ) ;
#2463 = CARTESIAN_POINT ( 'NONE',  ( 51.90616694903754080, 69.17183569251339748, 18.94480324449413544 ) ) ;
#2464 = CARTESIAN_POINT ( 'NONE',  ( 55.21497530241190077, 12.72672186848767062, -1.719999999999999751 ) ) ;
#2465 = CARTESIAN_POINT ( 'NONE',  ( 49.59940512995040507, 69.54864996279485467, 2.918596655045630150 ) ) ;
#2466 = LINE ( 'NONE', #5245, #114 ) ;
#2467 = ORIENTED_EDGE ( 'NONE', *, *, #4189, .F. ) ;
#2468 = CARTESIAN_POINT ( 'NONE',  ( 51.51597899756765742, 65.47092719923027460, 17.82366979297535181 ) ) ;
#2469 = LINE ( 'NONE', #895, #4707 ) ;
#2470 = CARTESIAN_POINT ( 'NONE',  ( 1.095455398721847606, 1.486843787550375495, 21.98000000000000398 ) ) ;
#2471 = ORIENTED_EDGE ( 'NONE', *, *, #1393, .F. ) ;
#2472 = LINE ( 'NONE', #4099, #515 ) ;
#2473 =( BOUNDED_CURVE ( )  B_SPLINE_CURVE ( 3, ( #2276, #1431, #5113, #2754 ),
 .UNSPECIFIED., .F., .F. ) 
 B_SPLINE_CURVE_WITH_KNOTS ( ( 4, 4 ),
 ( 1.987566406800555630, 4.295618900477562896 ),
 .UNSPECIFIED. ) 
 CURVE ( )  GEOMETRIC_REPRESENTATION_ITEM ( )  RATIONAL_B_SPLINE_CURVE ( ( 1.000000000000000000, 0.6032060846417791611, 0.6032060846417791611, 1.000000000000000000 ) ) 
 REPRESENTATION_ITEM ( '' )  );
#2474 = VERTEX_POINT ( 'NONE', #707 ) ;
#2475 = CARTESIAN_POINT ( 'NONE',  ( 14.68632900351068393, 10.04864996279486178, 23.78100000000032921 ) ) ;
#2476 = CARTESIAN_POINT ( 'NONE',  ( 56.84499972129438561, 67.32276420917027338, 17.60593378890733973 ) ) ;
#2477 = CARTESIAN_POINT ( 'NONE',  ( -0.6807543886274695089, 3.046384652832647699, 14.25781479122553286 ) ) ;
#2478 = VERTEX_POINT ( 'NONE', #2367 ) ;
#2479 = CARTESIAN_POINT ( 'NONE',  ( 51.06220737528040843, 69.39384348725191387, 2.508361965348509415 ) ) ;
#2480 = ORIENTED_EDGE ( 'NONE', *, *, #564, .F. ) ;
#2481 = DIRECTION ( 'NONE',  ( -6.991222571849441366E-15, 6.445834664451860138E-31, -1.000000000000000000 ) ) ;
#2482 = LINE ( 'NONE', #4171, #3368 ) ;
#2483 = CARTESIAN_POINT ( 'NONE',  ( 46.87673428158682043, 70.94198028031289027, 16.96681469876186910 ) ) ;
#2484 = CARTESIAN_POINT ( 'NONE',  ( 46.83700736374786544, 69.54864996279485467, 19.01778305046881457 ) ) ;
#2485 = DIRECTION ( 'NONE',  ( 0.000000000000000000, 0.000000000000000000, 1.000000000000000000 ) ) ;
#2486 = ORIENTED_EDGE ( 'NONE', *, *, #5054, .T. ) ;
#2487 = CARTESIAN_POINT ( 'NONE',  ( 51.12902607824079837, 69.54682100245807419, 18.19896972497371834 ) ) ;
#2488 = LINE ( 'NONE', #336, #3600 ) ;
#2489 = EDGE_CURVE ( 'NONE', #1014, #2349, #4556, .T. ) ;
#2490 = VECTOR ( 'NONE', #3907, 1000.000000000000000 ) ;
#2491 = CARTESIAN_POINT ( 'NONE',  ( 44.29283847303833710, 69.54864996279485467, 4.042043703275600031 ) ) ;
#2492 = CARTESIAN_POINT ( 'NONE',  ( -2.969452229434972779, 3.916354613363580928, 13.26000000000002821 ) ) ;
#2493 = CARTESIAN_POINT ( 'NONE',  ( 56.59055583892327235, 56.63424580417737531, 15.20350557960423110 ) ) ;
#2494 = CIRCLE ( 'NONE', #3684, 2.500000000000002220 ) ;
#2495 = CARTESIAN_POINT ( 'NONE',  ( 52.73007324642951232, 62.90437780148707958, 18.78000000000000824 ) ) ;
#2496 = CARTESIAN_POINT ( 'NONE',  ( 53.43854777056508709, 66.12164996279483375, 20.78000000000000469 ) ) ;
#2497 = CARTESIAN_POINT ( 'NONE',  ( -2.600734796727992283E-14, 2.397850495176092217E-30, -3.719999999999999751 ) ) ;
#2498 = AXIS2_PLACEMENT_3D ( 'NONE', #2212, #1375, #3803 ) ;
#2499 = ORIENTED_EDGE ( 'NONE', *, *, #651, .T. ) ;
#2500 = CARTESIAN_POINT ( 'NONE',  ( 50.02786055263477039, 70.02629491716426458, 17.98000000000000398 ) ) ;
#2501 = CIRCLE ( 'NONE', #3169, 1.976629218758614304 ) ;
#2502 = ORIENTED_EDGE ( 'NONE', *, *, #687, .T. ) ;
#2503 = CARTESIAN_POINT ( 'NONE',  ( 57.46256389955877353, 66.17800316149052264, 17.60593378890928662 ) ) ;
#2504 = CARTESIAN_POINT ( 'NONE',  ( 49.68674542068556121, 70.05447928350338316, 4.344058191124618773 ) ) ;
#2505 = ORIENTED_EDGE ( 'NONE', *, *, #722, .F. ) ;
#2506 = CARTESIAN_POINT ( 'NONE',  ( 2.054547770565087639, 2.926649962794846349, 17.98000000000000398 ) ) ;
#2507 = AXIS2_PLACEMENT_3D ( 'NONE', #4613, #5099, #1442 ) ;
#2508 = ADVANCED_FACE ( 'NONE', ( #320 ), #1981, .F. ) ;
#2509 = EDGE_CURVE ( 'NONE', #2841, #4842, #2, .T. ) ;
#2510 = ORIENTED_EDGE ( 'NONE', *, *, #2765, .T. ) ;
#2511 = CARTESIAN_POINT ( 'NONE',  ( 26.43000000000000327, 69.54864996279485467, 2.500000000000002220 ) ) ;
#2512 = DIRECTION ( 'NONE',  ( 0.000000000000000000, 0.000000000000000000, 1.000000000000000000 ) ) ;
#2513 = DIRECTION ( 'NONE',  ( 0.000000000000000000, -1.000000000000000000, 0.000000000000000000 ) ) ;
#2514 = CARTESIAN_POINT ( 'NONE',  ( -2.969452229435070478, 41.21098283457539679, -1.749304498602557878 ) ) ;
#2515 = VECTOR ( 'NONE', #5027, 1000.000000000000000 ) ;
#2516 = ADVANCED_FACE ( 'NONE', ( #373 ), #2449, .F. ) ;
#2517 = DIRECTION ( 'NONE',  ( -1.000000000000000000, -9.875726538627338513E-17, 0.000000000000000000 ) ) ;
#2518 = EDGE_LOOP ( 'NONE', ( #1876, #1221, #2867, #2097 ) ) ;
#2519 = CARTESIAN_POINT ( 'NONE',  ( 51.24779706072300911, 69.97920638264587012, 17.75563238611314176 ) ) ;
#2520 = CARTESIAN_POINT ( 'NONE',  ( 57.92443699331292351, 61.93841947100865042, 5.226927259422326166 ) ) ;
#2521 = CARTESIAN_POINT ( 'NONE',  ( 54.62899593835806655, 70.04105172374096355, 17.60593378890961702 ) ) ;
#2522 = VECTOR ( 'NONE', #1826, 1000.000000000000000 ) ;
#2523 = CARTESIAN_POINT ( 'NONE',  ( 40.20852648731519707, 69.69744462458095313, 11.05714787624493667 ) ) ;
#2524 = EDGE_CURVE ( 'NONE', #4411, #3071, #76, .T. ) ;
#2525 = CARTESIAN_POINT ( 'NONE',  ( 43.20296011673898562, 70.45439251501693434, 6.933866086286113450 ) ) ;
#2526 = CARTESIAN_POINT ( 'NONE',  ( 56.66214057444891949, 60.78324740120466174, 17.38392508732370345 ) ) ;
#2527 = CARTESIAN_POINT ( 'NONE',  ( -0.4938797612818871530, 53.62159102859877180, -1.719999999999999751 ) ) ;
#2528 = DIRECTION ( 'NONE',  ( 1.000000000000000000, 0.000000000000000000, 0.000000000000000000 ) ) ;
#2529 = CARTESIAN_POINT ( 'NONE',  ( 56.32387997705077964, 64.47904640774981999, 18.89671509772881564 ) ) ;
#2530 = ORIENTED_EDGE ( 'NONE', *, *, #5037, .T. ) ;
#2531 = AXIS2_PLACEMENT_3D ( 'NONE', #3669, #5302, #4421 ) ;
#2532 = CARTESIAN_POINT ( 'NONE',  ( 26.43000000000000327, 72.30864996279485979, 10.50000000000000000 ) ) ;
#2533 = ORIENTED_EDGE ( 'NONE', *, *, #274, .F. ) ;
#2534 = DIRECTION ( 'NONE',  ( 0.000000000000000000, 0.000000000000000000, 1.000000000000000000 ) ) ;
#2535 = CARTESIAN_POINT ( 'NONE',  ( -0.2780102776635549611, 3.273315530015083574, 14.93749536024448865 ) ) ;
#2536 = ORIENTED_EDGE ( 'NONE', *, *, #4436, .T. ) ;
#2537 =( LENGTH_UNIT ( ) NAMED_UNIT ( * ) SI_UNIT ( .MILLI., .METRE. ) );
#2538 = DIRECTION ( 'NONE',  ( -1.000000000000000000, 0.000000000000000000, 0.000000000000000000 ) ) ;
#2539 = EDGE_LOOP ( 'NONE', ( #5021, #4105 ) ) ;
#2540 = CARTESIAN_POINT ( 'NONE',  ( 58.22349814167719018, 64.19849447345050919, 4.687225986171924319 ) ) ;
#2541 = CARTESIAN_POINT ( 'NONE',  ( 2.308547770565092083, 66.27464996279483955, 17.98000000000000398 ) ) ;
#2542 = DIRECTION ( 'NONE',  ( 0.000000000000000000, 0.000000000000000000, 1.000000000000000000 ) ) ;
#2543 = PLANE ( 'NONE',  #972 ) ;
#2544 = CARTESIAN_POINT ( 'NONE',  ( -1.069452229434896706, 62.54864996279485467, -3.719999999999987317 ) ) ;
#2545 = ORIENTED_EDGE ( 'NONE', *, *, #1779, .T. ) ;
#2546 = CARTESIAN_POINT ( 'NONE',  ( 51.16406103030825392, 70.74317004424150923, 17.60434622678408090 ) ) ;
#2547 = CARTESIAN_POINT ( 'NONE',  ( 58.07309700619374127, 63.06187792928205482, 17.15564806922113306 ) ) ;
#2548 = DIRECTION ( 'NONE',  ( -0.9576814747999429223, -0.2878301457891553339, 0.000000000000000000 ) ) ;
#2549 = CARTESIAN_POINT ( 'NONE',  ( 42.08847353521396428, 69.59153392292624574, 15.58941910296817213 ) ) ;
#2550 = EDGE_CURVE ( 'NONE', #2014, #3959, #1658, .T. ) ;
#2551 = CARTESIAN_POINT ( 'NONE',  ( -0.6707115172722981633, 4.215617510996094275, 15.29949232067667708 ) ) ;
#2552 = CARTESIAN_POINT ( 'NONE',  ( 56.59058786053677181, 60.62214463277946663, 4.223760634918112267 ) ) ;
#2553 = FACE_OUTER_BOUND ( 'NONE', #1307, .T. ) ;
#2554 = CARTESIAN_POINT ( 'NONE',  ( 58.11023086179198316, 66.48810536322240239, 17.60593378890961702 ) ) ;
#2555 = ORIENTED_EDGE ( 'NONE', *, *, #161, .F. ) ;
#2556 = PLANE ( 'NONE',  #3355 ) ;
#2557 = EDGE_LOOP ( 'NONE', ( #4587, #3512, #3119, #3471, #2158, #921, #40, #2358 ) ) ;
#2558 = CARTESIAN_POINT ( 'NONE',  ( 54.82814713523440275, 67.32680067485416942, 2.508361965348510303 ) ) ;
#2559 = DIRECTION ( 'NONE',  ( 0.000000000000000000, 0.000000000000000000, 1.000000000000000000 ) ) ;
#2560 = VERTEX_POINT ( 'NONE', #4481 ) ;
#2561 = CARTESIAN_POINT ( 'NONE',  ( 57.09329403203700792, 67.55394147369197810, 4.508361965348511191 ) ) ;
#2562 = DIRECTION ( 'NONE',  ( 0.000000000000000000, 0.000000000000000000, -1.000000000000000000 ) ) ;
#2563 = ORIENTED_EDGE ( 'NONE', *, *, #353, .F. ) ;
#2564 = LINE ( 'NONE', #3364, #4303 ) ;
#2565 = CARTESIAN_POINT ( 'NONE',  ( 56.59054777056510233, 62.54864996279485467, 19.01813075662171926 ) ) ;
#2566 = CARTESIAN_POINT ( 'NONE',  ( 58.69054777056506111, 63.30864996279483847, 17.04536563142495353 ) ) ;
#2567 = VERTEX_POINT ( 'NONE', #3650 ) ;
#2568 = CARTESIAN_POINT ( 'NONE',  ( 14.68632900351049209, 13.44864996279486213, -3.720000000000105000 ) ) ;
#2569 = CARTESIAN_POINT ( 'NONE',  ( 51.92823289950849386, 72.02603289941669118, 17.60593378890960992 ) ) ;
#2570 = CARTESIAN_POINT ( 'NONE',  ( 47.10889194285184800, 69.54865424889243286, 3.555719723618392614 ) ) ;
#2571 = EDGE_CURVE ( 'NONE', #1472, #5085, #1481, .T. ) ;
#2572 = CARTESIAN_POINT ( 'NONE',  ( 43.76212088509657860, 70.52851798590245380, 6.527751442895493916 ) ) ;
#2573 = CARTESIAN_POINT ( 'NONE',  ( 57.23838375925125632, 59.25826758763963653, 6.179002619326253054 ) ) ;
#2574 = FACE_OUTER_BOUND ( 'NONE', #1229, .T. ) ;
#2575 = CARTESIAN_POINT ( 'NONE',  ( 49.78328073815078625, 71.04294819198868538, 17.55569339152147634 ) ) ;
#2576 = ORIENTED_EDGE ( 'NONE', *, *, #1953, .T. ) ;
#2577 = VERTEX_POINT ( 'NONE', #791 ) ;
#2578 = EDGE_CURVE ( 'NONE', #270, #2812, #2033, .T. ) ;
#2579 = CARTESIAN_POINT ( 'NONE',  ( 0.03054777056502983035, 4.048649962794844903, 13.26000000000000867 ) ) ;
#2580 = CYLINDRICAL_SURFACE ( 'NONE', #4398, 3.399999999999998579 ) ;
#2581 = VERTEX_POINT ( 'NONE', #2422 ) ;
#2582 = CARTESIAN_POINT ( 'NONE',  ( 52.78127428009483424, 70.98449069827738356, 4.508361965348508527 ) ) ;
#2583 = CARTESIAN_POINT ( 'NONE',  ( 49.69054777056497585, 72.30864996279485979, 4.757110654816427697 ) ) ;
#2584 = EDGE_CURVE ( 'NONE', #4147, #3082, #1225, .T. ) ;
#2585 = ORIENTED_EDGE ( 'NONE', *, *, #2571, .F. ) ;
#2586 = CARTESIAN_POINT ( 'NONE',  ( 40.83416265469568884, 70.14024240127203313, 11.05714787712906144 ) ) ;
#2587 = FACE_OUTER_BOUND ( 'NONE', #1372, .T. ) ;
#2588 = DIRECTION ( 'NONE',  ( 1.000000000000000000, 0.000000000000000000, -0.000000000000000000 ) ) ;
#2589 = VECTOR ( 'NONE', #2739, 1000.000000000000000 ) ;
#2590 = LINE ( 'NONE', #885, #5333 ) ;
#2591 = ORIENTED_EDGE ( 'NONE', *, *, #2615, .T. ) ;
#2592 = B_SPLINE_CURVE_WITH_KNOTS ( 'NONE', 5,
 ( #156, #2630, #4165, #3754, #4270, #460, #52, #5017 ),
 .UNSPECIFIED., .F., .F.,
 ( 6, 2, 6 ),
 ( 0.000000000000000000, 0.5000000000000000000, 1.000000000000000000 ),
 .UNSPECIFIED. ) ;
#2593 = DIRECTION ( 'NONE',  ( -0.000000000000000000, 1.000000000000000000, -0.000000000000000000 ) ) ;
#2594 = CARTESIAN_POINT ( 'NONE',  ( 52.00311577027546406, 71.24932695460771015, 17.60593378890961702 ) ) ;
#2595 = VECTOR ( 'NONE', #1189, 1000.000000000000000 ) ;
#2596 = CARTESIAN_POINT ( 'NONE',  ( 47.45534990176739143, 70.52812226913358984, 4.787482708476011872 ) ) ;
#2597 = CARTESIAN_POINT ( 'NONE',  ( -1.917507694058378398, 4.520326461746031477, 15.14423605430353348 ) ) ;
#2598 = CARTESIAN_POINT ( 'NONE',  ( 57.05298749866967256, 56.02976908235536513, 11.05714787800751253 ) ) ;
#2599 = CARTESIAN_POINT ( 'NONE',  ( 58.64306564981797010, 64.37825799465852583, 4.762923834582514893 ) ) ;
#2600 = LINE ( 'NONE', #184, #1960 ) ;
#2601 = ORIENTED_EDGE ( 'NONE', *, *, #1315, .F. ) ;
#2602 = CARTESIAN_POINT ( 'NONE',  ( 3.533249915418636533, 69.12620188997112791, 8.246944894044416330 ) ) ;
#2603 = EDGE_CURVE ( 'NONE', #4746, #2417, #398, .T. ) ;
#2604 = VERTEX_POINT ( 'NONE', #348 ) ;
#2605 = PLANE ( 'NONE',  #4208 ) ;
#2606 = AXIS2_PLACEMENT_3D ( 'NONE', #2334, #192, #1440 ) ;
#2607 = DIRECTION ( 'NONE',  ( 1.000000000000000000, 0.000000000000000000, -0.000000000000000000 ) ) ;
#2608 = AXIS2_PLACEMENT_3D ( 'NONE', #5263, #5182, #4488 ) ;
#2609 = ORIENTED_EDGE ( 'NONE', *, *, #2524, .F. ) ;
#2610 = DIRECTION ( 'NONE',  ( 0.000000000000000000, 0.000000000000000000, 1.000000000000000000 ) ) ;
#2611 = CARTESIAN_POINT ( 'NONE',  ( 56.58983344840395802, 6.448649962794850587, 17.97999999999999687 ) ) ;
#2612 = AXIS2_PLACEMENT_3D ( 'NONE', #3251, #1237, #2019 ) ;
#2613 = ORIENTED_EDGE ( 'NONE', *, *, #2272, .T. ) ;
#2614 = CARTESIAN_POINT ( 'NONE',  ( 40.19436216970072451, 59.30864996279485979, -3.720000000000282192 ) ) ;
#2615 = EDGE_CURVE ( 'NONE', #674, #3278, #2253, .T. ) ;
#2616 = CYLINDRICAL_SURFACE ( 'NONE', #3280, 1.000000000000000888 ) ;
#2617 = DIRECTION ( 'NONE',  ( 0.000000000000000000, 0.000000000000000000, -1.000000000000000000 ) ) ;
#2618 = CARTESIAN_POINT ( 'NONE',  ( 56.59054777056510233, 62.57984952277896440, 3.364148305203744194 ) ) ;
#2619 = ORIENTED_EDGE ( 'NONE', *, *, #120, .T. ) ;
#2620 = DIRECTION ( 'NONE',  ( 1.000000000000000000, 0.000000000000000000, -6.982962677686267499E-15 ) ) ;
#2621 = CARTESIAN_POINT ( 'NONE',  ( 4.030547770564905541, 65.30864996279485979, -5.220000000000026397 ) ) ;
#2622 = CARTESIAN_POINT ( 'NONE',  ( 49.78328073815078625, 71.04294819198865696, 17.55569339152146924 ) ) ;
#2623 = CARTESIAN_POINT ( 'NONE',  ( -0.9880271685272729032, 5.479705263757829847, 15.80396084266022427 ) ) ;
#2624 = CARTESIAN_POINT ( 'NONE',  ( 50.68070645386097084, 69.46382970536434698, 2.511544297163923023 ) ) ;
#2625 = DIRECTION ( 'NONE',  ( 1.000000000000000000, 0.000000000000000000, 0.000000000000000000 ) ) ;
#2626 = CARTESIAN_POINT ( 'NONE',  ( 49.59054777056510233, 69.54864996279485467, 19.50285005672181526 ) ) ;
#2627 = ORIENTED_EDGE ( 'NONE', *, *, #3125, .T. ) ;
#2628 = CARTESIAN_POINT ( 'NONE',  ( 49.63670876184499292, 69.54856644217198891, 18.89129360743330466 ) ) ;
#2629 = ORIENTED_EDGE ( 'NONE', *, *, #3156, .F. ) ;
#2630 = CARTESIAN_POINT ( 'NONE',  ( 50.82510280884648779, 69.43953282485863099, 2.837631308829065890 ) ) ;
#2631 = CARTESIAN_POINT ( 'NONE',  ( 56.59054777056510233, 51.14276721078237387, 2.804999999999597815 ) ) ;
#2632 = LINE ( 'NONE', #4272, #4740 ) ;
#2633 = ORIENTED_EDGE ( 'NONE', *, *, #2665, .F. ) ;
#2634 = CYLINDRICAL_SURFACE ( 'NONE', #4128, 7.000000000000000000 ) ;
#2635 = ORIENTED_EDGE ( 'NONE', *, *, #651, .F. ) ;
#2636 = DIRECTION ( 'NONE',  ( 1.000000000000000000, 0.000000000000000000, -6.938893903907229167E-15 ) ) ;
#2637 = FACE_OUTER_BOUND ( 'NONE', #49, .T. ) ;
#2638 = CARTESIAN_POINT ( 'NONE',  ( -1.053280084274853534, 6.072366805413268231, 14.74925449442041270 ) ) ;
#2639 =( BOUNDED_SURFACE ( )  B_SPLINE_SURFACE ( 2, 3, ( 
 ( #5117, #1941, #4715, #644 ),
 ( #2708, #1895, #4769, #3585 ),
 ( #2304, #1063, #3936, #3912 ) ),
 .UNSPECIFIED., .F., .F., .F. ) 
 B_SPLINE_SURFACE_WITH_KNOTS ( ( 3, 3 ),
 ( 4, 4 ),
 ( 0.000000000000000000, 1.000000000000000000 ),
 ( -0.001450000000000000334, 0.03045000000000000484 ),
 .UNSPECIFIED. ) 
 GEOMETRIC_REPRESENTATION_ITEM ( )  RATIONAL_B_SPLINE_SURFACE ( (
 ( 1.000000000000000000, 1.000000000000000000, 1.000000000000000000, 1.000000000000000000),
 ( 0.7071067811865474617, 0.7071067811865474617, 0.7071067811865474617, 0.7071067811865474617),
 ( 1.000000000000000000, 1.000000000000000000, 1.000000000000000000, 1.000000000000000000) ) ) 
 REPRESENTATION_ITEM ( '' )  SURFACE ( )  );
#2640 = CARTESIAN_POINT ( 'NONE',  ( 56.18908215517635085, 64.89377867344133222, 2.528064031055828664 ) ) ;
#2641 = ORIENTED_EDGE ( 'NONE', *, *, #2980, .T. ) ;
#2642 = CARTESIAN_POINT ( 'NONE',  ( 45.19436216970091635, 30.70864996279484771, 23.78100000000011960 ) ) ;
#2643 = EDGE_LOOP ( 'NONE', ( #4437, #3157, #5016, #2000 ) ) ;
#2644 = CARTESIAN_POINT ( 'NONE',  ( 40.47213933077453873, 69.91118256451100876, 11.05714787665896104 ) ) ;
#2645 = EDGE_CURVE ( 'NONE', #2604, #2427, #3098, .T. ) ;
#2646 = CARTESIAN_POINT ( 'NONE',  ( -2.051570716044220255, 5.030750044002923360, 14.05985165474606546 ) ) ;
#2647 = CARTESIAN_POINT ( 'NONE',  ( 50.72663823192716137, 69.45666816001987343, 2.837319267458412231 ) ) ;
#2648 = DIRECTION ( 'NONE',  ( -0.000000000000000000, -0.000000000000000000, -1.000000000000000000 ) ) ;
#2649 = ADVANCED_FACE ( 'NONE', ( #1136 ), #2282, .T. ) ;
#2650 = DIRECTION ( 'NONE',  ( -1.000000000000000000, -9.875726538627338513E-17, 0.000000000000000000 ) ) ;
#2651 = ORIENTED_EDGE ( 'NONE', *, *, #3347, .F. ) ;
#2652 = CARTESIAN_POINT ( 'NONE',  ( 50.21118500775725124, 69.52201709085341008, 18.93201126730904704 ) ) ;
#2653 = ORIENTED_EDGE ( 'NONE', *, *, #4253, .T. ) ;
#2654 = DIRECTION ( 'NONE',  ( 0.7042037807614112133, 0.7099979120823766143, 0.000000000000000000 ) ) ;
#2655 = FACE_OUTER_BOUND ( 'NONE', #5073, .T. ) ;
#2656 = DIRECTION ( 'NONE',  ( -6.991222571849442154E-15, 6.445834664451861014E-31, -1.000000000000000000 ) ) ;
#2657 = VECTOR ( 'NONE', #2325, 1000.000000000000000 ) ;
#2658 = EDGE_LOOP ( 'NONE', ( #5171, #202, #3609, #1309 ) ) ;
#2659 = CARTESIAN_POINT ( 'NONE',  ( -2.052726813893984481, 5.036364892464339604, 14.05458359997980544 ) ) ;
#2660 = AXIS2_PLACEMENT_3D ( 'NONE', #3984, #4438, #746 ) ;
#2661 = AXIS2_PLACEMENT_3D ( 'NONE', #4090, #5325, #4440 ) ;
#2662 = ORIENTED_EDGE ( 'NONE', *, *, #1602, .T. ) ;
#2663 = CARTESIAN_POINT ( 'NONE',  ( 56.59054777056510233, 51.14276721078237387, 17.80499999999959826 ) ) ;
#2664 = CARTESIAN_POINT ( 'NONE',  ( -0.9045649544980300938, 5.034277048551367706, 16.11124770174445331 ) ) ;
#2665 = EDGE_CURVE ( 'NONE', #4021, #4998, #3531, .T. ) ;
#2666 = EDGE_CURVE ( 'NONE', #5101, #1817, #5142, .T. ) ;
#2667 = VECTOR ( 'NONE', #4109, 1000.000000000000000 ) ;
#2668 = CARTESIAN_POINT ( 'NONE',  ( 56.03837050863357661, 65.27489090766415814, 2.841722687685622084 ) ) ;
#2669 = CIRCLE ( 'NONE', #3357, 1.729999999999999760 ) ;
#2670 = ORIENTED_EDGE ( 'NONE', *, *, #2018, .F. ) ;
#2671 = CARTESIAN_POINT ( 'NONE',  ( 56.01740662000829474, 65.32352046561541670, 19.60593378828988165 ) ) ;
#2672 = ORIENTED_EDGE ( 'NONE', *, *, #1044, .F. ) ;
#2673 = VECTOR ( 'NONE', #5304, 1000.000000000000000 ) ;
#2674 = VECTOR ( 'NONE', #4304, 1000.000000000000000 ) ;
#2675 = CARTESIAN_POINT ( 'NONE',  ( -0.9834647614237754798, 5.033116220728767409, 14.07363339975411343 ) ) ;
#2676 = CARTESIAN_POINT ( 'NONE',  ( 50.88578866677426049, 69.42783884235751657, 2.508361965626765944 ) ) ;
#2677 = CARTESIAN_POINT ( 'NONE',  ( 52.16438782148027542, 62.90437780148707958, 17.98000000000000398 ) ) ;
#2678 = AXIS2_PLACEMENT_3D ( 'NONE', #1439, #3863, #158 ) ;
#2679 = LINE ( 'NONE', #1060, #2657 ) ;
#2680 = ADVANCED_FACE ( 'NONE', ( #1494 ), #1540, .F. ) ;
#2681 = DIRECTION ( 'NONE',  ( 1.000000000000000000, 9.912705577010325549E-17, 0.000000000000000000 ) ) ;
#2682 = VECTOR ( 'NONE', #3272, 1000.000000000000000 ) ;
#2683 = CARTESIAN_POINT ( 'NONE',  ( 54.59054777056510233, 51.14276721078237387, 17.80499999999959826 ) ) ;
#2684 = DIRECTION ( 'NONE',  ( 0.000000000000000000, 0.000000000000000000, 1.000000000000000000 ) ) ;
#2685 = ORIENTED_EDGE ( 'NONE', *, *, #5104, .T. ) ;
#2686 = CARTESIAN_POINT ( 'NONE',  ( -1.069452229434900037, 53.59604800156340332, 2.203953938914656518 ) ) ;
#2687 = CARTESIAN_POINT ( 'NONE',  ( 58.46152273718727344, 65.65152472811719520, 23.77999999999959257 ) ) ;
#2688 = CARTESIAN_POINT ( 'NONE',  ( 50.71357312047589971, 69.99557759617133001, 17.98000000000902077 ) ) ;
#2689 = EDGE_LOOP ( 'NONE', ( #2981, #523 ) ) ;
#2690 = DIRECTION ( 'NONE',  ( 0.000000000000000000, 0.000000000000000000, -1.000000000000000000 ) ) ;
#2691 = ORIENTED_EDGE ( 'NONE', *, *, #1881, .T. ) ;
#2692 = CYLINDRICAL_SURFACE ( 'NONE', #5149, 1.000000000000000888 ) ;
#2693 = CARTESIAN_POINT ( 'NONE',  ( -0.7732225530397375257, 4.533838942288218377, 12.26976144878111263 ) ) ;
#2694 = CARTESIAN_POINT ( 'NONE',  ( -0.9630189517064708937, 5.327918045664867819, 12.58719511621589326 ) ) ;
#2695 = VECTOR ( 'NONE', #2617, 1000.000000000000000 ) ;
#2696 = CARTESIAN_POINT ( 'NONE',  ( 56.44844454160821812, 64.51327291568698286, 3.925120351825612808 ) ) ;
#2697 = EDGE_LOOP ( 'NONE', ( #1117, #4862, #182, #378 ) ) ;
#2698 = CARTESIAN_POINT ( 'NONE',  ( -1.069452229434893153, 28.84697162930884673, -1.934075827659565761 ) ) ;
#2699 = ORIENTED_EDGE ( 'NONE', *, *, #1147, .F. ) ;
#2700 = VECTOR ( 'NONE', #2654, 1000.000000000000114 ) ;
#2701 = CARTESIAN_POINT ( 'NONE',  ( -1.960092085124375938, 4.637473537064595419, 13.44897489888739628 ) ) ;
#2702 = CYLINDRICAL_SURFACE ( 'NONE', #2874, 6.548785911780550251 ) ;
#2703 = LINE ( 'NONE', #5090, #2228 ) ;
#2704 = FACE_OUTER_BOUND ( 'NONE', #1425, .T. ) ;
#2705 = CARTESIAN_POINT ( 'NONE',  ( 50.31597899756765457, 64.54633924311154658, 20.78000000000000469 ) ) ;
#2706 = CARTESIAN_POINT ( 'NONE',  ( 50.01909772725988290, 69.53670621032161137, 19.55702976561960327 ) ) ;
#2707 = EDGE_CURVE ( 'NONE', #3056, #1012, #234, .T. ) ;
#2708 = CARTESIAN_POINT ( 'NONE',  ( 58.69054777056512506, 72.30864996279485979, 25.22999999999959186 ) ) ;
#2709 = ORIENTED_EDGE ( 'NONE', *, *, #1044, .T. ) ;
#2710 = UNCERTAINTY_MEASURE_WITH_UNIT (LENGTH_MEASURE( 1.000000000000000082E-05 ), #2537, 'distance_accuracy_value', 'NONE');
#2711 = CARTESIAN_POINT ( 'NONE',  ( 56.59054777056510233, 62.54864996279484046, 3.096164997636416505 ) ) ;
#2712 = CARTESIAN_POINT ( 'NONE',  ( 58.69054777056512506, 72.30864996279485979, 14.59666666666626433 ) ) ;
#2713 = DIRECTION ( 'NONE',  ( -0.000000000000000000, -0.000000000000000000, 1.000000000000000000 ) ) ;
#2714 = ORIENTED_EDGE ( 'NONE', *, *, #4256, .T. ) ;
#2715 = CARTESIAN_POINT ( 'NONE',  ( 56.59054777056510233, 62.54864996279485467, 23.78000000000000114 ) ) ;
#2716 = AXIS2_PLACEMENT_3D ( 'NONE', #5290, #3250, #4893 ) ;
#2717 = ORIENTED_EDGE ( 'NONE', *, *, #1393, .T. ) ;
#2718 = LINE ( 'NONE', #4426, #681 ) ;
#2719 = CARTESIAN_POINT ( 'NONE',  ( -0.1749218214255143788, 3.123688329057861424, 12.84020773746100019 ) ) ;
#2720 = CYLINDRICAL_SURFACE ( 'NONE', #350, 2.000000000000000444 ) ;
#2721 = CARTESIAN_POINT ( 'NONE',  ( 56.05899518700309869, 65.22580183553168354, 3.175642553350705999 ) ) ;
#2722 = CARTESIAN_POINT ( 'NONE',  ( 57.39378101795496434, 65.35318926868377787, 17.60262884877290190 ) ) ;
#2723 = VERTEX_POINT ( 'NONE', #5170 ) ;
#2724 = CARTESIAN_POINT ( 'NONE',  ( 50.48997839700709989, 69.49182667410399006, 2.519239524731014868 ) ) ;
#2725 = FACE_OUTER_BOUND ( 'NONE', #3913, .T. ) ;
#2726 = FACE_OUTER_BOUND ( 'NONE', #5001, .T. ) ;
#2727 = CYLINDRICAL_SURFACE ( 'NONE', #4205, 7.000000000000000000 ) ;
#2728 = CARTESIAN_POINT ( 'NONE',  ( 58.69054777056490479, 4.048649962794850232, -5.220000000000410090 ) ) ;
#2729 = DIRECTION ( 'NONE',  ( -0.000000000000000000, -0.000000000000000000, -1.000000000000000000 ) ) ;
#2730 = ORIENTED_EDGE ( 'NONE', *, *, #911, .T. ) ;
#2731 = CARTESIAN_POINT ( 'NONE',  ( 56.59054777056508101, 55.10473346882302792, 8.781614844412246157 ) ) ;
#2732 = LINE ( 'NONE', #3568, #1042 ) ;
#2733 = CARTESIAN_POINT ( 'NONE',  ( 49.59054777056510233, 62.54864996279485467, 23.77999999999964942 ) ) ;
#2734 = ORIENTED_EDGE ( 'NONE', *, *, #4949, .F. ) ;
#2735 = DIRECTION ( 'NONE',  ( -1.000000000000000000, 0.000000000000000000, 0.000000000000000000 ) ) ;
#2736 = B_SPLINE_CURVE_WITH_KNOTS ( 'NONE', 3,
 ( #115, #1767, #3043, #5103, #5180, #3871, #1879, #4757, #1506, #630 ),
 .UNSPECIFIED., .F., .F.,
 ( 4, 2, 2, 2, 4 ),
 ( 0.000000000000000000, 0.2500000000000000000, 0.5000000000000000000, 0.7500000000000000000, 1.000000000000000000 ),
 .UNSPECIFIED. ) ;
#2737 = EDGE_CURVE ( 'NONE', #1527, #2259, #3876, .T. ) ;
#2738 = EDGE_LOOP ( 'NONE', ( #516, #3893, #2311, #3275, #991, #3742, #1058, #1102 ) ) ;
#2739 = DIRECTION ( 'NONE',  ( -0.000000000000000000, -0.000000000000000000, 1.000000000000000000 ) ) ;
#2740 = DIRECTION ( 'NONE',  ( -1.000000000000000000, 0.000000000000000000, 0.000000000000000000 ) ) ;
#2741 = CARTESIAN_POINT ( 'NONE',  ( -0.8787834518305378539, 4.921421911052236808, 16.15985519727569297 ) ) ;
#2742 = AXIS2_PLACEMENT_3D ( 'NONE', #1837, #149, #3477 ) ;
#2743 = EDGE_CURVE ( 'NONE', #4681, #315, #3181, .T. ) ;
#2744 = ADVANCED_FACE ( 'NONE', ( #1919 ), #2639, .T. ) ;
#2745 = VERTEX_POINT ( 'NONE', #1035 ) ;
#2746 = CARTESIAN_POINT ( 'NONE',  ( 57.60328615954080789, 63.49262896756103913, 4.742112492005760238 ) ) ;
#2747 = B_SPLINE_CURVE_WITH_KNOTS ( 'NONE', 3,
 ( #1655, #2500, #50, #3407, #4162, #3325, #2958, #5039 ),
 .UNSPECIFIED., .F., .F.,
 ( 4, 2, 2, 4 ),
 ( 0.000000000000000000, 0.0004121981457724116244, 0.0006182972186586278450, 0.0008243962915448440655 ),
 .UNSPECIFIED. ) ;
#2748 = CARTESIAN_POINT ( 'NONE',  ( 57.60336759254846584, 63.49490773424705736, 17.37263592893539865 ) ) ;
#2749 = ORIENTED_EDGE ( 'NONE', *, *, #2550, .T. ) ;
#2750 = CIRCLE ( 'NONE', #4714, 1.730000000000002425 ) ;
#2751 = EDGE_CURVE ( 'NONE', #4856, #1012, #5328, .T. ) ;
#2752 = CIRCLE ( 'NONE', #1100, 1.729999999999998872 ) ;
#2753 = CARTESIAN_POINT ( 'NONE',  ( 49.86331642888826110, 69.66665345638115525, 3.889562553490656160 ) ) ;
#2754 = CARTESIAN_POINT ( 'NONE',  ( 58.69054777056506111, 63.30864996279483847, 17.04536563142495353 ) ) ;
#2755 = CARTESIAN_POINT ( 'NONE',  ( 53.18454777056508220, 2.748649962794845969, 21.98000000000000398 ) ) ;
#2756 = VECTOR ( 'NONE', #4671, 1000.000000000000000 ) ;
#2757 = CARTESIAN_POINT ( 'NONE',  ( 50.59349104710815226, 70.07842291338312180, 17.75780528907392863 ) ) ;
#2758 = CARTESIAN_POINT ( 'NONE',  ( -0.4938797612818873750, 16.14602530996853247, -1.719999999999999751 ) ) ;
#2759 = AXIS2_PLACEMENT_3D ( 'NONE', #851, #4571, #2542 ) ;
#2760 = ORIENTED_EDGE ( 'NONE', *, *, #1379, .T. ) ;
#2761 = CARTESIAN_POINT ( 'NONE',  ( 56.59054777056509522, 61.98869841517436896, 18.59468483494355340 ) ) ;
#2762 = CARTESIAN_POINT ( 'NONE',  ( 49.69054777056489769, 72.30864996279485979, 3.963333333332963004 ) ) ;
#2763 = CARTESIAN_POINT ( 'NONE',  ( 52.85989129849798474, 69.33030600507123609, 17.97999999999999332 ) ) ;
#2764 = EDGE_LOOP ( 'NONE', ( #2889, #2959, #2651, #3835 ) ) ;
#2765 = EDGE_CURVE ( 'NONE', #3287, #1142, #686, .T. ) ;
#2766 = CARTESIAN_POINT ( 'NONE',  ( 0.1453074400395530652, 2.607700983890621327, 14.27187646748439853 ) ) ;
#2767 = ORIENTED_EDGE ( 'NONE', *, *, #4384, .T. ) ;
#2768 = LINE ( 'NONE', #1146, #1549 ) ;
#2769 = VECTOR ( 'NONE', #3844, 1000.000000000000000 ) ;
#2770 = CARTESIAN_POINT ( 'NONE',  ( -0.6840198422392801403, 3.048760894490032847, 14.19031211685187976 ) ) ;
#2771 = CARTESIAN_POINT ( 'NONE',  ( 51.90616697119239120, 69.17183568442790431, 3.169492512802361439 ) ) ;
#2772 = EDGE_CURVE ( 'NONE', #4493, #4308, #211, .T. ) ;
#2773 = AXIS2_PLACEMENT_3D ( 'NONE', #2733, #2656, #673 ) ;
#2774 = EDGE_CURVE ( 'NONE', #58, #2448, #699, .T. ) ;
#2775 = ORIENTED_EDGE ( 'NONE', *, *, #4084, .F. ) ;
#2776 = DIRECTION ( 'NONE',  ( 0.000000000000000000, -0.000000000000000000, -1.000000000000000000 ) ) ;
#2777 = CARTESIAN_POINT ( 'NONE',  ( 51.26142882793241995, 63.80733679503493505, 19.18000000000001037 ) ) ;
#2778 = CARTESIAN_POINT ( 'NONE',  ( 57.77213968233721886, 65.10125572029268426, 17.56959821262664079 ) ) ;
#2779 = ORIENTED_EDGE ( 'NONE', *, *, #264, .T. ) ;
#2780 = VECTOR ( 'NONE', #3323, 1000.000000000000000 ) ;
#2781 = CARTESIAN_POINT ( 'NONE',  ( 50.59983310073058504, 69.63380958128826137, 3.912928674509515314 ) ) ;
#2782 = EDGE_LOOP ( 'NONE', ( #3875, #2872, #2420, #3917, #5118, #1630 ) ) ;
#2783 = FACE_OUTER_BOUND ( 'NONE', #4006, .T. ) ;
#2784 = CARTESIAN_POINT ( 'NONE',  ( 0.5785477705650928781, 66.27464996279483955, 21.98000000000000398 ) ) ;
#2785 = CARTESIAN_POINT ( 'NONE',  ( 50.51219291972526548, 69.64305372514643011, 18.20658485232268120 ) ) ;
#2786 = DIRECTION ( 'NONE',  ( 1.000000000000000000, 0.000000000000000000, -6.938893903907222067E-15 ) ) ;
#2787 = ORIENTED_EDGE ( 'NONE', *, *, #3268, .F. ) ;
#2788 = CARTESIAN_POINT ( 'NONE',  ( 3.853361199954024929, 64.92715586414563234, 17.98000000000000398 ) ) ;
#2789 = CARTESIAN_POINT ( 'NONE',  ( 58.69054777056512506, 72.30864996279485979, 25.22999999999959186 ) ) ;
#2790 = ADVANCED_FACE ( 'NONE', ( #2357 ), #1467, .T. ) ;
#2791 = DIRECTION ( 'NONE',  ( 6.991222571849442154E-15, -6.445834664451860138E-31, 1.000000000000000000 ) ) ;
#2792 = EDGE_LOOP ( 'NONE', ( #4798, #4519, #4359, #5082 ) ) ;
#2793 = CARTESIAN_POINT ( 'NONE',  ( 0.03640659953514303881, 2.772020162425349987, 13.41307347931351579 ) ) ;
#2794 = EDGE_LOOP ( 'NONE', ( #1023, #1358 ) ) ;
#2795 = LINE ( 'NONE', #5255, #4900 ) ;
#2796 = CYLINDRICAL_SURFACE ( 'NONE', #171, 1.000000000000000666 ) ;
#2797 = CARTESIAN_POINT ( 'NONE',  ( 55.38240874151478721, 67.51275167125197640, 4.364078656387549771 ) ) ;
#2798 = VERTEX_POINT ( 'NONE', #4095 ) ;
#2799 = CARTESIAN_POINT ( 'NONE',  ( -0.7732225530263054925, 4.533838942243528791, 12.26976144877604824 ) ) ;
#2800 = CARTESIAN_POINT ( 'NONE',  ( 54.21497530241190077, 56.90412233242040685, -1.719999999999999751 ) ) ;
#2801 = CARTESIAN_POINT ( 'NONE',  ( 49.81040043674662599, 71.33059146416998431, 17.52696663497083662 ) ) ;
#2802 = CARTESIAN_POINT ( 'NONE',  ( 56.59045104927965042, 62.61104309509656218, 18.48204959936679970 ) ) ;
#2803 = EDGE_CURVE ( 'NONE', #1733, #345, #3211, .T. ) ;
#2804 = CARTESIAN_POINT ( 'NONE',  ( 50.95903778375031123, 70.77497092759726627, 4.509200825771080723 ) ) ;
#2805 = VERTEX_POINT ( 'NONE', #1542 ) ;
#2806 = CARTESIAN_POINT ( 'NONE',  ( 55.95362905989587432, 65.47043225971428626, 19.27224728503643902 ) ) ;
#2807 = CARTESIAN_POINT ( 'NONE',  ( 57.33534716078303006, 57.48627695265852111, 7.922047626806202558 ) ) ;
#2808 = CARTESIAN_POINT ( 'NONE',  ( 49.84398101451917995, 71.33504462258973433, 17.53021162930880905 ) ) ;
#2809 = EDGE_CURVE ( 'NONE', #1255, #1137, #4227, .T. ) ;
#2810 = ADVANCED_FACE ( 'NONE', ( #1568 ), #2813, .T. ) ;
#2811 = CARTESIAN_POINT ( 'NONE',  ( 41.05327369998362030, 70.16952681080077525, 9.720531064773643593 ) ) ;
#2812 = VERTEX_POINT ( 'NONE', #1138 ) ;
#2813 = PLANE ( 'NONE',  #2854 ) ;
#2814 = DIRECTION ( 'NONE',  ( -1.000000000000000000, 0.000000000000000000, 0.000000000000000000 ) ) ;
#2815 = CARTESIAN_POINT ( 'NONE',  ( 42.98487433577290062, 72.30864996279485979, 11.05714787712906322 ) ) ;
#2816 = ORIENTED_EDGE ( 'NONE', *, *, #2119, .F. ) ;
#2817 = CARTESIAN_POINT ( 'NONE',  ( -0.6115541596504305843, 4.055313754424656913, 12.28608737741085477 ) ) ;
#2818 = ORIENTED_EDGE ( 'NONE', *, *, #1975, .F. ) ;
#2819 = CARTESIAN_POINT ( 'NONE',  ( 53.43854777056508709, 66.12164996279483375, 21.98000000000000398 ) ) ;
#2820 = DIRECTION ( 'NONE',  ( 0.000000000000000000, 0.000000000000000000, 1.000000000000000000 ) ) ;
#2821 = CARTESIAN_POINT ( 'NONE',  ( -0.6926674208924736842, 3.055151975625518990, 14.39229616843094206 ) ) ;
#2822 = CARTESIAN_POINT ( 'NONE',  ( 55.92976647948473357, 65.52131922456985080, 2.508361965348510747 ) ) ;
#2823 = EDGE_LOOP ( 'NONE', ( #372, #4971 ) ) ;
#2824 = CARTESIAN_POINT ( 'NONE',  ( -1.870954632312122889, 4.405097718982541544, 13.31623991517821892 ) ) ;
#2825 = CARTESIAN_POINT ( 'NONE',  ( 56.58150301240700486, 62.90437722217290428, 19.13944521767515283 ) ) ;
#2826 = CARTESIAN_POINT ( 'NONE',  ( 41.97712272489305008, 70.29204575201048044, 14.01824295694187228 ) ) ;
#2827 = EDGE_CURVE ( 'NONE', #1187, #5112, #517, .T. ) ;
#2828 = CARTESIAN_POINT ( 'NONE',  ( 56.98035863596718542, 63.74044970694902901, 17.65010520249569481 ) ) ;
#2829 = EDGE_CURVE ( 'NONE', #4813, #4100, #1207, .T. ) ;
#2830 = CIRCLE ( 'NONE', #490, 5.280000000000002025 ) ;
#2831 = CIRCLE ( 'NONE', #4115, 6.999999999999999112 ) ;
#2832 = CARTESIAN_POINT ( 'NONE',  ( 50.25023493422418142, 71.08311241004453507, 4.526518004661604699 ) ) ;
#2833 = AXIS2_PLACEMENT_3D ( 'NONE', #3770, #4654, #4260 ) ;
#2834 = ORIENTED_EDGE ( 'NONE', *, *, #4665, .F. ) ;
#2835 = DIRECTION ( 'NONE',  ( 0.000000000000000000, -1.000000000000000000, 0.000000000000000000 ) ) ;
#2836 = CARTESIAN_POINT ( 'NONE',  ( 57.40876794046496201, 58.04127596770356945, 14.68786756106920954 ) ) ;
#2837 = CARTESIAN_POINT ( 'NONE',  ( 50.29461610533630278, 71.38146739085918568, 17.56847092768803265 ) ) ;
#2838 = EDGE_CURVE ( 'NONE', #4231, #2581, #4876, .T. ) ;
#2839 = VECTOR ( 'NONE', #4524, 1000.000000000000000 ) ;
#2840 = DIRECTION ( 'NONE',  ( 9.219896231606733138E-17, 1.000000000000000000, -0.000000000000000000 ) ) ;
#2841 = VERTEX_POINT ( 'NONE', #1188 ) ;
#2842 = FACE_OUTER_BOUND ( 'NONE', #78, .T. ) ;
#2843 = EDGE_CURVE ( 'NONE', #2349, #5254, #4419, .T. ) ;
#2844 = CARTESIAN_POINT ( 'NONE',  ( 56.59045104927965042, 62.61104309509656218, 18.48204959936679970 ) ) ;
#2845 = FACE_BOUND ( 'NONE', #2862, .T. ) ;
#2846 = ORIENTED_EDGE ( 'NONE', *, *, #5238, .F. ) ;
#2847 = CARTESIAN_POINT ( 'NONE',  ( -0.5326629028468888860, 3.848582339063977731, 16.19166312710767386 ) ) ;
#2848 = ORIENTED_EDGE ( 'NONE', *, *, #3525, .T. ) ;
#2849 = DIRECTION ( 'NONE',  ( -1.177133787269976313E-16, 1.000000000000000000, 1.467543896810033787E-30 ) ) ;
#2850 = DIRECTION ( 'NONE',  ( 0.000000000000000000, 0.000000000000000000, 1.000000000000000000 ) ) ;
#2851 = B_SPLINE_CURVE_WITH_KNOTS ( 'NONE', 3,
 ( #2864, #4495, #42, #2916 ),
 .UNSPECIFIED., .F., .F.,
 ( 4, 4 ),
 ( 0.7677712286698408217, 1.000000000000000000 ),
 .UNSPECIFIED. ) ;
#2852 = CARTESIAN_POINT ( 'NONE',  ( -0.4608810258885160382, 3.661738929169059631, 15.22897398130536217 ) ) ;
#2853 = CARTESIAN_POINT ( 'NONE',  ( 50.59983310073057794, 69.63380958128824716, 3.912928674509511318 ) ) ;
#2854 = AXIS2_PLACEMENT_3D ( 'NONE', #311, #5220, #3184 ) ;
#2855 = ORIENTED_EDGE ( 'NONE', *, *, #2439, .F. ) ;
#2856 = LINE ( 'NONE', #4925, #1373 ) ;
#2857 = CARTESIAN_POINT ( 'NONE',  ( 57.53661953042444566, 66.00789582045203474, 4.508361965348516520 ) ) ;
#2858 = CARTESIAN_POINT ( 'NONE',  ( 16.19436216970090925, 59.30864996279485979, 23.78100000000031855 ) ) ;
#2859 = CARTESIAN_POINT ( 'NONE',  ( 58.69154777056515115, 19.66878429235579873, 1.831980111264210453 ) ) ;
#2860 = VECTOR ( 'NONE', #3433, 1000.000000000000000 ) ;
#2861 = CARTESIAN_POINT ( 'NONE',  ( 50.76329581267215474, 70.78409630540569708, 4.506213775090605722 ) ) ;
#2862 = EDGE_LOOP ( 'NONE', ( #3242, #4720 ) ) ;
#2863 = CARTESIAN_POINT ( 'NONE',  ( 51.42779945069585068, 69.31114092524559567, 19.60593378890962413 ) ) ;
#2864 = CARTESIAN_POINT ( 'NONE',  ( 58.69054777056506111, 63.30864996279483847, 17.04536563142495353 ) ) ;
#2865 = CARTESIAN_POINT ( 'NONE',  ( 39.25246924285213623, 69.54864996279485467, 11.05714787712907388 ) ) ;
#2866 = CARTESIAN_POINT ( 'NONE',  ( -1.468428111994602325, 3.772304025831217267, 15.22848251275513043 ) ) ;
#2867 = ORIENTED_EDGE ( 'NONE', *, *, #4352, .T. ) ;
#2868 = DIRECTION ( 'NONE',  ( -1.000000000000000000, 1.982541115402065307E-15, 0.000000000000000000 ) ) ;
#2869 = CARTESIAN_POINT ( 'NONE',  ( 14.68632900351068393, 16.84864996279485894, 23.78100000000032921 ) ) ;
#2870 = LINE ( 'NONE', #1974, #92 ) ;
#2871 = EDGE_CURVE ( 'NONE', #1874, #4188, #783, .T. ) ;
#2872 = ORIENTED_EDGE ( 'NONE', *, *, #3156, .T. ) ;
#2873 = LINE ( 'NONE', #3591, #2673 ) ;
#2874 = AXIS2_PLACEMENT_3D ( 'NONE', #2216, #1914, #4706 ) ;
#2875 = ORIENTED_EDGE ( 'NONE', *, *, #1789, .F. ) ;
#2876 = CARTESIAN_POINT ( 'NONE',  ( 52.20117464370587612, 62.90437780148707958, 20.78000000000000469 ) ) ;
#2877 = CARTESIAN_POINT ( 'NONE',  ( 56.11626172553999226, 68.30739064456352594, 17.60593378891075389 ) ) ;
#2878 = CARTESIAN_POINT ( 'NONE',  ( -0.4912733538541395051, 3.733277817496952977, 15.25781938595360288 ) ) ;
#2879 = ORIENTED_EDGE ( 'NONE', *, *, #3901, .T. ) ;
#2880 = CARTESIAN_POINT ( 'NONE',  ( 51.98978976513782158, 69.14133578573714090, 2.838176193652489854 ) ) ;
#2881 = ORIENTED_EDGE ( 'NONE', *, *, #3614, .F. ) ;
#2882 = CARTESIAN_POINT ( 'NONE',  ( 51.77031235669095111, 66.57978815580672460, 21.38000000000000256 ) ) ;
#2883 = EDGE_CURVE ( 'NONE', #2226, #4828, #424, .T. ) ;
#2884 = DIRECTION ( 'NONE',  ( 1.000000000000000000, 0.000000000000000000, 0.000000000000000000 ) ) ;
#2885 = CARTESIAN_POINT ( 'NONE',  ( 56.59054777056510233, 52.71776721078237671, 13.37999999999961176 ) ) ;
#2886 = CARTESIAN_POINT ( 'NONE',  ( 49.81040043674662599, 71.33059146416998431, 17.52696663497083662 ) ) ;
#2887 = AXIS2_PLACEMENT_3D ( 'NONE', #4865, #3634, #5264 ) ;
#2888 = DIRECTION ( 'NONE',  ( -0.7071067811865464625, -0.7071067811865486830, 0.000000000000000000 ) ) ;
#2889 = ORIENTED_EDGE ( 'NONE', *, *, #476, .F. ) ;
#2890 = DIRECTION ( 'NONE',  ( 1.000000000000000000, 0.000000000000000000, -7.000848313763543818E-15 ) ) ;
#2891 = CARTESIAN_POINT ( 'NONE',  ( 57.58466017740142462, 59.34748760025673420, 6.441026246270694422 ) ) ;
#2892 = CARTESIAN_POINT ( 'NONE',  ( 44.69417305452240186, 69.61304957225127055, 17.18851743465075543 ) ) ;
#2893 = CARTESIAN_POINT ( 'NONE',  ( -2.969452229435093571, 72.30864996279485979, -5.219999999999979323 ) ) ;
#2894 = DIRECTION ( 'NONE',  ( 0.000000000000000000, 0.000000000000000000, 1.000000000000000000 ) ) ;
#2895 = LINE ( 'NONE', #1306, #325 ) ;
#2896 = FACE_BOUND ( 'NONE', #593, .T. ) ;
#2897 = ADVANCED_FACE ( 'NONE', ( #5275 ), #392, .T. ) ;
#2898 = ORIENTED_EDGE ( 'NONE', *, *, #4217, .T. ) ;
#2899 = CARTESIAN_POINT ( 'NONE',  ( 5.930547770565103072, 69.54864996279485467, 15.35159614773916381 ) ) ;
#2900 = ORIENTED_EDGE ( 'NONE', *, *, #833, .T. ) ;
#2901 = CARTESIAN_POINT ( 'NONE',  ( 53.43854777056508709, 66.12164996279483375, 17.98000000000000398 ) ) ;
#2902 = CARTESIAN_POINT ( 'NONE',  ( -0.2221066392733096473, 3.169664984191706392, 14.78774348511317704 ) ) ;
#2903 = ORIENTED_EDGE ( 'NONE', *, *, #1054, .T. ) ;
#2904 = CARTESIAN_POINT ( 'NONE',  ( 57.81902141271000772, 66.19449986652465157, 4.508361965348511191 ) ) ;
#2905 = DIRECTION ( 'NONE',  ( 1.000000000000000000, 0.000000000000000000, 0.000000000000000000 ) ) ;
#2906 = EDGE_CURVE ( 'NONE', #3073, #86, #4127, .T. ) ;
#2907 = ORIENTED_EDGE ( 'NONE', *, *, #4266, .T. ) ;
#2908 = FACE_OUTER_BOUND ( 'NONE', #1441, .T. ) ;
#2909 = DIRECTION ( 'NONE',  ( 6.938893903907222067E-15, 0.000000000000000000, 1.000000000000000000 ) ) ;
#2910 = FACE_OUTER_BOUND ( 'NONE', #1679, .T. ) ;
#2911 = ADVANCED_FACE ( 'NONE', ( #2842, #726, #2386 ), #4015, .T. ) ;
#2912 = PLANE ( 'NONE',  #5251 ) ;
#2913 = CARTESIAN_POINT ( 'NONE',  ( 5.830547770565105203, 4.448649962794835488, 17.98000000000000398 ) ) ;
#2914 = ORIENTED_EDGE ( 'NONE', *, *, #3434, .T. ) ;
#2915 = CARTESIAN_POINT ( 'NONE',  ( 52.81642487391737006, 68.97362452208766115, 18.19503342001011603 ) ) ;
#2916 = CARTESIAN_POINT ( 'NONE',  ( 58.69054777056511085, 63.30864996279486689, 23.77999999999959257 ) ) ;
#2917 = CARTESIAN_POINT ( 'NONE',  ( 3.861771500073979180, 62.92717354751083292, 17.98000000000000398 ) ) ;
#2918 = EDGE_CURVE ( 'NONE', #5112, #5047, #367, .T. ) ;
#2919 = CARTESIAN_POINT ( 'NONE',  ( 40.71145908110358391, 69.71417140523115563, 8.799325826489809543 ) ) ;
#2920 = VECTOR ( 'NONE', #387, 1000.000000000000000 ) ;
#2921 = CARTESIAN_POINT ( 'NONE',  ( -0.9297913113404443486, 3.239694448987832320, 13.65870077615587697 ) ) ;
#2922 = CARTESIAN_POINT ( 'NONE',  ( 56.66214058807180720, 60.78324738333051869, 4.730370664826893723 ) ) ;
#2923 = AXIS2_PLACEMENT_3D ( 'NONE', #1081, #664, #1004 ) ;
#2924 = CARTESIAN_POINT ( 'NONE',  ( 40.19436216970091635, 59.30864996279485979, 23.78100000000015157 ) ) ;
#2925 = CARTESIAN_POINT ( 'NONE',  ( 58.07309700619374127, 63.06187792928205482, 17.15564806922113306 ) ) ;
#2926 = CARTESIAN_POINT ( 'NONE',  ( 56.57070447050518425, 63.11071531008337132, 18.62486496194059882 ) ) ;
#2927 = ORIENTED_EDGE ( 'NONE', *, *, #3310, .T. ) ;
#2928 = FACE_OUTER_BOUND ( 'NONE', #2792, .T. ) ;
#2929 = CIRCLE ( 'NONE', #1972, 6.999999999999999112 ) ;
#2930 = EDGE_LOOP ( 'NONE', ( #3784, #1278, #3429, #1113 ) ) ;
#2931 = CARTESIAN_POINT ( 'NONE',  ( 51.89054777056512080, 6.448649962794850587, 17.98000000000000398 ) ) ;
#2932 = CIRCLE ( 'NONE', #4807, 5.280000000000002025 ) ;
#2933 = CARTESIAN_POINT ( 'NONE',  ( 0.06021259850240825301, 2.734907485560050144, 15.04529050744343976 ) ) ;
#2934 = ORIENTED_EDGE ( 'NONE', *, *, #1539, .T. ) ;
#2935 = PRODUCT_CONTEXT ( 'NONE', #2043, 'mechanical' ) ;
#2936 = CARTESIAN_POINT ( 'NONE',  ( 2.054547770565087639, 2.926649962794846349, 21.98000000000000398 ) ) ;
#2937 = AXIS2_PLACEMENT_3D ( 'NONE', #3548, #1902, #5176 ) ;
#2938 = ORIENTED_EDGE ( 'NONE', *, *, #656, .F. ) ;
#2939 = CARTESIAN_POINT ( 'NONE',  ( 50.91505989697791534, 69.42219836423828383, 2.508361965348510303 ) ) ;
#2940 = DIRECTION ( 'NONE',  ( -1.417537645744462221E-16, -1.000000000000000000, 0.000000000000000000 ) ) ;
#2941 = VECTOR ( 'NONE', #3084, 1000.000000000000000 ) ;
#2942 = DIRECTION ( 'NONE',  ( -1.000000000000000000, -9.875726538627338513E-17, 0.000000000000000000 ) ) ;
#2943 = AXIS2_PLACEMENT_3D ( 'NONE', #1085, #2684, #4392 ) ;
#2944 = CARTESIAN_POINT ( 'NONE',  ( 49.79223218185187960, 69.54643591623668897, 19.53039623555997650 ) ) ;
#2945 = EDGE_CURVE ( 'NONE', #1709, #5101, #5202, .T. ) ;
#2946 = EDGE_CURVE ( 'NONE', #5269, #2167, #3951, .T. ) ;
#2947 = FACE_OUTER_BOUND ( 'NONE', #3353, .T. ) ;
#2948 = ORIENTED_EDGE ( 'NONE', *, *, #591, .F. ) ;
#2949 = CARTESIAN_POINT ( 'NONE',  ( 53.03159257577991781, 69.36553634423010806, 17.75241737153396926 ) ) ;
#2950 = DIRECTION ( 'NONE',  ( -6.982962677686266711E-15, 0.000000000000000000, -1.000000000000000000 ) ) ;
#2951 = CYLINDRICAL_SURFACE ( 'NONE', #2833, 6.999999999999999112 ) ;
#2952 = CARTESIAN_POINT ( 'NONE',  ( 42.33964474542482748, 69.76943358773375792, 15.33246066380533712 ) ) ;
#2953 = CARTESIAN_POINT ( 'NONE',  ( -0.7458897003543725202, 4.445549690414771327, 15.23003618885020849 ) ) ;
#2954 = CARTESIAN_POINT ( 'NONE',  ( 56.62042899007066410, 55.72754589458529040, 13.06719101936655214 ) ) ;
#2955 = FACE_OUTER_BOUND ( 'NONE', #3482, .T. ) ;
#2956 = CARTESIAN_POINT ( 'NONE',  ( 57.81902141270999351, 66.19449986652466578, 4.508361965348512967 ) ) ;
#2957 = ORIENTED_EDGE ( 'NONE', *, *, #3755, .F. ) ;
#2958 = CARTESIAN_POINT ( 'NONE',  ( 50.64556355706725554, 70.00539064048504656, 17.98000000000902432 ) ) ;
#2959 = ORIENTED_EDGE ( 'NONE', *, *, #4325, .F. ) ;
#2960 = EDGE_CURVE ( 'NONE', #1180, #1282, #1217, .T. ) ;
#2961 = DIRECTION ( 'NONE',  ( -0.000000000000000000, -0.000000000000000000, 1.000000000000000000 ) ) ;
#2962 = VECTOR ( 'NONE', #469, 1000.000000000000000 ) ;
#2963 = CARTESIAN_POINT ( 'NONE',  ( 50.07092671629479952, 69.54864996279485467, 2.542723209411110297 ) ) ;
#2964 = ORIENTED_EDGE ( 'NONE', *, *, #2906, .F. ) ;
#2965 = DIRECTION ( 'NONE',  ( 1.000000000000000000, 0.000000000000000000, 0.000000000000000000 ) ) ;
#2966 = ORIENTED_EDGE ( 'NONE', *, *, #1252, .F. ) ;
#2967 = PLANE ( 'NONE',  #411 ) ;
#2968 = CARTESIAN_POINT ( 'NONE',  ( 56.59054777056510233, 62.57984952277895019, 3.364148305203742417 ) ) ;
#2969 = CARTESIAN_POINT ( 'NONE',  ( 54.59054777056510233, 50.14276721078237387, 17.80499999999959826 ) ) ;
#2970 = EDGE_CURVE ( 'NONE', #2259, #1653, #4157, .T. ) ;
#2971 = DIRECTION ( 'NONE',  ( -0.000000000000000000, -0.000000000000000000, -1.000000000000000000 ) ) ;
#2972 = ORIENTED_EDGE ( 'NONE', *, *, #1881, .F. ) ;
#2973 = PLANE ( 'NONE',  #1621 ) ;
#2974 = CARTESIAN_POINT ( 'NONE',  ( 44.87845732035582103, 69.86072398071375744, 16.83041910374664596 ) ) ;
#2975 = ADVANCED_FACE ( 'NONE', ( #3321 ), #4551, .T. ) ;
#2976 = CARTESIAN_POINT ( 'NONE',  ( 45.77486071762132269, 70.79555155554852774, 5.521972483370552354 ) ) ;
#2977 = CARTESIAN_POINT ( 'NONE',  ( 57.07773417657607240, 57.42084252390327492, 14.54659766554467737 ) ) ;
#2978 = LINE ( 'NONE', #4605, #3003 ) ;
#2979 = CARTESIAN_POINT ( 'NONE',  ( 53.18454777056508220, 2.748649962794845969, 17.98000000000000398 ) ) ;
#2980 = EDGE_CURVE ( 'NONE', #2478, #3168, #1777, .T. ) ;
#2981 = ORIENTED_EDGE ( 'NONE', *, *, #4321, .T. ) ;
#2982 = CARTESIAN_POINT ( 'NONE',  ( 3.066794464307396773, 68.93616773971304212, 11.59995596549655872 ) ) ;
#2983 = ORIENTED_EDGE ( 'NONE', *, *, #493, .T. ) ;
#2984 = DIRECTION ( 'NONE',  ( -1.000000000000000000, 0.000000000000000000, 0.000000000000000000 ) ) ;
#2985 = CARTESIAN_POINT ( 'NONE',  ( 56.59054777056510233, 62.54864996279485467, 3.096164997636416505 ) ) ;
#2986 = ORIENTED_EDGE ( 'NONE', *, *, #4800, .T. ) ;
#2987 = CARTESIAN_POINT ( 'NONE',  ( 57.53170337265009948, 66.80477001129109738, 4.508361965348510303 ) ) ;
#2988 = PLANE ( 'NONE',  #2507 ) ;
#2989 = VERTEX_POINT ( 'NONE', #1305 ) ;
#2990 = CARTESIAN_POINT ( 'NONE',  ( -2.969452229435048274, 19.66878429235580583, 1.831980111264641220 ) ) ;
#2991 = CARTESIAN_POINT ( 'NONE',  ( 0.5061202387181135132, 16.14602530996853247, -1.719999999999999751 ) ) ;
#2992 = DIRECTION ( 'NONE',  ( -1.000000000000000000, 0.000000000000000000, 0.000000000000000000 ) ) ;
#2993 = B_SPLINE_CURVE_WITH_KNOTS ( 'NONE', 5,
 ( #89, #850, #9, #2101, #1744, #3281 ),
 .UNSPECIFIED., .F., .F.,
 ( 6, 6 ),
 ( 0.000000000000000000, 0.4662700683644361299 ),
 .UNSPECIFIED. ) ;
#2994 = FACE_OUTER_BOUND ( 'NONE', #111, .T. ) ;
#2995 = EDGE_LOOP ( 'NONE', ( #4164, #4639, #1657, #3666 ) ) ;
#2996 = CARTESIAN_POINT ( 'NONE',  ( 14.68632900351048143, 13.44864996279486213, -5.220000000000101892 ) ) ;
#2997 = DIRECTION ( 'NONE',  ( -1.000000000000000000, 0.000000000000000000, 0.000000000000000000 ) ) ;
#2998 = CARTESIAN_POINT ( 'NONE',  ( 45.08396749732658293, 70.51209115202658495, 5.604936923475889010 ) ) ;
#2999 = CARTESIAN_POINT ( 'NONE',  ( -1.734215862480779524, 4.145171998274064684, 15.26402457244365252 ) ) ;
#3000 = CARTESIAN_POINT ( 'NONE',  ( 57.21507828480510227, 57.51334783958917285, 14.48682378136286886 ) ) ;
#3001 = DIRECTION ( 'NONE',  ( 0.000000000000000000, 0.000000000000000000, 1.000000000000000000 ) ) ;
#3002 = DIRECTION ( 'NONE',  ( -0.000000000000000000, -0.000000000000000000, -1.000000000000000000 ) ) ;
#3003 = VECTOR ( 'NONE', #919, 1000.000000000000000 ) ;
#3004 = ORIENTED_EDGE ( 'NONE', *, *, #4867, .T. ) ;
#3005 = CARTESIAN_POINT ( 'NONE',  ( 3.251918809706409341, 69.01628817704418850, 8.921728776030336761 ) ) ;
#3006 = EDGE_CURVE ( 'NONE', #1443, #126, #4829, .T. ) ;
#3007 = ORIENTED_EDGE ( 'NONE', *, *, #3133, .F. ) ;
#3008 = FACE_OUTER_BOUND ( 'NONE', #193, .T. ) ;
#3009 = CIRCLE ( 'NONE', #5318, 6.999999999999999112 ) ;
#3010 = LINE ( 'NONE', #1415, #3715 ) ;
#3011 = ORIENTED_EDGE ( 'NONE', *, *, #2489, .F. ) ;
#3012 = CARTESIAN_POINT ( 'NONE',  ( 0.000000000000000000, 0.000000000000000000, 0.000000000000000000 ) ) ;
#3013 = PLANE ( 'NONE',  #3178 ) ;
#3014 = ORIENTED_EDGE ( 'NONE', *, *, #3458, .T. ) ;
#3015 = AXIS2_PLACEMENT_3D ( 'NONE', #1634, #2126, #823 ) ;
#3016 = CARTESIAN_POINT ( 'NONE',  ( 51.92823289949234322, 72.02603289942079812, 4.508361965348512079 ) ) ;
#3017 = DIRECTION ( 'NONE',  ( -1.000000000000000000, 0.000000000000000000, 0.000000000000000000 ) ) ;
#3018 = CARTESIAN_POINT ( 'NONE',  ( 49.59054777056510233, 69.54864996279485467, 19.50285005672181526 ) ) ;
#3019 =( BOUNDED_SURFACE ( )  B_SPLINE_SURFACE ( 3, 2, ( 
 ( #654, #5128, #2693 ),
 ( #1446, #5229, #1878 ),
 ( #4804, #1951, #3519 ),
 ( #3091, #629, #4377 ),
 ( #3597, #683, #1551 ),
 ( #4756, #2368, #1074 ),
 ( #1148, #3997, #295 ),
 ( #3922, #4726, #221 ),
 ( #4404, #1047, #2719 ),
 ( #4779, #2343, #3947 ),
 ( #246, #1907, #3552 ),
 ( #5203, #5179, #1525 ),
 ( #1094, #1505, #3977 ),
 ( #3192, #734, #272 ),
 ( #1119, #1929, #3575 ),
 ( #2770, #3162, #4832 ),
 ( #2477, #3732, #3628 ),
 ( #2821, #4561, #875 ),
 ( #1983, #1600, #4 ),
 ( #3274, #2902, #2933 ),
 ( #4104, #2535, #818 ),
 ( #4054, #1228, #1577 ),
 ( #5310, #4453, #764 ),
 ( #323, #2852, #1281 ),
 ( #4484, #2878, #2425 ),
 ( #4510, #375, #5258 ),
 ( #400, #4920, #2011 ),
 ( #2452, #31, #793 ) ),
 .UNSPECIFIED., .F., .F., .F. ) 
 B_SPLINE_SURFACE_WITH_KNOTS ( ( 4, 2, 2, 2, 2, 2, 2, 2, 2, 2, 2, 2, 2, 4 ),
 ( 3, 3 ),
 ( 0.006439906477546018804, 0.007244894787244470988, 0.007647388942093697080, 0.008049883096942923172, 0.008452377251792150131, 0.008854871406641375356, 0.009257365561490600581, 0.009659859716339827540, 0.01006235387118905450, 0.01046484802603827972, 0.01126983633573673191, 0.01167233049058595887, 0.01207482464543518583, 0.01287981295513363801 ),
 ( 0.000000000000000000, 1.000000000000000000 ),
 .UNSPECIFIED. ) 
 GEOMETRIC_REPRESENTATION_ITEM ( )  RATIONAL_B_SPLINE_SURFACE ( (
 ( 1.000000000000000000, 0.6969924996228303860, 1.000000000000000000),
 ( 1.000000000000000000, 0.7091529497614572630, 1.000000000000000000),
 ( 1.000000000000000000, 0.7257087939806307064, 1.000000000000000000),
 ( 1.000000000000000000, 0.7530849981538093596, 1.000000000000000000),
 ( 1.000000000000000000, 0.7627792614391651904, 1.000000000000000000),
 ( 1.000000000000000000, 0.7822035626697544375, 1.000000000000000000),
 ( 1.000000000000000000, 0.7919063006814086592, 1.000000000000000000),
 ( 1.000000000000000000, 0.8108966235450323357, 1.000000000000000000),
 ( 1.000000000000000000, 0.8202724896587512138, 1.000000000000000000),
 ( 1.000000000000000000, 0.8375795536156822596, 1.000000000000000000),
 ( 1.000000000000000000, 0.8455582890798023499, 1.000000000000000000),
 ( 1.000000000000000000, 0.8597871736835041023, 1.000000000000000000),
 ( 1.000000000000000000, 0.8660863585730947944, 1.000000000000000000),
 ( 1.000000000000000000, 0.8759440008970669211, 1.000000000000000000),
 ( 1.000000000000000000, 0.8795783395902322388, 1.000000000000000000),
 ( 1.000000000000000000, 0.8838544071403061642, 1.000000000000000000),
 ( 1.000000000000000000, 0.8844034910453483223, 1.000000000000000000),
 ( 1.000000000000000000, 0.8823901931820322675, 1.000000000000000000),
 ( 1.000000000000000000, 0.8797605357256675918, 1.000000000000000000),
 ( 1.000000000000000000, 0.8677872361203597951, 1.000000000000000000),
 ( 1.000000000000000000, 0.8541868248590720469, 1.000000000000000000),
 ( 1.000000000000000000, 0.8294706210971624083, 1.000000000000000000),
 ( 1.000000000000000000, 0.8204397881345915078, 1.000000000000000000),
 ( 1.000000000000000000, 0.8018456147393657751, 1.000000000000000000),
 ( 1.000000000000000000, 0.7922054904782893647, 1.000000000000000000),
 ( 1.000000000000000000, 0.7628333980403826375, 1.000000000000000000),
 ( 1.000000000000000000, 0.7435169455685147755, 1.000000000000000000),
 ( 1.000000000000000000, 0.7265259832920890615, 1.000000000000000000) ) ) 
 REPRESENTATION_ITEM ( '' )  SURFACE ( )  );
#3020 = CARTESIAN_POINT ( 'NONE',  ( 56.44803593543066711, 63.99166172417579190, 2.978059028898456528 ) ) ;
#3021 = ORIENTED_EDGE ( 'NONE', *, *, #3740, .T. ) ;
#3022 = CARTESIAN_POINT ( 'NONE',  ( 45.19436216970071740, 54.30864996279486689, -3.720000000000316831 ) ) ;
#3023 = CARTESIAN_POINT ( 'NONE',  ( 8.259691434521279518, 72.30864996279485979, 9.113084999999994551 ) ) ;
#3024 = VECTOR ( 'NONE', #2414, 1000.000000000000000 ) ;
#3025 = CARTESIAN_POINT ( 'NONE',  ( 42.55105435008488968, 70.08950746330144455, 15.13277410783583576 ) ) ;
#3026 = CARTESIAN_POINT ( 'NONE',  ( 46.24003664608566311, 70.85712258589144596, 5.352108102450378269 ) ) ;
#3027 = CARTESIAN_POINT ( 'NONE',  ( 56.59054777056509522, 61.98869839384668268, 3.519610827753057780 ) ) ;
#3028 = DIRECTION ( 'NONE',  ( 6.991222571849442154E-15, -6.445834664451861014E-31, 1.000000000000000000 ) ) ;
#3029 = CARTESIAN_POINT ( 'NONE',  ( 11.19436216970091458, 54.30864996279486689, 23.78100000000035408 ) ) ;
#3030 = VERTEX_POINT ( 'NONE', #1676 ) ;
#3031 = CARTESIAN_POINT ( 'NONE',  ( 50.79698339831850262, 69.44455404073629268, 19.27686720573128554 ) ) ;
#3032 = AXIS2_PLACEMENT_3D ( 'NONE', #55, #3385, #4246 ) ;
#3033 = VERTEX_POINT ( 'NONE', #1272 ) ;
#3034 = DIRECTION ( 'NONE',  ( 1.000000000000000000, 0.000000000000000000, -0.000000000000000000 ) ) ;
#3035 = CYLINDRICAL_SURFACE ( 'NONE', #5237, 1.729999999999999760 ) ;
#3036 = AXIS2_PLACEMENT_3D ( 'NONE', #2497, #2791, #1620 ) ;
#3037 = PLANE ( 'NONE',  #4053 ) ;
#3038 = ORIENTED_EDGE ( 'NONE', *, *, #4409, .T. ) ;
#3039 = CARTESIAN_POINT ( 'NONE',  ( -2.039153867534240216, 4.948042374806458810, 13.80297705866642843 ) ) ;
#3040 = ORIENTED_EDGE ( 'NONE', *, *, #5083, .F. ) ;
#3041 = DIRECTION ( 'NONE',  ( -1.000000000000000000, 0.000000000000000000, 0.000000000000000000 ) ) ;
#3042 = DIRECTION ( 'NONE',  ( -1.000000000000000000, 0.000000000000000000, 0.000000000000000000 ) ) ;
#3043 = CARTESIAN_POINT ( 'NONE',  ( 52.68956099878337085, 71.02820779301183052, 4.508361965348512967 ) ) ;
#3044 = EDGE_CURVE ( 'NONE', #456, #2299, #457, .T. ) ;
#3045 = ADVANCED_FACE ( 'NONE', ( #2574 ), #4238, .F. ) ;
#3046 = B_SPLINE_CURVE_WITH_KNOTS ( 'NONE', 3,
 ( #678, #3894, #1013, #3087, #3972, #4695, #3039, #2659, #1392, #1501, #269, #1848, #4300, #194, #4722, #1041, #3135, #4775 ),
 .UNSPECIFIED., .F., .F.,
 ( 4, 2, 2, 2, 2, 2, 2, 2, 4 ),
 ( 0.003655665165329364565, 0.004052038318160672281, 0.004448411470991980865, 0.004844784623823288582, 0.005241157776654596298, 0.005637530929485904882, 0.006033904082317212599, 0.006430277235148520315, 0.006826650387979828899 ),
 .UNSPECIFIED. ) ;
#3047 = CARTESIAN_POINT ( 'NONE',  ( 56.32567977339651577, 64.47331268984238761, 3.218122528217082667 ) ) ;
#3048 = ORIENTED_EDGE ( 'NONE', *, *, #2960, .T. ) ;
#3049 = CARTESIAN_POINT ( 'NONE',  ( 56.03841453765711833, 65.27478923275320710, 19.27257363198237528 ) ) ;
#3050 = ORIENTED_EDGE ( 'NONE', *, *, #2042, .F. ) ;
#3051 = CARTESIAN_POINT ( 'NONE',  ( 40.58182254704573211, 70.01617220505188754, 11.05714787689364798 ) ) ;
#3052 = CARTESIAN_POINT ( 'NONE',  ( -1.029490230125878814, 5.799249696259018982, 15.40755249782414538 ) ) ;
#3053 = CARTESIAN_POINT ( 'NONE',  ( 49.62015806335930534, 69.54864996279486888, 2.607209681339056395 ) ) ;
#3054 = CARTESIAN_POINT ( 'NONE',  ( 56.59054777056510943, 60.37440920563681601, 18.28150120675375945 ) ) ;
#3055 = LINE ( 'NONE', #3454, #3595 ) ;
#3056 = VERTEX_POINT ( 'NONE', #2527 ) ;
#3057 = CARTESIAN_POINT ( 'NONE',  ( 49.83743422017779778, 69.54485477252792691, 18.90891789552437174 ) ) ;
#3058 = EDGE_LOOP ( 'NONE', ( #1591, #2065 ) ) ;
#3059 = DIRECTION ( 'NONE',  ( 1.000000000000000000, 0.000000000000000000, 0.000000000000000000 ) ) ;
#3060 = EDGE_CURVE ( 'NONE', #3733, #1823, #3694, .T. ) ;
#3061 = CARTESIAN_POINT ( 'NONE',  ( 56.59054777056510233, 49.56776721078237813, 13.38000000000004341 ) ) ;
#3062 = ADVANCED_FACE ( 'NONE', ( #2955 ), #978, .T. ) ;
#3063 = LINE ( 'NONE', #4669, #176 ) ;
#3064 = ORIENTED_EDGE ( 'NONE', *, *, #994, .F. ) ;
#3065 = CARTESIAN_POINT ( 'NONE',  ( 3.861771500073979180, 62.92717354751083292, 17.98000000000000398 ) ) ;
#3066 = ORIENTED_EDGE ( 'NONE', *, *, #2370, .F. ) ;
#3067 = CARTESIAN_POINT ( 'NONE',  ( 49.89054777056510659, 67.00987496866763138, 21.98000000000000398 ) ) ;
#3068 = CARTESIAN_POINT ( 'NONE',  ( -0.6213446334152892270, 4.084363874154989915, 16.23482587975767544 ) ) ;
#3069 = CARTESIAN_POINT ( 'NONE',  ( 56.68004570725103974, 62.91206304887443679, 4.172106712537097195 ) ) ;
#3070 = EDGE_CURVE ( 'NONE', #4793, #315, #1376, .T. ) ;
#3071 = VERTEX_POINT ( 'NONE', #454 ) ;
#3072 = CARTESIAN_POINT ( 'NONE',  ( 56.59026277919269887, 62.64297377037089376, 18.77082207190807850 ) ) ;
#3073 = VERTEX_POINT ( 'NONE', #1701 ) ;
#3074 = CARTESIAN_POINT ( 'NONE',  ( -0.9720002308453743467, 5.003225801317666033, 13.95465809175267502 ) ) ;
#3075 = LINE ( 'NONE', #204, #4496 ) ;
#3076 = EDGE_LOOP ( 'NONE', ( #2900, #2627 ) ) ;
#3077 = CARTESIAN_POINT ( 'NONE',  ( 56.59054777056508811, 61.42014199997607449, 3.407138007397887414 ) ) ;
#3078 = DIRECTION ( 'NONE',  ( 1.000000000000000000, 9.875726538627338513E-17, -0.000000000000000000 ) ) ;
#3079 = FACE_BOUND ( 'NONE', #802, .T. ) ;
#3080 = DIRECTION ( 'NONE',  ( 7.498710840353074738E-47, -6.370313146600082741E-31, -1.000000000000000000 ) ) ;
#3081 = DIRECTION ( 'NONE',  ( -1.000000000000000000, 0.000000000000000000, 0.000000000000000000 ) ) ;
#3082 = VERTEX_POINT ( 'NONE', #1755 ) ;
#3083 = CARTESIAN_POINT ( 'NONE',  ( 56.59054777056510233, 62.54864996279485467, 19.01813075662171926 ) ) ;
#3084 = DIRECTION ( 'NONE',  ( 0.000000000000000000, 0.000000000000000000, 1.000000000000000000 ) ) ;
#3085 = DIRECTION ( 'NONE',  ( 0.000000000000000000, 1.000000000000000000, -0.000000000000000000 ) ) ;
#3086 = ORIENTED_EDGE ( 'NONE', *, *, #1831, .T. ) ;
#3087 = CARTESIAN_POINT ( 'NONE',  ( -1.949534859754214144, 4.599431813983349215, 13.41626049498524864 ) ) ;
#3088 = CIRCLE ( 'NONE', #666, 1.729999999999999760 ) ;
#3089 = VERTEX_POINT ( 'NONE', #894 ) ;
#3090 = CARTESIAN_POINT ( 'NONE',  ( 51.77031235669095111, 66.57978815580671039, 21.98000000000000398 ) ) ;
#3091 = CARTESIAN_POINT ( 'NONE',  ( -1.411673698962664369, 3.708943238640678430, 13.31739229197865804 ) ) ;
#3092 = CARTESIAN_POINT ( 'NONE',  ( -0.9795261621715746214, 5.426651833398778102, 12.66775150602368782 ) ) ;
#3093 = CARTESIAN_POINT ( 'NONE',  ( 56.59054777056510233, 62.54864996279485467, 3.096164997636416505 ) ) ;
#3094 = ORIENTED_EDGE ( 'NONE', *, *, #179, .F. ) ;
#3095 = ADVANCED_FACE ( 'NONE', ( #2553 ), #101, .F. ) ;
#3096 = DIRECTION ( 'NONE',  ( 0.000000000000000000, 0.000000000000000000, 1.000000000000000000 ) ) ;
#3097 = EDGE_LOOP ( 'NONE', ( #4257, #3223, #4612, #776 ) ) ;
#3098 = CIRCLE ( 'NONE', #3362, 2.000000000000001776 ) ;
#3099 = CARTESIAN_POINT ( 'NONE',  ( -0.8948725105397824509, 4.820376475640399505, 13.61270358516207146 ) ) ;
#3100 = CARTESIAN_POINT ( 'NONE',  ( 49.62843369909334967, 69.54861249573819748, 2.915101013134403285 ) ) ;
#3101 = ORIENTED_EDGE ( 'NONE', *, *, #1553, .F. ) ;
#3102 = CARTESIAN_POINT ( 'NONE',  ( 50.31597899756765457, 64.54633924311154658, 17.98000000000000398 ) ) ;
#3103 = CARTESIAN_POINT ( 'NONE',  ( 51.29349193309585786, 71.38606933607925953, 17.60593378890961702 ) ) ;
#3104 = COLOUR_RGB ( '',0.7921568627450980005, 0.8196078431372548767, 0.9333333333333333481 ) ;
#3105 = DIRECTION ( 'NONE',  ( 0.000000000000000000, 0.000000000000000000, -1.000000000000000000 ) ) ;
#3106 = DIRECTION ( 'NONE',  ( 1.000000000000000000, 0.000000000000000000, -6.938893903907229167E-15 ) ) ;
#3107 = ORIENTED_EDGE ( 'NONE', *, *, #1147, .T. ) ;
#3108 = CARTESIAN_POINT ( 'NONE',  ( 56.59054777056511654, 60.48929028747063086, 3.761322775988742428 ) ) ;
#3109 = CARTESIAN_POINT ( 'NONE',  ( 26.43000000000000327, 73.16365341904581499, 10.50000000000000000 ) ) ;
#3110 = DIRECTION ( 'NONE',  ( -1.000000000000000000, 1.309010496964126249E-16, 6.982962677686267499E-15 ) ) ;
#3111 = ORIENTED_EDGE ( 'NONE', *, *, #1815, .F. ) ;
#3112 = LINE ( 'NONE', #5074, #945 ) ;
#3113 = ORIENTED_EDGE ( 'NONE', *, *, #4175, .T. ) ;
#3114 = DIRECTION ( 'NONE',  ( 1.000000000000000000, 0.000000000000000000, -7.000848313763543818E-15 ) ) ;
#3115 = AXIS2_PLACEMENT_3D ( 'NONE', #3213, #1165, #5055 ) ;
#3116 = CARTESIAN_POINT ( 'NONE',  ( -1.049739546200620932, 6.022887968286076088, 13.62000038285858672 ) ) ;
#3117 = CARTESIAN_POINT ( 'NONE',  ( 57.00486482642264008, 62.87346532989170100, 4.621229524690634527 ) ) ;
#3118 = CARTESIAN_POINT ( 'NONE',  ( 56.68224155673582487, 62.75952198402882942, 17.90743718294259423 ) ) ;
#3119 = ORIENTED_EDGE ( 'NONE', *, *, #1849, .F. ) ;
#3120 = EDGE_CURVE ( 'NONE', #3466, #1275, #2978, .T. ) ;
#3121 = DIRECTION ( 'NONE',  ( -0.7071067811865486830, 0.7071067811865464625, 0.000000000000000000 ) ) ;
#3122 = DIRECTION ( 'NONE',  ( 1.000000000000000000, -0.000000000000000000, -6.991222571849442154E-15 ) ) ;
#3123 = DIRECTION ( 'NONE',  ( 0.000000000000000000, 0.000000000000000000, 1.000000000000000000 ) ) ;
#3124 = CARTESIAN_POINT ( 'NONE',  ( 58.69054777056499717, 52.71776721078237671, 7.229999999999593641 ) ) ;
#3125 = EDGE_CURVE ( 'NONE', #1180, #4786, #1183, .T. ) ;
#3126 = CARTESIAN_POINT ( 'NONE',  ( 49.62843369702954988, 69.54861249574643978, 19.19919473894770690 ) ) ;
#3127 = CARTESIAN_POINT ( 'NONE',  ( -0.4938797612818871530, 53.62159102859877180, -1.719999999999999751 ) ) ;
#3128 = ORIENTED_EDGE ( 'NONE', *, *, #4806, .T. ) ;
#3129 = CARTESIAN_POINT ( 'NONE',  ( 8.259691434521279518, 72.30864996279485979, 10.61308499999999988 ) ) ;
#3130 = EDGE_CURVE ( 'NONE', #3566, #4299, #5035, .T. ) ;
#3131 = CARTESIAN_POINT ( 'NONE',  ( 5.930547770565109289, 6.548649962794852009, 21.98000000000000043 ) ) ;
#3132 = CARTESIAN_POINT ( 'NONE',  ( 57.37526698918243540, 6.448649962794850587, 17.98000000000000398 ) ) ;
#3133 = EDGE_CURVE ( 'NONE', #886, #4813, #4627, .T. ) ;
#3134 = ORIENTED_EDGE ( 'NONE', *, *, #256, .T. ) ;
#3135 = CARTESIAN_POINT ( 'NONE',  ( -1.740806345171619141, 4.158098786322519835, 15.26000000000003176 ) ) ;
#3136 = ORIENTED_EDGE ( 'NONE', *, *, #925, .F. ) ;
#3137 = DIRECTION ( 'NONE',  ( -0.000000000000000000, -0.000000000000000000, -1.000000000000000000 ) ) ;
#3138 = DIRECTION ( 'NONE',  ( 0.000000000000000000, 6.445834664451860138E-31, -1.000000000000000000 ) ) ;
#3139 = DIRECTION ( 'NONE',  ( -1.000000000000000000, 9.219896231606734370E-17, 6.982962677686267499E-15 ) ) ;
#3140 = ADVANCED_FACE ( 'NONE', ( #2191 ), #5060, .T. ) ;
#3141 = ORIENTED_EDGE ( 'NONE', *, *, #1021, .T. ) ;
#3142 = CARTESIAN_POINT ( 'NONE',  ( 57.48266776113263177, 64.96453885914047532, 4.533157686319470692 ) ) ;
#3143 = CARTESIAN_POINT ( 'NONE',  ( 57.27336199565160513, 65.76258544368178605, 17.60663069289089577 ) ) ;
#3144 = VERTEX_POINT ( 'NONE', #4764 ) ;
#3145 = DIRECTION ( 'NONE',  ( 0.000000000000000000, -0.000000000000000000, 1.000000000000000000 ) ) ;
#3146 = ORIENTED_EDGE ( 'NONE', *, *, #405, .F. ) ;
#3147 = DIRECTION ( 'NONE',  ( 1.000000000000000000, 0.000000000000000000, 0.000000000000000000 ) ) ;
#3148 = ADVANCED_FACE ( 'NONE', ( #2725 ), #5187, .F. ) ;
#3149 = DIRECTION ( 'NONE',  ( 0.000000000000000000, 1.000000000000000000, 0.000000000000000000 ) ) ;
#3150 = FACE_OUTER_BOUND ( 'NONE', #897, .T. ) ;
#3151 = DIRECTION ( 'NONE',  ( -0.000000000000000000, 0.000000000000000000, -1.000000000000000000 ) ) ;
#3152 = EDGE_LOOP ( 'NONE', ( #1833, #275 ) ) ;
#3153 = DIRECTION ( 'NONE',  ( -1.000000000000000000, 1.309010496964126249E-16, 6.982962677686267499E-15 ) ) ;
#3154 = LINE ( 'NONE', #4369, #5330 ) ;
#3155 = DIRECTION ( 'NONE',  ( 0.000000000000000000, 0.000000000000000000, 1.000000000000000000 ) ) ;
#3156 = EDGE_CURVE ( 'NONE', #126, #2116, #2473, .T. ) ;
#3157 = ORIENTED_EDGE ( 'NONE', *, *, #3593, .F. ) ;
#3158 = EDGE_CURVE ( 'NONE', #4267, #4585, #261, .T. ) ;
#3159 = CARTESIAN_POINT ( 'NONE',  ( 55.21497530241190077, 56.90412233242040685, -1.719999999999999751 ) ) ;
#3160 = ORIENTED_EDGE ( 'NONE', *, *, #2980, .F. ) ;
#3161 = CARTESIAN_POINT ( 'NONE',  ( 49.59054777056510943, 6.548649962794857338, -95.90999724335667054 ) ) ;
#3162 = CARTESIAN_POINT ( 'NONE',  ( -0.1548557292959648612, 3.048906294047549981, 14.16479598912757609 ) ) ;
#3163 = CARTESIAN_POINT ( 'NONE',  ( 56.59054777056510233, 52.14276721078237387, 17.80499999999959826 ) ) ;
#3164 = AXIS2_PLACEMENT_3D ( 'NONE', #4264, #563, #508 ) ;
#3165 = EDGE_LOOP ( 'NONE', ( #3107, #4511, #4558, #2881 ) ) ;
#3166 = FACE_OUTER_BOUND ( 'NONE', #2008, .T. ) ;
#3167 = CARTESIAN_POINT ( 'NONE',  ( 58.07309700619374127, 63.06187792928205482, 17.15564806922112950 ) ) ;
#3168 = VERTEX_POINT ( 'NONE', #3960 ) ;
#3169 = AXIS2_PLACEMENT_3D ( 'NONE', #1037, #3153, #4320 ) ;
#3170 = CIRCLE ( 'NONE', #852, 7.999999999999998224 ) ;
#3171 = AXIS2_PLACEMENT_3D ( 'NONE', #3962, #4415, #719 ) ;
#3172 = EDGE_CURVE ( 'NONE', #2805, #3168, #4362, .T. ) ;
#3173 = CARTESIAN_POINT ( 'NONE',  ( 49.83743422419566116, 69.54485477184519482, 3.205377856623206068 ) ) ;
#3174 = EDGE_LOOP ( 'NONE', ( #760, #3883, #34, #253, #2118, #621 ) ) ;
#3175 = VECTOR ( 'NONE', #2068, 1000.000000000000000 ) ;
#3176 = CARTESIAN_POINT ( 'NONE',  ( 56.58150301240700486, 62.90437722217290428, 19.13944521767515283 ) ) ;
#3177 = CARTESIAN_POINT ( 'NONE',  ( 8.259691434521279518, 69.54864996279485467, 10.61308480000000110 ) ) ;
#3178 = AXIS2_PLACEMENT_3D ( 'NONE', #2201, #4193, #2098 ) ;
#3179 = CARTESIAN_POINT ( 'NONE',  ( 49.78328073815078625, 71.04294819198868538, 17.55569339152147634 ) ) ;
#3180 = AXIS2_PLACEMENT_3D ( 'NONE', #3161, #1523, #4857 ) ;
#3181 = LINE ( 'NONE', #2758, #4642 ) ;
#3182 = AXIS2_PLACEMENT_3D ( 'NONE', #5195, #3212, #671 ) ;
#3183 = ORIENTED_EDGE ( 'NONE', *, *, #1315, .T. ) ;
#3184 = DIRECTION ( 'NONE',  ( 1.000000000000000000, 0.000000000000000000, -0.000000000000000000 ) ) ;
#3185 = DIRECTION ( 'NONE',  ( -0.000000000000000000, -0.000000000000000000, 1.000000000000000000 ) ) ;
#3186 = VECTOR ( 'NONE', #4417, 1000.000000000000000 ) ;
#3187 = CARTESIAN_POINT ( 'NONE',  ( 55.17150247243787220, 67.58716673018115273, 17.97999999999999332 ) ) ;
#3188 = VERTEX_POINT ( 'NONE', #3501 ) ;
#3189 = CARTESIAN_POINT ( 'NONE',  ( -0.7371687961556996349, 4.413879252278655407, 12.25616646426234979 ) ) ;
#3190 = ORIENTED_EDGE ( 'NONE', *, *, #4650, .T. ) ;
#3191 = CARTESIAN_POINT ( 'NONE',  ( 5.930547770565109289, 6.548649962794852009, -3.720000000000042828 ) ) ;
#3192 = CARTESIAN_POINT ( 'NONE',  ( -0.7306897301092892816, 3.083325059013780844, 13.99072483553252866 ) ) ;
#3193 = CARTESIAN_POINT ( 'NONE',  ( 50.75151070572132284, 69.61220301055743676, 3.912928664647154609 ) ) ;
#3194 = ADVANCED_FACE ( 'NONE', ( #1807 ), #1512, .F. ) ;
#3195 = EDGE_LOOP ( 'NONE', ( #4784, #75, #3709, #2076 ) ) ;
#3196 = CARTESIAN_POINT ( 'NONE',  ( -1.049301895717122735, 6.016962426010508125, 13.59871011344950809 ) ) ;
#3197 = CARTESIAN_POINT ( 'NONE',  ( 56.74612022888127427, 65.01257286680751690, 4.356887443057533282 ) ) ;
#3198 = CARTESIAN_POINT ( 'NONE',  ( 58.69054777056498295, 63.30864996279486689, 5.068930122833145369 ) ) ;
#3199 = EDGE_CURVE ( 'NONE', #951, #1322, #1059, .T. ) ;
#3200 = CARTESIAN_POINT ( 'NONE',  ( 56.58989106559538129, 62.67334966204009561, 18.50075703367528135 ) ) ;
#3201 = VECTOR ( 'NONE', #634, 1000.000000000000000 ) ;
#3202 = EDGE_CURVE ( 'NONE', #4147, #906, #2703, .T. ) ;
#3203 = VECTOR ( 'NONE', #3442, 1000.000000000000000 ) ;
#3204 = CARTESIAN_POINT ( 'NONE',  ( 50.09850932698824266, 70.06454222732608628, 4.336715389625444672 ) ) ;
#3205 = ORIENTED_EDGE ( 'NONE', *, *, #3329, .F. ) ;
#3206 = CARTESIAN_POINT ( 'NONE',  ( 54.86821501495163034, 67.19617871759250249, 19.27051249991729165 ) ) ;
#3207 = DIRECTION ( 'NONE',  ( 0.000000000000000000, 0.000000000000000000, 1.000000000000000000 ) ) ;
#3208 = CARTESIAN_POINT ( 'NONE',  ( 49.68674541256115873, 70.05447928276764458, 17.77023756279347566 ) ) ;
#3209 = CARTESIAN_POINT ( 'NONE',  ( 40.88879231966046035, 70.14771039143080600, 10.29088365428205698 ) ) ;
#3210 = VERTEX_POINT ( 'NONE', #229 ) ;
#3211 = LINE ( 'NONE', #4849, #1302 ) ;
#3212 = DIRECTION ( 'NONE',  ( -1.000000000000000000, 0.000000000000000000, 6.991222571849441366E-15 ) ) ;
#3213 = CARTESIAN_POINT ( 'NONE',  ( 1.660117358278476363E-13, 3.364725694843871325E-30, 23.78000000000000114 ) ) ;
#3214 = ORIENTED_EDGE ( 'NONE', *, *, #3614, .T. ) ;
#3215 = LINE ( 'NONE', #316, #329 ) ;
#3216 = ORIENTED_EDGE ( 'NONE', *, *, #4636, .F. ) ;
#3217 = EDGE_CURVE ( 'NONE', #4842, #2448, #1890, .T. ) ;
#3218 = FACE_BOUND ( 'NONE', #2057, .T. ) ;
#3219 = CARTESIAN_POINT ( 'NONE',  ( 57.18371256607226627, 65.98494320733983898, 17.60542389135863672 ) ) ;
#3220 = EDGE_CURVE ( 'NONE', #782, #136, #3534, .T. ) ;
#3221 = CARTESIAN_POINT ( 'NONE',  ( -1.069452229434889379, -0.4513500372051496567, 23.78000000000000114 ) ) ;
#3222 = CARTESIAN_POINT ( 'NONE',  ( 50.73403318477406998, 69.45560743159427375, 3.168522664421237423 ) ) ;
#3223 = ORIENTED_EDGE ( 'NONE', *, *, #3721, .T. ) ;
#3224 = DIRECTION ( 'NONE',  ( 0.000000000000000000, 0.000000000000000000, 1.000000000000000000 ) ) ;
#3225 = CARTESIAN_POINT ( 'NONE',  ( 56.58150315104498418, 62.90437780148707958, 18.94134097497842362 ) ) ;
#3226 = CARTESIAN_POINT ( 'NONE',  ( 46.28578148847142870, 70.86318779100434995, 16.77799430574172490 ) ) ;
#3227 = CARTESIAN_POINT ( 'NONE',  ( 57.87044879546160558, 63.56874463616654936, 17.33200111725441772 ) ) ;
#3228 = EDGE_CURVE ( 'NONE', #1931, #3056, #3943, .T. ) ;
#3229 = CARTESIAN_POINT ( 'NONE',  ( 51.14137308897115020, 71.08036646077837872, 4.508361965348512079 ) ) ;
#3230 = ORIENTED_EDGE ( 'NONE', *, *, #338, .T. ) ;
#3231 = CARTESIAN_POINT ( 'NONE',  ( 49.59054777056510233, 62.54864996279485467, -95.90999724335667054 ) ) ;
#3232 = CARTESIAN_POINT ( 'NONE',  ( 57.38291296936001373, 57.84484560921078611, 14.50266141765813011 ) ) ;
#3233 = CARTESIAN_POINT ( 'NONE',  ( 51.14137320943819276, 71.08036673075116596, 17.60593378890962413 ) ) ;
#3234 = CARTESIAN_POINT ( 'NONE',  ( 41.12184525256422063, 70.17857964863067366, 9.531402510255771787 ) ) ;
#3235 = ORIENTED_EDGE ( 'NONE', *, *, #4978, .F. ) ;
#3236 = CARTESIAN_POINT ( 'NONE',  ( 5.930547770565109289, 6.548649962794852009, 17.97999999999999687 ) ) ;
#3237 = DIRECTION ( 'NONE',  ( 0.000000000000000000, -0.000000000000000000, 1.000000000000000000 ) ) ;
#3238 = CARTESIAN_POINT ( 'NONE',  ( 54.59054777056510233, 51.14276721078237387, 17.80499999999959826 ) ) ;
#3239 = ORIENTED_EDGE ( 'NONE', *, *, #1491, .F. ) ;
#3240 = CARTESIAN_POINT ( 'NONE',  ( 0.1252819025962017274, 2.637237227378238291, 13.89318550881871595 ) ) ;
#3241 = B_SPLINE_CURVE_WITH_KNOTS ( 'NONE', 3,
 ( #2688, #4323, #267, #2763, #624, #1846, #4370, #2308, #4825, #3187, #215, #1069, #4719, #1544 ),
 .UNSPECIFIED., .F., .F.,
 ( 4, 2, 2, 2, 2, 2, 4 ),
 ( 0.000000000000000000, 0.001925751354532274700, 0.002888627031798420616, 0.003851502709064566314, 0.004814378386330712446, 0.005777254063596857711, 0.007703005418129162118 ),
 .UNSPECIFIED. ) ;
#3242 = ORIENTED_EDGE ( 'NONE', *, *, #404, .F. ) ;
#3243 = DIRECTION ( 'NONE',  ( -1.000000000000000000, 0.000000000000000000, 7.142979018728032925E-15 ) ) ;
#3244 = CARTESIAN_POINT ( 'NONE',  ( 53.92963339400479583, 70.47837035999144462, 17.60593378890962413 ) ) ;
#3245 = CARTESIAN_POINT ( 'NONE',  ( 49.59940512995040507, 69.54864996279485467, 2.918596655045630150 ) ) ;
#3246 = CARTESIAN_POINT ( 'NONE',  ( 55.05003819257748887, 67.21666287207531809, 3.921686389847563792 ) ) ;
#3247 = ORIENTED_EDGE ( 'NONE', *, *, #3399, .F. ) ;
#3248 = LINE ( 'NONE', #2882, #501 ) ;
#3249 = CARTESIAN_POINT ( 'NONE',  ( 43.19436216970091635, 28.70864996162470817, 23.78100000000013026 ) ) ;
#3250 = DIRECTION ( 'NONE',  ( -0.000000000000000000, -0.000000000000000000, -1.000000000000000000 ) ) ;
#3251 = CARTESIAN_POINT ( 'NONE',  ( 43.91782418975069646, 63.94971519960149209, 11.05714787712906322 ) ) ;
#3252 = CARTESIAN_POINT ( 'NONE',  ( 50.59349106254195760, 70.07842286485798411, 4.356490508760036739 ) ) ;
#3253 = AXIS2_PLACEMENT_3D ( 'NONE', #43, #1751, #1346 ) ;
#3254 = EDGE_CURVE ( 'NONE', #768, #2254, #580, .T. ) ;
#3255 = ORIENTED_EDGE ( 'NONE', *, *, #2665, .T. ) ;
#3256 = DIRECTION ( 'NONE',  ( 0.000000000000000000, 6.445834664451860138E-31, -1.000000000000000000 ) ) ;
#3257 = CARTESIAN_POINT ( 'NONE',  ( -1.069452229434879387, 19.66878429235580583, 1.831980111264627675 ) ) ;
#3258 = CARTESIAN_POINT ( 'NONE',  ( 50.59983307150414333, 69.63380954394676792, 18.20136722115921657 ) ) ;
#3259 = AXIS2_PLACEMENT_3D ( 'NONE', #479, #2138, #3378 ) ;
#3260 = CARTESIAN_POINT ( 'NONE',  ( -0.7067548064119760776, 3.065563240903033115, 14.45747348074772098 ) ) ;
#3261 = ORIENTED_EDGE ( 'NONE', *, *, #3254, .T. ) ;
#3262 = DIRECTION ( 'NONE',  ( -1.000000000000000000, 9.219896231606734370E-17, 6.982962677686267499E-15 ) ) ;
#3263 = VECTOR ( 'NONE', #3438, 1000.000000000000000 ) ;
#3264 = DIRECTION ( 'NONE',  ( -0.000000000000000000, -0.000000000000000000, 1.000000000000000000 ) ) ;
#3265 = LINE ( 'NONE', #4913, #2780 ) ;
#3266 = EDGE_LOOP ( 'NONE', ( #710, #1459, #2462, #1086 ) ) ;
#3267 = CARTESIAN_POINT ( 'NONE',  ( 0.06498713021736224338, 2.728072583656296679, 13.53032285976697757 ) ) ;
#3268 = EDGE_CURVE ( 'NONE', #437, #3168, #2831, .T. ) ;
#3269 = AXIS2_PLACEMENT_3D ( 'NONE', #3159, #4799, #1115 ) ;
#3270 = EDGE_LOOP ( 'NONE', ( #3558, #1783, #2499, #5094 ) ) ;
#3271 = AXIS2_PLACEMENT_3D ( 'NONE', #4074, #5307, #3243 ) ;
#3272 = DIRECTION ( 'NONE',  ( -6.991222571849441366E-15, 6.445834664451860138E-31, -1.000000000000000000 ) ) ;
#3273 = LINE ( 'NONE', #4919, #231 ) ;
#3274 = CARTESIAN_POINT ( 'NONE',  ( -0.7784067094581306190, 3.119368550322755507, 14.65264525308760568 ) ) ;
#3275 = ORIENTED_EDGE ( 'NONE', *, *, #377, .T. ) ;
#3276 = CARTESIAN_POINT ( 'NONE',  ( 55.95362908729529039, 65.47043220128824714, 2.842048463037079031 ) ) ;
#3277 = VECTOR ( 'NONE', #3262, 1000.000000000000000 ) ;
#3278 = VERTEX_POINT ( 'NONE', #3176 ) ;
#3279 = CARTESIAN_POINT ( 'NONE',  ( 8.259691434521279518, 69.54864996279485467, 10.61308480000000110 ) ) ;
#3280 = AXIS2_PLACEMENT_3D ( 'NONE', #4224, #3441, #3042 ) ;
#3281 = CARTESIAN_POINT ( 'NONE',  ( 50.71357312047589971, 69.99557759617133001, 17.98000000000902077 ) ) ;
#3282 = CARTESIAN_POINT ( 'NONE',  ( 46.29080192382506453, 70.86385387881853148, 16.77971630948807658 ) ) ;
#3283 = DIRECTION ( 'NONE',  ( -1.000000000000000000, 9.219896231606735603E-17, 6.982962677686269077E-15 ) ) ;
#3284 = AXIS2_PLACEMENT_3D ( 'NONE', #1519, #3155, #1039 ) ;
#3285 = DIRECTION ( 'NONE',  ( -0.000000000000000000, -0.000000000000000000, -1.000000000000000000 ) ) ;
#3286 = ADVANCED_FACE ( 'NONE', ( #1964 ), #1158, .F. ) ;
#3287 = VERTEX_POINT ( 'NONE', #2354 ) ;
#3288 = DIRECTION ( 'NONE',  ( -1.000000000000000000, 9.219896231606734370E-17, 6.982962677686267499E-15 ) ) ;
#3289 = EDGE_CURVE ( 'NONE', #1014, #2199, #2046, .T. ) ;
#3290 = CARTESIAN_POINT ( 'NONE',  ( 51.70854777056508311, 66.12164996279483375, 20.78000000000000469 ) ) ;
#3291 = CARTESIAN_POINT ( 'NONE',  ( 41.79997574716315256, 69.54865082575382473, 6.213313272044532098 ) ) ;
#3292 = PLANE ( 'NONE',  #3572 ) ;
#3293 = EDGE_LOOP ( 'NONE', ( #4449, #4535, #4598, #625 ) ) ;
#3294 = DIRECTION ( 'NONE',  ( 0.000000000000000000, 1.000000000000000000, 0.000000000000000000 ) ) ;
#3295 = CARTESIAN_POINT ( 'NONE',  ( 54.23588523397614836, 71.16754367550406357, -5.220000000000377227 ) ) ;
#3296 = EDGE_CURVE ( 'NONE', #4231, #906, #4931, .T. ) ;
#3297 = FACE_BOUND ( 'NONE', #4131, .T. ) ;
#3298 = ORIENTED_EDGE ( 'NONE', *, *, #2339, .T. ) ;
#3299 = CARTESIAN_POINT ( 'NONE',  ( 4.345808297423057631, 69.37701118804812950, 7.034848361945497786 ) ) ;
#3300 = ORIENTED_EDGE ( 'NONE', *, *, #14, .T. ) ;
#3301 = EDGE_CURVE ( 'NONE', #291, #4776, #4089, .T. ) ;
#3302 = CARTESIAN_POINT ( 'NONE',  ( 51.29349193309585786, 71.38606933607925953, 17.60593378890961702 ) ) ;
#3303 = CARTESIAN_POINT ( 'NONE',  ( 56.99338944105464577, 66.38833291162026740, 17.60615893295727119 ) ) ;
#3304 = CARTESIAN_POINT ( 'NONE',  ( 49.63843370749965089, 69.66686161513452191, 3.897325124807820895 ) ) ;
#3305 = ORIENTED_EDGE ( 'NONE', *, *, #3120, .F. ) ;
#3306 = ORIENTED_EDGE ( 'NONE', *, *, #5104, .F. ) ;
#3307 = CARTESIAN_POINT ( 'NONE',  ( 54.59054777056510233, 50.14276721078237387, 2.804999999999597815 ) ) ;
#3308 = DIRECTION ( 'NONE',  ( 0.000000000000000000, 0.000000000000000000, 1.000000000000000000 ) ) ;
#3309 = CARTESIAN_POINT ( 'NONE',  ( 56.89884894275812144, 68.82754111977209277, 23.77999999999960679 ) ) ;
#3310 = EDGE_CURVE ( 'NONE', #1927, #212, #4373, .T. ) ;
#3311 = CARTESIAN_POINT ( 'NONE',  ( 58.11023086179190500, 66.48810536322230291, 4.508361965348512967 ) ) ;
#3312 = FACE_OUTER_BOUND ( 'NONE', #5240, .T. ) ;
#3313 = VERTEX_POINT ( 'NONE', #5212 ) ;
#3314 = CARTESIAN_POINT ( 'NONE',  ( 56.20954318265676619, 65.24829132264133591, 18.19524526085848493 ) ) ;
#3315 = CARTESIAN_POINT ( 'NONE',  ( 57.19287077695527444, 56.39511165576917762, 9.779897244459618832 ) ) ;
#3316 = DIRECTION ( 'NONE',  ( 1.000000000000000000, 0.000000000000000000, -6.938893903907229167E-15 ) ) ;
#3317 = CARTESIAN_POINT ( 'NONE',  ( 48.88831562060703817, 69.54864032019490594, 18.82948677288677786 ) ) ;
#3318 = EDGE_CURVE ( 'NONE', #955, #2140, #3345, .T. ) ;
#3319 = LINE ( 'NONE', #2893, #2460 ) ;
#3320 = CARTESIAN_POINT ( 'NONE',  ( 56.98054865773701039, 62.26744365082590349, 4.746421289084154616 ) ) ;
#3321 = FACE_OUTER_BOUND ( 'NONE', #1131, .T. ) ;
#3322 = CARTESIAN_POINT ( 'NONE',  ( 57.82575219183716086, 63.00621401176621816, 17.20902869108210353 ) ) ;
#3323 = DIRECTION ( 'NONE',  ( -0.000000000000000000, 1.000000000000000000, -0.000000000000000000 ) ) ;
#3324 = ORIENTED_EDGE ( 'NONE', *, *, #5183, .T. ) ;
#3325 = CARTESIAN_POINT ( 'NONE',  ( 50.57735507773392669, 70.01303436764301580, 17.98000000000001819 ) ) ;
#3326 = ORIENTED_EDGE ( 'NONE', *, *, #1294, .F. ) ;
#3327 = FACE_OUTER_BOUND ( 'NONE', #1625, .T. ) ;
#3328 = ADVANCED_FACE ( 'NONE', ( #2783 ), #1643, .F. ) ;
#3329 = EDGE_CURVE ( 'NONE', #830, #2338, #4870, .T. ) ;
#3330 = CARTESIAN_POINT ( 'NONE',  ( 8.259691434521279518, 71.14864996279486320, 10.61308499999999988 ) ) ;
#3331 = ORIENTED_EDGE ( 'NONE', *, *, #3202, .F. ) ;
#3332 = CARTESIAN_POINT ( 'NONE',  ( 57.46256472840403973, 66.17800365636904303, 4.508361965348929523 ) ) ;
#3333 = CARTESIAN_POINT ( 'NONE',  ( 58.69154777056514405, 53.59604800156339621, -1.749304498602989311 ) ) ;
#3334 = ORIENTED_EDGE ( 'NONE', *, *, #4175, .F. ) ;
#3335 = CARTESIAN_POINT ( 'NONE',  ( 57.81902141270999351, 66.19449986652466578, 4.508361965348512967 ) ) ;
#3336 = LINE ( 'NONE', #1690, #5080 ) ;
#3337 = CARTESIAN_POINT ( 'NONE',  ( 2.054547770565087639, 2.926649962794846349, 17.98000000000000398 ) ) ;
#3338 = DIRECTION ( 'NONE',  ( 0.000000000000000000, 0.000000000000000000, 1.000000000000000000 ) ) ;
#3339 = SURFACE_STYLE_FILL_AREA ( #3716 ) ;
#3340 = ORIENTED_EDGE ( 'NONE', *, *, #1849, .T. ) ;
#3341 = CARTESIAN_POINT ( 'NONE',  ( 55.97707266264903581, 65.41912839675687508, 18.93793212677718429 ) ) ;
#3342 = AXIS2_PLACEMENT_3D ( 'NONE', #2278, #3908, #3563 ) ;
#3343 = CARTESIAN_POINT ( 'NONE',  ( 54.59054777056510233, 50.14276721078237387, 17.80499999999959826 ) ) ;
#3344 = CARTESIAN_POINT ( 'NONE',  ( 5.830547770565105203, 4.448649962794835488, 21.98000000000000398 ) ) ;
#3345 = CIRCLE ( 'NONE', #1448, 7.999999999999998224 ) ;
#3346 = CARTESIAN_POINT ( 'NONE',  ( 48.94889951866644395, 69.65808965960449939, 18.18366708065301651 ) ) ;
#3347 = EDGE_CURVE ( 'NONE', #3730, #3817, #4414, .T. ) ;
#3348 = AXIS2_PLACEMENT_3D ( 'NONE', #914, #1725, #533 ) ;
#3349 = CARTESIAN_POINT ( 'NONE',  ( -1.557329262555353200, 3.890486483572070053, 15.24741293987884916 ) ) ;
#3350 = CARTESIAN_POINT ( 'NONE',  ( 57.00267292746350023, 62.81012236707644547, 17.47995070581471566 ) ) ;
#3351 = DIRECTION ( 'NONE',  ( 4.519286872187096995E-45, 1.000000000000000000, 6.445834664451860138E-31 ) ) ;
#3352 = CARTESIAN_POINT ( 'NONE',  ( 56.01323451135469611, 65.33293667500272761, 2.842048463082618159 ) ) ;
#3353 = EDGE_LOOP ( 'NONE', ( #1019, #2122, #3004, #5198 ) ) ;
#3354 = DIRECTION ( 'NONE',  ( 1.000000000000000000, 0.000000000000000000, -6.938893899847506401E-15 ) ) ;
#3355 = AXIS2_PLACEMENT_3D ( 'NONE', #1276, #1249, #4557 ) ;
#3356 = ORIENTED_EDGE ( 'NONE', *, *, #2906, .T. ) ;
#3357 = AXIS2_PLACEMENT_3D ( 'NONE', #1702, #4502, #4911 ) ;
#3358 = CARTESIAN_POINT ( 'NONE',  ( 53.06910851102914961, 68.72625358449468536, 2.508361965348509859 ) ) ;
#3359 = LINE ( 'NONE', #461, #2860 ) ;
#3360 = ORIENTED_EDGE ( 'NONE', *, *, #4007, .F. ) ;
#3361 = DIRECTION ( 'NONE',  ( -0.000000000000000000, -0.000000000000000000, 1.000000000000000000 ) ) ;
#3362 = AXIS2_PLACEMENT_3D ( 'NONE', #1106, #5217, #2786 ) ;
#3363 = ORIENTED_EDGE ( 'NONE', *, *, #2210, .T. ) ;
#3364 = CARTESIAN_POINT ( 'NONE',  ( -2.969452229435046942, 28.84697162930884673, 1.831980111264639888 ) ) ;
#3365 = CARTESIAN_POINT ( 'NONE',  ( 56.59045100908308967, 62.61104305662988878, 3.632246009053841540 ) ) ;
#3366 = LINE ( 'NONE', #1692, #2962 ) ;
#3367 = EDGE_CURVE ( 'NONE', #3476, #3391, #1708, .T. ) ;
#3368 = VECTOR ( 'NONE', #3681, 1000.000000000000000 ) ;
#3369 = ADVANCED_FACE ( 'NONE', ( #2380 ), #4249, .T. ) ;
#3370 = ORIENTED_EDGE ( 'NONE', *, *, #4436, .F. ) ;
#3371 = CARTESIAN_POINT ( 'NONE',  ( 49.89054777056510659, 65.66839462101903280, 18.83339268293097035 ) ) ;
#3372 = CARTESIAN_POINT ( 'NONE',  ( 8.259691434521279518, 69.54864996279485467, 5.333084799999999071 ) ) ;
#3373 = EDGE_CURVE ( 'NONE', #663, #1137, #3088, .T. ) ;
#3374 = CARTESIAN_POINT ( 'NONE',  ( 47.23796062929547901, 69.63802192044116168, 4.134036540594556719 ) ) ;
#3375 = AXIS2_PLACEMENT_3D ( 'NONE', #3992, #3569, #5196 ) ;
#3376 = CARTESIAN_POINT ( 'NONE',  ( -0.8069458749984133039, 4.614430077201061131, 15.11682279982686694 ) ) ;
#3377 = CARTESIAN_POINT ( 'NONE',  ( 56.59054858663293430, 55.02094186588220026, 11.05714787952239320 ) ) ;
#3378 = DIRECTION ( 'NONE',  ( -1.000000000000000000, 0.000000000000000000, 0.000000000000000000 ) ) ;
#3379 = CARTESIAN_POINT ( 'NONE',  ( 49.89054777056510659, 66.87527412724996623, 17.98000000000000398 ) ) ;
#3380 = ORIENTED_EDGE ( 'NONE', *, *, #525, .F. ) ;
#3381 = AXIS2_PLACEMENT_3D ( 'NONE', #4617, #3338, #4228 ) ;
#3382 = CARTESIAN_POINT ( 'NONE',  ( 5.930547770565103072, 69.54864996279485467, 5.874573452260843709 ) ) ;
#3383 = ORIENTED_EDGE ( 'NONE', *, *, #4154, .T. ) ;
#3384 = DIRECTION ( 'NONE',  ( 0.000000000000000000, -1.000000000000000000, 0.000000000000000000 ) ) ;
#3385 = DIRECTION ( 'NONE',  ( 0.000000000000000000, 0.000000000000000000, 1.000000000000000000 ) ) ;
#3386 = ORIENTED_EDGE ( 'NONE', *, *, #826, .T. ) ;
#3387 = DIRECTION ( 'NONE',  ( -6.982962677686266711E-15, 0.000000000000000000, -1.000000000000000000 ) ) ;
#3388 = B_SPLINE_CURVE_WITH_KNOTS ( 'NONE', 3,
 ( #3068, #3469, #655, #247, #1526, #2741, #2664, #2265, #1908, #1477, #995, #1075, #2638, #3576, #577, #4305, #1854, #3116, #4378, #1048, #1930, #1447, #685, #3092, #2694, #2236, #4698, #4330, #2344, #1016 ),
 .UNSPECIFIED., .F., .F.,
 ( 4, 2, 2, 2, 2, 2, 2, 2, 2, 2, 2, 2, 2, 2, 4 ),
 ( 3.882694383618302120E-05, 0.0004225258325368652776, 0.0008062247212375474661, 0.001189923609938229763, 0.001573622498638912060, 0.002341020276040276221, 0.003108418053441640815, 0.003492116942142322895, 0.003875815830843005409, 0.004259514719543688356, 0.004643213608244370003, 0.005026912496945052516, 0.005410611385645735030, 0.005794310274346416677, 0.006178009163047099191 ),
 .UNSPECIFIED. ) ;
#3389 = CIRCLE ( 'NONE', #1066, 2.000000000000001776 ) ;
#3390 = EDGE_CURVE ( 'NONE', #162, #4009, #3872, .T. ) ;
#3391 = VERTEX_POINT ( 'NONE', #792 ) ;
#3392 = CARTESIAN_POINT ( 'NONE',  ( 41.70239533589114700, 16.84864996279486249, 23.78100000000014091 ) ) ;
#3393 = DIRECTION ( 'NONE',  ( -0.000000000000000000, -0.000000000000000000, 1.000000000000000000 ) ) ;
#3394 = CARTESIAN_POINT ( 'NONE',  ( 8.259691434521279518, 69.54864996279485467, 15.89308480000000223 ) ) ;
#3395 = DIRECTION ( 'NONE',  ( -0.000000000000000000, 0.000000000000000000, -1.000000000000000000 ) ) ;
#3396 = ORIENTED_EDGE ( 'NONE', *, *, #5040, .F. ) ;
#3397 = CARTESIAN_POINT ( 'NONE',  ( 57.41512786912608846, 58.08943339486027924, 14.73152403131291344 ) ) ;
#3398 = FACE_OUTER_BOUND ( 'NONE', #2262, .T. ) ;
#3399 = EDGE_CURVE ( 'NONE', #487, #2149, #2494, .T. ) ;
#3400 = CARTESIAN_POINT ( 'NONE',  ( 48.86529664601646061, 69.54864996279485467, 19.12454466049893753 ) ) ;
#3401 = EDGE_CURVE ( 'NONE', #456, #136, #4899, .T. ) ;
#3402 = CARTESIAN_POINT ( 'NONE',  ( -0.8655164686331195956, 4.867271604452846567, 16.17906401124990623 ) ) ;
#3403 = CARTESIAN_POINT ( 'NONE',  ( 57.62041411297479954, 61.17762460571726280, 16.71400781643758293 ) ) ;
#3404 = CARTESIAN_POINT ( 'NONE',  ( 49.69054777056497585, 72.30864996279485979, 4.757110654816427697 ) ) ;
#3405 = CARTESIAN_POINT ( 'NONE',  ( 56.45807873113697184, 70.86325632673010944, 17.60593378890960636 ) ) ;
#3406 = ORIENTED_EDGE ( 'NONE', *, *, #2946, .F. ) ;
#3407 = CARTESIAN_POINT ( 'NONE',  ( 50.37145770997678795, 70.02162426903919368, 17.98000000000001108 ) ) ;
#3408 = ORIENTED_EDGE ( 'NONE', *, *, #4728, .F. ) ;
#3409 = DIRECTION ( 'NONE',  ( 1.000000000000000000, 0.000000000000000000, -6.982962677686269077E-15 ) ) ;
#3410 = DIRECTION ( 'NONE',  ( -0.7071067811865486830, 0.7071067811865464625, 0.000000000000000000 ) ) ;
#3411 = ORIENTED_EDGE ( 'NONE', *, *, #3301, .F. ) ;
#3412 = CARTESIAN_POINT ( 'NONE',  ( -1.068737907273737298, 6.448649962794850587, -95.90999724335667054 ) ) ;
#3413 = ORIENTED_EDGE ( 'NONE', *, *, #4475, .F. ) ;
#3414 = DIRECTION ( 'NONE',  ( 0.000000000000000000, 1.000000000000000000, 0.000000000000000000 ) ) ;
#3415 = CARTESIAN_POINT ( 'NONE',  ( -1.069452229434244783, -0.4513500372051496567, -3.719999999999987317 ) ) ;
#3416 = DIRECTION ( 'NONE',  ( 0.000000000000000000, -0.000000000000000000, 1.000000000000000000 ) ) ;
#3417 = CARTESIAN_POINT ( 'NONE',  ( 56.59054777056510233, 62.61249543711075205, 3.073544994331359081 ) ) ;
#3418 = ORIENTED_EDGE ( 'NONE', *, *, #4701, .T. ) ;
#3419 = CARTESIAN_POINT ( 'NONE',  ( 49.89054777056512080, 69.91423258713993505, 18.07509876149746830 ) ) ;
#3420 = DIRECTION ( 'NONE',  ( -0.2865409294120074835, 0.9533919357802614902, 0.09454159169841136467 ) ) ;
#3421 = CARTESIAN_POINT ( 'NONE',  ( 49.12212821386355444, 70.96730538042561420, 4.612005745104897692 ) ) ;
#3422 = CARTESIAN_POINT ( 'NONE',  ( 41.31214741829229808, 70.20368529773993771, 9.110488237374980258 ) ) ;
#3423 = CARTESIAN_POINT ( 'NONE',  ( 56.59054777056508101, 58.51857545680877593, 5.060268156312117682 ) ) ;
#3424 = DIRECTION ( 'NONE',  ( 0.000000000000000000, 0.000000000000000000, 1.000000000000000000 ) ) ;
#3425 = PLANE ( 'NONE',  #2225 ) ;
#3426 = ORIENTED_EDGE ( 'NONE', *, *, #4244, .F. ) ;
#3427 = B_SPLINE_SURFACE_WITH_KNOTS ( 'NONE', 5, 3, ( 
 ( #143, #2671, #609, #224, #1802, #3445, #1886, #2241, #1426, #1274, #5084 ),
 ( #1401, #3049, #4680, #5108, #4283, #583, #1859, #3877, #174, #3072, #3496 ),
 ( #867, #2269, #3902, #5133, #2529, #4734, #1052, #2926, #4554, #3200, #2802 ),
 ( #3557, #5266, #5184, #4358, #4005, #3527, #3606, #5160, #772, #3118, #1509 ),
 ( #302, #1584, #1934, #4460, #2375, #1958, #2828, #3981, #1529, #4382, #252 ),
 ( #1991, #3143, #5236, #2722, #1912, #1177, #2348, #2748, #659, #4866, #4434 ),
 ( #2431, #4783, #742, #1482, #2778, #4060, #691, #3227, #358, #4760, #2318 ),
 ( #3579, #5208, #4840, #2401, #1154, #277, #3955, #4033, #332, #1098, #3167 ) ),
 .UNSPECIFIED., .F., .F., .F.,
 ( 6, 2, 6 ),
 ( 4, 1, 1, 1, 1, 1, 1, 1, 4 ),
 ( 0.000000000000000000, 0.5000000000000000000, 1.000000000000000000 ),
 ( 0.000000000000000000, 0.0002521260625517701107, 0.0006303151563794252496, 0.001134567281482965363, 0.001890945469138275532, 0.002647323656793586135, 0.003151575781897125814, 0.003529764875724780791, 0.003781890938276551064 ),
 .UNSPECIFIED. ) ;
#3428 = CARTESIAN_POINT ( 'NONE',  ( 50.91505989697792245, 69.42219836423829804, 19.60593378890962057 ) ) ;
#3429 = ORIENTED_EDGE ( 'NONE', *, *, #4966, .T. ) ;
#3430 = CARTESIAN_POINT ( 'NONE',  ( 43.19436216970071030, 28.70864996162470817, -5.220000000000301732 ) ) ;
#3431 = AXIS2_PLACEMENT_3D ( 'NONE', #5115, #1433, #2279 ) ;
#3432 = CARTESIAN_POINT ( 'NONE',  ( 56.59054777056510233, 52.14276721078237387, 2.804999999999597815 ) ) ;
#3433 = DIRECTION ( 'NONE',  ( -9.912705577010325549E-17, 1.000000000000000000, 0.000000000000000000 ) ) ;
#3434 = EDGE_CURVE ( 'NONE', #1694, #550, #752, .T. ) ;
#3435 = ORIENTED_EDGE ( 'NONE', *, *, #2707, .T. ) ;
#3436 = AXIS2_PLACEMENT_3D ( 'NONE', #1065, #1921, #3059 ) ;
#3437 = EDGE_CURVE ( 'NONE', #2140, #955, #5139, .T. ) ;
#3438 = DIRECTION ( 'NONE',  ( -1.000000000000000000, 4.999139451359751052E-48, 6.991222571849442154E-15 ) ) ;
#3439 = ORIENTED_EDGE ( 'NONE', *, *, #4540, .F. ) ;
#3440 = DIRECTION ( 'NONE',  ( -1.000000000000000000, 0.000000000000000000, 0.000000000000000000 ) ) ;
#3441 = DIRECTION ( 'NONE',  ( -0.000000000000000000, -0.000000000000000000, -1.000000000000000000 ) ) ;
#3442 = DIRECTION ( 'NONE',  ( -0.000000000000000000, -0.000000000000000000, 1.000000000000000000 ) ) ;
#3443 = CARTESIAN_POINT ( 'NONE',  ( 56.32445252079195086, 64.47965992132213842, 2.896746132177739685 ) ) ;
#3444 = ORIENTED_EDGE ( 'NONE', *, *, #2256, .T. ) ;
#3445 = CARTESIAN_POINT ( 'NONE',  ( 56.44874314372950153, 63.99030819267343162, 19.44723534983497970 ) ) ;
#3446 = ORIENTED_EDGE ( 'NONE', *, *, #1398, .T. ) ;
#3447 = VECTOR ( 'NONE', #368, 1000.000000000000000 ) ;
#3448 = CARTESIAN_POINT ( 'NONE',  ( 40.96302696583466485, 69.95296856468961266, 13.20548457130617592 ) ) ;
#3449 = EDGE_CURVE ( 'NONE', #3573, #4921, #3273, .T. ) ;
#3450 = ADVANCED_FACE ( 'NONE', ( #4508, #3327 ), #1576, .T. ) ;
#3451 = CARTESIAN_POINT ( 'NONE',  ( 44.19158042332848879, 70.58593304716609396, 6.263886877179704271 ) ) ;
#3452 = CARTESIAN_POINT ( 'NONE',  ( 57.41580283596732670, 59.33555756130947856, 6.249602707690714354 ) ) ;
#3453 = CARTESIAN_POINT ( 'NONE',  ( 49.89054777056510659, 70.35642966398192755, 17.98000000000000398 ) ) ;
#3454 = CARTESIAN_POINT ( 'NONE',  ( -1.069452229434252999, 69.54864996279485467, -3.719999999999987317 ) ) ;
#3455 = ORIENTED_EDGE ( 'NONE', *, *, #4567, .T. ) ;
#3456 = CARTESIAN_POINT ( 'NONE',  ( 50.23298934241026359, 69.52039540660287287, 19.25572061719359240 ) ) ;
#3457 = ORIENTED_EDGE ( 'NONE', *, *, #17, .T. ) ;
#3458 = EDGE_CURVE ( 'NONE', #4847, #2812, #3607, .T. ) ;
#3459 = CARTESIAN_POINT ( 'NONE',  ( 56.59054777056510233, 62.54864996279485467, -3.720000000000403428 ) ) ;
#3460 = FACE_OUTER_BOUND ( 'NONE', #2995, .T. ) ;
#3461 = VECTOR ( 'NONE', #5335, 1000.000000000000000 ) ;
#3462 = FACE_OUTER_BOUND ( 'NONE', #2209, .T. ) ;
#3463 = ORIENTED_EDGE ( 'NONE', *, *, #2578, .T. ) ;
#3464 = CARTESIAN_POINT ( 'NONE',  ( 56.69996625229511267, 65.02490072857914072, 17.97999999959677453 ) ) ;
#3465 = EDGE_CURVE ( 'NONE', #3733, #341, #3705, .T. ) ;
#3466 = VERTEX_POINT ( 'NONE', #484 ) ;
#3467 = LINE ( 'NONE', #3392, #3522 ) ;
#3468 = CARTESIAN_POINT ( 'NONE',  ( 52.16438782148027542, 62.90437780148707958, 21.98000000000000398 ) ) ;
#3469 = CARTESIAN_POINT ( 'NONE',  ( -0.6657265587133075480, 4.202363809541798112, 16.25642724061848554 ) ) ;
#3470 = CARTESIAN_POINT ( 'NONE',  ( 56.58989186371230318, 62.67325631811616660, 3.613566588205272989 ) ) ;
#3471 = ORIENTED_EDGE ( 'NONE', *, *, #280, .T. ) ;
#3472 = DIRECTION ( 'NONE',  ( -6.991222571849441366E-15, 6.445834664451860138E-31, -1.000000000000000000 ) ) ;
#3473 = ORIENTED_EDGE ( 'NONE', *, *, #2960, .F. ) ;
#3474 = CARTESIAN_POINT ( 'NONE',  ( -2.044379927501915883, 4.974607445396898697, 14.66088851349091371 ) ) ;
#3475 = DIRECTION ( 'NONE',  ( 0.000000000000000000, 0.000000000000000000, 1.000000000000000000 ) ) ;
#3476 = VERTEX_POINT ( 'NONE', #3459 ) ;
#3477 = DIRECTION ( 'NONE',  ( 0.000000000000000000, -0.000000000000000000, 1.000000000000000000 ) ) ;
#3478 = CARTESIAN_POINT ( 'NONE',  ( 8.259691434521279518, 71.14864996279486320, 10.61308480000000110 ) ) ;
#3479 = LINE ( 'NONE', #1865, #586 ) ;
#3480 = CARTESIAN_POINT ( 'NONE',  ( 5.930547770565103072, 69.54864996279485467, 5.874573452260843709 ) ) ;
#3481 = DIRECTION ( 'NONE',  ( 0.000000000000000000, 0.000000000000000000, -1.000000000000000000 ) ) ;
#3482 = EDGE_LOOP ( 'NONE', ( #4619, #3048, #3707, #4000 ) ) ;
#3483 = FACE_OUTER_BOUND ( 'NONE', #4215, .T. ) ;
#3484 = CARTESIAN_POINT ( 'NONE',  ( 55.63575079845068672, 70.09173264232713052, 23.77999999999961744 ) ) ;
#3485 = PLANE ( 'NONE',  #1825 ) ;
#3486 = EDGE_LOOP ( 'NONE', ( #3235, #2389, #3792, #2585, #395, #1545 ) ) ;
#3487 = FACE_OUTER_BOUND ( 'NONE', #1995, .T. ) ;
#3488 = ORIENTED_EDGE ( 'NONE', *, *, #1872, .T. ) ;
#3489 = EDGE_CURVE ( 'NONE', #4945, #2093, #5095, .T. ) ;
#3490 = CARTESIAN_POINT ( 'NONE',  ( 45.19436216970071740, 54.30864996279486689, -3.720000000000316831 ) ) ;
#3491 = ADVANCED_FACE ( 'NONE', ( #901 ), #569, .F. ) ;
#3492 = FACE_OUTER_BOUND ( 'NONE', #5311, .T. ) ;
#3493 = DIRECTION ( 'NONE',  ( 0.7071067811865486830, -0.7071067811865464625, 0.000000000000000000 ) ) ;
#3494 = CARTESIAN_POINT ( 'NONE',  ( 56.55203160183520339, 64.07551091023613310, 3.964124170117075074 ) ) ;
#3495 = ORIENTED_EDGE ( 'NONE', *, *, #4480, .F. ) ;
#3496 = CARTESIAN_POINT ( 'NONE',  ( 56.59054777056510233, 62.57984954077279127, 18.75014735224437601 ) ) ;
#3497 = EDGE_LOOP ( 'NONE', ( #3728, #4108, #216, #4631 ) ) ;
#3498 = B_SPLINE_CURVE_WITH_KNOTS ( 'NONE', 3,
 ( #1390, #4997, #2963, #2198 ),
 .UNSPECIFIED., .F., .F.,
 ( 4, 4 ),
 ( 0.000000000000000000, 1.000000000000000000 ),
 .UNSPECIFIED. ) ;
#3499 = CARTESIAN_POINT ( 'NONE',  ( -2.042633794945702075, 4.969960908932360866, 13.86539675716532471 ) ) ;
#3500 = CARTESIAN_POINT ( 'NONE',  ( 57.83221010601715051, 61.24143933098930148, 16.64610485069389512 ) ) ;
#3501 = CARTESIAN_POINT ( 'NONE',  ( 56.59054777056510233, 49.56776721078237813, 13.38000000000004341 ) ) ;
#3502 = DIRECTION ( 'NONE',  ( 1.000000000000000000, 0.000000000000000000, -0.000000000000000000 ) ) ;
#3503 = DIRECTION ( 'NONE',  ( 0.000000000000000000, 0.000000000000000000, 1.000000000000000000 ) ) ;
#3504 = CARTESIAN_POINT ( 'NONE',  ( 49.81040043674660467, 71.33059146416998431, 4.587329119287290702 ) ) ;
#3505 = DIRECTION ( 'NONE',  ( -6.991222571849442154E-15, 6.445834664451861014E-31, -1.000000000000000000 ) ) ;
#3506 = ORIENTED_EDGE ( 'NONE', *, *, #3867, .F. ) ;
#3507 = AXIS2_PLACEMENT_3D ( 'NONE', #865, #3028, #2165 ) ;
#3508 = DIRECTION ( 'NONE',  ( 1.000000000000000000, 0.000000000000000000, 0.000000000000000000 ) ) ;
#3509 = CARTESIAN_POINT ( 'NONE',  ( 43.91782418975069646, 63.94971519960149209, 17.60593378890961702 ) ) ;
#3510 = CARTESIAN_POINT ( 'NONE',  ( -1.557329262555353866, 3.890486483572070942, 15.24741293987884916 ) ) ;
#3511 = CIRCLE ( 'NONE', #1185, 1.729999999999999760 ) ;
#3512 = ORIENTED_EDGE ( 'NONE', *, *, #891, .T. ) ;
#3513 = CARTESIAN_POINT ( 'NONE',  ( 56.83102339944998960, 63.75399960494555529, 17.98000000000016740 ) ) ;
#3514 = AXIS2_PLACEMENT_3D ( 'NONE', #5270, #3639, #3256 ) ;
#3515 = ORIENTED_EDGE ( 'NONE', *, *, #1387, .F. ) ;
#3516 = DIRECTION ( 'NONE',  ( 1.000000000000000000, 0.000000000000000000, 0.000000000000000000 ) ) ;
#3517 = ADVANCED_FACE ( 'NONE', ( #1356 ), #5042, .F. ) ;
#3518 = VECTOR ( 'NONE', #3384, 1000.000000000000000 ) ;
#3519 = CARTESIAN_POINT ( 'NONE',  ( -0.6243420121209913853, 4.081843682478076829, 12.26985780139617788 ) ) ;
#3520 = CARTESIAN_POINT ( 'NONE',  ( 49.89054777056510659, 65.66839462101903280, 20.78000000000000469 ) ) ;
#3521 = CIRCLE ( 'NONE', #498, 7.000000000000000000 ) ;
#3522 = VECTOR ( 'NONE', #1395, 1000.000000000000000 ) ;
#3523 = VECTOR ( 'NONE', #2114, 1000.000000000000000 ) ;
#3524 = CARTESIAN_POINT ( 'NONE',  ( 56.57464834696560274, 63.05847099403645473, 2.923535433346226231 ) ) ;
#3525 = EDGE_CURVE ( 'NONE', #4447, #933, #518, .T. ) ;
#3526 = AXIS2_PLACEMENT_3D ( 'NONE', #4450, #732, #682 ) ;
#3527 = CARTESIAN_POINT ( 'NONE',  ( 56.54984027860580653, 64.08646829148582924, 18.15147544281489544 ) ) ;
#3528 = ORIENTED_EDGE ( 'NONE', *, *, #715, .F. ) ;
#3529 = AXIS2_PLACEMENT_3D ( 'NONE', #2631, #4668, #4322 ) ;
#3530 = EDGE_CURVE ( 'NONE', #2242, #1748, #4889, .T. ) ;
#3531 = CIRCLE ( 'NONE', #1637, 3.400000000000000355 ) ;
#3532 = CARTESIAN_POINT ( 'NONE',  ( 57.76560619795593254, 62.47233726555184319, 5.027298318158004875 ) ) ;
#3533 = ORIENTED_EDGE ( 'NONE', *, *, #1647, .F. ) ;
#3534 = LINE ( 'NONE', #3561, #2402 ) ;
#3535 = LINE ( 'NONE', #2355, #853 ) ;
#3536 = CIRCLE ( 'NONE', #4660, 5.000000000000000888 ) ;
#3537 = FACE_BOUND ( 'NONE', #2794, .T. ) ;
#3538 = AXIS2_PLACEMENT_3D ( 'NONE', #3644, #4068, #1163 ) ;
#3539 = FACE_OUTER_BOUND ( 'NONE', #3486, .T. ) ;
#3540 = VECTOR ( 'NONE', #2940, 1000.000000000000000 ) ;
#3541 = CARTESIAN_POINT ( 'NONE',  ( 3.830547770565105203, 4.448649962794851476, 17.98000000000000398 ) ) ;
#3542 = EDGE_LOOP ( 'NONE', ( #293, #4880, #4590, #4098 ) ) ;
#3543 = DIRECTION ( 'NONE',  ( 1.000000000000000000, 0.000000000000000000, 0.000000000000000000 ) ) ;
#3544 = DIRECTION ( 'NONE',  ( 0.000000000000000000, 0.000000000000000000, -1.000000000000000000 ) ) ;
#3545 = CARTESIAN_POINT ( 'NONE',  ( 16.19436216970090925, 54.30864996279485979, 23.78100000000031855 ) ) ;
#3546 = ORIENTED_EDGE ( 'NONE', *, *, #1236, .F. ) ;
#3547 = CIRCLE ( 'NONE', #4234, 2.000000000000001776 ) ;
#3548 = CARTESIAN_POINT ( 'NONE',  ( 3.853361199954024929, 64.92715586414563234, 17.98000000000000398 ) ) ;
#3549 = ORIENTED_EDGE ( 'NONE', *, *, #3437, .F. ) ;
#3550 = LINE ( 'NONE', #4777, #858 ) ;
#3551 = VECTOR ( 'NONE', #2457, 1000.000000000000000 ) ;
#3552 = CARTESIAN_POINT ( 'NONE',  ( -0.05118665774844760596, 2.912253080735421662, 13.13105685039677795 ) ) ;
#3553 = CARTESIAN_POINT ( 'NONE',  ( 55.99047171445558746, 65.38431099902913957, 2.508361965348510747 ) ) ;
#3554 = EDGE_CURVE ( 'NONE', #212, #1927, #2750, .T. ) ;
#3555 = ORIENTED_EDGE ( 'NONE', *, *, #4867, .F. ) ;
#3556 = CYLINDRICAL_SURFACE ( 'NONE', #2608, 2.000000000000001776 ) ;
#3557 = CARTESIAN_POINT ( 'NONE',  ( 56.20954318265675198, 65.24829132264137854, 18.19524526085847427 ) ) ;
#3558 = ORIENTED_EDGE ( 'NONE', *, *, #4256, .F. ) ;
#3559 = CIRCLE ( 'NONE', #1922, 1.729999999999998872 ) ;
#3560 = CARTESIAN_POINT ( 'NONE',  ( 50.52571746464028024, 69.48700074922309966, 3.168316840610242213 ) ) ;
#3561 = CARTESIAN_POINT ( 'NONE',  ( 58.69054777056490479, 72.30864996279485979, -5.220000000000410090 ) ) ;
#3562 = EDGE_CURVE ( 'NONE', #842, #4681, #5314, .T. ) ;
#3563 = DIRECTION ( 'NONE',  ( 1.000000000000000000, 0.000000000000000000, 0.000000000000000000 ) ) ;
#3564 = CARTESIAN_POINT ( 'NONE',  ( 51.03397632773753401, 71.39814046923714841, 17.60349596741259504 ) ) ;
#3565 = DIRECTION ( 'NONE',  ( 0.9999911583173988205, 0.004205150059984123952, -0.000000000000000000 ) ) ;
#3566 = VERTEX_POINT ( 'NONE', #2931 ) ;
#3567 = CARTESIAN_POINT ( 'NONE',  ( 56.59054777056510233, 55.25182475792256298, 13.26924166866011667 ) ) ;
#3568 = CARTESIAN_POINT ( 'NONE',  ( 26.43000000000000327, 73.16365341904581499, 2.500000000000002220 ) ) ;
#3569 = DIRECTION ( 'NONE',  ( 1.000000000000000000, 9.875726538627338513E-17, -0.000000000000000000 ) ) ;
#3570 = VERTEX_POINT ( 'NONE', #873 ) ;
#3571 = DIRECTION ( 'NONE',  ( 6.982962677686267499E-15, -8.758115402030108638E-47, 1.000000000000000000 ) ) ;
#3572 = AXIS2_PLACEMENT_3D ( 'NONE', #1566, #4934, #1215 ) ;
#3573 = VERTEX_POINT ( 'NONE', #3430 ) ;
#3574 = FACE_OUTER_BOUND ( 'NONE', #2697, .T. ) ;
#3575 = CARTESIAN_POINT ( 'NONE',  ( 0.1207090658733939309, 2.644016419141887564, 13.85088632610196235 ) ) ;
#3576 = CARTESIAN_POINT ( 'NONE',  ( -1.055825776518965586, 6.111890362310949953, 14.37235936854763629 ) ) ;
#3577 = ORIENTED_EDGE ( 'NONE', *, *, #4580, .T. ) ;
#3578 = CARTESIAN_POINT ( 'NONE',  ( 57.87735562303402048, 64.01870237293630339, 4.694881973088239846 ) ) ;
#3579 = CARTESIAN_POINT ( 'NONE',  ( 57.81902141270999351, 66.19449986652467999, 17.60593378890961702 ) ) ;
#3580 = ORIENTED_EDGE ( 'NONE', *, *, #264, .F. ) ;
#3581 = CARTESIAN_POINT ( 'NONE',  ( 50.48883534559514175, 71.09236720020076916, 4.515642804725405135 ) ) ;
#3582 = CARTESIAN_POINT ( 'NONE',  ( 52.90751792424551070, 68.75014580811782139, 19.27298672771098964 ) ) ;
#3583 = DIRECTION ( 'NONE',  ( 0.000000000000000000, 0.000000000000000000, 1.000000000000000000 ) ) ;
#3584 = CARTESIAN_POINT ( 'NONE',  ( 50.73403316006063335, 69.45560743597108910, 18.94577309320585812 ) ) ;
#3585 = CARTESIAN_POINT ( 'NONE',  ( 58.69054777056489058, 72.30864996279485979, -6.670000000000415596 ) ) ;
#3586 = ORIENTED_EDGE ( 'NONE', *, *, #2289, .F. ) ;
#3587 = DIRECTION ( 'NONE',  ( 0.000000000000000000, 0.000000000000000000, 1.000000000000000000 ) ) ;
#3588 = DIRECTION ( 'NONE',  ( 0.000000000000000000, -1.000000000000000000, -0.000000000000000000 ) ) ;
#3589 = DIRECTION ( 'NONE',  ( -1.000000000000000000, 0.000000000000000000, 6.982962677686269077E-15 ) ) ;
#3590 = ORIENTED_EDGE ( 'NONE', *, *, #2092, .F. ) ;
#3591 = CARTESIAN_POINT ( 'NONE',  ( 56.59054777056510233, 62.54864996279485467, -3.720000000000389662 ) ) ;
#3592 = ORIENTED_EDGE ( 'NONE', *, *, #2584, .F. ) ;
#3593 = EDGE_CURVE ( 'NONE', #4324, #1516, #1714, .T. ) ;
#3594 = LINE ( 'NONE', #1169, #3615 ) ;
#3595 = VECTOR ( 'NONE', #150, 1000.000000000000000 ) ;
#3596 = EDGE_CURVE ( 'NONE', #2176, #2798, #2592, .T. ) ;
#3597 = CARTESIAN_POINT ( 'NONE',  ( -1.359477131297188057, 3.650116192669889958, 13.34072418580225516 ) ) ;
#3598 = CARTESIAN_POINT ( 'NONE',  ( 54.03778700499593413, 68.21516047078760892, 3.923567927674755929 ) ) ;
#3599 = VECTOR ( 'NONE', #3288, 1000.000000000000000 ) ;
#3600 = VECTOR ( 'NONE', #4903, 1000.000000000000000 ) ;
#3601 = VERTEX_POINT ( 'NONE', #1334 ) ;
#3602 = CARTESIAN_POINT ( 'NONE',  ( -1.808794681992722975, 4.276910034893315782, 13.27773038352704660 ) ) ;
#3603 = CARTESIAN_POINT ( 'NONE',  ( 57.25376527415610894, 65.82089128141311107, 4.508872305064035579 ) ) ;
#3604 = FACE_OUTER_BOUND ( 'NONE', #3842, .T. ) ;
#3605 = CIRCLE ( 'NONE', #3431, 2.500000000000002220 ) ;
#3606 = CARTESIAN_POINT ( 'NONE',  ( 56.62854459270237584, 63.60215208719016999, 18.08006381668987572 ) ) ;
#3607 = CIRCLE ( 'NONE', #3776, 6.999999999999999112 ) ;
#3608 = CARTESIAN_POINT ( 'NONE',  ( 50.21118501767153930, 69.52201708995868046, 3.182284486417177760 ) ) ;
#3609 = ORIENTED_EDGE ( 'NONE', *, *, #715, .T. ) ;
#3610 = CARTESIAN_POINT ( 'NONE',  ( 55.76700212774404264, 65.85896555606663583, 19.60593378890962768 ) ) ;
#3611 = FACE_OUTER_BOUND ( 'NONE', #3058, .T. ) ;
#3612 = AXIS2_PLACEMENT_3D ( 'NONE', #4139, #1314, #2965 ) ;
#3613 = CARTESIAN_POINT ( 'NONE',  ( 50.89948068093430322, 71.09238443356866810, 17.60694100358912095 ) ) ;
#3614 = EDGE_CURVE ( 'NONE', #445, #2176, #529, .T. ) ;
#3615 = VECTOR ( 'NONE', #3945, 1000.000000000000114 ) ;
#3616 = EDGE_CURVE ( 'NONE', #2798, #2299, #1310, .T. ) ;
#3617 = CARTESIAN_POINT ( 'NONE',  ( 51.45454777056507822, 2.748649962794845969, 17.98000000000000398 ) ) ;
#3618 = ORIENTED_EDGE ( 'NONE', *, *, #3554, .T. ) ;
#3619 = CARTESIAN_POINT ( 'NONE',  ( 5.830547770565072341, 70.35642966398192755, 21.98000000000000398 ) ) ;
#3620 = DIRECTION ( 'NONE',  ( 0.000000000000000000, -1.000000000000000000, -0.000000000000000000 ) ) ;
#3621 = CARTESIAN_POINT ( 'NONE',  ( -1.069452229434900037, 53.59604800156340332, -1.749304498602572089 ) ) ;
#3622 = ORIENTED_EDGE ( 'NONE', *, *, #1024, .F. ) ;
#3623 = CARTESIAN_POINT ( 'NONE',  ( 56.59054777056510233, 52.71776721078238381, 13.37999999999961176 ) ) ;
#3624 = AXIS2_PLACEMENT_3D ( 'NONE', #2039, #5023, #4110 ) ;
#3625 = ORIENTED_EDGE ( 'NONE', *, *, #2415, .T. ) ;
#3626 = CARTESIAN_POINT ( 'NONE',  ( -5.528395281464843158, 52.71776721078237671, 7.230000000000042171 ) ) ;
#3627 = CARTESIAN_POINT ( 'NONE',  ( 49.69054777056497585, 72.30864996279485979, 4.757110654816427697 ) ) ;
#3628 = CARTESIAN_POINT ( 'NONE',  ( 0.1456583815608020471, 2.607185669930230709, 14.25562958249767043 ) ) ;
#3629 = CARTESIAN_POINT ( 'NONE',  ( 56.99338897938454096, 66.38833247308852492, 4.508136625070703118 ) ) ;
#3630 = EDGE_CURVE ( 'NONE', #1653, #1684, #79, .T. ) ;
#3631 = ORIENTED_EDGE ( 'NONE', *, *, #1815, .T. ) ;
#3632 = DIRECTION ( 'NONE',  ( 0.7071067811865486830, -0.7071067811865464625, 0.000000000000000000 ) ) ;
#3633 = CARTESIAN_POINT ( 'NONE',  ( 57.97049020109935213, 65.66685513847852462, 4.523454707005391207 ) ) ;
#3634 = DIRECTION ( 'NONE',  ( 1.000000000000000000, 9.875726538627338513E-17, -0.000000000000000000 ) ) ;
#3635 = CARTESIAN_POINT ( 'NONE',  ( -1.069452229434893153, 28.84697162930883252, -1.934075827659148539 ) ) ;
#3636 = AXIS2_PLACEMENT_3D ( 'NONE', #3798, #4572, #909 ) ;
#3637 = CARTESIAN_POINT ( 'NONE',  ( 50.57480105793113268, 69.63662071489247296, 3.911586811837205691 ) ) ;
#3638 = ORIENTED_EDGE ( 'NONE', *, *, #3217, .F. ) ;
#3639 = DIRECTION ( 'NONE',  ( -4.511425619503902066E-45, -1.000000000000000000, -6.445834664451860138E-31 ) ) ;
#3640 = FACE_OUTER_BOUND ( 'NONE', #499, .T. ) ;
#3641 = CARTESIAN_POINT ( 'NONE',  ( 50.19385788790571468, 69.65508081768714987, 18.22223032595919534 ) ) ;
#3642 = CARTESIAN_POINT ( 'NONE',  ( -2.897641447718370511, 3.048552884838313215, 14.38985392822375076 ) ) ;
#3643 = ORIENTED_EDGE ( 'NONE', *, *, #2396, .T. ) ;
#3644 = CARTESIAN_POINT ( 'NONE',  ( 3.853361199954024929, 64.92715586414563234, 21.98000000000000398 ) ) ;
#3645 = CARTESIAN_POINT ( 'NONE',  ( 56.20954312934457420, 65.24829108792789611, 3.919050019188145217 ) ) ;
#3646 = CARTESIAN_POINT ( 'NONE',  ( 1.506120238718114290, 53.62159102859877180, -3.719999999999999751 ) ) ;
#3647 = ORIENTED_EDGE ( 'NONE', *, *, #2827, .T. ) ;
#3648 = CARTESIAN_POINT ( 'NONE',  ( -0.02946887145179499790, 2.876860968319403078, 13.19316218691513143 ) ) ;
#3649 = ORIENTED_EDGE ( 'NONE', *, *, #1721, .F. ) ;
#3650 = CARTESIAN_POINT ( 'NONE',  ( -2.969452229435093571, 65.30864996279485979, -5.219999999999979323 ) ) ;
#3651 = DIRECTION ( 'NONE',  ( 1.000000000000000000, 0.000000000000000000, 0.000000000000000000 ) ) ;
#3652 = CARTESIAN_POINT ( 'NONE',  ( 54.59054777056510233, 52.14276721078237387, 17.80499999999959826 ) ) ;
#3653 = CARTESIAN_POINT ( 'NONE',  ( 54.31433275255015758, 68.56282486913353580, 4.365981726187468936 ) ) ;
#3654 = ADVANCED_FACE ( 'NONE', ( #926 ), #106, .F. ) ;
#3655 = ORIENTED_EDGE ( 'NONE', *, *, #2871, .F. ) ;
#3656 = CARTESIAN_POINT ( 'NONE',  ( -1.055029008170268234, 6.099451911225376222, 13.99243389530411186 ) ) ;
#3657 = CARTESIAN_POINT ( 'NONE',  ( 58.13173884495186172, 63.63892354364111981, 4.826405039575365485 ) ) ;
#3658 = CARTESIAN_POINT ( 'NONE',  ( 40.83416265469568884, 70.14024240127203313, 11.05714787712906144 ) ) ;
#3659 = CARTESIAN_POINT ( 'NONE',  ( -1.069452229434879387, 28.84697162930884673, -1.934075827659148539 ) ) ;
#3660 = CARTESIAN_POINT ( 'NONE',  ( 50.41317896127791442, 69.65096687170604639, 3.904178483594289872 ) ) ;
#3661 = ORIENTED_EDGE ( 'NONE', *, *, #4540, .T. ) ;
#3662 = CARTESIAN_POINT ( 'NONE',  ( 55.42601708503944025, 66.44165447127764423, 19.60593378890962057 ) ) ;
#3663 = CARTESIAN_POINT ( 'NONE',  ( 57.63506004166855234, 59.72228977205849532, 6.220431054970427809 ) ) ;
#3664 = CARTESIAN_POINT ( 'NONE',  ( 51.11073690732814612, 71.08234539760751147, 17.60633316795684777 ) ) ;
#3665 = CARTESIAN_POINT ( 'NONE',  ( -0.7298314612609705376, 3.082670884546185874, 14.52740318798511865 ) ) ;
#3666 = ORIENTED_EDGE ( 'NONE', *, *, #1705, .F. ) ;
#3667 = DIRECTION ( 'NONE',  ( 1.000000000000000000, 0.000000000000000000, 0.000000000000000000 ) ) ;
#3668 = CARTESIAN_POINT ( 'NONE',  ( 50.88376972221254846, 72.30864996279483137, -5.220000000000355911 ) ) ;
#3669 = CARTESIAN_POINT ( 'NONE',  ( 43.19436216853077326, 30.70864996279484771, 23.78100000000013026 ) ) ;
#3670 = ORIENTED_EDGE ( 'NONE', *, *, #833, .F. ) ;
#3671 = DIRECTION ( 'NONE',  ( 0.000000000000000000, 0.000000000000000000, 1.000000000000000000 ) ) ;
#3672 = ORIENTED_EDGE ( 'NONE', *, *, #511, .F. ) ;
#3673 = CARTESIAN_POINT ( 'NONE',  ( -1.069452229434897594, 69.54864996279485467, 23.78000000000000114 ) ) ;
#3674 = CARTESIAN_POINT ( 'NONE',  ( 26.43000000000000327, 69.54864996279485467, 10.50000000000000000 ) ) ;
#3675 = CARTESIAN_POINT ( 'NONE',  ( 49.81040043674660467, 71.33059146416998431, 4.587329119287290702 ) ) ;
#3676 = ORIENTED_EDGE ( 'NONE', *, *, #2312, .T. ) ;
#3677 = CARTESIAN_POINT ( 'NONE',  ( 54.86821504900050428, 67.19617868082896450, 2.843783251406341694 ) ) ;
#3678 = B_SPLINE_CURVE_WITH_KNOTS ( 'NONE', 3,
 ( #1038, #1261, #2687, #214, #3309, #3484, #3837, #3738, #4977, #4172, #985, #5121 ),
 .UNSPECIFIED., .F., .F.,
 ( 4, 2, 2, 2, 2, 4 ),
 ( 0.000000000000000000, 0.2500000000000012768, 0.5000000000000025535, 0.6250000000000022204, 0.7500000000000017764, 1.000000000000000000 ),
 .UNSPECIFIED. ) ;
#3679 = ORIENTED_EDGE ( 'NONE', *, *, #3070, .T. ) ;
#3680 = CARTESIAN_POINT ( 'NONE',  ( 58.69054777056511085, 63.30864996279486689, 23.77999999999959257 ) ) ;
#3681 = DIRECTION ( 'NONE',  ( 1.000000000000000000, 0.000000000000000000, 0.000000000000000000 ) ) ;
#3682 = LINE ( 'NONE', #1583, #4595 ) ;
#3683 = CARTESIAN_POINT ( 'NONE',  ( 44.33158217315843785, 69.54864996279485467, 18.02426541110812153 ) ) ;
#3684 = AXIS2_PLACEMENT_3D ( 'NONE', #5283, #2850, #733 ) ;
#3685 = ADVANCED_FACE ( 'NONE', ( #3008 ), #2605, .T. ) ;
#3686 = CARTESIAN_POINT ( 'NONE',  ( 50.88740018906369755, 70.78150690622096874, 4.508365305948557555 ) ) ;
#3687 = ORIENTED_EDGE ( 'NONE', *, *, #2645, .F. ) ;
#3688 = CARTESIAN_POINT ( 'NONE',  ( 26.43000000000000327, 69.54864996279485467, 10.50000000000000000 ) ) ;
#3689 = LINE ( 'NONE', #2109, #1790 ) ;
#3690 = CIRCLE ( 'NONE', #4626, 1.500000000000004885 ) ;
#3691 = CARTESIAN_POINT ( 'NONE',  ( 40.08849939608893465, 69.54864975919120695, 13.60438432689691091 ) ) ;
#3692 = ADVANCED_FACE ( 'NONE', ( #1469 ), #2255, .T. ) ;
#3693 = EDGE_CURVE ( 'NONE', #2445, #3959, #4120, .T. ) ;
#3694 = CIRCLE ( 'NONE', #3507, 6.999999999999999112 ) ;
#3695 = CARTESIAN_POINT ( 'NONE',  ( -1.084574368822500245, 3.373754446871334522, 15.00748378507962322 ) ) ;
#3696 = VERTEX_POINT ( 'NONE', #4368 ) ;
#3697 = CARTESIAN_POINT ( 'NONE',  ( 56.59054777056510233, 51.14276721078237387, 17.80499999999959826 ) ) ;
#3698 = CARTESIAN_POINT ( 'NONE',  ( 55.99047171445558746, 65.38431099902913957, 2.508361965348510303 ) ) ;
#3699 = LINE ( 'NONE', #5249, #3461 ) ;
#3700 = ORIENTED_EDGE ( 'NONE', *, *, #1252, .T. ) ;
#3701 = CARTESIAN_POINT ( 'NONE',  ( 3.064822759891888460, 68.93527891610979452, 9.637121910260459501 ) ) ;
#3702 = EDGE_CURVE ( 'NONE', #2577, #2567, #646, .T. ) ;
#3703 = VERTEX_POINT ( 'NONE', #2360 ) ;
#3704 = CARTESIAN_POINT ( 'NONE',  ( -1.069452229434897594, 69.54864996279485467, -3.719999999999987317 ) ) ;
#3705 = LINE ( 'NONE', #3, #1966 ) ;
#3706 = LINE ( 'NONE', #3221, #4391 ) ;
#3707 = ORIENTED_EDGE ( 'NONE', *, *, #5292, .T. ) ;
#3708 = CARTESIAN_POINT ( 'NONE',  ( 52.96539214435014031, 68.71621027172422203, 2.508361965348510303 ) ) ;
#3709 = ORIENTED_EDGE ( 'NONE', *, *, #2439, .T. ) ;
#3710 = LINE ( 'NONE', #8, #2667 ) ;
#3711 = CYLINDRICAL_SURFACE ( 'NONE', #84, 1.000000000000000888 ) ;
#3712 = CARTESIAN_POINT ( 'NONE',  ( 43.88257346435295858, 70.54469802443267668, 15.64990949417389210 ) ) ;
#3713 = CARTESIAN_POINT ( 'NONE',  ( 41.37271581852463243, 69.54864996279488309, 6.273812951824701223 ) ) ;
#3714 = EDGE_CURVE ( 'NONE', #462, #142, #3690, .T. ) ;
#3715 = VECTOR ( 'NONE', #3410, 999.9999999999998863 ) ;
#3716 = FILL_AREA_STYLE ('',( #4146 ) ) ;
#3717 = ORIENTED_EDGE ( 'NONE', *, *, #3763, .T. ) ;
#3718 = CARTESIAN_POINT ( 'NONE',  ( 52.84907476694692008, 68.78361691571220149, 18.93923509621052759 ) ) ;
#3719 = DIRECTION ( 'NONE',  ( 1.000000000000000000, -0.000000000000000000, -7.011174048739593499E-15 ) ) ;
#3720 = CARTESIAN_POINT ( 'NONE',  ( 46.99922991021235674, 69.54864996279485467, 19.08590053188672542 ) ) ;
#3721 = EDGE_CURVE ( 'NONE', #3030, #4842, #288, .T. ) ;
#3722 = EDGE_CURVE ( 'NONE', #3601, #1282, #2059, .T. ) ;
#3723 = CARTESIAN_POINT ( 'NONE',  ( -0.8256793264588760950, 3.156274691512748198, 14.71565170296353031 ) ) ;
#3724 = CARTESIAN_POINT ( 'NONE',  ( 56.59054777056511654, 60.55571727061865062, 3.992565537633487427 ) ) ;
#3725 = CARTESIAN_POINT ( 'NONE',  ( 58.69054777056498295, 63.30864996279486689, 5.068930122833145369 ) ) ;
#3726 = CARTESIAN_POINT ( 'NONE',  ( 50.31597899756765457, 64.54633924311154658, 17.98000000000000398 ) ) ;
#3727 = CARTESIAN_POINT ( 'NONE',  ( 5.930547770565109289, -0.4513500372051487686, 23.78000000000000114 ) ) ;
#3728 = ORIENTED_EDGE ( 'NONE', *, *, #5040, .T. ) ;
#3729 = CARTESIAN_POINT ( 'NONE',  ( 3.908035432233328610, 69.25146453627729670, 13.61318713080176224 ) ) ;
#3730 = VERTEX_POINT ( 'NONE', #4691 ) ;
#3731 = CARTESIAN_POINT ( 'NONE',  ( 53.70998752070180160, 70.21678477598072732, 17.60593378891093153 ) ) ;
#3732 = CARTESIAN_POINT ( 'NONE',  ( -0.1524800157637188069, 3.044766514985151495, 14.25722857916173680 ) ) ;
#3733 = VERTEX_POINT ( 'NONE', #213 ) ;
#3734 = CARTESIAN_POINT ( 'NONE',  ( -2.969452229435073143, 28.84697162930884673, -1.934075827659135216 ) ) ;
#3735 = EDGE_LOOP ( 'NONE', ( #1344, #3590, #2505, #2290 ) ) ;
#3736 = DIRECTION ( 'NONE',  ( 0.000000000000000000, 0.000000000000000000, -1.000000000000000000 ) ) ;
#3737 = CARTESIAN_POINT ( 'NONE',  ( 14.68632900351049209, 13.44864996279486213, -3.720000000000105000 ) ) ;
#3738 = CARTESIAN_POINT ( 'NONE',  ( 54.21076788992404261, 71.11500444946622679, 23.77999999999962455 ) ) ;
#3739 = DIRECTION ( 'NONE',  ( 0.000000000000000000, 0.000000000000000000, 1.000000000000000000 ) ) ;
#3740 = EDGE_CURVE ( 'NONE', #1051, #2989, #2501, .T. ) ;
#3741 = FACE_OUTER_BOUND ( 'NONE', #3195, .T. ) ;
#3742 = ORIENTED_EDGE ( 'NONE', *, *, #179, .T. ) ;
#3743 = CARTESIAN_POINT ( 'NONE',  ( 50.98799401882268967, 70.77308625153665389, 17.60434623593060266 ) ) ;
#3744 = CARTESIAN_POINT ( 'NONE',  ( 57.19284876324651634, 56.39504581191086174, 12.33424312761678010 ) ) ;
#3745 = CARTESIAN_POINT ( 'NONE',  ( 43.19436216853058141, 30.70864996279484771, -3.720000000000303064 ) ) ;
#3746 = CARTESIAN_POINT ( 'NONE',  ( 44.69417305852414302, 69.61304957198983345, 4.925778317651229976 ) ) ;
#3747 = CARTESIAN_POINT ( 'NONE',  ( 49.08562111042900256, 71.23447765649464714, 4.657366770882502394 ) ) ;
#3748 = CARTESIAN_POINT ( 'NONE',  ( 56.59045760825887328, 62.03057322656994188, 18.33697193699456918 ) ) ;
#3749 = DIRECTION ( 'NONE',  ( 0.000000000000000000, 0.000000000000000000, -1.000000000000000000 ) ) ;
#3750 = CARTESIAN_POINT ( 'NONE',  ( 56.59054777056510233, 62.54864996279485467, 19.01813075662171926 ) ) ;
#3751 = ORIENTED_EDGE ( 'NONE', *, *, #994, .T. ) ;
#3752 = CARTESIAN_POINT ( 'NONE',  ( 45.56833708395310367, 72.30864996279487400, 16.52665339212785156 ) ) ;
#3753 = ORIENTED_EDGE ( 'NONE', *, *, #283, .F. ) ;
#3754 = CARTESIAN_POINT ( 'NONE',  ( 50.59983310073058504, 69.63380958128826137, 3.912928674509515314 ) ) ;
#3755 = EDGE_CURVE ( 'NONE', #3878, #1258, #3890, .T. ) ;
#3756 = DIRECTION ( 'NONE',  ( -6.991222571849441366E-15, 6.445834664451861014E-31, -1.000000000000000000 ) ) ;
#3757 = ORIENTED_EDGE ( 'NONE', *, *, #1856, .F. ) ;
#3758 =( NAMED_UNIT ( * ) SI_UNIT ( $, .STERADIAN. ) SOLID_ANGLE_UNIT ( ) );
#3759 = CARTESIAN_POINT ( 'NONE',  ( -1.700596736629528705, 4.097691935816150988, 13.26079637648832232 ) ) ;
#3760 = EDGE_CURVE ( 'NONE', #4921, #3703, #3389, .T. ) ;
#3761 = VERTEX_POINT ( 'NONE', #2686 ) ;
#3762 = DIRECTION ( 'NONE',  ( 1.000000000000000000, 9.875726538627338513E-17, -0.000000000000000000 ) ) ;
#3763 = EDGE_CURVE ( 'NONE', #5306, #3287, #1497, .T. ) ;
#3764 = CARTESIAN_POINT ( 'NONE',  ( -1.069452229434897594, 69.54864996279485467, 23.78000000000000114 ) ) ;
#3765 = DIRECTION ( 'NONE',  ( 0.000000000000000000, 1.000000000000000000, 0.000000000000000000 ) ) ;
#3766 = SURFACE_STYLE_USAGE ( .BOTH. , #4174 ) ;
#3767 = ORIENTED_EDGE ( 'NONE', *, *, #2603, .T. ) ;
#3768 = CARTESIAN_POINT ( 'NONE',  ( 53.49071832076079858, 69.95564876634588813, 17.60639531335922214 ) ) ;
#3769 = CARTESIAN_POINT ( 'NONE',  ( 57.48744786823333186, 58.63634730437249942, 15.22062227758921793 ) ) ;
#3770 = CARTESIAN_POINT ( 'NONE',  ( 49.59054777056510233, 62.54864996279485467, -95.90999724335667054 ) ) ;
#3771 = AXIS2_PLACEMENT_3D ( 'NONE', #2901, #2820, #762 ) ;
#3772 = CARTESIAN_POINT ( 'NONE',  ( 49.68674541256115162, 70.05447928276763037, 17.77023756279347566 ) ) ;
#3773 = VECTOR ( 'NONE', #2110, 1000.000000000000000 ) ;
#3774 = CARTESIAN_POINT ( 'NONE',  ( 42.60776955994496973, 70.37568251254953111, 7.428841629109855127 ) ) ;
#3775 = CARTESIAN_POINT ( 'NONE',  ( 57.40381903134925068, 61.11324177584327089, 16.78046699808058051 ) ) ;
#3776 = AXIS2_PLACEMENT_3D ( 'NONE', #843, #2062, #4135 ) ;
#3777 = CARTESIAN_POINT ( 'NONE',  ( 0.5061202387181135132, 16.14602530996853247, -3.719999999999999751 ) ) ;
#3778 = CARTESIAN_POINT ( 'NONE',  ( 2.308547770565092083, 66.27464996279483955, 17.98000000000000398 ) ) ;
#3779 = CIRCLE ( 'NONE', #1025, 1.976629218758616080 ) ;
#3780 = ADVANCED_FACE ( 'NONE', ( #263 ), #5119, .F. ) ;
#3781 = ORIENTED_EDGE ( 'NONE', *, *, #386, .T. ) ;
#3782 = ADVANCED_FACE ( 'NONE', ( #3483 ), #2280, .T. ) ;
#3783 = CARTESIAN_POINT ( 'NONE',  ( 5.482708194504017918, 69.54864996279486888, 15.13146737004843168 ) ) ;
#3784 = ORIENTED_EDGE ( 'NONE', *, *, #3616, .F. ) ;
#3785 = DIRECTION ( 'NONE',  ( 0.7042037807614112133, 0.7099979120823766143, 0.000000000000000000 ) ) ;
#3786 = CIRCLE ( 'NONE', #1632, 2.500000000000002220 ) ;
#3787 = CYLINDRICAL_SURFACE ( 'NONE', #1049, 6.548785911780555580 ) ;
#3788 = VERTEX_POINT ( 'NONE', #977 ) ;
#3789 = CARTESIAN_POINT ( 'NONE',  ( 51.29349193309585786, 71.38606933607925953, 4.508361965348509415 ) ) ;
#3790 = CARTESIAN_POINT ( 'NONE',  ( 8.259691434521279518, 72.30864996279485979, 12.11308500000000521 ) ) ;
#3791 = VECTOR ( 'NONE', #4051, 1000.000000000000000 ) ;
#3792 = ORIENTED_EDGE ( 'NONE', *, *, #1360, .T. ) ;
#3793 = DIRECTION ( 'NONE',  ( 0.000000000000000000, -1.000000000000000000, -0.000000000000000000 ) ) ;
#3794 = EDGE_CURVE ( 'NONE', #906, #1142, #3075, .T. ) ;
#3795 = FACE_OUTER_BOUND ( 'NONE', #4504, .T. ) ;
#3796 = AXIS2_PLACEMENT_3D ( 'NONE', #531, #414, #1343 ) ;
#3797 = ADVANCED_FACE ( 'NONE', ( #5136 ), #2702, .F. ) ;
#3798 = CARTESIAN_POINT ( 'NONE',  ( 54.59054777056510233, 51.14276721078237387, 17.80499999999959826 ) ) ;
#3799 = AXIS2_PLACEMENT_3D ( 'NONE', #2541, #3393, #4537 ) ;
#3800 = DIRECTION ( 'NONE',  ( -1.000000000000000000, 0.000000000000000000, 6.991222571849440577E-15 ) ) ;
#3801 = ORIENTED_EDGE ( 'NONE', *, *, #5223, .F. ) ;
#3802 = CARTESIAN_POINT ( 'NONE',  ( 57.79907640566549532, 60.96021597079894150, 16.51896757802787974 ) ) ;
#3803 = DIRECTION ( 'NONE',  ( -0.004205150059984275740, 0.9999911583173988205, 0.000000000000000000 ) ) ;
#3804 = CARTESIAN_POINT ( 'NONE',  ( 48.86529664782680271, 69.54864996279485467, 2.989751091601127175 ) ) ;
#3805 = CARTESIAN_POINT ( 'NONE',  ( 47.24993707181716474, 70.99204237336118695, 5.031385287609926316 ) ) ;
#3806 = CARTESIAN_POINT ( 'NONE',  ( 57.57197951637282074, 62.94959017029012927, 4.854679233124721272 ) ) ;
#3807 = DIRECTION ( 'NONE',  ( 1.000000000000000000, 0.000000000000000000, 0.000000000000000000 ) ) ;
#3808 = CARTESIAN_POINT ( 'NONE',  ( 58.69054777056491190, 64.50512128014347013, -5.220000000000410090 ) ) ;
#3809 = ORIENTED_EDGE ( 'NONE', *, *, #657, .F. ) ;
#3810 = AXIS2_PLACEMENT_3D ( 'NONE', #554, #4678, #441 ) ;
#3811 = CARTESIAN_POINT ( 'NONE',  ( -2.969452229435056267, 41.21098283457539679, 0.2273247201560567587 ) ) ;
#3812 = ORIENTED_EDGE ( 'NONE', *, *, #4710, .T. ) ;
#3813 = CARTESIAN_POINT ( 'NONE',  ( 55.21497530241190077, 12.72672186848767062, -1.719999999999999751 ) ) ;
#3814 = CARTESIAN_POINT ( 'NONE',  ( 51.89054777056510659, 4.448649962794851476, 21.98000000000000398 ) ) ;
#3815 = VERTEX_POINT ( 'NONE', #3958 ) ;
#3816 = CARTESIAN_POINT ( 'NONE',  ( 49.81040043674660467, 71.33059146416998431, 17.52696663497083307 ) ) ;
#3817 = VERTEX_POINT ( 'NONE', #1027 ) ;
#3818 = DIRECTION ( 'NONE',  ( 1.000000000000000000, 0.000000000000000000, 0.000000000000000000 ) ) ;
#3819 = DIRECTION ( 'NONE',  ( 0.000000000000000000, 0.000000000000000000, 1.000000000000000000 ) ) ;
#3820 = CARTESIAN_POINT ( 'NONE',  ( 5.930547770565109289, 6.548649962794852009, 17.97999999999999687 ) ) ;
#3821 = EDGE_CURVE ( 'NONE', #3391, #669, #3880, .T. ) ;
#3822 = DIRECTION ( 'NONE',  ( 6.982962677686268288E-15, 1.050493145930697763E-16, 1.000000000000000000 ) ) ;
#3823 = EDGE_LOOP ( 'NONE', ( #3386, #2914 ) ) ;
#3824 = LINE ( 'NONE', #2698, #3201 ) ;
#3825 = CYLINDRICAL_SURFACE ( 'NONE', #1109, 1.500000000000004885 ) ;
#3826 = AXIS2_PLACEMENT_3D ( 'NONE', #2996, #2950, #2133 ) ;
#3827 = CARTESIAN_POINT ( 'NONE',  ( 42.55105435120076152, 70.08950746337119142, 6.981521645353507388 ) ) ;
#3828 = CARTESIAN_POINT ( 'NONE',  ( -1.990989800669897392, 4.737908286218333487, 14.98763842094390064 ) ) ;
#3829 = CARTESIAN_POINT ( 'NONE',  ( 56.59055584221513158, 56.63424580340797121, 6.910790191565061136 ) ) ;
#3830 = CARTESIAN_POINT ( 'NONE',  ( 51.89054777056512080, 6.448649962794850587, 17.98000000000000398 ) ) ;
#3831 = EDGE_CURVE ( 'NONE', #4423, #3033, #3559, .T. ) ;
#3832 = CARTESIAN_POINT ( 'NONE',  ( 55.99047171445558746, 65.38431099902913957, 2.508361965348510303 ) ) ;
#3833 = ORIENTED_EDGE ( 'NONE', *, *, #1316, .T. ) ;
#3834 = CARTESIAN_POINT ( 'NONE',  ( 50.72663821981753784, 69.45666816216636619, 19.27697648850501722 ) ) ;
#3835 = ORIENTED_EDGE ( 'NONE', *, *, #5120, .T. ) ;
#3836 = DIRECTION ( 'NONE',  ( 1.000000000000000000, 0.000000000000000000, 0.000000000000000000 ) ) ;
#3837 = CARTESIAN_POINT ( 'NONE',  ( 55.18234113083772030, 70.46494587342897375, 23.77999999999962100 ) ) ;
#3838 = CARTESIAN_POINT ( 'NONE',  ( -2.969452229435074475, 19.66878429235580583, -1.934075827659135216 ) ) ;
#3839 = VERTEX_POINT ( 'NONE', #3929 ) ;
#3840 = CARTESIAN_POINT ( 'NONE',  ( 51.14137308897115020, 71.08036646077836451, 4.508361965348508527 ) ) ;
#3841 = FACE_OUTER_BOUND ( 'NONE', #4014, .T. ) ;
#3842 = EDGE_LOOP ( 'NONE', ( #4532, #2221, #4735, #3930 ) ) ;
#3843 = CARTESIAN_POINT ( 'NONE',  ( 40.19436216970091635, 59.30864996279485979, 23.78100000000015157 ) ) ;
#3844 = DIRECTION ( 'NONE',  ( -1.000000000000000000, -1.222218890245539141E-16, 6.991222571849442154E-15 ) ) ;
#3845 = FACE_OUTER_BOUND ( 'NONE', #4555, .T. ) ;
#3846 = ADVANCED_FACE ( 'NONE', ( #5186 ), #932, .T. ) ;
#3847 = CARTESIAN_POINT ( 'NONE',  ( 56.45130487630641625, 63.97808663125997697, 2.669767903461537806 ) ) ;
#3848 = ORIENTED_EDGE ( 'NONE', *, *, #1269, .T. ) ;
#3849 = CARTESIAN_POINT ( 'NONE',  ( 49.89054777056509948, 69.82800161540140493, 18.18769159690909376 ) ) ;
#3850 = CARTESIAN_POINT ( 'NONE',  ( 55.75859116651502490, 69.14221805953908984, 17.60593378890961702 ) ) ;
#3851 = CARTESIAN_POINT ( 'NONE',  ( 49.15037694113712519, 71.24306500057653579, 4.651109216141064984 ) ) ;
#3852 = EDGE_CURVE ( 'NONE', #842, #4793, #5322, .T. ) ;
#3853 = CARTESIAN_POINT ( 'NONE',  ( 46.25831022938331216, 70.85954507870887653, 5.345771758722984046 ) ) ;
#3854 = CARTESIAN_POINT ( 'NONE',  ( 57.15691602992919940, 56.13808418635584019, 11.05714787712904545 ) ) ;
#3855 = CARTESIAN_POINT ( 'NONE',  ( 56.59054777056510943, 58.45037415394463665, 4.911723142518018115 ) ) ;
#3856 = CARTESIAN_POINT ( 'NONE',  ( 49.75538436800906794, 70.74504778319861487, 17.57884206817643502 ) ) ;
#3857 = AXIS2_PLACEMENT_3D ( 'NONE', #1650, #1971, #4473 ) ;
#3858 = ADVANCED_FACE ( 'NONE', ( #2947 ), #1693, .F. ) ;
#3859 = ORIENTED_EDGE ( 'NONE', *, *, #1445, .T. ) ;
#3860 = CARTESIAN_POINT ( 'NONE',  ( 49.62015806335931245, 69.54864996279486888, 19.50708607291900520 ) ) ;
#3861 = ORIENTED_EDGE ( 'NONE', *, *, #4084, .T. ) ;
#3862 = DIRECTION ( 'NONE',  ( 1.000000000000000000, 0.000000000000000000, 0.000000000000000000 ) ) ;
#3863 = DIRECTION ( 'NONE',  ( -1.000000000000000000, 0.000000000000000000, 0.000000000000000000 ) ) ;
#3864 = CARTESIAN_POINT ( 'NONE',  ( 54.91454777056508618, 2.748649962794845969, 21.98000000000000398 ) ) ;
#3865 = ORIENTED_EDGE ( 'NONE', *, *, #3367, .F. ) ;
#3866 = CARTESIAN_POINT ( 'NONE',  ( 0.3245477705650879896, 2.926649962794846349, 17.98000000000000398 ) ) ;
#3867 = EDGE_CURVE ( 'NONE', #4319, #4281, #2590, .T. ) ;
#3868 = ORIENTED_EDGE ( 'NONE', *, *, #3172, .T. ) ;
#3869 = CARTESIAN_POINT ( 'NONE',  ( 49.59054777056510943, -0.4513500372051434950, -3.720000000000341700 ) ) ;
#3870 = CYLINDRICAL_SURFACE ( 'NONE', #1906, 1.000000000000000888 ) ;
#3871 = CARTESIAN_POINT ( 'NONE',  ( 55.75866534064940794, 69.14231129232926776, 4.508361965348512967 ) ) ;
#3872 = B_SPLINE_CURVE_WITH_KNOTS ( 'NONE', 3,
 ( #4482, #1982, #1170, #374 ),
 .UNSPECIFIED., .F., .F.,
 ( 4, 4 ),
 ( 0.000000000000000000, 0.002269137071938253595 ),
 .UNSPECIFIED. ) ;
#3873 = VECTOR ( 'NONE', #2446, 1000.000000000000000 ) ;
#3874 = LINE ( 'NONE', #2208, #789 ) ;
#3875 = ORIENTED_EDGE ( 'NONE', *, *, #1814, .T. ) ;
#3876 = CIRCLE ( 'NONE', #4039, 4.999999999999997335 ) ;
#3877 = CARTESIAN_POINT ( 'NONE',  ( 56.57264924025587760, 63.08568331513975380, 18.90820358084550179 ) ) ;
#3878 = VERTEX_POINT ( 'NONE', #2130 ) ;
#3879 = CARTESIAN_POINT ( 'NONE',  ( -0.9803045409866123494, 5.024764849493641883, 14.51120144650284693 ) ) ;
#3880 = LINE ( 'NONE', #1405, #2007 ) ;
#3881 = CARTESIAN_POINT ( 'NONE',  ( 56.59054777056510943, 55.01435138325081908, 12.75045213903683994 ) ) ;
#3882 = FACE_OUTER_BOUND ( 'NONE', #5336, .T. ) ;
#3883 = ORIENTED_EDGE ( 'NONE', *, *, #3158, .T. ) ;
#3884 = CARTESIAN_POINT ( 'NONE',  ( 51.29349193309587207, 71.38606933607927374, 4.508361965348512079 ) ) ;
#3885 = EDGE_CURVE ( 'NONE', #4319, #3733, #93, .T. ) ;
#3886 = CIRCLE ( 'NONE', #3284, 1.000000000000000888 ) ;
#3887 = ADVANCED_FACE ( 'NONE', ( #3741 ), #1238, .F. ) ;
#3888 = CARTESIAN_POINT ( 'NONE',  ( 51.51597899756765742, 64.54633924311154658, 18.47745220655031062 ) ) ;
#3889 = ORIENTED_EDGE ( 'NONE', *, *, #339, .T. ) ;
#3890 = LINE ( 'NONE', #598, #2700 ) ;
#3891 = CARTESIAN_POINT ( 'NONE',  ( 49.89054777056510659, 70.01972472474237463, 17.98000000000000753 ) ) ;
#3892 = FACE_OUTER_BOUND ( 'NONE', #1530, .T. ) ;
#3893 = ORIENTED_EDGE ( 'NONE', *, *, #3924, .T. ) ;
#3894 = CARTESIAN_POINT ( 'NONE',  ( -1.798656144810714785, 4.260043333087009110, 13.27605782392912559 ) ) ;
#3895 = CIRCLE ( 'NONE', #1660, 7.000000000000000000 ) ;
#3896 = ORIENTED_EDGE ( 'NONE', *, *, #1243, .T. ) ;
#3897 = LINE ( 'NONE', #2614, #1466 ) ;
#3898 = CARTESIAN_POINT ( 'NONE',  ( 3.853361199954024929, 64.92715586414563234, 17.98000000000000398 ) ) ;
#3899 = CARTESIAN_POINT ( 'NONE',  ( 16.19436216970071740, 54.30864996279485979, -3.720000000000115659 ) ) ;
#3900 = ORIENTED_EDGE ( 'NONE', *, *, #405, .T. ) ;
#3901 = EDGE_CURVE ( 'NONE', #5047, #4493, #169, .T. ) ;
#3902 = CARTESIAN_POINT ( 'NONE',  ( 56.11581807637433172, 65.08653576144946840, 18.93827112288189696 ) ) ;
#3903 = VERTEX_POINT ( 'NONE', #4573 ) ;
#3904 = CARTESIAN_POINT ( 'NONE',  ( -1.055766825232255623, 6.110850140468119918, 14.39971239467909569 ) ) ;
#3905 = CARTESIAN_POINT ( 'NONE',  ( 58.00270022550520110, 62.52987300636770840, 17.02860638535872795 ) ) ;
#3906 = ORIENTED_EDGE ( 'NONE', *, *, #338, .F. ) ;
#3907 = DIRECTION ( 'NONE',  ( 0.000000000000000000, -1.000000000000000000, 0.000000000000000000 ) ) ;
#3908 = DIRECTION ( 'NONE',  ( -0.000000000000000000, -0.000000000000000000, 1.000000000000000000 ) ) ;
#3909 = CYLINDRICAL_SURFACE ( 'NONE', #1885, 5.280000000000001137 ) ;
#3910 = FACE_OUTER_BOUND ( 'NONE', #1603, .T. ) ;
#3911 = ADVANCED_FACE ( 'NONE', ( #3312 ), #1293, .T. ) ;
#3912 = CARTESIAN_POINT ( 'NONE',  ( 58.69054777056489769, 63.30864996279486689, -6.670000000000415596 ) ) ;
#3913 = EDGE_LOOP ( 'NONE', ( #5124, #3356, #4062, #5175 ) ) ;
#3914 = CARTESIAN_POINT ( 'NONE',  ( 56.59054777056510233, 55.10473346882308476, 13.33268090984575238 ) ) ;
#3915 = LINE ( 'NONE', #3061, #2941 ) ;
#3916 = LINE ( 'NONE', #1088, #3971 ) ;
#3917 = ORIENTED_EDGE ( 'NONE', *, *, #53, .T. ) ;
#3918 = LINE ( 'NONE', #1091, #2756 ) ;
#3919 = ADVANCED_FACE ( 'NONE', ( #2994 ), #1263, .T. ) ;
#3920 = ORIENTED_EDGE ( 'NONE', *, *, #1933, .T. ) ;
#3921 = CARTESIAN_POINT ( 'NONE',  ( -2.969452229435074475, 19.66878429235580583, -1.934075827659135216 ) ) ;
#3922 = CARTESIAN_POINT ( 'NONE',  ( -1.098739755890962400, 3.388054858139551317, 13.50668373966816382 ) ) ;
#3923 = CARTESIAN_POINT ( 'NONE',  ( 58.69154777056515115, 41.21098283457538969, 0.2273247201556262143 ) ) ;
#3924 = EDGE_CURVE ( 'NONE', #2335, #3815, #1816, .T. ) ;
#3925 = CARTESIAN_POINT ( 'NONE',  ( 56.19878801840687288, 64.86551933205184639, 2.857069364097732489 ) ) ;
#3926 = ORIENTED_EDGE ( 'NONE', *, *, #4282, .F. ) ;
#3927 = LINE ( 'NONE', #3022, #879 ) ;
#3928 = ORIENTED_EDGE ( 'NONE', *, *, #3885, .F. ) ;
#3929 = CARTESIAN_POINT ( 'NONE',  ( 16.19436216970080977, 59.30864996279485979, -3.720000000000115659 ) ) ;
#3930 = ORIENTED_EDGE ( 'NONE', *, *, #1398, .F. ) ;
#3931 = CARTESIAN_POINT ( 'NONE',  ( 56.59054777056510943, 54.83264658815753023, 10.20491360953341342 ) ) ;
#3932 = B_SPLINE_CURVE_WITH_KNOTS ( 'NONE', 3,
 ( #4248, #110, #3759, #436, #1763 ),
 .UNSPECIFIED., .F., .F.,
 ( 4, 1, 4 ),
 ( 0.003538942800490214695, 0.003597303982909789630, 0.003655665165329364565 ),
 .UNSPECIFIED. ) ;
#3933 = CARTESIAN_POINT ( 'NONE',  ( -1.559091999642331583, 6.448649962794850587, 17.98000000000000398 ) ) ;
#3934 = DIRECTION ( 'NONE',  ( 0.000000000000000000, 0.000000000000000000, 1.000000000000000000 ) ) ;
#3935 = CARTESIAN_POINT ( 'NONE',  ( 50.48997839700709989, 69.49182667410397585, 19.59505622952720572 ) ) ;
#3936 = CARTESIAN_POINT ( 'NONE',  ( 58.69054777056497585, 63.30864996279486689, 3.963333333332914599 ) ) ;
#3937 = ORIENTED_EDGE ( 'NONE', *, *, #1300, .T. ) ;
#3938 = CARTESIAN_POINT ( 'NONE',  ( 56.59054777056509522, 58.42028676110859209, 17.24002988608522813 ) ) ;
#3939 = CARTESIAN_POINT ( 'NONE',  ( -2.969452229435044721, 53.59604800156340332, 2.203953938914669397 ) ) ;
#3940 = FACE_OUTER_BOUND ( 'NONE', #4836, .T. ) ;
#3941 = EDGE_LOOP ( 'NONE', ( #959, #2685, #5134, #751, #4073, #4349, #4345, #3101, #1717, #2760 ) ) ;
#3942 = DIRECTION ( 'NONE',  ( -0.000000000000000000, -0.000000000000000000, 1.000000000000000000 ) ) ;
#3943 = CIRCLE ( 'NONE', #2923, 1.000000000000000666 ) ;
#3944 = ORIENTED_EDGE ( 'NONE', *, *, #2772, .T. ) ;
#3945 = DIRECTION ( 'NONE',  ( -0.000000000000000000, -0.8164965809277262565, 0.5773502691896255090 ) ) ;
#3946 = AXIS2_PLACEMENT_3D ( 'NONE', #1943, #3587, #3543 ) ;
#3947 = CARTESIAN_POINT ( 'NONE',  ( -0.09058189012188237743, 2.977499064206574619, 13.02901177699389024 ) ) ;
#3948 = FACE_OUTER_BOUND ( 'NONE', #3165, .T. ) ;
#3949 = AXIS2_PLACEMENT_3D ( 'NONE', #992, #5102, #3818 ) ;
#3950 = ADVANCED_FACE ( 'NONE', ( #4518 ), #1723, .T. ) ;
#3951 = CIRCLE ( 'NONE', #503, 1.000000000000000888 ) ;
#3952 = ORIENTED_EDGE ( 'NONE', *, *, #2509, .T. ) ;
#3953 = CARTESIAN_POINT ( 'NONE',  ( 56.27641808424161951, 65.06878926067355451, 3.912611788325557338 ) ) ;
#3954 = VECTOR ( 'NONE', #2203, 1000.000000000000000 ) ;
#3955 = CARTESIAN_POINT ( 'NONE',  ( 58.14909931936525567, 64.11004636873246909, 17.38488661136462454 ) ) ;
#3956 = ORIENTED_EDGE ( 'NONE', *, *, #4498, .F. ) ;
#3957 = CIRCLE ( 'NONE', #3269, 1.000000000000000888 ) ;
#3958 = CARTESIAN_POINT ( 'NONE',  ( 0.3245477705650879896, 2.926649962794846349, 21.98000000000000398 ) ) ;
#3959 = VERTEX_POINT ( 'NONE', #2544 ) ;
#3960 = CARTESIAN_POINT ( 'NONE',  ( 49.89054777056510659, -0.4449185111674875404, 17.97999999999999687 ) ) ;
#3961 = VECTOR ( 'NONE', #5221, 1000.000000000000000 ) ;
#3962 = CARTESIAN_POINT ( 'NONE',  ( 49.59054777056510943, 6.548649962794857338, 21.98000000000000043 ) ) ;
#3963 = CARTESIAN_POINT ( 'NONE',  ( 50.03834734929363748, 69.66160783487468677, 18.22732521307327858 ) ) ;
#3964 = VECTOR ( 'NONE', #2292, 1000.000000000000000 ) ;
#3965 = DIRECTION ( 'NONE',  ( 1.000000000000000000, 0.000000000000000000, -7.015425821965027716E-15 ) ) ;
#3966 = ORIENTED_EDGE ( 'NONE', *, *, #828, .F. ) ;
#3967 = DIRECTION ( 'NONE',  ( -6.982962677686267499E-15, 0.000000000000000000, -1.000000000000000000 ) ) ;
#3968 = CARTESIAN_POINT ( 'NONE',  ( 5.861753816708791476, 62.93558384763080227, 21.98000000000000398 ) ) ;
#3969 = CARTESIAN_POINT ( 'NONE',  ( 49.59054777056510233, 69.54864996279485467, 23.78000000000000114 ) ) ;
#3970 = ORIENTED_EDGE ( 'NONE', *, *, #821, .F. ) ;
#3971 = VECTOR ( 'NONE', #1900, 1000.000000000000000 ) ;
#3972 = CARTESIAN_POINT ( 'NONE',  ( -1.982791635863154989, 4.704932719592409995, 13.49428858551030963 ) ) ;
#3973 = ORIENTED_EDGE ( 'NONE', *, *, #4114, .T. ) ;
#3974 = LINE ( 'NONE', #1503, #2589 ) ;
#3975 = CIRCLE ( 'NONE', #1654, 1.000000000000000888 ) ;
#3976 = AXIS2_PLACEMENT_3D ( 'NONE', #2075, #2888, #497 ) ;
#3977 = CARTESIAN_POINT ( 'NONE',  ( 0.05170843627531813980, 2.748472601116267455, 13.47223381543361675 ) ) ;
#3978 = CARTESIAN_POINT ( 'NONE',  ( 55.21497530241190077, 56.90412233242040685, -3.719999999999999751 ) ) ;
#3979 = ORIENTED_EDGE ( 'NONE', *, *, #4016, .F. ) ;
#3980 = CARTESIAN_POINT ( 'NONE',  ( 57.60063406301748046, 63.93374303040273787, 4.661832229297888652 ) ) ;
#3981 = CARTESIAN_POINT ( 'NONE',  ( 57.00518645271200313, 63.31909858435698624, 17.57939064058081868 ) ) ;
#3982 = EDGE_LOOP ( 'NONE', ( #4882, #189 ) ) ;
#3983 = CARTESIAN_POINT ( 'NONE',  ( 50.71374686317215463, 71.09560918747868641, 4.509597475668416955 ) ) ;
#3984 = CARTESIAN_POINT ( 'NONE',  ( 53.18454777056508220, 2.748649962794845969, 17.98000000000000398 ) ) ;
#3985 = DIRECTION ( 'NONE',  ( -1.000000000000000000, 3.542274872314607578E-48, 6.991222571849442154E-15 ) ) ;
#3986 = CARTESIAN_POINT ( 'NONE',  ( 46.99922991021135488, 69.54864996279485467, 3.028395222372787909 ) ) ;
#3987 = ADVANCED_FACE ( 'NONE', ( #13 ), #4539, .T. ) ;
#3988 = CARTESIAN_POINT ( 'NONE',  ( 51.51597899756765742, 64.27597488445154283, 18.66862867794996461 ) ) ;
#3989 = ORIENTED_EDGE ( 'NONE', *, *, #4016, .T. ) ;
#3990 = DIRECTION ( 'NONE',  ( 0.000000000000000000, 0.000000000000000000, 1.000000000000000000 ) ) ;
#3991 = LINE ( 'NONE', #1899, #4041 ) ;
#3992 = CARTESIAN_POINT ( 'NONE',  ( 54.59054777056510233, 51.14276721078237387, 2.804999999999597815 ) ) ;
#3993 = ORIENTED_EDGE ( 'NONE', *, *, #24, .T. ) ;
#3994 = CARTESIAN_POINT ( 'NONE',  ( 0.1434115538324086392, 2.610463096537133154, 14.14578483630058159 ) ) ;
#3995 = VERTEX_POINT ( 'NONE', #4929 ) ;
#3996 = CARTESIAN_POINT ( 'NONE',  ( -1.069452229434900037, 41.21098283457539679, 0.2273247201560435193 ) ) ;
#3997 = CARTESIAN_POINT ( 'NONE',  ( -0.4921867734951131945, 3.735432365566956125, 13.26112981908259592 ) ) ;
#3998 = MANIFOLD_SOLID_BREP ( 'Chamfer1', #317 ) ;
#3999 = CARTESIAN_POINT ( 'NONE',  ( 52.07222394464344717, 69.10985942372886370, 2.508361965348508971 ) ) ;
#4000 = ORIENTED_EDGE ( 'NONE', *, *, #4103, .F. ) ;
#4001 = CARTESIAN_POINT ( 'NONE',  ( -0.9566753190279539965, 5.292822287365848588, 12.56176373602692919 ) ) ;
#4002 = CARTESIAN_POINT ( 'NONE',  ( 58.14891892491773007, 64.10234758077068307, 4.730957306709744792 ) ) ;
#4003 = CARTESIAN_POINT ( 'NONE',  ( 41.78037288044920672, 70.26584742927292382, 13.76070895797337634 ) ) ;
#4004 = EDGE_CURVE ( 'NONE', #5028, #4021, #39, .T. ) ;
#4005 = CARTESIAN_POINT ( 'NONE',  ( 56.44689328286339958, 64.51863191205130477, 18.18942350445909284 ) ) ;
#4006 = EDGE_LOOP ( 'NONE', ( #3334, #2591, #680, #5044, #4048, #3411, #1239, #532 ) ) ;
#4007 = EDGE_CURVE ( 'NONE', #2474, #3839, #3536, .T. ) ;
#4008 = CARTESIAN_POINT ( 'NONE',  ( 51.29349193309586497, 71.38606933607927374, 4.508361965348512967 ) ) ;
#4009 = VERTEX_POINT ( 'NONE', #4759 ) ;
#4010 = DIRECTION ( 'NONE',  ( 0.000000000000000000, 0.000000000000000000, 1.000000000000000000 ) ) ;
#4011 = DIRECTION ( 'NONE',  ( 0.000000000000000000, -0.000000000000000000, 1.000000000000000000 ) ) ;
#4012 = CARTESIAN_POINT ( 'NONE',  ( 50.57480102852904480, 69.63662067771349484, 18.20270908344120286 ) ) ;
#4013 = CARTESIAN_POINT ( 'NONE',  ( -0.6819191100948721607, 3.047218613603868587, 14.31089726138160678 ) ) ;
#4014 = EDGE_LOOP ( 'NONE', ( #610, #3928, #4968, #1365 ) ) ;
#4015 = PLANE ( 'NONE',  #3857 ) ;
#4016 = EDGE_CURVE ( 'NONE', #4035, #2745, #3874, .T. ) ;
#4017 = CARTESIAN_POINT ( 'NONE',  ( 0.5531369759959976484, 2.067193375205099937, 17.98000000000000753 ) ) ;
#4018 = FACE_BOUND ( 'NONE', #601, .T. ) ;
#4019 = ORIENTED_EDGE ( 'NONE', *, *, #319, .F. ) ;
#4020 = DIRECTION ( 'NONE',  ( -0.000000000000000000, -0.000000000000000000, 1.000000000000000000 ) ) ;
#4021 = VERTEX_POINT ( 'NONE', #970 ) ;
#4022 = CARTESIAN_POINT ( 'NONE',  ( 58.69054777056499717, 49.56776721078237813, 7.229999999999592752 ) ) ;
#4023 = CARTESIAN_POINT ( 'NONE',  ( 51.14137320943818565, 71.08036673075115175, 17.60593378890962413 ) ) ;
#4024 = CARTESIAN_POINT ( 'NONE',  ( 54.59054777056510233, 52.14276721078237387, 2.804999999999597815 ) ) ;
#4025 = CARTESIAN_POINT ( 'NONE',  ( 55.81966635443919955, 65.75954172167409695, 3.176380766550150891 ) ) ;
#4026 = AXIS2_PLACEMENT_3D ( 'NONE', #1916, #3149, #3583 ) ;
#4027 = EDGE_LOOP ( 'NONE', ( #1070, #4393, #2855, #2533 ) ) ;
#4028 = VECTOR ( 'NONE', #2145, 1000.000000000000000 ) ;
#4029 = LINE ( 'NONE', #327, #4944 ) ;
#4030 = CARTESIAN_POINT ( 'NONE',  ( 58.10420639587209024, 63.31536532713208487, 4.898830073833094545 ) ) ;
#4031 = CARTESIAN_POINT ( 'NONE',  ( 43.46776443295799197, 70.48949619767449803, 15.37374838005754185 ) ) ;
#4032 = AXIS2_PLACEMENT_3D ( 'NONE', #1492, #2681, #1033 ) ;
#4033 = CARTESIAN_POINT ( 'NONE',  ( 58.13193085312207842, 63.64136784676788494, 17.28843233168166194 ) ) ;
#4034 = CARTESIAN_POINT ( 'NONE',  ( 50.04257017321360479, 71.06863780629426230, 4.539284429103497942 ) ) ;
#4035 = VERTEX_POINT ( 'NONE', #1797 ) ;
#4036 = CARTESIAN_POINT ( 'NONE',  ( 3.830547770565090548, 6.448649962794850587, 17.98000000000000398 ) ) ;
#4037 = CARTESIAN_POINT ( 'NONE',  ( 57.25469207407801520, 56.86191872350989485, 13.27247173608621367 ) ) ;
#4038 = CARTESIAN_POINT ( 'NONE',  ( 50.70710685716147026, 69.46003801202186878, 18.94622221528444683 ) ) ;
#4039 = AXIS2_PLACEMENT_3D ( 'NONE', #5191, #3505, #1842 ) ;
#4040 = CARTESIAN_POINT ( 'NONE',  ( -0.7106593930431485129, 3.068422775634343402, 14.01196132837711339 ) ) ;
#4041 = VECTOR ( 'NONE', #3588, 1000.000000000000000 ) ;
#4042 = VERTEX_POINT ( 'NONE', #2294 ) ;
#4043 = CARTESIAN_POINT ( 'NONE',  ( 58.69154777056513694, 41.21098283457538969, -1.749304498602988422 ) ) ;
#4044 = CARTESIAN_POINT ( 'NONE',  ( 49.69054777056511796, 72.30864996279485979, 25.22999999999965581 ) ) ;
#4045 = VECTOR ( 'NONE', #2001, 1000.000000000000114 ) ;
#4046 = DIRECTION ( 'NONE',  ( 9.912705577010325549E-17, -1.000000000000000000, -1.337602776226110445E-30 ) ) ;
#4047 = ADVANCED_FACE ( 'NONE', ( #4651 ), #2230, .T. ) ;
#4048 = ORIENTED_EDGE ( 'NONE', *, *, #4710, .F. ) ;
#4049 = CARTESIAN_POINT ( 'NONE',  ( -0.1925443442346441159, 3.154966699391416718, 12.80541305880370828 ) ) ;
#4050 = EDGE_LOOP ( 'NONE', ( #3533, #4327 ) ) ;
#4051 = DIRECTION ( 'NONE',  ( 1.000000000000000000, -0.000000000000000000, -6.982962677686266711E-15 ) ) ;
#4052 = CARTESIAN_POINT ( 'NONE',  ( 57.53170337265127898, 66.80477001128691938, 17.60593378890962413 ) ) ;
#4053 = AXIS2_PLACEMENT_3D ( 'NONE', #1711, #1357, #2607 ) ;
#4054 = CARTESIAN_POINT ( 'NONE',  ( -0.9960868812490422108, 3.296778593561387805, 14.92238186767604979 ) ) ;
#4055 = CARTESIAN_POINT ( 'NONE',  ( 53.49071837401083229, 69.95564885309080694, 4.507900471759440642 ) ) ;
#4056 = EDGE_LOOP ( 'NONE', ( #1724, #3767, #5246, #2964 ) ) ;
#4057 = CARTESIAN_POINT ( 'NONE',  ( -2.054101670021973636, 5.050933360736659772, 14.26117293016801568 ) ) ;
#4058 = CARTESIAN_POINT ( 'NONE',  ( 57.57197951637283495, 62.94959017029014348, 4.854679233124723048 ) ) ;
#4059 = CARTESIAN_POINT ( 'NONE',  ( 41.05348796992524996, 70.16931428946736560, 12.59413461062382744 ) ) ;
#4060 = CARTESIAN_POINT ( 'NONE',  ( 57.84651461984129384, 64.57742238736298646, 17.50988338072572503 ) ) ;
#4061 = CARTESIAN_POINT ( 'NONE',  ( 50.07826731087031646, 71.36229067446406304, 4.562916332157263000 ) ) ;
#4062 = ORIENTED_EDGE ( 'NONE', *, *, #2092, .T. ) ;
#4063 = CARTESIAN_POINT ( 'NONE',  ( 55.79353186365905515, 65.80947231265378150, 19.27223758906905360 ) ) ;
#4064 = CARTESIAN_POINT ( 'NONE',  ( 45.19436216970071030, 30.70864996279484771, -5.220000000000315943 ) ) ;
#4065 = CARTESIAN_POINT ( 'NONE',  ( 49.89644353423112477, 71.05525385907976954, 17.56457175082472943 ) ) ;
#4066 = CARTESIAN_POINT ( 'NONE',  ( -1.307849592710021547, 3.591235832395058836, 13.36331816464601374 ) ) ;
#4067 = EDGE_LOOP ( 'NONE', ( #3618, #2927 ) ) ;
#4068 = DIRECTION ( 'NONE',  ( 0.000000000000000000, 0.000000000000000000, 1.000000000000000000 ) ) ;
#4069 = CARTESIAN_POINT ( 'NONE',  ( -1.068737907273737298, 6.448649962794850587, 17.97999999999999687 ) ) ;
#4070 = CYLINDRICAL_SURFACE ( 'NONE', #5087, 1.730000000000002425 ) ;
#4071 = ORIENTED_EDGE ( 'NONE', *, *, #3130, .T. ) ;
#4072 = CARTESIAN_POINT ( 'NONE',  ( -0.1148427620201303290, 3.018912781872889806, 15.54944211114458774 ) ) ;
#4073 = ORIENTED_EDGE ( 'NONE', *, *, #3120, .T. ) ;
#4074 = CARTESIAN_POINT ( 'NONE',  ( 14.68632900351068393, 13.44864996279486213, 23.78100000000032921 ) ) ;
#4075 = CARTESIAN_POINT ( 'NONE',  ( 56.34199619466891562, 68.55914693075480670, 17.60593378890962413 ) ) ;
#4076 = CARTESIAN_POINT ( 'NONE',  ( -1.557329262555353866, 3.890486483572070942, 15.24741293987884916 ) ) ;
#4077 = CARTESIAN_POINT ( 'NONE',  ( 52.38037150989100610, 70.42721844334747061, 4.509331978439058197 ) ) ;
#4078 = ADVANCED_FACE ( 'NONE', ( #3166 ), #3556, .F. ) ;
#4079 = EDGE_LOOP ( 'NONE', ( #819, #2467, #1353, #3672, #3649, #2366, #1474, #758 ) ) ;
#4080 = CARTESIAN_POINT ( 'NONE',  ( 58.69054777056506111, 63.30864996279483847, 17.04536563142495353 ) ) ;
#4081 = DIRECTION ( 'NONE',  ( -6.991222571849442154E-15, 6.445834664451861014E-31, -1.000000000000000000 ) ) ;
#4082 = CARTESIAN_POINT ( 'NONE',  ( 43.40807315588639170, 70.48157253582979820, 15.33130821335426752 ) ) ;
#4083 = B_SPLINE_CURVE_WITH_KNOTS ( 'NONE', 3,
 ( #2566, #2180, #1745, #91, #5050, #5079 ),
 .UNSPECIFIED., .F., .F.,
 ( 4, 2, 4 ),
 ( 0.000000000000000000, 0.001644434930338561788, 0.003288869860677123575 ),
 .UNSPECIFIED. ) ;
#4084 = EDGE_CURVE ( 'NONE', #2364, #3573, #300, .T. ) ;
#4085 = CARTESIAN_POINT ( 'NONE',  ( 40.65708971117838644, 69.54864996279486888, 14.97480467546113125 ) ) ;
#4086 = ADVANCED_FACE ( 'NONE', ( #1528 ), #4809, .F. ) ;
#4087 = CARTESIAN_POINT ( 'NONE',  ( 50.51219297434725775, 69.64305369423549052, 3.907710841570908311 ) ) ;
#4088 = ORIENTED_EDGE ( 'NONE', *, *, #5267, .F. ) ;
#4089 = LINE ( 'NONE', #1587, #4622 ) ;
#4090 = CARTESIAN_POINT ( 'NONE',  ( 8.259691434521279518, 87.68274518145474872, 10.61308480000000110 ) ) ;
#4091 = EDGE_CURVE ( 'NONE', #243, #3278, #725, .T. ) ;
#4092 = CARTESIAN_POINT ( 'NONE',  ( 41.67104978046800312, 69.54864996279485467, 16.04251432781549980 ) ) ;
#4093 = DIRECTION ( 'NONE',  ( 6.982962677686267499E-15, -8.758115402030108638E-47, 1.000000000000000000 ) ) ;
#4094 = ORIENTED_EDGE ( 'NONE', *, *, #786, .T. ) ;
#4095 = CARTESIAN_POINT ( 'NONE',  ( 51.29349193309587207, 71.38606933607927374, 4.508361965348512079 ) ) ;
#4096 = DIRECTION ( 'NONE',  ( -0.000000000000000000, -0.000000000000000000, 1.000000000000000000 ) ) ;
#4097 = CARTESIAN_POINT ( 'NONE',  ( 13.19436216970071207, 28.70864996162471172, -5.220000000000092122 ) ) ;
#4098 = ORIENTED_EDGE ( 'NONE', *, *, #2707, .F. ) ;
#4099 = CARTESIAN_POINT ( 'NONE',  ( -2.969452229434897284, 4.048649962794844903, 23.78000000000002245 ) ) ;
#4100 = VERTEX_POINT ( 'NONE', #4458 ) ;
#4101 = CARTESIAN_POINT ( 'NONE',  ( 8.259691434521279518, 71.14864996279486320, 10.61308499999999988 ) ) ;
#4102 = DIRECTION ( 'NONE',  ( -0.000000000000000000, 0.000000000000000000, -1.000000000000000000 ) ) ;
#4103 = EDGE_CURVE ( 'NONE', #4786, #3601, #1956, .T. ) ;
#4104 = CARTESIAN_POINT ( 'NONE',  ( -0.8572816770883145976, 3.179790265617334466, 14.77119859606277252 ) ) ;
#4105 = ORIENTED_EDGE ( 'NONE', *, *, #4439, .T. ) ;
#4106 = CARTESIAN_POINT ( 'NONE',  ( 53.96840730414962906, 68.07181417392655476, 2.845840173151227503 ) ) ;
#4107 = VECTOR ( 'NONE', #4291, 1000.000000000000000 ) ;
#4108 = ORIENTED_EDGE ( 'NONE', *, *, #4665, .T. ) ;
#4109 = DIRECTION ( 'NONE',  ( 6.769652589177782302E-15, -0.000000000000000000, 1.000000000000000000 ) ) ;
#4110 = DIRECTION ( 'NONE',  ( 1.000000000000000000, 0.000000000000000000, -6.938893903907232322E-15 ) ) ;
#4111 = CARTESIAN_POINT ( 'NONE',  ( 46.37668319636365055, 70.87525880982695980, 16.80891655909495697 ) ) ;
#4112 = CARTESIAN_POINT ( 'NONE',  ( 39.41425767804103941, 69.54864996279485467, 10.03856965112848343 ) ) ;
#4113 = AXIS2_PLACEMENT_3D ( 'NONE', #3933, #4314, #4011 ) ;
#4114 = EDGE_CURVE ( 'NONE', #2106, #2093, #2074, .T. ) ;
#4115 = AXIS2_PLACEMENT_3D ( 'NONE', #4685, #2648, #4290 ) ;
#4116 = CARTESIAN_POINT ( 'NONE',  ( 58.69154777056517247, 53.59604800156339621, 2.203953938914239075 ) ) ;
#4117 = EDGE_LOOP ( 'NONE', ( #155, #3643, #2329, #481 ) ) ;
#4118 = CARTESIAN_POINT ( 'NONE',  ( 55.05003801679270481, 67.21666300637976121, 18.19260949277780526 ) ) ;
#4119 = DIRECTION ( 'NONE',  ( 9.912705577010325549E-17, -1.000000000000000000, -2.753529326947319829E-16 ) ) ;
#4120 = CIRCLE ( 'NONE', #937, 7.000000000000000000 ) ;
#4121 = CARTESIAN_POINT ( 'NONE',  ( 39.79146120178153723, 69.54864996279485467, 8.368315106962901595 ) ) ;
#4122 = VECTOR ( 'NONE', #861, 1000.000000000000114 ) ;
#4123 = CIRCLE ( 'NONE', #672, 1.000000000000000888 ) ;
#4124 = CIRCLE ( 'NONE', #1800, 1.000000000000000888 ) ;
#4125 = CARTESIAN_POINT ( 'NONE',  ( -2.965594044613228064, 3.786549502261399081, 13.28610190777371258 ) ) ;
#4126 = CARTESIAN_POINT ( 'NONE',  ( 56.74971975881788921, 56.01909373576719275, 12.95470777407608409 ) ) ;
#4127 = LINE ( 'NONE', #1592, #2839 ) ;
#4128 = AXIS2_PLACEMENT_3D ( 'NONE', #5125, #2690, #1071 ) ;
#4129 = CARTESIAN_POINT ( 'NONE',  ( -1.069452229434897594, 69.54864996279485467, -95.90999724335667054 ) ) ;
#4130 = PLANE ( 'NONE',  #3115 ) ;
#4131 = EDGE_LOOP ( 'NONE', ( #3495, #3900, #1166, #3014, #1028, #4361, #544, #3812 ) ) ;
#4132 = CARTESIAN_POINT ( 'NONE',  ( -1.069452229434896706, 62.54864996279485467, 23.78000000000000114 ) ) ;
#4133 = VERTEX_POINT ( 'NONE', #935 ) ;
#4134 = EDGE_CURVE ( 'NONE', #4776, #3466, #4196, .T. ) ;
#4135 = DIRECTION ( 'NONE',  ( 1.000000000000000000, 8.673617379884036458E-16, -6.938893903907229167E-15 ) ) ;
#4136 = DIRECTION ( 'NONE',  ( -0.000000000000000000, -1.000000000000000000, -0.000000000000000000 ) ) ;
#4137 = EDGE_LOOP ( 'NONE', ( #4679, #1394, #2270, #459, #2067, #3205, #3586, #962 ) ) ;
#4138 = AXIS2_PLACEMENT_3D ( 'NONE', #1669, #939, #2104 ) ;
#4139 = CARTESIAN_POINT ( 'NONE',  ( 2.054547770565087639, 2.926649962794846349, 17.98000000000000398 ) ) ;
#4140 = ORIENTED_EDGE ( 'NONE', *, *, #1856, .T. ) ;
#4141 = CARTESIAN_POINT ( 'NONE',  ( 53.43854777056508709, 66.12164996279483375, 17.98000000000000398 ) ) ;
#4142 = CARTESIAN_POINT ( 'NONE',  ( 5.830547770565105203, 4.448649962794835488, 21.98000000000000398 ) ) ;
#4143 = CARTESIAN_POINT ( 'NONE',  ( 58.12906698291409668, 65.25236159319895535, 17.60593378890962057 ) ) ;
#4144 = CARTESIAN_POINT ( 'NONE',  ( 0.5061202387181135132, 16.14602530996853247, -1.719999999999999751 ) ) ;
#4145 = AXIS2_PLACEMENT_3D ( 'NONE', #4166, #1335, #5043 ) ;
#4146 = FILL_AREA_STYLE_COLOUR ( '', #3104 ) ;
#4147 = VERTEX_POINT ( 'NONE', #408 ) ;
#4148 = CARTESIAN_POINT ( 'NONE',  ( 56.03208281578087480, 66.59836103810852137, 17.75113085644723299 ) ) ;
#4149 = VECTOR ( 'NONE', #3472, 1000.000000000000000 ) ;
#4150 = CARTESIAN_POINT ( 'NONE',  ( 57.51622706333387214, 58.84137471920366380, 6.781925630460605703 ) ) ;
#4151 = PLANE ( 'NONE',  #2498 ) ;
#4152 = CARTESIAN_POINT ( 'NONE',  ( 39.40664986450087781, 69.54864996279485467, 11.05714787690386558 ) ) ;
#4153 = AXIS2_PLACEMENT_3D ( 'NONE', #3012, #2610, #2150 ) ;
#4154 = EDGE_CURVE ( 'NONE', #58, #5028, #1645, .T. ) ;
#4155 = CARTESIAN_POINT ( 'NONE',  ( 45.56955762296319534, 70.76842522239994082, 5.604926633373080058 ) ) ;
#4156 = CARTESIAN_POINT ( 'NONE',  ( 56.97915884656286778, 56.27321477933895721, 9.245942880388124507 ) ) ;
#4157 = LINE ( 'NONE', #4989, #3523 ) ;
#4158 = CARTESIAN_POINT ( 'NONE',  ( 56.84684368120280595, 68.80044332302701093, -5.220000000000396767 ) ) ;
#4159 = CARTESIAN_POINT ( 'NONE',  ( 49.89054777046864331, 69.54221523070629019, 19.26121247386149449 ) ) ;
#4160 = EDGE_CURVE ( 'NONE', #5144, #4643, #4950, .T. ) ;
#4161 = ORIENTED_EDGE ( 'NONE', *, *, #177, .F. ) ;
#4162 = CARTESIAN_POINT ( 'NONE',  ( 50.44025379404314435, 70.02085877938365854, 17.98000000000001464 ) ) ;
#4163 = ADVANCED_FACE ( 'NONE', ( #3795 ), #4570, .F. ) ;
#4164 = ORIENTED_EDGE ( 'NONE', *, *, #5037, .F. ) ;
#4165 = CARTESIAN_POINT ( 'NONE',  ( 50.73403318477407709, 69.45560743159428796, 3.168522664421240087 ) ) ;
#4166 = CARTESIAN_POINT ( 'NONE',  ( 3.853361199954024929, 64.92715586414563234, 21.98000000000000398 ) ) ;
#4167 = VERTEX_POINT ( 'NONE', #494 ) ;
#4168 = CYLINDRICAL_SURFACE ( 'NONE', #5062, 6.999999999999999112 ) ;
#4169 = ORIENTED_EDGE ( 'NONE', *, *, #1579, .F. ) ;
#4170 = PLANE ( 'NONE',  #1968 ) ;
#4171 = CARTESIAN_POINT ( 'NONE',  ( 52.16438782148027542, 62.90437780148707958, 17.98000000000000398 ) ) ;
#4172 = CARTESIAN_POINT ( 'NONE',  ( 52.03752442784308840, 72.07927037394786396, 23.77999999999963521 ) ) ;
#4173 = CARTESIAN_POINT ( 'NONE',  ( 58.69054777056511085, 72.30864996279485979, 23.77999999999959257 ) ) ;
#4174 = SURFACE_SIDE_STYLE ('',( #3339 ) ) ;
#4175 = EDGE_CURVE ( 'NONE', #674, #830, #693, .T. ) ;
#4176 = ORIENTED_EDGE ( 'NONE', *, *, #3296, .F. ) ;
#4177 = CARTESIAN_POINT ( 'NONE',  ( 54.31433268292666838, 68.56282494600513644, 17.74831404938865731 ) ) ;
#4178 = EDGE_CURVE ( 'NONE', #1472, #1839, #2993, .T. ) ;
#4179 = DIRECTION ( 'NONE',  ( -0.000000000000000000, -0.000000000000000000, -1.000000000000000000 ) ) ;
#4180 = CARTESIAN_POINT ( 'NONE',  ( 58.69054777056498295, 63.30864996279486689, 5.068930122833145369 ) ) ;
#4181 = CARTESIAN_POINT ( 'NONE',  ( 49.68674542068556121, 70.05447928350338316, 4.344058191124618773 ) ) ;
#4182 = CARTESIAN_POINT ( 'NONE',  ( -0.7922421978279613475, 4.575812889181103849, 15.14653994921689417 ) ) ;
#4183 = CARTESIAN_POINT ( 'NONE',  ( 56.85725283292580201, 59.05900519286560524, 5.966547595842302876 ) ) ;
#4184 = CARTESIAN_POINT ( 'NONE',  ( 55.21497530241190077, 56.90412233242040685, -1.719999999999999751 ) ) ;
#4185 = FACE_BOUND ( 'NONE', #4808, .T. ) ;
#4186 = ORIENTED_EDGE ( 'NONE', *, *, #2312, .F. ) ;
#4187 = DIRECTION ( 'NONE',  ( 0.000000000000000000, 0.000000000000000000, 1.000000000000000000 ) ) ;
#4188 = VERTEX_POINT ( 'NONE', #4142 ) ;
#4189 = EDGE_CURVE ( 'NONE', #1533, #1653, #1213, .T. ) ;
#4190 = CARTESIAN_POINT ( 'NONE',  ( 43.91782418975069646, 63.94971519960149209, 4.508361965348512079 ) ) ;
#4191 = DIRECTION ( 'NONE',  ( -1.000000000000000000, 0.000000000000000000, 7.142979018728032925E-15 ) ) ;
#4192 = VERTEX_POINT ( 'NONE', #1341 ) ;
#4193 = DIRECTION ( 'NONE',  ( 9.219896231606734370E-17, 1.000000000000000000, -6.370313146600084492E-31 ) ) ;
#4194 = VERTEX_POINT ( 'NONE', #882 ) ;
#4195 = DIRECTION ( 'NONE',  ( 6.991222571849442154E-15, -6.445834664451860138E-31, 1.000000000000000000 ) ) ;
#4196 = LINE ( 'NONE', #3764, #5078 ) ;
#4197 = CARTESIAN_POINT ( 'NONE',  ( 54.91454777056508618, 2.748649962794845969, 17.98000000000000398 ) ) ;
#4198 = VECTOR ( 'NONE', #3001, 1000.000000000000000 ) ;
#4199 =( NAMED_UNIT ( * ) SI_UNIT ( $, .STERADIAN. ) SOLID_ANGLE_UNIT ( ) );
#4200 = ORIENTED_EDGE ( 'NONE', *, *, #4949, .T. ) ;
#4201 = VECTOR ( 'NONE', #2593, 1000.000000000000000 ) ;
#4202 = CARTESIAN_POINT ( 'NONE',  ( 57.41257721681170523, 58.07012546288827082, 14.71407601691521272 ) ) ;
#4203 = FACE_OUTER_BOUND ( 'NONE', #1453, .T. ) ;
#4204 = CARTESIAN_POINT ( 'NONE',  ( 49.01701913536894040, 70.02539723086239576, 4.370643023354956469 ) ) ;
#4205 = AXIS2_PLACEMENT_3D ( 'NONE', #1324, #4578, #2997 ) ;
#4206 = CARTESIAN_POINT ( 'NONE',  ( 46.02291028913057858, 70.82836236772830318, 5.429272303409518052 ) ) ;
#4207 = CARTESIAN_POINT ( 'NONE',  ( 57.40381903101640404, 61.11324176583704570, 5.333828760328260365 ) ) ;
#4208 = AXIS2_PLACEMENT_3D ( 'NONE', #545, #1388, #3034 ) ;
#4209 = CARTESIAN_POINT ( 'NONE',  ( 55.21497530241190077, 56.90412233242040685, -1.719999999999999751 ) ) ;
#4210 = DIRECTION ( 'NONE',  ( -0.000000000000000000, 1.000000000000000000, 0.000000000000000000 ) ) ;
#4211 = ORIENTED_EDGE ( 'NONE', *, *, #525, .T. ) ;
#4212 = CARTESIAN_POINT ( 'NONE',  ( 2.996489070299392488, 68.90417580787753593, 10.12537076283928528 ) ) ;
#4213 = CIRCLE ( 'NONE', #1628, 2.000000001170142205 ) ;
#4214 = VECTOR ( 'NONE', #1488, 1000.000000000000000 ) ;
#4215 = EDGE_LOOP ( 'NONE', ( #2907, #4374, #3546, #1799 ) ) ;
#4216 = DIRECTION ( 'NONE',  ( 1.000000000000000000, 0.000000000000000000, 0.000000000000000000 ) ) ;
#4217 = EDGE_CURVE ( 'NONE', #1970, #2106, #3336, .T. ) ;
#4218 = FACE_BOUND ( 'NONE', #5038, .T. ) ;
#4219 = ORIENTED_EDGE ( 'NONE', *, *, #1478, .T. ) ;
#4220 = FACE_OUTER_BOUND ( 'NONE', #1791, .T. ) ;
#4221 = AXIS2_PLACEMENT_3D ( 'NONE', #1569, #1973, #1164 ) ;
#4222 = ORIENTED_EDGE ( 'NONE', *, *, #844, .F. ) ;
#4223 = DIRECTION ( 'NONE',  ( 0.000000000000000000, 1.000000000000000000, 0.000000000000000000 ) ) ;
#4224 = CARTESIAN_POINT ( 'NONE',  ( 55.21497530241190077, 56.90412233242040685, -1.719999999999999751 ) ) ;
#4225 = AXIS2_PLACEMENT_3D ( 'NONE', #3109, #4347, #3544 ) ;
#4226 = AXIS2_PLACEMENT_3D ( 'NONE', #2913, #910, #3395 ) ;
#4227 = CIRCLE ( 'NONE', #956, 7.000000000000000000 ) ;
#4228 = DIRECTION ( 'NONE',  ( -1.000000000000000000, 0.000000000000000000, 0.000000000000000000 ) ) ;
#4229 = ADVANCED_FACE ( 'NONE', ( #4926 ), #3711, .T. ) ;
#4230 = CARTESIAN_POINT ( 'NONE',  ( 51.69054777056511085, -2.951350037205148880, 23.77999999999964231 ) ) ;
#4231 = VERTEX_POINT ( 'NONE', #1635 ) ;
#4232 = LINE ( 'NONE', #1750, #4201 ) ;
#4233 = FACE_OUTER_BOUND ( 'NONE', #3076, .T. ) ;
#4234 = AXIS2_PLACEMENT_3D ( 'NONE', #3814, #5018, #486 ) ;
#4235 = CARTESIAN_POINT ( 'NONE',  ( 45.08396749627133460, 70.51209115194143351, 16.50935883027329965 ) ) ;
#4236 = CARTESIAN_POINT ( 'NONE',  ( -1.976395019252370266, 4.687824419929806474, 15.03198042082287245 ) ) ;
#4237 = CARTESIAN_POINT ( 'NONE',  ( 56.78997704686842951, 57.18799177423637303, 14.70828078857313947 ) ) ;
#4238 = PLANE ( 'NONE',  #677 ) ;
#4239 = LINE ( 'NONE', #3029, #4107 ) ;
#4240 = ORIENTED_EDGE ( 'NONE', *, *, #3220, .F. ) ;
#4241 = CARTESIAN_POINT ( 'NONE',  ( 3.648876446218876524, 69.16773695956818813, 8.028863903373908428 ) ) ;
#4242 = VERTEX_POINT ( 'NONE', #439 ) ;
#4243 = DIRECTION ( 'NONE',  ( 1.000000000000000000, 0.000000000000000000, -7.000848313763543818E-15 ) ) ;
#4244 = EDGE_CURVE ( 'NONE', #2581, #243, #2482, .T. ) ;
#4245 = EDGE_CURVE ( 'NONE', #2989, #5254, #1234, .T. ) ;
#4246 = DIRECTION ( 'NONE',  ( 1.000000000000000000, 0.000000000000000000, 0.000000000000000000 ) ) ;
#4247 = ORIENTED_EDGE ( 'NONE', *, *, #2378, .F. ) ;
#4248 = CARTESIAN_POINT ( 'NONE',  ( -1.668794306220213519, 4.048649962794844903, 13.26000000000001933 ) ) ;
#4249 = B_SPLINE_SURFACE_WITH_KNOTS ( 'NONE', 5, 3, ( 
 ( #1240, #4465, #2863, #4494, #777, #306, #361, #3662, #3610, #282, #5324 ),
 ( #696, #1937, #5241, #1132, #3582, #1563, #3206, #4843, #4063, #2806, #2022 ),
 ( #803, #2405, #1996, #2463, #3718, #4520, #16, #41, #416, #3341, #4955 ),
 ( #1671, #831, #2487, #1695, #2915, #65, #4118, #2077, #4982, #4575, #3314 ),
 ( #1265, #4542, #2519, #1297, #2949, #4177, #859, #4148, #887, #446, #2107 ),
 ( #3743, #2546, #472, #2132, #3768, #4427, #1599, #5308, #3303, #3219, #4969 ),
 ( #4023, #2423, #1226, #2034, #3731, #4451, #2877, #2476, #4884, #2503, #1196 ),
 ( #321, #4858, #2450, #431, #3244, #349, #4075, #2094, #4052, #2393, #2010 ) ),
 .UNSPECIFIED., .F., .F., .F.,
 ( 6, 2, 6 ),
 ( 4, 1, 1, 1, 1, 1, 1, 1, 4 ),
 ( 0.000000000000000000, 0.5000000000000000000, 1.000000000000000000 ),
 ( 1.761160007079694223, 1.825383375753995674, 1.921718428765448294, 2.050165166114051196, 2.242835272136955993, 2.435505378159860346, 2.563952115508463692, 2.660287168519916090, 2.724510537194217097 ),
 .UNSPECIFIED. ) ;
#4250 = ORIENTED_EDGE ( 'NONE', *, *, #4103, .T. ) ;
#4251 = DIRECTION ( 'NONE',  ( 1.000000000000000000, -1.286039213455468075E-47, -6.991222571849442154E-15 ) ) ;
#4252 = CARTESIAN_POINT ( 'NONE',  ( 51.89054777056512080, 6.448649962794850587, 21.98000000000000398 ) ) ;
#4253 = EDGE_CURVE ( 'NONE', #848, #4666, #4820, .T. ) ;
#4254 = CARTESIAN_POINT ( 'NONE',  ( 13.19436216970091458, 28.70864996162471172, 23.78100000000033987 ) ) ;
#4255 = CARTESIAN_POINT ( 'NONE',  ( 56.01735949512542589, 65.32362682376697194, 2.508361965839390972 ) ) ;
#4256 = EDGE_CURVE ( 'NONE', #1913, #1187, #467, .T. ) ;
#4257 = ORIENTED_EDGE ( 'NONE', *, *, #2018, .T. ) ;
#4258 = B_SPLINE_CURVE_WITH_KNOTS ( 'NONE', 3,
 ( #5248, #312, #2331, #2307 ),
 .UNSPECIFIED., .F., .F.,
 ( 4, 4 ),
 ( 0.8912990037859033210, 1.000000000000000000 ),
 .UNSPECIFIED. ) ;
#4259 = CARTESIAN_POINT ( 'NONE',  ( 55.21497530241190077, 12.72672186848767062, -1.719999999999999751 ) ) ;
#4260 = DIRECTION ( 'NONE',  ( -1.000000000000000000, 0.000000000000000000, 0.000000000000000000 ) ) ;
#4261 = CARTESIAN_POINT ( 'NONE',  ( 40.96302696629137330, 69.95296856471357216, 8.908811181975570648 ) ) ;
#4262 = CARTESIAN_POINT ( 'NONE',  ( 42.43679054969972242, 70.35305984637925292, 7.592830388473996273 ) ) ;
#4263 = CARTESIAN_POINT ( 'NONE',  ( 57.62041411261029111, 61.17762460077047848, 5.400287939894719891 ) ) ;
#4264 = CARTESIAN_POINT ( 'NONE',  ( 4.030547770565108046, 65.30864996279485979, 23.77999999999997627 ) ) ;
#4265 = CARTESIAN_POINT ( 'NONE',  ( 49.59940512789843581, 69.54864996279486888, 19.19569909703963617 ) ) ;
#4266 = EDGE_CURVE ( 'NONE', #1144, #4585, #1124, .T. ) ;
#4267 = VERTEX_POINT ( 'NONE', #2565 ) ;
#4268 = CARTESIAN_POINT ( 'NONE',  ( 5.830547770565105203, -0.4506357150439949666, 21.98000000000000043 ) ) ;
#4269 = EDGE_LOOP ( 'NONE', ( #924, #3809 ) ) ;
#4270 = CARTESIAN_POINT ( 'NONE',  ( 50.68433683656225952, 70.07279049880521882, 4.360274595584208157 ) ) ;
#4271 = CYLINDRICAL_SURFACE ( 'NONE', #684, 1.000000000000000888 ) ;
#4272 = CARTESIAN_POINT ( 'NONE',  ( 58.69154777056515826, 28.84697162930883962, 1.831980111264209121 ) ) ;
#4273 = ORIENTED_EDGE ( 'NONE', *, *, #2213, .F. ) ;
#4274 = CARTESIAN_POINT ( 'NONE',  ( 5.930547770565103072, 62.54864996279485467, 23.77999999999995495 ) ) ;
#4275 = ORIENTED_EDGE ( 'NONE', *, *, #3310, .F. ) ;
#4276 = DIRECTION ( 'NONE',  ( -6.982962677686266711E-15, 0.000000000000000000, -1.000000000000000000 ) ) ;
#4277 = ADVANCED_FACE ( 'NONE', ( #2205 ), #3870, .T. ) ;
#4278 = PLANE ( 'NONE',  #4916 ) ;
#4279 = FACE_OUTER_BOUND ( 'NONE', #4708, .T. ) ;
#4280 = CARTESIAN_POINT ( 'NONE',  ( 56.68230918017945896, 62.69798120605462088, 4.221249571125450295 ) ) ;
#4281 = VERTEX_POINT ( 'NONE', #1367 ) ;
#4282 = EDGE_CURVE ( 'NONE', #3082, #674, #4646, .T. ) ;
#4283 = CARTESIAN_POINT ( 'NONE',  ( 56.32256264855307393, 64.48563677279288697, 19.21821582420431795 ) ) ;
#4284 = ORIENTED_EDGE ( 'NONE', *, *, #3006, .T. ) ;
#4285 = ADVANCED_FACE ( 'NONE', ( #2587 ), #2616, .T. ) ;
#4286 = CARTESIAN_POINT ( 'NONE',  ( 47.49006405719915591, 70.78181019311651312, 17.26858302362628450 ) ) ;
#4287 = CARTESIAN_POINT ( 'NONE',  ( -2.031603933532128536, 4.908806904201213683, 13.74555309809575121 ) ) ;
#4288 = CARTESIAN_POINT ( 'NONE',  ( 50.60356406587657574, 69.47588947753386890, 2.839342446849483004 ) ) ;
#4289 = CIRCLE ( 'NONE', #4630, 2.000000000000001776 ) ;
#4290 = DIRECTION ( 'NONE',  ( 1.000000000000000000, 0.000000000000000000, 0.000000000000000000 ) ) ;
#4291 = DIRECTION ( 'NONE',  ( -6.991222571849441366E-15, 6.445834664451860138E-31, -1.000000000000000000 ) ) ;
#4292 = ORIENTED_EDGE ( 'NONE', *, *, #3867, .T. ) ;
#4293 = DIRECTION ( 'NONE',  ( 1.000000000000000000, 0.000000000000000000, 0.000000000000000000 ) ) ;
#4294 = AXIS2_PLACEMENT_3D ( 'NONE', #2568, #473, #1298 ) ;
#4295 = VERTEX_POINT ( 'NONE', #1766 ) ;
#4296 = CARTESIAN_POINT ( 'NONE',  ( 5.930547770565103072, 62.54864996279485467, -3.720000000000042828 ) ) ;
#4297 = DIRECTION ( 'NONE',  ( 6.982962677686266711E-15, -5.507058653894625853E-16, 1.000000000000000000 ) ) ;
#4298 = FACE_OUTER_BOUND ( 'NONE', #2287, .T. ) ;
#4299 = VERTEX_POINT ( 'NONE', #4252 ) ;
#4300 = CARTESIAN_POINT ( 'NONE',  ( -2.010928590407490280, 4.805983273249554877, 14.92552363214443467 ) ) ;
#4301 = EDGE_CURVE ( 'NONE', #2242, #4167, #5049, .T. ) ;
#4302 = ORIENTED_EDGE ( 'NONE', *, *, #2350, .F. ) ;
#4303 = VECTOR ( 'NONE', #466, 1000.000000000000000 ) ;
#4304 = DIRECTION ( 'NONE',  ( -0.000000000000000000, -0.000000000000000000, 1.000000000000000000 ) ) ;
#4305 = CARTESIAN_POINT ( 'NONE',  ( -1.054989646272165071, 6.098839613725533404, 13.99144705382862774 ) ) ;
#4306 = VECTOR ( 'NONE', #1444, 1000.000000000000000 ) ;
#4307 = CARTESIAN_POINT ( 'NONE',  ( 56.53201668029321780, 63.49348298619340625, 3.093283894640606935 ) ) ;
#4308 = VERTEX_POINT ( 'NONE', #138 ) ;
#4309 = CARTESIAN_POINT ( 'NONE',  ( 49.89054777056508527, 69.64721908943478468, 18.56835609010511234 ) ) ;
#4310 = ORIENTED_EDGE ( 'NONE', *, *, #5223, .T. ) ;
#4311 = CARTESIAN_POINT ( 'NONE',  ( -1.021551935626454854, 5.727185394573512056, 15.51731673452932547 ) ) ;
#4312 = CARTESIAN_POINT ( 'NONE',  ( 50.81258568577106871, 69.44146004748843382, 2.508806293270043231 ) ) ;
#4313 = CARTESIAN_POINT ( 'NONE',  ( 56.59054777056510233, 62.54864996279485467, 3.096164997636416505 ) ) ;
#4314 = DIRECTION ( 'NONE',  ( 0.000000000000000000, 1.000000000000000000, 0.000000000000000000 ) ) ;
#4315 = CARTESIAN_POINT ( 'NONE',  ( 56.99535460629023476, 65.66204042603865787, 17.66521277867627404 ) ) ;
#4316 = EDGE_CURVE ( 'NONE', #5075, #5144, #526, .T. ) ;
#4317 = CARTESIAN_POINT ( 'NONE',  ( 49.82719833970784862, 69.54522626579696976, 19.53471851144412952 ) ) ;
#4318 = CARTESIAN_POINT ( 'NONE',  ( 50.31597899756765457, 64.54633924311154658, 20.78000000000000469 ) ) ;
#4319 = VERTEX_POINT ( 'NONE', #5077 ) ;
#4320 = DIRECTION ( 'NONE',  ( 7.020936286943156035E-15, 0.000000000000000000, 1.000000000000000000 ) ) ;
#4321 = EDGE_CURVE ( 'NONE', #4681, #842, #4999, .T. ) ;
#4322 = DIRECTION ( 'NONE',  ( 0.000000000000000000, 1.000000000000000000, 0.000000000000000000 ) ) ;
#4323 = CARTESIAN_POINT ( 'NONE',  ( 51.35743032144647913, 69.89848145441274596, 17.97999999957501771 ) ) ;
#4324 = VERTEX_POINT ( 'NONE', #993 ) ;
#4325 = EDGE_CURVE ( 'NONE', #3817, #4939, #1396, .T. ) ;
#4326 = CARTESIAN_POINT ( 'NONE',  ( 56.58150319202069767, 62.90437780148707958, 21.98000000000000043 ) ) ;
#4327 = ORIENTED_EDGE ( 'NONE', *, *, #2147, .F. ) ;
#4328 = CARTESIAN_POINT ( 'NONE',  ( 54.59054777056510233, 51.14276721078237387, 2.804999999999597815 ) ) ;
#4329 = DIRECTION ( 'NONE',  ( -4.509968754924856922E-45, -1.000000000000000000, -6.445834664451860138E-31 ) ) ;
#4330 = CARTESIAN_POINT ( 'NONE',  ( -0.8421289314260131942, 4.775203821727142639, 12.31181213116232342 ) ) ;
#4331 = CARTESIAN_POINT ( 'NONE',  ( 56.35248029844187556, 64.84202967877222079, 3.913220323862177885 ) ) ;
#4332 = EDGE_LOOP ( 'NONE', ( #117, #310, #1980, #3136, #4607, #365 ) ) ;
#4333 = CARTESIAN_POINT ( 'NONE',  ( 41.70239533589104042, 10.04864996279486533, -3.720000000000292406 ) ) ;
#4334 = ORIENTED_EDGE ( 'NONE', *, *, #339, .F. ) ;
#4335 = ADVANCED_FACE ( 'NONE', ( #2637 ), #4278, .F. ) ;
#4336 = PRODUCT_DEFINITION ( 'UNKNOWN', '', #1570, #1233 ) ;
#4337 = CARTESIAN_POINT ( 'NONE',  ( -0.8666090802983781316, 4.756720197524916927, 13.53705108050541739 ) ) ;
#4338 = CARTESIAN_POINT ( 'NONE',  ( 58.07309700619374127, 63.06187792928205482, 17.15564806922113306 ) ) ;
#4339 = DIRECTION ( 'NONE',  ( -1.000000000000000000, 0.000000000000000000, 0.000000000000000000 ) ) ;
#4340 = VECTOR ( 'NONE', #5317, 1000.000000000000000 ) ;
#4341 = CARTESIAN_POINT ( 'NONE',  ( 49.89054777056510659, 70.35642966398192755, 17.98000000000000398 ) ) ;
#4342 = CARTESIAN_POINT ( 'NONE',  ( 58.69054777056511085, -2.951350037205148880, 23.77999999999959257 ) ) ;
#4343 = DIRECTION ( 'NONE',  ( 0.000000000000000000, 1.000000000000000000, 0.000000000000000000 ) ) ;
#4344 = CARTESIAN_POINT ( 'NONE',  ( 51.26142882793241995, 63.80733679503493505, 19.18000000000001037 ) ) ;
#4345 = ORIENTED_EDGE ( 'NONE', *, *, #450, .F. ) ;
#4346 = CARTESIAN_POINT ( 'NONE',  ( -2.969452229434891066, 65.30864996279485979, 23.78000000000002245 ) ) ;
#4347 = DIRECTION ( 'NONE',  ( 0.000000000000000000, -1.000000000000000000, -0.000000000000000000 ) ) ;
#4348 = CYLINDRICAL_SURFACE ( 'NONE', #2606, 1.976629218758614304 ) ;
#4349 = ORIENTED_EDGE ( 'NONE', *, *, #2005, .F. ) ;
#4350 = ADVANCED_FACE ( 'NONE', ( #3492 ), #2796, .T. ) ;
#4351 = LINE ( 'NONE', #650, #154 ) ;
#4352 = EDGE_CURVE ( 'NONE', #4042, #839, #2394, .T. ) ;
#4353 = ORIENTED_EDGE ( 'NONE', *, *, #5238, .T. ) ;
#4354 = CARTESIAN_POINT ( 'NONE',  ( 5.930547770565103072, 69.54864996279485467, -3.720000000000036167 ) ) ;
#4355 = DIRECTION ( 'NONE',  ( -0.000000000000000000, -0.000000000000000000, -1.000000000000000000 ) ) ;
#4356 = DIRECTION ( 'NONE',  ( 0.000000000000000000, 0.000000000000000000, 1.000000000000000000 ) ) ;
#4357 = CARTESIAN_POINT ( 'NONE',  ( 57.00521942680543930, 63.31699171343994692, 4.535295567384807214 ) ) ;
#4358 = CARTESIAN_POINT ( 'NONE',  ( 56.35213402382014181, 64.84303790574611526, 18.20107122964204649 ) ) ;
#4359 = ORIENTED_EDGE ( 'NONE', *, *, #5005, .F. ) ;
#4360 = CARTESIAN_POINT ( 'NONE',  ( 49.69415168109595271, 69.54818027793163537, 2.596889956276600575 ) ) ;
#4361 = ORIENTED_EDGE ( 'NONE', *, *, #676, .T. ) ;
#4362 = LINE ( 'NONE', #614, #2490 ) ;
#4363 = LINE ( 'NONE', #259, #2143 ) ;
#4364 = DIRECTION ( 'NONE',  ( 0.000000000000000000, -1.000000000000000000, 0.000000000000000000 ) ) ;
#4365 = CARTESIAN_POINT ( 'NONE',  ( 50.52571744139098087, 69.48700075256211051, 18.94597891595798345 ) ) ;
#4366 = CARTESIAN_POINT ( 'NONE',  ( 41.70239533589094805, 13.44864996279486213, -3.720000000000292406 ) ) ;
#4367 = ORIENTED_EDGE ( 'NONE', *, *, #2838, .F. ) ;
#4368 = CARTESIAN_POINT ( 'NONE',  ( 8.259691434521279518, 71.14864996279486320, 5.333084799999999071 ) ) ;
#4369 = CARTESIAN_POINT ( 'NONE',  ( 55.16854777056509107, 66.12164996279483375, 17.98000000000000398 ) ) ;
#4370 = CARTESIAN_POINT ( 'NONE',  ( 53.96775178485624735, 68.66144743728892763, 17.98000000000019583 ) ) ;
#4371 = EDGE_LOOP ( 'NONE', ( #56, #4716, #152, #2196 ) ) ;
#4372 = DIRECTION ( 'NONE',  ( 0.9999911583173988205, 0.004205150059984123952, 0.000000000000000000 ) ) ;
#4373 = CIRCLE ( 'NONE', #2660, 1.730000000000002425 ) ;
#4374 = ORIENTED_EDGE ( 'NONE', *, *, #3158, .F. ) ;
#4375 = CARTESIAN_POINT ( 'NONE',  ( 11.19436216970072095, 30.70864996162471527, -3.720000000000081020 ) ) ;
#4376 = VECTOR ( 'NONE', #1869, 1000.000000000000000 ) ;
#4377 = CARTESIAN_POINT ( 'NONE',  ( -0.4938960146748489488, 3.766663195710056034, 12.37478458371388435 ) ) ;
#4378 = CARTESIAN_POINT ( 'NONE',  ( -1.046747882927138829, 5.983121887632079527, 13.49808027822760614 ) ) ;
#4379 = VERTEX_POINT ( 'NONE', #2314 ) ;
#4380 = CARTESIAN_POINT ( 'NONE',  ( 57.39411278282747020, 65.35203762048149656, 4.511683928001718691 ) ) ;
#4381 = VECTOR ( 'NONE', #4675, 1000.000000000000000 ) ;
#4382 = CARTESIAN_POINT ( 'NONE',  ( 57.00486806723066024, 62.87356034235086355, 17.49308592969102705 ) ) ;
#4383 = ORIENTED_EDGE ( 'NONE', *, *, #1227, .T. ) ;
#4384 = EDGE_CURVE ( 'NONE', #341, #4281, #4428, .T. ) ;
#4385 = AXIS2_PLACEMENT_3D ( 'NONE', #5096, #1414, #2257 ) ;
#4386 = CARTESIAN_POINT ( 'NONE',  ( 49.86412374437911410, 70.75490455597233108, 4.528859319098911485 ) ) ;
#4387 = ORIENTED_EDGE ( 'NONE', *, *, #3852, .F. ) ;
#4388 = CARTESIAN_POINT ( 'NONE',  ( 56.59054777056510943, 61.42063113487105852, 18.70729253345842125 ) ) ;
#4389 = DIRECTION ( 'NONE',  ( -1.000000000000000000, 8.673617379884035472E-16, 0.000000000000000000 ) ) ;
#4390 = CARTESIAN_POINT ( 'NONE',  ( 49.81567057599030335, 71.04661136540994448, 17.55829201570899301 ) ) ;
#4391 = VECTOR ( 'NONE', #1171, 1000.000000000000000 ) ;
#4392 = DIRECTION ( 'NONE',  ( 1.000000000000000000, 0.000000000000000000, 0.000000000000000000 ) ) ;
#4393 = ORIENTED_EDGE ( 'NONE', *, *, #3740, .F. ) ;
#4394 = DIRECTION ( 'NONE',  ( 1.222218890245539141E-16, -1.000000000000000000, 0.000000000000000000 ) ) ;
#4395 = CARTESIAN_POINT ( 'NONE',  ( -0.4938797612818871530, 53.62159102859877180, -3.719999999999999751 ) ) ;
#4396 = CARTESIAN_POINT ( 'NONE',  ( 49.69054777056508243, 72.30864996279485979, 17.35718509944170762 ) ) ;
#4397 = ORIENTED_EDGE ( 'NONE', *, *, #2743, .F. ) ;
#4398 = AXIS2_PLACEMENT_3D ( 'NONE', #571, #3756, #4191 ) ;
#4399 = CARTESIAN_POINT ( 'NONE',  ( 58.69054777056499717, 52.71776721078237671, 7.229999999999593641 ) ) ;
#4400 = EDGE_LOOP ( 'NONE', ( #4965, #2283, #3753, #4752, #4991, #1860 ) ) ;
#4401 = ADVANCED_FACE ( 'NONE', ( #1476 ), #3019, .T. ) ;
#4402 = DIRECTION ( 'NONE',  ( 1.000000000000000000, -0.000000000000000000, -6.982962677686266711E-15 ) ) ;
#4403 = EDGE_CURVE ( 'NONE', #1970, #4754, #208, .T. ) ;
#4404 = CARTESIAN_POINT ( 'NONE',  ( -1.047131761329613164, 3.341529029658064864, 13.55010386864682026 ) ) ;
#4405 = CARTESIAN_POINT ( 'NONE',  ( 50.88189587579712736, 69.43112793666949756, 3.168522664209294515 ) ) ;
#4406 = AXIS2_PLACEMENT_3D ( 'NONE', #1423, #5204, #3493 ) ;
#4407 = ORIENTED_EDGE ( 'NONE', *, *, #4301, .T. ) ;
#4408 = CARTESIAN_POINT ( 'NONE',  ( 56.58355400095283017, 62.90437780148705826, 18.74230028967746975 ) ) ;
#4409 = EDGE_CURVE ( 'NONE', #2427, #3703, #2064, .T. ) ;
#4410 = CARTESIAN_POINT ( 'NONE',  ( 46.47857444008658234, 70.88881620949500473, 16.84285188870435590 ) ) ;
#4411 = VERTEX_POINT ( 'NONE', #1661 ) ;
#4412 = EDGE_CURVE ( 'NONE', #4847, #5331, #3706, .T. ) ;
#4413 = CARTESIAN_POINT ( 'NONE',  ( 49.63843370749965800, 69.66686161513453612, 3.897325124807821339 ) ) ;
#4414 = LINE ( 'NONE', #4036, #1017 ) ;
#4415 = DIRECTION ( 'NONE',  ( -0.000000000000000000, -0.000000000000000000, -1.000000000000000000 ) ) ;
#4416 = CARTESIAN_POINT ( 'NONE',  ( 50.63971853258599509, 69.47071550245794924, 18.94699113140443103 ) ) ;
#4417 = DIRECTION ( 'NONE',  ( -0.000000000000000000, -0.000000000000000000, -1.000000000000000000 ) ) ;
#4418 = VERTEX_POINT ( 'NONE', #3652 ) ;
#4419 = LINE ( 'NONE', #4043, #3277 ) ;
#4420 = CARTESIAN_POINT ( 'NONE',  ( 58.69054777056504690, 63.30864996279486689, 14.59666666666626433 ) ) ;
#4421 = DIRECTION ( 'NONE',  ( -1.000000000000000000, 0.000000000000000000, 6.938893899847506401E-15 ) ) ;
#4422 =( BOUNDED_CURVE ( )  B_SPLINE_CURVE ( 3, ( #2090, #3752, #514, #1354 ),
 .UNSPECIFIED., .F., .F. ) 
 B_SPLINE_CURVE_WITH_KNOTS ( ( 4, 4 ),
 ( 1.847299016955858519, 3.141592653589793116 ),
 .UNSPECIFIED. ) 
 CURVE ( )  GEOMETRIC_REPRESENTATION_ITEM ( )  RATIONAL_B_SPLINE_CURVE ( ( 1.000000000000000000, 0.8652048417720585860, 0.8652048417720585860, 1.000000000000000000 ) ) 
 REPRESENTATION_ITEM ( '' )  );
#4423 = VERTEX_POINT ( 'NONE', #5285 ) ;
#4424 = CARTESIAN_POINT ( 'NONE',  ( -0.4743011466699057488, 3.721613845635517670, 12.39367842761324567 ) ) ;
#4425 = EDGE_LOOP ( 'NONE', ( #4387, #4954, #1949, #1520 ) ) ;
#4426 = CARTESIAN_POINT ( 'NONE',  ( -2.969452229435040724, 53.59604800156340332, 2.203953938914669841 ) ) ;
#4427 = CARTESIAN_POINT ( 'NONE',  ( 54.79227111230581926, 69.12755097058274600, 17.60574454730129546 ) ) ;
#4428 = LINE ( 'NONE', #708, #4649 ) ;
#4429 = CARTESIAN_POINT ( 'NONE',  ( 51.96903421575289883, 69.78727338563051319, 4.360292353977857083 ) ) ;
#4430 = ORIENTED_EDGE ( 'NONE', *, *, #812, .F. ) ;
#4431 = CARTESIAN_POINT ( 'NONE',  ( -1.730904027825072244, 4.147329379622664014, 13.26488072438803378 ) ) ;
#4432 = CARTESIAN_POINT ( 'NONE',  ( 56.63375890215365871, 65.37615100524291734, 4.361052236527552139 ) ) ;
#4433 = CARTESIAN_POINT ( 'NONE',  ( 47.54455206522880673, 71.03113605226961624, 17.14871036758464129 ) ) ;
#4434 = CARTESIAN_POINT ( 'NONE',  ( 57.57197951681708759, 62.94959018319764965, 17.25961652427898230 ) ) ;
#4435 = CARTESIAN_POINT ( 'NONE',  ( 50.20447538285031186, 70.77566986817330985, 4.512810088071838699 ) ) ;
#4436 = EDGE_CURVE ( 'NONE', #669, #2088, #1834, .T. ) ;
#4437 = ORIENTED_EDGE ( 'NONE', *, *, #2381, .F. ) ;
#4438 = DIRECTION ( 'NONE',  ( 0.000000000000000000, 0.000000000000000000, 1.000000000000000000 ) ) ;
#4439 = EDGE_CURVE ( 'NONE', #397, #4192, #2081, .T. ) ;
#4440 = DIRECTION ( 'NONE',  ( 0.000000000000000000, 0.000000000000000000, -1.000000000000000000 ) ) ;
#4441 = CARTESIAN_POINT ( 'NONE',  ( 49.75538436800906794, 70.74504778319861487, 17.57884206817643502 ) ) ;
#4442 = CARTESIAN_POINT ( 'NONE',  ( -1.586922304533319172, 3.924215293328780607, 13.26000000000000867 ) ) ;
#4443 = ORIENTED_EDGE ( 'NONE', *, *, #1379, .F. ) ;
#4444 = CARTESIAN_POINT ( 'NONE',  ( 5.930547770565103072, 62.54864996279485467, 17.97999999999999687 ) ) ;
#4445 = CARTESIAN_POINT ( 'NONE',  ( -1.069452229434900037, 53.59604800156338911, 2.203953938914656518 ) ) ;
#4446 = CARTESIAN_POINT ( 'NONE',  ( -1.069452229434900037, 53.59604800156338911, -1.749304498602572089 ) ) ;
#4447 = VERTEX_POINT ( 'NONE', #2096 ) ;
#4448 = CARTESIAN_POINT ( 'NONE',  ( -0.7732225530263053814, 4.533838942243530568, 12.26976144877605002 ) ) ;
#4449 = ORIENTED_EDGE ( 'NONE', *, *, #1445, .F. ) ;
#4450 = CARTESIAN_POINT ( 'NONE',  ( 40.19436216970091635, 54.30864996279486689, 23.78100000000015157 ) ) ;
#4451 = CARTESIAN_POINT ( 'NONE',  ( 55.01050435115335091, 69.38154425956044236, 17.60593378890888872 ) ) ;
#4452 = CIRCLE ( 'NONE', #2316, 1.730000000000002425 ) ;
#4453 = CARTESIAN_POINT ( 'NONE',  ( -0.3991246331247077506, 3.523526743419661322, 15.15257746129790029 ) ) ;
#4454 = CARTESIAN_POINT ( 'NONE',  ( 51.24779707469897971, 69.97920633099381860, 4.358663411815585143 ) ) ;
#4455 = ORIENTED_EDGE ( 'NONE', *, *, #3760, .T. ) ;
#4456 = AXIS2_PLACEMENT_3D ( 'NONE', #3813, #2197, #3836 ) ;
#4457 = CARTESIAN_POINT ( 'NONE',  ( 0.5061202387181135132, 53.62159102859877180, -3.719999999999999751 ) ) ;
#4458 = CARTESIAN_POINT ( 'NONE',  ( -1.060300605631468773, 62.90647531269305404, 17.97999999999999687 ) ) ;
#4459 = CARTESIAN_POINT ( 'NONE',  ( 41.68696389206412078, 70.25340195971639901, 13.63119067541000717 ) ) ;
#4460 = CARTESIAN_POINT ( 'NONE',  ( 56.74580433469650131, 65.01360404831169149, 17.75740188242096451 ) ) ;
#4461 = CIRCLE ( 'NONE', #237, 7.000000000000000000 ) ;
#4462 = CARTESIAN_POINT ( 'NONE',  ( 50.82188509813839516, 71.40127638483268413, 4.516694704808368321 ) ) ;
#4463 = ORIENTED_EDGE ( 'NONE', *, *, #4636, .T. ) ;
#4464 = CIRCLE ( 'NONE', #4992, 1.730000000000002425 ) ;
#4465 = CARTESIAN_POINT ( 'NONE',  ( 51.06220737528040843, 69.39384348725191387, 19.60593378890962413 ) ) ;
#4466 = EDGE_CURVE ( 'NONE', #3071, #4411, #2264, .T. ) ;
#4467 = DIRECTION ( 'NONE',  ( 0.000000000000000000, 0.000000000000000000, 1.000000000000000000 ) ) ;
#4468 = AXIS2_PLACEMENT_3D ( 'NONE', #2506, #3361, #2905 ) ;
#4469 = CARTESIAN_POINT ( 'NONE',  ( 54.21497530241190077, 12.72672186848767062, -3.719999999999999751 ) ) ;
#4470 = CARTESIAN_POINT ( 'NONE',  ( -2.969452229434956347, 4.048649962794851120, 15.26000000000002998 ) ) ;
#4471 = AXIS2_PLACEMENT_3D ( 'NONE', #4915, #3671, #292 ) ;
#4472 = ORIENTED_EDGE ( 'NONE', *, *, #2550, .F. ) ;
#4473 = DIRECTION ( 'NONE',  ( 6.982962677686267499E-15, 0.000000000000000000, 1.000000000000000000 ) ) ;
#4474 = CARTESIAN_POINT ( 'NONE',  ( 56.21497530241190077, 56.90412233242040685, -1.719999999999999751 ) ) ;
#4475 = EDGE_CURVE ( 'NONE', #3959, #270, #4611, .T. ) ;
#4476 = FACE_BOUND ( 'NONE', #5250, .T. ) ;
#4477 = ORIENTED_EDGE ( 'NONE', *, *, #1360, .F. ) ;
#4478 = CARTESIAN_POINT ( 'NONE',  ( 0.06613205056352632061, 2.725924852271532917, 15.01563157293591111 ) ) ;
#4479 = ORIENTED_EDGE ( 'NONE', *, *, #1253, .F. ) ;
#4480 = EDGE_CURVE ( 'NONE', #5151, #692, #3359, .T. ) ;
#4481 = CARTESIAN_POINT ( 'NONE',  ( -0.6213446334152892270, 4.084363874154989915, 16.23482587975767544 ) ) ;
#4482 = CARTESIAN_POINT ( 'NONE',  ( 51.92823289950849386, 72.02603289941669118, 17.60593378890960992 ) ) ;
#4483 = VECTOR ( 'NONE', #4589, 1000.000000000000000 ) ;
#4484 = CARTESIAN_POINT ( 'NONE',  ( -1.200615322277883923, 3.484746985098873040, 15.08822325573230927 ) ) ;
#4485 = CARTESIAN_POINT ( 'NONE',  ( 51.16406088874204983, 70.74316964508618355, 4.509949396553808221 ) ) ;
#4486 = ORIENTED_EDGE ( 'NONE', *, *, #1773, .T. ) ;
#4487 = FACE_OUTER_BOUND ( 'NONE', #2930, .T. ) ;
#4488 = DIRECTION ( 'NONE',  ( -1.000000000000000000, 0.000000000000000000, 6.938893903907222067E-15 ) ) ;
#4489 = CARTESIAN_POINT ( 'NONE',  ( 50.71357312047589971, 69.99557759617133001, 17.98000000000902077 ) ) ;
#4490 = CYLINDRICAL_SURFACE ( 'NONE', #2612, 6.548785911780555580 ) ;
#4491 = CIRCLE ( 'NONE', #3636, 1.000000000000000888 ) ;
#4492 = CARTESIAN_POINT ( 'NONE',  ( 49.78622434484822890, 70.05912275009987411, 4.341165137784352979 ) ) ;
#4493 = VERTEX_POINT ( 'NONE', #1761 ) ;
#4494 = CARTESIAN_POINT ( 'NONE',  ( 52.07222394464344717, 69.10985942372886370, 19.60593378890962413 ) ) ;
#4495 = CARTESIAN_POINT ( 'NONE',  ( 58.69054777056507533, 63.30864996279483847, 19.29024375428316773 ) ) ;
#4496 = VECTOR ( 'NONE', #3121, 999.9999999999998863 ) ;
#4497 = CARTESIAN_POINT ( 'NONE',  ( 41.79997574605781807, 69.54865082568102252, 15.90098248134917291 ) ) ;
#4498 = EDGE_CURVE ( 'NONE', #4308, #1187, #874, .T. ) ;
#4499 = CARTESIAN_POINT ( 'NONE',  ( -0.7889387182712235269, 3.127739673363861161, 14.65565677471626671 ) ) ;
#4500 = EDGE_LOOP ( 'NONE', ( #26, #2297, #465, #660 ) ) ;
#4501 = CARTESIAN_POINT ( 'NONE',  ( 49.89054777056510659, 65.66839462101903280, 18.83339268293097035 ) ) ;
#4502 = DIRECTION ( 'NONE',  ( 0.000000000000000000, 0.000000000000000000, 1.000000000000000000 ) ) ;
#4503 = CYLINDRICAL_SURFACE ( 'NONE', #2531, 2.000000001170135100 ) ;
#4504 = EDGE_LOOP ( 'NONE', ( #2734, #2601, #706, #5107 ) ) ;
#4505 = CARTESIAN_POINT ( 'NONE',  ( -0.2938710341510596402, 3.344259824153847038, 15.89280959766182377 ) ) ;
#4506 = ORIENTED_EDGE ( 'NONE', *, *, #4004, .T. ) ;
#4507 = CARTESIAN_POINT ( 'NONE',  ( 50.31939868783539538, 71.39809029825259756, 17.57615269883207176 ) ) ;
#4508 = FACE_BOUND ( 'NONE', #4696, .T. ) ;
#4509 = ADVANCED_FACE ( 'NONE', ( #902 ), #2580, .F. ) ;
#4510 = CARTESIAN_POINT ( 'NONE',  ( -1.359353285260499700, 3.646742362267161308, 15.18424650337385806 ) ) ;
#4511 = ORIENTED_EDGE ( 'NONE', *, *, #5260, .F. ) ;
#4512 = CARTESIAN_POINT ( 'NONE',  ( 51.33937455871510736, 69.33517879913640058, 2.837643355315838001 ) ) ;
#4513 = ORIENTED_EDGE ( 'NONE', *, *, #3434, .F. ) ;
#4514 = DIRECTION ( 'NONE',  ( 0.000000000000000000, 0.000000000000000000, -1.000000000000000000 ) ) ;
#4515 = CARTESIAN_POINT ( 'NONE',  ( -2.969452229435073143, 28.84697162930884673, -1.934075827659135216 ) ) ;
#4516 = CARTESIAN_POINT ( 'NONE',  ( 46.56826916432538610, 70.90077918088107367, 16.87172125852599436 ) ) ;
#4517 = CARTESIAN_POINT ( 'NONE',  ( 39.66306237719433625, 69.54864996279485467, 13.06378053683735452 ) ) ;
#4518 = FACE_OUTER_BOUND ( 'NONE', #1548, .T. ) ;
#4519 = ORIENTED_EDGE ( 'NONE', *, *, #3630, .T. ) ;
#4520 = CARTESIAN_POINT ( 'NONE',  ( 53.96130238942680535, 68.08324190650233732, 18.93122998539846336 ) ) ;
#4521 = CARTESIAN_POINT ( 'NONE',  ( 57.42540912073417303, 58.16705240974831526, 7.313792272982110099 ) ) ;
#4522 = CARTESIAN_POINT ( 'NONE',  ( 47.23796062321466849, 69.63802192030175320, 17.98025921159561946 ) ) ;
#4523 = CARTESIAN_POINT ( 'NONE',  ( 40.83416265469570305, 70.14024240127206156, 10.67505530584263518 ) ) ;
#4524 = DIRECTION ( 'NONE',  ( 1.000000000000000000, -0.000000000000000000, -6.982962677686266711E-15 ) ) ;
#4525 = CARTESIAN_POINT ( 'NONE',  ( 56.47363045009968374, 69.25385299065347056, -5.220000000000393214 ) ) ;
#4526 = FACE_OUTER_BOUND ( 'NONE', #2557, .T. ) ;
#4527 = ORIENTED_EDGE ( 'NONE', *, *, #450, .T. ) ;
#4528 = CARTESIAN_POINT ( 'NONE',  ( 3.336419742907834607, 69.05109415938109407, 12.53646377760016506 ) ) ;
#4529 = ORIENTED_EDGE ( 'NONE', *, *, #1746, .F. ) ;
#4530 = DIRECTION ( 'NONE',  ( 0.000000000000000000, -1.000000000000000000, 0.000000000000000000 ) ) ;
#4531 = CARTESIAN_POINT ( 'NONE',  ( 11.19436216970091458, 30.70864996162471527, 23.78100000000035408 ) ) ;
#4532 = ORIENTED_EDGE ( 'NONE', *, *, #4834, .F. ) ;
#4533 = CARTESIAN_POINT ( 'NONE',  ( 49.15037694114148792, 71.24306500057602420, 17.46318653811760413 ) ) ;
#4534 = AXIS2_PLACEMENT_3D ( 'NONE', #2979, #74, #2166 ) ;
#4535 = ORIENTED_EDGE ( 'NONE', *, *, #643, .T. ) ;
#4536 = CARTESIAN_POINT ( 'NONE',  ( 5.930547770565103072, 69.54864996279485467, -3.720000000000195151 ) ) ;
#4537 = DIRECTION ( 'NONE',  ( 1.000000000000000000, 0.000000000000000000, 0.000000000000000000 ) ) ;
#4538 = DIRECTION ( 'NONE',  ( -1.000000000000000000, 0.000000000000000000, 0.000000000000000000 ) ) ;
#4539 = PLANE ( 'NONE',  #968 ) ;
#4540 = EDGE_CURVE ( 'NONE', #2581, #1322, #3010, .T. ) ;
#4541 = ORIENTED_EDGE ( 'NONE', *, *, #1300, .F. ) ;
#4542 = CARTESIAN_POINT ( 'NONE',  ( 50.84541192808359966, 70.04937481802177501, 17.75402105807891928 ) ) ;
#4543 = CARTESIAN_POINT ( 'NONE',  ( 57.43328453543026058, 58.22624294779777188, 7.262285549393980411 ) ) ;
#4544 = CARTESIAN_POINT ( 'NONE',  ( 49.69054777056490479, 72.30864996279485979, -5.220000000000347029 ) ) ;
#4545 = EDGE_CURVE ( 'NONE', #4299, #4133, #3547, .T. ) ;
#4546 = CARTESIAN_POINT ( 'NONE',  ( 49.60826187862900838, 69.54863952326986976, 3.225759523974099263 ) ) ;
#4547 = CIRCLE ( 'NONE', #1371, 1.000000000000000888 ) ;
#4548 = AXIS2_PLACEMENT_3D ( 'NONE', #4141, #4569, #1287 ) ;
#4549 = CARTESIAN_POINT ( 'NONE',  ( 43.33200024699414143, 70.47148591167693610, 6.838050213415284517 ) ) ;
#4550 = CARTESIAN_POINT ( 'NONE',  ( 56.94915860319428447, 55.92146962146733813, 11.05714787888478057 ) ) ;
#4551 = CYLINDRICAL_SURFACE ( 'NONE', #3164, 7.000000000000000000 ) ;
#4552 = CIRCLE ( 'NONE', #2937, 2.000000000000000000 ) ;
#4553 = DIRECTION ( 'NONE',  ( -6.991222571849441366E-15, 6.445834664451860138E-31, -1.000000000000000000 ) ) ;
#4554 = CARTESIAN_POINT ( 'NONE',  ( 56.58631664476683909, 62.82866050127318402, 18.54690237486634175 ) ) ;
#4555 = EDGE_LOOP ( 'NONE', ( #982, #2767, #3506, #4822 ) ) ;
#4556 = CIRCLE ( 'NONE', #2159, 1.976629218758616080 ) ;
#4557 = DIRECTION ( 'NONE',  ( 1.000000000000000000, -9.219896231606735603E-17, 0.000000000000000000 ) ) ;
#4558 = ORIENTED_EDGE ( 'NONE', *, *, #3596, .F. ) ;
#4559 = VECTOR ( 'NONE', #5143, 1000.000000000000000 ) ;
#4560 = DIRECTION ( 'NONE',  ( 0.000000000000000000, 0.000000000000000000, 1.000000000000000000 ) ) ;
#4561 = CARTESIAN_POINT ( 'NONE',  ( -0.1610233458174361310, 3.059834965472008061, 14.43983864609626977 ) ) ;
#4562 = EDGE_LOOP ( 'NONE', ( #2379, #4140, #1887, #491, #3717, #2510, #2026, #3331, #1510 ) ) ;
#4563 = CARTESIAN_POINT ( 'NONE',  ( 57.74097182489040136, 66.37065329936467606, 4.508361965348511191 ) ) ;
#4564 = VECTOR ( 'NONE', #2234, 1000.000000000000000 ) ;
#4565 = DIRECTION ( 'NONE',  ( -1.000000000000000000, 0.000000000000000000, 6.982962677686268288E-15 ) ) ;
#4566 = ADVANCED_FACE ( 'NONE', ( #4218, #1011 ), #3037, .T. ) ;
#4567 = EDGE_CURVE ( 'NONE', #1006, #5218, #2148, .T. ) ;
#4568 = EDGE_LOOP ( 'NONE', ( #3896, #15, #4353, #287 ) ) ;
#4569 = DIRECTION ( 'NONE',  ( -0.000000000000000000, -0.000000000000000000, 1.000000000000000000 ) ) ;
#4570 = CYLINDRICAL_SURFACE ( 'NONE', #3799, 1.729999999999998872 ) ;
#4571 = DIRECTION ( 'NONE',  ( -0.000000000000000000, 1.000000000000000000, 0.000000000000000000 ) ) ;
#4572 = DIRECTION ( 'NONE',  ( -1.000000000000000000, -9.875726538627338513E-17, 0.000000000000000000 ) ) ;
#4573 = CARTESIAN_POINT ( 'NONE',  ( 14.68632900351048143, 16.84864996279485894, -5.220000000000101892 ) ) ;
#4574 = EDGE_LOOP ( 'NONE', ( #4479, #4169, #2848, #1901 ) ) ;
#4575 = CARTESIAN_POINT ( 'NONE',  ( 56.15174982799952375, 65.38998938240639802, 18.19524526403366593 ) ) ;
#4576 = VECTOR ( 'NONE', #1077, 1000.000000000000000 ) ;
#4577 = CARTESIAN_POINT ( 'NONE',  ( 57.92442410403990749, 61.93832206385483374, 16.88734523421084432 ) ) ;
#4578 = DIRECTION ( 'NONE',  ( 0.000000000000000000, 0.000000000000000000, -1.000000000000000000 ) ) ;
#4579 = CARTESIAN_POINT ( 'NONE',  ( 47.35410427353723151, 69.95600116180867190, 17.56316671345705061 ) ) ;
#4580 = EDGE_CURVE ( 'NONE', #3696, #248, #107, .T. ) ;
#4581 = CARTESIAN_POINT ( 'NONE',  ( 46.14905945574851387, 70.84506650761473168, 5.383995777399012361 ) ) ;
#4582 = CARTESIAN_POINT ( 'NONE',  ( 56.62042898958120674, 55.72754589202740760, 9.047104742408524913 ) ) ;
#4583 = DIRECTION ( 'NONE',  ( -1.000000000000000000, 0.000000000000000000, 0.000000000000000000 ) ) ;
#4584 = CARTESIAN_POINT ( 'NONE',  ( 56.59054777056510233, 62.57984954077279127, 18.75014735224437601 ) ) ;
#4585 = VERTEX_POINT ( 'NONE', #2985 ) ;
#4586 = DIRECTION ( 'NONE',  ( -0.000000000000000000, -1.000000000000000000, -0.000000000000000000 ) ) ;
#4587 = ORIENTED_EDGE ( 'NONE', *, *, #53, .F. ) ;
#4588 = CARTESIAN_POINT ( 'NONE',  ( 53.18454777056508220, 2.748649962794845969, 17.98000000000000398 ) ) ;
#4589 = DIRECTION ( 'NONE',  ( 0.000000000000000000, 0.000000000000000000, 1.000000000000000000 ) ) ;
#4590 = ORIENTED_EDGE ( 'NONE', *, *, #2751, .T. ) ;
#4591 = LINE ( 'NONE', #3734, #2157 ) ;
#4592 = ORIENTED_EDGE ( 'NONE', *, *, #1219, .F. ) ;
#4593 = CARTESIAN_POINT ( 'NONE',  ( -1.069452229434890267, 6.548649962794847568, -3.719999999999987317 ) ) ;
#4594 = CARTESIAN_POINT ( 'NONE',  ( 56.68230918017945896, 62.69798120605462088, 4.221249571125449407 ) ) ;
#4595 = VECTOR ( 'NONE', #10, 1000.000000000000000 ) ;
#4596 = DIRECTION ( 'NONE',  ( -0.000000000000000000, 1.000000000000000000, -0.000000000000000000 ) ) ;
#4597 =( BOUNDED_SURFACE ( )  B_SPLINE_SURFACE ( 3, 2, ( 
 ( #3349, #2551, #70 ),
 ( #5058, #1303, #892 ),
 ( #2999, #2953, #5010 ),
 ( #1728, #4182, #3402 ),
 ( #477, #3376, #2163 ),
 ( #2597, #99, #5033 ),
 ( #1349, #4624, #946 ),
 ( #4236, #2189, #2623 ),
 ( #3828, #122, #4658 ),
 ( #561, #769, #4311 ),
 ( #738, #611, #3052 ),
 ( #3474, #5233, #2245 ),
 ( #2273, #3879, #1026 ),
 ( #355, #1955, #3904 ),
 ( #4057, #4683, #203 ),
 ( #1987, #1835, #3656 ),
 ( #2646, #2675, #1556 ),
 ( #2428, #3074, #3196 ),
 ( #3499, #1174, #5135 ),
 ( #4287, #5110, #1056 ),
 ( #587, #2015, #1457 ),
 ( #1002, #1861, #180 ),
 ( #5288, #3099, #4736 ),
 ( #2701, #4337, #4863 ),
 ( #636, #2372, #4001 ),
 ( #2824, #1428, #299 ),
 ( #3602, #4837, #4705 ),
 ( #4431, #1151, #2799 ) ),
 .UNSPECIFIED., .F., .F., .T. ) 
 B_SPLINE_SURFACE_WITH_KNOTS ( ( 4, 2, 2, 2, 2, 2, 2, 2, 2, 2, 2, 2, 2, 4 ),
 ( 3, 3 ),
 ( 0.000000000000000000, 0.0008049883096999094602, 0.001207482464549864245, 0.001609976619399818920, 0.002012470774249773813, 0.002414964929099728489, 0.003219953238799637841, 0.003622447393649592950, 0.004024941548499547626, 0.004427435703349502302, 0.004829929858199456978, 0.005232424013049411654, 0.005634918167899366330, 0.006439906477599275682 ),
 ( 0.000000000000000000, 1.000000000000000000 ),
 .UNSPECIFIED. ) 
 GEOMETRIC_REPRESENTATION_ITEM ( )  RATIONAL_B_SPLINE_SURFACE ( (
 ( 1.000000000000000000, 0.7265259832920890615, 1.000000000000000000),
 ( 1.000000000000000000, 0.7095454118227163542, 1.000000000000000000),
 ( 1.000000000000000000, 0.6957785624860191032, 1.000000000000000000),
 ( 1.000000000000000000, 0.6817420660026631829, 1.000000000000000000),
 ( 1.000000000000000000, 0.6782926377676312679, 1.000000000000000000),
 ( 1.000000000000000000, 0.6735459500458484960, 1.000000000000000000),
 ( 1.000000000000000000, 0.6722510552687543939, 1.000000000000000000),
 ( 1.000000000000000000, 0.6714366609476647429, 1.000000000000000000),
 ( 1.000000000000000000, 0.6718840723015456762, 1.000000000000000000),
 ( 1.000000000000000000, 0.6737493297716444784, 1.000000000000000000),
 ( 1.000000000000000000, 0.6751764124766491681, 1.000000000000000000),
 ( 1.000000000000000000, 0.6796319440674075674, 1.000000000000000000),
 ( 1.000000000000000000, 0.6827898517563251168, 1.000000000000000000),
 ( 1.000000000000000000, 0.6846340182193120238, 1.000000000000000000),
 ( 1.000000000000000000, 0.6848082213209742974, 1.000000000000000000),
 ( 1.000000000000000000, 0.6841976937930669411, 1.000000000000000000),
 ( 1.000000000000000000, 0.6834272855659547785, 1.000000000000000000),
 ( 1.000000000000000000, 0.6811954600730377729, 1.000000000000000000),
 ( 1.000000000000000000, 0.6797295562876728425, 1.000000000000000000),
 ( 1.000000000000000000, 0.6767345104816246959, 1.000000000000000000),
 ( 1.000000000000000000, 0.6751875596057290707, 1.000000000000000000),
 ( 1.000000000000000000, 0.6727278838676715722, 1.000000000000000000),
 ( 1.000000000000000000, 0.6718602920326498529, 1.000000000000000000),
 ( 1.000000000000000000, 0.6715693500688079132, 1.000000000000000000),
 ( 1.000000000000000000, 0.6721732530833848251, 1.000000000000000000),
 ( 1.000000000000000000, 0.6771101098204704849, 1.000000000000000000),
 ( 1.000000000000000000, 0.6846787193502988922, 1.000000000000000000),
 ( 1.000000000000000000, 0.6969924996252409022, 1.000000000000000000) ) ) 
 REPRESENTATION_ITEM ( '' )  SURFACE ( )  );
#4598 = ORIENTED_EDGE ( 'NONE', *, *, #4545, .T. ) ;
#4599 = CARTESIAN_POINT ( 'NONE',  ( 54.21497530241190077, 12.72672186848767062, -1.719999999999999751 ) ) ;
#4600 = CARTESIAN_POINT ( 'NONE',  ( 56.26500989052172486, 68.62815895665268329, 17.60593378890961702 ) ) ;
#4601 = CARTESIAN_POINT ( 'NONE',  ( 39.79146120178142354, 69.54864996279485467, 13.74598064729513958 ) ) ;
#4602 = ADVANCED_FACE ( 'NONE', ( #546 ), #3787, .F. ) ;
#4603 = CARTESIAN_POINT ( 'NONE',  ( 43.37260483795454746, 70.47686822896045555, 6.808507240066409061 ) ) ;
#4604 = CARTESIAN_POINT ( 'NONE',  ( 57.07773417645309166, 57.42084252040861969, 7.567698092896822715 ) ) ;
#4605 = CARTESIAN_POINT ( 'NONE',  ( 5.930547770565103072, 69.54864996279485467, -3.720000000000195151 ) ) ;
#4606 = DIRECTION ( 'NONE',  ( 0.000000000000000000, 0.000000000000000000, 1.000000000000000000 ) ) ;
#4607 = ORIENTED_EDGE ( 'NONE', *, *, #1236, .T. ) ;
#4608 = CARTESIAN_POINT ( 'NONE',  ( 4.050174338705544663, 69.29328211667139215, 13.80957399958528775 ) ) ;
#4609 = ORIENTED_EDGE ( 'NONE', *, *, #3755, .T. ) ;
#4610 = CARTESIAN_POINT ( 'NONE',  ( 55.53518245404200115, 66.41187268636906538, 2.508361965348510303 ) ) ;
#4611 = LINE ( 'NONE', #2172, #4483 ) ;
#4612 = ORIENTED_EDGE ( 'NONE', *, *, #2509, .F. ) ;
#4613 = CARTESIAN_POINT ( 'NONE',  ( 54.59054777056510233, 51.14276721078237387, 2.804999999999597815 ) ) ;
#4614 = ORIENTED_EDGE ( 'NONE', *, *, #5293, .T. ) ;
#4615 = DIRECTION ( 'NONE',  ( -1.000000000000000000, -9.912705577010325549E-17, -0.000000000000000000 ) ) ;
#4616 = DIRECTION ( 'NONE',  ( 1.000000000000000000, 1.020425574104005182E-15, -7.015425821965035605E-15 ) ) ;
#4617 = CARTESIAN_POINT ( 'NONE',  ( 5.930547770565109289, 6.548649962794852009, 21.98000000000000043 ) ) ;
#4618 = DIRECTION ( 'NONE',  ( 9.875726538627338513E-17, -1.000000000000000000, 0.000000000000000000 ) ) ;
#4619 = ORIENTED_EDGE ( 'NONE', *, *, #3125, .F. ) ;
#4620 = CARTESIAN_POINT ( 'NONE',  ( 58.69054777056490479, 63.30864996279486689, -5.220000000000410090 ) ) ;
#4621 = CARTESIAN_POINT ( 'NONE',  ( 41.70239533589114700, 16.84864996279485894, 23.78100000000014091 ) ) ;
#4622 = VECTOR ( 'NONE', #718, 1000.000000000000000 ) ;
#4623 = CARTESIAN_POINT ( 'NONE',  ( 47.52468752756411874, 71.02748048542291315, 4.906732740143099569 ) ) ;
#4624 = CARTESIAN_POINT ( 'NONE',  ( -0.8512649014000138736, 4.721753237464754172, 15.01986954841157740 ) ) ;
#4625 = CARTESIAN_POINT ( 'NONE',  ( 57.57197951681708759, 62.94959018319764965, 17.25961652427898585 ) ) ;
#4626 = AXIS2_PLACEMENT_3D ( 'NONE', #3129, #1009, #3990 ) ;
#4627 = LINE ( 'NONE', #948, #241 ) ;
#4628 = CARTESIAN_POINT ( 'NONE',  ( 56.59054777056508101, 63.10167910982352169, 2.900230653540448067 ) ) ;
#4629 = AXIS2_PLACEMENT_3D ( 'NONE', #2174, #1284, #1257 ) ;
#4630 = AXIS2_PLACEMENT_3D ( 'NONE', #2028, #784, #2528 ) ;
#4631 = ORIENTED_EDGE ( 'NONE', *, *, #4316, .F. ) ;
#4632 = CARTESIAN_POINT ( 'NONE',  ( 4.533038864922963818, 69.41021461941255666, 14.36150735098771669 ) ) ;
#4633 = CIRCLE ( 'NONE', #2409, 1.000000000000000888 ) ;
#4634 = AXIS2_PLACEMENT_3D ( 'NONE', #4640, #1788, #2538 ) ;
#4635 = ORIENTED_EDGE ( 'NONE', *, *, #3289, .F. ) ;
#4636 = EDGE_CURVE ( 'NONE', #2176, #669, #3498, .T. ) ;
#4637 = DIRECTION ( 'NONE',  ( -0.000000000000000000, -0.000000000000000000, 1.000000000000000000 ) ) ;
#4638 = FACE_OUTER_BOUND ( 'NONE', #483, .T. ) ;
#4639 = ORIENTED_EDGE ( 'NONE', *, *, #2381, .T. ) ;
#4640 = CARTESIAN_POINT ( 'NONE',  ( 50.44638426953201105, 63.42991194810559819, 17.98000000000000398 ) ) ;
#4641 = ADVANCED_FACE ( 'NONE', ( #4638 ), #958, .T. ) ;
#4642 = VECTOR ( 'NONE', #2328, 1000.000000000000000 ) ;
#4643 = VERTEX_POINT ( 'NONE', #3838 ) ;
#4644 = ADVANCED_FACE ( 'NONE', ( #160 ), #131, .F. ) ;
#4645 = CARTESIAN_POINT ( 'NONE',  ( 49.89054777056510659, 67.00987496866763138, 20.78000000000000469 ) ) ;
#4646 = LINE ( 'NONE', #3468, #4564 ) ;
#4647 = STYLED_ITEM ( 'NONE', ( #829 ), #3998 ) ;
#4648 = CARTESIAN_POINT ( 'NONE',  ( 58.69054777056503980, 52.71776721078237671, 13.37999999999959577 ) ) ;
#4649 = VECTOR ( 'NONE', #5153, 1000.000000000000000 ) ;
#4650 = EDGE_CURVE ( 'NONE', #2805, #4133, #3063, .T. ) ;
#4651 = FACE_OUTER_BOUND ( 'NONE', #4673, .T. ) ;
#4652 = ORIENTED_EDGE ( 'NONE', *, *, #1126, .T. ) ;
#4653 = CARTESIAN_POINT ( 'NONE',  ( 49.89054777056510659, 70.01972472474237463, 17.98000000000000753 ) ) ;
#4654 = DIRECTION ( 'NONE',  ( 0.000000000000000000, 0.000000000000000000, -1.000000000000000000 ) ) ;
#4655 = CIRCLE ( 'NONE', #2773, 6.999999999999999112 ) ;
#4656 = CARTESIAN_POINT ( 'NONE',  ( 49.12212821199288015, 70.96730538021549251, 17.50229000888906228 ) ) ;
#4657 = VECTOR ( 'NONE', #2003, 1000.000000000000000 ) ;
#4658 = CARTESIAN_POINT ( 'NONE',  ( -1.000797605941558643, 5.567352029824674808, 15.71527684321253204 ) ) ;
#4659 = CARTESIAN_POINT ( 'NONE',  ( 56.92804869052007177, 60.94698139569543116, 17.01014371378237655 ) ) ;
#4660 = AXIS2_PLACEMENT_3D ( 'NONE', #3899, #2238, #4699 ) ;
#4661 = CARTESIAN_POINT ( 'NONE',  ( 58.30706169544778561, 65.96686727894481805, 4.508361965348512079 ) ) ;
#4662 = DIRECTION ( 'NONE',  ( 1.177133787269976313E-16, -1.000000000000000000, 0.000000000000000000 ) ) ;
#4663 = EDGE_LOOP ( 'NONE', ( #638, #1437, #2250, #347, #1664, #2030 ) ) ;
#4664 = CARTESIAN_POINT ( 'NONE',  ( 2.054547770565087639, 2.926649962794846349, 21.98000000000000398 ) ) ;
#4665 = EDGE_CURVE ( 'NONE', #5, #3570, #2632, .T. ) ;
#4666 = VERTEX_POINT ( 'NONE', #3864 ) ;
#4667 = DIRECTION ( 'NONE',  ( -0.000000000000000000, 0.000000000000000000, -1.000000000000000000 ) ) ;
#4668 = DIRECTION ( 'NONE',  ( -1.000000000000000000, -9.912705577010325549E-17, -0.000000000000000000 ) ) ;
#4669 = CARTESIAN_POINT ( 'NONE',  ( 49.89054777056510659, 4.448649962794835488, 17.98000000000000398 ) ) ;
#4670 = EDGE_LOOP ( 'NONE', ( #2957, #2385, #2903, #3326 ) ) ;
#4671 = DIRECTION ( 'NONE',  ( -0.000000000000000000, -0.000000000000000000, 1.000000000000000000 ) ) ;
#4672 = B_SPLINE_SURFACE_WITH_KNOTS ( 'NONE', 5, 3, ( 
 ( #4789, #1105, #3986, #2491, #805, #4121, #2865, #4601, #98, #862, #3720, #4933, #1698 ),
 ( #2465, #3804, #1268, #19, #890, #2112, #4152, #1752, #4092, #1727, #504, #3400, #5009 ),
 ( #4546, #419, #2570, #2080, #3291, #5031, #389, #3691, #4497, #2049, #4986, #3317, #916 ),
 ( #1673, #5327, #3374, #3746, #1301, #1646, #1242, #44, #2549, #2892, #4522, #3346, #449 ),
 ( #4181, #4204, #834, #4958, #475, #2919, #2523, #2162, #2952, #2974, #4579, #2135, #3772 ),
 ( #68, #1325, #2596, #1403, #3827, #4261, #2644, #3448, #3025, #145, #121, #4682, #1347 ),
 ( #1804, #3421, #1772, #2998, #2214, #5086, #3051, #944, #1001, #4235, #4286, #4656, #2622 ),
 ( #536, #3851, #4623, #585, #975, #2188, #2243, #560, #5057, #1377, #2151, #4533, #3816 ) ),
 .UNSPECIFIED., .F., .F., .F.,
 ( 6, 2, 6 ),
 ( 4, 1, 1, 1, 1, 1, 1, 1, 1, 1, 4 ),
 ( 0.000000000000000000, 0.5000000000000000000, 1.000000000000000000 ),
 ( 1.726247933896293718, 1.914960563188760290, 2.198029507127460480, 2.481098451066160226, 2.858523709651093370, 3.141592653589793116, 3.424661597528492862, 3.802086856113426450, 4.085155800052127084, 4.368224743990825942, 4.556937373283292736 ),
 .UNSPECIFIED. ) ;
#4673 = EDGE_LOOP ( 'NONE', ( #2699, #3515, #547, #1649 ) ) ;
#4674 = ADVANCED_FACE ( 'NONE', ( #3462 ), #5097, .T. ) ;
#4675 = DIRECTION ( 'NONE',  ( -6.991222571849441366E-15, 6.445834664451860138E-31, -1.000000000000000000 ) ) ;
#4676 = EDGE_CURVE ( 'NONE', #427, #4194, #3886, .T. ) ;
#4677 = CARTESIAN_POINT ( 'NONE',  ( -1.559091999642331583, 6.448649962794850587, 21.98000000000000398 ) ) ;
#4678 = DIRECTION ( 'NONE',  ( 0.000000000000000000, -1.000000000000000000, 0.000000000000000000 ) ) ;
#4679 = ORIENTED_EDGE ( 'NONE', *, *, #3199, .T. ) ;
#4680 = CARTESIAN_POINT ( 'NONE',  ( 56.09922226946564905, 65.12895007402404701, 19.27091318544887244 ) ) ;
#4681 = VERTEX_POINT ( 'NONE', #1499 ) ;
#4682 = CARTESIAN_POINT ( 'NONE',  ( 49.09337572207484612, 70.68188156602636241, 17.53667823186358632 ) ) ;
#4683 = CARTESIAN_POINT ( 'NONE',  ( -0.9899636251950398869, 5.050619842678153226, 14.26100304234796567 ) ) ;
#4684 = CARTESIAN_POINT ( 'NONE',  ( 57.59019514772769810, 59.41247573393266634, 6.320759457498155598 ) ) ;
#4685 = CARTESIAN_POINT ( 'NONE',  ( 49.59054777056510943, 6.548649962794857338, 17.97999999999999687 ) ) ;
#4686 = DIRECTION ( 'NONE',  ( -6.982962677686266711E-15, 0.000000000000000000, -1.000000000000000000 ) ) ;
#4687 = ORIENTED_EDGE ( 'NONE', *, *, #4403, .F. ) ;
#4688 = EDGE_CURVE ( 'NONE', #1839, #1910, #3241, .T. ) ;
#4689 = CARTESIAN_POINT ( 'NONE',  ( 26.43000000000000327, 72.30864996279485979, 18.50000000000000000 ) ) ;
#4690 = EDGE_LOOP ( 'NONE', ( #1107, #4211, #2232, #2898, #3973 ) ) ;
#4691 = CARTESIAN_POINT ( 'NONE',  ( 3.830547770565090548, 6.448649962794850587, 17.98000000000000398 ) ) ;
#4692 = FACE_OUTER_BOUND ( 'NONE', #1402, .T. ) ;
#4693 = CARTESIAN_POINT ( 'NONE',  ( 8.259691434521279518, 87.68274518145474872, 5.333084799999999071 ) ) ;
#4694 = ORIENTED_EDGE ( 'NONE', *, *, #4217, .F. ) ;
#4695 = CARTESIAN_POINT ( 'NONE',  ( -2.027336366691273373, 4.879418141830206501, 13.68829617820772881 ) ) ;
#4696 = EDGE_LOOP ( 'NONE', ( #3183, #2219 ) ) ;
#4697 = LINE ( 'NONE', #197, #4306 ) ;
#4698 = CARTESIAN_POINT ( 'NONE',  ( -0.8986797767004670590, 5.007250587995996760, 12.39610011778267484 ) ) ;
#4699 = DIRECTION ( 'NONE',  ( 1.000000000000000000, 0.000000000000000000, -7.025630077706067155E-15 ) ) ;
#4700 = ORIENTED_EDGE ( 'NONE', *, *, #1227, .F. ) ;
#4701 = EDGE_CURVE ( 'NONE', #4379, #4009, #541, .T. ) ;
#4702 = FACE_OUTER_BOUND ( 'NONE', #2782, .T. ) ;
#4703 = EDGE_LOOP ( 'NONE', ( #3064, #787 ) ) ;
#4704 = EDGE_CURVE ( 'NONE', #5331, #2242, #3916, .T. ) ;
#4705 = CARTESIAN_POINT ( 'NONE',  ( -0.8413462628740159266, 4.760503229738376696, 12.29544921795906021 ) ) ;
#4706 = DIRECTION ( 'NONE',  ( -0.7099979120823769474, 0.7042037807614109912, 0.000000000000000000 ) ) ;
#4707 = VECTOR ( 'NONE', #4096, 1000.000000000000000 ) ;
#4708 = EDGE_LOOP ( 'NONE', ( #105, #4853, #173, #4635 ) ) ;
#4709 = CARTESIAN_POINT ( 'NONE',  ( 56.59054777056510233, 62.54864996279485467, 19.01813075662171926 ) ) ;
#4710 = EDGE_CURVE ( 'NONE', #4776, #692, #4655, .T. ) ;
#4711 = FACE_OUTER_BOUND ( 'NONE', #4703, .T. ) ;
#4712 = FACE_OUTER_BOUND ( 'NONE', #3174, .T. ) ;
#4713 = DIRECTION ( 'NONE',  ( 1.000000000000000000, 9.875726538627338513E-17, -0.000000000000000000 ) ) ;
#4714 = AXIS2_PLACEMENT_3D ( 'NONE', #4588, #4560, #2222 ) ;
#4715 = CARTESIAN_POINT ( 'NONE',  ( 49.69054777056489769, 72.30864996279485979, 3.963333333332963004 ) ) ;
#4716 = ORIENTED_EDGE ( 'NONE', *, *, #163, .T. ) ;
#4717 = CARTESIAN_POINT ( 'NONE',  ( 56.59054777056509522, 61.94682275129679994, 18.85229052732546151 ) ) ;
#4718 = FACE_OUTER_BOUND ( 'NONE', #4574, .T. ) ;
#4719 = CARTESIAN_POINT ( 'NONE',  ( 56.28882478397243005, 66.02411054379285815, 17.98000000000000043 ) ) ;
#4720 = ORIENTED_EDGE ( 'NONE', *, *, #3070, .F. ) ;
#4721 = AXIS2_PLACEMENT_3D ( 'NONE', #4725, #551, #3440 ) ;
#4722 = CARTESIAN_POINT ( 'NONE',  ( -1.912268612239971022, 4.501122527855868860, 15.15984812298070494 ) ) ;
#4723 = AXIS2_PLACEMENT_3D ( 'NONE', #2683, #4713, #4343 ) ;
#4724 = EDGE_LOOP ( 'NONE', ( #5295, #1935, #714, #5163, #4443, #326, #4472, #3625 ) ) ;
#4725 = CARTESIAN_POINT ( 'NONE',  ( 3.830547770565105203, 4.448649962794851476, 17.98000000000000398 ) ) ;
#4726 = CARTESIAN_POINT ( 'NONE',  ( -0.4313697287537313629, 3.594566911352990335, 13.32486710087104953 ) ) ;
#4727 = PLANE ( 'NONE',  #4406 ) ;
#4728 = EDGE_CURVE ( 'NONE', #3033, #5126, #290, .T. ) ;
#4729 = ADVANCED_FACE ( 'NONE', ( #4797 ), #3485, .F. ) ;
#4730 = AXIS2_PLACEMENT_3D ( 'NONE', #3131, #1871, #2814 ) ;
#4731 = CARTESIAN_POINT ( 'NONE',  ( 56.58632809835260957, 62.82814076719693475, 3.567546634233782044 ) ) ;
#4732 = ORIENTED_EDGE ( 'NONE', *, *, #2883, .F. ) ;
#4733 = B_SPLINE_CURVE_WITH_KNOTS ( 'NONE', 3,
 ( #2899, #3783, #5015, #4632, #953, #4608, #3729, #482, #898, #4528, #2142, #1332, #2982, #922, #840, #27, #4212, #3701, #1680, #3005, #2168, #2602, #4241, #5337, #3299, #4940, #1866, #3480 ),
 .UNSPECIFIED., .F., .F.,
 ( 4, 2, 2, 2, 2, 2, 2, 2, 2, 2, 2, 2, 2, 4 ),
 ( 2.453269466693398698E-18, 0.001472805726685789225, 0.002209208590028683729, 0.002945611453371577582, 0.003682014316714471436, 0.004418417180057365723, 0.005154820043400259143, 0.005891222906743153430, 0.006627625770086047717, 0.007364028633428942872, 0.008100431496771837159, 0.008836834360114731446, 0.01030964008680050961, 0.01178244581348628778 ),
 .UNSPECIFIED. ) ;
#4734 = CARTESIAN_POINT ( 'NONE',  ( 56.44229290166717306, 64.01671274422059810, 18.82996817996287220 ) ) ;
#4735 = ORIENTED_EDGE ( 'NONE', *, *, #2229, .T. ) ;
#4736 = CARTESIAN_POINT ( 'NONE',  ( -1.001505444595218508, 5.571450893424847450, 12.80925726450798763 ) ) ;
#4737 = CARTESIAN_POINT ( 'NONE',  ( 57.21507828468861589, 57.51334783784190563, 7.627471974972969804 ) ) ;
#4738 = ORIENTED_EDGE ( 'NONE', *, *, #4567, .F. ) ;
#4739 = DIRECTION ( 'NONE',  ( -0.000000000000000000, -0.000000000000000000, 1.000000000000000000 ) ) ;
#4740 = VECTOR ( 'NONE', #2121, 1000.000000000000000 ) ;
#4741 = CARTESIAN_POINT ( 'NONE',  ( 43.19436216970071740, 28.70864996162471172, -3.720000000000303064 ) ) ;
#4742 = ADVANCED_FACE ( 'NONE', ( #4298 ), #239, .F. ) ;
#4743 = LINE ( 'NONE', #4342, #1285 ) ;
#4744 = LINE ( 'NONE', #1465, #1032 ) ;
#4745 = CARTESIAN_POINT ( 'NONE',  ( 0.5061202387181135132, 53.62159102859877180, -1.719999999999999751 ) ) ;
#4746 = VERTEX_POINT ( 'NONE', #1873 ) ;
#4747 = CARTESIAN_POINT ( 'NONE',  ( 56.59054777056509522, 61.94682275129836313, 3.262005226931697699 ) ) ;
#4748 = B_SPLINE_CURVE_WITH_KNOTS ( 'NONE', 3,
 ( #2801, #799, #2458, #4433, #1125, #2483, #1606, #4516, #4410, #4111, #409, #825, #3282, #3226, #740, #2400, #330, #1176, #3712, #4927, #1667, #4031, #4811, #4082, #2374, #1957, #1990, #357, #2826, #4003, #4459, #1636, #771, #301, #2430, #4059, #2017, #3658 ),
 .UNSPECIFIED., .F., .F.,
 ( 4, 2, 2, 2, 1, 1, 1, 2, 2, 2, 2, 1, 1, 1, 2, 2, 2, 2, 1, 1, 2, 2, 4 ),
 ( 0.000000000000000000, 0.06250000000000101308, 0.09375000000000147105, 0.1093750000000013323, 0.1171875000000016515, 0.1210937500000019151, 0.1230468750000026507, 0.1240234375000027756, 0.1250000000000029143, 0.1875000000000146549, 0.2187500000000202616, 0.2343750000000230649, 0.2421875000000246192, 0.2460937500000254241, 0.2480468750000254519, 0.2500000000000254796, 0.3125000000000167089, 0.3437500000000123235, 0.3593750000000098255, 0.3671875000000088263, 0.3710937500000083822, 0.3750000000000079936, 0.5000000000000000000 ),
 .UNSPECIFIED. ) ;
#4749 = LINE ( 'NONE', #755, #3024 ) ;
#4750 = CIRCLE ( 'NONE', #3381, 7.000000000000000000 ) ;
#4751 = CARTESIAN_POINT ( 'NONE',  ( 54.21497530241190077, 56.90412233242040685, -1.719999999999999751 ) ) ;
#4752 = ORIENTED_EDGE ( 'NONE', *, *, #3390, .F. ) ;
#4753 = CARTESIAN_POINT ( 'NONE',  ( 56.53775136160012948, 65.42232157067904552, 17.98000003025005711 ) ) ;
#4754 = VERTEX_POINT ( 'NONE', #3510 ) ;
#4755 = CARTESIAN_POINT ( 'NONE',  ( 43.19436216970080977, 28.70864996162470817, -3.720000000000303064 ) ) ;
#4756 = CARTESIAN_POINT ( 'NONE',  ( -1.254711782870791215, 3.538879904832746615, 13.39742729204764515 ) ) ;
#4757 = CARTESIAN_POINT ( 'NONE',  ( 57.15684744637810866, 67.47415367161964639, 4.508361965348512967 ) ) ;
#4758 = AXIS2_PLACEMENT_3D ( 'NONE', #1496, #701, #3508 ) ;
#4759 = CARTESIAN_POINT ( 'NONE',  ( 49.69054777056508243, 72.30864996279485979, 17.35718509944170762 ) ) ;
#4760 = CARTESIAN_POINT ( 'NONE',  ( 57.83349227450135288, 63.07667071457647978, 17.22514948722742645 ) ) ;
#4761 = ORIENTED_EDGE ( 'NONE', *, *, #3006, .F. ) ;
#4762 = CARTESIAN_POINT ( 'NONE',  ( 49.83231639285715886, 69.54504173935865197, 2.892476162162398001 ) ) ;
#4763 = ORIENTED_EDGE ( 'NONE', *, *, #2171, .T. ) ;
#4764 = CARTESIAN_POINT ( 'NONE',  ( 11.19436216970071030, 54.30864996279486689, -5.220000000000077911 ) ) ;
#4765 = CARTESIAN_POINT ( 'NONE',  ( 49.89054775410487252, 69.54221843368218003, 19.54193438266229421 ) ) ;
#4766 = FACE_BOUND ( 'NONE', #4568, .T. ) ;
#4767 = CARTESIAN_POINT ( 'NONE',  ( 49.70086401355237626, 69.54807100598232239, 19.20767997649342718 ) ) ;
#4768 = ADVANCED_FACE ( 'NONE', ( #3892 ), #4348, .F. ) ;
#4769 = CARTESIAN_POINT ( 'NONE',  ( 58.69054777056489058, 72.30864996279485979, 3.963333333332919928 ) ) ;
#4770 = ORIENTED_EDGE ( 'NONE', *, *, #3199, .F. ) ;
#4771 = CARTESIAN_POINT ( 'NONE',  ( 56.59054777056510233, 60.48929028746980663, 18.35297297827120744 ) ) ;
#4772 = LINE ( 'NONE', #3509, #954 ) ;
#4773 = DIRECTION ( 'NONE',  ( 0.000000000000000000, 0.000000000000000000, 1.000000000000000000 ) ) ;
#4774 = ORIENTED_EDGE ( 'NONE', *, *, #1939, .F. ) ;
#4775 = CARTESIAN_POINT ( 'NONE',  ( -1.668794306220183321, 4.048649962794778290, 15.26000000000002110 ) ) ;
#4776 = VERTEX_POINT ( 'NONE', #3969 ) ;
#4777 = CARTESIAN_POINT ( 'NONE',  ( 49.89054777056510659, 65.66839462101903280, 17.98000000000000398 ) ) ;
#4778 = ADVANCED_FACE ( 'NONE', ( #5147 ), #648, .F. ) ;
#4779 = CARTESIAN_POINT ( 'NONE',  ( -0.9507432720288618855, 3.257992306031477714, 13.64450588858063895 ) ) ;
#4780 = DIRECTION ( 'NONE',  ( 7.020936286943154457E-15, 0.000000000000000000, 1.000000000000000000 ) ) ;
#4781 = ORIENTED_EDGE ( 'NONE', *, *, #2918, .F. ) ;
#4782 = CARTESIAN_POINT ( 'NONE',  ( -5.528395281464801414, 49.56776721078237813, 13.38000000000004341 ) ) ;
#4783 = CARTESIAN_POINT ( 'NONE',  ( 57.55715985311594807, 65.94625077048712569, 17.60657739956325329 ) ) ;
#4784 = ORIENTED_EDGE ( 'NONE', *, *, #1067, .T. ) ;
#4785 = CARTESIAN_POINT ( 'NONE',  ( 49.73498495965079513, 69.66772625211207526, 3.893633644909844094 ) ) ;
#4786 = VERTEX_POINT ( 'NONE', #4751 ) ;
#4787 = CARTESIAN_POINT ( 'NONE',  ( 53.43854777056508709, 66.12164996279483375, 21.98000000000000398 ) ) ;
#4788 = DIRECTION ( 'NONE',  ( 0.000000000000000000, 0.000000000000000000, 1.000000000000000000 ) ) ;
#4789 = CARTESIAN_POINT ( 'NONE',  ( 49.59054777056510233, 69.54864996279485467, 2.611445697536315613 ) ) ;
#4790 = ADVANCED_FACE ( 'NONE', ( #3940 ), #1924, .T. ) ;
#4791 = EDGE_CURVE ( 'NONE', #3476, #1748, #5222, .T. ) ;
#4792 = CARTESIAN_POINT ( 'NONE',  ( 11.28632900351068535, 13.44864996279486213, 23.78100000000035408 ) ) ;
#4793 = VERTEX_POINT ( 'NONE', #785 ) ;
#4794 = AXIS2_PLACEMENT_3D ( 'NONE', #4209, #3424, #3807 ) ;
#4795 = CARTESIAN_POINT ( 'NONE',  ( 56.59054777056508101, 58.42028676110645335, 4.874265868169752380 ) ) ;
#4796 = FACE_OUTER_BOUND ( 'NONE', #1904, .T. ) ;
#4797 = FACE_OUTER_BOUND ( 'NONE', #1317, .T. ) ;
#4798 = ORIENTED_EDGE ( 'NONE', *, *, #2970, .T. ) ;
#4799 = DIRECTION ( 'NONE',  ( 0.000000000000000000, 0.000000000000000000, 1.000000000000000000 ) ) ;
#4800 = EDGE_CURVE ( 'NONE', #2349, #4935, #728, .T. ) ;
#4801 = ORIENTED_EDGE ( 'NONE', *, *, #511, .T. ) ;
#4802 = CARTESIAN_POINT ( 'NONE',  ( 11.28632900351048285, 13.44864996279486213, -5.220000000000078799 ) ) ;
#4803 = VECTOR ( 'NONE', #3967, 1000.000000000000000 ) ;
#4804 = CARTESIAN_POINT ( 'NONE',  ( -1.560754836854771233, 3.889046374253751104, 13.26492890045439310 ) ) ;
#4805 = CARTESIAN_POINT ( 'NONE',  ( 53.96130243553748329, 68.08324187398820015, 3.183065771449333781 ) ) ;
#4806 = EDGE_CURVE ( 'NONE', #345, #4319, #1737, .T. ) ;
#4807 = AXIS2_PLACEMENT_3D ( 'NONE', #3279, #3793, #1604 ) ;
#4808 = EDGE_LOOP ( 'NONE', ( #2202, #82, #3011, #557 ) ) ;
#4809 = PLANE ( 'NONE',  #2337 ) ;
#4810 = AXIS2_PLACEMENT_3D ( 'NONE', #4274, #164, #1822 ) ;
#4811 = CARTESIAN_POINT ( 'NONE',  ( 43.43188916582968773, 70.48473335520979788, 15.34829460301318349 ) ) ;
#4812 = LINE ( 'NONE', #3635, #4576 ) ;
#4813 = VERTEX_POINT ( 'NONE', #1594 ) ;
#4814 = CIRCLE ( 'NONE', #165, 1.000000000000000888 ) ;
#4815 = ADVANCED_FACE ( 'NONE', ( #1247 ), #4070, .F. ) ;
#4816 = CARTESIAN_POINT ( 'NONE',  ( 50.19385790493497979, 69.65508082002159540, 3.892065439692581119 ) ) ;
#4817 = CARTESIAN_POINT ( 'NONE',  ( 58.69154777056516537, 41.21098283457538969, 2.203953938914240407 ) ) ;
#4818 = DIRECTION ( 'NONE',  ( 0.000000000000000000, -1.000000000000000000, -0.000000000000000000 ) ) ;
#4819 = CARTESIAN_POINT ( 'NONE',  ( 50.41634383278336884, 70.78136603091873269, 17.60687893352719513 ) ) ;
#4820 = CIRCLE ( 'NONE', #779, 1.730000000000002425 ) ;
#4821 = CARTESIAN_POINT ( 'NONE',  ( 51.42792876370109667, 64.02035007589476834, 18.91164363097206902 ) ) ;
#4822 = ORIENTED_EDGE ( 'NONE', *, *, #3885, .T. ) ;
#4823 = DIRECTION ( 'NONE',  ( 0.000000000000000000, 0.000000000000000000, 1.000000000000000000 ) ) ;
#4824 = CYLINDRICAL_SURFACE ( 'NONE', #4225, 7.999999999999998224 ) ;
#4825 = CARTESIAN_POINT ( 'NONE',  ( 54.71409704894976045, 68.04894552471048996, 17.97999999999999687 ) ) ;
#4826 = VERTEX_POINT ( 'NONE', #2086 ) ;
#4827 = CARTESIAN_POINT ( 'NONE',  ( 0.5061202387181135132, 53.62159102859877180, -1.719999999999999751 ) ) ;
#4828 = VERTEX_POINT ( 'NONE', #2815 ) ;
#4829 = B_SPLINE_CURVE_WITH_KNOTS ( 'NONE', 3,
 ( #5012, #4661, #4961, #2599, #1382, #3725 ),
 .UNSPECIFIED., .F., .F.,
 ( 4, 2, 4 ),
 ( 0.000000000000000000, 0.001642755020535981202, 0.003285510041071962404 ),
 .UNSPECIFIED. ) ;
#4830 = CYLINDRICAL_SURFACE ( 'NONE', #3180, 6.999999999999999112 ) ;
#4831 = AXIS2_PLACEMENT_3D ( 'NONE', #4259, #3096, #558 ) ;
#4832 = CARTESIAN_POINT ( 'NONE',  ( 0.1428011099423352193, 2.611344097459554092, 14.12062423430575819 ) ) ;
#4833 = CARTESIAN_POINT ( 'NONE',  ( 56.55401365866843122, 65.57864234099716327, 4.363153783463439517 ) ) ;
#4834 = EDGE_CURVE ( 'NONE', #5109, #4418, #3975, .T. ) ;
#4835 = EDGE_CURVE ( 'NONE', #4167, #4847, #2416, .T. ) ;
#4836 = EDGE_LOOP ( 'NONE', ( #5300, #1920, #2131, #846 ) ) ;
#4837 = CARTESIAN_POINT ( 'NONE',  ( -0.7791950070259586747, 4.542041524018373799, 13.34340158515161789 ) ) ;
#4838 = CARTESIAN_POINT ( 'NONE',  ( 56.61565953631652803, 65.42825022918854927, 4.363153781362645312 ) ) ;
#4839 = LINE ( 'NONE', #2858, #4340 ) ;
#4840 = CARTESIAN_POINT ( 'NONE',  ( 57.89114408418627988, 65.96602431823615120, 17.60380361848660513 ) ) ;
#4841 = CARTESIAN_POINT ( 'NONE',  ( 50.37665357287107071, 70.07623124307284002, 4.347981807929422793 ) ) ;
#4842 = VERTEX_POINT ( 'NONE', #4879 ) ;
#4843 = CARTESIAN_POINT ( 'NONE',  ( 55.45632115227788006, 66.39652817438233967, 19.27206133289757517 ) ) ;
#4844 = CARTESIAN_POINT ( 'NONE',  ( 2.054547770565087639, 2.926649962794846349, 21.98000000000000398 ) ) ;
#4845 = CARTESIAN_POINT ( 'NONE',  ( 49.81040043674661177, 71.33059146416999852, 17.52696663497084018 ) ) ;
#4846 = CARTESIAN_POINT ( 'NONE',  ( -0.6804703268723153453, 3.046164603841591934, 14.23519606177178254 ) ) ;
#4847 = VERTEX_POINT ( 'NONE', #3727 ) ;
#4848 = CIRCLE ( 'NONE', #3826, 3.400000000000000355 ) ;
#4849 = CARTESIAN_POINT ( 'NONE',  ( 58.69054777056490479, -2.951350037205148880, -5.220000000000410090 ) ) ;
#4850 = CARTESIAN_POINT ( 'NONE',  ( -1.069452229434900037, 41.21098283457539679, 2.203953938914657851 ) ) ;
#4851 = ADVANCED_FACE ( 'NONE', ( #1190 ), #4503, .F. ) ;
#4852 = DIRECTION ( 'NONE',  ( -6.991222571849442154E-15, 6.445834664451861014E-31, -1.000000000000000000 ) ) ;
#4853 = ORIENTED_EDGE ( 'NONE', *, *, #2843, .T. ) ;
#4854 = DIRECTION ( 'NONE',  ( 1.000000000000000000, 0.000000000000000000, 0.000000000000000000 ) ) ;
#4855 = B_SPLINE_CURVE_WITH_KNOTS ( 'NONE', 3,
 ( #5319, #382, #827, #1206, #1607, #3713, #4895, #2459, #4112, #4928, #4517, #4085, #2041, #11, #3683, #2484, #2072, #1668 ),
 .UNSPECIFIED., .F., .F.,
 ( 4, 2, 2, 2, 2, 2, 2, 2, 4 ),
 ( 0.000000000000000000, 0.1249999999999998890, 0.2499999999999997780, 0.3749999999999996669, 0.4999999999999996669, 0.6249999999999996669, 0.7499999999999996669, 0.8749999999999998890, 1.000000000000000000 ),
 .UNSPECIFIED. ) ;
#4856 = VERTEX_POINT ( 'NONE', #3646 ) ;
#4857 = DIRECTION ( 'NONE',  ( -1.000000000000000000, 0.000000000000000000, 0.000000000000000000 ) ) ;
#4858 = CARTESIAN_POINT ( 'NONE',  ( 51.48268154805541741, 71.34961306566692940, 17.60593378890962413 ) ) ;
#4859 = CARTESIAN_POINT ( 'NONE',  ( -1.668794306220183321, 4.048649962794778290, 15.26000000000002110 ) ) ;
#4860 = CARTESIAN_POINT ( 'NONE',  ( 55.99597415571634684, 65.73995844585097359, 3.919827912356104616 ) ) ;
#4861 = ADVANCED_FACE ( 'NONE', ( #2896, #1652, #811, #2845, #4018, #314, #4476 ), #2444, .T. ) ;
#4862 = ORIENTED_EDGE ( 'NONE', *, *, #4189, .T. ) ;
#4863 = CARTESIAN_POINT ( 'NONE',  ( -0.9737621050536769962, 5.391591217343636444, 12.63794979795517115 ) ) ;
#4864 = CARTESIAN_POINT ( 'NONE',  ( 56.77276898756689150, 62.90437780148705826, 17.98000000000000398 ) ) ;
#4865 = CARTESIAN_POINT ( 'NONE',  ( 54.59054777056510233, 51.14276721078237387, 17.80499999999959826 ) ) ;
#4866 = CARTESIAN_POINT ( 'NONE',  ( 57.57795635143071422, 63.01778966384766534, 17.27447945302384014 ) ) ;
#4867 = EDGE_CURVE ( 'NONE', #4411, #462, #3265, .T. ) ;
#4868 = CARTESIAN_POINT ( 'NONE',  ( 51.18017431365532133, 71.39254986285268956, 4.508702341968775507 ) ) ;
#4869 = ORIENTED_EDGE ( 'NONE', *, *, #2645, .T. ) ;
#4870 = LINE ( 'NONE', #1181, #1794 ) ;
#4871 = CARTESIAN_POINT ( 'NONE',  ( 57.39999597247773977, 57.97474786507429201, 14.62646201238108468 ) ) ;
#4872 = CARTESIAN_POINT ( 'NONE',  ( 51.18017431365536396, 71.39254986285268956, 17.60559341228935892 ) ) ;
#4873 = EDGE_CURVE ( 'NONE', #1748, #5151, #426, .T. ) ;
#4874 = CARTESIAN_POINT ( 'NONE',  ( -2.942996839172099310, 3.433632169628826336, 13.46079933572832843 ) ) ;
#4875 = ORIENTED_EDGE ( 'NONE', *, *, #812, .T. ) ;
#4876 = LINE ( 'NONE', #2495, #251 ) ;
#4877 = DIRECTION ( 'NONE',  ( -0.000000000000000000, -0.000000000000000000, -1.000000000000000000 ) ) ;
#4878 = B_SPLINE_CURVE_WITH_KNOTS ( 'NONE', 3,
 ( #1204, #2866, #2410, #390, #3695, #750, #2384, #3723, #4499, #3665, #3260, #4013, #4846, #4040, #1270, #2921, #835, #20, #4066, #1999, #4442, #364 ),
 .UNSPECIFIED., .F., .F.,
 ( 4, 2, 2, 2, 2, 2, 2, 2, 2, 2, 4 ),
 ( 0.007021474140742466931, 0.007467056349543706173, 0.007912638558344944548, 0.008135429662745562868, 0.008358220767146182922, 0.008581011871546801242, 0.008803802975947421297, 0.009249385184748659672, 0.009694967393549896312, 0.01014054960235113469, 0.01058613181115237306 ),
 .UNSPECIFIED. ) ;
#4879 = CARTESIAN_POINT ( 'NONE',  ( 14.68632900351048143, 10.04864996279486178, -5.220000000000101892 ) ) ;
#4880 = ORIENTED_EDGE ( 'NONE', *, *, #2013, .T. ) ;
#4881 = CARTESIAN_POINT ( 'NONE',  ( 0.1225042147949585158, 2.641249317073503189, 14.65024182602846281 ) ) ;
#4882 = ORIENTED_EDGE ( 'NONE', *, *, #5197, .T. ) ;
#4883 = DIRECTION ( 'NONE',  ( 0.000000000000000000, -1.000000000000000000, -0.000000000000000000 ) ) ;
#4884 = CARTESIAN_POINT ( 'NONE',  ( 57.26244852131888763, 66.59646095422169765, 17.60593378891067928 ) ) ;
#4885 = CARTESIAN_POINT ( 'NONE',  ( 49.60826187862900838, 69.54863952326986976, 3.225759523974099263 ) ) ;
#4886 = CARTESIAN_POINT ( 'NONE',  ( 53.03159260364225247, 69.36553629815477962, 4.361878406692214938 ) ) ;
#4887 = AXIS2_PLACEMENT_3D ( 'NONE', #639, #2300, #1915 ) ;
#4888 = ORIENTED_EDGE ( 'NONE', *, *, #2809, .F. ) ;
#4889 = CIRCLE ( 'NONE', #2237, 6.999999999999999112 ) ;
#4890 = DIRECTION ( 'NONE',  ( -1.000000000000000000, 0.000000000000000000, -0.000000000000000000 ) ) ;
#4891 = UNCERTAINTY_MEASURE_WITH_UNIT (LENGTH_MEASURE( 1.000000000000000082E-05 ), #63, 'distance_accuracy_value', 'NONE');
#4892 = CARTESIAN_POINT ( 'NONE',  ( 57.89112504216717525, 65.96611092714533697, 4.510485657375050472 ) ) ;
#4893 = DIRECTION ( 'NONE',  ( 1.000000000000000000, 8.021842663476553910E-15, 0.000000000000000000 ) ) ;
#4894 = CIRCLE ( 'NONE', #4629, 5.280000000000002025 ) ;
#4895 = CARTESIAN_POINT ( 'NONE',  ( 40.65725794140240623, 69.54864996279486888, 7.139540018944648736 ) ) ;
#4896 = AXIS2_PLACEMENT_3D ( 'NONE', #2936, #135, #522 ) ;
#4897 = CARTESIAN_POINT ( 'NONE',  ( 50.01938263500941417, 69.53647117493603957, 3.192418069667422920 ) ) ;
#4898 = EDGE_LOOP ( 'NONE', ( #1780, #822 ) ) ;
#4899 = B_SPLINE_CURVE_WITH_KNOTS ( 'NONE', 3,
 ( #3627, #1251, #30, #1682 ),
 .UNSPECIFIED., .F., .F.,
 ( 4, 4 ),
 ( 0.6559617015580423427, 1.000000000000000000 ),
 .UNSPECIFIED. ) ;
#4900 = VECTOR ( 'NONE', #1877, 1000.000000000000000 ) ;
#4901 = CARTESIAN_POINT ( 'NONE',  ( 52.16438782148027542, 62.90437780148707958, 17.98000000000000398 ) ) ;
#4902 = B_SPLINE_CURVE_WITH_KNOTS ( 'NONE', 3,
 ( #102, #4628, #1809, #5091, #1005, #3832 ),
 .UNSPECIFIED., .F., .F.,
 ( 4, 2, 4 ),
 ( 0.000000000000000000, 0.5000000000000000000, 1.000000000000000000 ),
 .UNSPECIFIED. ) ;
#4903 = DIRECTION ( 'NONE',  ( 0.000000000000000000, -1.000000000000000000, -5.507058653894625853E-16 ) ) ;
#4904 = AXIS2_PLACEMENT_3D ( 'NONE', #4827, #1546, #4854 ) ;
#4905 = CARTESIAN_POINT ( 'NONE',  ( 49.63843369962883401, 69.66686161591125881, 18.21697062915179188 ) ) ;
#4906 = EDGE_CURVE ( 'NONE', #1830, #5185, #2870, .T. ) ;
#4907 = FACE_OUTER_BOUND ( 'NONE', #704, .T. ) ;
#4908 = AXIS2_PLACEMENT_3D ( 'NONE', #4129, #1593, #3237 ) ;
#4909 = ORIENTED_EDGE ( 'NONE', *, *, #2454, .F. ) ;
#4910 = DIRECTION ( 'NONE',  ( 0.000000000000000000, 0.000000000000000000, 1.000000000000000000 ) ) ;
#4911 = DIRECTION ( 'NONE',  ( 1.000000000000000000, 0.000000000000000000, 0.000000000000000000 ) ) ;
#4912 = AXIS2_PLACEMENT_3D ( 'NONE', #4444, #4910, #2868 ) ;
#4913 = CARTESIAN_POINT ( 'NONE',  ( 8.259691434521279518, -2.952350037205148325, 12.11308500000000521 ) ) ;
#4914 = ORIENTED_EDGE ( 'NONE', *, *, #254, .F. ) ;
#4915 = CARTESIAN_POINT ( 'NONE',  ( 53.43854777056508709, 66.12164996279483375, 17.98000000000000398 ) ) ;
#4916 = AXIS2_PLACEMENT_3D ( 'NONE', #576, #4329, #3138 ) ;
#4917 = VERTEX_POINT ( 'NONE', #2470 ) ;
#4918 = DIRECTION ( 'NONE',  ( 1.177133787269976067E-16, -1.000000000000000000, 0.000000000000000000 ) ) ;
#4919 = CARTESIAN_POINT ( 'NONE',  ( 43.19436216970071030, 28.70864996162471172, -5.220000000000301732 ) ) ;
#4920 = CARTESIAN_POINT ( 'NONE',  ( -0.6296284987776736841, 4.093313121206949567, 15.32140614129367329 ) ) ;
#4921 = VERTEX_POINT ( 'NONE', #4097 ) ;
#4922 = CARTESIAN_POINT ( 'NONE',  ( 52.90751793625983623, 68.75014580191783864, 2.841309028189532349 ) ) ;
#4923 = AXIS2_PLACEMENT_3D ( 'NONE', #2181, #3285, #444 ) ;
#4924 = EDGE_LOOP ( 'NONE', ( #5287, #1419, #4609, #1121, #2629, #4761, #1821, #4763 ) ) ;
#4925 = CARTESIAN_POINT ( 'NONE',  ( 41.70239533589114700, 10.04864996279486178, 23.78100000000014091 ) ) ;
#4926 = FACE_OUTER_BOUND ( 'NONE', #4425, .T. ) ;
#4927 = CARTESIAN_POINT ( 'NONE',  ( 43.72631589577345324, 70.52388202480528889, 15.55058108158810448 ) ) ;
#4928 = CARTESIAN_POINT ( 'NONE',  ( 39.41407598302084381, 69.54864996279486888, 12.07572610312967853 ) ) ;
#4929 = CARTESIAN_POINT ( 'NONE',  ( 4.030547770565121368, 72.30864996279485979, 23.77999999999997627 ) ) ;
#4930 = EDGE_LOOP ( 'NONE', ( #2986, #3298, #2045, #998 ) ) ;
#4931 = LINE ( 'NONE', #4901, #1536 ) ;
#4932 = CYLINDRICAL_SURFACE ( 'NONE', #2661, 5.280000000000001137 ) ;
#4933 = CARTESIAN_POINT ( 'NONE',  ( 48.84227765074600569, 69.54864996279485467, 19.41959151066756206 ) ) ;
#4934 = DIRECTION ( 'NONE',  ( 0.000000000000000000, 0.000000000000000000, 1.000000000000000000 ) ) ;
#4935 = VERTEX_POINT ( 'NONE', #3621 ) ;
#4936 = CARTESIAN_POINT ( 'NONE',  ( 56.21497530241190077, 56.90412233242040685, -1.719999999999999751 ) ) ;
#4937 = FACE_OUTER_BOUND ( 'NONE', #4117, .T. ) ;
#4938 = DIRECTION ( 'NONE',  ( -0.000000000000000000, -0.000000000000000000, 1.000000000000000000 ) ) ;
#4939 = VERTEX_POINT ( 'NONE', #394 ) ;
#4940 = CARTESIAN_POINT ( 'NONE',  ( 5.077200150666028478, 69.50635892910621294, 6.371150518841444566 ) ) ;
#4941 = ORIENTED_EDGE ( 'NONE', *, *, #1451, .F. ) ;
#4942 = CARTESIAN_POINT ( 'NONE',  ( 2.054547770565087639, 2.926649962794846349, 17.98000000000000398 ) ) ;
#4943 = CARTESIAN_POINT ( 'NONE',  ( -1.614798677579161179, 3.968507389102500671, 15.25783373455863945 ) ) ;
#4944 = VECTOR ( 'NONE', #3632, 999.9999999999998863 ) ;
#4945 = VERTEX_POINT ( 'NONE', #2056 ) ;
#4946 = CARTESIAN_POINT ( 'NONE',  ( 57.26244820345130648, 66.59646065486312239, 4.508361965348328226 ) ) ;
#4947 = EDGE_LOOP ( 'NONE', ( #745, #370, #3889, #4310, #900, #3622, #3239, #5052 ) ) ;
#4948 = CARTESIAN_POINT ( 'NONE',  ( -2.969452229434956347, 4.048649962794851120, 15.26000000000002998 ) ) ;
#4949 = EDGE_CURVE ( 'NONE', #4423, #1562, #3699, .T. ) ;
#4950 = LINE ( 'NONE', #4515, #3540 ) ;
#4951 = DIRECTION ( 'NONE',  ( -0.000000000000000000, -0.000000000000000000, -1.000000000000000000 ) ) ;
#4952 = CARTESIAN_POINT ( 'NONE',  ( 51.51597899756765742, 64.54633924311154658, 18.47745220655031062 ) ) ;
#4953 = CARTESIAN_POINT ( 'NONE',  ( 5.930547770565103072, 62.54864996279485467, 21.98000000000000043 ) ) ;
#4954 = ORIENTED_EDGE ( 'NONE', *, *, #4321, .F. ) ;
#4955 = CARTESIAN_POINT ( 'NONE',  ( 56.03556954947677582, 65.28115472710823042, 18.93793212669930526 ) ) ;
#4956 = CARTESIAN_POINT ( 'NONE',  ( 57.28012960346126903, 57.05678057581052798, 13.58055942168335584 ) ) ;
#4957 = CARTESIAN_POINT ( 'NONE',  ( -1.069452229434900037, 53.59604800156340332, 0.2273247201560419928 ) ) ;
#4958 = CARTESIAN_POINT ( 'NONE',  ( 44.87845732451626191, 69.86072398109467940, 5.283876648513358809 ) ) ;
#4959 = CARTESIAN_POINT ( 'NONE',  ( -2.943065626124476974, 3.434253075323808080, 15.05993365910262582 ) ) ;
#4960 = CARTESIAN_POINT ( 'NONE',  ( 56.59054586607763326, 55.39891602708989637, 8.908495210894052718 ) ) ;
#4961 = CARTESIAN_POINT ( 'NONE',  ( 58.45092969679504336, 65.44110071879225643, 4.566139044989281359 ) ) ;
#4962 = CARTESIAN_POINT ( 'NONE',  ( 56.68230921108807507, 62.69798123378307508, 17.89304621563199404 ) ) ;
#4963 = DIRECTION ( 'NONE',  ( 0.7042037807614112133, 0.7099979120823766143, 0.000000000000000000 ) ) ;
#4964 = ADVANCED_FACE ( 'NONE', ( #3297, #4526 ), #4130, .T. ) ;
#4965 = ORIENTED_EDGE ( 'NONE', *, *, #1855, .T. ) ;
#4966 = EDGE_CURVE ( 'NONE', #868, #1443, #118, .T. ) ;
#4967 = FACE_OUTER_BOUND ( 'NONE', #5232, .T. ) ;
#4968 = ORIENTED_EDGE ( 'NONE', *, *, #4806, .F. ) ;
#4969 = CARTESIAN_POINT ( 'NONE',  ( 57.25376399850962628, 65.82089068237155516, 17.60542389433795663 ) ) ;
#4970 = DIRECTION ( 'NONE',  ( 0.000000000000000000, -1.000000000000000000, -0.000000000000000000 ) ) ;
#4971 = ORIENTED_EDGE ( 'NONE', *, *, #821, .T. ) ;
#4972 = CARTESIAN_POINT ( 'NONE',  ( 50.98799388586488845, 70.77308584952700699, 4.509949387409960764 ) ) ;
#4973 = DIRECTION ( 'NONE',  ( -6.982962677686268288E-15, -3.501643819768926806E-17, -1.000000000000000000 ) ) ;
#4974 = EDGE_LOOP ( 'NONE', ( #3444, #3247, #3050, #3993 ) ) ;
#4975 = CARTESIAN_POINT ( 'NONE',  ( 58.12906698262637661, 65.25236160025535526, 4.508361965348516520 ) ) ;
#4976 = CARTESIAN_POINT ( 'NONE',  ( -2.969452229435068702, 53.59604800156340332, -1.749304498602558766 ) ) ;
#4977 = CARTESIAN_POINT ( 'NONE',  ( 53.69433347179679572, 71.39113160740690489, 23.77999999999963521 ) ) ;
#4978 = EDGE_CURVE ( 'NONE', #1483, #951, #870, .T. ) ;
#4979 = CARTESIAN_POINT ( 'NONE',  ( 5.830547770565105203, 4.448649962794835488, 17.98000000000000398 ) ) ;
#4980 = AXIS2_PLACEMENT_3D ( 'NONE', #5069, #4667, #2984 ) ;
#4981 = ORIENTED_EDGE ( 'NONE', *, *, #3924, .F. ) ;
#4982 = CARTESIAN_POINT ( 'NONE',  ( 55.99597396566837659, 65.73995865506195457, 18.19446804102645743 ) ) ;
#4983 = CARTESIAN_POINT ( 'NONE',  ( 57.58034467707019388, 59.30947021369835426, 15.68541076811215795 ) ) ;
#4984 = VECTOR ( 'NONE', #849, 1000.000000000000000 ) ;
#4985 = DIRECTION ( 'NONE',  ( 0.000000000000000000, -6.445834664451860138E-31, 1.000000000000000000 ) ) ;
#4986 = CARTESIAN_POINT ( 'NONE',  ( 47.10889193946942299, 69.54865424852407330, 18.55857603102839448 ) ) ;
#4987 = CARTESIAN_POINT ( 'NONE',  ( 42.88412844864827633, 70.41222265789346579, 7.188469809464971938 ) ) ;
#4988 = CARTESIAN_POINT ( 'NONE',  ( 56.59054586673602216, 55.39891602902322632, 13.20580054407513870 ) ) ;
#4989 = CARTESIAN_POINT ( 'NONE',  ( 45.19436216970091635, 54.30864996279486689, 23.78100000000011960 ) ) ;
#4990 = FACE_OUTER_BOUND ( 'NONE', #3941, .T. ) ;
#4991 = ORIENTED_EDGE ( 'NONE', *, *, #1054, .F. ) ;
#4992 = AXIS2_PLACEMENT_3D ( 'NONE', #2819, #761, #3516 ) ;
#4993 = DIRECTION ( 'NONE',  ( 6.991222571849442154E-15, -6.445834664451861014E-31, 1.000000000000000000 ) ) ;
#4994 = CIRCLE ( 'NONE', #3529, 1.000000000000000888 ) ;
#4995 = ORIENTED_EDGE ( 'NONE', *, *, #1918, .T. ) ;
#4996 = CARTESIAN_POINT ( 'NONE',  ( 50.91505989697791534, 69.42219836423828383, 2.508361965348510303 ) ) ;
#4997 = CARTESIAN_POINT ( 'NONE',  ( 50.51444505026934451, 69.49939564161179817, 2.508361965348510303 ) ) ;
#4998 = VERTEX_POINT ( 'NONE', #4333 ) ;
#4999 = CIRCLE ( 'NONE', #1560, 1.000000000000000888 ) ;
#5000 = CARTESIAN_POINT ( 'NONE',  ( 55.16854777056509107, 66.12164996279483375, 17.98000000000000398 ) ) ;
#5001 = EDGE_LOOP ( 'NONE', ( #2972, #5206, #1173, #1416, #384, #3966 ) ) ;
#5002 = CARTESIAN_POINT ( 'NONE',  ( 1.506120238718114290, 53.62159102859877180, -1.719999999999999751 ) ) ;
#5003 = CARTESIAN_POINT ( 'NONE',  ( 57.57197951637282074, 62.94959017029012927, 4.854679233124721272 ) ) ;
#5004 = PLANE ( 'NONE',  #3810 ) ;
#5005 = EDGE_CURVE ( 'NONE', #1947, #1684, #2296, .T. ) ;
#5006 = ORIENTED_EDGE ( 'NONE', *, *, #2229, .F. ) ;
#5007 = LINE ( 'NONE', #4599, #582 ) ;
#5008 = CARTESIAN_POINT ( 'NONE',  ( -1.730904027834432979, 4.246008796481609338, 12.26976144877913377 ) ) ;
#5009 = CARTESIAN_POINT ( 'NONE',  ( 49.59940512789842870, 69.54864996279485467, 19.19569909703962551 ) ) ;
#5010 = CARTESIAN_POINT ( 'NONE',  ( -0.7761204109215315006, 4.530063523656274960, 16.26804914218812925 ) ) ;
#5011 = CARTESIAN_POINT ( 'NONE',  ( 56.59050233335248947, 58.61686372296280467, 5.246324460078135132 ) ) ;
#5012 = CARTESIAN_POINT ( 'NONE',  ( 58.11023086179190500, 66.48810536322230291, 4.508361965348512967 ) ) ;
#5013 = CYLINDRICAL_SURFACE ( 'NONE', #5216, 1.000000000000000888 ) ;
#5014 = ORIENTED_EDGE ( 'NONE', *, *, #2339, .F. ) ;
#5015 = CARTESIAN_POINT ( 'NONE',  ( 5.078611974528067563, 69.50642317788367563, 14.85572282959871515 ) ) ;
#5016 = ORIENTED_EDGE ( 'NONE', *, *, #1705, .T. ) ;
#5017 = CARTESIAN_POINT ( 'NONE',  ( 51.29349193309587207, 71.38606933607927374, 4.508361965348512079 ) ) ;
#5018 = DIRECTION ( 'NONE',  ( 0.000000000000000000, 0.000000000000000000, 1.000000000000000000 ) ) ;
#5019 = ORIENTED_EDGE ( 'NONE', *, *, #4704, .F. ) ;
#5020 = FACE_OUTER_BOUND ( 'NONE', #3497, .T. ) ;
#5021 = ORIENTED_EDGE ( 'NONE', *, *, #319, .T. ) ;
#5022 = FACE_OUTER_BOUND ( 'NONE', #2518, .T. ) ;
#5023 = DIRECTION ( 'NONE',  ( -6.982962677686266711E-15, 0.000000000000000000, -1.000000000000000000 ) ) ;
#5024 = CIRCLE ( 'NONE', #2716, 1.730000000000002425 ) ;
#5025 = LINE ( 'NONE', #4979, #266 ) ;
#5026 = EDGE_CURVE ( 'NONE', #2259, #1947, #3927, .T. ) ;
#5027 = DIRECTION ( 'NONE',  ( 6.982962677686268288E-15, -0.000000000000000000, 1.000000000000000000 ) ) ;
#5028 = VERTEX_POINT ( 'NONE', #973 ) ;
#5029 = CARTESIAN_POINT ( 'NONE',  ( 45.56833708395414106, 72.30864996279483137, 5.587642362129243701 ) ) ;
#5030 = CARTESIAN_POINT ( 'NONE',  ( 41.70239533589094094, 16.84864996279485894, -5.220000000000291074 ) ) ;
#5031 = CARTESIAN_POINT ( 'NONE',  ( 40.08849939651145178, 69.54864975917664083, 8.509911426312930516 ) ) ;
#5032 = ADVANCED_FACE ( 'NONE', ( #1832, #4702 ), #2186, .T. ) ;
#5033 = CARTESIAN_POINT ( 'NONE',  ( -0.9365007597857232247, 5.186583835661701336, 16.02847210720532445 ) ) ;
#5034 = CARTESIAN_POINT ( 'NONE',  ( 57.41580283621355818, 59.33555756468816611, 15.86469304879531705 ) ) ;
#5035 = LINE ( 'NONE', #3830, #4198 ) ;
#5036 = FACE_BOUND ( 'NONE', #5278, .T. ) ;
#5037 = EDGE_CURVE ( 'NONE', #1516, #4324, #1828, .T. ) ;
#5038 = EDGE_LOOP ( 'NONE', ( #1072, #729 ) ) ;
#5039 = CARTESIAN_POINT ( 'NONE',  ( 50.71357312047589971, 69.99557759617133001, 17.98000000000902077 ) ) ;
#5040 = EDGE_CURVE ( 'NONE', #5075, #5, #3824, .T. ) ;
#5041 = ORIENTED_EDGE ( 'NONE', *, *, #5183, .F. ) ;
#5042 = CYLINDRICAL_SURFACE ( 'NONE', #1454, 1.730000000000002425 ) ;
#5043 = DIRECTION ( 'NONE',  ( -1.000000000000000000, 0.000000000000000000, 0.000000000000000000 ) ) ;
#5044 = ORIENTED_EDGE ( 'NONE', *, *, #2193, .F. ) ;
#5045 = FACE_BOUND ( 'NONE', #3823, .T. ) ;
#5046 = ADVANCED_FACE ( 'NONE', ( #1022 ), #3427, .T. ) ;
#5047 = VERTEX_POINT ( 'NONE', #1127 ) ;
#5048 = DIRECTION ( 'NONE',  ( 1.000000000000000000, 0.000000000000000000, 0.000000000000000000 ) ) ;
#5049 = LINE ( 'NONE', #3415, #2769 ) ;
#5050 = CARTESIAN_POINT ( 'NONE',  ( 58.30665745000825950, 65.96793778255764096, 17.60593378890962413 ) ) ;
#5051 = CARTESIAN_POINT ( 'NONE',  ( 55.99047171445558746, 65.38431099902913957, 2.508361965348514744 ) ) ;
#5052 = ORIENTED_EDGE ( 'NONE', *, *, #5122, .F. ) ;
#5053 = AXIS2_PLACEMENT_3D ( 'NONE', #2464, #832, #418 ) ;
#5054 = EDGE_CURVE ( 'NONE', #3210, #5075, #4812, .T. ) ;
#5055 = DIRECTION ( 'NONE',  ( 1.000000000000000000, 0.000000000000000000, -6.991222571849442154E-15 ) ) ;
#5056 = DIRECTION ( 'NONE',  ( 1.097021294834867144E-16, -1.000000000000000000, 0.000000000000000000 ) ) ;
#5057 = CARTESIAN_POINT ( 'NONE',  ( 42.71116077520886734, 70.38915324878333024, 14.98460214204354024 ) ) ;
#5058 = CARTESIAN_POINT ( 'NONE',  ( -1.651945652081370008, 4.016266604755532654, 15.26756035822833901 ) ) ;
#5059 = CARTESIAN_POINT ( 'NONE',  ( 56.59050235222589009, 58.61686374530538757, 16.86797122737107557 ) ) ;
#5060 = PLANE ( 'NONE',  #2048 ) ;
#5061 = CARTESIAN_POINT ( 'NONE',  ( 58.11023086179198316, 66.48810536322240239, 17.60593378890961702 ) ) ;
#5062 = AXIS2_PLACEMENT_3D ( 'NONE', #961, #464, #1685 ) ;
#5063 = AXIS2_PLACEMENT_3D ( 'NONE', #2496, #4877, #1677 ) ;
#5064 = ORIENTED_EDGE ( 'NONE', *, *, #3318, .T. ) ;
#5065 = DIRECTION ( 'NONE',  ( -1.000000000000000000, 8.673617379884035472E-16, 0.000000000000000000 ) ) ;
#5066 = EDGE_CURVE ( 'NONE', #2299, #1443, #417, .T. ) ;
#5067 = VECTOR ( 'NONE', #2562, 1000.000000000000000 ) ;
#5068 = ORIENTED_EDGE ( 'NONE', *, *, #3373, .T. ) ;
#5069 = CARTESIAN_POINT ( 'NONE',  ( 3.830547770565105203, 4.448649962794851476, 21.98000000000000398 ) ) ;
#5070 = DIRECTION ( 'NONE',  ( -0.000000000000000000, -0.000000000000000000, 1.000000000000000000 ) ) ;
#5071 = AXIS2_PLACEMENT_3D ( 'NONE', #220, #1118, #1550 ) ;
#5072 = DIRECTION ( 'NONE',  ( -1.000000000000000000, 0.000000000000000000, 7.142979018728028191E-15 ) ) ;
#5073 = EDGE_LOOP ( 'NONE', ( #1264, #7, #2662, #4909 ) ) ;
#5074 = CARTESIAN_POINT ( 'NONE',  ( 5.853343516588822126, 64.93556616426559458, 17.98000000000000398 ) ) ;
#5075 = VERTEX_POINT ( 'NONE', #3659 ) ;
#5076 = DIRECTION ( 'NONE',  ( -1.000000000000000000, -9.912705577010325549E-17, -0.000000000000000000 ) ) ;
#5077 = CARTESIAN_POINT ( 'NONE',  ( 51.69054777056490479, -2.951350037205148880, -5.220000000000361240 ) ) ;
#5078 = VECTOR ( 'NONE', #36, 1000.000000000000000 ) ;
#5079 = CARTESIAN_POINT ( 'NONE',  ( 58.11023086179198316, 66.48810536322240239, 17.60593378890961702 ) ) ;
#5080 = VECTOR ( 'NONE', #1319, 1000.000000000000000 ) ;
#5081 = CARTESIAN_POINT ( 'NONE',  ( 56.09919641212613328, 65.12902650753751743, 2.843375451179822377 ) ) ;
#5082 = ORIENTED_EDGE ( 'NONE', *, *, #5026, .F. ) ;
#5083 = EDGE_CURVE ( 'NONE', #1595, #2183, #410, .T. ) ;
#5084 = CARTESIAN_POINT ( 'NONE',  ( 56.59054777056510233, 62.54864996279485467, 19.01813075662171570 ) ) ;
#5085 = VERTEX_POINT ( 'NONE', #2886 ) ;
#5086 = CARTESIAN_POINT ( 'NONE',  ( 41.06502785043594628, 70.06886613128850172, 8.953092474098728104 ) ) ;
#5087 = AXIS2_PLACEMENT_3D ( 'NONE', #369, #4938, #1678 ) ;
#5088 = CARTESIAN_POINT ( 'NONE',  ( 41.43833981873838468, 70.22037011042975507, 8.879728184855494533 ) ) ;
#5089 = CARTESIAN_POINT ( 'NONE',  ( 57.35111145440614422, 57.60566439127842386, 14.42696241620615183 ) ) ;
#5090 = CARTESIAN_POINT ( 'NONE',  ( 52.16438782148027542, 62.90437780148707958, 20.78000000000000469 ) ) ;
#5091 = CARTESIAN_POINT ( 'NONE',  ( 56.31005395543650138, 64.56979125089129923, 2.557345551372500747 ) ) ;
#5092 = CARTESIAN_POINT ( 'NONE',  ( 57.81902141271001483, 66.19449986652469420, 17.60593378890961702 ) ) ;
#5093 = CARTESIAN_POINT ( 'NONE',  ( 50.43469770866602886, 69.49866131672099812, 19.26807260461204052 ) ) ;
#5094 = ORIENTED_EDGE ( 'NONE', *, *, #2827, .F. ) ;
#5095 = LINE ( 'NONE', #2579, #4028 ) ;
#5096 = CARTESIAN_POINT ( 'NONE',  ( 26.43000000000000327, 73.16365341904581499, 10.50000000000000000 ) ) ;
#5097 = PLANE ( 'NONE',  #2432 ) ;
#5098 = EDGE_LOOP ( 'NONE', ( #434, #4302, #2125, #1764 ) ) ;
#5099 = DIRECTION ( 'NONE',  ( -1.000000000000000000, -9.875726538627338513E-17, 0.000000000000000000 ) ) ;
#5100 = ADVANCED_FACE ( 'NONE', ( #800 ), #4490, .F. ) ;
#5101 = VERTEX_POINT ( 'NONE', #4952 ) ;
#5102 = DIRECTION ( 'NONE',  ( -0.000000000000000000, -0.000000000000000000, 1.000000000000000000 ) ) ;
#5103 = CARTESIAN_POINT ( 'NONE',  ( 54.01418442235827655, 70.41886679398096760, 4.508361965348512079 ) ) ;
#5104 = EDGE_CURVE ( 'NONE', #669, #291, #4855, .T. ) ;
#5105 = ADVANCED_FACE ( 'NONE', ( #1638, #5291, #1262 ), #2912, .T. ) ;
#5106 = CARTESIAN_POINT ( 'NONE',  ( 56.68224162700380475, 62.75942979714636749, 4.206880155046091474 ) ) ;
#5107 = ORIENTED_EDGE ( 'NONE', *, *, #1647, .T. ) ;
#5108 = CARTESIAN_POINT ( 'NONE',  ( 56.19834862525978991, 64.86665999524365134, 19.25727666092395651 ) ) ;
#5109 = VERTEX_POINT ( 'NONE', #2969 ) ;
#5110 = CARTESIAN_POINT ( 'NONE',  ( -0.9449850699292827727, 4.936047624765268260, 13.79235466878485994 ) ) ;
#5111 = CARTESIAN_POINT ( 'NONE',  ( 50.91505989697792245, 69.42219836423829804, 2.508361965348512079 ) ) ;
#5112 = VERTEX_POINT ( 'NONE', #495 ) ;
#5113 = CARTESIAN_POINT ( 'NONE',  ( 58.69054777056503980, 54.71497247651297613, 14.36625339811486946 ) ) ;
#5114 = DIRECTION ( 'NONE',  ( 0.000000000000000000, -1.000000000000000000, 0.000000000000000000 ) ) ;
#5115 = CARTESIAN_POINT ( 'NONE',  ( 50.31597899756765457, 64.54633924311154658, 21.98000000000000398 ) ) ;
#5116 = DIRECTION ( 'NONE',  ( 0.000000000000000000, 0.000000000000000000, 1.000000000000000000 ) ) ;
#5117 = CARTESIAN_POINT ( 'NONE',  ( 49.69054777056511796, 72.30864996279485979, 25.22999999999965581 ) ) ;
#5118 = ORIENTED_EDGE ( 'NONE', *, *, #1422, .T. ) ;
#5119 = PLANE ( 'NONE',  #2447 ) ;
#5120 = EDGE_CURVE ( 'NONE', #3730, #1255, #3366, .T. ) ;
#5121 = CARTESIAN_POINT ( 'NONE',  ( 49.69054777056512506, 72.30864996279485979, 23.77999999999965652 ) ) ;
#5122 = EDGE_CURVE ( 'NONE', #4939, #2335, #4750, .T. ) ;
#5123 = CARTESIAN_POINT ( 'NONE',  ( 49.69054777056512506, 72.30864996279485979, 23.77999999999965652 ) ) ;
#5124 = ORIENTED_EDGE ( 'NONE', *, *, #5225, .T. ) ;
#5125 = CARTESIAN_POINT ( 'NONE',  ( 5.930547770565109289, 6.548649962794852009, -95.90999724335667054 ) ) ;
#5126 = VERTEX_POINT ( 'NONE', #2129 ) ;
#5127 = CARTESIAN_POINT ( 'NONE',  ( 3.853361199954024929, 64.92715586414563234, 17.98000000000000398 ) ) ;
#5128 = CARTESIAN_POINT ( 'NONE',  ( -0.7452264403063962872, 4.440689010206311238, 13.29397126457134348 ) ) ;
#5129 = CYLINDRICAL_SURFACE ( 'NONE', #12, 1.976629218758614748 ) ;
#5130 = CARTESIAN_POINT ( 'NONE',  ( 56.58743130426628198, 62.80006503495805248, 3.292711862956036128 ) ) ;
#5131 = ADVANCED_FACE ( 'NONE', ( #3845 ), #5004, .T. ) ;
#5132 = ORIENTED_EDGE ( 'NONE', *, *, #1538, .F. ) ;
#5133 = CARTESIAN_POINT ( 'NONE',  ( 56.20796168608468690, 64.83827860783274843, 18.92810240928157839 ) ) ;
#5134 = ORIENTED_EDGE ( 'NONE', *, *, #3301, .T. ) ;
#5135 = CARTESIAN_POINT ( 'NONE',  ( -1.045986097781583357, 5.973444118227929422, 13.47079351458757301 ) ) ;
#5136 = FACE_OUTER_BOUND ( 'NONE', #4924, .T. ) ;
#5137 = DIRECTION ( 'NONE',  ( 0.000000000000000000, -0.000000000000000000, -1.000000000000000000 ) ) ;
#5138 = FACE_BOUND ( 'NONE', #1868, .T. ) ;
#5139 = CIRCLE ( 'NONE', #1368, 7.999999999999998224 ) ;
#5140 = CARTESIAN_POINT ( 'NONE',  ( 57.28985976474944408, 65.84475438345711495, 17.60548689041510428 ) ) ;
#5141 = LINE ( 'NONE', #981, #1290 ) ;
#5142 =( BOUNDED_CURVE ( )  B_SPLINE_CURVE ( 3, ( #3888, #3988, #4821, #4344 ),
 .UNSPECIFIED., .F., .F. ) 
 B_SPLINE_CURVE_WITH_KNOTS ( ( 4, 4 ),
 ( 3.926990816987242727, 4.590436631594634775 ),
 .UNSPECIFIED. ) 
 CURVE ( )  GEOMETRIC_REPRESENTATION_ITEM ( )  RATIONAL_B_SPLINE_CURVE ( ( 1.000000000000000000, 0.9636550957226887038, 0.9636550957226887038, 1.000000000000000000 ) ) 
 REPRESENTATION_ITEM ( '' )  );
#5143 = DIRECTION ( 'NONE',  ( -6.991222571849441366E-15, 6.445834664451860138E-31, -1.000000000000000000 ) ) ;
#5144 = VERTEX_POINT ( 'NONE', #936 ) ;
#5145 = CARTESIAN_POINT ( 'NONE',  ( 56.59054777056510233, 56.37634283272128499, 6.658191575144224217 ) ) ;
#5146 = CARTESIAN_POINT ( 'NONE',  ( 58.69054777056511796, 63.30864996279486689, 25.22999999999959186 ) ) ;
#5147 = FACE_OUTER_BOUND ( 'NONE', #2099, .T. ) ;
#5148 = ORIENTED_EDGE ( 'NONE', *, *, #2918, .T. ) ;
#5149 = AXIS2_PLACEMENT_3D ( 'NONE', #4328, #1340, #3414 ) ;
#5150 = CARTESIAN_POINT ( 'NONE',  ( 56.81402796369642516, 63.32902004114208694, 17.98000000000006438 ) ) ;
#5151 = VERTEX_POINT ( 'NONE', #2206 ) ;
#5152 = CARTESIAN_POINT ( 'NONE',  ( -2.969452229435099788, 4.048649962794844903, -5.219999999999979323 ) ) ;
#5153 = DIRECTION ( 'NONE',  ( -6.982962677686268288E-15, 0.000000000000000000, -1.000000000000000000 ) ) ;
#5154 = VECTOR ( 'NONE', #2735, 1000.000000000000000 ) ;
#5155 = CARTESIAN_POINT ( 'NONE',  ( 49.59054777056510943, -0.4513500372051434950, 23.78000000000000114 ) ) ;
#5156 = AXIS2_PLACEMENT_3D ( 'NONE', #4101, #4883, #1626 ) ;
#5157 = MECHANICAL_DESIGN_GEOMETRIC_PRESENTATION_REPRESENTATION (  '', ( #4647 ), #1656 ) ;
#5158 = CARTESIAN_POINT ( 'NONE',  ( 56.11579370223473973, 65.08660878811097916, 3.176018893113322861 ) ) ;
#5159 = EDGE_CURVE ( 'NONE', #807, #1874, #5025, .T. ) ;
#5160 = CARTESIAN_POINT ( 'NONE',  ( 56.66708481043111334, 63.19216216821131837, 18.00215179180614911 ) ) ;
#5161 = ORIENTED_EDGE ( 'NONE', *, *, #4688, .T. ) ;
#5162 = CARTESIAN_POINT ( 'NONE',  ( 57.20236908483289540, 56.48158354433606831, 12.80031688618237418 ) ) ;
#5163 = ORIENTED_EDGE ( 'NONE', *, *, #3367, .T. ) ;
#5164 = CARTESIAN_POINT ( 'NONE',  ( 56.59054777056510943, 54.83280627629670079, 11.90938214472472367 ) ) ;
#5165 = DIRECTION ( 'NONE',  ( -1.000000000000000000, 0.000000000000000000, 6.938893903907228378E-15 ) ) ;
#5166 = CARTESIAN_POINT ( 'NONE',  ( 56.53775136160012948, 65.42232157067904552, 17.98000003025005711 ) ) ;
#5167 = CARTESIAN_POINT ( 'NONE',  ( 49.59940512789843581, 69.54864996279486888, 19.19569909703963617 ) ) ;
#5168 = VECTOR ( 'NONE', #2317, 1000.000000000000000 ) ;
#5169 = EDGE_CURVE ( 'NONE', #291, #1483, #938, .T. ) ;
#5170 = CARTESIAN_POINT ( 'NONE',  ( 1.095455398721848495, 1.486843787550376605, 17.98000000000000398 ) ) ;
#5171 = ORIENTED_EDGE ( 'NONE', *, *, #2396, .F. ) ;
#5172 = DIRECTION ( 'NONE',  ( 1.000000000000000000, 0.000000000000000000, -7.000848313763543029E-15 ) ) ;
#5173 = FACE_BOUND ( 'NONE', #4050, .T. ) ;
#5174 = CARTESIAN_POINT ( 'NONE',  ( 49.69054777056509664, 72.30864996279485979, 21.63906169981367356 ) ) ;
#5175 = ORIENTED_EDGE ( 'NONE', *, *, #4906, .F. ) ;
#5176 = DIRECTION ( 'NONE',  ( -1.000000000000000000, 0.000000000000000000, 0.000000000000000000 ) ) ;
#5177 = ORIENTED_EDGE ( 'NONE', *, *, #828, .T. ) ;
#5178 = CYLINDRICAL_SURFACE ( 'NONE', #159, 2.500000000000002220 ) ;
#5179 = CARTESIAN_POINT ( 'NONE',  ( -0.2538352679181666294, 3.229410085378281448, 13.65774056200811692 ) ) ;
#5180 = CARTESIAN_POINT ( 'NONE',  ( 54.62892176422367640, 70.04095849095078563, 4.508361965348513856 ) ) ;
#5181 = EDGE_LOOP ( 'NONE', ( #3549, #1450 ) ) ;
#5182 = DIRECTION ( 'NONE',  ( -6.991222571849441366E-15, 6.445834664451861014E-31, -1.000000000000000000 ) ) ;
#5183 = EDGE_CURVE ( 'NONE', #2604, #4921, #1320, .T. ) ;
#5184 = CARTESIAN_POINT ( 'NONE',  ( 56.27643859914292790, 65.06872155120939283, 18.20168189473008269 ) ) ;
#5185 = VERTEX_POINT ( 'NONE', #4648 ) ;
#5186 = FACE_OUTER_BOUND ( 'NONE', #1687, .T. ) ;
#5187 = PLANE ( 'NONE',  #2742 ) ;
#5188 = PLANE ( 'NONE',  #1707 ) ;
#5189 = EDGE_CURVE ( 'NONE', #4295, #2417, #139, .T. ) ;
#5190 = CARTESIAN_POINT ( 'NONE',  ( 50.30471477135210989, 69.65392981620169621, 18.21526086186951332 ) ) ;
#5191 = CARTESIAN_POINT ( 'NONE',  ( 40.19436216970072451, 54.30864996279486689, -3.720000000000282192 ) ) ;
#5192 = ORIENTED_EDGE ( 'NONE', *, *, #2361, .F. ) ;
#5193 = CARTESIAN_POINT ( 'NONE',  ( 56.59054777056510233, 54.86854692306945225, 11.05714787842709690 ) ) ;
#5194 = ADVANCED_FACE ( 'NONE', ( #2155 ), #2543, .T. ) ;
#5195 = CARTESIAN_POINT ( 'NONE',  ( 11.19436216970091458, 54.30864996279486689, 23.78100000000035408 ) ) ;
#5196 = DIRECTION ( 'NONE',  ( 0.000000000000000000, 1.000000000000000000, 0.000000000000000000 ) ) ;
#5197 = EDGE_CURVE ( 'NONE', #4418, #5109, #4491, .T. ) ;
#5198 = ORIENTED_EDGE ( 'NONE', *, *, #3714, .T. ) ;
#5199 = CARTESIAN_POINT ( 'NONE',  ( 49.89054777056510659, 69.54221843675719583, 21.98000000000000043 ) ) ;
#5200 = ORIENTED_EDGE ( 'NONE', *, *, #2751, .F. ) ;
#5201 = CARTESIAN_POINT ( 'NONE',  ( -1.069452229434900037, 41.21098283457539679, -1.749304498602571201 ) ) ;
#5202 =( BOUNDED_CURVE ( )  B_SPLINE_CURVE ( 3, ( #4501, #808, #2468, #2054 ),
 .UNSPECIFIED., .F., .F. ) 
 B_SPLINE_CURVE_WITH_KNOTS ( ( 4, 4 ),
 ( 1.993787374450671335, 3.926990816987242727 ),
 .UNSPECIFIED. ) 
 CURVE ( )  GEOMETRIC_REPRESENTATION_ITEM ( )  RATIONAL_B_SPLINE_CURVE ( ( 1.000000000000000000, 0.7120663021467097398, 0.7120663021467097398, 1.000000000000000000 ) ) 
 REPRESENTATION_ITEM ( '' )  );
#5203 = CARTESIAN_POINT ( 'NONE',  ( -0.8245543017356010695, 3.155374925380176165, 13.80593581186027308 ) ) ;
#5204 = DIRECTION ( 'NONE',  ( 0.4999999999999987232, 0.5000000000000003331, 0.7071067811865483499 ) ) ;
#5205 = EDGE_CURVE ( 'NONE', #2116, #1258, #4083, .T. ) ;
#5206 = ORIENTED_EDGE ( 'NONE', *, *, #1933, .F. ) ;
#5207 = CARTESIAN_POINT ( 'NONE',  ( 58.07309700619374127, 63.06187792928205482, 4.958647685037001374 ) ) ;
#5208 = CARTESIAN_POINT ( 'NONE',  ( 57.84042544979766376, 66.12945922578691693, 17.60593378890961702 ) ) ;
#5209 = ORIENTED_EDGE ( 'NONE', *, *, #797, .F. ) ;
#5210 = CARTESIAN_POINT ( 'NONE',  ( 50.03834735850385584, 69.66160783371714160, 3.886970538184304491 ) ) ;
#5211 = EDGE_LOOP ( 'NONE', ( #4275, #912, #2653, #627 ) ) ;
#5212 = CARTESIAN_POINT ( 'NONE',  ( -2.969452229434897284, 4.048649962794844903, 23.78000000000002245 ) ) ;
#5213 = EDGE_CURVE ( 'NONE', #212, #4666, #1342, .T. ) ;
#5214 = LINE ( 'NONE', #4741, #62 ) ;
#5215 = CARTESIAN_POINT ( 'NONE',  ( 50.48883535260341660, 71.09236722425512767, 17.59865294919188372 ) ) ;
#5216 = AXIS2_PLACEMENT_3D ( 'NONE', #2218, #3002, #1330 ) ;
#5217 = DIRECTION ( 'NONE',  ( -6.991222571849442154E-15, 6.445834664451861014E-31, -1.000000000000000000 ) ) ;
#5218 = VERTEX_POINT ( 'NONE', #3394 ) ;
#5219 = AXIS2_PLACEMENT_3D ( 'NONE', #3102, #4739, #589 ) ;
#5220 = DIRECTION ( 'NONE',  ( 0.000000000000000000, 0.000000000000000000, 1.000000000000000000 ) ) ;
#5221 = DIRECTION ( 'NONE',  ( 1.177133787269976313E-16, -1.000000000000000000, 1.050493145930689628E-16 ) ) ;
#5222 = LINE ( 'NONE', #25, #2266 ) ;
#5223 = EDGE_CURVE ( 'NONE', #2723, #807, #3895, .T. ) ;
#5224 = ORIENTED_EDGE ( 'NONE', *, *, #2005, .T. ) ;
#5225 = EDGE_CURVE ( 'NONE', #1830, #3073, #1369, .T. ) ;
#5226 = LINE ( 'NONE', #2390, #3873 ) ;
#5227 = ORIENTED_EDGE ( 'NONE', *, *, #741, .F. ) ;
#5228 = LINE ( 'NONE', #3921, #1296 ) ;
#5229 = CARTESIAN_POINT ( 'NONE',  ( -0.7127846918047237024, 4.343892086407968200, 13.24676273665554049 ) ) ;
#5230 = CARTESIAN_POINT ( 'NONE',  ( 51.12902613217318049, 69.54682096702552485, 3.915325970177687243 ) ) ;
#5231 = CIRCLE ( 'NONE', #1463, 1.729999999999999760 ) ;
#5232 = EDGE_LOOP ( 'NONE', ( #1223, #3488, #971, #3040 ) ) ;
#5233 = CARTESIAN_POINT ( 'NONE',  ( -0.9652386918439629371, 4.984917593786086343, 14.62938660879633090 ) ) ;
#5234 = CARTESIAN_POINT ( 'NONE',  ( 57.32172568250573619, 65.61691414253596122, 4.506959104228611679 ) ) ;
#5235 = CARTESIAN_POINT ( 'NONE',  ( 58.69054777056492611, 63.30864996279483847, -1.790356625722557826 ) ) ;
#5236 = CARTESIAN_POINT ( 'NONE',  ( 57.32174483056220993, 65.61683680272585661, 17.60733265926446478 ) ) ;
#5237 = AXIS2_PLACEMENT_3D ( 'NONE', #3337, #5070, #1845 ) ;
#5238 = EDGE_CURVE ( 'NONE', #4100, #4493, #528, .T. ) ;
#5239 = CARTESIAN_POINT ( 'NONE',  ( 50.25964619676232559, 70.06705060382357431, 4.341541788266976454 ) ) ;
#5240 = EDGE_LOOP ( 'NONE', ( #4334, #4383 ) ) ;
#5241 = CARTESIAN_POINT ( 'NONE',  ( 51.33937454670264344, 69.33517880241210207, 19.27665240084241560 ) ) ;
#5242 = DIRECTION ( 'NONE',  ( -1.000000000000000000, 0.000000000000000000, 0.000000000000000000 ) ) ;
#5243 = AXIS2_PLACEMENT_3D ( 'NONE', #3737, #4081, #4616 ) ;
#5244 = CARTESIAN_POINT ( 'NONE',  ( 50.65853232016306151, 70.07463638533432970, 17.75533060869163293 ) ) ;
#5245 = CARTESIAN_POINT ( 'NONE',  ( -2.969452229434897284, 4.048649962794844903, 23.78000000000002245 ) ) ;
#5246 = ORIENTED_EDGE ( 'NONE', *, *, #722, .T. ) ;
#5247 = DIRECTION ( 'NONE',  ( -1.000000000000000000, 0.000000000000000000, 0.000000000000000000 ) ) ;
#5248 = CARTESIAN_POINT ( 'NONE',  ( 56.58150301240700486, 62.90437722217290428, 19.13944521767515283 ) ) ;
#5249 = CARTESIAN_POINT ( 'NONE',  ( 0.5785477705650928781, 66.27464996279483955, 17.98000000000000398 ) ) ;
#5250 = EDGE_LOOP ( 'NONE', ( #3676, #688, #2060, #2779, #5274, #4869, #4614, #2345 ) ) ;
#5251 = AXIS2_PLACEMENT_3D ( 'NONE', #4173, #3765, #3416 ) ;
#5252 = DIRECTION ( 'NONE',  ( -9.912705577010325549E-17, 1.000000000000000000, 5.507058653894632756E-16 ) ) ;
#5253 = B_SPLINE_CURVE_WITH_KNOTS ( 'NONE', 3,
 ( #3335, #4975, #2540, #59 ),
 .UNSPECIFIED., .F., .F.,
 ( 4, 4 ),
 ( 0.000000000000000000, 1.000000000000000000 ),
 .UNSPECIFIED. ) ;
#5254 = VERTEX_POINT ( 'NONE', #2514 ) ;
#5255 = CARTESIAN_POINT ( 'NONE',  ( 56.21497530241190077, 12.72672186848767062, -1.719999999999999751 ) ) ;
#5256 = DIRECTION ( 'NONE',  ( -1.000000000000000000, 0.000000000000000000, 6.996718019773122210E-15 ) ) ;
#5257 = VECTOR ( 'NONE', #3283, 1000.000000000000000 ) ;
#5258 = CARTESIAN_POINT ( 'NONE',  ( -0.4481156561853534281, 3.657811661981197560, 16.10849300379388538 ) ) ;
#5259 = CARTESIAN_POINT ( 'NONE',  ( 56.59643448008277034, 67.09133590466684893, 4.508674781973548207 ) ) ;
#5260 = EDGE_CURVE ( 'NONE', #2798, #868, #2736, .T. ) ;
#5261 = ORIENTED_EDGE ( 'NONE', *, *, #1224, .F. ) ;
#5262 = CARTESIAN_POINT ( 'NONE',  ( 58.07309700619374127, 63.06187792928205482, 17.15564806922113306 ) ) ;
#5263 = CARTESIAN_POINT ( 'NONE',  ( 13.19436216970091635, 30.70864996162471527, 23.78100000000033987 ) ) ;
#5264 = DIRECTION ( 'NONE',  ( 0.000000000000000000, 1.000000000000000000, 0.000000000000000000 ) ) ;
#5265 = ADVANCED_FACE ( 'NONE', ( #198 ), #4727, .F. ) ;
#5266 = CARTESIAN_POINT ( 'NONE',  ( 56.22912225089663707, 65.19719951423982707, 18.19739360337107215 ) ) ;
#5267 = EDGE_CURVE ( 'NONE', #2560, #4242, #3388, .T. ) ;
#5268 = CARTESIAN_POINT ( 'NONE',  ( 49.89644353631595664, 71.05525385933992766, 4.549724003241895964 ) ) ;
#5269 = VERTEX_POINT ( 'NONE', #3163 ) ;
#5270 = CARTESIAN_POINT ( 'NONE',  ( 41.70239533589114700, 10.04864996279486178, 23.78100000000014091 ) ) ;
#5271 = CARTESIAN_POINT ( 'NONE',  ( 57.32581879286683346, 57.40763385424627074, 14.02984083649181457 ) ) ;
#5272 = CARTESIAN_POINT ( 'NONE',  ( 50.41317892790364397, 69.65096685099121032, 18.21011735614385785 ) ) ;
#5273 = CARTESIAN_POINT ( 'NONE',  ( -2.901513983993190049, 3.074445044395293536, 14.52099242611147289 ) ) ;
#5274 = ORIENTED_EDGE ( 'NONE', *, *, #1489, .T. ) ;
#5275 = FACE_OUTER_BOUND ( 'NONE', #3270, .T. ) ;
#5276 = DIRECTION ( 'NONE',  ( 1.000000000000000000, 0.000000000000000000, 0.000000000000000000 ) ) ;
#5277 = CARTESIAN_POINT ( 'NONE',  ( 51.69054777056490479, 4.048649962794850232, -5.220000000000359464 ) ) ;
#5278 = EDGE_LOOP ( 'NONE', ( #695, #1339, #3111, #3396 ) ) ;
#5279 = CARTESIAN_POINT ( 'NONE',  ( -0.1579941782955014418, 3.093472134572062160, 15.64455922301165280 ) ) ;
#5280 = VERTEX_POINT ( 'NONE', #2293 ) ;
#5281 = ADVANCED_FACE ( 'NONE', ( #606 ), #2720, .T. ) ;
#5282 = CARTESIAN_POINT ( 'NONE',  ( 50.81454397188542771, 71.41580784754007993, 17.60593378890961702 ) ) ;
#5283 = CARTESIAN_POINT ( 'NONE',  ( 50.31597899756765457, 64.54633924311154658, 20.78000000000000469 ) ) ;
#5284 = ADVANCED_FACE ( 'NONE', ( #4279 ), #5129, .F. ) ;
#5285 = CARTESIAN_POINT ( 'NONE',  ( 0.5785477705650928781, 66.27464996279483955, 17.98000000000000398 ) ) ;
#5286 = CARTESIAN_POINT ( 'NONE',  ( 50.84541204656768798, 70.04937488745187579, 4.360274602162089508 ) ) ;
#5287 = ORIENTED_EDGE ( 'NONE', *, *, #1703, .T. ) ;
#5288 = CARTESIAN_POINT ( 'NONE',  ( -1.991798763207239586, 4.740250494341548659, 13.53462863234420688 ) ) ;
#5289 = CARTESIAN_POINT ( 'NONE',  ( -2.969452229434963453, 4.048649962794844903, 14.26000000000002998 ) ) ;
#5290 = CARTESIAN_POINT ( 'NONE',  ( 53.43854777056508709, 66.12164996279483375, 20.78000000000000469 ) ) ;
#5291 = FACE_BOUND ( 'NONE', #2539, .T. ) ;
#5292 = EDGE_CURVE ( 'NONE', #1282, #3601, #1140, .T. ) ;
#5293 = EDGE_CURVE ( 'NONE', #2427, #2474, #1827, .T. ) ;
#5294 = CARTESIAN_POINT ( 'NONE',  ( 50.30471481083142038, 69.65392979733303491, 3.899034851641376864 ) ) ;
#5295 = ORIENTED_EDGE ( 'NONE', *, *, #4301, .F. ) ;
#5296 = DIRECTION ( 'NONE',  ( 0.000000000000000000, 0.000000000000000000, -1.000000000000000000 ) ) ;
#5297 = CARTESIAN_POINT ( 'NONE',  ( 57.79910234849030104, 60.96035552654829814, 5.595274491707772135 ) ) ;
#5298 = CARTESIAN_POINT ( 'NONE',  ( 50.55923158539220452, 71.39651265230669708, 17.58561486067936386 ) ) ;
#5299 = CARTESIAN_POINT ( 'NONE',  ( -2.914860810995503648, 3.174661961030559532, 14.76332617882791354 ) ) ;
#5300 = ORIENTED_EDGE ( 'NONE', *, *, #913, .F. ) ;
#5301 = CARTESIAN_POINT ( 'NONE',  ( 56.03556960087338723, 65.28115460799774894, 3.176363616611367569 ) ) ;
#5302 = DIRECTION ( 'NONE',  ( -6.991222571849441366E-15, 6.445834664451861014E-31, -1.000000000000000000 ) ) ;
#5303 = ORIENTED_EDGE ( 'NONE', *, *, #4439, .F. ) ;
#5304 = DIRECTION ( 'NONE',  ( 0.000000000000000000, -0.000000000000000000, -1.000000000000000000 ) ) ;
#5305 = AXIS2_PLACEMENT_3D ( 'NONE', #3777, #72, #2625 ) ;
#5306 = VERTEX_POINT ( 'NONE', #3520 ) ;
#5307 = DIRECTION ( 'NONE',  ( -6.991222571849441366E-15, 6.445834664451861014E-31, -1.000000000000000000 ) ) ;
#5308 = CARTESIAN_POINT ( 'NONE',  ( 56.59643367131062064, 67.09133555230515356, 17.60562124410620655 ) ) ;
#5309 = CIRCLE ( 'NONE', #228, 7.000000000000000000 ) ;
#5310 = CARTESIAN_POINT ( 'NONE',  ( -1.046204874468066981, 3.340568825236683193, 14.96889364943165290 ) ) ;
#5311 = EDGE_LOOP ( 'NONE', ( #2240, #4430, #3435, #2052 ) ) ;
#5312 = CARTESIAN_POINT ( 'NONE',  ( 56.03208280604036418, 66.59836070455148160, 4.363165087923652763 ) ) ;
#5313 = ORIENTED_EDGE ( 'NONE', *, *, #1615, .T. ) ;
#5314 = CIRCLE ( 'NONE', #1283, 1.000000000000000888 ) ;
#5315 = FACE_OUTER_BOUND ( 'NONE', #4670, .T. ) ;
#5316 = CARTESIAN_POINT ( 'NONE',  ( 53.18454777056508220, 2.748649962794845969, 21.98000000000000398 ) ) ;
#5317 = DIRECTION ( 'NONE',  ( -6.991222571849441366E-15, 6.445834664451860138E-31, -1.000000000000000000 ) ) ;
#5318 = AXIS2_PLACEMENT_3D ( 'NONE', #2621, #559, #3316 ) ;
#5319 = CARTESIAN_POINT ( 'NONE',  ( 49.59054777056510233, 69.54864996279485467, 2.611445697536317390 ) ) ;
#5320 = AXIS2_PLACEMENT_3D ( 'NONE', #2788, #2442, #3667 ) ;
#5321 = CIRCLE ( 'NONE', #679, 1.000000000000000888 ) ;
#5322 = LINE ( 'NONE', #1641, #1640 ) ;
#5323 = ORIENTED_EDGE ( 'NONE', *, *, #280, .F. ) ;
#5324 = CARTESIAN_POINT ( 'NONE',  ( 55.99047171445558746, 65.38431099902916799, 19.60593378890962413 ) ) ;
#5325 = DIRECTION ( 'NONE',  ( 0.000000000000000000, -1.000000000000000000, 0.000000000000000000 ) ) ;
#5326 = CIRCLE ( 'NONE', #4471, 1.730000000000002425 ) ;
#5327 = CARTESIAN_POINT ( 'NONE',  ( 48.94889952604723504, 69.65808965890094839, 3.930628672934504575 ) ) ;
#5328 = CIRCLE ( 'NONE', #2943, 1.000000000000000666 ) ;
#5329 = LINE ( 'NONE', #1161, #553 ) ;
#5330 = VECTOR ( 'NONE', #3185, 1000.000000000000000 ) ;
#5331 = VERTEX_POINT ( 'NONE', #5155 ) ;
#5332 = DIRECTION ( 'NONE',  ( -1.000000000000000000, -9.912705577010325549E-17, -0.000000000000000000 ) ) ;
#5333 = VECTOR ( 'NONE', #3800, 1000.000000000000000 ) ;
#5334 = CARTESIAN_POINT ( 'NONE',  ( 51.45454777056507822, 2.748649962794845969, 17.98000000000000398 ) ) ;
#5335 = DIRECTION ( 'NONE',  ( -0.000000000000000000, -0.000000000000000000, 1.000000000000000000 ) ) ;
#5336 = EDGE_LOOP ( 'NONE', ( #1412, #108, #3679, #4397 ) ) ;
#5337 = CARTESIAN_POINT ( 'NONE',  ( 4.035426599803605185, 69.29267417397043971, 7.408145393112586241 ) ) ;
#5338 = ADVANCED_FACE ( 'NONE', ( #3948 ), #2184, .T. ) ;
ENDSEC;
END-ISO-10303-21;
