ISO-10303-21;
HEADER;
FILE_DESCRIPTION (( 'STEP AP214' ),
    '1' );
FILE_NAME ('cubit3_support1.STEP',
    '2025-06-08T07:57:59',
    ( '' ),
    ( '' ),
    'SwSTEP 2.0',
    'SolidWorks 2023',
    '' );
FILE_SCHEMA (( 'AUTOMOTIVE_DESIGN' ));
ENDSEC;

DATA;
#1 = AXIS2_PLACEMENT_3D ( 'NONE', #281, #2361, #1318 ) ;
#2 = DIRECTION ( 'NONE',  ( -0.000000000000000000, -0.000000000000000000, 1.000000000000000000 ) ) ;
#3 = LINE ( 'NONE', #2499, #2098 ) ;
#4 = CARTESIAN_POINT ( 'NONE',  ( -9.182232083118170962, -10.05694419705314324, 5.500000000000254907 ) ) ;
#5 = ORIENTED_EDGE ( 'NONE', *, *, #1478, .F. ) ;
#6 = DIRECTION ( 'NONE',  ( -0.000000000000000000, -0.000000000000000000, 1.000000000000000000 ) ) ;
#7 = DIRECTION ( 'NONE',  ( -0.000000000000000000, -0.000000000000000000, 1.000000000000000000 ) ) ;
#8 = EDGE_CURVE ( 'NONE', #2694, #2198, #2625, .T. ) ;
#9 = ORIENTED_EDGE ( 'NONE', *, *, #957, .T. ) ;
#10 = EDGE_LOOP ( 'NONE', ( #1737, #941, #863, #1621 ) ) ;
#11 = EDGE_CURVE ( 'NONE', #1388, #2056, #2596, .T. ) ;
#12 = VERTEX_POINT ( 'NONE', #144 ) ;
#13 = LINE ( 'NONE', #1207, #173 ) ;
#14 = CARTESIAN_POINT ( 'NONE',  ( 17.42668493753810210, -27.77046216421287994, 5.500000000000254907 ) ) ;
#15 = CARTESIAN_POINT ( 'NONE',  ( 17.42668493753810210, -27.73684457774396250, 3.500000000000254463 ) ) ;
#16 = CARTESIAN_POINT ( 'NONE',  ( 15.80425832420069554, -29.30011630742320605, 13.50000000000025402 ) ) ;
#17 = ORIENTED_EDGE ( 'NONE', *, *, #1299, .F. ) ;
#18 = FACE_OUTER_BOUND ( 'NONE', #2065, .T. ) ;
#19 = FACE_OUTER_BOUND ( 'NONE', #1594, .T. ) ;
#20 = DIRECTION ( 'NONE',  ( 0.000000000000000000, 0.000000000000000000, 1.000000000000000000 ) ) ;
#21 = VERTEX_POINT ( 'NONE', #1619 ) ;
#22 = VERTEX_POINT ( 'NONE', #2454 ) ;
#23 = CARTESIAN_POINT ( 'NONE',  ( -4.832232083118171317, -10.05694419705314324, 6.000000000000254907 ) ) ;
#24 = EDGE_CURVE ( 'NONE', #781, #966, #1256, .T. ) ;
#25 = LINE ( 'NONE', #1693, #258 ) ;
#26 = FACE_OUTER_BOUND ( 'NONE', #1467, .T. ) ;
#27 = CARTESIAN_POINT ( 'NONE',  ( 26.27883179831746219, 22.35521482882545286, 0.000000000000000000 ) ) ;
#28 = EDGE_CURVE ( 'NONE', #980, #917, #2225, .T. ) ;
#29 = EDGE_LOOP ( 'NONE', ( #1539, #378, #1154, #2453 ) ) ;
#30 = FACE_OUTER_BOUND ( 'NONE', #1463, .T. ) ;
#31 = DIRECTION ( 'NONE',  ( -0.000000000000000000, -1.000000000000000000, -0.000000000000000000 ) ) ;
#32 = VECTOR ( 'NONE', #2144, 1000.000000000000000 ) ;
#33 = VERTEX_POINT ( 'NONE', #1777 ) ;
#34 = ORIENTED_EDGE ( 'NONE', *, *, #142, .F. ) ;
#35 = VECTOR ( 'NONE', #1173, 1000.000000000000227 ) ;
#36 = AXIS2_PLACEMENT_3D ( 'NONE', #700, #309, #721 ) ;
#37 = ORIENTED_EDGE ( 'NONE', *, *, #1099, .T. ) ;
#38 = CARTESIAN_POINT ( 'NONE',  ( -19.48849902806611212, 33.50704633327629267, 3.500000000000254907 ) ) ;
#39 = VECTOR ( 'NONE', #2069, 1000.000000000000000 ) ;
#40 = ADVANCED_FACE ( 'NONE', ( #2208 ), #2252, .F. ) ;
#41 = VECTOR ( 'NONE', #303, 1000.000000000000000 ) ;
#42 = CARTESIAN_POINT ( 'NONE',  ( -27.73412134584282995, -24.73533803050917967, 0.000000000000000000 ) ) ;
#43 = LINE ( 'NONE', #2539, #126 ) ;
#44 = AXIS2_PLACEMENT_3D ( 'NONE', #1696, #1680, #2114 ) ;
#45 = ADVANCED_FACE ( 'NONE', ( #1577 ), #753, .T. ) ;
#46 = VERTEX_POINT ( 'NONE', #1587 ) ;
#47 = DIRECTION ( 'NONE',  ( -0.000000000000000000, -0.000000000000000000, -1.000000000000000000 ) ) ;
#48 = CYLINDRICAL_SURFACE ( 'NONE', #1350, 2.884907527397808202 ) ;
#49 = VERTEX_POINT ( 'NONE', #2076 ) ;
#50 = VERTEX_POINT ( 'NONE', #2696 ) ;
#51 = DIRECTION ( 'NONE',  ( 0.000000000000000000, 0.000000000000000000, 1.000000000000000000 ) ) ;
#52 = ORIENTED_EDGE ( 'NONE', *, *, #1894, .F. ) ;
#53 = DIRECTION ( 'NONE',  ( 0.000000000000000000, -0.000000000000000000, 1.000000000000000000 ) ) ;
#54 = CYLINDRICAL_SURFACE ( 'NONE', #999, 2.884907527397808202 ) ;
#55 = LINE ( 'NONE', #1711, #1055 ) ;
#56 = ORIENTED_EDGE ( 'NONE', *, *, #1340, .T. ) ;
#57 = LINE ( 'NONE', #1726, #347 ) ;
#58 = LINE ( 'NONE', #683, #1271 ) ;
#59 = EDGE_CURVE ( 'NONE', #1319, #1781, #1481, .T. ) ;
#60 = EDGE_LOOP ( 'NONE', ( #2229, #1895, #1018, #2327 ) ) ;
#61 = CARTESIAN_POINT ( 'NONE',  ( 26.27883179831746219, -29.30011630742320605, 13.50000000000025402 ) ) ;
#62 = ADVANCED_FACE ( 'NONE', ( #208 ), #2283, .F. ) ;
#63 = VERTEX_POINT ( 'NONE', #1670 ) ;
#64 = FACE_OUTER_BOUND ( 'NONE', #524, .T. ) ;
#65 = DIRECTION ( 'NONE',  ( -0.000000000000000000, -0.000000000000000000, -1.000000000000000000 ) ) ;
#66 = DIRECTION ( 'NONE',  ( -1.000000000000000000, 0.000000000000000000, 0.000000000000000000 ) ) ;
#67 =( BOUNDED_CURVE ( )  B_SPLINE_CURVE ( 3, ( #1107, #2169, #2195, #2149 ),
 .UNSPECIFIED., .F., .T. ) 
 B_SPLINE_CURVE_WITH_KNOTS ( ( 4, 4 ),
 ( 4.936095130492368810, 4.939439600307185430 ),
 .UNSPECIFIED. ) 
 CURVE ( )  GEOMETRIC_REPRESENTATION_ITEM ( )  RATIONAL_B_SPLINE_CURVE ( ( 1.000000000000000000, 0.9999990678770220853, 0.9999990678770220853, 1.000000000000000000 ) ) 
 REPRESENTATION_ITEM ( '' )  );
#68 = ORIENTED_EDGE ( 'NONE', *, *, #425, .F. ) ;
#69 = DIRECTION ( 'NONE',  ( -0.000000000000000000, -0.000000000000000000, 1.000000000000000000 ) ) ;
#70 = LINE ( 'NONE', #1327, #1476 ) ;
#71 = AXIS2_PLACEMENT_3D ( 'NONE', #112, #942, #580 ) ;
#72 = ORIENTED_EDGE ( 'NONE', *, *, #1136, .T. ) ;
#73 = CARTESIAN_POINT ( 'NONE',  ( -2.615539500464060918, -12.76549989963823961, 3.500000000000254463 ) ) ;
#74 = ADVANCED_FACE ( 'NONE', ( #2502 ), #1464, .F. ) ;
#75 = VECTOR ( 'NONE', #1770, 1000.000000000000227 ) ;
#76 = ORIENTED_EDGE ( 'NONE', *, *, #1746, .T. ) ;
#77 = ORIENTED_EDGE ( 'NONE', *, *, #2034, .T. ) ;
#78 = EDGE_CURVE ( 'NONE', #2687, #256, #1889, .T. ) ;
#79 = AXIS2_PLACEMENT_3D ( 'NONE', #2573, #1308, #1320 ) ;
#80 = DIRECTION ( 'NONE',  ( -0.000000000000000000, -0.000000000000000000, -1.000000000000000000 ) ) ;
#81 = CARTESIAN_POINT ( 'NONE',  ( 19.21454663313912903, 33.50704633327629978, 5.500000000000254907 ) ) ;
#82 = VECTOR ( 'NONE', #695, 1000.000000000000000 ) ;
#83 = VECTOR ( 'NONE', #2619, 1000.000000000000000 ) ;
#84 = ORIENTED_EDGE ( 'NONE', *, *, #2419, .T. ) ;
#85 = CARTESIAN_POINT ( 'NONE',  ( -27.73412134584282995, -24.73533803050917967, 3.500000000000254907 ) ) ;
#86 = PLANE ( 'NONE',  #2278 ) ;
#87 = VECTOR ( 'NONE', #1450, 1000.000000000000000 ) ;
#88 = VERTEX_POINT ( 'NONE', #184 ) ;
#89 = DIRECTION ( 'NONE',  ( -1.000000000000000000, 0.000000000000000000, 0.000000000000000000 ) ) ;
#90 = ADVANCED_FACE ( 'NONE', ( #18 ), #2489, .F. ) ;
#91 = VERTEX_POINT ( 'NONE', #1683 ) ;
#92 = DIRECTION ( 'NONE',  ( -1.000000000000000000, 0.000000000000000000, 0.000000000000000000 ) ) ;
#93 = DIRECTION ( 'NONE',  ( -1.280136741389589012E-16, 1.000000000000000000, -0.000000000000000000 ) ) ;
#94 = EDGE_CURVE ( 'NONE', #1106, #1146, #2514, .T. ) ;
#95 = DIRECTION ( 'NONE',  ( 1.000000000000000000, 0.000000000000000000, 0.000000000000000000 ) ) ;
#96 = CARTESIAN_POINT ( 'NONE',  ( -29.37216914772753640, -24.73533803050917967, 0.000000000000000000 ) ) ;
#97 = CARTESIAN_POINT ( 'NONE',  ( 26.27883179831746219, -27.77046216421287994, 13.50000000000025402 ) ) ;
#98 = ORIENTED_EDGE ( 'NONE', *, *, #1344, .F. ) ;
#99 = ORIENTED_EDGE ( 'NONE', *, *, #742, .F. ) ;
#100 = FACE_OUTER_BOUND ( 'NONE', #1641, .T. ) ;
#101 = EDGE_LOOP ( 'NONE', ( #1211, #1618, #910 ) ) ;
#102 = LINE ( 'NONE', #2525, #1037 ) ;
#103 = FACE_OUTER_BOUND ( 'NONE', #1705, .T. ) ;
#104 = ADVANCED_BREP_SHAPE_REPRESENTATION ( 'cubit3_support1', ( #1028, #220 ), #2570 ) ;
#105 = CARTESIAN_POINT ( 'NONE',  ( -22.03115606453544828, 14.75666087085782507, 11.67735152382168806 ) ) ;
#106 = ADVANCED_FACE ( 'NONE', ( #2116 ), #2322, .T. ) ;
#107 = DIRECTION ( 'NONE',  ( -0.000000000000000000, -0.000000000000000000, 1.000000000000000000 ) ) ;
#108 = PLANE ( 'NONE',  #1652 ) ;
#109 = ADVANCED_FACE ( 'NONE', ( #2668 ), #797, .T. ) ;
#110 = PLANE ( 'NONE',  #2528 ) ;
#111 = ORIENTED_EDGE ( 'NONE', *, *, #1246, .T. ) ;
#112 = CARTESIAN_POINT ( 'NONE',  ( -22.03115606453544828, 33.50704633327629267, 11.67735152382168806 ) ) ;
#113 = CARTESIAN_POINT ( 'NONE',  ( -15.78115606453545183, 31.07466458926504060, 0.000000000000000000 ) ) ;
#114 = ORIENTED_EDGE ( 'NONE', *, *, #246, .T. ) ;
#115 = ORIENTED_EDGE ( 'NONE', *, *, #271, .T. ) ;
#116 = DIRECTION ( 'NONE',  ( 0.000000000000000000, 1.000000000000000000, 0.000000000000000000 ) ) ;
#117 = PLANE ( 'NONE',  #1922 ) ;
#118 = VECTOR ( 'NONE', #2396, 1000.000000000000000 ) ;
#119 = PLANE ( 'NONE',  #1044 ) ;
#120 = VECTOR ( 'NONE', #662, 1000.000000000000000 ) ;
#121 = ADVANCED_FACE ( 'NONE', ( #1019 ), #1849, .F. ) ;
#122 = VECTOR ( 'NONE', #6, 1000.000000000000000 ) ;
#123 = LINE ( 'NONE', #953, #511 ) ;
#124 = DIRECTION ( 'NONE',  ( -0.8713496625224615988, -0.4906625781756667193, -0.000000000000000000 ) ) ;
#125 = LINE ( 'NONE', #2463, #2185 ) ;
#126 = VECTOR ( 'NONE', #1100, 1000.000000000000000 ) ;
#127 = EDGE_CURVE ( 'NONE', #2103, #962, #485, .T. ) ;
#128 = EDGE_LOOP ( 'NONE', ( #52, #921, #1257, #1975 ) ) ;
#129 = DIRECTION ( 'NONE',  ( -0.000000000000000000, -0.000000000000000000, -1.000000000000000000 ) ) ;
#130 = CARTESIAN_POINT ( 'NONE',  ( 0.000000000000000000, 0.000000000000000000, 5.500000000000254907 ) ) ;
#131 = AXIS2_PLACEMENT_3D ( 'NONE', #1234, #616, #1446 ) ;
#132 = AXIS2_PLACEMENT_3D ( 'NONE', #2527, #629, #2500 ) ;
#133 = ORIENTED_EDGE ( 'NONE', *, *, #1793, .T. ) ;
#134 = ORIENTED_EDGE ( 'NONE', *, *, #2239, .F. ) ;
#135 = DIRECTION ( 'NONE',  ( 0.7084098798067387515, -0.7058012767006035526, 0.000000000000000000 ) ) ;
#136 = LINE ( 'NONE', #1569, #392 ) ;
#137 = EDGE_LOOP ( 'NONE', ( #1117, #1860, #2080, #1004 ) ) ;
#138 = CARTESIAN_POINT ( 'NONE',  ( -28.34161846380722238, 25.37803181733859503, 5.500000000000254907 ) ) ;
#139 = DIRECTION ( 'NONE',  ( -1.000000000000000000, 0.000000000000000000, 0.000000000000000000 ) ) ;
#140 = DIRECTION ( 'NONE',  ( 0.000000000000000000, 0.000000000000000000, 1.000000000000000000 ) ) ;
#141 = DIRECTION ( 'NONE',  ( 1.636130704980173554E-16, -1.000000000000000000, 0.000000000000000000 ) ) ;
#142 = EDGE_CURVE ( 'NONE', #1370, #12, #1292, .T. ) ;
#143 = VERTEX_POINT ( 'NONE', #709 ) ;
#144 = CARTESIAN_POINT ( 'NONE',  ( -31.01021694961223929, -24.73533803050917967, 3.500000000000254907 ) ) ;
#145 = DIRECTION ( 'NONE',  ( -0.000000000000000000, -0.000000000000000000, -1.000000000000000000 ) ) ;
#146 = EDGE_CURVE ( 'NONE', #1901, #1279, #865, .T. ) ;
#147 = ORIENTED_EDGE ( 'NONE', *, *, #2415, .T. ) ;
#148 = EDGE_LOOP ( 'NONE', ( #1756, #2108, #2091, #2228 ) ) ;
#149 = CARTESIAN_POINT ( 'NONE',  ( 17.42668493753810210, 9.628561104224484524, 3.500000000000254463 ) ) ;
#150 = LINE ( 'NONE', #979, #1050 ) ;
#151 = EDGE_CURVE ( 'NONE', #49, #2427, #1725, .T. ) ;
#152 = ORIENTED_EDGE ( 'NONE', *, *, #1630, .F. ) ;
#153 = LINE ( 'NONE', #1194, #1049 ) ;
#154 = CARTESIAN_POINT ( 'NONE',  ( 2.884907527397808202, -2.567958942245283982, 0.000000000000000000 ) ) ;
#155 = FACE_OUTER_BOUND ( 'NONE', #1061, .T. ) ;
#156 = VERTEX_POINT ( 'NONE', #2127 ) ;
#157 = ORIENTED_EDGE ( 'NONE', *, *, #1148, .T. ) ;
#158 = DIRECTION ( 'NONE',  ( -0.000000000000000000, -0.000000000000000000, -1.000000000000000000 ) ) ;
#159 = ADVANCED_FACE ( 'NONE', ( #2554 ), #1958, .T. ) ;
#160 = ORIENTED_EDGE ( 'NONE', *, *, #2341, .F. ) ;
#161 = ORIENTED_EDGE ( 'NONE', *, *, #2325, .F. ) ;
#162 = CARTESIAN_POINT ( 'NONE',  ( 0.000000000000000000, -25.41574088011293853, 3.500000000000254463 ) ) ;
#163 = LINE ( 'NONE', #2337, #2316 ) ;
#164 = EDGE_CURVE ( 'NONE', #2687, #1425, #1750, .T. ) ;
#165 = EDGE_LOOP ( 'NONE', ( #34, #2386, #1011, #2541 ) ) ;
#166 = CARTESIAN_POINT ( 'NONE',  ( -22.03115606453544828, 34.75666087085782863, 16.92735152382168806 ) ) ;
#167 = LINE ( 'NONE', #2029, #1175 ) ;
#168 = VECTOR ( 'NONE', #943, 1000.000000000000000 ) ;
#169 = VECTOR ( 'NONE', #2156, 1000.000000000000000 ) ;
#170 = VERTEX_POINT ( 'NONE', #2580 ) ;
#171 = FACE_OUTER_BOUND ( 'NONE', #2627, .T. ) ;
#172 = AXIS2_PLACEMENT_3D ( 'NONE', #1694, #2526, #656 ) ;
#173 = VECTOR ( 'NONE', #803, 1000.000000000000000 ) ;
#174 = ORIENTED_EDGE ( 'NONE', *, *, #205, .F. ) ;
#175 = EDGE_LOOP ( 'NONE', ( #1369, #2522, #2364 ) ) ;
#176 = LINE ( 'NONE', #1635, #903 ) ;
#177 = VECTOR ( 'NONE', #1278, 1000.000000000000000 ) ;
#178 = CARTESIAN_POINT ( 'NONE',  ( 0.000000000000000000, 0.000000000000000000, 0.000000000000000000 ) ) ;
#179 = ADVANCED_FACE ( 'NONE', ( #2382 ), #251, .F. ) ;
#180 = DIRECTION ( 'NONE',  ( 0.000000000000000000, 0.000000000000000000, -1.000000000000000000 ) ) ;
#181 = CARTESIAN_POINT ( 'NONE',  ( 20.00229512255086206, 28.50704633327629978, 5.500000000000254907 ) ) ;
#182 = EDGE_CURVE ( 'NONE', #1189, #610, #770, .T. ) ;
#183 = ORIENTED_EDGE ( 'NONE', *, *, #2121, .T. ) ;
#184 = CARTESIAN_POINT ( 'NONE',  ( 17.30361522509837968, -31.90667106098782213, 0.000000000000000000 ) ) ;
#185 =( LENGTH_UNIT ( ) NAMED_UNIT ( * ) SI_UNIT ( .MILLI., .METRE. ) );
#186 = EDGE_LOOP ( 'NONE', ( #1396, #2298, #1242, #2460, #458, #2078, #17, #285 ) ) ;
#187 = DIRECTION ( 'NONE',  ( 0.000000000000000000, 0.000000000000000000, 1.000000000000000000 ) ) ;
#188 = ORIENTED_EDGE ( 'NONE', *, *, #510, .F. ) ;
#189 = DIRECTION ( 'NONE',  ( -1.000000000000000000, 0.000000000000000000, -0.000000000000000000 ) ) ;
#190 = EDGE_CURVE ( 'NONE', #1370, #415, #2090, .T. ) ;
#191 = FACE_OUTER_BOUND ( 'NONE', #550, .T. ) ;
#192 = DIRECTION ( 'NONE',  ( -0.9929314809889342452, -0.1186889803693740864, -0.000000000000000000 ) ) ;
#193 = EDGE_CURVE ( 'NONE', #2670, #2009, #123, .T. ) ;
#194 = ORIENTED_EDGE ( 'NONE', *, *, #597, .T. ) ;
#195 = CARTESIAN_POINT ( 'NONE',  ( -4.832232083118171317, -10.05694419705314324, 3.500000000000254463 ) ) ;
#196 = ORIENTED_EDGE ( 'NONE', *, *, #2448, .T. ) ;
#197 = ORIENTED_EDGE ( 'NONE', *, *, #2534, .F. ) ;
#198 = DIRECTION ( 'NONE',  ( -0.000000000000000000, -0.000000000000000000, -1.000000000000000000 ) ) ;
#199 = EDGE_LOOP ( 'NONE', ( #449, #217, #2583, #1538 ) ) ;
#200 = CARTESIAN_POINT ( 'NONE',  ( -15.78115606453545183, 33.50704633327629978, 18.50000000000025224 ) ) ;
#201 = LINE ( 'NONE', #2071, #944 ) ;
#202 = CARTESIAN_POINT ( 'NONE',  ( 24.11166736146259026, 28.62795844823632052, 3.500000000000254463 ) ) ;
#203 = FACE_OUTER_BOUND ( 'NONE', #2651, .T. ) ;
#204 = AXIS2_PLACEMENT_3D ( 'NONE', #875, #1968, #924 ) ;
#205 = EDGE_CURVE ( 'NONE', #1854, #1106, #2605, .T. ) ;
#206 = ORIENTED_EDGE ( 'NONE', *, *, #2002, .T. ) ;
#207 = VECTOR ( 'NONE', #2351, 1000.000000000000000 ) ;
#208 = FACE_OUTER_BOUND ( 'NONE', #2366, .T. ) ;
#209 = CARTESIAN_POINT ( 'NONE',  ( -23.21295638980803844, 25.37803181733859503, 5.500000000000254907 ) ) ;
#210 = LINE ( 'NONE', #1483, #1743 ) ;
#211 = EDGE_CURVE ( 'NONE', #2198, #436, #1573, .T. ) ;
#212 = AXIS2_PLACEMENT_3D ( 'NONE', #1789, #2622, #2648 ) ;
#213 = ORIENTED_EDGE ( 'NONE', *, *, #1084, .F. ) ;
#214 = CARTESIAN_POINT ( 'NONE',  ( -28.34207081830833630, 0.000000000000000000, 3.500000000000254463 ) ) ;
#215 = VECTOR ( 'NONE', #248, 1000.000000000000000 ) ;
#216 = AXIS2_PLACEMENT_3D ( 'NONE', #1890, #647, #1253 ) ;
#217 = ORIENTED_EDGE ( 'NONE', *, *, #1395, .F. ) ;
#218 = DIRECTION ( 'NONE',  ( 0.000000000000000000, 0.000000000000000000, 1.000000000000000000 ) ) ;
#219 = AXIS2_PLACEMENT_3D ( 'NONE', #1626, #586, #1418 ) ;
#220 = AXIS2_PLACEMENT_3D ( 'NONE', #668, #916, #1748 ) ;
#221 = DIRECTION ( 'NONE',  ( -0.000000000000000000, -1.000000000000000000, -0.000000000000000000 ) ) ;
#222 = CARTESIAN_POINT ( 'NONE',  ( 21.63307053910937228, 9.628561104224484524, 5.500000000000254907 ) ) ;
#223 = CARTESIAN_POINT ( 'NONE',  ( -23.21295638980803844, 25.37803181733859503, 16.79260791927104890 ) ) ;
#224 = ORIENTED_EDGE ( 'NONE', *, *, #1340, .F. ) ;
#225 = DIRECTION ( 'NONE',  ( -0.000000000000000000, -0.000000000000000000, 1.000000000000000000 ) ) ;
#226 = CARTESIAN_POINT ( 'NONE',  ( -15.78115606453544828, 1.247652906881897339, 3.500000000000254463 ) ) ;
#227 = ORIENTED_EDGE ( 'NONE', *, *, #1531, .F. ) ;
#228 = EDGE_LOOP ( 'NONE', ( #2417, #664, #406, #72, #383, #2637, #619 ) ) ;
#229 = LINE ( 'NONE', #1255, #2049 ) ;
#230 = EDGE_CURVE ( 'NONE', #2285, #1274, #2621, .T. ) ;
#231 = ORIENTED_EDGE ( 'NONE', *, *, #2141, .F. ) ;
#232 = EDGE_CURVE ( 'NONE', #1470, #49, #2028, .T. ) ;
#233 = DIRECTION ( 'NONE',  ( -0.000000000000000000, -0.000000000000000000, -1.000000000000000000 ) ) ;
#234 = CARTESIAN_POINT ( 'NONE',  ( 21.63307053910937228, 19.16617699716827872, 3.500000000000254907 ) ) ;
#235 = CARTESIAN_POINT ( 'NONE',  ( 19.86289655596839054, 32.86108385261967868, 6.000000000000254907 ) ) ;
#236 = DIRECTION ( 'NONE',  ( -0.000000000000000000, -0.000000000000000000, 1.000000000000000000 ) ) ;
#237 = ORIENTED_EDGE ( 'NONE', *, *, #1054, .F. ) ;
#238 = LINE ( 'NONE', #1075, #1433 ) ;
#239 = CARTESIAN_POINT ( 'NONE',  ( 17.42668493753810210, 9.628561104224484524, 13.50000000000025402 ) ) ;
#240 = ORIENTED_EDGE ( 'NONE', *, *, #24, .T. ) ;
#241 = EDGE_LOOP ( 'NONE', ( #989, #462, #782, #1441, #2617 ) ) ;
#242 = LINE ( 'NONE', #214, #819 ) ;
#243 = EDGE_CURVE ( 'NONE', #436, #2285, #968, .T. ) ;
#244 = VERTEX_POINT ( 'NONE', #520 ) ;
#245 = LINE ( 'NONE', #665, #2484 ) ;
#246 = EDGE_CURVE ( 'NONE', #403, #1189, #2204, .T. ) ;
#247 = DIRECTION ( 'NONE',  ( 1.000000000000000000, 0.000000000000000000, 0.000000000000000000 ) ) ;
#248 = DIRECTION ( 'NONE',  ( -0.000000000000000000, -0.000000000000000000, -1.000000000000000000 ) ) ;
#249 =( LENGTH_UNIT ( ) NAMED_UNIT ( * ) SI_UNIT ( .MILLI., .METRE. ) );
#250 = ORIENTED_EDGE ( 'NONE', *, *, #1811, .T. ) ;
#251 = PLANE ( 'NONE',  #1428 ) ;
#252 = DIRECTION ( 'NONE',  ( 1.000000000000000000, 0.000000000000000000, 0.000000000000000000 ) ) ;
#253 = LINE ( 'NONE', #1090, #1484 ) ;
#254 = VECTOR ( 'NONE', #1181, 1000.000000000000000 ) ;
#255 = ORIENTED_EDGE ( 'NONE', *, *, #1930, .T. ) ;
#256 = VERTEX_POINT ( 'NONE', #1801 ) ;
#257 = CARTESIAN_POINT ( 'NONE',  ( -4.832232083118171317, -10.05694419705314324, 6.000000000000254907 ) ) ;
#258 = VECTOR ( 'NONE', #2123, 1000.000000000000000 ) ;
#259 = AXIS2_PLACEMENT_3D ( 'NONE', #2532, #2697, #1658 ) ;
#260 = EDGE_LOOP ( 'NONE', ( #911, #1606, #1134, #76 ) ) ;
#261 = EDGE_LOOP ( 'NONE', ( #1074, #789, #389, #963 ) ) ;
#262 = DIRECTION ( 'NONE',  ( -0.000000000000000000, -1.000000000000000000, -0.000000000000000000 ) ) ;
#263 = EDGE_CURVE ( 'NONE', #1121, #658, #2634, .T. ) ;
#264 = VECTOR ( 'NONE', #2462, 1000.000000000000000 ) ;
#265 = CARTESIAN_POINT ( 'NONE',  ( -23.19584199159677596, 33.50704633327629267, 5.500000000000254907 ) ) ;
#266 = EDGE_CURVE ( 'NONE', #2670, #1937, #801, .T. ) ;
#267 = VECTOR ( 'NONE', #1973, 1000.000000000000000 ) ;
#268 = ORIENTED_EDGE ( 'NONE', *, *, #1344, .T. ) ;
#269 = CARTESIAN_POINT ( 'NONE',  ( 26.27883179831746219, 22.35521482882545286, -8.159750702876424455 ) ) ;
#270 = DIRECTION ( 'NONE',  ( -0.000000000000000000, -0.000000000000000000, 1.000000000000000000 ) ) ;
#271 = EDGE_CURVE ( 'NONE', #1008, #1487, #1405, .T. ) ;
#272 = LINE ( 'NONE', #1932, #567 ) ;
#273 = CARTESIAN_POINT ( 'NONE',  ( 19.86289655596839054, 32.86108385261967868, 6.000000000000254907 ) ) ;
#274 = ORIENTED_EDGE ( 'NONE', *, *, #829, .T. ) ;
#275 = CARTESIAN_POINT ( 'NONE',  ( -23.19584199159677596, 33.50704633327629267, 6.558171248493878558 ) ) ;
#276 = LINE ( 'NONE', #897, #215 ) ;
#277 = CARTESIAN_POINT ( 'NONE',  ( -2.615539500464059142, -12.76549989963823784, 5.500000000000254907 ) ) ;
#278 = ADVANCED_FACE ( 'NONE', ( #1195 ), #308, .F. ) ;
#279 = ORIENTED_EDGE ( 'NONE', *, *, #448, .F. ) ;
#280 = LINE ( 'NONE', #1114, #2395 ) ;
#281 = CARTESIAN_POINT ( 'NONE',  ( -4.832232083118171317, -10.05694419705314324, 3.500000000000254463 ) ) ;
#282 = ADVANCED_FACE ( 'NONE', ( #1163 ), #1997, .F. ) ;
#283 = PLANE ( 'NONE',  #1039 ) ;
#284 = EDGE_LOOP ( 'NONE', ( #785, #1273, #594, #1974 ) ) ;
#285 = ORIENTED_EDGE ( 'NONE', *, *, #2153, .T. ) ;
#286 = CARTESIAN_POINT ( 'NONE',  ( 17.42668493753810210, -27.77046216421287994, 13.50000000000025402 ) ) ;
#287 = CARTESIAN_POINT ( 'NONE',  ( -7.153289868025776599, -13.29805609406240841, 3.500000000000254463 ) ) ;
#288 = CARTESIAN_POINT ( 'NONE',  ( 17.42668493753810210, 4.209897802172800851, 13.50000000000025402 ) ) ;
#289 = ORIENTED_EDGE ( 'NONE', *, *, #142, .T. ) ;
#290 = DIRECTION ( 'NONE',  ( 1.000000000000000000, 0.000000000000000000, 0.000000000000000000 ) ) ;
#291 = DIRECTION ( 'NONE',  ( -0.000000000000000000, -0.000000000000000000, -1.000000000000000000 ) ) ;
#292 = DIRECTION ( 'NONE',  ( 1.000000000000000000, 0.000000000000000000, 0.000000000000000000 ) ) ;
#293 = EDGE_CURVE ( 'NONE', #2004, #2546, #561, .T. ) ;
#294 = ORIENTED_EDGE ( 'NONE', *, *, #2529, .T. ) ;
#295 = VECTOR ( 'NONE', #2047, 1000.000000000000000 ) ;
#296 = ORIENTED_EDGE ( 'NONE', *, *, #775, .F. ) ;
#297 = FACE_OUTER_BOUND ( 'NONE', #1454, .T. ) ;
#298 = ADVANCED_FACE ( 'NONE', ( #360 ), #409, .F. ) ;
#299 = VECTOR ( 'NONE', #792, 1000.000000000000000 ) ;
#300 = ORIENTED_EDGE ( 'NONE', *, *, #1513, .F. ) ;
#301 = CARTESIAN_POINT ( 'NONE',  ( 1.763271489526741125E-15, -13.29805609406240841, 3.500000000000254463 ) ) ;
#302 = AXIS2_PLACEMENT_3D ( 'NONE', #1384, #187, #745 ) ;
#303 = DIRECTION ( 'NONE',  ( -0.000000000000000000, -0.000000000000000000, 1.000000000000000000 ) ) ;
#304 = AXIS2_PLACEMENT_3D ( 'NONE', #2503, #2476, #1062 ) ;
#305 = DIRECTION ( 'NONE',  ( 0.000000000000000000, 0.000000000000000000, 1.000000000000000000 ) ) ;
#306 = AXIS2_PLACEMENT_3D ( 'NONE', #2262, #422, #1679 ) ;
#307 = VECTOR ( 'NONE', #2039, 1000.000000000000000 ) ;
#308 = CYLINDRICAL_SURFACE ( 'NONE', #2693, 3.499999999999999556 ) ;
#309 = DIRECTION ( 'NONE',  ( -1.000000000000000000, -1.280136741389589012E-16, 0.000000000000000000 ) ) ;
#310 = CARTESIAN_POINT ( 'NONE',  ( -23.21295638980803844, -27.74939533400519309, 5.500000000000254907 ) ) ;
#311 = VECTOR ( 'NONE', #2102, 1000.000000000000000 ) ;
#312 = VERTEX_POINT ( 'NONE', #2690 ) ;
#313 = DIRECTION ( 'NONE',  ( -0.9933625816495745831, 0.1150251336816975611, 0.000000000000000000 ) ) ;
#314 = EDGE_CURVE ( 'NONE', #2567, #1728, #601, .T. ) ;
#315 = ORIENTED_EDGE ( 'NONE', *, *, #1798, .F. ) ;
#316 = ORIENTED_EDGE ( 'NONE', *, *, #2239, .T. ) ;
#317 = CARTESIAN_POINT ( 'NONE',  ( -15.78115606453545183, 31.07466458926504060, 3.500000000000254907 ) ) ;
#318 = FACE_OUTER_BOUND ( 'NONE', #2688, .T. ) ;
#319 = EDGE_CURVE ( 'NONE', #2092, #338, #201, .T. ) ;
#320 = DIRECTION ( 'NONE',  ( 1.000000000000000000, -0.000000000000000000, -0.000000000000000000 ) ) ;
#321 = CARTESIAN_POINT ( 'NONE',  ( -23.19584199159677596, 33.50704633327629267, 6.558171248493878558 ) ) ;
#322 = LINE ( 'NONE', #954, #2702 ) ;
#323 = VERTEX_POINT ( 'NONE', #2676 ) ;
#324 = FACE_OUTER_BOUND ( 'NONE', #1934, .T. ) ;
#325 = ORIENTED_EDGE ( 'NONE', *, *, #1249, .T. ) ;
#326 = ORIENTED_EDGE ( 'NONE', *, *, #232, .T. ) ;
#327 = FACE_OUTER_BOUND ( 'NONE', #1307, .T. ) ;
#328 = DIRECTION ( 'NONE',  ( 0.6139861466473907070, 0.7893168006099254841, -0.000000000000000000 ) ) ;
#329 = EDGE_CURVE ( 'NONE', #453, #2628, #817, .T. ) ;
#330 = DIRECTION ( 'NONE',  ( 1.000000000000000000, 0.000000000000000000, -0.000000000000000000 ) ) ;
#331 = EDGE_CURVE ( 'NONE', #323, #170, #1040, .T. ) ;
#332 = DIRECTION ( 'NONE',  ( 1.000000000000000000, 0.000000000000000000, 0.000000000000000000 ) ) ;
#333 = LINE ( 'NONE', #751, #2095 ) ;
#334 = DIRECTION ( 'NONE',  ( 0.000000000000000000, 0.000000000000000000, -1.000000000000000000 ) ) ;
#335 = VERTEX_POINT ( 'NONE', #1666 ) ;
#336 = CARTESIAN_POINT ( 'NONE',  ( -4.832232083118171317, -10.05694419705314324, 6.000000000000254907 ) ) ;
#337 = EDGE_LOOP ( 'NONE', ( #2130, #1586, #56 ) ) ;
#338 = VERTEX_POINT ( 'NONE', #2042 ) ;
#339 = CARTESIAN_POINT ( 'NONE',  ( -2.615539500464060918, -12.76549989963823961, 5.500000000000254907 ) ) ;
#340 = LINE ( 'NONE', #553, #1876 ) ;
#341 = VECTOR ( 'NONE', #69, 1000.000000000000000 ) ;
#342 = CIRCLE ( 'NONE', #1867, 4.356268435279794460 ) ;
#343 = EDGE_LOOP ( 'NONE', ( #1216, #2595, #2424, #1457 ) ) ;
#344 = LINE ( 'NONE', #2633, #2359 ) ;
#345 = VECTOR ( 'NONE', #2287, 1000.000000000000000 ) ;
#346 = EDGE_CURVE ( 'NONE', #1030, #1121, #627, .T. ) ;
#347 = VECTOR ( 'NONE', #499, 1000.000000000000000 ) ;
#348 = CARTESIAN_POINT ( 'NONE',  ( 0.000000000000000000, 0.000000000000000000, 0.000000000000000000 ) ) ;
#349 = PLANE ( 'NONE',  #2615 ) ;
#350 = VECTOR ( 'NONE', #793, 1000.000000000000000 ) ;
#351 = ORIENTED_EDGE ( 'NONE', *, *, #1920, .T. ) ;
#352 = AXIS2_PLACEMENT_3D ( 'NONE', #1490, #2344, #540 ) ;
#353 = VECTOR ( 'NONE', #898, 1000.000000000000114 ) ;
#354 = ORIENTED_EDGE ( 'NONE', *, *, #791, .T. ) ;
#355 = ORIENTED_EDGE ( 'NONE', *, *, #578, .F. ) ;
#356 = FACE_OUTER_BOUND ( 'NONE', #1202, .T. ) ;
#357 = LINE ( 'NONE', #1361, #1269 ) ;
#358 = ORIENTED_EDGE ( 'NONE', *, *, #1214, .T. ) ;
#359 = DIRECTION ( 'NONE',  ( -1.000000000000000000, 0.000000000000000000, 0.000000000000000000 ) ) ;
#360 = FACE_OUTER_BOUND ( 'NONE', #60, .T. ) ;
#361 = CARTESIAN_POINT ( 'NONE',  ( 20.00229512255086206, 28.50704633327629978, 6.000000000000254907 ) ) ;
#362 = EDGE_CURVE ( 'NONE', #1717, #49, #1885, .T. ) ;
#363 = ORIENTED_EDGE ( 'NONE', *, *, #1459, .T. ) ;
#364 = LINE ( 'NONE', #2033, #1345 ) ;
#365 = EDGE_CURVE ( 'NONE', #335, #2126, #1014, .T. ) ;
#366 = VERTEX_POINT ( 'NONE', #2509 ) ;
#367 = ORIENTED_EDGE ( 'NONE', *, *, #331, .F. ) ;
#368 = CARTESIAN_POINT ( 'NONE',  ( 26.27883179831746219, -27.77046216421287994, 5.500000000000254907 ) ) ;
#369 = CARTESIAN_POINT ( 'NONE',  ( 17.42668493753810210, -27.77046216421287994, 13.50000000000025402 ) ) ;
#370 = ORIENTED_EDGE ( 'NONE', *, *, #1431, .T. ) ;
#371 = DIRECTION ( 'NONE',  ( 0.000000000000000000, 0.000000000000000000, 1.000000000000000000 ) ) ;
#372 = LINE ( 'NONE', #1025, #862 ) ;
#373 = CARTESIAN_POINT ( 'NONE',  ( 26.27883179831746219, 22.35521482882545286, 3.500000000000254907 ) ) ;
#374 = FACE_OUTER_BOUND ( 'NONE', #2441, .T. ) ;
#375 = VERTEX_POINT ( 'NONE', #639 ) ;
#376 = ORIENTED_EDGE ( 'NONE', *, *, #2268, .F. ) ;
#377 = LINE ( 'NONE', #2439, #427 ) ;
#378 = ORIENTED_EDGE ( 'NONE', *, *, #2153, .F. ) ;
#379 = ORIENTED_EDGE ( 'NONE', *, *, #193, .F. ) ;
#380 = DIRECTION ( 'NONE',  ( 0.000000000000000000, 0.000000000000000000, -1.000000000000000000 ) ) ;
#381 = EDGE_CURVE ( 'NONE', #1274, #2255, #372, .T. ) ;
#382 = DIRECTION ( 'NONE',  ( -1.000000000000000000, 0.000000000000000000, -0.000000000000000000 ) ) ;
#383 = ORIENTED_EDGE ( 'NONE', *, *, #331, .T. ) ;
#384 = CARTESIAN_POINT ( 'NONE',  ( -15.78115606453545183, 33.50704633327629978, 0.000000000000000000 ) ) ;
#385 = AXIS2_PLACEMENT_3D ( 'NONE', #1452, #1251, #849 ) ;
#386 = DIRECTION ( 'NONE',  ( -0.000000000000000000, -0.000000000000000000, -1.000000000000000000 ) ) ;
#387 = DIRECTION ( 'NONE',  ( 0.000000000000000000, -0.000000000000000000, -1.000000000000000000 ) ) ;
#388 = AXIS2_PLACEMENT_3D ( 'NONE', #455, #1293, #252 ) ;
#389 = ORIENTED_EDGE ( 'NONE', *, *, #445, .F. ) ;
#390 = CARTESIAN_POINT ( 'NONE',  ( -15.78115606453544828, 14.75666087085782507, 5.500000000000254907 ) ) ;
#391 = AXIS2_PLACEMENT_3D ( 'NONE', #2175, #305, #1139 ) ;
#392 = VECTOR ( 'NONE', #515, 1000.000000000000000 ) ;
#393 = ORIENTED_EDGE ( 'NONE', *, *, #677, .F. ) ;
#394 = ORIENTED_EDGE ( 'NONE', *, *, #2419, .F. ) ;
#395 = DIRECTION ( 'NONE',  ( -0.000000000000000000, -0.000000000000000000, -1.000000000000000000 ) ) ;
#396 = EDGE_CURVE ( 'NONE', #1869, #366, #1471, .T. ) ;
#397 = ORIENTED_EDGE ( 'NONE', *, *, #1270, .T. ) ;
#398 = CARTESIAN_POINT ( 'NONE',  ( -7.733558274890649287, -13.29805609406241018, 6.000000000000254907 ) ) ;
#399 = CARTESIAN_POINT ( 'NONE',  ( -22.03115606453544828, 14.75666087085782507, 11.67735152382168806 ) ) ;
#400 = LINE ( 'NONE', #640, #264 ) ;
#401 = CARTESIAN_POINT ( 'NONE',  ( -31.38207081830833545, -27.74939533400519309, 5.500000000000254907 ) ) ;
#402 = LINE ( 'NONE', #646, #122 ) ;
#403 = VERTEX_POINT ( 'NONE', #1834 ) ;
#404 = VERTEX_POINT ( 'NONE', #2664 ) ;
#405 = LINE ( 'NONE', #417, #994 ) ;
#406 = ORIENTED_EDGE ( 'NONE', *, *, #1016, .F. ) ;
#407 = LINE ( 'NONE', #2496, #733 ) ;
#408 = EDGE_CURVE ( 'NONE', #338, #2680, #1236, .T. ) ;
#409 = PLANE ( 'NONE',  #1517 ) ;
#410 = PLANE ( 'NONE',  #2181 ) ;
#411 = EDGE_CURVE ( 'NONE', #88, #2269, #469, .T. ) ;
#412 = DIRECTION ( 'NONE',  ( 0.000000000000000000, 0.000000000000000000, 1.000000000000000000 ) ) ;
#413 = DIRECTION ( 'NONE',  ( -0.7084098798067387515, 0.7058012767006035526, -0.000000000000000000 ) ) ;
#414 = CARTESIAN_POINT ( 'NONE',  ( 26.27554745711413631, 26.47204648586428277, 5.500000000000254907 ) ) ;
#415 = VERTEX_POINT ( 'NONE', #42 ) ;
#416 = ORIENTED_EDGE ( 'NONE', *, *, #2023, .T. ) ;
#417 = CARTESIAN_POINT ( 'NONE',  ( 24.35681727092423543, 28.38371126307810854, 6.000000000000254907 ) ) ;
#418 = ORIENTED_EDGE ( 'NONE', *, *, #2089, .T. ) ;
#419 = DIRECTION ( 'NONE',  ( 1.000000000000000000, 0.000000000000000000, 0.000000000000000000 ) ) ;
#420 = VECTOR ( 'NONE', #1988, 1000.000000000000000 ) ;
#421 = CARTESIAN_POINT ( 'NONE',  ( -23.19584199159677596, 33.50704633327629267, 3.500000000000254907 ) ) ;
#422 = DIRECTION ( 'NONE',  ( 0.000000000000000000, 0.000000000000000000, -1.000000000000000000 ) ) ;
#423 = CARTESIAN_POINT ( 'NONE',  ( 26.27883179831746219, 22.35521482882545286, 3.500000000000254907 ) ) ;
#424 = CIRCLE ( 'NONE', #1952, 1.638047801884704668 ) ;
#425 = EDGE_CURVE ( 'NONE', #2126, #2389, #1979, .T. ) ;
#426 = ORIENTED_EDGE ( 'NONE', *, *, #2073, .F. ) ;
#427 = VECTOR ( 'NONE', #158, 1000.000000000000000 ) ;
#428 = DIRECTION ( 'NONE',  ( 0.002105342566206879189, 0.9999977837638835965, 0.000000000000000000 ) ) ;
#429 = LINE ( 'NONE', #369, #307 ) ;
#430 = VECTOR ( 'NONE', #2466, 1000.000000000000000 ) ;
#431 = EDGE_CURVE ( 'NONE', #1171, #256, #2587, .T. ) ;
#432 = ORIENTED_EDGE ( 'NONE', *, *, #2370, .F. ) ;
#433 = LINE ( 'NONE', #2328, #2435 ) ;
#434 = VECTOR ( 'NONE', #1628, 1000.000000000000000 ) ;
#435 = CIRCLE ( 'NONE', #1570, 4.356268435279794460 ) ;
#436 = VERTEX_POINT ( 'NONE', #728 ) ;
#437 = PLANE ( 'NONE',  #1095 ) ;
#438 = VECTOR ( 'NONE', #441, 1000.000000000000000 ) ;
#439 = DIRECTION ( 'NONE',  ( 1.000000000000000000, 0.000000000000000000, 0.000000000000000000 ) ) ;
#440 = DIRECTION ( 'NONE',  ( 0.4906625781756667193, -0.8713496625224615988, 0.000000000000000000 ) ) ;
#441 = DIRECTION ( 'NONE',  ( -1.000000000000000000, 0.000000000000000000, 0.000000000000000000 ) ) ;
#442 = CARTESIAN_POINT ( 'NONE',  ( 0.000000000000000000, 0.000000000000000000, 5.500000000000254907 ) ) ;
#443 = CARTESIAN_POINT ( 'NONE',  ( 26.27554745711414341, 9.628561104224484524, 5.500000000000254907 ) ) ;
#444 = FACE_OUTER_BOUND ( 'NONE', #1745, .T. ) ;
#445 = EDGE_CURVE ( 'NONE', #446, #1622, #513, .T. ) ;
#446 = VERTEX_POINT ( 'NONE', #1332 ) ;
#447 = CARTESIAN_POINT ( 'NONE',  ( 17.42668493753810210, -27.77046216421287994, 5.500000000000254907 ) ) ;
#448 = EDGE_CURVE ( 'NONE', #1356, #962, #102, .T. ) ;
#449 = ORIENTED_EDGE ( 'NONE', *, *, #381, .T. ) ;
#450 = DIRECTION ( 'NONE',  ( 0.000000000000000000, -0.000000000000000000, 1.000000000000000000 ) ) ;
#451 = CARTESIAN_POINT ( 'NONE',  ( 17.42792918169166327, -36.49533803050918124, 5.500000000000254907 ) ) ;
#452 = DIRECTION ( 'NONE',  ( -0.4874447296633043214, -0.8731538441325606970, 0.000000000000000000 ) ) ;
#453 = VERTEX_POINT ( 'NONE', #1993 ) ;
#454 = DIRECTION ( 'NONE',  ( 1.000000000000000000, 0.000000000000000000, 0.000000000000000000 ) ) ;
#455 = CARTESIAN_POINT ( 'NONE',  ( -4.832232083118171317, -10.05694419705314324, 3.500000000000254463 ) ) ;
#456 = DIRECTION ( 'NONE',  ( -0.9929314809889342452, -0.1186889803693740864, -0.000000000000000000 ) ) ;
#457 = ORIENTED_EDGE ( 'NONE', *, *, #1720, .F. ) ;
#458 = ORIENTED_EDGE ( 'NONE', *, *, #2201, .F. ) ;
#459 = CARTESIAN_POINT ( 'NONE',  ( 17.42668493753810210, 4.209897802172800851, 13.50000000000025402 ) ) ;
#460 = EDGE_CURVE ( 'NONE', #2501, #2103, #1912, .T. ) ;
#461 = ORIENTED_EDGE ( 'NONE', *, *, #1162, .F. ) ;
#462 = ORIENTED_EDGE ( 'NONE', *, *, #2106, .T. ) ;
#463 = CARTESIAN_POINT ( 'NONE',  ( 17.42792918169166327, -36.49533803050918124, 5.500000000000254907 ) ) ;
#464 = EDGE_CURVE ( 'NONE', #1143, #12, #2695, .T. ) ;
#465 = FACE_OUTER_BOUND ( 'NONE', #2413, .T. ) ;
#466 = EDGE_LOOP ( 'NONE', ( #1383, #197 ) ) ;
#467 = DIRECTION ( 'NONE',  ( -0.000000000000000000, -0.000000000000000000, 1.000000000000000000 ) ) ;
#468 = DIRECTION ( 'NONE',  ( -0.7084098798067387515, 0.7058012767006035526, -0.000000000000000000 ) ) ;
#469 = CIRCLE ( 'NONE', #1379, 1.469701195442388197 ) ;
#470 = ORIENTED_EDGE ( 'NONE', *, *, #1744, .T. ) ;
#471 = ORIENTED_EDGE ( 'NONE', *, *, #1286, .F. ) ;
#472 = PLANE ( 'NONE',  #1691 ) ;
#473 = AXIS2_PLACEMENT_3D ( 'NONE', #257, #198, #1488 ) ;
#474 = VECTOR ( 'NONE', #2284, 1000.000000000000000 ) ;
#475 = ORIENTED_EDGE ( 'NONE', *, *, #1579, .F. ) ;
#476 = DIRECTION ( 'NONE',  ( 1.075484249221790244E-16, -1.000000000000000000, 0.000000000000000000 ) ) ;
#477 = EDGE_CURVE ( 'NONE', #1409, #1231, #1734, .T. ) ;
#478 = VECTOR ( 'NONE', #1435, 1000.000000000000000 ) ;
#479 = AXIS2_PLACEMENT_3D ( 'NONE', #678, #1951, #1909 ) ;
#480 = LINE ( 'NONE', #1289, #2142 ) ;
#481 = CARTESIAN_POINT ( 'NONE',  ( 20.00229512255086206, 28.50704633327629978, 3.500000000000254907 ) ) ;
#482 = ADVANCED_FACE ( 'NONE', ( #1757 ), #1709, .F. ) ;
#483 = VECTOR ( 'NONE', #452, 1000.000000000000000 ) ;
#484 = ORIENTED_EDGE ( 'NONE', *, *, #1970, .F. ) ;
#485 = LINE ( 'NONE', #2568, #32 ) ;
#486 = DIRECTION ( 'NONE',  ( -0.000000000000000000, -0.000000000000000000, -1.000000000000000000 ) ) ;
#487 = DIRECTION ( 'NONE',  ( -0.000000000000000000, -0.000000000000000000, -1.000000000000000000 ) ) ;
#488 = ORIENTED_EDGE ( 'NONE', *, *, #2630, .F. ) ;
#489 = ORIENTED_EDGE ( 'NONE', *, *, #146, .F. ) ;
#490 = CARTESIAN_POINT ( 'NONE',  ( 0.000000000000000000, 0.000000000000000000, 3.500000000000254907 ) ) ;
#491 = EDGE_LOOP ( 'NONE', ( #958, #1907, #702, #2031 ) ) ;
#492 = VERTEX_POINT ( 'NONE', #529 ) ;
#493 = CARTESIAN_POINT ( 'NONE',  ( -22.03115606453544828, 34.75666087085782863, 11.67735152382168806 ) ) ;
#494 = EDGE_CURVE ( 'NONE', #415, #1370, #424, .T. ) ;
#495 = CARTESIAN_POINT ( 'NONE',  ( 12.27641530783898993, 0.000000000000000000, 3.500000000000254463 ) ) ;
#496 = DIRECTION ( 'NONE',  ( -0.000000000000000000, -0.000000000000000000, 1.000000000000000000 ) ) ;
#497 = EDGE_CURVE ( 'NONE', #2495, #2427, #2390, .T. ) ;
#498 = VERTEX_POINT ( 'NONE', #317 ) ;
#499 = DIRECTION ( 'NONE',  ( 1.000000000000000000, 0.000000000000000000, 0.000000000000000000 ) ) ;
#500 = CARTESIAN_POINT ( 'NONE',  ( -31.38207081830833545, -27.74939533400519309, 3.500000000000254907 ) ) ;
#501 = ORIENTED_EDGE ( 'NONE', *, *, #11, .T. ) ;
#502 = CARTESIAN_POINT ( 'NONE',  ( -22.03115606453544828, 25.37803181733859503, 11.67735152382168806 ) ) ;
#503 = CARTESIAN_POINT ( 'NONE',  ( -7.153289868025776599, -13.29805609406241018, 3.500000000000254463 ) ) ;
#504 = CARTESIAN_POINT ( 'NONE',  ( 21.63307053910937228, 0.000000000000000000, 3.500000000000254463 ) ) ;
#505 = DIRECTION ( 'NONE',  ( 0.000000000000000000, -1.000000000000000000, 0.000000000000000000 ) ) ;
#506 = DIRECTION ( 'NONE',  ( 1.000000000000000000, -0.000000000000000000, -0.000000000000000000 ) ) ;
#507 = DIRECTION ( 'NONE',  ( 0.000000000000000000, -1.000000000000000000, 0.000000000000000000 ) ) ;
#508 = ADVANCED_FACE ( 'NONE', ( #1360, #2112 ), #858, .F. ) ;
#509 = PLANE ( 'NONE',  #684 ) ;
#510 = EDGE_CURVE ( 'NONE', #843, #631, #1087, .T. ) ;
#511 = VECTOR ( 'NONE', #2410, 1000.000000000000000 ) ;
#512 = ORIENTED_EDGE ( 'NONE', *, *, #1509, .F. ) ;
#513 = LINE ( 'NONE', #2345, #1818 ) ;
#514 = AXIS2_PLACEMENT_3D ( 'NONE', #2639, #1603, #566 ) ;
#515 = DIRECTION ( 'NONE',  ( -0.000000000000000000, -0.000000000000000000, 1.000000000000000000 ) ) ;
#516 = VECTOR ( 'NONE', #2064, 1000.000000000000000 ) ;
#517 = PLANE ( 'NONE',  #2007 ) ;
#518 = VECTOR ( 'NONE', #1404, 1000.000000000000000 ) ;
#519 = VECTOR ( 'NONE', #1115, 1000.000000000000000 ) ;
#520 = CARTESIAN_POINT ( 'NONE',  ( 15.64602668727106760, 28.50704633327629978, 5.500000000000254907 ) ) ;
#521 = LINE ( 'NONE', #1985, #1608 ) ;
#522 = CARTESIAN_POINT ( 'NONE',  ( 26.27883179831746219, -29.30011630742320605, 5.500000000000254907 ) ) ;
#523 = AXIS2_PLACEMENT_3D ( 'NONE', #657, #1477, #1493 ) ;
#524 = EDGE_LOOP ( 'NONE', ( #2598, #836, #397, #2036, #634 ) ) ;
#525 = ORIENTED_EDGE ( 'NONE', *, *, #164, .F. ) ;
#526 = CARTESIAN_POINT ( 'NONE',  ( 1.763271489526741125E-15, -13.29805609406240841, 3.500000000000254463 ) ) ;
#527 = ADVANCED_FACE ( 'NONE', ( #327 ), #947, .F. ) ;
#528 = ORIENTED_EDGE ( 'NONE', *, *, #271, .F. ) ;
#529 = CARTESIAN_POINT ( 'NONE',  ( -1.332232083118171317, -10.05694419705314324, 6.000000000000254907 ) ) ;
#530 = EDGE_CURVE ( 'NONE', #338, #156, #2603, .T. ) ;
#531 = LINE ( 'NONE', #2600, #2613 ) ;
#532 = CARTESIAN_POINT ( 'NONE',  ( 17.42668493753810210, -27.77046216421287994, 5.500000000000254907 ) ) ;
#533 = CARTESIAN_POINT ( 'NONE',  ( 21.63307053910937228, 9.628561104224484524, 3.500000000000254463 ) ) ;
#534 = CARTESIAN_POINT ( 'NONE',  ( 1.763271489526741125E-15, -13.29805609406240841, 5.500000000000254907 ) ) ;
#535 = ORIENTED_EDGE ( 'NONE', *, *, #1716, .T. ) ;
#536 = DIRECTION ( 'NONE',  ( 0.000000000000000000, 0.000000000000000000, 1.000000000000000000 ) ) ;
#537 = ORIENTED_EDGE ( 'NONE', *, *, #11, .F. ) ;
#538 = EDGE_LOOP ( 'NONE', ( #1283, #972, #1804, #635, #1124 ) ) ;
#539 = DIRECTION ( 'NONE',  ( 0.7893168006099253731, -0.6139861466473907070, 0.000000000000000000 ) ) ;
#540 = DIRECTION ( 'NONE',  ( 0.000000000000000000, -0.000000000000000000, 1.000000000000000000 ) ) ;
#541 = EDGE_CURVE ( 'NONE', #2505, #2670, #2394, .T. ) ;
#542 = VERTEX_POINT ( 'NONE', #234 ) ;
#543 = DIRECTION ( 'NONE',  ( -0.000000000000000000, -0.000000000000000000, 1.000000000000000000 ) ) ;
#544 = EDGE_CURVE ( 'NONE', #33, #156, #25, .T. ) ;
#545 = DIRECTION ( 'NONE',  ( -0.002105342566206877455, -0.9999977837638835965, 0.000000000000000000 ) ) ;
#546 = CARTESIAN_POINT ( 'NONE',  ( -0.9934448250388319135, -13.29805609406240841, 3.500000000000254463 ) ) ;
#547 = ORIENTED_EDGE ( 'NONE', *, *, #460, .F. ) ;
#548 = DIRECTION ( 'NONE',  ( 0.1150251336816975473, 0.9933625816495744720, -0.000000000000000000 ) ) ;
#549 = CLOSED_SHELL ( 'NONE', ( #1732, #1983, #563, #1534, #2136, #1762, #1933, #74, #1678, #642, #1616, #1120, #1832, #938, #1643, #795, #1064, #2183, #1325, #2452, #90, #1444, #2290, #1944, #2235, #1235, #574, #2385, #62, #1914, #1981, #1558, #1774, #558, #2151, #2429, #882, #2303, #638, #1048, #482, #1948, #278, #2343, #1663, #298, #508, #2578, #1760, #1296, #159, #1910, #109, #1315, #2203, #2548, #2545, #2591, #1996, #282, #179, #2019, #1447, #121, #2170, #1013, #40, #845, #106, #711, #1358, #1806, #860, #527, #2403, #810, #1613, #1412, #2408, #1564, #1485, #831, #1284, #45, #2480, #2085, #663 ) ) ;
#550 = EDGE_LOOP ( 'NONE', ( #1347, #2652, #879, #84 ) ) ;
#551 = ORIENTED_EDGE ( 'NONE', *, *, #2464, .T. ) ;
#552 = DIRECTION ( 'NONE',  ( 0.000000000000000000, 1.000000000000000000, 0.000000000000000000 ) ) ;
#553 = CARTESIAN_POINT ( 'NONE',  ( 26.27554745711413631, 26.47204648586428277, 3.500000000000254907 ) ) ;
#554 = AXIS2_PLACEMENT_3D ( 'NONE', #1158, #666, #92 ) ;
#555 = AXIS2_PLACEMENT_3D ( 'NONE', #1783, #2618, #1474 ) ;
#556 = ORIENTED_EDGE ( 'NONE', *, *, #1897, .F. ) ;
#557 = DIRECTION ( 'NONE',  ( 1.075484249221790244E-16, -1.000000000000000000, 0.000000000000000000 ) ) ;
#558 = ADVANCED_FACE ( 'NONE', ( #1841 ), #570, .F. ) ;
#559 = VECTOR ( 'NONE', #124, 1000.000000000000114 ) ;
#560 = CIRCLE ( 'NONE', #306, 1.469701195442388197 ) ;
#561 = LINE ( 'NONE', #1393, #2046 ) ;
#562 = CARTESIAN_POINT ( 'NONE',  ( -22.03115606453544828, 34.75666087085782863, 11.67735152382168806 ) ) ;
#563 = ADVANCED_FACE ( 'NONE', ( #2469 ), #2052, .T. ) ;
#564 = LINE ( 'NONE', #1248, #738 ) ;
#565 = VECTOR ( 'NONE', #2105, 1000.000000000000000 ) ;
#566 = DIRECTION ( 'NONE',  ( 1.000000000000000000, 0.000000000000000000, 0.000000000000000000 ) ) ;
#567 = VECTOR ( 'NONE', #1105, 1000.000000000000000 ) ;
#568 = VECTOR ( 'NONE', #2565, 1000.000000000000000 ) ;
#569 = ORIENTED_EDGE ( 'NONE', *, *, #1165, .F. ) ;
#570 = PLANE ( 'NONE',  #2177 ) ;
#571 = LINE ( 'NONE', #1672, #1703 ) ;
#572 = ORIENTED_EDGE ( 'NONE', *, *, #2448, .F. ) ;
#573 = DIRECTION ( 'NONE',  ( -1.000000000000000000, -1.325961837620795774E-16, 0.000000000000000000 ) ) ;
#574 = ADVANCED_FACE ( 'NONE', ( #977 ), #786, .F. ) ;
#575 = CARTESIAN_POINT ( 'NONE',  ( -23.20725378028039643, 28.08666317303703153, 6.560777629253284005 ) ) ;
#576 = CARTESIAN_POINT ( 'NONE',  ( 17.42792918169166327, -27.73684457774396250, 3.500000000000254463 ) ) ;
#577 = DIRECTION ( 'NONE',  ( -1.000000000000000000, 0.000000000000000000, -0.000000000000000000 ) ) ;
#578 = EDGE_CURVE ( 'NONE', #2701, #338, #1009, .T. ) ;
#579 = ORIENTED_EDGE ( 'NONE', *, *, #1543, .F. ) ;
#580 = DIRECTION ( 'NONE',  ( 1.000000000000000000, 0.000000000000000000, 0.000000000000000000 ) ) ;
#581 = DIRECTION ( 'NONE',  ( -0.000000000000000000, -1.000000000000000000, -0.000000000000000000 ) ) ;
#582 = ORIENTED_EDGE ( 'NONE', *, *, #1500, .F. ) ;
#583 = DIRECTION ( 'NONE',  ( 0.000000000000000000, -1.000000000000000000, 0.000000000000000000 ) ) ;
#584 = DIRECTION ( 'NONE',  ( 0.000000000000000000, 1.000000000000000000, -0.000000000000000000 ) ) ;
#585 = ORIENTED_EDGE ( 'NONE', *, *, #1593, .T. ) ;
#586 = DIRECTION ( 'NONE',  ( 0.000000000000000000, -1.000000000000000000, 0.000000000000000000 ) ) ;
#587 = DIRECTION ( 'NONE',  ( -0.1923122843527267922, -0.9813337787353677566, -0.000000000000000000 ) ) ;
#588 = DIRECTION ( 'NONE',  ( -0.000000000000000000, -0.000000000000000000, -1.000000000000000000 ) ) ;
#589 = DIRECTION ( 'NONE',  ( -0.000000000000000000, -0.000000000000000000, 1.000000000000000000 ) ) ;
#590 = VERTEX_POINT ( 'NONE', #1824 ) ;
#591 = CARTESIAN_POINT ( 'NONE',  ( 1.763271489526741125E-15, -13.29805609406240841, 5.500000000000254907 ) ) ;
#592 = CARTESIAN_POINT ( 'NONE',  ( 19.21454663313912903, 33.50704633327629978, 3.500000000000254907 ) ) ;
#593 = EDGE_CURVE ( 'NONE', #1625, #853, #2010, .T. ) ;
#594 = ORIENTED_EDGE ( 'NONE', *, *, #2576, .F. ) ;
#595 = VERTEX_POINT ( 'NONE', #1021 ) ;
#596 = FACE_OUTER_BOUND ( 'NONE', #101, .T. ) ;
#597 = EDGE_CURVE ( 'NONE', #826, #143, #1591, .T. ) ;
#598 = ORIENTED_EDGE ( 'NONE', *, *, #243, .T. ) ;
#599 = PLANE ( 'NONE',  #1917 ) ;
#600 = VECTOR ( 'NONE', #545, 1000.000000000000000 ) ;
#601 = LINE ( 'NONE', #833, #1338 ) ;
#602 = LINE ( 'NONE', #2060, #434 ) ;
#603 = AXIS2_PLACEMENT_3D ( 'NONE', #2629, #2245, #135 ) ;
#604 = CARTESIAN_POINT ( 'NONE',  ( -1.332232083118171317, -10.05694419705314324, 3.500000000000254463 ) ) ;
#605 = ORIENTED_EDGE ( 'NONE', *, *, #1033, .F. ) ;
#606 = DIRECTION ( 'NONE',  ( -1.000000000000000000, 0.000000000000000000, -0.000000000000000000 ) ) ;
#607 = AXIS2_PLACEMENT_3D ( 'NONE', #504, #1110, #2357 ) ;
#608 = EDGE_CURVE ( 'NONE', #946, #1403, #2458, .T. ) ;
#609 = AXIS2_PLACEMENT_3D ( 'NONE', #1024, #1870, #419 ) ;
#610 = VERTEX_POINT ( 'NONE', #1852 ) ;
#611 = VERTEX_POINT ( 'NONE', #1371 ) ;
#612 = LINE ( 'NONE', #459, #1473 ) ;
#613 = VECTOR ( 'NONE', #1366, 1000.000000000000000 ) ;
#614 = EDGE_CURVE ( 'NONE', #1941, #21, #1203, .T. ) ;
#615 = EDGE_LOOP ( 'NONE', ( #2013, #2506, #1172, #111, #98, #1880 ) ) ;
#616 = DIRECTION ( 'NONE',  ( 1.636130704980173554E-16, -1.000000000000000000, 0.000000000000000000 ) ) ;
#617 = DIRECTION ( 'NONE',  ( 1.000000000000000000, -0.000000000000000000, 0.000000000000000000 ) ) ;
#618 = CARTESIAN_POINT ( 'NONE',  ( -29.37216914772753640, -24.73533803050917967, 3.500000000000254907 ) ) ;
#619 = ORIENTED_EDGE ( 'NONE', *, *, #2109, .T. ) ;
#620 = CARTESIAN_POINT ( 'NONE',  ( -23.21295638980803844, 25.37803181733859503, 5.500000000000254907 ) ) ;
#621 = EDGE_LOOP ( 'NONE', ( #1839, #1590, #1291, #1077 ) ) ;
#622 = ORIENTED_EDGE ( 'NONE', *, *, #2679, .F. ) ;
#623 = CARTESIAN_POINT ( 'NONE',  ( -23.21295638980803844, 25.37803181733859503, 18.50000000000025224 ) ) ;
#624 = EDGE_LOOP ( 'NONE', ( #2446, #2456, #1879, #572, #2224 ) ) ;
#625 = CARTESIAN_POINT ( 'NONE',  ( -15.78115606453544828, 1.247652906881897339, 5.500000000000254907 ) ) ;
#626 = EDGE_CURVE ( 'NONE', #1106, #1622, #1232, .T. ) ;
#627 = LINE ( 'NONE', #421, #1218 ) ;
#628 = DIRECTION ( 'NONE',  ( 1.000000000000000000, 0.000000000000000000, 0.000000000000000000 ) ) ;
#629 = DIRECTION ( 'NONE',  ( 1.000000000000000000, 3.266477528593578478E-16, -0.000000000000000000 ) ) ;
#630 = EDGE_CURVE ( 'NONE', #2546, #611, #768, .T. ) ;
#631 = VERTEX_POINT ( 'NONE', #1809 ) ;
#632 = PLANE ( 'NONE',  #1091 ) ;
#633 = CARTESIAN_POINT ( 'NONE',  ( -28.34161846380722594, 25.37803181733859503, 18.50000000000025224 ) ) ;
#634 = ORIENTED_EDGE ( 'NONE', *, *, #1863, .F. ) ;
#635 = ORIENTED_EDGE ( 'NONE', *, *, #1681, .F. ) ;
#636 = ORIENTED_EDGE ( 'NONE', *, *, #2259, .T. ) ;
#637 = DIRECTION ( 'NONE',  ( 1.000000000000000000, 0.000000000000000000, -0.000000000000000000 ) ) ;
#638 = ADVANCED_FACE ( 'NONE', ( #990 ), #1191, .F. ) ;
#639 = CARTESIAN_POINT ( 'NONE',  ( -0.9934448250388319135, -25.41574088011293853, 3.500000000000254463 ) ) ;
#640 = CARTESIAN_POINT ( 'NONE',  ( -2.511174298210562483, -13.29805609406240841, 3.500000000000254463 ) ) ;
#641 = PLANE ( 'NONE',  #523 ) ;
#642 = ADVANCED_FACE ( 'NONE', ( #596 ), #1415, .F. ) ;
#643 = ORIENTED_EDGE ( 'NONE', *, *, #319, .F. ) ;
#644 = VECTOR ( 'NONE', #1925, 1000.000000000000000 ) ;
#645 = DIRECTION ( 'NONE',  ( -1.000000000000000000, -1.325961837620795774E-16, 0.000000000000000000 ) ) ;
#646 = CARTESIAN_POINT ( 'NONE',  ( 17.30361522509837968, -31.90667106098782213, -8.159750702876424455 ) ) ;
#647 = DIRECTION ( 'NONE',  ( 0.000000000000000000, -1.000000000000000000, 0.000000000000000000 ) ) ;
#648 = VECTOR ( 'NONE', #1701, 1000.000000000000000 ) ;
#649 = ORIENTED_EDGE ( 'NONE', *, *, #1016, .T. ) ;
#650 = AXIS2_PLACEMENT_3D ( 'NONE', #2421, #2393, #1161 ) ;
#651 = AXIS2_PLACEMENT_3D ( 'NONE', #23, #1733, #2111 ) ;
#652 = ORIENTED_EDGE ( 'NONE', *, *, #2054, .T. ) ;
#653 = FACE_OUTER_BOUND ( 'NONE', #10, .T. ) ;
#654 = VECTOR ( 'NONE', #1508, 1000.000000000000114 ) ;
#655 = DIRECTION ( 'NONE',  ( 0.1150251336816975473, 0.9933625816495744720, -0.000000000000000000 ) ) ;
#656 = DIRECTION ( 'NONE',  ( -1.000000000000000000, 0.000000000000000000, -0.000000000000000000 ) ) ;
#657 = CARTESIAN_POINT ( 'NONE',  ( 26.27883179831746219, 22.35521482882545286, -8.159750702876424455 ) ) ;
#658 = VERTEX_POINT ( 'NONE', #757 ) ;
#659 = CARTESIAN_POINT ( 'NONE',  ( -27.15895618077229656, 0.000000000000000000, 3.500000000000254463 ) ) ;
#660 = DIRECTION ( 'NONE',  ( 0.000000000000000000, 0.000000000000000000, 1.000000000000000000 ) ) ;
#661 = EDGE_CURVE ( 'NONE', #672, #1721, #176, .T. ) ;
#662 = DIRECTION ( 'NONE',  ( -1.280136741389589012E-16, 1.000000000000000000, -0.000000000000000000 ) ) ;
#663 = ADVANCED_FACE ( 'NONE', ( #356 ), #2067, .T. ) ;
#664 = ORIENTED_EDGE ( 'NONE', *, *, #1205, .F. ) ;
#665 = CARTESIAN_POINT ( 'NONE',  ( -28.34161846380722594, 25.37803181733859503, 5.500000000000254907 ) ) ;
#666 = DIRECTION ( 'NONE',  ( 0.000000000000000000, 0.000000000000000000, -1.000000000000000000 ) ) ;
#667 = FACE_BOUND ( 'NONE', #2297, .T. ) ;
#668 = CARTESIAN_POINT ( 'NONE',  ( 0.000000000000000000, 0.000000000000000000, 0.000000000000000000 ) ) ;
#669 = ORIENTED_EDGE ( 'NONE', *, *, #2558, .F. ) ;
#670 = CARTESIAN_POINT ( 'NONE',  ( 19.76305649801739506, 31.99886031465207381, 3.500000000000254907 ) ) ;
#671 = LINE ( 'NONE', #712, #1098 ) ;
#672 = VERTEX_POINT ( 'NONE', #2418 ) ;
#673 = ORIENTED_EDGE ( 'NONE', *, *, #2497, .F. ) ;
#674 = CARTESIAN_POINT ( 'NONE',  ( -4.832232083118171317, -10.05694419705314324, 6.000000000000254907 ) ) ;
#675 = EDGE_CURVE ( 'NONE', #2701, #2680, #2212, .T. ) ;
#676 = ORIENTED_EDGE ( 'NONE', *, *, #908, .F. ) ;
#677 = EDGE_CURVE ( 'NONE', #739, #1128, #1243, .T. ) ;
#678 = CARTESIAN_POINT ( 'NONE',  ( -4.832232083118171317, -10.05694419705314324, 3.500000000000254463 ) ) ;
#679 = CARTESIAN_POINT ( 'NONE',  ( 0.000000000000000000, -2.567958942245283982, -8.159750702876424455 ) ) ;
#680 = ORIENTED_EDGE ( 'NONE', *, *, #2216, .F. ) ;
#681 = CARTESIAN_POINT ( 'NONE',  ( -28.34207081830833630, 25.37803181733859503, 3.500000000000254463 ) ) ;
#682 = VECTOR ( 'NONE', #221, 1000.000000000000000 ) ;
#683 = CARTESIAN_POINT ( 'NONE',  ( 17.42668493753810210, 9.628561104224484524, 13.50000000000025402 ) ) ;
#684 = AXIS2_PLACEMENT_3D ( 'NONE', #73, #2584, #1963 ) ;
#685 = ORIENTED_EDGE ( 'NONE', *, *, #593, .T. ) ;
#686 = FACE_BOUND ( 'NONE', #1967, .T. ) ;
#687 = VECTOR ( 'NONE', #2226, 1000.000000000000000 ) ;
#688 = EDGE_CURVE ( 'NONE', #631, #492, #1649, .T. ) ;
#689 = AXIS2_PLACEMENT_3D ( 'NONE', #2434, #736, #1377 ) ;
#690 = ORIENTED_EDGE ( 'NONE', *, *, #541, .T. ) ;
#691 = CARTESIAN_POINT ( 'NONE',  ( 24.35681727092423543, 28.38371126307810854, 6.000000000000254907 ) ) ;
#692 = AXIS2_PLACEMENT_3D ( 'NONE', #1939, #65, #1735 ) ;
#693 = EDGE_CURVE ( 'NONE', #1992, #404, #405, .T. ) ;
#694 = VECTOR ( 'NONE', #925, 1000.000000000000000 ) ;
#695 = DIRECTION ( 'NONE',  ( 0.000000000000000000, 1.000000000000000000, -0.000000000000000000 ) ) ;
#696 = LINE ( 'NONE', #1545, #697 ) ;
#697 = VECTOR ( 'NONE', #2165, 1000.000000000000000 ) ;
#698 = VERTEX_POINT ( 'NONE', #1053 ) ;
#699 = DIRECTION ( 'NONE',  ( 0.000000000000000000, 0.000000000000000000, 1.000000000000000000 ) ) ;
#700 = CARTESIAN_POINT ( 'NONE',  ( 26.27554745711413631, 26.47204648586428277, 5.500000000000254907 ) ) ;
#701 = DIRECTION ( 'NONE',  ( 1.000000000000000000, 0.000000000000000000, -0.000000000000000000 ) ) ;
#702 = ORIENTED_EDGE ( 'NONE', *, *, #1148, .F. ) ;
#703 = CARTESIAN_POINT ( 'NONE',  ( 0.000000000000000000, 0.000000000000000000, 13.50000000000025402 ) ) ;
#704 = EDGE_LOOP ( 'NONE', ( #1186, #2426, #2159, #1442, #1230, #1096, #2040, #2342 ) ) ;
#705 = FACE_OUTER_BOUND ( 'NONE', #2372, .T. ) ;
#706 = LINE ( 'NONE', #495, #82 ) ;
#707 = EDGE_CURVE ( 'NONE', #843, #1622, #229, .T. ) ;
#708 = LINE ( 'NONE', #2125, #1877 ) ;
#709 = CARTESIAN_POINT ( 'NONE',  ( -28.34161846380722238, 14.75666087085782507, 5.500000000000254907 ) ) ;
#710 = DIRECTION ( 'NONE',  ( -0.000000000000000000, -0.000000000000000000, 1.000000000000000000 ) ) ;
#711 = ADVANCED_FACE ( 'NONE', ( #1067 ), #1662, .F. ) ;
#712 = CARTESIAN_POINT ( 'NONE',  ( -23.21295638980803844, -36.49533803050918124, 5.500000000000254907 ) ) ;
#713 = EDGE_LOOP ( 'NONE', ( #1686, #1892, #2024, #1511, #2632, #1498, #2066, #2214, #2442, #2491, #1066 ) ) ;
#714 = LINE ( 'NONE', #1549, #644 ) ;
#715 = VERTEX_POINT ( 'NONE', #1675 ) ;
#716 = ORIENTED_EDGE ( 'NONE', *, *, #614, .T. ) ;
#717 = DIRECTION ( 'NONE',  ( -1.000000000000000000, -1.325961837620795774E-16, 0.000000000000000000 ) ) ;
#718 = DIRECTION ( 'NONE',  ( -0.000000000000000000, -0.000000000000000000, -1.000000000000000000 ) ) ;
#719 = DIRECTION ( 'NONE',  ( 0.000000000000000000, 0.000000000000000000, -1.000000000000000000 ) ) ;
#720 = EDGE_CURVE ( 'NONE', #611, #2495, #1499, .T. ) ;
#721 = DIRECTION ( 'NONE',  ( 1.280136741389589012E-16, -1.000000000000000000, 0.000000000000000000 ) ) ;
#722 = DIRECTION ( 'NONE',  ( 0.000000000000000000, -0.000000000000000000, -1.000000000000000000 ) ) ;
#723 = EDGE_CURVE ( 'NONE', #1198, #22, #242, .T. ) ;
#724 = ORIENTED_EDGE ( 'NONE', *, *, #1179, .F. ) ;
#725 = EDGE_LOOP ( 'NONE', ( #379, #811, #470, #551 ) ) ;
#726 = DIRECTION ( 'NONE',  ( 1.000000000000000000, 0.000000000000000000, 0.000000000000000000 ) ) ;
#727 = ORIENTED_EDGE ( 'NONE', *, *, #381, .F. ) ;
#728 = CARTESIAN_POINT ( 'NONE',  ( 15.80425832420069554, 9.628561104224484524, 13.50000000000025402 ) ) ;
#729 = VECTOR ( 'NONE', #1426, 1000.000000000000114 ) ;
#730 = CARTESIAN_POINT ( 'NONE',  ( -1.930905891345690906, -13.29805609406240841, 6.000000000000254907 ) ) ;
#731 = AXIS2_PLACEMENT_3D ( 'NONE', #2005, #2669, #798 ) ;
#732 = CARTESIAN_POINT ( 'NONE',  ( -23.21295638980803844, -27.74939533400519309, 3.500000000000254907 ) ) ;
#733 = VECTOR ( 'NONE', #1665, 1000.000000000000000 ) ;
#734 = AXIS2_PLACEMENT_3D ( 'NONE', #239, #2504, #2516 ) ;
#735 = CARTESIAN_POINT ( 'NONE',  ( 15.80425832420069554, 9.628561104224484524, 13.50000000000025402 ) ) ;
#736 = DIRECTION ( 'NONE',  ( -0.7058012767006035526, -0.7084098798067387515, 0.000000000000000000 ) ) ;
#737 = CARTESIAN_POINT ( 'NONE',  ( 0.000000000000000000, 0.000000000000000000, 13.50000000000025402 ) ) ;
#738 = VECTOR ( 'NONE', #192, 1000.000000000000114 ) ;
#739 = VERTEX_POINT ( 'NONE', #812 ) ;
#740 = VERTEX_POINT ( 'NONE', #2493 ) ;
#741 = FILL_AREA_STYLE ('',( #1155 ) ) ;
#742 = EDGE_CURVE ( 'NONE', #498, #1865, #1468, .T. ) ;
#743 = VERTEX_POINT ( 'NONE', #2131 ) ;
#744 = ORIENTED_EDGE ( 'NONE', *, *, #2355, .F. ) ;
#745 = DIRECTION ( 'NONE',  ( 1.000000000000000000, 0.000000000000000000, -0.000000000000000000 ) ) ;
#746 = DIRECTION ( 'NONE',  ( 1.000000000000000000, 0.000000000000000000, 0.000000000000000000 ) ) ;
#747 = EDGE_CURVE ( 'NONE', #1221, #1274, #433, .T. ) ;
#748 = ORIENTED_EDGE ( 'NONE', *, *, #1811, .F. ) ;
#749 = LINE ( 'NONE', #1389, #518 ) ;
#750 = CARTESIAN_POINT ( 'NONE',  ( -23.19584199159677596, 33.50704633327629978, 18.50000000000025224 ) ) ;
#751 = CARTESIAN_POINT ( 'NONE',  ( 17.42668493753810210, -27.73684457774396250, 3.500000000000254463 ) ) ;
#752 = CARTESIAN_POINT ( 'NONE',  ( -7.733558274890649287, -13.29805609406241018, 6.000000000000254907 ) ) ;
#753 = CYLINDRICAL_SURFACE ( 'NONE', #1816, 4.349999999999999645 ) ;
#754 = EDGE_CURVE ( 'NONE', #1487, #1168, #1646, .T. ) ;
#755 = ORIENTED_EDGE ( 'NONE', *, *, #127, .T. ) ;
#756 = ORIENTED_EDGE ( 'NONE', *, *, #1647, .F. ) ;
#757 = CARTESIAN_POINT ( 'NONE',  ( 12.27641530783898993, 33.50704633327629978, 5.500000000000254907 ) ) ;
#758 = LINE ( 'NONE', #2588, #2232 ) ;
#759 = EDGE_CURVE ( 'NONE', #1937, #698, #2699, .T. ) ;
#760 = LINE ( 'NONE', #1584, #1565 ) ;
#761 = DIRECTION ( 'NONE',  ( -0.000000000000000000, -0.000000000000000000, 1.000000000000000000 ) ) ;
#762 = DIRECTION ( 'NONE',  ( -1.000000000000000000, 0.000000000000000000, 0.000000000000000000 ) ) ;
#763 = CARTESIAN_POINT ( 'NONE',  ( 26.27554745711414341, 9.628561104224484524, 3.500000000000254463 ) ) ;
#764 = LINE ( 'NONE', #2022, #1955 ) ;
#765 = AXIS2_PLACEMENT_3D ( 'NONE', #1187, #1561, #2611 ) ;
#766 = ORIENTED_EDGE ( 'NONE', *, *, #544, .F. ) ;
#767 = ORIENTED_EDGE ( 'NONE', *, *, #998, .T. ) ;
#768 = LINE ( 'NONE', #368, #2311 ) ;
#769 = CARTESIAN_POINT ( 'NONE',  ( 15.80425832420069554, -29.30011630742320605, 5.500000000000254907 ) ) ;
#770 = CIRCLE ( 'NONE', #1301, 3.499999999999999556 ) ;
#771 = EDGE_CURVE ( 'NONE', #2285, #2694, #612, .T. ) ;
#772 = AXIS2_PLACEMENT_3D ( 'NONE', #2199, #2599, #1898 ) ;
#773 = EDGE_LOOP ( 'NONE', ( #501, #461, #680, #2294 ) ) ;
#774 = CARTESIAN_POINT ( 'NONE',  ( -15.78115606453544828, -1.697238478191880734E-15, 3.500000000000254463 ) ) ;
#775 = EDGE_CURVE ( 'NONE', #1128, #404, #1295, .T. ) ;
#776 = VECTOR ( 'NONE', #486, 1000.000000000000000 ) ;
#777 = CIRCLE ( 'NONE', #1740, 2.884907527397808202 ) ;
#778 = CARTESIAN_POINT ( 'NONE',  ( -2.884907527397808202, -2.567958942245283538, -8.159750702876424455 ) ) ;
#779 = CARTESIAN_POINT ( 'NONE',  ( -19.48849902806611212, 31.07466458926504060, 3.500000000000254907 ) ) ;
#780 = VECTOR ( 'NONE', #1465, 1000.000000000000000 ) ;
#781 = VERTEX_POINT ( 'NONE', #2388 ) ;
#782 = ORIENTED_EDGE ( 'NONE', *, *, #2511, .F. ) ;
#783 = LINE ( 'NONE', #1169, #1695 ) ;
#784 = ORIENTED_EDGE ( 'NONE', *, *, #1116, .T. ) ;
#785 = ORIENTED_EDGE ( 'NONE', *, *, #1136, .F. ) ;
#786 = PLANE ( 'NONE',  #603 ) ;
#787 = PRODUCT_DEFINITION_CONTEXT ( 'detailed design', #1010, 'design' ) ;
#788 = CARTESIAN_POINT ( 'NONE',  ( 15.80425832420069554, 4.209897802172800851, 13.50000000000025402 ) ) ;
#789 = ORIENTED_EDGE ( 'NONE', *, *, #1392, .F. ) ;
#790 = DIRECTION ( 'NONE',  ( -0.000000000000000000, -1.000000000000000000, -0.000000000000000000 ) ) ;
#791 = EDGE_CURVE ( 'NONE', #966, #2505, #67, .T. ) ;
#792 = DIRECTION ( 'NONE',  ( -1.000000000000000000, -1.325961837620795774E-16, 0.000000000000000000 ) ) ;
#793 = DIRECTION ( 'NONE',  ( 0.000000000000000000, 1.000000000000000000, -0.000000000000000000 ) ) ;
#794 = CARTESIAN_POINT ( 'NONE',  ( -27.73412134584282995, -24.73533803050917967, -8.159750702876424455 ) ) ;
#795 = ADVANCED_FACE ( 'NONE', ( #1144, #686, #922, #1765, #2160 ), #1130, .T. ) ;
#796 = ORIENTED_EDGE ( 'NONE', *, *, #1698, .F. ) ;
#797 = CYLINDRICAL_SURFACE ( 'NONE', #1908, 1.469701195442388197 ) ;
#798 = DIRECTION ( 'NONE',  ( -0.000000000000000000, 0.000000000000000000, -1.000000000000000000 ) ) ;
#799 = ORIENTED_EDGE ( 'NONE', *, *, #2106, .F. ) ;
#800 = CARTESIAN_POINT ( 'NONE',  ( -2.615539500464059142, -12.76549989963823784, 5.500000000000254907 ) ) ;
#801 =( BOUNDED_CURVE ( )  B_SPLINE_CURVE ( 3, ( #1151, #575, #1353, #321 ),
 .UNSPECIFIED., .F., .T. ) 
 B_SPLINE_CURVE_WITH_KNOTS ( ( 4, 4 ),
 ( 1.343745706872400802, 1.347090176687217644 ),
 .UNSPECIFIED. ) 
 CURVE ( )  GEOMETRIC_REPRESENTATION_ITEM ( )  RATIONAL_B_SPLINE_CURVE ( ( 1.000000000000000000, 0.9999990678770220853, 0.9999990678770220853, 1.000000000000000000 ) ) 
 REPRESENTATION_ITEM ( '' )  );
#802 = ORIENTED_EDGE ( 'NONE', *, *, #182, .T. ) ;
#803 = DIRECTION ( 'NONE',  ( -1.000000000000000000, -1.636130704980173307E-16, -0.000000000000000000 ) ) ;
#804 = DIRECTION ( 'NONE',  ( 0.000000000000000000, 1.000000000000000000, 0.000000000000000000 ) ) ;
#805 = DIRECTION ( 'NONE',  ( -0.000000000000000000, -0.000000000000000000, 1.000000000000000000 ) ) ;
#806 = CARTESIAN_POINT ( 'NONE',  ( 17.42668493753810210, -24.56742071713507158, 5.500000000000254907 ) ) ;
#807 = EDGE_CURVE ( 'NONE', #256, #244, #342, .T. ) ;
#808 = CARTESIAN_POINT ( 'NONE',  ( 0.000000000000000000, 0.000000000000000000, 0.000000000000000000 ) ) ;
#809 = DIRECTION ( 'NONE',  ( 0.000000000000000000, -1.000000000000000000, 0.000000000000000000 ) ) ;
#810 = ADVANCED_FACE ( 'NONE', ( #324 ), #509, .F. ) ;
#811 = ORIENTED_EDGE ( 'NONE', *, *, #266, .T. ) ;
#812 = CARTESIAN_POINT ( 'NONE',  ( 26.27554745711413631, 19.16617699716827872, 5.500000000000254907 ) ) ;
#813 = ORIENTED_EDGE ( 'NONE', *, *, #2679, .T. ) ;
#814 = ORIENTED_EDGE ( 'NONE', *, *, #2642, .F. ) ;
#815 = DIRECTION ( 'NONE',  ( 0.7893168006099253731, -0.6139861466473907070, 0.000000000000000000 ) ) ;
#816 = VECTOR ( 'NONE', #247, 1000.000000000000000 ) ;
#817 = LINE ( 'NONE', #2100, #682 ) ;
#818 = DIRECTION ( 'NONE',  ( -0.000000000000000000, -0.000000000000000000, 1.000000000000000000 ) ) ;
#819 = VECTOR ( 'NONE', #2686, 1000.000000000000000 ) ;
#820 = LINE ( 'NONE', #1655, #568 ) ;
#821 = VECTOR ( 'NONE', #1902, 1000.000000000000000 ) ;
#822 = ORIENTED_EDGE ( 'NONE', *, *, #2381, .T. ) ;
#823 = DIRECTION ( 'NONE',  ( -0.000000000000000000, 1.000000000000000000, -0.000000000000000000 ) ) ;
#824 = AXIS2_PLACEMENT_3D ( 'NONE', #1595, #1982, #1787 ) ;
#825 = CIRCLE ( 'NONE', #2058, 2.884907527397808202 ) ;
#826 = VERTEX_POINT ( 'NONE', #933 ) ;
#827 = ORIENTED_EDGE ( 'NONE', *, *, #1660, .T. ) ;
#828 = DIRECTION ( 'NONE',  ( -1.000000000000000000, -0.000000000000000000, -0.000000000000000000 ) ) ;
#829 = EDGE_CURVE ( 'NONE', #2638, #1854, #1341, .T. ) ;
#830 = AXIS2_PLACEMENT_3D ( 'NONE', #2222, #2451, #1197 ) ;
#831 = ADVANCED_FACE ( 'NONE', ( #2365 ), #2547, .F. ) ;
#832 = CARTESIAN_POINT ( 'NONE',  ( 0.000000000000000000, 0.000000000000000000, 5.500000000000254907 ) ) ;
#833 = CARTESIAN_POINT ( 'NONE',  ( 26.27883179831746219, -29.30011630742320605, 13.50000000000025402 ) ) ;
#834 = DIRECTION ( 'NONE',  ( 0.000000000000000000, -0.000000000000000000, 1.000000000000000000 ) ) ;
#835 = CARTESIAN_POINT ( 'NONE',  ( -15.78115606453545183, 14.75666087085782507, 18.50000000000025224 ) ) ;
#836 = ORIENTED_EDGE ( 'NONE', *, *, #182, .F. ) ;
#837 = DIRECTION ( 'NONE',  ( 0.002105342566206879189, 0.9999977837638835965, 0.000000000000000000 ) ) ;
#838 = LINE ( 'NONE', #2306, #1132 ) ;
#839 = PLANE ( 'NONE',  #734 ) ;
#840 = ORIENTED_EDGE ( 'NONE', *, *, #346, .F. ) ;
#841 = ORIENTED_EDGE ( 'NONE', *, *, #1081, .F. ) ;
#842 = EDGE_CURVE ( 'NONE', #2586, #1106, #1260, .T. ) ;
#843 = VERTEX_POINT ( 'NONE', #1936 ) ;
#844 = FACE_OUTER_BOUND ( 'NONE', #1445, .T. ) ;
#845 = ADVANCED_FACE ( 'NONE', ( #297 ), #283, .F. ) ;
#846 = CARTESIAN_POINT ( 'NONE',  ( 20.10804646543001084, 32.61683666746147026, 3.500000000000254907 ) ) ;
#847 = DIRECTION ( 'NONE',  ( 0.000000000000000000, 0.000000000000000000, -1.000000000000000000 ) ) ;
#848 = ORIENTED_EDGE ( 'NONE', *, *, #2073, .T. ) ;
#849 = DIRECTION ( 'NONE',  ( 0.000000000000000000, 0.000000000000000000, -1.000000000000000000 ) ) ;
#850 = DIRECTION ( 'NONE',  ( -0.000000000000000000, 0.000000000000000000, 1.000000000000000000 ) ) ;
#851 = CARTESIAN_POINT ( 'NONE',  ( -28.34207081830833630, 0.000000000000000000, 3.500000000000254463 ) ) ;
#852 = EDGE_LOOP ( 'NONE', ( #363, #2096, #416, #569 ) ) ;
#853 = VERTEX_POINT ( 'NONE', #1947 ) ;
#854 = DIRECTION ( 'NONE',  ( 0.000000000000000000, -1.000000000000000000, 0.000000000000000000 ) ) ;
#855 = ORIENTED_EDGE ( 'NONE', *, *, #626, .T. ) ;
#856 = CARTESIAN_POINT ( 'NONE',  ( -23.21295638980803844, 25.37803181733859503, 3.500000000000254907 ) ) ;
#857 = EDGE_CURVE ( 'NONE', #595, #1279, #714, .T. ) ;
#858 = PLANE ( 'NONE',  #1559 ) ;
#859 = FACE_OUTER_BOUND ( 'NONE', #2377, .T. ) ;
#860 = ADVANCED_FACE ( 'NONE', ( #100 ), #472, .F. ) ;
#861 = LINE ( 'NONE', #2281, #483 ) ;
#862 = VECTOR ( 'NONE', #1419, 1000.000000000000000 ) ;
#863 = ORIENTED_EDGE ( 'NONE', *, *, #1299, .T. ) ;
#864 = AXIS2_PLACEMENT_3D ( 'NONE', #1288, #2317, #439 ) ;
#865 = LINE ( 'NONE', #269, #341 ) ;
#866 = PLANE ( 'NONE',  #259 ) ;
#867 = CARTESIAN_POINT ( 'NONE',  ( -28.34161846380722238, 14.75666087085782507, 18.50000000000025224 ) ) ;
#868 = VECTOR ( 'NONE', #506, 1000.000000000000000 ) ;
#869 = EDGE_LOOP ( 'NONE', ( #766, #1514, #2661, #883 ) ) ;
#870 = CIRCLE ( 'NONE', #1224, 5.250000000000000000 ) ;
#871 = VECTOR ( 'NONE', #468, 1000.000000000000000 ) ;
#872 = ORIENTED_EDGE ( 'NONE', *, *, #2467, .T. ) ;
#873 = FACE_OUTER_BOUND ( 'NONE', #891, .T. ) ;
#874 = CIRCLE ( 'NONE', #1, 3.499999999999999556 ) ;
#875 = CARTESIAN_POINT ( 'NONE',  ( -29.37216914772753640, -24.73533803050917967, 3.500000000000254907 ) ) ;
#876 = DIRECTION ( 'NONE',  ( 0.000000000000000000, 1.000000000000000000, 0.000000000000000000 ) ) ;
#877 = CARTESIAN_POINT ( 'NONE',  ( -2.511174298210562483, -13.29805609406240841, 5.500000000000254907 ) ) ;
#878 = EDGE_CURVE ( 'NONE', #2110, #1865, #1562, .T. ) ;
#879 = ORIENTED_EDGE ( 'NONE', *, *, #878, .T. ) ;
#880 = CARTESIAN_POINT ( 'NONE',  ( -4.832232083118171317, -10.05694419705314324, 3.500000000000254463 ) ) ;
#881 = CARTESIAN_POINT ( 'NONE',  ( 19.76305649801740927, 31.99886031465207381, 5.500000000000254907 ) ) ;
#882 = ADVANCED_FACE ( 'NONE', ( #906 ), #1540, .F. ) ;
#883 = ORIENTED_EDGE ( 'NONE', *, *, #530, .T. ) ;
#884 = DIRECTION ( 'NONE',  ( -1.000000000000000000, -1.325961837620795774E-16, 0.000000000000000000 ) ) ;
#885 = EDGE_LOOP ( 'NONE', ( #1153, #2572, #2020, #1645 ) ) ;
#886 = CARTESIAN_POINT ( 'NONE',  ( -31.38207081830833545, 17.27078668038027232, 3.500000000000254463 ) ) ;
#887 = DIRECTION ( 'NONE',  ( -0.000000000000000000, -0.000000000000000000, -1.000000000000000000 ) ) ;
#888 = ORIENTED_EDGE ( 'NONE', *, *, #151, .T. ) ;
#889 = CARTESIAN_POINT ( 'NONE',  ( -27.15895618077229656, -13.29805609406241196, 5.500000000000254907 ) ) ;
#890 = EDGE_CURVE ( 'NONE', #1650, #1721, #1719, .T. ) ;
#891 = EDGE_LOOP ( 'NONE', ( #426, #2171, #649, #37 ) ) ;
#892 = ORIENTED_EDGE ( 'NONE', *, *, #2089, .F. ) ;
#893 = LINE ( 'NONE', #1729, #2094 ) ;
#894 = EDGE_CURVE ( 'NONE', #143, #1108, #893, .T. ) ;
#895 = ORIENTED_EDGE ( 'NONE', *, *, #978, .F. ) ;
#896 = CARTESIAN_POINT ( 'NONE',  ( 0.000000000000000000, 19.16617699716827872, 3.500000000000254463 ) ) ;
#897 = CARTESIAN_POINT ( 'NONE',  ( -28.34161846380722594, 25.37803181733859503, 18.50000000000025224 ) ) ;
#898 = DIRECTION ( 'NONE',  ( 0.7893168006099126055, 0.6139861466474072493, 0.000000000000000000 ) ) ;
#899 = ORIENTED_EDGE ( 'NONE', *, *, #365, .T. ) ;
#900 = CARTESIAN_POINT ( 'NONE',  ( 14.36421283421360151, -31.90667106098782213, 3.500000000000254907 ) ) ;
#901 = VECTOR ( 'NONE', #139, 1000.000000000000000 ) ;
#902 = PLANE ( 'NONE',  #1831 ) ;
#903 = VECTOR ( 'NONE', #395, 1000.000000000000000 ) ;
#904 = ORIENTED_EDGE ( 'NONE', *, *, #1408, .F. ) ;
#905 = VERTEX_POINT ( 'NONE', #973 ) ;
#906 = FACE_OUTER_BOUND ( 'NONE', #624, .T. ) ;
#907 = VECTOR ( 'NONE', #2043, 1000.000000000000000 ) ;
#908 = EDGE_CURVE ( 'NONE', #1721, #743, #1805, .T. ) ;
#909 = VECTOR ( 'NONE', #996, 1000.000000000000000 ) ;
#910 = ORIENTED_EDGE ( 'NONE', *, *, #445, .T. ) ;
#911 = ORIENTED_EDGE ( 'NONE', *, *, #431, .T. ) ;
#912 = AXIS2_PLACEMENT_3D ( 'NONE', #2246, #1826, #660 ) ;
#913 = EDGE_CURVE ( 'NONE', #2628, #1650, #377, .T. ) ;
#914 = VECTOR ( 'NONE', #1166, 1000.000000000000000 ) ;
#915 = PLANE ( 'NONE',  #2704 ) ;
#916 = DIRECTION ( 'NONE',  ( 0.000000000000000000, 0.000000000000000000, 1.000000000000000000 ) ) ;
#917 = VERTEX_POINT ( 'NONE', #2253 ) ;
#918 = CARTESIAN_POINT ( 'NONE',  ( -29.37216914772753640, -24.73533803050917967, -8.159750702876424455 ) ) ;
#919 = CARTESIAN_POINT ( 'NONE',  ( -15.78115606453545183, 33.50704633327629978, 3.500000000000254463 ) ) ;
#920 = CARTESIAN_POINT ( 'NONE',  ( -15.78115606453545183, 31.07466458926504060, 0.000000000000000000 ) ) ;
#921 = ORIENTED_EDGE ( 'NONE', *, *, #1859, .F. ) ;
#922 = FACE_BOUND ( 'NONE', #466, .T. ) ;
#923 = ORIENTED_EDGE ( 'NONE', *, *, #2626, .T. ) ;
#924 = DIRECTION ( 'NONE',  ( -1.000000000000000000, 0.000000000000000000, 0.000000000000000000 ) ) ;
#925 = DIRECTION ( 'NONE',  ( -0.000000000000000000, -0.000000000000000000, 1.000000000000000000 ) ) ;
#926 = EDGE_CURVE ( 'NONE', #46, #2701, #1424, .T. ) ;
#927 = CARTESIAN_POINT ( 'NONE',  ( 24.11166736146259026, 28.62795844823632052, 5.500000000000254907 ) ) ;
#928 = EDGE_CURVE ( 'NONE', #2638, #2586, #764, .T. ) ;
#929 = LINE ( 'NONE', #2145, #2178 ) ;
#930 = LINE ( 'NONE', #1715, #519 ) ;
#931 = EDGE_LOOP ( 'NONE', ( #1201, #457, #2045, #1285 ) ) ;
#932 = ORIENTED_EDGE ( 'NONE', *, *, #1162, .T. ) ;
#933 = CARTESIAN_POINT ( 'NONE',  ( -28.34161846380722238, 14.75666087085782507, 18.50000000000025224 ) ) ;
#934 = EDGE_LOOP ( 'NONE', ( #2313, #2068, #892, #2021 ) ) ;
#935 = CARTESIAN_POINT ( 'NONE',  ( -29.37216914772753640, -24.73533803050917967, 0.000000000000000000 ) ) ;
#936 = LINE ( 'NONE', #1784, #83 ) ;
#937 = CARTESIAN_POINT ( 'NONE',  ( 21.63307053910937228, 0.000000000000000000, 3.500000000000254463 ) ) ;
#938 = ADVANCED_FACE ( 'NONE', ( #1188 ), #1820, .F. ) ;
#939 = CARTESIAN_POINT ( 'NONE',  ( 15.64602668727106760, 28.50704633327629978, 6.000000000000254907 ) ) ;
#940 = CARTESIAN_POINT ( 'NONE',  ( -23.19584199159677596, 33.50704633327629267, 5.500000000000254907 ) ) ;
#941 = ORIENTED_EDGE ( 'NONE', *, *, #2320, .T. ) ;
#942 = DIRECTION ( 'NONE',  ( 1.636130704980173554E-16, -1.000000000000000000, 0.000000000000000000 ) ) ;
#943 = DIRECTION ( 'NONE',  ( -0.000000000000000000, -0.000000000000000000, -1.000000000000000000 ) ) ;
#944 = VECTOR ( 'NONE', #1873, 1000.000000000000000 ) ;
#945 = EDGE_LOOP ( 'NONE', ( #1510, #904 ) ) ;
#946 = VERTEX_POINT ( 'NONE', #1199 ) ;
#947 = PLANE ( 'NONE',  #555 ) ;
#948 = VECTOR ( 'NONE', #2428, 1000.000000000000000 ) ;
#949 = DIRECTION ( 'NONE',  ( -0.7893168006099254841, 0.6139861466473907070, 0.000000000000000000 ) ) ;
#950 = VECTOR ( 'NONE', #710, 1000.000000000000000 ) ;
#951 = CARTESIAN_POINT ( 'NONE',  ( 24.11166736146259026, 28.62795844823632052, 3.500000000000254907 ) ) ;
#952 = AXIS2_PLACEMENT_3D ( 'NONE', #2261, #1842, #2330 ) ;
#953 = CARTESIAN_POINT ( 'NONE',  ( -23.21295638980803844, 25.37803181733859503, 5.500000000000254907 ) ) ;
#954 = CARTESIAN_POINT ( 'NONE',  ( -15.78115606453545183, 31.07466458926504060, -4.434058276324247316 ) ) ;
#955 = LINE ( 'NONE', #2607, #1923 ) ;
#956 = VECTOR ( 'NONE', #1599, 1000.000000000000000 ) ;
#957 = EDGE_CURVE ( 'NONE', #33, #2638, #2649, .T. ) ;
#958 = ORIENTED_EDGE ( 'NONE', *, *, #460, .T. ) ;
#959 = DIRECTION ( 'NONE',  ( -1.000000000000000000, 0.000000000000000000, 0.000000000000000000 ) ) ;
#960 = SURFACE_STYLE_USAGE ( .BOTH. , #2209 ) ;
#961 = EDGE_CURVE ( 'NONE', #323, #1901, #783, .T. ) ;
#962 = VERTEX_POINT ( 'NONE', #2653 ) ;
#963 = ORIENTED_EDGE ( 'NONE', *, *, #1881, .F. ) ;
#964 = CARTESIAN_POINT ( 'NONE',  ( 17.42668493753810210, -27.77046216421287994, 13.50000000000025402 ) ) ;
#965 = LINE ( 'NONE', #2011, #2362 ) ;
#966 = VERTEX_POINT ( 'NONE', #2414 ) ;
#967 = CARTESIAN_POINT ( 'NONE',  ( 1.763271489526741125E-15, -13.29805609406240841, 5.500000000000254907 ) ) ;
#968 = LINE ( 'NONE', #735, #2517 ) ;
#969 = DIRECTION ( 'NONE',  ( 1.000000000000000000, 0.000000000000000000, -0.000000000000000000 ) ) ;
#970 = DIRECTION ( 'NONE',  ( -0.6139861466474072493, 0.7893168006099126055, 0.000000000000000000 ) ) ;
#971 = ORIENTED_EDGE ( 'NONE', *, *, #2034, .F. ) ;
#972 = ORIENTED_EDGE ( 'NONE', *, *, #164, .T. ) ;
#973 = CARTESIAN_POINT ( 'NONE',  ( -28.34207081830833630, 17.27078668038027232, 5.500000000000254907 ) ) ;
#974 = EDGE_CURVE ( 'NONE', #91, #2110, #2455, .T. ) ;
#975 = ORIENTED_EDGE ( 'NONE', *, *, #2141, .T. ) ;
#976 = EDGE_LOOP ( 'NONE', ( #2166, #1918, #1727, #2482, #2556, #2338, #2193, #1400, #2326, #1438, #2133, #2420, #676, #1978, #1602, #827, #1987, #213, #1417, #1233, #394, #99, #255, #1823, #585, #840, #2050, #1022 ) ) ;
#977 = FACE_OUTER_BOUND ( 'NONE', #538, .T. ) ;
#978 = EDGE_CURVE ( 'NONE', #1374, #2427, #364, .T. ) ;
#979 = CARTESIAN_POINT ( 'NONE',  ( -27.15895618077229656, -13.29805609406241196, 3.500000000000254463 ) ) ;
#980 = VERTEX_POINT ( 'NONE', #1838 ) ;
#981 = DIRECTION ( 'NONE',  ( 0.000000000000000000, -1.000000000000000000, 0.000000000000000000 ) ) ;
#982 = CARTESIAN_POINT ( 'NONE',  ( -4.927943923475824661, -0.9657306959382057077, 3.500000000000254907 ) ) ;
#983 = LINE ( 'NONE', #1182, #559 ) ;
#984 = LINE ( 'NONE', #1815, #914 ) ;
#985 = EDGE_LOOP ( 'NONE', ( #2400, #669, #1634, #194 ) ) ;
#986 = DIRECTION ( 'NONE',  ( -0.000000000000000000, 1.000000000000000000, -0.000000000000000000 ) ) ;
#987 = CARTESIAN_POINT ( 'NONE',  ( -2.615539500464059142, -12.76549989963823784, 6.000000000000254907 ) ) ;
#988 = ORIENTED_EDGE ( 'NONE', *, *, #2645, .T. ) ;
#989 = ORIENTED_EDGE ( 'NONE', *, *, #720, .T. ) ;
#990 = FACE_OUTER_BOUND ( 'NONE', #491, .T. ) ;
#991 = CARTESIAN_POINT ( 'NONE',  ( 15.80425832420069554, -29.30011630742320605, 13.50000000000025402 ) ) ;
#992 = AXIS2_PLACEMENT_3D ( 'NONE', #808, #699, #1125 ) ;
#993 = EDGE_CURVE ( 'NONE', #2008, #1650, #2266, .T. ) ;
#994 = VECTOR ( 'NONE', #1893, 1000.000000000000000 ) ;
#995 = EDGE_LOOP ( 'NONE', ( #489, #1193, #848, #294, #1945 ) ) ;
#996 = DIRECTION ( 'NONE',  ( 0.000000000000000000, -1.000000000000000000, 0.000000000000000000 ) ) ;
#997 = COLOUR_RGB ( '',0.7921568627450980005, 0.8196078431372548767, 0.9333333333333333481 ) ;
#998 = EDGE_CURVE ( 'NONE', #1676, #740, #2425, .T. ) ;
#999 = AXIS2_PLACEMENT_3D ( 'NONE', #679, #1314, #2152 ) ;
#1000 = DIRECTION ( 'NONE',  ( 0.000000000000000000, 0.000000000000000000, -1.000000000000000000 ) ) ;
#1001 = CARTESIAN_POINT ( 'NONE',  ( 15.80425832420069554, -24.56742071713507158, 5.500000000000254907 ) ) ;
#1002 = LINE ( 'NONE', #794, #1351 ) ;
#1003 = AXIS2_PLACEMENT_3D ( 'NONE', #493, #262, #2561 ) ;
#1004 = ORIENTED_EDGE ( 'NONE', *, *, #2341, .T. ) ;
#1005 = VERTEX_POINT ( 'NONE', #113 ) ;
#1006 = VECTOR ( 'NONE', #2349, 1000.000000000000000 ) ;
#1007 = VERTEX_POINT ( 'NONE', #2612 ) ;
#1008 = VERTEX_POINT ( 'NONE', #2048 ) ;
#1009 = LINE ( 'NONE', #800, #2137 ) ;
#1010 = APPLICATION_CONTEXT ( 'automotive_design' ) ;
#1011 = ORIENTED_EDGE ( 'NONE', *, *, #2432, .T. ) ;
#1012 = LINE ( 'NONE', #1651, #2147 ) ;
#1013 = ADVANCED_FACE ( 'NONE', ( #171 ), #1381, .F. ) ;
#1014 = LINE ( 'NONE', #2279, #1258 ) ;
#1015 = DIRECTION ( 'NONE',  ( 0.000000000000000000, 0.000000000000000000, 1.000000000000000000 ) ) ;
#1016 = EDGE_CURVE ( 'NONE', #2062, #542, #1368, .T. ) ;
#1017 = DIRECTION ( 'NONE',  ( 0.000000000000000000, 0.000000000000000000, 1.000000000000000000 ) ) ;
#1018 = ORIENTED_EDGE ( 'NONE', *, *, #1593, .F. ) ;
#1019 = FACE_OUTER_BOUND ( 'NONE', #29, .T. ) ;
#1020 = ORIENTED_EDGE ( 'NONE', *, *, #494, .T. ) ;
#1021 = CARTESIAN_POINT ( 'NONE',  ( 26.27554745711413631, 22.35521482882545641, 3.500000000000254907 ) ) ;
#1022 = ORIENTED_EDGE ( 'NONE', *, *, #2614, .T. ) ;
#1023 = ORIENTED_EDGE ( 'NONE', *, *, #190, .F. ) ;
#1024 = CARTESIAN_POINT ( 'NONE',  ( -4.832232083118171317, -10.05694419705314324, 6.000000000000254907 ) ) ;
#1025 = CARTESIAN_POINT ( 'NONE',  ( 17.42668493753810210, 4.209897802172800851, 5.500000000000254907 ) ) ;
#1026 = DIRECTION ( 'NONE',  ( 0.000000000000000000, 0.000000000000000000, 1.000000000000000000 ) ) ;
#1027 = DIRECTION ( 'NONE',  ( 1.000000000000000000, 0.000000000000000000, 0.000000000000000000 ) ) ;
#1028 = MANIFOLD_SOLID_BREP ( 'Boss-Extrude24', #549 ) ;
#1029 = EDGE_CURVE ( 'NONE', #1146, #2501, #838, .T. ) ;
#1030 = VERTEX_POINT ( 'NONE', #592 ) ;
#1031 = DIRECTION ( 'NONE',  ( 1.000000000000000000, 0.000000000000000000, 0.000000000000000000 ) ) ;
#1032 = CARTESIAN_POINT ( 'NONE',  ( -2.884907527397808202, -2.567958942245283538, 0.000000000000000000 ) ) ;
#1033 = EDGE_CURVE ( 'NONE', #156, #2586, #1223, .T. ) ;
#1034 = ORIENTED_EDGE ( 'NONE', *, *, #1205, .T. ) ;
#1035 = ORIENTED_EDGE ( 'NONE', *, *, #2023, .F. ) ;
#1036 = ORIENTED_EDGE ( 'NONE', *, *, #1543, .T. ) ;
#1037 = VECTOR ( 'NONE', #2187, 1000.000000000000000 ) ;
#1038 = DIRECTION ( 'NONE',  ( 0.000000000000000000, 0.000000000000000000, -1.000000000000000000 ) ) ;
#1039 = AXIS2_PLACEMENT_3D ( 'NONE', #703, #1526, #89 ) ;
#1040 = LINE ( 'NONE', #2498, #1170 ) ;
#1041 = DIRECTION ( 'NONE',  ( 0.000000000000000000, 1.000000000000000000, 0.000000000000000000 ) ) ;
#1042 = VECTOR ( 'NONE', #1972, 1000.000000000000000 ) ;
#1043 = DIRECTION ( 'NONE',  ( -0.000000000000000000, -0.000000000000000000, -1.000000000000000000 ) ) ;
#1044 = AXIS2_PLACEMENT_3D ( 'NONE', #2248, #371, #330 ) ;
#1045 = EDGE_LOOP ( 'NONE', ( #1272, #2574 ) ) ;
#1046 = CARTESIAN_POINT ( 'NONE',  ( 26.27554745711413631, 26.47204648586428277, 5.500000000000254907 ) ) ;
#1047 = CARTESIAN_POINT ( 'NONE',  ( 20.00229512255086206, 28.50704633327629978, 6.000000000000254907 ) ) ;
#1048 = ADVANCED_FACE ( 'NONE', ( #19 ), #632, .F. ) ;
#1049 = VECTOR ( 'NONE', #2027, 1000.000000000000000 ) ;
#1050 = VECTOR ( 'NONE', #1810, 1000.000000000000000 ) ;
#1051 = ORIENTED_EDGE ( 'NONE', *, *, #1200, .T. ) ;
#1052 = ORIENTED_EDGE ( 'NONE', *, *, #1730, .F. ) ;
#1053 = CARTESIAN_POINT ( 'NONE',  ( -22.03115606453544828, 33.50704633327629267, 6.427351523821688062 ) ) ;
#1054 = EDGE_CURVE ( 'NONE', #1403, #312, #1267, .T. ) ;
#1055 = VECTOR ( 'NONE', #1324, 1000.000000000000000 ) ;
#1056 = EDGE_LOOP ( 'NONE', ( #488, #206, #923, #1924 ) ) ;
#1057 = LINE ( 'NONE', #166, #2707 ) ;
#1058 = DIRECTION ( 'NONE',  ( -1.000000000000000000, -1.636130704980173307E-16, -0.000000000000000000 ) ) ;
#1059 = LINE ( 'NONE', #1449, #1309 ) ;
#1060 = LINE ( 'NONE', #806, #87 ) ;
#1061 = EDGE_LOOP ( 'NONE', ( #2132, #2656, #1631, #525 ) ) ;
#1062 = DIRECTION ( 'NONE',  ( 1.000000000000000000, 0.000000000000000000, 0.000000000000000000 ) ) ;
#1063 = PLANE ( 'NONE',  #216 ) ;
#1064 = ADVANCED_FACE ( 'NONE', ( #1495 ), #1684, .F. ) ;
#1065 = VERTEX_POINT ( 'NONE', #1032 ) ;
#1066 = ORIENTED_EDGE ( 'NONE', *, *, #1461, .F. ) ;
#1067 = FACE_OUTER_BOUND ( 'NONE', #241, .T. ) ;
#1068 = EDGE_CURVE ( 'NONE', #1108, #1851, #2104, .T. ) ;
#1069 = ORIENTED_EDGE ( 'NONE', *, *, #246, .F. ) ;
#1070 = CARTESIAN_POINT ( 'NONE',  ( 17.42792918169166327, -29.30011630742320605, 5.500000000000254907 ) ) ;
#1071 = CARTESIAN_POINT ( 'NONE',  ( 19.86289655596839054, 32.86108385261967868, 5.500000000000254907 ) ) ;
#1072 = LINE ( 'NONE', #1899, #350 ) ;
#1073 = DIRECTION ( 'NONE',  ( 1.000000000000000000, 0.000000000000000000, -0.000000000000000000 ) ) ;
#1074 = ORIENTED_EDGE ( 'NONE', *, *, #365, .F. ) ;
#1075 = CARTESIAN_POINT ( 'NONE',  ( 26.27883179831746219, -27.77046216421287994, 13.50000000000025402 ) ) ;
#1076 = DIRECTION ( 'NONE',  ( 1.000000000000000000, 0.000000000000000000, 0.000000000000000000 ) ) ;
#1077 = ORIENTED_EDGE ( 'NONE', *, *, #688, .F. ) ;
#1078 = DIRECTION ( 'NONE',  ( 1.000000000000000000, 0.000000000000000000, 0.000000000000000000 ) ) ;
#1079 = EDGE_LOOP ( 'NONE', ( #2247, #1316, #673, #1520 ) ) ;
#1080 = DIRECTION ( 'NONE',  ( -1.000000000000000000, 0.000000000000000000, 0.000000000000000000 ) ) ;
#1081 = EDGE_CURVE ( 'NONE', #88, #1409, #402, .T. ) ;
#1082 = DIRECTION ( 'NONE',  ( -1.325961837620795774E-16, 1.000000000000000000, 0.000000000000000000 ) ) ;
#1083 = PLANE ( 'NONE',  #2524 ) ;
#1084 = EDGE_CURVE ( 'NONE', #2009, #1198, #1482, .T. ) ;
#1085 = AXIS2_PLACEMENT_3D ( 'NONE', #918, #2155, #454 ) ;
#1086 = EDGE_LOOP ( 'NONE', ( #68, #1321, #872, #1891, #1367 ) ) ;
#1087 = CIRCLE ( 'NONE', #772, 3.499999999999999556 ) ;
#1088 = CARTESIAN_POINT ( 'NONE',  ( 20.10804646543001084, 32.61683666746147026, 5.500000000000254907 ) ) ;
#1089 = DIRECTION ( 'NONE',  ( -0.000000000000000000, -0.000000000000000000, -1.000000000000000000 ) ) ;
#1090 = CARTESIAN_POINT ( 'NONE',  ( -19.48849902806611212, 33.50704633327629978, -4.434058276324247316 ) ) ;
#1091 = AXIS2_PLACEMENT_3D ( 'NONE', #659, #606, #850 ) ;
#1092 = ORIENTED_EDGE ( 'NONE', *, *, #754, .F. ) ;
#1093 = DIRECTION ( 'NONE',  ( 0.000000000000000000, -0.000000000000000000, -1.000000000000000000 ) ) ;
#1094 = AXIS2_PLACEMENT_3D ( 'NONE', #1237, #617, #2101 ) ;
#1095 = AXIS2_PLACEMENT_3D ( 'NONE', #896, #1287, #53 ) ;
#1096 = ORIENTED_EDGE ( 'NONE', *, *, #266, .F. ) ;
#1097 = DIRECTION ( 'NONE',  ( 0.000000000000000000, 1.000000000000000000, -0.000000000000000000 ) ) ;
#1098 = VECTOR ( 'NONE', #2544, 1000.000000000000000 ) ;
#1099 = EDGE_CURVE ( 'NONE', #542, #590, #1850, .T. ) ;
#1100 = DIRECTION ( 'NONE',  ( 1.000000000000000000, 0.000000000000000000, 0.000000000000000000 ) ) ;
#1101 = LINE ( 'NONE', #2380, #353 ) ;
#1102 = EDGE_CURVE ( 'NONE', #1728, #2546, #2295, .T. ) ;
#1103 = ORIENTED_EDGE ( 'NONE', *, *, #1029, .T. ) ;
#1104 = CARTESIAN_POINT ( 'NONE',  ( -28.34207081830833630, 25.37803181733859503, 5.500000000000254907 ) ) ;
#1105 = DIRECTION ( 'NONE',  ( -0.7084098798067387515, 0.7058012767006035526, -0.000000000000000000 ) ) ;
#1106 = VERTEX_POINT ( 'NONE', #1862 ) ;
#1107 = CARTESIAN_POINT ( 'NONE',  ( -23.19584199159677596, 33.50704633327629267, 16.79653179914949135 ) ) ;
#1108 = VERTEX_POINT ( 'NONE', #390 ) ;
#1109 = CARTESIAN_POINT ( 'NONE',  ( -2.884907527397808202, -2.567958942245283538, 3.500000000000254907 ) ) ;
#1110 = DIRECTION ( 'NONE',  ( -1.000000000000000000, 0.000000000000000000, -0.000000000000000000 ) ) ;
#1111 = LINE ( 'NONE', #1533, #2014 ) ;
#1112 = EDGE_CURVE ( 'NONE', #2260, #2501, #2323, .T. ) ;
#1113 = VERTEX_POINT ( 'NONE', #2077 ) ;
#1114 = CARTESIAN_POINT ( 'NONE',  ( -19.48849902806611212, 33.50704633327629978, 0.000000000000000000 ) ) ;
#1115 = DIRECTION ( 'NONE',  ( -0.000000000000000000, -0.000000000000000000, 1.000000000000000000 ) ) ;
#1116 = EDGE_CURVE ( 'NONE', #1728, #2158, #238, .T. ) ;
#1117 = ORIENTED_EDGE ( 'NONE', *, *, #1692, .T. ) ;
#1118 = ORIENTED_EDGE ( 'NONE', *, *, #2666, .T. ) ;
#1119 = CARTESIAN_POINT ( 'NONE',  ( -19.48849902806611212, 31.07466458926504060, -4.434058276324247316 ) ) ;
#1120 = ADVANCED_FACE ( 'NONE', ( #30 ), #866, .F. ) ;
#1121 = VERTEX_POINT ( 'NONE', #1671 ) ;
#1122 = ORIENTED_EDGE ( 'NONE', *, *, #2352, .F. ) ;
#1123 = DIRECTION ( 'NONE',  ( 0.000000000000000000, 0.000000000000000000, 1.000000000000000000 ) ) ;
#1124 = ORIENTED_EDGE ( 'NONE', *, *, #2608, .F. ) ;
#1125 = DIRECTION ( 'NONE',  ( 1.000000000000000000, 0.000000000000000000, -0.000000000000000000 ) ) ;
#1126 = CARTESIAN_POINT ( 'NONE',  ( -28.34161846380722594, 25.37803181733859503, 18.50000000000025224 ) ) ;
#1127 = VECTOR ( 'NONE', #583, 1000.000000000000000 ) ;
#1128 = VERTEX_POINT ( 'NONE', #414 ) ;
#1129 = ORIENTED_EDGE ( 'NONE', *, *, #1112, .F. ) ;
#1130 = PLANE ( 'NONE',  #1868 ) ;
#1131 = EDGE_CURVE ( 'NONE', #1128, #1319, #2087, .T. ) ;
#1132 = VECTOR ( 'NONE', #809, 1000.000000000000000 ) ;
#1133 = CIRCLE ( 'NONE', #2654, 2.884907527397808202 ) ;
#1134 = ORIENTED_EDGE ( 'NONE', *, *, #998, .F. ) ;
#1135 = DIRECTION ( 'NONE',  ( 0.000000000000000000, 1.000000000000000000, 0.000000000000000000 ) ) ;
#1136 = EDGE_CURVE ( 'NONE', #2062, #323, #1317, .T. ) ;
#1137 = VECTOR ( 'NONE', #218, 1000.000000000000000 ) ;
#1138 = VECTOR ( 'NONE', #236, 1000.000000000000000 ) ;
#1139 = DIRECTION ( 'NONE',  ( 1.000000000000000000, 0.000000000000000000, 0.000000000000000000 ) ) ;
#1140 = CARTESIAN_POINT ( 'NONE',  ( 17.42668493753810210, -27.73684457774396250, 3.500000000000254463 ) ) ;
#1141 = LINE ( 'NONE', #2336, #1042 ) ;
#1142 = LINE ( 'NONE', #2594, #871 ) ;
#1143 = VERTEX_POINT ( 'NONE', #85 ) ;
#1144 = FACE_BOUND ( 'NONE', #1541, .T. ) ;
#1145 = ORIENTED_EDGE ( 'NONE', *, *, #2188, .T. ) ;
#1146 = VERTEX_POINT ( 'NONE', #889 ) ;
#1147 = DIRECTION ( 'NONE',  ( -1.000000000000000000, -1.325961837620795774E-16, 0.000000000000000000 ) ) ;
#1148 = EDGE_CURVE ( 'NONE', #2260, #375, #57, .T. ) ;
#1149 = CYLINDRICAL_SURFACE ( 'NONE', #1178, 4.349999999999999645 ) ;
#1150 = EDGE_CURVE ( 'NONE', #1807, #853, #1537, .T. ) ;
#1151 = CARTESIAN_POINT ( 'NONE',  ( -23.21295638980803844, 25.37803181733859503, 6.562095128372326336 ) ) ;
#1152 = DIRECTION ( 'NONE',  ( 0.000000000000000000, 0.000000000000000000, -1.000000000000000000 ) ) ;
#1153 = ORIENTED_EDGE ( 'NONE', *, *, #2642, .T. ) ;
#1154 = ORIENTED_EDGE ( 'NONE', *, *, #2320, .F. ) ;
#1155 = FILL_AREA_STYLE_COLOUR ( '', #997 ) ;
#1156 = ORIENTED_EDGE ( 'NONE', *, *, #497, .T. ) ;
#1157 = ORIENTED_EDGE ( 'NONE', *, *, #2608, .T. ) ;
#1158 = CARTESIAN_POINT ( 'NONE',  ( 15.83391402965598971, -31.90667106098782213, 3.500000000000254907 ) ) ;
#1159 = CYLINDRICAL_SURFACE ( 'NONE', #1391, 1.469701195442388197 ) ;
#1160 = PRODUCT_DEFINITION_SHAPE ( 'NONE', 'NONE',  #2675 ) ;
#1161 = DIRECTION ( 'NONE',  ( 0.000000000000000000, -0.000000000000000000, 1.000000000000000000 ) ) ;
#1162 = EDGE_CURVE ( 'NONE', #2567, #2056, #70, .T. ) ;
#1163 = FACE_OUTER_BOUND ( 'NONE', #1754, .T. ) ;
#1164 = FACE_OUTER_BOUND ( 'NONE', #1848, .T. ) ;
#1165 = EDGE_CURVE ( 'NONE', #1297, #1113, #2593, .T. ) ;
#1166 = DIRECTION ( 'NONE',  ( -0.000000000000000000, -0.000000000000000000, 1.000000000000000000 ) ) ;
#1167 = ORIENTED_EDGE ( 'NONE', *, *, #857, .F. ) ;
#1168 = VERTEX_POINT ( 'NONE', #1126 ) ;
#1169 = CARTESIAN_POINT ( 'NONE',  ( 26.27883179831746219, 22.35521482882545286, 0.000000000000000000 ) ) ;
#1170 = VECTOR ( 'NONE', #2, 1000.000000000000000 ) ;
#1171 = VERTEX_POINT ( 'NONE', #881 ) ;
#1172 = ORIENTED_EDGE ( 'NONE', *, *, #497, .F. ) ;
#1173 = DIRECTION ( 'NONE',  ( 0.1923122843527269865, -0.9813337787353677566, -0.000000000000000000 ) ) ;
#1174 = VECTOR ( 'NONE', #1687, 1000.000000000000000 ) ;
#1175 = VECTOR ( 'NONE', #762, 1000.000000000000000 ) ;
#1176 = VERTEX_POINT ( 'NONE', #1104 ) ;
#1177 = CARTESIAN_POINT ( 'NONE',  ( 15.80425832420069554, 9.628561104224484524, 13.50000000000025402 ) ) ;
#1178 = AXIS2_PLACEMENT_3D ( 'NONE', #2234, #2447, #359 ) ;
#1179 = EDGE_CURVE ( 'NONE', #2158, #611, #1522, .T. ) ;
#1180 = CIRCLE ( 'NONE', #131, 5.250000000000000888 ) ;
#1181 = DIRECTION ( 'NONE',  ( -0.000000000000000000, -0.000000000000000000, -1.000000000000000000 ) ) ;
#1182 = CARTESIAN_POINT ( 'NONE',  ( 24.11166736146259026, 28.62795844823632052, 5.500000000000254907 ) ) ;
#1183 = LINE ( 'NONE', #779, #1786 ) ;
#1184 = VECTOR ( 'NONE', #496, 1000.000000000000000 ) ;
#1185 = EDGE_CURVE ( 'NONE', #2438, #1388, #2555, .T. ) ;
#1186 = ORIENTED_EDGE ( 'NONE', *, *, #24, .F. ) ;
#1187 = CARTESIAN_POINT ( 'NONE',  ( 17.42668493753810210, 4.209897802172800851, 13.50000000000025402 ) ) ;
#1188 = FACE_OUTER_BOUND ( 'NONE', #175, .T. ) ;
#1189 = VERTEX_POINT ( 'NONE', #1931 ) ;
#1190 = ORIENTED_EDGE ( 'NONE', *, *, #1165, .T. ) ;
#1191 = PLANE ( 'NONE',  #2477 ) ;
#1192 = DIRECTION ( 'NONE',  ( -0.000000000000000000, -0.000000000000000000, 1.000000000000000000 ) ) ;
#1193 = ORIENTED_EDGE ( 'NONE', *, *, #2576, .T. ) ;
#1194 = CARTESIAN_POINT ( 'NONE',  ( -23.19584199159677596, 33.50704633327629267, 5.500000000000254907 ) ) ;
#1195 = FACE_OUTER_BOUND ( 'NONE', #1794, .T. ) ;
#1196 = DIRECTION ( 'NONE',  ( 0.000000000000000000, 0.000000000000000000, 1.000000000000000000 ) ) ;
#1197 = DIRECTION ( 'NONE',  ( 1.000000000000000000, 1.636130704980173554E-16, 0.000000000000000000 ) ) ;
#1198 = VERTEX_POINT ( 'NONE', #681 ) ;
#1199 = CARTESIAN_POINT ( 'NONE',  ( 21.63307053910937228, 19.16617699716827872, 5.500000000000254907 ) ) ;
#1200 = EDGE_CURVE ( 'NONE', #375, #2103, #2360, .T. ) ;
#1201 = ORIENTED_EDGE ( 'NONE', *, *, #1286, .T. ) ;
#1202 = EDGE_LOOP ( 'NONE', ( #351, #9, #274, #813, #2339, #1946, #2559, #1905 ) ) ;
#1203 = LINE ( 'NONE', #964, #948 ) ;
#1204 = FACE_OUTER_BOUND ( 'NONE', #931, .T. ) ;
#1205 = EDGE_CURVE ( 'NONE', #542, #946, #2581, .T. ) ;
#1206 = ORIENTED_EDGE ( 'NONE', *, *, #1102, .F. ) ;
#1207 = CARTESIAN_POINT ( 'NONE',  ( -23.19584199159677596, 33.50704633327629267, 3.500000000000254907 ) ) ;
#1208 = DIRECTION ( 'NONE',  ( 0.000000000000000000, -1.000000000000000000, 0.000000000000000000 ) ) ;
#1209 = FACE_OUTER_BOUND ( 'NONE', #945, .T. ) ;
#1210 = PLANE ( 'NONE',  #1486 ) ;
#1211 = ORIENTED_EDGE ( 'NONE', *, *, #626, .F. ) ;
#1212 = CARTESIAN_POINT ( 'NONE',  ( 17.42668493753810210, 9.628561104224484524, 13.50000000000025402 ) ) ;
#1213 = CARTESIAN_POINT ( 'NONE',  ( -19.48849902806611212, 31.07466458926504060, 0.000000000000000000 ) ) ;
#1214 = EDGE_CURVE ( 'NONE', #63, #1466, #1548, .T. ) ;
#1215 = EDGE_LOOP ( 'NONE', ( #2700, #2571, #227, #2416 ) ) ;
#1216 = ORIENTED_EDGE ( 'NONE', *, *, #2038, .F. ) ;
#1217 = DIRECTION ( 'NONE',  ( -1.000000000000000000, 0.000000000000000000, -0.000000000000000000 ) ) ;
#1218 = VECTOR ( 'NONE', #1058, 1000.000000000000000 ) ;
#1219 = EDGE_CURVE ( 'NONE', #1807, #91, #280, .T. ) ;
#1220 = VECTOR ( 'NONE', #2641, 1000.000000000000000 ) ;
#1221 = VERTEX_POINT ( 'NONE', #2180 ) ;
#1222 = LINE ( 'NONE', #2689, #1614 ) ;
#1223 = CIRCLE ( 'NONE', #304, 4.349999999999999645 ) ;
#1224 = AXIS2_PLACEMENT_3D ( 'NONE', #105, #1363, #719 ) ;
#1225 = LINE ( 'NONE', #1420, #1697 ) ;
#1226 = DIRECTION ( 'NONE',  ( -1.000000000000000000, -1.325961837620795774E-16, 0.000000000000000000 ) ) ;
#1227 = AXIS2_PLACEMENT_3D ( 'NONE', #2407, #328, #949 ) ;
#1228 = ORIENTED_EDGE ( 'NONE', *, *, #597, .F. ) ;
#1229 = DIRECTION ( 'NONE',  ( -0.000000000000000000, -0.000000000000000000, 1.000000000000000000 ) ) ;
#1230 = ORIENTED_EDGE ( 'NONE', *, *, #759, .F. ) ;
#1231 = VERTEX_POINT ( 'NONE', #900 ) ;
#1232 = LINE ( 'NONE', #2037, #729 ) ;
#1233 = ORIENTED_EDGE ( 'NONE', *, *, #1847, .F. ) ;
#1234 = CARTESIAN_POINT ( 'NONE',  ( -22.03115606453544828, 33.50704633327629267, 11.67735152382168806 ) ) ;
#1235 = ADVANCED_FACE ( 'NONE', ( #2569 ), #1304, .F. ) ;
#1236 = LINE ( 'NONE', #1856, #299 ) ;
#1237 = CARTESIAN_POINT ( 'NONE',  ( -19.48849902806611212, 31.07466458926504060, -4.434058276324247316 ) ) ;
#1238 = CARTESIAN_POINT ( 'NONE',  ( -27.15895618077229656, -25.41574088011293853, 5.500000000000254907 ) ) ;
#1239 = EDGE_CURVE ( 'NONE', #1171, #2687, #1141, .T. ) ;
#1240 = ORIENTED_EDGE ( 'NONE', *, *, #675, .T. ) ;
#1241 = CARTESIAN_POINT ( 'NONE',  ( 26.27883179831746219, -29.30011630742320605, 13.50000000000025402 ) ) ;
#1242 = ORIENTED_EDGE ( 'NONE', *, *, #2558, .T. ) ;
#1243 = LINE ( 'NONE', #1443, #120 ) ;
#1244 = ORIENTED_EDGE ( 'NONE', *, *, #146, .T. ) ;
#1245 = DIRECTION ( 'NONE',  ( -1.000000000000000000, 0.000000000000000000, 0.000000000000000000 ) ) ;
#1246 = EDGE_CURVE ( 'NONE', #2495, #2004, #929, .T. ) ;
#1247 = CARTESIAN_POINT ( 'NONE',  ( 23.49496792174097948, 28.28069104220174879, 6.000000000000254907 ) ) ;
#1248 = CARTESIAN_POINT ( 'NONE',  ( 23.49496792174097948, 28.28069104220174879, 6.000000000000254907 ) ) ;
#1249 = EDGE_CURVE ( 'NONE', #2286, #335, #1563, .T. ) ;
#1250 = ORIENTED_EDGE ( 'NONE', *, *, #707, .T. ) ;
#1251 = DIRECTION ( 'NONE',  ( 1.000000000000000000, 0.000000000000000000, 0.000000000000000000 ) ) ;
#1252 = CARTESIAN_POINT ( 'NONE',  ( 21.63307053910937228, 22.35521482882545286, 3.500000000000254907 ) ) ;
#1253 = DIRECTION ( 'NONE',  ( 0.000000000000000000, -0.000000000000000000, -1.000000000000000000 ) ) ;
#1254 = ORIENTED_EDGE ( 'NONE', *, *, #2220, .T. ) ;
#1255 = CARTESIAN_POINT ( 'NONE',  ( -7.048924665772298148, -12.76549989963822718, 6.000000000000254907 ) ) ;
#1256 = CIRCLE ( 'NONE', #71, 5.250000000000000888 ) ;
#1257 = ORIENTED_EDGE ( 'NONE', *, *, #1328, .T. ) ;
#1258 = VECTOR ( 'NONE', #587, 1000.000000000000227 ) ;
#1259 = LINE ( 'NONE', #2041, #1387 ) ;
#1260 = CIRCLE ( 'NONE', #79, 4.349999999999999645 ) ;
#1261 = CARTESIAN_POINT ( 'NONE',  ( 17.42792918169166327, -36.49533803050918124, 3.500000000000254907 ) ) ;
#1262 = MECHANICAL_DESIGN_GEOMETRIC_PRESENTATION_REPRESENTATION (  '', ( #2272 ), #1524 ) ;
#1263 = LINE ( 'NONE', #27, #438 ) ;
#1264 = EDGE_CURVE ( 'NONE', #1487, #2505, #1919, .T. ) ;
#1265 = VECTOR ( 'NONE', #1123, 1000.000000000000000 ) ;
#1266 = VERTEX_POINT ( 'NONE', #670 ) ;
#1267 = LINE ( 'NONE', #443, #474 ) ;
#1268 = LINE ( 'NONE', #633, #780 ) ;
#1269 = VECTOR ( 'NONE', #1192, 1000.000000000000000 ) ;
#1270 = EDGE_CURVE ( 'NONE', #1189, #2701, #1507, .T. ) ;
#1271 = VECTOR ( 'NONE', #487, 1000.000000000000000 ) ;
#1272 = ORIENTED_EDGE ( 'NONE', *, *, #396, .F. ) ;
#1273 = ORIENTED_EDGE ( 'NONE', *, *, #1596, .F. ) ;
#1274 = VERTEX_POINT ( 'NONE', #1998 ) ;
#1275 = FACE_OUTER_BOUND ( 'NONE', #704, .T. ) ;
#1276 = DIRECTION ( 'NONE',  ( 0.000000000000000000, 0.000000000000000000, -1.000000000000000000 ) ) ;
#1277 = CARTESIAN_POINT ( 'NONE',  ( -23.21295638980803844, 25.37803181733859503, 18.50000000000025224 ) ) ;
#1278 = DIRECTION ( 'NONE',  ( -0.000000000000000000, -0.000000000000000000, -1.000000000000000000 ) ) ;
#1279 = VERTEX_POINT ( 'NONE', #373 ) ;
#1280 = DIRECTION ( 'NONE',  ( 0.000000000000000000, 0.000000000000000000, -1.000000000000000000 ) ) ;
#1281 = CARTESIAN_POINT ( 'NONE',  ( -31.38207081830833545, 25.37803181733859503, 3.500000000000254907 ) ) ;
#1282 = CARTESIAN_POINT ( 'NONE',  ( 0.000000000000000000, -2.567958942245283982, -8.159750702876424455 ) ) ;
#1283 = ORIENTED_EDGE ( 'NONE', *, *, #78, .F. ) ;
#1284 = ADVANCED_FACE ( 'NONE', ( #2237 ), #108, .T. ) ;
#1285 = ORIENTED_EDGE ( 'NONE', *, *, #2374, .T. ) ;
#1286 = EDGE_CURVE ( 'NONE', #312, #1221, #167, .T. ) ;
#1287 = DIRECTION ( 'NONE',  ( 0.000000000000000000, 1.000000000000000000, 0.000000000000000000 ) ) ;
#1288 = CARTESIAN_POINT ( 'NONE',  ( -4.832232083118171317, -10.05694419705314324, 5.500000000000254907 ) ) ;
#1289 = CARTESIAN_POINT ( 'NONE',  ( 17.42792918169166327, -36.49533803050918124, 3.500000000000254907 ) ) ;
#1290 = CARTESIAN_POINT ( 'NONE',  ( -28.34207081830833630, 25.37803181733859503, 3.500000000000254463 ) ) ;
#1291 = ORIENTED_EDGE ( 'NONE', *, *, #2563, .T. ) ;
#1292 = LINE ( 'NONE', #1700, #2308 ) ;
#1293 = DIRECTION ( 'NONE',  ( -0.000000000000000000, 0.000000000000000000, 1.000000000000000000 ) ) ;
#1294 = DIRECTION ( 'NONE',  ( 0.000000000000000000, 1.000000000000000000, 0.000000000000000000 ) ) ;
#1295 = LINE ( 'NONE', #2479, #345 ) ;
#1296 = ADVANCED_FACE ( 'NONE', ( #1615 ), #2219, .F. ) ;
#1297 = VERTEX_POINT ( 'NONE', #154 ) ;
#1298 = EDGE_LOOP ( 'NONE', ( #1167, #2256, #1749, #2321 ) ) ;
#1299 = EDGE_CURVE ( 'NONE', #1005, #498, #322, .T. ) ;
#1300 = PLANE ( 'NONE',  #607 ) ;
#1301 = AXIS2_PLACEMENT_3D ( 'NONE', #880, #1713, #2542 ) ;
#1302 = VERTEX_POINT ( 'NONE', #533 ) ;
#1303 = AXIS2_PLACEMENT_3D ( 'NONE', #2271, #380, #1217 ) ;
#1304 = PLANE ( 'NONE',  #36 ) ;
#1305 = CARTESIAN_POINT ( 'NONE',  ( 0.000000000000000000, 1.247652906881897339, 3.500000000000254463 ) ) ;
#1306 = VECTOR ( 'NONE', #2543, 1000.000000000000000 ) ;
#1307 = EDGE_LOOP ( 'NONE', ( #2296, #724, #1359, #1866 ) ) ;
#1308 = DIRECTION ( 'NONE',  ( 0.000000000000000000, 0.000000000000000000, 1.000000000000000000 ) ) ;
#1309 = VECTOR ( 'NONE', #1886, 1000.000000000000000 ) ;
#1310 = CIRCLE ( 'NONE', #952, 4.349999999999999645 ) ;
#1311 = VERTEX_POINT ( 'NONE', #939 ) ;
#1312 = FACE_OUTER_BOUND ( 'NONE', #228, .T. ) ;
#1313 = CIRCLE ( 'NONE', #2363, 1.638047801884704668 ) ;
#1314 = DIRECTION ( 'NONE',  ( -0.000000000000000000, -0.000000000000000000, 1.000000000000000000 ) ) ;
#1315 = ADVANCED_FACE ( 'NONE', ( #1209 ), #1585, .F. ) ;
#1316 = ORIENTED_EDGE ( 'NONE', *, *, #2070, .F. ) ;
#1317 = LINE ( 'NONE', #2373, #169 ) ;
#1318 = DIRECTION ( 'NONE',  ( 1.000000000000000000, 0.000000000000000000, 0.000000000000000000 ) ) ;
#1319 = VERTEX_POINT ( 'NONE', #1598 ) ;
#1320 = DIRECTION ( 'NONE',  ( 1.000000000000000000, 0.000000000000000000, 0.000000000000000000 ) ) ;
#1321 = ORIENTED_EDGE ( 'NONE', *, *, #1881, .T. ) ;
#1322 = ORIENTED_EDGE ( 'NONE', *, *, #747, .T. ) ;
#1323 = DIRECTION ( 'NONE',  ( 0.000000000000000000, -1.000000000000000000, 0.000000000000000000 ) ) ;
#1324 = DIRECTION ( 'NONE',  ( -0.000000000000000000, -0.000000000000000000, -1.000000000000000000 ) ) ;
#1325 = ADVANCED_FACE ( 'NONE', ( #1164 ), #1556, .F. ) ;
#1326 = ORIENTED_EDGE ( 'NONE', *, *, #1630, .T. ) ;
#1327 = CARTESIAN_POINT ( 'NONE',  ( 15.80425832420069554, -29.30011630742320605, 13.50000000000025402 ) ) ;
#1328 = EDGE_CURVE ( 'NONE', #698, #1869, #1354, .T. ) ;
#1329 = ORIENTED_EDGE ( 'NONE', *, *, #411, .T. ) ;
#1330 = DIRECTION ( 'NONE',  ( -1.000000000000000000, 0.000000000000000000, -0.000000000000000000 ) ) ;
#1331 = ORIENTED_EDGE ( 'NONE', *, *, #1373, .F. ) ;
#1332 = CARTESIAN_POINT ( 'NONE',  ( -7.153289868025776599, -13.29805609406241018, 5.500000000000254907 ) ) ;
#1333 = CARTESIAN_POINT ( 'NONE',  ( 15.83391402965598971, -31.90667106098782213, -8.159750702876424455 ) ) ;
#1334 = CARTESIAN_POINT ( 'NONE',  ( -15.78115606453545183, 14.75666087085782507, 18.50000000000025224 ) ) ;
#1335 = CARTESIAN_POINT ( 'NONE',  ( -23.21295638980803844, 25.37803181733859503, 6.562095128372326336 ) ) ;
#1336 = CARTESIAN_POINT ( 'NONE',  ( 0.000000000000000000, 0.000000000000000000, 0.000000000000000000 ) ) ;
#1337 = CARTESIAN_POINT ( 'NONE',  ( -0.9934448250388319135, -25.41574088011293853, 3.500000000000254463 ) ) ;
#1338 = VECTOR ( 'NONE', #1448, 1000.000000000000000 ) ;
#1339 = LINE ( 'NONE', #920, #267 ) ;
#1340 = EDGE_CURVE ( 'NONE', #1764, #2086, #983, .T. ) ;
#1341 = CIRCLE ( 'NONE', #1736, 4.349999999999999645 ) ;
#1342 = EDGE_LOOP ( 'NONE', ( #393, #2244, #1950, #652, #2211 ) ) ;
#1343 = DIRECTION ( 'NONE',  ( 0.000000000000000000, 0.000000000000000000, 1.000000000000000000 ) ) ;
#1344 = EDGE_CURVE ( 'NONE', #1466, #2004, #2411, .T. ) ;
#1345 = VECTOR ( 'NONE', #536, 1000.000000000000000 ) ;
#1346 = VECTOR ( 'NONE', #805, 1000.000000000000000 ) ;
#1347 = ORIENTED_EDGE ( 'NONE', *, *, #2259, .F. ) ;
#1348 = DIRECTION ( 'NONE',  ( 0.1923122843527267922, 0.9813337787353677566, -0.000000000000000000 ) ) ;
#1349 = DIRECTION ( 'NONE',  ( -1.000000000000000000, 0.000000000000000000, 0.000000000000000000 ) ) ;
#1350 = AXIS2_PLACEMENT_3D ( 'NONE', #1282, #7, #1076 ) ;
#1351 = VECTOR ( 'NONE', #1421, 1000.000000000000000 ) ;
#1352 = DIRECTION ( 'NONE',  ( -0.000000000000000000, -0.000000000000000000, -1.000000000000000000 ) ) ;
#1353 = CARTESIAN_POINT ( 'NONE',  ( -23.20154897555906359, 30.79633720409897535, 6.559469668074620508 ) ) ;
#1354 = LINE ( 'NONE', #1365, #2227 ) ;
#1355 = LINE ( 'NONE', #2192, #654 ) ;
#1356 = VERTEX_POINT ( 'NONE', #546 ) ;
#1357 = DIRECTION ( 'NONE',  ( -1.325961837620795774E-16, 1.000000000000000000, 0.000000000000000000 ) ) ;
#1358 = ADVANCED_FACE ( 'NONE', ( #2422 ), #1814, .F. ) ;
#1359 = ORIENTED_EDGE ( 'NONE', *, *, #1116, .F. ) ;
#1360 = FACE_BOUND ( 'NONE', #1045, .T. ) ;
#1361 = CARTESIAN_POINT ( 'NONE',  ( 26.27554745711413631, 19.16617699716827872, 3.500000000000254463 ) ) ;
#1362 = EDGE_CURVE ( 'NONE', #1065, #1949, #1771, .T. ) ;
#1363 = DIRECTION ( 'NONE',  ( 0.000000000000000000, -1.000000000000000000, 0.000000000000000000 ) ) ;
#1364 = CARTESIAN_POINT ( 'NONE',  ( 15.80425832420069554, 4.209897802172800851, 13.50000000000025402 ) ) ;
#1365 = CARTESIAN_POINT ( 'NONE',  ( -22.03115606453544828, 34.75666087085782863, 6.427351523821688062 ) ) ;
#1366 = DIRECTION ( 'NONE',  ( -1.000000000000000000, -1.325961837620795774E-16, 0.000000000000000000 ) ) ;
#1367 = ORIENTED_EDGE ( 'NONE', *, *, #2121, .F. ) ;
#1368 = LINE ( 'NONE', #1632, #430 ) ;
#1369 = ORIENTED_EDGE ( 'NONE', *, *, #431, .F. ) ;
#1370 = VERTEX_POINT ( 'NONE', #2017 ) ;
#1371 = CARTESIAN_POINT ( 'NONE',  ( 26.27883179831746219, -27.77046216421287994, 5.500000000000254907 ) ) ;
#1372 = CARTESIAN_POINT ( 'NONE',  ( 0.000000000000000000, -2.567958942245283982, 3.500000000000254907 ) ) ;
#1373 = EDGE_CURVE ( 'NONE', #1470, #1374, #333, .T. ) ;
#1374 = VERTEX_POINT ( 'NONE', #576 ) ;
#1375 = CARTESIAN_POINT ( 'NONE',  ( 23.49496792174097948, 28.28069104220172747, 3.500000000000254907 ) ) ;
#1376 = EDGE_CURVE ( 'NONE', #170, #1007, #1406, .T. ) ;
#1377 = DIRECTION ( 'NONE',  ( 0.7084098798067387515, -0.7058012767006035526, 0.000000000000000000 ) ) ;
#1378 = ORIENTED_EDGE ( 'NONE', *, *, #1185, .F. ) ;
#1379 = AXIS2_PLACEMENT_3D ( 'NONE', #1627, #2331, #1552 ) ;
#1380 = ORIENTED_EDGE ( 'NONE', *, *, #1827, .F. ) ;
#1381 = PLANE ( 'NONE',  #731 ) ;
#1382 = VECTOR ( 'NONE', #2401, 1000.000000000000000 ) ;
#1383 = ORIENTED_EDGE ( 'NONE', *, *, #464, .F. ) ;
#1384 = CARTESIAN_POINT ( 'NONE',  ( -4.832232083118171317, -10.05694419705314324, 6.000000000000254907 ) ) ;
#1385 = VECTOR ( 'NONE', #2191, 1000.000000000000000 ) ;
#1386 = PLANE ( 'NONE',  #1227 ) ;
#1387 = VECTOR ( 'NONE', #1432, 1000.000000000000000 ) ;
#1388 = VERTEX_POINT ( 'NONE', #1001 ) ;
#1389 = CARTESIAN_POINT ( 'NONE',  ( 19.21454663313912903, 33.50704633327629978, 5.500000000000254907 ) ) ;
#1390 = VECTOR ( 'NONE', #1294, 1000.000000000000000 ) ;
#1391 = AXIS2_PLACEMENT_3D ( 'NONE', #1333, #2173, #1553 ) ;
#1392 = EDGE_CURVE ( 'NONE', #1622, #335, #2665, .T. ) ;
#1393 = CARTESIAN_POINT ( 'NONE',  ( 26.27883179831746219, -29.30011630742320605, 5.500000000000254907 ) ) ;
#1394 = DIRECTION ( 'NONE',  ( -0.000000000000000000, -1.000000000000000000, -0.000000000000000000 ) ) ;
#1395 = EDGE_CURVE ( 'NONE', #2694, #2255, #521, .T. ) ;
#1396 = ORIENTED_EDGE ( 'NONE', *, *, #1150, .T. ) ;
#1397 = ORIENTED_EDGE ( 'NONE', *, *, #544, .T. ) ;
#1398 = DIRECTION ( 'NONE',  ( -1.000000000000000000, 0.000000000000000000, -0.000000000000000000 ) ) ;
#1399 = ORIENTED_EDGE ( 'NONE', *, *, #908, .T. ) ;
#1400 = ORIENTED_EDGE ( 'NONE', *, *, #2494, .T. ) ;
#1401 = CARTESIAN_POINT ( 'NONE',  ( 20.00229512255086206, 28.50704633327629978, 6.000000000000254907 ) ) ;
#1402 = CARTESIAN_POINT ( 'NONE',  ( 14.36421283421360151, -31.90667106098782213, 0.000000000000000000 ) ) ;
#1403 = VERTEX_POINT ( 'NONE', #222 ) ;
#1404 = DIRECTION ( 'NONE',  ( -0.000000000000000000, -0.000000000000000000, -1.000000000000000000 ) ) ;
#1405 = LINE ( 'NONE', #750, #600 ) ;
#1406 = LINE ( 'NONE', #2249, #907 ) ;
#1407 = DIRECTION ( 'NONE',  ( 0.8731538441325608080, -0.4874447296633043769, 0.000000000000000000 ) ) ;
#1408 = EDGE_CURVE ( 'NONE', #2269, #88, #1653, .T. ) ;
#1409 = VERTEX_POINT ( 'NONE', #1460 ) ;
#1410 = CARTESIAN_POINT ( 'NONE',  ( 0.000000000000000000, 1.247652906881897339, 3.500000000000254463 ) ) ;
#1411 = CARTESIAN_POINT ( 'NONE',  ( 19.86289655596839054, 32.86108385261967868, 6.000000000000254907 ) ) ;
#1412 = ADVANCED_FACE ( 'NONE', ( #2301 ), #410, .F. ) ;
#1413 = ORIENTED_EDGE ( 'NONE', *, *, #1965, .T. ) ;
#1414 = VERTEX_POINT ( 'NONE', #1261 ) ;
#1415 = PLANE ( 'NONE',  #1303 ) ;
#1416 = CARTESIAN_POINT ( 'NONE',  ( -8.332232083118171317, -10.05694419705314324, 3.500000000000254463 ) ) ;
#1417 = ORIENTED_EDGE ( 'NONE', *, *, #2464, .F. ) ;
#1418 = DIRECTION ( 'NONE',  ( 0.000000000000000000, -0.000000000000000000, -1.000000000000000000 ) ) ;
#1419 = DIRECTION ( 'NONE',  ( 1.000000000000000000, -0.000000000000000000, -0.000000000000000000 ) ) ;
#1420 = CARTESIAN_POINT ( 'NONE',  ( 23.49496792174097948, 28.28069104220172747, 3.500000000000254463 ) ) ;
#1421 = DIRECTION ( 'NONE',  ( -0.000000000000000000, -0.000000000000000000, 1.000000000000000000 ) ) ;
#1422 = EDGE_LOOP ( 'NONE', ( #1888, #643, #2154, #2673 ) ) ;
#1423 = CARTESIAN_POINT ( 'NONE',  ( 15.83391402965598971, -31.90667106098782213, -8.159750702876424455 ) ) ;
#1424 = LINE ( 'NONE', #987, #168 ) ;
#1425 = VERTEX_POINT ( 'NONE', #846 ) ;
#1426 = DIRECTION ( 'NONE',  ( 0.7893168006099126055, 0.6139861466474072493, 0.000000000000000000 ) ) ;
#1427 = EDGE_CURVE ( 'NONE', #1231, #1409, #560, .T. ) ;
#1428 = AXIS2_PLACEMENT_3D ( 'NONE', #1336, #2179, #2531 ) ;
#1429 = AXIS2_PLACEMENT_3D ( 'NONE', #502, #1503, #1276 ) ;
#1430 = ORIENTED_EDGE ( 'NONE', *, *, #1264, .T. ) ;
#1431 = EDGE_CURVE ( 'NONE', #1266, #1171, #3, .T. ) ;
#1432 = DIRECTION ( 'NONE',  ( 0.000000000000000000, -1.000000000000000000, 0.000000000000000000 ) ) ;
#1433 = VECTOR ( 'NONE', #823, 1000.000000000000000 ) ;
#1434 = VECTOR ( 'NONE', #887, 1000.000000000000000 ) ;
#1435 = DIRECTION ( 'NONE',  ( -1.000000000000000000, -1.636130704980173307E-16, -0.000000000000000000 ) ) ;
#1436 = CARTESIAN_POINT ( 'NONE',  ( 20.00229512255086206, 28.50704633327629978, 6.000000000000254907 ) ) ;
#1437 = AXIS2_PLACEMENT_3D ( 'NONE', #178, #2507, #637 ) ;
#1438 = ORIENTED_EDGE ( 'NONE', *, *, #1373, .T. ) ;
#1439 = DIRECTION ( 'NONE',  ( 0.9999977837638835965, -0.002105342566206879189, 0.000000000000000000 ) ) ;
#1440 = VECTOR ( 'NONE', #2333, 1000.000000000000000 ) ;
#1441 = ORIENTED_EDGE ( 'NONE', *, *, #2274, .F. ) ;
#1442 = ORIENTED_EDGE ( 'NONE', *, *, #1328, .F. ) ;
#1443 = CARTESIAN_POINT ( 'NONE',  ( 26.27554745711413631, 26.47204648586428277, 5.500000000000254907 ) ) ;
#1444 = ADVANCED_FACE ( 'NONE', ( #1874 ), #2510, .F. ) ;
#1445 = EDGE_LOOP ( 'NONE', ( #1580, #1023 ) ) ;
#1446 = DIRECTION ( 'NONE',  ( 1.000000000000000000, 0.000000000000000000, 0.000000000000000000 ) ) ;
#1447 = ADVANCED_FACE ( 'NONE', ( #191 ), #2486, .F. ) ;
#1448 = DIRECTION ( 'NONE',  ( 1.000000000000000000, -0.000000000000000000, -0.000000000000000000 ) ) ;
#1449 = CARTESIAN_POINT ( 'NONE',  ( 17.42668493753810210, 9.628561104224484524, 3.500000000000254463 ) ) ;
#1450 = DIRECTION ( 'NONE',  ( -1.000000000000000000, 0.000000000000000000, 0.000000000000000000 ) ) ;
#1451 = ORIENTED_EDGE ( 'NONE', *, *, #1660, .F. ) ;
#1452 = CARTESIAN_POINT ( 'NONE',  ( -31.38207081830833545, -27.74939533400519309, 5.500000000000254907 ) ) ;
#1453 = DIRECTION ( 'NONE',  ( -1.000000000000000000, -0.000000000000000000, -0.000000000000000000 ) ) ;
#1454 = EDGE_LOOP ( 'NONE', ( #2375, #2035, #598, #2263 ) ) ;
#1455 = ORIENTED_EDGE ( 'NONE', *, *, #675, .F. ) ;
#1456 = DIRECTION ( 'NONE',  ( -1.000000000000000000, 0.000000000000000000, 0.000000000000000000 ) ) ;
#1457 = ORIENTED_EDGE ( 'NONE', *, *, #477, .T. ) ;
#1458 = LINE ( 'NONE', #2097, #909 ) ;
#1459 = EDGE_CURVE ( 'NONE', #1297, #1065, #1133, .T. ) ;
#1460 = CARTESIAN_POINT ( 'NONE',  ( 17.30361522509837968, -31.90667106098782213, 3.500000000000254907 ) ) ;
#1461 = EDGE_CURVE ( 'NONE', #50, #1470, #1059, .T. ) ;
#1462 = FACE_OUTER_BOUND ( 'NONE', #995, .T. ) ;
#1463 = EDGE_LOOP ( 'NONE', ( #355, #1240, #1688 ) ) ;
#1464 = CYLINDRICAL_SURFACE ( 'NONE', #1519, 3.499999999999999556 ) ;
#1465 = DIRECTION ( 'NONE',  ( 3.266477528593578478E-16, -1.000000000000000000, 0.000000000000000000 ) ) ;
#1466 = VERTEX_POINT ( 'NONE', #1857 ) ;
#1467 = EDGE_LOOP ( 'NONE', ( #2282, #231, #796, #1034 ) ) ;
#1468 = LINE ( 'NONE', #2310, #2356 ) ;
#1469 = VECTOR ( 'NONE', #413, 1000.000000000000000 ) ;
#1470 = VERTEX_POINT ( 'NONE', #15 ) ;
#1471 = CIRCLE ( 'NONE', #1864, 5.250000000000000000 ) ;
#1472 = FACE_OUTER_BOUND ( 'NONE', #2468, .T. ) ;
#1473 = VECTOR ( 'NONE', #1906, 1000.000000000000000 ) ;
#1474 = DIRECTION ( 'NONE',  ( 0.000000000000000000, 0.000000000000000000, 1.000000000000000000 ) ) ;
#1475 = FACE_OUTER_BOUND ( 'NONE', #1079, .T. ) ;
#1476 = VECTOR ( 'NONE', #47, 1000.000000000000000 ) ;
#1477 = DIRECTION ( 'NONE',  ( 0.000000000000000000, -1.000000000000000000, -0.000000000000000000 ) ) ;
#1478 = EDGE_CURVE ( 'NONE', #2680, #403, #400, .T. ) ;
#1479 = VECTOR ( 'NONE', #573, 1000.000000000000000 ) ;
#1480 = ORIENTED_EDGE ( 'NONE', *, *, #775, .T. ) ;
#1481 = LINE ( 'NONE', #2305, #1469 ) ;
#1482 = LINE ( 'NONE', #1281, #2223 ) ;
#1483 = CARTESIAN_POINT ( 'NONE',  ( -0.000000000000000000, 17.27078668038027232, 5.500000000000254907 ) ) ;
#1484 = VECTOR ( 'NONE', #2659, 1000.000000000000000 ) ;
#1485 = ADVANCED_FACE ( 'NONE', ( #1475 ), #1654, .F. ) ;
#1486 = AXIS2_PLACEMENT_3D ( 'NONE', #2044, #2238, #387 ) ;
#1487 = VERTEX_POINT ( 'NONE', #1277 ) ;
#1488 = DIRECTION ( 'NONE',  ( 1.000000000000000000, 0.000000000000000000, 0.000000000000000000 ) ) ;
#1489 = ORIENTED_EDGE ( 'NONE', *, *, #1531, .T. ) ;
#1490 = CARTESIAN_POINT ( 'NONE',  ( -15.78115606453545183, 31.07466458926504060, -4.434058276324247316 ) ) ;
#1491 = CARTESIAN_POINT ( 'NONE',  ( 17.42792918169166327, -36.49533803050918124, 5.500000000000254907 ) ) ;
#1492 = LINE ( 'NONE', #265, #2609 ) ;
#1493 = DIRECTION ( 'NONE',  ( 0.000000000000000000, 0.000000000000000000, -1.000000000000000000 ) ) ;
#1494 = ORIENTED_EDGE ( 'NONE', *, *, #293, .T. ) ;
#1495 = FACE_OUTER_BOUND ( 'NONE', #725, .T. ) ;
#1496 = PLANE ( 'NONE',  #912 ) ;
#1497 = EDGE_CURVE ( 'NONE', #740, #256, #2291, .T. ) ;
#1498 = ORIENTED_EDGE ( 'NONE', *, *, #2703, .F. ) ;
#1499 = LINE ( 'NONE', #447, #2001 ) ;
#1500 = EDGE_CURVE ( 'NONE', #2143, #658, #1072, .T. ) ;
#1501 = EDGE_LOOP ( 'NONE', ( #755, #279, #376, #1051 ) ) ;
#1502 = PLANE ( 'NONE',  #352 ) ;
#1503 = DIRECTION ( 'NONE',  ( 0.000000000000000000, -1.000000000000000000, 0.000000000000000000 ) ) ;
#1504 = LINE ( 'NONE', #451, #1434 ) ;
#1505 = APPLICATION_PROTOCOL_DEFINITION ( 'draft international standard', 'automotive_design', 1998, #1010 ) ;
#1506 = ORIENTED_EDGE ( 'NONE', *, *, #2188, .F. ) ;
#1507 = LINE ( 'NONE', #2348, #2358 ) ;
#1508 = DIRECTION ( 'NONE',  ( 0.8713496625224615988, 0.4906625781756667193, -0.000000000000000000 ) ) ;
#1509 = EDGE_CURVE ( 'NONE', #739, #946, #602, .T. ) ;
#1510 = ORIENTED_EDGE ( 'NONE', *, *, #411, .F. ) ;
#1511 = ORIENTED_EDGE ( 'NONE', *, *, #1395, .T. ) ;
#1512 = DIRECTION ( 'NONE',  ( 0.000000000000000000, 0.000000000000000000, 1.000000000000000000 ) ) ;
#1513 = EDGE_CURVE ( 'NONE', #2086, #1674, #1225, .T. ) ;
#1514 = ORIENTED_EDGE ( 'NONE', *, *, #1920, .F. ) ;
#1515 = CARTESIAN_POINT ( 'NONE',  ( 15.64602668727106760, 28.50704633327629978, 6.000000000000254907 ) ) ;
#1516 = EDGE_CURVE ( 'NONE', #2008, #453, #1845, .T. ) ;
#1517 = AXIS2_PLACEMENT_3D ( 'NONE', #2082, #1844, #1638 ) ;
#1518 = DIRECTION ( 'NONE',  ( -0.000000000000000000, -0.000000000000000000, -1.000000000000000000 ) ) ;
#1519 = AXIS2_PLACEMENT_3D ( 'NONE', #195, #225, #1031 ) ;
#1520 = ORIENTED_EDGE ( 'NONE', *, *, #693, .T. ) ;
#1521 = AXIS2_PLACEMENT_3D ( 'NONE', #2519, #2120, #1078 ) ;
#1522 = LINE ( 'NONE', #97, #1957 ) ;
#1523 = FACE_OUTER_BOUND ( 'NONE', #885, .T. ) ;
#1524 =( GEOMETRIC_REPRESENTATION_CONTEXT ( 3 ) GLOBAL_UNCERTAINTY_ASSIGNED_CONTEXT ( ( #2182 ) ) GLOBAL_UNIT_ASSIGNED_CONTEXT ( ( #185, #2682, #1642 ) ) REPRESENTATION_CONTEXT ( 'NONE', 'WORKASPACE' ) );
#1525 = ORIENTED_EDGE ( 'NONE', *, *, #1497, .T. ) ;
#1526 = DIRECTION ( 'NONE',  ( -0.000000000000000000, 0.000000000000000000, -1.000000000000000000 ) ) ;
#1527 = AXIS2_PLACEMENT_3D ( 'NONE', #1667, #1026, #628 ) ;
#1528 = ORIENTED_EDGE ( 'NONE', *, *, #1033, .T. ) ;
#1529 = DIRECTION ( 'NONE',  ( 1.000000000000000000, 0.000000000000000000, 0.000000000000000000 ) ) ;
#1530 = AXIS2_PLACEMENT_3D ( 'NONE', #1305, #507, #722 ) ;
#1531 = EDGE_CURVE ( 'NONE', #1551, #658, #1639, .T. ) ;
#1532 = CARTESIAN_POINT ( 'NONE',  ( 21.63307053910937228, 22.35521482882545286, 0.000000000000000000 ) ) ;
#1533 = CARTESIAN_POINT ( 'NONE',  ( -31.38207081830833545, 25.37803181733859503, 5.500000000000254907 ) ) ;
#1534 = ADVANCED_FACE ( 'NONE', ( #1710 ), #54, .T. ) ;
#1535 = ORIENTED_EDGE ( 'NONE', *, *, #1793, .F. ) ;
#1536 = DIRECTION ( 'NONE',  ( -0.000000000000000000, -0.000000000000000000, 1.000000000000000000 ) ) ;
#1537 = LINE ( 'NONE', #919, #2053 ) ;
#1538 = ORIENTED_EDGE ( 'NONE', *, *, #230, .T. ) ;
#1539 = ORIENTED_EDGE ( 'NONE', *, *, #1219, .F. ) ;
#1540 = PLANE ( 'NONE',  #2560 ) ;
#1541 = EDGE_LOOP ( 'NONE', ( #1535, #1035 ) ) ;
#1542 = CARTESIAN_POINT ( 'NONE',  ( 20.00229512255086206, 28.50704633327629978, 6.000000000000254907 ) ) ;
#1543 = EDGE_CURVE ( 'NONE', #1168, #1724, #276, .T. ) ;
#1544 = DIRECTION ( 'NONE',  ( -1.000000000000000000, 0.000000000000000000, -0.000000000000000000 ) ) ;
#1545 = CARTESIAN_POINT ( 'NONE',  ( 26.27554745711413631, 26.47204648586428277, 3.500000000000254907 ) ) ;
#1546 = EDGE_CURVE ( 'NONE', #1466, #1414, #1504, .T. ) ;
#1547 = DIRECTION ( 'NONE',  ( 0.000000000000000000, 0.000000000000000000, -1.000000000000000000 ) ) ;
#1548 = LINE ( 'NONE', #2383, #868 ) ;
#1549 = CARTESIAN_POINT ( 'NONE',  ( 26.27883179831746219, 22.35521482882545286, 3.500000000000254907 ) ) ;
#1550 = ORIENTED_EDGE ( 'NONE', *, *, #894, .F. ) ;
#1551 = VERTEX_POINT ( 'NONE', #81 ) ;
#1552 = DIRECTION ( 'NONE',  ( 1.000000000000000000, 0.000000000000000000, 0.000000000000000000 ) ) ;
#1553 = DIRECTION ( 'NONE',  ( 1.000000000000000000, 0.000000000000000000, 0.000000000000000000 ) ) ;
#1554 = PLANE ( 'NONE',  #650 ) ;
#1555 = DIRECTION ( 'NONE',  ( 0.000000000000000000, 0.000000000000000000, 1.000000000000000000 ) ) ;
#1556 = PLANE ( 'NONE',  #689 ) ;
#1557 = LINE ( 'NONE', #522, #2148 ) ;
#1558 = ADVANCED_FACE ( 'NONE', ( #26 ), #1300, .F. ) ;
#1559 = AXIS2_PLACEMENT_3D ( 'NONE', #1767, #1135, #450 ) ;
#1560 = EDGE_LOOP ( 'NONE', ( #1413, #1228, #134, #1036 ) ) ;
#1561 = DIRECTION ( 'NONE',  ( 0.000000000000000000, 1.000000000000000000, -0.000000000000000000 ) ) ;
#1562 = LINE ( 'NONE', #1119, #1382 ) ;
#1563 = CIRCLE ( 'NONE', #388, 3.499999999999999556 ) ;
#1564 = ADVANCED_FACE ( 'NONE', ( #1723 ), #2346, .T. ) ;
#1565 = VECTOR ( 'NONE', #320, 1000.000000000000000 ) ;
#1566 = ORIENTED_EDGE ( 'NONE', *, *, #2666, .F. ) ;
#1567 = ORIENTED_EDGE ( 'NONE', *, *, #1068, .F. ) ;
#1568 = CARTESIAN_POINT ( 'NONE',  ( 0.000000000000000000, -25.41574088011293853, 5.500000000000254907 ) ) ;
#1569 = CARTESIAN_POINT ( 'NONE',  ( 14.36421283421360151, -31.90667106098782213, -8.159750702876424455 ) ) ;
#1570 = AXIS2_PLACEMENT_3D ( 'NONE', #1047, #20, #2118 ) ;
#1571 = AXIS2_PLACEMENT_3D ( 'NONE', #1436, #2074, #1027 ) ;
#1572 = FACE_OUTER_BOUND ( 'NONE', #1699, .T. ) ;
#1573 = LINE ( 'NONE', #2016, #901 ) ;
#1574 = DIRECTION ( 'NONE',  ( -0.000000000000000000, -1.000000000000000000, -0.000000000000000000 ) ) ;
#1575 = DIRECTION ( 'NONE',  ( -0.002105342566206879189, -0.9999977837638835965, -0.000000000000000000 ) ) ;
#1576 = ORIENTED_EDGE ( 'NONE', *, *, #2268, .T. ) ;
#1577 = FACE_OUTER_BOUND ( 'NONE', #869, .T. ) ;
#1578 = SURFACE_STYLE_FILL_AREA ( #741 ) ;
#1579 = EDGE_CURVE ( 'NONE', #1781, #1764, #2564, .T. ) ;
#1580 = ORIENTED_EDGE ( 'NONE', *, *, #494, .F. ) ;
#1581 = ORIENTED_EDGE ( 'NONE', *, *, #151, .F. ) ;
#1582 = DIRECTION ( 'NONE',  ( -1.000000000000000000, 0.000000000000000000, 0.000000000000000000 ) ) ;
#1583 = EDGE_CURVE ( 'NONE', #1414, #1374, #480, .T. ) ;
#1584 = CARTESIAN_POINT ( 'NONE',  ( 17.42792918169166327, -36.49533803050918124, 3.500000000000254907 ) ) ;
#1585 = PLANE ( 'NONE',  #1871 ) ;
#1586 = ORIENTED_EDGE ( 'NONE', *, *, #2370, .T. ) ;
#1587 = CARTESIAN_POINT ( 'NONE',  ( -2.615539500464059142, -12.76549989963823784, 6.000000000000254907 ) ) ;
#1588 = DIRECTION ( 'NONE',  ( 0.000000000000000000, 0.000000000000000000, -1.000000000000000000 ) ) ;
#1589 = ORIENTED_EDGE ( 'NONE', *, *, #1716, .F. ) ;
#1590 = ORIENTED_EDGE ( 'NONE', *, *, #2381, .F. ) ;
#1591 = LINE ( 'NONE', #2257, #1220 ) ;
#1592 = DIRECTION ( 'NONE',  ( -1.000000000000000000, -0.000000000000000000, -0.000000000000000000 ) ) ;
#1593 = EDGE_CURVE ( 'NONE', #917, #1121, #706, .T. ) ;
#1594 = EDGE_LOOP ( 'NONE', ( #1103, #1129, #161, #183 ) ) ;
#1595 = CARTESIAN_POINT ( 'NONE',  ( -4.832232083118171317, -10.05694419705314324, 3.500000000000254463 ) ) ;
#1596 = EDGE_CURVE ( 'NONE', #715, #2062, #2369, .T. ) ;
#1597 = DIRECTION ( 'NONE',  ( -1.000000000000000000, 0.000000000000000000, -0.000000000000000000 ) ) ;
#1598 = CARTESIAN_POINT ( 'NONE',  ( 26.27554745711413631, 26.47204648586428277, 3.500000000000254907 ) ) ;
#1599 = DIRECTION ( 'NONE',  ( -1.000000000000000000, 0.000000000000000000, 0.000000000000000000 ) ) ;
#1600 = VERTEX_POINT ( 'NONE', #1953 ) ;
#1601 = AXIS2_PLACEMENT_3D ( 'NONE', #301, #1082, #717 ) ;
#1602 = ORIENTED_EDGE ( 'NONE', *, *, #993, .F. ) ;
#1603 = DIRECTION ( 'NONE',  ( 0.000000000000000000, 0.000000000000000000, 1.000000000000000000 ) ) ;
#1604 = VECTOR ( 'NONE', #1989, 1000.000000000000000 ) ;
#1605 = ORIENTED_EDGE ( 'NONE', *, *, #1150, .F. ) ;
#1606 = ORIENTED_EDGE ( 'NONE', *, *, #1497, .F. ) ;
#1607 = CARTESIAN_POINT ( 'NONE',  ( 21.63307053910937228, 0.000000000000000000, 5.500000000000254907 ) ) ;
#1608 = VECTOR ( 'NONE', #386, 1000.000000000000000 ) ;
#1609 = CARTESIAN_POINT ( 'NONE',  ( -27.15895618077229656, -25.41574088011293853, 3.500000000000254463 ) ) ;
#1610 = CIRCLE ( 'NONE', #391, 2.884907527397808202 ) ;
#1611 = EDGE_LOOP ( 'NONE', ( #2119, #2304, #1776, #240, #756, #1380, #1605, #2353, #636, #1956 ) ) ;
#1612 = LINE ( 'NONE', #2409, #2055 ) ;
#1613 = ADVANCED_FACE ( 'NONE', ( #2164 ), #1083, .F. ) ;
#1614 = VECTOR ( 'NONE', #815, 1000.000000000000114 ) ;
#1615 = FACE_OUTER_BOUND ( 'NONE', #128, .T. ) ;
#1616 = ADVANCED_FACE ( 'NONE', ( #465, #667 ), #915, .F. ) ;
#1617 = PLANE ( 'NONE',  #830 ) ;
#1618 = ORIENTED_EDGE ( 'NONE', *, *, #2467, .F. ) ;
#1619 = CARTESIAN_POINT ( 'NONE',  ( 17.42668493753810210, -24.56742071713507158, 13.50000000000025402 ) ) ;
#1620 = CARTESIAN_POINT ( 'NONE',  ( -23.21295638980803844, -27.74939533400519309, 3.500000000000254907 ) ) ;
#1621 = ORIENTED_EDGE ( 'NONE', *, *, #742, .T. ) ;
#1622 = VERTEX_POINT ( 'NONE', #2379 ) ;
#1623 = DIRECTION ( 'NONE',  ( 0.000000000000000000, -0.000000000000000000, -1.000000000000000000 ) ) ;
#1624 = CARTESIAN_POINT ( 'NONE',  ( -15.78115606453545183, 33.50704633327629978, 0.000000000000000000 ) ) ;
#1625 = VERTEX_POINT ( 'NONE', #1334 ) ;
#1626 = CARTESIAN_POINT ( 'NONE',  ( 17.42668493753810210, -27.73684457774396250, 3.500000000000254463 ) ) ;
#1627 = CARTESIAN_POINT ( 'NONE',  ( 15.83391402965598971, -31.90667106098782213, 0.000000000000000000 ) ) ;
#1628 = DIRECTION ( 'NONE',  ( -1.000000000000000000, 0.000000000000000000, 0.000000000000000000 ) ) ;
#1629 = CARTESIAN_POINT ( 'NONE',  ( 15.80425832420069554, -24.56742071713507158, 13.50000000000025402 ) ) ;
#1630 = EDGE_CURVE ( 'NONE', #1065, #1297, #1610, .T. ) ;
#1631 = ORIENTED_EDGE ( 'NONE', *, *, #2614, .F. ) ;
#1632 = CARTESIAN_POINT ( 'NONE',  ( 21.63307053910937228, 19.16617699716827872, -8.159750702876424455 ) ) ;
#1633 = ORIENTED_EDGE ( 'NONE', *, *, #2038, .T. ) ;
#1634 = ORIENTED_EDGE ( 'NONE', *, *, #2220, .F. ) ;
#1635 = CARTESIAN_POINT ( 'NONE',  ( -23.21295638980803844, -27.74939533400519309, 5.500000000000254907 ) ) ;
#1636 = EDGE_LOOP ( 'NONE', ( #196, #114, #802, #822, #325, #899, #1731, #2478, #157, #1576 ) ) ;
#1637 = CARTESIAN_POINT ( 'NONE',  ( 0.000000000000000000, -2.567958942245283982, 3.500000000000254907 ) ) ;
#1638 = DIRECTION ( 'NONE',  ( 0.000000000000000000, 0.000000000000000000, -1.000000000000000000 ) ) ;
#1639 = LINE ( 'NONE', #2472, #478 ) ;
#1640 = CARTESIAN_POINT ( 'NONE',  ( 17.42668493753810210, -27.77046216421287994, 13.50000000000025402 ) ) ;
#1641 = EDGE_LOOP ( 'NONE', ( #2288, #1494, #1206, #1935, #932 ) ) ;
#1642 =( NAMED_UNIT ( * ) SI_UNIT ( $, .STERADIAN. ) SOLID_ANGLE_UNIT ( ) );
#1643 = ADVANCED_FACE ( 'NONE', ( #859 ), #1913, .F. ) ;
#1644 = ORIENTED_EDGE ( 'NONE', *, *, #1827, .T. ) ;
#1645 = ORIENTED_EDGE ( 'NONE', *, *, #2201, .T. ) ;
#1646 = LINE ( 'NONE', #623, #1174 ) ;
#1647 = EDGE_CURVE ( 'NONE', #1008, #966, #1492, .T. ) ;
#1648 = VECTOR ( 'NONE', #761, 1000.000000000000000 ) ;
#1649 = CIRCLE ( 'NONE', #473, 3.499999999999999556 ) ;
#1650 = VERTEX_POINT ( 'NONE', #2332 ) ;
#1651 = CARTESIAN_POINT ( 'NONE',  ( -28.34207081830833630, 0.000000000000000000, 5.500000000000254907 ) ) ;
#1652 = AXIS2_PLACEMENT_3D ( 'NONE', #361, #1196, #969 ) ;
#1653 = CIRCLE ( 'NONE', #1527, 1.469701195442388197 ) ;
#1654 = PLANE ( 'NONE',  #1872 ) ;
#1655 = CARTESIAN_POINT ( 'NONE',  ( -0.000000000000000000, 1.247652906881897339, 5.500000000000254907 ) ) ;
#1656 = CIRCLE ( 'NONE', #609, 3.499999999999999556 ) ;
#1657 = ORIENTED_EDGE ( 'NONE', *, *, #2534, .T. ) ;
#1658 = DIRECTION ( 'NONE',  ( -1.000000000000000000, 0.000000000000000000, -0.000000000000000000 ) ) ;
#1659 = AXIS2_PLACEMENT_3D ( 'NONE', #737, #334, #577 ) ;
#1660 = EDGE_CURVE ( 'NONE', #2008, #22, #43, .T. ) ;
#1661 = ORIENTED_EDGE ( 'NONE', *, *, #1270, .F. ) ;
#1662 = PLANE ( 'NONE',  #2520 ) ;
#1663 = ADVANCED_FACE ( 'NONE', ( #1928 ), #517, .F. ) ;
#1664 = ORIENTED_EDGE ( 'NONE', *, *, #530, .F. ) ;
#1665 = DIRECTION ( 'NONE',  ( -0.000000000000000000, -0.000000000000000000, 1.000000000000000000 ) ) ;
#1666 = CARTESIAN_POINT ( 'NONE',  ( -7.048924665772278608, -12.76549989963824139, 3.500000000000254463 ) ) ;
#1667 = CARTESIAN_POINT ( 'NONE',  ( 15.83391402965598971, -31.90667106098782213, 0.000000000000000000 ) ) ;
#1668 = LINE ( 'NONE', #1640, #177 ) ;
#1669 = ORIENTED_EDGE ( 'NONE', *, *, #205, .T. ) ;
#1670 = CARTESIAN_POINT ( 'NONE',  ( -23.21295638980803844, -36.49533803050918124, 5.500000000000254907 ) ) ;
#1671 = CARTESIAN_POINT ( 'NONE',  ( 12.27641530783898638, 33.50704633327629978, 3.500000000000254907 ) ) ;
#1672 = CARTESIAN_POINT ( 'NONE',  ( -0.9934448250388319135, 0.000000000000000000, 3.500000000000254463 ) ) ;
#1673 = ORIENTED_EDGE ( 'NONE', *, *, #961, .T. ) ;
#1674 = VERTEX_POINT ( 'NONE', #1375 ) ;
#1675 = CARTESIAN_POINT ( 'NONE',  ( 21.63307053910937228, 22.35521482882545286, -3.469446951953614189E-15 ) ) ;
#1676 = VERTEX_POINT ( 'NONE', #2589 ) ;
#1677 = PLANE ( 'NONE',  #1437 ) ;
#1678 = ADVANCED_FACE ( 'NONE', ( #2189 ), #2215, .F. ) ;
#1679 = DIRECTION ( 'NONE',  ( -1.000000000000000000, 0.000000000000000000, 0.000000000000000000 ) ) ;
#1680 = DIRECTION ( 'NONE',  ( -0.000000000000000000, 0.000000000000000000, -1.000000000000000000 ) ) ;
#1681 = EDGE_CURVE ( 'NONE', #1551, #1030, #749, .T. ) ;
#1682 = ORIENTED_EDGE ( 'NONE', *, *, #329, .F. ) ;
#1683 = CARTESIAN_POINT ( 'NONE',  ( -19.48849902806611212, 33.50704633327629978, 0.000000000000000000 ) ) ;
#1684 = PLANE ( 'NONE',  #2006 ) ;
#1685 = LINE ( 'NONE', #1624, #1390 ) ;
#1686 = ORIENTED_EDGE ( 'NONE', *, *, #2293, .T. ) ;
#1687 = DIRECTION ( 'NONE',  ( -1.000000000000000000, 0.000000000000000000, 0.000000000000000000 ) ) ;
#1688 = ORIENTED_EDGE ( 'NONE', *, *, #408, .F. ) ;
#1689 = VECTOR ( 'NONE', #2681, 1000.000000000000000 ) ;
#1690 = FACE_OUTER_BOUND ( 'NONE', #137, .T. ) ;
#1691 = AXIS2_PLACEMENT_3D ( 'NONE', #61, #2597, #51 ) ;
#1692 = EDGE_CURVE ( 'NONE', #743, #1414, #760, .T. ) ;
#1693 = CARTESIAN_POINT ( 'NONE',  ( -0.4822320831181711731, -10.05694419705314324, 6.000000000000254907 ) ) ;
#1694 = CARTESIAN_POINT ( 'NONE',  ( 0.000000000000000000, 0.000000000000000000, 5.500000000000254907 ) ) ;
#1695 = VECTOR ( 'NONE', #2242, 1000.000000000000000 ) ;
#1696 = CARTESIAN_POINT ( 'NONE',  ( 0.000000000000000000, 0.000000000000000000, 3.500000000000254907 ) ) ;
#1697 = VECTOR ( 'NONE', #180, 1000.000000000000000 ) ;
#1698 = EDGE_CURVE ( 'NONE', #542, #1302, #2202, .T. ) ;
#1699 = EDGE_LOOP ( 'NONE', ( #975, #2334, #2161, #2705 ) ) ;
#1700 = CARTESIAN_POINT ( 'NONE',  ( -31.01021694961223929, -24.73533803050917967, -8.159750702876424455 ) ) ;
#1701 = DIRECTION ( 'NONE',  ( 1.075484249221790244E-16, -1.000000000000000000, 0.000000000000000000 ) ) ;
#1702 = DIRECTION ( 'NONE',  ( 1.000000000000000000, 0.000000000000000000, 0.000000000000000000 ) ) ;
#1703 = VECTOR ( 'NONE', #584, 1000.000000000000000 ) ;
#1704 = VECTOR ( 'NONE', #1043, 1000.000000000000000 ) ;
#1705 = EDGE_LOOP ( 'NONE', ( #1329, #1633, #1853, #841 ) ) ;
#1706 = ORIENTED_EDGE ( 'NONE', *, *, #842, .F. ) ;
#1707 = ORIENTED_EDGE ( 'NONE', *, *, #1029, .F. ) ;
#1708 = PLANE ( 'NONE',  #2012 ) ;
#1709 = PLANE ( 'NONE',  #1601 ) ;
#1710 = FACE_OUTER_BOUND ( 'NONE', #852, .T. ) ;
#1711 = CARTESIAN_POINT ( 'NONE',  ( 17.42668493753810210, -24.56742071713507158, 13.50000000000025402 ) ) ;
#1712 = ORIENTED_EDGE ( 'NONE', *, *, #59, .T. ) ;
#1713 = DIRECTION ( 'NONE',  ( -0.000000000000000000, 0.000000000000000000, 1.000000000000000000 ) ) ;
#1714 = CARTESIAN_POINT ( 'NONE',  ( -23.21295638980803844, 25.37803181733859503, 5.500000000000254907 ) ) ;
#1715 = CARTESIAN_POINT ( 'NONE',  ( 17.42668493753810210, 9.628561104224484524, 3.500000000000254463 ) ) ;
#1716 = EDGE_CURVE ( 'NONE', #21, #2438, #344, .T. ) ;
#1717 = VERTEX_POINT ( 'NONE', #532 ) ;
#1718 = UNCERTAINTY_MEASURE_WITH_UNIT (LENGTH_MEASURE( 1.000000000000000082E-05 ), #249, 'distance_accuracy_value', 'NONE');
#1719 = LINE ( 'NONE', #500, #207 ) ;
#1720 = EDGE_CURVE ( 'NONE', #436, #1221, #1813, .T. ) ;
#1721 = VERTEX_POINT ( 'NONE', #732 ) ;
#1722 = CYLINDRICAL_SURFACE ( 'NONE', #1003, 5.250000000000000000 ) ;
#1723 = FACE_OUTER_BOUND ( 'NONE', #1882, .T. ) ;
#1724 = VERTEX_POINT ( 'NONE', #138 ) ;
#1725 = LINE ( 'NONE', #2335, #2174 ) ;
#1726 = CARTESIAN_POINT ( 'NONE',  ( 0.000000000000000000, -25.41574088011293853, 3.500000000000254463 ) ) ;
#1727 = ORIENTED_EDGE ( 'NONE', *, *, #59, .F. ) ;
#1728 = VERTEX_POINT ( 'NONE', #2431 ) ;
#1729 = CARTESIAN_POINT ( 'NONE',  ( -28.34161846380722238, 14.75666087085782507, 5.500000000000254907 ) ) ;
#1730 = EDGE_CURVE ( 'NONE', #962, #338, #2644, .T. ) ;
#1731 = ORIENTED_EDGE ( 'NONE', *, *, #425, .T. ) ;
#1732 = ADVANCED_FACE ( 'NONE', ( #1800 ), #1149, .T. ) ;
#1733 = DIRECTION ( 'NONE',  ( -0.000000000000000000, -0.000000000000000000, -1.000000000000000000 ) ) ;
#1734 = CIRCLE ( 'NONE', #554, 1.469701195442388197 ) ;
#1735 = DIRECTION ( 'NONE',  ( -1.000000000000000000, 0.000000000000000000, 0.000000000000000000 ) ) ;
#1736 = AXIS2_PLACEMENT_3D ( 'NONE', #674, #1343, #726 ) ;
#1737 = ORIENTED_EDGE ( 'NONE', *, *, #878, .F. ) ;
#1738 = VECTOR ( 'NONE', #2205, 1000.000000000000000 ) ;
#1739 = CARTESIAN_POINT ( 'NONE',  ( 21.63307053910937228, 19.16617699716827872, 3.500000000000254463 ) ) ;
#1740 = AXIS2_PLACEMENT_3D ( 'NONE', #1637, #2706, #1245 ) ;
#1741 = ORIENTED_EDGE ( 'NONE', *, *, #2497, .T. ) ;
#1742 = DIRECTION ( 'NONE',  ( -0.1150251336816975473, -0.9933625816495744720, 0.000000000000000000 ) ) ;
#1743 = VECTOR ( 'NONE', #1878, 1000.000000000000000 ) ;
#1744 = EDGE_CURVE ( 'NONE', #1937, #2470, #153, .T. ) ;
#1745 = EDGE_LOOP ( 'NONE', ( #2210, #1326, #1190, #133 ) ) ;
#1746 = EDGE_CURVE ( 'NONE', #1676, #1171, #1612, .T. ) ;
#1747 = CARTESIAN_POINT ( 'NONE',  ( 0.000000000000000000, 0.000000000000000000, 5.500000000000254907 ) ) ;
#1748 = DIRECTION ( 'NONE',  ( 1.000000000000000000, 0.000000000000000000, 0.000000000000000000 ) ) ;
#1749 = ORIENTED_EDGE ( 'NONE', *, *, #1376, .F. ) ;
#1750 = LINE ( 'NONE', #1088, #2264 ) ;
#1751 = DIRECTION ( 'NONE',  ( -0.000000000000000000, -0.000000000000000000, 1.000000000000000000 ) ) ;
#1752 = DIRECTION ( 'NONE',  ( -0.000000000000000000, 0.000000000000000000, -1.000000000000000000 ) ) ;
#1753 = ORIENTED_EDGE ( 'NONE', *, *, #2168, .T. ) ;
#1754 = EDGE_LOOP ( 'NONE', ( #367, #1673, #1244, #2194 ) ) ;
#1755 = CARTESIAN_POINT ( 'NONE',  ( 20.00229512255086206, 28.50704633327629978, 5.500000000000254907 ) ) ;
#1756 = ORIENTED_EDGE ( 'NONE', *, *, #1246, .F. ) ;
#1757 = FACE_OUTER_BOUND ( 'NONE', #1086, .T. ) ;
#1758 = FACE_OUTER_BOUND ( 'NONE', #1422, .T. ) ;
#1759 = FACE_OUTER_BOUND ( 'NONE', #2457, .T. ) ;
#1760 = ADVANCED_FACE ( 'NONE', ( #1759 ), #119, .T. ) ;
#1761 = DIRECTION ( 'NONE',  ( 0.000000000000000000, -1.000000000000000000, 0.000000000000000000 ) ) ;
#1762 = ADVANCED_FACE ( 'NONE', ( #1971 ), #1995, .T. ) ;
#1763 = ORIENTED_EDGE ( 'NONE', *, *, #2508, .T. ) ;
#1764 = VERTEX_POINT ( 'NONE', #927 ) ;
#1765 = FACE_BOUND ( 'NONE', #1636, .T. ) ;
#1766 = EDGE_LOOP ( 'NONE', ( #1399, #160, #748, #2350 ) ) ;
#1767 = CARTESIAN_POINT ( 'NONE',  ( -28.34161846380722238, 14.75666087085782507, 18.50000000000025224 ) ) ;
#1768 = DIRECTION ( 'NONE',  ( -1.000000000000000000, -1.075484249221790244E-16, 0.000000000000000000 ) ) ;
#1769 = EDGE_CURVE ( 'NONE', #366, #1869, #870, .T. ) ;
#1770 = DIRECTION ( 'NONE',  ( -0.1923122843527269865, 0.9813337787353677566, -0.000000000000000000 ) ) ;
#1771 = LINE ( 'NONE', #778, #1738 ) ;
#1772 = AXIS2_PLACEMENT_3D ( 'NONE', #96, #1555, #2190 ) ;
#1773 = DIRECTION ( 'NONE',  ( 1.000000000000000000, 1.636130704980173554E-16, 0.000000000000000000 ) ) ;
#1774 = ADVANCED_FACE ( 'NONE', ( #1572 ), #1554, .F. ) ;
#1775 = AXIS2_PLACEMENT_3D ( 'NONE', #1401, #1796, #1582 ) ;
#1776 = ORIENTED_EDGE ( 'NONE', *, *, #1859, .T. ) ;
#1777 = CARTESIAN_POINT ( 'NONE',  ( -0.4822320831181711731, -10.05694419705314324, 6.000000000000254907 ) ) ;
#1778 = CARTESIAN_POINT ( 'NONE',  ( -31.38207081830833545, -27.74939533400519309, 3.500000000000254907 ) ) ;
#1779 = VECTOR ( 'NONE', #1089, 1000.000000000000000 ) ;
#1780 = VECTOR ( 'NONE', #588, 1000.000000000000000 ) ;
#1781 = VERTEX_POINT ( 'NONE', #951 ) ;
#1782 = ORIENTED_EDGE ( 'NONE', *, *, #1897, .T. ) ;
#1783 = CARTESIAN_POINT ( 'NONE',  ( 26.27883179831746219, -27.77046216421287994, 13.50000000000025402 ) ) ;
#1784 = CARTESIAN_POINT ( 'NONE',  ( -28.34207081830833630, 17.27078668038027232, 3.500000000000254463 ) ) ;
#1785 = AXIS2_PLACEMENT_3D ( 'NONE', #1542, #80, #1080 ) ;
#1786 = VECTOR ( 'NONE', #2018, 1000.000000000000000 ) ;
#1787 = DIRECTION ( 'NONE',  ( 1.000000000000000000, 0.000000000000000000, 0.000000000000000000 ) ) ;
#1788 = CARTESIAN_POINT ( 'NONE',  ( 26.27883179831746219, 22.35521482882545286, -8.159750702876424455 ) ) ;
#1789 = CARTESIAN_POINT ( 'NONE',  ( 17.42668493753810210, -24.56742071713507158, 13.50000000000025402 ) ) ;
#1790 = FACE_OUTER_BOUND ( 'NONE', #2640, .T. ) ;
#1791 = ORIENTED_EDGE ( 'NONE', *, *, #2626, .F. ) ;
#1792 = PRESENTATION_STYLE_ASSIGNMENT (( #960 ) ) ;
#1793 = EDGE_CURVE ( 'NONE', #1113, #1949, #777, .T. ) ;
#1794 = EDGE_LOOP ( 'NONE', ( #370, #1926, #484, #2657, #2616, #1822 ) ) ;
#1795 = ORIENTED_EDGE ( 'NONE', *, *, #842, .T. ) ;
#1796 = DIRECTION ( 'NONE',  ( -0.000000000000000000, -0.000000000000000000, -1.000000000000000000 ) ) ;
#1797 = CARTESIAN_POINT ( 'NONE',  ( 21.63307053910937228, 22.35521482882545286, -8.159750702876424455 ) ) ;
#1798 = EDGE_CURVE ( 'NONE', #2255, #1600, #1259, .T. ) ;
#1799 = ORIENTED_EDGE ( 'NONE', *, *, #2216, .T. ) ;
#1800 = FACE_OUTER_BOUND ( 'NONE', #2685, .T. ) ;
#1801 = CARTESIAN_POINT ( 'NONE',  ( 19.86289655596839054, 32.86108385261967868, 5.500000000000254907 ) ) ;
#1802 = DIRECTION ( 'NONE',  ( 1.000000000000000000, 0.000000000000000000, -0.000000000000000000 ) ) ;
#1803 = LINE ( 'NONE', #763, #956 ) ;
#1804 = ORIENTED_EDGE ( 'NONE', *, *, #2300, .T. ) ;
#1805 = LINE ( 'NONE', #1620, #1604 ) ;
#1806 = ADVANCED_FACE ( 'NONE', ( #2674 ), #2314, .F. ) ;
#1807 = VERTEX_POINT ( 'NONE', #384 ) ;
#1808 = EDGE_LOOP ( 'NONE', ( #2051, #716, #535, #1799, #2585, #784 ) ) ;
#1809 = CARTESIAN_POINT ( 'NONE',  ( -8.332232083118171317, -10.05694419705314324, 6.000000000000254907 ) ) ;
#1810 = DIRECTION ( 'NONE',  ( -0.000000000000000000, -0.000000000000000000, 1.000000000000000000 ) ) ;
#1811 = EDGE_CURVE ( 'NONE', #672, #63, #1458, .T. ) ;
#1812 = ORIENTED_EDGE ( 'NONE', *, *, #1264, .F. ) ;
#1813 = LINE ( 'NONE', #1177, #2566 ) ;
#1814 = PLANE ( 'NONE',  #212 ) ;
#1815 = CARTESIAN_POINT ( 'NONE',  ( -8.332232083118171317, -10.05694419705314324, 3.500000000000254463 ) ) ;
#1816 = AXIS2_PLACEMENT_3D ( 'NONE', #336, #129, #959 ) ;
#1817 = ORIENTED_EDGE ( 'NONE', *, *, #329, .T. ) ;
#1818 = VECTOR ( 'NONE', #1348, 1000.000000000000227 ) ;
#1819 = CARTESIAN_POINT ( 'NONE',  ( 15.80425832420069554, -29.30011630742320605, 5.500000000000254907 ) ) ;
#1820 = PLANE ( 'NONE',  #1821 ) ;
#1821 = AXIS2_PLACEMENT_3D ( 'NONE', #130, #1588, #1398 ) ;
#1822 = ORIENTED_EDGE ( 'NONE', *, *, #2663, .T. ) ;
#1823 = ORIENTED_EDGE ( 'NONE', *, *, #28, .T. ) ;
#1824 = CARTESIAN_POINT ( 'NONE',  ( 21.63307053910937228, 22.35521482882545286, 3.500000000000254907 ) ) ;
#1825 = VECTOR ( 'NONE', #581, 1000.000000000000000 ) ;
#1826 = DIRECTION ( 'NONE',  ( -1.000000000000000000, 0.000000000000000000, 0.000000000000000000 ) ) ;
#1827 = EDGE_CURVE ( 'NONE', #853, #1008, #2471, .T. ) ;
#1828 = VECTOR ( 'NONE', #981, 1000.000000000000000 ) ;
#1829 = ORIENTED_EDGE ( 'NONE', *, *, #1392, .T. ) ;
#1830 = FACE_OUTER_BOUND ( 'NONE', #337, .T. ) ;
#1831 = AXIS2_PLACEMENT_3D ( 'NONE', #310, #701, #1752 ) ;
#1832 = ADVANCED_FACE ( 'NONE', ( #1830 ), #599, .F. ) ;
#1833 = CIRCLE ( 'NONE', #2485, 4.356268435279794460 ) ;
#1834 = CARTESIAN_POINT ( 'NONE',  ( -2.511174298210562483, -13.29805609406240841, 3.500000000000254463 ) ) ;
#1835 = CARTESIAN_POINT ( 'NONE',  ( -7.048924665772278608, -12.76549989963824139, 3.500000000000254463 ) ) ;
#1836 = FACE_OUTER_BOUND ( 'NONE', #1215, .T. ) ;
#1837 = DIRECTION ( 'NONE',  ( -1.000000000000000000, 0.000000000000000000, -0.000000000000000000 ) ) ;
#1838 = CARTESIAN_POINT ( 'NONE',  ( -15.78115606453544828, 1.247652906881897339, 3.500000000000254463 ) ) ;
#1839 = ORIENTED_EDGE ( 'NONE', *, *, #2415, .F. ) ;
#1840 = ORIENTED_EDGE ( 'NONE', *, *, #1965, .F. ) ;
#1841 = FACE_OUTER_BOUND ( 'NONE', #713, .T. ) ;
#1842 = DIRECTION ( 'NONE',  ( 0.000000000000000000, 0.000000000000000000, 1.000000000000000000 ) ) ;
#1843 = EDGE_CURVE ( 'NONE', #917, #2143, #407, .T. ) ;
#1844 = DIRECTION ( 'NONE',  ( 1.000000000000000000, 0.000000000000000000, 0.000000000000000000 ) ) ;
#1845 = LINE ( 'NONE', #2677, #1346 ) ;
#1846 = LINE ( 'NONE', #423, #1440 ) ;
#1847 = EDGE_CURVE ( 'NONE', #1991, #2470, #13, .T. ) ;
#1848 = EDGE_LOOP ( 'NONE', ( #1712, #1961, #432, #296, #2610 ) ) ;
#1849 = PLANE ( 'NONE',  #992 ) ;
#1850 = LINE ( 'NONE', #1252, #821 ) ;
#1851 = VERTEX_POINT ( 'NONE', #625 ) ;
#1852 = CARTESIAN_POINT ( 'NONE',  ( -1.332232083118171317, -10.05694419705314324, 3.500000000000254463 ) ) ;
#1853 = ORIENTED_EDGE ( 'NONE', *, *, #1427, .T. ) ;
#1854 = VERTEX_POINT ( 'NONE', #398 ) ;
#1855 = CARTESIAN_POINT ( 'NONE',  ( -22.03115606453544828, 14.75666087085782507, 6.427351523821688062 ) ) ;
#1856 = CARTESIAN_POINT ( 'NONE',  ( 1.763271489526741125E-15, -13.29805609406240841, 5.500000000000254907 ) ) ;
#1857 = CARTESIAN_POINT ( 'NONE',  ( 17.42792918169166327, -36.49533803050918124, 5.500000000000254907 ) ) ;
#1858 = LINE ( 'NONE', #604, #1138 ) ;
#1859 = EDGE_CURVE ( 'NONE', #698, #781, #1180, .T. ) ;
#1860 = ORIENTED_EDGE ( 'NONE', *, *, #1546, .F. ) ;
#1861 = CARTESIAN_POINT ( 'NONE',  ( 19.21454663313912903, 33.50704633327629978, 5.500000000000254907 ) ) ;
#1862 = CARTESIAN_POINT ( 'NONE',  ( -7.733558274890649287, -13.29805609406241018, 5.500000000000254907 ) ) ;
#1863 = EDGE_CURVE ( 'NONE', #492, #46, #1656, .T. ) ;
#1864 = AXIS2_PLACEMENT_3D ( 'NONE', #399, #1208, #1000 ) ;
#1865 = VERTEX_POINT ( 'NONE', #2057 ) ;
#1866 = ORIENTED_EDGE ( 'NONE', *, *, #1102, .T. ) ;
#1867 = AXIS2_PLACEMENT_3D ( 'NONE', #1755, #1512, #1976 ) ;
#1868 = AXIS2_PLACEMENT_3D ( 'NONE', #490, #2376, #1330 ) ;
#1869 = VERTEX_POINT ( 'NONE', #1855 ) ;
#1870 = DIRECTION ( 'NONE',  ( -0.000000000000000000, -0.000000000000000000, -1.000000000000000000 ) ) ;
#1871 = AXIS2_PLACEMENT_3D ( 'NONE', #348, #140, #1802 ) ;
#1872 = AXIS2_PLACEMENT_3D ( 'NONE', #1247, #2318, #2083 ) ;
#1873 = DIRECTION ( 'NONE',  ( -0.000000000000000000, -0.000000000000000000, -1.000000000000000000 ) ) ;
#1874 = FACE_OUTER_BOUND ( 'NONE', #934, .T. ) ;
#1875 = PLANE ( 'NONE',  #132 ) ;
#1876 = VECTOR ( 'NONE', #93, 1000.000000000000000 ) ;
#1877 = VECTOR ( 'NONE', #505, 1000.000000000000000 ) ;
#1878 = DIRECTION ( 'NONE',  ( 1.000000000000000000, 0.000000000000000000, 0.000000000000000000 ) ) ;
#1879 = ORIENTED_EDGE ( 'NONE', *, *, #1478, .T. ) ;
#1880 = ORIENTED_EDGE ( 'NONE', *, *, #1546, .T. ) ;
#1881 = EDGE_CURVE ( 'NONE', #2126, #446, #2461, .T. ) ;
#1882 = EDGE_LOOP ( 'NONE', ( #2003, #2536, #1525, #2240 ) ) ;
#1883 = EDGE_CURVE ( 'NONE', #46, #2092, #1222, .T. ) ;
#1884 = CARTESIAN_POINT ( 'NONE',  ( 26.27883179831746219, 22.35521482882545286, 0.000000000000000000 ) ) ;
#1885 = LINE ( 'NONE', #14, #2475 ) ;
#1886 = DIRECTION ( 'NONE',  ( 0.000000000000000000, -1.000000000000000000, 0.000000000000000000 ) ) ;
#1887 = PLANE ( 'NONE',  #44 ) ;
#1888 = ORIENTED_EDGE ( 'NONE', *, *, #578, .T. ) ;
#1889 = LINE ( 'NONE', #1861, #1689 ) ;
#1890 = CARTESIAN_POINT ( 'NONE',  ( -31.38207081830833545, 25.37803181733859503, 5.500000000000254907 ) ) ;
#1891 = ORIENTED_EDGE ( 'NONE', *, *, #94, .T. ) ;
#1892 = ORIENTED_EDGE ( 'NONE', *, *, #2374, .F. ) ;
#1893 = DIRECTION ( 'NONE',  ( -0.000000000000000000, -0.000000000000000000, -1.000000000000000000 ) ) ;
#1894 = EDGE_CURVE ( 'NONE', #781, #366, #1057, .T. ) ;
#1895 = ORIENTED_EDGE ( 'NONE', *, *, #263, .F. ) ;
#1896 = CYLINDRICAL_SURFACE ( 'NONE', #651, 4.349999999999999645 ) ;
#1897 = EDGE_CURVE ( 'NONE', #1176, #905, #1012, .T. ) ;
#1898 = DIRECTION ( 'NONE',  ( 1.000000000000000000, 0.000000000000000000, 0.000000000000000000 ) ) ;
#1899 = CARTESIAN_POINT ( 'NONE',  ( 12.27641530783898993, 0.000000000000000000, 5.500000000000254907 ) ) ;
#1900 = CARTESIAN_POINT ( 'NONE',  ( 0.000000000000000000, 0.000000000000000000, 0.000000000000000000 ) ) ;
#1901 = VERTEX_POINT ( 'NONE', #1884 ) ;
#1902 = DIRECTION ( 'NONE',  ( -0.000000000000000000, 1.000000000000000000, -0.000000000000000000 ) ) ;
#1903 = LINE ( 'NONE', #991, #2099 ) ;
#1904 = ORIENTED_EDGE ( 'NONE', *, *, #1427, .F. ) ;
#1905 = ORIENTED_EDGE ( 'NONE', *, *, #1883, .T. ) ;
#1906 = DIRECTION ( 'NONE',  ( 1.000000000000000000, -0.000000000000000000, -0.000000000000000000 ) ) ;
#1907 = ORIENTED_EDGE ( 'NONE', *, *, #1200, .F. ) ;
#1908 = AXIS2_PLACEMENT_3D ( 'NONE', #1423, #2265, #2063 ) ;
#1909 = DIRECTION ( 'NONE',  ( 1.000000000000000000, 0.000000000000000000, 0.000000000000000000 ) ) ;
#1910 = ADVANCED_FACE ( 'NONE', ( #844 ), #1677, .F. ) ;
#1911 = VECTOR ( 'NONE', #552, 1000.000000000000000 ) ;
#1912 = LINE ( 'NONE', #1568, #816 ) ;
#1913 = PLANE ( 'NONE',  #172 ) ;
#1914 = ADVANCED_FACE ( 'NONE', ( #1472 ), #2662, .F. ) ;
#1915 = VECTOR ( 'NONE', #548, 1000.000000000000227 ) ;
#1916 = APPLICATION_PROTOCOL_DEFINITION ( 'draft international standard', 'automotive_design', 1998, #2590 ) ;
#1917 = AXIS2_PLACEMENT_3D ( 'NONE', #832, #1038, #189 ) ;
#1918 = ORIENTED_EDGE ( 'NONE', *, *, #2355, .T. ) ;
#1919 = LINE ( 'NONE', #1714, #1306 ) ;
#1920 = EDGE_CURVE ( 'NONE', #2092, #33, #1310, .T. ) ;
#1921 = CARTESIAN_POINT ( 'NONE',  ( 17.42668493753810210, 9.628561104224484524, 13.50000000000025402 ) ) ;
#1922 = AXIS2_PLACEMENT_3D ( 'NONE', #851, #382, #2088 ) ;
#1923 = VECTOR ( 'NONE', #1575, 1000.000000000000114 ) ;
#1924 = ORIENTED_EDGE ( 'NONE', *, *, #693, .F. ) ;
#1925 = DIRECTION ( 'NONE',  ( 1.000000000000000000, -0.000000000000000000, -0.000000000000000000 ) ) ;
#1926 = ORIENTED_EDGE ( 'NONE', *, *, #1746, .F. ) ;
#1927 = CYLINDRICAL_SURFACE ( 'NONE', #479, 3.499999999999999556 ) ;
#1928 = FACE_OUTER_BOUND ( 'NONE', #186, .T. ) ;
#1929 = DIRECTION ( 'NONE',  ( -1.000000000000000000, -0.000000000000000000, -0.000000000000000000 ) ) ;
#1930 = EDGE_CURVE ( 'NONE', #498, #980, #2575, .T. ) ;
#1931 = CARTESIAN_POINT ( 'NONE',  ( -2.615539500464061362, -12.76549989963823961, 3.500000000000254463 ) ) ;
#1932 = CARTESIAN_POINT ( 'NONE',  ( 19.21454663313912903, 33.50704633327629978, 5.500000000000254907 ) ) ;
#1933 = ADVANCED_FACE ( 'NONE', ( #1275 ), #1722, .F. ) ;
#1934 = EDGE_LOOP ( 'NONE', ( #1069, #5, #1455, #1661 ) ) ;
#1935 = ORIENTED_EDGE ( 'NONE', *, *, #314, .F. ) ;
#1936 = CARTESIAN_POINT ( 'NONE',  ( -7.048924665772298148, -12.76549989963822718, 6.000000000000254907 ) ) ;
#1937 = VERTEX_POINT ( 'NONE', #275 ) ;
#1938 = CARTESIAN_POINT ( 'NONE',  ( -15.78115606453544828, -1.697238478191880734E-15, 3.500000000000254463 ) ) ;
#1939 = CARTESIAN_POINT ( 'NONE',  ( 20.00229512255086206, 28.50704633327629978, 6.000000000000254907 ) ) ;
#1940 = DIRECTION ( 'NONE',  ( 0.000000000000000000, 0.000000000000000000, -1.000000000000000000 ) ) ;
#1941 = VERTEX_POINT ( 'NONE', #286 ) ;
#1942 = DIRECTION ( 'NONE',  ( -1.000000000000000000, 0.000000000000000000, 0.000000000000000000 ) ) ;
#1943 = FACE_OUTER_BOUND ( 'NONE', #1501, .T. ) ;
#1944 = ADVANCED_FACE ( 'NONE', ( #1690 ), #2163, .F. ) ;
#1945 = ORIENTED_EDGE ( 'NONE', *, *, #857, .T. ) ;
#1946 = ORIENTED_EDGE ( 'NONE', *, *, #688, .T. ) ;
#1947 = CARTESIAN_POINT ( 'NONE',  ( -15.78115606453545183, 33.50704633327629978, 18.50000000000025224 ) ) ;
#1948 = ADVANCED_FACE ( 'NONE', ( #64 ), #1927, .F. ) ;
#1949 = VERTEX_POINT ( 'NONE', #1109 ) ;
#1950 = ORIENTED_EDGE ( 'NONE', *, *, #2698, .T. ) ;
#1951 = DIRECTION ( 'NONE',  ( -0.000000000000000000, -0.000000000000000000, 1.000000000000000000 ) ) ;
#1952 = AXIS2_PLACEMENT_3D ( 'NONE', #935, #2172, #2538 ) ;
#1953 = CARTESIAN_POINT ( 'NONE',  ( 17.42668493753810210, -24.56742071713507158, 5.500000000000254907 ) ) ;
#1954 =( NAMED_UNIT ( * ) PLANE_ANGLE_UNIT ( ) SI_UNIT ( $, .RADIAN. ) );
#1955 = VECTOR ( 'NONE', #145, 1000.000000000000000 ) ;
#1956 = ORIENTED_EDGE ( 'NONE', *, *, #1847, .T. ) ;
#1957 = VECTOR ( 'NONE', #291, 1000.000000000000000 ) ;
#1958 = CYLINDRICAL_SURFACE ( 'NONE', #1085, 1.638047801884704668 ) ;
#1959 = CARTESIAN_POINT ( 'NONE',  ( 15.80425832420069554, -24.56742071713507158, 13.50000000000025402 ) ) ;
#1960 = DIRECTION ( 'NONE',  ( 0.000000000000000000, 0.000000000000000000, -1.000000000000000000 ) ) ;
#1961 = ORIENTED_EDGE ( 'NONE', *, *, #1579, .T. ) ;
#1962 = ORIENTED_EDGE ( 'NONE', *, *, #94, .F. ) ;
#1963 = DIRECTION ( 'NONE',  ( -0.000000000000000000, -0.000000000000000000, 1.000000000000000000 ) ) ;
#1964 = PRODUCT_DEFINITION_FORMATION_WITH_SPECIFIED_SOURCE ( 'ANY', '', #1990, .NOT_KNOWN. ) ;
#1965 = EDGE_CURVE ( 'NONE', #1724, #143, #245, .T. ) ;
#1966 = ORIENTED_EDGE ( 'NONE', *, *, #677, .T. ) ;
#1967 = EDGE_LOOP ( 'NONE', ( #2186, #1904 ) ) ;
#1968 = DIRECTION ( 'NONE',  ( 0.000000000000000000, 0.000000000000000000, -1.000000000000000000 ) ) ;
#1969 = LINE ( 'NONE', #1797, #694 ) ;
#1970 = EDGE_CURVE ( 'NONE', #2107, #1676, #2184, .T. ) ;
#1971 = FACE_OUTER_BOUND ( 'NONE', #2251, .T. ) ;
#1972 = DIRECTION ( 'NONE',  ( 0.4874447296633043214, 0.8731538441325606970, 0.000000000000000000 ) ) ;
#1973 = DIRECTION ( 'NONE',  ( 1.000000000000000000, 0.000000000000000000, 0.000000000000000000 ) ) ;
#1974 = ORIENTED_EDGE ( 'NONE', *, *, #961, .F. ) ;
#1975 = ORIENTED_EDGE ( 'NONE', *, *, #396, .T. ) ;
#1976 = DIRECTION ( 'NONE',  ( 1.000000000000000000, 0.000000000000000000, 0.000000000000000000 ) ) ;
#1977 = ORIENTED_EDGE ( 'NONE', *, *, #2432, .F. ) ;
#1978 = ORIENTED_EDGE ( 'NONE', *, *, #890, .F. ) ;
#1979 = LINE ( 'NONE', #2406, #2217 ) ;
#1980 = CARTESIAN_POINT ( 'NONE',  ( 21.63307053910937228, 19.16617699716827872, 0.000000000000000000 ) ) ;
#1981 = ADVANCED_FACE ( 'NONE', ( #1312 ), #437, .F. ) ;
#1982 = DIRECTION ( 'NONE',  ( -0.000000000000000000, -0.000000000000000000, 1.000000000000000000 ) ) ;
#1983 = ADVANCED_FACE ( 'NONE', ( #705 ), #1896, .T. ) ;
#1984 = CARTESIAN_POINT ( 'NONE',  ( 20.00229512255086206, 28.50704633327629978, 3.500000000000254463 ) ) ;
#1985 = CARTESIAN_POINT ( 'NONE',  ( 17.42668493753810210, 4.209897802172800851, 13.50000000000025402 ) ) ;
#1986 = LINE ( 'NONE', #2582, #1006 ) ;
#1987 = ORIENTED_EDGE ( 'NONE', *, *, #723, .F. ) ;
#1988 = DIRECTION ( 'NONE',  ( -0.000000000000000000, -1.000000000000000000, -0.000000000000000000 ) ) ;
#1989 = DIRECTION ( 'NONE',  ( 0.000000000000000000, -1.000000000000000000, 0.000000000000000000 ) ) ;
#1990 = PRODUCT ( 'cubit3_support1', 'cubit3_support1', '', ( #2540 ) ) ;
#1991 = VERTEX_POINT ( 'NONE', #38 ) ;
#1992 = VERTEX_POINT ( 'NONE', #691 ) ;
#1993 = CARTESIAN_POINT ( 'NONE',  ( -31.38207081830833545, 17.27078668038027232, 5.500000000000254907 ) ) ;
#1994 = CARTESIAN_POINT ( 'NONE',  ( 21.63307053910937228, 9.628561104224484524, 3.500000000000254463 ) ) ;
#1995 = CYLINDRICAL_SURFACE ( 'NONE', #2398, 1.638047801884704668 ) ;
#1996 = ADVANCED_FACE ( 'NONE', ( #873 ), #1708, .F. ) ;
#1997 = PLANE ( 'NONE',  #2354 ) ;
#1998 = CARTESIAN_POINT ( 'NONE',  ( 15.80425832420069554, 4.209897802172800851, 5.500000000000254907 ) ) ;
#1999 = VECTOR ( 'NONE', #655, 1000.000000000000227 ) ;
#2000 = FACE_OUTER_BOUND ( 'NONE', #1808, .T. ) ;
#2001 = VECTOR ( 'NONE', #828, 1000.000000000000000 ) ;
#2002 = EDGE_CURVE ( 'NONE', #1311, #244, #2523, .T. ) ;
#2003 = ORIENTED_EDGE ( 'NONE', *, *, #2002, .F. ) ;
#2004 = VERTEX_POINT ( 'NONE', #1070 ) ;
#2005 = CARTESIAN_POINT ( 'NONE',  ( 15.80425832420069554, 9.628561104224484524, 13.50000000000025402 ) ) ;
#2006 = AXIS2_PLACEMENT_3D ( 'NONE', #209, #2490, #428 ) ;
#2007 = AXIS2_PLACEMENT_3D ( 'NONE', #774, #1768, #557 ) ;
#2008 = VERTEX_POINT ( 'NONE', #886 ) ;
#2009 = VERTEX_POINT ( 'NONE', #856 ) ;
#2010 = LINE ( 'NONE', #2672, #1911 ) ;
#2011 = CARTESIAN_POINT ( 'NONE',  ( 23.49496792174097948, 28.28069104220174879, 6.000000000000254907 ) ) ;
#2012 = AXIS2_PLACEMENT_3D ( 'NONE', #2537, #1529, #2368 ) ;
#2013 = ORIENTED_EDGE ( 'NONE', *, *, #1583, .T. ) ;
#2014 = VECTOR ( 'NONE', #1929, 1000.000000000000000 ) ;
#2015 = DIRECTION ( 'NONE',  ( -1.000000000000000000, 0.000000000000000000, 0.000000000000000000 ) ) ;
#2016 = CARTESIAN_POINT ( 'NONE',  ( 17.42668493753810210, 9.628561104224484524, 13.50000000000025402 ) ) ;
#2017 = CARTESIAN_POINT ( 'NONE',  ( -31.01021694961223929, -24.73533803050917967, 0.000000000000000000 ) ) ;
#2018 = DIRECTION ( 'NONE',  ( 0.000000000000000000, 1.000000000000000000, 0.000000000000000000 ) ) ;
#2019 = ADVANCED_FACE ( 'NONE', ( #653 ), #1502, .F. ) ;
#2020 = ORIENTED_EDGE ( 'NONE', *, *, #28, .F. ) ;
#2021 = ORIENTED_EDGE ( 'NONE', *, *, #913, .T. ) ;
#2022 = CARTESIAN_POINT ( 'NONE',  ( -9.182232083118170962, -10.05694419705314324, 6.000000000000254907 ) ) ;
#2023 = EDGE_CURVE ( 'NONE', #1949, #1113, #825, .T. ) ;
#2024 = ORIENTED_EDGE ( 'NONE', *, *, #8, .F. ) ;
#2025 = DIRECTION ( 'NONE',  ( -0.000000000000000000, 0.000000000000000000, 1.000000000000000000 ) ) ;
#2026 = CARTESIAN_POINT ( 'NONE',  ( -19.48849902806611212, 31.07466458926504060, 0.000000000000000000 ) ) ;
#2027 = DIRECTION ( 'NONE',  ( -0.000000000000000000, -0.000000000000000000, -1.000000000000000000 ) ) ;
#2028 = LINE ( 'NONE', #1140, #118 ) ;
#2029 = CARTESIAN_POINT ( 'NONE',  ( 17.42668493753810210, 9.628561104224484524, 5.500000000000254907 ) ) ;
#2030 = CARTESIAN_POINT ( 'NONE',  ( 20.10804646543001084, 32.61683666746147026, 3.500000000000254463 ) ) ;
#2031 = ORIENTED_EDGE ( 'NONE', *, *, #1112, .T. ) ;
#2032 = ORIENTED_EDGE ( 'NONE', *, *, #230, .F. ) ;
#2033 = CARTESIAN_POINT ( 'NONE',  ( 17.42792918169166327, -27.73684457774396250, 5.500000000000254907 ) ) ;
#2034 = EDGE_CURVE ( 'NONE', #22, #905, #936, .T. ) ;
#2035 = ORIENTED_EDGE ( 'NONE', *, *, #211, .T. ) ;
#2036 = ORIENTED_EDGE ( 'NONE', *, *, #926, .F. ) ;
#2037 = CARTESIAN_POINT ( 'NONE',  ( -7.733558274890649287, -13.29805609406241018, 5.500000000000254907 ) ) ;
#2038 = EDGE_CURVE ( 'NONE', #2269, #1231, #136, .T. ) ;
#2039 = DIRECTION ( 'NONE',  ( -1.000000000000000000, -0.000000000000000000, -0.000000000000000000 ) ) ;
#2040 = ORIENTED_EDGE ( 'NONE', *, *, #541, .F. ) ;
#2041 = CARTESIAN_POINT ( 'NONE',  ( 17.42668493753810210, 9.628561104224484524, 5.500000000000254907 ) ) ;
#2042 = CARTESIAN_POINT ( 'NONE',  ( -1.930905891345690906, -13.29805609406240841, 5.500000000000254907 ) ) ;
#2043 = DIRECTION ( 'NONE',  ( -1.000000000000000000, 0.000000000000000000, 0.000000000000000000 ) ) ;
#2044 = CARTESIAN_POINT ( 'NONE',  ( 0.000000000000000000, 17.27078668038027232, 3.500000000000254463 ) ) ;
#2045 = ORIENTED_EDGE ( 'NONE', *, *, #211, .F. ) ;
#2046 = VECTOR ( 'NONE', #2236, 1000.000000000000000 ) ;
#2047 = DIRECTION ( 'NONE',  ( 1.000000000000000000, 0.000000000000000000, 0.000000000000000000 ) ) ;
#2048 = CARTESIAN_POINT ( 'NONE',  ( -23.19584199159677596, 33.50704633327629978, 18.50000000000025224 ) ) ;
#2049 = VECTOR ( 'NONE', #2079, 1000.000000000000000 ) ;
#2050 = ORIENTED_EDGE ( 'NONE', *, *, #2300, .F. ) ;
#2051 = ORIENTED_EDGE ( 'NONE', *, *, #2274, .T. ) ;
#2052 = CYLINDRICAL_SURFACE ( 'NONE', #1775, 4.356268435279794460 ) ;
#2053 = VECTOR ( 'NONE', #1751, 1000.000000000000000 ) ;
#2054 = EDGE_CURVE ( 'NONE', #595, #1319, #340, .T. ) ;
#2055 = VECTOR ( 'NONE', #2602, 1000.000000000000000 ) ;
#2056 = VERTEX_POINT ( 'NONE', #769 ) ;
#2057 = CARTESIAN_POINT ( 'NONE',  ( -19.48849902806611212, 31.07466458926504060, 3.500000000000254907 ) ) ;
#2058 = AXIS2_PLACEMENT_3D ( 'NONE', #1372, #2213, #1349 ) ;
#2059 = AXIS2_PLACEMENT_3D ( 'NONE', #481, #1940, #66 ) ;
#2060 = CARTESIAN_POINT ( 'NONE',  ( 0.000000000000000000, 19.16617699716827872, 5.500000000000254907 ) ) ;
#2061 = FACE_OUTER_BOUND ( 'NONE', #1560, .T. ) ;
#2062 = VERTEX_POINT ( 'NONE', #1980 ) ;
#2063 = DIRECTION ( 'NONE',  ( 1.000000000000000000, 0.000000000000000000, 0.000000000000000000 ) ) ;
#2064 = DIRECTION ( 'NONE',  ( -0.000000000000000000, -0.000000000000000000, -1.000000000000000000 ) ) ;
#2065 = EDGE_LOOP ( 'NONE', ( #1682, #2671, #2465, #2367 ) ) ;
#2066 = ORIENTED_EDGE ( 'NONE', *, *, #614, .F. ) ;
#2067 = PLANE ( 'NONE',  #302 ) ;
#2068 = ORIENTED_EDGE ( 'NONE', *, *, #661, .F. ) ;
#2069 = DIRECTION ( 'NONE',  ( -1.000000000000000000, 0.000000000000000000, 0.000000000000000000 ) ) ;
#2070 = EDGE_CURVE ( 'NONE', #2107, #2086, #965, .T. ) ;
#2071 = CARTESIAN_POINT ( 'NONE',  ( -1.930905891345690906, -13.29805609406240841, 6.000000000000254907 ) ) ;
#2072 = DIRECTION ( 'NONE',  ( 1.000000000000000000, 0.000000000000000000, 0.000000000000000000 ) ) ;
#2073 = EDGE_CURVE ( 'NONE', #715, #590, #1969, .T. ) ;
#2074 = DIRECTION ( 'NONE',  ( 0.000000000000000000, 0.000000000000000000, 1.000000000000000000 ) ) ;
#2075 = ORIENTED_EDGE ( 'NONE', *, *, #362, .F. ) ;
#2076 = CARTESIAN_POINT ( 'NONE',  ( 17.42668493753810210, -27.73684457774396250, 5.500000000000254907 ) ) ;
#2077 = CARTESIAN_POINT ( 'NONE',  ( 2.884907527397808202, -2.567958942245283982, 3.500000000000254907 ) ) ;
#2078 = ORIENTED_EDGE ( 'NONE', *, *, #1930, .F. ) ;
#2079 = DIRECTION ( 'NONE',  ( -0.000000000000000000, -0.000000000000000000, -1.000000000000000000 ) ) ;
#2080 = ORIENTED_EDGE ( 'NONE', *, *, #1214, .F. ) ;
#2081 = DIRECTION ( 'NONE',  ( 1.000000000000000000, 0.000000000000000000, 0.000000000000000000 ) ) ;
#2082 = CARTESIAN_POINT ( 'NONE',  ( 12.27641530783898993, 0.000000000000000000, 3.500000000000254463 ) ) ;
#2083 = DIRECTION ( 'NONE',  ( 0.9929314809889342452, 0.1186889803693740864, 0.000000000000000000 ) ) ;
#2084 = LINE ( 'NONE', #835, #1704 ) ;
#2085 = ADVANCED_FACE ( 'NONE', ( #1758 ), #1386, .F. ) ;
#2086 = VERTEX_POINT ( 'NONE', #2378 ) ;
#2087 = LINE ( 'NONE', #1046, #1779 ) ;
#2088 = DIRECTION ( 'NONE',  ( -0.000000000000000000, 0.000000000000000000, 1.000000000000000000 ) ) ;
#2089 = EDGE_CURVE ( 'NONE', #2628, #672, #531, .T. ) ;
#2090 = CIRCLE ( 'NONE', #1772, 1.638047801884704668 ) ;
#2091 = ORIENTED_EDGE ( 'NONE', *, *, #630, .F. ) ;
#2092 = VERTEX_POINT ( 'NONE', #730 ) ;
#2093 = CARTESIAN_POINT ( 'NONE',  ( 17.42668493753810210, -27.77046216421287994, 13.50000000000025402 ) ) ;
#2094 = VECTOR ( 'NONE', #2557, 1000.000000000000000 ) ;
#2095 = VECTOR ( 'NONE', #2606, 1000.000000000000000 ) ;
#2096 = ORIENTED_EDGE ( 'NONE', *, *, #1362, .T. ) ;
#2097 = CARTESIAN_POINT ( 'NONE',  ( -23.21295638980803844, -27.74939533400519309, 5.500000000000254907 ) ) ;
#2098 = VECTOR ( 'NONE', #818, 1000.000000000000000 ) ;
#2099 = VECTOR ( 'NONE', #31, 1000.000000000000000 ) ;
#2100 = CARTESIAN_POINT ( 'NONE',  ( -31.38207081830833545, -27.74939533400519309, 5.500000000000254907 ) ) ;
#2101 = DIRECTION ( 'NONE',  ( 0.000000000000000000, 0.000000000000000000, -1.000000000000000000 ) ) ;
#2102 = DIRECTION ( 'NONE',  ( -0.7084098798067387515, 0.7058012767006035526, -0.000000000000000000 ) ) ;
#2103 = VERTEX_POINT ( 'NONE', #2631 ) ;
#2104 = LINE ( 'NONE', #2515, #648 ) ;
#2105 = DIRECTION ( 'NONE',  ( -0.000000000000000000, -0.000000000000000000, 1.000000000000000000 ) ) ;
#2106 = EDGE_CURVE ( 'NONE', #2495, #1717, #758, .T. ) ;
#2107 = VERTEX_POINT ( 'NONE', #2231 ) ;
#2108 = ORIENTED_EDGE ( 'NONE', *, *, #720, .F. ) ;
#2109 = EDGE_CURVE ( 'NONE', #1007, #739, #357, .T. ) ;
#2110 = VERTEX_POINT ( 'NONE', #2026 ) ;
#2111 = DIRECTION ( 'NONE',  ( -1.000000000000000000, 0.000000000000000000, 0.000000000000000000 ) ) ;
#2112 = FACE_OUTER_BOUND ( 'NONE', #985, .T. ) ;
#2113 = CARTESIAN_POINT ( 'NONE',  ( 0.000000000000000000, -2.567958942245283982, 0.000000000000000000 ) ) ;
#2114 = DIRECTION ( 'NONE',  ( -1.000000000000000000, 0.000000000000000000, 0.000000000000000000 ) ) ;
#2115 = ORIENTED_EDGE ( 'NONE', *, *, #2645, .F. ) ;
#2116 = FACE_OUTER_BOUND ( 'NONE', #148, .T. ) ;
#2117 = CARTESIAN_POINT ( 'NONE',  ( -27.15895618077229656, -25.41574088011293853, 3.500000000000254463 ) ) ;
#2118 = DIRECTION ( 'NONE',  ( 1.000000000000000000, 0.000000000000000000, 0.000000000000000000 ) ) ;
#2119 = ORIENTED_EDGE ( 'NONE', *, *, #1744, .F. ) ;
#2120 = DIRECTION ( 'NONE',  ( 1.636130704980173554E-16, -1.000000000000000000, 0.000000000000000000 ) ) ;
#2121 = EDGE_CURVE ( 'NONE', #2389, #1146, #150, .T. ) ;
#2122 = ORIENTED_EDGE ( 'NONE', *, *, #707, .F. ) ;
#2123 = DIRECTION ( 'NONE',  ( -0.000000000000000000, -0.000000000000000000, -1.000000000000000000 ) ) ;
#2124 = DIRECTION ( 'NONE',  ( 0.000000000000000000, 0.000000000000000000, -1.000000000000000000 ) ) ;
#2125 = CARTESIAN_POINT ( 'NONE',  ( 26.27883179831746219, 22.35521482882545286, 3.500000000000254907 ) ) ;
#2126 = VERTEX_POINT ( 'NONE', #503 ) ;
#2127 = CARTESIAN_POINT ( 'NONE',  ( -0.4822320831181711731, -10.05694419705314324, 5.500000000000254907 ) ) ;
#2128 = DIRECTION ( 'NONE',  ( -0.000000000000000000, -0.000000000000000000, 1.000000000000000000 ) ) ;
#2129 = FACE_OUTER_BOUND ( 'NONE', #2553, .T. ) ;
#2130 = ORIENTED_EDGE ( 'NONE', *, *, #2254, .F. ) ;
#2131 = CARTESIAN_POINT ( 'NONE',  ( -23.21295638980803844, -36.49533803050918124, 3.500000000000254907 ) ) ;
#2132 = ORIENTED_EDGE ( 'NONE', *, *, #1239, .F. ) ;
#2133 = ORIENTED_EDGE ( 'NONE', *, *, #1583, .F. ) ;
#2134 = AXIS2_PLACEMENT_3D ( 'NONE', #620, #1439, #837 ) ;
#2135 = DIRECTION ( 'NONE',  ( 3.266477528593578478E-16, -1.000000000000000000, 0.000000000000000000 ) ) ;
#2136 = ADVANCED_FACE ( 'NONE', ( #103 ), #1159, .T. ) ;
#2137 = VECTOR ( 'NONE', #539, 1000.000000000000114 ) ;
#2138 = DIRECTION ( 'NONE',  ( -0.000000000000000000, -0.000000000000000000, 1.000000000000000000 ) ) ;
#2139 = PRESENTATION_LAYER_ASSIGNMENT (  '', '', ( #2272 ) ) ;
#2140 = SHAPE_DEFINITION_REPRESENTATION ( #1160, #104 ) ;
#2141 = EDGE_CURVE ( 'NONE', #1302, #1403, #2200, .T. ) ;
#2142 = VECTOR ( 'NONE', #876, 1000.000000000000000 ) ;
#2143 = VERTEX_POINT ( 'NONE', #2391 ) ;
#2144 = DIRECTION ( 'NONE',  ( 0.000000000000000000, 1.000000000000000000, -0.000000000000000000 ) ) ;
#2145 = CARTESIAN_POINT ( 'NONE',  ( 17.42792918169166327, -36.49533803050918124, 5.500000000000254907 ) ) ;
#2146 = DIRECTION ( 'NONE',  ( 1.000000000000000000, -0.000000000000000000, -0.000000000000000000 ) ) ;
#2147 = VECTOR ( 'NONE', #2483, 1000.000000000000000 ) ;
#2148 = VECTOR ( 'NONE', #2146, 1000.000000000000000 ) ;
#2149 = CARTESIAN_POINT ( 'NONE',  ( -23.21295638980803844, 25.37803181733859503, 16.79260791927104890 ) ) ;
#2150 = ORIENTED_EDGE ( 'NONE', *, *, #2508, .F. ) ;
#2151 = ADVANCED_FACE ( 'NONE', ( #318 ), #117, .T. ) ;
#2152 = DIRECTION ( 'NONE',  ( 1.000000000000000000, 0.000000000000000000, 0.000000000000000000 ) ) ;
#2153 = EDGE_CURVE ( 'NONE', #1005, #1807, #1685, .T. ) ;
#2154 = ORIENTED_EDGE ( 'NONE', *, *, #1883, .F. ) ;
#2155 = DIRECTION ( 'NONE',  ( -0.000000000000000000, -0.000000000000000000, 1.000000000000000000 ) ) ;
#2156 = DIRECTION ( 'NONE',  ( 1.000000000000000000, 0.000000000000000000, 0.000000000000000000 ) ) ;
#2157 = CARTESIAN_POINT ( 'NONE',  ( -0.9934448250388319135, 0.000000000000000000, 3.500000000000254463 ) ) ;
#2158 = VERTEX_POINT ( 'NONE', #2459 ) ;
#2159 = ORIENTED_EDGE ( 'NONE', *, *, #1769, .T. ) ;
#2160 = FACE_OUTER_BOUND ( 'NONE', #976, .T. ) ;
#2161 = ORIENTED_EDGE ( 'NONE', *, *, #2293, .F. ) ;
#2162 = ORIENTED_EDGE ( 'NONE', *, *, #1647, .T. ) ;
#2163 = PLANE ( 'NONE',  #2402 ) ;
#2164 = FACE_OUTER_BOUND ( 'NONE', #261, .T. ) ;
#2165 = DIRECTION ( 'NONE',  ( -1.280136741389589012E-16, 1.000000000000000000, -0.000000000000000000 ) ) ;
#2166 = ORIENTED_EDGE ( 'NONE', *, *, #2663, .F. ) ;
#2167 = CARTESIAN_POINT ( 'NONE',  ( 2.884907527397808202, -2.567958942245283982, -8.159750702876424455 ) ) ;
#2168 = EDGE_CURVE ( 'NONE', #740, #1311, #435, .T. ) ;
#2169 = CARTESIAN_POINT ( 'NONE',  ( -23.20154897555906004, 30.79633720409914943, 16.79523337956875650 ) ) ;
#2170 = ADVANCED_FACE ( 'NONE', ( #1204 ), #839, .F. ) ;
#2171 = ORIENTED_EDGE ( 'NONE', *, *, #1596, .T. ) ;
#2172 = DIRECTION ( 'NONE',  ( 0.000000000000000000, 0.000000000000000000, 1.000000000000000000 ) ) ;
#2173 = DIRECTION ( 'NONE',  ( -0.000000000000000000, -0.000000000000000000, 1.000000000000000000 ) ) ;
#2174 = VECTOR ( 'NONE', #290, 1000.000000000000000 ) ;
#2175 = CARTESIAN_POINT ( 'NONE',  ( 0.000000000000000000, -2.567958942245283982, 0.000000000000000000 ) ) ;
#2176 =( NAMED_UNIT ( * ) SI_UNIT ( $, .STERADIAN. ) SOLID_ANGLE_UNIT ( ) );
#2177 = AXIS2_PLACEMENT_3D ( 'NONE', #149, #2658, #2025 ) ;
#2178 = VECTOR ( 'NONE', #1761, 1000.000000000000000 ) ;
#2179 = DIRECTION ( 'NONE',  ( 0.000000000000000000, 0.000000000000000000, 1.000000000000000000 ) ) ;
#2180 = CARTESIAN_POINT ( 'NONE',  ( 15.80425832420069554, 9.628561104224484524, 5.500000000000254907 ) ) ;
#2181 = AXIS2_PLACEMENT_3D ( 'NONE', #202, #440, #2691 ) ;
#2182 = UNCERTAINTY_MEASURE_WITH_UNIT (LENGTH_MEASURE( 1.000000000000000082E-05 ), #185, 'distance_accuracy_value', 'NONE');
#2183 = ADVANCED_FACE ( 'NONE', ( #2129 ), #1063, .F. ) ;
#2184 = CIRCLE ( 'NONE', #1785, 3.499999999999996003 ) ;
#2185 = VECTOR ( 'NONE', #1226, 1000.000000000000000 ) ;
#2186 = ORIENTED_EDGE ( 'NONE', *, *, #477, .F. ) ;
#2187 = DIRECTION ( 'NONE',  ( -0.000000000000000000, -0.000000000000000000, 1.000000000000000000 ) ) ;
#2188 = EDGE_CURVE ( 'NONE', #453, #905, #210, .T. ) ;
#2189 = FACE_OUTER_BOUND ( 'NONE', #621, .T. ) ;
#2190 = DIRECTION ( 'NONE',  ( 1.000000000000000000, 0.000000000000000000, 0.000000000000000000 ) ) ;
#2191 = DIRECTION ( 'NONE',  ( 0.000000000000000000, 1.000000000000000000, 0.000000000000000000 ) ) ;
#2192 = CARTESIAN_POINT ( 'NONE',  ( -6.434681068304913154, 11.42711392043392316, 3.500000000000254907 ) ) ;
#2193 = ORIENTED_EDGE ( 'NONE', *, *, #1698, .T. ) ;
#2194 = ORIENTED_EDGE ( 'NONE', *, *, #2683, .T. ) ;
#2195 = CARTESIAN_POINT ( 'NONE',  ( -23.20725378028039643, 28.08666317303740456, 16.79392541839009567 ) ) ;
#2196 = PRODUCT_RELATED_PRODUCT_CATEGORY ( 'part', '', ( #1990 ) ) ;
#2197 = EDGE_LOOP ( 'NONE', ( #1753, #2243, #1741, #2399, #767 ) ) ;
#2198 = VERTEX_POINT ( 'NONE', #1921 ) ;
#2199 = CARTESIAN_POINT ( 'NONE',  ( -4.832232083118171317, -10.05694419705314324, 6.000000000000254907 ) ) ;
#2200 = LINE ( 'NONE', #1994, #41 ) ;
#2201 = EDGE_CURVE ( 'NONE', #980, #1851, #2324, .T. ) ;
#2202 = LINE ( 'NONE', #937, #1828 ) ;
#2203 = ADVANCED_FACE ( 'NONE', ( #444 ), #48, .T. ) ;
#2204 = LINE ( 'NONE', #982, #75 ) ;
#2205 = DIRECTION ( 'NONE',  ( -0.000000000000000000, -0.000000000000000000, 1.000000000000000000 ) ) ;
#2206 = CARTESIAN_POINT ( 'NONE',  ( -23.19584199159677596, 33.50704633327629267, 3.500000000000254907 ) ) ;
#2207 = ORIENTED_EDGE ( 'NONE', *, *, #243, .F. ) ;
#2208 = FACE_OUTER_BOUND ( 'NONE', #199, .T. ) ;
#2209 = SURFACE_SIDE_STYLE ('',( #1578 ) ) ;
#2210 = ORIENTED_EDGE ( 'NONE', *, *, #1362, .F. ) ;
#2211 = ORIENTED_EDGE ( 'NONE', *, *, #1131, .F. ) ;
#2212 = LINE ( 'NONE', #339, #35 ) ;
#2213 = DIRECTION ( 'NONE',  ( 0.000000000000000000, 0.000000000000000000, -1.000000000000000000 ) ) ;
#2214 = ORIENTED_EDGE ( 'NONE', *, *, #2511, .T. ) ;
#2215 = CYLINDRICAL_SURFACE ( 'NONE', #824, 3.499999999999999556 ) ;
#2216 = EDGE_CURVE ( 'NONE', #2438, #2567, #1903, .T. ) ;
#2217 = VECTOR ( 'NONE', #1147, 1000.000000000000000 ) ;
#2218 = DIRECTION ( 'NONE',  ( 0.000000000000000000, -1.000000000000000000, 0.000000000000000000 ) ) ;
#2219 = CYLINDRICAL_SURFACE ( 'NONE', #2562, 5.250000000000000000 ) ;
#2220 = EDGE_CURVE ( 'NONE', #826, #1625, #2444, .T. ) ;
#2221 = AXIS2_PLACEMENT_3D ( 'NONE', #273, #313, #1742 ) ;
#2222 = CARTESIAN_POINT ( 'NONE',  ( -23.19584199159677596, 33.50704633327629267, 5.500000000000254907 ) ) ;
#2223 = VECTOR ( 'NONE', #1453, 1000.000000000000000 ) ;
#2224 = ORIENTED_EDGE ( 'NONE', *, *, #448, .T. ) ;
#2225 = LINE ( 'NONE', #1410, #295 ) ;
#2226 = DIRECTION ( 'NONE',  ( -0.000000000000000000, -1.000000000000000000, 0.000000000000000000 ) ) ;
#2227 = VECTOR ( 'NONE', #1574, 1000.000000000000000 ) ;
#2228 = ORIENTED_EDGE ( 'NONE', *, *, #293, .F. ) ;
#2229 = ORIENTED_EDGE ( 'NONE', *, *, #1500, .T. ) ;
#2230 = DIRECTION ( 'NONE',  ( 0.000000000000000000, -1.000000000000000000, 0.000000000000000000 ) ) ;
#2231 = CARTESIAN_POINT ( 'NONE',  ( 23.49496792174097948, 28.28069104220174879, 6.000000000000254907 ) ) ;
#2232 = VECTOR ( 'NONE', #1592, 1000.000000000000000 ) ;
#2233 = AXIS2_PLACEMENT_3D ( 'NONE', #752, #970, #2423 ) ;
#2234 = CARTESIAN_POINT ( 'NONE',  ( -4.832232083118171317, -10.05694419705314324, 6.000000000000254907 ) ) ;
#2235 = ADVANCED_FACE ( 'NONE', ( #2533 ), #1496, .F. ) ;
#2236 = DIRECTION ( 'NONE',  ( 1.000000000000000000, -0.000000000000000000, -0.000000000000000000 ) ) ;
#2237 = FACE_OUTER_BOUND ( 'NONE', #2197, .T. ) ;
#2238 = DIRECTION ( 'NONE',  ( 0.000000000000000000, -1.000000000000000000, 0.000000000000000000 ) ) ;
#2239 = EDGE_CURVE ( 'NONE', #1168, #826, #1268, .T. ) ;
#2240 = ORIENTED_EDGE ( 'NONE', *, *, #807, .T. ) ;
#2241 = ORIENTED_EDGE ( 'NONE', *, *, #193, .T. ) ;
#2242 = DIRECTION ( 'NONE',  ( 0.000000000000000000, 1.000000000000000000, 0.000000000000000000 ) ) ;
#2243 = ORIENTED_EDGE ( 'NONE', *, *, #2630, .T. ) ;
#2244 = ORIENTED_EDGE ( 'NONE', *, *, #2109, .F. ) ;
#2245 = DIRECTION ( 'NONE',  ( -0.7058012767006035526, -0.7084098798067387515, 0.000000000000000000 ) ) ;
#2246 = CARTESIAN_POINT ( 'NONE',  ( 17.42792918169166327, -36.49533803050918124, 5.500000000000254907 ) ) ;
#2247 = ORIENTED_EDGE ( 'NONE', *, *, #2254, .T. ) ;
#2248 = CARTESIAN_POINT ( 'NONE',  ( 0.000000000000000000, 0.000000000000000000, 18.50000000000025224 ) ) ;
#2249 = CARTESIAN_POINT ( 'NONE',  ( 26.27883179831746219, 19.16617699716827872, 3.500000000000254907 ) ) ;
#2250 = CARTESIAN_POINT ( 'NONE',  ( 17.42792918169166327, -27.73684457774396250, 5.500000000000254907 ) ) ;
#2251 = EDGE_LOOP ( 'NONE', ( #1020, #289, #1657, #1977 ) ) ;
#2252 = PLANE ( 'NONE',  #765 ) ;
#2253 = CARTESIAN_POINT ( 'NONE',  ( 12.27641530783898993, 1.247652906881897339, 3.500000000000254463 ) ) ;
#2254 = EDGE_CURVE ( 'NONE', #404, #2086, #163, .T. ) ;
#2255 = VERTEX_POINT ( 'NONE', #2307 ) ;
#2256 = ORIENTED_EDGE ( 'NONE', *, *, #2698, .F. ) ;
#2257 = CARTESIAN_POINT ( 'NONE',  ( -28.34161846380722238, 14.75666087085782507, 18.50000000000025224 ) ) ;
#2258 = FACE_OUTER_BOUND ( 'NONE', #1766, .T. ) ;
#2259 = EDGE_CURVE ( 'NONE', #91, #1991, #253, .T. ) ;
#2260 = VERTEX_POINT ( 'NONE', #1609 ) ;
#2261 = CARTESIAN_POINT ( 'NONE',  ( -4.832232083118171317, -10.05694419705314324, 6.000000000000254907 ) ) ;
#2262 = CARTESIAN_POINT ( 'NONE',  ( 15.83391402965598971, -31.90667106098782213, 3.500000000000254907 ) ) ;
#2263 = ORIENTED_EDGE ( 'NONE', *, *, #771, .T. ) ;
#2264 = VECTOR ( 'NONE', #1547, 1000.000000000000000 ) ;
#2265 = DIRECTION ( 'NONE',  ( -0.000000000000000000, -0.000000000000000000, 1.000000000000000000 ) ) ;
#2266 = LINE ( 'NONE', #1778, #1825 ) ;
#2267 = VECTOR ( 'NONE', #116, 1000.000000000000000 ) ;
#2268 = EDGE_CURVE ( 'NONE', #375, #1356, #571, .T. ) ;
#2269 = VERTEX_POINT ( 'NONE', #1402 ) ;
#2270 = ORIENTED_EDGE ( 'NONE', *, *, #1459, .F. ) ;
#2271 = CARTESIAN_POINT ( 'NONE',  ( 0.000000000000000000, 0.000000000000000000, 5.500000000000254907 ) ) ;
#2272 = STYLED_ITEM ( 'NONE', ( #1792 ), #1028 ) ;
#2273 = VECTOR ( 'NONE', #1323, 1000.000000000000000 ) ;
#2274 = EDGE_CURVE ( 'NONE', #2158, #1941, #429, .T. ) ;
#2275 = ORIENTED_EDGE ( 'NONE', *, *, #829, .F. ) ;
#2276 = DIRECTION ( 'NONE',  ( 0.000000000000000000, 0.000000000000000000, -1.000000000000000000 ) ) ;
#2277 = VECTOR ( 'NONE', #476, 1000.000000000000000 ) ;
#2278 = AXIS2_PLACEMENT_3D ( 'NONE', #2157, #292, #1960 ) ;
#2279 = CARTESIAN_POINT ( 'NONE',  ( -4.379089557843517611, 0.8581715360285780969, 3.500000000000254907 ) ) ;
#2280 = CARTESIAN_POINT ( 'NONE',  ( -31.38207081830833545, -27.74939533400519309, 5.500000000000254907 ) ) ;
#2281 = CARTESIAN_POINT ( 'NONE',  ( 1.448136946872336628, -0.8084333904352168920, 3.500000000000254907 ) ) ;
#2282 = ORIENTED_EDGE ( 'NONE', *, *, #608, .T. ) ;
#2283 = PLANE ( 'NONE',  #2134 ) ;
#2284 = DIRECTION ( 'NONE',  ( -1.000000000000000000, 0.000000000000000000, 0.000000000000000000 ) ) ;
#2285 = VERTEX_POINT ( 'NONE', #788 ) ;
#2286 = VERTEX_POINT ( 'NONE', #1416 ) ;
#2287 = DIRECTION ( 'NONE',  ( -0.7084098798067387515, 0.7058012767006035526, -0.000000000000000000 ) ) ;
#2288 = ORIENTED_EDGE ( 'NONE', *, *, #2352, .T. ) ;
#2289 = CARTESIAN_POINT ( 'NONE',  ( -7.153289868025776599, -13.29805609406241018, 3.500000000000254463 ) ) ;
#2290 = ADVANCED_FACE ( 'NONE', ( #2258 ), #902, .F. ) ;
#2291 = LINE ( 'NONE', #235, #1780 ) ;
#2292 = CARTESIAN_POINT ( 'NONE',  ( 26.27883179831746219, -29.30011630742320605, 5.500000000000254907 ) ) ;
#2293 = EDGE_CURVE ( 'NONE', #50, #312, #930, .T. ) ;
#2294 = ORIENTED_EDGE ( 'NONE', *, *, #1185, .T. ) ;
#2295 = LINE ( 'NONE', #1241, #516 ) ;
#2296 = ORIENTED_EDGE ( 'NONE', *, *, #630, .T. ) ;
#2297 = EDGE_LOOP ( 'NONE', ( #1664, #1052, #2488, #547, #1707, #1962, #1706, #605 ) ) ;
#2298 = ORIENTED_EDGE ( 'NONE', *, *, #593, .F. ) ;
#2299 = CARTESIAN_POINT ( 'NONE',  ( 15.80425832420069554, -29.30011630742320605, 13.50000000000025402 ) ) ;
#2300 = EDGE_CURVE ( 'NONE', #1425, #1030, #1142, .T. ) ;
#2301 = FACE_OUTER_BOUND ( 'NONE', #2518, .T. ) ;
#2302 = DIRECTION ( 'NONE',  ( -1.000000000000000000, 0.000000000000000000, 0.000000000000000000 ) ) ;
#2303 = ADVANCED_FACE ( 'NONE', ( #1943 ), #86, .F. ) ;
#2304 = ORIENTED_EDGE ( 'NONE', *, *, #759, .T. ) ;
#2305 = CARTESIAN_POINT ( 'NONE',  ( 19.21454663313912903, 33.50704633327629978, 3.500000000000254907 ) ) ;
#2306 = CARTESIAN_POINT ( 'NONE',  ( -27.15895618077229656, 0.000000000000000000, 5.500000000000254907 ) ) ;
#2307 = CARTESIAN_POINT ( 'NONE',  ( 17.42668493753810210, 4.209897802172800851, 5.500000000000254907 ) ) ;
#2308 = VECTOR ( 'NONE', #1536, 1000.000000000000000 ) ;
#2309 = EDGE_LOOP ( 'NONE', ( #2387, #147, #188, #1250, #1829 ) ) ;
#2310 = CARTESIAN_POINT ( 'NONE',  ( -15.78115606453545183, 31.07466458926504060, 3.500000000000254907 ) ) ;
#2311 = VECTOR ( 'NONE', #2443, 1000.000000000000000 ) ;
#2312 = VECTOR ( 'NONE', #270, 1000.000000000000000 ) ;
#2313 = ORIENTED_EDGE ( 'NONE', *, *, #890, .T. ) ;
#2314 = PLANE ( 'NONE',  #2315 ) ;
#2315 = AXIS2_PLACEMENT_3D ( 'NONE', #2299, #2081, #2276 ) ;
#2316 = VECTOR ( 'NONE', #456, 1000.000000000000114 ) ;
#2317 = DIRECTION ( 'NONE',  ( 0.000000000000000000, 0.000000000000000000, 1.000000000000000000 ) ) ;
#2318 = DIRECTION ( 'NONE',  ( 0.1186889803693741002, -0.9929314809889343563, 0.000000000000000000 ) ) ;
#2319 = CARTESIAN_POINT ( 'NONE',  ( 19.21454663313912903, 33.50704633327629978, 5.500000000000254907 ) ) ;
#2320 = EDGE_CURVE ( 'NONE', #2110, #1005, #1339, .T. ) ;
#2321 = ORIENTED_EDGE ( 'NONE', *, *, #2683, .F. ) ;
#2322 = PLANE ( 'NONE',  #2601 ) ;
#2323 = LINE ( 'NONE', #2117, #2604 ) ;
#2324 = LINE ( 'NONE', #226, #565 ) ;
#2325 = EDGE_CURVE ( 'NONE', #2389, #2260, #1986, .T. ) ;
#2326 = ORIENTED_EDGE ( 'NONE', *, *, #1461, .T. ) ;
#2327 = ORIENTED_EDGE ( 'NONE', *, *, #1843, .T. ) ;
#2328 = CARTESIAN_POINT ( 'NONE',  ( 15.80425832420069554, 9.628561104224484524, 5.500000000000254907 ) ) ;
#2329 = ORIENTED_EDGE ( 'NONE', *, *, #928, .F. ) ;
#2330 = DIRECTION ( 'NONE',  ( 1.000000000000000000, 0.000000000000000000, 0.000000000000000000 ) ) ;
#2331 = DIRECTION ( 'NONE',  ( 0.000000000000000000, 0.000000000000000000, 1.000000000000000000 ) ) ;
#2332 = CARTESIAN_POINT ( 'NONE',  ( -31.38207081830833545, -27.74939533400519309, 3.500000000000254907 ) ) ;
#2333 = DIRECTION ( 'NONE',  ( 1.000000000000000000, -0.000000000000000000, -0.000000000000000000 ) ) ;
#2334 = ORIENTED_EDGE ( 'NONE', *, *, #1054, .T. ) ;
#2335 = CARTESIAN_POINT ( 'NONE',  ( 17.42668493753810210, -27.73684457774396250, 5.500000000000254907 ) ) ;
#2336 = CARTESIAN_POINT ( 'NONE',  ( 20.10804646543001084, 32.61683666746147026, 5.500000000000254907 ) ) ;
#2337 = CARTESIAN_POINT ( 'NONE',  ( 23.49496792174097948, 28.28069104220174879, 5.500000000000254907 ) ) ;
#2338 = ORIENTED_EDGE ( 'NONE', *, *, #1099, .F. ) ;
#2339 = ORIENTED_EDGE ( 'NONE', *, *, #510, .T. ) ;
#2340 = DIRECTION ( 'NONE',  ( 0.000000000000000000, -1.000000000000000000, 0.000000000000000000 ) ) ;
#2341 = EDGE_CURVE ( 'NONE', #63, #743, #671, .T. ) ;
#2342 = ORIENTED_EDGE ( 'NONE', *, *, #791, .F. ) ;
#2343 = ADVANCED_FACE ( 'NONE', ( #1523 ), #2384, .F. ) ;
#2344 = DIRECTION ( 'NONE',  ( 0.000000000000000000, 1.000000000000000000, 0.000000000000000000 ) ) ;
#2345 = CARTESIAN_POINT ( 'NONE',  ( -7.153289868025776599, -13.29805609406240841, 5.500000000000254907 ) ) ;
#2346 = CYLINDRICAL_SURFACE ( 'NONE', #692, 4.356268435279794460 ) ;
#2347 = ORIENTED_EDGE ( 'NONE', *, *, #2703, .T. ) ;
#2348 = CARTESIAN_POINT ( 'NONE',  ( -2.615539500464060918, -12.76549989963823961, 3.500000000000254463 ) ) ;
#2349 = DIRECTION ( 'NONE',  ( 0.000000000000000000, -1.000000000000000000, 0.000000000000000000 ) ) ;
#2350 = ORIENTED_EDGE ( 'NONE', *, *, #661, .T. ) ;
#2351 = DIRECTION ( 'NONE',  ( 1.000000000000000000, 0.000000000000000000, 0.000000000000000000 ) ) ;
#2352 = EDGE_CURVE ( 'NONE', #2056, #2004, #1557, .T. ) ;
#2353 = ORIENTED_EDGE ( 'NONE', *, *, #1219, .T. ) ;
#2354 = AXIS2_PLACEMENT_3D ( 'NONE', #1788, #1597, #2433 ) ;
#2355 = EDGE_CURVE ( 'NONE', #1674, #1781, #1355, .T. ) ;
#2356 = VECTOR ( 'NONE', #1456, 1000.000000000000000 ) ;
#2357 = DIRECTION ( 'NONE',  ( -0.000000000000000000, 0.000000000000000000, 1.000000000000000000 ) ) ;
#2358 = VECTOR ( 'NONE', #467, 1000.000000000000000 ) ;
#2359 = VECTOR ( 'NONE', #2015, 1000.000000000000000 ) ;
#2360 = LINE ( 'NONE', #1337, #2312 ) ;
#2361 = DIRECTION ( 'NONE',  ( -0.000000000000000000, 0.000000000000000000, 1.000000000000000000 ) ) ;
#2362 = VECTOR ( 'NONE', #718, 1000.000000000000000 ) ;
#2363 = AXIS2_PLACEMENT_3D ( 'NONE', #618, #847, #2302 ) ;
#2364 = ORIENTED_EDGE ( 'NONE', *, *, #78, .T. ) ;
#2365 = FACE_OUTER_BOUND ( 'NONE', #260, .T. ) ;
#2366 = EDGE_LOOP ( 'NONE', ( #2162, #354, #1812, #528 ) ) ;
#2367 = ORIENTED_EDGE ( 'NONE', *, *, #913, .F. ) ;
#2368 = DIRECTION ( 'NONE',  ( 0.000000000000000000, 0.000000000000000000, -1.000000000000000000 ) ) ;
#2369 = LINE ( 'NONE', #1532, #2273 ) ;
#2370 = EDGE_CURVE ( 'NONE', #404, #1764, #272, .T. ) ;
#2371 = LINE ( 'NONE', #1290, #1184 ) ;
#2372 = EDGE_LOOP ( 'NONE', ( #2275, #2684, #1795, #174 ) ) ;
#2373 = CARTESIAN_POINT ( 'NONE',  ( 26.27883179831746219, 19.16617699716827872, 0.000000000000000000 ) ) ;
#2374 = EDGE_CURVE ( 'NONE', #2198, #312, #58, .T. ) ;
#2375 = ORIENTED_EDGE ( 'NONE', *, *, #8, .T. ) ;
#2376 = DIRECTION ( 'NONE',  ( 0.000000000000000000, 0.000000000000000000, -1.000000000000000000 ) ) ;
#2377 = EDGE_LOOP ( 'NONE', ( #799, #1156, #1581, #2075 ) ) ;
#2378 = CARTESIAN_POINT ( 'NONE',  ( 23.49496792174097948, 28.28069104220172747, 5.500000000000254907 ) ) ;
#2379 = CARTESIAN_POINT ( 'NONE',  ( -7.048924665772278608, -12.76549989963824139, 5.500000000000254907 ) ) ;
#2380 = CARTESIAN_POINT ( 'NONE',  ( -7.733558274890649287, -13.29805609406241018, 6.000000000000254907 ) ) ;
#2381 = EDGE_CURVE ( 'NONE', #610, #2286, #874, .T. ) ;
#2382 = FACE_OUTER_BOUND ( 'NONE', #284, .T. ) ;
#2383 = CARTESIAN_POINT ( 'NONE',  ( 17.42792918169166327, -36.49533803050918124, 5.500000000000254907 ) ) ;
#2384 = PLANE ( 'NONE',  #1530 ) ;
#2385 = ADVANCED_FACE ( 'NONE', ( #1836 ), #1617, .F. ) ;
#2386 = ORIENTED_EDGE ( 'NONE', *, *, #190, .T. ) ;
#2387 = ORIENTED_EDGE ( 'NONE', *, *, #1249, .F. ) ;
#2388 = CARTESIAN_POINT ( 'NONE',  ( -22.03115606453544828, 33.50704633327629267, 16.92735152382168806 ) ) ;
#2389 = VERTEX_POINT ( 'NONE', #2650 ) ;
#2390 = LINE ( 'NONE', #1491, #2267 ) ;
#2391 = CARTESIAN_POINT ( 'NONE',  ( 12.27641530783898993, 1.247652906881897339, 5.500000000000254907 ) ) ;
#2392 = VECTOR ( 'NONE', #2647, 1000.000000000000000 ) ;
#2393 = DIRECTION ( 'NONE',  ( 0.000000000000000000, 1.000000000000000000, 0.000000000000000000 ) ) ;
#2394 = CIRCLE ( 'NONE', #1429, 5.250000000000000000 ) ;
#2395 = VECTOR ( 'NONE', #1942, 1000.000000000000000 ) ;
#2396 = DIRECTION ( 'NONE',  ( -0.000000000000000000, -0.000000000000000000, 1.000000000000000000 ) ) ;
#2397 = DIRECTION ( 'NONE',  ( 0.000000000000000000, 0.000000000000000000, -1.000000000000000000 ) ) ;
#2398 = AXIS2_PLACEMENT_3D ( 'NONE', #2620, #543, #95 ) ;
#2399 = ORIENTED_EDGE ( 'NONE', *, *, #1970, .T. ) ;
#2400 = ORIENTED_EDGE ( 'NONE', *, *, #894, .T. ) ;
#2401 = DIRECTION ( 'NONE',  ( -0.000000000000000000, -0.000000000000000000, 1.000000000000000000 ) ) ;
#2402 = AXIS2_PLACEMENT_3D ( 'NONE', #463, #1097, #2550 ) ;
#2403 = ADVANCED_FACE ( 'NONE', ( #2000 ), #2667, .F. ) ;
#2404 = CIRCLE ( 'NONE', #2059, 3.499999999999999556 ) ;
#2405 = EDGE_LOOP ( 'NONE', ( #1763, #1378, #1589, #2347 ) ) ;
#2406 = CARTESIAN_POINT ( 'NONE',  ( 1.763271489526741125E-15, -13.29805609406240841, 3.500000000000254463 ) ) ;
#2407 = CARTESIAN_POINT ( 'NONE',  ( -2.615539500464059142, -12.76549989963823784, 6.000000000000254907 ) ) ;
#2408 = ADVANCED_FACE ( 'NONE', ( #155 ), #349, .T. ) ;
#2409 = CARTESIAN_POINT ( 'NONE',  ( 19.76305649801740927, 31.99886031465207381, 6.000000000000254907 ) ) ;
#2410 = DIRECTION ( 'NONE',  ( -0.000000000000000000, -0.000000000000000000, -1.000000000000000000 ) ) ;
#2411 = LINE ( 'NONE', #2635, #1385 ) ;
#2412 = LINE ( 'NONE', #534, #613 ) ;
#2413 = EDGE_LOOP ( 'NONE', ( #2530, #1157, #1489, #582, #814, #1567, #1550, #1840, #988, #1782, #1506, #1817, #418, #250, #358, #268, #1122, #537, #2150, #315, #727, #2474, #471, #237, #2513, #512, #1966, #1480, #1791 ) ) ;
#2414 = CARTESIAN_POINT ( 'NONE',  ( -23.19584199159677596, 33.50704633327629267, 16.79653179914949135 ) ) ;
#2415 = EDGE_CURVE ( 'NONE', #2286, #631, #984, .T. ) ;
#2416 = ORIENTED_EDGE ( 'NONE', *, *, #1681, .T. ) ;
#2417 = ORIENTED_EDGE ( 'NONE', *, *, #1509, .T. ) ;
#2418 = CARTESIAN_POINT ( 'NONE',  ( -23.21295638980803844, -27.74939533400519309, 5.500000000000254907 ) ) ;
#2419 = EDGE_CURVE ( 'NONE', #1865, #1991, #1183, .T. ) ;
#2420 = ORIENTED_EDGE ( 'NONE', *, *, #1692, .F. ) ;
#2421 = CARTESIAN_POINT ( 'NONE',  ( 26.27554745711414341, 9.628561104224484524, 3.500000000000254463 ) ) ;
#2422 = FACE_OUTER_BOUND ( 'NONE', #2405, .T. ) ;
#2423 = DIRECTION ( 'NONE',  ( -0.7893168006099126055, -0.6139861466474072493, 0.000000000000000000 ) ) ;
#2424 = ORIENTED_EDGE ( 'NONE', *, *, #1081, .T. ) ;
#2425 = LINE ( 'NONE', #1411, #1915 ) ;
#2426 = ORIENTED_EDGE ( 'NONE', *, *, #1894, .T. ) ;
#2427 = VERTEX_POINT ( 'NONE', #2250 ) ;
#2428 = DIRECTION ( 'NONE',  ( 0.000000000000000000, 1.000000000000000000, 0.000000000000000000 ) ) ;
#2429 = ADVANCED_FACE ( 'NONE', ( #374 ), #1210, .F. ) ;
#2430 = VECTOR ( 'NONE', #986, 1000.000000000000000 ) ;
#2431 = CARTESIAN_POINT ( 'NONE',  ( 26.27883179831746219, -29.30011630742320605, 13.50000000000025402 ) ) ;
#2432 = EDGE_CURVE ( 'NONE', #415, #1143, #1002, .T. ) ;
#2433 = DIRECTION ( 'NONE',  ( -0.000000000000000000, 0.000000000000000000, 1.000000000000000000 ) ) ;
#2434 = CARTESIAN_POINT ( 'NONE',  ( 19.21454663313912903, 33.50704633327629978, 5.500000000000254907 ) ) ;
#2435 = VECTOR ( 'NONE', #2340, 1000.000000000000000 ) ;
#2436 = CARTESIAN_POINT ( 'NONE',  ( 17.42792918169166327, -27.77046216421287994, 5.500000000000254907 ) ) ;
#2437 = VECTOR ( 'NONE', #2397, 1000.000000000000000 ) ;
#2438 = VERTEX_POINT ( 'NONE', #1629 ) ;
#2439 = CARTESIAN_POINT ( 'NONE',  ( -31.38207081830833545, -27.74939533400519309, 5.500000000000254907 ) ) ;
#2440 = VECTOR ( 'NONE', #1702, 1000.000000000000000 ) ;
#2441 = EDGE_LOOP ( 'NONE', ( #1145, #971, #1451, #2492 ) ) ;
#2442 = ORIENTED_EDGE ( 'NONE', *, *, #362, .T. ) ;
#2443 = DIRECTION ( 'NONE',  ( -0.000000000000000000, 1.000000000000000000, -0.000000000000000000 ) ) ;
#2444 = LINE ( 'NONE', #867, #2440 ) ;
#2445 = AXIS2_PLACEMENT_3D ( 'NONE', #1900, #412, #1073 ) ;
#2446 = ORIENTED_EDGE ( 'NONE', *, *, #1730, .T. ) ;
#2447 = DIRECTION ( 'NONE',  ( -0.000000000000000000, -0.000000000000000000, -1.000000000000000000 ) ) ;
#2448 = EDGE_CURVE ( 'NONE', #1356, #403, #125, .T. ) ;
#2449 = CARTESIAN_POINT ( 'NONE',  ( 12.27641530783898993, 33.50704633327629978, 3.500000000000254463 ) ) ;
#2450 = DIRECTION ( 'NONE',  ( -0.000000000000000000, -0.000000000000000000, 1.000000000000000000 ) ) ;
#2451 = DIRECTION ( 'NONE',  ( 1.636130704980173554E-16, -1.000000000000000000, 0.000000000000000000 ) ) ;
#2452 = ADVANCED_FACE ( 'NONE', ( #2636 ), #110, .F. ) ;
#2453 = ORIENTED_EDGE ( 'NONE', *, *, #974, .F. ) ;
#2454 = CARTESIAN_POINT ( 'NONE',  ( -28.34207081830833630, 17.27078668038027232, 3.500000000000254907 ) ) ;
#2455 = LINE ( 'NONE', #1213, #687 ) ;
#2456 = ORIENTED_EDGE ( 'NONE', *, *, #408, .T. ) ;
#2457 = EDGE_LOOP ( 'NONE', ( #1254, #685, #1644, #115, #2549, #316 ) ) ;
#2458 = LINE ( 'NONE', #1607, #1127 ) ;
#2459 = CARTESIAN_POINT ( 'NONE',  ( 26.27883179831746219, -27.77046216421287994, 13.50000000000025402 ) ) ;
#2460 = ORIENTED_EDGE ( 'NONE', *, *, #1068, .T. ) ;
#2461 = LINE ( 'NONE', #2289, #1137 ) ;
#2462 = DIRECTION ( 'NONE',  ( 0.000000000000000000, 0.000000000000000000, -1.000000000000000000 ) ) ;
#2463 = CARTESIAN_POINT ( 'NONE',  ( 1.763271489526741125E-15, -13.29805609406240841, 3.500000000000254463 ) ) ;
#2464 = EDGE_CURVE ( 'NONE', #2470, #2009, #955, .T. ) ;
#2465 = ORIENTED_EDGE ( 'NONE', *, *, #993, .T. ) ;
#2466 = DIRECTION ( 'NONE',  ( -0.000000000000000000, -0.000000000000000000, 1.000000000000000000 ) ) ;
#2467 = EDGE_CURVE ( 'NONE', #446, #1106, #2412, .T. ) ;
#2468 = EDGE_LOOP ( 'NONE', ( #1331, #326, #888, #895 ) ) ;
#2469 = FACE_OUTER_BOUND ( 'NONE', #1056, .T. ) ;
#2470 = VERTEX_POINT ( 'NONE', #2206 ) ;
#2471 = LINE ( 'NONE', #200, #39 ) ;
#2472 = CARTESIAN_POINT ( 'NONE',  ( -23.19584199159677596, 33.50704633327629267, 5.500000000000254907 ) ) ;
#2473 = DIRECTION ( 'NONE',  ( 1.000000000000000000, 0.000000000000000000, 0.000000000000000000 ) ) ;
#2474 = ORIENTED_EDGE ( 'NONE', *, *, #747, .F. ) ;
#2475 = VECTOR ( 'NONE', #804, 1000.000000000000000 ) ;
#2476 = DIRECTION ( 'NONE',  ( 0.000000000000000000, 0.000000000000000000, 1.000000000000000000 ) ) ;
#2477 = AXIS2_PLACEMENT_3D ( 'NONE', #162, #2230, #1623 ) ;
#2478 = ORIENTED_EDGE ( 'NONE', *, *, #2325, .T. ) ;
#2479 = CARTESIAN_POINT ( 'NONE',  ( 19.21454663313912903, 33.50704633327629978, 5.500000000000254907 ) ) ;
#2480 = ADVANCED_FACE ( 'NONE', ( #1790 ), #2623, .F. ) ;
#2481 = AXIS2_PLACEMENT_3D ( 'NONE', #2280, #1041, #834 ) ;
#2482 = ORIENTED_EDGE ( 'NONE', *, *, #2054, .F. ) ;
#2483 = DIRECTION ( 'NONE',  ( 0.000000000000000000, -1.000000000000000000, 0.000000000000000000 ) ) ;
#2484 = VECTOR ( 'NONE', #2135, 1000.000000000000000 ) ;
#2485 = AXIS2_PLACEMENT_3D ( 'NONE', #181, #1017, #2473 ) ;
#2486 = PLANE ( 'NONE',  #1094 ) ;
#2487 = LINE ( 'NONE', #2319, #311 ) ;
#2488 = ORIENTED_EDGE ( 'NONE', *, *, #127, .F. ) ;
#2489 = PLANE ( 'NONE',  #385 ) ;
#2490 = DIRECTION ( 'NONE',  ( 0.9999977837638835965, -0.002105342566206879189, 0.000000000000000000 ) ) ;
#2491 = ORIENTED_EDGE ( 'NONE', *, *, #232, .F. ) ;
#2492 = ORIENTED_EDGE ( 'NONE', *, *, #1516, .T. ) ;
#2493 = CARTESIAN_POINT ( 'NONE',  ( 19.86289655596839054, 32.86108385261967868, 6.000000000000254907 ) ) ;
#2494 = EDGE_CURVE ( 'NONE', #1302, #50, #1803, .T. ) ;
#2495 = VERTEX_POINT ( 'NONE', #2436 ) ;
#2496 = CARTESIAN_POINT ( 'NONE',  ( 12.27641530783898993, 1.247652906881897339, 3.500000000000254463 ) ) ;
#2497 = EDGE_CURVE ( 'NONE', #1992, #2107, #564, .T. ) ;
#2498 = CARTESIAN_POINT ( 'NONE',  ( 26.27883179831746219, 19.16617699716827872, -8.159750702876424455 ) ) ;
#2499 = CARTESIAN_POINT ( 'NONE',  ( 19.76305649801739506, 31.99886031465207381, 3.500000000000254463 ) ) ;
#2500 = DIRECTION ( 'NONE',  ( -3.266477528593578478E-16, 1.000000000000000000, 0.000000000000000000 ) ) ;
#2501 = VERTEX_POINT ( 'NONE', #1238 ) ;
#2502 = FACE_OUTER_BOUND ( 'NONE', #2309, .T. ) ;
#2503 = CARTESIAN_POINT ( 'NONE',  ( -4.832232083118171317, -10.05694419705314324, 5.500000000000254907 ) ) ;
#2504 = DIRECTION ( 'NONE',  ( 0.000000000000000000, -1.000000000000000000, 0.000000000000000000 ) ) ;
#2505 = VERTEX_POINT ( 'NONE', #223 ) ;
#2506 = ORIENTED_EDGE ( 'NONE', *, *, #978, .T. ) ;
#2507 = DIRECTION ( 'NONE',  ( 0.000000000000000000, 0.000000000000000000, 1.000000000000000000 ) ) ;
#2508 = EDGE_CURVE ( 'NONE', #1600, #1388, #1060, .T. ) ;
#2509 = CARTESIAN_POINT ( 'NONE',  ( -22.03115606453544828, 14.75666087085782507, 16.92735152382168806 ) ) ;
#2510 = PLANE ( 'NONE',  #2481 ) ;
#2511 = EDGE_CURVE ( 'NONE', #1941, #1717, #1668, .T. ) ;
#2512 = PLANE ( 'NONE',  #2445 ) ;
#2513 = ORIENTED_EDGE ( 'NONE', *, *, #608, .F. ) ;
#2514 = LINE ( 'NONE', #591, #2646 ) ;
#2515 = CARTESIAN_POINT ( 'NONE',  ( -15.78115606453544828, -1.697238478191880734E-15, 5.500000000000254907 ) ) ;
#2516 = DIRECTION ( 'NONE',  ( 0.000000000000000000, -0.000000000000000000, -1.000000000000000000 ) ) ;
#2517 = VECTOR ( 'NONE', #2218, 1000.000000000000000 ) ;
#2518 = EDGE_LOOP ( 'NONE', ( #744, #300, #224, #475 ) ) ;
#2519 = CARTESIAN_POINT ( 'NONE',  ( -22.03115606453544828, 33.50704633327629267, 11.67735152382168806 ) ) ;
#2520 = AXIS2_PLACEMENT_3D ( 'NONE', #2093, #854, #1093 ) ;
#2521 = VECTOR ( 'NONE', #2128, 1000.000000000000000 ) ;
#2522 = ORIENTED_EDGE ( 'NONE', *, *, #1239, .T. ) ;
#2523 = LINE ( 'NONE', #1515, #2655 ) ;
#2524 = AXIS2_PLACEMENT_3D ( 'NONE', #287, #2551, #2138 ) ;
#2525 = CARTESIAN_POINT ( 'NONE',  ( -0.9934448250388319135, -13.29805609406240841, 3.500000000000254463 ) ) ;
#2526 = DIRECTION ( 'NONE',  ( 0.000000000000000000, 0.000000000000000000, -1.000000000000000000 ) ) ;
#2527 = CARTESIAN_POINT ( 'NONE',  ( -28.34161846380722594, 25.37803181733859503, 18.50000000000025224 ) ) ;
#2528 = AXIS2_PLACEMENT_3D ( 'NONE', #940, #141, #1773 ) ;
#2529 = EDGE_CURVE ( 'NONE', #590, #595, #1846, .T. ) ;
#2530 = ORIENTED_EDGE ( 'NONE', *, *, #807, .F. ) ;
#2531 = DIRECTION ( 'NONE',  ( 1.000000000000000000, 0.000000000000000000, -0.000000000000000000 ) ) ;
#2532 = CARTESIAN_POINT ( 'NONE',  ( 0.000000000000000000, 0.000000000000000000, 5.500000000000254907 ) ) ;
#2533 = FACE_OUTER_BOUND ( 'NONE', #615, .T. ) ;
#2534 = EDGE_CURVE ( 'NONE', #12, #1143, #1313, .T. ) ;
#2535 = ORIENTED_EDGE ( 'NONE', *, *, #957, .F. ) ;
#2536 = ORIENTED_EDGE ( 'NONE', *, *, #2168, .F. ) ;
#2537 = CARTESIAN_POINT ( 'NONE',  ( 21.63307053910937228, 22.35521482882545286, -8.159750702876424455 ) ) ;
#2538 = DIRECTION ( 'NONE',  ( 1.000000000000000000, 0.000000000000000000, 0.000000000000000000 ) ) ;
#2539 = CARTESIAN_POINT ( 'NONE',  ( 0.000000000000000000, 17.27078668038027232, 3.500000000000254463 ) ) ;
#2540 = PRODUCT_CONTEXT ( 'NONE', #2590, 'mechanical' ) ;
#2541 = ORIENTED_EDGE ( 'NONE', *, *, #464, .T. ) ;
#2542 = DIRECTION ( 'NONE',  ( 1.000000000000000000, 0.000000000000000000, 0.000000000000000000 ) ) ;
#2543 = DIRECTION ( 'NONE',  ( -0.000000000000000000, -0.000000000000000000, -1.000000000000000000 ) ) ;
#2544 = DIRECTION ( 'NONE',  ( -0.000000000000000000, -0.000000000000000000, -1.000000000000000000 ) ) ;
#2545 = ADVANCED_FACE ( 'NONE', ( #2678 ), #1887, .F. ) ;
#2546 = VERTEX_POINT ( 'NONE', #2292 ) ;
#2547 = PLANE ( 'NONE',  #2221 ) ;
#2548 = ADVANCED_FACE ( 'NONE', ( #203 ), #2512, .F. ) ;
#2549 = ORIENTED_EDGE ( 'NONE', *, *, #754, .T. ) ;
#2550 = DIRECTION ( 'NONE',  ( 0.000000000000000000, 0.000000000000000000, 1.000000000000000000 ) ) ;
#2551 = DIRECTION ( 'NONE',  ( -0.9813337787353678676, 0.1923122843527268200, 0.000000000000000000 ) ) ;
#2552 = CARTESIAN_POINT ( 'NONE',  ( 20.10804646543001084, 32.61683666746147026, 5.500000000000254907 ) ) ;
#2553 = EDGE_LOOP ( 'NONE', ( #1430, #690, #2241, #2643, #1118, #2115, #579, #1092 ) ) ;
#2554 = FACE_OUTER_BOUND ( 'NONE', #165, .T. ) ;
#2555 = LINE ( 'NONE', #1959, #776 ) ;
#2556 = ORIENTED_EDGE ( 'NONE', *, *, #2529, .F. ) ;
#2557 = DIRECTION ( 'NONE',  ( 1.000000000000000000, 0.000000000000000000, 0.000000000000000000 ) ) ;
#2558 = EDGE_CURVE ( 'NONE', #1625, #1108, #2084, .T. ) ;
#2559 = ORIENTED_EDGE ( 'NONE', *, *, #1863, .T. ) ;
#2560 = AXIS2_PLACEMENT_3D ( 'NONE', #526, #1357, #884 ) ;
#2561 = DIRECTION ( 'NONE',  ( 0.000000000000000000, 0.000000000000000000, -1.000000000000000000 ) ) ;
#2562 = AXIS2_PLACEMENT_3D ( 'NONE', #562, #1394, #1152 ) ;
#2563 = EDGE_CURVE ( 'NONE', #610, #492, #1858, .T. ) ;
#2564 = LINE ( 'NONE', #2577, #1265 ) ;
#2565 = DIRECTION ( 'NONE',  ( 1.000000000000000000, 0.000000000000000000, 0.000000000000000000 ) ) ;
#2566 = VECTOR ( 'NONE', #1352, 1000.000000000000000 ) ;
#2567 = VERTEX_POINT ( 'NONE', #16 ) ;
#2568 = CARTESIAN_POINT ( 'NONE',  ( -0.9934448250388319135, 0.000000000000000000, 5.500000000000254907 ) ) ;
#2569 = FACE_OUTER_BOUND ( 'NONE', #1342, .T. ) ;
#2570 =( GEOMETRIC_REPRESENTATION_CONTEXT ( 3 ) GLOBAL_UNCERTAINTY_ASSIGNED_CONTEXT ( ( #1718 ) ) GLOBAL_UNIT_ASSIGNED_CONTEXT ( ( #249, #1954, #2176 ) ) REPRESENTATION_CONTEXT ( 'NONE', 'WORKASPACE' ) );
#2571 = ORIENTED_EDGE ( 'NONE', *, *, #263, .T. ) ;
#2572 = ORIENTED_EDGE ( 'NONE', *, *, #1843, .F. ) ;
#2573 = CARTESIAN_POINT ( 'NONE',  ( -4.832232083118171317, -10.05694419705314324, 5.500000000000254907 ) ) ;
#2574 = ORIENTED_EDGE ( 'NONE', *, *, #1769, .F. ) ;
#2575 = LINE ( 'NONE', #1938, #2277 ) ;
#2576 = EDGE_CURVE ( 'NONE', #1901, #715, #1263, .T. ) ;
#2577 = CARTESIAN_POINT ( 'NONE',  ( 24.11166736146259026, 28.62795844823632052, 5.500000000000254907 ) ) ;
#2578 = ADVANCED_FACE ( 'NONE', ( #2061 ), #1875, .F. ) ;
#2579 = ORIENTED_EDGE ( 'NONE', *, *, #723, .T. ) ;
#2580 = CARTESIAN_POINT ( 'NONE',  ( 26.27883179831746219, 19.16617699716827872, 3.500000000000254907 ) ) ;
#2581 = LINE ( 'NONE', #1739, #950 ) ;
#2582 = CARTESIAN_POINT ( 'NONE',  ( -27.15895618077229656, 0.000000000000000000, 3.500000000000254463 ) ) ;
#2583 = ORIENTED_EDGE ( 'NONE', *, *, #771, .F. ) ;
#2584 = DIRECTION ( 'NONE',  ( 0.9813337787353678676, 0.1923122843527269865, 0.000000000000000000 ) ) ;
#2585 = ORIENTED_EDGE ( 'NONE', *, *, #314, .T. ) ;
#2586 = VERTEX_POINT ( 'NONE', #4 ) ;
#2587 = LINE ( 'NONE', #1071, #1999 ) ;
#2588 = CARTESIAN_POINT ( 'NONE',  ( 17.42668493753810210, -27.77046216421287994, 5.500000000000254907 ) ) ;
#2589 = CARTESIAN_POINT ( 'NONE',  ( 19.76305649801740927, 31.99886031465207381, 6.000000000000254907 ) ) ;
#2590 = APPLICATION_CONTEXT ( 'automotive_design' ) ;
#2591 = ADVANCED_FACE ( 'NONE', ( #1462 ), #641, .F. ) ;
#2592 = CARTESIAN_POINT ( 'NONE',  ( -7.733558274890649287, -13.29805609406241018, 6.000000000000254907 ) ) ;
#2593 = LINE ( 'NONE', #2167, #2521 ) ;
#2594 = CARTESIAN_POINT ( 'NONE',  ( 19.21454663313912903, 33.50704633327629978, 3.500000000000254907 ) ) ;
#2595 = ORIENTED_EDGE ( 'NONE', *, *, #1408, .T. ) ;
#2596 = LINE ( 'NONE', #1819, #420 ) ;
#2597 = DIRECTION ( 'NONE',  ( 0.000000000000000000, 1.000000000000000000, -0.000000000000000000 ) ) ;
#2598 = ORIENTED_EDGE ( 'NONE', *, *, #2563, .F. ) ;
#2599 = DIRECTION ( 'NONE',  ( -0.000000000000000000, -0.000000000000000000, -1.000000000000000000 ) ) ;
#2600 = CARTESIAN_POINT ( 'NONE',  ( -31.38207081830833545, -27.74939533400519309, 5.500000000000254907 ) ) ;
#2601 = AXIS2_PLACEMENT_3D ( 'NONE', #442, #1280, #1837 ) ;
#2602 = DIRECTION ( 'NONE',  ( -0.000000000000000000, -0.000000000000000000, -1.000000000000000000 ) ) ;
#2603 = CIRCLE ( 'NONE', #864, 4.349999999999999645 ) ;
#2604 = VECTOR ( 'NONE', #1229, 1000.000000000000000 ) ;
#2605 = LINE ( 'NONE', #2592, #254 ) ;
#2606 = DIRECTION ( 'NONE',  ( 1.000000000000000000, 0.000000000000000000, 0.000000000000000000 ) ) ;
#2607 = CARTESIAN_POINT ( 'NONE',  ( -23.21295638980803844, 25.37803181733859503, 3.500000000000254907 ) ) ;
#2608 = EDGE_CURVE ( 'NONE', #256, #1551, #2487, .T. ) ;
#2609 = VECTOR ( 'NONE', #1518, 1000.000000000000000 ) ;
#2610 = ORIENTED_EDGE ( 'NONE', *, *, #1131, .T. ) ;
#2611 = DIRECTION ( 'NONE',  ( 0.000000000000000000, 0.000000000000000000, 1.000000000000000000 ) ) ;
#2612 = CARTESIAN_POINT ( 'NONE',  ( 26.27554745711413631, 19.16617699716827872, 3.500000000000254463 ) ) ;
#2613 = VECTOR ( 'NONE', #746, 1000.000000000000000 ) ;
#2614 = EDGE_CURVE ( 'NONE', #1425, #1266, #861, .T. ) ;
#2615 = AXIS2_PLACEMENT_3D ( 'NONE', #2030, #1407, #589 ) ;
#2616 = ORIENTED_EDGE ( 'NONE', *, *, #1513, .T. ) ;
#2617 = ORIENTED_EDGE ( 'NONE', *, *, #1179, .T. ) ;
#2618 = DIRECTION ( 'NONE',  ( -1.000000000000000000, 0.000000000000000000, 0.000000000000000000 ) ) ;
#2619 = DIRECTION ( 'NONE',  ( -0.000000000000000000, -0.000000000000000000, 1.000000000000000000 ) ) ;
#2620 = CARTESIAN_POINT ( 'NONE',  ( -29.37216914772753640, -24.73533803050917967, -8.159750702876424455 ) ) ;
#2621 = LINE ( 'NONE', #1364, #2392 ) ;
#2622 = DIRECTION ( 'NONE',  ( 0.000000000000000000, -1.000000000000000000, 0.000000000000000000 ) ) ;
#2623 = PLANE ( 'NONE',  #2233 ) ;
#2624 = ORIENTED_EDGE ( 'NONE', *, *, #1720, .T. ) ;
#2625 = LINE ( 'NONE', #1212, #2430 ) ;
#2626 = EDGE_CURVE ( 'NONE', #244, #404, #1833, .T. ) ;
#2627 = EDGE_LOOP ( 'NONE', ( #1322, #2032, #2207, #2624 ) ) ;
#2628 = VERTEX_POINT ( 'NONE', #401 ) ;
#2629 = CARTESIAN_POINT ( 'NONE',  ( 19.21454663313912903, 33.50704633327629978, 5.500000000000254907 ) ) ;
#2630 = EDGE_CURVE ( 'NONE', #1311, #1992, #2660, .T. ) ;
#2631 = CARTESIAN_POINT ( 'NONE',  ( -0.9934448250388319135, -25.41574088011293853, 5.500000000000254907 ) ) ;
#2632 = ORIENTED_EDGE ( 'NONE', *, *, #1798, .T. ) ;
#2633 = CARTESIAN_POINT ( 'NONE',  ( 17.42668493753810210, -24.56742071713507158, 13.50000000000025402 ) ) ;
#2634 = LINE ( 'NONE', #2449, #1648 ) ;
#2635 = CARTESIAN_POINT ( 'NONE',  ( 17.42792918169166327, -36.49533803050918124, 5.500000000000254907 ) ) ;
#2636 = FACE_OUTER_BOUND ( 'NONE', #1611, .T. ) ;
#2637 = ORIENTED_EDGE ( 'NONE', *, *, #1376, .T. ) ;
#2638 = VERTEX_POINT ( 'NONE', #2692 ) ;
#2639 = CARTESIAN_POINT ( 'NONE',  ( -4.832232083118171317, -10.05694419705314324, 6.000000000000254907 ) ) ;
#2640 = EDGE_LOOP ( 'NONE', ( #855, #2122, #622, #1669 ) ) ;
#2641 = DIRECTION ( 'NONE',  ( -0.000000000000000000, -0.000000000000000000, -1.000000000000000000 ) ) ;
#2642 = EDGE_CURVE ( 'NONE', #1851, #2143, #820, .T. ) ;
#2643 = ORIENTED_EDGE ( 'NONE', *, *, #1084, .T. ) ;
#2644 = LINE ( 'NONE', #967, #1479 ) ;
#2645 = EDGE_CURVE ( 'NONE', #1724, #1176, #1111, .T. ) ;
#2646 = VECTOR ( 'NONE', #645, 1000.000000000000000 ) ;
#2647 = DIRECTION ( 'NONE',  ( -0.000000000000000000, -0.000000000000000000, -1.000000000000000000 ) ) ;
#2648 = DIRECTION ( 'NONE',  ( 0.000000000000000000, -0.000000000000000000, -1.000000000000000000 ) ) ;
#2649 = CIRCLE ( 'NONE', #514, 4.349999999999999645 ) ;
#2650 = CARTESIAN_POINT ( 'NONE',  ( -27.15895618077229656, -13.29805609406241196, 3.500000000000254463 ) ) ;
#2651 = EDGE_LOOP ( 'NONE', ( #2270, #152 ) ) ;
#2652 = ORIENTED_EDGE ( 'NONE', *, *, #974, .T. ) ;
#2653 = CARTESIAN_POINT ( 'NONE',  ( -0.9934448250388319135, -13.29805609406240841, 5.500000000000254907 ) ) ;
#2654 = AXIS2_PLACEMENT_3D ( 'NONE', #2113, #1015, #2072 ) ;
#2655 = VECTOR ( 'NONE', #233, 1000.000000000000000 ) ;
#2656 = ORIENTED_EDGE ( 'NONE', *, *, #1431, .F. ) ;
#2657 = ORIENTED_EDGE ( 'NONE', *, *, #2070, .T. ) ;
#2658 = DIRECTION ( 'NONE',  ( -1.000000000000000000, 0.000000000000000000, -0.000000000000000000 ) ) ;
#2659 = DIRECTION ( 'NONE',  ( -0.000000000000000000, -0.000000000000000000, 1.000000000000000000 ) ) ;
#2660 = CIRCLE ( 'NONE', #1571, 4.356268435279794460 ) ;
#2661 = ORIENTED_EDGE ( 'NONE', *, *, #319, .T. ) ;
#2662 = PLANE ( 'NONE',  #219 ) ;
#2663 = EDGE_CURVE ( 'NONE', #1674, #1266, #2404, .T. ) ;
#2664 = CARTESIAN_POINT ( 'NONE',  ( 24.35681727092423543, 28.38371126307810854, 5.500000000000254907 ) ) ;
#2665 = LINE ( 'NONE', #1835, #2437 ) ;
#2666 = EDGE_CURVE ( 'NONE', #1198, #1176, #2371, .T. ) ;
#2667 = PLANE ( 'NONE',  #1659 ) ;
#2668 = FACE_OUTER_BOUND ( 'NONE', #343, .T. ) ;
#2669 = DIRECTION ( 'NONE',  ( 1.000000000000000000, 0.000000000000000000, -0.000000000000000000 ) ) ;
#2670 = VERTEX_POINT ( 'NONE', #1335 ) ;
#2671 = ORIENTED_EDGE ( 'NONE', *, *, #1516, .F. ) ;
#2672 = CARTESIAN_POINT ( 'NONE',  ( -15.78115606453545183, 14.75666087085782507, 18.50000000000025224 ) ) ;
#2673 = ORIENTED_EDGE ( 'NONE', *, *, #926, .T. ) ;
#2674 = FACE_OUTER_BOUND ( 'NONE', #773, .T. ) ;
#2675 = PRODUCT_DEFINITION ( 'UNKNOWN', '', #1964, #787 ) ;
#2676 = CARTESIAN_POINT ( 'NONE',  ( 26.27883179831746219, 19.16617699716827872, 0.000000000000000000 ) ) ;
#2677 = CARTESIAN_POINT ( 'NONE',  ( -31.38207081830833545, 17.27078668038027232, 3.500000000000254463 ) ) ;
#2678 = FACE_OUTER_BOUND ( 'NONE', #1298, .T. ) ;
#2679 = EDGE_CURVE ( 'NONE', #1854, #843, #1101, .T. ) ;
#2680 = VERTEX_POINT ( 'NONE', #877 ) ;
#2681 = DIRECTION ( 'NONE',  ( -0.7084098798067387515, 0.7058012767006035526, -0.000000000000000000 ) ) ;
#2682 =( NAMED_UNIT ( * ) PLANE_ANGLE_UNIT ( ) SI_UNIT ( $, .RADIAN. ) );
#2683 = EDGE_CURVE ( 'NONE', #1279, #170, #708, .T. ) ;
#2684 = ORIENTED_EDGE ( 'NONE', *, *, #928, .T. ) ;
#2685 = EDGE_LOOP ( 'NONE', ( #2535, #1397, #1528, #2329 ) ) ;
#2686 = DIRECTION ( 'NONE',  ( 0.000000000000000000, -1.000000000000000000, 0.000000000000000000 ) ) ;
#2687 = VERTEX_POINT ( 'NONE', #2552 ) ;
#2688 = EDGE_LOOP ( 'NONE', ( #556, #1566, #2579, #77 ) ) ;
#2689 = CARTESIAN_POINT ( 'NONE',  ( -2.615539500464059142, -12.76549989963823784, 6.000000000000254907 ) ) ;
#2690 = CARTESIAN_POINT ( 'NONE',  ( 17.42668493753810210, 9.628561104224484524, 5.500000000000254907 ) ) ;
#2691 = DIRECTION ( 'NONE',  ( -0.000000000000000000, -0.000000000000000000, 1.000000000000000000 ) ) ;
#2692 = CARTESIAN_POINT ( 'NONE',  ( -9.182232083118170962, -10.05694419705314324, 6.000000000000254907 ) ) ;
#2693 = AXIS2_PLACEMENT_3D ( 'NONE', #1984, #107, #332 ) ;
#2694 = VERTEX_POINT ( 'NONE', #288 ) ;
#2695 = CIRCLE ( 'NONE', #204, 1.638047801884704668 ) ;
#2696 = CARTESIAN_POINT ( 'NONE',  ( 17.42668493753810210, 9.628561104224484524, 3.500000000000254907 ) ) ;
#2697 = DIRECTION ( 'NONE',  ( 0.000000000000000000, 0.000000000000000000, -1.000000000000000000 ) ) ;
#2698 = EDGE_CURVE ( 'NONE', #1007, #595, #696, .T. ) ;
#2699 = CIRCLE ( 'NONE', #1521, 5.250000000000000888 ) ;
#2700 = ORIENTED_EDGE ( 'NONE', *, *, #346, .T. ) ;
#2701 = VERTEX_POINT ( 'NONE', #277 ) ;
#2702 = VECTOR ( 'NONE', #2450, 1000.000000000000000 ) ;
#2703 = EDGE_CURVE ( 'NONE', #21, #1600, #55, .T. ) ;
#2704 = AXIS2_PLACEMENT_3D ( 'NONE', #1747, #2124, #1544 ) ;
#2705 = ORIENTED_EDGE ( 'NONE', *, *, #2494, .F. ) ;
#2706 = DIRECTION ( 'NONE',  ( 0.000000000000000000, 0.000000000000000000, -1.000000000000000000 ) ) ;
#2707 = VECTOR ( 'NONE', #790, 1000.000000000000000 ) ;
ENDSEC;
END-ISO-10303-21;
