ISO-10303-21;
HEADER;
FILE_DESCRIPTION(('Open CASCADE Model'),'2;1');
FILE_NAME('Open CASCADE Shape Model','2025-05-14T22:36:07',('Author'),(
    'Open CASCADE'),'Open CASCADE STEP processor 7.5','Open CASCADE 7.5'
  ,'Unknown');
FILE_SCHEMA(('AUTOMOTIVE_DESIGN { 1 0 10303 214 1 1 1 1 }'));
ENDSEC;
DATA;
#1 = APPLICATION_PROTOCOL_DEFINITION('international standard',
  'automotive_design',2000,#2);
#2 = APPLICATION_CONTEXT(
  'core data for automotive mechanical design processes');
#3 = SHAPE_DEFINITION_REPRESENTATION(#4,#10);
#4 = PRODUCT_DEFINITION_SHAPE('','',#5);
#5 = PRODUCT_DEFINITION('design','',#6,#9);
#6 = PRODUCT_DEFINITION_FORMATION('','',#7);
#7 = PRODUCT('PCB','PCB','',(#8));
#8 = PRODUCT_CONTEXT('',#2,'mechanical');
#9 = PRODUCT_DEFINITION_CONTEXT('part definition',#2,'design');
#10 = SHAPE_REPRESENTATION('',(#11,#15,#19,#23,#27,#31,#35,#39,#43,#47,
    #51,#55),#59);
#11 = AXIS2_PLACEMENT_3D('',#12,#13,#14);
#12 = CARTESIAN_POINT('',(0.,0.,0.));
#13 = DIRECTION('',(0.,0.,1.));
#14 = DIRECTION('',(1.,0.,-0.));
#15 = AXIS2_PLACEMENT_3D('',#16,#17,#18);
#16 = CARTESIAN_POINT('',(0.,0.,0.));
#17 = DIRECTION('',(0.,0.,1.));
#18 = DIRECTION('',(1.,0.,-0.));
#19 = AXIS2_PLACEMENT_3D('',#20,#21,#22);
#20 = CARTESIAN_POINT('',(0.,0.,0.));
#21 = DIRECTION('',(0.,0.,1.));
#22 = DIRECTION('',(1.,0.,-0.));
#23 = AXIS2_PLACEMENT_3D('',#24,#25,#26);
#24 = CARTESIAN_POINT('',(0.,0.,0.));
#25 = DIRECTION('',(0.,0.,1.));
#26 = DIRECTION('',(1.,0.,-0.));
#27 = AXIS2_PLACEMENT_3D('',#28,#29,#30);
#28 = CARTESIAN_POINT('',(0.,0.,0.));
#29 = DIRECTION('',(0.,0.,1.));
#30 = DIRECTION('',(1.,0.,-0.));
#31 = AXIS2_PLACEMENT_3D('',#32,#33,#34);
#32 = CARTESIAN_POINT('',(0.,0.,0.));
#33 = DIRECTION('',(0.,0.,1.));
#34 = DIRECTION('',(1.,0.,-0.));
#35 = AXIS2_PLACEMENT_3D('',#36,#37,#38);
#36 = CARTESIAN_POINT('',(0.,0.,0.));
#37 = DIRECTION('',(0.,0.,1.));
#38 = DIRECTION('',(1.,0.,-0.));
#39 = AXIS2_PLACEMENT_3D('',#40,#41,#42);
#40 = CARTESIAN_POINT('',(0.,0.,0.));
#41 = DIRECTION('',(0.,0.,1.));
#42 = DIRECTION('',(1.,0.,-0.));
#43 = AXIS2_PLACEMENT_3D('',#44,#45,#46);
#44 = CARTESIAN_POINT('',(0.,0.,0.));
#45 = DIRECTION('',(0.,0.,1.));
#46 = DIRECTION('',(1.,0.,-0.));
#47 = AXIS2_PLACEMENT_3D('',#48,#49,#50);
#48 = CARTESIAN_POINT('',(0.,0.,0.));
#49 = DIRECTION('',(0.,0.,1.));
#50 = DIRECTION('',(1.,0.,-0.));
#51 = AXIS2_PLACEMENT_3D('',#52,#53,#54);
#52 = CARTESIAN_POINT('',(0.,0.,0.));
#53 = DIRECTION('',(0.,0.,1.));
#54 = DIRECTION('',(1.,0.,-0.));
#55 = AXIS2_PLACEMENT_3D('',#56,#57,#58);
#56 = CARTESIAN_POINT('',(0.,0.,0.));
#57 = DIRECTION('',(0.,0.,1.));
#58 = DIRECTION('',(1.,0.,-0.));
#59 = ( GEOMETRIC_REPRESENTATION_CONTEXT(3) 
GLOBAL_UNCERTAINTY_ASSIGNED_CONTEXT((#63)) GLOBAL_UNIT_ASSIGNED_CONTEXT(
(#60,#61,#62)) REPRESENTATION_CONTEXT('Context #1',
  '3D Context with UNIT and UNCERTAINTY') );
#60 = ( LENGTH_UNIT() NAMED_UNIT(*) SI_UNIT(.MILLI.,.METRE.) );
#61 = ( NAMED_UNIT(*) PLANE_ANGLE_UNIT() SI_UNIT($,.RADIAN.) );
#62 = ( NAMED_UNIT(*) SI_UNIT($,.STERADIAN.) SOLID_ANGLE_UNIT() );
#63 = UNCERTAINTY_MEASURE_WITH_UNIT(LENGTH_MEASURE(1.E-07),#60,
  'distance_accuracy_value','confusion accuracy');
#64 = PRODUCT_RELATED_PRODUCT_CATEGORY('part',$,(#7));
#65 = SHAPE_DEFINITION_REPRESENTATION(#66,#72);
#66 = PRODUCT_DEFINITION_SHAPE('','',#67);
#67 = PRODUCT_DEFINITION('design','',#68,#71);
#68 = PRODUCT_DEFINITION_FORMATION('','',#69);
#69 = PRODUCT('Board','Board','',(#70));
#70 = PRODUCT_CONTEXT('',#2,'mechanical');
#71 = PRODUCT_DEFINITION_CONTEXT('part definition',#2,'design');
#72 = SHAPE_REPRESENTATION('',(#11,#73),#77);
#73 = AXIS2_PLACEMENT_3D('',#74,#75,#76);
#74 = CARTESIAN_POINT('',(0.,0.,-1.6194024));
#75 = DIRECTION('',(0.,0.,1.));
#76 = DIRECTION('',(1.,0.,-0.));
#77 = ( GEOMETRIC_REPRESENTATION_CONTEXT(3) 
GLOBAL_UNCERTAINTY_ASSIGNED_CONTEXT((#81)) GLOBAL_UNIT_ASSIGNED_CONTEXT(
(#78,#79,#80)) REPRESENTATION_CONTEXT('Context #1',
  '3D Context with UNIT and UNCERTAINTY') );
#78 = ( LENGTH_UNIT() NAMED_UNIT(*) SI_UNIT(.MILLI.,.METRE.) );
#79 = ( NAMED_UNIT(*) PLANE_ANGLE_UNIT() SI_UNIT($,.RADIAN.) );
#80 = ( NAMED_UNIT(*) SI_UNIT($,.STERADIAN.) SOLID_ANGLE_UNIT() );
#81 = UNCERTAINTY_MEASURE_WITH_UNIT(LENGTH_MEASURE(1.E-07),#78,
  'distance_accuracy_value','confusion accuracy');
#82 = ADVANCED_BREP_SHAPE_REPRESENTATION('',(#11,#83),#562);
#83 = MANIFOLD_SOLID_BREP('',#84);
#84 = CLOSED_SHELL('',(#85,#127,#158,#191,#222,#255,#286,#317,#350,#372,
    #405,#438,#471,#504,#533));
#85 = ADVANCED_FACE('',(#86),#122,.T.);
#86 = FACE_BOUND('',#87,.F.);
#87 = EDGE_LOOP('',(#88,#98,#107,#115));
#88 = ORIENTED_EDGE('',*,*,#89,.T.);
#89 = EDGE_CURVE('',#90,#92,#94,.T.);
#90 = VERTEX_POINT('',#91);
#91 = CARTESIAN_POINT('',(0.,6.912000179291,0.));
#92 = VERTEX_POINT('',#93);
#93 = CARTESIAN_POINT('',(0.,6.912000179291,1.6194024));
#94 = LINE('',#95,#96);
#95 = CARTESIAN_POINT('',(0.,6.912000179291,0.));
#96 = VECTOR('',#97,1.);
#97 = DIRECTION('',(0.,0.,1.));
#98 = ORIENTED_EDGE('',*,*,#99,.T.);
#99 = EDGE_CURVE('',#92,#100,#102,.T.);
#100 = VERTEX_POINT('',#101);
#101 = CARTESIAN_POINT('',(7.010000228882,-4.440892098501E-16,1.6194024)
  );
#102 = CIRCLE('',#103,6.961745192823);
#103 = AXIS2_PLACEMENT_3D('',#104,#105,#106);
#104 = CARTESIAN_POINT('',(6.961568666313,6.961576726112,1.6194024));
#105 = DIRECTION('',(0.,0.,1.));
#106 = DIRECTION('',(-0.999974643354,-7.121281438439E-03,0.));
#107 = ORIENTED_EDGE('',*,*,#108,.F.);
#108 = EDGE_CURVE('',#109,#100,#111,.T.);
#109 = VERTEX_POINT('',#110);
#110 = CARTESIAN_POINT('',(7.010000228882,-4.440892098501E-16,0.));
#111 = LINE('',#112,#113);
#112 = CARTESIAN_POINT('',(7.010000228882,-4.440892098501E-16,0.));
#113 = VECTOR('',#114,1.);
#114 = DIRECTION('',(0.,0.,1.));
#115 = ORIENTED_EDGE('',*,*,#116,.F.);
#116 = EDGE_CURVE('',#90,#109,#117,.T.);
#117 = CIRCLE('',#118,6.961745192823);
#118 = AXIS2_PLACEMENT_3D('',#119,#120,#121);
#119 = CARTESIAN_POINT('',(6.961568666313,6.961576726112,0.));
#120 = DIRECTION('',(0.,0.,1.));
#121 = DIRECTION('',(-0.999974643354,-7.121281438439E-03,0.));
#122 = CYLINDRICAL_SURFACE('',#123,6.961745192823);
#123 = AXIS2_PLACEMENT_3D('',#124,#125,#126);
#124 = CARTESIAN_POINT('',(6.961568666313,6.961576726112,0.));
#125 = DIRECTION('',(-0.,-0.,-1.));
#126 = DIRECTION('',(-0.999974643354,-7.121281438439E-03,0.));
#127 = ADVANCED_FACE('',(#128),#153,.F.);
#128 = FACE_BOUND('',#129,.F.);
#129 = EDGE_LOOP('',(#130,#131,#139,#147));
#130 = ORIENTED_EDGE('',*,*,#108,.T.);
#131 = ORIENTED_EDGE('',*,*,#132,.T.);
#132 = EDGE_CURVE('',#100,#133,#135,.T.);
#133 = VERTEX_POINT('',#134);
#134 = CARTESIAN_POINT('',(50.647998809814,4.440892098501E-16,1.6194024)
  );
#135 = LINE('',#136,#137);
#136 = CARTESIAN_POINT('',(7.010000228882,0.,1.6194024));
#137 = VECTOR('',#138,1.);
#138 = DIRECTION('',(1.,0.,0.));
#139 = ORIENTED_EDGE('',*,*,#140,.F.);
#140 = EDGE_CURVE('',#141,#133,#143,.T.);
#141 = VERTEX_POINT('',#142);
#142 = CARTESIAN_POINT('',(50.647998809814,4.440892098501E-16,0.));
#143 = LINE('',#144,#145);
#144 = CARTESIAN_POINT('',(50.647998809814,4.440892098501E-16,0.));
#145 = VECTOR('',#146,1.);
#146 = DIRECTION('',(0.,0.,1.));
#147 = ORIENTED_EDGE('',*,*,#148,.F.);
#148 = EDGE_CURVE('',#109,#141,#149,.T.);
#149 = LINE('',#150,#151);
#150 = CARTESIAN_POINT('',(7.010000228882,0.,0.));
#151 = VECTOR('',#152,1.);
#152 = DIRECTION('',(1.,0.,0.));
#153 = PLANE('',#154);
#154 = AXIS2_PLACEMENT_3D('',#155,#156,#157);
#155 = CARTESIAN_POINT('',(7.010000228882,0.,0.));
#156 = DIRECTION('',(0.,1.,0.));
#157 = DIRECTION('',(1.,0.,0.));
#158 = ADVANCED_FACE('',(#159),#186,.T.);
#159 = FACE_BOUND('',#160,.F.);
#160 = EDGE_LOOP('',(#161,#162,#171,#179));
#161 = ORIENTED_EDGE('',*,*,#140,.T.);
#162 = ORIENTED_EDGE('',*,*,#163,.T.);
#163 = EDGE_CURVE('',#133,#164,#166,.T.);
#164 = VERTEX_POINT('',#165);
#165 = CARTESIAN_POINT('',(57.658000946045,7.010000228882,1.6194024));
#166 = CIRCLE('',#167,7.009382887532);
#167 = AXIS2_PLACEMENT_3D('',#168,#169,#170);
#168 = CARTESIAN_POINT('',(50.648618085701,7.009382860175,1.6194024));
#169 = DIRECTION('',(0.,0.,1.));
#170 = DIRECTION('',(-8.834955900511E-05,-0.999999996097,0.));
#171 = ORIENTED_EDGE('',*,*,#172,.F.);
#172 = EDGE_CURVE('',#173,#164,#175,.T.);
#173 = VERTEX_POINT('',#174);
#174 = CARTESIAN_POINT('',(57.658000946045,7.010000228882,0.));
#175 = LINE('',#176,#177);
#176 = CARTESIAN_POINT('',(57.658000946045,7.010000228882,0.));
#177 = VECTOR('',#178,1.);
#178 = DIRECTION('',(0.,0.,1.));
#179 = ORIENTED_EDGE('',*,*,#180,.F.);
#180 = EDGE_CURVE('',#141,#173,#181,.T.);
#181 = CIRCLE('',#182,7.009382887532);
#182 = AXIS2_PLACEMENT_3D('',#183,#184,#185);
#183 = CARTESIAN_POINT('',(50.648618085701,7.009382860175,0.));
#184 = DIRECTION('',(0.,0.,1.));
#185 = DIRECTION('',(-8.834955900511E-05,-0.999999996097,0.));
#186 = CYLINDRICAL_SURFACE('',#187,7.009382887532);
#187 = AXIS2_PLACEMENT_3D('',#188,#189,#190);
#188 = CARTESIAN_POINT('',(50.648618085701,7.009382860175,0.));
#189 = DIRECTION('',(-0.,-0.,-1.));
#190 = DIRECTION('',(-8.834955900511E-05,-0.999999996097,0.));
#191 = ADVANCED_FACE('',(#192),#217,.F.);
#192 = FACE_BOUND('',#193,.F.);
#193 = EDGE_LOOP('',(#194,#195,#203,#211));
#194 = ORIENTED_EDGE('',*,*,#172,.T.);
#195 = ORIENTED_EDGE('',*,*,#196,.T.);
#196 = EDGE_CURVE('',#164,#197,#199,.T.);
#197 = VERTEX_POINT('',#198);
#198 = CARTESIAN_POINT('',(57.658000946045,62.966999053955,1.6194024));
#199 = LINE('',#200,#201);
#200 = CARTESIAN_POINT('',(57.658000946045,7.010000228882,1.6194024));
#201 = VECTOR('',#202,1.);
#202 = DIRECTION('',(0.,1.,0.));
#203 = ORIENTED_EDGE('',*,*,#204,.F.);
#204 = EDGE_CURVE('',#205,#197,#207,.T.);
#205 = VERTEX_POINT('',#206);
#206 = CARTESIAN_POINT('',(57.658000946045,62.966999053955,0.));
#207 = LINE('',#208,#209);
#208 = CARTESIAN_POINT('',(57.658000946045,62.966999053955,0.));
#209 = VECTOR('',#210,1.);
#210 = DIRECTION('',(0.,0.,1.));
#211 = ORIENTED_EDGE('',*,*,#212,.F.);
#212 = EDGE_CURVE('',#173,#205,#213,.T.);
#213 = LINE('',#214,#215);
#214 = CARTESIAN_POINT('',(57.658000946045,7.010000228882,0.));
#215 = VECTOR('',#216,1.);
#216 = DIRECTION('',(0.,1.,0.));
#217 = PLANE('',#218);
#218 = AXIS2_PLACEMENT_3D('',#219,#220,#221);
#219 = CARTESIAN_POINT('',(57.658000946045,7.010000228882,0.));
#220 = DIRECTION('',(-1.,0.,0.));
#221 = DIRECTION('',(0.,1.,0.));
#222 = ADVANCED_FACE('',(#223),#250,.T.);
#223 = FACE_BOUND('',#224,.F.);
#224 = EDGE_LOOP('',(#225,#226,#235,#243));
#225 = ORIENTED_EDGE('',*,*,#204,.T.);
#226 = ORIENTED_EDGE('',*,*,#227,.T.);
#227 = EDGE_CURVE('',#197,#228,#230,.T.);
#228 = VERTEX_POINT('',#229);
#229 = CARTESIAN_POINT('',(50.546001434326,70.001998901367,1.6194024));
#230 = CIRCLE('',#231,7.074361213841);
#231 = AXIS2_PLACEMENT_3D('',#232,#233,#234);
#232 = CARTESIAN_POINT('',(50.583748675702,62.927738393748,1.6194024));
#233 = DIRECTION('',(0.,0.,1.));
#234 = DIRECTION('',(0.999984600235,5.54971099446E-03,-0.));
#235 = ORIENTED_EDGE('',*,*,#236,.F.);
#236 = EDGE_CURVE('',#237,#228,#239,.T.);
#237 = VERTEX_POINT('',#238);
#238 = CARTESIAN_POINT('',(50.546001434326,70.001998901367,0.));
#239 = LINE('',#240,#241);
#240 = CARTESIAN_POINT('',(50.546001434326,70.001998901367,0.));
#241 = VECTOR('',#242,1.);
#242 = DIRECTION('',(0.,0.,1.));
#243 = ORIENTED_EDGE('',*,*,#244,.F.);
#244 = EDGE_CURVE('',#205,#237,#245,.T.);
#245 = CIRCLE('',#246,7.074361213841);
#246 = AXIS2_PLACEMENT_3D('',#247,#248,#249);
#247 = CARTESIAN_POINT('',(50.583748675702,62.927738393748,0.));
#248 = DIRECTION('',(0.,0.,1.));
#249 = DIRECTION('',(0.999984600235,5.54971099446E-03,-0.));
#250 = CYLINDRICAL_SURFACE('',#251,7.074361213841);
#251 = AXIS2_PLACEMENT_3D('',#252,#253,#254);
#252 = CARTESIAN_POINT('',(50.583748675702,62.927738393748,0.));
#253 = DIRECTION('',(-0.,-0.,-1.));
#254 = DIRECTION('',(0.999984600235,5.54971099446E-03,-0.));
#255 = ADVANCED_FACE('',(#256),#281,.F.);
#256 = FACE_BOUND('',#257,.F.);
#257 = EDGE_LOOP('',(#258,#259,#267,#275));
#258 = ORIENTED_EDGE('',*,*,#236,.T.);
#259 = ORIENTED_EDGE('',*,*,#260,.T.);
#260 = EDGE_CURVE('',#228,#261,#263,.T.);
#261 = VERTEX_POINT('',#262);
#262 = CARTESIAN_POINT('',(7.111999988556,70.001998901367,1.6194024));
#263 = LINE('',#264,#265);
#264 = CARTESIAN_POINT('',(50.546001434326,70.001998901367,1.6194024));
#265 = VECTOR('',#266,1.);
#266 = DIRECTION('',(-1.,0.,0.));
#267 = ORIENTED_EDGE('',*,*,#268,.F.);
#268 = EDGE_CURVE('',#269,#261,#271,.T.);
#269 = VERTEX_POINT('',#270);
#270 = CARTESIAN_POINT('',(7.111999988556,70.001998901367,0.));
#271 = LINE('',#272,#273);
#272 = CARTESIAN_POINT('',(7.111999988556,70.001998901367,0.));
#273 = VECTOR('',#274,1.);
#274 = DIRECTION('',(0.,0.,1.));
#275 = ORIENTED_EDGE('',*,*,#276,.F.);
#276 = EDGE_CURVE('',#237,#269,#277,.T.);
#277 = LINE('',#278,#279);
#278 = CARTESIAN_POINT('',(50.546001434326,70.001998901367,0.));
#279 = VECTOR('',#280,1.);
#280 = DIRECTION('',(-1.,0.,0.));
#281 = PLANE('',#282);
#282 = AXIS2_PLACEMENT_3D('',#283,#284,#285);
#283 = CARTESIAN_POINT('',(50.546001434326,70.001998901367,0.));
#284 = DIRECTION('',(0.,-1.,0.));
#285 = DIRECTION('',(-1.,0.,0.));
#286 = ADVANCED_FACE('',(#287),#312,.F.);
#287 = FACE_BOUND('',#288,.F.);
#288 = EDGE_LOOP('',(#289,#290,#298,#306));
#289 = ORIENTED_EDGE('',*,*,#268,.T.);
#290 = ORIENTED_EDGE('',*,*,#291,.T.);
#291 = EDGE_CURVE('',#261,#292,#294,.T.);
#292 = VERTEX_POINT('',#293);
#293 = CARTESIAN_POINT('',(7.111999988556,69.976997375488,1.6194024));
#294 = LINE('',#295,#296);
#295 = CARTESIAN_POINT('',(7.111999988556,70.001998901367,1.6194024));
#296 = VECTOR('',#297,1.);
#297 = DIRECTION('',(0.,-1.,0.));
#298 = ORIENTED_EDGE('',*,*,#299,.F.);
#299 = EDGE_CURVE('',#300,#292,#302,.T.);
#300 = VERTEX_POINT('',#301);
#301 = CARTESIAN_POINT('',(7.111999988556,69.976997375488,0.));
#302 = LINE('',#303,#304);
#303 = CARTESIAN_POINT('',(7.111999988556,69.976997375488,0.));
#304 = VECTOR('',#305,1.);
#305 = DIRECTION('',(0.,0.,1.));
#306 = ORIENTED_EDGE('',*,*,#307,.F.);
#307 = EDGE_CURVE('',#269,#300,#308,.T.);
#308 = LINE('',#309,#310);
#309 = CARTESIAN_POINT('',(7.111999988556,70.001998901367,0.));
#310 = VECTOR('',#311,1.);
#311 = DIRECTION('',(0.,-1.,0.));
#312 = PLANE('',#313);
#313 = AXIS2_PLACEMENT_3D('',#314,#315,#316);
#314 = CARTESIAN_POINT('',(7.111999988556,70.001998901367,0.));
#315 = DIRECTION('',(1.,0.,-0.));
#316 = DIRECTION('',(0.,-1.,0.));
#317 = ADVANCED_FACE('',(#318),#345,.T.);
#318 = FACE_BOUND('',#319,.F.);
#319 = EDGE_LOOP('',(#320,#321,#330,#338));
#320 = ORIENTED_EDGE('',*,*,#299,.T.);
#321 = ORIENTED_EDGE('',*,*,#322,.T.);
#322 = EDGE_CURVE('',#292,#323,#325,.T.);
#323 = VERTEX_POINT('',#324);
#324 = CARTESIAN_POINT('',(4.440892098501E-16,62.865001678467,1.6194024)
  );
#325 = CIRCLE('',#326,7.111807077315);
#326 = AXIS2_PLACEMENT_3D('',#327,#328,#329);
#327 = CARTESIAN_POINT('',(7.111807074814,62.86519030079,1.6194024));
#328 = DIRECTION('',(0.,0.,1.));
#329 = DIRECTION('',(2.712584018773E-05,0.999999999632,-0.));
#330 = ORIENTED_EDGE('',*,*,#331,.F.);
#331 = EDGE_CURVE('',#332,#323,#334,.T.);
#332 = VERTEX_POINT('',#333);
#333 = CARTESIAN_POINT('',(4.440892098501E-16,62.865001678467,0.));
#334 = LINE('',#335,#336);
#335 = CARTESIAN_POINT('',(4.440892098501E-16,62.865001678467,0.));
#336 = VECTOR('',#337,1.);
#337 = DIRECTION('',(0.,0.,1.));
#338 = ORIENTED_EDGE('',*,*,#339,.F.);
#339 = EDGE_CURVE('',#300,#332,#340,.T.);
#340 = CIRCLE('',#341,7.111807077315);
#341 = AXIS2_PLACEMENT_3D('',#342,#343,#344);
#342 = CARTESIAN_POINT('',(7.111807074814,62.86519030079,0.));
#343 = DIRECTION('',(0.,0.,1.));
#344 = DIRECTION('',(2.712584018773E-05,0.999999999632,-0.));
#345 = CYLINDRICAL_SURFACE('',#346,7.111807077315);
#346 = AXIS2_PLACEMENT_3D('',#347,#348,#349);
#347 = CARTESIAN_POINT('',(7.111807074814,62.86519030079,0.));
#348 = DIRECTION('',(-0.,-0.,-1.));
#349 = DIRECTION('',(2.712584018773E-05,0.999999999632,-0.));
#350 = ADVANCED_FACE('',(#351),#367,.F.);
#351 = FACE_BOUND('',#352,.F.);
#352 = EDGE_LOOP('',(#353,#354,#360,#361));
#353 = ORIENTED_EDGE('',*,*,#331,.T.);
#354 = ORIENTED_EDGE('',*,*,#355,.T.);
#355 = EDGE_CURVE('',#323,#92,#356,.T.);
#356 = LINE('',#357,#358);
#357 = CARTESIAN_POINT('',(0.,62.865001678467,1.6194024));
#358 = VECTOR('',#359,1.);
#359 = DIRECTION('',(0.,-1.,0.));
#360 = ORIENTED_EDGE('',*,*,#89,.F.);
#361 = ORIENTED_EDGE('',*,*,#362,.F.);
#362 = EDGE_CURVE('',#332,#90,#363,.T.);
#363 = LINE('',#364,#365);
#364 = CARTESIAN_POINT('',(0.,62.865001678467,0.));
#365 = VECTOR('',#366,1.);
#366 = DIRECTION('',(0.,-1.,0.));
#367 = PLANE('',#368);
#368 = AXIS2_PLACEMENT_3D('',#369,#370,#371);
#369 = CARTESIAN_POINT('',(0.,62.865001678467,0.));
#370 = DIRECTION('',(1.,0.,-0.));
#371 = DIRECTION('',(0.,-1.,0.));
#372 = ADVANCED_FACE('',(#373),#400,.F.);
#373 = FACE_BOUND('',#374,.T.);
#374 = EDGE_LOOP('',(#375,#385,#392,#393));
#375 = ORIENTED_EDGE('',*,*,#376,.T.);
#376 = EDGE_CURVE('',#377,#379,#381,.T.);
#377 = VERTEX_POINT('',#378);
#378 = CARTESIAN_POINT('',(4.224,3.378,0.));
#379 = VERTEX_POINT('',#380);
#380 = CARTESIAN_POINT('',(4.224,3.378,1.6194024));
#381 = LINE('',#382,#383);
#382 = CARTESIAN_POINT('',(4.224,3.378,0.));
#383 = VECTOR('',#384,1.);
#384 = DIRECTION('',(0.,0.,1.));
#385 = ORIENTED_EDGE('',*,*,#386,.T.);
#386 = EDGE_CURVE('',#379,#379,#387,.T.);
#387 = CIRCLE('',#388,1.1);
#388 = AXIS2_PLACEMENT_3D('',#389,#390,#391);
#389 = CARTESIAN_POINT('',(3.124,3.378,1.6194024));
#390 = DIRECTION('',(0.,0.,1.));
#391 = DIRECTION('',(1.,0.,-0.));
#392 = ORIENTED_EDGE('',*,*,#376,.F.);
#393 = ORIENTED_EDGE('',*,*,#394,.F.);
#394 = EDGE_CURVE('',#377,#377,#395,.T.);
#395 = CIRCLE('',#396,1.1);
#396 = AXIS2_PLACEMENT_3D('',#397,#398,#399);
#397 = CARTESIAN_POINT('',(3.124,3.378,0.));
#398 = DIRECTION('',(0.,0.,1.));
#399 = DIRECTION('',(1.,0.,-0.));
#400 = CYLINDRICAL_SURFACE('',#401,1.1);
#401 = AXIS2_PLACEMENT_3D('',#402,#403,#404);
#402 = CARTESIAN_POINT('',(3.124,3.378,0.));
#403 = DIRECTION('',(-0.,-0.,-1.));
#404 = DIRECTION('',(1.,0.,-0.));
#405 = ADVANCED_FACE('',(#406),#433,.F.);
#406 = FACE_BOUND('',#407,.T.);
#407 = EDGE_LOOP('',(#408,#418,#425,#426));
#408 = ORIENTED_EDGE('',*,*,#409,.T.);
#409 = EDGE_CURVE('',#410,#412,#414,.T.);
#410 = VERTEX_POINT('',#411);
#411 = CARTESIAN_POINT('',(4.478,66.726,0.));
#412 = VERTEX_POINT('',#413);
#413 = CARTESIAN_POINT('',(4.478,66.726,1.6194024));
#414 = LINE('',#415,#416);
#415 = CARTESIAN_POINT('',(4.478,66.726,0.));
#416 = VECTOR('',#417,1.);
#417 = DIRECTION('',(0.,0.,1.));
#418 = ORIENTED_EDGE('',*,*,#419,.T.);
#419 = EDGE_CURVE('',#412,#412,#420,.T.);
#420 = CIRCLE('',#421,1.1);
#421 = AXIS2_PLACEMENT_3D('',#422,#423,#424);
#422 = CARTESIAN_POINT('',(3.378,66.726,1.6194024));
#423 = DIRECTION('',(0.,0.,1.));
#424 = DIRECTION('',(1.,0.,-0.));
#425 = ORIENTED_EDGE('',*,*,#409,.F.);
#426 = ORIENTED_EDGE('',*,*,#427,.F.);
#427 = EDGE_CURVE('',#410,#410,#428,.T.);
#428 = CIRCLE('',#429,1.1);
#429 = AXIS2_PLACEMENT_3D('',#430,#431,#432);
#430 = CARTESIAN_POINT('',(3.378,66.726,0.));
#431 = DIRECTION('',(0.,0.,1.));
#432 = DIRECTION('',(1.,0.,-0.));
#433 = CYLINDRICAL_SURFACE('',#434,1.1);
#434 = AXIS2_PLACEMENT_3D('',#435,#436,#437);
#435 = CARTESIAN_POINT('',(3.378,66.726,0.));
#436 = DIRECTION('',(-0.,-0.,-1.));
#437 = DIRECTION('',(1.,0.,-0.));
#438 = ADVANCED_FACE('',(#439),#466,.F.);
#439 = FACE_BOUND('',#440,.T.);
#440 = EDGE_LOOP('',(#441,#451,#458,#459));
#441 = ORIENTED_EDGE('',*,*,#442,.T.);
#442 = EDGE_CURVE('',#443,#445,#447,.T.);
#443 = VERTEX_POINT('',#444);
#444 = CARTESIAN_POINT('',(55.354,3.2,0.));
#445 = VERTEX_POINT('',#446);
#446 = CARTESIAN_POINT('',(55.354,3.2,1.6194024));
#447 = LINE('',#448,#449);
#448 = CARTESIAN_POINT('',(55.354,3.2,0.));
#449 = VECTOR('',#450,1.);
#450 = DIRECTION('',(0.,0.,1.));
#451 = ORIENTED_EDGE('',*,*,#452,.T.);
#452 = EDGE_CURVE('',#445,#445,#453,.T.);
#453 = CIRCLE('',#454,1.1);
#454 = AXIS2_PLACEMENT_3D('',#455,#456,#457);
#455 = CARTESIAN_POINT('',(54.254,3.2,1.6194024));
#456 = DIRECTION('',(0.,0.,1.));
#457 = DIRECTION('',(1.,0.,-0.));
#458 = ORIENTED_EDGE('',*,*,#442,.F.);
#459 = ORIENTED_EDGE('',*,*,#460,.F.);
#460 = EDGE_CURVE('',#443,#443,#461,.T.);
#461 = CIRCLE('',#462,1.1);
#462 = AXIS2_PLACEMENT_3D('',#463,#464,#465);
#463 = CARTESIAN_POINT('',(54.254,3.2,0.));
#464 = DIRECTION('',(0.,0.,1.));
#465 = DIRECTION('',(1.,0.,-0.));
#466 = CYLINDRICAL_SURFACE('',#467,1.1);
#467 = AXIS2_PLACEMENT_3D('',#468,#469,#470);
#468 = CARTESIAN_POINT('',(54.254,3.2,0.));
#469 = DIRECTION('',(-0.,-0.,-1.));
#470 = DIRECTION('',(1.,0.,-0.));
#471 = ADVANCED_FACE('',(#472),#499,.F.);
#472 = FACE_BOUND('',#473,.T.);
#473 = EDGE_LOOP('',(#474,#484,#491,#492));
#474 = ORIENTED_EDGE('',*,*,#475,.T.);
#475 = EDGE_CURVE('',#476,#478,#480,.T.);
#476 = VERTEX_POINT('',#477);
#477 = CARTESIAN_POINT('',(55.608,66.573,0.));
#478 = VERTEX_POINT('',#479);
#479 = CARTESIAN_POINT('',(55.608,66.573,1.6194024));
#480 = LINE('',#481,#482);
#481 = CARTESIAN_POINT('',(55.608,66.573,0.));
#482 = VECTOR('',#483,1.);
#483 = DIRECTION('',(0.,0.,1.));
#484 = ORIENTED_EDGE('',*,*,#485,.T.);
#485 = EDGE_CURVE('',#478,#478,#486,.T.);
#486 = CIRCLE('',#487,1.1);
#487 = AXIS2_PLACEMENT_3D('',#488,#489,#490);
#488 = CARTESIAN_POINT('',(54.508,66.573,1.6194024));
#489 = DIRECTION('',(0.,0.,1.));
#490 = DIRECTION('',(1.,0.,-0.));
#491 = ORIENTED_EDGE('',*,*,#475,.F.);
#492 = ORIENTED_EDGE('',*,*,#493,.F.);
#493 = EDGE_CURVE('',#476,#476,#494,.T.);
#494 = CIRCLE('',#495,1.1);
#495 = AXIS2_PLACEMENT_3D('',#496,#497,#498);
#496 = CARTESIAN_POINT('',(54.508,66.573,0.));
#497 = DIRECTION('',(0.,0.,1.));
#498 = DIRECTION('',(1.,0.,-0.));
#499 = CYLINDRICAL_SURFACE('',#500,1.1);
#500 = AXIS2_PLACEMENT_3D('',#501,#502,#503);
#501 = CARTESIAN_POINT('',(54.508,66.573,0.));
#502 = DIRECTION('',(-0.,-0.,-1.));
#503 = DIRECTION('',(1.,0.,-0.));
#504 = ADVANCED_FACE('',(#505,#516,#519,#522,#525),#528,.F.);
#505 = FACE_BOUND('',#506,.F.);
#506 = EDGE_LOOP('',(#507,#508,#509,#510,#511,#512,#513,#514,#515));
#507 = ORIENTED_EDGE('',*,*,#116,.T.);
#508 = ORIENTED_EDGE('',*,*,#148,.T.);
#509 = ORIENTED_EDGE('',*,*,#180,.T.);
#510 = ORIENTED_EDGE('',*,*,#212,.T.);
#511 = ORIENTED_EDGE('',*,*,#244,.T.);
#512 = ORIENTED_EDGE('',*,*,#276,.T.);
#513 = ORIENTED_EDGE('',*,*,#307,.T.);
#514 = ORIENTED_EDGE('',*,*,#339,.T.);
#515 = ORIENTED_EDGE('',*,*,#362,.T.);
#516 = FACE_BOUND('',#517,.F.);
#517 = EDGE_LOOP('',(#518));
#518 = ORIENTED_EDGE('',*,*,#394,.F.);
#519 = FACE_BOUND('',#520,.F.);
#520 = EDGE_LOOP('',(#521));
#521 = ORIENTED_EDGE('',*,*,#427,.F.);
#522 = FACE_BOUND('',#523,.F.);
#523 = EDGE_LOOP('',(#524));
#524 = ORIENTED_EDGE('',*,*,#460,.F.);
#525 = FACE_BOUND('',#526,.F.);
#526 = EDGE_LOOP('',(#527));
#527 = ORIENTED_EDGE('',*,*,#493,.F.);
#528 = PLANE('',#529);
#529 = AXIS2_PLACEMENT_3D('',#530,#531,#532);
#530 = CARTESIAN_POINT('',(28.829114555894,34.985642326038,0.));
#531 = DIRECTION('',(0.,0.,1.));
#532 = DIRECTION('',(1.,0.,-0.));
#533 = ADVANCED_FACE('',(#534,#545,#548,#551,#554),#557,.T.);
#534 = FACE_BOUND('',#535,.T.);
#535 = EDGE_LOOP('',(#536,#537,#538,#539,#540,#541,#542,#543,#544));
#536 = ORIENTED_EDGE('',*,*,#99,.T.);
#537 = ORIENTED_EDGE('',*,*,#132,.T.);
#538 = ORIENTED_EDGE('',*,*,#163,.T.);
#539 = ORIENTED_EDGE('',*,*,#196,.T.);
#540 = ORIENTED_EDGE('',*,*,#227,.T.);
#541 = ORIENTED_EDGE('',*,*,#260,.T.);
#542 = ORIENTED_EDGE('',*,*,#291,.T.);
#543 = ORIENTED_EDGE('',*,*,#322,.T.);
#544 = ORIENTED_EDGE('',*,*,#355,.T.);
#545 = FACE_BOUND('',#546,.T.);
#546 = EDGE_LOOP('',(#547));
#547 = ORIENTED_EDGE('',*,*,#386,.F.);
#548 = FACE_BOUND('',#549,.T.);
#549 = EDGE_LOOP('',(#550));
#550 = ORIENTED_EDGE('',*,*,#419,.F.);
#551 = FACE_BOUND('',#552,.T.);
#552 = EDGE_LOOP('',(#553));
#553 = ORIENTED_EDGE('',*,*,#452,.F.);
#554 = FACE_BOUND('',#555,.T.);
#555 = EDGE_LOOP('',(#556));
#556 = ORIENTED_EDGE('',*,*,#485,.F.);
#557 = PLANE('',#558);
#558 = AXIS2_PLACEMENT_3D('',#559,#560,#561);
#559 = CARTESIAN_POINT('',(28.829114555894,34.985642326038,1.6194024));
#560 = DIRECTION('',(0.,0.,1.));
#561 = DIRECTION('',(1.,0.,-0.));
#562 = ( GEOMETRIC_REPRESENTATION_CONTEXT(3) 
GLOBAL_UNCERTAINTY_ASSIGNED_CONTEXT((#566)) GLOBAL_UNIT_ASSIGNED_CONTEXT
((#563,#564,#565)) REPRESENTATION_CONTEXT('Context #1',
  '3D Context with UNIT and UNCERTAINTY') );
#563 = ( LENGTH_UNIT() NAMED_UNIT(*) SI_UNIT(.MILLI.,.METRE.) );
#564 = ( NAMED_UNIT(*) PLANE_ANGLE_UNIT() SI_UNIT($,.RADIAN.) );
#565 = ( NAMED_UNIT(*) SI_UNIT($,.STERADIAN.) SOLID_ANGLE_UNIT() );
#566 = UNCERTAINTY_MEASURE_WITH_UNIT(LENGTH_MEASURE(1.E-07),#563,
  'distance_accuracy_value','confusion accuracy');
#567 = SHAPE_DEFINITION_REPRESENTATION(#568,#82);
#568 = PRODUCT_DEFINITION_SHAPE('','',#569);
#569 = PRODUCT_DEFINITION('design','',#570,#573);
#570 = PRODUCT_DEFINITION_FORMATION('','',#571);
#571 = PRODUCT('Open CASCADE STEP translator 7.5 1.1.1',
  'Open CASCADE STEP translator 7.5 1.1.1','',(#572));
#572 = PRODUCT_CONTEXT('',#2,'mechanical');
#573 = PRODUCT_DEFINITION_CONTEXT('part definition',#2,'design');
#574 = CONTEXT_DEPENDENT_SHAPE_REPRESENTATION(#575,#577);
#575 = ( REPRESENTATION_RELATIONSHIP('','',#82,#72) 
REPRESENTATION_RELATIONSHIP_WITH_TRANSFORMATION(#576) 
SHAPE_REPRESENTATION_RELATIONSHIP() );
#576 = ITEM_DEFINED_TRANSFORMATION('','',#11,#73);
#577 = PRODUCT_DEFINITION_SHAPE('Placement','Placement of an item',#578
  );
#578 = NEXT_ASSEMBLY_USAGE_OCCURRENCE('1','','',#67,#569,$);
#579 = PRODUCT_RELATED_PRODUCT_CATEGORY('part',$,(#571));
#580 = CONTEXT_DEPENDENT_SHAPE_REPRESENTATION(#581,#583);
#581 = ( REPRESENTATION_RELATIONSHIP('','',#72,#10) 
REPRESENTATION_RELATIONSHIP_WITH_TRANSFORMATION(#582) 
SHAPE_REPRESENTATION_RELATIONSHIP() );
#582 = ITEM_DEFINED_TRANSFORMATION('','',#11,#15);
#583 = PRODUCT_DEFINITION_SHAPE('Placement','Placement of an item',#584
  );
#584 = NEXT_ASSEMBLY_USAGE_OCCURRENCE('2','','',#5,#67,$);
#585 = PRODUCT_RELATED_PRODUCT_CATEGORY('part',$,(#69));
#586 = SHAPE_DEFINITION_REPRESENTATION(#587,#593);
#587 = PRODUCT_DEFINITION_SHAPE('','',#588);
#588 = PRODUCT_DEFINITION('design','',#589,#592);
#589 = PRODUCT_DEFINITION_FORMATION('','',#590);
#590 = PRODUCT('S10','S10','',(#591));
#591 = PRODUCT_CONTEXT('',#2,'mechanical');
#592 = PRODUCT_DEFINITION_CONTEXT('part definition',#2,'design');
#593 = SHAPE_REPRESENTATION('',(#11,#594),#598);
#594 = AXIS2_PLACEMENT_3D('',#595,#596,#597);
#595 = CARTESIAN_POINT('',(48.446201029141,52.803346252441,0.));
#596 = DIRECTION('',(1.,4.371138828674E-08,-4.371140912996E-08));
#597 = DIRECTION('',(-4.371138828674E-08,1.,1.840849544066E-31));
#598 = ( GEOMETRIC_REPRESENTATION_CONTEXT(3) 
GLOBAL_UNCERTAINTY_ASSIGNED_CONTEXT((#602)) GLOBAL_UNIT_ASSIGNED_CONTEXT
((#599,#600,#601)) REPRESENTATION_CONTEXT('Context #1',
  '3D Context with UNIT and UNCERTAINTY') );
#599 = ( LENGTH_UNIT() NAMED_UNIT(*) SI_UNIT(.MILLI.,.METRE.) );
#600 = ( NAMED_UNIT(*) PLANE_ANGLE_UNIT() SI_UNIT($,.RADIAN.) );
#601 = ( NAMED_UNIT(*) SI_UNIT($,.STERADIAN.) SOLID_ANGLE_UNIT() );
#602 = UNCERTAINTY_MEASURE_WITH_UNIT(LENGTH_MEASURE(1.E-07),#599,
  'distance_accuracy_value','confusion accuracy');
#603 = SHAPE_REPRESENTATION('',(#11,#604,#886,#1036,#1186,#2346,#2496,
    #2646),#3060);
#604 = MANIFOLD_SOLID_BREP('',#605);
#605 = CLOSED_SHELL('',(#606,#646,#677,#708,#739,#770,#801,#832,#854,
    #870));
#606 = ADVANCED_FACE('',(#607),#641,.T.);
#607 = FACE_BOUND('',#608,.T.);
#608 = EDGE_LOOP('',(#609,#619,#627,#635));
#609 = ORIENTED_EDGE('',*,*,#610,.F.);
#610 = EDGE_CURVE('',#611,#613,#615,.T.);
#611 = VERTEX_POINT('',#612);
#612 = CARTESIAN_POINT('',(-11.5,1.8,4.));
#613 = VERTEX_POINT('',#614);
#614 = CARTESIAN_POINT('',(-9.75,1.8,4.));
#615 = LINE('',#616,#617);
#616 = CARTESIAN_POINT('',(0.,1.8,4.));
#617 = VECTOR('',#618,1.);
#618 = DIRECTION('',(1.,-0.,0.));
#619 = ORIENTED_EDGE('',*,*,#620,.F.);
#620 = EDGE_CURVE('',#621,#611,#623,.T.);
#621 = VERTEX_POINT('',#622);
#622 = CARTESIAN_POINT('',(-11.5,1.7,4.));
#623 = LINE('',#624,#625);
#624 = CARTESIAN_POINT('',(-11.5,1.7,4.));
#625 = VECTOR('',#626,1.);
#626 = DIRECTION('',(0.,1.,0.));
#627 = ORIENTED_EDGE('',*,*,#628,.T.);
#628 = EDGE_CURVE('',#621,#629,#631,.T.);
#629 = VERTEX_POINT('',#630);
#630 = CARTESIAN_POINT('',(-9.75,1.7,4.));
#631 = LINE('',#632,#633);
#632 = CARTESIAN_POINT('',(0.,1.7,4.));
#633 = VECTOR('',#634,1.);
#634 = DIRECTION('',(1.,-0.,0.));
#635 = ORIENTED_EDGE('',*,*,#636,.T.);
#636 = EDGE_CURVE('',#629,#613,#637,.T.);
#637 = LINE('',#638,#639);
#638 = CARTESIAN_POINT('',(-9.75,1.7,4.));
#639 = VECTOR('',#640,1.);
#640 = DIRECTION('',(0.,1.,0.));
#641 = PLANE('',#642);
#642 = AXIS2_PLACEMENT_3D('',#643,#644,#645);
#643 = CARTESIAN_POINT('',(0.,1.7,4.));
#644 = DIRECTION('',(-0.,0.,1.));
#645 = DIRECTION('',(1.,0.,0.));
#646 = ADVANCED_FACE('',(#647),#672,.T.);
#647 = FACE_BOUND('',#648,.T.);
#648 = EDGE_LOOP('',(#649,#657,#665,#671));
#649 = ORIENTED_EDGE('',*,*,#650,.F.);
#650 = EDGE_CURVE('',#651,#611,#653,.T.);
#651 = VERTEX_POINT('',#652);
#652 = CARTESIAN_POINT('',(-11.5,1.8,-4.));
#653 = LINE('',#654,#655);
#654 = CARTESIAN_POINT('',(-11.5,1.8,0.));
#655 = VECTOR('',#656,1.);
#656 = DIRECTION('',(0.,0.,1.));
#657 = ORIENTED_EDGE('',*,*,#658,.F.);
#658 = EDGE_CURVE('',#659,#651,#661,.T.);
#659 = VERTEX_POINT('',#660);
#660 = CARTESIAN_POINT('',(-11.5,1.7,-4.));
#661 = LINE('',#662,#663);
#662 = CARTESIAN_POINT('',(-11.5,1.7,-4.));
#663 = VECTOR('',#664,1.);
#664 = DIRECTION('',(0.,1.,0.));
#665 = ORIENTED_EDGE('',*,*,#666,.T.);
#666 = EDGE_CURVE('',#659,#621,#667,.T.);
#667 = LINE('',#668,#669);
#668 = CARTESIAN_POINT('',(-11.5,1.7,0.));
#669 = VECTOR('',#670,1.);
#670 = DIRECTION('',(0.,0.,1.));
#671 = ORIENTED_EDGE('',*,*,#620,.T.);
#672 = PLANE('',#673);
#673 = AXIS2_PLACEMENT_3D('',#674,#675,#676);
#674 = CARTESIAN_POINT('',(-11.5,1.7,0.));
#675 = DIRECTION('',(-1.,0.,0.));
#676 = DIRECTION('',(0.,0.,1.));
#677 = ADVANCED_FACE('',(#678),#703,.T.);
#678 = FACE_BOUND('',#679,.T.);
#679 = EDGE_LOOP('',(#680,#688,#696,#702));
#680 = ORIENTED_EDGE('',*,*,#681,.F.);
#681 = EDGE_CURVE('',#682,#651,#684,.T.);
#682 = VERTEX_POINT('',#683);
#683 = CARTESIAN_POINT('',(-9.75,1.8,-4.));
#684 = LINE('',#685,#686);
#685 = CARTESIAN_POINT('',(0.,1.8,-4.));
#686 = VECTOR('',#687,1.);
#687 = DIRECTION('',(-1.,0.,0.));
#688 = ORIENTED_EDGE('',*,*,#689,.F.);
#689 = EDGE_CURVE('',#690,#682,#692,.T.);
#690 = VERTEX_POINT('',#691);
#691 = CARTESIAN_POINT('',(-9.75,1.7,-4.));
#692 = LINE('',#693,#694);
#693 = CARTESIAN_POINT('',(-9.75,1.7,-4.));
#694 = VECTOR('',#695,1.);
#695 = DIRECTION('',(0.,1.,0.));
#696 = ORIENTED_EDGE('',*,*,#697,.T.);
#697 = EDGE_CURVE('',#690,#659,#698,.T.);
#698 = LINE('',#699,#700);
#699 = CARTESIAN_POINT('',(0.,1.7,-4.));
#700 = VECTOR('',#701,1.);
#701 = DIRECTION('',(-1.,0.,0.));
#702 = ORIENTED_EDGE('',*,*,#658,.T.);
#703 = PLANE('',#704);
#704 = AXIS2_PLACEMENT_3D('',#705,#706,#707);
#705 = CARTESIAN_POINT('',(0.,1.7,-4.));
#706 = DIRECTION('',(0.,0.,-1.));
#707 = DIRECTION('',(-1.,0.,-0.));
#708 = ADVANCED_FACE('',(#709),#734,.T.);
#709 = FACE_BOUND('',#710,.T.);
#710 = EDGE_LOOP('',(#711,#719,#727,#733));
#711 = ORIENTED_EDGE('',*,*,#712,.F.);
#712 = EDGE_CURVE('',#713,#682,#715,.T.);
#713 = VERTEX_POINT('',#714);
#714 = CARTESIAN_POINT('',(-9.75,1.8,-3.295));
#715 = LINE('',#716,#717);
#716 = CARTESIAN_POINT('',(-9.75,1.8,-0.));
#717 = VECTOR('',#718,1.);
#718 = DIRECTION('',(0.,0.,-1.));
#719 = ORIENTED_EDGE('',*,*,#720,.F.);
#720 = EDGE_CURVE('',#721,#713,#723,.T.);
#721 = VERTEX_POINT('',#722);
#722 = CARTESIAN_POINT('',(-9.75,1.7,-3.295));
#723 = LINE('',#724,#725);
#724 = CARTESIAN_POINT('',(-9.75,1.7,-3.295));
#725 = VECTOR('',#726,1.);
#726 = DIRECTION('',(0.,1.,0.));
#727 = ORIENTED_EDGE('',*,*,#728,.T.);
#728 = EDGE_CURVE('',#721,#690,#729,.T.);
#729 = LINE('',#730,#731);
#730 = CARTESIAN_POINT('',(-9.75,1.7,-0.));
#731 = VECTOR('',#732,1.);
#732 = DIRECTION('',(0.,0.,-1.));
#733 = ORIENTED_EDGE('',*,*,#689,.T.);
#734 = PLANE('',#735);
#735 = AXIS2_PLACEMENT_3D('',#736,#737,#738);
#736 = CARTESIAN_POINT('',(-9.75,1.7,0.));
#737 = DIRECTION('',(1.,-0.,0.));
#738 = DIRECTION('',(0.,0.,-1.));
#739 = ADVANCED_FACE('',(#740),#765,.T.);
#740 = FACE_BOUND('',#741,.T.);
#741 = EDGE_LOOP('',(#742,#750,#758,#764));
#742 = ORIENTED_EDGE('',*,*,#743,.F.);
#743 = EDGE_CURVE('',#744,#713,#746,.T.);
#744 = VERTEX_POINT('',#745);
#745 = CARTESIAN_POINT('',(-10.75,1.8,-3.295));
#746 = LINE('',#747,#748);
#747 = CARTESIAN_POINT('',(0.,1.8,-3.295));
#748 = VECTOR('',#749,1.);
#749 = DIRECTION('',(1.,-0.,0.));
#750 = ORIENTED_EDGE('',*,*,#751,.F.);
#751 = EDGE_CURVE('',#752,#744,#754,.T.);
#752 = VERTEX_POINT('',#753);
#753 = CARTESIAN_POINT('',(-10.75,1.7,-3.295));
#754 = LINE('',#755,#756);
#755 = CARTESIAN_POINT('',(-10.75,1.7,-3.295));
#756 = VECTOR('',#757,1.);
#757 = DIRECTION('',(0.,1.,0.));
#758 = ORIENTED_EDGE('',*,*,#759,.T.);
#759 = EDGE_CURVE('',#752,#721,#760,.T.);
#760 = LINE('',#761,#762);
#761 = CARTESIAN_POINT('',(0.,1.7,-3.295));
#762 = VECTOR('',#763,1.);
#763 = DIRECTION('',(1.,-0.,0.));
#764 = ORIENTED_EDGE('',*,*,#720,.T.);
#765 = PLANE('',#766);
#766 = AXIS2_PLACEMENT_3D('',#767,#768,#769);
#767 = CARTESIAN_POINT('',(0.,1.7,-3.295));
#768 = DIRECTION('',(-0.,0.,1.));
#769 = DIRECTION('',(1.,0.,0.));
#770 = ADVANCED_FACE('',(#771),#796,.T.);
#771 = FACE_BOUND('',#772,.T.);
#772 = EDGE_LOOP('',(#773,#781,#789,#795));
#773 = ORIENTED_EDGE('',*,*,#774,.F.);
#774 = EDGE_CURVE('',#775,#744,#777,.T.);
#775 = VERTEX_POINT('',#776);
#776 = CARTESIAN_POINT('',(-10.75,1.8,3.295));
#777 = LINE('',#778,#779);
#778 = CARTESIAN_POINT('',(-10.75,1.8,-0.));
#779 = VECTOR('',#780,1.);
#780 = DIRECTION('',(0.,0.,-1.));
#781 = ORIENTED_EDGE('',*,*,#782,.F.);
#782 = EDGE_CURVE('',#783,#775,#785,.T.);
#783 = VERTEX_POINT('',#784);
#784 = CARTESIAN_POINT('',(-10.75,1.7,3.295));
#785 = LINE('',#786,#787);
#786 = CARTESIAN_POINT('',(-10.75,1.7,3.295));
#787 = VECTOR('',#788,1.);
#788 = DIRECTION('',(0.,1.,0.));
#789 = ORIENTED_EDGE('',*,*,#790,.T.);
#790 = EDGE_CURVE('',#783,#752,#791,.T.);
#791 = LINE('',#792,#793);
#792 = CARTESIAN_POINT('',(-10.75,1.7,-0.));
#793 = VECTOR('',#794,1.);
#794 = DIRECTION('',(0.,0.,-1.));
#795 = ORIENTED_EDGE('',*,*,#751,.T.);
#796 = PLANE('',#797);
#797 = AXIS2_PLACEMENT_3D('',#798,#799,#800);
#798 = CARTESIAN_POINT('',(-10.75,1.7,0.));
#799 = DIRECTION('',(1.,-0.,0.));
#800 = DIRECTION('',(0.,0.,-1.));
#801 = ADVANCED_FACE('',(#802),#827,.F.);
#802 = FACE_BOUND('',#803,.T.);
#803 = EDGE_LOOP('',(#804,#812,#820,#826));
#804 = ORIENTED_EDGE('',*,*,#805,.T.);
#805 = EDGE_CURVE('',#775,#806,#808,.T.);
#806 = VERTEX_POINT('',#807);
#807 = CARTESIAN_POINT('',(-9.75,1.8,3.295));
#808 = LINE('',#809,#810);
#809 = CARTESIAN_POINT('',(0.,1.8,3.295));
#810 = VECTOR('',#811,1.);
#811 = DIRECTION('',(1.,-0.,0.));
#812 = ORIENTED_EDGE('',*,*,#813,.F.);
#813 = EDGE_CURVE('',#814,#806,#816,.T.);
#814 = VERTEX_POINT('',#815);
#815 = CARTESIAN_POINT('',(-9.75,1.7,3.295));
#816 = LINE('',#817,#818);
#817 = CARTESIAN_POINT('',(-9.75,1.7,3.295));
#818 = VECTOR('',#819,1.);
#819 = DIRECTION('',(0.,1.,0.));
#820 = ORIENTED_EDGE('',*,*,#821,.F.);
#821 = EDGE_CURVE('',#783,#814,#822,.T.);
#822 = LINE('',#823,#824);
#823 = CARTESIAN_POINT('',(0.,1.7,3.295));
#824 = VECTOR('',#825,1.);
#825 = DIRECTION('',(1.,-0.,0.));
#826 = ORIENTED_EDGE('',*,*,#782,.T.);
#827 = PLANE('',#828);
#828 = AXIS2_PLACEMENT_3D('',#829,#830,#831);
#829 = CARTESIAN_POINT('',(0.,1.7,3.295));
#830 = DIRECTION('',(-0.,0.,1.));
#831 = DIRECTION('',(1.,0.,0.));
#832 = ADVANCED_FACE('',(#833),#849,.T.);
#833 = FACE_BOUND('',#834,.T.);
#834 = EDGE_LOOP('',(#835,#841,#842,#848));
#835 = ORIENTED_EDGE('',*,*,#836,.F.);
#836 = EDGE_CURVE('',#613,#806,#837,.T.);
#837 = LINE('',#838,#839);
#838 = CARTESIAN_POINT('',(-9.75,1.8,-0.));
#839 = VECTOR('',#840,1.);
#840 = DIRECTION('',(0.,0.,-1.));
#841 = ORIENTED_EDGE('',*,*,#636,.F.);
#842 = ORIENTED_EDGE('',*,*,#843,.T.);
#843 = EDGE_CURVE('',#629,#814,#844,.T.);
#844 = LINE('',#845,#846);
#845 = CARTESIAN_POINT('',(-9.75,1.7,-0.));
#846 = VECTOR('',#847,1.);
#847 = DIRECTION('',(0.,0.,-1.));
#848 = ORIENTED_EDGE('',*,*,#813,.T.);
#849 = PLANE('',#850);
#850 = AXIS2_PLACEMENT_3D('',#851,#852,#853);
#851 = CARTESIAN_POINT('',(-9.75,1.7,0.));
#852 = DIRECTION('',(1.,-0.,0.));
#853 = DIRECTION('',(0.,0.,-1.));
#854 = ADVANCED_FACE('',(#855),#865,.F.);
#855 = FACE_BOUND('',#856,.T.);
#856 = EDGE_LOOP('',(#857,#858,#859,#860,#861,#862,#863,#864));
#857 = ORIENTED_EDGE('',*,*,#628,.F.);
#858 = ORIENTED_EDGE('',*,*,#666,.F.);
#859 = ORIENTED_EDGE('',*,*,#697,.F.);
#860 = ORIENTED_EDGE('',*,*,#728,.F.);
#861 = ORIENTED_EDGE('',*,*,#759,.F.);
#862 = ORIENTED_EDGE('',*,*,#790,.F.);
#863 = ORIENTED_EDGE('',*,*,#821,.T.);
#864 = ORIENTED_EDGE('',*,*,#843,.F.);
#865 = PLANE('',#866);
#866 = AXIS2_PLACEMENT_3D('',#867,#868,#869);
#867 = CARTESIAN_POINT('',(0.,1.7,0.));
#868 = DIRECTION('',(0.,1.,-0.));
#869 = DIRECTION('',(0.,0.,1.));
#870 = ADVANCED_FACE('',(#871),#881,.T.);
#871 = FACE_BOUND('',#872,.T.);
#872 = EDGE_LOOP('',(#873,#874,#875,#876,#877,#878,#879,#880));
#873 = ORIENTED_EDGE('',*,*,#610,.T.);
#874 = ORIENTED_EDGE('',*,*,#836,.T.);
#875 = ORIENTED_EDGE('',*,*,#805,.F.);
#876 = ORIENTED_EDGE('',*,*,#774,.T.);
#877 = ORIENTED_EDGE('',*,*,#743,.T.);
#878 = ORIENTED_EDGE('',*,*,#712,.T.);
#879 = ORIENTED_EDGE('',*,*,#681,.T.);
#880 = ORIENTED_EDGE('',*,*,#650,.T.);
#881 = PLANE('',#882);
#882 = AXIS2_PLACEMENT_3D('',#883,#884,#885);
#883 = CARTESIAN_POINT('',(0.,1.8,0.));
#884 = DIRECTION('',(0.,1.,-0.));
#885 = DIRECTION('',(0.,0.,1.));
#886 = MANIFOLD_SOLID_BREP('',#887);
#887 = CLOSED_SHELL('',(#888,#928,#959,#990,#1012,#1024));
#888 = ADVANCED_FACE('',(#889),#923,.T.);
#889 = FACE_BOUND('',#890,.T.);
#890 = EDGE_LOOP('',(#891,#901,#909,#917));
#891 = ORIENTED_EDGE('',*,*,#892,.F.);
#892 = EDGE_CURVE('',#893,#895,#897,.T.);
#893 = VERTEX_POINT('',#894);
#894 = CARTESIAN_POINT('',(-11.5,0.,3.7));
#895 = VERTEX_POINT('',#896);
#896 = CARTESIAN_POINT('',(-11.5,0.,-3.7));
#897 = LINE('',#898,#899);
#898 = CARTESIAN_POINT('',(-11.5,0.,3.7));
#899 = VECTOR('',#900,1.);
#900 = DIRECTION('',(2.344220913482E-16,0.,-1.));
#901 = ORIENTED_EDGE('',*,*,#902,.F.);
#902 = EDGE_CURVE('',#903,#893,#905,.T.);
#903 = VERTEX_POINT('',#904);
#904 = CARTESIAN_POINT('',(-11.5,0.1,3.7));
#905 = LINE('',#906,#907);
#906 = CARTESIAN_POINT('',(-11.5,0.1,3.7));
#907 = VECTOR('',#908,1.);
#908 = DIRECTION('',(0.,-1.,0.));
#909 = ORIENTED_EDGE('',*,*,#910,.T.);
#910 = EDGE_CURVE('',#903,#911,#913,.T.);
#911 = VERTEX_POINT('',#912);
#912 = CARTESIAN_POINT('',(-11.5,0.1,-3.7));
#913 = LINE('',#914,#915);
#914 = CARTESIAN_POINT('',(-11.5,0.1,3.7));
#915 = VECTOR('',#916,1.);
#916 = DIRECTION('',(2.344220913482E-16,0.,-1.));
#917 = ORIENTED_EDGE('',*,*,#918,.T.);
#918 = EDGE_CURVE('',#911,#895,#919,.T.);
#919 = LINE('',#920,#921);
#920 = CARTESIAN_POINT('',(-11.5,0.1,-3.7));
#921 = VECTOR('',#922,1.);
#922 = DIRECTION('',(0.,-1.,0.));
#923 = PLANE('',#924);
#924 = AXIS2_PLACEMENT_3D('',#925,#926,#927);
#925 = CARTESIAN_POINT('',(-11.5,0.1,3.7));
#926 = DIRECTION('',(-1.,0.,-2.344220913482E-16));
#927 = DIRECTION('',(-2.344220913482E-16,0.,1.));
#928 = ADVANCED_FACE('',(#929),#954,.T.);
#929 = FACE_BOUND('',#930,.T.);
#930 = EDGE_LOOP('',(#931,#939,#947,#953));
#931 = ORIENTED_EDGE('',*,*,#932,.F.);
#932 = EDGE_CURVE('',#933,#893,#935,.T.);
#933 = VERTEX_POINT('',#934);
#934 = CARTESIAN_POINT('',(-9.5,0.,3.7));
#935 = LINE('',#936,#937);
#936 = CARTESIAN_POINT('',(-11.5,0.,3.7));
#937 = VECTOR('',#938,1.);
#938 = DIRECTION('',(-1.,-0.,-0.));
#939 = ORIENTED_EDGE('',*,*,#940,.F.);
#940 = EDGE_CURVE('',#941,#933,#943,.T.);
#941 = VERTEX_POINT('',#942);
#942 = CARTESIAN_POINT('',(-9.5,0.1,3.7));
#943 = LINE('',#944,#945);
#944 = CARTESIAN_POINT('',(-9.5,0.1,3.7));
#945 = VECTOR('',#946,1.);
#946 = DIRECTION('',(0.,-1.,0.));
#947 = ORIENTED_EDGE('',*,*,#948,.T.);
#948 = EDGE_CURVE('',#941,#903,#949,.T.);
#949 = LINE('',#950,#951);
#950 = CARTESIAN_POINT('',(-11.5,0.1,3.7));
#951 = VECTOR('',#952,1.);
#952 = DIRECTION('',(-1.,-0.,-0.));
#953 = ORIENTED_EDGE('',*,*,#902,.T.);
#954 = PLANE('',#955);
#955 = AXIS2_PLACEMENT_3D('',#956,#957,#958);
#956 = CARTESIAN_POINT('',(-11.5,0.1,3.7));
#957 = DIRECTION('',(-0.,0.,1.));
#958 = DIRECTION('',(1.,0.,0.));
#959 = ADVANCED_FACE('',(#960),#985,.T.);
#960 = FACE_BOUND('',#961,.T.);
#961 = EDGE_LOOP('',(#962,#970,#978,#984));
#962 = ORIENTED_EDGE('',*,*,#963,.F.);
#963 = EDGE_CURVE('',#964,#933,#966,.T.);
#964 = VERTEX_POINT('',#965);
#965 = CARTESIAN_POINT('',(-9.5,0.,-3.7));
#966 = LINE('',#967,#968);
#967 = CARTESIAN_POINT('',(-9.5,0.,3.7));
#968 = VECTOR('',#969,1.);
#969 = DIRECTION('',(-2.344220913482E-16,-0.,1.));
#970 = ORIENTED_EDGE('',*,*,#971,.F.);
#971 = EDGE_CURVE('',#972,#964,#974,.T.);
#972 = VERTEX_POINT('',#973);
#973 = CARTESIAN_POINT('',(-9.5,0.1,-3.7));
#974 = LINE('',#975,#976);
#975 = CARTESIAN_POINT('',(-9.5,0.1,-3.7));
#976 = VECTOR('',#977,1.);
#977 = DIRECTION('',(0.,-1.,0.));
#978 = ORIENTED_EDGE('',*,*,#979,.T.);
#979 = EDGE_CURVE('',#972,#941,#980,.T.);
#980 = LINE('',#981,#982);
#981 = CARTESIAN_POINT('',(-9.5,0.1,3.7));
#982 = VECTOR('',#983,1.);
#983 = DIRECTION('',(-2.344220913482E-16,-0.,1.));
#984 = ORIENTED_EDGE('',*,*,#940,.T.);
#985 = PLANE('',#986);
#986 = AXIS2_PLACEMENT_3D('',#987,#988,#989);
#987 = CARTESIAN_POINT('',(-9.5,0.1,3.7));
#988 = DIRECTION('',(1.,0.,2.344220913482E-16));
#989 = DIRECTION('',(2.344220913482E-16,0.,-1.));
#990 = ADVANCED_FACE('',(#991),#1007,.T.);
#991 = FACE_BOUND('',#992,.T.);
#992 = EDGE_LOOP('',(#993,#999,#1000,#1006));
#993 = ORIENTED_EDGE('',*,*,#994,.F.);
#994 = EDGE_CURVE('',#895,#964,#995,.T.);
#995 = LINE('',#996,#997);
#996 = CARTESIAN_POINT('',(-11.5,0.,-3.7));
#997 = VECTOR('',#998,1.);
#998 = DIRECTION('',(1.,0.,0.));
#999 = ORIENTED_EDGE('',*,*,#918,.F.);
#1000 = ORIENTED_EDGE('',*,*,#1001,.T.);
#1001 = EDGE_CURVE('',#911,#972,#1002,.T.);
#1002 = LINE('',#1003,#1004);
#1003 = CARTESIAN_POINT('',(-11.5,0.1,-3.7));
#1004 = VECTOR('',#1005,1.);
#1005 = DIRECTION('',(1.,0.,0.));
#1006 = ORIENTED_EDGE('',*,*,#971,.T.);
#1007 = PLANE('',#1008);
#1008 = AXIS2_PLACEMENT_3D('',#1009,#1010,#1011);
#1009 = CARTESIAN_POINT('',(-11.5,0.1,-3.7));
#1010 = DIRECTION('',(0.,0.,-1.));
#1011 = DIRECTION('',(-1.,0.,-0.));
#1012 = ADVANCED_FACE('',(#1013),#1019,.F.);
#1013 = FACE_BOUND('',#1014,.T.);
#1014 = EDGE_LOOP('',(#1015,#1016,#1017,#1018));
#1015 = ORIENTED_EDGE('',*,*,#910,.F.);
#1016 = ORIENTED_EDGE('',*,*,#948,.F.);
#1017 = ORIENTED_EDGE('',*,*,#979,.F.);
#1018 = ORIENTED_EDGE('',*,*,#1001,.F.);
#1019 = PLANE('',#1020);
#1020 = AXIS2_PLACEMENT_3D('',#1021,#1022,#1023);
#1021 = CARTESIAN_POINT('',(0.,0.1,0.));
#1022 = DIRECTION('',(0.,-1.,0.));
#1023 = DIRECTION('',(0.,-0.,-1.));
#1024 = ADVANCED_FACE('',(#1025),#1031,.T.);
#1025 = FACE_BOUND('',#1026,.T.);
#1026 = EDGE_LOOP('',(#1027,#1028,#1029,#1030));
#1027 = ORIENTED_EDGE('',*,*,#892,.T.);
#1028 = ORIENTED_EDGE('',*,*,#994,.T.);
#1029 = ORIENTED_EDGE('',*,*,#963,.T.);
#1030 = ORIENTED_EDGE('',*,*,#932,.T.);
#1031 = PLANE('',#1032);
#1032 = AXIS2_PLACEMENT_3D('',#1033,#1034,#1035);
#1033 = CARTESIAN_POINT('',(0.,0.,0.));
#1034 = DIRECTION('',(0.,-1.,0.));
#1035 = DIRECTION('',(0.,-0.,-1.));
#1036 = MANIFOLD_SOLID_BREP('',#1037);
#1037 = CLOSED_SHELL('',(#1038,#1078,#1109,#1140,#1162,#1174));
#1038 = ADVANCED_FACE('',(#1039),#1073,.T.);
#1039 = FACE_BOUND('',#1040,.T.);
#1040 = EDGE_LOOP('',(#1041,#1051,#1059,#1067));
#1041 = ORIENTED_EDGE('',*,*,#1042,.F.);
#1042 = EDGE_CURVE('',#1043,#1045,#1047,.T.);
#1043 = VERTEX_POINT('',#1044);
#1044 = CARTESIAN_POINT('',(11.5,0.,3.7));
#1045 = VERTEX_POINT('',#1046);
#1046 = CARTESIAN_POINT('',(9.5,0.,3.7));
#1047 = LINE('',#1048,#1049);
#1048 = CARTESIAN_POINT('',(11.5,0.,3.7));
#1049 = VECTOR('',#1050,1.);
#1050 = DIRECTION('',(-1.,0.,1.734723475977E-15));
#1051 = ORIENTED_EDGE('',*,*,#1052,.F.);
#1052 = EDGE_CURVE('',#1053,#1043,#1055,.T.);
#1053 = VERTEX_POINT('',#1054);
#1054 = CARTESIAN_POINT('',(11.5,0.1,3.7));
#1055 = LINE('',#1056,#1057);
#1056 = CARTESIAN_POINT('',(11.5,0.1,3.7));
#1057 = VECTOR('',#1058,1.);
#1058 = DIRECTION('',(0.,-1.,0.));
#1059 = ORIENTED_EDGE('',*,*,#1060,.T.);
#1060 = EDGE_CURVE('',#1053,#1061,#1063,.T.);
#1061 = VERTEX_POINT('',#1062);
#1062 = CARTESIAN_POINT('',(9.5,0.1,3.7));
#1063 = LINE('',#1064,#1065);
#1064 = CARTESIAN_POINT('',(11.5,0.1,3.7));
#1065 = VECTOR('',#1066,1.);
#1066 = DIRECTION('',(-1.,0.,1.734723475977E-15));
#1067 = ORIENTED_EDGE('',*,*,#1068,.T.);
#1068 = EDGE_CURVE('',#1061,#1045,#1069,.T.);
#1069 = LINE('',#1070,#1071);
#1070 = CARTESIAN_POINT('',(9.5,0.1,3.7));
#1071 = VECTOR('',#1072,1.);
#1072 = DIRECTION('',(0.,-1.,0.));
#1073 = PLANE('',#1074);
#1074 = AXIS2_PLACEMENT_3D('',#1075,#1076,#1077);
#1075 = CARTESIAN_POINT('',(11.5,0.1,3.7));
#1076 = DIRECTION('',(1.734723475977E-15,0.,1.));
#1077 = DIRECTION('',(1.,0.,-1.734723475977E-15));
#1078 = ADVANCED_FACE('',(#1079),#1104,.T.);
#1079 = FACE_BOUND('',#1080,.T.);
#1080 = EDGE_LOOP('',(#1081,#1089,#1097,#1103));
#1081 = ORIENTED_EDGE('',*,*,#1082,.F.);
#1082 = EDGE_CURVE('',#1083,#1043,#1085,.T.);
#1083 = VERTEX_POINT('',#1084);
#1084 = CARTESIAN_POINT('',(11.5,0.,-3.7));
#1085 = LINE('',#1086,#1087);
#1086 = CARTESIAN_POINT('',(11.5,0.,3.7));
#1087 = VECTOR('',#1088,1.);
#1088 = DIRECTION('',(2.109798822134E-15,-0.,1.));
#1089 = ORIENTED_EDGE('',*,*,#1090,.F.);
#1090 = EDGE_CURVE('',#1091,#1083,#1093,.T.);
#1091 = VERTEX_POINT('',#1092);
#1092 = CARTESIAN_POINT('',(11.5,0.1,-3.7));
#1093 = LINE('',#1094,#1095);
#1094 = CARTESIAN_POINT('',(11.5,0.1,-3.7));
#1095 = VECTOR('',#1096,1.);
#1096 = DIRECTION('',(0.,-1.,0.));
#1097 = ORIENTED_EDGE('',*,*,#1098,.T.);
#1098 = EDGE_CURVE('',#1091,#1053,#1099,.T.);
#1099 = LINE('',#1100,#1101);
#1100 = CARTESIAN_POINT('',(11.5,0.1,3.7));
#1101 = VECTOR('',#1102,1.);
#1102 = DIRECTION('',(2.109798822134E-15,-0.,1.));
#1103 = ORIENTED_EDGE('',*,*,#1052,.T.);
#1104 = PLANE('',#1105);
#1105 = AXIS2_PLACEMENT_3D('',#1106,#1107,#1108);
#1106 = CARTESIAN_POINT('',(11.5,0.1,3.7));
#1107 = DIRECTION('',(1.,0.,-2.109798822134E-15));
#1108 = DIRECTION('',(-2.109798822134E-15,0.,-1.));
#1109 = ADVANCED_FACE('',(#1110),#1135,.T.);
#1110 = FACE_BOUND('',#1111,.T.);
#1111 = EDGE_LOOP('',(#1112,#1120,#1128,#1134));
#1112 = ORIENTED_EDGE('',*,*,#1113,.F.);
#1113 = EDGE_CURVE('',#1114,#1083,#1116,.T.);
#1114 = VERTEX_POINT('',#1115);
#1115 = CARTESIAN_POINT('',(9.5,0.,-3.7));
#1116 = LINE('',#1117,#1118);
#1117 = CARTESIAN_POINT('',(11.5,0.,-3.7));
#1118 = VECTOR('',#1119,1.);
#1119 = DIRECTION('',(1.,-0.,-1.734723475977E-15));
#1120 = ORIENTED_EDGE('',*,*,#1121,.F.);
#1121 = EDGE_CURVE('',#1122,#1114,#1124,.T.);
#1122 = VERTEX_POINT('',#1123);
#1123 = CARTESIAN_POINT('',(9.5,0.1,-3.7));
#1124 = LINE('',#1125,#1126);
#1125 = CARTESIAN_POINT('',(9.5,0.1,-3.7));
#1126 = VECTOR('',#1127,1.);
#1127 = DIRECTION('',(0.,-1.,0.));
#1128 = ORIENTED_EDGE('',*,*,#1129,.T.);
#1129 = EDGE_CURVE('',#1122,#1091,#1130,.T.);
#1130 = LINE('',#1131,#1132);
#1131 = CARTESIAN_POINT('',(11.5,0.1,-3.7));
#1132 = VECTOR('',#1133,1.);
#1133 = DIRECTION('',(1.,-0.,-1.734723475977E-15));
#1134 = ORIENTED_EDGE('',*,*,#1090,.T.);
#1135 = PLANE('',#1136);
#1136 = AXIS2_PLACEMENT_3D('',#1137,#1138,#1139);
#1137 = CARTESIAN_POINT('',(11.5,0.1,-3.7));
#1138 = DIRECTION('',(-1.734723475977E-15,0.,-1.));
#1139 = DIRECTION('',(-1.,0.,1.734723475977E-15));
#1140 = ADVANCED_FACE('',(#1141),#1157,.T.);
#1141 = FACE_BOUND('',#1142,.T.);
#1142 = EDGE_LOOP('',(#1143,#1149,#1150,#1156));
#1143 = ORIENTED_EDGE('',*,*,#1144,.F.);
#1144 = EDGE_CURVE('',#1045,#1114,#1145,.T.);
#1145 = LINE('',#1146,#1147);
#1146 = CARTESIAN_POINT('',(9.5,0.,3.7));
#1147 = VECTOR('',#1148,1.);
#1148 = DIRECTION('',(-2.109798822134E-15,0.,-1.));
#1149 = ORIENTED_EDGE('',*,*,#1068,.F.);
#1150 = ORIENTED_EDGE('',*,*,#1151,.T.);
#1151 = EDGE_CURVE('',#1061,#1122,#1152,.T.);
#1152 = LINE('',#1153,#1154);
#1153 = CARTESIAN_POINT('',(9.5,0.1,3.7));
#1154 = VECTOR('',#1155,1.);
#1155 = DIRECTION('',(-2.109798822134E-15,0.,-1.));
#1156 = ORIENTED_EDGE('',*,*,#1121,.T.);
#1157 = PLANE('',#1158);
#1158 = AXIS2_PLACEMENT_3D('',#1159,#1160,#1161);
#1159 = CARTESIAN_POINT('',(9.5,0.1,3.7));
#1160 = DIRECTION('',(-1.,0.,2.109798822134E-15));
#1161 = DIRECTION('',(2.109798822134E-15,0.,1.));
#1162 = ADVANCED_FACE('',(#1163),#1169,.F.);
#1163 = FACE_BOUND('',#1164,.T.);
#1164 = EDGE_LOOP('',(#1165,#1166,#1167,#1168));
#1165 = ORIENTED_EDGE('',*,*,#1060,.F.);
#1166 = ORIENTED_EDGE('',*,*,#1098,.F.);
#1167 = ORIENTED_EDGE('',*,*,#1129,.F.);
#1168 = ORIENTED_EDGE('',*,*,#1151,.F.);
#1169 = PLANE('',#1170);
#1170 = AXIS2_PLACEMENT_3D('',#1171,#1172,#1173);
#1171 = CARTESIAN_POINT('',(0.,0.1,0.));
#1172 = DIRECTION('',(0.,-1.,0.));
#1173 = DIRECTION('',(0.,-0.,-1.));
#1174 = ADVANCED_FACE('',(#1175),#1181,.T.);
#1175 = FACE_BOUND('',#1176,.T.);
#1176 = EDGE_LOOP('',(#1177,#1178,#1179,#1180));
#1177 = ORIENTED_EDGE('',*,*,#1042,.T.);
#1178 = ORIENTED_EDGE('',*,*,#1144,.T.);
#1179 = ORIENTED_EDGE('',*,*,#1113,.T.);
#1180 = ORIENTED_EDGE('',*,*,#1082,.T.);
#1181 = PLANE('',#1182);
#1182 = AXIS2_PLACEMENT_3D('',#1183,#1184,#1185);
#1183 = CARTESIAN_POINT('',(0.,0.,0.));
#1184 = DIRECTION('',(0.,-1.,0.));
#1185 = DIRECTION('',(0.,-0.,-1.));
#1186 = MANIFOLD_SOLID_BREP('',#1187);
#1187 = CLOSED_SHELL('',(#1188,#1260,#1332,#1370,#1408,#1457,#1647,#1671
    ,#1695,#1730,#1761,#1785,#1809,#1833,#1857,#1881,#1905,#1929,#1953,
    #1977,#2001,#2018,#2038,#2069,#2093,#2117,#2134,#2146,#2170,#2194,
    #2211,#2223,#2247,#2271,#2288,#2300,#2317,#2334));
#1188 = ADVANCED_FACE('',(#1189),#1255,.F.);
#1189 = FACE_BOUND('',#1190,.T.);
#1190 = EDGE_LOOP('',(#1191,#1201,#1209,#1217,#1225,#1233,#1241,#1249));
#1191 = ORIENTED_EDGE('',*,*,#1192,.F.);
#1192 = EDGE_CURVE('',#1193,#1195,#1197,.T.);
#1193 = VERTEX_POINT('',#1194);
#1194 = CARTESIAN_POINT('',(-11.5,0.1,3.7));
#1195 = VERTEX_POINT('',#1196);
#1196 = CARTESIAN_POINT('',(-11.5,0.1,-3.7));
#1197 = LINE('',#1198,#1199);
#1198 = CARTESIAN_POINT('',(-11.5,0.1,3.7));
#1199 = VECTOR('',#1200,1.);
#1200 = DIRECTION('',(2.344220913482E-16,0.,-1.));
#1201 = ORIENTED_EDGE('',*,*,#1202,.T.);
#1202 = EDGE_CURVE('',#1193,#1203,#1205,.T.);
#1203 = VERTEX_POINT('',#1204);
#1204 = CARTESIAN_POINT('',(-11.5,0.,3.7));
#1205 = LINE('',#1206,#1207);
#1206 = CARTESIAN_POINT('',(-11.5,0.1,3.7));
#1207 = VECTOR('',#1208,1.);
#1208 = DIRECTION('',(-0.,-1.,-0.));
#1209 = ORIENTED_EDGE('',*,*,#1210,.T.);
#1210 = EDGE_CURVE('',#1203,#1211,#1213,.T.);
#1211 = VERTEX_POINT('',#1212);
#1212 = CARTESIAN_POINT('',(-11.5,0.,4.));
#1213 = LINE('',#1214,#1215);
#1214 = CARTESIAN_POINT('',(-11.5,0.,4.));
#1215 = VECTOR('',#1216,1.);
#1216 = DIRECTION('',(-0.,-0.,1.));
#1217 = ORIENTED_EDGE('',*,*,#1218,.F.);
#1218 = EDGE_CURVE('',#1219,#1211,#1221,.T.);
#1219 = VERTEX_POINT('',#1220);
#1220 = CARTESIAN_POINT('',(-11.5,1.7,4.));
#1221 = LINE('',#1222,#1223);
#1222 = CARTESIAN_POINT('',(-11.5,1.8,4.));
#1223 = VECTOR('',#1224,1.);
#1224 = DIRECTION('',(-0.,-1.,-0.));
#1225 = ORIENTED_EDGE('',*,*,#1226,.F.);
#1226 = EDGE_CURVE('',#1227,#1219,#1229,.T.);
#1227 = VERTEX_POINT('',#1228);
#1228 = CARTESIAN_POINT('',(-11.5,1.7,-4.));
#1229 = LINE('',#1230,#1231);
#1230 = CARTESIAN_POINT('',(-11.5,1.7,0.));
#1231 = VECTOR('',#1232,1.);
#1232 = DIRECTION('',(0.,0.,1.));
#1233 = ORIENTED_EDGE('',*,*,#1234,.T.);
#1234 = EDGE_CURVE('',#1227,#1235,#1237,.T.);
#1235 = VERTEX_POINT('',#1236);
#1236 = CARTESIAN_POINT('',(-11.5,0.,-4.));
#1237 = LINE('',#1238,#1239);
#1238 = CARTESIAN_POINT('',(-11.5,1.8,-4.));
#1239 = VECTOR('',#1240,1.);
#1240 = DIRECTION('',(-0.,-1.,-0.));
#1241 = ORIENTED_EDGE('',*,*,#1242,.T.);
#1242 = EDGE_CURVE('',#1235,#1243,#1245,.T.);
#1243 = VERTEX_POINT('',#1244);
#1244 = CARTESIAN_POINT('',(-11.5,0.,-3.7));
#1245 = LINE('',#1246,#1247);
#1246 = CARTESIAN_POINT('',(-11.5,0.,4.));
#1247 = VECTOR('',#1248,1.);
#1248 = DIRECTION('',(-0.,-0.,1.));
#1249 = ORIENTED_EDGE('',*,*,#1250,.F.);
#1250 = EDGE_CURVE('',#1195,#1243,#1251,.T.);
#1251 = LINE('',#1252,#1253);
#1252 = CARTESIAN_POINT('',(-11.5,0.1,-3.7));
#1253 = VECTOR('',#1254,1.);
#1254 = DIRECTION('',(-0.,-1.,-0.));
#1255 = PLANE('',#1256);
#1256 = AXIS2_PLACEMENT_3D('',#1257,#1258,#1259);
#1257 = CARTESIAN_POINT('',(-11.5,1.8,4.));
#1258 = DIRECTION('',(1.,-0.,0.));
#1259 = DIRECTION('',(0.,0.,-1.));
#1260 = ADVANCED_FACE('',(#1261),#1327,.F.);
#1261 = FACE_BOUND('',#1262,.T.);
#1262 = EDGE_LOOP('',(#1263,#1273,#1281,#1289,#1297,#1305,#1313,#1321));
#1263 = ORIENTED_EDGE('',*,*,#1264,.T.);
#1264 = EDGE_CURVE('',#1265,#1267,#1269,.T.);
#1265 = VERTEX_POINT('',#1266);
#1266 = CARTESIAN_POINT('',(11.5,0.,4.));
#1267 = VERTEX_POINT('',#1268);
#1268 = CARTESIAN_POINT('',(11.5,0.,3.7));
#1269 = LINE('',#1270,#1271);
#1270 = CARTESIAN_POINT('',(11.5,0.,4.));
#1271 = VECTOR('',#1272,1.);
#1272 = DIRECTION('',(0.,0.,-1.));
#1273 = ORIENTED_EDGE('',*,*,#1274,.F.);
#1274 = EDGE_CURVE('',#1275,#1267,#1277,.T.);
#1275 = VERTEX_POINT('',#1276);
#1276 = CARTESIAN_POINT('',(11.5,0.1,3.7));
#1277 = LINE('',#1278,#1279);
#1278 = CARTESIAN_POINT('',(11.5,0.1,3.7));
#1279 = VECTOR('',#1280,1.);
#1280 = DIRECTION('',(-0.,-1.,-0.));
#1281 = ORIENTED_EDGE('',*,*,#1282,.F.);
#1282 = EDGE_CURVE('',#1283,#1275,#1285,.T.);
#1283 = VERTEX_POINT('',#1284);
#1284 = CARTESIAN_POINT('',(11.5,0.1,-3.7));
#1285 = LINE('',#1286,#1287);
#1286 = CARTESIAN_POINT('',(11.5,0.1,3.7));
#1287 = VECTOR('',#1288,1.);
#1288 = DIRECTION('',(2.109798822134E-15,-0.,1.));
#1289 = ORIENTED_EDGE('',*,*,#1290,.T.);
#1290 = EDGE_CURVE('',#1283,#1291,#1293,.T.);
#1291 = VERTEX_POINT('',#1292);
#1292 = CARTESIAN_POINT('',(11.5,0.,-3.7));
#1293 = LINE('',#1294,#1295);
#1294 = CARTESIAN_POINT('',(11.5,0.1,-3.7));
#1295 = VECTOR('',#1296,1.);
#1296 = DIRECTION('',(-0.,-1.,-0.));
#1297 = ORIENTED_EDGE('',*,*,#1298,.T.);
#1298 = EDGE_CURVE('',#1291,#1299,#1301,.T.);
#1299 = VERTEX_POINT('',#1300);
#1300 = CARTESIAN_POINT('',(11.5,0.,-4.));
#1301 = LINE('',#1302,#1303);
#1302 = CARTESIAN_POINT('',(11.5,0.,4.));
#1303 = VECTOR('',#1304,1.);
#1304 = DIRECTION('',(0.,0.,-1.));
#1305 = ORIENTED_EDGE('',*,*,#1306,.F.);
#1306 = EDGE_CURVE('',#1307,#1299,#1309,.T.);
#1307 = VERTEX_POINT('',#1308);
#1308 = CARTESIAN_POINT('',(11.5,1.8,-4.));
#1309 = LINE('',#1310,#1311);
#1310 = CARTESIAN_POINT('',(11.5,1.8,-4.));
#1311 = VECTOR('',#1312,1.);
#1312 = DIRECTION('',(-0.,-1.,-0.));
#1313 = ORIENTED_EDGE('',*,*,#1314,.F.);
#1314 = EDGE_CURVE('',#1315,#1307,#1317,.T.);
#1315 = VERTEX_POINT('',#1316);
#1316 = CARTESIAN_POINT('',(11.5,1.8,4.));
#1317 = LINE('',#1318,#1319);
#1318 = CARTESIAN_POINT('',(11.5,1.8,4.));
#1319 = VECTOR('',#1320,1.);
#1320 = DIRECTION('',(0.,0.,-1.));
#1321 = ORIENTED_EDGE('',*,*,#1322,.T.);
#1322 = EDGE_CURVE('',#1315,#1265,#1323,.T.);
#1323 = LINE('',#1324,#1325);
#1324 = CARTESIAN_POINT('',(11.5,1.8,4.));
#1325 = VECTOR('',#1326,1.);
#1326 = DIRECTION('',(-0.,-1.,-0.));
#1327 = PLANE('',#1328);
#1328 = AXIS2_PLACEMENT_3D('',#1329,#1330,#1331);
#1329 = CARTESIAN_POINT('',(11.5,1.8,4.));
#1330 = DIRECTION('',(-1.,0.,0.));
#1331 = DIRECTION('',(0.,0.,1.));
#1332 = ADVANCED_FACE('',(#1333),#1365,.F.);
#1333 = FACE_BOUND('',#1334,.T.);
#1334 = EDGE_LOOP('',(#1335,#1343,#1351,#1357,#1358,#1364));
#1335 = ORIENTED_EDGE('',*,*,#1336,.F.);
#1336 = EDGE_CURVE('',#1337,#1227,#1339,.T.);
#1337 = VERTEX_POINT('',#1338);
#1338 = CARTESIAN_POINT('',(-9.75,1.7,-4.));
#1339 = LINE('',#1340,#1341);
#1340 = CARTESIAN_POINT('',(0.,1.7,-4.));
#1341 = VECTOR('',#1342,1.);
#1342 = DIRECTION('',(-1.,0.,0.));
#1343 = ORIENTED_EDGE('',*,*,#1344,.T.);
#1344 = EDGE_CURVE('',#1337,#1345,#1347,.T.);
#1345 = VERTEX_POINT('',#1346);
#1346 = CARTESIAN_POINT('',(-9.75,1.8,-4.));
#1347 = LINE('',#1348,#1349);
#1348 = CARTESIAN_POINT('',(-9.75,1.7,-4.));
#1349 = VECTOR('',#1350,1.);
#1350 = DIRECTION('',(-0.,1.,-0.));
#1351 = ORIENTED_EDGE('',*,*,#1352,.F.);
#1352 = EDGE_CURVE('',#1307,#1345,#1353,.T.);
#1353 = LINE('',#1354,#1355);
#1354 = CARTESIAN_POINT('',(-11.5,1.8,-4.));
#1355 = VECTOR('',#1356,1.);
#1356 = DIRECTION('',(-1.,-0.,-0.));
#1357 = ORIENTED_EDGE('',*,*,#1306,.T.);
#1358 = ORIENTED_EDGE('',*,*,#1359,.T.);
#1359 = EDGE_CURVE('',#1299,#1235,#1360,.T.);
#1360 = LINE('',#1361,#1362);
#1361 = CARTESIAN_POINT('',(-11.5,0.,-4.));
#1362 = VECTOR('',#1363,1.);
#1363 = DIRECTION('',(-1.,-0.,-0.));
#1364 = ORIENTED_EDGE('',*,*,#1234,.F.);
#1365 = PLANE('',#1366);
#1366 = AXIS2_PLACEMENT_3D('',#1367,#1368,#1369);
#1367 = CARTESIAN_POINT('',(-11.5,1.8,-4.));
#1368 = DIRECTION('',(0.,0.,1.));
#1369 = DIRECTION('',(1.,0.,-0.));
#1370 = ADVANCED_FACE('',(#1371),#1403,.F.);
#1371 = FACE_BOUND('',#1372,.T.);
#1372 = EDGE_LOOP('',(#1373,#1381,#1389,#1395,#1396,#1402));
#1373 = ORIENTED_EDGE('',*,*,#1374,.F.);
#1374 = EDGE_CURVE('',#1375,#1315,#1377,.T.);
#1375 = VERTEX_POINT('',#1376);
#1376 = CARTESIAN_POINT('',(-9.75,1.8,4.));
#1377 = LINE('',#1378,#1379);
#1378 = CARTESIAN_POINT('',(-11.5,1.8,4.));
#1379 = VECTOR('',#1380,1.);
#1380 = DIRECTION('',(1.,0.,0.));
#1381 = ORIENTED_EDGE('',*,*,#1382,.F.);
#1382 = EDGE_CURVE('',#1383,#1375,#1385,.T.);
#1383 = VERTEX_POINT('',#1384);
#1384 = CARTESIAN_POINT('',(-9.75,1.7,4.));
#1385 = LINE('',#1386,#1387);
#1386 = CARTESIAN_POINT('',(-9.75,1.7,4.));
#1387 = VECTOR('',#1388,1.);
#1388 = DIRECTION('',(-0.,1.,-0.));
#1389 = ORIENTED_EDGE('',*,*,#1390,.F.);
#1390 = EDGE_CURVE('',#1219,#1383,#1391,.T.);
#1391 = LINE('',#1392,#1393);
#1392 = CARTESIAN_POINT('',(0.,1.7,4.));
#1393 = VECTOR('',#1394,1.);
#1394 = DIRECTION('',(1.,-0.,0.));
#1395 = ORIENTED_EDGE('',*,*,#1218,.T.);
#1396 = ORIENTED_EDGE('',*,*,#1397,.T.);
#1397 = EDGE_CURVE('',#1211,#1265,#1398,.T.);
#1398 = LINE('',#1399,#1400);
#1399 = CARTESIAN_POINT('',(-11.5,0.,4.));
#1400 = VECTOR('',#1401,1.);
#1401 = DIRECTION('',(1.,0.,0.));
#1402 = ORIENTED_EDGE('',*,*,#1322,.F.);
#1403 = PLANE('',#1404);
#1404 = AXIS2_PLACEMENT_3D('',#1405,#1406,#1407);
#1405 = CARTESIAN_POINT('',(-11.5,1.8,4.));
#1406 = DIRECTION('',(0.,0.,-1.));
#1407 = DIRECTION('',(-1.,0.,-0.));
#1408 = ADVANCED_FACE('',(#1409),#1452,.F.);
#1409 = FACE_BOUND('',#1410,.T.);
#1410 = EDGE_LOOP('',(#1411,#1421,#1429,#1435,#1436,#1437,#1438,#1446));
#1411 = ORIENTED_EDGE('',*,*,#1412,.F.);
#1412 = EDGE_CURVE('',#1413,#1415,#1417,.T.);
#1413 = VERTEX_POINT('',#1414);
#1414 = CARTESIAN_POINT('',(10.75,1.8,3.295));
#1415 = VERTEX_POINT('',#1416);
#1416 = CARTESIAN_POINT('',(10.75,1.8,-3.295));
#1417 = LINE('',#1418,#1419);
#1418 = CARTESIAN_POINT('',(10.75,1.8,0.));
#1419 = VECTOR('',#1420,1.);
#1420 = DIRECTION('',(0.,0.,-1.));
#1421 = ORIENTED_EDGE('',*,*,#1422,.F.);
#1422 = EDGE_CURVE('',#1423,#1413,#1425,.T.);
#1423 = VERTEX_POINT('',#1424);
#1424 = CARTESIAN_POINT('',(-9.75,1.8,3.295));
#1425 = LINE('',#1426,#1427);
#1426 = CARTESIAN_POINT('',(0.,1.8,3.295));
#1427 = VECTOR('',#1428,1.);
#1428 = DIRECTION('',(1.,-0.,0.));
#1429 = ORIENTED_EDGE('',*,*,#1430,.F.);
#1430 = EDGE_CURVE('',#1375,#1423,#1431,.T.);
#1431 = LINE('',#1432,#1433);
#1432 = CARTESIAN_POINT('',(-9.75,1.8,-0.));
#1433 = VECTOR('',#1434,1.);
#1434 = DIRECTION('',(0.,0.,-1.));
#1435 = ORIENTED_EDGE('',*,*,#1374,.T.);
#1436 = ORIENTED_EDGE('',*,*,#1314,.T.);
#1437 = ORIENTED_EDGE('',*,*,#1352,.T.);
#1438 = ORIENTED_EDGE('',*,*,#1439,.F.);
#1439 = EDGE_CURVE('',#1440,#1345,#1442,.T.);
#1440 = VERTEX_POINT('',#1441);
#1441 = CARTESIAN_POINT('',(-9.75,1.8,-3.295));
#1442 = LINE('',#1443,#1444);
#1443 = CARTESIAN_POINT('',(-9.75,1.8,-0.));
#1444 = VECTOR('',#1445,1.);
#1445 = DIRECTION('',(0.,0.,-1.));
#1446 = ORIENTED_EDGE('',*,*,#1447,.T.);
#1447 = EDGE_CURVE('',#1440,#1415,#1448,.T.);
#1448 = LINE('',#1449,#1450);
#1449 = CARTESIAN_POINT('',(0.,1.8,-3.295));
#1450 = VECTOR('',#1451,1.);
#1451 = DIRECTION('',(1.,-0.,0.));
#1452 = PLANE('',#1453);
#1453 = AXIS2_PLACEMENT_3D('',#1454,#1455,#1456);
#1454 = CARTESIAN_POINT('',(0.,1.8,0.));
#1455 = DIRECTION('',(0.,-1.,0.));
#1456 = DIRECTION('',(0.,-0.,-1.));
#1457 = ADVANCED_FACE('',(#1458,#1510,#1544),#1642,.T.);
#1458 = FACE_BOUND('',#1459,.T.);
#1459 = EDGE_LOOP('',(#1460,#1468,#1476,#1482,#1483,#1484,#1485,#1493,
    #1501,#1507,#1508,#1509));
#1460 = ORIENTED_EDGE('',*,*,#1461,.F.);
#1461 = EDGE_CURVE('',#1462,#1203,#1464,.T.);
#1462 = VERTEX_POINT('',#1463);
#1463 = CARTESIAN_POINT('',(-9.5,0.,3.7));
#1464 = LINE('',#1465,#1466);
#1465 = CARTESIAN_POINT('',(-11.5,0.,3.7));
#1466 = VECTOR('',#1467,1.);
#1467 = DIRECTION('',(-1.,-0.,-0.));
#1468 = ORIENTED_EDGE('',*,*,#1469,.F.);
#1469 = EDGE_CURVE('',#1470,#1462,#1472,.T.);
#1470 = VERTEX_POINT('',#1471);
#1471 = CARTESIAN_POINT('',(-9.5,0.,-3.7));
#1472 = LINE('',#1473,#1474);
#1473 = CARTESIAN_POINT('',(-9.5,0.,3.7));
#1474 = VECTOR('',#1475,1.);
#1475 = DIRECTION('',(-2.344220913482E-16,-0.,1.));
#1476 = ORIENTED_EDGE('',*,*,#1477,.F.);
#1477 = EDGE_CURVE('',#1243,#1470,#1478,.T.);
#1478 = LINE('',#1479,#1480);
#1479 = CARTESIAN_POINT('',(-11.5,0.,-3.7));
#1480 = VECTOR('',#1481,1.);
#1481 = DIRECTION('',(1.,0.,0.));
#1482 = ORIENTED_EDGE('',*,*,#1242,.F.);
#1483 = ORIENTED_EDGE('',*,*,#1359,.F.);
#1484 = ORIENTED_EDGE('',*,*,#1298,.F.);
#1485 = ORIENTED_EDGE('',*,*,#1486,.F.);
#1486 = EDGE_CURVE('',#1487,#1291,#1489,.T.);
#1487 = VERTEX_POINT('',#1488);
#1488 = CARTESIAN_POINT('',(9.5,0.,-3.7));
#1489 = LINE('',#1490,#1491);
#1490 = CARTESIAN_POINT('',(11.5,0.,-3.7));
#1491 = VECTOR('',#1492,1.);
#1492 = DIRECTION('',(1.,-0.,-1.734723475977E-15));
#1493 = ORIENTED_EDGE('',*,*,#1494,.F.);
#1494 = EDGE_CURVE('',#1495,#1487,#1497,.T.);
#1495 = VERTEX_POINT('',#1496);
#1496 = CARTESIAN_POINT('',(9.5,-0.,3.7));
#1497 = LINE('',#1498,#1499);
#1498 = CARTESIAN_POINT('',(9.5,0.,3.7));
#1499 = VECTOR('',#1500,1.);
#1500 = DIRECTION('',(-2.109798822134E-15,0.,-1.));
#1501 = ORIENTED_EDGE('',*,*,#1502,.F.);
#1502 = EDGE_CURVE('',#1267,#1495,#1503,.T.);
#1503 = LINE('',#1504,#1505);
#1504 = CARTESIAN_POINT('',(11.5,0.,3.7));
#1505 = VECTOR('',#1506,1.);
#1506 = DIRECTION('',(-1.,0.,1.734723475977E-15));
#1507 = ORIENTED_EDGE('',*,*,#1264,.F.);
#1508 = ORIENTED_EDGE('',*,*,#1397,.F.);
#1509 = ORIENTED_EDGE('',*,*,#1210,.F.);
#1510 = FACE_BOUND('',#1511,.T.);
#1511 = EDGE_LOOP('',(#1512,#1522,#1530,#1538));
#1512 = ORIENTED_EDGE('',*,*,#1513,.F.);
#1513 = EDGE_CURVE('',#1514,#1516,#1518,.T.);
#1514 = VERTEX_POINT('',#1515);
#1515 = CARTESIAN_POINT('',(8.8,0.,-0.1));
#1516 = VERTEX_POINT('',#1517);
#1517 = CARTESIAN_POINT('',(8.8,0.,1.E-01));
#1518 = LINE('',#1519,#1520);
#1519 = CARTESIAN_POINT('',(8.8,0.,1.E-01));
#1520 = VECTOR('',#1521,1.);
#1521 = DIRECTION('',(-0.,-0.,1.));
#1522 = ORIENTED_EDGE('',*,*,#1523,.F.);
#1523 = EDGE_CURVE('',#1524,#1514,#1526,.T.);
#1524 = VERTEX_POINT('',#1525);
#1525 = CARTESIAN_POINT('',(6.8,0.,-0.1));
#1526 = LINE('',#1527,#1528);
#1527 = CARTESIAN_POINT('',(8.8,0.,-0.1));
#1528 = VECTOR('',#1529,1.);
#1529 = DIRECTION('',(1.,-0.,-0.));
#1530 = ORIENTED_EDGE('',*,*,#1531,.F.);
#1531 = EDGE_CURVE('',#1532,#1524,#1534,.T.);
#1532 = VERTEX_POINT('',#1533);
#1533 = CARTESIAN_POINT('',(6.8,0.,1.E-01));
#1534 = LINE('',#1535,#1536);
#1535 = CARTESIAN_POINT('',(6.8,0.,1.E-01));
#1536 = VECTOR('',#1537,1.);
#1537 = DIRECTION('',(0.,0.,-1.));
#1538 = ORIENTED_EDGE('',*,*,#1539,.F.);
#1539 = EDGE_CURVE('',#1516,#1532,#1540,.T.);
#1540 = LINE('',#1541,#1542);
#1541 = CARTESIAN_POINT('',(8.8,0.,1.E-01));
#1542 = VECTOR('',#1543,1.);
#1543 = DIRECTION('',(-1.,0.,0.));
#1544 = FACE_BOUND('',#1545,.T.);
#1545 = EDGE_LOOP('',(#1546,#1556,#1564,#1572,#1580,#1588,#1596,#1604,
    #1612,#1620,#1628,#1636));
#1546 = ORIENTED_EDGE('',*,*,#1547,.F.);
#1547 = EDGE_CURVE('',#1548,#1550,#1552,.T.);
#1548 = VERTEX_POINT('',#1549);
#1549 = CARTESIAN_POINT('',(-7.7,0.,-1.));
#1550 = VERTEX_POINT('',#1551);
#1551 = CARTESIAN_POINT('',(-7.7,0.,-0.1));
#1552 = LINE('',#1553,#1554);
#1553 = CARTESIAN_POINT('',(-7.7,0.,-0.1));
#1554 = VECTOR('',#1555,1.);
#1555 = DIRECTION('',(9.637352644316E-16,-0.,1.));
#1556 = ORIENTED_EDGE('',*,*,#1557,.F.);
#1557 = EDGE_CURVE('',#1558,#1548,#1560,.T.);
#1558 = VERTEX_POINT('',#1559);
#1559 = CARTESIAN_POINT('',(-7.9,0.,-1.));
#1560 = LINE('',#1561,#1562);
#1561 = CARTESIAN_POINT('',(-7.9,0.,-1.));
#1562 = VECTOR('',#1563,1.);
#1563 = DIRECTION('',(1.,0.,0.));
#1564 = ORIENTED_EDGE('',*,*,#1565,.F.);
#1565 = EDGE_CURVE('',#1566,#1558,#1568,.T.);
#1566 = VERTEX_POINT('',#1567);
#1567 = CARTESIAN_POINT('',(-7.9,0.,-0.1));
#1568 = LINE('',#1569,#1570);
#1569 = CARTESIAN_POINT('',(-7.9,0.,-0.1));
#1570 = VECTOR('',#1571,1.);
#1571 = DIRECTION('',(0.,0.,-1.));
#1572 = ORIENTED_EDGE('',*,*,#1573,.F.);
#1573 = EDGE_CURVE('',#1574,#1566,#1576,.T.);
#1574 = VERTEX_POINT('',#1575);
#1575 = CARTESIAN_POINT('',(-8.8,0.,-0.1));
#1576 = LINE('',#1577,#1578);
#1577 = CARTESIAN_POINT('',(-8.8,0.,-0.1));
#1578 = VECTOR('',#1579,1.);
#1579 = DIRECTION('',(1.,0.,-2.108170890944E-16));
#1580 = ORIENTED_EDGE('',*,*,#1581,.F.);
#1581 = EDGE_CURVE('',#1582,#1574,#1584,.T.);
#1582 = VERTEX_POINT('',#1583);
#1583 = CARTESIAN_POINT('',(-8.8,0.,1.E-01));
#1584 = LINE('',#1585,#1586);
#1585 = CARTESIAN_POINT('',(-8.8,0.,1.E-01));
#1586 = VECTOR('',#1587,1.);
#1587 = DIRECTION('',(0.,0.,-1.));
#1588 = ORIENTED_EDGE('',*,*,#1589,.F.);
#1589 = EDGE_CURVE('',#1590,#1582,#1592,.T.);
#1590 = VERTEX_POINT('',#1591);
#1591 = CARTESIAN_POINT('',(-7.9,0.,1.E-01));
#1592 = LINE('',#1593,#1594);
#1593 = CARTESIAN_POINT('',(-8.8,0.,1.E-01));
#1594 = VECTOR('',#1595,1.);
#1595 = DIRECTION('',(-1.,-0.,-1.355252715607E-16));
#1596 = ORIENTED_EDGE('',*,*,#1597,.F.);
#1597 = EDGE_CURVE('',#1598,#1590,#1600,.T.);
#1598 = VERTEX_POINT('',#1599);
#1599 = CARTESIAN_POINT('',(-7.9,0.,1.));
#1600 = LINE('',#1601,#1602);
#1601 = CARTESIAN_POINT('',(-7.9,0.,1.));
#1602 = VECTOR('',#1603,1.);
#1603 = DIRECTION('',(0.,0.,-1.));
#1604 = ORIENTED_EDGE('',*,*,#1605,.F.);
#1605 = EDGE_CURVE('',#1606,#1598,#1608,.T.);
#1606 = VERTEX_POINT('',#1607);
#1607 = CARTESIAN_POINT('',(-7.7,0.,1.));
#1608 = LINE('',#1609,#1610);
#1609 = CARTESIAN_POINT('',(-7.9,0.,1.));
#1610 = VECTOR('',#1611,1.);
#1611 = DIRECTION('',(-1.,-0.,-0.));
#1612 = ORIENTED_EDGE('',*,*,#1613,.F.);
#1613 = EDGE_CURVE('',#1614,#1606,#1616,.T.);
#1614 = VERTEX_POINT('',#1615);
#1615 = CARTESIAN_POINT('',(-7.7,0.,1.E-01));
#1616 = LINE('',#1617,#1618);
#1617 = CARTESIAN_POINT('',(-7.7,0.,1.));
#1618 = VECTOR('',#1619,1.);
#1619 = DIRECTION('',(-0.,-0.,1.));
#1620 = ORIENTED_EDGE('',*,*,#1621,.F.);
#1621 = EDGE_CURVE('',#1622,#1614,#1624,.T.);
#1622 = VERTEX_POINT('',#1623);
#1623 = CARTESIAN_POINT('',(-6.8,0.,1.E-01));
#1624 = LINE('',#1625,#1626);
#1625 = CARTESIAN_POINT('',(-7.7,0.,1.E-01));
#1626 = VECTOR('',#1627,1.);
#1627 = DIRECTION('',(-1.,-0.,1.505836350674E-17));
#1628 = ORIENTED_EDGE('',*,*,#1629,.F.);
#1629 = EDGE_CURVE('',#1630,#1622,#1632,.T.);
#1630 = VERTEX_POINT('',#1631);
#1631 = CARTESIAN_POINT('',(-6.8,0.,-0.1));
#1632 = LINE('',#1633,#1634);
#1633 = CARTESIAN_POINT('',(-6.8,0.,1.E-01));
#1634 = VECTOR('',#1635,1.);
#1635 = DIRECTION('',(-0.,-0.,1.));
#1636 = ORIENTED_EDGE('',*,*,#1637,.F.);
#1637 = EDGE_CURVE('',#1550,#1630,#1638,.T.);
#1638 = LINE('',#1639,#1640);
#1639 = CARTESIAN_POINT('',(-7.7,0.,-0.1));
#1640 = VECTOR('',#1641,1.);
#1641 = DIRECTION('',(1.,0.,0.));
#1642 = PLANE('',#1643);
#1643 = AXIS2_PLACEMENT_3D('',#1644,#1645,#1646);
#1644 = CARTESIAN_POINT('',(0.,0.,0.));
#1645 = DIRECTION('',(0.,-1.,0.));
#1646 = DIRECTION('',(0.,-0.,-1.));
#1647 = ADVANCED_FACE('',(#1648),#1666,.F.);
#1648 = FACE_BOUND('',#1649,.T.);
#1649 = EDGE_LOOP('',(#1650,#1651,#1652,#1660));
#1650 = ORIENTED_EDGE('',*,*,#1439,.T.);
#1651 = ORIENTED_EDGE('',*,*,#1344,.F.);
#1652 = ORIENTED_EDGE('',*,*,#1653,.F.);
#1653 = EDGE_CURVE('',#1654,#1337,#1656,.T.);
#1654 = VERTEX_POINT('',#1655);
#1655 = CARTESIAN_POINT('',(-9.75,1.7,-3.295));
#1656 = LINE('',#1657,#1658);
#1657 = CARTESIAN_POINT('',(-9.75,1.7,0.));
#1658 = VECTOR('',#1659,1.);
#1659 = DIRECTION('',(0.,0.,-1.));
#1660 = ORIENTED_EDGE('',*,*,#1661,.T.);
#1661 = EDGE_CURVE('',#1654,#1440,#1662,.T.);
#1662 = LINE('',#1663,#1664);
#1663 = CARTESIAN_POINT('',(-9.75,1.7,-3.295));
#1664 = VECTOR('',#1665,1.);
#1665 = DIRECTION('',(-0.,1.,-0.));
#1666 = PLANE('',#1667);
#1667 = AXIS2_PLACEMENT_3D('',#1668,#1669,#1670);
#1668 = CARTESIAN_POINT('',(-9.75,1.7,0.));
#1669 = DIRECTION('',(1.,0.,0.));
#1670 = DIRECTION('',(0.,0.,-1.));
#1671 = ADVANCED_FACE('',(#1672),#1690,.F.);
#1672 = FACE_BOUND('',#1673,.T.);
#1673 = EDGE_LOOP('',(#1674,#1675,#1683,#1689));
#1674 = ORIENTED_EDGE('',*,*,#1430,.T.);
#1675 = ORIENTED_EDGE('',*,*,#1676,.F.);
#1676 = EDGE_CURVE('',#1677,#1423,#1679,.T.);
#1677 = VERTEX_POINT('',#1678);
#1678 = CARTESIAN_POINT('',(-9.75,1.7,3.295));
#1679 = LINE('',#1680,#1681);
#1680 = CARTESIAN_POINT('',(-9.75,1.7,3.295));
#1681 = VECTOR('',#1682,1.);
#1682 = DIRECTION('',(-0.,1.,-0.));
#1683 = ORIENTED_EDGE('',*,*,#1684,.F.);
#1684 = EDGE_CURVE('',#1383,#1677,#1685,.T.);
#1685 = LINE('',#1686,#1687);
#1686 = CARTESIAN_POINT('',(-9.75,1.7,0.));
#1687 = VECTOR('',#1688,1.);
#1688 = DIRECTION('',(0.,0.,-1.));
#1689 = ORIENTED_EDGE('',*,*,#1382,.T.);
#1690 = PLANE('',#1691);
#1691 = AXIS2_PLACEMENT_3D('',#1692,#1693,#1694);
#1692 = CARTESIAN_POINT('',(-9.75,1.7,0.));
#1693 = DIRECTION('',(1.,0.,0.));
#1694 = DIRECTION('',(0.,0.,-1.));
#1695 = ADVANCED_FACE('',(#1696),#1725,.T.);
#1696 = FACE_BOUND('',#1697,.T.);
#1697 = EDGE_LOOP('',(#1698,#1699,#1707,#1715,#1721,#1722,#1723,#1724));
#1698 = ORIENTED_EDGE('',*,*,#1684,.T.);
#1699 = ORIENTED_EDGE('',*,*,#1700,.T.);
#1700 = EDGE_CURVE('',#1677,#1701,#1703,.T.);
#1701 = VERTEX_POINT('',#1702);
#1702 = CARTESIAN_POINT('',(10.75,1.7,3.295));
#1703 = LINE('',#1704,#1705);
#1704 = CARTESIAN_POINT('',(0.,1.7,3.295));
#1705 = VECTOR('',#1706,1.);
#1706 = DIRECTION('',(1.,-0.,0.));
#1707 = ORIENTED_EDGE('',*,*,#1708,.T.);
#1708 = EDGE_CURVE('',#1701,#1709,#1711,.T.);
#1709 = VERTEX_POINT('',#1710);
#1710 = CARTESIAN_POINT('',(10.75,1.7,-3.295));
#1711 = LINE('',#1712,#1713);
#1712 = CARTESIAN_POINT('',(10.75,1.7,0.));
#1713 = VECTOR('',#1714,1.);
#1714 = DIRECTION('',(0.,0.,-1.));
#1715 = ORIENTED_EDGE('',*,*,#1716,.F.);
#1716 = EDGE_CURVE('',#1654,#1709,#1717,.T.);
#1717 = LINE('',#1718,#1719);
#1718 = CARTESIAN_POINT('',(0.,1.7,-3.295));
#1719 = VECTOR('',#1720,1.);
#1720 = DIRECTION('',(1.,-0.,0.));
#1721 = ORIENTED_EDGE('',*,*,#1653,.T.);
#1722 = ORIENTED_EDGE('',*,*,#1336,.T.);
#1723 = ORIENTED_EDGE('',*,*,#1226,.T.);
#1724 = ORIENTED_EDGE('',*,*,#1390,.T.);
#1725 = PLANE('',#1726);
#1726 = AXIS2_PLACEMENT_3D('',#1727,#1728,#1729);
#1727 = CARTESIAN_POINT('',(0.,1.7,0.));
#1728 = DIRECTION('',(0.,1.,-0.));
#1729 = DIRECTION('',(0.,0.,1.));
#1730 = ADVANCED_FACE('',(#1731),#1756,.F.);
#1731 = FACE_BOUND('',#1732,.T.);
#1732 = EDGE_LOOP('',(#1733,#1734,#1742,#1750));
#1733 = ORIENTED_EDGE('',*,*,#1547,.T.);
#1734 = ORIENTED_EDGE('',*,*,#1735,.F.);
#1735 = EDGE_CURVE('',#1736,#1550,#1738,.T.);
#1736 = VERTEX_POINT('',#1737);
#1737 = CARTESIAN_POINT('',(-7.7,0.1,-0.1));
#1738 = LINE('',#1739,#1740);
#1739 = CARTESIAN_POINT('',(-7.7,0.1,-0.1));
#1740 = VECTOR('',#1741,1.);
#1741 = DIRECTION('',(-0.,-1.,-0.));
#1742 = ORIENTED_EDGE('',*,*,#1743,.F.);
#1743 = EDGE_CURVE('',#1744,#1736,#1746,.T.);
#1744 = VERTEX_POINT('',#1745);
#1745 = CARTESIAN_POINT('',(-7.7,0.1,-1.));
#1746 = LINE('',#1747,#1748);
#1747 = CARTESIAN_POINT('',(-7.7,0.1,-0.1));
#1748 = VECTOR('',#1749,1.);
#1749 = DIRECTION('',(9.637352644316E-16,-0.,1.));
#1750 = ORIENTED_EDGE('',*,*,#1751,.T.);
#1751 = EDGE_CURVE('',#1744,#1548,#1752,.T.);
#1752 = LINE('',#1753,#1754);
#1753 = CARTESIAN_POINT('',(-7.7,0.1,-1.));
#1754 = VECTOR('',#1755,1.);
#1755 = DIRECTION('',(-0.,-1.,-0.));
#1756 = PLANE('',#1757);
#1757 = AXIS2_PLACEMENT_3D('',#1758,#1759,#1760);
#1758 = CARTESIAN_POINT('',(-7.7,0.1,-0.1));
#1759 = DIRECTION('',(1.,0.,-9.637352644316E-16));
#1760 = DIRECTION('',(-9.637352644316E-16,0.,-1.));
#1761 = ADVANCED_FACE('',(#1762),#1780,.F.);
#1762 = FACE_BOUND('',#1763,.T.);
#1763 = EDGE_LOOP('',(#1764,#1765,#1766,#1774));
#1764 = ORIENTED_EDGE('',*,*,#1557,.T.);
#1765 = ORIENTED_EDGE('',*,*,#1751,.F.);
#1766 = ORIENTED_EDGE('',*,*,#1767,.F.);
#1767 = EDGE_CURVE('',#1768,#1744,#1770,.T.);
#1768 = VERTEX_POINT('',#1769);
#1769 = CARTESIAN_POINT('',(-7.9,0.1,-1.));
#1770 = LINE('',#1771,#1772);
#1771 = CARTESIAN_POINT('',(-7.9,0.1,-1.));
#1772 = VECTOR('',#1773,1.);
#1773 = DIRECTION('',(1.,0.,0.));
#1774 = ORIENTED_EDGE('',*,*,#1775,.T.);
#1775 = EDGE_CURVE('',#1768,#1558,#1776,.T.);
#1776 = LINE('',#1777,#1778);
#1777 = CARTESIAN_POINT('',(-7.9,0.1,-1.));
#1778 = VECTOR('',#1779,1.);
#1779 = DIRECTION('',(-0.,-1.,-0.));
#1780 = PLANE('',#1781);
#1781 = AXIS2_PLACEMENT_3D('',#1782,#1783,#1784);
#1782 = CARTESIAN_POINT('',(-7.9,0.1,-1.));
#1783 = DIRECTION('',(0.,0.,-1.));
#1784 = DIRECTION('',(-1.,0.,-0.));
#1785 = ADVANCED_FACE('',(#1786),#1804,.F.);
#1786 = FACE_BOUND('',#1787,.T.);
#1787 = EDGE_LOOP('',(#1788,#1789,#1790,#1798));
#1788 = ORIENTED_EDGE('',*,*,#1565,.T.);
#1789 = ORIENTED_EDGE('',*,*,#1775,.F.);
#1790 = ORIENTED_EDGE('',*,*,#1791,.F.);
#1791 = EDGE_CURVE('',#1792,#1768,#1794,.T.);
#1792 = VERTEX_POINT('',#1793);
#1793 = CARTESIAN_POINT('',(-7.9,0.1,-0.1));
#1794 = LINE('',#1795,#1796);
#1795 = CARTESIAN_POINT('',(-7.9,0.1,-0.1));
#1796 = VECTOR('',#1797,1.);
#1797 = DIRECTION('',(0.,0.,-1.));
#1798 = ORIENTED_EDGE('',*,*,#1799,.T.);
#1799 = EDGE_CURVE('',#1792,#1566,#1800,.T.);
#1800 = LINE('',#1801,#1802);
#1801 = CARTESIAN_POINT('',(-7.9,0.1,-0.1));
#1802 = VECTOR('',#1803,1.);
#1803 = DIRECTION('',(-0.,-1.,-0.));
#1804 = PLANE('',#1805);
#1805 = AXIS2_PLACEMENT_3D('',#1806,#1807,#1808);
#1806 = CARTESIAN_POINT('',(-7.9,0.1,-0.1));
#1807 = DIRECTION('',(-1.,0.,0.));
#1808 = DIRECTION('',(0.,0.,1.));
#1809 = ADVANCED_FACE('',(#1810),#1828,.F.);
#1810 = FACE_BOUND('',#1811,.T.);
#1811 = EDGE_LOOP('',(#1812,#1813,#1814,#1822));
#1812 = ORIENTED_EDGE('',*,*,#1573,.T.);
#1813 = ORIENTED_EDGE('',*,*,#1799,.F.);
#1814 = ORIENTED_EDGE('',*,*,#1815,.F.);
#1815 = EDGE_CURVE('',#1816,#1792,#1818,.T.);
#1816 = VERTEX_POINT('',#1817);
#1817 = CARTESIAN_POINT('',(-8.8,0.1,-0.1));
#1818 = LINE('',#1819,#1820);
#1819 = CARTESIAN_POINT('',(-8.8,0.1,-0.1));
#1820 = VECTOR('',#1821,1.);
#1821 = DIRECTION('',(1.,0.,-2.108170890944E-16));
#1822 = ORIENTED_EDGE('',*,*,#1823,.T.);
#1823 = EDGE_CURVE('',#1816,#1574,#1824,.T.);
#1824 = LINE('',#1825,#1826);
#1825 = CARTESIAN_POINT('',(-8.8,0.1,-0.1));
#1826 = VECTOR('',#1827,1.);
#1827 = DIRECTION('',(-0.,-1.,-0.));
#1828 = PLANE('',#1829);
#1829 = AXIS2_PLACEMENT_3D('',#1830,#1831,#1832);
#1830 = CARTESIAN_POINT('',(-8.8,0.1,-0.1));
#1831 = DIRECTION('',(-2.108170890944E-16,0.,-1.));
#1832 = DIRECTION('',(-1.,0.,2.108170890944E-16));
#1833 = ADVANCED_FACE('',(#1834),#1852,.F.);
#1834 = FACE_BOUND('',#1835,.T.);
#1835 = EDGE_LOOP('',(#1836,#1837,#1838,#1846));
#1836 = ORIENTED_EDGE('',*,*,#1581,.T.);
#1837 = ORIENTED_EDGE('',*,*,#1823,.F.);
#1838 = ORIENTED_EDGE('',*,*,#1839,.F.);
#1839 = EDGE_CURVE('',#1840,#1816,#1842,.T.);
#1840 = VERTEX_POINT('',#1841);
#1841 = CARTESIAN_POINT('',(-8.8,0.1,1.E-01));
#1842 = LINE('',#1843,#1844);
#1843 = CARTESIAN_POINT('',(-8.8,0.1,1.E-01));
#1844 = VECTOR('',#1845,1.);
#1845 = DIRECTION('',(0.,0.,-1.));
#1846 = ORIENTED_EDGE('',*,*,#1847,.T.);
#1847 = EDGE_CURVE('',#1840,#1582,#1848,.T.);
#1848 = LINE('',#1849,#1850);
#1849 = CARTESIAN_POINT('',(-8.8,0.1,1.E-01));
#1850 = VECTOR('',#1851,1.);
#1851 = DIRECTION('',(-0.,-1.,-0.));
#1852 = PLANE('',#1853);
#1853 = AXIS2_PLACEMENT_3D('',#1854,#1855,#1856);
#1854 = CARTESIAN_POINT('',(-8.8,0.1,1.E-01));
#1855 = DIRECTION('',(-1.,0.,0.));
#1856 = DIRECTION('',(0.,0.,1.));
#1857 = ADVANCED_FACE('',(#1858),#1876,.F.);
#1858 = FACE_BOUND('',#1859,.T.);
#1859 = EDGE_LOOP('',(#1860,#1861,#1862,#1870));
#1860 = ORIENTED_EDGE('',*,*,#1589,.T.);
#1861 = ORIENTED_EDGE('',*,*,#1847,.F.);
#1862 = ORIENTED_EDGE('',*,*,#1863,.F.);
#1863 = EDGE_CURVE('',#1864,#1840,#1866,.T.);
#1864 = VERTEX_POINT('',#1865);
#1865 = CARTESIAN_POINT('',(-7.9,0.1,1.E-01));
#1866 = LINE('',#1867,#1868);
#1867 = CARTESIAN_POINT('',(-8.8,0.1,1.E-01));
#1868 = VECTOR('',#1869,1.);
#1869 = DIRECTION('',(-1.,-0.,-1.355252715607E-16));
#1870 = ORIENTED_EDGE('',*,*,#1871,.T.);
#1871 = EDGE_CURVE('',#1864,#1590,#1872,.T.);
#1872 = LINE('',#1873,#1874);
#1873 = CARTESIAN_POINT('',(-7.9,0.1,1.E-01));
#1874 = VECTOR('',#1875,1.);
#1875 = DIRECTION('',(-0.,-1.,-0.));
#1876 = PLANE('',#1877);
#1877 = AXIS2_PLACEMENT_3D('',#1878,#1879,#1880);
#1878 = CARTESIAN_POINT('',(-8.8,0.1,1.E-01));
#1879 = DIRECTION('',(-1.355252715607E-16,0.,1.));
#1880 = DIRECTION('',(1.,0.,1.355252715607E-16));
#1881 = ADVANCED_FACE('',(#1882),#1900,.F.);
#1882 = FACE_BOUND('',#1883,.T.);
#1883 = EDGE_LOOP('',(#1884,#1885,#1886,#1894));
#1884 = ORIENTED_EDGE('',*,*,#1597,.T.);
#1885 = ORIENTED_EDGE('',*,*,#1871,.F.);
#1886 = ORIENTED_EDGE('',*,*,#1887,.F.);
#1887 = EDGE_CURVE('',#1888,#1864,#1890,.T.);
#1888 = VERTEX_POINT('',#1889);
#1889 = CARTESIAN_POINT('',(-7.9,0.1,1.));
#1890 = LINE('',#1891,#1892);
#1891 = CARTESIAN_POINT('',(-7.9,0.1,1.));
#1892 = VECTOR('',#1893,1.);
#1893 = DIRECTION('',(0.,0.,-1.));
#1894 = ORIENTED_EDGE('',*,*,#1895,.T.);
#1895 = EDGE_CURVE('',#1888,#1598,#1896,.T.);
#1896 = LINE('',#1897,#1898);
#1897 = CARTESIAN_POINT('',(-7.9,0.1,1.));
#1898 = VECTOR('',#1899,1.);
#1899 = DIRECTION('',(-0.,-1.,-0.));
#1900 = PLANE('',#1901);
#1901 = AXIS2_PLACEMENT_3D('',#1902,#1903,#1904);
#1902 = CARTESIAN_POINT('',(-7.9,0.1,1.));
#1903 = DIRECTION('',(-1.,0.,0.));
#1904 = DIRECTION('',(0.,0.,1.));
#1905 = ADVANCED_FACE('',(#1906),#1924,.F.);
#1906 = FACE_BOUND('',#1907,.T.);
#1907 = EDGE_LOOP('',(#1908,#1909,#1910,#1918));
#1908 = ORIENTED_EDGE('',*,*,#1605,.T.);
#1909 = ORIENTED_EDGE('',*,*,#1895,.F.);
#1910 = ORIENTED_EDGE('',*,*,#1911,.F.);
#1911 = EDGE_CURVE('',#1912,#1888,#1914,.T.);
#1912 = VERTEX_POINT('',#1913);
#1913 = CARTESIAN_POINT('',(-7.7,0.1,1.));
#1914 = LINE('',#1915,#1916);
#1915 = CARTESIAN_POINT('',(-7.9,0.1,1.));
#1916 = VECTOR('',#1917,1.);
#1917 = DIRECTION('',(-1.,-0.,-0.));
#1918 = ORIENTED_EDGE('',*,*,#1919,.T.);
#1919 = EDGE_CURVE('',#1912,#1606,#1920,.T.);
#1920 = LINE('',#1921,#1922);
#1921 = CARTESIAN_POINT('',(-7.7,0.1,1.));
#1922 = VECTOR('',#1923,1.);
#1923 = DIRECTION('',(-0.,-1.,-0.));
#1924 = PLANE('',#1925);
#1925 = AXIS2_PLACEMENT_3D('',#1926,#1927,#1928);
#1926 = CARTESIAN_POINT('',(-7.9,0.1,1.));
#1927 = DIRECTION('',(0.,0.,1.));
#1928 = DIRECTION('',(1.,0.,-0.));
#1929 = ADVANCED_FACE('',(#1930),#1948,.F.);
#1930 = FACE_BOUND('',#1931,.T.);
#1931 = EDGE_LOOP('',(#1932,#1933,#1934,#1942));
#1932 = ORIENTED_EDGE('',*,*,#1613,.T.);
#1933 = ORIENTED_EDGE('',*,*,#1919,.F.);
#1934 = ORIENTED_EDGE('',*,*,#1935,.F.);
#1935 = EDGE_CURVE('',#1936,#1912,#1938,.T.);
#1936 = VERTEX_POINT('',#1937);
#1937 = CARTESIAN_POINT('',(-7.7,0.1,1.E-01));
#1938 = LINE('',#1939,#1940);
#1939 = CARTESIAN_POINT('',(-7.7,0.1,1.));
#1940 = VECTOR('',#1941,1.);
#1941 = DIRECTION('',(-0.,-0.,1.));
#1942 = ORIENTED_EDGE('',*,*,#1943,.T.);
#1943 = EDGE_CURVE('',#1936,#1614,#1944,.T.);
#1944 = LINE('',#1945,#1946);
#1945 = CARTESIAN_POINT('',(-7.7,0.1,1.E-01));
#1946 = VECTOR('',#1947,1.);
#1947 = DIRECTION('',(-0.,-1.,-0.));
#1948 = PLANE('',#1949);
#1949 = AXIS2_PLACEMENT_3D('',#1950,#1951,#1952);
#1950 = CARTESIAN_POINT('',(-7.7,0.1,1.));
#1951 = DIRECTION('',(1.,-0.,0.));
#1952 = DIRECTION('',(0.,0.,-1.));
#1953 = ADVANCED_FACE('',(#1954),#1972,.F.);
#1954 = FACE_BOUND('',#1955,.T.);
#1955 = EDGE_LOOP('',(#1956,#1957,#1958,#1966));
#1956 = ORIENTED_EDGE('',*,*,#1621,.T.);
#1957 = ORIENTED_EDGE('',*,*,#1943,.F.);
#1958 = ORIENTED_EDGE('',*,*,#1959,.F.);
#1959 = EDGE_CURVE('',#1960,#1936,#1962,.T.);
#1960 = VERTEX_POINT('',#1961);
#1961 = CARTESIAN_POINT('',(-6.8,0.1,1.E-01));
#1962 = LINE('',#1963,#1964);
#1963 = CARTESIAN_POINT('',(-7.7,0.1,1.E-01));
#1964 = VECTOR('',#1965,1.);
#1965 = DIRECTION('',(-1.,-0.,1.505836350674E-17));
#1966 = ORIENTED_EDGE('',*,*,#1967,.T.);
#1967 = EDGE_CURVE('',#1960,#1622,#1968,.T.);
#1968 = LINE('',#1969,#1970);
#1969 = CARTESIAN_POINT('',(-6.8,0.1,1.E-01));
#1970 = VECTOR('',#1971,1.);
#1971 = DIRECTION('',(-0.,-1.,-0.));
#1972 = PLANE('',#1973);
#1973 = AXIS2_PLACEMENT_3D('',#1974,#1975,#1976);
#1974 = CARTESIAN_POINT('',(-7.7,0.1,1.E-01));
#1975 = DIRECTION('',(1.505836350674E-17,-0.,1.));
#1976 = DIRECTION('',(1.,0.,-1.505836350674E-17));
#1977 = ADVANCED_FACE('',(#1978),#1996,.F.);
#1978 = FACE_BOUND('',#1979,.T.);
#1979 = EDGE_LOOP('',(#1980,#1981,#1982,#1990));
#1980 = ORIENTED_EDGE('',*,*,#1629,.T.);
#1981 = ORIENTED_EDGE('',*,*,#1967,.F.);
#1982 = ORIENTED_EDGE('',*,*,#1983,.F.);
#1983 = EDGE_CURVE('',#1984,#1960,#1986,.T.);
#1984 = VERTEX_POINT('',#1985);
#1985 = CARTESIAN_POINT('',(-6.8,0.1,-0.1));
#1986 = LINE('',#1987,#1988);
#1987 = CARTESIAN_POINT('',(-6.8,0.1,1.E-01));
#1988 = VECTOR('',#1989,1.);
#1989 = DIRECTION('',(-0.,-0.,1.));
#1990 = ORIENTED_EDGE('',*,*,#1991,.T.);
#1991 = EDGE_CURVE('',#1984,#1630,#1992,.T.);
#1992 = LINE('',#1993,#1994);
#1993 = CARTESIAN_POINT('',(-6.8,0.1,-0.1));
#1994 = VECTOR('',#1995,1.);
#1995 = DIRECTION('',(-0.,-1.,-0.));
#1996 = PLANE('',#1997);
#1997 = AXIS2_PLACEMENT_3D('',#1998,#1999,#2000);
#1998 = CARTESIAN_POINT('',(-6.8,0.1,1.E-01));
#1999 = DIRECTION('',(1.,-0.,0.));
#2000 = DIRECTION('',(0.,0.,-1.));
#2001 = ADVANCED_FACE('',(#2002),#2013,.F.);
#2002 = FACE_BOUND('',#2003,.T.);
#2003 = EDGE_LOOP('',(#2004,#2005,#2006,#2012));
#2004 = ORIENTED_EDGE('',*,*,#1637,.T.);
#2005 = ORIENTED_EDGE('',*,*,#1991,.F.);
#2006 = ORIENTED_EDGE('',*,*,#2007,.F.);
#2007 = EDGE_CURVE('',#1736,#1984,#2008,.T.);
#2008 = LINE('',#2009,#2010);
#2009 = CARTESIAN_POINT('',(-7.7,0.1,-0.1));
#2010 = VECTOR('',#2011,1.);
#2011 = DIRECTION('',(1.,0.,0.));
#2012 = ORIENTED_EDGE('',*,*,#1735,.T.);
#2013 = PLANE('',#2014);
#2014 = AXIS2_PLACEMENT_3D('',#2015,#2016,#2017);
#2015 = CARTESIAN_POINT('',(-7.7,0.1,-0.1));
#2016 = DIRECTION('',(0.,0.,-1.));
#2017 = DIRECTION('',(-1.,0.,-0.));
#2018 = ADVANCED_FACE('',(#2019),#2033,.T.);
#2019 = FACE_BOUND('',#2020,.T.);
#2020 = EDGE_LOOP('',(#2021,#2022,#2023,#2024,#2025,#2026,#2027,#2028,
    #2029,#2030,#2031,#2032));
#2021 = ORIENTED_EDGE('',*,*,#1743,.T.);
#2022 = ORIENTED_EDGE('',*,*,#2007,.T.);
#2023 = ORIENTED_EDGE('',*,*,#1983,.T.);
#2024 = ORIENTED_EDGE('',*,*,#1959,.T.);
#2025 = ORIENTED_EDGE('',*,*,#1935,.T.);
#2026 = ORIENTED_EDGE('',*,*,#1911,.T.);
#2027 = ORIENTED_EDGE('',*,*,#1887,.T.);
#2028 = ORIENTED_EDGE('',*,*,#1863,.T.);
#2029 = ORIENTED_EDGE('',*,*,#1839,.T.);
#2030 = ORIENTED_EDGE('',*,*,#1815,.T.);
#2031 = ORIENTED_EDGE('',*,*,#1791,.T.);
#2032 = ORIENTED_EDGE('',*,*,#1767,.T.);
#2033 = PLANE('',#2034);
#2034 = AXIS2_PLACEMENT_3D('',#2035,#2036,#2037);
#2035 = CARTESIAN_POINT('',(0.,0.1,0.));
#2036 = DIRECTION('',(0.,-1.,0.));
#2037 = DIRECTION('',(0.,0.,-1.));
#2038 = ADVANCED_FACE('',(#2039),#2064,.F.);
#2039 = FACE_BOUND('',#2040,.T.);
#2040 = EDGE_LOOP('',(#2041,#2042,#2050,#2058));
#2041 = ORIENTED_EDGE('',*,*,#1513,.T.);
#2042 = ORIENTED_EDGE('',*,*,#2043,.F.);
#2043 = EDGE_CURVE('',#2044,#1516,#2046,.T.);
#2044 = VERTEX_POINT('',#2045);
#2045 = CARTESIAN_POINT('',(8.8,0.1,1.E-01));
#2046 = LINE('',#2047,#2048);
#2047 = CARTESIAN_POINT('',(8.8,0.1,1.E-01));
#2048 = VECTOR('',#2049,1.);
#2049 = DIRECTION('',(-0.,-1.,-0.));
#2050 = ORIENTED_EDGE('',*,*,#2051,.F.);
#2051 = EDGE_CURVE('',#2052,#2044,#2054,.T.);
#2052 = VERTEX_POINT('',#2053);
#2053 = CARTESIAN_POINT('',(8.8,0.1,-0.1));
#2054 = LINE('',#2055,#2056);
#2055 = CARTESIAN_POINT('',(8.8,0.1,1.E-01));
#2056 = VECTOR('',#2057,1.);
#2057 = DIRECTION('',(-0.,-0.,1.));
#2058 = ORIENTED_EDGE('',*,*,#2059,.T.);
#2059 = EDGE_CURVE('',#2052,#1514,#2060,.T.);
#2060 = LINE('',#2061,#2062);
#2061 = CARTESIAN_POINT('',(8.8,0.1,-0.1));
#2062 = VECTOR('',#2063,1.);
#2063 = DIRECTION('',(-0.,-1.,-0.));
#2064 = PLANE('',#2065);
#2065 = AXIS2_PLACEMENT_3D('',#2066,#2067,#2068);
#2066 = CARTESIAN_POINT('',(8.8,0.1,1.E-01));
#2067 = DIRECTION('',(1.,-0.,0.));
#2068 = DIRECTION('',(0.,0.,-1.));
#2069 = ADVANCED_FACE('',(#2070),#2088,.F.);
#2070 = FACE_BOUND('',#2071,.T.);
#2071 = EDGE_LOOP('',(#2072,#2073,#2074,#2082));
#2072 = ORIENTED_EDGE('',*,*,#1523,.T.);
#2073 = ORIENTED_EDGE('',*,*,#2059,.F.);
#2074 = ORIENTED_EDGE('',*,*,#2075,.F.);
#2075 = EDGE_CURVE('',#2076,#2052,#2078,.T.);
#2076 = VERTEX_POINT('',#2077);
#2077 = CARTESIAN_POINT('',(6.8,0.1,-0.1));
#2078 = LINE('',#2079,#2080);
#2079 = CARTESIAN_POINT('',(8.8,0.1,-0.1));
#2080 = VECTOR('',#2081,1.);
#2081 = DIRECTION('',(1.,-0.,-0.));
#2082 = ORIENTED_EDGE('',*,*,#2083,.T.);
#2083 = EDGE_CURVE('',#2076,#1524,#2084,.T.);
#2084 = LINE('',#2085,#2086);
#2085 = CARTESIAN_POINT('',(6.8,0.1,-0.1));
#2086 = VECTOR('',#2087,1.);
#2087 = DIRECTION('',(-0.,-1.,-0.));
#2088 = PLANE('',#2089);
#2089 = AXIS2_PLACEMENT_3D('',#2090,#2091,#2092);
#2090 = CARTESIAN_POINT('',(8.8,0.1,-0.1));
#2091 = DIRECTION('',(0.,0.,-1.));
#2092 = DIRECTION('',(-1.,0.,-0.));
#2093 = ADVANCED_FACE('',(#2094),#2112,.F.);
#2094 = FACE_BOUND('',#2095,.T.);
#2095 = EDGE_LOOP('',(#2096,#2097,#2098,#2106));
#2096 = ORIENTED_EDGE('',*,*,#1531,.T.);
#2097 = ORIENTED_EDGE('',*,*,#2083,.F.);
#2098 = ORIENTED_EDGE('',*,*,#2099,.F.);
#2099 = EDGE_CURVE('',#2100,#2076,#2102,.T.);
#2100 = VERTEX_POINT('',#2101);
#2101 = CARTESIAN_POINT('',(6.8,0.1,1.E-01));
#2102 = LINE('',#2103,#2104);
#2103 = CARTESIAN_POINT('',(6.8,0.1,1.E-01));
#2104 = VECTOR('',#2105,1.);
#2105 = DIRECTION('',(0.,0.,-1.));
#2106 = ORIENTED_EDGE('',*,*,#2107,.T.);
#2107 = EDGE_CURVE('',#2100,#1532,#2108,.T.);
#2108 = LINE('',#2109,#2110);
#2109 = CARTESIAN_POINT('',(6.8,0.1,1.E-01));
#2110 = VECTOR('',#2111,1.);
#2111 = DIRECTION('',(-0.,-1.,-0.));
#2112 = PLANE('',#2113);
#2113 = AXIS2_PLACEMENT_3D('',#2114,#2115,#2116);
#2114 = CARTESIAN_POINT('',(6.8,0.1,1.E-01));
#2115 = DIRECTION('',(-1.,0.,0.));
#2116 = DIRECTION('',(0.,0.,1.));
#2117 = ADVANCED_FACE('',(#2118),#2129,.F.);
#2118 = FACE_BOUND('',#2119,.T.);
#2119 = EDGE_LOOP('',(#2120,#2121,#2122,#2128));
#2120 = ORIENTED_EDGE('',*,*,#1539,.T.);
#2121 = ORIENTED_EDGE('',*,*,#2107,.F.);
#2122 = ORIENTED_EDGE('',*,*,#2123,.F.);
#2123 = EDGE_CURVE('',#2044,#2100,#2124,.T.);
#2124 = LINE('',#2125,#2126);
#2125 = CARTESIAN_POINT('',(8.8,0.1,1.E-01));
#2126 = VECTOR('',#2127,1.);
#2127 = DIRECTION('',(-1.,0.,0.));
#2128 = ORIENTED_EDGE('',*,*,#2043,.T.);
#2129 = PLANE('',#2130);
#2130 = AXIS2_PLACEMENT_3D('',#2131,#2132,#2133);
#2131 = CARTESIAN_POINT('',(8.8,0.1,1.E-01));
#2132 = DIRECTION('',(0.,-0.,1.));
#2133 = DIRECTION('',(1.,0.,0.));
#2134 = ADVANCED_FACE('',(#2135),#2141,.F.);
#2135 = FACE_BOUND('',#2136,.T.);
#2136 = EDGE_LOOP('',(#2137,#2138,#2139,#2140));
#2137 = ORIENTED_EDGE('',*,*,#2051,.T.);
#2138 = ORIENTED_EDGE('',*,*,#2123,.T.);
#2139 = ORIENTED_EDGE('',*,*,#2099,.T.);
#2140 = ORIENTED_EDGE('',*,*,#2075,.T.);
#2141 = PLANE('',#2142);
#2142 = AXIS2_PLACEMENT_3D('',#2143,#2144,#2145);
#2143 = CARTESIAN_POINT('',(0.,0.1,0.));
#2144 = DIRECTION('',(0.,1.,0.));
#2145 = DIRECTION('',(0.,-0.,1.));
#2146 = ADVANCED_FACE('',(#2147),#2165,.F.);
#2147 = FACE_BOUND('',#2148,.T.);
#2148 = EDGE_LOOP('',(#2149,#2150,#2158,#2164));
#2149 = ORIENTED_EDGE('',*,*,#1502,.T.);
#2150 = ORIENTED_EDGE('',*,*,#2151,.F.);
#2151 = EDGE_CURVE('',#2152,#1495,#2154,.T.);
#2152 = VERTEX_POINT('',#2153);
#2153 = CARTESIAN_POINT('',(9.5,0.1,3.7));
#2154 = LINE('',#2155,#2156);
#2155 = CARTESIAN_POINT('',(9.5,0.1,3.7));
#2156 = VECTOR('',#2157,1.);
#2157 = DIRECTION('',(-0.,-1.,-0.));
#2158 = ORIENTED_EDGE('',*,*,#2159,.F.);
#2159 = EDGE_CURVE('',#1275,#2152,#2160,.T.);
#2160 = LINE('',#2161,#2162);
#2161 = CARTESIAN_POINT('',(11.5,0.1,3.7));
#2162 = VECTOR('',#2163,1.);
#2163 = DIRECTION('',(-1.,0.,1.734723475977E-15));
#2164 = ORIENTED_EDGE('',*,*,#1274,.T.);
#2165 = PLANE('',#2166);
#2166 = AXIS2_PLACEMENT_3D('',#2167,#2168,#2169);
#2167 = CARTESIAN_POINT('',(11.5,0.1,3.7));
#2168 = DIRECTION('',(1.734723475977E-15,-0.,1.));
#2169 = DIRECTION('',(1.,0.,-1.734723475977E-15));
#2170 = ADVANCED_FACE('',(#2171),#2189,.F.);
#2171 = FACE_BOUND('',#2172,.T.);
#2172 = EDGE_LOOP('',(#2173,#2174,#2175,#2183));
#2173 = ORIENTED_EDGE('',*,*,#1486,.T.);
#2174 = ORIENTED_EDGE('',*,*,#1290,.F.);
#2175 = ORIENTED_EDGE('',*,*,#2176,.F.);
#2176 = EDGE_CURVE('',#2177,#1283,#2179,.T.);
#2177 = VERTEX_POINT('',#2178);
#2178 = CARTESIAN_POINT('',(9.5,0.1,-3.7));
#2179 = LINE('',#2180,#2181);
#2180 = CARTESIAN_POINT('',(11.5,0.1,-3.7));
#2181 = VECTOR('',#2182,1.);
#2182 = DIRECTION('',(1.,-0.,-1.734723475977E-15));
#2183 = ORIENTED_EDGE('',*,*,#2184,.T.);
#2184 = EDGE_CURVE('',#2177,#1487,#2185,.T.);
#2185 = LINE('',#2186,#2187);
#2186 = CARTESIAN_POINT('',(9.5,0.1,-3.7));
#2187 = VECTOR('',#2188,1.);
#2188 = DIRECTION('',(-0.,-1.,-0.));
#2189 = PLANE('',#2190);
#2190 = AXIS2_PLACEMENT_3D('',#2191,#2192,#2193);
#2191 = CARTESIAN_POINT('',(11.5,0.1,-3.7));
#2192 = DIRECTION('',(-1.734723475977E-15,0.,-1.));
#2193 = DIRECTION('',(-1.,0.,1.734723475977E-15));
#2194 = ADVANCED_FACE('',(#2195),#2206,.F.);
#2195 = FACE_BOUND('',#2196,.T.);
#2196 = EDGE_LOOP('',(#2197,#2198,#2199,#2205));
#2197 = ORIENTED_EDGE('',*,*,#1494,.T.);
#2198 = ORIENTED_EDGE('',*,*,#2184,.F.);
#2199 = ORIENTED_EDGE('',*,*,#2200,.F.);
#2200 = EDGE_CURVE('',#2152,#2177,#2201,.T.);
#2201 = LINE('',#2202,#2203);
#2202 = CARTESIAN_POINT('',(9.5,0.1,3.7));
#2203 = VECTOR('',#2204,1.);
#2204 = DIRECTION('',(-2.109798822134E-15,0.,-1.));
#2205 = ORIENTED_EDGE('',*,*,#2151,.T.);
#2206 = PLANE('',#2207);
#2207 = AXIS2_PLACEMENT_3D('',#2208,#2209,#2210);
#2208 = CARTESIAN_POINT('',(9.5,0.1,3.7));
#2209 = DIRECTION('',(-1.,0.,2.109798822134E-15));
#2210 = DIRECTION('',(2.109798822134E-15,0.,1.));
#2211 = ADVANCED_FACE('',(#2212),#2218,.T.);
#2212 = FACE_BOUND('',#2213,.T.);
#2213 = EDGE_LOOP('',(#2214,#2215,#2216,#2217));
#2214 = ORIENTED_EDGE('',*,*,#2159,.T.);
#2215 = ORIENTED_EDGE('',*,*,#2200,.T.);
#2216 = ORIENTED_EDGE('',*,*,#2176,.T.);
#2217 = ORIENTED_EDGE('',*,*,#1282,.T.);
#2218 = PLANE('',#2219);
#2219 = AXIS2_PLACEMENT_3D('',#2220,#2221,#2222);
#2220 = CARTESIAN_POINT('',(0.,0.1,0.));
#2221 = DIRECTION('',(0.,-1.,0.));
#2222 = DIRECTION('',(0.,-0.,-1.));
#2223 = ADVANCED_FACE('',(#2224),#2242,.F.);
#2224 = FACE_BOUND('',#2225,.T.);
#2225 = EDGE_LOOP('',(#2226,#2227,#2228,#2236));
#2226 = ORIENTED_EDGE('',*,*,#1461,.T.);
#2227 = ORIENTED_EDGE('',*,*,#1202,.F.);
#2228 = ORIENTED_EDGE('',*,*,#2229,.F.);
#2229 = EDGE_CURVE('',#2230,#1193,#2232,.T.);
#2230 = VERTEX_POINT('',#2231);
#2231 = CARTESIAN_POINT('',(-9.5,0.1,3.7));
#2232 = LINE('',#2233,#2234);
#2233 = CARTESIAN_POINT('',(-11.5,0.1,3.7));
#2234 = VECTOR('',#2235,1.);
#2235 = DIRECTION('',(-1.,-0.,-0.));
#2236 = ORIENTED_EDGE('',*,*,#2237,.T.);
#2237 = EDGE_CURVE('',#2230,#1462,#2238,.T.);
#2238 = LINE('',#2239,#2240);
#2239 = CARTESIAN_POINT('',(-9.5,0.1,3.7));
#2240 = VECTOR('',#2241,1.);
#2241 = DIRECTION('',(-0.,-1.,-0.));
#2242 = PLANE('',#2243);
#2243 = AXIS2_PLACEMENT_3D('',#2244,#2245,#2246);
#2244 = CARTESIAN_POINT('',(-11.5,0.1,3.7));
#2245 = DIRECTION('',(0.,0.,1.));
#2246 = DIRECTION('',(1.,0.,-0.));
#2247 = ADVANCED_FACE('',(#2248),#2266,.F.);
#2248 = FACE_BOUND('',#2249,.T.);
#2249 = EDGE_LOOP('',(#2250,#2251,#2252,#2260));
#2250 = ORIENTED_EDGE('',*,*,#1469,.T.);
#2251 = ORIENTED_EDGE('',*,*,#2237,.F.);
#2252 = ORIENTED_EDGE('',*,*,#2253,.F.);
#2253 = EDGE_CURVE('',#2254,#2230,#2256,.T.);
#2254 = VERTEX_POINT('',#2255);
#2255 = CARTESIAN_POINT('',(-9.5,0.1,-3.7));
#2256 = LINE('',#2257,#2258);
#2257 = CARTESIAN_POINT('',(-9.5,0.1,3.7));
#2258 = VECTOR('',#2259,1.);
#2259 = DIRECTION('',(-2.344220913482E-16,-0.,1.));
#2260 = ORIENTED_EDGE('',*,*,#2261,.T.);
#2261 = EDGE_CURVE('',#2254,#1470,#2262,.T.);
#2262 = LINE('',#2263,#2264);
#2263 = CARTESIAN_POINT('',(-9.5,0.1,-3.7));
#2264 = VECTOR('',#2265,1.);
#2265 = DIRECTION('',(-0.,-1.,-0.));
#2266 = PLANE('',#2267);
#2267 = AXIS2_PLACEMENT_3D('',#2268,#2269,#2270);
#2268 = CARTESIAN_POINT('',(-9.5,0.1,3.7));
#2269 = DIRECTION('',(1.,-0.,2.344220913482E-16));
#2270 = DIRECTION('',(2.344220913482E-16,0.,-1.));
#2271 = ADVANCED_FACE('',(#2272),#2283,.F.);
#2272 = FACE_BOUND('',#2273,.T.);
#2273 = EDGE_LOOP('',(#2274,#2275,#2276,#2282));
#2274 = ORIENTED_EDGE('',*,*,#1477,.T.);
#2275 = ORIENTED_EDGE('',*,*,#2261,.F.);
#2276 = ORIENTED_EDGE('',*,*,#2277,.F.);
#2277 = EDGE_CURVE('',#1195,#2254,#2278,.T.);
#2278 = LINE('',#2279,#2280);
#2279 = CARTESIAN_POINT('',(-11.5,0.1,-3.7));
#2280 = VECTOR('',#2281,1.);
#2281 = DIRECTION('',(1.,0.,0.));
#2282 = ORIENTED_EDGE('',*,*,#1250,.T.);
#2283 = PLANE('',#2284);
#2284 = AXIS2_PLACEMENT_3D('',#2285,#2286,#2287);
#2285 = CARTESIAN_POINT('',(-11.5,0.1,-3.7));
#2286 = DIRECTION('',(0.,0.,-1.));
#2287 = DIRECTION('',(-1.,0.,-0.));
#2288 = ADVANCED_FACE('',(#2289),#2295,.T.);
#2289 = FACE_BOUND('',#2290,.T.);
#2290 = EDGE_LOOP('',(#2291,#2292,#2293,#2294));
#2291 = ORIENTED_EDGE('',*,*,#1192,.T.);
#2292 = ORIENTED_EDGE('',*,*,#2277,.T.);
#2293 = ORIENTED_EDGE('',*,*,#2253,.T.);
#2294 = ORIENTED_EDGE('',*,*,#2229,.T.);
#2295 = PLANE('',#2296);
#2296 = AXIS2_PLACEMENT_3D('',#2297,#2298,#2299);
#2297 = CARTESIAN_POINT('',(0.,0.1,0.));
#2298 = DIRECTION('',(0.,-1.,0.));
#2299 = DIRECTION('',(0.,-0.,-1.));
#2300 = ADVANCED_FACE('',(#2301),#2312,.F.);
#2301 = FACE_BOUND('',#2302,.T.);
#2302 = EDGE_LOOP('',(#2303,#2304,#2310,#2311));
#2303 = ORIENTED_EDGE('',*,*,#1422,.T.);
#2304 = ORIENTED_EDGE('',*,*,#2305,.F.);
#2305 = EDGE_CURVE('',#1701,#1413,#2306,.T.);
#2306 = LINE('',#2307,#2308);
#2307 = CARTESIAN_POINT('',(10.75,1.7,3.295));
#2308 = VECTOR('',#2309,1.);
#2309 = DIRECTION('',(-0.,1.,-0.));
#2310 = ORIENTED_EDGE('',*,*,#1700,.F.);
#2311 = ORIENTED_EDGE('',*,*,#1676,.T.);
#2312 = PLANE('',#2313);
#2313 = AXIS2_PLACEMENT_3D('',#2314,#2315,#2316);
#2314 = CARTESIAN_POINT('',(0.,1.7,3.295));
#2315 = DIRECTION('',(0.,0.,1.));
#2316 = DIRECTION('',(1.,0.,-0.));
#2317 = ADVANCED_FACE('',(#2318),#2329,.T.);
#2318 = FACE_BOUND('',#2319,.T.);
#2319 = EDGE_LOOP('',(#2320,#2321,#2322,#2328));
#2320 = ORIENTED_EDGE('',*,*,#1661,.F.);
#2321 = ORIENTED_EDGE('',*,*,#1716,.T.);
#2322 = ORIENTED_EDGE('',*,*,#2323,.T.);
#2323 = EDGE_CURVE('',#1709,#1415,#2324,.T.);
#2324 = LINE('',#2325,#2326);
#2325 = CARTESIAN_POINT('',(10.75,1.7,-3.295));
#2326 = VECTOR('',#2327,1.);
#2327 = DIRECTION('',(-0.,1.,-0.));
#2328 = ORIENTED_EDGE('',*,*,#1447,.F.);
#2329 = PLANE('',#2330);
#2330 = AXIS2_PLACEMENT_3D('',#2331,#2332,#2333);
#2331 = CARTESIAN_POINT('',(0.,1.7,-3.295));
#2332 = DIRECTION('',(0.,0.,1.));
#2333 = DIRECTION('',(1.,0.,-0.));
#2334 = ADVANCED_FACE('',(#2335),#2341,.F.);
#2335 = FACE_BOUND('',#2336,.T.);
#2336 = EDGE_LOOP('',(#2337,#2338,#2339,#2340));
#2337 = ORIENTED_EDGE('',*,*,#1412,.T.);
#2338 = ORIENTED_EDGE('',*,*,#2323,.F.);
#2339 = ORIENTED_EDGE('',*,*,#1708,.F.);
#2340 = ORIENTED_EDGE('',*,*,#2305,.T.);
#2341 = PLANE('',#2342);
#2342 = AXIS2_PLACEMENT_3D('',#2343,#2344,#2345);
#2343 = CARTESIAN_POINT('',(10.75,1.7,0.));
#2344 = DIRECTION('',(1.,0.,0.));
#2345 = DIRECTION('',(0.,0.,-1.));
#2346 = MANIFOLD_SOLID_BREP('',#2347);
#2347 = CLOSED_SHELL('',(#2348,#2388,#2419,#2450,#2472,#2484));
#2348 = ADVANCED_FACE('',(#2349),#2383,.T.);
#2349 = FACE_BOUND('',#2350,.T.);
#2350 = EDGE_LOOP('',(#2351,#2361,#2369,#2377));
#2351 = ORIENTED_EDGE('',*,*,#2352,.F.);
#2352 = EDGE_CURVE('',#2353,#2355,#2357,.T.);
#2353 = VERTEX_POINT('',#2354);
#2354 = CARTESIAN_POINT('',(-10.75,1.8,3.295));
#2355 = VERTEX_POINT('',#2356);
#2356 = CARTESIAN_POINT('',(10.75,1.8,3.295));
#2357 = LINE('',#2358,#2359);
#2358 = CARTESIAN_POINT('',(0.,1.8,3.295));
#2359 = VECTOR('',#2360,1.);
#2360 = DIRECTION('',(1.,-0.,0.));
#2361 = ORIENTED_EDGE('',*,*,#2362,.F.);
#2362 = EDGE_CURVE('',#2363,#2353,#2365,.T.);
#2363 = VERTEX_POINT('',#2364);
#2364 = CARTESIAN_POINT('',(-10.75,1.7,3.295));
#2365 = LINE('',#2366,#2367);
#2366 = CARTESIAN_POINT('',(-10.75,1.7,3.295));
#2367 = VECTOR('',#2368,1.);
#2368 = DIRECTION('',(0.,1.,0.));
#2369 = ORIENTED_EDGE('',*,*,#2370,.T.);
#2370 = EDGE_CURVE('',#2363,#2371,#2373,.T.);
#2371 = VERTEX_POINT('',#2372);
#2372 = CARTESIAN_POINT('',(10.75,1.7,3.295));
#2373 = LINE('',#2374,#2375);
#2374 = CARTESIAN_POINT('',(0.,1.7,3.295));
#2375 = VECTOR('',#2376,1.);
#2376 = DIRECTION('',(1.,-0.,0.));
#2377 = ORIENTED_EDGE('',*,*,#2378,.T.);
#2378 = EDGE_CURVE('',#2371,#2355,#2379,.T.);
#2379 = LINE('',#2380,#2381);
#2380 = CARTESIAN_POINT('',(10.75,1.7,3.295));
#2381 = VECTOR('',#2382,1.);
#2382 = DIRECTION('',(0.,1.,0.));
#2383 = PLANE('',#2384);
#2384 = AXIS2_PLACEMENT_3D('',#2385,#2386,#2387);
#2385 = CARTESIAN_POINT('',(0.,1.7,3.295));
#2386 = DIRECTION('',(-0.,0.,1.));
#2387 = DIRECTION('',(1.,0.,0.));
#2388 = ADVANCED_FACE('',(#2389),#2414,.F.);
#2389 = FACE_BOUND('',#2390,.T.);
#2390 = EDGE_LOOP('',(#2391,#2399,#2407,#2413));
#2391 = ORIENTED_EDGE('',*,*,#2392,.T.);
#2392 = EDGE_CURVE('',#2353,#2393,#2395,.T.);
#2393 = VERTEX_POINT('',#2394);
#2394 = CARTESIAN_POINT('',(-10.75,1.8,-3.295));
#2395 = LINE('',#2396,#2397);
#2396 = CARTESIAN_POINT('',(-10.75,1.8,-0.));
#2397 = VECTOR('',#2398,1.);
#2398 = DIRECTION('',(0.,0.,-1.));
#2399 = ORIENTED_EDGE('',*,*,#2400,.F.);
#2400 = EDGE_CURVE('',#2401,#2393,#2403,.T.);
#2401 = VERTEX_POINT('',#2402);
#2402 = CARTESIAN_POINT('',(-10.75,1.7,-3.295));
#2403 = LINE('',#2404,#2405);
#2404 = CARTESIAN_POINT('',(-10.75,1.7,-3.295));
#2405 = VECTOR('',#2406,1.);
#2406 = DIRECTION('',(0.,1.,0.));
#2407 = ORIENTED_EDGE('',*,*,#2408,.F.);
#2408 = EDGE_CURVE('',#2363,#2401,#2409,.T.);
#2409 = LINE('',#2410,#2411);
#2410 = CARTESIAN_POINT('',(-10.75,1.7,-0.));
#2411 = VECTOR('',#2412,1.);
#2412 = DIRECTION('',(0.,0.,-1.));
#2413 = ORIENTED_EDGE('',*,*,#2362,.T.);
#2414 = PLANE('',#2415);
#2415 = AXIS2_PLACEMENT_3D('',#2416,#2417,#2418);
#2416 = CARTESIAN_POINT('',(-10.75,1.7,0.));
#2417 = DIRECTION('',(1.,-0.,0.));
#2418 = DIRECTION('',(0.,0.,-1.));
#2419 = ADVANCED_FACE('',(#2420),#2445,.F.);
#2420 = FACE_BOUND('',#2421,.T.);
#2421 = EDGE_LOOP('',(#2422,#2430,#2438,#2444));
#2422 = ORIENTED_EDGE('',*,*,#2423,.T.);
#2423 = EDGE_CURVE('',#2393,#2424,#2426,.T.);
#2424 = VERTEX_POINT('',#2425);
#2425 = CARTESIAN_POINT('',(10.75,1.8,-3.295));
#2426 = LINE('',#2427,#2428);
#2427 = CARTESIAN_POINT('',(0.,1.8,-3.295));
#2428 = VECTOR('',#2429,1.);
#2429 = DIRECTION('',(1.,-0.,0.));
#2430 = ORIENTED_EDGE('',*,*,#2431,.F.);
#2431 = EDGE_CURVE('',#2432,#2424,#2434,.T.);
#2432 = VERTEX_POINT('',#2433);
#2433 = CARTESIAN_POINT('',(10.75,1.7,-3.295));
#2434 = LINE('',#2435,#2436);
#2435 = CARTESIAN_POINT('',(10.75,1.7,-3.295));
#2436 = VECTOR('',#2437,1.);
#2437 = DIRECTION('',(0.,1.,0.));
#2438 = ORIENTED_EDGE('',*,*,#2439,.F.);
#2439 = EDGE_CURVE('',#2401,#2432,#2440,.T.);
#2440 = LINE('',#2441,#2442);
#2441 = CARTESIAN_POINT('',(0.,1.7,-3.295));
#2442 = VECTOR('',#2443,1.);
#2443 = DIRECTION('',(1.,-0.,0.));
#2444 = ORIENTED_EDGE('',*,*,#2400,.T.);
#2445 = PLANE('',#2446);
#2446 = AXIS2_PLACEMENT_3D('',#2447,#2448,#2449);
#2447 = CARTESIAN_POINT('',(0.,1.7,-3.295));
#2448 = DIRECTION('',(-0.,0.,1.));
#2449 = DIRECTION('',(1.,0.,0.));
#2450 = ADVANCED_FACE('',(#2451),#2467,.T.);
#2451 = FACE_BOUND('',#2452,.T.);
#2452 = EDGE_LOOP('',(#2453,#2459,#2460,#2466));
#2453 = ORIENTED_EDGE('',*,*,#2454,.F.);
#2454 = EDGE_CURVE('',#2355,#2424,#2455,.T.);
#2455 = LINE('',#2456,#2457);
#2456 = CARTESIAN_POINT('',(10.75,1.8,0.));
#2457 = VECTOR('',#2458,1.);
#2458 = DIRECTION('',(0.,0.,-1.));
#2459 = ORIENTED_EDGE('',*,*,#2378,.F.);
#2460 = ORIENTED_EDGE('',*,*,#2461,.T.);
#2461 = EDGE_CURVE('',#2371,#2432,#2462,.T.);
#2462 = LINE('',#2463,#2464);
#2463 = CARTESIAN_POINT('',(10.75,1.7,0.));
#2464 = VECTOR('',#2465,1.);
#2465 = DIRECTION('',(0.,0.,-1.));
#2466 = ORIENTED_EDGE('',*,*,#2431,.T.);
#2467 = PLANE('',#2468);
#2468 = AXIS2_PLACEMENT_3D('',#2469,#2470,#2471);
#2469 = CARTESIAN_POINT('',(10.75,1.7,0.));
#2470 = DIRECTION('',(1.,-0.,0.));
#2471 = DIRECTION('',(0.,0.,-1.));
#2472 = ADVANCED_FACE('',(#2473),#2479,.F.);
#2473 = FACE_BOUND('',#2474,.T.);
#2474 = EDGE_LOOP('',(#2475,#2476,#2477,#2478));
#2475 = ORIENTED_EDGE('',*,*,#2370,.F.);
#2476 = ORIENTED_EDGE('',*,*,#2408,.T.);
#2477 = ORIENTED_EDGE('',*,*,#2439,.T.);
#2478 = ORIENTED_EDGE('',*,*,#2461,.F.);
#2479 = PLANE('',#2480);
#2480 = AXIS2_PLACEMENT_3D('',#2481,#2482,#2483);
#2481 = CARTESIAN_POINT('',(0.,1.7,0.));
#2482 = DIRECTION('',(0.,1.,-0.));
#2483 = DIRECTION('',(0.,0.,1.));
#2484 = ADVANCED_FACE('',(#2485),#2491,.T.);
#2485 = FACE_BOUND('',#2486,.T.);
#2486 = EDGE_LOOP('',(#2487,#2488,#2489,#2490));
#2487 = ORIENTED_EDGE('',*,*,#2352,.T.);
#2488 = ORIENTED_EDGE('',*,*,#2454,.T.);
#2489 = ORIENTED_EDGE('',*,*,#2423,.F.);
#2490 = ORIENTED_EDGE('',*,*,#2392,.F.);
#2491 = PLANE('',#2492);
#2492 = AXIS2_PLACEMENT_3D('',#2493,#2494,#2495);
#2493 = CARTESIAN_POINT('',(0.,1.8,0.));
#2494 = DIRECTION('',(0.,1.,-0.));
#2495 = DIRECTION('',(0.,0.,1.));
#2496 = MANIFOLD_SOLID_BREP('',#2497);
#2497 = CLOSED_SHELL('',(#2498,#2538,#2569,#2600,#2622,#2634));
#2498 = ADVANCED_FACE('',(#2499),#2533,.T.);
#2499 = FACE_BOUND('',#2500,.T.);
#2500 = EDGE_LOOP('',(#2501,#2511,#2519,#2527));
#2501 = ORIENTED_EDGE('',*,*,#2502,.F.);
#2502 = EDGE_CURVE('',#2503,#2505,#2507,.T.);
#2503 = VERTEX_POINT('',#2504);
#2504 = CARTESIAN_POINT('',(8.8,0.,-0.1));
#2505 = VERTEX_POINT('',#2506);
#2506 = CARTESIAN_POINT('',(8.8,0.,1.E-01));
#2507 = LINE('',#2508,#2509);
#2508 = CARTESIAN_POINT('',(8.8,0.,1.E-01));
#2509 = VECTOR('',#2510,1.);
#2510 = DIRECTION('',(-0.,-0.,1.));
#2511 = ORIENTED_EDGE('',*,*,#2512,.F.);
#2512 = EDGE_CURVE('',#2513,#2503,#2515,.T.);
#2513 = VERTEX_POINT('',#2514);
#2514 = CARTESIAN_POINT('',(8.8,0.1,-0.1));
#2515 = LINE('',#2516,#2517);
#2516 = CARTESIAN_POINT('',(8.8,0.1,-0.1));
#2517 = VECTOR('',#2518,1.);
#2518 = DIRECTION('',(0.,-1.,0.));
#2519 = ORIENTED_EDGE('',*,*,#2520,.T.);
#2520 = EDGE_CURVE('',#2513,#2521,#2523,.T.);
#2521 = VERTEX_POINT('',#2522);
#2522 = CARTESIAN_POINT('',(8.8,0.1,1.E-01));
#2523 = LINE('',#2524,#2525);
#2524 = CARTESIAN_POINT('',(8.8,0.1,1.E-01));
#2525 = VECTOR('',#2526,1.);
#2526 = DIRECTION('',(-0.,-0.,1.));
#2527 = ORIENTED_EDGE('',*,*,#2528,.T.);
#2528 = EDGE_CURVE('',#2521,#2505,#2529,.T.);
#2529 = LINE('',#2530,#2531);
#2530 = CARTESIAN_POINT('',(8.8,0.1,1.E-01));
#2531 = VECTOR('',#2532,1.);
#2532 = DIRECTION('',(0.,-1.,0.));
#2533 = PLANE('',#2534);
#2534 = AXIS2_PLACEMENT_3D('',#2535,#2536,#2537);
#2535 = CARTESIAN_POINT('',(8.8,0.1,1.E-01));
#2536 = DIRECTION('',(1.,0.,0.));
#2537 = DIRECTION('',(0.,0.,-1.));
#2538 = ADVANCED_FACE('',(#2539),#2564,.T.);
#2539 = FACE_BOUND('',#2540,.T.);
#2540 = EDGE_LOOP('',(#2541,#2549,#2557,#2563));
#2541 = ORIENTED_EDGE('',*,*,#2542,.F.);
#2542 = EDGE_CURVE('',#2543,#2503,#2545,.T.);
#2543 = VERTEX_POINT('',#2544);
#2544 = CARTESIAN_POINT('',(6.8,0.,-0.1));
#2545 = LINE('',#2546,#2547);
#2546 = CARTESIAN_POINT('',(8.8,0.,-0.1));
#2547 = VECTOR('',#2548,1.);
#2548 = DIRECTION('',(1.,-0.,-0.));
#2549 = ORIENTED_EDGE('',*,*,#2550,.F.);
#2550 = EDGE_CURVE('',#2551,#2543,#2553,.T.);
#2551 = VERTEX_POINT('',#2552);
#2552 = CARTESIAN_POINT('',(6.8,0.1,-0.1));
#2553 = LINE('',#2554,#2555);
#2554 = CARTESIAN_POINT('',(6.8,0.1,-0.1));
#2555 = VECTOR('',#2556,1.);
#2556 = DIRECTION('',(0.,-1.,0.));
#2557 = ORIENTED_EDGE('',*,*,#2558,.T.);
#2558 = EDGE_CURVE('',#2551,#2513,#2559,.T.);
#2559 = LINE('',#2560,#2561);
#2560 = CARTESIAN_POINT('',(8.8,0.1,-0.1));
#2561 = VECTOR('',#2562,1.);
#2562 = DIRECTION('',(1.,-0.,-0.));
#2563 = ORIENTED_EDGE('',*,*,#2512,.T.);
#2564 = PLANE('',#2565);
#2565 = AXIS2_PLACEMENT_3D('',#2566,#2567,#2568);
#2566 = CARTESIAN_POINT('',(8.8,0.1,-0.1));
#2567 = DIRECTION('',(-0.,0.,-1.));
#2568 = DIRECTION('',(-1.,0.,0.));
#2569 = ADVANCED_FACE('',(#2570),#2595,.T.);
#2570 = FACE_BOUND('',#2571,.T.);
#2571 = EDGE_LOOP('',(#2572,#2580,#2588,#2594));
#2572 = ORIENTED_EDGE('',*,*,#2573,.F.);
#2573 = EDGE_CURVE('',#2574,#2543,#2576,.T.);
#2574 = VERTEX_POINT('',#2575);
#2575 = CARTESIAN_POINT('',(6.8,0.,1.E-01));
#2576 = LINE('',#2577,#2578);
#2577 = CARTESIAN_POINT('',(6.8,0.,1.E-01));
#2578 = VECTOR('',#2579,1.);
#2579 = DIRECTION('',(0.,0.,-1.));
#2580 = ORIENTED_EDGE('',*,*,#2581,.F.);
#2581 = EDGE_CURVE('',#2582,#2574,#2584,.T.);
#2582 = VERTEX_POINT('',#2583);
#2583 = CARTESIAN_POINT('',(6.8,0.1,1.E-01));
#2584 = LINE('',#2585,#2586);
#2585 = CARTESIAN_POINT('',(6.8,0.1,1.E-01));
#2586 = VECTOR('',#2587,1.);
#2587 = DIRECTION('',(0.,-1.,0.));
#2588 = ORIENTED_EDGE('',*,*,#2589,.T.);
#2589 = EDGE_CURVE('',#2582,#2551,#2590,.T.);
#2590 = LINE('',#2591,#2592);
#2591 = CARTESIAN_POINT('',(6.8,0.1,1.E-01));
#2592 = VECTOR('',#2593,1.);
#2593 = DIRECTION('',(0.,0.,-1.));
#2594 = ORIENTED_EDGE('',*,*,#2550,.T.);
#2595 = PLANE('',#2596);
#2596 = AXIS2_PLACEMENT_3D('',#2597,#2598,#2599);
#2597 = CARTESIAN_POINT('',(6.8,0.1,1.E-01));
#2598 = DIRECTION('',(-1.,0.,-0.));
#2599 = DIRECTION('',(0.,0.,1.));
#2600 = ADVANCED_FACE('',(#2601),#2617,.T.);
#2601 = FACE_BOUND('',#2602,.T.);
#2602 = EDGE_LOOP('',(#2603,#2609,#2610,#2616));
#2603 = ORIENTED_EDGE('',*,*,#2604,.F.);
#2604 = EDGE_CURVE('',#2505,#2574,#2605,.T.);
#2605 = LINE('',#2606,#2607);
#2606 = CARTESIAN_POINT('',(8.8,0.,1.E-01));
#2607 = VECTOR('',#2608,1.);
#2608 = DIRECTION('',(-1.,0.,0.));
#2609 = ORIENTED_EDGE('',*,*,#2528,.F.);
#2610 = ORIENTED_EDGE('',*,*,#2611,.T.);
#2611 = EDGE_CURVE('',#2521,#2582,#2612,.T.);
#2612 = LINE('',#2613,#2614);
#2613 = CARTESIAN_POINT('',(8.8,0.1,1.E-01));
#2614 = VECTOR('',#2615,1.);
#2615 = DIRECTION('',(-1.,0.,0.));
#2616 = ORIENTED_EDGE('',*,*,#2581,.T.);
#2617 = PLANE('',#2618);
#2618 = AXIS2_PLACEMENT_3D('',#2619,#2620,#2621);
#2619 = CARTESIAN_POINT('',(8.8,0.1,1.E-01));
#2620 = DIRECTION('',(0.,0.,1.));
#2621 = DIRECTION('',(1.,0.,-0.));
#2622 = ADVANCED_FACE('',(#2623),#2629,.T.);
#2623 = FACE_BOUND('',#2624,.T.);
#2624 = EDGE_LOOP('',(#2625,#2626,#2627,#2628));
#2625 = ORIENTED_EDGE('',*,*,#2520,.F.);
#2626 = ORIENTED_EDGE('',*,*,#2558,.F.);
#2627 = ORIENTED_EDGE('',*,*,#2589,.F.);
#2628 = ORIENTED_EDGE('',*,*,#2611,.F.);
#2629 = PLANE('',#2630);
#2630 = AXIS2_PLACEMENT_3D('',#2631,#2632,#2633);
#2631 = CARTESIAN_POINT('',(0.,0.1,0.));
#2632 = DIRECTION('',(0.,1.,0.));
#2633 = DIRECTION('',(0.,-0.,1.));
#2634 = ADVANCED_FACE('',(#2635),#2641,.F.);
#2635 = FACE_BOUND('',#2636,.T.);
#2636 = EDGE_LOOP('',(#2637,#2638,#2639,#2640));
#2637 = ORIENTED_EDGE('',*,*,#2502,.T.);
#2638 = ORIENTED_EDGE('',*,*,#2604,.T.);
#2639 = ORIENTED_EDGE('',*,*,#2573,.T.);
#2640 = ORIENTED_EDGE('',*,*,#2542,.T.);
#2641 = PLANE('',#2642);
#2642 = AXIS2_PLACEMENT_3D('',#2643,#2644,#2645);
#2643 = CARTESIAN_POINT('',(0.,0.,0.));
#2644 = DIRECTION('',(0.,1.,0.));
#2645 = DIRECTION('',(0.,-0.,1.));
#2646 = MANIFOLD_SOLID_BREP('',#2647);
#2647 = CLOSED_SHELL('',(#2648,#2688,#2719,#2750,#2781,#2812,#2843,#2874
    ,#2905,#2936,#2967,#2998,#3020,#3040));
#2648 = ADVANCED_FACE('',(#2649),#2683,.T.);
#2649 = FACE_BOUND('',#2650,.T.);
#2650 = EDGE_LOOP('',(#2651,#2661,#2669,#2677));
#2651 = ORIENTED_EDGE('',*,*,#2652,.F.);
#2652 = EDGE_CURVE('',#2653,#2655,#2657,.T.);
#2653 = VERTEX_POINT('',#2654);
#2654 = CARTESIAN_POINT('',(-7.7,0.,-1.));
#2655 = VERTEX_POINT('',#2656);
#2656 = CARTESIAN_POINT('',(-7.7,0.,-0.1));
#2657 = LINE('',#2658,#2659);
#2658 = CARTESIAN_POINT('',(-7.7,0.,-0.1));
#2659 = VECTOR('',#2660,1.);
#2660 = DIRECTION('',(9.637352644316E-16,-0.,1.));
#2661 = ORIENTED_EDGE('',*,*,#2662,.F.);
#2662 = EDGE_CURVE('',#2663,#2653,#2665,.T.);
#2663 = VERTEX_POINT('',#2664);
#2664 = CARTESIAN_POINT('',(-7.7,0.1,-1.));
#2665 = LINE('',#2666,#2667);
#2666 = CARTESIAN_POINT('',(-7.7,0.1,-1.));
#2667 = VECTOR('',#2668,1.);
#2668 = DIRECTION('',(0.,-1.,0.));
#2669 = ORIENTED_EDGE('',*,*,#2670,.T.);
#2670 = EDGE_CURVE('',#2663,#2671,#2673,.T.);
#2671 = VERTEX_POINT('',#2672);
#2672 = CARTESIAN_POINT('',(-7.7,0.1,-0.1));
#2673 = LINE('',#2674,#2675);
#2674 = CARTESIAN_POINT('',(-7.7,0.1,-0.1));
#2675 = VECTOR('',#2676,1.);
#2676 = DIRECTION('',(9.637352644316E-16,-0.,1.));
#2677 = ORIENTED_EDGE('',*,*,#2678,.T.);
#2678 = EDGE_CURVE('',#2671,#2655,#2679,.T.);
#2679 = LINE('',#2680,#2681);
#2680 = CARTESIAN_POINT('',(-7.7,0.1,-0.1));
#2681 = VECTOR('',#2682,1.);
#2682 = DIRECTION('',(0.,-1.,0.));
#2683 = PLANE('',#2684);
#2684 = AXIS2_PLACEMENT_3D('',#2685,#2686,#2687);
#2685 = CARTESIAN_POINT('',(-7.7,0.1,-0.1));
#2686 = DIRECTION('',(1.,0.,-9.637352644316E-16));
#2687 = DIRECTION('',(-9.637352644316E-16,0.,-1.));
#2688 = ADVANCED_FACE('',(#2689),#2714,.T.);
#2689 = FACE_BOUND('',#2690,.T.);
#2690 = EDGE_LOOP('',(#2691,#2699,#2707,#2713));
#2691 = ORIENTED_EDGE('',*,*,#2692,.F.);
#2692 = EDGE_CURVE('',#2693,#2653,#2695,.T.);
#2693 = VERTEX_POINT('',#2694);
#2694 = CARTESIAN_POINT('',(-7.9,0.,-1.));
#2695 = LINE('',#2696,#2697);
#2696 = CARTESIAN_POINT('',(-7.9,0.,-1.));
#2697 = VECTOR('',#2698,1.);
#2698 = DIRECTION('',(1.,0.,0.));
#2699 = ORIENTED_EDGE('',*,*,#2700,.F.);
#2700 = EDGE_CURVE('',#2701,#2693,#2703,.T.);
#2701 = VERTEX_POINT('',#2702);
#2702 = CARTESIAN_POINT('',(-7.9,0.1,-1.));
#2703 = LINE('',#2704,#2705);
#2704 = CARTESIAN_POINT('',(-7.9,0.1,-1.));
#2705 = VECTOR('',#2706,1.);
#2706 = DIRECTION('',(0.,-1.,0.));
#2707 = ORIENTED_EDGE('',*,*,#2708,.T.);
#2708 = EDGE_CURVE('',#2701,#2663,#2709,.T.);
#2709 = LINE('',#2710,#2711);
#2710 = CARTESIAN_POINT('',(-7.9,0.1,-1.));
#2711 = VECTOR('',#2712,1.);
#2712 = DIRECTION('',(1.,0.,0.));
#2713 = ORIENTED_EDGE('',*,*,#2662,.T.);
#2714 = PLANE('',#2715);
#2715 = AXIS2_PLACEMENT_3D('',#2716,#2717,#2718);
#2716 = CARTESIAN_POINT('',(-7.9,0.1,-1.));
#2717 = DIRECTION('',(0.,0.,-1.));
#2718 = DIRECTION('',(-1.,0.,-0.));
#2719 = ADVANCED_FACE('',(#2720),#2745,.T.);
#2720 = FACE_BOUND('',#2721,.T.);
#2721 = EDGE_LOOP('',(#2722,#2730,#2738,#2744));
#2722 = ORIENTED_EDGE('',*,*,#2723,.F.);
#2723 = EDGE_CURVE('',#2724,#2693,#2726,.T.);
#2724 = VERTEX_POINT('',#2725);
#2725 = CARTESIAN_POINT('',(-7.9,0.,-0.1));
#2726 = LINE('',#2727,#2728);
#2727 = CARTESIAN_POINT('',(-7.9,0.,-0.1));
#2728 = VECTOR('',#2729,1.);
#2729 = DIRECTION('',(0.,0.,-1.));
#2730 = ORIENTED_EDGE('',*,*,#2731,.F.);
#2731 = EDGE_CURVE('',#2732,#2724,#2734,.T.);
#2732 = VERTEX_POINT('',#2733);
#2733 = CARTESIAN_POINT('',(-7.9,0.1,-0.1));
#2734 = LINE('',#2735,#2736);
#2735 = CARTESIAN_POINT('',(-7.9,0.1,-0.1));
#2736 = VECTOR('',#2737,1.);
#2737 = DIRECTION('',(0.,-1.,0.));
#2738 = ORIENTED_EDGE('',*,*,#2739,.T.);
#2739 = EDGE_CURVE('',#2732,#2701,#2740,.T.);
#2740 = LINE('',#2741,#2742);
#2741 = CARTESIAN_POINT('',(-7.9,0.1,-0.1));
#2742 = VECTOR('',#2743,1.);
#2743 = DIRECTION('',(0.,0.,-1.));
#2744 = ORIENTED_EDGE('',*,*,#2700,.T.);
#2745 = PLANE('',#2746);
#2746 = AXIS2_PLACEMENT_3D('',#2747,#2748,#2749);
#2747 = CARTESIAN_POINT('',(-7.9,0.1,-0.1));
#2748 = DIRECTION('',(-1.,0.,-0.));
#2749 = DIRECTION('',(0.,0.,1.));
#2750 = ADVANCED_FACE('',(#2751),#2776,.T.);
#2751 = FACE_BOUND('',#2752,.T.);
#2752 = EDGE_LOOP('',(#2753,#2761,#2769,#2775));
#2753 = ORIENTED_EDGE('',*,*,#2754,.F.);
#2754 = EDGE_CURVE('',#2755,#2724,#2757,.T.);
#2755 = VERTEX_POINT('',#2756);
#2756 = CARTESIAN_POINT('',(-8.8,0.,-0.1));
#2757 = LINE('',#2758,#2759);
#2758 = CARTESIAN_POINT('',(-8.8,0.,-0.1));
#2759 = VECTOR('',#2760,1.);
#2760 = DIRECTION('',(1.,0.,-2.108170890944E-16));
#2761 = ORIENTED_EDGE('',*,*,#2762,.F.);
#2762 = EDGE_CURVE('',#2763,#2755,#2765,.T.);
#2763 = VERTEX_POINT('',#2764);
#2764 = CARTESIAN_POINT('',(-8.8,0.1,-0.1));
#2765 = LINE('',#2766,#2767);
#2766 = CARTESIAN_POINT('',(-8.8,0.1,-0.1));
#2767 = VECTOR('',#2768,1.);
#2768 = DIRECTION('',(0.,-1.,0.));
#2769 = ORIENTED_EDGE('',*,*,#2770,.T.);
#2770 = EDGE_CURVE('',#2763,#2732,#2771,.T.);
#2771 = LINE('',#2772,#2773);
#2772 = CARTESIAN_POINT('',(-8.8,0.1,-0.1));
#2773 = VECTOR('',#2774,1.);
#2774 = DIRECTION('',(1.,0.,-2.108170890944E-16));
#2775 = ORIENTED_EDGE('',*,*,#2731,.T.);
#2776 = PLANE('',#2777);
#2777 = AXIS2_PLACEMENT_3D('',#2778,#2779,#2780);
#2778 = CARTESIAN_POINT('',(-8.8,0.1,-0.1));
#2779 = DIRECTION('',(-2.108170890944E-16,0.,-1.));
#2780 = DIRECTION('',(-1.,0.,2.108170890944E-16));
#2781 = ADVANCED_FACE('',(#2782),#2807,.T.);
#2782 = FACE_BOUND('',#2783,.T.);
#2783 = EDGE_LOOP('',(#2784,#2792,#2800,#2806));
#2784 = ORIENTED_EDGE('',*,*,#2785,.F.);
#2785 = EDGE_CURVE('',#2786,#2755,#2788,.T.);
#2786 = VERTEX_POINT('',#2787);
#2787 = CARTESIAN_POINT('',(-8.8,0.,1.E-01));
#2788 = LINE('',#2789,#2790);
#2789 = CARTESIAN_POINT('',(-8.8,0.,1.E-01));
#2790 = VECTOR('',#2791,1.);
#2791 = DIRECTION('',(0.,0.,-1.));
#2792 = ORIENTED_EDGE('',*,*,#2793,.F.);
#2793 = EDGE_CURVE('',#2794,#2786,#2796,.T.);
#2794 = VERTEX_POINT('',#2795);
#2795 = CARTESIAN_POINT('',(-8.8,0.1,1.E-01));
#2796 = LINE('',#2797,#2798);
#2797 = CARTESIAN_POINT('',(-8.8,0.1,1.E-01));
#2798 = VECTOR('',#2799,1.);
#2799 = DIRECTION('',(0.,-1.,0.));
#2800 = ORIENTED_EDGE('',*,*,#2801,.T.);
#2801 = EDGE_CURVE('',#2794,#2763,#2802,.T.);
#2802 = LINE('',#2803,#2804);
#2803 = CARTESIAN_POINT('',(-8.8,0.1,1.E-01));
#2804 = VECTOR('',#2805,1.);
#2805 = DIRECTION('',(0.,0.,-1.));
#2806 = ORIENTED_EDGE('',*,*,#2762,.T.);
#2807 = PLANE('',#2808);
#2808 = AXIS2_PLACEMENT_3D('',#2809,#2810,#2811);
#2809 = CARTESIAN_POINT('',(-8.8,0.1,1.E-01));
#2810 = DIRECTION('',(-1.,0.,-0.));
#2811 = DIRECTION('',(0.,0.,1.));
#2812 = ADVANCED_FACE('',(#2813),#2838,.T.);
#2813 = FACE_BOUND('',#2814,.T.);
#2814 = EDGE_LOOP('',(#2815,#2823,#2831,#2837));
#2815 = ORIENTED_EDGE('',*,*,#2816,.F.);
#2816 = EDGE_CURVE('',#2817,#2786,#2819,.T.);
#2817 = VERTEX_POINT('',#2818);
#2818 = CARTESIAN_POINT('',(-7.9,0.,1.E-01));
#2819 = LINE('',#2820,#2821);
#2820 = CARTESIAN_POINT('',(-8.8,0.,1.E-01));
#2821 = VECTOR('',#2822,1.);
#2822 = DIRECTION('',(-1.,-0.,-1.355252715607E-16));
#2823 = ORIENTED_EDGE('',*,*,#2824,.F.);
#2824 = EDGE_CURVE('',#2825,#2817,#2827,.T.);
#2825 = VERTEX_POINT('',#2826);
#2826 = CARTESIAN_POINT('',(-7.9,0.1,1.E-01));
#2827 = LINE('',#2828,#2829);
#2828 = CARTESIAN_POINT('',(-7.9,0.1,1.E-01));
#2829 = VECTOR('',#2830,1.);
#2830 = DIRECTION('',(0.,-1.,0.));
#2831 = ORIENTED_EDGE('',*,*,#2832,.T.);
#2832 = EDGE_CURVE('',#2825,#2794,#2833,.T.);
#2833 = LINE('',#2834,#2835);
#2834 = CARTESIAN_POINT('',(-8.8,0.1,1.E-01));
#2835 = VECTOR('',#2836,1.);
#2836 = DIRECTION('',(-1.,-0.,-1.355252715607E-16));
#2837 = ORIENTED_EDGE('',*,*,#2793,.T.);
#2838 = PLANE('',#2839);
#2839 = AXIS2_PLACEMENT_3D('',#2840,#2841,#2842);
#2840 = CARTESIAN_POINT('',(-8.8,0.1,1.E-01));
#2841 = DIRECTION('',(-1.355252715607E-16,0.,1.));
#2842 = DIRECTION('',(1.,0.,1.355252715607E-16));
#2843 = ADVANCED_FACE('',(#2844),#2869,.T.);
#2844 = FACE_BOUND('',#2845,.T.);
#2845 = EDGE_LOOP('',(#2846,#2854,#2862,#2868));
#2846 = ORIENTED_EDGE('',*,*,#2847,.F.);
#2847 = EDGE_CURVE('',#2848,#2817,#2850,.T.);
#2848 = VERTEX_POINT('',#2849);
#2849 = CARTESIAN_POINT('',(-7.9,0.,1.));
#2850 = LINE('',#2851,#2852);
#2851 = CARTESIAN_POINT('',(-7.9,0.,1.));
#2852 = VECTOR('',#2853,1.);
#2853 = DIRECTION('',(0.,0.,-1.));
#2854 = ORIENTED_EDGE('',*,*,#2855,.F.);
#2855 = EDGE_CURVE('',#2856,#2848,#2858,.T.);
#2856 = VERTEX_POINT('',#2857);
#2857 = CARTESIAN_POINT('',(-7.9,0.1,1.));
#2858 = LINE('',#2859,#2860);
#2859 = CARTESIAN_POINT('',(-7.9,0.1,1.));
#2860 = VECTOR('',#2861,1.);
#2861 = DIRECTION('',(0.,-1.,0.));
#2862 = ORIENTED_EDGE('',*,*,#2863,.T.);
#2863 = EDGE_CURVE('',#2856,#2825,#2864,.T.);
#2864 = LINE('',#2865,#2866);
#2865 = CARTESIAN_POINT('',(-7.9,0.1,1.));
#2866 = VECTOR('',#2867,1.);
#2867 = DIRECTION('',(0.,0.,-1.));
#2868 = ORIENTED_EDGE('',*,*,#2824,.T.);
#2869 = PLANE('',#2870);
#2870 = AXIS2_PLACEMENT_3D('',#2871,#2872,#2873);
#2871 = CARTESIAN_POINT('',(-7.9,0.1,1.));
#2872 = DIRECTION('',(-1.,0.,-0.));
#2873 = DIRECTION('',(0.,0.,1.));
#2874 = ADVANCED_FACE('',(#2875),#2900,.T.);
#2875 = FACE_BOUND('',#2876,.T.);
#2876 = EDGE_LOOP('',(#2877,#2885,#2893,#2899));
#2877 = ORIENTED_EDGE('',*,*,#2878,.F.);
#2878 = EDGE_CURVE('',#2879,#2848,#2881,.T.);
#2879 = VERTEX_POINT('',#2880);
#2880 = CARTESIAN_POINT('',(-7.7,0.,1.));
#2881 = LINE('',#2882,#2883);
#2882 = CARTESIAN_POINT('',(-7.9,0.,1.));
#2883 = VECTOR('',#2884,1.);
#2884 = DIRECTION('',(-1.,-0.,-0.));
#2885 = ORIENTED_EDGE('',*,*,#2886,.F.);
#2886 = EDGE_CURVE('',#2887,#2879,#2889,.T.);
#2887 = VERTEX_POINT('',#2888);
#2888 = CARTESIAN_POINT('',(-7.7,0.1,1.));
#2889 = LINE('',#2890,#2891);
#2890 = CARTESIAN_POINT('',(-7.7,0.1,1.));
#2891 = VECTOR('',#2892,1.);
#2892 = DIRECTION('',(0.,-1.,0.));
#2893 = ORIENTED_EDGE('',*,*,#2894,.T.);
#2894 = EDGE_CURVE('',#2887,#2856,#2895,.T.);
#2895 = LINE('',#2896,#2897);
#2896 = CARTESIAN_POINT('',(-7.9,0.1,1.));
#2897 = VECTOR('',#2898,1.);
#2898 = DIRECTION('',(-1.,-0.,-0.));
#2899 = ORIENTED_EDGE('',*,*,#2855,.T.);
#2900 = PLANE('',#2901);
#2901 = AXIS2_PLACEMENT_3D('',#2902,#2903,#2904);
#2902 = CARTESIAN_POINT('',(-7.9,0.1,1.));
#2903 = DIRECTION('',(-0.,0.,1.));
#2904 = DIRECTION('',(1.,0.,0.));
#2905 = ADVANCED_FACE('',(#2906),#2931,.T.);
#2906 = FACE_BOUND('',#2907,.T.);
#2907 = EDGE_LOOP('',(#2908,#2916,#2924,#2930));
#2908 = ORIENTED_EDGE('',*,*,#2909,.F.);
#2909 = EDGE_CURVE('',#2910,#2879,#2912,.T.);
#2910 = VERTEX_POINT('',#2911);
#2911 = CARTESIAN_POINT('',(-7.7,0.,1.E-01));
#2912 = LINE('',#2913,#2914);
#2913 = CARTESIAN_POINT('',(-7.7,0.,1.));
#2914 = VECTOR('',#2915,1.);
#2915 = DIRECTION('',(-0.,-0.,1.));
#2916 = ORIENTED_EDGE('',*,*,#2917,.F.);
#2917 = EDGE_CURVE('',#2918,#2910,#2920,.T.);
#2918 = VERTEX_POINT('',#2919);
#2919 = CARTESIAN_POINT('',(-7.7,0.1,1.E-01));
#2920 = LINE('',#2921,#2922);
#2921 = CARTESIAN_POINT('',(-7.7,0.1,1.E-01));
#2922 = VECTOR('',#2923,1.);
#2923 = DIRECTION('',(0.,-1.,0.));
#2924 = ORIENTED_EDGE('',*,*,#2925,.T.);
#2925 = EDGE_CURVE('',#2918,#2887,#2926,.T.);
#2926 = LINE('',#2927,#2928);
#2927 = CARTESIAN_POINT('',(-7.7,0.1,1.));
#2928 = VECTOR('',#2929,1.);
#2929 = DIRECTION('',(-0.,-0.,1.));
#2930 = ORIENTED_EDGE('',*,*,#2886,.T.);
#2931 = PLANE('',#2932);
#2932 = AXIS2_PLACEMENT_3D('',#2933,#2934,#2935);
#2933 = CARTESIAN_POINT('',(-7.7,0.1,1.));
#2934 = DIRECTION('',(1.,0.,0.));
#2935 = DIRECTION('',(0.,0.,-1.));
#2936 = ADVANCED_FACE('',(#2937),#2962,.T.);
#2937 = FACE_BOUND('',#2938,.T.);
#2938 = EDGE_LOOP('',(#2939,#2947,#2955,#2961));
#2939 = ORIENTED_EDGE('',*,*,#2940,.F.);
#2940 = EDGE_CURVE('',#2941,#2910,#2943,.T.);
#2941 = VERTEX_POINT('',#2942);
#2942 = CARTESIAN_POINT('',(-6.8,0.,1.E-01));
#2943 = LINE('',#2944,#2945);
#2944 = CARTESIAN_POINT('',(-7.7,0.,1.E-01));
#2945 = VECTOR('',#2946,1.);
#2946 = DIRECTION('',(-1.,-0.,1.505836350674E-17));
#2947 = ORIENTED_EDGE('',*,*,#2948,.F.);
#2948 = EDGE_CURVE('',#2949,#2941,#2951,.T.);
#2949 = VERTEX_POINT('',#2950);
#2950 = CARTESIAN_POINT('',(-6.8,0.1,1.E-01));
#2951 = LINE('',#2952,#2953);
#2952 = CARTESIAN_POINT('',(-6.8,0.1,1.E-01));
#2953 = VECTOR('',#2954,1.);
#2954 = DIRECTION('',(0.,-1.,0.));
#2955 = ORIENTED_EDGE('',*,*,#2956,.T.);
#2956 = EDGE_CURVE('',#2949,#2918,#2957,.T.);
#2957 = LINE('',#2958,#2959);
#2958 = CARTESIAN_POINT('',(-7.7,0.1,1.E-01));
#2959 = VECTOR('',#2960,1.);
#2960 = DIRECTION('',(-1.,-0.,1.505836350674E-17));
#2961 = ORIENTED_EDGE('',*,*,#2917,.T.);
#2962 = PLANE('',#2963);
#2963 = AXIS2_PLACEMENT_3D('',#2964,#2965,#2966);
#2964 = CARTESIAN_POINT('',(-7.7,0.1,1.E-01));
#2965 = DIRECTION('',(1.505836350674E-17,0.,1.));
#2966 = DIRECTION('',(1.,0.,-1.505836350674E-17));
#2967 = ADVANCED_FACE('',(#2968),#2993,.T.);
#2968 = FACE_BOUND('',#2969,.T.);
#2969 = EDGE_LOOP('',(#2970,#2978,#2986,#2992));
#2970 = ORIENTED_EDGE('',*,*,#2971,.F.);
#2971 = EDGE_CURVE('',#2972,#2941,#2974,.T.);
#2972 = VERTEX_POINT('',#2973);
#2973 = CARTESIAN_POINT('',(-6.8,0.,-0.1));
#2974 = LINE('',#2975,#2976);
#2975 = CARTESIAN_POINT('',(-6.8,0.,1.E-01));
#2976 = VECTOR('',#2977,1.);
#2977 = DIRECTION('',(-0.,-0.,1.));
#2978 = ORIENTED_EDGE('',*,*,#2979,.F.);
#2979 = EDGE_CURVE('',#2980,#2972,#2982,.T.);
#2980 = VERTEX_POINT('',#2981);
#2981 = CARTESIAN_POINT('',(-6.8,0.1,-0.1));
#2982 = LINE('',#2983,#2984);
#2983 = CARTESIAN_POINT('',(-6.8,0.1,-0.1));
#2984 = VECTOR('',#2985,1.);
#2985 = DIRECTION('',(0.,-1.,0.));
#2986 = ORIENTED_EDGE('',*,*,#2987,.T.);
#2987 = EDGE_CURVE('',#2980,#2949,#2988,.T.);
#2988 = LINE('',#2989,#2990);
#2989 = CARTESIAN_POINT('',(-6.8,0.1,1.E-01));
#2990 = VECTOR('',#2991,1.);
#2991 = DIRECTION('',(-0.,-0.,1.));
#2992 = ORIENTED_EDGE('',*,*,#2948,.T.);
#2993 = PLANE('',#2994);
#2994 = AXIS2_PLACEMENT_3D('',#2995,#2996,#2997);
#2995 = CARTESIAN_POINT('',(-6.8,0.1,1.E-01));
#2996 = DIRECTION('',(1.,0.,0.));
#2997 = DIRECTION('',(0.,0.,-1.));
#2998 = ADVANCED_FACE('',(#2999),#3015,.T.);
#2999 = FACE_BOUND('',#3000,.T.);
#3000 = EDGE_LOOP('',(#3001,#3007,#3008,#3014));
#3001 = ORIENTED_EDGE('',*,*,#3002,.F.);
#3002 = EDGE_CURVE('',#2655,#2972,#3003,.T.);
#3003 = LINE('',#3004,#3005);
#3004 = CARTESIAN_POINT('',(-7.7,0.,-0.1));
#3005 = VECTOR('',#3006,1.);
#3006 = DIRECTION('',(1.,0.,0.));
#3007 = ORIENTED_EDGE('',*,*,#2678,.F.);
#3008 = ORIENTED_EDGE('',*,*,#3009,.T.);
#3009 = EDGE_CURVE('',#2671,#2980,#3010,.T.);
#3010 = LINE('',#3011,#3012);
#3011 = CARTESIAN_POINT('',(-7.7,0.1,-0.1));
#3012 = VECTOR('',#3013,1.);
#3013 = DIRECTION('',(1.,0.,0.));
#3014 = ORIENTED_EDGE('',*,*,#2979,.T.);
#3015 = PLANE('',#3016);
#3016 = AXIS2_PLACEMENT_3D('',#3017,#3018,#3019);
#3017 = CARTESIAN_POINT('',(-7.7,0.1,-0.1));
#3018 = DIRECTION('',(0.,0.,-1.));
#3019 = DIRECTION('',(-1.,0.,-0.));
#3020 = ADVANCED_FACE('',(#3021),#3035,.F.);
#3021 = FACE_BOUND('',#3022,.T.);
#3022 = EDGE_LOOP('',(#3023,#3024,#3025,#3026,#3027,#3028,#3029,#3030,
    #3031,#3032,#3033,#3034));
#3023 = ORIENTED_EDGE('',*,*,#2670,.F.);
#3024 = ORIENTED_EDGE('',*,*,#2708,.F.);
#3025 = ORIENTED_EDGE('',*,*,#2739,.F.);
#3026 = ORIENTED_EDGE('',*,*,#2770,.F.);
#3027 = ORIENTED_EDGE('',*,*,#2801,.F.);
#3028 = ORIENTED_EDGE('',*,*,#2832,.F.);
#3029 = ORIENTED_EDGE('',*,*,#2863,.F.);
#3030 = ORIENTED_EDGE('',*,*,#2894,.F.);
#3031 = ORIENTED_EDGE('',*,*,#2925,.F.);
#3032 = ORIENTED_EDGE('',*,*,#2956,.F.);
#3033 = ORIENTED_EDGE('',*,*,#2987,.F.);
#3034 = ORIENTED_EDGE('',*,*,#3009,.F.);
#3035 = PLANE('',#3036);
#3036 = AXIS2_PLACEMENT_3D('',#3037,#3038,#3039);
#3037 = CARTESIAN_POINT('',(0.,0.1,0.));
#3038 = DIRECTION('',(0.,-1.,0.));
#3039 = DIRECTION('',(0.,0.,-1.));
#3040 = ADVANCED_FACE('',(#3041),#3055,.T.);
#3041 = FACE_BOUND('',#3042,.T.);
#3042 = EDGE_LOOP('',(#3043,#3044,#3045,#3046,#3047,#3048,#3049,#3050,
    #3051,#3052,#3053,#3054));
#3043 = ORIENTED_EDGE('',*,*,#2652,.T.);
#3044 = ORIENTED_EDGE('',*,*,#3002,.T.);
#3045 = ORIENTED_EDGE('',*,*,#2971,.T.);
#3046 = ORIENTED_EDGE('',*,*,#2940,.T.);
#3047 = ORIENTED_EDGE('',*,*,#2909,.T.);
#3048 = ORIENTED_EDGE('',*,*,#2878,.T.);
#3049 = ORIENTED_EDGE('',*,*,#2847,.T.);
#3050 = ORIENTED_EDGE('',*,*,#2816,.T.);
#3051 = ORIENTED_EDGE('',*,*,#2785,.T.);
#3052 = ORIENTED_EDGE('',*,*,#2754,.T.);
#3053 = ORIENTED_EDGE('',*,*,#2723,.T.);
#3054 = ORIENTED_EDGE('',*,*,#2692,.T.);
#3055 = PLANE('',#3056);
#3056 = AXIS2_PLACEMENT_3D('',#3057,#3058,#3059);
#3057 = CARTESIAN_POINT('',(0.,0.,0.));
#3058 = DIRECTION('',(0.,-1.,0.));
#3059 = DIRECTION('',(0.,0.,-1.));
#3060 = ( GEOMETRIC_REPRESENTATION_CONTEXT(3) 
GLOBAL_UNCERTAINTY_ASSIGNED_CONTEXT((#3064)) 
GLOBAL_UNIT_ASSIGNED_CONTEXT((#3061,#3062,#3063)) REPRESENTATION_CONTEXT
('Context #1','3D Context with UNIT and UNCERTAINTY') );
#3061 = ( LENGTH_UNIT() NAMED_UNIT(*) SI_UNIT(.MILLI.,.METRE.) );
#3062 = ( NAMED_UNIT(*) PLANE_ANGLE_UNIT() SI_UNIT($,.RADIAN.) );
#3063 = ( NAMED_UNIT(*) SI_UNIT($,.STERADIAN.) SOLID_ANGLE_UNIT() );
#3064 = UNCERTAINTY_MEASURE_WITH_UNIT(LENGTH_MEASURE(1.E-07),#3061,
  'distance_accuracy_value','confusion accuracy');
#3065 = SHAPE_DEFINITION_REPRESENTATION(#3066,#603);
#3066 = PRODUCT_DEFINITION_SHAPE('','',#3067);
#3067 = PRODUCT_DEFINITION('design','',#3068,#3071);
#3068 = PRODUCT_DEFINITION_FORMATION('','',#3069);
#3069 = PRODUCT('KXOB25-14X1F-TR--3DModel-STEP-269445',
  'KXOB25-14X1F-TR--3DModel-STEP-269445','',(#3070));
#3070 = PRODUCT_CONTEXT('',#2,'mechanical');
#3071 = PRODUCT_DEFINITION_CONTEXT('part definition',#2,'design');
#3072 = CONTEXT_DEPENDENT_SHAPE_REPRESENTATION(#3073,#3075);
#3073 = ( REPRESENTATION_RELATIONSHIP('','',#603,#593) 
REPRESENTATION_RELATIONSHIP_WITH_TRANSFORMATION(#3074) 
SHAPE_REPRESENTATION_RELATIONSHIP() );
#3074 = ITEM_DEFINED_TRANSFORMATION('','',#11,#594);
#3075 = PRODUCT_DEFINITION_SHAPE('Placement','Placement of an item',
  #3076);
#3076 = NEXT_ASSEMBLY_USAGE_OCCURRENCE('3','','',#588,#3067,$);
#3077 = PRODUCT_RELATED_PRODUCT_CATEGORY('part',$,(#3069));
#3078 = CONTEXT_DEPENDENT_SHAPE_REPRESENTATION(#3079,#3081);
#3079 = ( REPRESENTATION_RELATIONSHIP('','',#593,#10) 
REPRESENTATION_RELATIONSHIP_WITH_TRANSFORMATION(#3080) 
SHAPE_REPRESENTATION_RELATIONSHIP() );
#3080 = ITEM_DEFINED_TRANSFORMATION('','',#11,#19);
#3081 = PRODUCT_DEFINITION_SHAPE('Placement','Placement of an item',
  #3082);
#3082 = NEXT_ASSEMBLY_USAGE_OCCURRENCE('4','','',#5,#588,$);
#3083 = PRODUCT_RELATED_PRODUCT_CATEGORY('part',$,(#590));
#3084 = SHAPE_DEFINITION_REPRESENTATION(#3085,#3091);
#3085 = PRODUCT_DEFINITION_SHAPE('','',#3086);
#3086 = PRODUCT_DEFINITION('design','',#3087,#3090);
#3087 = PRODUCT_DEFINITION_FORMATION('','',#3088);
#3088 = PRODUCT('S9','S9','',(#3089));
#3089 = PRODUCT_CONTEXT('',#2,'mechanical');
#3090 = PRODUCT_DEFINITION_CONTEXT('part definition',#2,'design');
#3091 = SHAPE_REPRESENTATION('',(#11,#3092),#3096);
#3092 = AXIS2_PLACEMENT_3D('',#3093,#3094,#3095);
#3093 = CARTESIAN_POINT('',(48.446201029141,27.428750610352,0.));
#3094 = DIRECTION('',(1.,4.371138828674E-08,-4.371140912996E-08));
#3095 = DIRECTION('',(-4.371138828674E-08,1.,1.840849544066E-31));
#3096 = ( GEOMETRIC_REPRESENTATION_CONTEXT(3) 
GLOBAL_UNCERTAINTY_ASSIGNED_CONTEXT((#3100)) 
GLOBAL_UNIT_ASSIGNED_CONTEXT((#3097,#3098,#3099)) REPRESENTATION_CONTEXT
('Context #1','3D Context with UNIT and UNCERTAINTY') );
#3097 = ( LENGTH_UNIT() NAMED_UNIT(*) SI_UNIT(.MILLI.,.METRE.) );
#3098 = ( NAMED_UNIT(*) PLANE_ANGLE_UNIT() SI_UNIT($,.RADIAN.) );
#3099 = ( NAMED_UNIT(*) SI_UNIT($,.STERADIAN.) SOLID_ANGLE_UNIT() );
#3100 = UNCERTAINTY_MEASURE_WITH_UNIT(LENGTH_MEASURE(1.E-07),#3097,
  'distance_accuracy_value','confusion accuracy');
#3101 = CONTEXT_DEPENDENT_SHAPE_REPRESENTATION(#3102,#3104);
#3102 = ( REPRESENTATION_RELATIONSHIP('','',#603,#3091) 
REPRESENTATION_RELATIONSHIP_WITH_TRANSFORMATION(#3103) 
SHAPE_REPRESENTATION_RELATIONSHIP() );
#3103 = ITEM_DEFINED_TRANSFORMATION('','',#11,#3092);
#3104 = PRODUCT_DEFINITION_SHAPE('Placement','Placement of an item',
  #3105);
#3105 = NEXT_ASSEMBLY_USAGE_OCCURRENCE('5','','',#3086,#3067,$);
#3106 = CONTEXT_DEPENDENT_SHAPE_REPRESENTATION(#3107,#3109);
#3107 = ( REPRESENTATION_RELATIONSHIP('','',#3091,#10) 
REPRESENTATION_RELATIONSHIP_WITH_TRANSFORMATION(#3108) 
SHAPE_REPRESENTATION_RELATIONSHIP() );
#3108 = ITEM_DEFINED_TRANSFORMATION('','',#11,#23);
#3109 = PRODUCT_DEFINITION_SHAPE('Placement','Placement of an item',
  #3110);
#3110 = NEXT_ASSEMBLY_USAGE_OCCURRENCE('6','','',#5,#3086,$);
#3111 = PRODUCT_RELATED_PRODUCT_CATEGORY('part',$,(#3088));
#3112 = SHAPE_DEFINITION_REPRESENTATION(#3113,#3119);
#3113 = PRODUCT_DEFINITION_SHAPE('','',#3114);
#3114 = PRODUCT_DEFINITION('design','',#3115,#3118);
#3115 = PRODUCT_DEFINITION_FORMATION('','',#3116);
#3116 = PRODUCT('S8','S8','',(#3117));
#3117 = PRODUCT_CONTEXT('',#2,'mechanical');
#3118 = PRODUCT_DEFINITION_CONTEXT('part definition',#2,'design');
#3119 = SHAPE_REPRESENTATION('',(#11,#3120),#3124);
#3120 = AXIS2_PLACEMENT_3D('',#3121,#3122,#3123);
#3121 = CARTESIAN_POINT('',(38.566226663906,42.682740783691,0.));
#3122 = DIRECTION('',(1.,4.371138828674E-08,-4.371140912996E-08));
#3123 = DIRECTION('',(-4.371138828674E-08,1.,1.840849544066E-31));
#3124 = ( GEOMETRIC_REPRESENTATION_CONTEXT(3) 
GLOBAL_UNCERTAINTY_ASSIGNED_CONTEXT((#3128)) 
GLOBAL_UNIT_ASSIGNED_CONTEXT((#3125,#3126,#3127)) REPRESENTATION_CONTEXT
('Context #1','3D Context with UNIT and UNCERTAINTY') );
#3125 = ( LENGTH_UNIT() NAMED_UNIT(*) SI_UNIT(.MILLI.,.METRE.) );
#3126 = ( NAMED_UNIT(*) PLANE_ANGLE_UNIT() SI_UNIT($,.RADIAN.) );
#3127 = ( NAMED_UNIT(*) SI_UNIT($,.STERADIAN.) SOLID_ANGLE_UNIT() );
#3128 = UNCERTAINTY_MEASURE_WITH_UNIT(LENGTH_MEASURE(1.E-07),#3125,
  'distance_accuracy_value','confusion accuracy');
#3129 = CONTEXT_DEPENDENT_SHAPE_REPRESENTATION(#3130,#3132);
#3130 = ( REPRESENTATION_RELATIONSHIP('','',#603,#3119) 
REPRESENTATION_RELATIONSHIP_WITH_TRANSFORMATION(#3131) 
SHAPE_REPRESENTATION_RELATIONSHIP() );
#3131 = ITEM_DEFINED_TRANSFORMATION('','',#11,#3120);
#3132 = PRODUCT_DEFINITION_SHAPE('Placement','Placement of an item',
  #3133);
#3133 = NEXT_ASSEMBLY_USAGE_OCCURRENCE('7','','',#3114,#3067,$);
#3134 = CONTEXT_DEPENDENT_SHAPE_REPRESENTATION(#3135,#3137);
#3135 = ( REPRESENTATION_RELATIONSHIP('','',#3119,#10) 
REPRESENTATION_RELATIONSHIP_WITH_TRANSFORMATION(#3136) 
SHAPE_REPRESENTATION_RELATIONSHIP() );
#3136 = ITEM_DEFINED_TRANSFORMATION('','',#11,#27);
#3137 = PRODUCT_DEFINITION_SHAPE('Placement','Placement of an item',
  #3138);
#3138 = NEXT_ASSEMBLY_USAGE_OCCURRENCE('8','','',#5,#3114,$);
#3139 = PRODUCT_RELATED_PRODUCT_CATEGORY('part',$,(#3116));
#3140 = SHAPE_DEFINITION_REPRESENTATION(#3141,#3147);
#3141 = PRODUCT_DEFINITION_SHAPE('','',#3142);
#3142 = PRODUCT_DEFINITION('design','',#3143,#3146);
#3143 = PRODUCT_DEFINITION_FORMATION('','',#3144);
#3144 = PRODUCT('S7','S7','',(#3145));
#3145 = PRODUCT_CONTEXT('',#2,'mechanical');
#3146 = PRODUCT_DEFINITION_CONTEXT('part definition',#2,'design');
#3147 = SHAPE_REPRESENTATION('',(#11,#3148),#3152);
#3148 = AXIS2_PLACEMENT_3D('',#3149,#3150,#3151);
#3149 = CARTESIAN_POINT('',(38.566226663906,17.268746948242,0.));
#3150 = DIRECTION('',(1.,4.371138828674E-08,-4.371140912996E-08));
#3151 = DIRECTION('',(-4.371138828674E-08,1.,1.840849544066E-31));
#3152 = ( GEOMETRIC_REPRESENTATION_CONTEXT(3) 
GLOBAL_UNCERTAINTY_ASSIGNED_CONTEXT((#3156)) 
GLOBAL_UNIT_ASSIGNED_CONTEXT((#3153,#3154,#3155)) REPRESENTATION_CONTEXT
('Context #1','3D Context with UNIT and UNCERTAINTY') );
#3153 = ( LENGTH_UNIT() NAMED_UNIT(*) SI_UNIT(.MILLI.,.METRE.) );
#3154 = ( NAMED_UNIT(*) PLANE_ANGLE_UNIT() SI_UNIT($,.RADIAN.) );
#3155 = ( NAMED_UNIT(*) SI_UNIT($,.STERADIAN.) SOLID_ANGLE_UNIT() );
#3156 = UNCERTAINTY_MEASURE_WITH_UNIT(LENGTH_MEASURE(1.E-07),#3153,
  'distance_accuracy_value','confusion accuracy');
#3157 = CONTEXT_DEPENDENT_SHAPE_REPRESENTATION(#3158,#3160);
#3158 = ( REPRESENTATION_RELATIONSHIP('','',#603,#3147) 
REPRESENTATION_RELATIONSHIP_WITH_TRANSFORMATION(#3159) 
SHAPE_REPRESENTATION_RELATIONSHIP() );
#3159 = ITEM_DEFINED_TRANSFORMATION('','',#11,#3148);
#3160 = PRODUCT_DEFINITION_SHAPE('Placement','Placement of an item',
  #3161);
#3161 = NEXT_ASSEMBLY_USAGE_OCCURRENCE('9','','',#3142,#3067,$);
#3162 = CONTEXT_DEPENDENT_SHAPE_REPRESENTATION(#3163,#3165);
#3163 = ( REPRESENTATION_RELATIONSHIP('','',#3147,#10) 
REPRESENTATION_RELATIONSHIP_WITH_TRANSFORMATION(#3164) 
SHAPE_REPRESENTATION_RELATIONSHIP() );
#3164 = ITEM_DEFINED_TRANSFORMATION('','',#11,#31);
#3165 = PRODUCT_DEFINITION_SHAPE('Placement','Placement of an item',
  #3166);
#3166 = NEXT_ASSEMBLY_USAGE_OCCURRENCE('10','','',#5,#3142,$);
#3167 = PRODUCT_RELATED_PRODUCT_CATEGORY('part',$,(#3144));
#3168 = SHAPE_DEFINITION_REPRESENTATION(#3169,#3175);
#3169 = PRODUCT_DEFINITION_SHAPE('','',#3170);
#3170 = PRODUCT_DEFINITION('design','',#3171,#3174);
#3171 = PRODUCT_DEFINITION_FORMATION('','',#3172);
#3172 = PRODUCT('S6','S6','',(#3173));
#3173 = PRODUCT_CONTEXT('',#2,'mechanical');
#3174 = PRODUCT_DEFINITION_CONTEXT('part definition',#2,'design');
#3175 = SHAPE_REPRESENTATION('',(#11,#3176),#3180);
#3176 = AXIS2_PLACEMENT_3D('',#3177,#3178,#3179);
#3177 = CARTESIAN_POINT('',(28.686267557461,52.803346252441,0.));
#3178 = DIRECTION('',(1.,4.371138828674E-08,-4.371140912996E-08));
#3179 = DIRECTION('',(-4.371138828674E-08,1.,1.840849544066E-31));
#3180 = ( GEOMETRIC_REPRESENTATION_CONTEXT(3) 
GLOBAL_UNCERTAINTY_ASSIGNED_CONTEXT((#3184)) 
GLOBAL_UNIT_ASSIGNED_CONTEXT((#3181,#3182,#3183)) REPRESENTATION_CONTEXT
('Context #1','3D Context with UNIT and UNCERTAINTY') );
#3181 = ( LENGTH_UNIT() NAMED_UNIT(*) SI_UNIT(.MILLI.,.METRE.) );
#3182 = ( NAMED_UNIT(*) PLANE_ANGLE_UNIT() SI_UNIT($,.RADIAN.) );
#3183 = ( NAMED_UNIT(*) SI_UNIT($,.STERADIAN.) SOLID_ANGLE_UNIT() );
#3184 = UNCERTAINTY_MEASURE_WITH_UNIT(LENGTH_MEASURE(1.E-07),#3181,
  'distance_accuracy_value','confusion accuracy');
#3185 = CONTEXT_DEPENDENT_SHAPE_REPRESENTATION(#3186,#3188);
#3186 = ( REPRESENTATION_RELATIONSHIP('','',#603,#3175) 
REPRESENTATION_RELATIONSHIP_WITH_TRANSFORMATION(#3187) 
SHAPE_REPRESENTATION_RELATIONSHIP() );
#3187 = ITEM_DEFINED_TRANSFORMATION('','',#11,#3176);
#3188 = PRODUCT_DEFINITION_SHAPE('Placement','Placement of an item',
  #3189);
#3189 = NEXT_ASSEMBLY_USAGE_OCCURRENCE('11','','',#3170,#3067,$);
#3190 = CONTEXT_DEPENDENT_SHAPE_REPRESENTATION(#3191,#3193);
#3191 = ( REPRESENTATION_RELATIONSHIP('','',#3175,#10) 
REPRESENTATION_RELATIONSHIP_WITH_TRANSFORMATION(#3192) 
SHAPE_REPRESENTATION_RELATIONSHIP() );
#3192 = ITEM_DEFINED_TRANSFORMATION('','',#11,#35);
#3193 = PRODUCT_DEFINITION_SHAPE('Placement','Placement of an item',
  #3194);
#3194 = NEXT_ASSEMBLY_USAGE_OCCURRENCE('12','','',#5,#3170,$);
#3195 = PRODUCT_RELATED_PRODUCT_CATEGORY('part',$,(#3172));
#3196 = SHAPE_DEFINITION_REPRESENTATION(#3197,#3203);
#3197 = PRODUCT_DEFINITION_SHAPE('','',#3198);
#3198 = PRODUCT_DEFINITION('design','',#3199,#3202);
#3199 = PRODUCT_DEFINITION_FORMATION('','',#3200);
#3200 = PRODUCT('S5','S5','',(#3201));
#3201 = PRODUCT_CONTEXT('',#2,'mechanical');
#3202 = PRODUCT_DEFINITION_CONTEXT('part definition',#2,'design');
#3203 = SHAPE_REPRESENTATION('',(#11,#3204),#3208);
#3204 = AXIS2_PLACEMENT_3D('',#3205,#3206,#3207);
#3205 = CARTESIAN_POINT('',(28.686267557461,27.428750610352,0.));
#3206 = DIRECTION('',(1.,4.371138828674E-08,-4.371140912996E-08));
#3207 = DIRECTION('',(-4.371138828674E-08,1.,1.840849544066E-31));
#3208 = ( GEOMETRIC_REPRESENTATION_CONTEXT(3) 
GLOBAL_UNCERTAINTY_ASSIGNED_CONTEXT((#3212)) 
GLOBAL_UNIT_ASSIGNED_CONTEXT((#3209,#3210,#3211)) REPRESENTATION_CONTEXT
('Context #1','3D Context with UNIT and UNCERTAINTY') );
#3209 = ( LENGTH_UNIT() NAMED_UNIT(*) SI_UNIT(.MILLI.,.METRE.) );
#3210 = ( NAMED_UNIT(*) PLANE_ANGLE_UNIT() SI_UNIT($,.RADIAN.) );
#3211 = ( NAMED_UNIT(*) SI_UNIT($,.STERADIAN.) SOLID_ANGLE_UNIT() );
#3212 = UNCERTAINTY_MEASURE_WITH_UNIT(LENGTH_MEASURE(1.E-07),#3209,
  'distance_accuracy_value','confusion accuracy');
#3213 = CONTEXT_DEPENDENT_SHAPE_REPRESENTATION(#3214,#3216);
#3214 = ( REPRESENTATION_RELATIONSHIP('','',#603,#3203) 
REPRESENTATION_RELATIONSHIP_WITH_TRANSFORMATION(#3215) 
SHAPE_REPRESENTATION_RELATIONSHIP() );
#3215 = ITEM_DEFINED_TRANSFORMATION('','',#11,#3204);
#3216 = PRODUCT_DEFINITION_SHAPE('Placement','Placement of an item',
  #3217);
#3217 = NEXT_ASSEMBLY_USAGE_OCCURRENCE('13','','',#3198,#3067,$);
#3218 = CONTEXT_DEPENDENT_SHAPE_REPRESENTATION(#3219,#3221);
#3219 = ( REPRESENTATION_RELATIONSHIP('','',#3203,#10) 
REPRESENTATION_RELATIONSHIP_WITH_TRANSFORMATION(#3220) 
SHAPE_REPRESENTATION_RELATIONSHIP() );
#3220 = ITEM_DEFINED_TRANSFORMATION('','',#11,#39);
#3221 = PRODUCT_DEFINITION_SHAPE('Placement','Placement of an item',
  #3222);
#3222 = NEXT_ASSEMBLY_USAGE_OCCURRENCE('14','','',#5,#3198,$);
#3223 = PRODUCT_RELATED_PRODUCT_CATEGORY('part',$,(#3200));
#3224 = SHAPE_DEFINITION_REPRESENTATION(#3225,#3231);
#3225 = PRODUCT_DEFINITION_SHAPE('','',#3226);
#3226 = PRODUCT_DEFINITION('design','',#3227,#3230);
#3227 = PRODUCT_DEFINITION_FORMATION('','',#3228);
#3228 = PRODUCT('S4','S4','',(#3229));
#3229 = PRODUCT_CONTEXT('',#2,'mechanical');
#3230 = PRODUCT_DEFINITION_CONTEXT('part definition',#2,'design');
#3231 = SHAPE_REPRESENTATION('',(#11,#3232),#3236);
#3232 = AXIS2_PLACEMENT_3D('',#3233,#3234,#3235);
#3233 = CARTESIAN_POINT('',(18.806300821621,42.682740783691,0.));
#3234 = DIRECTION('',(1.,4.371138828674E-08,-4.371140912996E-08));
#3235 = DIRECTION('',(-4.371138828674E-08,1.,1.840849544066E-31));
#3236 = ( GEOMETRIC_REPRESENTATION_CONTEXT(3) 
GLOBAL_UNCERTAINTY_ASSIGNED_CONTEXT((#3240)) 
GLOBAL_UNIT_ASSIGNED_CONTEXT((#3237,#3238,#3239)) REPRESENTATION_CONTEXT
('Context #1','3D Context with UNIT and UNCERTAINTY') );
#3237 = ( LENGTH_UNIT() NAMED_UNIT(*) SI_UNIT(.MILLI.,.METRE.) );
#3238 = ( NAMED_UNIT(*) PLANE_ANGLE_UNIT() SI_UNIT($,.RADIAN.) );
#3239 = ( NAMED_UNIT(*) SI_UNIT($,.STERADIAN.) SOLID_ANGLE_UNIT() );
#3240 = UNCERTAINTY_MEASURE_WITH_UNIT(LENGTH_MEASURE(1.E-07),#3237,
  'distance_accuracy_value','confusion accuracy');
#3241 = CONTEXT_DEPENDENT_SHAPE_REPRESENTATION(#3242,#3244);
#3242 = ( REPRESENTATION_RELATIONSHIP('','',#603,#3231) 
REPRESENTATION_RELATIONSHIP_WITH_TRANSFORMATION(#3243) 
SHAPE_REPRESENTATION_RELATIONSHIP() );
#3243 = ITEM_DEFINED_TRANSFORMATION('','',#11,#3232);
#3244 = PRODUCT_DEFINITION_SHAPE('Placement','Placement of an item',
  #3245);
#3245 = NEXT_ASSEMBLY_USAGE_OCCURRENCE('15','','',#3226,#3067,$);
#3246 = CONTEXT_DEPENDENT_SHAPE_REPRESENTATION(#3247,#3249);
#3247 = ( REPRESENTATION_RELATIONSHIP('','',#3231,#10) 
REPRESENTATION_RELATIONSHIP_WITH_TRANSFORMATION(#3248) 
SHAPE_REPRESENTATION_RELATIONSHIP() );
#3248 = ITEM_DEFINED_TRANSFORMATION('','',#11,#43);
#3249 = PRODUCT_DEFINITION_SHAPE('Placement','Placement of an item',
  #3250);
#3250 = NEXT_ASSEMBLY_USAGE_OCCURRENCE('16','','',#5,#3226,$);
#3251 = PRODUCT_RELATED_PRODUCT_CATEGORY('part',$,(#3228));
#3252 = SHAPE_DEFINITION_REPRESENTATION(#3253,#3259);
#3253 = PRODUCT_DEFINITION_SHAPE('','',#3254);
#3254 = PRODUCT_DEFINITION('design','',#3255,#3258);
#3255 = PRODUCT_DEFINITION_FORMATION('','',#3256);
#3256 = PRODUCT('S3','S3','',(#3257));
#3257 = PRODUCT_CONTEXT('',#2,'mechanical');
#3258 = PRODUCT_DEFINITION_CONTEXT('part definition',#2,'design');
#3259 = SHAPE_REPRESENTATION('',(#11,#3260),#3264);
#3260 = AXIS2_PLACEMENT_3D('',#3261,#3262,#3263);
#3261 = CARTESIAN_POINT('',(18.806300821621,17.268746948242,0.));
#3262 = DIRECTION('',(1.,4.371138828674E-08,-4.371140912996E-08));
#3263 = DIRECTION('',(-4.371138828674E-08,1.,1.840849544066E-31));
#3264 = ( GEOMETRIC_REPRESENTATION_CONTEXT(3) 
GLOBAL_UNCERTAINTY_ASSIGNED_CONTEXT((#3268)) 
GLOBAL_UNIT_ASSIGNED_CONTEXT((#3265,#3266,#3267)) REPRESENTATION_CONTEXT
('Context #1','3D Context with UNIT and UNCERTAINTY') );
#3265 = ( LENGTH_UNIT() NAMED_UNIT(*) SI_UNIT(.MILLI.,.METRE.) );
#3266 = ( NAMED_UNIT(*) PLANE_ANGLE_UNIT() SI_UNIT($,.RADIAN.) );
#3267 = ( NAMED_UNIT(*) SI_UNIT($,.STERADIAN.) SOLID_ANGLE_UNIT() );
#3268 = UNCERTAINTY_MEASURE_WITH_UNIT(LENGTH_MEASURE(1.E-07),#3265,
  'distance_accuracy_value','confusion accuracy');
#3269 = CONTEXT_DEPENDENT_SHAPE_REPRESENTATION(#3270,#3272);
#3270 = ( REPRESENTATION_RELATIONSHIP('','',#603,#3259) 
REPRESENTATION_RELATIONSHIP_WITH_TRANSFORMATION(#3271) 
SHAPE_REPRESENTATION_RELATIONSHIP() );
#3271 = ITEM_DEFINED_TRANSFORMATION('','',#11,#3260);
#3272 = PRODUCT_DEFINITION_SHAPE('Placement','Placement of an item',
  #3273);
#3273 = NEXT_ASSEMBLY_USAGE_OCCURRENCE('17','','',#3254,#3067,$);
#3274 = CONTEXT_DEPENDENT_SHAPE_REPRESENTATION(#3275,#3277);
#3275 = ( REPRESENTATION_RELATIONSHIP('','',#3259,#10) 
REPRESENTATION_RELATIONSHIP_WITH_TRANSFORMATION(#3276) 
SHAPE_REPRESENTATION_RELATIONSHIP() );
#3276 = ITEM_DEFINED_TRANSFORMATION('','',#11,#47);
#3277 = PRODUCT_DEFINITION_SHAPE('Placement','Placement of an item',
  #3278);
#3278 = NEXT_ASSEMBLY_USAGE_OCCURRENCE('18','','',#5,#3254,$);
#3279 = PRODUCT_RELATED_PRODUCT_CATEGORY('part',$,(#3256));
#3280 = SHAPE_DEFINITION_REPRESENTATION(#3281,#3287);
#3281 = PRODUCT_DEFINITION_SHAPE('','',#3282);
#3282 = PRODUCT_DEFINITION('design','',#3283,#3286);
#3283 = PRODUCT_DEFINITION_FORMATION('','',#3284);
#3284 = PRODUCT('S2','S2','',(#3285));
#3285 = PRODUCT_CONTEXT('',#2,'mechanical');
#3286 = PRODUCT_DEFINITION_CONTEXT('part definition',#2,'design');
#3287 = SHAPE_REPRESENTATION('',(#11,#3288),#3292);
#3288 = AXIS2_PLACEMENT_3D('',#3289,#3290,#3291);
#3289 = CARTESIAN_POINT('',(8.926334085781,52.803346252441,0.));
#3290 = DIRECTION('',(1.,4.371138828674E-08,-4.371140912996E-08));
#3291 = DIRECTION('',(-4.371138828674E-08,1.,1.840849544066E-31));
#3292 = ( GEOMETRIC_REPRESENTATION_CONTEXT(3) 
GLOBAL_UNCERTAINTY_ASSIGNED_CONTEXT((#3296)) 
GLOBAL_UNIT_ASSIGNED_CONTEXT((#3293,#3294,#3295)) REPRESENTATION_CONTEXT
('Context #1','3D Context with UNIT and UNCERTAINTY') );
#3293 = ( LENGTH_UNIT() NAMED_UNIT(*) SI_UNIT(.MILLI.,.METRE.) );
#3294 = ( NAMED_UNIT(*) PLANE_ANGLE_UNIT() SI_UNIT($,.RADIAN.) );
#3295 = ( NAMED_UNIT(*) SI_UNIT($,.STERADIAN.) SOLID_ANGLE_UNIT() );
#3296 = UNCERTAINTY_MEASURE_WITH_UNIT(LENGTH_MEASURE(1.E-07),#3293,
  'distance_accuracy_value','confusion accuracy');
#3297 = CONTEXT_DEPENDENT_SHAPE_REPRESENTATION(#3298,#3300);
#3298 = ( REPRESENTATION_RELATIONSHIP('','',#603,#3287) 
REPRESENTATION_RELATIONSHIP_WITH_TRANSFORMATION(#3299) 
SHAPE_REPRESENTATION_RELATIONSHIP() );
#3299 = ITEM_DEFINED_TRANSFORMATION('','',#11,#3288);
#3300 = PRODUCT_DEFINITION_SHAPE('Placement','Placement of an item',
  #3301);
#3301 = NEXT_ASSEMBLY_USAGE_OCCURRENCE('19','','',#3282,#3067,$);
#3302 = CONTEXT_DEPENDENT_SHAPE_REPRESENTATION(#3303,#3305);
#3303 = ( REPRESENTATION_RELATIONSHIP('','',#3287,#10) 
REPRESENTATION_RELATIONSHIP_WITH_TRANSFORMATION(#3304) 
SHAPE_REPRESENTATION_RELATIONSHIP() );
#3304 = ITEM_DEFINED_TRANSFORMATION('','',#11,#51);
#3305 = PRODUCT_DEFINITION_SHAPE('Placement','Placement of an item',
  #3306);
#3306 = NEXT_ASSEMBLY_USAGE_OCCURRENCE('20','','',#5,#3282,$);
#3307 = PRODUCT_RELATED_PRODUCT_CATEGORY('part',$,(#3284));
#3308 = SHAPE_DEFINITION_REPRESENTATION(#3309,#3315);
#3309 = PRODUCT_DEFINITION_SHAPE('','',#3310);
#3310 = PRODUCT_DEFINITION('design','',#3311,#3314);
#3311 = PRODUCT_DEFINITION_FORMATION('','',#3312);
#3312 = PRODUCT('S1','S1','',(#3313));
#3313 = PRODUCT_CONTEXT('',#2,'mechanical');
#3314 = PRODUCT_DEFINITION_CONTEXT('part definition',#2,'design');
#3315 = SHAPE_REPRESENTATION('',(#11,#3316),#3320);
#3316 = AXIS2_PLACEMENT_3D('',#3317,#3318,#3319);
#3317 = CARTESIAN_POINT('',(8.926334085781,27.428750610352,0.));
#3318 = DIRECTION('',(1.,4.371138828674E-08,-4.371140912996E-08));
#3319 = DIRECTION('',(-4.371138828674E-08,1.,1.840849544066E-31));
#3320 = ( GEOMETRIC_REPRESENTATION_CONTEXT(3) 
GLOBAL_UNCERTAINTY_ASSIGNED_CONTEXT((#3324)) 
GLOBAL_UNIT_ASSIGNED_CONTEXT((#3321,#3322,#3323)) REPRESENTATION_CONTEXT
('Context #1','3D Context with UNIT and UNCERTAINTY') );
#3321 = ( LENGTH_UNIT() NAMED_UNIT(*) SI_UNIT(.MILLI.,.METRE.) );
#3322 = ( NAMED_UNIT(*) PLANE_ANGLE_UNIT() SI_UNIT($,.RADIAN.) );
#3323 = ( NAMED_UNIT(*) SI_UNIT($,.STERADIAN.) SOLID_ANGLE_UNIT() );
#3324 = UNCERTAINTY_MEASURE_WITH_UNIT(LENGTH_MEASURE(1.E-07),#3321,
  'distance_accuracy_value','confusion accuracy');
#3325 = CONTEXT_DEPENDENT_SHAPE_REPRESENTATION(#3326,#3328);
#3326 = ( REPRESENTATION_RELATIONSHIP('','',#603,#3315) 
REPRESENTATION_RELATIONSHIP_WITH_TRANSFORMATION(#3327) 
SHAPE_REPRESENTATION_RELATIONSHIP() );
#3327 = ITEM_DEFINED_TRANSFORMATION('','',#11,#3316);
#3328 = PRODUCT_DEFINITION_SHAPE('Placement','Placement of an item',
  #3329);
#3329 = NEXT_ASSEMBLY_USAGE_OCCURRENCE('21','','',#3310,#3067,$);
#3330 = CONTEXT_DEPENDENT_SHAPE_REPRESENTATION(#3331,#3333);
#3331 = ( REPRESENTATION_RELATIONSHIP('','',#3315,#10) 
REPRESENTATION_RELATIONSHIP_WITH_TRANSFORMATION(#3332) 
SHAPE_REPRESENTATION_RELATIONSHIP() );
#3332 = ITEM_DEFINED_TRANSFORMATION('','',#11,#55);
#3333 = PRODUCT_DEFINITION_SHAPE('Placement','Placement of an item',
  #3334);
#3334 = NEXT_ASSEMBLY_USAGE_OCCURRENCE('22','','',#5,#3310,$);
#3335 = PRODUCT_RELATED_PRODUCT_CATEGORY('part',$,(#3312));
#3336 = MECHANICAL_DESIGN_GEOMETRIC_PRESENTATION_REPRESENTATION('',(
    #3337,#3345,#3353,#3360,#3368,#3375,#3382),#3060);
#3337 = STYLED_ITEM('color',(#3338),#604);
#3338 = PRESENTATION_STYLE_ASSIGNMENT((#3339));
#3339 = SURFACE_STYLE_USAGE(.BOTH.,#3340);
#3340 = SURFACE_SIDE_STYLE('',(#3341));
#3341 = SURFACE_STYLE_FILL_AREA(#3342);
#3342 = FILL_AREA_STYLE('',(#3343));
#3343 = FILL_AREA_STYLE_COLOUR('',#3344);
#3344 = DRAUGHTING_PRE_DEFINED_COLOUR('white');
#3345 = STYLED_ITEM('color',(#3346),#886);
#3346 = PRESENTATION_STYLE_ASSIGNMENT((#3347));
#3347 = SURFACE_STYLE_USAGE(.BOTH.,#3348);
#3348 = SURFACE_SIDE_STYLE('',(#3349));
#3349 = SURFACE_STYLE_FILL_AREA(#3350);
#3350 = FILL_AREA_STYLE('',(#3351));
#3351 = FILL_AREA_STYLE_COLOUR('',#3352);
#3352 = COLOUR_RGB('',1.,0.811764696686,0.501960785193);
#3353 = STYLED_ITEM('color',(#3354),#1036);
#3354 = PRESENTATION_STYLE_ASSIGNMENT((#3355));
#3355 = SURFACE_STYLE_USAGE(.BOTH.,#3356);
#3356 = SURFACE_SIDE_STYLE('',(#3357));
#3357 = SURFACE_STYLE_FILL_AREA(#3358);
#3358 = FILL_AREA_STYLE('',(#3359));
#3359 = FILL_AREA_STYLE_COLOUR('',#3352);
#3360 = STYLED_ITEM('color',(#3361),#1186);
#3361 = PRESENTATION_STYLE_ASSIGNMENT((#3362));
#3362 = SURFACE_STYLE_USAGE(.BOTH.,#3363);
#3363 = SURFACE_SIDE_STYLE('',(#3364));
#3364 = SURFACE_STYLE_FILL_AREA(#3365);
#3365 = FILL_AREA_STYLE('',(#3366));
#3366 = FILL_AREA_STYLE_COLOUR('',#3367);
#3367 = COLOUR_RGB('',0.250980388104,0.250980388104,0.250980388104);
#3368 = STYLED_ITEM('color',(#3369),#2346);
#3369 = PRESENTATION_STYLE_ASSIGNMENT((#3370));
#3370 = SURFACE_STYLE_USAGE(.BOTH.,#3371);
#3371 = SURFACE_SIDE_STYLE('',(#3372));
#3372 = SURFACE_STYLE_FILL_AREA(#3373);
#3373 = FILL_AREA_STYLE('',(#3374));
#3374 = FILL_AREA_STYLE_COLOUR('',#3367);
#3375 = STYLED_ITEM('color',(#3376),#2496);
#3376 = PRESENTATION_STYLE_ASSIGNMENT((#3377));
#3377 = SURFACE_STYLE_USAGE(.BOTH.,#3378);
#3378 = SURFACE_SIDE_STYLE('',(#3379));
#3379 = SURFACE_STYLE_FILL_AREA(#3380);
#3380 = FILL_AREA_STYLE('',(#3381));
#3381 = FILL_AREA_STYLE_COLOUR('',#3344);
#3382 = STYLED_ITEM('color',(#3383),#2646);
#3383 = PRESENTATION_STYLE_ASSIGNMENT((#3384));
#3384 = SURFACE_STYLE_USAGE(.BOTH.,#3385);
#3385 = SURFACE_SIDE_STYLE('',(#3386));
#3386 = SURFACE_STYLE_FILL_AREA(#3387);
#3387 = FILL_AREA_STYLE('',(#3388));
#3388 = FILL_AREA_STYLE_COLOUR('',#3344);
#3389 = MECHANICAL_DESIGN_GEOMETRIC_PRESENTATION_REPRESENTATION('',(
    #3390),#562);
#3390 = STYLED_ITEM('color',(#3391),#83);
#3391 = PRESENTATION_STYLE_ASSIGNMENT((#3392,#3398));
#3392 = SURFACE_STYLE_USAGE(.BOTH.,#3393);
#3393 = SURFACE_SIDE_STYLE('',(#3394));
#3394 = SURFACE_STYLE_FILL_AREA(#3395);
#3395 = FILL_AREA_STYLE('',(#3396));
#3396 = FILL_AREA_STYLE_COLOUR('',#3397);
#3397 = COLOUR_RGB('',0.,0.501960785193,0.);
#3398 = CURVE_STYLE('',#3399,POSITIVE_LENGTH_MEASURE(0.1),#3397);
#3399 = DRAUGHTING_PRE_DEFINED_CURVE_FONT('continuous');
ENDSEC;
END-ISO-10303-21;
