ISO-10303-21;
HEADER;
FILE_DESCRIPTION (( 'STEP AP214' ),
    '1' );
FILE_NAME ('cubit3_support1.STEP',
    '2025-07-25T05:08:23',
    ( '' ),
    ( '' ),
    'SwSTEP 2.0',
    'SolidWorks 2023',
    '' );
FILE_SCHEMA (( 'AUTOMOTIVE_DESIGN' ));
ENDSEC;

DATA;
#1 = DIRECTION ( 'NONE',  ( -0.000000000000000000, -0.000000000000000000, -1.000000000000000000 ) ) ;
#2 = EDGE_CURVE ( 'NONE', #638, #2096, #2163, .T. ) ;
#3 = CARTESIAN_POINT ( 'NONE',  ( 17.42792918169166327, -27.77046216421287994, 3.500000000000254463 ) ) ;
#4 = VERTEX_POINT ( 'NONE', #2548 ) ;
#5 = EDGE_CURVE ( 'NONE', #1053, #254, #2775, .T. ) ;
#6 = ORIENTED_EDGE ( 'NONE', *, *, #603, .T. ) ;
#7 = LINE ( 'NONE', #897, #757 ) ;
#8 = ORIENTED_EDGE ( 'NONE', *, *, #1992, .F. ) ;
#9 = DIRECTION ( 'NONE',  ( 1.000000000000000000, 0.000000000000000000, 0.000000000000000000 ) ) ;
#10 = CARTESIAN_POINT ( 'NONE',  ( 0.000000000000000000, 17.27078668038027232, 3.500000000000254463 ) ) ;
#11 = ORIENTED_EDGE ( 'NONE', *, *, #1064, .T. ) ;
#12 = ORIENTED_EDGE ( 'NONE', *, *, #724, .T. ) ;
#13 = LINE ( 'NONE', #634, #572 ) ;
#14 = VERTEX_POINT ( 'NONE', #1469 ) ;
#15 = FACE_OUTER_BOUND ( 'NONE', #1222, .T. ) ;
#16 = FACE_OUTER_BOUND ( 'NONE', #2601, .T. ) ;
#17 = ORIENTED_EDGE ( 'NONE', *, *, #2634, .F. ) ;
#18 = VECTOR ( 'NONE', #1664, 1000.000000000000000 ) ;
#19 = ORIENTED_EDGE ( 'NONE', *, *, #2390, .T. ) ;
#20 = EDGE_LOOP ( 'NONE', ( #1349, #2591, #645, #1800 ) ) ;
#21 = LINE ( 'NONE', #2626, #1831 ) ;
#22 = DIRECTION ( 'NONE',  ( 0.000000000000000000, -0.000000000000000000, -1.000000000000000000 ) ) ;
#23 = ORIENTED_EDGE ( 'NONE', *, *, #1992, .T. ) ;
#24 = EDGE_CURVE ( 'NONE', #1276, #4, #2348, .T. ) ;
#25 = CARTESIAN_POINT ( 'NONE',  ( 15.80425832420069554, 9.628561104224484524, 5.500000000000254907 ) ) ;
#26 = CARTESIAN_POINT ( 'NONE',  ( 15.80425832420069554, 9.628561104224484524, 13.50000000000025402 ) ) ;
#27 = VECTOR ( 'NONE', #2536, 1000.000000000000114 ) ;
#28 = CARTESIAN_POINT ( 'NONE',  ( 17.42792918169166327, -36.49533803050918124, 5.500000000000254907 ) ) ;
#29 = AXIS2_PLACEMENT_3D ( 'NONE', #2055, #1353, #2215 ) ;
#30 = ORIENTED_EDGE ( 'NONE', *, *, #795, .T. ) ;
#31 = CARTESIAN_POINT ( 'NONE',  ( 15.80425832420069554, 4.209897802172800851, 5.500000000000254907 ) ) ;
#32 = AXIS2_PLACEMENT_3D ( 'NONE', #823, #2763, #386 ) ;
#33 = CARTESIAN_POINT ( 'NONE',  ( 17.42668493753810210, -27.73684457774396250, 5.500000000000254907 ) ) ;
#34 = VECTOR ( 'NONE', #2288, 1000.000000000000000 ) ;
#35 = AXIS2_PLACEMENT_3D ( 'NONE', #2615, #899, #260 ) ;
#36 = PRESENTATION_LAYER_ASSIGNMENT (  '', '', ( #1376 ) ) ;
#37 = VERTEX_POINT ( 'NONE', #1668 ) ;
#38 = CARTESIAN_POINT ( 'NONE',  ( 17.42668493753810210, -27.73684457774396250, 3.500000000000254463 ) ) ;
#39 = PLANE ( 'NONE',  #384 ) ;
#40 = VECTOR ( 'NONE', #1243, 1000.000000000000000 ) ;
#41 = DIRECTION ( 'NONE',  ( 0.000000000000000000, -1.000000000000000000, 0.000000000000000000 ) ) ;
#42 = DIRECTION ( 'NONE',  ( 0.000000000000000000, -0.000000000000000000, -1.000000000000000000 ) ) ;
#43 = DIRECTION ( 'NONE',  ( 0.000000000000000000, -1.000000000000000000, 0.000000000000000000 ) ) ;
#44 = EDGE_CURVE ( 'NONE', #817, #321, #2529, .T. ) ;
#45 = ORIENTED_EDGE ( 'NONE', *, *, #2022, .F. ) ;
#46 = DIRECTION ( 'NONE',  ( 1.000000000000000000, 0.000000000000000000, 0.000000000000000000 ) ) ;
#47 = EDGE_CURVE ( 'NONE', #692, #321, #922, .T. ) ;
#48 = VERTEX_POINT ( 'NONE', #468 ) ;
#49 = CARTESIAN_POINT ( 'NONE',  ( -1.930905891345690906, -13.29805609406240841, 5.700000000000254197 ) ) ;
#50 = FACE_OUTER_BOUND ( 'NONE', #954, .T. ) ;
#51 = ORIENTED_EDGE ( 'NONE', *, *, #1000, .T. ) ;
#52 = VERTEX_POINT ( 'NONE', #1542 ) ;
#53 = CARTESIAN_POINT ( 'NONE',  ( 17.42792918169166327, -29.30011630742320605, 0.000000000000000000 ) ) ;
#54 = DIRECTION ( 'NONE',  ( 0.000000000000000000, 0.000000000000000000, -1.000000000000000000 ) ) ;
#55 = CARTESIAN_POINT ( 'NONE',  ( 23.49496792174097948, 28.28069104220174879, 5.700000000000254197 ) ) ;
#56 = ORIENTED_EDGE ( 'NONE', *, *, #1118, .F. ) ;
#57 = DIRECTION ( 'NONE',  ( 0.000000000000000000, -1.000000000000000000, 0.000000000000000000 ) ) ;
#58 = CARTESIAN_POINT ( 'NONE',  ( -27.15895618077229656, 0.000000000000000000, 5.500000000000254907 ) ) ;
#59 = DIRECTION ( 'NONE',  ( -1.280136741389589012E-16, 1.000000000000000000, -0.000000000000000000 ) ) ;
#60 = VERTEX_POINT ( 'NONE', #1995 ) ;
#61 = EDGE_CURVE ( 'NONE', #60, #2140, #120, .T. ) ;
#62 = LINE ( 'NONE', #1524, #1136 ) ;
#63 = ORIENTED_EDGE ( 'NONE', *, *, #113, .T. ) ;
#64 = ORIENTED_EDGE ( 'NONE', *, *, #744, .F. ) ;
#65 = FACE_OUTER_BOUND ( 'NONE', #1254, .T. ) ;
#66 = FACE_OUTER_BOUND ( 'NONE', #1196, .T. ) ;
#67 = CARTESIAN_POINT ( 'NONE',  ( 17.42668493753810210, -27.77046216421287994, 5.500000000000254907 ) ) ;
#68 = ORIENTED_EDGE ( 'NONE', *, *, #765, .T. ) ;
#69 = LINE ( 'NONE', #1700, #167 ) ;
#70 = LINE ( 'NONE', #2583, #756 ) ;
#71 = AXIS2_PLACEMENT_3D ( 'NONE', #400, #1907, #2556 ) ;
#72 = LINE ( 'NONE', #1509, #2179 ) ;
#73 = ORIENTED_EDGE ( 'NONE', *, *, #1083, .F. ) ;
#74 = LINE ( 'NONE', #1122, #920 ) ;
#75 = EDGE_CURVE ( 'NONE', #1038, #1297, #1139, .T. ) ;
#76 = LINE ( 'NONE', #2205, #372 ) ;
#77 = EDGE_LOOP ( 'NONE', ( #2175, #1392, #441, #390 ) ) ;
#78 = ORIENTED_EDGE ( 'NONE', *, *, #2008, .F. ) ;
#79 = DIRECTION ( 'NONE',  ( -0.000000000000000000, -0.000000000000000000, 1.000000000000000000 ) ) ;
#80 = CARTESIAN_POINT ( 'NONE',  ( 26.27883179831746219, 19.16617699716827872, 3.500000000000254907 ) ) ;
#81 = EDGE_CURVE ( 'NONE', #1682, #452, #1559, .T. ) ;
#82 = VECTOR ( 'NONE', #1325, 1000.000000000000227 ) ;
#83 = VERTEX_POINT ( 'NONE', #2209 ) ;
#84 = CIRCLE ( 'NONE', #1910, 4.356268435279794460 ) ;
#85 = CARTESIAN_POINT ( 'NONE',  ( -27.15895618077229656, -13.29805609406241196, 3.500000000000254463 ) ) ;
#86 = AXIS2_PLACEMENT_3D ( 'NONE', #1774, #1972, #484 ) ;
#87 = LINE ( 'NONE', #518, #2540 ) ;
#88 = PLANE ( 'NONE',  #29 ) ;
#89 = DIRECTION ( 'NONE',  ( 0.000000000000000000, 0.000000000000000000, -1.000000000000000000 ) ) ;
#90 = LINE ( 'NONE', #2204, #2398 ) ;
#91 = CARTESIAN_POINT ( 'NONE',  ( 15.80425832420069554, 9.628561104224484524, 13.50000000000025402 ) ) ;
#92 = ORIENTED_EDGE ( 'NONE', *, *, #242, .F. ) ;
#93 = ADVANCED_FACE ( 'NONE', ( #65 ), #2665, .F. ) ;
#94 = ORIENTED_EDGE ( 'NONE', *, *, #903, .F. ) ;
#95 = CARTESIAN_POINT ( 'NONE',  ( -23.21295638980803844, -27.74939533400519309, 5.500000000000254907 ) ) ;
#96 = CARTESIAN_POINT ( 'NONE',  ( -31.38207081830833545, -27.74939533400519309, 5.500000000000254907 ) ) ;
#97 = ORIENTED_EDGE ( 'NONE', *, *, #1048, .F. ) ;
#98 = EDGE_CURVE ( 'NONE', #452, #1137, #2193, .T. ) ;
#99 = DIRECTION ( 'NONE',  ( 1.000000000000000000, 0.000000000000000000, 0.000000000000000000 ) ) ;
#100 = CARTESIAN_POINT ( 'NONE',  ( -28.34207081830833630, 25.37803181733859503, 5.500000000000254907 ) ) ;
#101 = DIRECTION ( 'NONE',  ( 0.000000000000000000, 0.000000000000000000, -1.000000000000000000 ) ) ;
#102 = DIRECTION ( 'NONE',  ( -0.000000000000000000, 0.000000000000000000, 1.000000000000000000 ) ) ;
#103 = DIRECTION ( 'NONE',  ( 0.7893168006099253731, -0.6139861466473907070, 0.000000000000000000 ) ) ;
#104 = CARTESIAN_POINT ( 'NONE',  ( 0.000000000000000000, 0.000000000000000000, 0.000000000000000000 ) ) ;
#105 = DIRECTION ( 'NONE',  ( 1.000000000000000000, 0.000000000000000000, 0.000000000000000000 ) ) ;
#106 = CARTESIAN_POINT ( 'NONE',  ( -27.73412134584282995, -24.73533803050917967, 3.500000000000254907 ) ) ;
#107 = EDGE_LOOP ( 'NONE', ( #2206, #887, #1240, #187 ) ) ;
#108 = DIRECTION ( 'NONE',  ( -0.000000000000000000, -0.000000000000000000, -1.000000000000000000 ) ) ;
#109 = CARTESIAN_POINT ( 'NONE',  ( 17.42668493753810210, -27.73684457774396250, 3.500000000000254463 ) ) ;
#110 = VERTEX_POINT ( 'NONE', #38 ) ;
#111 = CARTESIAN_POINT ( 'NONE',  ( -7.733558274890649287, -13.29805609406241018, 5.500000000000254907 ) ) ;
#112 = CARTESIAN_POINT ( 'NONE',  ( -15.78115606453544828, 14.75666087085782507, 5.500000000000254907 ) ) ;
#113 = EDGE_CURVE ( 'NONE', #1707, #1557, #737, .T. ) ;
#114 = CARTESIAN_POINT ( 'NONE',  ( -15.78115606453545183, 14.75666087085782507, 18.50000000000025224 ) ) ;
#115 = VECTOR ( 'NONE', #1197, 1000.000000000000000 ) ;
#116 = FACE_BOUND ( 'NONE', #1259, .T. ) ;
#117 = EDGE_CURVE ( 'NONE', #2736, #1656, #1589, .T. ) ;
#118 = CARTESIAN_POINT ( 'NONE',  ( 0.000000000000000000, -25.41574088011293853, 3.500000000000254463 ) ) ;
#119 = VECTOR ( 'NONE', #815, 1000.000000000000000 ) ;
#120 =( BOUNDED_CURVE ( )  B_SPLINE_CURVE ( 3, ( #693, #2405, #1331, #280 ),
 .UNSPECIFIED., .F., .F. ) 
 B_SPLINE_CURVE_WITH_KNOTS ( ( 4, 4 ),
 ( 4.936095130492368810, 4.939439600307185430 ),
 .UNSPECIFIED. ) 
 CURVE ( )  GEOMETRIC_REPRESENTATION_ITEM ( )  RATIONAL_B_SPLINE_CURVE ( ( 1.000000000000000000, 0.9999990678770220853, 0.9999990678770220853, 1.000000000000000000 ) ) 
 REPRESENTATION_ITEM ( '' )  );
#121 = LINE ( 'NONE', #292, #1635 ) ;
#122 = CARTESIAN_POINT ( 'NONE',  ( 23.49496792174097948, 28.28069104220174879, 5.700000000000254197 ) ) ;
#123 = VECTOR ( 'NONE', #1580, 1000.000000000000000 ) ;
#124 = ORIENTED_EDGE ( 'NONE', *, *, #1750, .F. ) ;
#125 = CARTESIAN_POINT ( 'NONE',  ( -4.832232083118171317, -10.05694419705314324, 3.500000000000254463 ) ) ;
#126 = DIRECTION ( 'NONE',  ( 1.000000000000000000, 0.000000000000000000, -0.000000000000000000 ) ) ;
#127 = AXIS2_PLACEMENT_3D ( 'NONE', #2779, #1033, #1917 ) ;
#128 = LINE ( 'NONE', #1795, #569 ) ;
#129 = VECTOR ( 'NONE', #2411, 1000.000000000000000 ) ;
#130 = VECTOR ( 'NONE', #1181, 1000.000000000000000 ) ;
#131 = VECTOR ( 'NONE', #2754, 1000.000000000000000 ) ;
#132 = ADVANCED_FACE ( 'NONE', ( #2421 ), #1316, .F. ) ;
#133 = LINE ( 'NONE', #2273, #2409 ) ;
#134 = FACE_OUTER_BOUND ( 'NONE', #924, .T. ) ;
#135 = CARTESIAN_POINT ( 'NONE',  ( -15.78115606453545183, 33.50704633327629978, 18.50000000000025224 ) ) ;
#136 = VECTOR ( 'NONE', #2490, 1000.000000000000000 ) ;
#137 = ADVANCED_FACE ( 'NONE', ( #908 ), #2176, .T. ) ;
#138 = DIRECTION ( 'NONE',  ( 0.000000000000000000, -0.000000000000000000, -1.000000000000000000 ) ) ;
#139 = VERTEX_POINT ( 'NONE', #1789 ) ;
#140 = DIRECTION ( 'NONE',  ( 0.000000000000000000, 0.000000000000000000, 1.000000000000000000 ) ) ;
#141 = ORIENTED_EDGE ( 'NONE', *, *, #1871, .T. ) ;
#142 = DIRECTION ( 'NONE',  ( -0.000000000000000000, -0.000000000000000000, -1.000000000000000000 ) ) ;
#143 = DIRECTION ( 'NONE',  ( 1.000000000000000000, 0.000000000000000000, 0.000000000000000000 ) ) ;
#144 = DIRECTION ( 'NONE',  ( 1.000000000000000000, -0.000000000000000000, -0.000000000000000000 ) ) ;
#145 = DIRECTION ( 'NONE',  ( -1.000000000000000000, -0.000000000000000000, -0.000000000000000000 ) ) ;
#146 = EDGE_CURVE ( 'NONE', #573, #520, #1113, .T. ) ;
#147 = DIRECTION ( 'NONE',  ( 0.000000000000000000, 0.000000000000000000, 1.000000000000000000 ) ) ;
#148 = EDGE_CURVE ( 'NONE', #1557, #840, #1362, .T. ) ;
#149 = CARTESIAN_POINT ( 'NONE',  ( -4.832232083118171317, -10.05694419705314324, 5.700000000000254197 ) ) ;
#150 = EDGE_LOOP ( 'NONE', ( #2387, #2471, #460, #1742 ) ) ;
#151 = EDGE_LOOP ( 'NONE', ( #1028, #45, #663, #1258, #1471 ) ) ;
#152 = CARTESIAN_POINT ( 'NONE',  ( -28.34161846380722594, 25.37803181733859503, 18.50000000000025224 ) ) ;
#153 = CARTESIAN_POINT ( 'NONE',  ( 15.80425832420069554, 4.209897802172800851, 13.50000000000025402 ) ) ;
#154 = VECTOR ( 'NONE', #517, 1000.000000000000000 ) ;
#155 = CARTESIAN_POINT ( 'NONE',  ( -23.19584199159677596, 33.50704633327629267, 5.500000000000254907 ) ) ;
#156 = EDGE_CURVE ( 'NONE', #2365, #429, #266, .T. ) ;
#157 = CARTESIAN_POINT ( 'NONE',  ( 15.80425832420069554, -29.30011630742320605, 13.50000000000025402 ) ) ;
#158 = VECTOR ( 'NONE', #1224, 1000.000000000000000 ) ;
#159 = ORIENTED_EDGE ( 'NONE', *, *, #44, .T. ) ;
#160 = VERTEX_POINT ( 'NONE', #1773 ) ;
#161 = EDGE_CURVE ( 'NONE', #139, #1993, #2638, .T. ) ;
#162 =( NAMED_UNIT ( * ) SI_UNIT ( $, .STERADIAN. ) SOLID_ANGLE_UNIT ( ) );
#163 = ORIENTED_EDGE ( 'NONE', *, *, #1676, .F. ) ;
#164 = DIRECTION ( 'NONE',  ( -0.000000000000000000, -0.000000000000000000, 1.000000000000000000 ) ) ;
#165 = VECTOR ( 'NONE', #2121, 1000.000000000000000 ) ;
#166 = CARTESIAN_POINT ( 'NONE',  ( 26.27554745711413631, 26.47204648586428277, 3.500000000000254907 ) ) ;
#167 = VECTOR ( 'NONE', #1320, 1000.000000000000000 ) ;
#168 = VECTOR ( 'NONE', #1962, 1000.000000000000000 ) ;
#169 = AXIS2_PLACEMENT_3D ( 'NONE', #1217, #366, #583 ) ;
#170 = ORIENTED_EDGE ( 'NONE', *, *, #2157, .T. ) ;
#171 = DIRECTION ( 'NONE',  ( -0.6139861466474073604, 0.7893168006099126055, 0.000000000000000000 ) ) ;
#172 = VECTOR ( 'NONE', #816, 1000.000000000000227 ) ;
#173 = CARTESIAN_POINT ( 'NONE',  ( 26.27883179831746219, -29.30011630742320605, 13.50000000000025402 ) ) ;
#174 = EDGE_CURVE ( 'NONE', #1458, #768, #951, .T. ) ;
#175 = VERTEX_POINT ( 'NONE', #2225 ) ;
#176 = DIRECTION ( 'NONE',  ( -1.000000000000000000, -1.636130704980173307E-16, -0.000000000000000000 ) ) ;
#177 = ORIENTED_EDGE ( 'NONE', *, *, #1657, .T. ) ;
#178 = EDGE_CURVE ( 'NONE', #2048, #606, #1155, .T. ) ;
#179 = PLANE ( 'NONE',  #344 ) ;
#180 = CARTESIAN_POINT ( 'NONE',  ( -19.48849902806611212, 31.07466458926504060, 0.000000000000000000 ) ) ;
#181 = ORIENTED_EDGE ( 'NONE', *, *, #2703, .T. ) ;
#182 = ORIENTED_EDGE ( 'NONE', *, *, #1768, .F. ) ;
#183 = DIRECTION ( 'NONE',  ( -0.000000000000000000, -0.000000000000000000, 1.000000000000000000 ) ) ;
#184 = DIRECTION ( 'NONE',  ( -1.280136741389589012E-16, 1.000000000000000000, -0.000000000000000000 ) ) ;
#185 = LINE ( 'NONE', #354, #2466 ) ;
#186 = VERTEX_POINT ( 'NONE', #948 ) ;
#187 = ORIENTED_EDGE ( 'NONE', *, *, #374, .T. ) ;
#188 = SURFACE_STYLE_FILL_AREA ( #1698 ) ;
#189 = EDGE_LOOP ( 'NONE', ( #1653, #2346, #1056, #482 ) ) ;
#190 = ORIENTED_EDGE ( 'NONE', *, *, #1871, .F. ) ;
#191 = DIRECTION ( 'NONE',  ( -0.000000000000000000, -0.000000000000000000, 1.000000000000000000 ) ) ;
#192 = DIRECTION ( 'NONE',  ( -0.000000000000000000, -0.000000000000000000, -1.000000000000000000 ) ) ;
#193 = EDGE_CURVE ( 'NONE', #2776, #2781, #121, .T. ) ;
#194 = EDGE_LOOP ( 'NONE', ( #2161, #265, #1942, #1954 ) ) ;
#195 = PLANE ( 'NONE',  #32 ) ;
#196 = EDGE_CURVE ( 'NONE', #2773, #673, #2418, .T. ) ;
#197 = CYLINDRICAL_SURFACE ( 'NONE', #786, 4.356268435279794460 ) ;
#198 = LINE ( 'NONE', #2086, #2646 ) ;
#199 = EDGE_LOOP ( 'NONE', ( #1253, #12, #1045, #1674, #2153, #325, #1545, #1061, #1979, #251 ) ) ;
#200 = CARTESIAN_POINT ( 'NONE',  ( -1.930905891345690906, -13.29805609406240841, 5.500000000000254907 ) ) ;
#201 = VECTOR ( 'NONE', #404, 1000.000000000000000 ) ;
#202 = ORIENTED_EDGE ( 'NONE', *, *, #622, .T. ) ;
#203 = LINE ( 'NONE', #2106, #250 ) ;
#204 = LINE ( 'NONE', #1024, #1190 ) ;
#205 = AXIS2_PLACEMENT_3D ( 'NONE', #1518, #41, #22 ) ;
#206 = EDGE_CURVE ( 'NONE', #402, #2196, #1399, .T. ) ;
#207 = VERTEX_POINT ( 'NONE', #1832 ) ;
#208 = CARTESIAN_POINT ( 'NONE',  ( 26.27883179831746219, 22.35521482882545286, 3.500000000000254907 ) ) ;
#209 = VECTOR ( 'NONE', #459, 1000.000000000000000 ) ;
#210 = CIRCLE ( 'NONE', #2277, 5.250000000000000888 ) ;
#211 = EDGE_CURVE ( 'NONE', #2334, #1169, #1153, .T. ) ;
#212 = VECTOR ( 'NONE', #1790, 1000.000000000000227 ) ;
#213 = CARTESIAN_POINT ( 'NONE',  ( -0.9934448250388319135, 0.000000000000000000, 3.500000000000254463 ) ) ;
#214 = CARTESIAN_POINT ( 'NONE',  ( -31.38207081830833545, -27.74939533400519309, 3.500000000000254907 ) ) ;
#215 = ORIENTED_EDGE ( 'NONE', *, *, #2622, .T. ) ;
#216 = EDGE_LOOP ( 'NONE', ( #1847, #2337, #1431, #141 ) ) ;
#217 = CARTESIAN_POINT ( 'NONE',  ( 15.80425832420069554, -24.56742071713507158, 13.50000000000025402 ) ) ;
#218 = CARTESIAN_POINT ( 'NONE',  ( -22.03115606453544828, 33.50704633327629267, 6.427351523821688062 ) ) ;
#219 = EDGE_LOOP ( 'NONE', ( #1622, #704, #2117, #758, #1717 ) ) ;
#220 = CARTESIAN_POINT ( 'NONE',  ( 24.35681727092423543, 28.38371126307810854, 5.500000000000254907 ) ) ;
#221 = CARTESIAN_POINT ( 'NONE',  ( 19.86289655596839054, 32.86108385261967868, 5.700000000000254197 ) ) ;
#222 = ORIENTED_EDGE ( 'NONE', *, *, #1134, .F. ) ;
#223 = DIRECTION ( 'NONE',  ( 0.000000000000000000, -1.000000000000000000, -0.000000000000000000 ) ) ;
#224 = CARTESIAN_POINT ( 'NONE',  ( -4.832232083118171317, -10.05694419705314324, 3.500000000000254463 ) ) ;
#225 = CARTESIAN_POINT ( 'NONE',  ( 0.000000000000000000, 0.000000000000000000, 5.500000000000254907 ) ) ;
#226 = EDGE_CURVE ( 'NONE', #718, #1928, #76, .T. ) ;
#227 = VERTEX_POINT ( 'NONE', #2006 ) ;
#228 = ORIENTED_EDGE ( 'NONE', *, *, #1187, .T. ) ;
#229 = ORIENTED_EDGE ( 'NONE', *, *, #1697, .F. ) ;
#230 = DIRECTION ( 'NONE',  ( 0.000000000000000000, 1.000000000000000000, 0.000000000000000000 ) ) ;
#231 = EDGE_LOOP ( 'NONE', ( #1284, #671, #720 ) ) ;
#232 = LINE ( 'NONE', #685, #2684 ) ;
#233 = DIRECTION ( 'NONE',  ( -0.9929314809889342452, -0.1186889803693740864, -0.000000000000000000 ) ) ;
#234 = CARTESIAN_POINT ( 'NONE',  ( 1.448136946872336628, -0.8084333904352168920, 3.500000000000254907 ) ) ;
#235 = ORIENTED_EDGE ( 'NONE', *, *, #261, .T. ) ;
#236 = DIRECTION ( 'NONE',  ( -1.000000000000000000, 0.000000000000000000, 0.000000000000000000 ) ) ;
#237 = LINE ( 'NONE', #1274, #536 ) ;
#238 = ADVANCED_FACE ( 'NONE', ( #2650 ), #1570, .F. ) ;
#239 = VERTEX_POINT ( 'NONE', #2433 ) ;
#240 = CARTESIAN_POINT ( 'NONE',  ( -2.884907527397808202, -2.567958942245283538, -8.159750702876424455 ) ) ;
#241 = DIRECTION ( 'NONE',  ( -0.000000000000000000, -0.000000000000000000, 1.000000000000000000 ) ) ;
#242 = EDGE_CURVE ( 'NONE', #2115, #2623, #743, .T. ) ;
#243 = CARTESIAN_POINT ( 'NONE',  ( -28.34207081830833630, 0.000000000000000000, 3.500000000000254463 ) ) ;
#244 = LINE ( 'NONE', #1565, #2044 ) ;
#245 = DIRECTION ( 'NONE',  ( 1.075484249221790244E-16, -1.000000000000000000, 0.000000000000000000 ) ) ;
#246 = ORIENTED_EDGE ( 'NONE', *, *, #1787, .F. ) ;
#247 = CARTESIAN_POINT ( 'NONE',  ( 21.63307053910937228, 22.35521482882545286, 3.500000000000254907 ) ) ;
#248 = AXIS2_PLACEMENT_3D ( 'NONE', #1751, #89, #2604 ) ;
#249 = LINE ( 'NONE', #2378, #2164 ) ;
#250 = VECTOR ( 'NONE', #610, 1000.000000000000000 ) ;
#251 = ORIENTED_EDGE ( 'NONE', *, *, #1083, .T. ) ;
#252 = CIRCLE ( 'NONE', #35, 3.499999999999999556 ) ;
#253 = VECTOR ( 'NONE', #230, 1000.000000000000000 ) ;
#254 = VERTEX_POINT ( 'NONE', #509 ) ;
#255 = DIRECTION ( 'NONE',  ( 1.000000000000000000, 0.000000000000000000, 0.000000000000000000 ) ) ;
#256 = CARTESIAN_POINT ( 'NONE',  ( -7.153289868025776599, -13.29805609406240841, 3.500000000000254463 ) ) ;
#257 = VECTOR ( 'NONE', #2739, 1000.000000000000000 ) ;
#258 = EDGE_CURVE ( 'NONE', #1747, #2267, #1189, .T. ) ;
#259 = CARTESIAN_POINT ( 'NONE',  ( -4.927943923475824661, -0.9657306959382057077, 3.500000000000254907 ) ) ;
#260 = DIRECTION ( 'NONE',  ( 1.000000000000000000, 0.000000000000000000, 0.000000000000000000 ) ) ;
#261 = EDGE_CURVE ( 'NONE', #512, #1605, #309, .T. ) ;
#262 = VERTEX_POINT ( 'NONE', #106 ) ;
#263 = PLANE ( 'NONE',  #1639 ) ;
#264 = CARTESIAN_POINT ( 'NONE',  ( 23.49496792174097948, 28.28069104220174879, 5.500000000000254907 ) ) ;
#265 = ORIENTED_EDGE ( 'NONE', *, *, #1182, .T. ) ;
#266 = LINE ( 'NONE', #2653, #1272 ) ;
#267 = FACE_OUTER_BOUND ( 'NONE', #1081, .T. ) ;
#268 = FACE_OUTER_BOUND ( 'NONE', #1836, .T. ) ;
#269 = ORIENTED_EDGE ( 'NONE', *, *, #2619, .F. ) ;
#270 = CARTESIAN_POINT ( 'NONE',  ( 0.000000000000000000, 0.000000000000000000, 0.000000000000000000 ) ) ;
#271 = CARTESIAN_POINT ( 'NONE',  ( -31.38207081830833545, -27.74939533400519309, 5.500000000000254907 ) ) ;
#272 = ADVANCED_FACE ( 'NONE', ( #2270 ), #2246, .F. ) ;
#273 = CARTESIAN_POINT ( 'NONE',  ( 17.30361522509837968, -31.90667106098782213, -8.159750702876424455 ) ) ;
#274 = EDGE_LOOP ( 'NONE', ( #1191, #1246, #581, #2239, #627 ) ) ;
#275 = EDGE_CURVE ( 'NONE', #52, #1383, #762, .T. ) ;
#276 = DIRECTION ( 'NONE',  ( -0.000000000000000000, -0.000000000000000000, 1.000000000000000000 ) ) ;
#277 = DIRECTION ( 'NONE',  ( -0.000000000000000000, -0.000000000000000000, 1.000000000000000000 ) ) ;
#278 = ORIENTED_EDGE ( 'NONE', *, *, #1357, .T. ) ;
#279 = ORIENTED_EDGE ( 'NONE', *, *, #362, .T. ) ;
#280 = CARTESIAN_POINT ( 'NONE',  ( -23.21295638980803844, 25.37803181733859503, 16.79260791927104890 ) ) ;
#281 = FACE_OUTER_BOUND ( 'NONE', #681, .T. ) ;
#282 = VERTEX_POINT ( 'NONE', #2710 ) ;
#283 = VECTOR ( 'NONE', #855, 1000.000000000000000 ) ;
#284 = LINE ( 'NONE', #1366, #1714 ) ;
#285 = CARTESIAN_POINT ( 'NONE',  ( -4.832232083118171317, -10.05694419705314324, 5.700000000000254197 ) ) ;
#286 = VECTOR ( 'NONE', #497, 1000.000000000000000 ) ;
#287 = LINE ( 'NONE', #785, #2402 ) ;
#288 = DIRECTION ( 'NONE',  ( 1.000000000000000000, 0.000000000000000000, -0.000000000000000000 ) ) ;
#289 = EDGE_LOOP ( 'NONE', ( #376, #1489, #1315, #1619 ) ) ;
#290 = EDGE_CURVE ( 'NONE', #768, #1421, #128, .T. ) ;
#291 = CYLINDRICAL_SURFACE ( 'NONE', #1899, 1.638047801884704668 ) ;
#292 = CARTESIAN_POINT ( 'NONE',  ( -15.78115606453545183, 33.50704633327629978, 18.50000000000025224 ) ) ;
#293 = EDGE_CURVE ( 'NONE', #1682, #2282, #782, .T. ) ;
#294 = AXIS2_PLACEMENT_3D ( 'NONE', #2166, #2195, #1127 ) ;
#295 = VERTEX_POINT ( 'NONE', #2563 ) ;
#296 = ORIENTED_EDGE ( 'NONE', *, *, #98, .T. ) ;
#297 = CARTESIAN_POINT ( 'NONE',  ( 19.76305649801739506, 31.99886031465207381, 3.500000000000254463 ) ) ;
#298 = VECTOR ( 'NONE', #183, 1000.000000000000000 ) ;
#299 = ORIENTED_EDGE ( 'NONE', *, *, #641, .T. ) ;
#300 = CARTESIAN_POINT ( 'NONE',  ( 19.76305649801739506, 31.99886031465207381, 3.500000000000254907 ) ) ;
#301 = VECTOR ( 'NONE', #108, 1000.000000000000000 ) ;
#302 = DIRECTION ( 'NONE',  ( -1.000000000000000000, 0.000000000000000000, -0.000000000000000000 ) ) ;
#303 = DIRECTION ( 'NONE',  ( -1.000000000000000000, 0.000000000000000000, -0.000000000000000000 ) ) ;
#304 = ORIENTED_EDGE ( 'NONE', *, *, #2580, .F. ) ;
#305 = CARTESIAN_POINT ( 'NONE',  ( -23.20725378028039643, 28.08666317303703153, 6.560777629253284005 ) ) ;
#306 = DIRECTION ( 'NONE',  ( 0.8731538441325608080, -0.4874447296633043769, 0.000000000000000000 ) ) ;
#307 = CARTESIAN_POINT ( 'NONE',  ( -7.153289868025776599, -13.29805609406241018, 3.500000000000254463 ) ) ;
#308 = DIRECTION ( 'NONE',  ( 1.000000000000000000, 1.636130704980173554E-16, 0.000000000000000000 ) ) ;
#309 = LINE ( 'NONE', #1164, #1546 ) ;
#310 = ORIENTED_EDGE ( 'NONE', *, *, #2492, .F. ) ;
#311 = VERTEX_POINT ( 'NONE', #218 ) ;
#312 = EDGE_CURVE ( 'NONE', #402, #592, #1973, .T. ) ;
#313 = DIRECTION ( 'NONE',  ( -0.000000000000000000, -0.000000000000000000, -1.000000000000000000 ) ) ;
#314 = FACE_OUTER_BOUND ( 'NONE', #1540, .T. ) ;
#315 = ORIENTED_EDGE ( 'NONE', *, *, #1409, .T. ) ;
#316 = LINE ( 'NONE', #2472, #2525 ) ;
#317 = CARTESIAN_POINT ( 'NONE',  ( 26.27883179831746219, 22.35521482882545286, -8.159750702876424455 ) ) ;
#318 = DIRECTION ( 'NONE',  ( -1.000000000000000000, 0.000000000000000000, 0.000000000000000000 ) ) ;
#319 = FACE_OUTER_BOUND ( 'NONE', #336, .T. ) ;
#320 = LINE ( 'NONE', #2236, #2445 ) ;
#321 = VERTEX_POINT ( 'NONE', #1776 ) ;
#322 = LINE ( 'NONE', #1560, #1195 ) ;
#323 = CARTESIAN_POINT ( 'NONE',  ( -15.78115606453545183, 31.07466458926504060, -4.434058276324247316 ) ) ;
#324 = ADVANCED_FACE ( 'NONE', ( #268 ), #440, .F. ) ;
#325 = ORIENTED_EDGE ( 'NONE', *, *, #2359, .T. ) ;
#326 = DIRECTION ( 'NONE',  ( -0.000000000000000000, -1.000000000000000000, -0.000000000000000000 ) ) ;
#327 = LINE ( 'NONE', #1367, #130 ) ;
#328 = DIRECTION ( 'NONE',  ( 1.000000000000000000, 0.000000000000000000, 0.000000000000000000 ) ) ;
#329 = EDGE_CURVE ( 'NONE', #2514, #2115, #1115, .T. ) ;
#330 = ORIENTED_EDGE ( 'NONE', *, *, #1541, .F. ) ;
#331 = CARTESIAN_POINT ( 'NONE',  ( 20.00229512255086206, 28.50704633327629978, 5.500000000000254907 ) ) ;
#332 = LINE ( 'NONE', #959, #1957 ) ;
#333 = APPLICATION_PROTOCOL_DEFINITION ( 'draft international standard', 'automotive_design', 1998, #2429 ) ;
#334 = PLANE ( 'NONE',  #869 ) ;
#335 = DIRECTION ( 'NONE',  ( 1.000000000000000000, 0.000000000000000000, -0.000000000000000000 ) ) ;
#336 = EDGE_LOOP ( 'NONE', ( #1918, #1953, #725, #1360 ) ) ;
#337 = LINE ( 'NONE', #173, #136 ) ;
#338 = ORIENTED_EDGE ( 'NONE', *, *, #1775, .T. ) ;
#339 = CARTESIAN_POINT ( 'NONE',  ( 1.763271489526741125E-15, -13.29805609406240841, 5.500000000000254907 ) ) ;
#340 = DIRECTION ( 'NONE',  ( -0.000000000000000000, -1.000000000000000000, -0.000000000000000000 ) ) ;
#341 = ADVANCED_FACE ( 'NONE', ( #2612 ), #2381, .F. ) ;
#342 = VECTOR ( 'NONE', #2701, 1000.000000000000000 ) ;
#343 = ORIENTED_EDGE ( 'NONE', *, *, #2338, .T. ) ;
#344 = AXIS2_PLACEMENT_3D ( 'NONE', #1689, #2533, #806 ) ;
#345 = VECTOR ( 'NONE', #1505, 1000.000000000000000 ) ;
#346 = VECTOR ( 'NONE', #498, 1000.000000000000000 ) ;
#347 = DIRECTION ( 'NONE',  ( 0.000000000000000000, 0.000000000000000000, 1.000000000000000000 ) ) ;
#348 = CARTESIAN_POINT ( 'NONE',  ( 1.763271489526741125E-15, -13.29805609406240841, 5.500000000000254907 ) ) ;
#349 = ADVANCED_FACE ( 'NONE', ( #712 ), #1726, .F. ) ;
#350 =( NAMED_UNIT ( * ) SI_UNIT ( $, .STERADIAN. ) SOLID_ANGLE_UNIT ( ) );
#351 = AXIS2_PLACEMENT_3D ( 'NONE', #1037, #812, #2320 ) ;
#352 = CARTESIAN_POINT ( 'NONE',  ( 2.884907527397808202, -2.567958942245283982, 3.500000000000254907 ) ) ;
#353 = ORIENTED_EDGE ( 'NONE', *, *, #61, .T. ) ;
#354 = CARTESIAN_POINT ( 'NONE',  ( -2.511174298210562483, -13.29805609406240841, 3.500000000000254463 ) ) ;
#355 = VERTEX_POINT ( 'NONE', #1531 ) ;
#356 = DIRECTION ( 'NONE',  ( 0.1150251336816975473, 0.9933625816495744720, -0.000000000000000000 ) ) ;
#357 = ORIENTED_EDGE ( 'NONE', *, *, #360, .T. ) ;
#358 = LINE ( 'NONE', #1220, #1640 ) ;
#359 = LINE ( 'NONE', #1211, #932 ) ;
#360 = EDGE_CURVE ( 'NONE', #2457, #1839, #2578, .T. ) ;
#361 = CARTESIAN_POINT ( 'NONE',  ( 26.27554745711414341, 9.628561104224484524, 3.500000000000254463 ) ) ;
#362 = EDGE_CURVE ( 'NONE', #1149, #736, #1761, .T. ) ;
#363 = PLANE ( 'NONE',  #351 ) ;
#364 = ORIENTED_EDGE ( 'NONE', *, *, #1921, .F. ) ;
#365 = ORIENTED_EDGE ( 'NONE', *, *, #1631, .T. ) ;
#366 = DIRECTION ( 'NONE',  ( 0.000000000000000000, 0.000000000000000000, 1.000000000000000000 ) ) ;
#367 = ORIENTED_EDGE ( 'NONE', *, *, #242, .T. ) ;
#368 = DIRECTION ( 'NONE',  ( -1.000000000000000000, -0.000000000000000000, -0.000000000000000000 ) ) ;
#369 = DIRECTION ( 'NONE',  ( 1.636130704980173554E-16, -1.000000000000000000, 0.000000000000000000 ) ) ;
#370 = VECTOR ( 'NONE', #1343, 1000.000000000000000 ) ;
#371 = DIRECTION ( 'NONE',  ( -0.000000000000000000, -0.000000000000000000, 1.000000000000000000 ) ) ;
#372 = VECTOR ( 'NONE', #277, 1000.000000000000000 ) ;
#373 = DIRECTION ( 'NONE',  ( 3.266477528593578478E-16, -1.000000000000000000, 0.000000000000000000 ) ) ;
#374 = EDGE_CURVE ( 'NONE', #1648, #2048, #1544, .T. ) ;
#375 = EDGE_LOOP ( 'NONE', ( #1290, #792, #739, #1252 ) ) ;
#376 = ORIENTED_EDGE ( 'NONE', *, *, #662, .F. ) ;
#377 = VECTOR ( 'NONE', #504, 1000.000000000000000 ) ;
#378 = ORIENTED_EDGE ( 'NONE', *, *, #1334, .T. ) ;
#379 = CARTESIAN_POINT ( 'NONE',  ( -2.884907527397808202, -2.567958942245283538, 0.000000000000000000 ) ) ;
#380 = VECTOR ( 'NONE', #1147, 1000.000000000000000 ) ;
#381 = DIRECTION ( 'NONE',  ( 0.000000000000000000, 1.000000000000000000, 0.000000000000000000 ) ) ;
#382 = VECTOR ( 'NONE', #2698, 1000.000000000000000 ) ;
#383 = VECTOR ( 'NONE', #2645, 1000.000000000000000 ) ;
#384 = AXIS2_PLACEMENT_3D ( 'NONE', #2194, #1517, #54 ) ;
#385 = VERTEX_POINT ( 'NONE', #67 ) ;
#386 = DIRECTION ( 'NONE',  ( 1.000000000000000000, 1.636130704980173554E-16, 0.000000000000000000 ) ) ;
#387 = AXIS2_PLACEMENT_3D ( 'NONE', #2705, #2513, #1848 ) ;
#388 = CARTESIAN_POINT ( 'NONE',  ( 2.884907527397808202, -2.567958942245283982, 0.000000000000000000 ) ) ;
#389 = FACE_OUTER_BOUND ( 'NONE', #2341, .T. ) ;
#390 = ORIENTED_EDGE ( 'NONE', *, *, #585, .F. ) ;
#391 = ADVANCED_FACE ( 'NONE', ( #2423 ), #1333, .F. ) ;
#392 = ORIENTED_EDGE ( 'NONE', *, *, #1286, .T. ) ;
#393 = SURFACE_SIDE_STYLE ('',( #188 ) ) ;
#394 = EDGE_LOOP ( 'NONE', ( #1178, #1086, #73, #1459 ) ) ;
#395 = ADVANCED_FACE ( 'NONE', ( #499 ), #1709, .F. ) ;
#396 = CARTESIAN_POINT ( 'NONE',  ( -31.38207081830833545, -27.74939533400519309, 5.500000000000254907 ) ) ;
#397 = CARTESIAN_POINT ( 'NONE',  ( -2.615539500464059142, -12.76549989963823784, 5.700000000000254197 ) ) ;
#398 = ORIENTED_EDGE ( 'NONE', *, *, #1541, .T. ) ;
#399 = CARTESIAN_POINT ( 'NONE',  ( 17.42668493753810210, 9.628561104224484524, 13.50000000000025402 ) ) ;
#400 = CARTESIAN_POINT ( 'NONE',  ( 0.000000000000000000, -2.567958942245283982, -8.159750702876424455 ) ) ;
#401 = FACE_OUTER_BOUND ( 'NONE', #2147, .T. ) ;
#402 = VERTEX_POINT ( 'NONE', #2439 ) ;
#403 = ORIENTED_EDGE ( 'NONE', *, *, #2431, .T. ) ;
#404 = DIRECTION ( 'NONE',  ( 0.000000000000000000, 0.000000000000000000, 1.000000000000000000 ) ) ;
#405 = DIRECTION ( 'NONE',  ( 0.000000000000000000, 0.000000000000000000, -1.000000000000000000 ) ) ;
#406 = ORIENTED_EDGE ( 'NONE', *, *, #290, .T. ) ;
#407 = EDGE_CURVE ( 'NONE', #110, #2088, #555, .T. ) ;
#408 = ORIENTED_EDGE ( 'NONE', *, *, #196, .F. ) ;
#409 = CARTESIAN_POINT ( 'NONE',  ( 21.63307053910937228, 9.628561104224484524, 3.500000000000254463 ) ) ;
#410 = CARTESIAN_POINT ( 'NONE',  ( 26.27883179831746219, -29.30011630742320605, 13.50000000000025402 ) ) ;
#411 = ADVANCED_FACE ( 'NONE', ( #2050 ), #2707, .F. ) ;
#412 = ORIENTED_EDGE ( 'NONE', *, *, #2005, .F. ) ;
#413 = DIRECTION ( 'NONE',  ( 0.7893168006099126055, 0.6139861466474072493, 0.000000000000000000 ) ) ;
#414 = FACE_OUTER_BOUND ( 'NONE', #394, .T. ) ;
#415 = AXIS2_PLACEMENT_3D ( 'NONE', #1998, #2458, #955 ) ;
#416 = DIRECTION ( 'NONE',  ( 1.000000000000000000, 0.000000000000000000, 0.000000000000000000 ) ) ;
#417 = ORIENTED_EDGE ( 'NONE', *, *, #2338, .F. ) ;
#418 = VERTEX_POINT ( 'NONE', #1818 ) ;
#419 = CARTESIAN_POINT ( 'NONE',  ( 24.11166736146259026, 28.62795844823632052, 5.500000000000254907 ) ) ;
#420 = CARTESIAN_POINT ( 'NONE',  ( 17.42792918169166327, -36.49533803050918124, 5.500000000000254907 ) ) ;
#421 = VERTEX_POINT ( 'NONE', #2679 ) ;
#422 = ORIENTED_EDGE ( 'NONE', *, *, #900, .F. ) ;
#423 = EDGE_CURVE ( 'NONE', #2436, #295, #1840, .T. ) ;
#424 = CARTESIAN_POINT ( 'NONE',  ( -23.21295638980803844, 25.37803181733859503, 3.500000000000254907 ) ) ;
#425 = CARTESIAN_POINT ( 'NONE',  ( 26.27883179831746219, 22.35521482882545286, 3.500000000000254907 ) ) ;
#426 = EDGE_LOOP ( 'NONE', ( #2167, #1330, #1507, #406 ) ) ;
#427 = EDGE_CURVE ( 'NONE', #2271, #936, #958, .T. ) ;
#428 = CARTESIAN_POINT ( 'NONE',  ( -0.9934448250388319135, -25.41574088011293853, 5.500000000000254907 ) ) ;
#429 = VERTEX_POINT ( 'NONE', #1610 ) ;
#430 = CIRCLE ( 'NONE', #2000, 1.469701195442388197 ) ;
#431 = VECTOR ( 'NONE', #1865, 1000.000000000000000 ) ;
#432 = ADVANCED_FACE ( 'NONE', ( #2259 ), #88, .F. ) ;
#433 = AXIS2_PLACEMENT_3D ( 'NONE', #1442, #405, #2742 ) ;
#434 = CARTESIAN_POINT ( 'NONE',  ( 15.80425832420069554, -29.30011630742320605, 13.50000000000025402 ) ) ;
#435 = CARTESIAN_POINT ( 'NONE',  ( 15.80425832420069554, 4.209897802172800851, 13.50000000000025402 ) ) ;
#436 = ORIENTED_EDGE ( 'NONE', *, *, #662, .T. ) ;
#437 = ORIENTED_EDGE ( 'NONE', *, *, #1319, .F. ) ;
#438 = ORIENTED_EDGE ( 'NONE', *, *, #1807, .T. ) ;
#439 = DIRECTION ( 'NONE',  ( 0.000000000000000000, 1.000000000000000000, 0.000000000000000000 ) ) ;
#440 = PLANE ( 'NONE',  #205 ) ;
#441 = ORIENTED_EDGE ( 'NONE', *, *, #744, .T. ) ;
#442 = DIRECTION ( 'NONE',  ( 1.000000000000000000, 0.000000000000000000, -0.000000000000000000 ) ) ;
#443 = FACE_OUTER_BOUND ( 'NONE', #2756, .T. ) ;
#444 = ORIENTED_EDGE ( 'NONE', *, *, #2448, .T. ) ;
#445 = PLANE ( 'NONE',  #248 ) ;
#446 = ORIENTED_EDGE ( 'NONE', *, *, #427, .T. ) ;
#447 = EDGE_CURVE ( 'NONE', #1124, #2103, #773, .T. ) ;
#448 = FACE_OUTER_BOUND ( 'NONE', #2382, .T. ) ;
#449 = CARTESIAN_POINT ( 'NONE',  ( 20.00229512255086206, 28.50704633327629978, 5.700000000000254197 ) ) ;
#450 = EDGE_CURVE ( 'NONE', #2456, #929, #2464, .T. ) ;
#451 = ORIENTED_EDGE ( 'NONE', *, *, #423, .T. ) ;
#452 = VERTEX_POINT ( 'NONE', #1854 ) ;
#453 = ORIENTED_EDGE ( 'NONE', *, *, #1157, .F. ) ;
#454 = DIRECTION ( 'NONE',  ( 1.000000000000000000, 0.000000000000000000, -0.000000000000000000 ) ) ;
#455 = CARTESIAN_POINT ( 'NONE',  ( 17.42668493753810210, 4.209897802172800851, 13.50000000000025402 ) ) ;
#456 = ORIENTED_EDGE ( 'NONE', *, *, #1921, .T. ) ;
#457 = CARTESIAN_POINT ( 'NONE',  ( -31.38207081830833545, 25.37803181733859503, 5.500000000000254907 ) ) ;
#458 = DIRECTION ( 'NONE',  ( -1.000000000000000000, 0.000000000000000000, 0.000000000000000000 ) ) ;
#459 = DIRECTION ( 'NONE',  ( -0.000000000000000000, -0.000000000000000000, 1.000000000000000000 ) ) ;
#460 = ORIENTED_EDGE ( 'NONE', *, *, #487, .T. ) ;
#461 = LINE ( 'NONE', #1967, #1046 ) ;
#462 = EDGE_CURVE ( 'NONE', #2264, #239, #997, .T. ) ;
#463 = DIRECTION ( 'NONE',  ( -0.000000000000000000, -0.000000000000000000, -1.000000000000000000 ) ) ;
#464 = VERTEX_POINT ( 'NONE', #2711 ) ;
#465 = VECTOR ( 'NONE', #1556, 1000.000000000000000 ) ;
#466 = ORIENTED_EDGE ( 'NONE', *, *, #1488, .F. ) ;
#467 = EDGE_CURVE ( 'NONE', #464, #186, #831, .T. ) ;
#468 = CARTESIAN_POINT ( 'NONE',  ( 21.63307053910937228, 19.16617699716827872, 3.500000000000254907 ) ) ;
#469 = LINE ( 'NONE', #2406, #253 ) ;
#470 = ORIENTED_EDGE ( 'NONE', *, *, #1538, .T. ) ;
#471 = DIRECTION ( 'NONE',  ( -0.000000000000000000, 0.000000000000000000, 1.000000000000000000 ) ) ;
#472 = FACE_OUTER_BOUND ( 'NONE', #151, .T. ) ;
#473 = ORIENTED_EDGE ( 'NONE', *, *, #1925, .F. ) ;
#474 = CARTESIAN_POINT ( 'NONE',  ( 19.86289655596839054, 32.86108385261967868, 5.500000000000254907 ) ) ;
#475 = VECTOR ( 'NONE', #1561, 1000.000000000000000 ) ;
#476 = ORIENTED_EDGE ( 'NONE', *, *, #1120, .T. ) ;
#477 = CARTESIAN_POINT ( 'NONE',  ( 26.27554745711413631, 26.47204648586428277, 5.500000000000254907 ) ) ;
#478 = AXIS2_PLACEMENT_3D ( 'NONE', #1947, #888, #46 ) ;
#479 = CIRCLE ( 'NONE', #2539, 5.250000000000000000 ) ;
#480 = AXIS2_PLACEMENT_3D ( 'NONE', #1251, #836, #1713 ) ;
#481 = VECTOR ( 'NONE', #723, 1000.000000000000000 ) ;
#482 = ORIENTED_EDGE ( 'NONE', *, *, #2157, .F. ) ;
#483 = CARTESIAN_POINT ( 'NONE',  ( -27.15895618077229656, 0.000000000000000000, 3.500000000000254463 ) ) ;
#484 = DIRECTION ( 'NONE',  ( 1.000000000000000000, 0.000000000000000000, -0.000000000000000000 ) ) ;
#485 = VECTOR ( 'NONE', #373, 1000.000000000000000 ) ;
#486 = CARTESIAN_POINT ( 'NONE',  ( 0.000000000000000000, 0.000000000000000000, 5.500000000000254907 ) ) ;
#487 = EDGE_CURVE ( 'NONE', #311, #1965, #287, .T. ) ;
#488 = ORIENTED_EDGE ( 'NONE', *, *, #2481, .T. ) ;
#489 = CARTESIAN_POINT ( 'NONE',  ( -2.615539500464059142, -12.76549989963823784, 5.500000000000254907 ) ) ;
#490 = PLANE ( 'NONE',  #2686 ) ;
#491 = EDGE_CURVE ( 'NONE', #2196, #964, #562, .T. ) ;
#492 = CARTESIAN_POINT ( 'NONE',  ( 0.000000000000000000, 0.000000000000000000, 0.000000000000000000 ) ) ;
#493 = DIRECTION ( 'NONE',  ( 0.000000000000000000, 1.000000000000000000, 0.000000000000000000 ) ) ;
#494 = CARTESIAN_POINT ( 'NONE',  ( -7.153289868025776599, -13.29805609406241018, 3.500000000000254463 ) ) ;
#495 = VERTEX_POINT ( 'NONE', #2671 ) ;
#496 = ORIENTED_EDGE ( 'NONE', *, *, #1212, .F. ) ;
#497 = DIRECTION ( 'NONE',  ( 1.000000000000000000, -0.000000000000000000, -0.000000000000000000 ) ) ;
#498 = DIRECTION ( 'NONE',  ( 1.000000000000000000, 0.000000000000000000, 0.000000000000000000 ) ) ;
#499 = FACE_OUTER_BOUND ( 'NONE', #194, .T. ) ;
#500 = EDGE_LOOP ( 'NONE', ( #92, #1878, #981, #2527, #2032, #2335, #496, #1666 ) ) ;
#501 = CARTESIAN_POINT ( 'NONE',  ( 17.42668493753810210, 9.628561104224484524, 3.500000000000254463 ) ) ;
#502 = DIRECTION ( 'NONE',  ( 0.000000000000000000, 0.000000000000000000, -1.000000000000000000 ) ) ;
#503 = EDGE_CURVE ( 'NONE', #2218, #1276, #1396, .T. ) ;
#504 = DIRECTION ( 'NONE',  ( 1.000000000000000000, 0.000000000000000000, 0.000000000000000000 ) ) ;
#505 = CARTESIAN_POINT ( 'NONE',  ( 17.42792918169166327, -27.77046216421287994, 5.500000000000254907 ) ) ;
#506 = EDGE_CURVE ( 'NONE', #421, #254, #84, .T. ) ;
#507 = ORIENTED_EDGE ( 'NONE', *, *, #1266, .T. ) ;
#508 = DIRECTION ( 'NONE',  ( 0.000000000000000000, 1.000000000000000000, -0.000000000000000000 ) ) ;
#509 = CARTESIAN_POINT ( 'NONE',  ( 15.64602668727106760, 28.50704633327629978, 5.500000000000254907 ) ) ;
#510 = AXIS2_PLACEMENT_3D ( 'NONE', #1755, #523, #960 ) ;
#511 = ORIENTED_EDGE ( 'NONE', *, *, #1104, .T. ) ;
#512 = VERTEX_POINT ( 'NONE', #730 ) ;
#513 = DIRECTION ( 'NONE',  ( -0.000000000000000000, -0.000000000000000000, -1.000000000000000000 ) ) ;
#514 = CARTESIAN_POINT ( 'NONE',  ( 17.42668493753810210, -27.77046216421287994, 13.50000000000025402 ) ) ;
#515 = ORIENTED_EDGE ( 'NONE', *, *, #427, .F. ) ;
#516 = VECTOR ( 'NONE', #2401, 1000.000000000000227 ) ;
#517 = DIRECTION ( 'NONE',  ( 0.000000000000000000, -1.000000000000000000, 0.000000000000000000 ) ) ;
#518 = CARTESIAN_POINT ( 'NONE',  ( 26.27554745711413631, 19.16617699716827872, 3.500000000000254463 ) ) ;
#519 = EDGE_CURVE ( 'NONE', #895, #1054, #133, .T. ) ;
#520 = VERTEX_POINT ( 'NONE', #1636 ) ;
#521 = CARTESIAN_POINT ( 'NONE',  ( 0.000000000000000000, 0.000000000000000000, 0.000000000000000000 ) ) ;
#522 = PLANE ( 'NONE',  #2726 ) ;
#523 = DIRECTION ( 'NONE',  ( 0.9813337787353678676, 0.1923122843527269865, 0.000000000000000000 ) ) ;
#524 = ADVANCED_FACE ( 'NONE', ( #538 ), #1581, .F. ) ;
#525 = AXIS2_PLACEMENT_3D ( 'NONE', #2063, #101, #303 ) ;
#526 = DIRECTION ( 'NONE',  ( -1.000000000000000000, 0.000000000000000000, 0.000000000000000000 ) ) ;
#527 = VECTOR ( 'NONE', #1241, 1000.000000000000000 ) ;
#528 = ORIENTED_EDGE ( 'NONE', *, *, #487, .F. ) ;
#529 = CARTESIAN_POINT ( 'NONE',  ( 0.000000000000000000, -2.567958942245283982, -8.159750702876424455 ) ) ;
#530 = VECTOR ( 'NONE', #368, 1000.000000000000000 ) ;
#531 = CARTESIAN_POINT ( 'NONE',  ( -15.78115606453545183, 33.50704633327629978, 0.000000000000000000 ) ) ;
#532 = AXIS2_PLACEMENT_3D ( 'NONE', #1385, #2682, #2035 ) ;
#533 = VECTOR ( 'NONE', #439, 1000.000000000000000 ) ;
#534 = ORIENTED_EDGE ( 'NONE', *, *, #2747, .T. ) ;
#535 = LINE ( 'NONE', #2256, #1949 ) ;
#536 = VECTOR ( 'NONE', #2158, 1000.000000000000000 ) ;
#537 = CYLINDRICAL_SURFACE ( 'NONE', #1685, 4.349999999999999645 ) ;
#538 = FACE_OUTER_BOUND ( 'NONE', #2554, .T. ) ;
#539 = CARTESIAN_POINT ( 'NONE',  ( 0.000000000000000000, 0.000000000000000000, 3.500000000000254907 ) ) ;
#540 = PLANE ( 'NONE',  #1218 ) ;
#541 = ADVANCED_FACE ( 'NONE', ( #1202 ), #2700, .F. ) ;
#542 = DIRECTION ( 'NONE',  ( 0.000000000000000000, 0.000000000000000000, 1.000000000000000000 ) ) ;
#543 = EDGE_LOOP ( 'NONE', ( #51, #1039, #1475, #1480, #1446 ) ) ;
#544 = LINE ( 'NONE', #2666, #1198 ) ;
#545 = EDGE_CURVE ( 'NONE', #2140, #2436, #479, .T. ) ;
#546 = VERTEX_POINT ( 'NONE', #114 ) ;
#547 = LINE ( 'NONE', #1159, #2489 ) ;
#548 = CARTESIAN_POINT ( 'NONE',  ( -23.21295638980803844, 25.37803181733859503, 5.500000000000254907 ) ) ;
#549 = DIRECTION ( 'NONE',  ( 0.9999977837638835965, -0.002105342566206879189, 0.000000000000000000 ) ) ;
#550 = PLANE ( 'NONE',  #2500 ) ;
#551 = FACE_OUTER_BOUND ( 'NONE', #1497, .T. ) ;
#552 = ADVANCED_FACE ( 'NONE', ( #971 ), #1184, .F. ) ;
#553 = ORIENTED_EDGE ( 'NONE', *, *, #1963, .F. ) ;
#554 = CARTESIAN_POINT ( 'NONE',  ( -28.34161846380722238, 14.75666087085782507, 18.50000000000025224 ) ) ;
#555 = LINE ( 'NONE', #109, #880 ) ;
#556 = ORIENTED_EDGE ( 'NONE', *, *, #1170, .F. ) ;
#557 = ADVANCED_FACE ( 'NONE', ( #1264 ), #1658, .F. ) ;
#558 = ADVANCED_FACE ( 'NONE', ( #2507 ), #1461, .F. ) ;
#559 = DIRECTION ( 'NONE',  ( 0.9929314809889342452, 0.1186889803693740864, 0.000000000000000000 ) ) ;
#560 = FACE_OUTER_BOUND ( 'NONE', #1874, .T. ) ;
#561 = ADVANCED_FACE ( 'NONE', ( #1876 ), #179, .F. ) ;
#562 = LINE ( 'NONE', #2016, #609 ) ;
#563 = VECTOR ( 'NONE', #2024, 1000.000000000000000 ) ;
#564 = CARTESIAN_POINT ( 'NONE',  ( -2.511174298210562483, -13.29805609406240841, 5.500000000000254907 ) ) ;
#565 = FACE_OUTER_BOUND ( 'NONE', #721, .T. ) ;
#566 = VECTOR ( 'NONE', #1125, 1000.000000000000000 ) ;
#567 = ORIENTED_EDGE ( 'NONE', *, *, #585, .T. ) ;
#568 = CARTESIAN_POINT ( 'NONE',  ( 26.27883179831746219, 19.16617699716827872, 0.000000000000000000 ) ) ;
#569 = VECTOR ( 'NONE', #2054, 1000.000000000000000 ) ;
#570 = ORIENTED_EDGE ( 'NONE', *, *, #2059, .T. ) ;
#571 = CARTESIAN_POINT ( 'NONE',  ( 17.42792918169166327, -27.73684457774396250, 3.500000000000254463 ) ) ;
#572 = VECTOR ( 'NONE', #2139, 1000.000000000000000 ) ;
#573 = VERTEX_POINT ( 'NONE', #152 ) ;
#574 = EDGE_CURVE ( 'NONE', #1137, #814, #1444, .T. ) ;
#575 = VECTOR ( 'NONE', #1350, 1000.000000000000000 ) ;
#576 = VECTOR ( 'NONE', #2226, 1000.000000000000000 ) ;
#577 = CYLINDRICAL_SURFACE ( 'NONE', #2501, 3.499999999999999556 ) ;
#578 = FACE_BOUND ( 'NONE', #910, .T. ) ;
#579 = DIRECTION ( 'NONE',  ( 0.000000000000000000, 0.000000000000000000, 1.000000000000000000 ) ) ;
#580 = DIRECTION ( 'NONE',  ( 0.000000000000000000, 0.000000000000000000, -1.000000000000000000 ) ) ;
#581 = ORIENTED_EDGE ( 'NONE', *, *, #2537, .T. ) ;
#582 = ORIENTED_EDGE ( 'NONE', *, *, #1892, .T. ) ;
#583 = DIRECTION ( 'NONE',  ( 1.000000000000000000, 0.000000000000000000, 0.000000000000000000 ) ) ;
#584 = ORIENTED_EDGE ( 'NONE', *, *, #519, .T. ) ;
#585 = EDGE_CURVE ( 'NONE', #160, #262, #358, .T. ) ;
#586 = DIRECTION ( 'NONE',  ( 0.000000000000000000, 0.000000000000000000, -1.000000000000000000 ) ) ;
#587 = LINE ( 'NONE', #2136, #2279 ) ;
#588 = EDGE_CURVE ( 'NONE', #2075, #2531, #2308, .T. ) ;
#589 = DIRECTION ( 'NONE',  ( -0.000000000000000000, -0.000000000000000000, -1.000000000000000000 ) ) ;
#590 = ORIENTED_EDGE ( 'NONE', *, *, #1823, .F. ) ;
#591 = DIRECTION ( 'NONE',  ( -0.000000000000000000, -0.000000000000000000, -1.000000000000000000 ) ) ;
#592 = VERTEX_POINT ( 'NONE', #2518 ) ;
#593 = CARTESIAN_POINT ( 'NONE',  ( 17.42668493753810210, 9.628561104224484524, 13.50000000000025402 ) ) ;
#594 = DIRECTION ( 'NONE',  ( 1.000000000000000000, 0.000000000000000000, 0.000000000000000000 ) ) ;
#595 = CARTESIAN_POINT ( 'NONE',  ( 23.49496792174097948, 28.28069104220172747, 5.500000000000254907 ) ) ;
#596 = ORIENTED_EDGE ( 'NONE', *, *, #641, .F. ) ;
#597 = VECTOR ( 'NONE', #766, 1000.000000000000000 ) ;
#598 = CARTESIAN_POINT ( 'NONE',  ( 17.42792918169166327, -36.49533803050918124, 5.500000000000254907 ) ) ;
#599 = EDGE_CURVE ( 'NONE', #916, #227, #2339, .T. ) ;
#600 = ORIENTED_EDGE ( 'NONE', *, *, #2602, .T. ) ;
#601 = CARTESIAN_POINT ( 'NONE',  ( 20.00229512255086206, 28.50704633327629978, 5.700000000000254197 ) ) ;
#602 = CARTESIAN_POINT ( 'NONE',  ( 17.42668493753810210, -27.77046216421287994, 5.500000000000254907 ) ) ;
#603 = EDGE_CURVE ( 'NONE', #1463, #770, #203, .T. ) ;
#604 = ORIENTED_EDGE ( 'NONE', *, *, #2290, .F. ) ;
#605 = ORIENTED_EDGE ( 'NONE', *, *, #1099, .T. ) ;
#606 = VERTEX_POINT ( 'NONE', #2757 ) ;
#607 = CARTESIAN_POINT ( 'NONE',  ( -4.832232083118171317, -10.05694419705314324, 5.700000000000254197 ) ) ;
#608 = ORIENTED_EDGE ( 'NONE', *, *, #574, .F. ) ;
#609 = VECTOR ( 'NONE', #2001, 1000.000000000000000 ) ;
#610 = DIRECTION ( 'NONE',  ( -0.000000000000000000, -0.000000000000000000, -1.000000000000000000 ) ) ;
#611 = CIRCLE ( 'NONE', #127, 3.499999999999999556 ) ;
#612 = DIRECTION ( 'NONE',  ( 0.7893168006099253731, -0.6139861466473907070, 0.000000000000000000 ) ) ;
#613 = VERTEX_POINT ( 'NONE', #1435 ) ;
#614 = AXIS2_PLACEMENT_3D ( 'NONE', #763, #2247, #318 ) ;
#615 = AXIS2_PLACEMENT_3D ( 'NONE', #2245, #1578, #1999 ) ;
#616 = AXIS2_PLACEMENT_3D ( 'NONE', #2165, #1317, #1760 ) ;
#617 = ORIENTED_EDGE ( 'NONE', *, *, #506, .T. ) ;
#618 = LINE ( 'NONE', #2330, #1280 ) ;
#619 = AXIS2_PLACEMENT_3D ( 'NONE', #2470, #1391, #1177 ) ;
#620 = VERTEX_POINT ( 'NONE', #1023 ) ;
#621 = DIRECTION ( 'NONE',  ( -1.000000000000000000, 0.000000000000000000, 0.000000000000000000 ) ) ;
#622 = EDGE_CURVE ( 'NONE', #592, #964, #851, .T. ) ;
#623 = CARTESIAN_POINT ( 'NONE',  ( 19.21454663313912903, 33.50704633327629978, 5.500000000000254907 ) ) ;
#624 = EDGE_LOOP ( 'NONE', ( #365, #556, #1982, #6 ) ) ;
#625 = EDGE_LOOP ( 'NONE', ( #2753, #1014, #2648, #330 ) ) ;
#626 = ADVANCED_FACE ( 'NONE', ( #834 ), #577, .F. ) ;
#627 = ORIENTED_EDGE ( 'NONE', *, *, #729, .T. ) ;
#628 = DIRECTION ( 'NONE',  ( -0.000000000000000000, -0.000000000000000000, -1.000000000000000000 ) ) ;
#629 = ORIENTED_EDGE ( 'NONE', *, *, #1437, .F. ) ;
#630 = ORIENTED_EDGE ( 'NONE', *, *, #2424, .F. ) ;
#631 = DIRECTION ( 'NONE',  ( -0.000000000000000000, -0.000000000000000000, 1.000000000000000000 ) ) ;
#632 = CARTESIAN_POINT ( 'NONE',  ( -22.03115606453544828, 33.50704633327629267, 11.67735152382168806 ) ) ;
#633 = ORIENTED_EDGE ( 'NONE', *, *, #1352, .F. ) ;
#634 = CARTESIAN_POINT ( 'NONE',  ( 21.63307053910937228, 19.16617699716827872, -8.159750702876424455 ) ) ;
#635 = LINE ( 'NONE', #264, #2118 ) ;
#636 = CARTESIAN_POINT ( 'NONE',  ( -15.78115606453544828, -1.697238478191880734E-15, 5.500000000000254907 ) ) ;
#637 = EDGE_CURVE ( 'NONE', #1670, #1364, #1424, .T. ) ;
#638 = VERTEX_POINT ( 'NONE', #379 ) ;
#639 = DIRECTION ( 'NONE',  ( -0.000000000000000000, 0.000000000000000000, -1.000000000000000000 ) ) ;
#640 = ORIENTED_EDGE ( 'NONE', *, *, #1768, .T. ) ;
#641 = EDGE_CURVE ( 'NONE', #840, #613, #1900, .T. ) ;
#642 = CARTESIAN_POINT ( 'NONE',  ( 24.11166736146259026, 28.62795844823632052, 3.500000000000254463 ) ) ;
#643 = LINE ( 'NONE', #1877, #838 ) ;
#644 = EDGE_CURVE ( 'NONE', #546, #2103, #1916, .T. ) ;
#645 = ORIENTED_EDGE ( 'NONE', *, *, #312, .F. ) ;
#646 = DIRECTION ( 'NONE',  ( 0.000000000000000000, -1.000000000000000000, 0.000000000000000000 ) ) ;
#647 = ORIENTED_EDGE ( 'NONE', *, *, #2214, .T. ) ;
#648 = AXIS2_PLACEMENT_3D ( 'NONE', #1740, #2417, #2606 ) ;
#649 = DIRECTION ( 'NONE',  ( 0.000000000000000000, 0.000000000000000000, -1.000000000000000000 ) ) ;
#650 = DIRECTION ( 'NONE',  ( 0.000000000000000000, -1.000000000000000000, 0.000000000000000000 ) ) ;
#651 = EDGE_LOOP ( 'NONE', ( #97, #2356, #992 ) ) ;
#652 = AXIS2_PLACEMENT_3D ( 'NONE', #896, #1529, #2454 ) ;
#653 = ORIENTED_EDGE ( 'NONE', *, *, #1118, .T. ) ;
#654 = ORIENTED_EDGE ( 'NONE', *, *, #148, .T. ) ;
#655 = CARTESIAN_POINT ( 'NONE',  ( 17.42668493753810210, 9.628561104224484524, 13.50000000000025402 ) ) ;
#656 = ORIENTED_EDGE ( 'NONE', *, *, #1892, .F. ) ;
#657 = DIRECTION ( 'NONE',  ( -1.000000000000000000, 0.000000000000000000, -0.000000000000000000 ) ) ;
#658 = DIRECTION ( 'NONE',  ( 0.000000000000000000, 1.000000000000000000, 0.000000000000000000 ) ) ;
#659 = EDGE_CURVE ( 'NONE', #2048, #2208, #2724, .T. ) ;
#660 = VERTEX_POINT ( 'NONE', #2326 ) ;
#661 = LINE ( 'NONE', #700, #2082 ) ;
#662 = EDGE_CURVE ( 'NONE', #2072, #83, #1007, .T. ) ;
#663 = ORIENTED_EDGE ( 'NONE', *, *, #957, .T. ) ;
#664 = VECTOR ( 'NONE', #192, 1000.000000000000000 ) ;
#665 = PRODUCT_DEFINITION_SHAPE ( 'NONE', 'NONE',  #676 ) ;
#666 = VECTOR ( 'NONE', #1172, 1000.000000000000000 ) ;
#667 = CARTESIAN_POINT ( 'NONE',  ( 19.21454663313912903, 33.50704633327629978, 3.500000000000254907 ) ) ;
#668 = CARTESIAN_POINT ( 'NONE',  ( 17.30361522509837968, -31.90667106098782213, 3.500000000000254907 ) ) ;
#669 = EDGE_LOOP ( 'NONE', ( #444, #2546, #56, #202 ) ) ;
#670 = ORIENTED_EDGE ( 'NONE', *, *, #1451, .F. ) ;
#671 = ORIENTED_EDGE ( 'NONE', *, *, #843, .T. ) ;
#672 = CARTESIAN_POINT ( 'NONE',  ( -23.21295638980803844, 25.37803181733859503, 18.50000000000025224 ) ) ;
#673 = VERTEX_POINT ( 'NONE', #797 ) ;
#674 = DIRECTION ( 'NONE',  ( -0.1923122843527269865, 0.9813337787353677566, -0.000000000000000000 ) ) ;
#675 = LINE ( 'NONE', #26, #383 ) ;
#676 = PRODUCT_DEFINITION ( 'UNKNOWN', '', #1261, #2762 ) ;
#677 = CARTESIAN_POINT ( 'NONE',  ( -23.19584199159677596, 33.50704633327629267, 3.500000000000254907 ) ) ;
#678 = ADVANCED_FACE ( 'NONE', ( #818 ), #1646, .T. ) ;
#679 = DIRECTION ( 'NONE',  ( 0.000000000000000000, 1.000000000000000000, -0.000000000000000000 ) ) ;
#680 = DIRECTION ( 'NONE',  ( -0.000000000000000000, 1.000000000000000000, -0.000000000000000000 ) ) ;
#681 = EDGE_LOOP ( 'NONE', ( #2174, #2453, #473, #378 ) ) ;
#682 = DIRECTION ( 'NONE',  ( -0.000000000000000000, 0.000000000000000000, 1.000000000000000000 ) ) ;
#683 = DIRECTION ( 'NONE',  ( 1.000000000000000000, -0.000000000000000000, -0.000000000000000000 ) ) ;
#684 = CARTESIAN_POINT ( 'NONE',  ( 1.763271489526741125E-15, -13.29805609406240841, 5.500000000000254907 ) ) ;
#685 = CARTESIAN_POINT ( 'NONE',  ( 19.21454663313912903, 33.50704633327629978, 5.500000000000254907 ) ) ;
#686 = PLANE ( 'NONE',  #1731 ) ;
#687 = PLANE ( 'NONE',  #885 ) ;
#688 = ORIENTED_EDGE ( 'NONE', *, *, #1451, .T. ) ;
#689 = LINE ( 'NONE', #1537, #516 ) ;
#690 = EDGE_CURVE ( 'NONE', #295, #2722, #69, .T. ) ;
#691 = AXIS2_PLACEMENT_3D ( 'NONE', #2043, #800, #1829 ) ;
#692 = VERTEX_POINT ( 'NONE', #2351 ) ;
#693 = CARTESIAN_POINT ( 'NONE',  ( -23.19584199159677596, 33.50704633327629267, 16.79653179914949135 ) ) ;
#694 = CARTESIAN_POINT ( 'NONE',  ( -29.37216914772753640, -24.73533803050917967, 3.500000000000254907 ) ) ;
#695 = ADVANCED_FACE ( 'NONE', ( #698 ), #2396, .F. ) ;
#696 = DIRECTION ( 'NONE',  ( -0.7084098798067387515, 0.7058012767006035526, -0.000000000000000000 ) ) ;
#697 = ORIENTED_EDGE ( 'NONE', *, *, #1858, .T. ) ;
#698 = FACE_OUTER_BOUND ( 'NONE', #375, .T. ) ;
#699 = CARTESIAN_POINT ( 'NONE',  ( 26.27554745711413631, 26.47204648586428277, 3.500000000000254907 ) ) ;
#700 = CARTESIAN_POINT ( 'NONE',  ( 26.27883179831746219, 19.16617699716827872, -8.159750702876424455 ) ) ;
#701 = PLANE ( 'NONE',  #648 ) ;
#702 = VECTOR ( 'NONE', #1490, 1000.000000000000000 ) ;
#703 = AXIS2_PLACEMENT_3D ( 'NONE', #2168, #1532, #911 ) ;
#704 = ORIENTED_EDGE ( 'NONE', *, *, #2319, .T. ) ;
#705 = VECTOR ( 'NONE', #1733, 1000.000000000000000 ) ;
#706 = AXIS2_PLACEMENT_3D ( 'NONE', #1160, #2658, #727 ) ;
#707 = ADVANCED_FACE ( 'NONE', ( #2182 ), #881, .T. ) ;
#708 = ORIENTED_EDGE ( 'NONE', *, *, #1858, .F. ) ;
#709 = CARTESIAN_POINT ( 'NONE',  ( -9.182232083118170962, -10.05694419705314324, 5.700000000000254197 ) ) ;
#710 = CARTESIAN_POINT ( 'NONE',  ( 15.83391402965598971, -31.90667106098782213, 3.500000000000254907 ) ) ;
#711 = VECTOR ( 'NONE', #827, 1000.000000000000000 ) ;
#712 = FACE_OUTER_BOUND ( 'NONE', #828, .T. ) ;
#713 = EDGE_LOOP ( 'NONE', ( #2114, #2064, #2207, #894 ) ) ;
#714 = EDGE_CURVE ( 'NONE', #736, #4, #2599, .T. ) ;
#715 = DIRECTION ( 'NONE',  ( -0.000000000000000000, -0.000000000000000000, -1.000000000000000000 ) ) ;
#716 = CARTESIAN_POINT ( 'NONE',  ( 26.27883179831746219, 22.35521482882545286, 0.000000000000000000 ) ) ;
#717 = DIRECTION ( 'NONE',  ( 0.000000000000000000, -1.000000000000000000, 0.000000000000000000 ) ) ;
#718 = VERTEX_POINT ( 'NONE', #1279 ) ;
#719 = PLANE ( 'NONE',  #1586 ) ;
#720 = ORIENTED_EDGE ( 'NONE', *, *, #780, .T. ) ;
#721 = EDGE_LOOP ( 'NONE', ( #1112, #1515, #847, #2598 ) ) ;
#722 = DIRECTION ( 'NONE',  ( -0.000000000000000000, -0.000000000000000000, -1.000000000000000000 ) ) ;
#723 = DIRECTION ( 'NONE',  ( 0.000000000000000000, -1.000000000000000000, 0.000000000000000000 ) ) ;
#724 = EDGE_CURVE ( 'NONE', #2267, #1691, #1712, .T. ) ;
#725 = ORIENTED_EDGE ( 'NONE', *, *, #374, .F. ) ;
#726 = CARTESIAN_POINT ( 'NONE',  ( 17.30361522509837968, -31.90667106098782213, 0.000000000000000000 ) ) ;
#727 = DIRECTION ( 'NONE',  ( 0.7084098798067387515, -0.7058012767006035526, 0.000000000000000000 ) ) ;
#728 = CARTESIAN_POINT ( 'NONE',  ( -23.21295638980803844, -27.74939533400519309, 5.500000000000254907 ) ) ;
#729 = EDGE_CURVE ( 'NONE', #1747, #2514, #1102, .T. ) ;
#730 = CARTESIAN_POINT ( 'NONE',  ( 12.27641530783898638, 33.50704633327629978, 3.500000000000254907 ) ) ;
#731 = LINE ( 'NONE', #2672, #2407 ) ;
#732 = DIRECTION ( 'NONE',  ( 0.000000000000000000, 0.000000000000000000, 1.000000000000000000 ) ) ;
#733 = EDGE_CURVE ( 'NONE', #227, #418, #1959, .T. ) ;
#734 = CARTESIAN_POINT ( 'NONE',  ( -28.34161846380722238, 14.75666087085782507, 5.500000000000254907 ) ) ;
#735 = CARTESIAN_POINT ( 'NONE',  ( -4.832232083118171317, -10.05694419705314324, 5.500000000000254907 ) ) ;
#736 = VERTEX_POINT ( 'NONE', #220 ) ;
#737 = LINE ( 'NONE', #938, #825 ) ;
#738 = LINE ( 'NONE', #1817, #212 ) ;
#739 = ORIENTED_EDGE ( 'NONE', *, *, #1341, .F. ) ;
#740 = AXIS2_PLACEMENT_3D ( 'NONE', #1414, #1213, #999 ) ;
#741 = LINE ( 'NONE', #2681, #154 ) ;
#742 = CARTESIAN_POINT ( 'NONE',  ( -28.34161846380722594, 25.37803181733859503, 18.50000000000025224 ) ) ;
#743 = CIRCLE ( 'NONE', #1368, 4.349999999999999645 ) ;
#744 = EDGE_CURVE ( 'NONE', #2440, #262, #1060, .T. ) ;
#745 = CARTESIAN_POINT ( 'NONE',  ( -6.434681068304913154, 11.42711392043392316, 3.500000000000254907 ) ) ;
#746 = DIRECTION ( 'NONE',  ( -1.000000000000000000, 0.000000000000000000, 0.000000000000000000 ) ) ;
#747 = EDGE_CURVE ( 'NONE', #2722, #916, #1485, .T. ) ;
#748 = VECTOR ( 'NONE', #144, 1000.000000000000000 ) ;
#749 = FACE_OUTER_BOUND ( 'NONE', #1268, .T. ) ;
#750 = DIRECTION ( 'NONE',  ( -0.000000000000000000, -0.000000000000000000, -1.000000000000000000 ) ) ;
#751 = ORIENTED_EDGE ( 'NONE', *, *, #1631, .F. ) ;
#752 = VECTOR ( 'NONE', #145, 1000.000000000000000 ) ;
#753 = VERTEX_POINT ( 'NONE', #1748 ) ;
#754 = AXIS2_PLACEMENT_3D ( 'NONE', #501, #2229, #2244 ) ;
#755 = PLANE ( 'NONE',  #1328 ) ;
#756 = VECTOR ( 'NONE', #658, 1000.000000000000000 ) ;
#757 = VECTOR ( 'NONE', #2132, 1000.000000000000000 ) ;
#758 = ORIENTED_EDGE ( 'NONE', *, *, #1823, .T. ) ;
#759 = FACE_OUTER_BOUND ( 'NONE', #1447, .T. ) ;
#760 = AXIS2_PLACEMENT_3D ( 'NONE', #225, #1695, #1052 ) ;
#761 = CARTESIAN_POINT ( 'NONE',  ( 15.80425832420069554, 9.628561104224484524, 5.500000000000254907 ) ) ;
#762 = LINE ( 'NONE', #1200, #1413 ) ;
#763 = CARTESIAN_POINT ( 'NONE',  ( 0.000000000000000000, 0.000000000000000000, 3.500000000000254907 ) ) ;
#764 = DIRECTION ( 'NONE',  ( -1.000000000000000000, 0.000000000000000000, -0.000000000000000000 ) ) ;
#765 = EDGE_CURVE ( 'NONE', #2717, #60, #210, .T. ) ;
#766 = DIRECTION ( 'NONE',  ( -1.000000000000000000, 0.000000000000000000, 0.000000000000000000 ) ) ;
#767 = ADVANCED_FACE ( 'NONE', ( #1986, #864 ), #1548, .F. ) ;
#768 = VERTEX_POINT ( 'NONE', #1503 ) ;
#769 = DIRECTION ( 'NONE',  ( -0.000000000000000000, -0.000000000000000000, -1.000000000000000000 ) ) ;
#770 = VERTEX_POINT ( 'NONE', #489 ) ;
#771 = DIRECTION ( 'NONE',  ( 0.1186889803693741002, -0.9929314809889343563, 0.000000000000000000 ) ) ;
#772 = LINE ( 'NONE', #1794, #2644 ) ;
#773 = LINE ( 'NONE', #1161, #377 ) ;
#774 = DIRECTION ( 'NONE',  ( -1.000000000000000000, -1.325961837620795774E-16, 0.000000000000000000 ) ) ;
#775 = LINE ( 'NONE', #361, #597 ) ;
#776 = ORIENTED_EDGE ( 'NONE', *, *, #2272, .F. ) ;
#777 = ADVANCED_FACE ( 'NONE', ( #2197 ), #2614, .F. ) ;
#778 = PLANE ( 'NONE',  #2281 ) ;
#779 = VERTEX_POINT ( 'NONE', #1294 ) ;
#780 = EDGE_CURVE ( 'NONE', #2264, #421, #232, .T. ) ;
#781 = FACE_OUTER_BOUND ( 'NONE', #941, .T. ) ;
#782 = LINE ( 'NONE', #728, #123 ) ;
#783 = VERTEX_POINT ( 'NONE', #25 ) ;
#784 = VECTOR ( 'NONE', #1784, 1000.000000000000000 ) ;
#785 = CARTESIAN_POINT ( 'NONE',  ( -22.03115606453544828, 34.75666087085782863, 6.427351523821688062 ) ) ;
#786 = AXIS2_PLACEMENT_3D ( 'NONE', #1298, #142, #621 ) ;
#787 = CARTESIAN_POINT ( 'NONE',  ( 0.000000000000000000, -2.567958942245283982, 3.500000000000254907 ) ) ;
#788 = CARTESIAN_POINT ( 'NONE',  ( -23.19584199159677596, 33.50704633327629978, 18.50000000000025224 ) ) ;
#789 = DIRECTION ( 'NONE',  ( -0.000000000000000000, -0.000000000000000000, -1.000000000000000000 ) ) ;
#790 = LINE ( 'NONE', #1641, #40 ) ;
#791 = ADVANCED_FACE ( 'NONE', ( #1520 ), #2383, .F. ) ;
#792 = ORIENTED_EDGE ( 'NONE', *, *, #1104, .F. ) ;
#793 = DIRECTION ( 'NONE',  ( 0.000000000000000000, -1.000000000000000000, 0.000000000000000000 ) ) ;
#794 = AXIS2_PLACEMENT_3D ( 'NONE', #539, #2289, #764 ) ;
#795 = EDGE_CURVE ( 'NONE', #779, #2730, #898, .T. ) ;
#796 = CIRCLE ( 'NONE', #433, 3.499999999999999556 ) ;
#797 = CARTESIAN_POINT ( 'NONE',  ( -7.153289868025776599, -13.29805609406241018, 5.500000000000254907 ) ) ;
#798 = DIRECTION ( 'NONE',  ( -0.000000000000000000, -0.000000000000000000, 1.000000000000000000 ) ) ;
#799 = VERTEX_POINT ( 'NONE', #726 ) ;
#800 = DIRECTION ( 'NONE',  ( 0.000000000000000000, 0.000000000000000000, -1.000000000000000000 ) ) ;
#801 = VERTEX_POINT ( 'NONE', #85 ) ;
#802 = FACE_OUTER_BOUND ( 'NONE', #107, .T. ) ;
#803 = ORIENTED_EDGE ( 'NONE', *, *, #156, .T. ) ;
#804 = ORIENTED_EDGE ( 'NONE', *, *, #2550, .T. ) ;
#805 = ORIENTED_EDGE ( 'NONE', *, *, #937, .F. ) ;
#806 = DIRECTION ( 'NONE',  ( -1.000000000000000000, -1.325961837620795774E-16, 0.000000000000000000 ) ) ;
#807 = DIRECTION ( 'NONE',  ( -0.000000000000000000, -0.000000000000000000, -1.000000000000000000 ) ) ;
#808 = ADVANCED_FACE ( 'NONE', ( #759 ), #1837, .F. ) ;
#809 = ORIENTED_EDGE ( 'NONE', *, *, #2333, .T. ) ;
#810 = CARTESIAN_POINT ( 'NONE',  ( 26.27883179831746219, 22.35521482882545286, -8.159750702876424455 ) ) ;
#811 = LINE ( 'NONE', #1720, #18 ) ;
#812 = DIRECTION ( 'NONE',  ( 0.000000000000000000, -1.000000000000000000, 0.000000000000000000 ) ) ;
#813 = ORIENTED_EDGE ( 'NONE', *, *, #360, .F. ) ;
#814 = VERTEX_POINT ( 'NONE', #2482 ) ;
#815 = DIRECTION ( 'NONE',  ( -0.000000000000000000, -0.000000000000000000, -1.000000000000000000 ) ) ;
#816 = DIRECTION ( 'NONE',  ( -0.0008134150765140281359, 0.9999996691779018398, 0.000000000000000000 ) ) ;
#817 = VERTEX_POINT ( 'NONE', #2013 ) ;
#818 = FACE_OUTER_BOUND ( 'NONE', #289, .T. ) ;
#819 = DIRECTION ( 'NONE',  ( -0.1150251336816975473, -0.9933625816495744720, 0.000000000000000000 ) ) ;
#820 = EDGE_CURVE ( 'NONE', #1772, #2440, #1394, .T. ) ;
#821 = ORIENTED_EDGE ( 'NONE', *, *, #1849, .F. ) ;
#822 = VECTOR ( 'NONE', #1077, 1000.000000000000000 ) ;
#823 = CARTESIAN_POINT ( 'NONE',  ( -23.19584199159677596, 33.50704633327629267, 5.500000000000254907 ) ) ;
#824 = ADVANCED_FACE ( 'NONE', ( #2643 ), #1384, .F. ) ;
#825 = VECTOR ( 'NONE', #313, 1000.000000000000000 ) ;
#826 = DIRECTION ( 'NONE',  ( -0.000000000000000000, -0.000000000000000000, -1.000000000000000000 ) ) ;
#827 = DIRECTION ( 'NONE',  ( 1.000000000000000000, 0.000000000000000000, 0.000000000000000000 ) ) ;
#828 = EDGE_LOOP ( 'NONE', ( #2560, #1914, #315, #528, #2746, #2435, #2635, #2192 ) ) ;
#829 = ORIENTED_EDGE ( 'NONE', *, *, #117, .F. ) ;
#830 = VERTEX_POINT ( 'NONE', #1777 ) ;
#831 = CIRCLE ( 'NONE', #1101, 3.499999999999999556 ) ;
#832 = CARTESIAN_POINT ( 'NONE',  ( -19.48849902806611212, 33.50704633327629978, -4.434058276324247316 ) ) ;
#833 = ORIENTED_EDGE ( 'NONE', *, *, #75, .T. ) ;
#834 = FACE_OUTER_BOUND ( 'NONE', #1510, .T. ) ;
#835 = VECTOR ( 'NONE', #381, 1000.000000000000000 ) ;
#836 = DIRECTION ( 'NONE',  ( 0.6139861466473908180, 0.7893168006099254841, -0.000000000000000000 ) ) ;
#837 = VECTOR ( 'NONE', #164, 1000.000000000000000 ) ;
#838 = VECTOR ( 'NONE', #1445, 1000.000000000000000 ) ;
#839 = AXIS2_PLACEMENT_3D ( 'NONE', #710, #2438, #993 ) ;
#840 = VERTEX_POINT ( 'NONE', #925 ) ;
#841 = CARTESIAN_POINT ( 'NONE',  ( -15.78115606453545183, 33.50704633327629978, 0.000000000000000000 ) ) ;
#842 = VECTOR ( 'NONE', #2557, 1000.000000000000000 ) ;
#843 = EDGE_CURVE ( 'NONE', #2694, #2264, #2268, .T. ) ;
#844 = CYLINDRICAL_SURFACE ( 'NONE', #1310, 3.499999999999999556 ) ;
#845 = FACE_OUTER_BOUND ( 'NONE', #20, .T. ) ;
#846 = ADVANCED_FACE ( 'NONE', ( #1143 ), #1793, .T. ) ;
#847 = ORIENTED_EDGE ( 'NONE', *, *, #275, .F. ) ;
#848 = CARTESIAN_POINT ( 'NONE',  ( -23.19584199159677596, 33.50704633327629267, 3.500000000000254907 ) ) ;
#849 = ORIENTED_EDGE ( 'NONE', *, *, #2706, .F. ) ;
#850 = ORIENTED_EDGE ( 'NONE', *, *, #2693, .F. ) ;
#851 = LINE ( 'NONE', #2498, #1373 ) ;
#852 = CARTESIAN_POINT ( 'NONE',  ( 0.000000000000000000, 19.16617699716827872, 5.500000000000254907 ) ) ;
#853 = ORIENTED_EDGE ( 'NONE', *, *, #2622, .F. ) ;
#854 = FACE_OUTER_BOUND ( 'NONE', #219, .T. ) ;
#855 = DIRECTION ( 'NONE',  ( -0.7084098798067387515, 0.7058012767006035526, -0.000000000000000000 ) ) ;
#856 = CARTESIAN_POINT ( 'NONE',  ( -27.15895618077229656, -25.41574088011293853, 3.500000000000254463 ) ) ;
#857 = ORIENTED_EDGE ( 'NONE', *, *, #545, .T. ) ;
#858 = EDGE_CURVE ( 'NONE', #2357, #139, #2216, .T. ) ;
#859 = ORIENTED_EDGE ( 'NONE', *, *, #2324, .F. ) ;
#860 = DIRECTION ( 'NONE',  ( -0.9999996691779019509, -0.0008134150765140282444, 0.000000000000000000 ) ) ;
#861 = DIRECTION ( 'NONE',  ( -0.000000000000000000, -0.000000000000000000, -1.000000000000000000 ) ) ;
#862 = ORIENTED_EDGE ( 'NONE', *, *, #1182, .F. ) ;
#863 = EDGE_CURVE ( 'NONE', #2777, #1025, #284, .T. ) ;
#864 = FACE_BOUND ( 'NONE', #500, .T. ) ;
#865 = LINE ( 'NONE', #1521, #2412 ) ;
#866 = ORIENTED_EDGE ( 'NONE', *, *, #1734, .T. ) ;
#867 = CARTESIAN_POINT ( 'NONE',  ( -7.733558274890649287, -13.29805609406241018, 5.500000000000254907 ) ) ;
#868 = ORIENTED_EDGE ( 'NONE', *, *, #491, .F. ) ;
#869 = AXIS2_PLACEMENT_3D ( 'NONE', #2262, #1428, #1625 ) ;
#870 = DIRECTION ( 'NONE',  ( 1.000000000000000000, 0.000000000000000000, 0.000000000000000000 ) ) ;
#871 = DIRECTION ( 'NONE',  ( -0.000000000000000000, -0.000000000000000000, 1.000000000000000000 ) ) ;
#872 = VERTEX_POINT ( 'NONE', #1608 ) ;
#873 = VECTOR ( 'NONE', #750, 1000.000000000000000 ) ;
#874 = ORIENTED_EDGE ( 'NONE', *, *, #2602, .F. ) ;
#875 = ORIENTED_EDGE ( 'NONE', *, *, #2431, .F. ) ;
#876 = CARTESIAN_POINT ( 'NONE',  ( 17.42792918169166327, -27.73684457774396250, 5.500000000000254907 ) ) ;
#877 = DIRECTION ( 'NONE',  ( -1.000000000000000000, -1.325961837620795774E-16, 0.000000000000000000 ) ) ;
#878 = VERTEX_POINT ( 'NONE', #300 ) ;
#879 = EDGE_CURVE ( 'NONE', #770, #1702, #316, .T. ) ;
#880 = VECTOR ( 'NONE', #1402, 1000.000000000000000 ) ;
#881 = CYLINDRICAL_SURFACE ( 'NONE', #703, 1.469701195442388197 ) ;
#882 = LINE ( 'NONE', #58, #705 ) ;
#883 = EDGE_CURVE ( 'NONE', #2781, #2312, #1805, .T. ) ;
#884 = ORIENTED_EDGE ( 'NONE', *, *, #161, .F. ) ;
#885 = AXIS2_PLACEMENT_3D ( 'NONE', #1978, #717, #1119 ) ;
#886 = VECTOR ( 'NONE', #1087, 1000.000000000000000 ) ;
#887 = ORIENTED_EDGE ( 'NONE', *, *, #2324, .T. ) ;
#888 = DIRECTION ( 'NONE',  ( -0.000000000000000000, -0.000000000000000000, -1.000000000000000000 ) ) ;
#889 = ORIENTED_EDGE ( 'NONE', *, *, #5, .T. ) ;
#890 = AXIS2_PLACEMENT_3D ( 'NONE', #1018, #1669, #1004 ) ;
#891 = VECTOR ( 'NONE', #1401, 1000.000000000000000 ) ;
#892 = FACE_OUTER_BOUND ( 'NONE', #2155, .T. ) ;
#893 = DIRECTION ( 'NONE',  ( -1.000000000000000000, 0.000000000000000000, 0.000000000000000000 ) ) ;
#894 = ORIENTED_EDGE ( 'NONE', *, *, #2403, .T. ) ;
#895 = VERTEX_POINT ( 'NONE', #111 ) ;
#896 = CARTESIAN_POINT ( 'NONE',  ( 1.763271489526741125E-15, -13.29805609406240841, 3.500000000000254463 ) ) ;
#897 = CARTESIAN_POINT ( 'NONE',  ( 17.42668493753810210, 9.628561104224484524, 3.500000000000254463 ) ) ;
#898 = LINE ( 'NONE', #2426, #382 ) ;
#899 = DIRECTION ( 'NONE',  ( -0.000000000000000000, 0.000000000000000000, 1.000000000000000000 ) ) ;
#900 = EDGE_CURVE ( 'NONE', #1994, #110, #741, .T. ) ;
#901 = CARTESIAN_POINT ( 'NONE',  ( 15.80425832420069554, -24.56742071713507158, 13.50000000000025402 ) ) ;
#902 = ORIENTED_EDGE ( 'NONE', *, *, #1811, .F. ) ;
#903 = EDGE_CURVE ( 'NONE', #1498, #736, #547, .T. ) ;
#904 = LINE ( 'NONE', #1754, #2303 ) ;
#905 = PLANE ( 'NONE',  #510 ) ;
#906 = VERTEX_POINT ( 'NONE', #983 ) ;
#907 = ORIENTED_EDGE ( 'NONE', *, *, #2108, .T. ) ;
#908 = FACE_OUTER_BOUND ( 'NONE', #1699, .T. ) ;
#909 = LINE ( 'NONE', #876, #2596 ) ;
#910 = EDGE_LOOP ( 'NONE', ( #2452, #2137 ) ) ;
#911 = DIRECTION ( 'NONE',  ( 1.000000000000000000, 0.000000000000000000, 0.000000000000000000 ) ) ;
#912 = CARTESIAN_POINT ( 'NONE',  ( 14.36421283421360151, -31.90667106098782213, 3.500000000000254907 ) ) ;
#913 = ORIENTED_EDGE ( 'NONE', *, *, #2287, .T. ) ;
#914 = UNCERTAINTY_MEASURE_WITH_UNIT (LENGTH_MEASURE( 1.000000000000000082E-05 ), #1247, 'distance_accuracy_value', 'NONE');
#915 = CARTESIAN_POINT ( 'NONE',  ( 26.27554745711413631, 19.16617699716827872, 5.500000000000254907 ) ) ;
#916 = VERTEX_POINT ( 'NONE', #2052 ) ;
#917 = EDGE_CURVE ( 'NONE', #2717, #620, #535, .T. ) ;
#918 = CARTESIAN_POINT ( 'NONE',  ( -0.9934448250388319135, 0.000000000000000000, 3.500000000000254463 ) ) ;
#919 = ADVANCED_FACE ( 'NONE', ( #1180 ), #1564, .F. ) ;
#920 = VECTOR ( 'NONE', #2662, 1000.000000000000000 ) ;
#921 = EDGE_LOOP ( 'NONE', ( #1931, #2061, #596, #2708, #1904, #310, #215 ) ) ;
#922 = LINE ( 'NONE', #2393, #1492 ) ;
#923 = PLANE ( 'NONE',  #86 ) ;
#924 = EDGE_LOOP ( 'NONE', ( #1660, #2252, #2023, #2547 ) ) ;
#925 = CARTESIAN_POINT ( 'NONE',  ( 17.42792918169166327, -29.30011630742320605, 0.000000000000000000 ) ) ;
#926 = AXIS2_PLACEMENT_3D ( 'NONE', #529, #2610, #255 ) ;
#927 = CARTESIAN_POINT ( 'NONE',  ( 21.63307053910937228, 22.35521482882545286, 3.500000000000254907 ) ) ;
#928 = DIRECTION ( 'NONE',  ( 1.000000000000000000, 0.000000000000000000, 0.000000000000000000 ) ) ;
#929 = VERTEX_POINT ( 'NONE', #1620 ) ;
#930 = CARTESIAN_POINT ( 'NONE',  ( 17.42792918169166327, -36.49533803050918124, 5.500000000000254907 ) ) ;
#931 = EDGE_CURVE ( 'NONE', #2115, #1702, #1406, .T. ) ;
#932 = VECTOR ( 'NONE', #103, 1000.000000000000114 ) ;
#933 = AXIS2_PLACEMENT_3D ( 'NONE', #1824, #549, #1841 ) ;
#934 = ORIENTED_EDGE ( 'NONE', *, *, #2180, .F. ) ;
#935 = AXIS2_PLACEMENT_3D ( 'NONE', #96, #952, #1193 ) ;
#936 = VERTEX_POINT ( 'NONE', #434 ) ;
#937 = EDGE_CURVE ( 'NONE', #1928, #2759, #2030, .T. ) ;
#938 = CARTESIAN_POINT ( 'NONE',  ( 26.27883179831746219, -29.30011630742320605, 13.50000000000025402 ) ) ;
#939 = LINE ( 'NONE', #514, #2133 ) ;
#940 = DIRECTION ( 'NONE',  ( 0.000000000000000000, 1.000000000000000000, 0.000000000000000000 ) ) ;
#941 = EDGE_LOOP ( 'NONE', ( #1974, #688, #507, #884 ) ) ;
#942 = ADVANCED_FACE ( 'NONE', ( #1287 ), #1273, .F. ) ;
#943 = DIRECTION ( 'NONE',  ( 1.000000000000000000, 0.000000000000000000, -0.000000000000000000 ) ) ;
#944 = DIRECTION ( 'NONE',  ( -0.000000000000000000, 0.000000000000000000, 1.000000000000000000 ) ) ;
#945 = DIRECTION ( 'NONE',  ( -1.000000000000000000, -1.325961837620795774E-16, 0.000000000000000000 ) ) ;
#946 = FACE_OUTER_BOUND ( 'NONE', #2306, .T. ) ;
#947 = LINE ( 'NONE', #1981, #1630 ) ;
#948 = CARTESIAN_POINT ( 'NONE',  ( -8.332232083118171317, -10.05694419705314324, 3.500000000000254463 ) ) ;
#949 = EDGE_LOOP ( 'NONE', ( #2667, #1885 ) ) ;
#950 = ORIENTED_EDGE ( 'NONE', *, *, #2410, .T. ) ;
#951 = LINE ( 'NONE', #1347, #1183 ) ;
#952 = DIRECTION ( 'NONE',  ( 0.000000000000000000, 1.000000000000000000, 0.000000000000000000 ) ) ;
#953 = ADVANCED_FACE ( 'NONE', ( #1935 ), #2318, .T. ) ;
#954 = EDGE_LOOP ( 'NONE', ( #2517, #1072, #2033, #902 ) ) ;
#955 = DIRECTION ( 'NONE',  ( 1.000000000000000000, 0.000000000000000000, 0.000000000000000000 ) ) ;
#956 = CARTESIAN_POINT ( 'NONE',  ( -7.048924665772278608, -12.76549989963824139, 3.500000000000254463 ) ) ;
#957 = EDGE_CURVE ( 'NONE', #753, #355, #2126, .T. ) ;
#958 = LINE ( 'NONE', #2038, #1225 ) ;
#959 = CARTESIAN_POINT ( 'NONE',  ( 19.21454663313912903, 33.50704633327629978, 3.500000000000254907 ) ) ;
#960 = DIRECTION ( 'NONE',  ( -0.000000000000000000, -0.000000000000000000, 1.000000000000000000 ) ) ;
#961 = CARTESIAN_POINT ( 'NONE',  ( 17.42792918169166327, -29.30011630742320605, -8.983337121729675800 ) ) ;
#962 = CARTESIAN_POINT ( 'NONE',  ( -15.78115606453544828, 1.247652906881897339, 3.500000000000254463 ) ) ;
#963 = ORIENTED_EDGE ( 'NONE', *, *, #1429, .F. ) ;
#964 = VERTEX_POINT ( 'NONE', #2099 ) ;
#965 = DIRECTION ( 'NONE',  ( 0.000000000000000000, 0.000000000000000000, 1.000000000000000000 ) ) ;
#966 = ORIENTED_EDGE ( 'NONE', *, *, #1738, .T. ) ;
#967 = CIRCLE ( 'NONE', #1593, 2.884907527397808202 ) ;
#968 = DIRECTION ( 'NONE',  ( -0.000000000000000000, -0.000000000000000000, 1.000000000000000000 ) ) ;
#969 = DIRECTION ( 'NONE',  ( -1.000000000000000000, 0.000000000000000000, 0.000000000000000000 ) ) ;
#970 = EDGE_LOOP ( 'NONE', ( #1889, #1084, #398, #950 ) ) ;
#971 = FACE_OUTER_BOUND ( 'NONE', #1514, .T. ) ;
#972 = CARTESIAN_POINT ( 'NONE',  ( -31.38207081830833545, 25.37803181733859503, 5.500000000000254907 ) ) ;
#973 = ADVANCED_FACE ( 'NONE', ( #15 ), #197, .T. ) ;
#974 = DIRECTION ( 'NONE',  ( -0.000000000000000000, -0.000000000000000000, -1.000000000000000000 ) ) ;
#975 = VECTOR ( 'NONE', #1596, 1000.000000000000114 ) ;
#976 = VECTOR ( 'NONE', #746, 1000.000000000000000 ) ;
#977 = ORIENTED_EDGE ( 'NONE', *, *, #2544, .T. ) ;
#978 = LINE ( 'NONE', #1835, #891 ) ;
#979 = VECTOR ( 'NONE', #1395, 1000.000000000000000 ) ;
#980 = CIRCLE ( 'NONE', #1686, 1.469701195442388197 ) ;
#981 = ORIENTED_EDGE ( 'NONE', *, *, #1511, .F. ) ;
#982 = ORIENTED_EDGE ( 'NONE', *, *, #957, .F. ) ;
#983 = CARTESIAN_POINT ( 'NONE',  ( -23.21295638980803844, -36.49533803050918124, 3.500000000000254907 ) ) ;
#984 = AXIS2_PLACEMENT_3D ( 'NONE', #2504, #1869, #580 ) ;
#985 = CARTESIAN_POINT ( 'NONE',  ( -31.38207081830833545, -27.74939533400519309, 5.500000000000254907 ) ) ;
#986 = ORIENTED_EDGE ( 'NONE', *, *, #903, .T. ) ;
#987 = DIRECTION ( 'NONE',  ( 0.000000000000000000, 0.000000000000000000, -1.000000000000000000 ) ) ;
#988 = CARTESIAN_POINT ( 'NONE',  ( 17.42792918169166327, -27.73684457774396250, 5.500000000000254907 ) ) ;
#989 = EDGE_CURVE ( 'NONE', #355, #2774, #2112, .T. ) ;
#990 = FACE_OUTER_BOUND ( 'NONE', #1216, .T. ) ;
#991 = ADVANCED_FACE ( 'NONE', ( #414 ), #1704, .F. ) ;
#992 = ORIENTED_EDGE ( 'NONE', *, *, #1341, .T. ) ;
#993 = DIRECTION ( 'NONE',  ( -1.000000000000000000, 0.000000000000000000, 0.000000000000000000 ) ) ;
#994 = ORIENTED_EDGE ( 'NONE', *, *, #883, .F. ) ;
#995 = DIRECTION ( 'NONE',  ( 1.000000000000000000, -0.000000000000000000, -0.000000000000000000 ) ) ;
#996 = CARTESIAN_POINT ( 'NONE',  ( 21.63307053910937228, 9.628561104224484524, 3.500000000000254463 ) ) ;
#997 = LINE ( 'NONE', #1146, #2311 ) ;
#998 = CARTESIAN_POINT ( 'NONE',  ( 17.42792918169166327, -36.49533803050918124, 5.500000000000254907 ) ) ;
#999 = DIRECTION ( 'NONE',  ( -1.000000000000000000, 0.000000000000000000, 0.000000000000000000 ) ) ;
#1000 = EDGE_CURVE ( 'NONE', #1786, #1276, #1051, .T. ) ;
#1001 = LINE ( 'NONE', #1665, #257 ) ;
#1002 = EDGE_CURVE ( 'NONE', #606, #1421, #1465, .T. ) ;
#1003 = ORIENTED_EDGE ( 'NONE', *, *, #1488, .T. ) ;
#1004 = DIRECTION ( 'NONE',  ( 0.000000000000000000, -0.000000000000000000, -1.000000000000000000 ) ) ;
#1005 = AXIS2_PLACEMENT_3D ( 'NONE', #1494, #2344, #2769 ) ;
#1006 = ORIENTED_EDGE ( 'NONE', *, *, #1377, .F. ) ;
#1007 = LINE ( 'NONE', #2077, #431 ) ;
#1008 = FACE_OUTER_BOUND ( 'NONE', #150, .T. ) ;
#1009 = ORIENTED_EDGE ( 'NONE', *, *, #2390, .F. ) ;
#1010 = AXIS2_PLACEMENT_3D ( 'NONE', #2029, #2488, #1812 ) ;
#1011 = DIRECTION ( 'NONE',  ( 1.000000000000000000, 0.000000000000000000, 0.000000000000000000 ) ) ;
#1012 = ADVANCED_FACE ( 'NONE', ( #2377 ), #844, .F. ) ;
#1013 = CARTESIAN_POINT ( 'NONE',  ( -4.832232083118171317, -10.05694419705314324, 5.700000000000254197 ) ) ;
#1014 = ORIENTED_EDGE ( 'NONE', *, *, #226, .T. ) ;
#1015 = VECTOR ( 'NONE', #2094, 1000.000000000000000 ) ;
#1016 = EDGE_CURVE ( 'NONE', #37, #418, #811, .T. ) ;
#1017 = ORIENTED_EDGE ( 'NONE', *, *, #2376, .T. ) ;
#1018 = CARTESIAN_POINT ( 'NONE',  ( 17.42668493753810210, -27.77046216421287994, 13.50000000000025402 ) ) ;
#1019 = VECTOR ( 'NONE', #1966, 1000.000000000000000 ) ;
#1020 = ORIENTED_EDGE ( 'NONE', *, *, #1645, .F. ) ;
#1021 = EDGE_CURVE ( 'NONE', #673, #2284, #2588, .T. ) ;
#1022 = VECTOR ( 'NONE', #683, 1000.000000000000000 ) ;
#1023 = CARTESIAN_POINT ( 'NONE',  ( -22.03115606453544828, 14.75666087085782507, 16.92735152382168806 ) ) ;
#1024 = CARTESIAN_POINT ( 'NONE',  ( 21.63307053910937228, 19.16617699716827872, 3.500000000000254463 ) ) ;
#1025 = VERTEX_POINT ( 'NONE', #667 ) ;
#1026 = DIRECTION ( 'NONE',  ( -0.000000000000000000, -0.000000000000000000, -1.000000000000000000 ) ) ;
#1027 = CARTESIAN_POINT ( 'NONE',  ( -19.48849902806611212, 31.07466458926504060, 3.500000000000254907 ) ) ;
#1028 = ORIENTED_EDGE ( 'NONE', *, *, #1523, .F. ) ;
#1029 = SURFACE_STYLE_USAGE ( .BOTH. , #393 ) ;
#1030 = EDGE_LOOP ( 'NONE', ( #2138, #1096 ) ) ;
#1031 = ADVANCED_FACE ( 'NONE', ( #448 ), #2524, .T. ) ;
#1032 = CARTESIAN_POINT ( 'NONE',  ( 17.42668493753810210, 9.628561104224484524, 13.50000000000025402 ) ) ;
#1033 = DIRECTION ( 'NONE',  ( -0.000000000000000000, -0.000000000000000000, -1.000000000000000000 ) ) ;
#1034 = ORIENTED_EDGE ( 'NONE', *, *, #2550, .F. ) ;
#1035 = DIRECTION ( 'NONE',  ( -0.7893168006099124945, -0.6139861466474072493, 0.000000000000000000 ) ) ;
#1036 = DIRECTION ( 'NONE',  ( -0.000000000000000000, -0.000000000000000000, 1.000000000000000000 ) ) ;
#1037 = CARTESIAN_POINT ( 'NONE',  ( 17.42668493753810210, 9.628561104224484524, 13.50000000000025402 ) ) ;
#1038 = VERTEX_POINT ( 'NONE', #388 ) ;
#1039 = ORIENTED_EDGE ( 'NONE', *, *, #24, .T. ) ;
#1040 = DIRECTION ( 'NONE',  ( -0.000000000000000000, -0.000000000000000000, 1.000000000000000000 ) ) ;
#1041 = ORIENTED_EDGE ( 'NONE', *, *, #2333, .F. ) ;
#1042 = EDGE_CURVE ( 'NONE', #14, #2569, #1242, .T. ) ;
#1043 = DIRECTION ( 'NONE',  ( 1.000000000000000000, 0.000000000000000000, 0.000000000000000000 ) ) ;
#1044 = FACE_OUTER_BOUND ( 'NONE', #1128, .T. ) ;
#1045 = ORIENTED_EDGE ( 'NONE', *, *, #1963, .T. ) ;
#1046 = VECTOR ( 'NONE', #2172, 1000.000000000000000 ) ;
#1047 = ADVANCED_FACE ( 'NONE', ( #2749 ), #2542, .T. ) ;
#1048 = EDGE_CURVE ( 'NONE', #736, #1839, #635, .T. ) ;
#1049 = DIRECTION ( 'NONE',  ( 0.000000000000000000, 1.000000000000000000, -0.000000000000000000 ) ) ;
#1050 = EDGE_CURVE ( 'NONE', #48, #2075, #74, .T. ) ;
#1051 = LINE ( 'NONE', #1922, #283 ) ;
#1052 = DIRECTION ( 'NONE',  ( -1.000000000000000000, 0.000000000000000000, -0.000000000000000000 ) ) ;
#1053 = VERTEX_POINT ( 'NONE', #1950 ) ;
#1054 = VERTEX_POINT ( 'NONE', #1311 ) ;
#1055 = LINE ( 'NONE', #2530, #2503 ) ;
#1056 = ORIENTED_EDGE ( 'NONE', *, *, #2735, .T. ) ;
#1057 = CARTESIAN_POINT ( 'NONE',  ( 17.42792918169166327, -29.30011630742320605, -8.983337121729675800 ) ) ;
#1058 = AXIS2_PLACEMENT_3D ( 'NONE', #598, #1049, #1703 ) ;
#1059 = CARTESIAN_POINT ( 'NONE',  ( -0.9934448250388319135, -13.29805609406240841, 3.500000000000254463 ) ) ;
#1060 = CIRCLE ( 'NONE', #1827, 1.638047801884704668 ) ;
#1061 = ORIENTED_EDGE ( 'NONE', *, *, #1694, .T. ) ;
#1062 = DIRECTION ( 'NONE',  ( 0.000000000000000000, -1.000000000000000000, 0.000000000000000000 ) ) ;
#1063 = VECTOR ( 'NONE', #680, 1000.000000000000000 ) ;
#1064 = EDGE_CURVE ( 'NONE', #452, #906, #947, .T. ) ;
#1065 = DIRECTION ( 'NONE',  ( -1.000000000000000000, 0.000000000000000000, 0.000000000000000000 ) ) ;
#1066 = DIRECTION ( 'NONE',  ( 1.000000000000000000, 0.000000000000000000, 0.000000000000000000 ) ) ;
#1067 = EDGE_CURVE ( 'NONE', #110, #2736, #2432, .T. ) ;
#1068 = ORIENTED_EDGE ( 'NONE', *, *, #1050, .F. ) ;
#1069 = ORIENTED_EDGE ( 'NONE', *, *, #1042, .T. ) ;
#1070 = FACE_OUTER_BOUND ( 'NONE', #2109, .T. ) ;
#1071 = ORIENTED_EDGE ( 'NONE', *, *, #1989, .T. ) ;
#1072 = ORIENTED_EDGE ( 'NONE', *, *, #2537, .F. ) ;
#1073 = CARTESIAN_POINT ( 'NONE',  ( -22.03115606453544828, 33.50704633327629267, 11.67735152382168806 ) ) ;
#1074 = LINE ( 'NONE', #927, #1375 ) ;
#1075 = ORIENTED_EDGE ( 'NONE', *, *, #2180, .T. ) ;
#1076 = CARTESIAN_POINT ( 'NONE',  ( -0.4822320831181711731, -10.05694419705314324, 5.700000000000254197 ) ) ;
#1077 = DIRECTION ( 'NONE',  ( 0.000000000000000000, -1.000000000000000000, 0.000000000000000000 ) ) ;
#1078 = ADVANCED_FACE ( 'NONE', ( #2649 ), #719, .F. ) ;
#1079 = LINE ( 'NONE', #2447, #2690 ) ;
#1080 = ORIENTED_EDGE ( 'NONE', *, *, #1538, .F. ) ;
#1081 = EDGE_LOOP ( 'NONE', ( #63, #629, #1588, #2593 ) ) ;
#1082 = ORIENTED_EDGE ( 'NONE', *, *, #2496, .T. ) ;
#1083 = EDGE_CURVE ( 'NONE', #1383, #1747, #1135, .T. ) ;
#1084 = ORIENTED_EDGE ( 'NONE', *, *, #2372, .T. ) ;
#1085 = LINE ( 'NONE', #420, #533 ) ;
#1086 = ORIENTED_EDGE ( 'NONE', *, *, #729, .F. ) ;
#1087 = DIRECTION ( 'NONE',  ( -0.000000000000000000, -0.000000000000000000, 1.000000000000000000 ) ) ;
#1088 = DIRECTION ( 'NONE',  ( 1.000000000000000000, 0.000000000000000000, 0.000000000000000000 ) ) ;
#1089 =( GEOMETRIC_REPRESENTATION_CONTEXT ( 3 ) GLOBAL_UNCERTAINTY_ASSIGNED_CONTEXT ( ( #1324 ) ) GLOBAL_UNIT_ASSIGNED_CONTEXT ( ( #1856, #1186, #350 ) ) REPRESENTATION_CONTEXT ( 'NONE', 'WORKASPACE' ) );
#1090 = LINE ( 'NONE', #2385, #1019 ) ;
#1091 = VERTEX_POINT ( 'NONE', #2388 ) ;
#1092 = AXIS2_PLACEMENT_3D ( 'NONE', #155, #2291, #308 ) ;
#1093 = CARTESIAN_POINT ( 'NONE',  ( 17.42792918169166327, -36.49533803050918124, 5.500000000000254907 ) ) ;
#1094 = LINE ( 'NONE', #2573, #2258 ) ;
#1095 = ORIENTED_EDGE ( 'NONE', *, *, #1604, .T. ) ;
#1096 = ORIENTED_EDGE ( 'NONE', *, *, #2372, .F. ) ;
#1097 = CARTESIAN_POINT ( 'NONE',  ( 15.64602668727106760, 28.50704633327629978, 5.700000000000254197 ) ) ;
#1098 = FACE_OUTER_BOUND ( 'NONE', #216, .T. ) ;
#1099 = EDGE_CURVE ( 'NONE', #186, #1911, #2220, .T. ) ;
#1100 = ORIENTED_EDGE ( 'NONE', *, *, #47, .T. ) ;
#1101 = AXIS2_PLACEMENT_3D ( 'NONE', #2486, #102, #1808 ) ;
#1102 = LINE ( 'NONE', #1763, #886 ) ;
#1103 = LINE ( 'NONE', #2371, #1913 ) ;
#1104 = EDGE_CURVE ( 'NONE', #1839, #2218, #90, .T. ) ;
#1105 = VECTOR ( 'NONE', #774, 1000.000000000000000 ) ;
#1106 = DIRECTION ( 'NONE',  ( -0.000000000000000000, -0.000000000000000000, -1.000000000000000000 ) ) ;
#1107 = CIRCLE ( 'NONE', #2084, 4.356268435279794460 ) ;
#1108 = CIRCLE ( 'NONE', #2367, 1.638047801884704668 ) ;
#1109 = VECTOR ( 'NONE', #1908, 1000.000000000000000 ) ;
#1110 = LINE ( 'NONE', #49, #465 ) ;
#1111 = CARTESIAN_POINT ( 'NONE',  ( -23.19584199159677596, 33.50704633327629267, 3.500000000000254907 ) ) ;
#1112 = ORIENTED_EDGE ( 'NONE', *, *, #637, .T. ) ;
#1113 = LINE ( 'NONE', #1971, #1863 ) ;
#1114 = FACE_OUTER_BOUND ( 'NONE', #1030, .T. ) ;
#1115 = LINE ( 'NONE', #684, #2497 ) ;
#1116 = DIRECTION ( 'NONE',  ( -0.002105342566206879189, -0.9999977837638835965, -0.000000000000000000 ) ) ;
#1117 = DIRECTION ( 'NONE',  ( 1.000000000000000000, 0.000000000000000000, 0.000000000000000000 ) ) ;
#1118 = EDGE_CURVE ( 'NONE', #592, #512, #1798, .T. ) ;
#1119 = DIRECTION ( 'NONE',  ( 0.000000000000000000, -0.000000000000000000, -1.000000000000000000 ) ) ;
#1120 = EDGE_CURVE ( 'NONE', #385, #2736, #62, .T. ) ;
#1121 = ORIENTED_EDGE ( 'NONE', *, *, #2186, .T. ) ;
#1122 = CARTESIAN_POINT ( 'NONE',  ( 21.63307053910937228, 0.000000000000000000, 3.500000000000254463 ) ) ;
#1123 = ORIENTED_EDGE ( 'NONE', *, *, #2723, .F. ) ;
#1124 = VERTEX_POINT ( 'NONE', #734 ) ;
#1125 = DIRECTION ( 'NONE',  ( 1.000000000000000000, 0.000000000000000000, 0.000000000000000000 ) ) ;
#1126 = CARTESIAN_POINT ( 'NONE',  ( -19.48849902806611212, 33.50704633327629267, 3.500000000000254907 ) ) ;
#1127 = DIRECTION ( 'NONE',  ( 0.002105342566206879189, 0.9999977837638835965, 0.000000000000000000 ) ) ;
#1128 = EDGE_LOOP ( 'NONE', ( #2477, #1558, #1815, #2325 ) ) ;
#1129 = DIRECTION ( 'NONE',  ( -0.000000000000000000, -0.000000000000000000, 1.000000000000000000 ) ) ;
#1130 = CARTESIAN_POINT ( 'NONE',  ( -22.03115606453544828, 14.75666087085782507, 6.427351523821688062 ) ) ;
#1131 = ADVANCED_FACE ( 'NONE', ( #892 ), #291, .T. ) ;
#1132 = LINE ( 'NONE', #901, #2460 ) ;
#1133 = ORIENTED_EDGE ( 'NONE', *, *, #1338, .F. ) ;
#1134 = EDGE_CURVE ( 'NONE', #2312, #573, #2449, .T. ) ;
#1135 = LINE ( 'NONE', #918, #2347 ) ;
#1136 = VECTOR ( 'NONE', #493, 1000.000000000000000 ) ;
#1137 = VERTEX_POINT ( 'NONE', #1093 ) ;
#1138 = ORIENTED_EDGE ( 'NONE', *, *, #1845, .T. ) ;
#1139 = LINE ( 'NONE', #1381, #1591 ) ;
#1140 = CARTESIAN_POINT ( 'NONE',  ( -31.01021694961223929, -24.73533803050917967, 3.500000000000254907 ) ) ;
#1141 = CARTESIAN_POINT ( 'NONE',  ( 19.21454663313912903, 33.50704633327629978, 5.500000000000254907 ) ) ;
#1142 = VERTEX_POINT ( 'NONE', #31 ) ;
#1143 = FACE_OUTER_BOUND ( 'NONE', #1937, .T. ) ;
#1144 = PLANE ( 'NONE',  #1870 ) ;
#1145 = ORIENTED_EDGE ( 'NONE', *, *, #1792, .F. ) ;
#1146 = CARTESIAN_POINT ( 'NONE',  ( 20.10804646543001084, 32.61683666746147026, 5.500000000000254907 ) ) ;
#1147 = DIRECTION ( 'NONE',  ( -0.4874447296633043214, -0.8731538441325606970, 0.000000000000000000 ) ) ;
#1148 = AXIS2_PLACEMENT_3D ( 'NONE', #486, #1318, #2627 ) ;
#1149 = VERTEX_POINT ( 'NONE', #477 ) ;
#1150 = DIRECTION ( 'NONE',  ( -0.9929314809889342452, -0.1186889803693740864, -0.000000000000000000 ) ) ;
#1151 = AXIS2_PLACEMENT_3D ( 'NONE', #787, #2689, #1855 ) ;
#1152 = ADVANCED_FACE ( 'NONE', ( #1767 ), #701, .F. ) ;
#1153 = LINE ( 'NONE', #1785, #2221 ) ;
#1154 = VECTOR ( 'NONE', #1040, 1000.000000000000000 ) ;
#1155 = LINE ( 'NONE', #1615, #873 ) ;
#1156 = LINE ( 'NONE', #2265, #301 ) ;
#1157 = EDGE_CURVE ( 'NONE', #495, #1124, #461, .T. ) ;
#1158 = ORIENTED_EDGE ( 'NONE', *, *, #879, .T. ) ;
#1159 = CARTESIAN_POINT ( 'NONE',  ( 24.35681727092423543, 28.38371126307810854, 5.700000000000254197 ) ) ;
#1160 = CARTESIAN_POINT ( 'NONE',  ( 19.21454663313912903, 33.50704633327629978, 5.500000000000254907 ) ) ;
#1161 = CARTESIAN_POINT ( 'NONE',  ( -28.34161846380722238, 14.75666087085782507, 5.500000000000254907 ) ) ;
#1162 = CARTESIAN_POINT ( 'NONE',  ( 12.27641530783898993, 33.50704633327629978, 5.500000000000254907 ) ) ;
#1163 = DIRECTION ( 'NONE',  ( 0.000000000000000000, 0.000000000000000000, 1.000000000000000000 ) ) ;
#1164 = CARTESIAN_POINT ( 'NONE',  ( 12.27641530783898993, 33.50704633327629978, 3.500000000000254463 ) ) ;
#1165 = EDGE_LOOP ( 'NONE', ( #438, #2379, #1289, #570 ) ) ;
#1166 = ORIENTED_EDGE ( 'NONE', *, *, #1357, .F. ) ;
#1167 = DIRECTION ( 'NONE',  ( 0.000000000000000000, -1.000000000000000000, 0.000000000000000000 ) ) ;
#1168 = PLANE ( 'NONE',  #619 ) ;
#1169 = VERTEX_POINT ( 'NONE', #247 ) ;
#1170 = EDGE_CURVE ( 'NONE', #872, #2115, #1110, .T. ) ;
#1171 = DIRECTION ( 'NONE',  ( 0.4874447296633043214, 0.8731538441325606970, 0.000000000000000000 ) ) ;
#1172 = DIRECTION ( 'NONE',  ( 1.075484249221790244E-16, -1.000000000000000000, 0.000000000000000000 ) ) ;
#1173 = CARTESIAN_POINT ( 'NONE',  ( -22.03115606453544828, 25.37803181733859503, 11.67735152382168806 ) ) ;
#1174 = DIRECTION ( 'NONE',  ( -0.000000000000000000, -0.000000000000000000, 1.000000000000000000 ) ) ;
#1175 = CARTESIAN_POINT ( 'NONE',  ( -31.38207081830833545, -27.74939533400519309, 5.500000000000254907 ) ) ;
#1176 = ORIENTED_EDGE ( 'NONE', *, *, #603, .F. ) ;
#1177 = DIRECTION ( 'NONE',  ( 1.000000000000000000, 0.000000000000000000, -0.000000000000000000 ) ) ;
#1178 = ORIENTED_EDGE ( 'NONE', *, *, #1511, .T. ) ;
#1179 = AXIS2_PLACEMENT_3D ( 'NONE', #2018, #1398, #1651 ) ;
#1180 = FACE_OUTER_BOUND ( 'NONE', #2123, .T. ) ;
#1181 = DIRECTION ( 'NONE',  ( -0.000000000000000000, -0.000000000000000000, 1.000000000000000000 ) ) ;
#1182 = EDGE_CURVE ( 'NONE', #1091, #175, #904, .T. ) ;
#1183 = VECTOR ( 'NONE', #1801, 1000.000000000000000 ) ;
#1184 = PLANE ( 'NONE',  #933 ) ;
#1185 = FACE_BOUND ( 'NONE', #2097, .T. ) ;
#1186 =( NAMED_UNIT ( * ) PLANE_ANGLE_UNIT ( ) SI_UNIT ( $, .RADIAN. ) );
#1187 = EDGE_CURVE ( 'NONE', #840, #817, #689, .T. ) ;
#1188 = FACE_OUTER_BOUND ( 'NONE', #1476, .T. ) ;
#1189 = LINE ( 'NONE', #2046, #1722 ) ;
#1190 = VECTOR ( 'NONE', #798, 1000.000000000000000 ) ;
#1191 = ORIENTED_EDGE ( 'NONE', *, *, #329, .T. ) ;
#1192 = VECTOR ( 'NONE', #2065, 1000.000000000000000 ) ;
#1193 = DIRECTION ( 'NONE',  ( 0.000000000000000000, -0.000000000000000000, 1.000000000000000000 ) ) ;
#1194 = CIRCLE ( 'NONE', #532, 5.250000000000000888 ) ;
#1195 = VECTOR ( 'NONE', #2422, 1000.000000000000000 ) ;
#1196 = EDGE_LOOP ( 'NONE', ( #2110, #2134, #1293, #408 ) ) ;
#1197 = DIRECTION ( 'NONE',  ( -1.000000000000000000, -1.325961837620795774E-16, 0.000000000000000000 ) ) ;
#1198 = VECTOR ( 'NONE', #1590, 1000.000000000000000 ) ;
#1199 = FACE_OUTER_BOUND ( 'NONE', #543, .T. ) ;
#1200 = CARTESIAN_POINT ( 'NONE',  ( 0.000000000000000000, -25.41574088011293853, 3.500000000000254463 ) ) ;
#1201 = EDGE_CURVE ( 'NONE', #2773, #801, #2476, .T. ) ;
#1202 = FACE_OUTER_BOUND ( 'NONE', #2495, .T. ) ;
#1203 = DIRECTION ( 'NONE',  ( 0.000000000000000000, 1.000000000000000000, 0.000000000000000000 ) ) ;
#1204 = ADVANCED_FACE ( 'NONE', ( #551 ), #334, .F. ) ;
#1205 = LINE ( 'NONE', #2675, #1719 ) ;
#1206 = DIRECTION ( 'NONE',  ( 0.000000000000000000, 0.000000000000000000, 1.000000000000000000 ) ) ;
#1207 = ORIENTED_EDGE ( 'NONE', *, *, #407, .T. ) ;
#1208 = CARTESIAN_POINT ( 'NONE',  ( -23.21295638980803844, 25.37803181733859503, 16.79260791927104890 ) ) ;
#1209 = ORIENTED_EDGE ( 'NONE', *, *, #2619, .T. ) ;
#1210 = CARTESIAN_POINT ( 'NONE',  ( 20.00229512255086206, 28.50704633327629978, 3.500000000000254463 ) ) ;
#1211 = CARTESIAN_POINT ( 'NONE',  ( -2.615539500464059142, -12.76549989963823784, 5.500000000000254907 ) ) ;
#1212 = EDGE_CURVE ( 'NONE', #1993, #895, #1405, .T. ) ;
#1213 = DIRECTION ( 'NONE',  ( 0.000000000000000000, 0.000000000000000000, -1.000000000000000000 ) ) ;
#1214 = ADVANCED_FACE ( 'NONE', ( #1188 ), #1638, .F. ) ;
#1215 = LINE ( 'NONE', #568, #711 ) ;
#1216 = EDGE_LOOP ( 'NONE', ( #2624, #1071, #2012, #68, #2328, #2740, #849, #803, #2760, #1627 ) ) ;
#1217 = CARTESIAN_POINT ( 'NONE',  ( -4.832232083118171317, -10.05694419705314324, 5.700000000000254197 ) ) ;
#1218 = AXIS2_PLACEMENT_3D ( 'NONE', #118, #2067, #138 ) ;
#1219 = ORIENTED_EDGE ( 'NONE', *, *, #931, .F. ) ;
#1220 = CARTESIAN_POINT ( 'NONE',  ( -27.73412134584282995, -24.73533803050917967, -8.159750702876424455 ) ) ;
#1221 = DIRECTION ( 'NONE',  ( 1.000000000000000000, 0.000000000000000000, 0.000000000000000000 ) ) ;
#1222 = EDGE_LOOP ( 'NONE', ( #2641, #889, #2373, #94 ) ) ;
#1223 = VECTOR ( 'NONE', #646, 1000.000000000000000 ) ;
#1224 = DIRECTION ( 'NONE',  ( 0.000000000000000000, -1.000000000000000000, 0.000000000000000000 ) ) ;
#1225 = VECTOR ( 'NONE', #1411, 1000.000000000000000 ) ;
#1226 = EDGE_CURVE ( 'NONE', #227, #2072, #320, .T. ) ;
#1227 = DIRECTION ( 'NONE',  ( 0.000000000000000000, 0.000000000000000000, -1.000000000000000000 ) ) ;
#1228 = ORIENTED_EDGE ( 'NONE', *, *, #1339, .T. ) ;
#1229 = AXIS2_PLACEMENT_3D ( 'NONE', #1522, #2171, #245 ) ;
#1230 = AXIS2_PLACEMENT_3D ( 'NONE', #270, #2370, #442 ) ;
#1231 = ADVANCED_FACE ( 'NONE', ( #565 ), #540, .F. ) ;
#1232 =( NAMED_UNIT ( * ) PLANE_ANGLE_UNIT ( ) SI_UNIT ( $, .RADIAN. ) );
#1233 = AXIS2_PLACEMENT_3D ( 'NONE', #742, #2483, #1609 ) ;
#1234 = CIRCLE ( 'NONE', #2280, 3.499999999999999556 ) ;
#1235 = ORIENTED_EDGE ( 'NONE', *, *, #1792, .T. ) ;
#1236 = ORIENTED_EDGE ( 'NONE', *, *, #1650, .F. ) ;
#1237 = CARTESIAN_POINT ( 'NONE',  ( -15.78115606453545183, 14.75666087085782507, 18.50000000000025224 ) ) ;
#1238 = PLANE ( 'NONE',  #2316 ) ;
#1239 = ORIENTED_EDGE ( 'NONE', *, *, #117, .T. ) ;
#1240 = ORIENTED_EDGE ( 'NONE', *, *, #2395, .T. ) ;
#1241 = DIRECTION ( 'NONE',  ( 0.000000000000000000, 1.000000000000000000, 0.000000000000000000 ) ) ;
#1242 = LINE ( 'NONE', #1893, #2069 ) ;
#1243 = DIRECTION ( 'NONE',  ( -1.000000000000000000, 0.000000000000000000, 0.000000000000000000 ) ) ;
#1244 = EDGE_CURVE ( 'NONE', #1297, #2096, #2631, .T. ) ;
#1245 = EDGE_LOOP ( 'NONE', ( #2685, #1882, #1572, #338 ) ) ;
#1246 = ORIENTED_EDGE ( 'NONE', *, *, #931, .T. ) ;
#1247 =( LENGTH_UNIT ( ) NAMED_UNIT ( * ) SI_UNIT ( .MILLI., .METRE. ) );
#1248 = ORIENTED_EDGE ( 'NONE', *, *, #1426, .F. ) ;
#1249 = ADVANCED_FACE ( 'NONE', ( #990 ), #1601, .F. ) ;
#1250 = CARTESIAN_POINT ( 'NONE',  ( -28.34207081830833630, 0.000000000000000000, 3.500000000000254463 ) ) ;
#1251 = CARTESIAN_POINT ( 'NONE',  ( -2.615539500464059142, -12.76549989963823784, 5.700000000000254197 ) ) ;
#1252 = ORIENTED_EDGE ( 'NONE', *, *, #24, .F. ) ;
#1253 = ORIENTED_EDGE ( 'NONE', *, *, #258, .T. ) ;
#1254 = EDGE_LOOP ( 'NONE', ( #1872, #1571, #2664, #584, #1006 ) ) ;
#1255 = PLANE ( 'NONE',  #2276 ) ;
#1256 = CARTESIAN_POINT ( 'NONE',  ( -7.153289868025776599, -13.29805609406240841, 5.500000000000254907 ) ) ;
#1257 = DIRECTION ( 'NONE',  ( -1.000000000000000000, -0.000000000000000000, -0.000000000000000000 ) ) ;
#1258 = ORIENTED_EDGE ( 'NONE', *, *, #1888, .T. ) ;
#1259 = EDGE_LOOP ( 'NONE', ( #776, #64 ) ) ;
#1260 = ORIENTED_EDGE ( 'NONE', *, *, #1650, .T. ) ;
#1261 = PRODUCT_DEFINITION_FORMATION_WITH_SPECIFIED_SOURCE ( 'ANY', '', #1934, .NOT_KNOWN. ) ;
#1262 = CARTESIAN_POINT ( 'NONE',  ( 23.49496792174097948, 28.28069104220172747, 3.500000000000254907 ) ) ;
#1263 = ORIENTED_EDGE ( 'NONE', *, *, #2104, .F. ) ;
#1264 = FACE_OUTER_BOUND ( 'NONE', #2568, .T. ) ;
#1265 = CARTESIAN_POINT ( 'NONE',  ( 26.27554745711413631, 26.47204648586428277, 5.500000000000254907 ) ) ;
#1266 = EDGE_CURVE ( 'NONE', #2623, #1993, #1443, .T. ) ;
#1267 = ORIENTED_EDGE ( 'NONE', *, *, #81, .F. ) ;
#1268 = EDGE_LOOP ( 'NONE', ( #1629, #1743, #875, #2323 ) ) ;
#1269 = AXIS2_PLACEMENT_3D ( 'NONE', #213, #870, #649 ) ;
#1270 = CARTESIAN_POINT ( 'NONE',  ( -15.78115606453545183, 31.07466458926504060, -4.434058276324247316 ) ) ;
#1271 = EDGE_CURVE ( 'NONE', #2075, #1994, #775, .T. ) ;
#1272 = VECTOR ( 'NONE', #1983, 1000.000000000000000 ) ;
#1273 = PLANE ( 'NONE',  #1005 ) ;
#1274 = CARTESIAN_POINT ( 'NONE',  ( 26.27883179831746219, 22.35521482882545286, 0.000000000000000000 ) ) ;
#1275 = ORIENTED_EDGE ( 'NONE', *, *, #2673, .T. ) ;
#1276 = VERTEX_POINT ( 'NONE', #2714 ) ;
#1277 = CARTESIAN_POINT ( 'NONE',  ( -23.21295638980803844, -27.74939533400519309, 3.500000000000254907 ) ) ;
#1278 = ORIENTED_EDGE ( 'NONE', *, *, #1566, .T. ) ;
#1279 = CARTESIAN_POINT ( 'NONE',  ( 14.36421283421360151, -31.90667106098782213, 0.000000000000000000 ) ) ;
#1280 = VECTOR ( 'NONE', #371, 1000.000000000000000 ) ;
#1281 = LINE ( 'NONE', #1701, #835 ) ;
#1282 = VECTOR ( 'NONE', #594, 1000.000000000000000 ) ;
#1283 = EDGE_CURVE ( 'NONE', #613, #929, #1844, .T. ) ;
#1284 = ORIENTED_EDGE ( 'NONE', *, *, #1583, .F. ) ;
#1285 = PLANE ( 'NONE',  #1058 ) ;
#1286 = EDGE_CURVE ( 'NONE', #1038, #638, #967, .T. ) ;
#1287 = FACE_OUTER_BOUND ( 'NONE', #921, .T. ) ;
#1288 = DIRECTION ( 'NONE',  ( -1.000000000000000000, 0.000000000000000000, 0.000000000000000000 ) ) ;
#1289 = ORIENTED_EDGE ( 'NONE', *, *, #1016, .F. ) ;
#1290 = ORIENTED_EDGE ( 'NONE', *, *, #503, .F. ) ;
#1291 = ORIENTED_EDGE ( 'NONE', *, *, #2302, .F. ) ;
#1292 = CARTESIAN_POINT ( 'NONE',  ( 17.42668493753810210, -27.77046216421287994, -8.983337121729675800 ) ) ;
#1293 = ORIENTED_EDGE ( 'NONE', *, *, #1021, .F. ) ;
#1294 = CARTESIAN_POINT ( 'NONE',  ( 17.42668493753810210, -27.77046216421287994, 3.500000000000254463 ) ) ;
#1295 = CARTESIAN_POINT ( 'NONE',  ( 21.63307053910937228, 0.000000000000000000, 3.500000000000254463 ) ) ;
#1296 = LINE ( 'NONE', #1534, #1416 ) ;
#1297 = VERTEX_POINT ( 'NONE', #352 ) ;
#1298 = CARTESIAN_POINT ( 'NONE',  ( 20.00229512255086206, 28.50704633327629978, 5.700000000000254197 ) ) ;
#1299 = LINE ( 'NONE', #214, #2545 ) ;
#1300 = ADVANCED_FACE ( 'NONE', ( #2702, #749 ), #1374, .F. ) ;
#1301 = ORIENTED_EDGE ( 'NONE', *, *, #2670, .F. ) ;
#1302 = VERTEX_POINT ( 'NONE', #2468 ) ;
#1303 = CARTESIAN_POINT ( 'NONE',  ( 21.63307053910937228, 22.35521482882545286, -3.469446951953614189E-15 ) ) ;
#1304 = DIRECTION ( 'NONE',  ( 0.000000000000000000, 0.000000000000000000, -1.000000000000000000 ) ) ;
#1305 = ORIENTED_EDGE ( 'NONE', *, *, #1050, .T. ) ;
#1306 = DIRECTION ( 'NONE',  ( 0.000000000000000000, -1.000000000000000000, 0.000000000000000000 ) ) ;
#1307 = FACE_OUTER_BOUND ( 'NONE', #1165, .T. ) ;
#1308 = FACE_OUTER_BOUND ( 'NONE', #77, .T. ) ;
#1309 = ORIENTED_EDGE ( 'NONE', *, *, #503, .T. ) ;
#1310 = AXIS2_PLACEMENT_3D ( 'NONE', #224, #1036, #1880 ) ;
#1311 = CARTESIAN_POINT ( 'NONE',  ( -27.15895618077229656, -13.29805609406241196, 5.500000000000254907 ) ) ;
#1312 = CARTESIAN_POINT ( 'NONE',  ( 0.000000000000000000, 1.247652906881897339, 3.500000000000254463 ) ) ;
#1313 = EDGE_LOOP ( 'NONE', ( #2636, #1400, #833, #2697 ) ) ;
#1314 = EDGE_CURVE ( 'NONE', #2211, #2694, #1205, .T. ) ;
#1315 = ORIENTED_EDGE ( 'NONE', *, *, #733, .T. ) ;
#1316 = PLANE ( 'NONE',  #2122 ) ;
#1317 = DIRECTION ( 'NONE',  ( 0.000000000000000000, 0.000000000000000000, 1.000000000000000000 ) ) ;
#1318 = DIRECTION ( 'NONE',  ( 0.000000000000000000, 0.000000000000000000, -1.000000000000000000 ) ) ;
#1319 = EDGE_CURVE ( 'NONE', #254, #736, #2585, .T. ) ;
#1320 = DIRECTION ( 'NONE',  ( -0.000000000000000000, -0.000000000000000000, -1.000000000000000000 ) ) ;
#1321 = DIRECTION ( 'NONE',  ( -0.000000000000000000, -1.000000000000000000, -0.000000000000000000 ) ) ;
#1322 = VECTOR ( 'NONE', #1766, 1000.000000000000000 ) ;
#1323 = AXIS2_PLACEMENT_3D ( 'NONE', #642, #2151, #1129 ) ;
#1324 = UNCERTAINTY_MEASURE_WITH_UNIT (LENGTH_MEASURE( 1.000000000000000082E-05 ), #1856, 'distance_accuracy_value', 'NONE');
#1325 = DIRECTION ( 'NONE',  ( 0.1150251336816975473, 0.9933625816495744720, -0.000000000000000000 ) ) ;
#1326 = ORIENTED_EDGE ( 'NONE', *, *, #2287, .F. ) ;
#1327 = MECHANICAL_DESIGN_GEOMETRIC_PRESENTATION_REPRESENTATION (  '', ( #1376 ), #1420 ) ;
#1328 = AXIS2_PLACEMENT_3D ( 'NONE', #1606, #2253, #2241 ) ;
#1329 = CARTESIAN_POINT ( 'NONE',  ( 17.42668493753810210, -27.73684457774396250, 3.500000000000254463 ) ) ;
#1330 = ORIENTED_EDGE ( 'NONE', *, *, #1547, .F. ) ;
#1331 = CARTESIAN_POINT ( 'NONE',  ( -23.20725378028039643, 28.08666317303740456, 16.79392541839009567 ) ) ;
#1332 = DIRECTION ( 'NONE',  ( -0.000000000000000000, -0.000000000000000000, 1.000000000000000000 ) ) ;
#1333 = PLANE ( 'NONE',  #294 ) ;
#1334 = EDGE_CURVE ( 'NONE', #1933, #2558, #2250, .T. ) ;
#1335 = ORIENTED_EDGE ( 'NONE', *, *, #2071, .F. ) ;
#1336 = CARTESIAN_POINT ( 'NONE',  ( -29.37216914772753640, -24.73533803050917967, 3.500000000000254907 ) ) ;
#1337 = DIRECTION ( 'NONE',  ( 0.000000000000000000, -0.000000000000000000, -1.000000000000000000 ) ) ;
#1338 = EDGE_CURVE ( 'NONE', #2532, #2531, #2692, .T. ) ;
#1339 = EDGE_CURVE ( 'NONE', #2774, #2354, #2570, .T. ) ;
#1340 = CYLINDRICAL_SURFACE ( 'NONE', #1504, 1.638047801884704668 ) ;
#1341 = EDGE_CURVE ( 'NONE', #4, #1839, #1716, .T. ) ;
#1342 = EDGE_LOOP ( 'NONE', ( #470, #235, #934, #2095 ) ) ;
#1343 = DIRECTION ( 'NONE',  ( -0.000000000000000000, -0.000000000000000000, 1.000000000000000000 ) ) ;
#1344 = DIRECTION ( 'NONE',  ( -0.000000000000000000, -0.000000000000000000, 1.000000000000000000 ) ) ;
#1345 = EDGE_LOOP ( 'NONE', ( #697, #2105, #2743, #2360 ) ) ;
#1346 = ORIENTED_EDGE ( 'NONE', *, *, #1645, .T. ) ;
#1347 = CARTESIAN_POINT ( 'NONE',  ( 17.42668493753810210, -27.77046216421287994, 13.50000000000025402 ) ) ;
#1348 = DIRECTION ( 'NONE',  ( -1.000000000000000000, 0.000000000000000000, 0.000000000000000000 ) ) ;
#1349 = ORIENTED_EDGE ( 'NONE', *, *, #491, .T. ) ;
#1350 = DIRECTION ( 'NONE',  ( -0.000000000000000000, -0.000000000000000000, 1.000000000000000000 ) ) ;
#1351 = FACE_OUTER_BOUND ( 'NONE', #1985, .T. ) ;
#1352 = EDGE_CURVE ( 'NONE', #2334, #830, #1891, .T. ) ;
#1353 = DIRECTION ( 'NONE',  ( 0.000000000000000000, 0.000000000000000000, -1.000000000000000000 ) ) ;
#1354 = DIRECTION ( 'NONE',  ( -1.000000000000000000, 0.000000000000000000, 0.000000000000000000 ) ) ;
#1355 = VECTOR ( 'NONE', #2607, 1000.000000000000000 ) ;
#1356 = ORIENTED_EDGE ( 'NONE', *, *, #780, .F. ) ;
#1357 = EDGE_CURVE ( 'NONE', #175, #2365, #2358, .T. ) ;
#1358 = DIRECTION ( 'NONE',  ( 1.000000000000000000, 0.000000000000000000, 0.000000000000000000 ) ) ;
#1359 = VECTOR ( 'NONE', #508, 1000.000000000000000 ) ;
#1360 = ORIENTED_EDGE ( 'NONE', *, *, #2693, .T. ) ;
#1361 = ORIENTED_EDGE ( 'NONE', *, *, #2008, .T. ) ;
#1362 = LINE ( 'NONE', #53, #2491 ) ;
#1363 = CARTESIAN_POINT ( 'NONE',  ( -0.4822320831181711731, -10.05694419705314324, 5.700000000000254197 ) ) ;
#1364 = VERTEX_POINT ( 'NONE', #428 ) ;
#1365 = AXIS2_PLACEMENT_3D ( 'NONE', #2502, #579, #1388 ) ;
#1366 = CARTESIAN_POINT ( 'NONE',  ( 19.21454663313912903, 33.50704633327629978, 5.500000000000254907 ) ) ;
#1367 = CARTESIAN_POINT ( 'NONE',  ( -0.9934448250388319135, -25.41574088011293853, 3.500000000000254463 ) ) ;
#1368 = AXIS2_PLACEMENT_3D ( 'NONE', #735, #1587, #1814 ) ;
#1369 = CARTESIAN_POINT ( 'NONE',  ( -23.21295638980803844, 25.37803181733859503, 6.562095128372326336 ) ) ;
#1370 = DIRECTION ( 'NONE',  ( 0.000000000000000000, 0.000000000000000000, 1.000000000000000000 ) ) ;
#1371 = LINE ( 'NONE', #435, #842 ) ;
#1372 = AXIS2_PLACEMENT_3D ( 'NONE', #2066, #2475, #2056 ) ;
#1373 = VECTOR ( 'NONE', #191, 1000.000000000000000 ) ;
#1374 = PLANE ( 'NONE',  #1010 ) ;
#1375 = VECTOR ( 'NONE', #1549, 1000.000000000000000 ) ;
#1376 = STYLED_ITEM ( 'NONE', ( #2719 ), #2159 ) ;
#1377 = EDGE_CURVE ( 'NONE', #801, #1054, #618, .T. ) ;
#1378 = ORIENTED_EDGE ( 'NONE', *, *, #2272, .T. ) ;
#1379 = CIRCLE ( 'NONE', #616, 1.638047801884704668 ) ;
#1380 = ORIENTED_EDGE ( 'NONE', *, *, #2319, .F. ) ;
#1381 = CARTESIAN_POINT ( 'NONE',  ( 2.884907527397808202, -2.567958942245283982, -8.159750702876424455 ) ) ;
#1382 = CARTESIAN_POINT ( 'NONE',  ( 15.80425832420069554, -29.30011630742320605, 5.500000000000254907 ) ) ;
#1383 = VERTEX_POINT ( 'NONE', #2081 ) ;
#1384 = CYLINDRICAL_SURFACE ( 'NONE', #1681, 3.499999999999999556 ) ;
#1385 = CARTESIAN_POINT ( 'NONE',  ( -22.03115606453544828, 33.50704633327629267, 11.67735152382168806 ) ) ;
#1386 = DIRECTION ( 'NONE',  ( 1.000000000000000000, 0.000000000000000000, -0.000000000000000000 ) ) ;
#1387 = LINE ( 'NONE', #2233, #976 ) ;
#1388 = DIRECTION ( 'NONE',  ( 1.000000000000000000, 0.000000000000000000, 0.000000000000000000 ) ) ;
#1389 = ORIENTED_EDGE ( 'NONE', *, *, #2492, .T. ) ;
#1390 = ADVANCED_FACE ( 'NONE', ( #2737 ), #2555, .F. ) ;
#1391 = DIRECTION ( 'NONE',  ( 0.000000000000000000, 0.000000000000000000, 1.000000000000000000 ) ) ;
#1392 = ORIENTED_EDGE ( 'NONE', *, *, #820, .T. ) ;
#1393 = EDGE_CURVE ( 'NONE', #2208, #2404, #2782, .T. ) ;
#1394 = LINE ( 'NONE', #2668, #575 ) ;
#1395 = DIRECTION ( 'NONE',  ( -0.000000000000000000, -0.000000000000000000, -1.000000000000000000 ) ) ;
#1396 = LINE ( 'NONE', #745, #975 ) ;
#1397 = PLANE ( 'NONE',  #1372 ) ;
#1398 = DIRECTION ( 'NONE',  ( 0.000000000000000000, 0.000000000000000000, 1.000000000000000000 ) ) ;
#1399 = LINE ( 'NONE', #962, #2355 ) ;
#1400 = ORIENTED_EDGE ( 'NONE', *, *, #2202, .T. ) ;
#1401 = DIRECTION ( 'NONE',  ( 0.000000000000000000, 0.000000000000000000, -1.000000000000000000 ) ) ;
#1402 = DIRECTION ( 'NONE',  ( 1.000000000000000000, 0.000000000000000000, 0.000000000000000000 ) ) ;
#1403 = ADVANCED_FACE ( 'NONE', ( #2748 ), #195, .F. ) ;
#1404 = ORIENTED_EDGE ( 'NONE', *, *, #1753, .F. ) ;
#1405 = CIRCLE ( 'NONE', #1179, 4.349999999999999645 ) ;
#1406 = LINE ( 'NONE', #339, #115 ) ;
#1407 = CARTESIAN_POINT ( 'NONE',  ( 17.42668493753810210, 4.209897802172800851, 13.50000000000025402 ) ) ;
#1408 = ORIENTED_EDGE ( 'NONE', *, *, #462, .T. ) ;
#1409 = EDGE_CURVE ( 'NONE', #620, #1965, #1728, .T. ) ;
#1410 = ORIENTED_EDGE ( 'NONE', *, *, #659, .F. ) ;
#1411 = DIRECTION ( 'NONE',  ( -0.000000000000000000, -1.000000000000000000, -0.000000000000000000 ) ) ;
#1412 = CARTESIAN_POINT ( 'NONE',  ( 15.83391402965598971, -31.90667106098782213, 0.000000000000000000 ) ) ;
#1413 = VECTOR ( 'NONE', #328, 1000.000000000000000 ) ;
#1414 = CARTESIAN_POINT ( 'NONE',  ( 0.000000000000000000, -2.567958942245283982, 3.500000000000254907 ) ) ;
#1415 = APPLICATION_CONTEXT ( 'automotive_design' ) ;
#1416 = VECTOR ( 'NONE', #59, 1000.000000000000000 ) ;
#1417 = EDGE_LOOP ( 'NONE', ( #2425, #1209, #1075, #1771, #868, #1301, #1853, #17, #1260, #436, #2296, #23, #2676, #2505, #296, #1739, #1687, #1696, #1123, #1864, #2741, #1263, #304, #1034, #1133, #1834, #1791, #279, #437 ) ) ;
#1418 = VECTOR ( 'NONE', #57, 1000.000000000000000 ) ;
#1419 = FACE_OUTER_BOUND ( 'NONE', #1467, .T. ) ;
#1420 =( GEOMETRIC_REPRESENTATION_CONTEXT ( 3 ) GLOBAL_UNCERTAINTY_ASSIGNED_CONTEXT ( ( #914 ) ) GLOBAL_UNIT_ASSIGNED_CONTEXT ( ( #1247, #1232, #162 ) ) REPRESENTATION_CONTEXT ( 'NONE', 'WORKASPACE' ) );
#1421 = VERTEX_POINT ( 'NONE', #1675 ) ;
#1422 = EDGE_CURVE ( 'NONE', #830, #48, #13, .T. ) ;
#1423 = ORIENTED_EDGE ( 'NONE', *, *, #1861, .F. ) ;
#1424 = LINE ( 'NONE', #2093, #1282 ) ;
#1425 = PLANE ( 'NONE',  #794 ) ;
#1426 = EDGE_CURVE ( 'NONE', #895, #2284, #1879, .T. ) ;
#1427 = ADVANCED_FACE ( 'NONE', ( #854 ), #1255, .F. ) ;
#1428 = DIRECTION ( 'NONE',  ( 1.000000000000000000, 0.000000000000000000, 0.000000000000000000 ) ) ;
#1429 = EDGE_CURVE ( 'NONE', #175, #2551, #2098, .T. ) ;
#1430 = LINE ( 'NONE', #157, #1915 ) ;
#1431 = ORIENTED_EDGE ( 'NONE', *, *, #1422, .T. ) ;
#1432 = ORIENTED_EDGE ( 'NONE', *, *, #407, .F. ) ;
#1433 = CARTESIAN_POINT ( 'NONE',  ( 26.27883179831746219, 22.35521482882545286, -8.159750702876424455 ) ) ;
#1434 = ORIENTED_EDGE ( 'NONE', *, *, #1314, .F. ) ;
#1435 = CARTESIAN_POINT ( 'NONE',  ( 17.42792918169166327, -29.30011630742320605, 3.500000000000254463 ) ) ;
#1436 = CARTESIAN_POINT ( 'NONE',  ( -22.03115606453544828, 34.75666087085782863, 11.67735152382168806 ) ) ;
#1437 = EDGE_CURVE ( 'NONE', #321, #1557, #2111, .T. ) ;
#1438 = CARTESIAN_POINT ( 'NONE',  ( -2.615539500464059142, -12.76549989963823784, 5.700000000000254197 ) ) ;
#1439 = ADVANCED_FACE ( 'NONE', ( #1920 ), #1285, .F. ) ;
#1440 = CARTESIAN_POINT ( 'NONE',  ( -1.332232083118171317, -10.05694419705314324, 5.700000000000254197 ) ) ;
#1441 = ORIENTED_EDGE ( 'NONE', *, *, #178, .T. ) ;
#1442 = CARTESIAN_POINT ( 'NONE',  ( 20.00229512255086206, 28.50704633327629978, 3.500000000000254907 ) ) ;
#1443 = CIRCLE ( 'NONE', #1813, 4.349999999999999645 ) ;
#1444 = LINE ( 'NONE', #2120, #2083 ) ;
#1445 = DIRECTION ( 'NONE',  ( 1.000000000000000000, 0.000000000000000000, 0.000000000000000000 ) ) ;
#1446 = ORIENTED_EDGE ( 'NONE', *, *, #1756, .T. ) ;
#1447 = EDGE_LOOP ( 'NONE', ( #913, #2574, #1410, #1441, #2564, #1898, #2227, #19, #476, #1568, #422 ) ) ;
#1448 = CARTESIAN_POINT ( 'NONE',  ( 17.42668493753810210, -27.77046216421287994, 13.50000000000025402 ) ) ;
#1449 = DIRECTION ( 'NONE',  ( -1.000000000000000000, 0.000000000000000000, 0.000000000000000000 ) ) ;
#1450 = CARTESIAN_POINT ( 'NONE',  ( -0.9934448250388319135, -13.29805609406240841, 5.500000000000254907 ) ) ;
#1451 = EDGE_CURVE ( 'NONE', #2357, #2623, #1905, .T. ) ;
#1452 = ORIENTED_EDGE ( 'NONE', *, *, #1271, .T. ) ;
#1453 = AXIS2_PLACEMENT_3D ( 'NONE', #2522, #1932, #1692 ) ;
#1454 = VECTOR ( 'NONE', #1171, 1000.000000000000000 ) ;
#1455 = DIRECTION ( 'NONE',  ( 1.000000000000000000, 0.000000000000000000, 0.000000000000000000 ) ) ;
#1456 = AXIS2_PLACEMENT_3D ( 'NONE', #10, #43, #1337 ) ;
#1457 = VECTOR ( 'NONE', #2148, 1000.000000000000000 ) ;
#1458 = VERTEX_POINT ( 'NONE', #1448 ) ;
#1459 = ORIENTED_EDGE ( 'NONE', *, *, #2036, .T. ) ;
#1460 = AXIS2_PLACEMENT_3D ( 'NONE', #2345, #1584, #416 ) ;
#1461 = PLANE ( 'NONE',  #1958 ) ;
#1462 = DIRECTION ( 'NONE',  ( -0.000000000000000000, -0.000000000000000000, -1.000000000000000000 ) ) ;
#1463 = VERTEX_POINT ( 'NONE', #1438 ) ;
#1464 = CARTESIAN_POINT ( 'NONE',  ( 24.11166736146259026, 28.62795844823632052, 5.500000000000254907 ) ) ;
#1465 = LINE ( 'NONE', #2361, #822 ) ;
#1466 = DIRECTION ( 'NONE',  ( -0.7084098798067387515, 0.7058012767006035526, -0.000000000000000000 ) ) ;
#1467 = EDGE_LOOP ( 'NONE', ( #1822, #1939, #2150, #1069, #1516, #170, #1278, #1138 ) ) ;
#1468 = ADVANCED_FACE ( 'NONE', ( #2301 ), #2313, .F. ) ;
#1469 = CARTESIAN_POINT ( 'NONE',  ( -7.733558274890649287, -13.29805609406241018, 5.700000000000254197 ) ) ;
#1470 = LINE ( 'NONE', #1897, #131 ) ;
#1471 = ORIENTED_EDGE ( 'NONE', *, *, #1756, .F. ) ;
#1472 = ADVANCED_FACE ( 'NONE', ( #1308 ), #1340, .T. ) ;
#1473 = DIRECTION ( 'NONE',  ( -0.000000000000000000, -0.000000000000000000, -1.000000000000000000 ) ) ;
#1474 = DIRECTION ( 'NONE',  ( -0.000000000000000000, -1.000000000000000000, 0.000000000000000000 ) ) ;
#1475 = ORIENTED_EDGE ( 'NONE', *, *, #714, .F. ) ;
#1476 = EDGE_LOOP ( 'NONE', ( #977, #2322, #534, #446, #1389, #2780 ) ) ;
#1477 = CARTESIAN_POINT ( 'NONE',  ( -7.733558274890649287, -13.29805609406241018, 5.700000000000254197 ) ) ;
#1478 = CARTESIAN_POINT ( 'NONE',  ( 26.27554745711413631, 26.47204648586428277, 3.500000000000254907 ) ) ;
#1479 = DIRECTION ( 'NONE',  ( 1.000000000000000000, 0.000000000000000000, 0.000000000000000000 ) ) ;
#1480 = ORIENTED_EDGE ( 'NONE', *, *, #362, .F. ) ;
#1481 = ORIENTED_EDGE ( 'NONE', *, *, #312, .T. ) ;
#1482 = DIRECTION ( 'NONE',  ( 0.000000000000000000, 0.000000000000000000, -1.000000000000000000 ) ) ;
#1483 = VERTEX_POINT ( 'NONE', #505 ) ;
#1484 = ADVANCED_FACE ( 'NONE', ( #946 ), #2002, .F. ) ;
#1485 = LINE ( 'NONE', #424, #2461 ) ;
#1486 = LINE ( 'NONE', #1647, #165 ) ;
#1487 = VECTOR ( 'NONE', #2331, 1000.000000000000227 ) ;
#1488 = EDGE_CURVE ( 'NONE', #2386, #2354, #661, .T. ) ;
#1489 = ORIENTED_EDGE ( 'NONE', *, *, #1226, .F. ) ;
#1490 = DIRECTION ( 'NONE',  ( 0.000000000000000000, -1.000000000000000000, 0.000000000000000000 ) ) ;
#1491 = ORIENTED_EDGE ( 'NONE', *, *, #1903, .T. ) ;
#1492 = VECTOR ( 'NONE', #2625, 1000.000000000000000 ) ;
#1493 = VECTOR ( 'NONE', #1167, 1000.000000000000000 ) ;
#1494 = CARTESIAN_POINT ( 'NONE',  ( 26.27883179831746219, -29.30011630742320605, 13.50000000000025402 ) ) ;
#1495 = DIRECTION ( 'NONE',  ( 0.000000000000000000, -0.000000000000000000, -1.000000000000000000 ) ) ;
#1496 = ORIENTED_EDGE ( 'NONE', *, *, #2092, .F. ) ;
#1497 = EDGE_LOOP ( 'NONE', ( #1850, #853, #515, #2329 ) ) ;
#1498 = VERTEX_POINT ( 'NONE', #1567 ) ;
#1499 = AXIS2_PLACEMENT_3D ( 'NONE', #2597, #2178, #1304 ) ;
#1500 = CARTESIAN_POINT ( 'NONE',  ( -7.048924665772278608, -12.76549989963824139, 5.500000000000254907 ) ) ;
#1501 = ORIENTED_EDGE ( 'NONE', *, *, #1048, .T. ) ;
#1502 = ADVANCED_FACE ( 'NONE', ( #2217 ), #687, .F. ) ;
#1503 = CARTESIAN_POINT ( 'NONE',  ( 17.42668493753810210, -24.56742071713507158, 13.50000000000025402 ) ) ;
#1504 = AXIS2_PLACEMENT_3D ( 'NONE', #2632, #2430, #928 ) ;
#1505 = DIRECTION ( 'NONE',  ( -1.280136741389589012E-16, 1.000000000000000000, -0.000000000000000000 ) ) ;
#1506 = AXIS2_PLACEMENT_3D ( 'NONE', #256, #2595, #241 ) ;
#1507 = ORIENTED_EDGE ( 'NONE', *, *, #2747, .F. ) ;
#1508 = EDGE_CURVE ( 'NONE', #1142, #606, #1090, .T. ) ;
#1509 = CARTESIAN_POINT ( 'NONE',  ( -0.9934448250388319135, 0.000000000000000000, 5.500000000000254907 ) ) ;
#1510 = EDGE_LOOP ( 'NONE', ( #1017, #1434, #2434, #357, #511, #647 ) ) ;
#1511 = EDGE_CURVE ( 'NONE', #1364, #2514, #72, .T. ) ;
#1512 = DIRECTION ( 'NONE',  ( 0.000000000000000000, 0.000000000000000000, -1.000000000000000000 ) ) ;
#1513 = LINE ( 'NONE', #636, #2321 ) ;
#1514 = EDGE_LOOP ( 'NONE', ( #866, #353, #78, #994 ) ) ;
#1515 = ORIENTED_EDGE ( 'NONE', *, *, #2036, .F. ) ;
#1516 = ORIENTED_EDGE ( 'NONE', *, *, #1753, .T. ) ;
#1517 = DIRECTION ( 'NONE',  ( 1.000000000000000000, 0.000000000000000000, 0.000000000000000000 ) ) ;
#1518 = CARTESIAN_POINT ( 'NONE',  ( 17.42668493753810210, -27.73684457774396250, 3.500000000000254463 ) ) ;
#1519 = ORIENTED_EDGE ( 'NONE', *, *, #1861, .T. ) ;
#1520 = FACE_OUTER_BOUND ( 'NONE', #2286, .T. ) ;
#1521 = CARTESIAN_POINT ( 'NONE',  ( -28.34161846380722594, 25.37803181733859503, 18.50000000000025224 ) ) ;
#1522 = CARTESIAN_POINT ( 'NONE',  ( -15.78115606453544828, -1.697238478191880734E-15, 3.500000000000254463 ) ) ;
#1523 = EDGE_CURVE ( 'NONE', #1528, #1149, #1296, .T. ) ;
#1524 = CARTESIAN_POINT ( 'NONE',  ( 17.42668493753810210, -27.77046216421287994, 5.500000000000254907 ) ) ;
#1525 = PLANE ( 'NONE',  #760 ) ;
#1526 = ADVANCED_FACE ( 'NONE', ( #2374 ), #445, .F. ) ;
#1527 = ORIENTED_EDGE ( 'NONE', *, *, #1286, .F. ) ;
#1528 = VERTEX_POINT ( 'NONE', #915 ) ;
#1529 = DIRECTION ( 'NONE',  ( -1.325961837620795774E-16, 1.000000000000000000, 0.000000000000000000 ) ) ;
#1530 = DIRECTION ( 'NONE',  ( 0.000000000000000000, 0.000000000000000000, 1.000000000000000000 ) ) ;
#1531 = CARTESIAN_POINT ( 'NONE',  ( 26.27554745711413631, 22.35521482882545641, 3.500000000000254907 ) ) ;
#1532 = DIRECTION ( 'NONE',  ( -0.000000000000000000, -0.000000000000000000, 1.000000000000000000 ) ) ;
#1533 = CARTESIAN_POINT ( 'NONE',  ( -8.332232083118171317, -10.05694419705314324, 5.700000000000254197 ) ) ;
#1534 = CARTESIAN_POINT ( 'NONE',  ( 26.27554745711413631, 26.47204648586428277, 5.500000000000254907 ) ) ;
#1535 = ORIENTED_EDGE ( 'NONE', *, *, #1271, .F. ) ;
#1536 = VECTOR ( 'NONE', #236, 1000.000000000000000 ) ;
#1537 = CARTESIAN_POINT ( 'NONE',  ( 17.42668493753810210, -27.77046216421287994, 0.000000000000000000 ) ) ;
#1538 = EDGE_CURVE ( 'NONE', #1025, #512, #2416, .T. ) ;
#1539 = ORIENTED_EDGE ( 'NONE', *, *, #2580, .T. ) ;
#1540 = EDGE_LOOP ( 'NONE', ( #2586, #1166, #862, #2243 ) ) ;
#1541 = EDGE_CURVE ( 'NONE', #799, #2759, #2201, .T. ) ;
#1542 = CARTESIAN_POINT ( 'NONE',  ( -27.15895618077229656, -25.41574088011293853, 3.500000000000254463 ) ) ;
#1543 = PLANE ( 'NONE',  #2728 ) ;
#1544 = LINE ( 'NONE', #455, #475 ) ;
#1545 = ORIENTED_EDGE ( 'NONE', *, *, #1201, .T. ) ;
#1546 = VECTOR ( 'NONE', #2019, 1000.000000000000000 ) ;
#1547 = EDGE_CURVE ( 'NONE', #2271, #282, #1132, .T. ) ;
#1548 = PLANE ( 'NONE',  #1780 ) ;
#1549 = DIRECTION ( 'NONE',  ( -0.000000000000000000, 1.000000000000000000, -0.000000000000000000 ) ) ;
#1550 = CIRCLE ( 'NONE', #2683, 3.499999999999999556 ) ;
#1551 = VECTOR ( 'NONE', #2297, 1000.000000000000000 ) ;
#1552 = DIRECTION ( 'NONE',  ( -0.000000000000000000, -0.000000000000000000, 1.000000000000000000 ) ) ;
#1553 = AXIS2_PLACEMENT_3D ( 'NONE', #1436, #2078, #2734 ) ;
#1554 = CIRCLE ( 'NONE', #839, 1.469701195442388197 ) ;
#1555 = VECTOR ( 'NONE', #2332, 1000.000000000000000 ) ;
#1556 = DIRECTION ( 'NONE',  ( -0.000000000000000000, -0.000000000000000000, -1.000000000000000000 ) ) ;
#1557 = VERTEX_POINT ( 'NONE', #1988 ) ;
#1558 = ORIENTED_EDGE ( 'NONE', *, *, #1657, .F. ) ;
#1559 = LINE ( 'NONE', #95, #1493 ) ;
#1560 = CARTESIAN_POINT ( 'NONE',  ( -23.21295638980803844, -27.74939533400519309, 3.500000000000254907 ) ) ;
#1561 = DIRECTION ( 'NONE',  ( 1.000000000000000000, -0.000000000000000000, -0.000000000000000000 ) ) ;
#1562 = EDGE_CURVE ( 'NONE', #239, #878, #2154, .T. ) ;
#1563 = ORIENTED_EDGE ( 'NONE', *, *, #644, .T. ) ;
#1564 = PLANE ( 'NONE',  #1671 ) ;
#1565 = CARTESIAN_POINT ( 'NONE',  ( 23.49496792174097948, 28.28069104220174879, 5.700000000000254197 ) ) ;
#1566 = EDGE_CURVE ( 'NONE', #2603, #1463, #1779, .T. ) ;
#1567 = CARTESIAN_POINT ( 'NONE',  ( 24.35681727092423543, 28.38371126307810854, 5.700000000000254197 ) ) ;
#1568 = ORIENTED_EDGE ( 'NONE', *, *, #1067, .F. ) ;
#1569 = CARTESIAN_POINT ( 'NONE',  ( -8.332232083118171317, -10.05694419705314324, 3.500000000000254463 ) ) ;
#1570 = PLANE ( 'NONE',  #1948 ) ;
#1571 = ORIENTED_EDGE ( 'NONE', *, *, #196, .T. ) ;
#1572 = ORIENTED_EDGE ( 'NONE', *, *, #2141, .T. ) ;
#1573 = CARTESIAN_POINT ( 'NONE',  ( 17.42792918169166327, -36.49533803050918124, 5.500000000000254907 ) ) ;
#1574 = PLANE ( 'NONE',  #935 ) ;
#1575 = DIRECTION ( 'NONE',  ( -0.7058012767006035526, -0.7084098798067387515, 0.000000000000000000 ) ) ;
#1576 = ORIENTED_EDGE ( 'NONE', *, *, #2544, .F. ) ;
#1577 = CARTESIAN_POINT ( 'NONE',  ( 20.00229512255086206, 28.50704633327629978, 5.700000000000254197 ) ) ;
#1578 = DIRECTION ( 'NONE',  ( 0.000000000000000000, 0.000000000000000000, 1.000000000000000000 ) ) ;
#1579 = ADVANCED_FACE ( 'NONE', ( #1737 ), #2399, .F. ) ;
#1580 = DIRECTION ( 'NONE',  ( -0.000000000000000000, -0.000000000000000000, -1.000000000000000000 ) ) ;
#1581 = PLANE ( 'NONE',  #2315 ) ;
#1582 = DIRECTION ( 'NONE',  ( -0.000000000000000000, -0.000000000000000000, -1.000000000000000000 ) ) ;
#1583 = EDGE_CURVE ( 'NONE', #2694, #421, #2617, .T. ) ;
#1584 = DIRECTION ( 'NONE',  ( -0.000000000000000000, -0.000000000000000000, 1.000000000000000000 ) ) ;
#1585 = CARTESIAN_POINT ( 'NONE',  ( -29.37216914772753640, -24.73533803050917967, -8.159750702876424455 ) ) ;
#1586 = AXIS2_PLACEMENT_3D ( 'NONE', #930, #526, #1991 ) ;
#1587 = DIRECTION ( 'NONE',  ( 0.000000000000000000, 0.000000000000000000, 1.000000000000000000 ) ) ;
#1588 = ORIENTED_EDGE ( 'NONE', *, *, #47, .F. ) ;
#1589 = LINE ( 'NONE', #1744, #566 ) ;
#1590 = DIRECTION ( 'NONE',  ( 0.000000000000000000, 1.000000000000000000, -0.000000000000000000 ) ) ;
#1591 = VECTOR ( 'NONE', #79, 1000.000000000000000 ) ;
#1592 = ORIENTED_EDGE ( 'NONE', *, *, #1676, .T. ) ;
#1593 = AXIS2_PLACEMENT_3D ( 'NONE', #1867, #1163, #105 ) ;
#1594 = DIRECTION ( 'NONE',  ( -0.000000000000000000, -0.000000000000000000, -1.000000000000000000 ) ) ;
#1595 = LINE ( 'NONE', #2459, #666 ) ;
#1596 = DIRECTION ( 'NONE',  ( 0.8713496625224615988, 0.4906625781756667193, -0.000000000000000000 ) ) ;
#1597 = DIRECTION ( 'NONE',  ( 0.000000000000000000, -0.000000000000000000, 1.000000000000000000 ) ) ;
#1598 = VECTOR ( 'NONE', #413, 1000.000000000000114 ) ;
#1599 = ADVANCED_FACE ( 'NONE', ( #2188 ), #263, .F. ) ;
#1600 = AXIS2_PLACEMENT_3D ( 'NONE', #457, #1306, #42 ) ;
#1601 = PLANE ( 'NONE',  #1092 ) ;
#1602 = VECTOR ( 'NONE', #340, 1000.000000000000000 ) ;
#1603 = AXIS2_PLACEMENT_3D ( 'NONE', #1655, #2516, #2336 ) ;
#1604 = EDGE_CURVE ( 'NONE', #1483, #1656, #2712, .T. ) ;
#1605 = VERTEX_POINT ( 'NONE', #1162 ) ;
#1606 = CARTESIAN_POINT ( 'NONE',  ( 26.27554745711414341, 9.628561104224484524, 3.500000000000254463 ) ) ;
#1607 = ORIENTED_EDGE ( 'NONE', *, *, #293, .T. ) ;
#1608 = CARTESIAN_POINT ( 'NONE',  ( -1.930905891345690906, -13.29805609406240841, 5.700000000000254197 ) ) ;
#1609 = DIRECTION ( 'NONE',  ( -3.266477528593578478E-16, 1.000000000000000000, 0.000000000000000000 ) ) ;
#1610 = CARTESIAN_POINT ( 'NONE',  ( -19.48849902806611212, 33.50704633327629978, 0.000000000000000000 ) ) ;
#1611 = DIRECTION ( 'NONE',  ( 0.000000000000000000, 1.000000000000000000, 0.000000000000000000 ) ) ;
#1612 = APPLICATION_PROTOCOL_DEFINITION ( 'draft international standard', 'automotive_design', 1998, #1415 ) ;
#1613 = CARTESIAN_POINT ( 'NONE',  ( 21.63307053910937228, 0.000000000000000000, 5.500000000000254907 ) ) ;
#1614 = EDGE_CURVE ( 'NONE', #2096, #1297, #1826, .T. ) ;
#1615 = CARTESIAN_POINT ( 'NONE',  ( 17.42668493753810210, 4.209897802172800851, 13.50000000000025402 ) ) ;
#1616 = ORIENTED_EDGE ( 'NONE', *, *, #1120, .F. ) ;
#1617 = CARTESIAN_POINT ( 'NONE',  ( 17.42668493753810210, -27.77046216421287994, -8.983337121729675800 ) ) ;
#1618 = EDGE_CURVE ( 'NONE', #799, #718, #430, .T. ) ;
#1619 = ORIENTED_EDGE ( 'NONE', *, *, #2275, .T. ) ;
#1620 = CARTESIAN_POINT ( 'NONE',  ( 17.42792918169166327, -29.30011630742320605, 5.500000000000254907 ) ) ;
#1621 = PLANE ( 'NONE',  #2085 ) ;
#1622 = ORIENTED_EDGE ( 'NONE', *, *, #2108, .F. ) ;
#1623 = DIRECTION ( 'NONE',  ( 0.000000000000000000, 0.000000000000000000, -1.000000000000000000 ) ) ;
#1624 = LINE ( 'NONE', #348, #1105 ) ;
#1625 = DIRECTION ( 'NONE',  ( 0.000000000000000000, 0.000000000000000000, -1.000000000000000000 ) ) ;
#1626 = ADVANCED_FACE ( 'NONE', ( #2499, #578, #1185, #116, #2017 ), #1425, .T. ) ;
#1627 = ORIENTED_EDGE ( 'NONE', *, *, #2119, .T. ) ;
#1628 = PLANE ( 'NONE',  #387 ) ;
#1629 = ORIENTED_EDGE ( 'NONE', *, *, #447, .T. ) ;
#1630 = VECTOR ( 'NONE', #2004, 1000.000000000000000 ) ;
#1631 = EDGE_CURVE ( 'NONE', #770, #2115, #359, .T. ) ;
#1632 = LINE ( 'NONE', #956, #2541 ) ;
#1633 = EDGE_LOOP ( 'NONE', ( #1248, #229, #2189 ) ) ;
#1634 = ADVANCED_FACE ( 'NONE', ( #2260 ), #1397, .F. ) ;
#1635 = VECTOR ( 'NONE', #2222, 1000.000000000000000 ) ;
#1636 = CARTESIAN_POINT ( 'NONE',  ( -28.34161846380722238, 25.37803181733859503, 5.500000000000254907 ) ) ;
#1637 = DIRECTION ( 'NONE',  ( 0.000000000000000000, 0.000000000000000000, 1.000000000000000000 ) ) ;
#1638 = PLANE ( 'NONE',  #691 ) ;
#1639 = AXIS2_PLACEMENT_3D ( 'NONE', #1809, #1203, #1597 ) ;
#1640 = VECTOR ( 'NONE', #2778, 1000.000000000000000 ) ;
#1641 = CARTESIAN_POINT ( 'NONE',  ( 17.42668493753810210, 9.628561104224484524, 5.500000000000254907 ) ) ;
#1642 = VECTOR ( 'NONE', #1873, 1000.000000000000000 ) ;
#1643 = ORIENTED_EDGE ( 'NONE', *, *, #2732, .F. ) ;
#1644 = FACE_OUTER_BOUND ( 'NONE', #2618, .T. ) ;
#1645 = EDGE_CURVE ( 'NONE', #239, #1025, #332, .T. ) ;
#1646 = PLANE ( 'NONE',  #2642 ) ;
#1647 = CARTESIAN_POINT ( 'NONE',  ( -19.48849902806611212, 31.07466458926504060, 3.500000000000254907 ) ) ;
#1648 = VERTEX_POINT ( 'NONE', #153 ) ;
#1649 = PRODUCT_CONTEXT ( 'NONE', #2429, 'mechanical' ) ;
#1650 = EDGE_CURVE ( 'NONE', #520, #2072, #1797, .T. ) ;
#1651 = DIRECTION ( 'NONE',  ( 1.000000000000000000, 0.000000000000000000, 0.000000000000000000 ) ) ;
#1652 = CARTESIAN_POINT ( 'NONE',  ( -0.4822320831181711731, -10.05694419705314324, 5.500000000000254907 ) ) ;
#1653 = ORIENTED_EDGE ( 'NONE', *, *, #1099, .F. ) ;
#1654 = EDGE_LOOP ( 'NONE', ( #2408, #633, #1380, #1757 ) ) ;
#1655 = CARTESIAN_POINT ( 'NONE',  ( 0.000000000000000000, -2.567958942245283982, 0.000000000000000000 ) ) ;
#1656 = VERTEX_POINT ( 'NONE', #988 ) ;
#1657 = EDGE_CURVE ( 'NONE', #1970, #421, #731, .T. ) ;
#1658 = CYLINDRICAL_SURFACE ( 'NONE', #2042, 3.499999999999999556 ) ;
#1659 = LINE ( 'NONE', #852, #1015 ) ;
#1660 = ORIENTED_EDGE ( 'NONE', *, *, #843, .F. ) ;
#1661 = ORIENTED_EDGE ( 'NONE', *, *, #1338, .T. ) ;
#1662 = ADVANCED_FACE ( 'NONE', ( #319 ), #550, .F. ) ;
#1663 = CARTESIAN_POINT ( 'NONE',  ( 26.27883179831746219, -29.30011630742320605, 0.000000000000000000 ) ) ;
#1664 = DIRECTION ( 'NONE',  ( 1.000000000000000000, 0.000000000000000000, 0.000000000000000000 ) ) ;
#1665 = CARTESIAN_POINT ( 'NONE',  ( 17.42668493753810210, -27.77046216421287994, 13.50000000000025402 ) ) ;
#1666 = ORIENTED_EDGE ( 'NONE', *, *, #1266, .F. ) ;
#1667 = ORIENTED_EDGE ( 'NONE', *, *, #1334, .F. ) ;
#1668 = CARTESIAN_POINT ( 'NONE',  ( -31.38207081830833545, 17.27078668038027232, 3.500000000000254463 ) ) ;
#1669 = DIRECTION ( 'NONE',  ( 0.000000000000000000, -1.000000000000000000, 0.000000000000000000 ) ) ;
#1670 = VERTEX_POINT ( 'NONE', #2465 ) ;
#1671 = AXIS2_PLACEMENT_3D ( 'NONE', #2034, #771, #559 ) ;
#1672 = DIRECTION ( 'NONE',  ( 1.000000000000000000, 0.000000000000000000, 0.000000000000000000 ) ) ;
#1673 = LINE ( 'NONE', #397, #1960 ) ;
#1674 = ORIENTED_EDGE ( 'NONE', *, *, #467, .T. ) ;
#1675 = CARTESIAN_POINT ( 'NONE',  ( 17.42668493753810210, -24.56742071713507158, 5.500000000000254907 ) ) ;
#1676 = EDGE_CURVE ( 'NONE', #2354, #753, #1387, .T. ) ;
#1677 = CARTESIAN_POINT ( 'NONE',  ( 15.83391402965598971, -31.90667106098782213, 3.500000000000254907 ) ) ;
#1678 = DIRECTION ( 'NONE',  ( -0.000000000000000000, -0.000000000000000000, -1.000000000000000000 ) ) ;
#1679 = ADVANCED_FACE ( 'NONE', ( #134 ), #522, .T. ) ;
#1680 = ORIENTED_EDGE ( 'NONE', *, *, #1888, .F. ) ;
#1681 = AXIS2_PLACEMENT_3D ( 'NONE', #125, #968, #99 ) ;
#1682 = VERTEX_POINT ( 'NONE', #2028 ) ;
#1683 = DIRECTION ( 'NONE',  ( -0.000000000000000000, -0.000000000000000000, 1.000000000000000000 ) ) ;
#1684 = LINE ( 'NONE', #1433, #1642 ) ;
#1685 = AXIS2_PLACEMENT_3D ( 'NONE', #285, #1838, #969 ) ;
#1686 = AXIS2_PLACEMENT_3D ( 'NONE', #1802, #140, #2654 ) ;
#1687 = ORIENTED_EDGE ( 'NONE', *, *, #450, .F. ) ;
#1688 = AXIS2_PLACEMENT_3D ( 'NONE', #1312, #650, #1495 ) ;
#1689 = CARTESIAN_POINT ( 'NONE',  ( 1.763271489526741125E-15, -13.29805609406240841, 3.500000000000254463 ) ) ;
#1690 = CARTESIAN_POINT ( 'NONE',  ( -4.832232083118171317, -10.05694419705314324, 3.500000000000254463 ) ) ;
#1691 = VERTEX_POINT ( 'NONE', #1825 ) ;
#1692 = DIRECTION ( 'NONE',  ( 0.000000000000000000, 0.000000000000000000, -1.000000000000000000 ) ) ;
#1693 = DIRECTION ( 'NONE',  ( 0.7893168006099126055, 0.6139861466474072493, 0.000000000000000000 ) ) ;
#1694 = EDGE_CURVE ( 'NONE', #801, #52, #1842, .T. ) ;
#1695 = DIRECTION ( 'NONE',  ( 0.000000000000000000, 0.000000000000000000, -1.000000000000000000 ) ) ;
#1696 = ORIENTED_EDGE ( 'NONE', *, *, #2765, .F. ) ;
#1697 = EDGE_CURVE ( 'NONE', #673, #895, #1624, .T. ) ;
#1698 = FILL_AREA_STYLE ('',( #2062 ) ) ;
#1699 = EDGE_LOOP ( 'NONE', ( #392, #2146, #2305, #2579 ) ) ;
#1700 = CARTESIAN_POINT ( 'NONE',  ( -23.19584199159677596, 33.50704633327629267, 5.500000000000254907 ) ) ;
#1701 = CARTESIAN_POINT ( 'NONE',  ( 17.42792918169166327, -36.49533803050918124, 3.500000000000254907 ) ) ;
#1702 = VERTEX_POINT ( 'NONE', #564 ) ;
#1703 = DIRECTION ( 'NONE',  ( 0.000000000000000000, 0.000000000000000000, 1.000000000000000000 ) ) ;
#1704 = PLANE ( 'NONE',  #1269 ) ;
#1705 = LINE ( 'NONE', #2621, #1063 ) ;
#1706 = EDGE_CURVE ( 'NONE', #311, #2717, #1868, .T. ) ;
#1707 = VERTEX_POINT ( 'NONE', #410 ) ;
#1708 = DIRECTION ( 'NONE',  ( 0.0008134150765140281359, -0.9999996691779018398, 0.000000000000000000 ) ) ;
#1709 = PLANE ( 'NONE',  #2228 ) ;
#1710 = ORIENTED_EDGE ( 'NONE', *, *, #599, .T. ) ;
#1711 = EDGE_CURVE ( 'NONE', #429, #1091, #2519, .T. ) ;
#1712 = LINE ( 'NONE', #259, #1729 ) ;
#1713 = DIRECTION ( 'NONE',  ( -0.7893168006099253731, 0.6139861466473907070, 0.000000000000000000 ) ) ;
#1714 = VECTOR ( 'NONE', #715, 1000.000000000000000 ) ;
#1715 = ORIENTED_EDGE ( 'NONE', *, *, #2735, .F. ) ;
#1716 = LINE ( 'NONE', #1464, #27 ) ;
#1717 = ORIENTED_EDGE ( 'NONE', *, *, #989, .T. ) ;
#1718 = VECTOR ( 'NONE', #542, 1000.000000000000000 ) ;
#1719 = VECTOR ( 'NONE', #789, 1000.000000000000000 ) ;
#1720 = CARTESIAN_POINT ( 'NONE',  ( 0.000000000000000000, 17.27078668038027232, 3.500000000000254463 ) ) ;
#1721 = LINE ( 'NONE', #2590, #2571 ) ;
#1722 = VECTOR ( 'NONE', #2450, 1000.000000000000000 ) ;
#1723 = ORIENTED_EDGE ( 'NONE', *, *, #1377, .T. ) ;
#1724 = EDGE_LOOP ( 'NONE', ( #966, #1145, #2224, #1082, #1003, #1592, #2223 ) ) ;
#1725 = DIRECTION ( 'NONE',  ( -1.000000000000000000, 0.000000000000000000, 0.000000000000000000 ) ) ;
#1726 = CYLINDRICAL_SURFACE ( 'NONE', #1499, 5.250000000000000000 ) ;
#1727 = EDGE_LOOP ( 'NONE', ( #8, #1758, #582, #1667 ) ) ;
#1728 = CIRCLE ( 'NONE', #1453, 5.250000000000000000 ) ;
#1729 = VECTOR ( 'NONE', #674, 1000.000000000000227 ) ;
#1730 = DIRECTION ( 'NONE',  ( 0.000000000000000000, 0.000000000000000000, -1.000000000000000000 ) ) ;
#1731 = AXIS2_PLACEMENT_3D ( 'NONE', #1764, #1117, #502 ) ;
#1732 = COLOUR_RGB ( '',0.7921568627450980005, 0.8196078431372548767, 0.9333333333333333481 ) ;
#1733 = DIRECTION ( 'NONE',  ( 0.000000000000000000, -1.000000000000000000, 0.000000000000000000 ) ) ;
#1734 = EDGE_CURVE ( 'NONE', #2781, #60, #2309, .T. ) ;
#1735 = CIRCLE ( 'NONE', #984, 5.250000000000000000 ) ;
#1736 = ORIENTED_EDGE ( 'NONE', *, *, #733, .F. ) ;
#1737 = FACE_OUTER_BOUND ( 'NONE', #2677, .T. ) ;
#1738 = EDGE_CURVE ( 'NONE', #1528, #2532, #1659, .T. ) ;
#1739 = ORIENTED_EDGE ( 'NONE', *, *, #2251, .T. ) ;
#1740 = CARTESIAN_POINT ( 'NONE',  ( -19.48849902806611212, 31.07466458926504060, -4.434058276324247316 ) ) ;
#1741 = DIRECTION ( 'NONE',  ( 1.075484249221790244E-16, -1.000000000000000000, 0.000000000000000000 ) ) ;
#1742 = ORIENTED_EDGE ( 'NONE', *, *, #2584, .T. ) ;
#1743 = ORIENTED_EDGE ( 'NONE', *, *, #644, .F. ) ;
#1744 = CARTESIAN_POINT ( 'NONE',  ( 17.42668493753810210, -27.73684457774396250, 5.500000000000254907 ) ) ;
#1745 = PLANE ( 'NONE',  #1506 ) ;
#1746 = CARTESIAN_POINT ( 'NONE',  ( 0.000000000000000000, 1.247652906881897339, 3.500000000000254463 ) ) ;
#1747 = VERTEX_POINT ( 'NONE', #1059 ) ;
#1748 = CARTESIAN_POINT ( 'NONE',  ( 26.27554745711413631, 19.16617699716827872, 3.500000000000254463 ) ) ;
#1749 = FACE_OUTER_BOUND ( 'NONE', #669, .T. ) ;
#1750 = EDGE_CURVE ( 'NONE', #186, #660, #1550, .T. ) ;
#1751 = CARTESIAN_POINT ( 'NONE',  ( 0.000000000000000000, 0.000000000000000000, 5.500000000000254907 ) ) ;
#1752 = EDGE_LOOP ( 'NONE', ( #1335, #417 ) ) ;
#1753 = EDGE_CURVE ( 'NONE', #2569, #1911, #611, .T. ) ;
#1754 = CARTESIAN_POINT ( 'NONE',  ( -15.78115606453545183, 31.07466458926504060, 0.000000000000000000 ) ) ;
#1755 = CARTESIAN_POINT ( 'NONE',  ( -2.615539500464060918, -12.76549989963823961, 3.500000000000254463 ) ) ;
#1756 = EDGE_CURVE ( 'NONE', #1149, #1786, #2553, .T. ) ;
#1757 = ORIENTED_EDGE ( 'NONE', *, *, #2691, .F. ) ;
#1758 = ORIENTED_EDGE ( 'NONE', *, *, #2059, .F. ) ;
#1759 = DIRECTION ( 'NONE',  ( -1.000000000000000000, 0.000000000000000000, 0.000000000000000000 ) ) ;
#1760 = DIRECTION ( 'NONE',  ( 1.000000000000000000, 0.000000000000000000, 0.000000000000000000 ) ) ;
#1761 = LINE ( 'NONE', #2149, #2721 ) ;
#1762 = ORIENTED_EDGE ( 'NONE', *, *, #1562, .T. ) ;
#1763 = CARTESIAN_POINT ( 'NONE',  ( -0.9934448250388319135, -13.29805609406240841, 3.500000000000254463 ) ) ;
#1764 = CARTESIAN_POINT ( 'NONE',  ( 12.27641530783898993, 0.000000000000000000, 3.500000000000254463 ) ) ;
#1765 = ORIENTED_EDGE ( 'NONE', *, *, #863, .F. ) ;
#1766 = DIRECTION ( 'NONE',  ( -1.000000000000000000, -1.636130704980173307E-16, -0.000000000000000000 ) ) ;
#1767 = FACE_OUTER_BOUND ( 'NONE', #1245, .T. ) ;
#1768 = EDGE_CURVE ( 'NONE', #2436, #916, #2534, .T. ) ;
#1769 = ORIENTED_EDGE ( 'NONE', *, *, #2410, .F. ) ;
#1770 = CLOSED_SHELL ( 'NONE', ( #2026, #953, #973, #137, #707, #1472, #349, #557, #1012, #1078, #1526, #767, #432, #272, #341, #2659, #1626, #391, #791, #2068, #1249, #558, #2443, #2219, #1439, #1484, #1875, #411, #1403, #552, #324, #1599, #1924, #2469, #808, #678, #1943, #561, #991, #1231, #132, #93, #824, #626, #2655, #1579, #1977, #1300, #1980, #2040, #1828, #1131, #1634, #2715, #2242, #1047, #1468, #541, #1427, #2255, #2057, #777, #395, #1152, #2478, #2565, #238, #1662, #2509, #2162, #1502, #1204, #942, #2353, #1214, #2771, #2237, #695, #1679, #1031, #919, #1843, #846, #2523, #1390, #1846, #2520, #2300, #524 ) ) ;
#1771 = ORIENTED_EDGE ( 'NONE', *, *, #2448, .F. ) ;
#1772 = VERTEX_POINT ( 'NONE', #2725 ) ;
#1773 = CARTESIAN_POINT ( 'NONE',  ( -27.73412134584282995, -24.73533803050917967, 0.000000000000000000 ) ) ;
#1774 = CARTESIAN_POINT ( 'NONE',  ( 0.000000000000000000, 0.000000000000000000, 0.000000000000000000 ) ) ;
#1775 = EDGE_CURVE ( 'NONE', #2528, #2238, #1486, .T. ) ;
#1776 = CARTESIAN_POINT ( 'NONE',  ( 26.27883179831746219, -27.77046216421287994, 0.000000000000000000 ) ) ;
#1777 = CARTESIAN_POINT ( 'NONE',  ( 21.63307053910937228, 19.16617699716827872, 0.000000000000000000 ) ) ;
#1778 = PLANE ( 'NONE',  #1456 ) ;
#1779 = CIRCLE ( 'NONE', #478, 3.499999999999999556 ) ;
#1780 = AXIS2_PLACEMENT_3D ( 'NONE', #2581, #1730, #657 ) ;
#1781 = DIRECTION ( 'NONE',  ( 0.000000000000000000, 1.000000000000000000, -0.000000000000000000 ) ) ;
#1782 = ORIENTED_EDGE ( 'NONE', *, *, #588, .T. ) ;
#1783 = VECTOR ( 'NONE', #176, 1000.000000000000000 ) ;
#1784 = DIRECTION ( 'NONE',  ( -0.000000000000000000, -0.000000000000000000, 1.000000000000000000 ) ) ;
#1785 = CARTESIAN_POINT ( 'NONE',  ( 21.63307053910937228, 22.35521482882545286, -8.159750702876424455 ) ) ;
#1786 = VERTEX_POINT ( 'NONE', #166 ) ;
#1787 = EDGE_CURVE ( 'NONE', #2730, #2088, #1281, .T. ) ;
#1788 = ORIENTED_EDGE ( 'NONE', *, *, #588, .F. ) ;
#1789 = CARTESIAN_POINT ( 'NONE',  ( -9.182232083118170962, -10.05694419705314324, 5.700000000000254197 ) ) ;
#1790 = DIRECTION ( 'NONE',  ( -0.1923122843527267922, -0.9813337787353677566, -0.000000000000000000 ) ) ;
#1791 = ORIENTED_EDGE ( 'NONE', *, *, #1523, .T. ) ;
#1792 = EDGE_CURVE ( 'NONE', #48, #2532, #204, .T. ) ;
#1793 = PLANE ( 'NONE',  #2130 ) ;
#1794 = CARTESIAN_POINT ( 'NONE',  ( -31.38207081830833545, 17.27078668038027232, 3.500000000000254463 ) ) ;
#1795 = CARTESIAN_POINT ( 'NONE',  ( 17.42668493753810210, -24.56742071713507158, 13.50000000000025402 ) ) ;
#1796 = DIRECTION ( 'NONE',  ( 0.000000000000000000, 0.000000000000000000, 1.000000000000000000 ) ) ;
#1797 = LINE ( 'NONE', #972, #752 ) ;
#1798 = LINE ( 'NONE', #2190, #1359 ) ;
#1799 = DIRECTION ( 'NONE',  ( -0.000000000000000000, -0.000000000000000000, 1.000000000000000000 ) ) ;
#1800 = ORIENTED_EDGE ( 'NONE', *, *, #206, .T. ) ;
#1801 = DIRECTION ( 'NONE',  ( 0.000000000000000000, 1.000000000000000000, 0.000000000000000000 ) ) ;
#1802 = CARTESIAN_POINT ( 'NONE',  ( 15.83391402965598971, -31.90667106098782213, 0.000000000000000000 ) ) ;
#1803 = DIRECTION ( 'NONE',  ( 0.7084098798067387515, -0.7058012767006035526, 0.000000000000000000 ) ) ;
#1804 = EDGE_LOOP ( 'NONE', ( #1715, #553, #2535, #1176, #1819 ) ) ;
#1805 = LINE ( 'NONE', #2441, #563 ) ;
#1806 = DIRECTION ( 'NONE',  ( 0.000000000000000000, 0.000000000000000000, -1.000000000000000000 ) ) ;
#1807 = EDGE_CURVE ( 'NONE', #1302, #83, #643, .T. ) ;
#1808 = DIRECTION ( 'NONE',  ( 1.000000000000000000, 0.000000000000000000, 0.000000000000000000 ) ) ;
#1809 = CARTESIAN_POINT ( 'NONE',  ( 0.000000000000000000, 19.16617699716827872, 3.500000000000254463 ) ) ;
#1810 = CARTESIAN_POINT ( 'NONE',  ( 19.21454663313912903, 33.50704633327629978, 5.500000000000254907 ) ) ;
#1811 = EDGE_CURVE ( 'NONE', #1691, #770, #587, .T. ) ;
#1812 = DIRECTION ( 'NONE',  ( 0.000000000000000000, -0.000000000000000000, 1.000000000000000000 ) ) ;
#1813 = AXIS2_PLACEMENT_3D ( 'NONE', #2058, #1857, #1011 ) ;
#1814 = DIRECTION ( 'NONE',  ( 1.000000000000000000, 0.000000000000000000, 0.000000000000000000 ) ) ;
#1815 = ORIENTED_EDGE ( 'NONE', *, *, #2124, .F. ) ;
#1816 = ORIENTED_EDGE ( 'NONE', *, *, #2092, .T. ) ;
#1817 = CARTESIAN_POINT ( 'NONE',  ( -4.379089557843517611, 0.8581715360285780969, 3.500000000000254907 ) ) ;
#1818 = CARTESIAN_POINT ( 'NONE',  ( -28.34207081830833630, 17.27078668038027232, 3.500000000000254907 ) ) ;
#1819 = ORIENTED_EDGE ( 'NONE', *, *, #1566, .F. ) ;
#1820 = DIRECTION ( 'NONE',  ( 0.1923122843527269865, -0.9813337787353677566, -0.000000000000000000 ) ) ;
#1821 = LINE ( 'NONE', #761, #2045 ) ;
#1822 = ORIENTED_EDGE ( 'NONE', *, *, #2144, .T. ) ;
#1823 = EDGE_CURVE ( 'NONE', #1169, #355, #2352, .T. ) ;
#1824 = CARTESIAN_POINT ( 'NONE',  ( -23.21295638980803844, 25.37803181733859503, 5.500000000000254907 ) ) ;
#1825 = CARTESIAN_POINT ( 'NONE',  ( -2.615539500464061362, -12.76549989963823961, 3.500000000000254463 ) ) ;
#1826 = CIRCLE ( 'NONE', #1151, 2.884907527397808202 ) ;
#1827 = AXIS2_PLACEMENT_3D ( 'NONE', #1336, #2135, #2629 ) ;
#1828 = ADVANCED_FACE ( 'NONE', ( #1008 ), #1866, .F. ) ;
#1829 = DIRECTION ( 'NONE',  ( -1.000000000000000000, 0.000000000000000000, -0.000000000000000000 ) ) ;
#1830 = CIRCLE ( 'NONE', #615, 4.349999999999999645 ) ;
#1831 = VECTOR ( 'NONE', #1332, 1000.000000000000000 ) ;
#1832 = CARTESIAN_POINT ( 'NONE',  ( 15.80425832420069554, 9.628561104224484524, 13.50000000000025402 ) ) ;
#1833 = VECTOR ( 'NONE', #1257, 1000.000000000000000 ) ;
#1834 = ORIENTED_EDGE ( 'NONE', *, *, #1738, .F. ) ;
#1835 = CARTESIAN_POINT ( 'NONE',  ( 17.42792918169166327, -27.77046216421287994, 5.500000000000254907 ) ) ;
#1836 = EDGE_LOOP ( 'NONE', ( #1432, #2145, #1239, #1291 ) ) ;
#1837 = PLANE ( 'NONE',  #754 ) ;
#1838 = DIRECTION ( 'NONE',  ( -0.000000000000000000, -0.000000000000000000, -1.000000000000000000 ) ) ;
#1839 = VERTEX_POINT ( 'NONE', #595 ) ;
#1840 =( BOUNDED_CURVE ( )  B_SPLINE_CURVE ( 3, ( #1369, #305, #2232, #2444 ),
 .UNSPECIFIED., .F., .F. ) 
 B_SPLINE_CURVE_WITH_KNOTS ( ( 4, 4 ),
 ( 1.343745706872400802, 1.347090176687217644 ),
 .UNSPECIFIED. ) 
 CURVE ( )  GEOMETRIC_REPRESENTATION_ITEM ( )  RATIONAL_B_SPLINE_CURVE ( ( 1.000000000000000000, 0.9999990678770220853, 0.9999990678770220853, 1.000000000000000000 ) ) 
 REPRESENTATION_ITEM ( '' )  );
#1841 = DIRECTION ( 'NONE',  ( 0.002105342566206879189, 0.9999977837638835965, 0.000000000000000000 ) ) ;
#1842 = LINE ( 'NONE', #2487, #342 ) ;
#1843 = ADVANCED_FACE ( 'NONE', ( #1044 ), #1238, .F. ) ;
#1844 = LINE ( 'NONE', #961, #2170 ) ;
#1845 = EDGE_CURVE ( 'NONE', #1463, #872, #1673, .T. ) ;
#1846 = ADVANCED_FACE ( 'NONE', ( #2758 ), #2327, .F. ) ;
#1847 = ORIENTED_EDGE ( 'NONE', *, *, #211, .F. ) ;
#1848 = DIRECTION ( 'NONE',  ( -1.000000000000000000, 0.000000000000000000, 0.000000000000000000 ) ) ;
#1849 = EDGE_CURVE ( 'NONE', #573, #495, #865, .T. ) ;
#1850 = ORIENTED_EDGE ( 'NONE', *, *, #2765, .T. ) ;
#1851 = FACE_OUTER_BOUND ( 'NONE', #2203, .T. ) ;
#1852 = EDGE_LOOP ( 'NONE', ( #2652, #708, #604, #2484, #2766, #656, #2392, #1736, #1895, #2051, #1902, #2761, #2576, #1816, #1481, #653, #1080, #1020, #1762, #2254, #1309, #2293, #1680, #590, #190, #1305, #1452, #2020, #1207, #246, #1997 ) ) ;
#1853 = ORIENTED_EDGE ( 'NONE', *, *, #447, .F. ) ;
#1854 = CARTESIAN_POINT ( 'NONE',  ( -23.21295638980803844, -36.49533803050918124, 5.500000000000254907 ) ) ;
#1855 = DIRECTION ( 'NONE',  ( -1.000000000000000000, 0.000000000000000000, 0.000000000000000000 ) ) ;
#1856 =( LENGTH_UNIT ( ) NAMED_UNIT ( * ) SI_UNIT ( .MILLI., .METRE. ) );
#1857 = DIRECTION ( 'NONE',  ( 0.000000000000000000, 0.000000000000000000, 1.000000000000000000 ) ) ;
#1858 = EDGE_CURVE ( 'NONE', #814, #613, #70, .T. ) ;
#1859 = CARTESIAN_POINT ( 'NONE',  ( -15.78115606453545183, 31.07466458926504060, 3.500000000000254907 ) ) ;
#1860 = ORIENTED_EDGE ( 'NONE', *, *, #2290, .T. ) ;
#1861 = EDGE_CURVE ( 'NONE', #207, #783, #675, .T. ) ;
#1862 = CARTESIAN_POINT ( 'NONE',  ( 17.40408450214183844, 0.01415674941033185849, 3.500000000000254907 ) ) ;
#1863 = VECTOR ( 'NONE', #513, 1000.000000000000000 ) ;
#1864 = ORIENTED_EDGE ( 'NONE', *, *, #1002, .F. ) ;
#1865 = DIRECTION ( 'NONE',  ( 0.000000000000000000, -1.000000000000000000, 0.000000000000000000 ) ) ;
#1866 = CYLINDRICAL_SURFACE ( 'NONE', #1553, 5.250000000000000000 ) ;
#1867 = CARTESIAN_POINT ( 'NONE',  ( 0.000000000000000000, -2.567958942245283982, 0.000000000000000000 ) ) ;
#1868 = CIRCLE ( 'NONE', #2314, 5.250000000000000888 ) ;
#1869 = DIRECTION ( 'NONE',  ( 0.000000000000000000, -1.000000000000000000, 0.000000000000000000 ) ) ;
#1870 = AXIS2_PLACEMENT_3D ( 'NONE', #317, #302, #944 ) ;
#1871 = EDGE_CURVE ( 'NONE', #48, #1169, #1074, .T. ) ;
#1872 = ORIENTED_EDGE ( 'NONE', *, *, #1201, .F. ) ;
#1873 = DIRECTION ( 'NONE',  ( -0.000000000000000000, -0.000000000000000000, 1.000000000000000000 ) ) ;
#1874 = EDGE_LOOP ( 'NONE', ( #403, #809, #2200, #2299, #2704, #2307 ) ) ;
#1875 = ADVANCED_FACE ( 'NONE', ( #472 ), #2397, .F. ) ;
#1876 = FACE_OUTER_BOUND ( 'NONE', #274, .T. ) ;
#1877 = CARTESIAN_POINT ( 'NONE',  ( -0.000000000000000000, 17.27078668038027232, 5.500000000000254907 ) ) ;
#1878 = ORIENTED_EDGE ( 'NONE', *, *, #329, .F. ) ;
#1879 = LINE ( 'NONE', #867, #1598 ) ;
#1880 = DIRECTION ( 'NONE',  ( 1.000000000000000000, 0.000000000000000000, 0.000000000000000000 ) ) ;
#1881 = CARTESIAN_POINT ( 'NONE',  ( 21.63307053910937228, 9.628561104224484524, 5.500000000000254907 ) ) ;
#1882 = ORIENTED_EDGE ( 'NONE', *, *, #1711, .T. ) ;
#1883 = EDGE_LOOP ( 'NONE', ( #1860, #608, #2131, #11 ) ) ;
#1884 = CARTESIAN_POINT ( 'NONE',  ( 19.76305649801740927, 31.99886031465207381, 5.700000000000254197 ) ) ;
#1885 = ORIENTED_EDGE ( 'NONE', *, *, #1409, .F. ) ;
#1886 = DIRECTION ( 'NONE',  ( 1.000000000000000000, 0.000000000000000000, 0.000000000000000000 ) ) ;
#1887 = CARTESIAN_POINT ( 'NONE',  ( 19.86289655596839054, 32.86108385261967868, 5.700000000000254197 ) ) ;
#1888 = EDGE_CURVE ( 'NONE', #355, #1786, #2198, .T. ) ;
#1889 = ORIENTED_EDGE ( 'NONE', *, *, #226, .F. ) ;
#1890 = ORIENTED_EDGE ( 'NONE', *, *, #1906, .T. ) ;
#1891 = LINE ( 'NONE', #2125, #702 ) ;
#1892 = EDGE_CURVE ( 'NONE', #37, #2558, #1103, .T. ) ;
#1893 = CARTESIAN_POINT ( 'NONE',  ( -7.733558274890649287, -13.29805609406241018, 5.700000000000254197 ) ) ;
#1894 = CARTESIAN_POINT ( 'NONE',  ( -7.048924665772298148, -12.76549989963822718, 5.700000000000254197 ) ) ;
#1895 = ORIENTED_EDGE ( 'NONE', *, *, #599, .F. ) ;
#1896 = EDGE_LOOP ( 'NONE', ( #1527, #2101 ) ) ;
#1897 = CARTESIAN_POINT ( 'NONE',  ( -23.19584199159677596, 33.50704633327629267, 5.500000000000254907 ) ) ;
#1898 = ORIENTED_EDGE ( 'NONE', *, *, #290, .F. ) ;
#1899 = AXIS2_PLACEMENT_3D ( 'NONE', #1585, #276, #1358 ) ;
#1900 = LINE ( 'NONE', #1057, #1551 ) ;
#1901 = CARTESIAN_POINT ( 'NONE',  ( -23.19584199159677596, 33.50704633327629267, 5.500000000000254907 ) ) ;
#1902 = ORIENTED_EDGE ( 'NONE', *, *, #2119, .F. ) ;
#1903 = EDGE_CURVE ( 'NONE', #1498, #2457, #244, .T. ) ;
#1904 = ORIENTED_EDGE ( 'NONE', *, *, #113, .F. ) ;
#1905 = LINE ( 'NONE', #1076, #2538 ) ;
#1906 = EDGE_CURVE ( 'NONE', #1054, #1670, #882, .T. ) ;
#1907 = DIRECTION ( 'NONE',  ( -0.000000000000000000, -0.000000000000000000, 1.000000000000000000 ) ) ;
#1908 = DIRECTION ( 'NONE',  ( -0.000000000000000000, -0.000000000000000000, 1.000000000000000000 ) ) ;
#1909 = VECTOR ( 'NONE', #1462, 1000.000000000000000 ) ;
#1910 = AXIS2_PLACEMENT_3D ( 'NONE', #331, #1796, #2660 ) ;
#1911 = VERTEX_POINT ( 'NONE', #1533 ) ;
#1912 = CARTESIAN_POINT ( 'NONE',  ( -19.48849902806611212, 31.07466458926504060, -4.434058276324247316 ) ) ;
#1913 = VECTOR ( 'NONE', #1321, 1000.000000000000000 ) ;
#1914 = ORIENTED_EDGE ( 'NONE', *, *, #917, .T. ) ;
#1915 = VECTOR ( 'NONE', #2292, 1000.000000000000000 ) ;
#1916 = LINE ( 'NONE', #1237, #34 ) ;
#1917 = DIRECTION ( 'NONE',  ( 1.000000000000000000, 0.000000000000000000, 0.000000000000000000 ) ) ;
#1918 = ORIENTED_EDGE ( 'NONE', *, *, #1508, .T. ) ;
#1919 = ORIENTED_EDGE ( 'NONE', *, *, #747, .T. ) ;
#1920 = FACE_OUTER_BOUND ( 'NONE', #1883, .T. ) ;
#1921 = EDGE_CURVE ( 'NONE', #1970, #1053, #1107, .T. ) ;
#1922 = CARTESIAN_POINT ( 'NONE',  ( 19.21454663313912903, 33.50704633327629978, 3.500000000000254907 ) ) ;
#1923 = DIRECTION ( 'NONE',  ( -1.000000000000000000, 0.000000000000000000, 0.000000000000000000 ) ) ;
#1924 = ADVANCED_FACE ( 'NONE', ( #443 ), #490, .F. ) ;
#1925 = EDGE_CURVE ( 'NONE', #1933, #1682, #2152, .T. ) ;
#1926 = EDGE_LOOP ( 'NONE', ( #2191, #850, #2400, #1519 ) ) ;
#1927 = PLANE ( 'NONE',  #2317 ) ;
#1928 = VERTEX_POINT ( 'NONE', #912 ) ;
#1929 = DIRECTION ( 'NONE',  ( 1.636130704980173554E-16, -1.000000000000000000, 0.000000000000000000 ) ) ;
#1930 = DIRECTION ( 'NONE',  ( 1.280136741389589012E-16, -1.000000000000000000, 0.000000000000000000 ) ) ;
#1931 = ORIENTED_EDGE ( 'NONE', *, *, #450, .T. ) ;
#1932 = DIRECTION ( 'NONE',  ( 0.000000000000000000, -1.000000000000000000, 0.000000000000000000 ) ) ;
#1933 = VERTEX_POINT ( 'NONE', #271 ) ;
#1934 = PRODUCT ( 'cubit3_support1', 'cubit3_support1', '', ( #1649 ) ) ;
#1935 = FACE_OUTER_BOUND ( 'NONE', #2310, .T. ) ;
#1936 = LINE ( 'NONE', #856, #1355 ) ;
#1937 = EDGE_LOOP ( 'NONE', ( #456, #1275, #1491, #181, #2651 ) ) ;
#1938 = EDGE_CURVE ( 'NONE', #2551, #2528, #2185, .T. ) ;
#1939 = ORIENTED_EDGE ( 'NONE', *, *, #858, .T. ) ;
#1940 = VERTEX_POINT ( 'NONE', #716 ) ;
#1941 = CARTESIAN_POINT ( 'NONE',  ( 17.42792918169166327, -36.49533803050918124, 3.500000000000254907 ) ) ;
#1942 = ORIENTED_EDGE ( 'NONE', *, *, #1429, .T. ) ;
#1943 = ADVANCED_FACE ( 'NONE', ( #1307 ), #1778, .F. ) ;
#1944 = DIRECTION ( 'NONE',  ( -0.7084098798067387515, 0.7058012767006035526, -0.000000000000000000 ) ) ;
#1945 = CARTESIAN_POINT ( 'NONE',  ( -31.38207081830833545, -27.74939533400519309, 5.500000000000254907 ) ) ;
#1946 = VECTOR ( 'NONE', #2278, 1000.000000000000000 ) ;
#1947 = CARTESIAN_POINT ( 'NONE',  ( -4.832232083118171317, -10.05694419705314324, 5.700000000000254197 ) ) ;
#1948 = AXIS2_PLACEMENT_3D ( 'NONE', #91, #335, #2663 ) ;
#1949 = VECTOR ( 'NONE', #326, 1000.000000000000000 ) ;
#1950 = CARTESIAN_POINT ( 'NONE',  ( 15.64602668727106760, 28.50704633327629978, 5.700000000000254197 ) ) ;
#1951 = CARTESIAN_POINT ( 'NONE',  ( 20.00229512255086206, 28.50704633327629978, 5.700000000000254197 ) ) ;
#1952 = VECTOR ( 'NONE', #861, 1000.000000000000000 ) ;
#1953 = ORIENTED_EDGE ( 'NONE', *, *, #178, .F. ) ;
#1954 = ORIENTED_EDGE ( 'NONE', *, *, #1938, .T. ) ;
#1955 = ORIENTED_EDGE ( 'NONE', *, *, #5, .F. ) ;
#1956 = CARTESIAN_POINT ( 'NONE',  ( -23.21295638980803844, -27.74939533400519309, 5.500000000000254907 ) ) ;
#1957 = VECTOR ( 'NONE', #2274, 1000.000000000000000 ) ;
#1958 = AXIS2_PLACEMENT_3D ( 'NONE', #396, #1886, #586 ) ;
#1959 = LINE ( 'NONE', #243, #1418 ) ;
#1960 = VECTOR ( 'NONE', #612, 1000.000000000000114 ) ;
#1961 = CIRCLE ( 'NONE', #2768, 1.638047801884704668 ) ;
#1962 = DIRECTION ( 'NONE',  ( 1.000000000000000000, 0.000000000000000000, 0.000000000000000000 ) ) ;
#1963 = EDGE_CURVE ( 'NONE', #1691, #464, #252, .T. ) ;
#1964 = VECTOR ( 'NONE', #1466, 1000.000000000000000 ) ;
#1965 = VERTEX_POINT ( 'NONE', #1130 ) ;
#1966 = DIRECTION ( 'NONE',  ( 1.000000000000000000, -0.000000000000000000, -0.000000000000000000 ) ) ;
#1967 = CARTESIAN_POINT ( 'NONE',  ( -28.34161846380722238, 14.75666087085782507, 18.50000000000025224 ) ) ;
#1968 = DIRECTION ( 'NONE',  ( -0.000000000000000000, -1.000000000000000000, -0.000000000000000000 ) ) ;
#1969 = ORIENTED_EDGE ( 'NONE', *, *, #1187, .F. ) ;
#1970 = VERTEX_POINT ( 'NONE', #221 ) ;
#1971 = CARTESIAN_POINT ( 'NONE',  ( -28.34161846380722594, 25.37803181733859503, 18.50000000000025224 ) ) ;
#1972 = DIRECTION ( 'NONE',  ( 0.000000000000000000, 0.000000000000000000, 1.000000000000000000 ) ) ;
#1973 = LINE ( 'NONE', #1746, #2079 ) ;
#1974 = ORIENTED_EDGE ( 'NONE', *, *, #858, .F. ) ;
#1975 = CARTESIAN_POINT ( 'NONE',  ( 19.21454663313912903, 33.50704633327629978, 5.500000000000254907 ) ) ;
#1976 = DIRECTION ( 'NONE',  ( -0.000000000000000000, 0.000000000000000000, 1.000000000000000000 ) ) ;
#1977 = ADVANCED_FACE ( 'NONE', ( #1749 ), #686, .F. ) ;
#1978 = CARTESIAN_POINT ( 'NONE',  ( 17.42668493753810210, -24.56742071713507158, 13.50000000000025402 ) ) ;
#1979 = ORIENTED_EDGE ( 'NONE', *, *, #275, .T. ) ;
#1980 = ADVANCED_FACE ( 'NONE', ( #1351 ), #2709, .F. ) ;
#1981 = CARTESIAN_POINT ( 'NONE',  ( -23.21295638980803844, -36.49533803050918124, 5.500000000000254907 ) ) ;
#1982 = ORIENTED_EDGE ( 'NONE', *, *, #1845, .F. ) ;
#1983 = DIRECTION ( 'NONE',  ( -1.000000000000000000, 0.000000000000000000, 0.000000000000000000 ) ) ;
#1984 = PLANE ( 'NONE',  #2184 ) ;
#1985 = EDGE_LOOP ( 'NONE', ( #2521, #453, #821, #2369 ) ) ;
#1986 = FACE_OUTER_BOUND ( 'NONE', #1417, .T. ) ;
#1987 = DIRECTION ( 'NONE',  ( 0.000000000000000000, 0.000000000000000000, 1.000000000000000000 ) ) ;
#1988 = CARTESIAN_POINT ( 'NONE',  ( 26.27883179831746219, -29.30011630742320605, 0.000000000000000000 ) ) ;
#1989 = EDGE_CURVE ( 'NONE', #295, #311, #1194, .T. ) ;
#1990 = AXIS2_PLACEMENT_3D ( 'NONE', #601, #826, #1449 ) ;
#1991 = DIRECTION ( 'NONE',  ( 0.000000000000000000, 0.000000000000000000, 1.000000000000000000 ) ) ;
#1992 = EDGE_CURVE ( 'NONE', #1302, #1933, #2669, .T. ) ;
#1993 = VERTEX_POINT ( 'NONE', #2014 ) ;
#1994 = VERTEX_POINT ( 'NONE', #2257 ) ;
#1995 = CARTESIAN_POINT ( 'NONE',  ( -23.19584199159677596, 33.50704633327629267, 16.79653179914949135 ) ) ;
#1996 = CARTESIAN_POINT ( 'NONE',  ( 15.80425832420069554, 9.628561104224484524, 13.50000000000025402 ) ) ;
#1997 = ORIENTED_EDGE ( 'NONE', *, *, #795, .F. ) ;
#1998 = CARTESIAN_POINT ( 'NONE',  ( -4.832232083118171317, -10.05694419705314324, 5.700000000000254197 ) ) ;
#1999 = DIRECTION ( 'NONE',  ( 1.000000000000000000, 0.000000000000000000, 0.000000000000000000 ) ) ;
#2000 = AXIS2_PLACEMENT_3D ( 'NONE', #1412, #1637, #2661 ) ;
#2001 = DIRECTION ( 'NONE',  ( 1.000000000000000000, 0.000000000000000000, 0.000000000000000000 ) ) ;
#2002 = PLANE ( 'NONE',  #2640 ) ;
#2003 = VECTOR ( 'NONE', #2394, 1000.000000000000000 ) ;
#2004 = DIRECTION ( 'NONE',  ( -0.000000000000000000, -0.000000000000000000, -1.000000000000000000 ) ) ;
#2005 = EDGE_CURVE ( 'NONE', #139, #14, #1830, .T. ) ;
#2006 = CARTESIAN_POINT ( 'NONE',  ( -28.34207081830833630, 25.37803181733859503, 3.500000000000254463 ) ) ;
#2007 = ORIENTED_EDGE ( 'NONE', *, *, #2144, .F. ) ;
#2008 = EDGE_CURVE ( 'NONE', #2312, #2140, #2473, .T. ) ;
#2009 = DIRECTION ( 'NONE',  ( -1.000000000000000000, 0.000000000000000000, -0.000000000000000000 ) ) ;
#2010 = LINE ( 'NONE', #1617, #2413 ) ;
#2011 = ORIENTED_EDGE ( 'NONE', *, *, #2706, .T. ) ;
#2012 = ORIENTED_EDGE ( 'NONE', *, *, #1706, .T. ) ;
#2013 = CARTESIAN_POINT ( 'NONE',  ( 17.42668493753810210, -27.77046216421287994, 0.000000000000000000 ) ) ;
#2014 = CARTESIAN_POINT ( 'NONE',  ( -9.182232083118170962, -10.05694419705314324, 5.500000000000254907 ) ) ;
#2015 = ORIENTED_EDGE ( 'NONE', *, *, #1170, .T. ) ;
#2016 = CARTESIAN_POINT ( 'NONE',  ( -0.000000000000000000, 1.247652906881897339, 5.500000000000254907 ) ) ;
#2017 = FACE_BOUND ( 'NONE', #199, .T. ) ;
#2018 = CARTESIAN_POINT ( 'NONE',  ( -4.832232083118171317, -10.05694419705314324, 5.500000000000254907 ) ) ;
#2019 = DIRECTION ( 'NONE',  ( -0.000000000000000000, -0.000000000000000000, 1.000000000000000000 ) ) ;
#2020 = ORIENTED_EDGE ( 'NONE', *, *, #900, .T. ) ;
#2021 = LINE ( 'NONE', #1996, #481 ) ;
#2022 = EDGE_CURVE ( 'NONE', #753, #1528, #87, .T. ) ;
#2023 = ORIENTED_EDGE ( 'NONE', *, *, #1562, .F. ) ;
#2024 = DIRECTION ( 'NONE',  ( -0.002105342566206877455, -0.9999977837638835965, 0.000000000000000000 ) ) ;
#2025 = CARTESIAN_POINT ( 'NONE',  ( -2.884907527397808202, -2.567958942245283538, 3.500000000000254907 ) ) ;
#2026 = ADVANCED_FACE ( 'NONE', ( #781 ), #537, .T. ) ;
#2027 = DIRECTION ( 'NONE',  ( -0.000000000000000000, -1.000000000000000000, -0.000000000000000000 ) ) ;
#2028 = CARTESIAN_POINT ( 'NONE',  ( -23.21295638980803844, -27.74939533400519309, 5.500000000000254907 ) ) ;
#2029 = CARTESIAN_POINT ( 'NONE',  ( -28.34161846380722238, 14.75666087085782507, 18.50000000000025224 ) ) ;
#2030 = CIRCLE ( 'NONE', #2713, 1.469701195442388197 ) ;
#2031 = LINE ( 'NONE', #297, #576 ) ;
#2032 = ORIENTED_EDGE ( 'NONE', *, *, #1906, .F. ) ;
#2033 = ORIENTED_EDGE ( 'NONE', *, *, #879, .F. ) ;
#2034 = CARTESIAN_POINT ( 'NONE',  ( 23.49496792174097948, 28.28069104220174879, 5.700000000000254197 ) ) ;
#2035 = DIRECTION ( 'NONE',  ( 1.000000000000000000, 0.000000000000000000, 0.000000000000000000 ) ) ;
#2036 = EDGE_CURVE ( 'NONE', #1383, #1364, #327, .T. ) ;
#2037 = AXIS2_PLACEMENT_3D ( 'NONE', #1141, #1575, #1803 ) ;
#2038 = CARTESIAN_POINT ( 'NONE',  ( 15.80425832420069554, -29.30011630742320605, 13.50000000000025402 ) ) ;
#2039 = DIRECTION ( 'NONE',  ( 0.000000000000000000, 1.000000000000000000, -0.000000000000000000 ) ) ;
#2040 = ADVANCED_FACE ( 'NONE', ( #560 ), #1621, .T. ) ;
#2041 = VECTOR ( 'NONE', #807, 1000.000000000000000 ) ;
#2042 = AXIS2_PLACEMENT_3D ( 'NONE', #2552, #631, #1672 ) ;
#2043 = CARTESIAN_POINT ( 'NONE',  ( 0.000000000000000000, 0.000000000000000000, 13.50000000000025402 ) ) ;
#2044 = VECTOR ( 'NONE', #233, 1000.000000000000114 ) ;
#2045 = VECTOR ( 'NONE', #793, 1000.000000000000000 ) ;
#2046 = CARTESIAN_POINT ( 'NONE',  ( 1.763271489526741125E-15, -13.29805609406240841, 3.500000000000254463 ) ) ;
#2047 = CIRCLE ( 'NONE', #2772, 4.356268435279794460 ) ;
#2048 = VERTEX_POINT ( 'NONE', #1407 ) ;
#2049 = CARTESIAN_POINT ( 'NONE',  ( 26.27883179831746219, -27.77046216421287994, 13.50000000000025402 ) ) ;
#2050 = FACE_OUTER_BOUND ( 'NONE', #2080, .T. ) ;
#2051 = ORIENTED_EDGE ( 'NONE', *, *, #747, .F. ) ;
#2052 = CARTESIAN_POINT ( 'NONE',  ( -23.21295638980803844, 25.37803181733859503, 3.500000000000254907 ) ) ;
#2053 = DIRECTION ( 'NONE',  ( 0.000000000000000000, 0.000000000000000000, 1.000000000000000000 ) ) ;
#2054 = DIRECTION ( 'NONE',  ( -0.000000000000000000, -0.000000000000000000, -1.000000000000000000 ) ) ;
#2055 = CARTESIAN_POINT ( 'NONE',  ( 0.000000000000000000, 0.000000000000000000, 5.500000000000254907 ) ) ;
#2056 = DIRECTION ( 'NONE',  ( 1.000000000000000000, 0.000000000000000000, -0.000000000000000000 ) ) ;
#2057 = ADVANCED_FACE ( 'NONE', ( #1851 ), #1144, .F. ) ;
#2058 = CARTESIAN_POINT ( 'NONE',  ( -4.832232083118171317, -10.05694419705314324, 5.500000000000254907 ) ) ;
#2059 = EDGE_CURVE ( 'NONE', #37, #1302, #772, .T. ) ;
#2060 = CYLINDRICAL_SURFACE ( 'NONE', #2187, 4.349999999999999645 ) ;
#2061 = ORIENTED_EDGE ( 'NONE', *, *, #1283, .F. ) ;
#2062 = FILL_AREA_STYLE_COLOUR ( '', #1732 ) ;
#2063 = CARTESIAN_POINT ( 'NONE',  ( 0.000000000000000000, 0.000000000000000000, 5.500000000000254907 ) ) ;
#2064 = ORIENTED_EDGE ( 'NONE', *, *, #2559, .F. ) ;
#2065 = DIRECTION ( 'NONE',  ( -0.000000000000000000, 1.000000000000000000, -0.000000000000000000 ) ) ;
#2066 = CARTESIAN_POINT ( 'NONE',  ( 0.000000000000000000, 0.000000000000000000, 0.000000000000000000 ) ) ;
#2067 = DIRECTION ( 'NONE',  ( 0.000000000000000000, -1.000000000000000000, 0.000000000000000000 ) ) ;
#2068 = ADVANCED_FACE ( 'NONE', ( #1199 ), #2213, .F. ) ;
#2069 = VECTOR ( 'NONE', #1693, 1000.000000000000114 ) ;
#2070 = LINE ( 'NONE', #2304, #485 ) ;
#2071 = EDGE_CURVE ( 'NONE', #160, #1772, #1108, .T. ) ;
#2072 = VERTEX_POINT ( 'NONE', #100 ) ;
#2073 = LINE ( 'NONE', #1912, #1154 ) ;
#2074 = VECTOR ( 'NONE', #722, 1000.000000000000000 ) ;
#2075 = VERTEX_POINT ( 'NONE', #996 ) ;
#2076 = ORIENTED_EDGE ( 'NONE', *, *, #1903, .F. ) ;
#2077 = CARTESIAN_POINT ( 'NONE',  ( -28.34207081830833630, 0.000000000000000000, 5.500000000000254907 ) ) ;
#2078 = DIRECTION ( 'NONE',  ( -0.000000000000000000, -1.000000000000000000, -0.000000000000000000 ) ) ;
#2079 = VECTOR ( 'NONE', #2368, 1000.000000000000000 ) ;
#2080 = EDGE_LOOP ( 'NONE', ( #1356, #1408, #1346, #1765, #269 ) ) ;
#2081 = CARTESIAN_POINT ( 'NONE',  ( -0.9934448250388319135, -25.41574088011293853, 3.500000000000254463 ) ) ;
#2082 = VECTOR ( 'NONE', #1552, 1000.000000000000000 ) ;
#2083 = VECTOR ( 'NONE', #1473, 1000.000000000000000 ) ;
#2084 = AXIS2_PLACEMENT_3D ( 'NONE', #2414, #1987, #1088 ) ;
#2085 = AXIS2_PLACEMENT_3D ( 'NONE', #2230, #2699, #126 ) ;
#2086 = CARTESIAN_POINT ( 'NONE',  ( -7.048924665772298148, -12.76549989963822718, 5.700000000000254197 ) ) ;
#2087 = CIRCLE ( 'NONE', #2415, 3.499999999999996003 ) ;
#2088 = VERTEX_POINT ( 'NONE', #571 ) ;
#2089 = EDGE_CURVE ( 'NONE', #2284, #660, #1632, .T. ) ;
#2090 = CARTESIAN_POINT ( 'NONE',  ( -15.78115606453544828, 1.247652906881897339, 5.500000000000254907 ) ) ;
#2091 = ORIENTED_EDGE ( 'NONE', *, *, #2428, .T. ) ;
#2092 = EDGE_CURVE ( 'NONE', #2551, #402, #1595, .T. ) ;
#2093 = CARTESIAN_POINT ( 'NONE',  ( 0.000000000000000000, -25.41574088011293853, 5.500000000000254907 ) ) ;
#2094 = DIRECTION ( 'NONE',  ( -1.000000000000000000, 0.000000000000000000, 0.000000000000000000 ) ) ;
#2095 = ORIENTED_EDGE ( 'NONE', *, *, #863, .T. ) ;
#2096 = VERTEX_POINT ( 'NONE', #2025 ) ;
#2097 = EDGE_LOOP ( 'NONE', ( #1769, #805 ) ) ;
#2098 = LINE ( 'NONE', #1270, #298 ) ;
#2099 = CARTESIAN_POINT ( 'NONE',  ( 12.27641530783898993, 1.247652906881897339, 5.500000000000254907 ) ) ;
#2100 = DIRECTION ( 'NONE',  ( -1.000000000000000000, 0.000000000000000000, 0.000000000000000000 ) ) ;
#2101 = ORIENTED_EDGE ( 'NONE', *, *, #2202, .F. ) ;
#2102 = ORIENTED_EDGE ( 'NONE', *, *, #690, .T. ) ;
#2103 = VERTEX_POINT ( 'NONE', #112 ) ;
#2104 = EDGE_CURVE ( 'NONE', #783, #1142, #1821, .T. ) ;
#2105 = ORIENTED_EDGE ( 'NONE', *, *, #1283, .T. ) ;
#2106 = CARTESIAN_POINT ( 'NONE',  ( -2.615539500464059142, -12.76549989963823784, 5.700000000000254197 ) ) ;
#2107 = DIRECTION ( 'NONE',  ( 1.000000000000000000, -0.000000000000000000, -0.000000000000000000 ) ) ;
#2108 = EDGE_CURVE ( 'NONE', #1940, #2774, #1684, .T. ) ;
#2109 = EDGE_LOOP ( 'NONE', ( #299, #1121, #630, #1969 ) ) ;
#2110 = ORIENTED_EDGE ( 'NONE', *, *, #2359, .F. ) ;
#2111 = LINE ( 'NONE', #1663, #2231 ) ;
#2112 = LINE ( 'NONE', #2142, #2575 ) ;
#2113 = CARTESIAN_POINT ( 'NONE',  ( 21.63307053910937228, 19.16617699716827872, 5.500000000000254907 ) ) ;
#2114 = ORIENTED_EDGE ( 'NONE', *, *, #1426, .T. ) ;
#2115 = VERTEX_POINT ( 'NONE', #200 ) ;
#2116 = FACE_OUTER_BOUND ( 'NONE', #2616, .T. ) ;
#2117 = ORIENTED_EDGE ( 'NONE', *, *, #211, .T. ) ;
#2118 = VECTOR ( 'NONE', #1150, 1000.000000000000114 ) ;
#2119 = EDGE_CURVE ( 'NONE', #2238, #2722, #2285, .T. ) ;
#2120 = CARTESIAN_POINT ( 'NONE',  ( 17.42792918169166327, -36.49533803050918124, 5.500000000000254907 ) ) ;
#2121 = DIRECTION ( 'NONE',  ( 0.000000000000000000, 1.000000000000000000, 0.000000000000000000 ) ) ;
#2122 = AXIS2_PLACEMENT_3D ( 'NONE', #483, #2009, #682 ) ;
#2123 = EDGE_LOOP ( 'NONE', ( #1501, #813, #2076, #986 ) ) ;
#2124 = EDGE_CURVE ( 'NONE', #2211, #1970, #1055, .T. ) ;
#2125 = CARTESIAN_POINT ( 'NONE',  ( 21.63307053910937228, 22.35521482882545286, 0.000000000000000000 ) ) ;
#2126 = LINE ( 'NONE', #1478, #2750 ) ;
#2127 = CARTESIAN_POINT ( 'NONE',  ( -22.03115606453544828, 33.50704633327629267, 16.92735152382168806 ) ) ;
#2128 = ORIENTED_EDGE ( 'NONE', *, *, #2302, .T. ) ;
#2129 = VECTOR ( 'NONE', #1611, 1000.000000000000000 ) ;
#2130 = AXIS2_PLACEMENT_3D ( 'NONE', #1577, #2657, #943 ) ;
#2131 = ORIENTED_EDGE ( 'NONE', *, *, #98, .F. ) ;
#2132 = DIRECTION ( 'NONE',  ( -0.000000000000000000, -0.000000000000000000, 1.000000000000000000 ) ) ;
#2133 = VECTOR ( 'NONE', #769, 1000.000000000000000 ) ;
#2134 = ORIENTED_EDGE ( 'NONE', *, *, #2089, .F. ) ;
#2135 = DIRECTION ( 'NONE',  ( 0.000000000000000000, 0.000000000000000000, -1.000000000000000000 ) ) ;
#2136 = CARTESIAN_POINT ( 'NONE',  ( -2.615539500464060918, -12.76549989963823961, 3.500000000000254463 ) ) ;
#2137 = ORIENTED_EDGE ( 'NONE', *, *, #1614, .F. ) ;
#2138 = ORIENTED_EDGE ( 'NONE', *, *, #1618, .F. ) ;
#2139 = DIRECTION ( 'NONE',  ( -0.000000000000000000, -0.000000000000000000, 1.000000000000000000 ) ) ;
#2140 = VERTEX_POINT ( 'NONE', #1208 ) ;
#2141 = EDGE_CURVE ( 'NONE', #1091, #2528, #2073, .T. ) ;
#2142 = CARTESIAN_POINT ( 'NONE',  ( 26.27883179831746219, 22.35521482882545286, 3.500000000000254907 ) ) ;
#2143 = PLANE ( 'NONE',  #1688 ) ;
#2144 = EDGE_CURVE ( 'NONE', #872, #2357, #2687, .T. ) ;
#2145 = ORIENTED_EDGE ( 'NONE', *, *, #1067, .T. ) ;
#2146 = ORIENTED_EDGE ( 'NONE', *, *, #2, .T. ) ;
#2147 = EDGE_LOOP ( 'NONE', ( #1539, #1423, #859, #2515 ) ) ;
#2148 = DIRECTION ( 'NONE',  ( -1.000000000000000000, 0.000000000000000000, 0.000000000000000000 ) ) ;
#2149 = CARTESIAN_POINT ( 'NONE',  ( 19.21454663313912903, 33.50704633327629978, 5.500000000000254907 ) ) ;
#2150 = ORIENTED_EDGE ( 'NONE', *, *, #2005, .T. ) ;
#2151 = DIRECTION ( 'NONE',  ( 0.4906625781756667193, -0.8713496625224615988, 0.000000000000000000 ) ) ;
#2152 = LINE ( 'NONE', #1945, #168 ) ;
#2153 = ORIENTED_EDGE ( 'NONE', *, *, #1750, .T. ) ;
#2154 = LINE ( 'NONE', #234, #380 ) ;
#2155 = EDGE_LOOP ( 'NONE', ( #2613, #343, #567, #1378 ) ) ;
#2156 = CARTESIAN_POINT ( 'NONE',  ( -23.21295638980803844, 25.37803181733859503, 18.50000000000025224 ) ) ;
#2157 = EDGE_CURVE ( 'NONE', #1911, #2603, #1234, .T. ) ;
#2158 = DIRECTION ( 'NONE',  ( 0.000000000000000000, 1.000000000000000000, 0.000000000000000000 ) ) ;
#2159 = MANIFOLD_SOLID_BREP ( 'Boss-Extrude26', #1770 ) ;
#2160 = ADVANCED_BREP_SHAPE_REPRESENTATION ( 'cubit3_support1', ( #2159, #2485 ), #1089 ) ;
#2161 = ORIENTED_EDGE ( 'NONE', *, *, #2141, .F. ) ;
#2162 = ADVANCED_FACE ( 'NONE', ( #1644 ), #2562, .F. ) ;
#2163 = LINE ( 'NONE', #240, #2266 ) ;
#2164 = VECTOR ( 'NONE', #1968, 1000.000000000000000 ) ;
#2165 = CARTESIAN_POINT ( 'NONE',  ( -29.37216914772753640, -24.73533803050917967, 0.000000000000000000 ) ) ;
#2166 = CARTESIAN_POINT ( 'NONE',  ( -23.21295638980803844, 25.37803181733859503, 5.500000000000254907 ) ) ;
#2167 = ORIENTED_EDGE ( 'NONE', *, *, #2723, .T. ) ;
#2168 = CARTESIAN_POINT ( 'NONE',  ( 15.83391402965598971, -31.90667106098782213, -8.159750702876424455 ) ) ;
#2169 = DIRECTION ( 'NONE',  ( 3.266477528593578478E-16, -1.000000000000000000, 0.000000000000000000 ) ) ;
#2170 = VECTOR ( 'NONE', #147, 1000.000000000000000 ) ;
#2171 = DIRECTION ( 'NONE',  ( -1.000000000000000000, -1.075484249221790244E-16, 0.000000000000000000 ) ) ;
#2172 = DIRECTION ( 'NONE',  ( -0.000000000000000000, -0.000000000000000000, -1.000000000000000000 ) ) ;
#2173 = LINE ( 'NONE', #2234, #1109 ) ;
#2174 = ORIENTED_EDGE ( 'NONE', *, *, #2718, .T. ) ;
#2175 = ORIENTED_EDGE ( 'NONE', *, *, #2071, .T. ) ;
#2176 = CYLINDRICAL_SURFACE ( 'NONE', #926, 2.884907527397808202 ) ;
#2177 = CARTESIAN_POINT ( 'NONE',  ( -2.511174298210562483, -13.29805609406240841, 3.500000000000254463 ) ) ;
#2178 = DIRECTION ( 'NONE',  ( -0.000000000000000000, -1.000000000000000000, -0.000000000000000000 ) ) ;
#2179 = VECTOR ( 'NONE', #1781, 1000.000000000000000 ) ;
#2180 = EDGE_CURVE ( 'NONE', #2777, #1605, #1470, .T. ) ;
#2181 = EDGE_LOOP ( 'NONE', ( #1782, #804, #1326, #1535 ) ) ;
#2182 = FACE_OUTER_BOUND ( 'NONE', #625, .T. ) ;
#2183 = VECTOR ( 'NONE', #2107, 1000.000000000000000 ) ;
#2184 = AXIS2_PLACEMENT_3D ( 'NONE', #2049, #1348, #2695 ) ;
#2185 = LINE ( 'NONE', #2600, #2462 ) ;
#2186 = EDGE_CURVE ( 'NONE', #613, #779, #2506, .T. ) ;
#2187 = AXIS2_PLACEMENT_3D ( 'NONE', #149, #591, #2100 ) ;
#2188 = FACE_OUTER_BOUND ( 'NONE', #1724, .T. ) ;
#2189 = ORIENTED_EDGE ( 'NONE', *, *, #1021, .T. ) ;
#2190 = CARTESIAN_POINT ( 'NONE',  ( 12.27641530783898993, 0.000000000000000000, 3.500000000000254463 ) ) ;
#2191 = ORIENTED_EDGE ( 'NONE', *, *, #2104, .T. ) ;
#2192 = ORIENTED_EDGE ( 'NONE', *, *, #61, .F. ) ;
#2193 = LINE ( 'NONE', #1573, #286 ) ;
#2194 = CARTESIAN_POINT ( 'NONE',  ( 21.63307053910937228, 22.35521482882545286, -8.159750702876424455 ) ) ;
#2195 = DIRECTION ( 'NONE',  ( 0.9999977837638835965, -0.002105342566206879189, 0.000000000000000000 ) ) ;
#2196 = VERTEX_POINT ( 'NONE', #2090 ) ;
#2197 = FACE_OUTER_BOUND ( 'NONE', #1654, .T. ) ;
#2198 = LINE ( 'NONE', #699, #345 ) ;
#2199 = EDGE_CURVE ( 'NONE', #429, #2238, #2295, .T. ) ;
#2200 = ORIENTED_EDGE ( 'NONE', *, *, #193, .T. ) ;
#2201 = LINE ( 'NONE', #273, #209 ) ;
#2202 = EDGE_CURVE ( 'NONE', #638, #1038, #2235, .T. ) ;
#2203 = EDGE_LOOP ( 'NONE', ( #466, #2731, #907, #1228 ) ) ;
#2204 = CARTESIAN_POINT ( 'NONE',  ( 23.49496792174097948, 28.28069104220172747, 3.500000000000254463 ) ) ;
#2205 = CARTESIAN_POINT ( 'NONE',  ( 14.36421283421360151, -31.90667106098782213, -8.159750702876424455 ) ) ;
#2206 = ORIENTED_EDGE ( 'NONE', *, *, #659, .T. ) ;
#2207 = ORIENTED_EDGE ( 'NONE', *, *, #1042, .F. ) ;
#2208 = VERTEX_POINT ( 'NONE', #593 ) ;
#2209 = CARTESIAN_POINT ( 'NONE',  ( -28.34207081830833630, 17.27078668038027232, 5.500000000000254907 ) ) ;
#2210 = CARTESIAN_POINT ( 'NONE',  ( -23.21295638980803844, 25.37803181733859503, 6.562095128372326336 ) ) ;
#2211 = VERTEX_POINT ( 'NONE', #1884 ) ;
#2212 = CARTESIAN_POINT ( 'NONE',  ( 20.10804646543001084, 32.61683666746147026, 5.500000000000254907 ) ) ;
#2213 = PLANE ( 'NONE',  #706 ) ;
#2214 = EDGE_CURVE ( 'NONE', #2218, #878, #796, .T. ) ;
#2215 = DIRECTION ( 'NONE',  ( -1.000000000000000000, 0.000000000000000000, -0.000000000000000000 ) ) ;
#2216 = CIRCLE ( 'NONE', #415, 4.349999999999999645 ) ;
#2217 = FACE_OUTER_BOUND ( 'NONE', #426, .T. ) ;
#2218 = VERTEX_POINT ( 'NONE', #1262 ) ;
#2219 = ADVANCED_FACE ( 'NONE', ( #2116 ), #1543, .F. ) ;
#2220 = LINE ( 'NONE', #1569, #370 ) ;
#2221 = VECTOR ( 'NONE', #1799, 1000.000000000000000 ) ;
#2222 = DIRECTION ( 'NONE',  ( -1.000000000000000000, 0.000000000000000000, 0.000000000000000000 ) ) ;
#2223 = ORIENTED_EDGE ( 'NONE', *, *, #2022, .T. ) ;
#2224 = ORIENTED_EDGE ( 'NONE', *, *, #1422, .F. ) ;
#2225 = CARTESIAN_POINT ( 'NONE',  ( -15.78115606453545183, 31.07466458926504060, 0.000000000000000000 ) ) ;
#2226 = DIRECTION ( 'NONE',  ( -0.000000000000000000, -0.000000000000000000, 1.000000000000000000 ) ) ;
#2227 = ORIENTED_EDGE ( 'NONE', *, *, #174, .F. ) ;
#2228 = AXIS2_PLACEMENT_3D ( 'NONE', #323, #940, #2696 ) ;
#2229 = DIRECTION ( 'NONE',  ( -1.000000000000000000, 0.000000000000000000, -0.000000000000000000 ) ) ;
#2230 = CARTESIAN_POINT ( 'NONE',  ( 0.000000000000000000, 0.000000000000000000, 18.50000000000025224 ) ) ;
#2231 = VECTOR ( 'NONE', #1062, 1000.000000000000000 ) ;
#2232 = CARTESIAN_POINT ( 'NONE',  ( -23.20154897555906359, 30.79633720409897535, 6.559469668074620508 ) ) ;
#2233 = CARTESIAN_POINT ( 'NONE',  ( 26.27883179831746219, 19.16617699716827872, 3.500000000000254907 ) ) ;
#2234 = CARTESIAN_POINT ( 'NONE',  ( -15.78115606453545183, 33.50704633327629978, 3.500000000000254463 ) ) ;
#2235 = CIRCLE ( 'NONE', #1603, 2.884907527397808202 ) ;
#2236 = CARTESIAN_POINT ( 'NONE',  ( -28.34207081830833630, 25.37803181733859503, 3.500000000000254463 ) ) ;
#2237 = ADVANCED_FACE ( 'NONE', ( #66 ), #1745, .F. ) ;
#2238 = VERTEX_POINT ( 'NONE', #1126 ) ;
#2239 = ORIENTED_EDGE ( 'NONE', *, *, #258, .F. ) ;
#2240 = DIRECTION ( 'NONE',  ( 1.000000000000000000, -0.000000000000000000, 0.000000000000000000 ) ) ;
#2241 = DIRECTION ( 'NONE',  ( 0.000000000000000000, -0.000000000000000000, 1.000000000000000000 ) ) ;
#2242 = ADVANCED_FACE ( 'NONE', ( #1114 ), #923, .F. ) ;
#2243 = ORIENTED_EDGE ( 'NONE', *, *, #1711, .F. ) ;
#2244 = DIRECTION ( 'NONE',  ( -0.000000000000000000, 0.000000000000000000, 1.000000000000000000 ) ) ;
#2245 = CARTESIAN_POINT ( 'NONE',  ( -4.832232083118171317, -10.05694419705314324, 5.700000000000254197 ) ) ;
#2246 = PLANE ( 'NONE',  #525 ) ;
#2247 = DIRECTION ( 'NONE',  ( -0.000000000000000000, 0.000000000000000000, -1.000000000000000000 ) ) ;
#2248 = CARTESIAN_POINT ( 'NONE',  ( 20.10804646543001084, 32.61683666746147026, 3.500000000000254463 ) ) ;
#2249 = DIRECTION ( 'NONE',  ( 1.000000000000000000, 0.000000000000000000, 0.000000000000000000 ) ) ;
#2250 = LINE ( 'NONE', #1175, #2451 ) ;
#2251 = EDGE_CURVE ( 'NONE', #1137, #929, #1085, .T. ) ;
#2252 = ORIENTED_EDGE ( 'NONE', *, *, #2376, .F. ) ;
#2253 = DIRECTION ( 'NONE',  ( 0.000000000000000000, 1.000000000000000000, 0.000000000000000000 ) ) ;
#2254 = ORIENTED_EDGE ( 'NONE', *, *, #2214, .F. ) ;
#2255 = ADVANCED_FACE ( 'NONE', ( #1098 ), #39, .F. ) ;
#2256 = CARTESIAN_POINT ( 'NONE',  ( -22.03115606453544828, 34.75666087085782863, 16.92735152382168806 ) ) ;
#2257 = CARTESIAN_POINT ( 'NONE',  ( 17.42668493753810210, 9.628561104224484524, 3.500000000000254907 ) ) ;
#2258 = VECTOR ( 'NONE', #871, 1000.000000000000000 ) ;
#2259 = FACE_OUTER_BOUND ( 'NONE', #2493, .T. ) ;
#2260 = FACE_OUTER_BOUND ( 'NONE', #1752, .T. ) ;
#2261 = CARTESIAN_POINT ( 'NONE',  ( 26.27883179831746219, 22.35521482882545286, 3.500000000000254907 ) ) ;
#2262 = CARTESIAN_POINT ( 'NONE',  ( 15.80425832420069554, -29.30011630742320605, 13.50000000000025402 ) ) ;
#2263 = AXIS2_PLACEMENT_3D ( 'NONE', #2738, #1, #1065 ) ;
#2264 = VERTEX_POINT ( 'NONE', #2349 ) ;
#2265 = CARTESIAN_POINT ( 'NONE',  ( -7.733558274890649287, -13.29805609406241018, 5.700000000000254197 ) ) ;
#2266 = VECTOR ( 'NONE', #1683, 1000.000000000000000 ) ;
#2267 = VERTEX_POINT ( 'NONE', #2177 ) ;
#2268 = LINE ( 'NONE', #2212, #1454 ) ;
#2269 = DIRECTION ( 'NONE',  ( -0.000000000000000000, -0.000000000000000000, 1.000000000000000000 ) ) ;
#2270 = FACE_OUTER_BOUND ( 'NONE', #651, .T. ) ;
#2271 = VERTEX_POINT ( 'NONE', #217 ) ;
#2272 = EDGE_CURVE ( 'NONE', #262, #2440, #1961, .T. ) ;
#2273 = CARTESIAN_POINT ( 'NONE',  ( 1.763271489526741125E-15, -13.29805609406240841, 5.500000000000254907 ) ) ;
#2274 = DIRECTION ( 'NONE',  ( -0.7084098798067387515, 0.7058012767006035526, -0.000000000000000000 ) ) ;
#2275 = EDGE_CURVE ( 'NONE', #418, #83, #21, .T. ) ;
#2276 = AXIS2_PLACEMENT_3D ( 'NONE', #810, #223, #2343 ) ;
#2277 = AXIS2_PLACEMENT_3D ( 'NONE', #1073, #1929, #9 ) ;
#2278 = DIRECTION ( 'NONE',  ( -1.000000000000000000, -1.325961837620795774E-16, 0.000000000000000000 ) ) ;
#2279 = VECTOR ( 'NONE', #2508, 1000.000000000000000 ) ;
#2280 = AXIS2_PLACEMENT_3D ( 'NONE', #607, #628, #1455 ) ;
#2281 = AXIS2_PLACEMENT_3D ( 'NONE', #1013, #1206, #2283 ) ;
#2282 = VERTEX_POINT ( 'NONE', #1277 ) ;
#2283 = DIRECTION ( 'NONE',  ( 1.000000000000000000, 0.000000000000000000, -0.000000000000000000 ) ) ;
#2284 = VERTEX_POINT ( 'NONE', #1500 ) ;
#2285 = LINE ( 'NONE', #848, #1783 ) ;
#2286 = EDGE_LOOP ( 'NONE', ( #1361, #857, #640, #1710, #2605, #1236, #2375, #222 ) ) ;
#2287 = EDGE_CURVE ( 'NONE', #1994, #2404, #7, .T. ) ;
#2288 = DIRECTION ( 'NONE',  ( -0.000000000000000000, -0.000000000000000000, -1.000000000000000000 ) ) ;
#2289 = DIRECTION ( 'NONE',  ( 0.000000000000000000, 0.000000000000000000, -1.000000000000000000 ) ) ;
#2290 = EDGE_CURVE ( 'NONE', #906, #814, #2611, .T. ) ;
#2291 = DIRECTION ( 'NONE',  ( 1.636130704980173554E-16, -1.000000000000000000, 0.000000000000000000 ) ) ;
#2292 = DIRECTION ( 'NONE',  ( -0.000000000000000000, -0.000000000000000000, -1.000000000000000000 ) ) ;
#2293 = ORIENTED_EDGE ( 'NONE', *, *, #1000, .F. ) ;
#2294 = ORIENTED_EDGE ( 'NONE', *, *, #1604, .F. ) ;
#2295 = LINE ( 'NONE', #832, #2463 ) ;
#2296 = ORIENTED_EDGE ( 'NONE', *, *, #1807, .F. ) ;
#2297 = DIRECTION ( 'NONE',  ( 0.000000000000000000, 0.000000000000000000, 1.000000000000000000 ) ) ;
#2298 = CARTESIAN_POINT ( 'NONE',  ( -23.21295638980803844, 25.37803181733859503, 5.500000000000254907 ) ) ;
#2299 = ORIENTED_EDGE ( 'NONE', *, *, #883, .T. ) ;
#2300 = ADVANCED_FACE ( 'NONE', ( #1070 ), #1927, .T. ) ;
#2301 = FACE_OUTER_BOUND ( 'NONE', #1896, .T. ) ;
#2302 = EDGE_CURVE ( 'NONE', #2088, #1656, #909, .T. ) ;
#2303 = VECTOR ( 'NONE', #2620, 1000.000000000000000 ) ;
#2304 = CARTESIAN_POINT ( 'NONE',  ( -28.34161846380722594, 25.37803181733859503, 5.500000000000254907 ) ) ;
#2305 = ORIENTED_EDGE ( 'NONE', *, *, #1614, .T. ) ;
#2306 = EDGE_LOOP ( 'NONE', ( #2294, #488, #2656, #2128 ) ) ;
#2307 = ORIENTED_EDGE ( 'NONE', *, *, #1849, .T. ) ;
#2308 = LINE ( 'NONE', #409, #837 ) ;
#2309 = LINE ( 'NONE', #1901, #664 ) ;
#2310 = EDGE_LOOP ( 'NONE', ( #412, #2363, #2609, #2350 ) ) ;
#2311 = VECTOR ( 'NONE', #1623, 1000.000000000000000 ) ;
#2312 = VERTEX_POINT ( 'NONE', #672 ) ;
#2313 = PLANE ( 'NONE',  #2364 ) ;
#2314 = AXIS2_PLACEMENT_3D ( 'NONE', #632, #369, #1221 ) ;
#2315 = AXIS2_PLACEMENT_3D ( 'NONE', #521, #347, #1386 ) ;
#2316 = AXIS2_PLACEMENT_3D ( 'NONE', #1887, #2745, #819 ) ;
#2317 = AXIS2_PLACEMENT_3D ( 'NONE', #1292, #860, #1708 ) ;
#2318 = CYLINDRICAL_SURFACE ( 'NONE', #2263, 4.349999999999999645 ) ;
#2319 = EDGE_CURVE ( 'NONE', #1940, #2334, #2366, .T. ) ;
#2320 = DIRECTION ( 'NONE',  ( 0.000000000000000000, -0.000000000000000000, -1.000000000000000000 ) ) ;
#2321 = VECTOR ( 'NONE', #1741, 1000.000000000000000 ) ;
#2322 = ORIENTED_EDGE ( 'NONE', *, *, #174, .T. ) ;
#2323 = ORIENTED_EDGE ( 'NONE', *, *, #1157, .T. ) ;
#2324 = EDGE_CURVE ( 'NONE', #2208, #207, #2380, .T. ) ;
#2325 = ORIENTED_EDGE ( 'NONE', *, *, #1314, .T. ) ;
#2326 = CARTESIAN_POINT ( 'NONE',  ( -7.048924665772278608, -12.76549989963824139, 3.500000000000254463 ) ) ;
#2327 = PLANE ( 'NONE',  #480 ) ;
#2328 = ORIENTED_EDGE ( 'NONE', *, *, #1734, .F. ) ;
#2329 = ORIENTED_EDGE ( 'NONE', *, *, #1547, .T. ) ;
#2330 = CARTESIAN_POINT ( 'NONE',  ( -27.15895618077229656, -13.29805609406241196, 3.500000000000254463 ) ) ;
#2331 = DIRECTION ( 'NONE',  ( 0.1923122843527267922, 0.9813337787353677566, -0.000000000000000000 ) ) ;
#2332 = DIRECTION ( 'NONE',  ( -1.000000000000000000, 0.000000000000000000, 0.000000000000000000 ) ) ;
#2333 = EDGE_CURVE ( 'NONE', #546, #2776, #469, .T. ) ;
#2334 = VERTEX_POINT ( 'NONE', #1303 ) ;
#2335 = ORIENTED_EDGE ( 'NONE', *, *, #519, .F. ) ;
#2336 = DIRECTION ( 'NONE',  ( 1.000000000000000000, 0.000000000000000000, 0.000000000000000000 ) ) ;
#2337 = ORIENTED_EDGE ( 'NONE', *, *, #1352, .T. ) ;
#2338 = EDGE_CURVE ( 'NONE', #1772, #160, #1379, .T. ) ;
#2339 = LINE ( 'NONE', #2744, #530 ) ;
#2340 = DIRECTION ( 'NONE',  ( -0.000000000000000000, 0.000000000000000000, 1.000000000000000000 ) ) ;
#2341 = EDGE_LOOP ( 'NONE', ( #670, #2007, #2015, #367 ) ) ;
#2342 = EDGE_LOOP ( 'NONE', ( #182, #451, #2102, #1919 ) ) ;
#2343 = DIRECTION ( 'NONE',  ( 0.000000000000000000, 0.000000000000000000, -1.000000000000000000 ) ) ;
#2344 = DIRECTION ( 'NONE',  ( 0.000000000000000000, 1.000000000000000000, -0.000000000000000000 ) ) ;
#2345 = CARTESIAN_POINT ( 'NONE',  ( 15.83391402965598971, -31.90667106098782213, -8.159750702876424455 ) ) ;
#2346 = ORIENTED_EDGE ( 'NONE', *, *, #467, .F. ) ;
#2347 = VECTOR ( 'NONE', #679, 1000.000000000000000 ) ;
#2348 = LINE ( 'NONE', #419, #201 ) ;
#2349 = CARTESIAN_POINT ( 'NONE',  ( 20.10804646543001084, 32.61683666746147026, 5.500000000000254907 ) ) ;
#2350 = ORIENTED_EDGE ( 'NONE', *, *, #2403, .F. ) ;
#2351 = CARTESIAN_POINT ( 'NONE',  ( 26.27883179831746219, -27.77046216421287994, 13.50000000000025402 ) ) ;
#2352 = LINE ( 'NONE', #425, #2183 ) ;
#2353 = ADVANCED_FACE ( 'NONE', ( #267 ), #1984, .F. ) ;
#2354 = VERTEX_POINT ( 'NONE', #80 ) ;
#2355 = VECTOR ( 'NONE', #1344, 1000.000000000000000 ) ;
#2356 = ORIENTED_EDGE ( 'NONE', *, *, #714, .T. ) ;
#2357 = VERTEX_POINT ( 'NONE', #1363 ) ;
#2358 = LINE ( 'NONE', #841, #527 ) ;
#2359 = EDGE_CURVE ( 'NONE', #660, #2773, #738, .T. ) ;
#2360 = ORIENTED_EDGE ( 'NONE', *, *, #574, .T. ) ;
#2361 = CARTESIAN_POINT ( 'NONE',  ( 17.42668493753810210, 9.628561104224484524, 5.500000000000254907 ) ) ;
#2362 = FACE_OUTER_BOUND ( 'NONE', #970, .T. ) ;
#2363 = ORIENTED_EDGE ( 'NONE', *, *, #161, .T. ) ;
#2364 = AXIS2_PLACEMENT_3D ( 'NONE', #492, #2587, #288 ) ;
#2365 = VERTEX_POINT ( 'NONE', #531 ) ;
#2366 = LINE ( 'NONE', #2577, #1457 ) ;
#2367 = AXIS2_PLACEMENT_3D ( 'NONE', #2494, #2053, #143 ) ;
#2368 = DIRECTION ( 'NONE',  ( 1.000000000000000000, 0.000000000000000000, 0.000000000000000000 ) ) ;
#2369 = ORIENTED_EDGE ( 'NONE', *, *, #146, .T. ) ;
#2370 = DIRECTION ( 'NONE',  ( 0.000000000000000000, 0.000000000000000000, 1.000000000000000000 ) ) ;
#2371 = CARTESIAN_POINT ( 'NONE',  ( -31.38207081830833545, -27.74939533400519309, 3.500000000000254907 ) ) ;
#2372 = EDGE_CURVE ( 'NONE', #718, #799, #980, .T. ) ;
#2373 = ORIENTED_EDGE ( 'NONE', *, *, #1319, .T. ) ;
#2374 = FACE_OUTER_BOUND ( 'NONE', #1633, .T. ) ;
#2375 = ORIENTED_EDGE ( 'NONE', *, *, #146, .F. ) ;
#2376 = EDGE_CURVE ( 'NONE', #878, #2694, #2031, .T. ) ;
#2377 = FACE_OUTER_BOUND ( 'NONE', #189, .T. ) ;
#2378 = CARTESIAN_POINT ( 'NONE',  ( 15.80425832420069554, -29.30011630742320605, 5.500000000000254907 ) ) ;
#2379 = ORIENTED_EDGE ( 'NONE', *, *, #2275, .F. ) ;
#2380 = LINE ( 'NONE', #655, #2003 ) ;
#2381 = PLANE ( 'NONE',  #1148 ) ;
#2382 = EDGE_LOOP ( 'NONE', ( #1955, #364, #177, #617 ) ) ;
#2383 = PLANE ( 'NONE',  #1600 ) ;
#2384 = DIRECTION ( 'NONE',  ( -1.000000000000000000, -1.280136741389589012E-16, 0.000000000000000000 ) ) ;
#2385 = CARTESIAN_POINT ( 'NONE',  ( 17.42668493753810210, 4.209897802172800851, 5.500000000000254907 ) ) ;
#2386 = VERTEX_POINT ( 'NONE', #2639 ) ;
#2387 = ORIENTED_EDGE ( 'NONE', *, *, #917, .F. ) ;
#2388 = CARTESIAN_POINT ( 'NONE',  ( -19.48849902806611212, 31.07466458926504060, 0.000000000000000000 ) ) ;
#2389 = CARTESIAN_POINT ( 'NONE',  ( 19.76305649801740927, 31.99886031465207381, 5.500000000000254907 ) ) ;
#2390 = EDGE_CURVE ( 'NONE', #1458, #385, #939, .T. ) ;
#2391 = EDGE_LOOP ( 'NONE', ( #1890, #1643, #2480, #1723 ) ) ;
#2392 = ORIENTED_EDGE ( 'NONE', *, *, #1016, .T. ) ;
#2393 = CARTESIAN_POINT ( 'NONE',  ( 26.27883179831746219, -27.77046216421287994, 13.50000000000025402 ) ) ;
#2394 = DIRECTION ( 'NONE',  ( -1.000000000000000000, 0.000000000000000000, 0.000000000000000000 ) ) ;
#2395 = EDGE_CURVE ( 'NONE', #207, #1648, #2021, .T. ) ;
#2396 = PLANE ( 'NONE',  #1323 ) ;
#2397 = PLANE ( 'NONE',  #2767 ) ;
#2398 = VECTOR ( 'NONE', #2633, 1000.000000000000000 ) ;
#2399 = PLANE ( 'NONE',  #1229 ) ;
#2400 = ORIENTED_EDGE ( 'NONE', *, *, #2395, .F. ) ;
#2401 = DIRECTION ( 'NONE',  ( -0.0008134150765140281359, 0.9999996691779018398, 0.000000000000000000 ) ) ;
#2402 = VECTOR ( 'NONE', #2027, 1000.000000000000000 ) ;
#2403 = EDGE_CURVE ( 'NONE', #14, #895, #1156, .T. ) ;
#2404 = VERTEX_POINT ( 'NONE', #2455 ) ;
#2405 = CARTESIAN_POINT ( 'NONE',  ( -23.20154897555906004, 30.79633720409914943, 16.79523337956875650 ) ) ;
#2406 = CARTESIAN_POINT ( 'NONE',  ( -15.78115606453545183, 14.75666087085782507, 18.50000000000025224 ) ) ;
#2407 = VECTOR ( 'NONE', #1582, 1000.000000000000000 ) ;
#2408 = ORIENTED_EDGE ( 'NONE', *, *, #2496, .F. ) ;
#2409 = VECTOR ( 'NONE', #945, 1000.000000000000000 ) ;
#2410 = EDGE_CURVE ( 'NONE', #2759, #1928, #1554, .T. ) ;
#2411 = DIRECTION ( 'NONE',  ( -0.7084098798067387515, 0.7058012767006035526, -0.000000000000000000 ) ) ;
#2412 = VECTOR ( 'NONE', #2169, 1000.000000000000000 ) ;
#2413 = VECTOR ( 'NONE', #965, 1000.000000000000000 ) ;
#2414 = CARTESIAN_POINT ( 'NONE',  ( 20.00229512255086206, 28.50704633327629978, 5.700000000000254197 ) ) ;
#2415 = AXIS2_PLACEMENT_3D ( 'NONE', #449, #463, #1288 ) ;
#2416 = LINE ( 'NONE', #677, #1322 ) ;
#2417 = DIRECTION ( 'NONE',  ( 1.000000000000000000, -0.000000000000000000, 0.000000000000000000 ) ) ;
#2418 = LINE ( 'NONE', #494, #1718 ) ;
#2419 = ORIENTED_EDGE ( 'NONE', *, *, #2670, .T. ) ;
#2420 = ORIENTED_EDGE ( 'NONE', *, *, #989, .F. ) ;
#2421 = FACE_OUTER_BOUND ( 'NONE', #2391, .T. ) ;
#2422 = DIRECTION ( 'NONE',  ( 0.000000000000000000, -1.000000000000000000, 0.000000000000000000 ) ) ;
#2423 = FACE_OUTER_BOUND ( 'NONE', #2342, .T. ) ;
#2424 = EDGE_CURVE ( 'NONE', #817, #779, #2010, .T. ) ;
#2425 = ORIENTED_EDGE ( 'NONE', *, *, #506, .F. ) ;
#2426 = CARTESIAN_POINT ( 'NONE',  ( 0.000000000000000000, -27.77046216421287994, 3.500000000000254907 ) ) ;
#2427 = DIRECTION ( 'NONE',  ( -1.000000000000000000, 0.000000000000000000, -0.000000000000000000 ) ) ;
#2428 = EDGE_CURVE ( 'NONE', #2282, #906, #322, .T. ) ;
#2429 = APPLICATION_CONTEXT ( 'automotive_design' ) ;
#2430 = DIRECTION ( 'NONE',  ( -0.000000000000000000, -0.000000000000000000, 1.000000000000000000 ) ) ;
#2431 = EDGE_CURVE ( 'NONE', #495, #546, #2479, .T. ) ;
#2432 = LINE ( 'NONE', #1329, #784 ) ;
#2433 = CARTESIAN_POINT ( 'NONE',  ( 20.10804646543001084, 32.61683666746147026, 3.500000000000254907 ) ) ;
#2434 = ORIENTED_EDGE ( 'NONE', *, *, #2703, .F. ) ;
#2435 = ORIENTED_EDGE ( 'NONE', *, *, #423, .F. ) ;
#2436 = VERTEX_POINT ( 'NONE', #2210 ) ;
#2437 = CARTESIAN_POINT ( 'NONE',  ( 26.27883179831746219, -27.77046216421287994, 0.000000000000000000 ) ) ;
#2438 = DIRECTION ( 'NONE',  ( 0.000000000000000000, 0.000000000000000000, -1.000000000000000000 ) ) ;
#2439 = CARTESIAN_POINT ( 'NONE',  ( -15.78115606453544828, 1.247652906881897339, 3.500000000000254463 ) ) ;
#2440 = VERTEX_POINT ( 'NONE', #1140 ) ;
#2441 = CARTESIAN_POINT ( 'NONE',  ( -23.19584199159677596, 33.50704633327629978, 18.50000000000025224 ) ) ;
#2442 = DIRECTION ( 'NONE',  ( -0.000000000000000000, -0.000000000000000000, 1.000000000000000000 ) ) ;
#2443 = ADVANCED_FACE ( 'NONE', ( #281 ), #1574, .F. ) ;
#2444 = CARTESIAN_POINT ( 'NONE',  ( -23.19584199159677596, 33.50704633327629267, 6.558171248493878558 ) ) ;
#2445 = VECTOR ( 'NONE', #2511, 1000.000000000000000 ) ;
#2446 = CARTESIAN_POINT ( 'NONE',  ( 17.42668493753810210, 4.209897802172800851, 13.50000000000025402 ) ) ;
#2447 = CARTESIAN_POINT ( 'NONE',  ( 17.42668493753810210, -24.56742071713507158, 5.500000000000254907 ) ) ;
#2448 = EDGE_CURVE ( 'NONE', #964, #1605, #544, .T. ) ;
#2449 = LINE ( 'NONE', #2156, #1536 ) ;
#2450 = DIRECTION ( 'NONE',  ( -1.000000000000000000, -1.325961837620795774E-16, 0.000000000000000000 ) ) ;
#2451 = VECTOR ( 'NONE', #974, 1000.000000000000000 ) ;
#2452 = ORIENTED_EDGE ( 'NONE', *, *, #1244, .F. ) ;
#2453 = ORIENTED_EDGE ( 'NONE', *, *, #293, .F. ) ;
#2454 = DIRECTION ( 'NONE',  ( -1.000000000000000000, -1.325961837620795774E-16, 0.000000000000000000 ) ) ;
#2455 = CARTESIAN_POINT ( 'NONE',  ( 17.42668493753810210, 9.628561104224484524, 5.500000000000254907 ) ) ;
#2456 = VERTEX_POINT ( 'NONE', #1382 ) ;
#2457 = VERTEX_POINT ( 'NONE', #122 ) ;
#2458 = DIRECTION ( 'NONE',  ( 0.000000000000000000, 0.000000000000000000, 1.000000000000000000 ) ) ;
#2459 = CARTESIAN_POINT ( 'NONE',  ( -15.78115606453544828, -1.697238478191880734E-15, 3.500000000000254463 ) ) ;
#2460 = VECTOR ( 'NONE', #1106, 1000.000000000000000 ) ;
#2461 = VECTOR ( 'NONE', #1116, 1000.000000000000114 ) ;
#2462 = VECTOR ( 'NONE', #458, 1000.000000000000000 ) ;
#2463 = VECTOR ( 'NONE', #2549, 1000.000000000000000 ) ;
#2464 = LINE ( 'NONE', #2474, #748 ) ;
#2465 = CARTESIAN_POINT ( 'NONE',  ( -27.15895618077229656, -25.41574088011293853, 5.500000000000254907 ) ) ;
#2466 = VECTOR ( 'NONE', #1227, 1000.000000000000000 ) ;
#2467 = PRODUCT_RELATED_PRODUCT_CATEGORY ( 'part', '', ( #1934 ) ) ;
#2468 = CARTESIAN_POINT ( 'NONE',  ( -31.38207081830833545, 17.27078668038027232, 5.500000000000254907 ) ) ;
#2469 = ADVANCED_FACE ( 'NONE', ( #2678 ), #755, .F. ) ;
#2470 = CARTESIAN_POINT ( 'NONE',  ( 0.000000000000000000, 0.000000000000000000, 0.000000000000000000 ) ) ;
#2471 = ORIENTED_EDGE ( 'NONE', *, *, #1706, .F. ) ;
#2472 = CARTESIAN_POINT ( 'NONE',  ( -2.615539500464060918, -12.76549989963823961, 5.500000000000254907 ) ) ;
#2473 = LINE ( 'NONE', #548, #979 ) ;
#2474 = CARTESIAN_POINT ( 'NONE',  ( 26.27883179831746219, -29.30011630742320605, 5.500000000000254907 ) ) ;
#2475 = DIRECTION ( 'NONE',  ( 0.000000000000000000, 0.000000000000000000, 1.000000000000000000 ) ) ;
#2476 = LINE ( 'NONE', #2727, #1946 ) ;
#2477 = ORIENTED_EDGE ( 'NONE', *, *, #1583, .T. ) ;
#2478 = ADVANCED_FACE ( 'NONE', ( #314 ), #1168, .F. ) ;
#2479 = LINE ( 'NONE', #554, #346 ) ;
#2480 = ORIENTED_EDGE ( 'NONE', *, *, #1694, .F. ) ;
#2481 = EDGE_CURVE ( 'NONE', #1483, #2730, #978, .T. ) ;
#2482 = CARTESIAN_POINT ( 'NONE',  ( 17.42792918169166327, -36.49533803050918124, 3.500000000000254907 ) ) ;
#2483 = DIRECTION ( 'NONE',  ( 1.000000000000000000, 3.266477528593578478E-16, -0.000000000000000000 ) ) ;
#2484 = ORIENTED_EDGE ( 'NONE', *, *, #2428, .F. ) ;
#2485 = AXIS2_PLACEMENT_3D ( 'NONE', #104, #2674, #2249 ) ;
#2486 = CARTESIAN_POINT ( 'NONE',  ( -4.832232083118171317, -10.05694419705314324, 3.500000000000254463 ) ) ;
#2487 = CARTESIAN_POINT ( 'NONE',  ( -27.15895618077229656, 0.000000000000000000, 3.500000000000254463 ) ) ;
#2488 = DIRECTION ( 'NONE',  ( 0.000000000000000000, 1.000000000000000000, 0.000000000000000000 ) ) ;
#2489 = VECTOR ( 'NONE', #1594, 1000.000000000000000 ) ;
#2490 = DIRECTION ( 'NONE',  ( 1.000000000000000000, -0.000000000000000000, -0.000000000000000000 ) ) ;
#2491 = VECTOR ( 'NONE', #1759, 1000.000000000000000 ) ;
#2492 = EDGE_CURVE ( 'NONE', #936, #1707, #337, .T. ) ;
#2493 = EDGE_LOOP ( 'NONE', ( #751, #1158, #1219 ) ) ;
#2494 = CARTESIAN_POINT ( 'NONE',  ( -29.37216914772753640, -24.73533803050917967, 0.000000000000000000 ) ) ;
#2495 = EDGE_LOOP ( 'NONE', ( #2420, #982, #163, #2512 ) ) ;
#2496 = EDGE_CURVE ( 'NONE', #830, #2386, #1215, .T. ) ;
#2497 = VECTOR ( 'NONE', #877, 1000.000000000000000 ) ;
#2498 = CARTESIAN_POINT ( 'NONE',  ( 12.27641530783898993, 1.247652906881897339, 3.500000000000254463 ) ) ;
#2499 = FACE_OUTER_BOUND ( 'NONE', #1852, .T. ) ;
#2500 = AXIS2_PLACEMENT_3D ( 'NONE', #2446, #2039, #1370 ) ;
#2501 = AXIS2_PLACEMENT_3D ( 'NONE', #1210, #2733, #1043 ) ;
#2502 = CARTESIAN_POINT ( 'NONE',  ( 20.00229512255086206, 28.50704633327629978, 5.500000000000254907 ) ) ;
#2503 = VECTOR ( 'NONE', #356, 1000.000000000000227 ) ;
#2504 = CARTESIAN_POINT ( 'NONE',  ( -22.03115606453544828, 14.75666087085782507, 11.67735152382168806 ) ) ;
#2505 = ORIENTED_EDGE ( 'NONE', *, *, #81, .T. ) ;
#2506 = LINE ( 'NONE', #1862, #172 ) ;
#2507 = FACE_OUTER_BOUND ( 'NONE', #1727, .T. ) ;
#2508 = DIRECTION ( 'NONE',  ( -0.000000000000000000, -0.000000000000000000, 1.000000000000000000 ) ) ;
#2509 = ADVANCED_FACE ( 'NONE', ( #802 ), #1628, .F. ) ;
#2510 = SHAPE_DEFINITION_REPRESENTATION ( #665, #2160 ) ;
#2511 = DIRECTION ( 'NONE',  ( -0.000000000000000000, -0.000000000000000000, 1.000000000000000000 ) ) ;
#2512 = ORIENTED_EDGE ( 'NONE', *, *, #1339, .F. ) ;
#2513 = DIRECTION ( 'NONE',  ( -0.000000000000000000, 0.000000000000000000, -1.000000000000000000 ) ) ;
#2514 = VERTEX_POINT ( 'NONE', #1450 ) ;
#2515 = ORIENTED_EDGE ( 'NONE', *, *, #1393, .T. ) ;
#2516 = DIRECTION ( 'NONE',  ( 0.000000000000000000, 0.000000000000000000, 1.000000000000000000 ) ) ;
#2517 = ORIENTED_EDGE ( 'NONE', *, *, #724, .F. ) ;
#2518 = CARTESIAN_POINT ( 'NONE',  ( 12.27641530783898993, 1.247652906881897339, 3.500000000000254463 ) ) ;
#2519 = LINE ( 'NONE', #180, #2592 ) ;
#2520 = ADVANCED_FACE ( 'NONE', ( #1419 ), #778, .T. ) ;
#2521 = ORIENTED_EDGE ( 'NONE', *, *, #2634, .T. ) ;
#2522 = CARTESIAN_POINT ( 'NONE',  ( -22.03115606453544828, 14.75666087085782507, 11.67735152382168806 ) ) ;
#2523 = ADVANCED_FACE ( 'NONE', ( #389 ), #2060, .T. ) ;
#2524 = CYLINDRICAL_SURFACE ( 'NONE', #1990, 4.356268435279794460 ) ;
#2525 = VECTOR ( 'NONE', #1820, 1000.000000000000227 ) ;
#2526 = LINE ( 'NONE', #2729, #1555 ) ;
#2527 = ORIENTED_EDGE ( 'NONE', *, *, #637, .F. ) ;
#2528 = VERTEX_POINT ( 'NONE', #1027 ) ;
#2529 = LINE ( 'NONE', #2437, #2582 ) ;
#2530 = CARTESIAN_POINT ( 'NONE',  ( 19.86289655596839054, 32.86108385261967868, 5.700000000000254197 ) ) ;
#2531 = VERTEX_POINT ( 'NONE', #1881 ) ;
#2532 = VERTEX_POINT ( 'NONE', #2113 ) ;
#2533 = DIRECTION ( 'NONE',  ( -1.325961837620795774E-16, 1.000000000000000000, 0.000000000000000000 ) ) ;
#2534 = LINE ( 'NONE', #2298, #2041 ) ;
#2535 = ORIENTED_EDGE ( 'NONE', *, *, #1811, .T. ) ;
#2536 = DIRECTION ( 'NONE',  ( -0.8713496625224615988, -0.4906625781756667193, -0.000000000000000000 ) ) ;
#2537 = EDGE_CURVE ( 'NONE', #1702, #2267, #185, .T. ) ;
#2538 = VECTOR ( 'NONE', #589, 1000.000000000000000 ) ;
#2539 = AXIS2_PLACEMENT_3D ( 'NONE', #1173, #2688, #987 ) ;
#2540 = VECTOR ( 'NONE', #2442, 1000.000000000000000 ) ;
#2541 = VECTOR ( 'NONE', #1806, 1000.000000000000000 ) ;
#2542 = CYLINDRICAL_SURFACE ( 'NONE', #71, 2.884907527397808202 ) ;
#2543 = LINE ( 'NONE', #602, #1833 ) ;
#2544 = EDGE_CURVE ( 'NONE', #692, #1458, #1001, .T. ) ;
#2545 = VECTOR ( 'NONE', #1066, 1000.000000000000000 ) ;
#2546 = ORIENTED_EDGE ( 'NONE', *, *, #261, .F. ) ;
#2547 = ORIENTED_EDGE ( 'NONE', *, *, #462, .F. ) ;
#2548 = CARTESIAN_POINT ( 'NONE',  ( 24.11166736146259026, 28.62795844823632052, 5.500000000000254907 ) ) ;
#2549 = DIRECTION ( 'NONE',  ( -0.000000000000000000, -0.000000000000000000, 1.000000000000000000 ) ) ;
#2550 = EDGE_CURVE ( 'NONE', #2531, #2404, #2526, .T. ) ;
#2551 = VERTEX_POINT ( 'NONE', #1859 ) ;
#2552 = CARTESIAN_POINT ( 'NONE',  ( -4.832232083118171317, -10.05694419705314324, 3.500000000000254463 ) ) ;
#2553 = LINE ( 'NONE', #1265, #1909 ) ;
#2554 = EDGE_LOOP ( 'NONE', ( #654, #228, #159, #2680 ) ) ;
#2555 = PLANE ( 'NONE',  #2589 ) ;
#2556 = DIRECTION ( 'NONE',  ( 1.000000000000000000, 0.000000000000000000, 0.000000000000000000 ) ) ;
#2557 = DIRECTION ( 'NONE',  ( -0.000000000000000000, -0.000000000000000000, -1.000000000000000000 ) ) ;
#2558 = VERTEX_POINT ( 'NONE', #2716 ) ;
#2559 = EDGE_CURVE ( 'NONE', #2569, #2284, #198, .T. ) ;
#2560 = ORIENTED_EDGE ( 'NONE', *, *, #765, .F. ) ;
#2561 = ORIENTED_EDGE ( 'NONE', *, *, #206, .F. ) ;
#2562 = PLANE ( 'NONE',  #890 ) ;
#2563 = CARTESIAN_POINT ( 'NONE',  ( -23.19584199159677596, 33.50704633327629267, 6.558171248493878558 ) ) ;
#2564 = ORIENTED_EDGE ( 'NONE', *, *, #1002, .T. ) ;
#2565 = ADVANCED_FACE ( 'NONE', ( #401 ), #363, .F. ) ;
#2566 = DIRECTION ( 'NONE',  ( -1.000000000000000000, 0.000000000000000000, -0.000000000000000000 ) ) ;
#2567 = DIRECTION ( 'NONE',  ( 1.000000000000000000, 0.000000000000000000, 0.000000000000000000 ) ) ;
#2568 = EDGE_LOOP ( 'NONE', ( #124, #605, #1404, #2755, #2720 ) ) ;
#2569 = VERTEX_POINT ( 'NONE', #1894 ) ;
#2570 = LINE ( 'NONE', #208, #158 ) ;
#2571 = VECTOR ( 'NONE', #893, 1000.000000000000000 ) ;
#2572 = DIRECTION ( 'NONE',  ( -1.000000000000000000, 0.000000000000000000, 0.000000000000000000 ) ) ;
#2573 = CARTESIAN_POINT ( 'NONE',  ( -1.332232083118171317, -10.05694419705314324, 3.500000000000254463 ) ) ;
#2574 = ORIENTED_EDGE ( 'NONE', *, *, #1393, .F. ) ;
#2575 = VECTOR ( 'NONE', #995, 1000.000000000000000 ) ;
#2576 = ORIENTED_EDGE ( 'NONE', *, *, #1938, .F. ) ;
#2577 = CARTESIAN_POINT ( 'NONE',  ( 26.27883179831746219, 22.35521482882545286, 0.000000000000000000 ) ) ;
#2578 = LINE ( 'NONE', #55, #1952 ) ;
#2579 = ORIENTED_EDGE ( 'NONE', *, *, #75, .F. ) ;
#2580 = EDGE_CURVE ( 'NONE', #2404, #783, #790, .T. ) ;
#2581 = CARTESIAN_POINT ( 'NONE',  ( 0.000000000000000000, 0.000000000000000000, 5.500000000000254907 ) ) ;
#2582 = VECTOR ( 'NONE', #2240, 1000.000000000000000 ) ;
#2583 = CARTESIAN_POINT ( 'NONE',  ( 17.42792918169166327, -36.49533803050918124, 3.500000000000254907 ) ) ;
#2584 = EDGE_CURVE ( 'NONE', #1965, #620, #1735, .T. ) ;
#2585 = CIRCLE ( 'NONE', #1365, 4.356268435279794460 ) ;
#2586 = ORIENTED_EDGE ( 'NONE', *, *, #156, .F. ) ;
#2587 = DIRECTION ( 'NONE',  ( 0.000000000000000000, 0.000000000000000000, 1.000000000000000000 ) ) ;
#2588 = LINE ( 'NONE', #1256, #1487 ) ;
#2589 = AXIS2_PLACEMENT_3D ( 'NONE', #1477, #171, #1035 ) ;
#2590 = CARTESIAN_POINT ( 'NONE',  ( 17.42668493753810210, -24.56742071713507158, 13.50000000000025402 ) ) ;
#2591 = ORIENTED_EDGE ( 'NONE', *, *, #622, .F. ) ;
#2592 = VECTOR ( 'NONE', #1474, 1000.000000000000000 ) ;
#2593 = ORIENTED_EDGE ( 'NONE', *, *, #2637, .F. ) ;
#2594 = ORIENTED_EDGE ( 'NONE', *, *, #2424, .T. ) ;
#2595 = DIRECTION ( 'NONE',  ( -0.9813337787353678676, 0.1923122843527268200, 0.000000000000000000 ) ) ;
#2596 = VECTOR ( 'NONE', #1530, 1000.000000000000000 ) ;
#2597 = CARTESIAN_POINT ( 'NONE',  ( -22.03115606453544828, 34.75666087085782863, 11.67735152382168806 ) ) ;
#2598 = ORIENTED_EDGE ( 'NONE', *, *, #2732, .T. ) ;
#2599 = LINE ( 'NONE', #1975, #129 ) ;
#2600 = CARTESIAN_POINT ( 'NONE',  ( -15.78115606453545183, 31.07466458926504060, 3.500000000000254907 ) ) ;
#2601 = EDGE_LOOP ( 'NONE', ( #874, #1095, #829, #1616 ) ) ;
#2602 = EDGE_CURVE ( 'NONE', #1483, #385, #2543, .T. ) ;
#2603 = VERTEX_POINT ( 'NONE', #1440 ) ;
#2604 = DIRECTION ( 'NONE',  ( -1.000000000000000000, 0.000000000000000000, -0.000000000000000000 ) ) ;
#2605 = ORIENTED_EDGE ( 'NONE', *, *, #1226, .T. ) ;
#2606 = DIRECTION ( 'NONE',  ( 0.000000000000000000, 0.000000000000000000, -1.000000000000000000 ) ) ;
#2607 = DIRECTION ( 'NONE',  ( -0.000000000000000000, -0.000000000000000000, 1.000000000000000000 ) ) ;
#2608 = ORIENTED_EDGE ( 'NONE', *, *, #2481, .F. ) ;
#2609 = ORIENTED_EDGE ( 'NONE', *, *, #1212, .T. ) ;
#2610 = DIRECTION ( 'NONE',  ( -0.000000000000000000, -0.000000000000000000, 1.000000000000000000 ) ) ;
#2611 = LINE ( 'NONE', #1941, #1022 ) ;
#2612 = FACE_OUTER_BOUND ( 'NONE', #231, .T. ) ;
#2613 = ORIENTED_EDGE ( 'NONE', *, *, #820, .F. ) ;
#2614 = PLANE ( 'NONE',  #1230 ) ;
#2615 = CARTESIAN_POINT ( 'NONE',  ( -4.832232083118171317, -10.05694419705314324, 3.500000000000254463 ) ) ;
#2616 = EDGE_LOOP ( 'NONE', ( #2091, #2628, #1267, #1607 ) ) ;
#2617 = LINE ( 'NONE', #474, #82 ) ;
#2618 = EDGE_LOOP ( 'NONE', ( #1100, #2752, #2594, #30, #2608, #600, #1009, #1576 ) ) ;
#2619 = EDGE_CURVE ( 'NONE', #421, #2777, #2751, .T. ) ;
#2620 = DIRECTION ( 'NONE',  ( 1.000000000000000000, 0.000000000000000000, 0.000000000000000000 ) ) ;
#2621 = CARTESIAN_POINT ( 'NONE',  ( 26.27883179831746219, -27.77046216421287994, 13.50000000000025402 ) ) ;
#2622 = EDGE_CURVE ( 'NONE', #936, #2456, #1430, .T. ) ;
#2623 = VERTEX_POINT ( 'NONE', #1652 ) ;
#2624 = ORIENTED_EDGE ( 'NONE', *, *, #690, .F. ) ;
#2625 = DIRECTION ( 'NONE',  ( -0.000000000000000000, -0.000000000000000000, -1.000000000000000000 ) ) ;
#2626 = CARTESIAN_POINT ( 'NONE',  ( -28.34207081830833630, 17.27078668038027232, 3.500000000000254463 ) ) ;
#2627 = DIRECTION ( 'NONE',  ( -1.000000000000000000, 0.000000000000000000, -0.000000000000000000 ) ) ;
#2628 = ORIENTED_EDGE ( 'NONE', *, *, #1064, .F. ) ;
#2629 = DIRECTION ( 'NONE',  ( -1.000000000000000000, 0.000000000000000000, 0.000000000000000000 ) ) ;
#2630 = CARTESIAN_POINT ( 'NONE',  ( 26.27554745711413631, 26.47204648586428277, 5.500000000000254907 ) ) ;
#2631 = CIRCLE ( 'NONE', #740, 2.884907527397808202 ) ;
#2632 = CARTESIAN_POINT ( 'NONE',  ( -29.37216914772753640, -24.73533803050917967, -8.159750702876424455 ) ) ;
#2633 = DIRECTION ( 'NONE',  ( 0.000000000000000000, 0.000000000000000000, -1.000000000000000000 ) ) ;
#2634 = EDGE_CURVE ( 'NONE', #520, #1124, #2070, .T. ) ;
#2635 = ORIENTED_EDGE ( 'NONE', *, *, #545, .F. ) ;
#2636 = ORIENTED_EDGE ( 'NONE', *, *, #2, .F. ) ;
#2637 = EDGE_CURVE ( 'NONE', #1707, #692, #1705, .T. ) ;
#2638 = LINE ( 'NONE', #709, #2074 ) ;
#2639 = CARTESIAN_POINT ( 'NONE',  ( 26.27883179831746219, 19.16617699716827872, 0.000000000000000000 ) ) ;
#2640 = AXIS2_PLACEMENT_3D ( 'NONE', #28, #1354, #2647 ) ;
#2641 = ORIENTED_EDGE ( 'NONE', *, *, #2673, .F. ) ;
#2642 = AXIS2_PLACEMENT_3D ( 'NONE', #1250, #2566, #471 ) ;
#2643 = FACE_OUTER_BOUND ( 'NONE', #1804, .T. ) ;
#2644 = VECTOR ( 'NONE', #2269, 1000.000000000000000 ) ;
#2645 = DIRECTION ( 'NONE',  ( -0.000000000000000000, -0.000000000000000000, -1.000000000000000000 ) ) ;
#2646 = VECTOR ( 'NONE', #1678, 1000.000000000000000 ) ;
#2647 = DIRECTION ( 'NONE',  ( 0.000000000000000000, 0.000000000000000000, 1.000000000000000000 ) ) ;
#2648 = ORIENTED_EDGE ( 'NONE', *, *, #937, .T. ) ;
#2649 = FACE_OUTER_BOUND ( 'NONE', #1345, .T. ) ;
#2650 = FACE_OUTER_BOUND ( 'NONE', #1926, .T. ) ;
#2651 = ORIENTED_EDGE ( 'NONE', *, *, #2124, .T. ) ;
#2652 = ORIENTED_EDGE ( 'NONE', *, *, #2186, .F. ) ;
#2653 = CARTESIAN_POINT ( 'NONE',  ( -19.48849902806611212, 33.50704633327629978, 0.000000000000000000 ) ) ;
#2654 = DIRECTION ( 'NONE',  ( 1.000000000000000000, 0.000000000000000000, 0.000000000000000000 ) ) ;
#2655 = ADVANCED_FACE ( 'NONE', ( #845 ), #2143, .F. ) ;
#2656 = ORIENTED_EDGE ( 'NONE', *, *, #1787, .T. ) ;
#2657 = DIRECTION ( 'NONE',  ( 0.000000000000000000, 0.000000000000000000, 1.000000000000000000 ) ) ;
#2658 = DIRECTION ( 'NONE',  ( -0.7058012767006035526, -0.7084098798067387515, 0.000000000000000000 ) ) ;
#2659 = ADVANCED_FACE ( 'NONE', ( #16 ), #1525, .F. ) ;
#2660 = DIRECTION ( 'NONE',  ( 1.000000000000000000, 0.000000000000000000, 0.000000000000000000 ) ) ;
#2661 = DIRECTION ( 'NONE',  ( 1.000000000000000000, 0.000000000000000000, 0.000000000000000000 ) ) ;
#2662 = DIRECTION ( 'NONE',  ( 0.000000000000000000, -1.000000000000000000, 0.000000000000000000 ) ) ;
#2663 = DIRECTION ( 'NONE',  ( -0.000000000000000000, 0.000000000000000000, -1.000000000000000000 ) ) ;
#2664 = ORIENTED_EDGE ( 'NONE', *, *, #1697, .T. ) ;
#2665 = PLANE ( 'NONE',  #652 ) ;
#2666 = CARTESIAN_POINT ( 'NONE',  ( 12.27641530783898993, 0.000000000000000000, 5.500000000000254907 ) ) ;
#2667 = ORIENTED_EDGE ( 'NONE', *, *, #2584, .F. ) ;
#2668 = CARTESIAN_POINT ( 'NONE',  ( -31.01021694961223929, -24.73533803050917967, -8.159750702876424455 ) ) ;
#2669 = LINE ( 'NONE', #985, #1602 ) ;
#2670 = EDGE_CURVE ( 'NONE', #2103, #2196, #1513, .T. ) ;
#2671 = CARTESIAN_POINT ( 'NONE',  ( -28.34161846380722238, 14.75666087085782507, 18.50000000000025224 ) ) ;
#2672 = CARTESIAN_POINT ( 'NONE',  ( 19.86289655596839054, 32.86108385261967868, 5.700000000000254197 ) ) ;
#2673 = EDGE_CURVE ( 'NONE', #1053, #1498, #2047, .T. ) ;
#2674 = DIRECTION ( 'NONE',  ( 0.000000000000000000, 0.000000000000000000, 1.000000000000000000 ) ) ;
#2675 = CARTESIAN_POINT ( 'NONE',  ( 19.76305649801740927, 31.99886031465207381, 5.700000000000254197 ) ) ;
#2676 = ORIENTED_EDGE ( 'NONE', *, *, #1925, .T. ) ;
#2677 = EDGE_LOOP ( 'NONE', ( #2011, #1041, #1563, #2419, #2561, #1496, #963, #278 ) ) ;
#2678 = FACE_OUTER_BOUND ( 'NONE', #2181, .T. ) ;
#2679 = CARTESIAN_POINT ( 'NONE',  ( 19.86289655596839054, 32.86108385261967868, 5.500000000000254907 ) ) ;
#2680 = ORIENTED_EDGE ( 'NONE', *, *, #1437, .T. ) ;
#2681 = CARTESIAN_POINT ( 'NONE',  ( 17.42668493753810210, 9.628561104224484524, 3.500000000000254463 ) ) ;
#2682 = DIRECTION ( 'NONE',  ( 1.636130704980173554E-16, -1.000000000000000000, 0.000000000000000000 ) ) ;
#2683 = AXIS2_PLACEMENT_3D ( 'NONE', #1690, #2340, #2567 ) ;
#2684 = VECTOR ( 'NONE', #1944, 1000.000000000000000 ) ;
#2685 = ORIENTED_EDGE ( 'NONE', *, *, #2199, .F. ) ;
#2686 = AXIS2_PLACEMENT_3D ( 'NONE', #1295, #2427, #1976 ) ;
#2687 = CIRCLE ( 'NONE', #169, 4.349999999999999645 ) ;
#2688 = DIRECTION ( 'NONE',  ( 0.000000000000000000, -1.000000000000000000, 0.000000000000000000 ) ) ;
#2689 = DIRECTION ( 'NONE',  ( 0.000000000000000000, 0.000000000000000000, -1.000000000000000000 ) ) ;
#2690 = VECTOR ( 'NONE', #1923, 1000.000000000000000 ) ;
#2691 = EDGE_CURVE ( 'NONE', #2386, #1940, #237, .T. ) ;
#2692 = LINE ( 'NONE', #1613, #1223 ) ;
#2693 = EDGE_CURVE ( 'NONE', #1648, #1142, #1371, .T. ) ;
#2694 = VERTEX_POINT ( 'NONE', #2389 ) ;
#2695 = DIRECTION ( 'NONE',  ( 0.000000000000000000, 0.000000000000000000, 1.000000000000000000 ) ) ;
#2696 = DIRECTION ( 'NONE',  ( 0.000000000000000000, -0.000000000000000000, 1.000000000000000000 ) ) ;
#2697 = ORIENTED_EDGE ( 'NONE', *, *, #1244, .T. ) ;
#2698 = DIRECTION ( 'NONE',  ( 1.000000000000000000, 0.000000000000000000, 0.000000000000000000 ) ) ;
#2699 = DIRECTION ( 'NONE',  ( 0.000000000000000000, 0.000000000000000000, 1.000000000000000000 ) ) ;
#2700 = PLANE ( 'NONE',  #614 ) ;
#2701 = DIRECTION ( 'NONE',  ( 0.000000000000000000, -1.000000000000000000, 0.000000000000000000 ) ) ;
#2702 = FACE_BOUND ( 'NONE', #949, .T. ) ;
#2703 = EDGE_CURVE ( 'NONE', #2457, #2211, #2087, .T. ) ;
#2704 = ORIENTED_EDGE ( 'NONE', *, *, #1134, .T. ) ;
#2705 = CARTESIAN_POINT ( 'NONE',  ( 0.000000000000000000, 0.000000000000000000, 13.50000000000025402 ) ) ;
#2706 = EDGE_CURVE ( 'NONE', #2365, #2776, #2173, .T. ) ;
#2707 = PLANE ( 'NONE',  #2037 ) ;
#2708 = ORIENTED_EDGE ( 'NONE', *, *, #148, .F. ) ;
#2709 = PLANE ( 'NONE',  #1233 ) ;
#2710 = CARTESIAN_POINT ( 'NONE',  ( 15.80425832420069554, -24.56742071713507158, 5.500000000000254907 ) ) ;
#2711 = CARTESIAN_POINT ( 'NONE',  ( -1.332232083118171317, -10.05694419705314324, 3.500000000000254463 ) ) ;
#2712 = LINE ( 'NONE', #998, #2129 ) ;
#2713 = AXIS2_PLACEMENT_3D ( 'NONE', #1677, #1512, #2572 ) ;
#2714 = CARTESIAN_POINT ( 'NONE',  ( 24.11166736146259026, 28.62795844823632052, 3.500000000000254907 ) ) ;
#2715 = ADVANCED_FACE ( 'NONE', ( #2362 ), #2770, .T. ) ;
#2716 = CARTESIAN_POINT ( 'NONE',  ( -31.38207081830833545, -27.74939533400519309, 3.500000000000254907 ) ) ;
#2717 = VERTEX_POINT ( 'NONE', #2127 ) ;
#2718 = EDGE_CURVE ( 'NONE', #2558, #2282, #1299, .T. ) ;
#2719 = PRESENTATION_STYLE_ASSIGNMENT (( #1029 ) ) ;
#2720 = ORIENTED_EDGE ( 'NONE', *, *, #2089, .T. ) ;
#2721 = VECTOR ( 'NONE', #696, 1000.000000000000000 ) ;
#2722 = VERTEX_POINT ( 'NONE', #1111 ) ;
#2723 = EDGE_CURVE ( 'NONE', #1421, #282, #1079, .T. ) ;
#2724 = LINE ( 'NONE', #1032, #1192 ) ;
#2725 = CARTESIAN_POINT ( 'NONE',  ( -31.01021694961223929, -24.73533803050917967, 0.000000000000000000 ) ) ;
#2726 = AXIS2_PLACEMENT_3D ( 'NONE', #2248, #306, #1174 ) ;
#2727 = CARTESIAN_POINT ( 'NONE',  ( 1.763271489526741125E-15, -13.29805609406240841, 3.500000000000254463 ) ) ;
#2728 = AXIS2_PLACEMENT_3D ( 'NONE', #1956, #454, #639 ) ;
#2729 = CARTESIAN_POINT ( 'NONE',  ( 26.27554745711414341, 9.628561104224484524, 5.500000000000254907 ) ) ;
#2730 = VERTEX_POINT ( 'NONE', #3 ) ;
#2731 = ORIENTED_EDGE ( 'NONE', *, *, #2691, .T. ) ;
#2732 = EDGE_CURVE ( 'NONE', #52, #1670, #1936, .T. ) ;
#2733 = DIRECTION ( 'NONE',  ( -0.000000000000000000, -0.000000000000000000, 1.000000000000000000 ) ) ;
#2734 = DIRECTION ( 'NONE',  ( 0.000000000000000000, 0.000000000000000000, -1.000000000000000000 ) ) ;
#2735 = EDGE_CURVE ( 'NONE', #464, #2603, #1094, .T. ) ;
#2736 = VERTEX_POINT ( 'NONE', #33 ) ;
#2737 = FACE_OUTER_BOUND ( 'NONE', #713, .T. ) ;
#2738 = CARTESIAN_POINT ( 'NONE',  ( -4.832232083118171317, -10.05694419705314324, 5.700000000000254197 ) ) ;
#2739 = DIRECTION ( 'NONE',  ( -1.000000000000000000, -0.000000000000000000, -0.000000000000000000 ) ) ;
#2740 = ORIENTED_EDGE ( 'NONE', *, *, #193, .F. ) ;
#2741 = ORIENTED_EDGE ( 'NONE', *, *, #1508, .F. ) ;
#2742 = DIRECTION ( 'NONE',  ( -1.000000000000000000, 0.000000000000000000, 0.000000000000000000 ) ) ;
#2743 = ORIENTED_EDGE ( 'NONE', *, *, #2251, .F. ) ;
#2744 = CARTESIAN_POINT ( 'NONE',  ( -31.38207081830833545, 25.37803181733859503, 3.500000000000254907 ) ) ;
#2745 = DIRECTION ( 'NONE',  ( -0.9933625816495745831, 0.1150251336816975611, 0.000000000000000000 ) ) ;
#2746 = ORIENTED_EDGE ( 'NONE', *, *, #1989, .F. ) ;
#2747 = EDGE_CURVE ( 'NONE', #768, #2271, #1721, .T. ) ;
#2748 = FACE_OUTER_BOUND ( 'NONE', #1342, .T. ) ;
#2749 = FACE_OUTER_BOUND ( 'NONE', #1313, .T. ) ;
#2750 = VECTOR ( 'NONE', #184, 1000.000000000000000 ) ;
#2751 = LINE ( 'NONE', #623, #1964 ) ;
#2752 = ORIENTED_EDGE ( 'NONE', *, *, #44, .F. ) ;
#2753 = ORIENTED_EDGE ( 'NONE', *, *, #1618, .T. ) ;
#2754 = DIRECTION ( 'NONE',  ( -1.000000000000000000, -1.636130704980173307E-16, -0.000000000000000000 ) ) ;
#2755 = ORIENTED_EDGE ( 'NONE', *, *, #2559, .T. ) ;
#2756 = EDGE_LOOP ( 'NONE', ( #1661, #1788, #1068, #1235 ) ) ;
#2757 = CARTESIAN_POINT ( 'NONE',  ( 17.42668493753810210, 4.209897802172800851, 5.500000000000254907 ) ) ;
#2758 = FACE_OUTER_BOUND ( 'NONE', #624, .T. ) ;
#2759 = VERTEX_POINT ( 'NONE', #668 ) ;
#2760 = ORIENTED_EDGE ( 'NONE', *, *, #2199, .T. ) ;
#2761 = ORIENTED_EDGE ( 'NONE', *, *, #1775, .F. ) ;
#2762 = PRODUCT_DEFINITION_CONTEXT ( 'detailed design', #1415, 'design' ) ;
#2763 = DIRECTION ( 'NONE',  ( 1.636130704980173554E-16, -1.000000000000000000, 0.000000000000000000 ) ) ;
#2764 = VECTOR ( 'NONE', #1026, 1000.000000000000000 ) ;
#2765 = EDGE_CURVE ( 'NONE', #282, #2456, #249, .T. ) ;
#2766 = ORIENTED_EDGE ( 'NONE', *, *, #2718, .F. ) ;
#2767 = AXIS2_PLACEMENT_3D ( 'NONE', #2630, #2384, #1930 ) ;
#2768 = AXIS2_PLACEMENT_3D ( 'NONE', #694, #1482, #1725 ) ;
#2769 = DIRECTION ( 'NONE',  ( 0.000000000000000000, 0.000000000000000000, 1.000000000000000000 ) ) ;
#2770 = CYLINDRICAL_SURFACE ( 'NONE', #1460, 1.469701195442388197 ) ;
#2771 = ADVANCED_FACE ( 'NONE', ( #50 ), #905, .F. ) ;
#2772 = AXIS2_PLACEMENT_3D ( 'NONE', #1951, #732, #1479 ) ;
#2773 = VERTEX_POINT ( 'NONE', #307 ) ;
#2774 = VERTEX_POINT ( 'NONE', #2261 ) ;
#2775 = LINE ( 'NONE', #1097, #119 ) ;
#2776 = VERTEX_POINT ( 'NONE', #135 ) ;
#2777 = VERTEX_POINT ( 'NONE', #1810 ) ;
#2778 = DIRECTION ( 'NONE',  ( -0.000000000000000000, -0.000000000000000000, 1.000000000000000000 ) ) ;
#2779 = CARTESIAN_POINT ( 'NONE',  ( -4.832232083118171317, -10.05694419705314324, 5.700000000000254197 ) ) ;
#2780 = ORIENTED_EDGE ( 'NONE', *, *, #2637, .T. ) ;
#2781 = VERTEX_POINT ( 'NONE', #788 ) ;
#2782 = LINE ( 'NONE', #399, #2764 ) ;
ENDSEC;
END-ISO-10303-21;
