ISO-10303-21;
HEADER;
FILE_DESCRIPTION (( 'STEP AP214' ),
    '1' );
FILE_NAME ('cubit3_support2.STEP',
    '2025-07-25T05:53:35',
    ( '' ),
    ( '' ),
    'SwSTEP 2.0',
    'SolidWorks 2023',
    '' );
FILE_SCHEMA (( 'AUTOMOTIVE_DESIGN' ));
ENDSEC;

DATA;
#1 = CARTESIAN_POINT ( 'NONE',  ( 50.56307252490198323, 2.300003861695681717, -17.82000000000000028 ) ) ;
#2 = CARTESIAN_POINT ( 'NONE',  ( 8.547957550365225643, -0.1464289385518881825, -3.620000000000060059 ) ) ;
#3 = DIRECTION ( 'NONE',  ( -1.476880973642516934E-16, -1.000000000000000000, 0.000000000000000000 ) ) ;
#4 = ADVANCED_FACE ( 'NONE', ( #13 ), #1534, .F. ) ;
#5 = CARTESIAN_POINT ( 'NONE',  ( 26.44550394349760580, 26.48044654559283373, -3.620000000000185292 ) ) ;
#6 = ADVANCED_FACE ( 'NONE', ( #1243 ), #967, .F. ) ;
#7 = DIRECTION ( 'NONE',  ( -1.000000000000000000, 0.000000000000000000, 7.047314121155780399E-15 ) ) ;
#8 = VERTEX_POINT ( 'NONE', #1074 ) ;
#9 = FACE_OUTER_BOUND ( 'NONE', #144, .T. ) ;
#10 = ORIENTED_EDGE ( 'NONE', *, *, #617, .F. ) ;
#11 = SURFACE_STYLE_FILL_AREA ( #28 ) ;
#12 = CARTESIAN_POINT ( 'NONE',  ( 47.15757000822213740, 47.99356986567008931, -17.82000000000000028 ) ) ;
#13 = FACE_OUTER_BOUND ( 'NONE', #352, .T. ) ;
#14 = CARTESIAN_POINT ( 'NONE',  ( 15.58767194855985316, 46.47323246497084170, -3.620000000000000551 ) ) ;
#15 = ORIENTED_EDGE ( 'NONE', *, *, #1178, .F. ) ;
#16 = DIRECTION ( 'NONE',  ( -6.982962677686266711E-15, 0.000000000000000000, -1.000000000000000000 ) ) ;
#17 = ADVANCED_FACE ( 'NONE', ( #384 ), #1225, .T. ) ;
#18 = VERTEX_POINT ( 'NONE', #1779 ) ;
#19 = FACE_OUTER_BOUND ( 'NONE', #1776, .T. ) ;
#20 = DIRECTION ( 'NONE',  ( 0.000000000000000000, -0.000000000000000000, -1.000000000000000000 ) ) ;
#21 = DIRECTION ( 'NONE',  ( 0.000000000000000000, -0.000000000000000000, -1.000000000000000000 ) ) ;
#22 = LINE ( 'NONE', #1555, #724 ) ;
#23 = ORIENTED_EDGE ( 'NONE', *, *, #240, .F. ) ;
#24 = FACE_BOUND ( 'NONE', #1759, .T. ) ;
#25 = AXIS2_PLACEMENT_3D ( 'NONE', #1799, #1244, #559 ) ;
#26 = EDGE_CURVE ( 'NONE', #941, #509, #630, .T. ) ;
#27 = ORIENTED_EDGE ( 'NONE', *, *, #1425, .F. ) ;
#28 = FILL_AREA_STYLE ('',( #719 ) ) ;
#29 = DIRECTION ( 'NONE',  ( 6.982962677686266711E-15, -0.000000000000000000, 1.000000000000000000 ) ) ;
#30 = LINE ( 'NONE', #293, #1572 ) ;
#31 = LINE ( 'NONE', #744, #875 ) ;
#32 = FACE_OUTER_BOUND ( 'NONE', #389, .T. ) ;
#33 = ORIENTED_EDGE ( 'NONE', *, *, #1632, .T. ) ;
#34 = CYLINDRICAL_SURFACE ( 'NONE', #1696, 23.79742433024752302 ) ;
#35 = PLANE ( 'NONE',  #1307 ) ;
#36 = EDGE_CURVE ( 'NONE', #1208, #1616, #244, .T. ) ;
#37 = FACE_OUTER_BOUND ( 'NONE', #1528, .T. ) ;
#38 = PLANE ( 'NONE',  #1342 ) ;
#39 = ORIENTED_EDGE ( 'NONE', *, *, #607, .F. ) ;
#40 = SURFACE_STYLE_FILL_AREA ( #291 ) ;
#41 = DIRECTION ( 'NONE',  ( -0.000000000000000000, -0.000000000000000000, -1.000000000000000000 ) ) ;
#42 = CARTESIAN_POINT ( 'NONE',  ( 50.56307252490198323, 3.861695681501021384E-06, -17.82000000000000028 ) ) ;
#43 = CARTESIAN_POINT ( 'NONE',  ( 26.44550394349756672, 26.48044654559283373, -4.620000000000000995 ) ) ;
#44 = ADVANCED_FACE ( 'NONE', ( #1720 ), #859, .F. ) ;
#45 = CARTESIAN_POINT ( 'NONE',  ( 0.009611525389867146482, 47.31959426025974835, -17.82000000000000028 ) ) ;
#46 = ORIENTED_EDGE ( 'NONE', *, *, #1761, .F. ) ;
#47 = DIRECTION ( 'NONE',  ( -1.000000000000000000, 0.000000000000000000, 6.969871108835386887E-15 ) ) ;
#48 = VECTOR ( 'NONE', #1218, 1000.000000000000000 ) ;
#49 = PLANE ( 'NONE',  #519 ) ;
#50 = MECHANICAL_DESIGN_GEOMETRIC_PRESENTATION_REPRESENTATION (  '', ( #167 ), #987 ) ;
#51 = CARTESIAN_POINT ( 'NONE',  ( -2.217193442732856568E-14, 8.165095992267279001, -3.620000000000000551 ) ) ;
#52 = VECTOR ( 'NONE', #912, 1000.000000000000000 ) ;
#53 = VERTEX_POINT ( 'NONE', #464 ) ;
#54 = EDGE_CURVE ( 'NONE', #258, #1247, #1711, .T. ) ;
#55 = DIRECTION ( 'NONE',  ( -0.000000000000000000, -1.000000000000000000, -0.000000000000000000 ) ) ;
#56 = EDGE_CURVE ( 'NONE', #1670, #908, #155, .T. ) ;
#57 = ORIENTED_EDGE ( 'NONE', *, *, #560, .F. ) ;
#58 = LINE ( 'NONE', #1468, #1284 ) ;
#59 = FACE_OUTER_BOUND ( 'NONE', #877, .T. ) ;
#60 = DIRECTION ( 'NONE',  ( -6.982962677686266711E-15, 0.000000000000000000, -1.000000000000000000 ) ) ;
#61 = ORIENTED_EDGE ( 'NONE', *, *, #450, .T. ) ;
#62 = ADVANCED_FACE ( 'NONE', ( #996 ), #1148, .F. ) ;
#63 = APPLICATION_PROTOCOL_DEFINITION ( 'draft international standard', 'automotive_design', 1998, #1357 ) ;
#64 = EDGE_CURVE ( 'NONE', #1412, #941, #431, .T. ) ;
#65 = ORIENTED_EDGE ( 'NONE', *, *, #1530, .T. ) ;
#66 = CARTESIAN_POINT ( 'NONE',  ( 42.15757000822213030, 47.99356986567008931, -17.82000000000000028 ) ) ;
#67 = CARTESIAN_POINT ( 'NONE',  ( 50.62149591710081609, 70.00199890136700276, -3.620000000000354046 ) ) ;
#68 = CARTESIAN_POINT ( 'NONE',  ( 37.92656108372180768, 47.32517565625202138, -3.620000000000000551 ) ) ;
#69 = PLANE ( 'NONE',  #582 ) ;
#70 = VERTEX_POINT ( 'NONE', #1424 ) ;
#71 = ORIENTED_EDGE ( 'NONE', *, *, #303, .T. ) ;
#72 = AXIS2_PLACEMENT_3D ( 'NONE', #1397, #1258, #3 ) ;
#73 = CARTESIAN_POINT ( 'NONE',  ( 51.28695566068589784, 65.04359989220434102, -1.620000000000358042 ) ) ;
#74 = EDGE_CURVE ( 'NONE', #540, #802, #30, .T. ) ;
#75 = LINE ( 'NONE', #655, #170 ) ;
#76 = LINE ( 'NONE', #1483, #398 ) ;
#77 = CIRCLE ( 'NONE', #25, 22.75091216739172495 ) ;
#78 = VECTOR ( 'NONE', #1758, 1000.000000000000000 ) ;
#79 = SURFACE_STYLE_USAGE ( .BOTH. , #186 ) ;
#80 = VERTEX_POINT ( 'NONE', #184 ) ;
#81 = CIRCLE ( 'NONE', #319, 15.00000000000003730 ) ;
#82 = ORIENTED_EDGE ( 'NONE', *, *, #1618, .T. ) ;
#83 = LINE ( 'NONE', #1756, #952 ) ;
#84 = CARTESIAN_POINT ( 'NONE',  ( -1.387778780781445676E-14, 47.32517565625202138, -3.620000000000000551 ) ) ;
#85 = PRESENTATION_STYLE_ASSIGNMENT (( #775 ) ) ;
#86 = ORIENTED_EDGE ( 'NONE', *, *, #338, .F. ) ;
#87 = EDGE_CURVE ( 'NONE', #153, #738, #577, .T. ) ;
#88 = ORIENTED_EDGE ( 'NONE', *, *, #1118, .F. ) ;
#89 = CARTESIAN_POINT ( 'NONE',  ( 26.95491612274526005, 22.51301674386550644, -12.92000000000000171 ) ) ;
#90 = ORIENTED_EDGE ( 'NONE', *, *, #780, .T. ) ;
#91 = DIRECTION ( 'NONE',  ( -6.982962677686268288E-15, -0.000000000000000000, -1.000000000000000000 ) ) ;
#92 = DIRECTION ( 'NONE',  ( 1.000000000000000000, 0.000000000000000000, 0.000000000000000000 ) ) ;
#93 = ORIENTED_EDGE ( 'NONE', *, *, #1724, .T. ) ;
#94 = ADVANCED_FACE ( 'NONE', ( #1138 ), #35, .F. ) ;
#95 = CARTESIAN_POINT ( 'NONE',  ( 26.44550394349756672, 26.48044654559283373, -3.620000000000000551 ) ) ;
#96 = VERTEX_POINT ( 'NONE', #42 ) ;
#97 = DIRECTION ( 'NONE',  ( -1.000000000000000000, 0.000000000000000000, 6.969871108835386887E-15 ) ) ;
#98 = ORIENTED_EDGE ( 'NONE', *, *, #1293, .F. ) ;
#99 = DIRECTION ( 'NONE',  ( 1.000000000000000000, 0.000000000000000000, 0.000000000000000000 ) ) ;
#100 = CLOSED_SHELL ( 'NONE', ( #1695, #62, #6, #1739, #334, #120 ) ) ;
#101 = DIRECTION ( 'NONE',  ( 1.000000000000000000, -0.000000000000000000, 0.000000000000000000 ) ) ;
#102 = VECTOR ( 'NONE', #1457, 1000.000000000000000 ) ;
#103 = VERTEX_POINT ( 'NONE', #602 ) ;
#104 = AXIS2_PLACEMENT_3D ( 'NONE', #1620, #397, #815 ) ;
#105 = STYLED_ITEM ( 'NONE', ( #85 ), #1075 ) ;
#106 = VECTOR ( 'NONE', #1128, 1000.000000000000000 ) ;
#107 = CARTESIAN_POINT ( 'NONE',  ( 37.37389029992442602, 46.43475375213438383, -4.620000000000000995 ) ) ;
#108 = VERTEX_POINT ( 'NONE', #1698 ) ;
#109 = DIRECTION ( 'NONE',  ( -0.000000000000000000, -0.000000000000000000, 1.000000000000000000 ) ) ;
#110 = ADVANCED_FACE ( 'NONE', ( #736 ), #576, .T. ) ;
#111 = ORIENTED_EDGE ( 'NONE', *, *, #1668, .F. ) ;
#112 = DIRECTION ( 'NONE',  ( -1.000000000000000000, 1.224425490838177908E-16, -0.000000000000000000 ) ) ;
#113 = DIRECTION ( 'NONE',  ( 0.000000000000000000, -0.000000000000000000, -1.000000000000000000 ) ) ;
#114 = EDGE_LOOP ( 'NONE', ( #424, #438, #1791, #1078 ) ) ;
#115 = CARTESIAN_POINT ( 'NONE',  ( 26.44550394349759870, 26.48044654559283373, -4.620000000000184848 ) ) ;
#116 = EDGE_CURVE ( 'NONE', #53, #802, #311, .T. ) ;
#117 = CARTESIAN_POINT ( 'NONE',  ( 26.44550394349756672, 26.48044654559283373, -3.620000000000000551 ) ) ;
#118 = ORIENTED_EDGE ( 'NONE', *, *, #1409, .T. ) ;
#119 = CARTESIAN_POINT ( 'NONE',  ( 50.24292827374508619, 26.48044654559283373, -4.620000000000000995 ) ) ;
#120 = ADVANCED_FACE ( 'NONE', ( #879 ), #1704, .T. ) ;
#121 = EDGE_LOOP ( 'NONE', ( #794, #1385, #558, #429 ) ) ;
#122 = CARTESIAN_POINT ( 'NONE',  ( -8.154820664392972449E-15, 8.165095992267279001, -1.620000000000000107 ) ) ;
#123 = FACE_OUTER_BOUND ( 'NONE', #114, .T. ) ;
#124 = ORIENTED_EDGE ( 'NONE', *, *, #654, .F. ) ;
#125 = CARTESIAN_POINT ( 'NONE',  ( 2.648079613250045483, 26.48044654559283728, -3.620000000000000551 ) ) ;
#126 = CARTESIAN_POINT ( 'NONE',  ( 0.009611525389866442184, 41.44666507051483251, -3.620000000000000551 ) ) ;
#127 = ORIENTED_EDGE ( 'NONE', *, *, #1773, .T. ) ;
#128 = DIRECTION ( 'NONE',  ( 0.000000000000000000, 0.000000000000000000, -1.000000000000000000 ) ) ;
#129 = ORIENTED_EDGE ( 'NONE', *, *, #445, .F. ) ;
#130 = DIRECTION ( 'NONE',  ( -0.000000000000000000, 0.000000000000000000, -1.000000000000000000 ) ) ;
#131 = ADVANCED_FACE ( 'NONE', ( #1162 ), #1451, .T. ) ;
#132 = LINE ( 'NONE', #1512, #1435 ) ;
#133 = VERTEX_POINT ( 'NONE', #1569 ) ;
#134 = AXIS2_PLACEMENT_3D ( 'NONE', #1116, #1408, #1675 ) ;
#135 = AXIS2_PLACEMENT_3D ( 'NONE', #756, #1741, #47 ) ;
#136 = CARTESIAN_POINT ( 'NONE',  ( 52.48695566068589358, 65.04359989220434102, -1.620000000000366480 ) ) ;
#137 = VECTOR ( 'NONE', #1455, 1000.000000000000000 ) ;
#138 = AXIS2_PLACEMENT_3D ( 'NONE', #257, #128, #1648 ) ;
#139 = CARTESIAN_POINT ( 'NONE',  ( 57.65800094604500003, 7.009382860174999230, -1.620000000000402895 ) ) ;
#140 = VECTOR ( 'NONE', #1561, 1000.000000000000000 ) ;
#141 = ORIENTED_EDGE ( 'NONE', *, *, #678, .T. ) ;
#142 = DIRECTION ( 'NONE',  ( 0.5904187210017035614, -0.8070971031361173775, 0.000000000000000000 ) ) ;
#143 = VECTOR ( 'NONE', #1659, 1000.000000000000000 ) ;
#144 = EDGE_LOOP ( 'NONE', ( #1326, #583, #534, #554, #1508, #1145, #1663, #261, #1504, #624, #846, #317, #1068, #1556, #823 ) ) ;
#145 = EDGE_CURVE ( 'NONE', #1750, #1670, #1444, .T. ) ;
#146 = CARTESIAN_POINT ( 'NONE',  ( 39.19403284612560867, 70.00199890136700276, 1.801000174845763357 ) ) ;
#147 = ORIENTED_EDGE ( 'NONE', *, *, #1024, .T. ) ;
#148 = CARTESIAN_POINT ( 'NONE',  ( 26.44550394349759870, 26.48044654559283373, -4.620000000000184848 ) ) ;
#149 = EDGE_CURVE ( 'NONE', #889, #762, #348, .T. ) ;
#150 = CARTESIAN_POINT ( 'NONE',  ( 39.19403284612557314, 55.22990032368964108, -3.620000000000274110 ) ) ;
#151 = ORIENTED_EDGE ( 'NONE', *, *, #1760, .T. ) ;
#152 = CARTESIAN_POINT ( 'NONE',  ( 49.19641611088928812, 26.48044654559283373, -4.620000000000000995 ) ) ;
#153 = VERTEX_POINT ( 'NONE', #356 ) ;
#154 = LINE ( 'NONE', #2, #989 ) ;
#155 = LINE ( 'NONE', #1302, #1458 ) ;
#156 = EDGE_CURVE ( 'NONE', #80, #500, #471, .T. ) ;
#157 = CARTESIAN_POINT ( 'NONE',  ( 8.547957550365239854, -4.581571635658403741E-16, -1.620000000000060059 ) ) ;
#158 = ORIENTED_EDGE ( 'NONE', *, *, #652, .F. ) ;
#159 = CARTESIAN_POINT ( 'NONE',  ( 5.132437688989099911, 41.44666507051483251, -17.82000000000000028 ) ) ;
#160 = EDGE_LOOP ( 'NONE', ( #33, #1383, #1518, #1737 ) ) ;
#161 = CARTESIAN_POINT ( 'NONE',  ( 25.93609176424992313, 22.51301674386550289, -12.92000000000000171 ) ) ;
#162 = CARTESIAN_POINT ( 'NONE',  ( 26.95491612274526005, 22.51301674386550644, -3.620000000000000107 ) ) ;
#163 = DIRECTION ( 'NONE',  ( 1.224425490838177908E-16, 1.000000000000000000, 0.000000000000000000 ) ) ;
#164 = VECTOR ( 'NONE', #1185, 1000.000000000000000 ) ;
#165 = VECTOR ( 'NONE', #1792, 1000.000000000000000 ) ;
#166 = CARTESIAN_POINT ( 'NONE',  ( 12.50825589245679659, 25.15639338814062853, -3.620000000000087592 ) ) ;
#167 = STYLED_ITEM ( 'NONE', ( #1303 ), #1059 ) ;
#168 = ADVANCED_FACE ( 'NONE', ( #614 ), #905, .F. ) ;
#169 = ORIENTED_EDGE ( 'NONE', *, *, #1027, .F. ) ;
#170 = VECTOR ( 'NONE', #747, 1000.000000000000000 ) ;
#171 = VECTOR ( 'NONE', #1415, 1000.000000000000000 ) ;
#172 = DIRECTION ( 'NONE',  ( 1.000000000000000000, 0.000000000000000000, -7.000848313763545396E-15 ) ) ;
#173 = DIRECTION ( 'NONE',  ( 1.000000000000000000, 0.000000000000000000, -6.982962677686267499E-15 ) ) ;
#174 =( NAMED_UNIT ( * ) PLANE_ANGLE_UNIT ( ) SI_UNIT ( $, .RADIAN. ) );
#175 = ORIENTED_EDGE ( 'NONE', *, *, #1474, .F. ) ;
#176 = CYLINDRICAL_SURFACE ( 'NONE', #1689, 23.79742433024752302 ) ;
#177 = ADVANCED_FACE ( 'NONE', ( #480 ), #789, .F. ) ;
#178 = CARTESIAN_POINT ( 'NONE',  ( 49.19641611088928812, 26.48044654559283373, -4.620000000000000995 ) ) ;
#179 = DIRECTION ( 'NONE',  ( 0.000000000000000000, 0.000000000000000000, -1.000000000000000000 ) ) ;
#180 = FACE_OUTER_BOUND ( 'NONE', #1393, .T. ) ;
#181 = ORIENTED_EDGE ( 'NONE', *, *, #666, .T. ) ;
#182 = LINE ( 'NONE', #625, #164 ) ;
#183 = CARTESIAN_POINT ( 'NONE',  ( 15.83239992871045665, 3.202279253074212129, -17.82000000000000028 ) ) ;
#184 = CARTESIAN_POINT ( 'NONE',  ( 40.25574898611503016, 3.861695681501021384E-06, -17.82000000000000028 ) ) ;
#185 = ADVANCED_FACE ( 'NONE', ( #1173 ), #1752, .T. ) ;
#186 = SURFACE_SIDE_STYLE ('',( #364 ) ) ;
#187 = EDGE_LOOP ( 'NONE', ( #929, #552, #129, #1221 ) ) ;
#188 = ADVANCED_FACE ( 'NONE', ( #1036 ), #1609, .T. ) ;
#189 = CARTESIAN_POINT ( 'NONE',  ( 40.44550394349759159, 26.48044654559283373, -4.620000000000282547 ) ) ;
#190 = AXIS2_PLACEMENT_3D ( 'NONE', #197, #927, #1053 ) ;
#191 = STYLED_ITEM ( 'NONE', ( #994 ), #476 ) ;
#192 = VERTEX_POINT ( 'NONE', #1592 ) ;
#193 = CARTESIAN_POINT ( 'NONE',  ( 8.547957550365264723, 8.165095992267279001, 1.801000174845977186 ) ) ;
#194 = VECTOR ( 'NONE', #1529, 1000.000000000000000 ) ;
#195 = CARTESIAN_POINT ( 'NONE',  ( 26.44550394349756672, 26.48044654559283373, -12.92000000000000171 ) ) ;
#196 = ORIENTED_EDGE ( 'NONE', *, *, #1713, .F. ) ;
#197 = CARTESIAN_POINT ( 'NONE',  ( 26.44550394349756672, 26.48044654559283373, -12.92000000000000171 ) ) ;
#198 = ADVANCED_FACE ( 'NONE', ( #498 ), #1061, .T. ) ;
#199 = VECTOR ( 'NONE', #470, 1000.000000000000000 ) ;
#200 = ORIENTED_EDGE ( 'NONE', *, *, #1428, .F. ) ;
#201 = EDGE_CURVE ( 'NONE', #1764, #226, #76, .T. ) ;
#202 = SHAPE_DEFINITION_REPRESENTATION ( #1341, #784 ) ;
#203 = ORIENTED_EDGE ( 'NONE', *, *, #1316, .T. ) ;
#204 = CARTESIAN_POINT ( 'NONE',  ( 50.62149591710083030, 70.00199890136700276, -1.620000000000353602 ) ) ;
#205 = LINE ( 'NONE', #1047, #492 ) ;
#206 = ORIENTED_EDGE ( 'NONE', *, *, #1440, .F. ) ;
#207 = DIRECTION ( 'NONE',  ( 1.000000000000000000, -0.000000000000000000, -0.000000000000000000 ) ) ;
#208 = ORIENTED_EDGE ( 'NONE', *, *, #1205, .T. ) ;
#209 = EDGE_LOOP ( 'NONE', ( #1238, #829, #783, #826 ) ) ;
#210 = PLANE ( 'NONE',  #1626 ) ;
#211 = LINE ( 'NONE', #773, #1377 ) ;
#212 = DIRECTION ( 'NONE',  ( 0.000000000000000000, 0.000000000000000000, -1.000000000000000000 ) ) ;
#213 = CARTESIAN_POINT ( 'NONE',  ( 26.44550394349756672, 26.48044654559283373, -3.620000000000000551 ) ) ;
#214 = ORIENTED_EDGE ( 'NONE', *, *, #1474, .T. ) ;
#215 = DIRECTION ( 'NONE',  ( 0.000000000000000000, 0.000000000000000000, 1.000000000000000000 ) ) ;
#216 = ORIENTED_EDGE ( 'NONE', *, *, #717, .F. ) ;
#217 = AXIS2_PLACEMENT_3D ( 'NONE', #1274, #1156, #1004 ) ;
#218 = LINE ( 'NONE', #1607, #838 ) ;
#219 = MECHANICAL_DESIGN_GEOMETRIC_PRESENTATION_REPRESENTATION (  '', ( #191 ), #1624 ) ;
#220 = EDGE_CURVE ( 'NONE', #103, #698, #1653, .T. ) ;
#221 = CARTESIAN_POINT ( 'NONE',  ( 8.547957550365225643, 3.202279253074213017, -3.620000000000000551 ) ) ;
#222 = AXIS2_PLACEMENT_3D ( 'NONE', #1249, #411, #932 ) ;
#223 = VECTOR ( 'NONE', #812, 1000.000000000000000 ) ;
#224 = ORIENTED_EDGE ( 'NONE', *, *, #997, .T. ) ;
#225 = VECTOR ( 'NONE', #1699, 1000.000000000000000 ) ;
#226 = VERTEX_POINT ( 'NONE', #221 ) ;
#227 = CARTESIAN_POINT ( 'NONE',  ( 7.099999999999974776, -4.440834923776686496E-16, -3.620000000000049845 ) ) ;
#228 = VERTEX_POINT ( 'NONE', #1329 ) ;
#229 = PLANE ( 'NONE',  #1245 ) ;
#230 = ADVANCED_FACE ( 'NONE', ( #782 ), #1347, .T. ) ;
#231 = DIRECTION ( 'NONE',  ( -0.000000000000000000, 0.000000000000000000, -1.000000000000000000 ) ) ;
#232 = ORIENTED_EDGE ( 'NONE', *, *, #1118, .T. ) ;
#233 = EDGE_LOOP ( 'NONE', ( #1057, #474, #1537, #1598 ) ) ;
#234 = CARTESIAN_POINT ( 'NONE',  ( 50.56307252490198323, 3.861695681501021384E-06, -3.620000000000000551 ) ) ;
#235 = VERTEX_POINT ( 'NONE', #84 ) ;
#236 = CARTESIAN_POINT ( 'NONE',  ( 26.44550394349756672, 26.48044654559283373, -12.92000000000000171 ) ) ;
#237 = DIRECTION ( 'NONE',  ( 0.5273594997269994700, 0.8496422529792694300, -0.000000000000000000 ) ) ;
#238 = VERTEX_POINT ( 'NONE', #1322 ) ;
#239 = DIRECTION ( 'NONE',  ( -0.8070971031361173775, -0.5904187210017035614, 0.000000000000000000 ) ) ;
#240 = EDGE_CURVE ( 'NONE', #1340, #494, #432, .T. ) ;
#241 = DIRECTION ( 'NONE',  ( -6.982962677686266711E-15, 0.000000000000000000, -1.000000000000000000 ) ) ;
#242 = VERTEX_POINT ( 'NONE', #68 ) ;
#243 = LINE ( 'NONE', #541, #1744 ) ;
#244 = CIRCLE ( 'NONE', #1367, 7.036505028944165296 ) ;
#245 = ORIENTED_EDGE ( 'NONE', *, *, #56, .F. ) ;
#246 = CARTESIAN_POINT ( 'NONE',  ( 50.62149591710081609, 70.00199890136700276, -3.620000000000354046 ) ) ;
#247 = VECTOR ( 'NONE', #1196, 1000.000000000000000 ) ;
#248 = PLANE ( 'NONE',  #316 ) ;
#249 = VERTEX_POINT ( 'NONE', #641 ) ;
#250 = ADVANCED_FACE ( 'NONE', ( #1188 ), #229, .F. ) ;
#251 = PLANE ( 'NONE',  #689 ) ;
#252 = AXIS2_PLACEMENT_3D ( 'NONE', #546, #1224, #1210 ) ;
#253 = EDGE_CURVE ( 'NONE', #1545, #941, #685, .T. ) ;
#254 = VECTOR ( 'NONE', #425, 1000.000000000000000 ) ;
#255 = DIRECTION ( 'NONE',  ( -1.000000000000000000, 0.000000000000000000, 0.000000000000000000 ) ) ;
#256 = ORIENTED_EDGE ( 'NONE', *, *, #792, .F. ) ;
#257 = CARTESIAN_POINT ( 'NONE',  ( 44.65757000822213030, 47.99356986567008931, -17.82000000000000028 ) ) ;
#258 = VERTEX_POINT ( 'NONE', #1622 ) ;
#259 = DIRECTION ( 'NONE',  ( 0.000000000000000000, 0.000000000000000000, 1.000000000000000000 ) ) ;
#260 = DIRECTION ( 'NONE',  ( -1.000000000000000000, 0.000000000000000000, -0.000000000000000000 ) ) ;
#261 = ORIENTED_EDGE ( 'NONE', *, *, #220, .T. ) ;
#262 = DIRECTION ( 'NONE',  ( -6.982962677686266711E-15, 0.000000000000000000, -1.000000000000000000 ) ) ;
#263 = DIRECTION ( 'NONE',  ( 0.000000000000000000, 0.000000000000000000, -1.000000000000000000 ) ) ;
#264 = ORIENTED_EDGE ( 'NONE', *, *, #1395, .T. ) ;
#265 = DIRECTION ( 'NONE',  ( 6.982962677686266711E-15, -0.000000000000000000, 1.000000000000000000 ) ) ;
#266 = VERTEX_POINT ( 'NONE', #51 ) ;
#267 = FACE_OUTER_BOUND ( 'NONE', #1091, .T. ) ;
#268 = CARTESIAN_POINT ( 'NONE',  ( 0.009611525389867146482, 47.31959426025974835, -17.82000000000000028 ) ) ;
#269 = DIRECTION ( 'NONE',  ( -0.000000000000000000, -0.000000000000000000, 1.000000000000000000 ) ) ;
#270 = CARTESIAN_POINT ( 'NONE',  ( 25.93609176424992313, 22.51301674386550289, -3.620000000000000107 ) ) ;
#271 = DIRECTION ( 'NONE',  ( -1.000000000000000000, 0.000000000000000000, -0.000000000000000000 ) ) ;
#272 = ORIENTED_EDGE ( 'NONE', *, *, #982, .T. ) ;
#273 = LINE ( 'NONE', #1262, #1251 ) ;
#274 = EDGE_CURVE ( 'NONE', #810, #496, #337, .T. ) ;
#275 = EDGE_LOOP ( 'NONE', ( #358, #1060, #1701, #796 ) ) ;
#276 = CARTESIAN_POINT ( 'NONE',  ( -0.2912848471974672782, 8.165095992267279001, 1.801000174846039137 ) ) ;
#277 = EDGE_CURVE ( 'NONE', #1441, #518, #1686, .T. ) ;
#278 = UNCERTAINTY_MEASURE_WITH_UNIT (LENGTH_MEASURE( 1.000000000000000082E-05 ), #1709, 'distance_accuracy_value', 'NONE');
#279 = CARTESIAN_POINT ( 'NONE',  ( 5.132437688989099911, 41.44666507051483251, -17.82000000000000028 ) ) ;
#280 = ORIENTED_EDGE ( 'NONE', *, *, #274, .T. ) ;
#281 = AXIS2_PLACEMENT_3D ( 'NONE', #868, #741, #21 ) ;
#282 = AXIS2_PLACEMENT_3D ( 'NONE', #236, #797, #99 ) ;
#283 = DIRECTION ( 'NONE',  ( 0.000000000000000000, 0.000000000000000000, -1.000000000000000000 ) ) ;
#284 = VECTOR ( 'NONE', #856, 1000.000000000000000 ) ;
#285 = CARTESIAN_POINT ( 'NONE',  ( 39.19403284612558735, 47.32517565625202138, -1.620000000000135998 ) ) ;
#286 =( GEOMETRIC_REPRESENTATION_CONTEXT ( 3 ) GLOBAL_UNCERTAINTY_ASSIGNED_CONTEXT ( ( #1125 ) ) GLOBAL_UNIT_ASSIGNED_CONTEXT ( ( #1610, #481, #1338 ) ) REPRESENTATION_CONTEXT ( 'NONE', 'WORKASPACE' ) );
#287 = ORIENTED_EDGE ( 'NONE', *, *, #87, .F. ) ;
#288 = LINE ( 'NONE', #297, #1066 ) ;
#289 = AXIS2_PLACEMENT_3D ( 'NONE', #1147, #858, #423 ) ;
#290 = ORIENTED_EDGE ( 'NONE', *, *, #1281, .T. ) ;
#291 = FILL_AREA_STYLE ('',( #1682 ) ) ;
#292 = FACE_OUTER_BOUND ( 'NONE', #760, .T. ) ;
#293 = CARTESIAN_POINT ( 'NONE',  ( 30.44550394349756672, 26.48044654559283373, -12.92000000000000171 ) ) ;
#294 = EDGE_CURVE ( 'NONE', #738, #153, #1399, .T. ) ;
#295 = FACE_OUTER_BOUND ( 'NONE', #706, .T. ) ;
#296 = ORIENTED_EDGE ( 'NONE', *, *, #1677, .T. ) ;
#297 = CARTESIAN_POINT ( 'NONE',  ( 26.95491612274526005, 30.44787634732015746, -12.92000000000000171 ) ) ;
#298 = ORIENTED_EDGE ( 'NONE', *, *, #1590, .F. ) ;
#299 =( LENGTH_UNIT ( ) NAMED_UNIT ( * ) SI_UNIT ( .MILLI., .METRE. ) );
#300 = UNCERTAINTY_MEASURE_WITH_UNIT (LENGTH_MEASURE( 1.000000000000000082E-05 ), #598, 'distance_accuracy_value', 'NONE');
#301 = CARTESIAN_POINT ( 'NONE',  ( 14.96444680327332399, 47.32517565625202138, -4.620000000000000995 ) ) ;
#302 = DIRECTION ( 'NONE',  ( 1.000000000000000000, 0.000000000000000000, 0.000000000000000000 ) ) ;
#303 = EDGE_CURVE ( 'NONE', #249, #1764, #544, .T. ) ;
#304 = EDGE_CURVE ( 'NONE', #1670, #1040, #1363, .T. ) ;
#305 = CARTESIAN_POINT ( 'NONE',  ( 26.44550394349756672, 26.48044654559283373, -3.620000000000000551 ) ) ;
#306 = LINE ( 'NONE', #1152, #284 ) ;
#307 = VERTEX_POINT ( 'NONE', #122 ) ;
#308 = DIRECTION ( 'NONE',  ( 6.982962677686268288E-15, -0.000000000000000000, 1.000000000000000000 ) ) ;
#309 = DIRECTION ( 'NONE',  ( -1.000000000000000000, 1.224425490838177908E-16, 0.000000000000000000 ) ) ;
#310 = LINE ( 'NONE', #703, #727 ) ;
#311 = CIRCLE ( 'NONE', #1279, 4.000000000000000000 ) ;
#312 = VECTOR ( 'NONE', #112, 1000.000000000000000 ) ;
#313 = DIRECTION ( 'NONE',  ( 0.000000000000000000, 0.000000000000000000, -1.000000000000000000 ) ) ;
#314 = AXIS2_PLACEMENT_3D ( 'NONE', #5, #262, #1535 ) ;
#315 = EDGE_CURVE ( 'NONE', #762, #708, #677, .T. ) ;
#316 = AXIS2_PLACEMENT_3D ( 'NONE', #506, #101, #671 ) ;
#317 = ORIENTED_EDGE ( 'NONE', *, *, #678, .F. ) ;
#318 =( NAMED_UNIT ( * ) SI_UNIT ( $, .STERADIAN. ) SOLID_ANGLE_UNIT ( ) );
#319 = AXIS2_PLACEMENT_3D ( 'NONE', #1646, #241, #1237 ) ;
#320 =( GEOMETRIC_REPRESENTATION_CONTEXT ( 3 ) GLOBAL_UNCERTAINTY_ASSIGNED_CONTEXT ( ( #300 ) ) GLOBAL_UNIT_ASSIGNED_CONTEXT ( ( #598, #174, #359 ) ) REPRESENTATION_CONTEXT ( 'NONE', 'WORKASPACE' ) );
#321 = FACE_OUTER_BOUND ( 'NONE', #1350, .T. ) ;
#322 = DIRECTION ( 'NONE',  ( -0.000000000000000000, -0.000000000000000000, 1.000000000000000000 ) ) ;
#323 = DIRECTION ( 'NONE',  ( 1.000000000000000000, 0.000000000000000000, -7.000848313763545396E-15 ) ) ;
#324 = DIRECTION ( 'NONE',  ( 1.000000000000000000, -1.199965791084545271E-16, 0.000000000000000000 ) ) ;
#325 = VERTEX_POINT ( 'NONE', #1072 ) ;
#326 = CARTESIAN_POINT ( 'NONE',  ( 50.62149591710083030, 62.96549387242284013, -1.620000000000353602 ) ) ;
#327 = ADVANCED_FACE ( 'NONE', ( #1642 ), #527, .F. ) ;
#328 = DIRECTION ( 'NONE',  ( -0.000000000000000000, 1.000000000000000000, -0.000000000000000000 ) ) ;
#329 = DIRECTION ( 'NONE',  ( -1.000000000000000000, 0.000000000000000000, 0.000000000000000000 ) ) ;
#330 = SURFACE_STYLE_FILL_AREA ( #1174 ) ;
#331 = VERTEX_POINT ( 'NONE', #1 ) ;
#332 = DIRECTION ( 'NONE',  ( 0.000000000000000000, -0.000000000000000000, 1.000000000000000000 ) ) ;
#333 = ORIENTED_EDGE ( 'NONE', *, *, #1083, .T. ) ;
#334 = ADVANCED_FACE ( 'NONE', ( #1241 ), #1114, .F. ) ;
#335 = DIRECTION ( 'NONE',  ( -1.000000000000000000, 0.000000000000000000, 6.984120883479537083E-15 ) ) ;
#336 = CARTESIAN_POINT ( 'NONE',  ( 12.50825589245678948, 25.15639338814062853, -4.620000000000087148 ) ) ;
#337 = LINE ( 'NONE', #973, #657 ) ;
#338 = EDGE_CURVE ( 'NONE', #676, #1412, #1601, .T. ) ;
#339 = FACE_OUTER_BOUND ( 'NONE', #1566, .T. ) ;
#340 = EDGE_LOOP ( 'NONE', ( #1481, #864 ) ) ;
#341 = AXIS2_PLACEMENT_3D ( 'NONE', #458, #1127, #302 ) ;
#342 = VECTOR ( 'NONE', #335, 1000.000000000000000 ) ;
#343 = EDGE_LOOP ( 'NONE', ( #287, #1360 ) ) ;
#344 = FACE_OUTER_BOUND ( 'NONE', #1025, .T. ) ;
#345 = DIRECTION ( 'NONE',  ( 1.000000000000000000, 0.000000000000000000, -0.000000000000000000 ) ) ;
#346 = ORIENTED_EDGE ( 'NONE', *, *, #445, .T. ) ;
#347 = CIRCLE ( 'NONE', #923, 23.79742433024752302 ) ;
#348 = LINE ( 'NONE', #1728, #483 ) ;
#349 = AXIS2_PLACEMENT_3D ( 'NONE', #1477, #345, #1336 ) ;
#350 = DIRECTION ( 'NONE',  ( 0.000000000000000000, 0.000000000000000000, -1.000000000000000000 ) ) ;
#351 = EDGE_CURVE ( 'NONE', #1323, #8, #1634, .T. ) ;
#352 = EDGE_LOOP ( 'NONE', ( #1055, #1513, #1649, #377 ) ) ;
#353 = ORIENTED_EDGE ( 'NONE', *, *, #406, .T. ) ;
#354 = FACE_BOUND ( 'NONE', #504, .T. ) ;
#355 = LINE ( 'NONE', #67, #52 ) ;
#356 = CARTESIAN_POINT ( 'NONE',  ( 47.15757000822213740, 47.99356986567008931, -3.620000000000000551 ) ) ;
#357 = CARTESIAN_POINT ( 'NONE',  ( 39.19403284612560867, 47.32517565625202138, 1.801000174845763357 ) ) ;
#358 = ORIENTED_EDGE ( 'NONE', *, *, #1176, .T. ) ;
#359 =( NAMED_UNIT ( * ) SI_UNIT ( $, .STERADIAN. ) SOLID_ANGLE_UNIT ( ) );
#360 = ADVANCED_FACE ( 'NONE', ( #267 ), #422, .T. ) ;
#361 = ORIENTED_EDGE ( 'NONE', *, *, #654, .T. ) ;
#362 = LINE ( 'NONE', #1045, #247 ) ;
#363 = DIRECTION ( 'NONE',  ( -0.000000000000000000, -0.000000000000000000, 1.000000000000000000 ) ) ;
#364 = SURFACE_STYLE_FILL_AREA ( #1453 ) ;
#365 = ORIENTED_EDGE ( 'NONE', *, *, #1680, .F. ) ;
#366 = EDGE_CURVE ( 'NONE', #1750, #307, #1394, .T. ) ;
#367 = ORIENTED_EDGE ( 'NONE', *, *, #1724, .F. ) ;
#368 = AXIS2_PLACEMENT_3D ( 'NONE', #1794, #1541, #1223 ) ;
#369 = LINE ( 'NONE', #1631, #1769 ) ;
#370 = VECTOR ( 'NONE', #1320, 1000.000000000000000 ) ;
#371 = ORIENTED_EDGE ( 'NONE', *, *, #87, .T. ) ;
#372 = CARTESIAN_POINT ( 'NONE',  ( 26.44550394349756672, 26.48044654559283373, -4.620000000000000995 ) ) ;
#373 = AXIS2_PLACEMENT_3D ( 'NONE', #1482, #779, #1346 ) ;
#374 = FACE_OUTER_BOUND ( 'NONE', #1419, .T. ) ;
#375 = ORIENTED_EDGE ( 'NONE', *, *, #351, .T. ) ;
#376 = AXIS2_PLACEMENT_3D ( 'NONE', #45, #324, #466 ) ;
#377 = ORIENTED_EDGE ( 'NONE', *, *, #1761, .T. ) ;
#378 = LINE ( 'NONE', #804, #609 ) ;
#379 = PRODUCT_RELATED_PRODUCT_CATEGORY ( 'part', '', ( #1617 ) ) ;
#380 = ORIENTED_EDGE ( 'NONE', *, *, #304, .T. ) ;
#381 = CARTESIAN_POINT ( 'NONE',  ( 0.000000000000000000, 0.000000000000000000, -17.82000000000000028 ) ) ;
#382 = EDGE_CURVE ( 'NONE', #964, #696, #1511, .T. ) ;
#383 = DIRECTION ( 'NONE',  ( 1.000000000000000000, -1.190704370957544416E-16, 0.000000000000000000 ) ) ;
#384 = FACE_OUTER_BOUND ( 'NONE', #1475, .T. ) ;
#385 = DIRECTION ( 'NONE',  ( -1.000000000000000000, 0.000000000000000000, 7.000848313763543818E-15 ) ) ;
#386 = DIRECTION ( 'NONE',  ( 6.982962677686266711E-15, -0.000000000000000000, 1.000000000000000000 ) ) ;
#387 = ORIENTED_EDGE ( 'NONE', *, *, #501, .F. ) ;
#388 = LINE ( 'NONE', #227, #1487 ) ;
#389 = EDGE_LOOP ( 'NONE', ( #1314, #1333, #648, #361 ) ) ;
#390 = CARTESIAN_POINT ( 'NONE',  ( 50.62149591710081609, 70.00199890136700276, -3.620000000000354046 ) ) ;
#391 = CARTESIAN_POINT ( 'NONE',  ( 0.000000000000000000, 0.000000000000000000, -17.82000000000000028 ) ) ;
#392 = ORIENTED_EDGE ( 'NONE', *, *, #1219, .F. ) ;
#393 = ADVANCED_FACE ( 'NONE', ( #1765 ), #514, .T. ) ;
#394 = DIRECTION ( 'NONE',  ( 6.982962677686266711E-15, -0.000000000000000000, 1.000000000000000000 ) ) ;
#395 = CARTESIAN_POINT ( 'NONE',  ( 5.132437688989100799, 47.31959426025974835, -17.82000000000000028 ) ) ;
#396 = ORIENTED_EDGE ( 'NONE', *, *, #909, .F. ) ;
#397 = DIRECTION ( 'NONE',  ( -6.982962677686266711E-15, 0.000000000000000000, -1.000000000000000000 ) ) ;
#398 = VECTOR ( 'NONE', #1494, 1000.000000000000000 ) ;
#399 = VERTEX_POINT ( 'NONE', #670 ) ;
#400 = PLANE ( 'NONE',  #1065 ) ;
#401 = CARTESIAN_POINT ( 'NONE',  ( 37.92656108372180768, 47.32517565625202138, -3.620000000000000551 ) ) ;
#402 = AXIS2_PLACEMENT_3D ( 'NONE', #305, #332, #455 ) ;
#403 = CIRCLE ( 'NONE', #104, 15.00000000000003730 ) ;
#404 = EDGE_LOOP ( 'NONE', ( #701, #1376, #298, #90 ) ) ;
#405 = MECHANICAL_DESIGN_GEOMETRIC_PRESENTATION_REPRESENTATION (  '', ( #1465 ), #1315 ) ;
#406 = EDGE_CURVE ( 'NONE', #103, #228, #660, .T. ) ;
#407 = CARTESIAN_POINT ( 'NONE',  ( 14.96444680327332399, 47.32517565625202138, -4.620000000000000995 ) ) ;
#408 = AXIS2_PLACEMENT_3D ( 'NONE', #1265, #710, #20 ) ;
#409 = CARTESIAN_POINT ( 'NONE',  ( 40.25574898611503016, 2.300003861695681717, -17.82000000000000028 ) ) ;
#410 = ORIENTED_EDGE ( 'NONE', *, *, #841, .F. ) ;
#411 = DIRECTION ( 'NONE',  ( 0.000000000000000000, 1.000000000000000000, 0.000000000000000000 ) ) ;
#412 = EDGE_LOOP ( 'NONE', ( #629, #526, #564, #418 ) ) ;
#413 = DIRECTION ( 'NONE',  ( 1.000000000000000000, 0.000000000000000000, 0.000000000000000000 ) ) ;
#414 = CARTESIAN_POINT ( 'NONE',  ( 26.44550394349756672, 26.48044654559283373, -4.620000000000000995 ) ) ;
#415 = ORIENTED_EDGE ( 'NONE', *, *, #1539, .T. ) ;
#416 = DIRECTION ( 'NONE',  ( 0.5904187210017035614, -0.8070971031361173775, 0.000000000000000000 ) ) ;
#417 = CARTESIAN_POINT ( 'NONE',  ( 50.62149591710081609, 62.96549387242284013, -3.620000000000354046 ) ) ;
#418 = ORIENTED_EDGE ( 'NONE', *, *, #1108, .F. ) ;
#419 = LINE ( 'NONE', #166, #580 ) ;
#420 = EDGE_CURVE ( 'NONE', #70, #494, #1233, .T. ) ;
#421 = ORIENTED_EDGE ( 'NONE', *, *, #201, .T. ) ;
#422 = PLANE ( 'NONE',  #1654 ) ;
#423 = DIRECTION ( 'NONE',  ( 1.000000000000000000, -1.190704370957544416E-16, 0.000000000000000000 ) ) ;
#424 = ORIENTED_EDGE ( 'NONE', *, *, #1219, .T. ) ;
#425 = DIRECTION ( 'NONE',  ( -1.000000000000000000, 0.000000000000000000, 6.986492934152173240E-15 ) ) ;
#426 = ORIENTED_EDGE ( 'NONE', *, *, #1773, .F. ) ;
#427 = CARTESIAN_POINT ( 'NONE',  ( 30.44550394349756672, 26.48044654559283373, -3.620000000000000551 ) ) ;
#428 = ADVANCED_FACE ( 'NONE', ( #1650 ), #400, .F. ) ;
#429 = ORIENTED_EDGE ( 'NONE', *, *, #979, .F. ) ;
#430 = LINE ( 'NONE', #146, #757 ) ;
#431 = LINE ( 'NONE', #986, #1484 ) ;
#432 = CIRCLE ( 'NONE', #1008, 1.199999999999999734 ) ;
#433 = FILL_AREA_STYLE ('',( #712 ) ) ;
#434 = CIRCLE ( 'NONE', #402, 22.75091216739172495 ) ;
#435 = AXIS2_PLACEMENT_3D ( 'NONE', #439, #992, #1557 ) ;
#436 = FACE_OUTER_BOUND ( 'NONE', #1319, .T. ) ;
#437 = COLOUR_RGB ( '',0.7921568627450980005, 0.8196078431372548767, 0.9333333333333333481 ) ;
#438 = ORIENTED_EDGE ( 'NONE', *, *, #1056, .F. ) ;
#439 = CARTESIAN_POINT ( 'NONE',  ( 12.44550394349759870, 26.48044654559283373, -4.620000000000087148 ) ) ;
#440 = AXIS2_PLACEMENT_3D ( 'NONE', #1781, #1687, #271 ) ;
#441 = ORIENTED_EDGE ( 'NONE', *, *, #1563, .F. ) ;
#442 = CARTESIAN_POINT ( 'NONE',  ( 40.25574898611503016, 3.861695681501021384E-06, -3.620000000000000551 ) ) ;
#443 = DIRECTION ( 'NONE',  ( 1.000000000000000000, 0.000000000000000000, 0.000000000000000000 ) ) ;
#444 = CARTESIAN_POINT ( 'NONE',  ( 8.547957550365225643, 0.002279253074213003546, -17.82000000000000028 ) ) ;
#445 = EDGE_CURVE ( 'NONE', #53, #1291, #1432, .T. ) ;
#446 = CARTESIAN_POINT ( 'NONE',  ( 44.65757000822213030, 47.99356986567008931, -17.82000000000000028 ) ) ;
#447 = CARTESIAN_POINT ( 'NONE',  ( 57.65800094604502135, 55.30607612919497029, 1.801000174845634350 ) ) ;
#448 = DIRECTION ( 'NONE',  ( 1.000000000000000000, 0.000000000000000000, -0.000000000000000000 ) ) ;
#449 = ORIENTED_EDGE ( 'NONE', *, *, #156, .F. ) ;
#450 = EDGE_CURVE ( 'NONE', #708, #500, #1146, .T. ) ;
#451 = DIRECTION ( 'NONE',  ( -1.000000000000000000, 0.000000000000000000, 0.000000000000000000 ) ) ;
#452 = DIRECTION ( 'NONE',  ( -1.000000000000000000, 0.000000000000000000, 6.995344766807880382E-15 ) ) ;
#453 = DIRECTION ( 'NONE',  ( -0.000000000000000000, 0.000000000000000000, -1.000000000000000000 ) ) ;
#454 = EDGE_CURVE ( 'NONE', #258, #8, #1292, .T. ) ;
#455 = DIRECTION ( 'NONE',  ( 1.000000000000000000, 0.000000000000000000, 0.000000000000000000 ) ) ;
#456 = EDGE_LOOP ( 'NONE', ( #656, #921, #1708, #900 ) ) ;
#457 = CARTESIAN_POINT ( 'NONE',  ( 8.547957550365264723, -0.1464289385518881825, 1.801000174845977186 ) ) ;
#458 = CARTESIAN_POINT ( 'NONE',  ( 26.44550394349756672, 26.48044654559283373, -3.620000000000000551 ) ) ;
#459 = LINE ( 'NONE', #1177, #225 ) ;
#460 = CIRCLE ( 'NONE', #1488, 23.79742433024752302 ) ;
#461 = VERTEX_POINT ( 'NONE', #161 ) ;
#462 = DIRECTION ( 'NONE',  ( 6.982962677686266711E-15, -0.000000000000000000, 1.000000000000000000 ) ) ;
#463 = DIRECTION ( 'NONE',  ( -1.000000000000000000, -0.000000000000000000, 6.982962677686267499E-15 ) ) ;
#464 = CARTESIAN_POINT ( 'NONE',  ( 26.95491612274526005, 30.44787634732015746, -3.620000000000000107 ) ) ;
#465 = EDGE_LOOP ( 'NONE', ( #1159, #751, #594, #256, #507, #1240 ) ) ;
#466 = DIRECTION ( 'NONE',  ( 1.199965791084545271E-16, 1.000000000000000000, 0.000000000000000000 ) ) ;
#467 = ADVANCED_FACE ( 'NONE', ( #1702 ), #865, .T. ) ;
#468 = ORIENTED_EDGE ( 'NONE', *, *, #1600, .T. ) ;
#469 = DIRECTION ( 'NONE',  ( -6.982962677686267499E-15, 0.000000000000000000, -1.000000000000000000 ) ) ;
#470 = DIRECTION ( 'NONE',  ( 1.000000000000000000, -0.000000000000000000, -6.909869360036672291E-15 ) ) ;
#471 = LINE ( 'NONE', #505, #803 ) ;
#472 = MANIFOLD_SOLID_BREP ( 'Cut-Extrude3', #1038 ) ;
#473 =( NAMED_UNIT ( * ) PLANE_ANGLE_UNIT ( ) SI_UNIT ( $, .RADIAN. ) );
#474 = ORIENTED_EDGE ( 'NONE', *, *, #1227, .F. ) ;
#475 = EDGE_LOOP ( 'NONE', ( #57, #1525, #529, #1486 ) ) ;
#476 = MANIFOLD_SOLID_BREP ( 'Boss-Extrude3[2]', #1039 ) ;
#477 = LINE ( 'NONE', #204, #342 ) ;
#478 = ADVANCED_FACE ( 'NONE', ( #19 ), #595, .F. ) ;
#479 = CARTESIAN_POINT ( 'NONE',  ( 2.648079613250045483, 26.48044654559283728, -4.620000000000000995 ) ) ;
#480 = FACE_OUTER_BOUND ( 'NONE', #547, .T. ) ;
#481 =( NAMED_UNIT ( * ) PLANE_ANGLE_UNIT ( ) SI_UNIT ( $, .RADIAN. ) );
#482 = ORIENTED_EDGE ( 'NONE', *, *, #1539, .F. ) ;
#483 = VECTOR ( 'NONE', #207, 1000.000000000000000 ) ;
#484 = CIRCLE ( 'NONE', #135, 13.99999999999999822 ) ;
#485 = AXIS2_PLACEMENT_3D ( 'NONE', #681, #1109, #1368 ) ;
#486 = ORIENTED_EDGE ( 'NONE', *, *, #54, .F. ) ;
#487 = CARTESIAN_POINT ( 'NONE',  ( 25.93609176424992313, 30.48044654559283373, -3.620000000000000107 ) ) ;
#488 = AXIS2_PLACEMENT_3D ( 'NONE', #1775, #524, #1079 ) ;
#489 = CARTESIAN_POINT ( 'NONE',  ( 41.44550394349763422, 26.48044654559283373, -4.620000000000289653 ) ) ;
#490 = AXIS2_PLACEMENT_3D ( 'NONE', #928, #662, #1644 ) ;
#491 = DIRECTION ( 'NONE',  ( -1.000000000000000000, 0.000000000000000000, -0.000000000000000000 ) ) ;
#492 = VECTOR ( 'NONE', #938, 1000.000000000000000 ) ;
#493 = SURFACE_SIDE_STYLE ('',( #330 ) ) ;
#494 = VERTEX_POINT ( 'NONE', #1134 ) ;
#495 = ADVANCED_FACE ( 'NONE', ( #1442 ), #176, .T. ) ;
#496 = VERTEX_POINT ( 'NONE', #849 ) ;
#497 = FACE_OUTER_BOUND ( 'NONE', #1688, .T. ) ;
#498 = FACE_OUTER_BOUND ( 'NONE', #1373, .T. ) ;
#499 = PRESENTATION_STYLE_ASSIGNMENT (( #79 ) ) ;
#500 = VERTEX_POINT ( 'NONE', #442 ) ;
#501 = EDGE_CURVE ( 'NONE', #540, #733, #950, .T. ) ;
#502 = ORIENTED_EDGE ( 'NONE', *, *, #997, .F. ) ;
#503 = DIRECTION ( 'NONE',  ( -1.000000000000000000, 0.000000000000000000, 0.000000000000000000 ) ) ;
#504 = EDGE_LOOP ( 'NONE', ( #1421, #820 ) ) ;
#505 = CARTESIAN_POINT ( 'NONE',  ( 40.25574898611503016, 3.861695681501021384E-06, -17.82000000000000028 ) ) ;
#506 = CARTESIAN_POINT ( 'NONE',  ( 40.25574898611503016, 3.861695681501021384E-06, -17.82000000000000028 ) ) ;
#507 = ORIENTED_EDGE ( 'NONE', *, *, #935, .F. ) ;
#508 = ADVANCED_FACE ( 'NONE', ( #354, #1052 ), #1058, .F. ) ;
#509 = VERTEX_POINT ( 'NONE', #1201 ) ;
#510 = AXIS2_PLACEMENT_3D ( 'NONE', #591, #1295, #711 ) ;
#511 = DIRECTION ( 'NONE',  ( 1.000000000000000000, 0.000000000000000000, -7.016027106946495614E-15 ) ) ;
#512 = EDGE_CURVE ( 'NONE', #96, #80, #1449, .T. ) ;
#513 = EDGE_LOOP ( 'NONE', ( #622, #882 ) ) ;
#514 = CYLINDRICAL_SURFACE ( 'NONE', #282, 4.000000000000000000 ) ;
#515 = VECTOR ( 'NONE', #716, 1000.000000000000000 ) ;
#516 = AXIS2_PLACEMENT_3D ( 'NONE', #148, #1157, #323 ) ;
#517 = LINE ( 'NONE', #1635, #1287 ) ;
#518 = VERTEX_POINT ( 'NONE', #612 ) ;
#519 = AXIS2_PLACEMENT_3D ( 'NONE', #613, #1459, #1172 ) ;
#520 = LINE ( 'NONE', #1076, #842 ) ;
#521 = EDGE_CURVE ( 'NONE', #1208, #908, #477, .T. ) ;
#522 = DIRECTION ( 'NONE',  ( 1.000000000000000000, 0.000000000000000000, 0.000000000000000000 ) ) ;
#523 = EDGE_LOOP ( 'NONE', ( #216, #618, #980, #887 ) ) ;
#524 = DIRECTION ( 'NONE',  ( 0.000000000000000000, -0.000000000000000000, 1.000000000000000000 ) ) ;
#525 = EDGE_CURVE ( 'NONE', #855, #1782, #1589, .T. ) ;
#526 = ORIENTED_EDGE ( 'NONE', *, *, #1463, .T. ) ;
#527 = PLANE ( 'NONE',  #1339 ) ;
#528 = DIRECTION ( 'NONE',  ( 0.000000000000000000, -0.000000000000000000, 1.000000000000000000 ) ) ;
#529 = ORIENTED_EDGE ( 'NONE', *, *, #420, .T. ) ;
#530 = CARTESIAN_POINT ( 'NONE',  ( 26.44550394349759870, 26.48044654559283373, -4.620000000000184848 ) ) ;
#531 = CARTESIAN_POINT ( 'NONE',  ( 0.009611525389866442184, 41.44666507051483251, -17.82000000000000028 ) ) ;
#532 = EDGE_LOOP ( 'NONE', ( #421, #715, #27, #127 ) ) ;
#533 = FACE_OUTER_BOUND ( 'NONE', #1305, .T. ) ;
#534 = ORIENTED_EDGE ( 'NONE', *, *, #253, .F. ) ;
#535 = DIRECTION ( 'NONE',  ( 6.982962677686266711E-15, -0.000000000000000000, 1.000000000000000000 ) ) ;
#536 = CARTESIAN_POINT ( 'NONE',  ( 3.694591776105843550, 26.48044654559283728, -4.620000000000000995 ) ) ;
#537 = ORIENTED_EDGE ( 'NONE', *, *, #1017, .T. ) ;
#538 = CARTESIAN_POINT ( 'NONE',  ( 5.132437688989100799, 47.31959426025974835, -17.82000000000000028 ) ) ;
#539 = CARTESIAN_POINT ( 'NONE',  ( 40.44550394349759159, 26.48044654559283373, -4.620000000000282547 ) ) ;
#540 = VERTEX_POINT ( 'NONE', #1614 ) ;
#541 = CARTESIAN_POINT ( 'NONE',  ( 42.15757000822213030, 47.99356986567008931, -17.82000000000000028 ) ) ;
#542 = AXIS2_PLACEMENT_3D ( 'NONE', #759, #212, #636 ) ;
#543 = EDGE_LOOP ( 'NONE', ( #1183, #672, #611, #1660 ) ) ;
#544 = LINE ( 'NONE', #1253, #312 ) ;
#545 = VECTOR ( 'NONE', #1422, 1000.000000000000000 ) ;
#546 = CARTESIAN_POINT ( 'NONE',  ( 50.56307252490198323, 3.861695681501021384E-06, -17.82000000000000028 ) ) ;
#547 = EDGE_LOOP ( 'NONE', ( #1540, #1447, #415, #441 ) ) ;
#548 = VECTOR ( 'NONE', #237, 1000.000000000000000 ) ;
#549 = EDGE_CURVE ( 'NONE', #1113, #1001, #58, .T. ) ;
#550 = AXIS2_PLACEMENT_3D ( 'NONE', #1411, #695, #7 ) ;
#551 = LINE ( 'NONE', #139, #1016 ) ;
#552 = ORIENTED_EDGE ( 'NONE', *, *, #787, .F. ) ;
#553 = CARTESIAN_POINT ( 'NONE',  ( 0.009611525389867146482, 47.31959426025974835, -3.620000000000000551 ) ) ;
#554 = ORIENTED_EDGE ( 'NONE', *, *, #969, .F. ) ;
#555 = CARTESIAN_POINT ( 'NONE',  ( 39.19403284612560867, 47.32517565625202138, 1.801000174845763357 ) ) ;
#556 = UNCERTAINTY_MEASURE_WITH_UNIT (LENGTH_MEASURE( 1.000000000000000082E-05 ), #299, 'distance_accuracy_value', 'NONE');
#557 = PLANE ( 'NONE',  #289 ) ;
#558 = ORIENTED_EDGE ( 'NONE', *, *, #1428, .T. ) ;
#559 = DIRECTION ( 'NONE',  ( 1.000000000000000000, 0.000000000000000000, 0.000000000000000000 ) ) ;
#560 = EDGE_CURVE ( 'NONE', #958, #1340, #362, .T. ) ;
#561 = DIRECTION ( 'NONE',  ( -0.000000000000000000, -1.000000000000000000, -0.000000000000000000 ) ) ;
#562 = ORIENTED_EDGE ( 'NONE', *, *, #1095, .F. ) ;
#563 = CARTESIAN_POINT ( 'NONE',  ( 40.25574898611503016, 2.300003861695681717, -3.620000000000000551 ) ) ;
#564 = ORIENTED_EDGE ( 'NONE', *, *, #935, .T. ) ;
#565 =( NAMED_UNIT ( * ) SI_UNIT ( $, .STERADIAN. ) SOLID_ANGLE_UNIT ( ) );
#566 = DIRECTION ( 'NONE',  ( -0.000000000000000000, -1.000000000000000000, -0.000000000000000000 ) ) ;
#567 = DIRECTION ( 'NONE',  ( -0.000000000000000000, -0.000000000000000000, 1.000000000000000000 ) ) ;
#568 = DIRECTION ( 'NONE',  ( 1.000000000000000000, 0.000000000000000000, 0.000000000000000000 ) ) ;
#569 = CARTESIAN_POINT ( 'NONE',  ( 57.65800094604499293, 62.96549387242284013, -1.620000000000402895 ) ) ;
#570 = VERTEX_POINT ( 'NONE', #66 ) ;
#571 = LINE ( 'NONE', #584, #1101 ) ;
#572 = EDGE_CURVE ( 'NONE', #496, #18, #182, .T. ) ;
#573 = VERTEX_POINT ( 'NONE', #1306 ) ;
#574 = DIRECTION ( 'NONE',  ( -1.000000000000000000, 0.000000000000000000, 6.982962677686268288E-15 ) ) ;
#575 = DIRECTION ( 'NONE',  ( 0.000000000000000000, -0.000000000000000000, 1.000000000000000000 ) ) ;
#576 = PLANE ( 'NONE',  #1596 ) ;
#577 = CIRCLE ( 'NONE', #1429, 2.500000000000002220 ) ;
#578 = STYLED_ITEM ( 'NONE', ( #1300 ), #472 ) ;
#579 = DIRECTION ( 'NONE',  ( -0.000000000000000000, -0.000000000000000000, 1.000000000000000000 ) ) ;
#580 = VECTOR ( 'NONE', #1144, 1000.000000000000000 ) ;
#581 = DIRECTION ( 'NONE',  ( -0.000000000000000000, -0.000000000000000000, 1.000000000000000000 ) ) ;
#582 = AXIS2_PLACEMENT_3D ( 'NONE', #357, #943, #113 ) ;
#583 = ORIENTED_EDGE ( 'NONE', *, *, #26, .F. ) ;
#584 = CARTESIAN_POINT ( 'NONE',  ( 26.95491612274526005, 22.51301674386550644, -12.92000000000000171 ) ) ;
#585 = EDGE_CURVE ( 'NONE', #70, #958, #1485, .T. ) ;
#586 = AXIS2_PLACEMENT_3D ( 'NONE', #903, #1772, #522 ) ;
#587 = ORIENTED_EDGE ( 'NONE', *, *, #338, .T. ) ;
#588 = CARTESIAN_POINT ( 'NONE',  ( 50.56307252490198323, 3.861695681501021384E-06, -3.620000000000000551 ) ) ;
#589 = EDGE_CURVE ( 'NONE', #325, #895, #484, .T. ) ;
#590 = LINE ( 'NONE', #1257, #171 ) ;
#591 = CARTESIAN_POINT ( 'NONE',  ( 0.000000000000000000, 0.000000000000000000, -3.620000000000000551 ) ) ;
#592 = CARTESIAN_POINT ( 'NONE',  ( 0.009611525389867146482, 47.31959426025974835, -17.82000000000000028 ) ) ;
#593 = LINE ( 'NONE', #1000, #515 ) ;
#594 = ORIENTED_EDGE ( 'NONE', *, *, #589, .F. ) ;
#595 = PLANE ( 'NONE',  #869 ) ;
#596 = DIRECTION ( 'NONE',  ( -0.000000000000000000, -0.000000000000000000, 1.000000000000000000 ) ) ;
#597 = DIRECTION ( 'NONE',  ( 0.000000000000000000, 0.000000000000000000, -1.000000000000000000 ) ) ;
#598 =( LENGTH_UNIT ( ) NAMED_UNIT ( * ) SI_UNIT ( .MILLI., .METRE. ) );
#599 = ORIENTED_EDGE ( 'NONE', *, *, #770, .T. ) ;
#600 =( NAMED_UNIT ( * ) PLANE_ANGLE_UNIT ( ) SI_UNIT ( $, .RADIAN. ) );
#601 = DIRECTION ( 'NONE',  ( -1.000000000000000000, 0.000000000000000000, 0.000000000000000000 ) ) ;
#602 = CARTESIAN_POINT ( 'NONE',  ( 50.62149591710081609, 70.00199890136700276, -3.620000000000354046 ) ) ;
#603 = EDGE_CURVE ( 'NONE', #1750, #235, #1171, .T. ) ;
#604 = FACE_OUTER_BOUND ( 'NONE', #340, .T. ) ;
#605 = AXIS2_PLACEMENT_3D ( 'NONE', #942, #818, #1386 ) ;
#606 = VECTOR ( 'NONE', #1532, 1000.000000000000000 ) ;
#607 = EDGE_CURVE ( 'NONE', #945, #399, #890, .T. ) ;
#608 = CARTESIAN_POINT ( 'NONE',  ( 15.83239992871045665, 0.002279253074212111464, -17.82000000000000028 ) ) ;
#609 = VECTOR ( 'NONE', #795, 1000.000000000000000 ) ;
#610 = COLOUR_RGB ( '',0.7921568627450980005, 0.8196078431372548767, 0.9333333333333333481 ) ;
#611 = ORIENTED_EDGE ( 'NONE', *, *, #960, .T. ) ;
#612 = CARTESIAN_POINT ( 'NONE',  ( 37.37389029992442602, 46.43475375213438383, -4.620000000000000995 ) ) ;
#613 = CARTESIAN_POINT ( 'NONE',  ( 0.000000000000000000, 0.000000000000000000, -3.620000000000000551 ) ) ;
#614 = FACE_OUTER_BOUND ( 'NONE', #209, .T. ) ;
#615 = ORIENTED_EDGE ( 'NONE', *, *, #876, .T. ) ;
#616 = DIRECTION ( 'NONE',  ( 1.000000000000000000, -1.190704370957544416E-16, 0.000000000000000000 ) ) ;
#617 = EDGE_CURVE ( 'NONE', #810, #953, #218, .T. ) ;
#618 = ORIENTED_EDGE ( 'NONE', *, *, #644, .T. ) ;
#619 = CYLINDRICAL_SURFACE ( 'NONE', #777, 1.199999999999999734 ) ;
#620 = LINE ( 'NONE', #891, #844 ) ;
#621 = CARTESIAN_POINT ( 'NONE',  ( 51.28695566068589784, 65.04359989220434102, -3.620000000000000551 ) ) ;
#622 = ORIENTED_EDGE ( 'NONE', *, *, #1083, .F. ) ;
#623 = ADVANCED_FACE ( 'NONE', ( #1026 ), #619, .F. ) ;
#624 = ORIENTED_EDGE ( 'NONE', *, *, #768, .F. ) ;
#625 = CARTESIAN_POINT ( 'NONE',  ( 12.44550394349760403, 26.48044654559283373, -3.620000000000087148 ) ) ;
#626 = ADVANCED_FACE ( 'NONE', ( #344 ), #210, .F. ) ;
#627 = CARTESIAN_POINT ( 'NONE',  ( 0.009611525389867146482, 47.31959426025974835, -17.82000000000000028 ) ) ;
#628 = DIRECTION ( 'NONE',  ( 0.000000000000000000, 0.000000000000000000, -1.000000000000000000 ) ) ;
#629 = ORIENTED_EDGE ( 'NONE', *, *, #732, .F. ) ;
#630 = CIRCLE ( 'NONE', #341, 23.79742433024752302 ) ;
#631 = COLOUR_RGB ( '',0.7921568627450980005, 0.8196078431372548767, 0.9333333333333333481 ) ;
#632 = EDGE_LOOP ( 'NONE', ( #537, #141, #375, #502 ) ) ;
#633 = DIRECTION ( 'NONE',  ( -1.000000000000000000, 0.000000000000000000, 6.938893903906958587E-15 ) ) ;
#634 = CIRCLE ( 'NONE', #1014, 23.79742433024752302 ) ;
#635 = CIRCLE ( 'NONE', #550, 1.199999999999999734 ) ;
#636 = DIRECTION ( 'NONE',  ( -1.000000000000000000, 0.000000000000000000, -0.000000000000000000 ) ) ;
#637 = ADVANCED_FACE ( 'NONE', ( #497 ), #916, .T. ) ;
#638 = ORIENTED_EDGE ( 'NONE', *, *, #691, .T. ) ;
#639 = ORIENTED_EDGE ( 'NONE', *, *, #74, .T. ) ;
#640 = DIRECTION ( 'NONE',  ( -1.000000000000000000, 0.000000000000000000, 6.982962677686266711E-15 ) ) ;
#641 = CARTESIAN_POINT ( 'NONE',  ( 15.83239992871045665, 0.002279253074212111464, -3.620000000000000551 ) ) ;
#642 = EDGE_CURVE ( 'NONE', #1098, #108, #83, .T. ) ;
#643 = EDGE_LOOP ( 'NONE', ( #46, #1768, #158, #1796, #482, #962 ) ) ;
#644 = EDGE_CURVE ( 'NONE', #570, #738, #243, .T. ) ;
#645 = PRODUCT_CONTEXT ( 'NONE', #1298, 'mechanical' ) ;
#646 = ORIENTED_EDGE ( 'NONE', *, *, #1581, .T. ) ;
#647 = DIRECTION ( 'NONE',  ( 1.000000000000000000, -0.000000000000000000, -0.000000000000000000 ) ) ;
#648 = ORIENTED_EDGE ( 'NONE', *, *, #1500, .T. ) ;
#649 = CARTESIAN_POINT ( 'NONE',  ( 8.547957550365225643, 0.002279253074213003546, -17.82000000000000028 ) ) ;
#650 = CARTESIAN_POINT ( 'NONE',  ( 26.44550394349756672, 26.48044654559283373, -4.620000000000000995 ) ) ;
#651 = ORIENTED_EDGE ( 'NONE', *, *, #1530, .F. ) ;
#652 = EDGE_CURVE ( 'NONE', #242, #509, #824, .T. ) ;
#653 = DIRECTION ( 'NONE',  ( -0.000000000000000000, 0.000000000000000000, -1.000000000000000000 ) ) ;
#654 = EDGE_CURVE ( 'NONE', #1633, #331, #369, .T. ) ;
#655 = CARTESIAN_POINT ( 'NONE',  ( 15.83239992871045665, 0.002279253074212111464, -3.620000000000000551 ) ) ;
#656 = ORIENTED_EDGE ( 'NONE', *, *, #585, .T. ) ;
#657 = VECTOR ( 'NONE', #535, 1000.000000000000000 ) ;
#658 = CARTESIAN_POINT ( 'NONE',  ( 57.68023512905650563, 55.30607612919497029, -3.620000000000403340 ) ) ;
#659 = ORIENTED_EDGE ( 'NONE', *, *, #816, .T. ) ;
#660 = LINE ( 'NONE', #246, #1011 ) ;
#661 = PRESENTATION_LAYER_ASSIGNMENT (  '', '', ( #1465 ) ) ;
#662 = DIRECTION ( 'NONE',  ( 1.000000000000000000, 0.000000000000000000, -6.982962677686268288E-15 ) ) ;
#663 = DIRECTION ( 'NONE',  ( 1.000000000000000000, 0.000000000000000000, 0.000000000000000000 ) ) ;
#664 = AXIS2_PLACEMENT_3D ( 'NONE', #1568, #29, #172 ) ;
#665 = LINE ( 'NONE', #107, #902 ) ;
#666 = EDGE_CURVE ( 'NONE', #895, #496, #1800, .T. ) ;
#667 = ORIENTED_EDGE ( 'NONE', *, *, #704, .F. ) ;
#668 = DIRECTION ( 'NONE',  ( -1.000000000000000000, 0.000000000000000000, 6.986492934152173240E-15 ) ) ;
#669 = VERTEX_POINT ( 'NONE', #786 ) ;
#670 = CARTESIAN_POINT ( 'NONE',  ( 25.93609176424992313, 30.44787634732016102, -3.620000000000000107 ) ) ;
#671 = DIRECTION ( 'NONE',  ( 0.000000000000000000, 0.000000000000000000, -1.000000000000000000 ) ) ;
#672 = ORIENTED_EDGE ( 'NONE', *, *, #1480, .T. ) ;
#673 = LINE ( 'NONE', #539, #811 ) ;
#674 = VERTEX_POINT ( 'NONE', #922 ) ;
#675 = CARTESIAN_POINT ( 'NONE',  ( -0.2912848471975051368, 8.165095992267279001, -3.619999999999998330 ) ) ;
#676 = VERTEX_POINT ( 'NONE', #119 ) ;
#677 = LINE ( 'NONE', #1092, #1280 ) ;
#678 = EDGE_CURVE ( 'NONE', #192, #1323, #388, .T. ) ;
#679 = DIRECTION ( 'NONE',  ( 1.000000000000000000, 0.000000000000000000, -0.000000000000000000 ) ) ;
#680 = ORIENTED_EDGE ( 'NONE', *, *, #549, .T. ) ;
#681 = CARTESIAN_POINT ( 'NONE',  ( 26.44550394349759870, 26.48044654559283373, -4.620000000000184848 ) ) ;
#682 = DIRECTION ( 'NONE',  ( -1.000000000000000000, -0.000000000000000000, -0.000000000000000000 ) ) ;
#683 = VERTEX_POINT ( 'NONE', #1351 ) ;
#684 = CYLINDRICAL_SURFACE ( 'NONE', #898, 2.500000000000002220 ) ;
#685 = CIRCLE ( 'NONE', #1714, 23.79742433024752302 ) ;
#686 = ORIENTED_EDGE ( 'NONE', *, *, #1440, .T. ) ;
#687 = CARTESIAN_POINT ( 'NONE',  ( -1.780569134246946100E-15, 62.86500167846699583, -1.620000000000000107 ) ) ;
#688 = DIRECTION ( 'NONE',  ( -0.000000000000000000, -0.000000000000000000, 1.000000000000000000 ) ) ;
#689 = AXIS2_PLACEMENT_3D ( 'NONE', #830, #239, #930 ) ;
#690 = ORIENTED_EDGE ( 'NONE', *, *, #1281, .F. ) ;
#691 = EDGE_CURVE ( 'NONE', #964, #249, #1207, .T. ) ;
#692 = AXIS2_PLACEMENT_3D ( 'NONE', #650, #1388, #1364 ) ;
#693 = CARTESIAN_POINT ( 'NONE',  ( 39.19403284612558735, 70.00199890136700276, -1.620000000000274110 ) ) ;
#694 = AXIS2_PLACEMENT_3D ( 'NONE', #1638, #1727, #1215 ) ;
#695 = DIRECTION ( 'NONE',  ( 6.982962677686266711E-15, -0.000000000000000000, 1.000000000000000000 ) ) ;
#696 = VERTEX_POINT ( 'NONE', #1230 ) ;
#697 = PLANE ( 'NONE',  #1433 ) ;
#698 = VERTEX_POINT ( 'NONE', #1392 ) ;
#699 = DIRECTION ( 'NONE',  ( 0.000000000000000000, -1.000000000000000000, 0.000000000000000000 ) ) ;
#700 = FACE_OUTER_BOUND ( 'NONE', #1498, .T. ) ;
#701 = ORIENTED_EDGE ( 'NONE', *, *, #1656, .T. ) ;
#702 = EDGE_CURVE ( 'NONE', #1270, #226, #940, .T. ) ;
#703 = CARTESIAN_POINT ( 'NONE',  ( 40.25574898611503016, 2.300003861695681717, -17.82000000000000028 ) ) ;
#704 = EDGE_CURVE ( 'NONE', #108, #573, #1100, .T. ) ;
#705 = DIRECTION ( 'NONE',  ( 1.000000000000000000, 0.000000000000000000, -6.964528270037802121E-15 ) ) ;
#706 = EDGE_LOOP ( 'NONE', ( #1493, #1272, #1191 ) ) ;
#707 = DIRECTION ( 'NONE',  ( 0.000000000000000000, 0.000000000000000000, -1.000000000000000000 ) ) ;
#708 = VERTEX_POINT ( 'NONE', #234 ) ;
#709 = SURFACE_SIDE_STYLE ('',( #11 ) ) ;
#710 = DIRECTION ( 'NONE',  ( 0.000000000000000000, -1.000000000000000000, 0.000000000000000000 ) ) ;
#711 = DIRECTION ( 'NONE',  ( 1.000000000000000000, 0.000000000000000000, 0.000000000000000000 ) ) ;
#712 = FILL_AREA_STYLE_COLOUR ( '', #437 ) ;
#713 = ADVANCED_FACE ( 'NONE', ( #533 ), #684, .T. ) ;
#714 = DIRECTION ( 'NONE',  ( 0.000000000000000000, 0.000000000000000000, -1.000000000000000000 ) ) ;
#715 = ORIENTED_EDGE ( 'NONE', *, *, #702, .F. ) ;
#716 = DIRECTION ( 'NONE',  ( 0.5273594997269994700, 0.8496422529792694300, -0.000000000000000000 ) ) ;
#717 = EDGE_CURVE ( 'NONE', #570, #1365, #1012, .T. ) ;
#718 = ORIENTED_EDGE ( 'NONE', *, *, #1733, .F. ) ;
#719 = FILL_AREA_STYLE_COLOUR ( '', #1135 ) ;
#720 = AXIS2_PLACEMENT_3D ( 'NONE', #913, #765, #1471 ) ;
#721 = LINE ( 'NONE', #301, #1105 ) ;
#722 = DIRECTION ( 'NONE',  ( 6.982962677686266711E-15, 0.000000000000000000, 1.000000000000000000 ) ) ;
#723 = VECTOR ( 'NONE', #699, 1000.000000000000000 ) ;
#724 = VECTOR ( 'NONE', #1446, 1000.000000000000000 ) ;
#725 = VECTOR ( 'NONE', #1671, 1000.000000000000000 ) ;
#726 =( NAMED_UNIT ( * ) SI_UNIT ( $, .STERADIAN. ) SOLID_ANGLE_UNIT ( ) );
#727 = VECTOR ( 'NONE', #579, 1000.000000000000000 ) ;
#728 = DIRECTION ( 'NONE',  ( -0.000000000000000000, -0.000000000000000000, 1.000000000000000000 ) ) ;
#729 = AXIS2_PLACEMENT_3D ( 'NONE', #213, #350, #766 ) ;
#730 = LINE ( 'NONE', #1427, #1517 ) ;
#731 = VECTOR ( 'NONE', #1584, 1000.000000000000000 ) ;
#732 = EDGE_CURVE ( 'NONE', #238, #683, #403, .T. ) ;
#733 = VERTEX_POINT ( 'NONE', #89 ) ;
#734 = SURFACE_SIDE_STYLE ('',( #40 ) ) ;
#735 = CARTESIAN_POINT ( 'NONE',  ( 14.96444680327332399, 47.32517565625202138, -4.620000000000000995 ) ) ;
#736 = FACE_OUTER_BOUND ( 'NONE', #910, .T. ) ;
#737 = CARTESIAN_POINT ( 'NONE',  ( 8.547957550365264723, -4.607859233063393845E-16, 1.801000174845977186 ) ) ;
#738 = VERTEX_POINT ( 'NONE', #1499 ) ;
#739 = CARTESIAN_POINT ( 'NONE',  ( 50.38023512905651558, 55.30607612919497029, -1.620000000000352047 ) ) ;
#740 = FACE_OUTER_BOUND ( 'NONE', #456, .T. ) ;
#741 = DIRECTION ( 'NONE',  ( 0.000000000000000000, -1.000000000000000000, 0.000000000000000000 ) ) ;
#742 = EDGE_CURVE ( 'NONE', #669, #733, #378, .T. ) ;
#743 = DIRECTION ( 'NONE',  ( -1.000000000000000000, 0.000000000000000000, 0.000000000000000000 ) ) ;
#744 = CARTESIAN_POINT ( 'NONE',  ( 8.547957550365225643, 0.002279253074213003546, -17.82000000000000028 ) ) ;
#745 = ORIENTED_EDGE ( 'NONE', *, *, #1656, .F. ) ;
#746 = DIRECTION ( 'NONE',  ( 6.982962677686266711E-15, -0.000000000000000000, 1.000000000000000000 ) ) ;
#747 = DIRECTION ( 'NONE',  ( -0.000000000000000000, -1.000000000000000000, -0.000000000000000000 ) ) ;
#748 = DIRECTION ( 'NONE',  ( 1.000000000000000000, -0.000000000000000000, 0.000000000000000000 ) ) ;
#749 = DIRECTION ( 'NONE',  ( 0.000000000000000000, -1.000000000000000000, -0.000000000000000000 ) ) ;
#750 = EDGE_CURVE ( 'NONE', #266, #1782, #1384, .T. ) ;
#751 = ORIENTED_EDGE ( 'NONE', *, *, #666, .F. ) ;
#752 = PRESENTATION_LAYER_ASSIGNMENT (  '', '', ( #578 ) ) ;
#753 = CARTESIAN_POINT ( 'NONE',  ( 41.44550394349764844, 26.48044654559283373, -3.620000000000290097 ) ) ;
#754 = VECTOR ( 'NONE', #142, 1000.000000000000114 ) ;
#755 = ORIENTED_EDGE ( 'NONE', *, *, #1733, .T. ) ;
#756 = CARTESIAN_POINT ( 'NONE',  ( 26.44550394349760580, 26.48044654559283373, -3.620000000000185292 ) ) ;
#757 = VECTOR ( 'NONE', #308, 1000.000000000000000 ) ;
#758 = DIRECTION ( 'NONE',  ( 0.000000000000000000, 0.000000000000000000, -1.000000000000000000 ) ) ;
#759 = CARTESIAN_POINT ( 'NONE',  ( 26.44550394349756672, 26.48044654559283373, -12.92000000000000171 ) ) ;
#760 = EDGE_LOOP ( 'NONE', ( #1007, #15, #206, #1345 ) ) ;
#761 = ADVANCED_FACE ( 'NONE', ( #1239 ), #1661, .F. ) ;
#762 = VERTEX_POINT ( 'NONE', #963 ) ;
#763 = DIRECTION ( 'NONE',  ( -1.000000000000000000, 0.000000000000000000, 0.000000000000000000 ) ) ;
#764 = LINE ( 'NONE', #1328, #731 ) ;
#765 = DIRECTION ( 'NONE',  ( 0.8496422529792694300, -0.5273594997269994700, 0.000000000000000000 ) ) ;
#766 = DIRECTION ( 'NONE',  ( -1.000000000000000000, 0.000000000000000000, 0.000000000000000000 ) ) ;
#767 = ORIENTED_EDGE ( 'NONE', *, *, #1024, .F. ) ;
#768 = EDGE_CURVE ( 'NONE', #1247, #133, #1361, .T. ) ;
#769 = APPLICATION_PROTOCOL_DEFINITION ( 'draft international standard', 'automotive_design', 1998, #1298 ) ;
#770 = EDGE_CURVE ( 'NONE', #1113, #1441, #1313, .T. ) ;
#771 = ORIENTED_EDGE ( 'NONE', *, *, #825, .F. ) ;
#772 = CARTESIAN_POINT ( 'NONE',  ( 15.83239992871045665, 0.002279253074212111464, -17.82000000000000028 ) ) ;
#773 = CARTESIAN_POINT ( 'NONE',  ( 40.25574898611503016, 3.861695681501021384E-06, -17.82000000000000028 ) ) ;
#774 = DIRECTION ( 'NONE',  ( 0.000000000000000000, 0.000000000000000000, -1.000000000000000000 ) ) ;
#775 = SURFACE_STYLE_USAGE ( .BOTH. , #493 ) ;
#776 = EDGE_LOOP ( 'NONE', ( #1123, #778, #392, #1051 ) ) ;
#777 = AXIS2_PLACEMENT_3D ( 'NONE', #911, #1732, #1476 ) ;
#778 = ORIENTED_EDGE ( 'NONE', *, *, #149, .F. ) ;
#779 = DIRECTION ( 'NONE',  ( 1.000000000000000000, 0.000000000000000000, -6.982962677686266711E-15 ) ) ;
#780 = EDGE_CURVE ( 'NONE', #1349, #1606, #1640, .T. ) ;
#781 = CIRCLE ( 'NONE', #1629, 4.000000000000000000 ) ;
#782 = FACE_OUTER_BOUND ( 'NONE', #1252, .T. ) ;
#783 = ORIENTED_EDGE ( 'NONE', *, *, #816, .F. ) ;
#784 = ADVANCED_BREP_SHAPE_REPRESENTATION ( 'cubit3_support2', ( #472, #1059, #476, #1075, #1080, #1312 ), #320 ) ;
#785 = EDGE_LOOP ( 'NONE', ( #1200, #86, #1611, #791 ) ) ;
#786 = CARTESIAN_POINT ( 'NONE',  ( 26.95491612274526005, 30.44787634732015746, -12.92000000000000171 ) ) ;
#787 = EDGE_CURVE ( 'NONE', #1291, #733, #571, .T. ) ;
#788 = ORIENTED_EDGE ( 'NONE', *, *, #149, .T. ) ;
#789 = CYLINDRICAL_SURFACE ( 'NONE', #1740, 22.75091216739172495 ) ;
#790 = LINE ( 'NONE', #809, #1043 ) ;
#791 = ORIENTED_EDGE ( 'NONE', *, *, #253, .T. ) ;
#792 = EDGE_CURVE ( 'NONE', #1389, #325, #419, .T. ) ;
#793 = FACE_OUTER_BOUND ( 'NONE', #1543, .T. ) ;
#794 = ORIENTED_EDGE ( 'NONE', *, *, #750, .T. ) ;
#795 = DIRECTION ( 'NONE',  ( 0.000000000000000000, -1.000000000000000000, 0.000000000000000000 ) ) ;
#796 = ORIENTED_EDGE ( 'NONE', *, *, #702, .T. ) ;
#797 = DIRECTION ( 'NONE',  ( -0.000000000000000000, -0.000000000000000000, 1.000000000000000000 ) ) ;
#798 = CARTESIAN_POINT ( 'NONE',  ( 11.50405544490007870, 25.15639338814063564, -4.620000000000080931 ) ) ;
#799 = CARTESIAN_POINT ( 'NONE',  ( 26.44550394349756672, 26.48044654559283373, -4.620000000000000995 ) ) ;
#800 = ADVANCED_FACE ( 'NONE', ( #32 ), #697, .F. ) ;
#801 = PLANE ( 'NONE',  #440 ) ;
#802 = VERTEX_POINT ( 'NONE', #427 ) ;
#803 = VECTOR ( 'NONE', #363, 1000.000000000000000 ) ;
#804 = CARTESIAN_POINT ( 'NONE',  ( 26.95491612274526005, 26.48044654559283373, -12.92000000000000171 ) ) ;
#805 = VECTOR ( 'NONE', #1002, 1000.000000000000000 ) ;
#806 = ORIENTED_EDGE ( 'NONE', *, *, #1786, .T. ) ;
#807 = DIRECTION ( 'NONE',  ( -1.000000000000000000, 0.000000000000000000, 6.984120883479537083E-15 ) ) ;
#808 = MECHANICAL_DESIGN_GEOMETRIC_PRESENTATION_REPRESENTATION (  '', ( #105 ), #286 ) ;
#809 = CARTESIAN_POINT ( 'NONE',  ( 57.68023512905651984, 55.30607612919497029, -1.620000000000403340 ) ) ;
#810 = VERTEX_POINT ( 'NONE', #971 ) ;
#811 = VECTOR ( 'NONE', #1087, 1000.000000000000000 ) ;
#812 = DIRECTION ( 'NONE',  ( 1.000000000000000000, -9.719671122003211809E-18, -6.980939982220832180E-15 ) ) ;
#813 = DIRECTION ( 'NONE',  ( 0.000000000000000000, 0.000000000000000000, 1.000000000000000000 ) ) ;
#814 = ORIENTED_EDGE ( 'NONE', *, *, #274, .F. ) ;
#815 = DIRECTION ( 'NONE',  ( 1.000000000000000000, 0.000000000000000000, -6.996718019773104855E-15 ) ) ;
#816 = EDGE_CURVE ( 'NONE', #518, #1198, #593, .T. ) ;
#817 = ORIENTED_EDGE ( 'NONE', *, *, #366, .F. ) ;
#818 = DIRECTION ( 'NONE',  ( 0.000000000000000000, 0.000000000000000000, -1.000000000000000000 ) ) ;
#819 = CARTESIAN_POINT ( 'NONE',  ( 50.62149591710083030, 70.00199890136700276, -1.620000000000353602 ) ) ;
#820 = ORIENTED_EDGE ( 'NONE', *, *, #1554, .F. ) ;
#821 = DIRECTION ( 'NONE',  ( -1.165313075074312704E-16, -1.000000000000000000, 0.000000000000000000 ) ) ;
#822 = FACE_OUTER_BOUND ( 'NONE', #1035, .T. ) ;
#823 = ORIENTED_EDGE ( 'NONE', *, *, #924, .F. ) ;
#824 = LINE ( 'NONE', #1783, #1193 ) ;
#825 = EDGE_CURVE ( 'NONE', #494, #1340, #1372, .T. ) ;
#826 = ORIENTED_EDGE ( 'NONE', *, *, #1563, .T. ) ;
#827 = DIRECTION ( 'NONE',  ( 0.000000000000000000, 1.000000000000000000, 0.000000000000000000 ) ) ;
#828 = LINE ( 'NONE', #1354, #1802 ) ;
#829 = ORIENTED_EDGE ( 'NONE', *, *, #1231, .F. ) ;
#830 = CARTESIAN_POINT ( 'NONE',  ( 14.96444680327332399, 47.32517565625202138, -4.620000000000000995 ) ) ;
#831 = LINE ( 'NONE', #1371, #1721 ) ;
#832 = EDGE_LOOP ( 'NONE', ( #1217, #169, #1672, #1467 ) ) ;
#833 = LINE ( 'NONE', #1403, #754 ) ;
#834 = CLOSED_SHELL ( 'NONE', ( #185, #713, #1049, #250 ) ) ;
#835 = ORIENTED_EDGE ( 'NONE', *, *, #884, .T. ) ;
#836 = SURFACE_STYLE_USAGE ( .BOTH. , #709 ) ;
#837 = EDGE_CURVE ( 'NONE', #1501, #1153, #273, .T. ) ;
#838 = VECTOR ( 'NONE', #633, 1000.000000000000000 ) ;
#839 = LINE ( 'NONE', #1407, #1522 ) ;
#840 = ORIENTED_EDGE ( 'NONE', *, *, #1311, .F. ) ;
#841 = EDGE_CURVE ( 'NONE', #1716, #855, #306, .T. ) ;
#842 = VECTOR ( 'NONE', #1637, 1000.000000000000000 ) ;
#843 = PLANE ( 'NONE',  #1220 ) ;
#844 = VECTOR ( 'NONE', #463, 1000.000000000000000 ) ;
#845 = CARTESIAN_POINT ( 'NONE',  ( 25.93609176424992313, 30.48044654559283373, -3.620000000000000107 ) ) ;
#846 = ORIENTED_EDGE ( 'NONE', *, *, #1495, .F. ) ;
#847 = FACE_OUTER_BOUND ( 'NONE', #848, .T. ) ;
#848 = EDGE_LOOP ( 'NONE', ( #1602, #1678, #10, #280 ) ) ;
#849 = CARTESIAN_POINT ( 'NONE',  ( 12.44550394349760403, 26.48044654559283373, -3.620000000000087148 ) ) ;
#850 = LINE ( 'NONE', #1003, #1489 ) ;
#851 = CARTESIAN_POINT ( 'NONE',  ( 8.547957550365225643, 0.002279253074213003546, -17.82000000000000028 ) ) ;
#852 = DIRECTION ( 'NONE',  ( -1.000000000000000000, 0.000000000000000000, -0.000000000000000000 ) ) ;
#853 = EDGE_CURVE ( 'NONE', #676, #1545, #730, .T. ) ;
#854 = CARTESIAN_POINT ( 'NONE',  ( 25.93609176424992313, 30.44787634732016102, -12.92000000000000171 ) ) ;
#855 = VERTEX_POINT ( 'NONE', #1420 ) ;
#856 = DIRECTION ( 'NONE',  ( 0.000000000000000000, 1.000000000000000000, 0.000000000000000000 ) ) ;
#857 = EDGE_LOOP ( 'NONE', ( #1263, #1594, #915, #1050 ) ) ;
#858 = DIRECTION ( 'NONE',  ( -1.190704370957544416E-16, -1.000000000000000000, 0.000000000000000000 ) ) ;
#859 = PLANE ( 'NONE',  #1212 ) ;
#860 =( NAMED_UNIT ( * ) PLANE_ANGLE_UNIT ( ) SI_UNIT ( $, .RADIAN. ) );
#861 = ADVANCED_FACE ( 'NONE', ( #24, #9 ), #1290, .T. ) ;
#862 = DIRECTION ( 'NONE',  ( -0.000000000000000000, -0.000000000000000000, 1.000000000000000000 ) ) ;
#863 = DIRECTION ( 'NONE',  ( -0.000000000000000000, -0.000000000000000000, 1.000000000000000000 ) ) ;
#864 = ORIENTED_EDGE ( 'NONE', *, *, #717, .T. ) ;
#865 = CYLINDRICAL_SURFACE ( 'NONE', #1214, 15.00000000000003730 ) ;
#866 = AXIS2_PLACEMENT_3D ( 'NONE', #1478, #60, #1615 ) ;
#867 = DIRECTION ( 'NONE',  ( -0.000000000000000000, -0.000000000000000000, 1.000000000000000000 ) ) ;
#868 = CARTESIAN_POINT ( 'NONE',  ( 0.009611525389867146482, 47.31959426025974835, -17.82000000000000028 ) ) ;
#869 = AXIS2_PLACEMENT_3D ( 'NONE', #1406, #574, #1019 ) ;
#870 = VECTOR ( 'NONE', #1130, 1000.000000000000000 ) ;
#871 = CARTESIAN_POINT ( 'NONE',  ( 50.62149591710081609, 62.96549387242284013, -3.620000000000354046 ) ) ;
#872 = AXIS2_PLACEMENT_3D ( 'NONE', #1234, #528, #679 ) ;
#873 = LINE ( 'NONE', #592, #984 ) ;
#874 = VECTOR ( 'NONE', #1536, 1000.000000000000000 ) ;
#875 = VECTOR ( 'NONE', #862, 1000.000000000000000 ) ;
#876 = EDGE_CURVE ( 'NONE', #669, #53, #288, .T. ) ;
#877 = EDGE_LOOP ( 'NONE', ( #387, #639, #147, #1063 ) ) ;
#878 = LINE ( 'NONE', #995, #140 ) ;
#879 = FACE_OUTER_BOUND ( 'NONE', #1211, .T. ) ;
#880 = PLANE ( 'NONE',  #1375 ) ;
#881 = CARTESIAN_POINT ( 'NONE',  ( 25.93609176424992313, 22.51301674386550289, -12.92000000000000171 ) ) ;
#882 = ORIENTED_EDGE ( 'NONE', *, *, #607, .T. ) ;
#883 = DIRECTION ( 'NONE',  ( -6.982962677686266711E-15, 0.000000000000000000, -1.000000000000000000 ) ) ;
#884 = EDGE_CURVE ( 'NONE', #509, #1619, #833, .T. ) ;
#885 = FACE_OUTER_BOUND ( 'NONE', #187, .T. ) ;
#886 = CARTESIAN_POINT ( 'NONE',  ( 26.44550394349756672, 26.48044654559283373, -3.620000000000000551 ) ) ;
#887 = ORIENTED_EDGE ( 'NONE', *, *, #1753, .F. ) ;
#888 = CARTESIAN_POINT ( 'NONE',  ( 8.547957550365225643, 8.165095992267279001, -3.620000000000060059 ) ) ;
#889 = VERTEX_POINT ( 'NONE', #563 ) ;
#890 = LINE ( 'NONE', #487, #370 ) ;
#891 = CARTESIAN_POINT ( 'NONE',  ( -0.2912848471974912035, 8.165095992267279001, -1.619999999999998108 ) ) ;
#892 = CARTESIAN_POINT ( 'NONE',  ( 26.44550394349756672, 26.48044654559283373, -4.620000000000000995 ) ) ;
#893 = PRODUCT_DEFINITION ( 'UNKNOWN', '', #1283, #1567 ) ;
#894 =( NAMED_UNIT ( * ) SI_UNIT ( $, .STERADIAN. ) SOLID_ANGLE_UNIT ( ) );
#895 = VERTEX_POINT ( 'NONE', #1121 ) ;
#896 = EDGE_CURVE ( 'NONE', #1441, #1431, #1679, .T. ) ;
#897 = VECTOR ( 'NONE', #503, 1000.000000000000000 ) ;
#898 = AXIS2_PLACEMENT_3D ( 'NONE', #1509, #1069, #1089 ) ;
#899 = AXIS2_PLACEMENT_3D ( 'NONE', #1472, #749, #907 ) ;
#900 = ORIENTED_EDGE ( 'NONE', *, *, #420, .F. ) ;
#901 = DIRECTION ( 'NONE',  ( 0.000000000000000000, 0.000000000000000000, -1.000000000000000000 ) ) ;
#902 = VECTOR ( 'NONE', #1246, 1000.000000000000000 ) ;
#903 = CARTESIAN_POINT ( 'NONE',  ( 26.44550394349756672, 26.48044654559283373, -12.92000000000000171 ) ) ;
#904 = VERTEX_POINT ( 'NONE', #978 ) ;
#905 = PLANE ( 'NONE',  #720 ) ;
#906 = ADVANCED_FACE ( 'NONE', ( #847 ), #1690, .F. ) ;
#907 = DIRECTION ( 'NONE',  ( 0.000000000000000000, 0.000000000000000000, -1.000000000000000000 ) ) ;
#908 = VERTEX_POINT ( 'NONE', #693 ) ;
#909 = EDGE_CURVE ( 'NONE', #1282, #1731, #1789, .T. ) ;
#910 = EDGE_LOOP ( 'NONE', ( #1784, #817, #1133, #1647 ) ) ;
#911 = CARTESIAN_POINT ( 'NONE',  ( 51.28695566068589784, 65.04359989220434102, 1.801000174845634572 ) ) ;
#912 = DIRECTION ( 'NONE',  ( 6.982962677686266711E-15, -0.000000000000000000, 1.000000000000000000 ) ) ;
#913 = CARTESIAN_POINT ( 'NONE',  ( 37.92656108372180768, 47.32517565625202138, -4.620000000000000995 ) ) ;
#914 = ORIENTED_EDGE ( 'NONE', *, *, #1409, .F. ) ;
#915 = ORIENTED_EDGE ( 'NONE', *, *, #1480, .F. ) ;
#916 = PLANE ( 'NONE',  #373 ) ;
#917 = DIRECTION ( 'NONE',  ( -0.000000000000000000, -0.000000000000000000, 1.000000000000000000 ) ) ;
#918 = ORIENTED_EDGE ( 'NONE', *, *, #1311, .T. ) ;
#919 =( GEOMETRIC_REPRESENTATION_CONTEXT ( 3 ) GLOBAL_UNCERTAINTY_ASSIGNED_CONTEXT ( ( #556 ) ) GLOBAL_UNIT_ASSIGNED_CONTEXT ( ( #299, #1559, #565 ) ) REPRESENTATION_CONTEXT ( 'NONE', 'WORKASPACE' ) );
#920 = EDGE_CURVE ( 'NONE', #1731, #1113, #77, .T. ) ;
#921 = ORIENTED_EDGE ( 'NONE', *, *, #560, .T. ) ;
#922 = CARTESIAN_POINT ( 'NONE',  ( 25.93609176424992313, 30.44787634732016102, -12.92000000000000171 ) ) ;
#923 = AXIS2_PLACEMENT_3D ( 'NONE', #43, #453, #568 ) ;
#924 = EDGE_CURVE ( 'NONE', #235, #266, #1780, .T. ) ;
#925 = ORIENTED_EDGE ( 'NONE', *, *, #642, .F. ) ;
#926 = AXIS2_PLACEMENT_3D ( 'NONE', #845, #255, #813 ) ;
#927 = DIRECTION ( 'NONE',  ( -0.000000000000000000, -0.000000000000000000, 1.000000000000000000 ) ) ;
#928 = CARTESIAN_POINT ( 'NONE',  ( 39.19403284612560867, 55.22990032368964108, 1.801000174845763357 ) ) ;
#929 = ORIENTED_EDGE ( 'NONE', *, *, #742, .T. ) ;
#930 = DIRECTION ( 'NONE',  ( 0.5904187210017035614, -0.8070971031361173775, 0.000000000000000000 ) ) ;
#931 = ORIENTED_EDGE ( 'NONE', *, *, #1205, .F. ) ;
#932 = DIRECTION ( 'NONE',  ( 0.000000000000000000, -0.000000000000000000, 1.000000000000000000 ) ) ;
#933 = ORIENTED_EDGE ( 'NONE', *, *, #1176, .F. ) ;
#934 = CARTESIAN_POINT ( 'NONE',  ( 50.38023512905653689, 0.000000000000000000, 1.801000174845685420 ) ) ;
#935 = EDGE_CURVE ( 'NONE', #1805, #1389, #1042, .T. ) ;
#936 = CARTESIAN_POINT ( 'NONE',  ( 0.009611525389866442184, 41.44666507051483251, -3.620000000000000551 ) ) ;
#937 = ORIENTED_EDGE ( 'NONE', *, *, #1691, .F. ) ;
#938 = DIRECTION ( 'NONE',  ( 0.000000000000000000, 1.000000000000000000, 0.000000000000000000 ) ) ;
#939 = ORIENTED_EDGE ( 'NONE', *, *, #1691, .T. ) ;
#940 = LINE ( 'NONE', #951, #165 ) ;
#941 = VERTEX_POINT ( 'NONE', #125 ) ;
#942 = CARTESIAN_POINT ( 'NONE',  ( 44.65757000822213030, 47.99356986567008931, -3.620000000000000551 ) ) ;
#943 = DIRECTION ( 'NONE',  ( 0.000000000000000000, -1.000000000000000000, 0.000000000000000000 ) ) ;
#944 = ADVANCED_FACE ( 'NONE', ( #793 ), #1086, .T. ) ;
#945 = VERTEX_POINT ( 'NONE', #270 ) ;
#946 = CARTESIAN_POINT ( 'NONE',  ( 37.37389029992441181, 46.43475375213438383, -3.620000000000261231 ) ) ;
#947 = ADVANCED_FACE ( 'NONE', ( #1236 ), #251, .F. ) ;
#948 = FACE_OUTER_BOUND ( 'NONE', #1497, .T. ) ;
#949 = ORIENTED_EDGE ( 'NONE', *, *, #1600, .F. ) ;
#950 = CIRCLE ( 'NONE', #1248, 4.000000000000000000 ) ;
#951 = CARTESIAN_POINT ( 'NONE',  ( 8.547957550365225643, 3.202279253074213017, -17.82000000000000028 ) ) ;
#952 = VECTOR ( 'NONE', #1491, 1000.000000000000000 ) ;
#953 = VERTEX_POINT ( 'NONE', #1117 ) ;
#954 = CARTESIAN_POINT ( 'NONE',  ( 57.68023512905654115, 55.30607612919497029, 1.801000174845634128 ) ) ;
#955 = CIRCLE ( 'NONE', #1746, 13.99999999999999822 ) ;
#956 = VECTOR ( 'NONE', #596, 1000.000000000000000 ) ;
#957 = PLANE ( 'NONE',  #490 ) ;
#958 = VERTEX_POINT ( 'NONE', #136 ) ;
#959 = AXIS2_PLACEMENT_3D ( 'NONE', #195, #758, #1321 ) ;
#960 = EDGE_CURVE ( 'NONE', #1625, #1349, #1213, .T. ) ;
#961 = DIRECTION ( 'NONE',  ( 1.000000000000000000, 0.000000000000000000, 0.000000000000000000 ) ) ;
#962 = ORIENTED_EDGE ( 'NONE', *, *, #1366, .F. ) ;
#963 = CARTESIAN_POINT ( 'NONE',  ( 50.56307252490198323, 2.300003861695681717, -3.620000000000000551 ) ) ;
#964 = VERTEX_POINT ( 'NONE', #1398 ) ;
#965 = DIRECTION ( 'NONE',  ( -0.000000000000000000, 1.000000000000000000, 0.000000000000000000 ) ) ;
#966 = CARTESIAN_POINT ( 'NONE',  ( 40.25574898611503016, 3.861695681501021384E-06, -3.620000000000000551 ) ) ;
#967 = PLANE ( 'NONE',  #72 ) ;
#968 = CARTESIAN_POINT ( 'NONE',  ( 39.19403284612557314, 47.32517565625202138, -3.620000000000274110 ) ) ;
#969 = EDGE_CURVE ( 'NONE', #242, #1545, #634, .T. ) ;
#970 = EDGE_LOOP ( 'NONE', ( #71, #426, #1143, #638 ) ) ;
#971 = CARTESIAN_POINT ( 'NONE',  ( 12.44550394349759870, 26.48044654559283373, -4.620000000000087148 ) ) ;
#972 = ORIENTED_EDGE ( 'NONE', *, *, #1425, .T. ) ;
#973 = CARTESIAN_POINT ( 'NONE',  ( 12.44550394349759870, 26.48044654559283373, -4.620000000000087148 ) ) ;
#974 = DIRECTION ( 'NONE',  ( -6.982962677686268288E-15, 0.000000000000000000, -1.000000000000000000 ) ) ;
#975 = VERTEX_POINT ( 'NONE', #1226 ) ;
#976 = LINE ( 'NONE', #968, #254 ) ;
#977 = ORIENTED_EDGE ( 'NONE', *, *, #521, .F. ) ;
#978 = CARTESIAN_POINT ( 'NONE',  ( 0.009611525389866442184, 41.44666507051483251, -17.82000000000000028 ) ) ;
#979 = EDGE_CURVE ( 'NONE', #266, #307, #520, .T. ) ;
#980 = ORIENTED_EDGE ( 'NONE', *, *, #294, .T. ) ;
#981 = CARTESIAN_POINT ( 'NONE',  ( 26.44550394349759870, 26.48044654559283373, -4.620000000000184848 ) ) ;
#982 = EDGE_CURVE ( 'NONE', #1793, #810, #955, .T. ) ;
#983 = DIRECTION ( 'NONE',  ( -1.000000000000000000, 0.000000000000000000, 6.986492934152173240E-15 ) ) ;
#984 = VECTOR ( 'NONE', #1426, 1000.000000000000000 ) ;
#985 = AXIS2_PLACEMENT_3D ( 'NONE', #1804, #265, #97 ) ;
#986 = CARTESIAN_POINT ( 'NONE',  ( 2.648079613250045483, 26.48044654559283728, -4.620000000000000995 ) ) ;
#987 =( GEOMETRIC_REPRESENTATION_CONTEXT ( 3 ) GLOBAL_UNCERTAINTY_ASSIGNED_CONTEXT ( ( #1387 ) ) GLOBAL_UNIT_ASSIGNED_CONTEXT ( ( #998, #860, #726 ) ) REPRESENTATION_CONTEXT ( 'NONE', 'WORKASPACE' ) );
#988 = SURFACE_STYLE_USAGE ( .BOTH. , #1140 ) ;
#989 = VECTOR ( 'NONE', #566, 1000.000000000000000 ) ;
#990 = PLANE ( 'NONE',  #1192 ) ;
#991 = VERTEX_POINT ( 'NONE', #946 ) ;
#992 = DIRECTION ( 'NONE',  ( 0.000000000000000000, 1.000000000000000000, 0.000000000000000000 ) ) ;
#993 = ORIENTED_EDGE ( 'NONE', *, *, #1178, .T. ) ;
#994 = PRESENTATION_STYLE_ASSIGNMENT (( #1154 ) ) ;
#995 = CARTESIAN_POINT ( 'NONE',  ( 50.56307252490198323, 3.861695681501021384E-06, -17.82000000000000028 ) ) ;
#996 = FACE_OUTER_BOUND ( 'NONE', #857, .T. ) ;
#997 = EDGE_CURVE ( 'NONE', #1716, #8, #1506, .T. ) ;
#998 =( LENGTH_UNIT ( ) NAMED_UNIT ( * ) SI_UNIT ( .MILLI., .METRE. ) );
#999 = CARTESIAN_POINT ( 'NONE',  ( 15.58767194855985316, 46.47323246497084170, -4.620000000000000995 ) ) ;
#1000 = CARTESIAN_POINT ( 'NONE',  ( 37.92656108372180768, 47.32517565625202138, -4.620000000000000995 ) ) ;
#1001 = VERTEX_POINT ( 'NONE', #1381 ) ;
#1002 = DIRECTION ( 'NONE',  ( -1.000000000000000000, 0.000000000000000000, 0.000000000000000000 ) ) ;
#1003 = CARTESIAN_POINT ( 'NONE',  ( 5.132437688989100799, 47.31959426025974835, -17.82000000000000028 ) ) ;
#1004 = DIRECTION ( 'NONE',  ( 1.000000000000000000, -9.719671122003211809E-18, 0.000000000000000000 ) ) ;
#1005 = EDGE_CURVE ( 'NONE', #1184, #1793, #1520, .T. ) ;
#1006 = CARTESIAN_POINT ( 'NONE',  ( 57.65800094604498582, 7.009382860174999230, -3.620000000000402895 ) ) ;
#1007 = ORIENTED_EDGE ( 'NONE', *, *, #792, .T. ) ;
#1008 = AXIS2_PLACEMENT_3D ( 'NONE', #621, #628, #1182 ) ;
#1009 = CYLINDRICAL_SURFACE ( 'NONE', #664, 13.99999999999999467 ) ;
#1010 = DIRECTION ( 'NONE',  ( 0.000000000000000000, 0.000000000000000000, -1.000000000000000000 ) ) ;
#1011 = VECTOR ( 'NONE', #807, 1000.000000000000000 ) ;
#1012 = CIRCLE ( 'NONE', #138, 2.500000000000002220 ) ;
#1013 = CYLINDRICAL_SURFACE ( 'NONE', #516, 13.99999999999999467 ) ;
#1014 = AXIS2_PLACEMENT_3D ( 'NONE', #95, #653, #1770 ) ;
#1015 = DIRECTION ( 'NONE',  ( -6.982962677686266711E-15, 0.000000000000000000, -1.000000000000000000 ) ) ;
#1016 = VECTOR ( 'NONE', #1260, 1000.000000000000000 ) ;
#1017 = EDGE_CURVE ( 'NONE', #1716, #192, #1150, .T. ) ;
#1018 = ORIENTED_EDGE ( 'NONE', *, *, #303, .F. ) ;
#1019 = DIRECTION ( 'NONE',  ( 6.982962677686268288E-15, 0.000000000000000000, 1.000000000000000000 ) ) ;
#1020 = LINE ( 'NONE', #1591, #1194 ) ;
#1021 = CARTESIAN_POINT ( 'NONE',  ( 50.62149591710083030, 62.96549387242284013, -1.620000000000353602 ) ) ;
#1022 = ORIENTED_EDGE ( 'NONE', *, *, #1005, .T. ) ;
#1023 = CARTESIAN_POINT ( 'NONE',  ( 26.44550394349756672, 26.48044654559283373, -12.92000000000000171 ) ) ;
#1024 = EDGE_CURVE ( 'NONE', #802, #1291, #1748, .T. ) ;
#1025 = EDGE_LOOP ( 'NONE', ( #118, #1206, #367, #1266 ) ) ;
#1026 = FACE_OUTER_BOUND ( 'NONE', #475, .T. ) ;
#1027 = EDGE_CURVE ( 'NONE', #1198, #676, #347, .T. ) ;
#1028 = PLANE ( 'NONE',  #349 ) ;
#1029 = CARTESIAN_POINT ( 'NONE',  ( 44.65757000822213030, 47.99356986567008931, -17.82000000000000028 ) ) ;
#1030 = EDGE_LOOP ( 'NONE', ( #1331, #380, #1120, #1639, #1490, #1692 ) ) ;
#1031 = ORIENTED_EDGE ( 'NONE', *, *, #1632, .F. ) ;
#1032 = ADVANCED_FACE ( 'NONE', ( #1578, #1712, #1296, #1275 ), #843, .T. ) ;
#1033 = DIRECTION ( 'NONE',  ( -1.000000000000000000, 0.000000000000000000, 7.047314121155780399E-15 ) ) ;
#1034 = CYLINDRICAL_SURFACE ( 'NONE', #1605, 1.199999999999999734 ) ;
#1035 = EDGE_LOOP ( 'NONE', ( #1352, #1018, #914, #933 ) ) ;
#1036 = FACE_OUTER_BOUND ( 'NONE', #832, .T. ) ;
#1037 = ADVANCED_FACE ( 'NONE', ( #37 ), #1013, .F. ) ;
#1038 = CLOSED_SHELL ( 'NONE', ( #1448, #467, #1037, #1131, #177, #1268, #495, #1417, #1032, #861, #198, #230, #637, #131, #110, #360, #1603, #508, #393, #1745, #1628, #1492, #1186, #1090, #428, #478, #1348, #327, #188, #947, #4, #168, #1122, #1259, #906, #17, #1359, #944, #623 ) ) ;
#1039 = CLOSED_SHELL ( 'NONE', ( #1169, #761, #1149, #1067, #800, #1505 ) ) ;
#1040 = VERTEX_POINT ( 'NONE', #1438 ) ;
#1041 = AXIS2_PLACEMENT_3D ( 'NONE', #1665, #130, #413 ) ;
#1042 = CIRCLE ( 'NONE', #314, 15.00000000000003730 ) ;
#1043 = VECTOR ( 'NONE', #1106, 1000.000000000000000 ) ;
#1044 = EDGE_LOOP ( 'NONE', ( #972, #296, #93, #1094 ) ) ;
#1045 = CARTESIAN_POINT ( 'NONE',  ( 52.48695566068589358, 65.04359989220434102, 1.801000174845634572 ) ) ;
#1046 = CIRCLE ( 'NONE', #694, 15.00000000000003730 ) ;
#1047 = CARTESIAN_POINT ( 'NONE',  ( 8.547957550365225643, 0.002279253074213003546, -17.82000000000000028 ) ) ;
#1048 = DIRECTION ( 'NONE',  ( -0.000000000000000000, -0.000000000000000000, 1.000000000000000000 ) ) ;
#1049 = ADVANCED_FACE ( 'NONE', ( #604 ), #880, .T. ) ;
#1050 = ORIENTED_EDGE ( 'NONE', *, *, #1095, .T. ) ;
#1051 = ORIENTED_EDGE ( 'NONE', *, *, #450, .F. ) ;
#1052 = FACE_OUTER_BOUND ( 'NONE', #1681, .T. ) ;
#1053 = DIRECTION ( 'NONE',  ( 1.000000000000000000, 0.000000000000000000, 0.000000000000000000 ) ) ;
#1054 =( LENGTH_UNIT ( ) NAMED_UNIT ( * ) SI_UNIT ( .MILLI., .METRE. ) );
#1055 = ORIENTED_EDGE ( 'NONE', *, *, #549, .F. ) ;
#1056 = EDGE_CURVE ( 'NONE', #1633, #889, #310, .T. ) ;
#1057 = ORIENTED_EDGE ( 'NONE', *, *, #315, .T. ) ;
#1058 = PLANE ( 'NONE',  #1099 ) ;
#1059 = MANIFOLD_SOLID_BREP ( 'Boss-Extrude3[1]', #100 ) ;
#1060 = ORIENTED_EDGE ( 'NONE', *, *, #837, .F. ) ;
#1061 = CYLINDRICAL_SURFACE ( 'NONE', #190, 4.000000000000000000 ) ;
#1062 = FACE_OUTER_BOUND ( 'NONE', #1464, .T. ) ;
#1063 = ORIENTED_EDGE ( 'NONE', *, *, #787, .T. ) ;
#1064 = AXIS2_PLACEMENT_3D ( 'NONE', #799, #269, #663 ) ;
#1065 = AXIS2_PLACEMENT_3D ( 'NONE', #954, #1523, #259 ) ;
#1066 = VECTOR ( 'NONE', #1413, 1000.000000000000000 ) ;
#1067 = ADVANCED_FACE ( 'NONE', ( #339 ), #1267, .F. ) ;
#1068 = ORIENTED_EDGE ( 'NONE', *, *, #1316, .F. ) ;
#1069 = DIRECTION ( 'NONE',  ( -0.000000000000000000, -0.000000000000000000, 1.000000000000000000 ) ) ;
#1070 = ORIENTED_EDGE ( 'NONE', *, *, #909, .T. ) ;
#1071 = AXIS2_PLACEMENT_3D ( 'NONE', #117, #1669, #961 ) ;
#1072 = CARTESIAN_POINT ( 'NONE',  ( 12.50825589245679659, 25.15639338814062853, -3.620000000000087592 ) ) ;
#1073 = LINE ( 'NONE', #798, #1604 ) ;
#1074 = CARTESIAN_POINT ( 'NONE',  ( 50.38023512905651558, -8.647531439150683812E-16, -1.620000000000351825 ) ) ;
#1075 = MANIFOLD_SOLID_BREP ( 'Boss-Extrude3[3]', #1132 ) ;
#1076 = CARTESIAN_POINT ( 'NONE',  ( 1.572093150103981429E-14, 8.165095992267279001, 1.801000174846037361 ) ) ;
#1077 = CARTESIAN_POINT ( 'NONE',  ( 11.50405544490008047, 25.15639338814062853, -3.620000000000080487 ) ) ;
#1078 = ORIENTED_EDGE ( 'NONE', *, *, #156, .T. ) ;
#1079 = DIRECTION ( 'NONE',  ( 1.000000000000000000, 0.000000000000000000, 0.000000000000000000 ) ) ;
#1080 = MANIFOLD_SOLID_BREP ( 'Boss-Extrude3[4]', #834 ) ;
#1081 = ORIENTED_EDGE ( 'NONE', *, *, #36, .T. ) ;
#1082 = DIRECTION ( 'NONE',  ( 0.000000000000000000, -0.000000000000000000, 1.000000000000000000 ) ) ;
#1083 = EDGE_CURVE ( 'NONE', #945, #399, #1139, .T. ) ;
#1084 = PLANE ( 'NONE',  #252 ) ;
#1085 = ORIENTED_EDGE ( 'NONE', *, *, #644, .F. ) ;
#1086 = PLANE ( 'NONE',  #485 ) ;
#1087 = DIRECTION ( 'NONE',  ( 6.982962677686266711E-15, -0.000000000000000000, 1.000000000000000000 ) ) ;
#1088 = ORIENTED_EDGE ( 'NONE', *, *, #617, .T. ) ;
#1089 = DIRECTION ( 'NONE',  ( 1.000000000000000000, 0.000000000000000000, 0.000000000000000000 ) ) ;
#1090 = ADVANCED_FACE ( 'NONE', ( #1330 ), #69, .F. ) ;
#1091 = EDGE_LOOP ( 'NONE', ( #290, #977, #175, #353 ) ) ;
#1092 = CARTESIAN_POINT ( 'NONE',  ( 50.56307252490198323, 3.861695681501021384E-06, -3.620000000000000551 ) ) ;
#1093 = CARTESIAN_POINT ( 'NONE',  ( 37.92656108372180768, 47.32517565625202138, -4.620000000000000995 ) ) ;
#1094 = ORIENTED_EDGE ( 'NONE', *, *, #382, .T. ) ;
#1095 = EDGE_CURVE ( 'NONE', #1630, #108, #1787, .T. ) ;
#1096 = VECTOR ( 'NONE', #1553, 1000.000000000000000 ) ;
#1097 = CARTESIAN_POINT ( 'NONE',  ( 0.009611525389867146482, 47.31959426025974835, -17.82000000000000028 ) ) ;
#1098 = VERTEX_POINT ( 'NONE', #936 ) ;
#1099 = AXIS2_PLACEMENT_3D ( 'NONE', #326, #883, #640 ) ;
#1100 = LINE ( 'NONE', #553, #1461 ) ;
#1101 = VECTOR ( 'NONE', #707, 1000.000000000000000 ) ;
#1102 = ORIENTED_EDGE ( 'NONE', *, *, #116, .F. ) ;
#1103 = DIRECTION ( 'NONE',  ( 1.000000000000000000, 0.000000000000000000, 0.000000000000000000 ) ) ;
#1104 = AXIS2_PLACEMENT_3D ( 'NONE', #1164, #283, #743 ) ;
#1105 = VECTOR ( 'NONE', #1542, 1000.000000000000000 ) ;
#1106 = DIRECTION ( 'NONE',  ( -1.000000000000000000, 0.000000000000000000, 6.982962677686266711E-15 ) ) ;
#1107 = ORIENTED_EDGE ( 'NONE', *, *, #525, .T. ) ;
#1108 = EDGE_CURVE ( 'NONE', #683, #1389, #1073, .T. ) ;
#1109 = DIRECTION ( 'NONE',  ( -6.982962677686266711E-15, 0.000000000000000000, -1.000000000000000000 ) ) ;
#1110 = CARTESIAN_POINT ( 'NONE',  ( 8.547957550365225643, 3.202279253074213017, -17.82000000000000028 ) ) ;
#1111 = ORIENTED_EDGE ( 'NONE', *, *, #841, .T. ) ;
#1112 = DIRECTION ( 'NONE',  ( -1.000000000000000000, 0.000000000000000000, 6.982962677686266711E-15 ) ) ;
#1113 = VERTEX_POINT ( 'NONE', #536 ) ;
#1114 = PLANE ( 'NONE',  #1546 ) ;
#1115 = CARTESIAN_POINT ( 'NONE',  ( 50.38023512905650136, 0.000000000000000000, -3.620000000000352269 ) ) ;
#1116 = CARTESIAN_POINT ( 'NONE',  ( 26.44550394349759870, 26.48044654559283373, -4.620000000000184848 ) ) ;
#1117 = CARTESIAN_POINT ( 'NONE',  ( 11.44550394349755962, 26.48044654559283373, -4.620000000000080931 ) ) ;
#1118 = EDGE_CURVE ( 'NONE', #461, #674, #132, .T. ) ;
#1119 = LINE ( 'NONE', #150, #106 ) ;
#1120 = ORIENTED_EDGE ( 'NONE', *, *, #1355, .T. ) ;
#1121 = CARTESIAN_POINT ( 'NONE',  ( 40.44550394349760580, 26.48044654559283373, -3.620000000000282547 ) ) ;
#1122 = ADVANCED_FACE ( 'NONE', ( #1533 ), #1778, .F. ) ;
#1123 = ORIENTED_EDGE ( 'NONE', *, *, #315, .F. ) ;
#1124 = CARTESIAN_POINT ( 'NONE',  ( 26.95491612274526005, 30.48044654559283373, -3.620000000000000107 ) ) ;
#1125 = UNCERTAINTY_MEASURE_WITH_UNIT (LENGTH_MEASURE( 1.000000000000000082E-05 ), #1610, 'distance_accuracy_value', 'NONE');
#1126 = DIRECTION ( 'NONE',  ( 0.000000000000000000, 0.000000000000000000, -1.000000000000000000 ) ) ;
#1127 = DIRECTION ( 'NONE',  ( -0.000000000000000000, 0.000000000000000000, -1.000000000000000000 ) ) ;
#1128 = DIRECTION ( 'NONE',  ( -0.000000000000000000, -1.000000000000000000, -0.000000000000000000 ) ) ;
#1129 = ORIENTED_EDGE ( 'NONE', *, *, #1668, .T. ) ;
#1130 = DIRECTION ( 'NONE',  ( -0.000000000000000000, -0.000000000000000000, 1.000000000000000000 ) ) ;
#1131 = ADVANCED_FACE ( 'NONE', ( #1062 ), #1203, .F. ) ;
#1132 = CLOSED_SHELL ( 'NONE', ( #44, #1325, #626, #94, #1199, #1560 ) ) ;
#1133 = ORIENTED_EDGE ( 'NONE', *, *, #603, .T. ) ;
#1134 = CARTESIAN_POINT ( 'NONE',  ( 50.08695566068589500, 65.04359989220434102, -3.620000000000000551 ) ) ;
#1135 = COLOUR_RGB ( '',0.7921568627450980005, 0.8196078431372548767, 0.9333333333333333481 ) ;
#1136 = DIRECTION ( 'NONE',  ( 1.000000000000000000, 0.000000000000000000, 0.000000000000000000 ) ) ;
#1137 = VECTOR ( 'NONE', #511, 1000.000000000000000 ) ;
#1138 = FACE_OUTER_BOUND ( 'NONE', #970, .T. ) ;
#1139 = CIRCLE ( 'NONE', #729, 4.000000000000000000 ) ;
#1140 = SURFACE_SIDE_STYLE ('',( #1445 ) ) ;
#1141 = VECTOR ( 'NONE', #386, 1000.000000000000000 ) ;
#1142 = CARTESIAN_POINT ( 'NONE',  ( 8.547957550365225643, 0.002279253074213003546, -3.620000000000000551 ) ) ;
#1143 = ORIENTED_EDGE ( 'NONE', *, *, #382, .F. ) ;
#1144 = DIRECTION ( 'NONE',  ( 1.000000000000000000, -0.000000000000000000, -6.909869360036672291E-15 ) ) ;
#1145 = ORIENTED_EDGE ( 'NONE', *, *, #1581, .F. ) ;
#1146 = LINE ( 'NONE', #588, #805 ) ;
#1147 = CARTESIAN_POINT ( 'NONE',  ( 8.547957550365225643, 3.202279253074213017, -17.82000000000000028 ) ) ;
#1148 = PLANE ( 'NONE',  #281 ) ;
#1149 = ADVANCED_FACE ( 'NONE', ( #123 ), #248, .F. ) ;
#1150 = LINE ( 'NONE', #737, #1694 ) ;
#1151 = LINE ( 'NONE', #447, #1256 ) ;
#1152 = CARTESIAN_POINT ( 'NONE',  ( 8.547957550365239854, -0.1464289385518881825, -1.620000000000059837 ) ) ;
#1153 = VERTEX_POINT ( 'NONE', #1766 ) ;
#1154 = SURFACE_STYLE_USAGE ( .BOTH. , #734 ) ;
#1155 = FACE_OUTER_BOUND ( 'NONE', #275, .T. ) ;
#1156 = DIRECTION ( 'NONE',  ( -9.719671122003211809E-18, -1.000000000000000000, 6.787210068433342700E-32 ) ) ;
#1157 = DIRECTION ( 'NONE',  ( 6.982962677686266711E-15, -0.000000000000000000, 1.000000000000000000 ) ) ;
#1158 = EDGE_CURVE ( 'NONE', #991, #242, #1651, .T. ) ;
#1159 = ORIENTED_EDGE ( 'NONE', *, *, #572, .F. ) ;
#1160 = AXIS2_PLACEMENT_3D ( 'NONE', #1029, #1735, #1599 ) ;
#1161 = DIRECTION ( 'NONE',  ( 6.982962677686266711E-15, -0.000000000000000000, 1.000000000000000000 ) ) ;
#1162 = FACE_OUTER_BOUND ( 'NONE', #632, .T. ) ;
#1163 = VECTOR ( 'NONE', #469, 1000.000000000000000 ) ;
#1164 = CARTESIAN_POINT ( 'NONE',  ( 26.44550394349756672, 26.48044654559283373, -3.620000000000000551 ) ) ;
#1165 = AXIS2_PLACEMENT_3D ( 'NONE', #115, #1655, #1410 ) ;
#1166 = EDGE_CURVE ( 'NONE', #975, #258, #790, .T. ) ;
#1167 = DIRECTION ( 'NONE',  ( -0.000000000000000000, 1.000000000000000000, 0.000000000000000000 ) ) ;
#1168 = VECTOR ( 'NONE', #616, 1000.000000000000000 ) ;
#1169 = ADVANCED_FACE ( 'NONE', ( #1623 ), #1084, .F. ) ;
#1170 = ORIENTED_EDGE ( 'NONE', *, *, #56, .T. ) ;
#1171 = LINE ( 'NONE', #1726, #1163 ) ;
#1172 = DIRECTION ( 'NONE',  ( 1.000000000000000000, 0.000000000000000000, -0.000000000000000000 ) ) ;
#1173 = FACE_OUTER_BOUND ( 'NONE', #523, .T. ) ;
#1174 = FILL_AREA_STYLE ('',( #1462 ) ) ;
#1175 = ORIENTED_EDGE ( 'NONE', *, *, #1495, .T. ) ;
#1176 = EDGE_CURVE ( 'NONE', #226, #1153, #517, .T. ) ;
#1177 = CARTESIAN_POINT ( 'NONE',  ( 50.56307252490198323, 2.300003861695681717, -17.82000000000000028 ) ) ;
#1178 = EDGE_CURVE ( 'NONE', #1184, #325, #828, .T. ) ;
#1179 = ORIENTED_EDGE ( 'NONE', *, *, #74, .F. ) ;
#1180 = CARTESIAN_POINT ( 'NONE',  ( 26.44550394349756672, 26.48044654559283373, -12.92000000000000171 ) ) ;
#1181 = CARTESIAN_POINT ( 'NONE',  ( 11.44550394349755962, 26.48044654559283373, -4.620000000000080931 ) ) ;
#1182 = DIRECTION ( 'NONE',  ( -1.000000000000000000, 0.000000000000000000, 0.000000000000000000 ) ) ;
#1183 = ORIENTED_EDGE ( 'NONE', *, *, #1797, .T. ) ;
#1184 = VERTEX_POINT ( 'NONE', #1666 ) ;
#1185 = DIRECTION ( 'NONE',  ( -1.000000000000000000, 0.000000000000000000, 6.938893903906958587E-15 ) ) ;
#1186 = ADVANCED_FACE ( 'NONE', ( #374 ), #957, .F. ) ;
#1187 = LINE ( 'NONE', #336, #199 ) ;
#1188 = FACE_OUTER_BOUND ( 'NONE', #343, .T. ) ;
#1189 = AXIS2_PLACEMENT_3D ( 'NONE', #892, #1048, #1460 ) ;
#1190 = VECTOR ( 'NONE', #91, 1000.000000000000000 ) ;
#1191 = ORIENTED_EDGE ( 'NONE', *, *, #501, .T. ) ;
#1192 = AXIS2_PLACEMENT_3D ( 'NONE', #1564, #1167, #1706 ) ;
#1193 = VECTOR ( 'NONE', #668, 1000.000000000000000 ) ;
#1194 = VECTOR ( 'NONE', #328, 1000.000000000000000 ) ;
#1195 = ORIENTED_EDGE ( 'NONE', *, *, #145, .F. ) ;
#1196 = DIRECTION ( 'NONE',  ( -0.000000000000000000, -0.000000000000000000, -1.000000000000000000 ) ) ;
#1197 = DIRECTION ( 'NONE',  ( 1.000000000000000000, 0.000000000000000000, 0.000000000000000000 ) ) ;
#1198 = VERTEX_POINT ( 'NONE', #1093 ) ;
#1199 = ADVANCED_FACE ( 'NONE', ( #1242 ), #1496, .T. ) ;
#1200 = ORIENTED_EDGE ( 'NONE', *, *, #64, .F. ) ;
#1201 = CARTESIAN_POINT ( 'NONE',  ( 14.96444680327332399, 47.32517565625202138, -3.620000000000000551 ) ) ;
#1202 = CARTESIAN_POINT ( 'NONE',  ( 26.44550394349756672, 26.48044654559283373, -3.620000000000000551 ) ) ;
#1203 = CYLINDRICAL_SURFACE ( 'NONE', #692, 22.75091216739172495 ) ;
#1204 = ORIENTED_EDGE ( 'NONE', *, *, #1452, .T. ) ;
#1205 = EDGE_CURVE ( 'NONE', #1412, #1282, #460, .T. ) ;
#1206 = ORIENTED_EDGE ( 'NONE', *, *, #691, .F. ) ;
#1207 = LINE ( 'NONE', #1374, #194 ) ;
#1208 = VERTEX_POINT ( 'NONE', #819 ) ;
#1209 = DIRECTION ( 'NONE',  ( -1.000000000000000000, 1.224425490838177908E-16, -0.000000000000000000 ) ) ;
#1210 = DIRECTION ( 'NONE',  ( 0.000000000000000000, 0.000000000000000000, 1.000000000000000000 ) ) ;
#1211 = EDGE_LOOP ( 'NONE', ( #925, #745, #1031, #667 ) ) ;
#1212 = AXIS2_PLACEMENT_3D ( 'NONE', #444, #748, #179 ) ;
#1213 = LINE ( 'NONE', #538, #1515 ) ;
#1214 = AXIS2_PLACEMENT_3D ( 'NONE', #981, #462, #1264 ) ;
#1215 = DIRECTION ( 'NONE',  ( 1.000000000000000000, 0.000000000000000000, -6.996718019773104855E-15 ) ) ;
#1216 = AXIS2_PLACEMENT_3D ( 'NONE', #1278, #1565, #1538 ) ;
#1217 = ORIENTED_EDGE ( 'NONE', *, *, #853, .F. ) ;
#1218 = DIRECTION ( 'NONE',  ( 1.000000000000000000, -0.000000000000000000, -7.010183909769288889E-15 ) ) ;
#1219 = EDGE_CURVE ( 'NONE', #500, #889, #1795, .T. ) ;
#1220 = AXIS2_PLACEMENT_3D ( 'NONE', #871, #1685, #1288 ) ;
#1221 = ORIENTED_EDGE ( 'NONE', *, *, #876, .F. ) ;
#1222 = CIRCLE ( 'NONE', #1071, 22.75091216739172495 ) ;
#1223 = DIRECTION ( 'NONE',  ( 1.000000000000000000, 0.000000000000000000, 0.000000000000000000 ) ) ;
#1224 = DIRECTION ( 'NONE',  ( -1.000000000000000000, 0.000000000000000000, 0.000000000000000000 ) ) ;
#1225 = CYLINDRICAL_SURFACE ( 'NONE', #134, 15.00000000000003730 ) ;
#1226 = CARTESIAN_POINT ( 'NONE',  ( 57.65800094604500003, 55.30607612919495608, -1.620000000000402895 ) ) ;
#1227 = EDGE_CURVE ( 'NONE', #96, #708, #878, .T. ) ;
#1228 = LINE ( 'NONE', #531, #874 ) ;
#1229 = ORIENTED_EDGE ( 'NONE', *, *, #54, .T. ) ;
#1230 = CARTESIAN_POINT ( 'NONE',  ( 8.547957550365225643, 0.002279253074213003546, -17.82000000000000028 ) ) ;
#1231 = EDGE_CURVE ( 'NONE', #1198, #242, #1697, .T. ) ;
#1232 = ORIENTED_EDGE ( 'NONE', *, *, #1056, .T. ) ;
#1233 = LINE ( 'NONE', #1378, #1310 ) ;
#1234 = CARTESIAN_POINT ( 'NONE',  ( 26.44550394349756672, 26.48044654559283373, -4.620000000000000995 ) ) ;
#1235 = ORIENTED_EDGE ( 'NONE', *, *, #366, .T. ) ;
#1236 = FACE_OUTER_BOUND ( 'NONE', #1405, .T. ) ;
#1237 = DIRECTION ( 'NONE',  ( 1.000000000000000000, 0.000000000000000000, -6.996718019773104855E-15 ) ) ;
#1238 = ORIENTED_EDGE ( 'NONE', *, *, #1158, .T. ) ;
#1239 = FACE_OUTER_BOUND ( 'NONE', #1755, .T. ) ;
#1240 = ORIENTED_EDGE ( 'NONE', *, *, #1618, .F. ) ;
#1241 = FACE_OUTER_BOUND ( 'NONE', #543, .T. ) ;
#1242 = FACE_OUTER_BOUND ( 'NONE', #1044, .T. ) ;
#1243 = FACE_OUTER_BOUND ( 'NONE', #160, .T. ) ;
#1244 = DIRECTION ( 'NONE',  ( 0.000000000000000000, -0.000000000000000000, 1.000000000000000000 ) ) ;
#1245 = AXIS2_PLACEMENT_3D ( 'NONE', #1743, #774, #491 ) ;
#1246 = DIRECTION ( 'NONE',  ( -0.000000000000000000, -0.000000000000000000, 1.000000000000000000 ) ) ;
#1247 = VERTEX_POINT ( 'NONE', #1423 ) ;
#1248 = AXIS2_PLACEMENT_3D ( 'NONE', #1180, #901, #763 ) ;
#1249 = CARTESIAN_POINT ( 'NONE',  ( 50.56307252490198323, 3.861695681501021384E-06, -17.82000000000000028 ) ) ;
#1250 = VECTOR ( 'NONE', #728, 1000.000000000000000 ) ;
#1251 = VECTOR ( 'NONE', #863, 1000.000000000000000 ) ;
#1252 = EDGE_LOOP ( 'NONE', ( #88, #65 ) ) ;
#1253 = CARTESIAN_POINT ( 'NONE',  ( 8.547957550365225643, 0.002279253074213003546, -3.620000000000000551 ) ) ;
#1254 = AXIS2_PLACEMENT_3D ( 'NONE', #391, #1524, #260 ) ;
#1255 = EDGE_CURVE ( 'NONE', #1625, #573, #850, .T. ) ;
#1256 = VECTOR ( 'NONE', #1015, 1000.000000000000000 ) ;
#1257 = CARTESIAN_POINT ( 'NONE',  ( 57.65800094604497872, 62.96549387242284013, -3.620000000000402895 ) ) ;
#1258 = DIRECTION ( 'NONE',  ( -1.000000000000000000, 1.476880973642516934E-16, 0.000000000000000000 ) ) ;
#1259 = ADVANCED_FACE ( 'NONE', ( #1285 ), #1009, .F. ) ;
#1260 = DIRECTION ( 'NONE',  ( 0.000000000000000000, 1.000000000000000000, 0.000000000000000000 ) ) ;
#1261 = ORIENTED_EDGE ( 'NONE', *, *, #1370, .F. ) ;
#1262 = CARTESIAN_POINT ( 'NONE',  ( 15.83239992871045665, 3.202279253074212129, -17.82000000000000028 ) ) ;
#1263 = ORIENTED_EDGE ( 'NONE', *, *, #704, .T. ) ;
#1264 = DIRECTION ( 'NONE',  ( 1.000000000000000000, 0.000000000000000000, -6.996718019773104855E-15 ) ) ;
#1265 = CARTESIAN_POINT ( 'NONE',  ( 12.50825589245678948, 25.15639338814062853, -4.620000000000087148 ) ) ;
#1266 = ORIENTED_EDGE ( 'NONE', *, *, #837, .T. ) ;
#1267 = PLANE ( 'NONE',  #899 ) ;
#1268 = ADVANCED_FACE ( 'NONE', ( #321 ), #34, .T. ) ;
#1269 = LINE ( 'NONE', #1110, #1168 ) ;
#1270 = VERTEX_POINT ( 'NONE', #1273 ) ;
#1271 = DIRECTION ( 'NONE',  ( -0.000000000000000000, -0.000000000000000000, 1.000000000000000000 ) ) ;
#1272 = ORIENTED_EDGE ( 'NONE', *, *, #1335, .T. ) ;
#1273 = CARTESIAN_POINT ( 'NONE',  ( 8.547957550365225643, 3.202279253074213017, -17.82000000000000028 ) ) ;
#1274 = CARTESIAN_POINT ( 'NONE',  ( 7.099999999999974776, -4.440834923776686496E-16, -3.620000000000049845 ) ) ;
#1275 = FACE_BOUND ( 'NONE', #465, .T. ) ;
#1276 = LINE ( 'NONE', #881, #1439 ) ;
#1277 = ORIENTED_EDGE ( 'NONE', *, *, #351, .F. ) ;
#1278 = CARTESIAN_POINT ( 'NONE',  ( 51.28695566068589784, 65.04359989220434102, -3.620000000000000551 ) ) ;
#1279 = AXIS2_PLACEMENT_3D ( 'NONE', #886, #597, #1286 ) ;
#1280 = VECTOR ( 'NONE', #1777, 1000.000000000000000 ) ;
#1281 = EDGE_CURVE ( 'NONE', #228, #908, #430, .T. ) ;
#1282 = VERTEX_POINT ( 'NONE', #735 ) ;
#1283 = PRODUCT_DEFINITION_FORMATION_WITH_SPECIFIED_SOURCE ( 'ANY', '', #1617, .NOT_KNOWN. ) ;
#1284 = VECTOR ( 'NONE', #1595, 1000.000000000000000 ) ;
#1285 = FACE_OUTER_BOUND ( 'NONE', #1667, .T. ) ;
#1286 = DIRECTION ( 'NONE',  ( -1.000000000000000000, 0.000000000000000000, 0.000000000000000000 ) ) ;
#1287 = VECTOR ( 'NONE', #383, 1000.000000000000000 ) ;
#1288 = DIRECTION ( 'NONE',  ( -1.000000000000000000, 0.000000000000000000, 6.982962677686266711E-15 ) ) ;
#1289 = AXIS2_PLACEMENT_3D ( 'NONE', #417, #1400, #705 ) ;
#1290 = PLANE ( 'NONE',  #1658 ) ;
#1291 = VERTEX_POINT ( 'NONE', #162 ) ;
#1292 = LINE ( 'NONE', #739, #545 ) ;
#1293 = EDGE_CURVE ( 'NONE', #1282, #509, #721, .T. ) ;
#1294 = CARTESIAN_POINT ( 'NONE',  ( 52.48695566068589358, 65.04359989220434102, -3.620000000000000551 ) ) ;
#1295 = DIRECTION ( 'NONE',  ( -0.000000000000000000, 0.000000000000000000, 1.000000000000000000 ) ) ;
#1296 = FACE_OUTER_BOUND ( 'NONE', #643, .T. ) ;
#1297 = LINE ( 'NONE', #854, #1664 ) ;
#1298 = APPLICATION_CONTEXT ( 'automotive_design' ) ;
#1299 = ORIENTED_EDGE ( 'NONE', *, *, #768, .T. ) ;
#1300 = PRESENTATION_STYLE_ASSIGNMENT (( #836 ) ) ;
#1301 = LINE ( 'NONE', #1181, #1141 ) ;
#1302 = CARTESIAN_POINT ( 'NONE',  ( 39.19403284612558735, 55.22990032368964108, -1.620000000000274110 ) ) ;
#1303 = PRESENTATION_STYLE_ASSIGNMENT (( #988 ) ) ;
#1304 = LINE ( 'NONE', #608, #1657 ) ;
#1305 = EDGE_LOOP ( 'NONE', ( #1085, #1456, #1573, #371 ) ) ;
#1306 = CARTESIAN_POINT ( 'NONE',  ( 5.132437688989100799, 47.31959426025974835, -3.620000000000000551 ) ) ;
#1307 = AXIS2_PLACEMENT_3D ( 'NONE', #851, #163, #309 ) ;
#1308 = FACE_OUTER_BOUND ( 'NONE', #776, .T. ) ;
#1309 = CARTESIAN_POINT ( 'NONE',  ( 50.38023512905653689, 55.30607612919497029, 1.801000174845685420 ) ) ;
#1310 = VECTOR ( 'NONE', #1785, 1000.000000000000000 ) ;
#1311 = EDGE_CURVE ( 'NONE', #698, #1616, #590, .T. ) ;
#1312 = AXIS2_PLACEMENT_3D ( 'NONE', #1332, #215, #1324 ) ;
#1313 = CIRCLE ( 'NONE', #488, 22.75091216739172495 ) ;
#1314 = ORIENTED_EDGE ( 'NONE', *, *, #1579, .T. ) ;
#1315 =( GEOMETRIC_REPRESENTATION_CONTEXT ( 3 ) GLOBAL_UNCERTAINTY_ASSIGNED_CONTEXT ( ( #1550 ) ) GLOBAL_UNIT_ASSIGNED_CONTEXT ( ( #1054, #473, #894 ) ) REPRESENTATION_CONTEXT ( 'NONE', 'WORKASPACE' ) );
#1316 = EDGE_CURVE ( 'NONE', #1782, #192, #154, .T. ) ;
#1317 = PLANE ( 'NONE',  #376 ) ;
#1318 = VECTOR ( 'NONE', #1718, 1000.000000000000000 ) ;
#1319 = EDGE_LOOP ( 'NONE', ( #1081, #840, #1803, #214 ) ) ;
#1320 = DIRECTION ( 'NONE',  ( -0.000000000000000000, 1.000000000000000000, -0.000000000000000000 ) ) ;
#1321 = DIRECTION ( 'NONE',  ( -1.000000000000000000, 0.000000000000000000, 0.000000000000000000 ) ) ;
#1322 = CARTESIAN_POINT ( 'NONE',  ( 41.44550394349763422, 26.48044654559283373, -4.620000000000289653 ) ) ;
#1323 = VERTEX_POINT ( 'NONE', #1115 ) ;
#1324 = DIRECTION ( 'NONE',  ( 1.000000000000000000, 0.000000000000000000, 0.000000000000000000 ) ) ;
#1325 = ADVANCED_FACE ( 'NONE', ( #1155 ), #557, .F. ) ;
#1326 = ORIENTED_EDGE ( 'NONE', *, *, #1612, .F. ) ;
#1327 = CARTESIAN_POINT ( 'NONE',  ( 50.56307252490198323, 3.861695681501021384E-06, -17.82000000000000028 ) ) ;
#1328 = CARTESIAN_POINT ( 'NONE',  ( 0.009611525389866442184, 41.44666507051483251, -17.82000000000000028 ) ) ;
#1329 = CARTESIAN_POINT ( 'NONE',  ( 39.19403284612557314, 70.00199890136700276, -3.620000000000274110 ) ) ;
#1330 = FACE_OUTER_BOUND ( 'NONE', #1030, .T. ) ;
#1331 = ORIENTED_EDGE ( 'NONE', *, *, #145, .T. ) ;
#1332 = CARTESIAN_POINT ( 'NONE',  ( 0.000000000000000000, 0.000000000000000000, 0.000000000000000000 ) ) ;
#1333 = ORIENTED_EDGE ( 'NONE', *, *, #512, .T. ) ;
#1334 = DIRECTION ( 'NONE',  ( -1.000000000000000000, 0.000000000000000000, 0.000000000000000000 ) ) ;
#1335 = EDGE_CURVE ( 'NONE', #669, #540, #781, .T. ) ;
#1336 = DIRECTION ( 'NONE',  ( -0.000000000000000000, 0.000000000000000000, -1.000000000000000000 ) ) ;
#1337 = DIRECTION ( 'NONE',  ( 1.000000000000000000, 0.000000000000000000, 0.000000000000000000 ) ) ;
#1338 =( NAMED_UNIT ( * ) SI_UNIT ( $, .STERADIAN. ) SOLID_ANGLE_UNIT ( ) );
#1339 = AXIS2_PLACEMENT_3D ( 'NONE', #276, #965, #1082 ) ;
#1340 = VERTEX_POINT ( 'NONE', #1294 ) ;
#1341 = PRODUCT_DEFINITION_SHAPE ( 'NONE', 'NONE',  #893 ) ;
#1342 = AXIS2_PLACEMENT_3D ( 'NONE', #1023, #714, #1723 ) ;
#1343 = VECTOR ( 'NONE', #821, 1000.000000000000000 ) ;
#1344 = AXIS2_PLACEMENT_3D ( 'NONE', #1527, #263, #1390 ) ;
#1345 = ORIENTED_EDGE ( 'NONE', *, *, #1108, .T. ) ;
#1346 = DIRECTION ( 'NONE',  ( -6.982962677686266711E-15, 0.000000000000000000, -1.000000000000000000 ) ) ;
#1347 = PLANE ( 'NONE',  #542 ) ;
#1348 = ADVANCED_FACE ( 'NONE', ( #700 ), #1710, .F. ) ;
#1349 = VERTEX_POINT ( 'NONE', #279 ) ;
#1350 = EDGE_LOOP ( 'NONE', ( #931, #1788, #1356, #98 ) ) ;
#1351 = CARTESIAN_POINT ( 'NONE',  ( 11.50405544490007870, 25.15639338814063564, -4.620000000000080931 ) ) ;
#1352 = ORIENTED_EDGE ( 'NONE', *, *, #201, .F. ) ;
#1353 = DIRECTION ( 'NONE',  ( 0.000000000000000000, -0.000000000000000000, 1.000000000000000000 ) ) ;
#1354 = CARTESIAN_POINT ( 'NONE',  ( 12.50825589245678948, 25.15639338814062853, -4.620000000000087148 ) ) ;
#1355 = EDGE_CURVE ( 'NONE', #1040, #242, #839, .T. ) ;
#1356 = ORIENTED_EDGE ( 'NONE', *, *, #26, .T. ) ;
#1357 = APPLICATION_CONTEXT ( 'automotive_design' ) ;
#1358 = DIRECTION ( 'NONE',  ( -1.476880973642516934E-16, -1.000000000000000000, 0.000000000000000000 ) ) ;
#1359 = ADVANCED_FACE ( 'NONE', ( #292 ), #1552, .F. ) ;
#1360 = ORIENTED_EDGE ( 'NONE', *, *, #294, .F. ) ;
#1361 = LINE ( 'NONE', #658, #48 ) ;
#1362 = ORIENTED_EDGE ( 'NONE', *, *, #1166, .T. ) ;
#1363 = LINE ( 'NONE', #555, #1190 ) ;
#1364 = DIRECTION ( 'NONE',  ( 1.000000000000000000, 0.000000000000000000, 0.000000000000000000 ) ) ;
#1365 = VERTEX_POINT ( 'NONE', #12 ) ;
#1366 = EDGE_CURVE ( 'NONE', #1001, #1431, #1551, .T. ) ;
#1367 = AXIS2_PLACEMENT_3D ( 'NONE', #1021, #1684, #452 ) ;
#1368 = DIRECTION ( 'NONE',  ( -1.000000000000000000, 0.000000000000000000, 6.982962677686266711E-15 ) ) ;
#1369 = VECTOR ( 'NONE', #1209, 1000.000000000000000 ) ;
#1370 = EDGE_CURVE ( 'NONE', #953, #238, #1046, .T. ) ;
#1371 = CARTESIAN_POINT ( 'NONE',  ( 50.56307252490198323, 3.861695681501021384E-06, -17.82000000000000028 ) ) ;
#1372 = CIRCLE ( 'NONE', #1216, 1.199999999999999734 ) ;
#1373 = EDGE_LOOP ( 'NONE', ( #651, #151, #333, #755 ) ) ;
#1374 = CARTESIAN_POINT ( 'NONE',  ( 15.83239992871045665, 0.002279253074212111464, -17.82000000000000028 ) ) ;
#1375 = AXIS2_PLACEMENT_3D ( 'NONE', #446, #1570, #852 ) ;
#1376 = ORIENTED_EDGE ( 'NONE', *, *, #1452, .F. ) ;
#1377 = VECTOR ( 'NONE', #1450, 1000.000000000000000 ) ;
#1378 = CARTESIAN_POINT ( 'NONE',  ( 50.08695566068589500, 65.04359989220434102, 1.801000174845634572 ) ) ;
#1379 = DIRECTION ( 'NONE',  ( 6.982962677686266711E-15, -0.000000000000000000, 1.000000000000000000 ) ) ;
#1380 = ORIENTED_EDGE ( 'NONE', *, *, #304, .F. ) ;
#1381 = CARTESIAN_POINT ( 'NONE',  ( 3.694591776105843550, 26.48044654559283728, -3.620000000000000551 ) ) ;
#1382 = LINE ( 'NONE', #1801, #143 ) ;
#1383 = ORIENTED_EDGE ( 'NONE', *, *, #780, .F. ) ;
#1384 = LINE ( 'NONE', #675, #1137 ) ;
#1385 = ORIENTED_EDGE ( 'NONE', *, *, #525, .F. ) ;
#1386 = DIRECTION ( 'NONE',  ( -1.000000000000000000, 0.000000000000000000, 0.000000000000000000 ) ) ;
#1387 = UNCERTAINTY_MEASURE_WITH_UNIT (LENGTH_MEASURE( 1.000000000000000082E-05 ), #998, 'distance_accuracy_value', 'NONE');
#1388 = DIRECTION ( 'NONE',  ( -0.000000000000000000, -0.000000000000000000, 1.000000000000000000 ) ) ;
#1389 = VERTEX_POINT ( 'NONE', #1077 ) ;
#1390 = DIRECTION ( 'NONE',  ( -1.000000000000000000, 0.000000000000000000, 0.000000000000000000 ) ) ;
#1391 = EDGE_LOOP ( 'NONE', ( #1102, #346, #767 ) ) ;
#1392 = CARTESIAN_POINT ( 'NONE',  ( 57.65800094604497872, 62.96549387242284013, -3.620000000000402895 ) ) ;
#1393 = EDGE_LOOP ( 'NONE', ( #1558, #562, #1510, #1204 ) ) ;
#1394 = LINE ( 'NONE', #687, #1430 ) ;
#1395 = EDGE_CURVE ( 'NONE', #953, #18, #1301, .T. ) ;
#1396 = DIRECTION ( 'NONE',  ( 6.982962677686266711E-15, -0.000000000000000000, 1.000000000000000000 ) ) ;
#1397 = CARTESIAN_POINT ( 'NONE',  ( 5.132437688989100799, 47.31959426025974835, -17.82000000000000028 ) ) ;
#1398 = CARTESIAN_POINT ( 'NONE',  ( 15.83239992871045665, 0.002279253074212111464, -17.82000000000000028 ) ) ;
#1399 = CIRCLE ( 'NONE', #605, 2.500000000000002220 ) ;
#1400 = DIRECTION ( 'NONE',  ( 6.982962677686266711E-15, -0.000000000000000000, 1.000000000000000000 ) ) ;
#1401 = ORIENTED_EDGE ( 'NONE', *, *, #277, .T. ) ;
#1402 = MECHANICAL_DESIGN_GEOMETRIC_PRESENTATION_REPRESENTATION (  '', ( #578 ), #919 ) ;
#1403 = CARTESIAN_POINT ( 'NONE',  ( 14.96444680327332399, 47.32517565625202138, -3.620000000000000551 ) ) ;
#1404 = VECTOR ( 'NONE', #416, 1000.000000000000114 ) ;
#1405 = EDGE_LOOP ( 'NONE', ( #835, #196, #396, #1414 ) ) ;
#1406 = CARTESIAN_POINT ( 'NONE',  ( 50.38023512905653689, 55.30607612919497029, 1.801000174845685420 ) ) ;
#1407 = CARTESIAN_POINT ( 'NONE',  ( 39.19403284612557314, 47.32517565625202138, -3.620000000000274110 ) ) ;
#1408 = DIRECTION ( 'NONE',  ( 6.982962677686266711E-15, -0.000000000000000000, 1.000000000000000000 ) ) ;
#1409 = EDGE_CURVE ( 'NONE', #1153, #249, #75, .T. ) ;
#1410 = DIRECTION ( 'NONE',  ( -1.000000000000000000, 0.000000000000000000, 7.000848313763543818E-15 ) ) ;
#1411 = CARTESIAN_POINT ( 'NONE',  ( 51.28695566068589784, 65.04359989220434102, -1.620000000000358042 ) ) ;
#1412 = VERTEX_POINT ( 'NONE', #479 ) ;
#1413 = DIRECTION ( 'NONE',  ( -0.000000000000000000, -0.000000000000000000, 1.000000000000000000 ) ) ;
#1414 = ORIENTED_EDGE ( 'NONE', *, *, #1293, .T. ) ;
#1415 = DIRECTION ( 'NONE',  ( 6.982962677686266711E-15, -0.000000000000000000, 1.000000000000000000 ) ) ;
#1416 = DIRECTION ( 'NONE',  ( -1.000000000000000000, 1.165313075074312704E-16, 6.982962677686266711E-15 ) ) ;
#1417 = ADVANCED_FACE ( 'NONE', ( #59 ), #1734, .T. ) ;
#1418 = LINE ( 'NONE', #1571, #1250 ) ;
#1419 = EDGE_LOOP ( 'NONE', ( #646, #1380, #1170, #690 ) ) ;
#1420 = CARTESIAN_POINT ( 'NONE',  ( 8.547957550365234525, 8.165095992267279001, -1.620000000000059837 ) ) ;
#1421 = ORIENTED_EDGE ( 'NONE', *, *, #585, .F. ) ;
#1422 = DIRECTION ( 'NONE',  ( 0.000000000000000000, -1.000000000000000000, 0.000000000000000000 ) ) ;
#1423 = CARTESIAN_POINT ( 'NONE',  ( 50.38023512905650136, 55.30607612919497029, -3.620000000000352269 ) ) ;
#1424 = CARTESIAN_POINT ( 'NONE',  ( 50.08695566068589500, 65.04359989220434102, -1.620000000000349605 ) ) ;
#1425 = EDGE_CURVE ( 'NONE', #696, #1270, #205, .T. ) ;
#1426 = DIRECTION ( 'NONE',  ( 1.199965791084545024E-16, 1.000000000000000000, -0.000000000000000000 ) ) ;
#1427 = CARTESIAN_POINT ( 'NONE',  ( 50.24292827374508619, 26.48044654559283373, -4.620000000000000995 ) ) ;
#1428 = EDGE_CURVE ( 'NONE', #855, #307, #620, .T. ) ;
#1429 = AXIS2_PLACEMENT_3D ( 'NONE', #1562, #1010, #329 ) ;
#1430 = VECTOR ( 'NONE', #1502, 1000.000000000000000 ) ;
#1431 = VERTEX_POINT ( 'NONE', #1608 ) ;
#1432 = LINE ( 'NONE', #1124, #723 ) ;
#1433 = AXIS2_PLACEMENT_3D ( 'NONE', #1547, #1700, #448 ) ;
#1434 = DIRECTION ( 'NONE',  ( 0.000000000000000000, 1.000000000000000000, 0.000000000000000000 ) ) ;
#1435 = VECTOR ( 'NONE', #1503, 1000.000000000000000 ) ;
#1436 = CARTESIAN_POINT ( 'NONE',  ( 39.19403284612558735, 47.32517565625202138, -1.620000000000274110 ) ) ;
#1437 = VECTOR ( 'NONE', #1161, 1000.000000000000000 ) ;
#1438 = CARTESIAN_POINT ( 'NONE',  ( 39.19403284612557314, 47.32517565625202138, -3.620000000000274110 ) ) ;
#1439 = VECTOR ( 'NONE', #581, 1000.000000000000000 ) ;
#1440 = EDGE_CURVE ( 'NONE', #683, #1184, #1187, .T. ) ;
#1441 = VERTEX_POINT ( 'NONE', #178 ) ;
#1442 = FACE_OUTER_BOUND ( 'NONE', #785, .T. ) ;
#1443 = CARTESIAN_POINT ( 'NONE',  ( 26.44550394349756672, 26.48044654559283373, -4.620000000000000995 ) ) ;
#1444 = LINE ( 'NONE', #1436, #1798 ) ;
#1445 = SURFACE_STYLE_FILL_AREA ( #433 ) ;
#1446 = DIRECTION ( 'NONE',  ( -0.000000000000000000, -0.000000000000000000, 1.000000000000000000 ) ) ;
#1447 = ORIENTED_EDGE ( 'NONE', *, *, #896, .T. ) ;
#1448 = ADVANCED_FACE ( 'NONE', ( #740 ), #1034, .F. ) ;
#1449 = LINE ( 'NONE', #1327, #897 ) ;
#1450 = DIRECTION ( 'NONE',  ( 0.000000000000000000, 1.000000000000000000, 0.000000000000000000 ) ) ;
#1451 = PLANE ( 'NONE',  #217 ) ;
#1452 = EDGE_CURVE ( 'NONE', #904, #1098, #764, .T. ) ;
#1453 = FILL_AREA_STYLE ('',( #1736 ) ) ;
#1454 = ORIENTED_EDGE ( 'NONE', *, *, #36, .F. ) ;
#1455 = DIRECTION ( 'NONE',  ( 0.000000000000000000, 1.000000000000000000, 0.000000000000000000 ) ) ;
#1456 = ORIENTED_EDGE ( 'NONE', *, *, #1643, .F. ) ;
#1457 = DIRECTION ( 'NONE',  ( -6.982962677686268288E-15, -0.000000000000000000, -1.000000000000000000 ) ) ;
#1458 = VECTOR ( 'NONE', #1585, 1000.000000000000000 ) ;
#1459 = DIRECTION ( 'NONE',  ( 0.000000000000000000, -0.000000000000000000, 1.000000000000000000 ) ) ;
#1460 = DIRECTION ( 'NONE',  ( 1.000000000000000000, 0.000000000000000000, 0.000000000000000000 ) ) ;
#1461 = VECTOR ( 'NONE', #1763, 1000.000000000000000 ) ;
#1462 = FILL_AREA_STYLE_COLOUR ( '', #610 ) ;
#1463 = EDGE_CURVE ( 'NONE', #238, #1805, #1742, .T. ) ;
#1464 = EDGE_LOOP ( 'NONE', ( #1722, #680, #1762, #1645 ) ) ;
#1465 = STYLED_ITEM ( 'NONE', ( #499 ), #1080 ) ;
#1466 = CIRCLE ( 'NONE', #959, 4.000000000000000000 ) ;
#1467 = ORIENTED_EDGE ( 'NONE', *, *, #969, .T. ) ;
#1468 = CARTESIAN_POINT ( 'NONE',  ( 3.694591776105843550, 26.48044654559283728, -4.620000000000000995 ) ) ;
#1469 = CARTESIAN_POINT ( 'NONE',  ( 51.28695566068589784, 65.04359989220434102, 1.801000174845634572 ) ) ;
#1470 = ORIENTED_EDGE ( 'NONE', *, *, #920, .T. ) ;
#1471 = DIRECTION ( 'NONE',  ( 0.5273594997269994700, 0.8496422529792694300, 0.000000000000000000 ) ) ;
#1472 = CARTESIAN_POINT ( 'NONE',  ( 50.56307252490198323, 2.300003861695681717, -17.82000000000000028 ) ) ;
#1473 = ORIENTED_EDGE ( 'NONE', *, *, #1370, .T. ) ;
#1474 = EDGE_CURVE ( 'NONE', #103, #1208, #355, .T. ) ;
#1475 = EDGE_LOOP ( 'NONE', ( #1548, #1261, #264, #82 ) ) ;
#1476 = DIRECTION ( 'NONE',  ( -1.000000000000000000, 0.000000000000000000, 0.000000000000000000 ) ) ;
#1477 = CARTESIAN_POINT ( 'NONE',  ( 26.95491612274526005, 30.48044654559283373, -3.620000000000000107 ) ) ;
#1478 = CARTESIAN_POINT ( 'NONE',  ( 50.62149591710081609, 62.96549387242284013, -3.620000000000354046 ) ) ;
#1479 = EDGE_LOOP ( 'NONE', ( #1362, #1229, #1299, #937 ) ) ;
#1480 = EDGE_CURVE ( 'NONE', #1630, #1625, #1597, .T. ) ;
#1481 = ORIENTED_EDGE ( 'NONE', *, *, #1643, .T. ) ;
#1482 = CARTESIAN_POINT ( 'NONE',  ( 57.65800094604498582, 7.009382860174999230, -3.620000000000402895 ) ) ;
#1483 = CARTESIAN_POINT ( 'NONE',  ( 8.547957550365225643, 0.002279253074213003546, -3.620000000000000551 ) ) ;
#1484 = VECTOR ( 'NONE', #567, 1000.000000000000000 ) ;
#1485 = CIRCLE ( 'NONE', #1715, 1.199999999999999734 ) ;
#1486 = ORIENTED_EDGE ( 'NONE', *, *, #825, .T. ) ;
#1487 = VECTOR ( 'NONE', #1519, 1000.000000000000000 ) ;
#1488 = AXIS2_PLACEMENT_3D ( 'NONE', #414, #231, #92 ) ;
#1489 = VECTOR ( 'NONE', #867, 1000.000000000000000 ) ;
#1490 = ORIENTED_EDGE ( 'NONE', *, *, #1612, .T. ) ;
#1491 = DIRECTION ( 'NONE',  ( 1.199965791084545024E-16, 1.000000000000000000, -0.000000000000000000 ) ) ;
#1492 = ADVANCED_FACE ( 'NONE', ( #885 ), #1028, .F. ) ;
#1493 = ORIENTED_EDGE ( 'NONE', *, *, #742, .F. ) ;
#1494 = DIRECTION ( 'NONE',  ( 0.000000000000000000, 1.000000000000000000, 0.000000000000000000 ) ) ;
#1495 = EDGE_CURVE ( 'NONE', #1323, #1247, #1020, .T. ) ;
#1496 = PLANE ( 'NONE',  #1254 ) ;
#1497 = EDGE_LOOP ( 'NONE', ( #232, #718, #39, #1652 ) ) ;
#1498 = EDGE_LOOP ( 'NONE', ( #1111, #1107, #203, #1531 ) ) ;
#1499 = CARTESIAN_POINT ( 'NONE',  ( 42.15757000822213030, 47.99356986567008931, -3.620000000000000551 ) ) ;
#1500 = EDGE_CURVE ( 'NONE', #80, #1633, #211, .T. ) ;
#1501 = VERTEX_POINT ( 'NONE', #183 ) ;
#1502 = DIRECTION ( 'NONE',  ( -1.165313075074312704E-16, -1.000000000000000000, 0.000000000000000000 ) ) ;
#1503 = DIRECTION ( 'NONE',  ( 0.000000000000000000, 1.000000000000000000, 0.000000000000000000 ) ) ;
#1504 = ORIENTED_EDGE ( 'NONE', *, *, #1786, .F. ) ;
#1505 = ADVANCED_FACE ( 'NONE', ( #1308 ), #49, .T. ) ;
#1506 = LINE ( 'NONE', #1514, #223 ) ;
#1507 = CYLINDRICAL_SURFACE ( 'NONE', #1289, 7.036505028944165296 ) ;
#1508 = ORIENTED_EDGE ( 'NONE', *, *, #1355, .F. ) ;
#1509 = CARTESIAN_POINT ( 'NONE',  ( 44.65757000822213030, 47.99356986567008931, -17.82000000000000028 ) ) ;
#1510 = ORIENTED_EDGE ( 'NONE', *, *, #1797, .F. ) ;
#1511 = LINE ( 'NONE', #649, #1369 ) ;
#1512 = CARTESIAN_POINT ( 'NONE',  ( 25.93609176424992313, 26.48044654559283373, -12.92000000000000171 ) ) ;
#1513 = ORIENTED_EDGE ( 'NONE', *, *, #920, .F. ) ;
#1514 = CARTESIAN_POINT ( 'NONE',  ( 7.099999999999988098, -4.440834923776686496E-16, -1.620000000000049845 ) ) ;
#1515 = VECTOR ( 'NONE', #1358, 1000.000000000000000 ) ;
#1516 = PLANE ( 'NONE',  #926 ) ;
#1517 = VECTOR ( 'NONE', #1271, 1000.000000000000000 ) ;
#1518 = ORIENTED_EDGE ( 'NONE', *, *, #960, .F. ) ;
#1519 = DIRECTION ( 'NONE',  ( 1.000000000000000000, -9.719671122003211809E-18, -6.980939982220832180E-15 ) ) ;
#1520 = CIRCLE ( 'NONE', #1165, 13.99999999999999822 ) ;
#1521 = EDGE_LOOP ( 'NONE', ( #1747, #587, #208, #1070, #1470, #599, #1401, #659 ) ) ;
#1522 = VECTOR ( 'NONE', #983, 1000.000000000000000 ) ;
#1523 = DIRECTION ( 'NONE',  ( 0.000000000000000000, 1.000000000000000000, -0.000000000000000000 ) ) ;
#1524 = DIRECTION ( 'NONE',  ( 0.000000000000000000, 0.000000000000000000, -1.000000000000000000 ) ) ;
#1525 = ORIENTED_EDGE ( 'NONE', *, *, #1554, .T. ) ;
#1526 = CARTESIAN_POINT ( 'NONE',  ( -1.574649448961947952E-14, 62.86500167846699583, -3.620000000000000107 ) ) ;
#1527 = CARTESIAN_POINT ( 'NONE',  ( 44.65757000822213030, 47.99356986567008931, -17.82000000000000028 ) ) ;
#1528 = EDGE_LOOP ( 'NONE', ( #1621, #468, #181, #814 ) ) ;
#1529 = DIRECTION ( 'NONE',  ( -0.000000000000000000, -0.000000000000000000, 1.000000000000000000 ) ) ;
#1530 = EDGE_CURVE ( 'NONE', #461, #674, #1466, .T. ) ;
#1531 = ORIENTED_EDGE ( 'NONE', *, *, #1017, .F. ) ;
#1532 = DIRECTION ( 'NONE',  ( 6.982962677686268288E-15, -1.094764425253763580E-47, 1.000000000000000000 ) ) ;
#1533 = FACE_OUTER_BOUND ( 'NONE', #1521, .T. ) ;
#1534 = CYLINDRICAL_SURFACE ( 'NONE', #1064, 22.75091216739172495 ) ;
#1535 = DIRECTION ( 'NONE',  ( 1.000000000000000000, 0.000000000000000000, -6.996718019773104855E-15 ) ) ;
#1536 = DIRECTION ( 'NONE',  ( -1.000000000000000000, -0.000000000000000000, -0.000000000000000000 ) ) ;
#1537 = ORIENTED_EDGE ( 'NONE', *, *, #1579, .F. ) ;
#1538 = DIRECTION ( 'NONE',  ( -1.000000000000000000, 0.000000000000000000, 0.000000000000000000 ) ) ;
#1539 = EDGE_CURVE ( 'NONE', #1431, #991, #1222, .T. ) ;
#1540 = ORIENTED_EDGE ( 'NONE', *, *, #277, .F. ) ;
#1541 = DIRECTION ( 'NONE',  ( 0.000000000000000000, -0.000000000000000000, 1.000000000000000000 ) ) ;
#1542 = DIRECTION ( 'NONE',  ( -0.000000000000000000, -0.000000000000000000, 1.000000000000000000 ) ) ;
#1543 = EDGE_LOOP ( 'NONE', ( #1022, #272, #1088, #1473, #1593, #686 ) ) ;
#1544 = LINE ( 'NONE', #126, #1577 ) ;
#1545 = VERTEX_POINT ( 'NONE', #1790 ) ;
#1546 = AXIS2_PLACEMENT_3D ( 'NONE', #381, #1673, #1103 ) ;
#1547 = CARTESIAN_POINT ( 'NONE',  ( 0.000000000000000000, 0.000000000000000000, -17.82000000000000028 ) ) ;
#1548 = ORIENTED_EDGE ( 'NONE', *, *, #1463, .F. ) ;
#1549 = PRESENTATION_LAYER_ASSIGNMENT (  '', '', ( #105 ) ) ;
#1550 = UNCERTAINTY_MEASURE_WITH_UNIT (LENGTH_MEASURE( 1.000000000000000082E-05 ), #1054, 'distance_accuracy_value', 'NONE');
#1551 = CIRCLE ( 'NONE', #1771, 22.75091216739172495 ) ;
#1552 = PLANE ( 'NONE',  #408 ) ;
#1553 = DIRECTION ( 'NONE',  ( -6.982962677686268288E-15, -0.000000000000000000, -1.000000000000000000 ) ) ;
#1554 = EDGE_CURVE ( 'NONE', #958, #70, #635, .T. ) ;
#1555 = CARTESIAN_POINT ( 'NONE',  ( 47.15757000822213740, 47.99356986567008931, -17.82000000000000028 ) ) ;
#1556 = ORIENTED_EDGE ( 'NONE', *, *, #750, .F. ) ;
#1557 = DIRECTION ( 'NONE',  ( 0.000000000000000000, -0.000000000000000000, 1.000000000000000000 ) ) ;
#1558 = ORIENTED_EDGE ( 'NONE', *, *, #642, .T. ) ;
#1559 =( NAMED_UNIT ( * ) PLANE_ANGLE_UNIT ( ) SI_UNIT ( $, .RADIAN. ) );
#1560 = ADVANCED_FACE ( 'NONE', ( #822 ), #801, .F. ) ;
#1561 = DIRECTION ( 'NONE',  ( -0.000000000000000000, -0.000000000000000000, 1.000000000000000000 ) ) ;
#1562 = CARTESIAN_POINT ( 'NONE',  ( 44.65757000822213030, 47.99356986567008931, -3.620000000000000551 ) ) ;
#1563 = EDGE_CURVE ( 'NONE', #518, #991, #665, .T. ) ;
#1564 = CARTESIAN_POINT ( 'NONE',  ( 0.009611525389866442184, 41.44666507051483251, -17.82000000000000028 ) ) ;
#1565 = DIRECTION ( 'NONE',  ( 0.000000000000000000, 0.000000000000000000, -1.000000000000000000 ) ) ;
#1566 = EDGE_LOOP ( 'NONE', ( #788, #365, #124, #1232 ) ) ;
#1567 = PRODUCT_DEFINITION_CONTEXT ( 'detailed design', #1357, 'design' ) ;
#1568 = CARTESIAN_POINT ( 'NONE',  ( 26.44550394349759870, 26.48044654559283373, -4.620000000000184848 ) ) ;
#1569 = CARTESIAN_POINT ( 'NONE',  ( 57.65800094604498582, 55.30607612919495608, -3.620000000000402895 ) ) ;
#1570 = DIRECTION ( 'NONE',  ( 0.000000000000000000, 0.000000000000000000, -1.000000000000000000 ) ) ;
#1571 = CARTESIAN_POINT ( 'NONE',  ( 15.58767194855985316, 46.47323246497084170, -4.620000000000000995 ) ) ;
#1572 = VECTOR ( 'NONE', #322, 1000.000000000000000 ) ;
#1573 = ORIENTED_EDGE ( 'NONE', *, *, #1753, .T. ) ;
#1574 = DIRECTION ( 'NONE',  ( 1.000000000000000000, 0.000000000000000000, -6.982962677686268288E-15 ) ) ;
#1575 = COLOUR_RGB ( '',0.7921568627450980005, 0.8196078431372548767, 0.9333333333333333481 ) ;
#1576 = CARTESIAN_POINT ( 'NONE',  ( -1.574649448961947952E-14, 62.86500167846699583, -3.620000000000000107 ) ) ;
#1577 = VECTOR ( 'NONE', #682, 1000.000000000000000 ) ;
#1578 = FACE_BOUND ( 'NONE', #513, .T. ) ;
#1579 = EDGE_CURVE ( 'NONE', #331, #96, #831, .T. ) ;
#1580 = LINE ( 'NONE', #1006, #137 ) ;
#1581 = EDGE_CURVE ( 'NONE', #228, #1040, #1119, .T. ) ;
#1582 = ORIENTED_EDGE ( 'NONE', *, *, #454, .T. ) ;
#1583 = DIRECTION ( 'NONE',  ( 1.000000000000000000, 0.000000000000000000, 0.000000000000000000 ) ) ;
#1584 = DIRECTION ( 'NONE',  ( -0.000000000000000000, -0.000000000000000000, 1.000000000000000000 ) ) ;
#1585 = DIRECTION ( 'NONE',  ( 0.000000000000000000, 1.000000000000000000, 0.000000000000000000 ) ) ;
#1586 = ORIENTED_EDGE ( 'NONE', *, *, #1227, .T. ) ;
#1587 = CARTESIAN_POINT ( 'NONE',  ( -3.591445379053661609E-15, 47.32517565625202138, -1.620000000000000107 ) ) ;
#1588 = ORIENTED_EDGE ( 'NONE', *, *, #589, .T. ) ;
#1589 = LINE ( 'NONE', #193, #102 ) ;
#1590 = EDGE_CURVE ( 'NONE', #1349, #904, #1228, .T. ) ;
#1591 = CARTESIAN_POINT ( 'NONE',  ( 50.38023512905650136, 55.30607612919497029, -3.620000000000352269 ) ) ;
#1592 = CARTESIAN_POINT ( 'NONE',  ( 8.547957550365225643, -4.581571635658403741E-16, -3.620000000000059615 ) ) ;
#1593 = ORIENTED_EDGE ( 'NONE', *, *, #732, .T. ) ;
#1594 = ORIENTED_EDGE ( 'NONE', *, *, #1255, .F. ) ;
#1595 = DIRECTION ( 'NONE',  ( -0.000000000000000000, -0.000000000000000000, 1.000000000000000000 ) ) ;
#1596 = AXIS2_PLACEMENT_3D ( 'NONE', #1576, #1416, #722 ) ;
#1597 = LINE ( 'NONE', #627, #1318 ) ;
#1598 = ORIENTED_EDGE ( 'NONE', *, *, #1680, .T. ) ;
#1599 = DIRECTION ( 'NONE',  ( 1.000000000000000000, 0.000000000000000000, 0.000000000000000000 ) ) ;
#1600 = EDGE_CURVE ( 'NONE', #1793, #895, #673, .T. ) ;
#1601 = CIRCLE ( 'NONE', #1041, 23.79742433024752302 ) ;
#1602 = ORIENTED_EDGE ( 'NONE', *, *, #572, .T. ) ;
#1603 = ADVANCED_FACE ( 'NONE', ( #436 ), #1507, .T. ) ;
#1604 = VECTOR ( 'NONE', #1396, 1000.000000000000000 ) ;
#1605 = AXIS2_PLACEMENT_3D ( 'NONE', #1469, #41, #601 ) ;
#1606 = VERTEX_POINT ( 'NONE', #1676 ) ;
#1607 = CARTESIAN_POINT ( 'NONE',  ( 12.44550394349759870, 26.48044654559283373, -4.620000000000087148 ) ) ;
#1608 = CARTESIAN_POINT ( 'NONE',  ( 49.19641611088928812, 26.48044654559283373, -3.620000000000000551 ) ) ;
#1609 = CYLINDRICAL_SURFACE ( 'NONE', #1189, 23.79742433024752302 ) ;
#1610 =( LENGTH_UNIT ( ) NAMED_UNIT ( * ) SI_UNIT ( .MILLI., .METRE. ) );
#1611 = ORIENTED_EDGE ( 'NONE', *, *, #853, .T. ) ;
#1612 = EDGE_CURVE ( 'NONE', #509, #235, #976, .T. ) ;
#1613 = ORIENTED_EDGE ( 'NONE', *, *, #1166, .F. ) ;
#1614 = CARTESIAN_POINT ( 'NONE',  ( 30.44550394349756672, 26.48044654559283373, -12.92000000000000171 ) ) ;
#1615 = DIRECTION ( 'NONE',  ( -1.000000000000000000, 0.000000000000000000, 6.964528270037802121E-15 ) ) ;
#1616 = VERTEX_POINT ( 'NONE', #569 ) ;
#1617 = PRODUCT ( 'cubit3_support2', 'cubit3_support2', '', ( #645 ) ) ;
#1618 = EDGE_CURVE ( 'NONE', #18, #1805, #81, .T. ) ;
#1619 = VERTEX_POINT ( 'NONE', #14 ) ;
#1620 = CARTESIAN_POINT ( 'NONE',  ( 26.44550394349759870, 26.48044654559283373, -4.620000000000184848 ) ) ;
#1621 = ORIENTED_EDGE ( 'NONE', *, *, #982, .F. ) ;
#1622 = CARTESIAN_POINT ( 'NONE',  ( 50.38023512905651558, 55.30607612919497029, -1.620000000000351825 ) ) ;
#1623 = FACE_OUTER_BOUND ( 'NONE', #233, .T. ) ;
#1624 =( GEOMETRIC_REPRESENTATION_CONTEXT ( 3 ) GLOBAL_UNCERTAINTY_ASSIGNED_CONTEXT ( ( #278 ) ) GLOBAL_UNIT_ASSIGNED_CONTEXT ( ( #1709, #600, #318 ) ) REPRESENTATION_CONTEXT ( 'NONE', 'WORKASPACE' ) );
#1625 = VERTEX_POINT ( 'NONE', #395 ) ;
#1626 = AXIS2_PLACEMENT_3D ( 'NONE', #772, #1334, #1751 ) ;
#1627 = PRESENTATION_LAYER_ASSIGNMENT (  '', '', ( #167 ) ) ;
#1628 = ADVANCED_FACE ( 'NONE', ( #948 ), #1516, .F. ) ;
#1629 = AXIS2_PLACEMENT_3D ( 'NONE', #1703, #1126, #451 ) ;
#1630 = VERTEX_POINT ( 'NONE', #1097 ) ;
#1631 = CARTESIAN_POINT ( 'NONE',  ( 50.56307252490198323, 2.300003861695681717, -17.82000000000000028 ) ) ;
#1632 = EDGE_CURVE ( 'NONE', #573, #1606, #1382, .T. ) ;
#1633 = VERTEX_POINT ( 'NONE', #409 ) ;
#1634 = LINE ( 'NONE', #934, #606 ) ;
#1635 = CARTESIAN_POINT ( 'NONE',  ( 8.547957550365225643, 3.202279253074213017, -3.620000000000000551 ) ) ;
#1636 = ORIENTED_EDGE ( 'NONE', *, *, #512, .F. ) ;
#1637 = DIRECTION ( 'NONE',  ( 6.982962677686267499E-15, 0.000000000000000000, 1.000000000000000000 ) ) ;
#1638 = CARTESIAN_POINT ( 'NONE',  ( 26.44550394349759870, 26.48044654559283373, -4.620000000000184848 ) ) ;
#1639 = ORIENTED_EDGE ( 'NONE', *, *, #652, .T. ) ;
#1640 = LINE ( 'NONE', #159, #725 ) ;
#1641 = ORIENTED_EDGE ( 'NONE', *, *, #454, .F. ) ;
#1642 = FACE_OUTER_BOUND ( 'NONE', #121, .T. ) ;
#1643 = EDGE_CURVE ( 'NONE', #1365, #570, #1749, .T. ) ;
#1644 = DIRECTION ( 'NONE',  ( -6.982962677686268288E-15, 0.000000000000000000, -1.000000000000000000 ) ) ;
#1645 = ORIENTED_EDGE ( 'NONE', *, *, #896, .F. ) ;
#1646 = CARTESIAN_POINT ( 'NONE',  ( 26.44550394349760580, 26.48044654559283373, -3.620000000000185292 ) ) ;
#1647 = ORIENTED_EDGE ( 'NONE', *, *, #924, .T. ) ;
#1648 = DIRECTION ( 'NONE',  ( -1.000000000000000000, 0.000000000000000000, 0.000000000000000000 ) ) ;
#1649 = ORIENTED_EDGE ( 'NONE', *, *, #1713, .T. ) ;
#1650 = FACE_OUTER_BOUND ( 'NONE', #1479, .T. ) ;
#1651 = LINE ( 'NONE', #401, #548 ) ;
#1652 = ORIENTED_EDGE ( 'NONE', *, *, #1760, .F. ) ;
#1653 = CIRCLE ( 'NONE', #866, 7.036505028944165296 ) ;
#1654 = AXIS2_PLACEMENT_3D ( 'NONE', #390, #827, #1353 ) ;
#1655 = DIRECTION ( 'NONE',  ( 6.982962677686266711E-15, -0.000000000000000000, 1.000000000000000000 ) ) ;
#1656 = EDGE_CURVE ( 'NONE', #1606, #1098, #1544, .T. ) ;
#1657 = VECTOR ( 'NONE', #55, 1000.000000000000000 ) ;
#1658 = AXIS2_PLACEMENT_3D ( 'NONE', #1707, #16, #1112 ) ;
#1659 = DIRECTION ( 'NONE',  ( -1.476880973642516934E-16, -1.000000000000000000, 0.000000000000000000 ) ) ;
#1660 = ORIENTED_EDGE ( 'NONE', *, *, #1590, .T. ) ;
#1661 = PLANE ( 'NONE',  #222 ) ;
#1662 = AXIS2_PLACEMENT_3D ( 'NONE', #457, #1574, #974 ) ;
#1663 = ORIENTED_EDGE ( 'NONE', *, *, #406, .F. ) ;
#1664 = VECTOR ( 'NONE', #313, 1000.000000000000000 ) ;
#1665 = CARTESIAN_POINT ( 'NONE',  ( 26.44550394349756672, 26.48044654559283373, -4.620000000000000995 ) ) ;
#1666 = CARTESIAN_POINT ( 'NONE',  ( 12.50825589245678948, 25.15639338814062853, -4.620000000000087148 ) ) ;
#1667 = EDGE_LOOP ( 'NONE', ( #949, #1725, #993, #1588 ) ) ;
#1668 = EDGE_CURVE ( 'NONE', #975, #1616, #551, .T. ) ;
#1669 = DIRECTION ( 'NONE',  ( 0.000000000000000000, -0.000000000000000000, 1.000000000000000000 ) ) ;
#1670 = VERTEX_POINT ( 'NONE', #285 ) ;
#1671 = DIRECTION ( 'NONE',  ( -0.000000000000000000, -0.000000000000000000, 1.000000000000000000 ) ) ;
#1672 = ORIENTED_EDGE ( 'NONE', *, *, #1231, .T. ) ;
#1673 = DIRECTION ( 'NONE',  ( -0.000000000000000000, 0.000000000000000000, 1.000000000000000000 ) ) ;
#1674 = CARTESIAN_POINT ( 'NONE',  ( 37.92656108372180768, 47.32517565625202138, -4.620000000000000995 ) ) ;
#1675 = DIRECTION ( 'NONE',  ( 1.000000000000000000, 0.000000000000000000, -6.996718019773104855E-15 ) ) ;
#1676 = CARTESIAN_POINT ( 'NONE',  ( 5.132437688989099911, 41.44666507051483251, -3.620000000000000551 ) ) ;
#1677 = EDGE_CURVE ( 'NONE', #1270, #1501, #1269, .T. ) ;
#1678 = ORIENTED_EDGE ( 'NONE', *, *, #1395, .F. ) ;
#1679 = LINE ( 'NONE', #152, #870 ) ;
#1680 = EDGE_CURVE ( 'NONE', #331, #762, #459, .T. ) ;
#1681 = EDGE_LOOP ( 'NONE', ( #200, #410, #224, #1641, #1613, #1129, #1454, #1754, #245, #1195, #1235 ) ) ;
#1682 = FILL_AREA_STYLE_COLOUR ( '', #631 ) ;
#1683 = CARTESIAN_POINT ( 'NONE',  ( 26.44550394349756672, 26.48044654559283373, -3.620000000000000551 ) ) ;
#1684 = DIRECTION ( 'NONE',  ( -6.982962677686266711E-15, 0.000000000000000000, -1.000000000000000000 ) ) ;
#1685 = DIRECTION ( 'NONE',  ( -6.982962677686266711E-15, 0.000000000000000000, -1.000000000000000000 ) ) ;
#1686 = CIRCLE ( 'NONE', #368, 22.75091216739172495 ) ;
#1687 = DIRECTION ( 'NONE',  ( 0.000000000000000000, 0.000000000000000000, -1.000000000000000000 ) ) ;
#1688 = EDGE_LOOP ( 'NONE', ( #939, #806, #918, #111 ) ) ;
#1689 = AXIS2_PLACEMENT_3D ( 'NONE', #1717, #1693, #1583 ) ;
#1690 = PLANE ( 'NONE',  #435 ) ;
#1691 = EDGE_CURVE ( 'NONE', #975, #133, #1151, .T. ) ;
#1692 = ORIENTED_EDGE ( 'NONE', *, *, #603, .F. ) ;
#1693 = DIRECTION ( 'NONE',  ( -0.000000000000000000, -0.000000000000000000, 1.000000000000000000 ) ) ;
#1694 = VECTOR ( 'NONE', #1705, 1000.000000000000000 ) ;
#1695 = ADVANCED_FACE ( 'NONE', ( #180 ), #1317, .F. ) ;
#1696 = AXIS2_PLACEMENT_3D ( 'NONE', #1443, #688, #443 ) ;
#1697 = LINE ( 'NONE', #1674, #956 ) ;
#1698 = CARTESIAN_POINT ( 'NONE',  ( 0.009611525389867146482, 47.31959426025974835, -3.620000000000000551 ) ) ;
#1699 = DIRECTION ( 'NONE',  ( -0.000000000000000000, -0.000000000000000000, 1.000000000000000000 ) ) ;
#1700 = DIRECTION ( 'NONE',  ( 0.000000000000000000, -0.000000000000000000, 1.000000000000000000 ) ) ;
#1701 = ORIENTED_EDGE ( 'NONE', *, *, #1677, .F. ) ;
#1702 = FACE_OUTER_BOUND ( 'NONE', #412, .T. ) ;
#1703 = CARTESIAN_POINT ( 'NONE',  ( 26.44550394349756672, 26.48044654559283373, -12.92000000000000171 ) ) ;
#1704 = PLANE ( 'NONE',  #510 ) ;
#1705 = DIRECTION ( 'NONE',  ( -6.982962677686268288E-15, 1.094764425253763580E-47, -1.000000000000000000 ) ) ;
#1706 = DIRECTION ( 'NONE',  ( 0.000000000000000000, -0.000000000000000000, 1.000000000000000000 ) ) ;
#1707 = CARTESIAN_POINT ( 'NONE',  ( 50.62149591710081609, 62.96549387242284013, -3.620000000000354046 ) ) ;
#1708 = ORIENTED_EDGE ( 'NONE', *, *, #240, .T. ) ;
#1709 =( LENGTH_UNIT ( ) NAMED_UNIT ( * ) SI_UNIT ( .MILLI., .METRE. ) );
#1710 = PLANE ( 'NONE',  #1662 ) ;
#1711 = LINE ( 'NONE', #1309, #1096 ) ;
#1712 = FACE_BOUND ( 'NONE', #1391, .T. ) ;
#1713 = EDGE_CURVE ( 'NONE', #1731, #1619, #1418, .T. ) ;
#1714 = AXIS2_PLACEMENT_3D ( 'NONE', #1202, #1757, #1337 ) ;
#1715 = AXIS2_PLACEMENT_3D ( 'NONE', #73, #746, #1033 ) ;
#1716 = VERTEX_POINT ( 'NONE', #157 ) ;
#1717 = CARTESIAN_POINT ( 'NONE',  ( 26.44550394349756672, 26.48044654559283373, -4.620000000000000995 ) ) ;
#1718 = DIRECTION ( 'NONE',  ( 1.000000000000000000, 0.000000000000000000, 0.000000000000000000 ) ) ;
#1719 = VECTOR ( 'NONE', #1434, 1000.000000000000000 ) ;
#1720 = FACE_OUTER_BOUND ( 'NONE', #532, .T. ) ;
#1721 = VECTOR ( 'NONE', #561, 1000.000000000000000 ) ;
#1722 = ORIENTED_EDGE ( 'NONE', *, *, #770, .F. ) ;
#1723 = DIRECTION ( 'NONE',  ( -1.000000000000000000, 0.000000000000000000, -0.000000000000000000 ) ) ;
#1724 = EDGE_CURVE ( 'NONE', #1501, #964, #1304, .T. ) ;
#1725 = ORIENTED_EDGE ( 'NONE', *, *, #1005, .F. ) ;
#1726 = CARTESIAN_POINT ( 'NONE',  ( 2.081668171172168513E-14, 47.32517565625202138, 1.801000174846037138 ) ) ;
#1727 = DIRECTION ( 'NONE',  ( -6.982962677686266711E-15, 0.000000000000000000, -1.000000000000000000 ) ) ;
#1728 = CARTESIAN_POINT ( 'NONE',  ( 50.56307252490198323, 2.300003861695681717, -3.620000000000000551 ) ) ;
#1729 = EDGE_LOOP ( 'NONE', ( #1179, #1774, #615, #1738 ) ) ;
#1730 = FACE_OUTER_BOUND ( 'NONE', #404, .T. ) ;
#1731 = VERTEX_POINT ( 'NONE', #999 ) ;
#1732 = DIRECTION ( 'NONE',  ( -0.000000000000000000, -0.000000000000000000, -1.000000000000000000 ) ) ;
#1733 = EDGE_CURVE ( 'NONE', #399, #674, #1297, .T. ) ;
#1734 = CYLINDRICAL_SURFACE ( 'NONE', #586, 4.000000000000000000 ) ;
#1735 = DIRECTION ( 'NONE',  ( -0.000000000000000000, -0.000000000000000000, 1.000000000000000000 ) ) ;
#1736 = FILL_AREA_STYLE_COLOUR ( '', #1575 ) ;
#1737 = ORIENTED_EDGE ( 'NONE', *, *, #1255, .T. ) ;
#1738 = ORIENTED_EDGE ( 'NONE', *, *, #116, .T. ) ;
#1739 = ADVANCED_FACE ( 'NONE', ( #1730 ), #990, .F. ) ;
#1740 = AXIS2_PLACEMENT_3D ( 'NONE', #372, #917, #1197 ) ;
#1741 = DIRECTION ( 'NONE',  ( 6.982962677686266711E-15, -0.000000000000000000, 1.000000000000000000 ) ) ;
#1742 = LINE ( 'NONE', #489, #1437 ) ;
#1743 = CARTESIAN_POINT ( 'NONE',  ( 44.65757000822213030, 47.99356986567008931, -3.620000000000000551 ) ) ;
#1744 = VECTOR ( 'NONE', #109, 1000.000000000000000 ) ;
#1745 = ADVANCED_FACE ( 'NONE', ( #295 ), #38, .T. ) ;
#1746 = AXIS2_PLACEMENT_3D ( 'NONE', #530, #394, #385 ) ;
#1747 = ORIENTED_EDGE ( 'NONE', *, *, #1027, .T. ) ;
#1748 = CIRCLE ( 'NONE', #1104, 4.000000000000000000 ) ;
#1749 = CIRCLE ( 'NONE', #1344, 2.500000000000002220 ) ;
#1750 = VERTEX_POINT ( 'NONE', #1587 ) ;
#1751 = DIRECTION ( 'NONE',  ( 0.000000000000000000, 0.000000000000000000, 1.000000000000000000 ) ) ;
#1752 = CYLINDRICAL_SURFACE ( 'NONE', #1160, 2.500000000000002220 ) ;
#1753 = EDGE_CURVE ( 'NONE', #1365, #153, #22, .T. ) ;
#1754 = ORIENTED_EDGE ( 'NONE', *, *, #521, .T. ) ;
#1755 = EDGE_LOOP ( 'NONE', ( #61, #449, #1636, #1586 ) ) ;
#1756 = CARTESIAN_POINT ( 'NONE',  ( 0.009611525389867146482, 47.31959426025974835, -3.620000000000000551 ) ) ;
#1757 = DIRECTION ( 'NONE',  ( -0.000000000000000000, 0.000000000000000000, -1.000000000000000000 ) ) ;
#1758 = DIRECTION ( 'NONE',  ( -0.000000000000000000, -0.000000000000000000, 1.000000000000000000 ) ) ;
#1759 = EDGE_LOOP ( 'NONE', ( #771, #23 ) ) ;
#1760 = EDGE_CURVE ( 'NONE', #461, #945, #1276, .T. ) ;
#1761 = EDGE_CURVE ( 'NONE', #1619, #1001, #434, .T. ) ;
#1762 = ORIENTED_EDGE ( 'NONE', *, *, #1366, .T. ) ;
#1763 = DIRECTION ( 'NONE',  ( 1.000000000000000000, 0.000000000000000000, 0.000000000000000000 ) ) ;
#1764 = VERTEX_POINT ( 'NONE', #1142 ) ;
#1765 = FACE_OUTER_BOUND ( 'NONE', #1729, .T. ) ;
#1766 = CARTESIAN_POINT ( 'NONE',  ( 15.83239992871045665, 3.202279253074212129, -3.620000000000000551 ) ) ;
#1767 = PRESENTATION_LAYER_ASSIGNMENT (  '', '', ( #191 ) ) ;
#1768 = ORIENTED_EDGE ( 'NONE', *, *, #884, .F. ) ;
#1769 = VECTOR ( 'NONE', #647, 1000.000000000000000 ) ;
#1770 = DIRECTION ( 'NONE',  ( 1.000000000000000000, 0.000000000000000000, 0.000000000000000000 ) ) ;
#1771 = AXIS2_PLACEMENT_3D ( 'NONE', #1683, #575, #1136 ) ;
#1772 = DIRECTION ( 'NONE',  ( -0.000000000000000000, -0.000000000000000000, 1.000000000000000000 ) ) ;
#1773 = EDGE_CURVE ( 'NONE', #696, #1764, #31, .T. ) ;
#1774 = ORIENTED_EDGE ( 'NONE', *, *, #1335, .F. ) ;
#1775 = CARTESIAN_POINT ( 'NONE',  ( 26.44550394349756672, 26.48044654559283373, -4.620000000000000995 ) ) ;
#1776 = EDGE_LOOP ( 'NONE', ( #1175, #486, #1582, #1277 ) ) ;
#1777 = DIRECTION ( 'NONE',  ( -0.000000000000000000, -1.000000000000000000, -0.000000000000000000 ) ) ;
#1778 = PLANE ( 'NONE',  #872 ) ;
#1779 = CARTESIAN_POINT ( 'NONE',  ( 11.44550394349756495, 26.48044654559283373, -3.620000000000080043 ) ) ;
#1780 = LINE ( 'NONE', #1526, #1343 ) ;
#1781 = CARTESIAN_POINT ( 'NONE',  ( 0.000000000000000000, 0.000000000000000000, -3.620000000000000551 ) ) ;
#1782 = VERTEX_POINT ( 'NONE', #888 ) ;
#1783 = CARTESIAN_POINT ( 'NONE',  ( 39.19403284612557314, 47.32517565625202138, -3.620000000000274110 ) ) ;
#1784 = ORIENTED_EDGE ( 'NONE', *, *, #979, .T. ) ;
#1785 = DIRECTION ( 'NONE',  ( -0.000000000000000000, -0.000000000000000000, -1.000000000000000000 ) ) ;
#1786 = EDGE_CURVE ( 'NONE', #133, #698, #1580, .T. ) ;
#1787 = LINE ( 'NONE', #268, #78 ) ;
#1788 = ORIENTED_EDGE ( 'NONE', *, *, #64, .T. ) ;
#1789 = LINE ( 'NONE', #407, #1404 ) ;
#1790 = CARTESIAN_POINT ( 'NONE',  ( 50.24292827374508619, 26.48044654559283373, -3.620000000000000551 ) ) ;
#1791 = ORIENTED_EDGE ( 'NONE', *, *, #1500, .F. ) ;
#1792 = DIRECTION ( 'NONE',  ( -0.000000000000000000, -0.000000000000000000, 1.000000000000000000 ) ) ;
#1793 = VERTEX_POINT ( 'NONE', #189 ) ;
#1794 = CARTESIAN_POINT ( 'NONE',  ( 26.44550394349756672, 26.48044654559283373, -4.620000000000000995 ) ) ;
#1795 = LINE ( 'NONE', #966, #1719 ) ;
#1796 = ORIENTED_EDGE ( 'NONE', *, *, #1158, .F. ) ;
#1797 = EDGE_CURVE ( 'NONE', #904, #1630, #873, .T. ) ;
#1798 = VECTOR ( 'NONE', #173, 1000.000000000000000 ) ;
#1799 = CARTESIAN_POINT ( 'NONE',  ( 26.44550394349756672, 26.48044654559283373, -4.620000000000000995 ) ) ;
#1800 = CIRCLE ( 'NONE', #985, 13.99999999999999822 ) ;
#1801 = CARTESIAN_POINT ( 'NONE',  ( 5.132437688989100799, 47.31959426025974835, -3.620000000000000551 ) ) ;
#1802 = VECTOR ( 'NONE', #1379, 1000.000000000000000 ) ;
#1803 = ORIENTED_EDGE ( 'NONE', *, *, #220, .F. ) ;
#1804 = CARTESIAN_POINT ( 'NONE',  ( 26.44550394349760580, 26.48044654559283373, -3.620000000000185292 ) ) ;
#1805 = VERTEX_POINT ( 'NONE', #753 ) ;
ENDSEC;
END-ISO-10303-21;
