ISO-10303-21;
HEADER;
FILE_DESCRIPTION (( 'STEP AP214' ),
    '1' );
FILE_NAME ('cubit3_top_enclosure.STEP',
    '2025-07-24T08:45:49',
    ( '' ),
    ( '' ),
    'SwSTEP 2.0',
    'SolidWorks 2023',
    '' );
FILE_SCHEMA (( 'AUTOMOTIVE_DESIGN' ));
ENDSEC;

DATA;
#1 = ORIENTED_EDGE ( 'NONE', *, *, #2214, .T. ) ;
#2 = CARTESIAN_POINT ( 'NONE',  ( -0.6078006447469727069, 4.048649962794811152, 11.65999999999432468 ) ) ;
#3 = DIRECTION ( 'NONE',  ( 1.000000000000000000, 0.000000000000000000, -6.938893903907228378E-15 ) ) ;
#4 = EDGE_CURVE ( 'NONE', #432, #1593, #380, .T. ) ;
#5 = CARTESIAN_POINT ( 'NONE',  ( 58.69054777056511085, 72.30864996279485979, 23.65499999999958902 ) ) ;
#6 = ORIENTED_EDGE ( 'NONE', *, *, #851, .F. ) ;
#7 = ORIENTED_EDGE ( 'NONE', *, *, #570, .F. ) ;
#8 = EDGE_CURVE ( 'NONE', #847, #3556, #393, .T. ) ;
#9 = DIRECTION ( 'NONE',  ( -0.000000000000000000, 1.000000000000000000, 0.000000000000000000 ) ) ;
#10 = LINE ( 'NONE', #1194, #3774 ) ;
#11 = ORIENTED_EDGE ( 'NONE', *, *, #3001, .F. ) ;
#12 = CARTESIAN_POINT ( 'NONE',  ( 55.38349937456096939, 9.202536728578676772, -4.219999999999999751 ) ) ;
#13 = CARTESIAN_POINT ( 'NONE',  ( 57.18266129610365311, 66.12584490816571758, 20.98000000000000043 ) ) ;
#14 = CARTESIAN_POINT ( 'NONE',  ( -2.969452229435074475, 28.33165160576893626, -2.093539456592553805 ) ) ;
#15 = DIRECTION ( 'NONE',  ( 6.982962677686267499E-15, -0.000000000000000000, 1.000000000000000000 ) ) ;
#16 = CARTESIAN_POINT ( 'NONE',  ( 57.09054777056508811, 52.14276721078237387, 17.19999999999961204 ) ) ;
#17 = ORIENTED_EDGE ( 'NONE', *, *, #1726, .F. ) ;
#18 = LINE ( 'NONE', #2945, #2134 ) ;
#19 = ORIENTED_EDGE ( 'NONE', *, *, #350, .F. ) ;
#20 = DIRECTION ( 'NONE',  ( 0.000000000000000000, 0.000000000000000000, -1.000000000000000000 ) ) ;
#21 = DIRECTION ( 'NONE',  ( 1.000000000000000000, 0.000000000000000000, 1.485878661455921679E-16 ) ) ;
#22 = VERTEX_POINT ( 'NONE', #973 ) ;
#23 = DIRECTION ( 'NONE',  ( 0.000000000000000000, 0.000000000000000000, 1.000000000000000000 ) ) ;
#24 = VECTOR ( 'NONE', #2682, 1000.000000000000000 ) ;
#25 = AXIS2_PLACEMENT_3D ( 'NONE', #1820, #3531, #2091 ) ;
#26 = VECTOR ( 'NONE', #505, 1000.000000000000000 ) ;
#27 = VECTOR ( 'NONE', #1855, 1000.000000000000000 ) ;
#28 = CARTESIAN_POINT ( 'NONE',  ( 57.69054777056509664, 4.048649962794852009, 20.98000000000000043 ) ) ;
#29 = ORIENTED_EDGE ( 'NONE', *, *, #2270, .T. ) ;
#30 = ORIENTED_EDGE ( 'NONE', *, *, #3053, .F. ) ;
#31 = EDGE_CURVE ( 'NONE', #1439, #524, #3337, .T. ) ;
#32 = VECTOR ( 'NONE', #159, 1000.000000000000000 ) ;
#33 = CIRCLE ( 'NONE', #351, 0.6000000000000033085 ) ;
#34 = LINE ( 'NONE', #2695, #2130 ) ;
#35 = LINE ( 'NONE', #657, #1814 ) ;
#36 = ORIENTED_EDGE ( 'NONE', *, *, #1143, .T. ) ;
#37 = CARTESIAN_POINT ( 'NONE',  ( -2.969452229435054935, 53.59604800156340332, 0.2273247201560552599 ) ) ;
#38 = CARTESIAN_POINT ( 'NONE',  ( 50.21898193562346080, 71.30864996279484558, 20.98000000000000043 ) ) ;
#39 = AXIS2_PLACEMENT_3D ( 'NONE', #129, #972, #429 ) ;
#40 = CARTESIAN_POINT ( 'NONE',  ( -0.6078006447459081141, 4.048649962794844903, 13.86000000000001187 ) ) ;
#41 = LINE ( 'NONE', #1256, #1630 ) ;
#42 = ADVANCED_FACE ( 'NONE', ( #3076 ), #2482, .F. ) ;
#43 = APPLICATION_CONTEXT ( 'automotive_design' ) ;
#44 = CYLINDRICAL_SURFACE ( 'NONE', #1934, 3.000000000000002665 ) ;
#45 = VERTEX_POINT ( 'NONE', #2717 ) ;
#46 = DIRECTION ( 'NONE',  ( -1.000000000000000000, 0.000000000000000000, 0.000000000000000000 ) ) ;
#47 = ORIENTED_EDGE ( 'NONE', *, *, #1803, .T. ) ;
#48 = CARTESIAN_POINT ( 'NONE',  ( 58.69054777056509664, 63.30864996279486689, 20.98000000000000043 ) ) ;
#49 = ADVANCED_FACE ( 'NONE', ( #2454 ), #3292, .T. ) ;
#50 = ORIENTED_EDGE ( 'NONE', *, *, #82, .T. ) ;
#51 = CARTESIAN_POINT ( 'NONE',  ( -3.649418182505408566E-14, 3.364725694843871325E-30, -5.219999999999999751 ) ) ;
#52 = CARTESIAN_POINT ( 'NONE',  ( 56.59054777056508811, 49.56776721078237813, 12.78000000000004022 ) ) ;
#53 = ORIENTED_EDGE ( 'NONE', *, *, #3637, .T. ) ;
#54 = EDGE_LOOP ( 'NONE', ( #372, #981, #1159, #2131 ) ) ;
#55 = CARTESIAN_POINT ( 'NONE',  ( -1.069452229434908253, 69.54864996279485467, -95.90999724335667054 ) ) ;
#56 = ADVANCED_FACE ( 'NONE', ( #1860 ), #987, .T. ) ;
#57 = ORIENTED_EDGE ( 'NONE', *, *, #1660, .T. ) ;
#58 = CARTESIAN_POINT ( 'NONE',  ( 56.59054777056508811, 50.16776721078237955, 13.37999999999960998 ) ) ;
#59 = CARTESIAN_POINT ( 'NONE',  ( 49.59054777056508811, 62.54864996279485467, 4.508361965348512079 ) ) ;
#60 = DIRECTION ( 'NONE',  ( 1.000000000000000000, -0.000000000000000000, -6.991222571849442154E-15 ) ) ;
#61 = EDGE_CURVE ( 'NONE', #169, #131, #375, .T. ) ;
#62 = EDGE_LOOP ( 'NONE', ( #839, #1494, #3761, #298, #362, #814 ) ) ;
#63 = CARTESIAN_POINT ( 'NONE',  ( 55.18232464189361508, 59.23751023009852190, -2.719999999999999751 ) ) ;
#64 = ORIENTED_EDGE ( 'NONE', *, *, #3400, .T. ) ;
#65 = DIRECTION ( 'NONE',  ( -1.000000000000000000, 0.000000000000000000, 6.991222571849440577E-15 ) ) ;
#66 = EDGE_CURVE ( 'NONE', #2887, #3217, #1658, .T. ) ;
#67 = ORIENTED_EDGE ( 'NONE', *, *, #722, .F. ) ;
#68 = PLANE ( 'NONE',  #3533 ) ;
#69 = ORIENTED_EDGE ( 'NONE', *, *, #1982, .F. ) ;
#70 = VERTEX_POINT ( 'NONE', #2277 ) ;
#71 = ORIENTED_EDGE ( 'NONE', *, *, #1902, .T. ) ;
#72 = DIRECTION ( 'NONE',  ( 0.000000000000000000, 0.000000000000000000, -1.000000000000000000 ) ) ;
#73 = DIRECTION ( 'NONE',  ( 1.000000000000000000, 0.000000000000000000, 0.000000000000000000 ) ) ;
#74 = ORIENTED_EDGE ( 'NONE', *, *, #1781, .F. ) ;
#75 = DIRECTION ( 'NONE',  ( 1.000000000000000000, 0.000000000000000000, -6.887872625202027241E-15 ) ) ;
#76 = VERTEX_POINT ( 'NONE', #171 ) ;
#77 = DIRECTION ( 'NONE',  ( 0.000000000000000000, 0.000000000000000000, 1.000000000000000000 ) ) ;
#78 = EDGE_CURVE ( 'NONE', #3240, #2490, #1958, .T. ) ;
#79 = EDGE_LOOP ( 'NONE', ( #1437, #1355, #2999, #945 ) ) ;
#80 = PLANE ( 'NONE',  #3716 ) ;
#81 = AXIS2_PLACEMENT_3D ( 'NONE', #1297, #430, #1003 ) ;
#82 = EDGE_CURVE ( 'NONE', #1652, #2215, #3432, .T. ) ;
#83 = VECTOR ( 'NONE', #2707, 1000.000000000000000 ) ;
#84 = VECTOR ( 'NONE', #816, 1000.000000000000000 ) ;
#85 = CIRCLE ( 'NONE', #146, 7.000000000000000000 ) ;
#86 = ORIENTED_EDGE ( 'NONE', *, *, #1151, .T. ) ;
#87 = VECTOR ( 'NONE', #2822, 1000.000000000000000 ) ;
#88 = CARTESIAN_POINT ( 'NONE',  ( 14.68632900351048853, 13.44864996279486213, -4.220000000000105445 ) ) ;
#89 = ORIENTED_EDGE ( 'NONE', *, *, #1333, .T. ) ;
#90 = APPLICATION_PROTOCOL_DEFINITION ( 'draft international standard', 'automotive_design', 1998, #43 ) ;
#91 = FACE_BOUND ( 'NONE', #3632, .T. ) ;
#92 = AXIS2_PLACEMENT_3D ( 'NONE', #1760, #1797, #3259 ) ;
#93 = VECTOR ( 'NONE', #1370, 1000.000000000000000 ) ;
#94 = FACE_OUTER_BOUND ( 'NONE', #3802, .T. ) ;
#95 = AXIS2_PLACEMENT_3D ( 'NONE', #2810, #3614, #392 ) ;
#96 = VECTOR ( 'NONE', #3006, 1000.000000000000000 ) ;
#97 = ORIENTED_EDGE ( 'NONE', *, *, #2228, .T. ) ;
#98 = CARTESIAN_POINT ( 'NONE',  ( 58.45349566064042790, 65.43054528983439866, 17.54673994159247030 ) ) ;
#99 = ORIENTED_EDGE ( 'NONE', *, *, #82, .F. ) ;
#100 = CARTESIAN_POINT ( 'NONE',  ( -2.969452229434982105, 4.048649962794844903, 11.66000000000002856 ) ) ;
#101 = FACE_OUTER_BOUND ( 'NONE', #3486, .T. ) ;
#102 = EDGE_LOOP ( 'NONE', ( #1166, #492, #3582, #1345, #1311, #3250, #161, #508 ) ) ;
#103 = CYLINDRICAL_SURFACE ( 'NONE', #1888, 0.5000000000000004441 ) ;
#104 = EDGE_CURVE ( 'NONE', #232, #2273, #1674, .T. ) ;
#105 = CARTESIAN_POINT ( 'NONE',  ( 56.59054777056508811, 52.11776721078238239, 6.029999999999608562 ) ) ;
#106 = EDGE_CURVE ( 'NONE', #1841, #2834, #1711, .T. ) ;
#107 = ORIENTED_EDGE ( 'NONE', *, *, #609, .F. ) ;
#108 = ADVANCED_FACE ( 'NONE', ( #2576 ), #1865, .T. ) ;
#109 = DIRECTION ( 'NONE',  ( -1.000000000000000000, 1.309010496964126249E-16, 6.982962677686267499E-15 ) ) ;
#110 = ORIENTED_EDGE ( 'NONE', *, *, #3621, .T. ) ;
#111 = LINE ( 'NONE', #426, #1325 ) ;
#112 = DIRECTION ( 'NONE',  ( 7.228014483236698330E-15, 0.000000000000000000, 1.000000000000000000 ) ) ;
#113 = ORIENTED_EDGE ( 'NONE', *, *, #3724, .F. ) ;
#114 = DIRECTION ( 'NONE',  ( 1.000000000000000000, 0.000000000000000000, -6.887872625202027241E-15 ) ) ;
#115 = CARTESIAN_POINT ( 'NONE',  ( 58.69054777056511085, 72.30864996279485979, 13.57166666666626398 ) ) ;
#116 = DIRECTION ( 'NONE',  ( 1.000000000000000000, 0.000000000000000000, -6.938893903907222067E-15 ) ) ;
#117 = DIRECTION ( 'NONE',  ( -0.000000000000000000, 1.000000000000000000, -0.000000000000000000 ) ) ;
#118 = ORIENTED_EDGE ( 'NONE', *, *, #889, .T. ) ;
#119 = DIRECTION ( 'NONE',  ( 0.000000000000000000, -0.000000000000000000, 1.000000000000000000 ) ) ;
#120 = CARTESIAN_POINT ( 'NONE',  ( 58.69054777056499717, 52.11776721078237529, 6.029999999999593463 ) ) ;
#121 = ORIENTED_EDGE ( 'NONE', *, *, #3367, .F. ) ;
#122 = EDGE_CURVE ( 'NONE', #2458, #1405, #3594, .T. ) ;
#123 = CARTESIAN_POINT ( 'NONE',  ( 0.2635320128424245012, 15.41868555753940484, -4.219999999999999751 ) ) ;
#124 = ORIENTED_EDGE ( 'NONE', *, *, #1950, .F. ) ;
#125 = LINE ( 'NONE', #745, #2440 ) ;
#126 = EDGE_CURVE ( 'NONE', #1092, #3481, #2635, .T. ) ;
#127 = CARTESIAN_POINT ( 'NONE',  ( 53.59054777056508811, 55.82672194075486516, -4.220000000000374563 ) ) ;
#128 = ORIENTED_EDGE ( 'NONE', *, *, #2324, .T. ) ;
#129 = CARTESIAN_POINT ( 'NONE',  ( 8.259691434521279518, 71.14864996279486320, 10.61308499999999988 ) ) ;
#130 = LINE ( 'NONE', #3393, #2978 ) ;
#131 = VERTEX_POINT ( 'NONE', #2336 ) ;
#132 = DIRECTION ( 'NONE',  ( 1.000000000000000000, 0.000000000000000000, 0.000000000000000000 ) ) ;
#133 = ORIENTED_EDGE ( 'NONE', *, *, #932, .T. ) ;
#134 = DIRECTION ( 'NONE',  ( -0.000000000000000000, 1.000000000000000000, -0.000000000000000000 ) ) ;
#135 = VERTEX_POINT ( 'NONE', #14 ) ;
#136 = DIRECTION ( 'NONE',  ( 9.912705577010325549E-17, -1.000000000000000000, -6.922005307915561482E-31 ) ) ;
#137 = DIRECTION ( 'NONE',  ( -1.000000000000000000, -9.875726538627338513E-17, -0.000000000000000000 ) ) ;
#138 = AXIS2_PLACEMENT_3D ( 'NONE', #2827, #2882, #187 ) ;
#139 = AXIS2_PLACEMENT_3D ( 'NONE', #3272, #3315, #673 ) ;
#140 = CARTESIAN_POINT ( 'NONE',  ( 40.19436216970072451, 54.30864996279486689, -4.220000000000279528 ) ) ;
#141 = VERTEX_POINT ( 'NONE', #3568 ) ;
#142 = CARTESIAN_POINT ( 'NONE',  ( -1.069452229434907142, 41.21098283457539679, 0.2273247201560435193 ) ) ;
#143 = EDGE_CURVE ( 'NONE', #1030, #3313, #2041, .T. ) ;
#144 = PLANE ( 'NONE',  #1146 ) ;
#145 = CIRCLE ( 'NONE', #3356, 6.999999999999999112 ) ;
#146 = AXIS2_PLACEMENT_3D ( 'NONE', #3051, #1608, #2838 ) ;
#147 = CARTESIAN_POINT ( 'NONE',  ( -1.069452229434900703, 6.548649962794847568, -4.219999999999987317 ) ) ;
#148 = ORIENTED_EDGE ( 'NONE', *, *, #1067, .T. ) ;
#149 = CARTESIAN_POINT ( 'NONE',  ( 58.69054777056504690, 49.56776721078237813, 12.77999999999959080 ) ) ;
#150 = AXIS2_PLACEMENT_3D ( 'NONE', #873, #2099, #1441 ) ;
#151 = ADVANCED_FACE ( 'NONE', ( #2941 ), #2376, .F. ) ;
#152 = DIRECTION ( 'NONE',  ( -1.000000000000000000, 9.219896231606734370E-17, 6.982962677686269077E-15 ) ) ;
#153 = CARTESIAN_POINT ( 'NONE',  ( -2.969452229434966117, 3.903083579747203213, 13.86000000000003141 ) ) ;
#154 = AXIS2_PLACEMENT_3D ( 'NONE', #1966, #483, #499 ) ;
#155 = CIRCLE ( 'NONE', #2799, 0.5000000000000004441 ) ;
#156 = VECTOR ( 'NONE', #1401, 1000.000000000000000 ) ;
#157 = DIRECTION ( 'NONE',  ( -0.000000000000000000, 0.000000000000000000, -1.000000000000000000 ) ) ;
#158 = ORIENTED_EDGE ( 'NONE', *, *, #2036, .F. ) ;
#159 = DIRECTION ( 'NONE',  ( -0.000000000000000000, -0.000000000000000000, 1.000000000000000000 ) ) ;
#160 = ADVANCED_FACE ( 'NONE', ( #262, #3550, #1140 ), #907, .T. ) ;
#161 = ORIENTED_EDGE ( 'NONE', *, *, #578, .F. ) ;
#162 = VECTOR ( 'NONE', #2059, 1000.000000000000000 ) ;
#163 = CARTESIAN_POINT ( 'NONE',  ( 58.69054777056491190, 64.50512128009657431, -5.220000000000410978 ) ) ;
#164 = DIRECTION ( 'NONE',  ( 0.000000000000000000, -1.000000000000000000, 0.000000000000000000 ) ) ;
#165 = DIRECTION ( 'NONE',  ( -0.000000000000000000, 0.000000000000000000, 1.000000000000000000 ) ) ;
#166 = ORIENTED_EDGE ( 'NONE', *, *, #2556, .F. ) ;
#167 = DIRECTION ( 'NONE',  ( -1.000000000000000000, 9.219896231606733138E-17, 0.000000000000000000 ) ) ;
#168 = LINE ( 'NONE', #2587, #3772 ) ;
#169 = VERTEX_POINT ( 'NONE', #40 ) ;
#170 = DIRECTION ( 'NONE',  ( 6.991222571849442154E-15, -6.445834664451861014E-31, 1.000000000000000000 ) ) ;
#171 = CARTESIAN_POINT ( 'NONE',  ( 58.69054777056490479, 63.30864996279486689, -5.220000000000410090 ) ) ;
#172 = CARTESIAN_POINT ( 'NONE',  ( -1.069452229434906698, 56.74080019508361517, -4.219999999999987317 ) ) ;
#173 = EDGE_CURVE ( 'NONE', #2158, #2508, #2665, .T. ) ;
#174 = LINE ( 'NONE', #1718, #3662 ) ;
#175 = EDGE_LOOP ( 'NONE', ( #3719, #2048 ) ) ;
#176 = FACE_OUTER_BOUND ( 'NONE', #3743, .T. ) ;
#177 = ORIENTED_EDGE ( 'NONE', *, *, #1172, .F. ) ;
#178 = ADVANCED_FACE ( 'NONE', ( #635 ), #1731, .F. ) ;
#179 = CARTESIAN_POINT ( 'NONE',  ( 57.69054777056509664, 4.048649962794852009, 22.28000000000000114 ) ) ;
#180 = CARTESIAN_POINT ( 'NONE',  ( -1.069452229434894930, 54.33089438946936411, -2.719999999999999751 ) ) ;
#181 = CARTESIAN_POINT ( 'NONE',  ( -2.969452229434965673, 4.048649962794852009, 13.86000000000002785 ) ) ;
#182 = ORIENTED_EDGE ( 'NONE', *, *, #1307, .T. ) ;
#183 = DIRECTION ( 'NONE',  ( 1.000000000000000000, 0.000000000000000000, -6.887872625202027241E-15 ) ) ;
#184 = CYLINDRICAL_SURFACE ( 'NONE', #3537, 5.999999999999998224 ) ;
#185 = ORIENTED_EDGE ( 'NONE', *, *, #851, .T. ) ;
#186 = DIRECTION ( 'NONE',  ( -1.000000000000000000, 3.539674085816207796E-17, 0.000000000000000000 ) ) ;
#187 = DIRECTION ( 'NONE',  ( 0.000000000000000000, -1.000000000000000000, 0.000000000000000000 ) ) ;
#188 = DIRECTION ( 'NONE',  ( 9.912705577010325549E-17, -1.000000000000000000, -1.337602776226110445E-30 ) ) ;
#189 = CARTESIAN_POINT ( 'NONE',  ( -1.969452229434907720, 4.048649962794846680, 20.98000000000000043 ) ) ;
#190 = LINE ( 'NONE', #844, #93 ) ;
#191 = VERTEX_POINT ( 'NONE', #2315 ) ;
#192 = CARTESIAN_POINT ( 'NONE',  ( 56.59054777056508811, 62.54864996279485467, 17.38272043847116421 ) ) ;
#193 = ORIENTED_EDGE ( 'NONE', *, *, #3621, .F. ) ;
#194 = ADVANCED_FACE ( 'NONE', ( #3489 ), #842, .F. ) ;
#195 = DIRECTION ( 'NONE',  ( -6.991222571849442943E-15, 6.445834664451861890E-31, -1.000000000000000000 ) ) ;
#196 = EDGE_CURVE ( 'NONE', #2955, #792, #2604, .T. ) ;
#197 = CARTESIAN_POINT ( 'NONE',  ( -1.069452229434900037, 28.93165160576892347, 2.073270614191332406 ) ) ;
#198 = ORIENTED_EDGE ( 'NONE', *, *, #1521, .T. ) ;
#199 = EDGE_CURVE ( 'NONE', #933, #365, #1838, .T. ) ;
#200 = FACE_OUTER_BOUND ( 'NONE', #2026, .T. ) ;
#201 = CIRCLE ( 'NONE', #2477, 3.000000000000002665 ) ;
#202 = AXIS2_PLACEMENT_3D ( 'NONE', #939, #594, #2429 ) ;
#203 = DIRECTION ( 'NONE',  ( -6.991222571849442943E-15, 6.445834664451861890E-31, -1.000000000000000000 ) ) ;
#204 = EDGE_LOOP ( 'NONE', ( #128, #2776, #17, #1843 ) ) ;
#205 = CARTESIAN_POINT ( 'NONE',  ( -2.969452229434901280, 72.30864996279485979, 22.28000000000002245 ) ) ;
#206 = PRESENTATION_STYLE_ASSIGNMENT (( #3130 ) ) ;
#207 = CARTESIAN_POINT ( 'NONE',  ( -0.9280505273036084857, 5.148782323749534484, 12.61425690130690747 ) ) ;
#208 = DIRECTION ( 'NONE',  ( 0.000000000000000000, 0.000000000000000000, 1.000000000000000000 ) ) ;
#209 = VECTOR ( 'NONE', #1614, 1000.000000000000000 ) ;
#210 = AXIS2_PLACEMENT_3D ( 'NONE', #887, #3324, #3590 ) ;
#211 = DIRECTION ( 'NONE',  ( -1.000000000000000000, 0.000000000000000000, 0.000000000000000000 ) ) ;
#212 = CIRCLE ( 'NONE', #3041, 0.6000000000000015321 ) ;
#213 = VERTEX_POINT ( 'NONE', #1222 ) ;
#214 = DIRECTION ( 'NONE',  ( -1.000000000000000000, 0.000000000000000000, 6.938893903907226800E-15 ) ) ;
#215 = ORIENTED_EDGE ( 'NONE', *, *, #421, .F. ) ;
#216 = VECTOR ( 'NONE', #433, 1000.000000000000000 ) ;
#217 = CIRCLE ( 'NONE', #410, 7.000000000000000888 ) ;
#218 = EDGE_CURVE ( 'NONE', #1534, #3375, #566, .T. ) ;
#219 = FACE_OUTER_BOUND ( 'NONE', #886, .T. ) ;
#220 = VECTOR ( 'NONE', #2351, 1000.000000000000000 ) ;
#221 = ADVANCED_FACE ( 'NONE', ( #308 ), #2040, .F. ) ;
#222 = VERTEX_POINT ( 'NONE', #569 ) ;
#223 = EDGE_CURVE ( 'NONE', #450, #1365, #3275, .T. ) ;
#224 = DIRECTION ( 'NONE',  ( -0.000000000000000000, -0.000000000000000000, -1.000000000000000000 ) ) ;
#225 = ORIENTED_EDGE ( 'NONE', *, *, #656, .T. ) ;
#226 = CARTESIAN_POINT ( 'NONE',  ( 56.59054777056508811, 49.56776721078237813, 6.629999999999609095 ) ) ;
#227 = DIRECTION ( 'NONE',  ( -1.000000000000000000, -9.875726538627338513E-17, 0.000000000000000000 ) ) ;
#228 = CARTESIAN_POINT ( 'NONE',  ( 57.27231583234735979, 65.87643152246384659, 22.28000000000000114 ) ) ;
#229 = CARTESIAN_POINT ( 'NONE',  ( 44.06796696710274830, 69.54864996279485467, 4.508361965348512967 ) ) ;
#230 = MANIFOLD_SOLID_BREP ( 'Fillet13', #642 ) ;
#231 = CYLINDRICAL_SURFACE ( 'NONE', #1019, 0.6000000000000024203 ) ;
#232 = VERTEX_POINT ( 'NONE', #1102 ) ;
#233 = CARTESIAN_POINT ( 'NONE',  ( 13.19436216970071385, 30.70864996162471527, -5.220000000000092122 ) ) ;
#234 = ORIENTED_EDGE ( 'NONE', *, *, #3498, .F. ) ;
#235 = CARTESIAN_POINT ( 'NONE',  ( 4.030547770565100052, 72.30864996279485979, 22.27999999999997272 ) ) ;
#236 = DIRECTION ( 'NONE',  ( 0.000000000000000000, -1.000000000000000000, 0.000000000000000000 ) ) ;
#237 = ORIENTED_EDGE ( 'NONE', *, *, #1641, .T. ) ;
#238 = DIRECTION ( 'NONE',  ( -1.000000000000000000, 9.219896231606733138E-17, 6.982962677686268288E-15 ) ) ;
#239 = ADVANCED_FACE ( 'NONE', ( #1673 ), #1465, .F. ) ;
#240 = DIRECTION ( 'NONE',  ( 0.000000000000000000, -1.000000000000000000, -0.000000000000000000 ) ) ;
#241 = ORIENTED_EDGE ( 'NONE', *, *, #2168, .T. ) ;
#242 = CARTESIAN_POINT ( 'NONE',  ( 0.4856960532219782301, 53.83089438946936411, -4.219999999999999751 ) ) ;
#243 = DIRECTION ( 'NONE',  ( 0.000000000000000000, 0.000000000000000000, 1.000000000000000000 ) ) ;
#244 = CARTESIAN_POINT ( 'NONE',  ( 55.72007038796986222, 68.59227218533898451, 22.28000000000000114 ) ) ;
#245 = CARTESIAN_POINT ( 'NONE',  ( 4.030547770565093835, -1.951350037205149768, 20.98000000000000043 ) ) ;
#246 = ADVANCED_FACE ( 'NONE', ( #1139 ), #3147, .T. ) ;
#247 = PLANE ( 'NONE',  #2251 ) ;
#248 = ORIENTED_EDGE ( 'NONE', *, *, #2250, .T. ) ;
#249 = CARTESIAN_POINT ( 'NONE',  ( -1.069452229434906032, 50.37502496992322421, -4.219999999999987317 ) ) ;
#250 = ORIENTED_EDGE ( 'NONE', *, *, #1067, .F. ) ;
#251 = CARTESIAN_POINT ( 'NONE',  ( 55.18232464189361508, 9.603415088687546231, -2.719999999999999751 ) ) ;
#252 =( BOUNDED_CURVE ( )  B_SPLINE_CURVE ( 3, ( #2972, #1459, #2424, #610 ),
 .UNSPECIFIED., .F., .T. ) 
 B_SPLINE_CURVE_WITH_KNOTS ( ( 4, 4 ),
 ( 1.847299016999565779, 3.141592653589793116 ),
 .UNSPECIFIED. ) 
 CURVE ( )  GEOMETRIC_REPRESENTATION_ITEM ( )  RATIONAL_B_SPLINE_CURVE ( ( 1.000000000000000000, 0.8652048417808423375, 0.8652048417808423375, 1.000000000000000000 ) ) 
 REPRESENTATION_ITEM ( '' )  );
#253 = CARTESIAN_POINT ( 'NONE',  ( 55.38349937456096939, 10.54045823734182896, -4.219999999999999751 ) ) ;
#254 = VERTEX_POINT ( 'NONE', #1426 ) ;
#255 = ORIENTED_EDGE ( 'NONE', *, *, #3042, .F. ) ;
#256 = FACE_OUTER_BOUND ( 'NONE', #204, .T. ) ;
#257 = EDGE_CURVE ( 'NONE', #450, #2914, #2300, .T. ) ;
#258 = AXIS2_PLACEMENT_3D ( 'NONE', #3191, #2275, #551 ) ;
#259 = VERTEX_POINT ( 'NONE', #3431 ) ;
#260 = DIRECTION ( 'NONE',  ( 0.000000000000000000, -1.000000000000000000, 0.000000000000000000 ) ) ;
#261 = CARTESIAN_POINT ( 'NONE',  ( 57.69054777056510375, 63.83648064497893415, 20.98000000000000043 ) ) ;
#262 = FACE_BOUND ( 'NONE', #3665, .T. ) ;
#263 = DIRECTION ( 'NONE',  ( -6.991222571849442943E-15, 6.445834664451861890E-31, -1.000000000000000000 ) ) ;
#264 = AXIS2_PLACEMENT_3D ( 'NONE', #1326, #165, #3347 ) ;
#265 = DIRECTION ( 'NONE',  ( 0.000000000000000000, -1.000000000000000000, -0.000000000000000000 ) ) ;
#266 = EDGE_CURVE ( 'NONE', #3264, #607, #1350, .T. ) ;
#267 = VERTEX_POINT ( 'NONE', #2867 ) ;
#268 = FACE_OUTER_BOUND ( 'NONE', #667, .T. ) ;
#269 = AXIS2_PLACEMENT_3D ( 'NONE', #1280, #3058, #2786 ) ;
#270 = VERTEX_POINT ( 'NONE', #1411 ) ;
#271 = CIRCLE ( 'NONE', #3351, 1.000000000000000888 ) ;
#272 = VECTOR ( 'NONE', #1129, 1000.000000000000000 ) ;
#273 = AXIS2_PLACEMENT_3D ( 'NONE', #1104, #1659, #3449 ) ;
#274 = DIRECTION ( 'NONE',  ( -1.000000000000000000, 0.000000000000000000, 0.000000000000000000 ) ) ;
#275 = EDGE_CURVE ( 'NONE', #607, #2446, #201, .T. ) ;
#276 = ORIENTED_EDGE ( 'NONE', *, *, #1033, .F. ) ;
#277 = CARTESIAN_POINT ( 'NONE',  ( -2.969452229435093571, 72.30864996279485979, -5.219999999999979323 ) ) ;
#278 = DIRECTION ( 'NONE',  ( -6.982962677686267499E-15, 0.000000000000000000, -1.000000000000000000 ) ) ;
#279 = AXIS2_PLACEMENT_3D ( 'NONE', #2170, #2190, #119 ) ;
#280 = VECTOR ( 'NONE', #1329, 1000.000000000000000 ) ;
#281 = CIRCLE ( 'NONE', #2444, 0.5000000000000004441 ) ;
#282 = VECTOR ( 'NONE', #1704, 1000.000000000000000 ) ;
#283 = CARTESIAN_POINT ( 'NONE',  ( 4.345808297423050526, 69.37701118804810108, 7.034848361945501338 ) ) ;
#284 = EDGE_LOOP ( 'NONE', ( #2382, #476, #47, #2526 ) ) ;
#285 = ORIENTED_EDGE ( 'NONE', *, *, #1566, .F. ) ;
#286 = VECTOR ( 'NONE', #3372, 1000.000000000000000 ) ;
#287 = CARTESIAN_POINT ( 'NONE',  ( 58.69054777056504690, 52.11776721078237529, 12.77999999999959435 ) ) ;
#288 = EDGE_LOOP ( 'NONE', ( #1168, #322, #638, #809 ) ) ;
#289 = DIRECTION ( 'NONE',  ( 0.000000000000000000, 0.000000000000000000, 1.000000000000000000 ) ) ;
#290 = CARTESIAN_POINT ( 'NONE',  ( 49.69054777056511085, 71.30864996279485979, 20.98000000000000043 ) ) ;
#291 = CARTESIAN_POINT ( 'NONE',  ( 57.69054777056511085, 64.36828330937321141, 22.27999999999960323 ) ) ;
#292 = CARTESIAN_POINT ( 'NONE',  ( -2.969452229435056267, 41.21098283457539679, 0.2273247201560567587 ) ) ;
#293 = DIRECTION ( 'NONE',  ( 1.000000000000000000, 0.000000000000000000, -6.991222571849442943E-15 ) ) ;
#294 = ORIENTED_EDGE ( 'NONE', *, *, #106, .F. ) ;
#295 = CARTESIAN_POINT ( 'NONE',  ( 58.69054777056510375, 4.048649962794851120, 22.27999999999959257 ) ) ;
#296 = ORIENTED_EDGE ( 'NONE', *, *, #2015, .F. ) ;
#297 = ADVANCED_FACE ( 'NONE', ( #819 ), #1119, .F. ) ;
#298 = ORIENTED_EDGE ( 'NONE', *, *, #3342, .T. ) ;
#299 = DIRECTION ( 'NONE',  ( 1.000000000000000000, -9.219896231606733138E-17, -6.982962677686267499E-15 ) ) ;
#300 = CARTESIAN_POINT ( 'NONE',  ( 5.930547770565093302, 62.54864996279485467, -4.220000000000043272 ) ) ;
#301 = EDGE_CURVE ( 'NONE', #1080, #1561, #2290, .T. ) ;
#302 = CARTESIAN_POINT ( 'NONE',  ( -1.069452229434894930, 12.92448058129861899, -2.719999999999999751 ) ) ;
#303 = ORIENTED_EDGE ( 'NONE', *, *, #630, .F. ) ;
#304 = VERTEX_POINT ( 'NONE', #2591 ) ;
#305 = CARTESIAN_POINT ( 'NONE',  ( -5.528395281464850264, 49.56776721078237813, 6.630000000000043414 ) ) ;
#306 = ORIENTED_EDGE ( 'NONE', *, *, #61, .F. ) ;
#307 = DIRECTION ( 'NONE',  ( -1.000000000000000000, -9.912705577010325549E-17, -0.000000000000000000 ) ) ;
#308 = FACE_OUTER_BOUND ( 'NONE', #1363, .T. ) ;
#309 = CARTESIAN_POINT ( 'NONE',  ( 49.69054777056511085, 71.30864996279485979, 20.98000000000000043 ) ) ;
#310 = DIRECTION ( 'NONE',  ( 6.991222571849442943E-15, 0.000000000000000000, 1.000000000000000000 ) ) ;
#311 = DIRECTION ( 'NONE',  ( 0.000000000000000000, 0.000000000000000000, 1.000000000000000000 ) ) ;
#312 = ORIENTED_EDGE ( 'NONE', *, *, #932, .F. ) ;
#313 = DIRECTION ( 'NONE',  ( -6.982962677686267499E-15, 0.000000000000000000, -1.000000000000000000 ) ) ;
#314 = ORIENTED_EDGE ( 'NONE', *, *, #199, .F. ) ;
#315 = DIRECTION ( 'NONE',  ( -1.383924790419682323E-16, -1.000000000000000000, 1.383924790419682323E-16 ) ) ;
#316 = PLANE ( 'NONE',  #3106 ) ;
#317 = ORIENTED_EDGE ( 'NONE', *, *, #2257, .T. ) ;
#318 = DIRECTION ( 'NONE',  ( 1.000000000000000000, 0.000000000000000000, -6.991222571849442154E-15 ) ) ;
#319 = ADVANCED_FACE ( 'NONE', ( #1367 ), #2022, .F. ) ;
#320 = ADVANCED_FACE ( 'NONE', ( #3447 ), #1730, .F. ) ;
#321 = LINE ( 'NONE', #28, #3647 ) ;
#322 = ORIENTED_EDGE ( 'NONE', *, *, #1048, .T. ) ;
#323 = ORIENTED_EDGE ( 'NONE', *, *, #1358, .F. ) ;
#324 = CARTESIAN_POINT ( 'NONE',  ( 51.69054777056510375, -1.951350037205147991, 22.28000000000000114 ) ) ;
#325 = EDGE_CURVE ( 'NONE', #913, #1092, #2236, .T. ) ;
#326 = DIRECTION ( 'NONE',  ( 1.000000000000000000, 0.000000000000000000, -6.982962677686267499E-15 ) ) ;
#327 = VERTEX_POINT ( 'NONE', #1657 ) ;
#328 = DIRECTION ( 'NONE',  ( 6.991222571849442154E-15, -6.445834664451860138E-31, 1.000000000000000000 ) ) ;
#329 = CARTESIAN_POINT ( 'NONE',  ( 51.51772305906774818, 71.10345062744671907, 20.98000000000000043 ) ) ;
#330 = DIRECTION ( 'NONE',  ( 0.000000000000000000, -0.000000000000000000, 1.000000000000000000 ) ) ;
#331 = LINE ( 'NONE', #2942, #1512 ) ;
#332 = LINE ( 'NONE', #2657, #2195 ) ;
#333 = ORIENTED_EDGE ( 'NONE', *, *, #3167, .F. ) ;
#334 = CARTESIAN_POINT ( 'NONE',  ( 0.2635320128424245012, 16.89924528820145611, -4.219999999999999751 ) ) ;
#335 = ORIENTED_EDGE ( 'NONE', *, *, #143, .T. ) ;
#336 = CARTESIAN_POINT ( 'NONE',  ( 57.69054777056509664, 63.30864996279486689, 20.98000000000000043 ) ) ;
#337 = VECTOR ( 'NONE', #1898, 1000.000000000000000 ) ;
#338 = EDGE_LOOP ( 'NONE', ( #3700, #688, #1604, #2226 ) ) ;
#339 = CARTESIAN_POINT ( 'NONE',  ( -0.3701871769141727997, 3.490302437504452016, 11.77128094105347067 ) ) ;
#340 = CARTESIAN_POINT ( 'NONE',  ( -1.069452229434258994, -0.4513500372051496567, -4.219999999999987317 ) ) ;
#341 = AXIS2_PLACEMENT_3D ( 'NONE', #3693, #203, #3170 ) ;
#342 = CIRCLE ( 'NONE', #2486, 2.000000001170142205 ) ;
#343 = EDGE_CURVE ( 'NONE', #3313, #384, #875, .T. ) ;
#344 = CIRCLE ( 'NONE', #2548, 1.500000000000004885 ) ;
#345 = AXIS2_PLACEMENT_3D ( 'NONE', #1384, #2554, #2533 ) ;
#346 = CARTESIAN_POINT ( 'NONE',  ( 49.69054777056510375, 72.30864996279485979, 13.57166666666631905 ) ) ;
#347 = ORIENTED_EDGE ( 'NONE', *, *, #143, .F. ) ;
#348 = ORIENTED_EDGE ( 'NONE', *, *, #1902, .F. ) ;
#349 = VECTOR ( 'NONE', #2691, 1000.000000000000000 ) ;
#350 = EDGE_CURVE ( 'NONE', #76, #3684, #10, .T. ) ;
#351 = AXIS2_PLACEMENT_3D ( 'NONE', #3238, #2620, #1165 ) ;
#352 = FACE_BOUND ( 'NONE', #463, .T. ) ;
#353 = DIRECTION ( 'NONE',  ( 0.000000000000000000, 0.000000000000000000, 1.000000000000000000 ) ) ;
#354 = DIRECTION ( 'NONE',  ( 0.000000000000000000, 1.000000000000000000, -2.457524924300463043E-14 ) ) ;
#355 = AXIS2_PLACEMENT_3D ( 'NONE', #3335, #170, #414 ) ;
#356 = PLANE ( 'NONE',  #521 ) ;
#357 = ADVANCED_FACE ( 'NONE', ( #2372 ), #1523, .F. ) ;
#358 = CIRCLE ( 'NONE', #1638, 0.5999999999999998668 ) ;
#359 = FACE_OUTER_BOUND ( 'NONE', #1206, .T. ) ;
#360 = ORIENTED_EDGE ( 'NONE', *, *, #2744, .F. ) ;
#361 = CARTESIAN_POINT ( 'NONE',  ( 5.930547770565100407, 6.548649962794852009, -95.90999724335667054 ) ) ;
#362 = ORIENTED_EDGE ( 'NONE', *, *, #2878, .T. ) ;
#363 = DIRECTION ( 'NONE',  ( -1.000000000000000000, 0.000000000000000000, 0.000000000000000000 ) ) ;
#364 = DIRECTION ( 'NONE',  ( -4.506426480052542937E-45, -1.000000000000000000, -6.445834664451860138E-31 ) ) ;
#365 = VERTEX_POINT ( 'NONE', #3296 ) ;
#366 = CARTESIAN_POINT ( 'NONE',  ( 49.69054777056511085, 71.30864996279485979, 20.98000000000000043 ) ) ;
#367 = DIRECTION ( 'NONE',  ( 0.000000000000000000, 1.000000000000000000, 0.000000000000000000 ) ) ;
#368 = CARTESIAN_POINT ( 'NONE',  ( 5.482737117161504692, 69.54864996279485467, 6.094688013456249109 ) ) ;
#369 = ORIENTED_EDGE ( 'NONE', *, *, #3681, .F. ) ;
#370 = ORIENTED_EDGE ( 'NONE', *, *, #528, .F. ) ;
#371 = PLANE ( 'NONE',  #1933 ) ;
#372 = ORIENTED_EDGE ( 'NONE', *, *, #3685, .T. ) ;
#373 = ADVANCED_FACE ( 'NONE', ( #2710 ), #371, .F. ) ;
#374 = FACE_OUTER_BOUND ( 'NONE', #3516, .T. ) ;
#375 = B_SPLINE_CURVE_WITH_KNOTS ( 'NONE', 3,
 ( #716, #3061, #2182, #3357, #2883, #3115, #1980, #1696, #2505, #207, #1412, #2811, #2522, #516, #2261, #3174, #466, #536 ),
 .UNSPECIFIED., .F., .F.,
 ( 4, 2, 2, 2, 2, 2, 2, 2, 4 ),
 ( 0.000000000000000000, 0.0004397301477989197971, 0.0008794602955978395942, 0.001319190443396759446, 0.001758920591195679188, 0.002198650738994598931, 0.002638380886793518891, 0.003078111034592438417, 0.003517841182391358377 ),
 .UNSPECIFIED. ) ;
#376 = CARTESIAN_POINT ( 'NONE',  ( -2.969452229435051827, 28.33165160576893626, 1.473270614191345862 ) ) ;
#377 = EDGE_LOOP ( 'NONE', ( #2339, #685, #303, #3753 ) ) ;
#378 = LINE ( 'NONE', #639, #1271 ) ;
#379 = EDGE_CURVE ( 'NONE', #1520, #513, #2673, .T. ) ;
#380 = LINE ( 'NONE', #695, #3707 ) ;
#381 = FACE_OUTER_BOUND ( 'NONE', #1260, .T. ) ;
#382 = ORIENTED_EDGE ( 'NONE', *, *, #2293, .T. ) ;
#383 = CARTESIAN_POINT ( 'NONE',  ( 58.69054777056504690, 54.71497247692508381, 14.36625339824359315 ) ) ;
#384 = VERTEX_POINT ( 'NONE', #614 ) ;
#385 = EDGE_LOOP ( 'NONE', ( #853, #2286, #1327, #296 ) ) ;
#386 =( LENGTH_UNIT ( ) NAMED_UNIT ( * ) SI_UNIT ( .MILLI., .METRE. ) );
#387 = LINE ( 'NONE', #1346, #280 ) ;
#388 =( BOUNDED_CURVE ( )  B_SPLINE_CURVE ( 2, ( #3435, #1967, #1396 ),
 .UNSPECIFIED., .F., .T. ) 
 B_SPLINE_CURVE_WITH_KNOTS ( ( 3, 3 ),
 ( 0.002253371837642114631, 0.01083719924703007223 ),
 .UNSPECIFIED. ) 
 CURVE ( )  GEOMETRIC_REPRESENTATION_ITEM ( )  RATIONAL_B_SPLINE_CURVE ( ( 0.9174484279613032145, 0.8032485900088930375, 0.8931585472075258547 ) ) 
 REPRESENTATION_ITEM ( '' )  );
#389 = ADVANCED_FACE ( 'NONE', ( #1789, #3230 ), #2957, .T. ) ;
#390 = CARTESIAN_POINT ( 'NONE',  ( 49.69054777056508954, 72.30864996279487400, 17.35718509944166499 ) ) ;
#391 = ORIENTED_EDGE ( 'NONE', *, *, #1592, .F. ) ;
#392 = DIRECTION ( 'NONE',  ( 1.000000000000000000, 0.000000000000000000, -6.938893903907226800E-15 ) ) ;
#393 = LINE ( 'NONE', #3009, #2847 ) ;
#394 = CARTESIAN_POINT ( 'NONE',  ( 43.19436216853057431, 30.70864996279484771, -5.220000000000301732 ) ) ;
#395 = EDGE_CURVE ( 'NONE', #1047, #2918, #35, .T. ) ;
#396 = CARTESIAN_POINT ( 'NONE',  ( 49.59054777056508811, 69.54864996279485467, 17.60593378890962413 ) ) ;
#397 = ORIENTED_EDGE ( 'NONE', *, *, #2713, .T. ) ;
#398 = DIRECTION ( 'NONE',  ( -6.982962677686268288E-15, -1.383924790419672709E-16, -1.000000000000000000 ) ) ;
#399 = EDGE_CURVE ( 'NONE', #254, #3334, #2126, .T. ) ;
#400 = VECTOR ( 'NONE', #707, 1000.000000000000000 ) ;
#401 = AXIS2_PLACEMENT_3D ( 'NONE', #2164, #2714, #73 ) ;
#402 = VECTOR ( 'NONE', #1369, 1000.000000000000000 ) ;
#403 = ORIENTED_EDGE ( 'NONE', *, *, #1151, .F. ) ;
#404 = AXIS2_PLACEMENT_3D ( 'NONE', #245, #1429, #3506 ) ;
#405 = CARTESIAN_POINT ( 'NONE',  ( 0.03054777056501872465, 4.048649962794844903, 11.66000000000000725 ) ) ;
#406 = ORIENTED_EDGE ( 'NONE', *, *, #2875, .T. ) ;
#407 = DIRECTION ( 'NONE',  ( 0.000000000000000000, -1.000000000000000000, 0.000000000000000000 ) ) ;
#408 = DIRECTION ( 'NONE',  ( 1.000000000000000000, -0.000000000000000000, -6.982962677686267499E-15 ) ) ;
#409 = AXIS2_PLACEMENT_3D ( 'NONE', #2991, #3573, #2357 ) ;
#410 = AXIS2_PLACEMENT_3D ( 'NONE', #1029, #3363, #132 ) ;
#411 = LINE ( 'NONE', #1856, #209 ) ;
#412 = VECTOR ( 'NONE', #2536, 1000.000000000000000 ) ;
#413 = ORIENTED_EDGE ( 'NONE', *, *, #2875, .F. ) ;
#414 = DIRECTION ( 'NONE',  ( 1.000000000000000000, 0.000000000000000000, -6.938893903907222067E-15 ) ) ;
#415 = CARTESIAN_POINT ( 'NONE',  ( 49.69054777056510375, 72.30864996279485979, 13.57166666666631905 ) ) ;
#416 = CARTESIAN_POINT ( 'NONE',  ( -2.969452229435050938, 19.53054385779617874, 1.473270614191346306 ) ) ;
#417 = ORIENTED_EDGE ( 'NONE', *, *, #3655, .T. ) ;
#418 = PLANE ( 'NONE',  #3299 ) ;
#419 = EDGE_CURVE ( 'NONE', #1622, #1149, #966, .T. ) ;
#420 = DIRECTION ( 'NONE',  ( 1.000000000000000000, 0.000000000000000000, -6.938893903907229167E-15 ) ) ;
#421 = EDGE_CURVE ( 'NONE', #1995, #3304, #701, .T. ) ;
#422 = ORIENTED_EDGE ( 'NONE', *, *, #218, .T. ) ;
#423 = DIRECTION ( 'NONE',  ( -6.991222571849442943E-15, 6.445834664451861890E-31, -1.000000000000000000 ) ) ;
#424 = ORIENTED_EDGE ( 'NONE', *, *, #485, .F. ) ;
#425 =( NAMED_UNIT ( * ) SI_UNIT ( $, .STERADIAN. ) SOLID_ANGLE_UNIT ( ) );
#426 = CARTESIAN_POINT ( 'NONE',  ( -1.069452229434901369, 12.92448058129861899, -2.719999999999999751 ) ) ;
#427 = CARTESIAN_POINT ( 'NONE',  ( 51.69054777056490479, 4.048649962794851120, -5.220000000000359464 ) ) ;
#428 = ORIENTED_EDGE ( 'NONE', *, *, #301, .F. ) ;
#429 = DIRECTION ( 'NONE',  ( 0.000000000000000000, 0.000000000000000000, 1.000000000000000000 ) ) ;
#430 = DIRECTION ( 'NONE',  ( 0.000000000000000000, 0.000000000000000000, -1.000000000000000000 ) ) ;
#431 = CARTESIAN_POINT ( 'NONE',  ( 4.030547770564899324, -2.951350037205148880, 20.98000000000000043 ) ) ;
#432 = VERTEX_POINT ( 'NONE', #3016 ) ;
#433 = DIRECTION ( 'NONE',  ( -0.000000000000000000, -0.000000000000000000, -1.000000000000000000 ) ) ;
#434 = CARTESIAN_POINT ( 'NONE',  ( -1.069452229434907142, 53.59604800156340332, -1.749304498602572089 ) ) ;
#435 = EDGE_CURVE ( 'NONE', #727, #1388, #1323, .T. ) ;
#436 = DIRECTION ( 'NONE',  ( -6.991222571849442943E-15, 6.445834664451861890E-31, -1.000000000000000000 ) ) ;
#437 = EDGE_CURVE ( 'NONE', #1622, #45, #3471, .T. ) ;
#438 = CARTESIAN_POINT ( 'NONE',  ( 56.48685887654563231, 63.94820354145341668, 17.60593378890961702 ) ) ;
#439 = ORIENTED_EDGE ( 'NONE', *, *, #1688, .F. ) ;
#440 = DIRECTION ( 'NONE',  ( 6.982962677686268288E-15, 1.050493145930697640E-16, 1.000000000000000000 ) ) ;
#441 = EDGE_CURVE ( 'NONE', #3530, #1016, #1631, .T. ) ;
#442 = CARTESIAN_POINT ( 'NONE',  ( -5.528395281464808519, 52.71776721078237671, 12.78000000000004377 ) ) ;
#443 = ORIENTED_EDGE ( 'NONE', *, *, #421, .T. ) ;
#444 = CARTESIAN_POINT ( 'NONE',  ( 58.69054777056506822, 63.30864996279486689, 17.04536563142502459 ) ) ;
#445 = PLANE ( 'NONE',  #2731 ) ;
#446 = CARTESIAN_POINT ( 'NONE',  ( -2.914593995032623841, 3.167955075289548450, 13.43481470550363355 ) ) ;
#447 = CARTESIAN_POINT ( 'NONE',  ( 49.47106732100647974, 69.54864996279485467, 17.60593378890962057 ) ) ;
#448 = ORIENTED_EDGE ( 'NONE', *, *, #1680, .F. ) ;
#449 = DIRECTION ( 'NONE',  ( -0.000000000000000000, -0.000000000000000000, -1.000000000000000000 ) ) ;
#450 = VERTEX_POINT ( 'NONE', #1940 ) ;
#451 = B_SPLINE_CURVE_WITH_KNOTS ( 'NONE', 3,
 ( #2016, #544, #2840, #3425, #1956, #2876, #1436, #3141, #1420, #3758, #1157, #2328, #1130, #1723, #2891, #2252, #2033, #3201, #1651, #3124, #1804, #3799, #898, #2912, #283, #3248, #368, #3515 ),
 .UNSPECIFIED., .F., .F.,
 ( 4, 2, 2, 2, 2, 2, 2, 2, 2, 2, 2, 2, 2, 4 ),
 ( 3.878959614448864246E-18, 0.001472805726685782286, 0.002209208590028673320, 0.002945611453371564572, 0.003682014316714456257, 0.004418417180057347508, 0.005154820043400239193, 0.005891222906743130878, 0.006627625770086022564, 0.007364028633428915116, 0.008100431496771805934, 0.008836834360114698486, 0.01030964008680048012, 0.01178244581348626176 ),
 .UNSPECIFIED. ) ;
#452 = DIRECTION ( 'NONE',  ( 6.991222571849442154E-15, -6.445834664451861014E-31, 1.000000000000000000 ) ) ;
#453 = CARTESIAN_POINT ( 'NONE',  ( 1.930547770565098631, 12.92448058129861899, -2.719999999999999751 ) ) ;
#454 = EDGE_CURVE ( 'NONE', #2128, #3099, #3602, .T. ) ;
#455 = AXIS2_PLACEMENT_3D ( 'NONE', #1079, #2807, #1347 ) ;
#456 = AXIS2_PLACEMENT_3D ( 'NONE', #3634, #995, #3107 ) ;
#457 = LINE ( 'NONE', #3054, #3031 ) ;
#458 = PLANE ( 'NONE',  #2549 ) ;
#459 = ADVANCED_FACE ( 'NONE', ( #3370 ), #743, .F. ) ;
#460 = CIRCLE ( 'NONE', #955, 0.5999999999999998668 ) ;
#461 = AXIS2_PLACEMENT_3D ( 'NONE', #2514, #1626, #2747 ) ;
#462 = CYLINDRICAL_SURFACE ( 'NONE', #455, 0.5000000000000002220 ) ;
#463 = EDGE_LOOP ( 'NONE', ( #1769, #575 ) ) ;
#464 = LINE ( 'NONE', #1640, #831 ) ;
#465 = CIRCLE ( 'NONE', #2802, 1.000000000000000888 ) ;
#466 = CARTESIAN_POINT ( 'NONE',  ( -0.6602482552440709362, 4.185818263189883481, 11.66000000000007830 ) ) ;
#467 = ADVANCED_FACE ( 'NONE', ( #2750 ), #1611, .F. ) ;
#468 = VECTOR ( 'NONE', #3546, 1000.000000000000000 ) ;
#469 = AXIS2_PLACEMENT_3D ( 'NONE', #2625, #1374, #1152 ) ;
#470 = CARTESIAN_POINT ( 'NONE',  ( -2.969452229435040724, 53.59604800156340332, 2.203953938914669841 ) ) ;
#471 = EDGE_LOOP ( 'NONE', ( #2565, #911, #3185, #2708 ) ) ;
#472 = CARTESIAN_POINT ( 'NONE',  ( 0.4856960532219778970, 53.83089438946936411, -2.719999999999999751 ) ) ;
#473 = ORIENTED_EDGE ( 'NONE', *, *, #828, .F. ) ;
#474 = FACE_OUTER_BOUND ( 'NONE', #1063, .T. ) ;
#475 = CARTESIAN_POINT ( 'NONE',  ( 55.38349937456096939, 10.54045823734182896, -2.719999999999999751 ) ) ;
#476 = ORIENTED_EDGE ( 'NONE', *, *, #2036, .T. ) ;
#477 = CYLINDRICAL_SURFACE ( 'NONE', #1574, 3.000000000000002665 ) ;
#478 = DIRECTION ( 'NONE',  ( 7.020936286943154457E-15, 0.000000000000000000, 1.000000000000000000 ) ) ;
#479 = ADVANCED_FACE ( 'NONE', ( #689, #1905 ), #3084, .T. ) ;
#480 = ORIENTED_EDGE ( 'NONE', *, *, #173, .F. ) ;
#481 = DIRECTION ( 'NONE',  ( 0.000000000000000000, 0.000000000000000000, 1.000000000000000000 ) ) ;
#482 = CARTESIAN_POINT ( 'NONE',  ( 44.06796696710274830, 69.54864996279485467, 17.60593378890961702 ) ) ;
#483 = DIRECTION ( 'NONE',  ( -0.000000000000000000, -0.000000000000000000, -1.000000000000000000 ) ) ;
#484 = CARTESIAN_POINT ( 'NONE',  ( 0.4856960532219782301, 16.48354445882798913, -2.719999999999999751 ) ) ;
#485 = EDGE_CURVE ( 'NONE', #131, #3202, #3403, .T. ) ;
#486 = ORIENTED_EDGE ( 'NONE', *, *, #2228, .F. ) ;
#487 = CARTESIAN_POINT ( 'NONE',  ( 45.19436216970071740, 54.30864996279486689, -4.220000000000314166 ) ) ;
#488 = ORIENTED_EDGE ( 'NONE', *, *, #1527, .F. ) ;
#489 = EDGE_CURVE ( 'NONE', #2461, #1995, #2160, .T. ) ;
#490 = CARTESIAN_POINT ( 'NONE',  ( 8.259691434521279518, 87.68274518145474872, 10.61308479999999932 ) ) ;
#491 = FACE_OUTER_BOUND ( 'NONE', #612, .T. ) ;
#492 = ORIENTED_EDGE ( 'NONE', *, *, #628, .T. ) ;
#493 = DIRECTION ( 'NONE',  ( -1.000000000000000000, 0.000000000000000000, 0.000000000000000000 ) ) ;
#494 = FACE_OUTER_BOUND ( 'NONE', #385, .T. ) ;
#495 = ORIENTED_EDGE ( 'NONE', *, *, #3477, .F. ) ;
#496 = DIRECTION ( 'NONE',  ( 1.000000000000000000, -9.219896231606733138E-17, -6.982962677686268288E-15 ) ) ;
#497 = CARTESIAN_POINT ( 'NONE',  ( 57.09054777056508811, 51.14276721078237387, 17.19999999999961204 ) ) ;
#498 = CARTESIAN_POINT ( 'NONE',  ( 57.48846704176848021, 65.12157199817761466, 22.28000000000000114 ) ) ;
#499 = DIRECTION ( 'NONE',  ( -1.000000000000000000, 0.000000000000000000, 0.000000000000000000 ) ) ;
#500 = CARTESIAN_POINT ( 'NONE',  ( 51.69054777056510375, -2.951350037205148880, 22.27999999999963876 ) ) ;
#501 = VERTEX_POINT ( 'NONE', #1892 ) ;
#502 = CYLINDRICAL_SURFACE ( 'NONE', #3478, 5.000000000000000888 ) ;
#503 = ORIENTED_EDGE ( 'NONE', *, *, #1641, .F. ) ;
#504 = EDGE_CURVE ( 'NONE', #3206, #2953, #457, .T. ) ;
#505 = DIRECTION ( 'NONE',  ( -1.000000000000000000, 9.219896231606733138E-17, 6.982962677686268288E-15 ) ) ;
#506 = EDGE_CURVE ( 'NONE', #1662, #857, #726, .T. ) ;
#507 = DIRECTION ( 'NONE',  ( 0.000000000000000000, -1.000000000000000000, 0.000000000000000000 ) ) ;
#508 = ORIENTED_EDGE ( 'NONE', *, *, #2748, .T. ) ;
#509 = DIRECTION ( 'NONE',  ( 0.000000000000000000, 0.000000000000000000, 1.000000000000000000 ) ) ;
#510 = AXIS2_PLACEMENT_3D ( 'NONE', #1198, #2677, #3524 ) ;
#511 = AXIS2_PLACEMENT_3D ( 'NONE', #2584, #3165, #530 ) ;
#512 = CARTESIAN_POINT ( 'NONE',  ( -1.069452229434900037, 28.93165160576893769, 1.473270614191332317 ) ) ;
#513 = VERTEX_POINT ( 'NONE', #123 ) ;
#514 = DIRECTION ( 'NONE',  ( 1.000000000000000000, -0.000000000000000000, -7.011174048739593499E-15 ) ) ;
#515 = DIRECTION ( 'NONE',  ( -6.991222571849442154E-15, 6.445834664451861014E-31, -1.000000000000000000 ) ) ;
#516 = CARTESIAN_POINT ( 'NONE',  ( -0.8247977840249782755, 4.710989226068646119, 11.86967981605670275 ) ) ;
#517 = CYLINDRICAL_SURFACE ( 'NONE', #1077, 0.5999999999999998668 ) ;
#518 = CIRCLE ( 'NONE', #580, 7.000000000000000000 ) ;
#519 = DIRECTION ( 'NONE',  ( -7.228014483236666776E-15, 0.000000000000000000, -1.000000000000000000 ) ) ;
#520 = AXIS2_PLACEMENT_3D ( 'NONE', #565, #593, #1748 ) ;
#521 = AXIS2_PLACEMENT_3D ( 'NONE', #3277, #636, #3809 ) ;
#522 = ORIENTED_EDGE ( 'NONE', *, *, #2885, .F. ) ;
#523 = CARTESIAN_POINT ( 'NONE',  ( 56.59054777056508811, 51.11513269832015993, 15.22496984761028216 ) ) ;
#524 = VERTEX_POINT ( 'NONE', #2515 ) ;
#525 = AXIS2_PLACEMENT_3D ( 'NONE', #3469, #2872, #2597 ) ;
#526 = DIRECTION ( 'NONE',  ( 1.000000000000000000, 0.000000000000000000, 0.000000000000000000 ) ) ;
#527 = CIRCLE ( 'NONE', #2139, 0.6000000000000033085 ) ;
#528 = EDGE_CURVE ( 'NONE', #1520, #3613, #2484, .T. ) ;
#529 = EDGE_CURVE ( 'NONE', #1238, #1652, #1505, .T. ) ;
#530 = DIRECTION ( 'NONE',  ( 1.000000000000000000, 0.000000000000000000, -6.938893903907229167E-15 ) ) ;
#531 = EDGE_LOOP ( 'NONE', ( #961, #2667 ) ) ;
#532 = CARTESIAN_POINT ( 'NONE',  ( 56.59054777056509522, 6.548649962794858226, -4.220000000000403872 ) ) ;
#533 = ORIENTED_EDGE ( 'NONE', *, *, #2475, .F. ) ;
#534 = DIRECTION ( 'NONE',  ( -3.539674085816207796E-17, -1.000000000000000000, 0.000000000000000000 ) ) ;
#535 =( LENGTH_UNIT ( ) NAMED_UNIT ( * ) SI_UNIT ( .MILLI., .METRE. ) );
#536 = CARTESIAN_POINT ( 'NONE',  ( -0.6078006447469727069, 4.048649962794811152, 11.65999999999432468 ) ) ;
#537 = DIRECTION ( 'NONE',  ( 1.000000000000000000, 2.312964634635742267E-15, 0.000000000000000000 ) ) ;
#538 = DIRECTION ( 'NONE',  ( 1.000000000000000000, -0.000000000000000000, -6.982962677686267499E-15 ) ) ;
#539 = ORIENTED_EDGE ( 'NONE', *, *, #1919, .T. ) ;
#540 = CYLINDRICAL_SURFACE ( 'NONE', #2738, 7.999999999999998224 ) ;
#541 = VERTEX_POINT ( 'NONE', #475 ) ;
#542 = DIRECTION ( 'NONE',  ( 0.000000000000000000, -1.000000000000000000, -0.000000000000000000 ) ) ;
#543 = EDGE_CURVE ( 'NONE', #1147, #3673, #573, .T. ) ;
#544 = CARTESIAN_POINT ( 'NONE',  ( 5.482708194504009036, 69.54864996279485467, 15.13146737004842279 ) ) ;
#545 = ORIENTED_EDGE ( 'NONE', *, *, #1705, .F. ) ;
#546 = ORIENTED_EDGE ( 'NONE', *, *, #104, .F. ) ;
#547 = EDGE_CURVE ( 'NONE', #2914, #1662, #2543, .T. ) ;
#548 = CYLINDRICAL_SURFACE ( 'NONE', #2303, 0.5000000000000004441 ) ;
#549 = ORIENTED_EDGE ( 'NONE', *, *, #1808, .F. ) ;
#550 = LINE ( 'NONE', #2866, #1275 ) ;
#551 = DIRECTION ( 'NONE',  ( 1.000000000000000000, 0.000000000000000000, -6.982962677686266711E-15 ) ) ;
#552 = DIRECTION ( 'NONE',  ( -0.000000000000000000, -0.000000000000000000, -1.000000000000000000 ) ) ;
#553 = CARTESIAN_POINT ( 'NONE',  ( 0.03054777056503409430, 4.048649962794844903, 13.86000000000000831 ) ) ;
#554 = EDGE_CURVE ( 'NONE', #327, #2167, #3622, .T. ) ;
#555 = DIRECTION ( 'NONE',  ( -0.000000000000000000, -0.000000000000000000, -1.000000000000000000 ) ) ;
#556 = VERTEX_POINT ( 'NONE', #181 ) ;
#557 = DIRECTION ( 'NONE',  ( 0.000000000000000000, -1.000000000000000000, 0.000000000000000000 ) ) ;
#558 = ORIENTED_EDGE ( 'NONE', *, *, #3336, .T. ) ;
#559 = EDGE_LOOP ( 'NONE', ( #2741, #3589, #323, #2074 ) ) ;
#560 = CARTESIAN_POINT ( 'NONE',  ( -1.069452229434900037, 28.93165160576893769, -1.493539456592567483 ) ) ;
#561 = CARTESIAN_POINT ( 'NONE',  ( -2.969452229434901724, 65.30864996279485979, 22.28000000000002245 ) ) ;
#562 = DIRECTION ( 'NONE',  ( 0.000000000000000000, 0.000000000000000000, 1.000000000000000000 ) ) ;
#563 = ORIENTED_EDGE ( 'NONE', *, *, #218, .F. ) ;
#564 = ORIENTED_EDGE ( 'NONE', *, *, #2085, .F. ) ;
#565 = CARTESIAN_POINT ( 'NONE',  ( 58.69154777056515115, 28.33165160576892916, 1.473270614190915095 ) ) ;
#566 = CIRCLE ( 'NONE', #1988, 0.6000000000000015321 ) ;
#567 = ORIENTED_EDGE ( 'NONE', *, *, #1633, .F. ) ;
#568 = FACE_BOUND ( 'NONE', #762, .T. ) ;
#569 = CARTESIAN_POINT ( 'NONE',  ( 5.930547770565093302, 69.54864996279485467, 5.874573452260849038 ) ) ;
#570 = EDGE_CURVE ( 'NONE', #2109, #2189, #1438, .T. ) ;
#571 = DIRECTION ( 'NONE',  ( -1.000000000000000000, 0.000000000000000000, 0.000000000000000000 ) ) ;
#572 = DIRECTION ( 'NONE',  ( -1.177133787269976067E-16, 1.000000000000000000, 1.467543896810033787E-30 ) ) ;
#573 = CIRCLE ( 'NONE', #3346, 0.5000000000000004441 ) ;
#574 = CARTESIAN_POINT ( 'NONE',  ( 1.930547770565093302, 56.74080019508361517, -4.220000000000013962 ) ) ;
#575 = ORIENTED_EDGE ( 'NONE', *, *, #3451, .F. ) ;
#576 = FACE_OUTER_BOUND ( 'NONE', #2093, .T. ) ;
#577 = VECTOR ( 'NONE', #1364, 1000.000000000000000 ) ;
#578 = EDGE_CURVE ( 'NONE', #3481, #259, #1095, .T. ) ;
#579 = EDGE_LOOP ( 'NONE', ( #2649, #592, #2010, #3419, #2540, #2877 ) ) ;
#580 = AXIS2_PLACEMENT_3D ( 'NONE', #300, #2645, #3 ) ;
#581 = VECTOR ( 'NONE', #1458, 1000.000000000000000 ) ;
#582 = VECTOR ( 'NONE', #2698, 1000.000000000000000 ) ;
#583 = ORIENTED_EDGE ( 'NONE', *, *, #3497, .T. ) ;
#584 = CARTESIAN_POINT ( 'NONE',  ( -2.969452229435047386, 20.13054385779618016, 2.073270614191346173 ) ) ;
#585 = DIRECTION ( 'NONE',  ( 1.000000000000000000, 0.000000000000000000, -6.938893903907229167E-15 ) ) ;
#586 = VECTOR ( 'NONE', #1621, 1000.000000000000000 ) ;
#587 = CIRCLE ( 'NONE', #655, 0.5000000000000002220 ) ;
#588 = AXIS2_PLACEMENT_3D ( 'NONE', #818, #1963, #2021 ) ;
#589 = AXIS2_PLACEMENT_3D ( 'NONE', #376, #1840, #112 ) ;
#590 = CARTESIAN_POINT ( 'NONE',  ( 58.69054777056496874, 63.30864996279486689, 3.488333333332932273 ) ) ;
#591 = ORIENTED_EDGE ( 'NONE', *, *, #3703, .T. ) ;
#592 = ORIENTED_EDGE ( 'NONE', *, *, #3287, .T. ) ;
#593 = DIRECTION ( 'NONE',  ( 1.000000000000000000, -9.219896231606733138E-17, -6.982962677686268288E-15 ) ) ;
#594 = DIRECTION ( 'NONE',  ( -0.000000000000000000, -0.000000000000000000, -1.000000000000000000 ) ) ;
#595 = EDGE_LOOP ( 'NONE', ( #3225, #3698, #3404, #778, #2975 ) ) ;
#596 = DIRECTION ( 'NONE',  ( 1.000000000000000000, 0.000000000000000000, -6.991222571849442154E-15 ) ) ;
#597 = CARTESIAN_POINT ( 'NONE',  ( 56.88210630330837603, 66.85219597620499599, 20.98000000000000043 ) ) ;
#598 = CARTESIAN_POINT ( 'NONE',  ( 53.69857616934802991, 70.23871163801506157, 20.98000000000000043 ) ) ;
#599 = FACE_OUTER_BOUND ( 'NONE', #817, .T. ) ;
#600 = EDGE_CURVE ( 'NONE', #1824, #1852, #2053, .T. ) ;
#601 = CARTESIAN_POINT ( 'NONE',  ( 56.59054777056508811, 62.54864996279485467, -4.220000000000389662 ) ) ;
#602 = ORIENTED_EDGE ( 'NONE', *, *, #2808, .F. ) ;
#603 = DIRECTION ( 'NONE',  ( -1.000000000000000000, 0.000000000000000000, 0.000000000000000000 ) ) ;
#604 = EDGE_LOOP ( 'NONE', ( #2054, #2889, #2305, #3145 ) ) ;
#605 = LINE ( 'NONE', #2132, #1322 ) ;
#606 = EDGE_CURVE ( 'NONE', #222, #1890, #3458, .T. ) ;
#607 = VERTEX_POINT ( 'NONE', #3440 ) ;
#608 = DIRECTION ( 'NONE',  ( -1.000000000000000000, 0.000000000000000000, 7.142979018728028191E-15 ) ) ;
#609 = EDGE_CURVE ( 'NONE', #541, #653, #1974, .T. ) ;
#610 = CARTESIAN_POINT ( 'NONE',  ( 42.98487433577309957, 72.30864996279485979, 11.05714787712906322 ) ) ;
#611 = ORIENTED_EDGE ( 'NONE', *, *, #61, .T. ) ;
#612 = EDGE_LOOP ( 'NONE', ( #1342, #583, #1185, #3112 ) ) ;
#613 = CARTESIAN_POINT ( 'NONE',  ( 55.18232464189361508, 9.603415088687546231, -2.719999999999999751 ) ) ;
#614 = CARTESIAN_POINT ( 'NONE',  ( 56.59054777056510233, 12.94572839799501907, -2.719999999999999751 ) ) ;
#615 = ORIENTED_EDGE ( 'NONE', *, *, #3352, .T. ) ;
#616 = LINE ( 'NONE', #2395, #1699 ) ;
#617 = CARTESIAN_POINT ( 'NONE',  ( 53.69857616934802991, 70.23871163801506157, 20.98000000000000043 ) ) ;
#618 = CARTESIAN_POINT ( 'NONE',  ( 50.74195795959133903, 71.25852498840436056, 22.28000000000000114 ) ) ;
#619 = PLANE ( 'NONE',  #2911 ) ;
#620 = CARTESIAN_POINT ( 'NONE',  ( -2.969452229435070478, 41.21098283457539679, -1.749304498602557878 ) ) ;
#621 = VERTEX_POINT ( 'NONE', #1382 ) ;
#622 = CARTESIAN_POINT ( 'NONE',  ( 55.38349937456096939, 58.23199210140805349, -4.219999999999999751 ) ) ;
#623 = ORIENTED_EDGE ( 'NONE', *, *, #2930, .F. ) ;
#624 = DIRECTION ( 'NONE',  ( -0.000000000000000000, -0.000000000000000000, -1.000000000000000000 ) ) ;
#625 = ADVANCED_FACE ( 'NONE', ( #491 ), #2568, .F. ) ;
#626 = VERTEX_POINT ( 'NONE', #813 ) ;
#627 = DIRECTION ( 'NONE',  ( 6.991222571849442154E-15, -6.445834664451860138E-31, 1.000000000000000000 ) ) ;
#628 = EDGE_CURVE ( 'NONE', #2700, #3026, #1008, .T. ) ;
#629 = ORIENTED_EDGE ( 'NONE', *, *, #3109, .F. ) ;
#630 = EDGE_CURVE ( 'NONE', #513, #3495, #2603, .T. ) ;
#631 = ORIENTED_EDGE ( 'NONE', *, *, #3619, .F. ) ;
#632 = CARTESIAN_POINT ( 'NONE',  ( 43.19436216853076616, 30.70864996279484771, 22.28100000000013026 ) ) ;
#633 = ORIENTED_EDGE ( 'NONE', *, *, #106, .T. ) ;
#634 = CARTESIAN_POINT ( 'NONE',  ( 58.69054777056490479, 4.048649962794851120, -5.220000000000410090 ) ) ;
#635 = FACE_OUTER_BOUND ( 'NONE', #1100, .T. ) ;
#636 = DIRECTION ( 'NONE',  ( 4.511425619503902688E-45, 1.000000000000000000, 6.445834664451861890E-31 ) ) ;
#637 = DIRECTION ( 'NONE',  ( 6.991222571849442154E-15, -6.445834664451861014E-31, 1.000000000000000000 ) ) ;
#638 = ORIENTED_EDGE ( 'NONE', *, *, #3210, .F. ) ;
#639 = CARTESIAN_POINT ( 'NONE',  ( -5.528395281464808519, 50.16776721078237955, 13.38000000000004341 ) ) ;
#640 = ORIENTED_EDGE ( 'NONE', *, *, #2779, .F. ) ;
#641 = CARTESIAN_POINT ( 'NONE',  ( 1.930547770565097743, 19.39345026444224374, -2.719999999999999751 ) ) ;
#642 = CLOSED_SHELL ( 'NONE', ( #239, #2330, #1116, #221, #3570, #2530, #2276, #3067, #49, #160, #3596, #742, #389, #3643, #997, #1496, #1573, #2501, #902, #953, #698, #1380, #1433, #1878, #2951, #2835, #3664, #1839, #3187, #1871, #1609, #2401, #2379, #1854, #3749, #2443, #1427, #3204, #2578, #1223, #1828, #3049, #1764, #2447, #3314, #1991, #42, #1472, #2345, #2954, #2933, #1403, #297, #2406, #2644, #320, #2856, #1293, #2445, #625, #3183, #1339, #3065, #373, #2489, #2014, #1128, #3005, #2624, #459, #1749, #2814, #56, #2546, #3518, #1859, #2599, #1492, #319, #3133, #3139, #151, #2511, #2595, #1709, #1155, #479, #1475, #1247, #108, #1961, #2263, #1200, #2179, #3591, #467, #872, #758, #246, #2111, #983, #357, #1578, #2571, #194, #178, #1682 ) ) ;
#643 = AXIS2_PLACEMENT_3D ( 'NONE', #1112, #1667, #3725 ) ;
#644 = ORIENTED_EDGE ( 'NONE', *, *, #1361, .F. ) ;
#645 = CARTESIAN_POINT ( 'NONE',  ( 58.11023086179203290, 66.48810536322223186, 17.60593378890961702 ) ) ;
#646 = VECTOR ( 'NONE', #1522, 1000.000000000000000 ) ;
#647 = AXIS2_PLACEMENT_3D ( 'NONE', #1844, #77, #2419 ) ;
#648 = EDGE_CURVE ( 'NONE', #2411, #847, #2668, .T. ) ;
#649 = AXIS2_PLACEMENT_3D ( 'NONE', #1341, #3341, #1589 ) ;
#650 = VECTOR ( 'NONE', #3789, 1000.000000000000000 ) ;
#651 = CARTESIAN_POINT ( 'NONE',  ( 58.69054777056510375, -2.951350037205148880, 22.27999999999959257 ) ) ;
#652 = ORIENTED_EDGE ( 'NONE', *, *, #2681, .F. ) ;
#653 = VERTEX_POINT ( 'NONE', #253 ) ;
#654 = AXIS2_PLACEMENT_3D ( 'NONE', #3554, #1508, #46 ) ;
#655 = AXIS2_PLACEMENT_3D ( 'NONE', #3752, #3769, #3467 ) ;
#656 = EDGE_CURVE ( 'NONE', #3186, #222, #451, .T. ) ;
#657 = CARTESIAN_POINT ( 'NONE',  ( 5.930547770565101295, -0.4513500372051487686, 22.27999999999999403 ) ) ;
#658 = DIRECTION ( 'NONE',  ( 1.222218890245539141E-16, -1.000000000000000000, 0.000000000000000000 ) ) ;
#659 = AXIS2_PLACEMENT_3D ( 'NONE', #2374, #2982, #2614 ) ;
#660 = CARTESIAN_POINT ( 'NONE',  ( 5.930547770565093302, 62.54864996279485467, -95.90999724335667054 ) ) ;
#661 =( BOUNDED_CURVE ( )  B_SPLINE_CURVE ( 2, ( #645, #976, #3593 ),
 .UNSPECIFIED., .F., .T. ) 
 B_SPLINE_CURVE_WITH_KNOTS ( ( 3, 3 ),
 ( 0.003232603133340597804, 0.01182143274820751655 ),
 .UNSPECIFIED. ) 
 CURVE ( )  GEOMETRIC_REPRESENTATION_ITEM ( )  RATIONAL_B_SPLINE_CURVE ( ( 0.8931585472075249665, 0.8032485900088857100, 0.9174484279613235316 ) ) 
 REPRESENTATION_ITEM ( '' )  );
#662 = DIRECTION ( 'NONE',  ( 1.000000000000000000, 0.000000000000000000, 0.000000000000000000 ) ) ;
#663 = ORIENTED_EDGE ( 'NONE', *, *, #3794, .F. ) ;
#664 = CARTESIAN_POINT ( 'NONE',  ( 51.92823289949252796, 72.02603289942078391, 4.508361965348512079 ) ) ;
#665 = CARTESIAN_POINT ( 'NONE',  ( 58.69154777056515115, 53.59604800156339621, 0.2273247201556246877 ) ) ;
#666 = CARTESIAN_POINT ( 'NONE',  ( 56.59054777056510233, 6.797266567925486669, -2.719999999999999751 ) ) ;
#667 = EDGE_LOOP ( 'NONE', ( #1645, #2903, #2412, #2047 ) ) ;
#668 = CARTESIAN_POINT ( 'NONE',  ( -0.1101952295381963820, 3.011620357363311129, 12.38591063735846731 ) ) ;
#669 = CARTESIAN_POINT ( 'NONE',  ( 41.70239533589094805, 16.84864996279485894, -4.220000000000291074 ) ) ;
#670 = ORIENTED_EDGE ( 'NONE', *, *, #958, .F. ) ;
#671 = ORIENTED_EDGE ( 'NONE', *, *, #788, .T. ) ;
#672 = EDGE_CURVE ( 'NONE', #2751, #3556, #2409, .T. ) ;
#673 = DIRECTION ( 'NONE',  ( 1.000000000000000000, 0.000000000000000000, -6.938893903907227589E-15 ) ) ;
#674 = ORIENTED_EDGE ( 'NONE', *, *, #1268, .T. ) ;
#675 = CARTESIAN_POINT ( 'NONE',  ( 56.59054777056508811, 50.14276721078237387, 17.19999999999961204 ) ) ;
#676 = CARTESIAN_POINT ( 'NONE',  ( -1.069452229434908253, 69.54864996279485467, 22.28000000000000114 ) ) ;
#677 = EDGE_CURVE ( 'NONE', #1478, #3240, #252, .T. ) ;
#678 = CARTESIAN_POINT ( 'NONE',  ( 58.69054777056498295, 63.30864996279486689, 5.068930122833083196 ) ) ;
#679 = ORIENTED_EDGE ( 'NONE', *, *, #3088, .T. ) ;
#680 = CARTESIAN_POINT ( 'NONE',  ( 55.18232464189361508, 58.63287046151691584, -2.719999999999999751 ) ) ;
#681 = CARTESIAN_POINT ( 'NONE',  ( 58.69054777056496874, 63.30864996279486689, 3.488333333332932273 ) ) ;
#682 = CARTESIAN_POINT ( 'NONE',  ( -2.969452229435074475, 28.93165160576893769, -2.093539456592553805 ) ) ;
#683 =( BOUNDED_CURVE ( )  B_SPLINE_CURVE ( 3, ( #1249, #3284, #383, #2408 ),
 .UNSPECIFIED., .F., .T. ) 
 B_SPLINE_CURVE_WITH_KNOTS ( ( 4, 4 ),
 ( 1.987566406866586366, 4.295618900477588653 ),
 .UNSPECIFIED. ) 
 CURVE ( )  GEOMETRIC_REPRESENTATION_ITEM ( )  RATIONAL_B_SPLINE_CURVE ( ( 1.000000000000000000, 0.6032060846618976235, 0.6032060846618976235, 1.000000000000000000 ) ) 
 REPRESENTATION_ITEM ( '' )  );
#684 = CARTESIAN_POINT ( 'NONE',  ( 41.70239533589094094, 13.44864996279486213, -5.220000000000291074 ) ) ;
#685 = ORIENTED_EDGE ( 'NONE', *, *, #1521, .F. ) ;
#686 = CARTESIAN_POINT ( 'NONE',  ( -0.3157891433273402049, 3.386916492427511027, 13.65004393319684617 ) ) ;
#687 = CARTESIAN_POINT ( 'NONE',  ( 40.19436216970071740, 54.30864996279486689, -5.220000000000280416 ) ) ;
#688 = ORIENTED_EDGE ( 'NONE', *, *, #2095, .T. ) ;
#689 = FACE_OUTER_BOUND ( 'NONE', #3620, .T. ) ;
#690 = CARTESIAN_POINT ( 'NONE',  ( 58.69054777056500427, 50.16776721078237955, 6.629999999999594884 ) ) ;
#691 = LINE ( 'NONE', #2753, #3413 ) ;
#692 = EDGE_CURVE ( 'NONE', #1882, #1147, #2346, .T. ) ;
#693 = ORIENTED_EDGE ( 'NONE', *, *, #2769, .T. ) ;
#694 = DIRECTION ( 'NONE',  ( 1.000000000000000000, 1.819894540470842339E-17, 0.000000000000000000 ) ) ;
#695 = CARTESIAN_POINT ( 'NONE',  ( 13.19436216970090392, 28.70864996162471172, 22.28100000000033987 ) ) ;
#696 = DIRECTION ( 'NONE',  ( 0.000000000000000000, -1.000000000000000000, 0.000000000000000000 ) ) ;
#697 = CARTESIAN_POINT ( 'NONE',  ( 49.59054777056509522, 6.548649962794857338, -95.90999724335667054 ) ) ;
#698 = ADVANCED_FACE ( 'NONE', ( #936 ), #3680, .T. ) ;
#699 = VERTEX_POINT ( 'NONE', #302 ) ;
#700 = CARTESIAN_POINT ( 'NONE',  ( 58.69154777056513694, 53.59604800156339621, -1.749304498602989311 ) ) ;
#701 = CIRCLE ( 'NONE', #139, 3.000000000000000444 ) ;
#702 = CARTESIAN_POINT ( 'NONE',  ( 11.19436216970071740, 54.30864996279486689, -4.220000000000077911 ) ) ;
#703 = CARTESIAN_POINT ( 'NONE',  ( 0.2635320128424241126, 52.86922994616401184, -2.719999999999999751 ) ) ;
#704 = ORIENTED_EDGE ( 'NONE', *, *, #199, .T. ) ;
#705 = CIRCLE ( 'NONE', #1572, 1.100000000000000311 ) ;
#706 = VECTOR ( 'NONE', #2923, 1000.000000000000000 ) ;
#707 = DIRECTION ( 'NONE',  ( -0.000000000000000000, -0.000000000000000000, -1.000000000000000000 ) ) ;
#708 = EDGE_LOOP ( 'NONE', ( #1693, #3640, #704, #1524 ) ) ;
#709 = DIRECTION ( 'NONE',  ( -1.000000000000000000, 0.000000000000000000, 6.938893903907228378E-15 ) ) ;
#710 = VECTOR ( 'NONE', #1535, 1000.000000000000000 ) ;
#711 = AXIS2_PLACEMENT_3D ( 'NONE', #2902, #265, #1815 ) ;
#712 = CARTESIAN_POINT ( 'NONE',  ( 58.69054777056498295, 63.83898204961003842, 4.903597041184244887 ) ) ;
#713 = VECTOR ( 'NONE', #3731, 1000.000000000000000 ) ;
#714 = ORIENTED_EDGE ( 'NONE', *, *, #3685, .F. ) ;
#715 = DIRECTION ( 'NONE',  ( -1.177133787269976067E-16, 1.000000000000000000, -3.501643819768844838E-17 ) ) ;
#716 = CARTESIAN_POINT ( 'NONE',  ( -0.6078006447459081141, 4.048649962794844903, 13.86000000000001187 ) ) ;
#717 = CARTESIAN_POINT ( 'NONE',  ( 4.030547770564901988, 4.048649962794851120, -5.220000000000026397 ) ) ;
#718 = EDGE_CURVE ( 'NONE', #191, #3783, #881, .T. ) ;
#719 = LINE ( 'NONE', #470, #2140 ) ;
#720 = ORIENTED_EDGE ( 'NONE', *, *, #1098, .F. ) ;
#721 = PLANE ( 'NONE',  #649 ) ;
#722 = EDGE_CURVE ( 'NONE', #267, #22, #3155, .T. ) ;
#723 = FACE_OUTER_BOUND ( 'NONE', #1288, .T. ) ;
#724 = DIRECTION ( 'NONE',  ( -1.000000000000000000, -9.875726538627338513E-17, -0.000000000000000000 ) ) ;
#725 = EDGE_CURVE ( 'NONE', #3334, #1615, #321, .T. ) ;
#726 = LINE ( 'NONE', #3069, #3708 ) ;
#727 = VERTEX_POINT ( 'NONE', #1215 ) ;
#728 = DIRECTION ( 'NONE',  ( -1.000000000000000000, -1.177133787269976067E-16, -0.000000000000000000 ) ) ;
#729 = CARTESIAN_POINT ( 'NONE',  ( 55.68232464189361508, 58.63287046151691584, -4.219999999999999751 ) ) ;
#730 = DIRECTION ( 'NONE',  ( 0.7042037807614112133, 0.7099979120823766143, 0.000000000000000000 ) ) ;
#731 = ORIENTED_EDGE ( 'NONE', *, *, #3109, .T. ) ;
#732 = CARTESIAN_POINT ( 'NONE',  ( 26.43000000000000327, 69.54864996279485467, 10.50000000000000000 ) ) ;
#733 = VERTEX_POINT ( 'NONE', #2389 ) ;
#734 = CARTESIAN_POINT ( 'NONE',  ( 55.38349937456096939, 59.63838859020739136, -2.719999999999999751 ) ) ;
#735 = ORIENTED_EDGE ( 'NONE', *, *, #3514, .T. ) ;
#736 = LINE ( 'NONE', #2742, #216 ) ;
#737 = EDGE_CURVE ( 'NONE', #2461, #699, #2096, .T. ) ;
#738 = ORIENTED_EDGE ( 'NONE', *, *, #3755, .F. ) ;
#739 = CARTESIAN_POINT ( 'NONE',  ( 54.23588523393613059, 71.16754367552567828, -5.220000000000379892 ) ) ;
#740 = DIRECTION ( 'NONE',  ( 0.000000000000000000, 0.000000000000000000, 1.000000000000000000 ) ) ;
#741 = EDGE_CURVE ( 'NONE', #3541, #3364, #2692, .T. ) ;
#742 = ADVANCED_FACE ( 'NONE', ( #1233 ), #68, .T. ) ;
#743 = CYLINDRICAL_SURFACE ( 'NONE', #456, 6.548785911780555580 ) ;
#744 = VERTEX_POINT ( 'NONE', #960 ) ;
#745 = CARTESIAN_POINT ( 'NONE',  ( 43.91782418975080304, 63.94971519960140682, 17.60593378890961702 ) ) ;
#746 = DIRECTION ( 'NONE',  ( -1.000000000000000000, -9.912705577010325549E-17, -0.000000000000000000 ) ) ;
#747 = VERTEX_POINT ( 'NONE', #2142 ) ;
#748 = LINE ( 'NONE', #1927, #3781 ) ;
#749 = DIRECTION ( 'NONE',  ( 0.000000000000000000, -1.000000000000000000, 0.000000000000000000 ) ) ;
#750 = CARTESIAN_POINT ( 'NONE',  ( 53.92598211609444547, 70.10254778963155786, 22.28000000000000114 ) ) ;
#751 = ORIENTED_EDGE ( 'NONE', *, *, #1904, .T. ) ;
#752 = CARTESIAN_POINT ( 'NONE',  ( 57.69054777056509664, 63.30864996279486689, 22.28000000000000114 ) ) ;
#753 = ORIENTED_EDGE ( 'NONE', *, *, #2893, .T. ) ;
#754 = LINE ( 'NONE', #179, #1889 ) ;
#755 = AXIS2_PLACEMENT_3D ( 'NONE', #2983, #2592, #1444 ) ;
#756 = DIRECTION ( 'NONE',  ( 0.000000000000000000, 0.000000000000000000, 1.000000000000000000 ) ) ;
#757 = VECTOR ( 'NONE', #869, 1000.000000000000000 ) ;
#758 = ADVANCED_FACE ( 'NONE', ( #1742 ), #977, .F. ) ;
#759 = CIRCLE ( 'NONE', #1684, 0.5000000000000002220 ) ;
#760 = CIRCLE ( 'NONE', #1265, 3.000000000000000444 ) ;
#761 = DIRECTION ( 'NONE',  ( 7.568210809526815403E-47, -6.429354837464234220E-31, -1.000000000000000000 ) ) ;
#762 = EDGE_LOOP ( 'NONE', ( #3559, #930, #1978, #679, #3258, #671, #1004, #1284 ) ) ;
#763 = CARTESIAN_POINT ( 'NONE',  ( 13.19436216970071207, 28.70864996162471172, -5.220000000000092122 ) ) ;
#764 = CIRCLE ( 'NONE', #3222, 1.000000000000000888 ) ;
#765 = EDGE_CURVE ( 'NONE', #2458, #1852, #1848, .T. ) ;
#766 = CIRCLE ( 'NONE', #824, 0.5000000000000004441 ) ;
#767 = DIRECTION ( 'NONE',  ( -1.000000000000000000, 9.219896231606734370E-17, 6.982962677686269077E-15 ) ) ;
#768 = ORIENTED_EDGE ( 'NONE', *, *, #266, .T. ) ;
#769 = CARTESIAN_POINT ( 'NONE',  ( 0.4856960532219778970, 15.83438638691287181, -2.719999999999999751 ) ) ;
#770 = DIRECTION ( 'NONE',  ( 1.383924790419682323E-16, 1.000000000000000000, -4.613082634732274615E-17 ) ) ;
#771 = CARTESIAN_POINT ( 'NONE',  ( 56.59054777056509522, -0.4513500372051426068, -4.220000000000403872 ) ) ;
#772 = CIRCLE ( 'NONE', #3660, 3.000000000000002665 ) ;
#773 = CIRCLE ( 'NONE', #1156, 1.976629218758616080 ) ;
#774 = VECTOR ( 'NONE', #364, 1000.000000000000000 ) ;
#775 = CARTESIAN_POINT ( 'NONE',  ( 55.18232464189361508, 10.13957987723295950, -4.220000000000386109 ) ) ;
#776 = ORIENTED_EDGE ( 'NONE', *, *, #1241, .T. ) ;
#777 = CARTESIAN_POINT ( 'NONE',  ( 43.19436216970071030, 28.70864996162471172, -5.220000000000301732 ) ) ;
#778 = ORIENTED_EDGE ( 'NONE', *, *, #3637, .F. ) ;
#779 = DIRECTION ( 'NONE',  ( -0.000000000000000000, -0.000000000000000000, -1.000000000000000000 ) ) ;
#780 = DIRECTION ( 'NONE',  ( -1.000000000000000000, -9.875726538627338513E-17, 0.000000000000000000 ) ) ;
#781 = ORIENTED_EDGE ( 'NONE', *, *, #2724, .T. ) ;
#782 = EDGE_CURVE ( 'NONE', #2421, #1615, #3221, .T. ) ;
#783 = LINE ( 'NONE', #3706, #2064 ) ;
#784 = PLANE ( 'NONE',  #1880 ) ;
#785 = VERTEX_POINT ( 'NONE', #3344 ) ;
#786 = CARTESIAN_POINT ( 'NONE',  ( -1.069452229434897372, 20.13054385779618016, -2.093539456592565795 ) ) ;
#787 = DIRECTION ( 'NONE',  ( 9.875726538627338513E-17, -1.000000000000000000, 0.000000000000000000 ) ) ;
#788 = EDGE_CURVE ( 'NONE', #3328, #837, #85, .T. ) ;
#789 = CARTESIAN_POINT ( 'NONE',  ( 57.69054777056510375, 63.83648064497893415, 20.98000000000000043 ) ) ;
#790 = FACE_OUTER_BOUND ( 'NONE', #800, .T. ) ;
#791 = DIRECTION ( 'NONE',  ( -1.000000000000000000, 0.000000000000000000, 0.000000000000000000 ) ) ;
#792 = VERTEX_POINT ( 'NONE', #1990 ) ;
#793 = FACE_OUTER_BOUND ( 'NONE', #3796, .T. ) ;
#794 = EDGE_CURVE ( 'NONE', #792, #1238, #3742, .T. ) ;
#795 = ORIENTED_EDGE ( 'NONE', *, *, #3744, .F. ) ;
#796 = CARTESIAN_POINT ( 'NONE',  ( 41.70239533589094094, 16.84864996279485894, -5.220000000000291074 ) ) ;
#797 = EDGE_LOOP ( 'NONE', ( #1719, #2849, #1765, #2441 ) ) ;
#798 = CYLINDRICAL_SURFACE ( 'NONE', #2192, 6.999999999999999112 ) ;
#799 = CARTESIAN_POINT ( 'NONE',  ( -1.069452229434900037, 20.13054385779618016, 1.473270614191332761 ) ) ;
#800 = EDGE_LOOP ( 'NONE', ( #2322, #1190, #3793, #3587 ) ) ;
#801 = DIRECTION ( 'NONE',  ( 0.000000000000000000, 0.000000000000000000, 1.000000000000000000 ) ) ;
#802 = SURFACE_STYLE_FILL_AREA ( #3765 ) ;
#803 = CARTESIAN_POINT ( 'NONE',  ( 57.42500160560383193, 65.37465687594146857, 22.28000000000000114 ) ) ;
#804 = CYLINDRICAL_SURFACE ( 'NONE', #2545, 5.280000000000001137 ) ;
#805 = EDGE_CURVE ( 'NONE', #524, #1047, #2344, .T. ) ;
#806 = DIRECTION ( 'NONE',  ( -9.912705577010325549E-17, 1.000000000000000000, 0.000000000000000000 ) ) ;
#807 = ORIENTED_EDGE ( 'NONE', *, *, #836, .F. ) ;
#808 = CARTESIAN_POINT ( 'NONE',  ( 16.19436216970089859, 54.30864996279485979, 22.28100000000031855 ) ) ;
#809 = ORIENTED_EDGE ( 'NONE', *, *, #2159, .F. ) ;
#810 = EDGE_CURVE ( 'NONE', #2358, #3541, #3776, .T. ) ;
#811 = LINE ( 'NONE', #2836, #282 ) ;
#812 = DIRECTION ( 'NONE',  ( -1.000000000000000000, 1.309010496964126249E-16, 6.982962677686267499E-15 ) ) ;
#813 = CARTESIAN_POINT ( 'NONE',  ( 26.43000000000000327, 72.30864996279485979, 2.500000000000002220 ) ) ;
#814 = ORIENTED_EDGE ( 'NONE', *, *, #2229, .T. ) ;
#815 = VECTOR ( 'NONE', #724, 1000.000000000000000 ) ;
#816 = DIRECTION ( 'NONE',  ( 0.000000000000000000, -0.000000000000000000, 1.000000000000000000 ) ) ;
#817 = EDGE_LOOP ( 'NONE', ( #3260, #2455, #2935, #1745 ) ) ;
#818 = CARTESIAN_POINT ( 'NONE',  ( 49.59054777056509522, 6.548649962794857338, 22.27999999999964587 ) ) ;
#819 = FACE_OUTER_BOUND ( 'NONE', #1583, .T. ) ;
#820 = CARTESIAN_POINT ( 'NONE',  ( 55.72007038796986222, 68.59227218533898451, 20.98000000000000043 ) ) ;
#821 = CARTESIAN_POINT ( 'NONE',  ( 8.259691434521279518, 87.68274518145474872, 10.61308479999999932 ) ) ;
#822 = CIRCLE ( 'NONE', #3158, 6.999999999999999112 ) ;
#823 = CARTESIAN_POINT ( 'NONE',  ( 55.18232464189361508, 10.13957987723295950, -2.719999999999999751 ) ) ;
#824 = AXIS2_PLACEMENT_3D ( 'NONE', #2846, #208, #1393 ) ;
#825 = EDGE_LOOP ( 'NONE', ( #693, #1639 ) ) ;
#826 = FACE_OUTER_BOUND ( 'NONE', #1984, .T. ) ;
#827 = ORIENTED_EDGE ( 'NONE', *, *, #435, .F. ) ;
#828 = EDGE_CURVE ( 'NONE', #267, #2416, #3200, .T. ) ;
#829 = VECTOR ( 'NONE', #909, 1000.000000000000000 ) ;
#830 = CARTESIAN_POINT ( 'NONE',  ( -5.528395281464801414, 52.11776721078237529, 13.38000000000004519 ) ) ;
#831 = VECTOR ( 'NONE', #1874, 1000.000000000000000 ) ;
#832 = EDGE_CURVE ( 'NONE', #3398, #1655, #822, .T. ) ;
#833 = PRODUCT_DEFINITION_FORMATION_WITH_SPECIFIED_SOURCE ( 'ANY', '', #1610, .NOT_KNOWN. ) ;
#834 = DIRECTION ( 'NONE',  ( -1.000000000000000000, -1.177133787269976067E-16, -0.000000000000000000 ) ) ;
#835 = ORIENTED_EDGE ( 'NONE', *, *, #3088, .F. ) ;
#836 = EDGE_CURVE ( 'NONE', #1890, #904, #518, .T. ) ;
#837 = VERTEX_POINT ( 'NONE', #2362 ) ;
#838 = DIRECTION ( 'NONE',  ( 6.991222571849442154E-15, -6.445834664451861014E-31, 1.000000000000000000 ) ) ;
#839 = ORIENTED_EDGE ( 'NONE', *, *, #1544, .F. ) ;
#840 = CARTESIAN_POINT ( 'NONE',  ( -1.069452229434900037, 19.53054385779617874, 1.473270614191332761 ) ) ;
#841 = DIRECTION ( 'NONE',  ( 1.000000000000000000, 0.000000000000000000, -6.982962677686268288E-15 ) ) ;
#842 = CYLINDRICAL_SURFACE ( 'NONE', #874, 3.000000000000000000 ) ;
#843 = DIRECTION ( 'NONE',  ( 1.000000000000000000, -9.219896231606733138E-17, -6.982962677686268288E-15 ) ) ;
#844 = CARTESIAN_POINT ( 'NONE',  ( 57.69054777056509664, 63.30864996279486689, 20.98000000000000043 ) ) ;
#845 = ORIENTED_EDGE ( 'NONE', *, *, #782, .F. ) ;
#846 = LINE ( 'NONE', #2564, #3720 ) ;
#847 = VERTEX_POINT ( 'NONE', #3536 ) ;
#848 = LINE ( 'NONE', #2029, #2916 ) ;
#849 = ORIENTED_EDGE ( 'NONE', *, *, #2032, .T. ) ;
#850 = CARTESIAN_POINT ( 'NONE',  ( 49.69054777056492611, 72.30864996279485979, -1.894296448394741317 ) ) ;
#851 = EDGE_CURVE ( 'NONE', #2652, #2674, #1447, .T. ) ;
#852 = CARTESIAN_POINT ( 'NONE',  ( 56.59054777056508811, 51.14276721078237387, 2.199999999999607603 ) ) ;
#853 = ORIENTED_EDGE ( 'NONE', *, *, #547, .F. ) ;
#854 = ORIENTED_EDGE ( 'NONE', *, *, #2507, .T. ) ;
#855 = EDGE_CURVE ( 'NONE', #1852, #1824, #1747, .T. ) ;
#856 = CYLINDRICAL_SURFACE ( 'NONE', #520, 0.5999999999999999778 ) ;
#857 = VERTEX_POINT ( 'NONE', #669 ) ;
#858 = FACE_OUTER_BOUND ( 'NONE', #2626, .T. ) ;
#859 = CARTESIAN_POINT ( 'NONE',  ( 53.71036297724966602, 70.24655741547016419, 22.27999999999963165 ) ) ;
#860 = CARTESIAN_POINT ( 'NONE',  ( 49.69054777056511085, 71.30864996279485979, 22.28000000000000114 ) ) ;
#861 = CYLINDRICAL_SURFACE ( 'NONE', #273, 1.100000000000000311 ) ;
#862 = DIRECTION ( 'NONE',  ( 0.000000000000000000, 0.000000000000000000, 1.000000000000000000 ) ) ;
#863 = ORIENTED_EDGE ( 'NONE', *, *, #435, .T. ) ;
#864 = CARTESIAN_POINT ( 'NONE',  ( 58.69054777056509664, -2.951350037205148880, 20.98000000000000043 ) ) ;
#865 = ORIENTED_EDGE ( 'NONE', *, *, #3633, .F. ) ;
#866 = FACE_OUTER_BOUND ( 'NONE', #3470, .T. ) ;
#867 = ORIENTED_EDGE ( 'NONE', *, *, #1707, .F. ) ;
#868 = CARTESIAN_POINT ( 'NONE',  ( 8.259691434521279518, 69.54864996279485467, 10.61308479999999932 ) ) ;
#869 = DIRECTION ( 'NONE',  ( 0.000000000000000000, -1.000000000000000000, 0.000000000000000000 ) ) ;
#870 = ORIENTED_EDGE ( 'NONE', *, *, #3266, .F. ) ;
#871 = ORIENTED_EDGE ( 'NONE', *, *, #2977, .F. ) ;
#872 = ADVANCED_FACE ( 'NONE', ( #1042 ), #445, .T. ) ;
#873 = CARTESIAN_POINT ( 'NONE',  ( 56.59054777056508811, 51.14276721078237387, 17.19999999999961204 ) ) ;
#874 = AXIS2_PLACEMENT_3D ( 'NONE', #3192, #552, #571 ) ;
#875 = LINE ( 'NONE', #903, #1623 ) ;
#876 = ORIENTED_EDGE ( 'NONE', *, *, #1286, .T. ) ;
#877 = CARTESIAN_POINT ( 'NONE',  ( 58.69054777056510375, 72.30864996279485979, 20.98000000000000043 ) ) ;
#878 = CARTESIAN_POINT ( 'NONE',  ( 54.58121489174465069, 69.66357303470017825, 20.98000000000000043 ) ) ;
#879 = CARTESIAN_POINT ( 'NONE',  ( 56.09951908540600130, 68.21212394765120735, 22.27999999999961744 ) ) ;
#880 = DIRECTION ( 'NONE',  ( -1.000000000000000000, 0.000000000000000000, 6.991222571849442943E-15 ) ) ;
#881 = CIRCLE ( 'NONE', #1378, 5.000000000000000888 ) ;
#882 = LINE ( 'NONE', #601, #2544 ) ;
#883 = ORIENTED_EDGE ( 'NONE', *, *, #2664, .T. ) ;
#884 = CARTESIAN_POINT ( 'NONE',  ( 43.19436216970080977, 28.70864996162470817, -4.220000000000299956 ) ) ;
#885 = AXIS2_PLACEMENT_3D ( 'NONE', #1387, #240, #1692 ) ;
#886 = EDGE_LOOP ( 'NONE', ( #863, #53, #1490, #892, #1941, #2474, #2773, #2265 ) ) ;
#887 = CARTESIAN_POINT ( 'NONE',  ( 53.59054777056509522, 6.797266567925486669, -2.719999999999999751 ) ) ;
#888 = AXIS2_PLACEMENT_3D ( 'NONE', #2385, #20, #1861 ) ;
#889 = EDGE_CURVE ( 'NONE', #2008, #2652, #130, .T. ) ;
#890 = AXIS2_PLACEMENT_3D ( 'NONE', #3188, #3564, #3785 ) ;
#891 = AXIS2_PLACEMENT_3D ( 'NONE', #3332, #1634, #709 ) ;
#892 = ORIENTED_EDGE ( 'NONE', *, *, #2839, .F. ) ;
#893 = CARTESIAN_POINT ( 'NONE',  ( -2.969452229435070034, 28.33165160576893626, -2.093539456592553805 ) ) ;
#894 = CARTESIAN_POINT ( 'NONE',  ( 8.259691434521279518, 69.54864996279485467, 10.61308479999999932 ) ) ;
#895 = VECTOR ( 'NONE', #134, 1000.000000000000000 ) ;
#896 = AXIS2_PLACEMENT_3D ( 'NONE', #697, #1603, #3379 ) ;
#897 = VECTOR ( 'NONE', #694, 1000.000000000000000 ) ;
#898 = CARTESIAN_POINT ( 'NONE',  ( 3.648876446218872971, 69.16773695956818813, 8.028863903373911981 ) ) ;
#899 = ORIENTED_EDGE ( 'NONE', *, *, #3156, .F. ) ;
#900 = VERTEX_POINT ( 'NONE', #1250 ) ;
#901 = DIRECTION ( 'NONE',  ( -1.000000000000000000, 0.000000000000000000, 0.000000000000000000 ) ) ;
#902 = ADVANCED_FACE ( 'NONE', ( #2138 ), #954, .F. ) ;
#903 = CARTESIAN_POINT ( 'NONE',  ( 56.59054777056509522, 12.94572839799501907, -2.719999999999999751 ) ) ;
#904 = VERTEX_POINT ( 'NONE', #2967 ) ;
#905 = CARTESIAN_POINT ( 'NONE',  ( 56.59054777056508811, 52.11776721078237529, 6.629999999999608207 ) ) ;
#906 = CARTESIAN_POINT ( 'NONE',  ( 49.69054777056511085, 71.30864996279485979, 22.28000000000000114 ) ) ;
#907 = PLANE ( 'NONE',  #1133 ) ;
#908 = PLANE ( 'NONE',  #2439 ) ;
#909 = DIRECTION ( 'NONE',  ( -0.000000000000000000, -0.000000000000000000, 1.000000000000000000 ) ) ;
#910 = EDGE_CURVE ( 'NONE', #541, #1971, #1073, .T. ) ;
#911 = ORIENTED_EDGE ( 'NONE', *, *, #257, .F. ) ;
#912 = DIRECTION ( 'NONE',  ( 1.000000000000000000, -0.000000000000000000, -6.982962677686267499E-15 ) ) ;
#913 = VERTEX_POINT ( 'NONE', #1207 ) ;
#914 = LINE ( 'NONE', #948, #1381 ) ;
#915 = EDGE_CURVE ( 'NONE', #837, #3186, #605, .T. ) ;
#916 = EDGE_LOOP ( 'NONE', ( #3289, #1137, #591, #928 ) ) ;
#917 = LINE ( 'NONE', #2094, #2859 ) ;
#918 = CARTESIAN_POINT ( 'NONE',  ( 58.69054777056489058, 72.30864996279485979, -6.595000000000410090 ) ) ;
#919 = ORIENTED_EDGE ( 'NONE', *, *, #2061, .F. ) ;
#920 = ORIENTED_EDGE ( 'NONE', *, *, #1358, .T. ) ;
#921 = CYLINDRICAL_SURFACE ( 'NONE', #2602, 0.5000000000000002220 ) ;
#922 = DIRECTION ( 'NONE',  ( 1.000000000000000000, 0.000000000000000000, 0.000000000000000000 ) ) ;
#923 = DIRECTION ( 'NONE',  ( -6.769652589177787824E-15, 0.000000000000000000, -1.000000000000000000 ) ) ;
#924 = DIRECTION ( 'NONE',  ( -1.156482317317868451E-14, 0.000000000000000000, -1.000000000000000000 ) ) ;
#925 = DIRECTION ( 'NONE',  ( 9.912705577010325549E-17, -1.000000000000000000, -1.337602776226110445E-30 ) ) ;
#926 = CARTESIAN_POINT ( 'NONE',  ( 11.19436216970090392, 30.70864996162471527, 22.28100000000035408 ) ) ;
#927 = DIRECTION ( 'NONE',  ( -6.991222571849442943E-15, 0.000000000000000000, -1.000000000000000000 ) ) ;
#928 = ORIENTED_EDGE ( 'NONE', *, *, #419, .F. ) ;
#929 = CARTESIAN_POINT ( 'NONE',  ( 57.69054777056509664, 4.048649962794852009, 20.98000000000000043 ) ) ;
#930 = ORIENTED_EDGE ( 'NONE', *, *, #3555, .T. ) ;
#931 = DIRECTION ( 'NONE',  ( 6.991222571849442154E-15, -6.445834664451861014E-31, 1.000000000000000000 ) ) ;
#932 = EDGE_CURVE ( 'NONE', #135, #3572, #1511, .T. ) ;
#933 = VERTEX_POINT ( 'NONE', #336 ) ;
#934 = CARTESIAN_POINT ( 'NONE',  ( -0.1612714801355587813, 3.099830467840451131, 12.18447017355603101 ) ) ;
#935 = EDGE_CURVE ( 'NONE', #653, #3313, #2432, .T. ) ;
#936 = FACE_OUTER_BOUND ( 'NONE', #579, .T. ) ;
#937 = ORIENTED_EDGE ( 'NONE', *, *, #1533, .F. ) ;
#938 = ORIENTED_EDGE ( 'NONE', *, *, #301, .T. ) ;
#939 = CARTESIAN_POINT ( 'NONE',  ( 53.59054777056509522, 12.94572839799501907, -2.719999999999999751 ) ) ;
#940 = VERTEX_POINT ( 'NONE', #2688 ) ;
#941 = DIRECTION ( 'NONE',  ( -1.177133787269976067E-16, 1.000000000000000000, 1.467543896810033787E-30 ) ) ;
#942 = FACE_OUTER_BOUND ( 'NONE', #2585, .T. ) ;
#943 = VECTOR ( 'NONE', #3788, 1000.000000000000000 ) ;
#944 = CARTESIAN_POINT ( 'NONE',  ( 56.59054777056508811, 52.11776721078237529, 6.029999999999608562 ) ) ;
#945 = ORIENTED_EDGE ( 'NONE', *, *, #2423, .F. ) ;
#946 = CARTESIAN_POINT ( 'NONE',  ( -5.528395281464808519, 49.56776721078237813, 12.78000000000004022 ) ) ;
#947 = ORIENTED_EDGE ( 'NONE', *, *, #1289, .T. ) ;
#948 = CARTESIAN_POINT ( 'NONE',  ( 58.69054777056490479, -2.951350037205148880, -5.220000000000410090 ) ) ;
#949 = CIRCLE ( 'NONE', #3095, 2.999999999999999556 ) ;
#950 = VECTOR ( 'NONE', #770, 1000.000000000000000 ) ;
#951 = ORIENTED_EDGE ( 'NONE', *, *, #3549, .T. ) ;
#952 = DIRECTION ( 'NONE',  ( 6.991222571849442154E-15, -6.445834664451861014E-31, 1.000000000000000000 ) ) ;
#953 = ADVANCED_FACE ( 'NONE', ( #381 ), #2661, .F. ) ;
#954 = CYLINDRICAL_SURFACE ( 'NONE', #2606, 6.999999999999999112 ) ;
#955 = AXIS2_PLACEMENT_3D ( 'NONE', #1376, #1435, #1741 ) ;
#956 = AXIS2_PLACEMENT_3D ( 'NONE', #2947, #1489, #1799 ) ;
#957 = VECTOR ( 'NONE', #3683, 1000.000000000000000 ) ;
#958 = EDGE_CURVE ( 'NONE', #3599, #747, #2110, .T. ) ;
#959 = CIRCLE ( 'NONE', #2800, 6.999999999999999112 ) ;
#960 = CARTESIAN_POINT ( 'NONE',  ( 55.38349937456096939, 59.63838859020739136, -4.219999999999999751 ) ) ;
#961 = ORIENTED_EDGE ( 'NONE', *, *, #3262, .T. ) ;
#962 = ORIENTED_EDGE ( 'NONE', *, *, #1377, .F. ) ;
#963 = VECTOR ( 'NONE', #923, 1000.000000000000000 ) ;
#964 = VECTOR ( 'NONE', #117, 1000.000000000000000 ) ;
#965 = EDGE_CURVE ( 'NONE', #2112, #2461, #1821, .T. ) ;
#966 = LINE ( 'NONE', #2100, #2366 ) ;
#967 = VERTEX_POINT ( 'NONE', #48 ) ;
#968 = CARTESIAN_POINT ( 'NONE',  ( 56.59054777056508811, 52.11776721078238239, 13.37999999999960998 ) ) ;
#969 = DIRECTION ( 'NONE',  ( -1.000000000000000000, 1.309010496964126249E-16, 6.982962677686267499E-15 ) ) ;
#970 = DIRECTION ( 'NONE',  ( -0.000000000000000000, 1.000000000000000000, -0.000000000000000000 ) ) ;
#971 = EDGE_LOOP ( 'NONE', ( #1921, #3500, #50, #1845, #182, #3691, #57, #2320 ) ) ;
#972 = DIRECTION ( 'NONE',  ( 0.000000000000000000, -1.000000000000000000, -0.000000000000000000 ) ) ;
#973 = CARTESIAN_POINT ( 'NONE',  ( 4.030547770565016563, 72.30864996279485979, 20.98000000000000043 ) ) ;
#974 = LINE ( 'NONE', #3243, #1881 ) ;
#975 = ORIENTED_EDGE ( 'NONE', *, *, #343, .T. ) ;
#976 = CARTESIAN_POINT ( 'NONE',  ( 56.45807873113322728, 70.86325632674025599, 17.60593378890961347 ) ) ;
#977 = CYLINDRICAL_SURFACE ( 'NONE', #3034, 1.000000000000000888 ) ;
#978 = ORIENTED_EDGE ( 'NONE', *, *, #3156, .T. ) ;
#979 = EDGE_CURVE ( 'NONE', #2215, #900, #1993, .T. ) ;
#980 = CARTESIAN_POINT ( 'NONE',  ( -1.069452229434900703, 6.548649962794851120, -4.219999999999987317 ) ) ;
#981 = ORIENTED_EDGE ( 'NONE', *, *, #3681, .T. ) ;
#982 = DIRECTION ( 'NONE',  ( 1.000000000000000000, 0.000000000000000000, 0.000000000000000000 ) ) ;
#983 = ADVANCED_FACE ( 'NONE', ( #1548 ), #2718, .F. ) ;
#984 = DIRECTION ( 'NONE',  ( -6.991222571849442154E-15, 6.445834664451861014E-31, -1.000000000000000000 ) ) ;
#985 = ORIENTED_EDGE ( 'NONE', *, *, #2779, .T. ) ;
#986 = DIRECTION ( 'NONE',  ( 0.000000000000000000, -1.000000000000000000, 0.000000000000000000 ) ) ;
#987 = PLANE ( 'NONE',  #81 ) ;
#988 = CARTESIAN_POINT ( 'NONE',  ( -2.969452229434965673, 4.048649962794852009, 13.86000000000002785 ) ) ;
#989 = CYLINDRICAL_SURFACE ( 'NONE', #896, 6.999999999999999112 ) ;
#990 = ORIENTED_EDGE ( 'NONE', *, *, #489, .F. ) ;
#991 = CARTESIAN_POINT ( 'NONE',  ( 58.69054777056504690, 52.71776721078237671, 12.77999999999959435 ) ) ;
#992 = CARTESIAN_POINT ( 'NONE',  ( -1.069452229434893153, 28.93165160576893769, -1.493539456592567483 ) ) ;
#993 = VERTEX_POINT ( 'NONE', #3814 ) ;
#994 = B_SPLINE_CURVE_WITH_KNOTS ( 'NONE', 3,
 ( #100, #1564, #1027, #2205, #1298, #1352, #1312, #2483, #1586, #1618, #3040, #1929, #446, #3378, #2791, #2737, #153, #988 ),
 .UNSPECIFIED., .F., .F.,
 ( 4, 2, 2, 2, 2, 2, 2, 2, 4 ),
 ( 0.000000000000000000, 0.0004304497420081035723, 0.0008608994840162071446, 0.001291349226024310608, 0.001721798968032414289, 0.002152248710040517970, 0.002582698452048621217, 0.003013148194056724898, 0.003443597936064828578 ),
 .UNSPECIFIED. ) ;
#995 = DIRECTION ( 'NONE',  ( 0.7042037807614113243, 0.7099979120823767254, 0.000000000000000000 ) ) ;
#996 = DIRECTION ( 'NONE',  ( 0.000000000000000000, 0.000000000000000000, 1.000000000000000000 ) ) ;
#997 = ADVANCED_FACE ( 'NONE', ( #2993 ), #1231, .T. ) ;
#998 = CARTESIAN_POINT ( 'NONE',  ( -0.01430394677802200240, 15.83438638691286826, -2.719999999999999751 ) ) ;
#999 = DIRECTION ( 'NONE',  ( 1.000000000000000000, 0.000000000000000000, -6.938893903907222067E-15 ) ) ;
#1000 = ORIENTED_EDGE ( 'NONE', *, *, #3601, .T. ) ;
#1001 = CARTESIAN_POINT ( 'NONE',  ( -1.069452229434901369, 12.92448058129862254, -4.219999999999987317 ) ) ;
#1002 = EDGE_CURVE ( 'NONE', #1211, #2156, #914, .T. ) ;
#1003 = DIRECTION ( 'NONE',  ( -1.000000000000000000, 0.000000000000000000, -0.000000000000000000 ) ) ;
#1004 = ORIENTED_EDGE ( 'NONE', *, *, #3514, .F. ) ;
#1005 = LINE ( 'NONE', #1300, #1213 ) ;
#1006 = EDGE_CURVE ( 'NONE', #1900, #621, #2405, .T. ) ;
#1007 = COLOUR_RGB ( '',0.7921568627450980005, 0.8196078431372548767, 0.9333333333333333481 ) ;
#1008 = CIRCLE ( 'NONE', #2793, 0.5999999999999998668 ) ;
#1009 = DIRECTION ( 'NONE',  ( 1.000000000000000000, 0.000000000000000000, -6.938893903907228378E-15 ) ) ;
#1010 = FACE_OUTER_BOUND ( 'NONE', #471, .T. ) ;
#1011 = AXIS2_PLACEMENT_3D ( 'NONE', #2557, #2310, #3709 ) ;
#1012 = CIRCLE ( 'NONE', #210, 3.000000000000002665 ) ;
#1013 = VECTOR ( 'NONE', #1287, 1000.000000000000000 ) ;
#1014 = VECTOR ( 'NONE', #2354, 1000.000000000000000 ) ;
#1015 = DIRECTION ( 'NONE',  ( 1.000000000000000000, 0.000000000000000000, -6.938893903907232322E-15 ) ) ;
#1016 = VERTEX_POINT ( 'NONE', #1246 ) ;
#1017 = CYLINDRICAL_SURFACE ( 'NONE', #1939, 6.000000000000004441 ) ;
#1018 = CIRCLE ( 'NONE', #1145, 0.5999999999999998668 ) ;
#1019 = AXIS2_PLACEMENT_3D ( 'NONE', #1661, #538, #519 ) ;
#1020 = EDGE_CURVE ( 'NONE', #1149, #2077, #3575, .T. ) ;
#1021 = CARTESIAN_POINT ( 'NONE',  ( 58.69054777056496164, 63.30864996279486689, 1.639286748555249584 ) ) ;
#1022 = CIRCLE ( 'NONE', #1891, 7.999999999999998224 ) ;
#1023 = ORIENTED_EDGE ( 'NONE', *, *, #529, .F. ) ;
#1024 = CARTESIAN_POINT ( 'NONE',  ( -1.069452229434908253, 69.54864996279485467, -4.219999999999987317 ) ) ;
#1025 = CARTESIAN_POINT ( 'NONE',  ( 56.59054777056508811, 51.14276721078237387, 2.199999999999607603 ) ) ;
#1026 = VERTEX_POINT ( 'NONE', #3616 ) ;
#1027 = CARTESIAN_POINT ( 'NONE',  ( -2.964780892209066820, 3.760259948663672969, 11.68873439766828959 ) ) ;
#1028 = EDGE_CURVE ( 'NONE', #733, #1045, #1012, .T. ) ;
#1029 = CARTESIAN_POINT ( 'NONE',  ( 4.030547770565084953, 4.048649962794851120, 20.98000000000000043 ) ) ;
#1030 = VERTEX_POINT ( 'NONE', #2072 ) ;
#1031 = CARTESIAN_POINT ( 'NONE',  ( 56.59054777056509522, 6.548649962794858226, 22.28000000000000114 ) ) ;
#1032 = EDGE_LOOP ( 'NONE', ( #1220, #1957, #1507, #2469, #1500, #1254 ) ) ;
#1033 = EDGE_CURVE ( 'NONE', #3599, #3281, #974, .T. ) ;
#1034 = CARTESIAN_POINT ( 'NONE',  ( 55.20943892751688509, 70.51695113504364087, -5.220000000000385221 ) ) ;
#1035 = DIRECTION ( 'NONE',  ( 1.000000000000000000, -0.000000000000000000, -6.982962677686267499E-15 ) ) ;
#1036 = ORIENTED_EDGE ( 'NONE', *, *, #2697, .F. ) ;
#1037 = SHAPE_DEFINITION_REPRESENTATION ( #1060, #1188 ) ;
#1038 = CARTESIAN_POINT ( 'NONE',  ( 58.69154777056512273, 28.93165160576893058, -2.093539456592984571 ) ) ;
#1039 = CARTESIAN_POINT ( 'NONE',  ( 58.30706169544782824, 65.96686727894473279, 4.508361965348512967 ) ) ;
#1040 = ORIENTED_EDGE ( 'NONE', *, *, #2948, .F. ) ;
#1041 = DIRECTION ( 'NONE',  ( -7.568210809526814431E-47, 6.429354837464233345E-31, 1.000000000000000000 ) ) ;
#1042 = FACE_OUTER_BOUND ( 'NONE', #531, .T. ) ;
#1043 = CARTESIAN_POINT ( 'NONE',  ( 54.58121489174465069, 69.66357303470017825, 20.98000000000000043 ) ) ;
#1044 = CARTESIAN_POINT ( 'NONE',  ( 56.59054777056508811, 51.14276721078237387, 17.19999999999961204 ) ) ;
#1045 = VERTEX_POINT ( 'NONE', #666 ) ;
#1046 = FACE_BOUND ( 'NONE', #797, .T. ) ;
#1047 = VERTEX_POINT ( 'NONE', #2154 ) ;
#1048 = EDGE_CURVE ( 'NONE', #2953, #940, #342, .T. ) ;
#1049 = CARTESIAN_POINT ( 'NONE',  ( 56.59054777056508811, 62.54864996279485467, 22.28000000000000114 ) ) ;
#1050 = CARTESIAN_POINT ( 'NONE',  ( 58.69054777056498295, 63.30864996279486689, 5.068930122833083196 ) ) ;
#1051 = EDGE_CURVE ( 'NONE', #3202, #556, #994, .T. ) ;
#1052 = CARTESIAN_POINT ( 'NONE',  ( -0.01430394677802200240, 15.83438638691286826, -2.719999999999999751 ) ) ;
#1053 = VERTEX_POINT ( 'NONE', #1338 ) ;
#1054 = DIRECTION ( 'NONE',  ( -0.000000000000000000, -0.000000000000000000, -1.000000000000000000 ) ) ;
#1055 = CARTESIAN_POINT ( 'NONE',  ( -5.528395281464850264, 52.71776721078237671, 6.630000000000042526 ) ) ;
#1056 = ORIENTED_EDGE ( 'NONE', *, *, #1302, .T. ) ;
#1057 = PLANE ( 'NONE',  #2743 ) ;
#1058 = DIRECTION ( 'NONE',  ( 0.000000000000000000, 6.445834664451861890E-31, -1.000000000000000000 ) ) ;
#1059 = B_SPLINE_CURVE_WITH_KNOTS ( 'NONE', 3,
 ( #2343, #1706, #850, #3474 ),
 .UNSPECIFIED., .F., .F.,
 ( 4, 4 ),
 ( 0.6371959761884795626, 1.000000000000000000 ),
 .UNSPECIFIED. ) ;
#1060 = PRODUCT_DEFINITION_SHAPE ( 'NONE', 'NONE',  #3638 ) ;
#1061 = CARTESIAN_POINT ( 'NONE',  ( 40.24739806742599768, 69.54864996279485467, 11.05714787712906322 ) ) ;
#1062 = CARTESIAN_POINT ( 'NONE',  ( 5.930547770565093302, 69.54864996279485467, -4.220000000000036167 ) ) ;
#1063 = EDGE_LOOP ( 'NONE', ( #1873, #3245, #3574, #1191 ) ) ;
#1064 = DIRECTION ( 'NONE',  ( -1.000000000000000000, 0.000000000000000000, 6.982962677686268288E-15 ) ) ;
#1065 = VERTEX_POINT ( 'NONE', #3116 ) ;
#1066 = CARTESIAN_POINT ( 'NONE',  ( 14.68632900351048143, 16.84864996279485894, -4.220000000000103668 ) ) ;
#1067 = EDGE_CURVE ( 'NONE', #432, #3085, #2853, .T. ) ;
#1068 = VECTOR ( 'NONE', #1642, 1000.000000000000000 ) ;
#1069 = CYLINDRICAL_SURFACE ( 'NONE', #3160, 0.6000000000000015321 ) ;
#1070 = VECTOR ( 'NONE', #562, 1000.000000000000000 ) ;
#1071 = EDGE_CURVE ( 'NONE', #2638, #3756, #1208, .T. ) ;
#1072 = CIRCLE ( 'NONE', #2055, 6.000000000000001776 ) ;
#1073 = CIRCLE ( 'NONE', #956, 0.5000000000000004441 ) ;
#1074 = PRODUCT_RELATED_PRODUCT_CATEGORY ( 'part', '', ( #1610 ) ) ;
#1075 = CARTESIAN_POINT ( 'NONE',  ( 0.4856960532219782301, 16.48354445882798913, -4.219999999999999751 ) ) ;
#1076 = CIRCLE ( 'NONE', #1755, 3.000000000000002665 ) ;
#1077 = AXIS2_PLACEMENT_3D ( 'NONE', #2337, #843, #3132 ) ;
#1078 = EDGE_CURVE ( 'NONE', #1531, #3763, #271, .T. ) ;
#1079 = CARTESIAN_POINT ( 'NONE',  ( -0.01430394677802200240, 53.83089438946936411, -2.719999999999999751 ) ) ;
#1080 = VERTEX_POINT ( 'NONE', #1643 ) ;
#1081 = DIRECTION ( 'NONE',  ( -1.000000000000000000, 9.219896231606733138E-17, 6.982962677686267499E-15 ) ) ;
#1082 = CARTESIAN_POINT ( 'NONE',  ( 14.68632900351048853, 13.44864996279486213, -4.220000000000105445 ) ) ;
#1083 = AXIS2_PLACEMENT_3D ( 'NONE', #700, #2456, #3666 ) ;
#1084 = CARTESIAN_POINT ( 'NONE',  ( 40.24739806742601189, 69.54864996279485467, 14.89333784717225129 ) ) ;
#1085 = CARTESIAN_POINT ( 'NONE',  ( 55.18232464189361508, 58.63287046151691584, -2.719999999999999751 ) ) ;
#1086 = VECTOR ( 'NONE', #1739, 1000.000000000000000 ) ;
#1087 = VECTOR ( 'NONE', #496, 1000.000000000000000 ) ;
#1088 = CIRCLE ( 'NONE', #269, 1.500000000000004885 ) ;
#1089 = DIRECTION ( 'NONE',  ( 0.000000000000000000, 0.000000000000000000, 1.000000000000000000 ) ) ;
#1090 = ORIENTED_EDGE ( 'NONE', *, *, #2713, .F. ) ;
#1091 = CARTESIAN_POINT ( 'NONE',  ( 56.59054777056508811, 51.11513269832015283, 6.889325906647846054 ) ) ;
#1092 = VERTEX_POINT ( 'NONE', #2812 ) ;
#1093 = DIRECTION ( 'NONE',  ( -0.000000000000000000, -0.000000000000000000, -1.000000000000000000 ) ) ;
#1094 = CARTESIAN_POINT ( 'NONE',  ( 49.69054777056490479, 72.30864996279485979, -5.220000000000347029 ) ) ;
#1095 = LINE ( 'NONE', #197, #2726 ) ;
#1096 = VERTEX_POINT ( 'NONE', #172 ) ;
#1097 = DIRECTION ( 'NONE',  ( -1.000000000000000000, 0.000000000000000000, 0.000000000000000000 ) ) ;
#1098 = EDGE_CURVE ( 'NONE', #2596, #3316, #2188, .T. ) ;
#1099 = CARTESIAN_POINT ( 'NONE',  ( 0.2635320128424241126, 52.86922994616401184, -4.219999999999999751 ) ) ;
#1100 = EDGE_LOOP ( 'NONE', ( #1278, #439, #215, #990 ) ) ;
#1101 = FACE_BOUND ( 'NONE', #3166, .T. ) ;
#1102 = CARTESIAN_POINT ( 'NONE',  ( 56.59054777056509522, 6.797266567925486669, -4.220000000000403872 ) ) ;
#1103 = CARTESIAN_POINT ( 'NONE',  ( 57.69054777056509664, 63.30864996279486689, 20.98000000000000043 ) ) ;
#1104 = CARTESIAN_POINT ( 'NONE',  ( 0.03054777056502640947, 4.048649962794844903, 12.76000000000000689 ) ) ;
#1105 = EDGE_CURVE ( 'NONE', #2156, #1910, #3294, .T. ) ;
#1106 = DIRECTION ( 'NONE',  ( 0.000000000000000000, 0.000000000000000000, -1.000000000000000000 ) ) ;
#1107 = ORIENTED_EDGE ( 'NONE', *, *, #718, .F. ) ;
#1108 = FACE_BOUND ( 'NONE', #3273, .T. ) ;
#1109 = ORIENTED_EDGE ( 'NONE', *, *, #2948, .T. ) ;
#1110 = PRODUCT_DEFINITION_CONTEXT ( 'detailed design', #43, 'design' ) ;
#1111 = LINE ( 'NONE', #796, #1937 ) ;
#1112 = CARTESIAN_POINT ( 'NONE',  ( 40.19436216970090925, 59.30864996279485979, 22.28100000000015157 ) ) ;
#1113 = ORIENTED_EDGE ( 'NONE', *, *, #554, .T. ) ;
#1114 = CARTESIAN_POINT ( 'NONE',  ( 49.69054777056508954, 72.30864996279485979, 19.77239503314723379 ) ) ;
#1115 = CARTESIAN_POINT ( 'NONE',  ( -1.069452229434894930, 56.74080019508361517, -2.719999999999999751 ) ) ;
#1116 = ADVANCED_FACE ( 'NONE', ( #2024 ), #861, .F. ) ;
#1117 = ORIENTED_EDGE ( 'NONE', *, *, #1886, .T. ) ;
#1118 = DIRECTION ( 'NONE',  ( -1.000000000000000000, -0.000000000000000000, -0.000000000000000000 ) ) ;
#1119 = PLANE ( 'NONE',  #3767 ) ;
#1120 = CARTESIAN_POINT ( 'NONE',  ( 49.47106732100647974, 69.54864996279485467, 17.60593378890962057 ) ) ;
#1121 = LINE ( 'NONE', #1413, #650 ) ;
#1122 = DIRECTION ( 'NONE',  ( 6.982962677686267499E-15, -0.000000000000000000, 1.000000000000000000 ) ) ;
#1123 = EDGE_CURVE ( 'NONE', #3542, #2638, #760, .T. ) ;
#1124 = ORIENTED_EDGE ( 'NONE', *, *, #3229, .T. ) ;
#1125 = CARTESIAN_POINT ( 'NONE',  ( -1.069452229434899149, 20.13054385779618016, -2.093539456592565795 ) ) ;
#1126 = ORIENTED_EDGE ( 'NONE', *, *, #2092, .F. ) ;
#1127 = CARTESIAN_POINT ( 'NONE',  ( 1.930547770565093302, 56.74080019508361517, -2.719999999999999751 ) ) ;
#1128 = ADVANCED_FACE ( 'NONE', ( #3713 ), #804, .F. ) ;
#1129 = DIRECTION ( 'NONE',  ( 9.219896231606733138E-17, 1.000000000000000000, -0.000000000000000000 ) ) ;
#1130 = CARTESIAN_POINT ( 'NONE',  ( 3.066794464307397217, 68.93616773971304212, 11.59995596549655872 ) ) ;
#1131 = ORIENTED_EDGE ( 'NONE', *, *, #2043, .F. ) ;
#1132 = DIRECTION ( 'NONE',  ( 0.000000000000000000, -1.000000000000000000, 0.000000000000000000 ) ) ;
#1133 = AXIS2_PLACEMENT_3D ( 'NONE', #2083, #3208, #330 ) ;
#1134 = ORIENTED_EDGE ( 'NONE', *, *, #3406, .T. ) ;
#1135 = AXIS2_PLACEMENT_3D ( 'NONE', #2531, #1994, #3705 ) ;
#1136 = FACE_OUTER_BOUND ( 'NONE', #2931, .T. ) ;
#1137 = ORIENTED_EDGE ( 'NONE', *, *, #2784, .T. ) ;
#1138 = FACE_OUTER_BOUND ( 'NONE', #2223, .T. ) ;
#1139 = FACE_OUTER_BOUND ( 'NONE', #825, .T. ) ;
#1140 = FACE_OUTER_BOUND ( 'NONE', #2449, .T. ) ;
#1141 = CARTESIAN_POINT ( 'NONE',  ( 49.47106732100647974, 69.54864996279485467, 4.508361965348508527 ) ) ;
#1142 = AXIS2_PLACEMENT_3D ( 'NONE', #2193, #2247, #2213 ) ;
#1143 = EDGE_CURVE ( 'NONE', #169, #556, #3149, .T. ) ;
#1144 = LINE ( 'NONE', #484, #1516 ) ;
#1145 = AXIS2_PLACEMENT_3D ( 'NONE', #2643, #299, #1825 ) ;
#1146 = AXIS2_PLACEMENT_3D ( 'NONE', #3057, #3674, #3318 ) ;
#1147 = VERTEX_POINT ( 'NONE', #3464 ) ;
#1148 = CARTESIAN_POINT ( 'NONE',  ( -5.528395281464808519, 52.71776721078237671, 12.78000000000004377 ) ) ;
#1149 = VERTEX_POINT ( 'NONE', #1445 ) ;
#1150 = AXIS2_PLACEMENT_3D ( 'NONE', #2959, #1773, #1501 ) ;
#1151 = EDGE_CURVE ( 'NONE', #2834, #3599, #3267, .T. ) ;
#1152 = DIRECTION ( 'NONE',  ( -1.156482317317871607E-14, 0.000000000000000000, -1.000000000000000000 ) ) ;
#1153 = DIRECTION ( 'NONE',  ( 7.096596038086935890E-15, 0.000000000000000000, 1.000000000000000000 ) ) ;
#1154 = CIRCLE ( 'NONE', #2073, 0.5000000000000002220 ) ;
#1155 = ADVANCED_FACE ( 'NONE', ( #790 ), #517, .F. ) ;
#1156 = AXIS2_PLACEMENT_3D ( 'NONE', #142, #3317, #3607 ) ;
#1157 = CARTESIAN_POINT ( 'NONE',  ( 3.253187580819146163, 69.01681131697012006, 12.30798251436292112 ) ) ;
#1158 = EDGE_LOOP ( 'NONE', ( #2851, #1816, #3642, #3036 ) ) ;
#1159 = ORIENTED_EDGE ( 'NONE', *, *, #1098, .T. ) ;
#1160 = CARTESIAN_POINT ( 'NONE',  ( 56.59054777056509522, 55.82672194075486516, -2.719999999999999751 ) ) ;
#1161 = ORIENTED_EDGE ( 'NONE', *, *, #1105, .F. ) ;
#1162 = LINE ( 'NONE', #1196, #468 ) ;
#1163 = CARTESIAN_POINT ( 'NONE',  ( 53.00042745216367024, 70.59646562623015598, 22.28000000000000114 ) ) ;
#1164 = FACE_OUTER_BOUND ( 'NONE', #3055, .T. ) ;
#1165 = DIRECTION ( 'NONE',  ( 0.000000000000000000, 1.000000000000000000, 0.000000000000000000 ) ) ;
#1166 = ORIENTED_EDGE ( 'NONE', *, *, #3444, .F. ) ;
#1167 = CARTESIAN_POINT ( 'NONE',  ( -5.528395281464808519, 52.11776721078237529, 12.78000000000004377 ) ) ;
#1168 = ORIENTED_EDGE ( 'NONE', *, *, #504, .T. ) ;
#1169 = EDGE_LOOP ( 'NONE', ( #237, #97, #248, #369 ) ) ;
#1170 = CARTESIAN_POINT ( 'NONE',  ( -2.969452229434907942, 4.048649962794844903, 22.28000000000002245 ) ) ;
#1171 = EDGE_CURVE ( 'NONE', #2914, #1617, #1697, .T. ) ;
#1172 = EDGE_CURVE ( 'NONE', #857, #1309, #1717, .T. ) ;
#1173 = ORIENTED_EDGE ( 'NONE', *, *, #1917, .T. ) ;
#1174 = CARTESIAN_POINT ( 'NONE',  ( 49.69054777056497585, 72.30864996279485979, 4.757110654816465889 ) ) ;
#1175 = ORIENTED_EDGE ( 'NONE', *, *, #737, .F. ) ;
#1176 = DIRECTION ( 'NONE',  ( -1.000000000000000000, 0.000000000000000000, 0.000000000000000000 ) ) ;
#1177 = CARTESIAN_POINT ( 'NONE',  ( 57.42500160560383193, 65.37465687594146857, 20.98000000000000043 ) ) ;
#1178 = CARTESIAN_POINT ( 'NONE',  ( 52.51923851254385767, 70.79642044300373982, 20.98000000000000043 ) ) ;
#1179 = DIRECTION ( 'NONE',  ( 0.000000000000000000, -0.000000000000000000, -1.000000000000000000 ) ) ;
#1180 = DIRECTION ( 'NONE',  ( -0.000000000000000000, 1.000000000000000000, 0.000000000000000000 ) ) ;
#1181 = EDGE_LOOP ( 'NONE', ( #7, #1916, #2384, #2798 ) ) ;
#1182 = LINE ( 'NONE', #63, #3102 ) ;
#1183 = ORIENTED_EDGE ( 'NONE', *, *, #2839, .T. ) ;
#1184 = DIRECTION ( 'NONE',  ( -1.400657527907609919E-16, -1.000000000000000000, 3.501643819769024797E-17 ) ) ;
#1185 = ORIENTED_EDGE ( 'NONE', *, *, #2324, .F. ) ;
#1186 = CARTESIAN_POINT ( 'NONE',  ( -0.09634816146488434097, 2.988192745941231188, 12.45816897841230997 ) ) ;
#1187 = EDGE_CURVE ( 'NONE', #3326, #967, #1829, .T. ) ;
#1188 = ADVANCED_BREP_SHAPE_REPRESENTATION ( 'cubit3_top_enclosure', ( #230, #1218 ), #3485 ) ;
#1189 = CARTESIAN_POINT ( 'NONE',  ( 16.19436216970071740, 54.30864996279485979, -4.220000000000112550 ) ) ;
#1190 = ORIENTED_EDGE ( 'NONE', *, *, #2588, .F. ) ;
#1191 = ORIENTED_EDGE ( 'NONE', *, *, #2724, .F. ) ;
#1192 = EDGE_CURVE ( 'NONE', #3128, #3026, #1121, .T. ) ;
#1193 = DIRECTION ( 'NONE',  ( -6.991222571849442943E-15, 6.445834664451861890E-31, -1.000000000000000000 ) ) ;
#1194 = CARTESIAN_POINT ( 'NONE',  ( 58.69054777056490479, -2.951350037205148880, -5.220000000000410090 ) ) ;
#1195 = ORIENTED_EDGE ( 'NONE', *, *, #66, .F. ) ;
#1196 = CARTESIAN_POINT ( 'NONE',  ( -2.969452229434910162, 72.30864996279485979, 20.98000000000000043 ) ) ;
#1197 = CARTESIAN_POINT ( 'NONE',  ( 57.48846704176848021, 65.12157199817761466, 20.98000000000000043 ) ) ;
#1198 = CARTESIAN_POINT ( 'NONE',  ( 0.03054777056502640947, 4.048649962794844903, 12.76000000000000689 ) ) ;
#1199 = DIRECTION ( 'NONE',  ( 6.991222571849442154E-15, -6.445834664451861014E-31, 1.000000000000000000 ) ) ;
#1200 = ADVANCED_FACE ( 'NONE', ( #1164 ), #3433, .T. ) ;
#1201 = VECTOR ( 'NONE', #2057, 1000.000000000000000 ) ;
#1202 = CARTESIAN_POINT ( 'NONE',  ( 45.19436216970090925, 54.30864996279486689, 22.28100000000011605 ) ) ;
#1203 = ORIENTED_EDGE ( 'NONE', *, *, #395, .T. ) ;
#1204 = DIRECTION ( 'NONE',  ( 0.000000000000000000, -1.000000000000000000, 0.000000000000000000 ) ) ;
#1205 = VECTOR ( 'NONE', #3675, 1000.000000000000000 ) ;
#1206 = EDGE_LOOP ( 'NONE', ( #3454, #1962, #2503, #1000 ) ) ;
#1207 = CARTESIAN_POINT ( 'NONE',  ( -2.969452229435046497, 20.13054385779618016, 2.073270614191346173 ) ) ;
#1208 = CIRCLE ( 'NONE', #2304, 0.5000000000000002220 ) ;
#1209 = VECTOR ( 'NONE', #137, 1000.000000000000000 ) ;
#1210 = AXIS2_PLACEMENT_3D ( 'NONE', #3143, #3405, #183 ) ;
#1211 = VERTEX_POINT ( 'NONE', #2292 ) ;
#1212 = CARTESIAN_POINT ( 'NONE',  ( 56.59054777056508811, 62.54864996279485467, -4.220000000000403872 ) ) ;
#1213 = VECTOR ( 'NONE', #1316, 1000.000000000000000 ) ;
#1214 = VECTOR ( 'NONE', #2637, 1000.000000000000000 ) ;
#1215 = CARTESIAN_POINT ( 'NONE',  ( 56.59054777056508811, 62.54864996279485467, 17.38272043847116421 ) ) ;
#1216 = ORIENTED_EDGE ( 'NONE', *, *, #935, .F. ) ;
#1217 = ORIENTED_EDGE ( 'NONE', *, *, #1781, .T. ) ;
#1218 = AXIS2_PLACEMENT_3D ( 'NONE', #3071, #996, #1597 ) ;
#1219 = DIRECTION ( 'NONE',  ( -1.000000000000000000, 0.000000000000000000, -0.000000000000000000 ) ) ;
#1220 = ORIENTED_EDGE ( 'NONE', *, *, #3053, .T. ) ;
#1221 = DIRECTION ( 'NONE',  ( 7.020936286943156035E-15, 0.000000000000000000, 1.000000000000000000 ) ) ;
#1222 = CARTESIAN_POINT ( 'NONE',  ( 40.19436216970071740, 59.30864996279485979, -5.220000000000280416 ) ) ;
#1223 = ADVANCED_FACE ( 'NONE', ( #1981 ), #2042, .T. ) ;
#1224 = CARTESIAN_POINT ( 'NONE',  ( 4.030547770565097387, 65.30864996279485979, 20.98000000000000043 ) ) ;
#1225 = FACE_OUTER_BOUND ( 'NONE', #3563, .T. ) ;
#1226 = CARTESIAN_POINT ( 'NONE',  ( -1.069452229434902257, 19.39345026444224018, -4.219999999999987317 ) ) ;
#1227 = EDGE_LOOP ( 'NONE', ( #1258, #2558 ) ) ;
#1228 = CARTESIAN_POINT ( 'NONE',  ( 57.09054777056508811, 51.14276721078237387, 2.199999999999607603 ) ) ;
#1229 = EDGE_CURVE ( 'NONE', #3461, #2215, #2869, .T. ) ;
#1230 = VERTEX_POINT ( 'NONE', #2538 ) ;
#1231 = CYLINDRICAL_SURFACE ( 'NONE', #3538, 7.000000000000000000 ) ;
#1232 = VERTEX_POINT ( 'NONE', #1085 ) ;
#1233 = FACE_OUTER_BOUND ( 'NONE', #2524, .T. ) ;
#1234 = ORIENTED_EDGE ( 'NONE', *, *, #173, .T. ) ;
#1235 = ORIENTED_EDGE ( 'NONE', *, *, #578, .T. ) ;
#1236 = B_SPLINE_CURVE_WITH_KNOTS ( 'NONE', 3,
 ( #2984, #2123, #1467, #2063 ),
 .UNSPECIFIED., .F., .F.,
 ( 4, 4 ),
 ( 0.000000000000000000, 0.002122358628568454635 ),
 .UNSPECIFIED. ) ;
#1237 = DIRECTION ( 'NONE',  ( -0.000000000000000000, 0.000000000000000000, 1.000000000000000000 ) ) ;
#1238 = VERTEX_POINT ( 'NONE', #2262 ) ;
#1239 = CARTESIAN_POINT ( 'NONE',  ( -1.069452229434900037, -0.4513500372051496567, 22.28000000000000114 ) ) ;
#1240 = DIRECTION ( 'NONE',  ( 1.485878661455921679E-16, -1.473752743977875819E-16, -1.000000000000000000 ) ) ;
#1241 = EDGE_CURVE ( 'NONE', #1806, #2946, #766, .T. ) ;
#1242 = DIRECTION ( 'NONE',  ( -1.000000000000000000, 0.000000000000000000, 0.000000000000000000 ) ) ;
#1243 = ORIENTED_EDGE ( 'NONE', *, *, #4, .F. ) ;
#1244 = LINE ( 'NONE', #864, #3779 ) ;
#1245 = ORIENTED_EDGE ( 'NONE', *, *, #2393, .T. ) ;
#1246 = CARTESIAN_POINT ( 'NONE',  ( -1.069452229434900037, 19.53054385779617874, -1.493539456592565928 ) ) ;
#1247 = ADVANCED_FACE ( 'NONE', ( #2561 ), #908, .T. ) ;
#1248 = ORIENTED_EDGE ( 'NONE', *, *, #2646, .F. ) ;
#1249 = CARTESIAN_POINT ( 'NONE',  ( 58.69054777056498295, 63.30864996279486689, 5.068930122833083196 ) ) ;
#1250 = CARTESIAN_POINT ( 'NONE',  ( 4.030547770565093835, -1.951350037205149768, 22.28000000000000114 ) ) ;
#1251 = EDGE_CURVE ( 'NONE', #3085, #2642, #3256, .T. ) ;
#1252 = DIRECTION ( 'NONE',  ( 0.000000000000000000, -1.000000000000000000, 0.000000000000000000 ) ) ;
#1253 = ORIENTED_EDGE ( 'NONE', *, *, #3295, .F. ) ;
#1254 = ORIENTED_EDGE ( 'NONE', *, *, #1028, .T. ) ;
#1255 = CARTESIAN_POINT ( 'NONE',  ( 0.2635320128424242236, 15.41868555753940484, -2.719999999999999751 ) ) ;
#1256 = CARTESIAN_POINT ( 'NONE',  ( -2.969452229434907942, 4.048649962794844903, 22.28000000000002245 ) ) ;
#1257 = CYLINDRICAL_SURFACE ( 'NONE', #401, 6.000000000000001776 ) ;
#1258 = ORIENTED_EDGE ( 'NONE', *, *, #2187, .F. ) ;
#1259 = CARTESIAN_POINT ( 'NONE',  ( 49.69054777056497585, 72.30864996279485979, 4.757110654816465889 ) ) ;
#1260 = EDGE_LOOP ( 'NONE', ( #827, #564, #3391, #3396, #545 ) ) ;
#1261 = CARTESIAN_POINT ( 'NONE',  ( 4.030547770565097387, 65.30864996279485979, 22.27999999999997272 ) ) ;
#1262 = AXIS2_PLACEMENT_3D ( 'NONE', #88, #1277, #2448 ) ;
#1263 = FACE_OUTER_BOUND ( 'NONE', #2329, .T. ) ;
#1264 = AXIS2_PLACEMENT_3D ( 'NONE', #427, #984, #1599 ) ;
#1265 = AXIS2_PLACEMENT_3D ( 'NONE', #3490, #3751, #537 ) ;
#1266 = ORIENTED_EDGE ( 'NONE', *, *, #2085, .T. ) ;
#1267 = CARTESIAN_POINT ( 'NONE',  ( 40.24739806742599768, 69.54864996279485467, 11.05714787712906322 ) ) ;
#1268 = EDGE_CURVE ( 'NONE', #2411, #3074, #1823, .T. ) ;
#1269 = VECTOR ( 'NONE', #3457, 1000.000000000000000 ) ;
#1270 = AXIS2_PLACEMENT_3D ( 'NONE', #3033, #408, #2162 ) ;
#1271 = VECTOR ( 'NONE', #912, 1000.000000000000000 ) ;
#1272 = CIRCLE ( 'NONE', #2495, 4.999999999999997335 ) ;
#1273 = EDGE_CURVE ( 'NONE', #3074, #3542, #2105, .T. ) ;
#1274 = ORIENTED_EDGE ( 'NONE', *, *, #1456, .T. ) ;
#1275 = VECTOR ( 'NONE', #1118, 1000.000000000000000 ) ;
#1276 = AXIS2_PLACEMENT_3D ( 'NONE', #1735, #1089, #2294 ) ;
#1277 = DIRECTION ( 'NONE',  ( -6.991222571849442154E-15, 6.445834664451861014E-31, -1.000000000000000000 ) ) ;
#1278 = ORIENTED_EDGE ( 'NONE', *, *, #965, .F. ) ;
#1279 = DIRECTION ( 'NONE',  ( -1.156482317317868451E-14, 0.000000000000000000, -1.000000000000000000 ) ) ;
#1280 = CARTESIAN_POINT ( 'NONE',  ( 8.259691434521279518, 71.14864996279486320, 10.61308499999999988 ) ) ;
#1281 = ORIENTED_EDGE ( 'NONE', *, *, #1550, .T. ) ;
#1282 = DIRECTION ( 'NONE',  ( 0.000000000000000000, 0.000000000000000000, 1.000000000000000000 ) ) ;
#1283 = ORIENTED_EDGE ( 'NONE', *, *, #395, .F. ) ;
#1284 = ORIENTED_EDGE ( 'NONE', *, *, #832, .T. ) ;
#1285 = CARTESIAN_POINT ( 'NONE',  ( 55.68232464189361508, 59.23751023009852190, -2.719999999999999751 ) ) ;
#1286 = EDGE_CURVE ( 'NONE', #556, #3510, #41, .T. ) ;
#1287 = DIRECTION ( 'NONE',  ( 1.000000000000000000, -0.000000000000000000, -6.982962677686267499E-15 ) ) ;
#1288 = EDGE_LOOP ( 'NONE', ( #2721, #2519, #1371, #2510 ) ) ;
#1289 = EDGE_CURVE ( 'NONE', #1835, #2156, #2430, .T. ) ;
#1290 = EDGE_LOOP ( 'NONE', ( #2169, #3321, #835, #1283 ) ) ;
#1291 = CARTESIAN_POINT ( 'NONE',  ( -2.969452229435072699, 28.33165160576893626, -1.493539456592553938 ) ) ;
#1292 = CARTESIAN_POINT ( 'NONE',  ( 11.19436216970071030, 54.30864996279486689, -5.220000000000077911 ) ) ;
#1293 = ADVANCED_FACE ( 'NONE', ( #1225 ), #356, .F. ) ;
#1294 = CARTESIAN_POINT ( 'NONE',  ( 4.030547770565110710, 71.30864996279485979, 20.98000000000000043 ) ) ;
#1295 = ORIENTED_EDGE ( 'NONE', *, *, #1033, .T. ) ;
#1296 = CARTESIAN_POINT ( 'NONE',  ( 58.69054777056505401, 63.83807118284437365, 17.21041474683257633 ) ) ;
#1297 = CARTESIAN_POINT ( 'NONE',  ( 43.91782418975080304, 63.94971519960140682, 17.60593378890961702 ) ) ;
#1298 = CARTESIAN_POINT ( 'NONE',  ( -2.937426242648371488, 3.372095971958946059, 11.88091315249371327 ) ) ;
#1299 = EDGE_LOOP ( 'NONE', ( #751, #1768, #865, #71 ) ) ;
#1300 = CARTESIAN_POINT ( 'NONE',  ( 56.59054777056509522, 6.797266567925486669, -4.220000000000403872 ) ) ;
#1301 = CARTESIAN_POINT ( 'NONE',  ( 58.69054777056509664, 4.048649962794851120, 20.98000000000000043 ) ) ;
#1302 = EDGE_CURVE ( 'NONE', #747, #1315, #959, .T. ) ;
#1303 = DIRECTION ( 'NONE',  ( 0.000000000000000000, 0.000000000000000000, 1.000000000000000000 ) ) ;
#1304 = ORIENTED_EDGE ( 'NONE', *, *, #2118, .F. ) ;
#1305 = APPLICATION_PROTOCOL_DEFINITION ( 'draft international standard', 'automotive_design', 1998, #2086 ) ;
#1306 = FACE_BOUND ( 'NONE', #1602, .T. ) ;
#1307 = EDGE_CURVE ( 'NONE', #900, #2421, #2377, .T. ) ;
#1308 = CARTESIAN_POINT ( 'NONE',  ( 58.69054777056499717, 52.11776721078237529, 6.029999999999593463 ) ) ;
#1309 = VERTEX_POINT ( 'NONE', #1542 ) ;
#1310 = CARTESIAN_POINT ( 'NONE',  ( 4.030547770565110710, 71.30864996279485979, 20.98000000000000043 ) ) ;
#1311 = ORIENTED_EDGE ( 'NONE', *, *, #441, .F. ) ;
#1312 = CARTESIAN_POINT ( 'NONE',  ( -2.903388285578234473, 3.087603372003490332, 12.20601178410596965 ) ) ;
#1313 = EDGE_CURVE ( 'NONE', #1819, #1841, #2084, .T. ) ;
#1314 = CARTESIAN_POINT ( 'NONE',  ( 56.59054777056508811, 52.71776721078237671, 12.77999999999961034 ) ) ;
#1315 = VERTEX_POINT ( 'NONE', #3209 ) ;
#1316 = DIRECTION ( 'NONE',  ( 0.000000000000000000, -0.000000000000000000, -1.000000000000000000 ) ) ;
#1317 = ORIENTED_EDGE ( 'NONE', *, *, #2527, .T. ) ;
#1318 = AXIS2_PLACEMENT_3D ( 'NONE', #2898, #2521, #1058 ) ;
#1319 = CARTESIAN_POINT ( 'NONE',  ( 49.69054777056490479, 72.30864996279485979, -5.220000000000347029 ) ) ;
#1320 = DIRECTION ( 'NONE',  ( -1.156482317317871449E-14, 0.000000000000000000, -1.000000000000000000 ) ) ;
#1321 = CIRCLE ( 'NONE', #2745, 2.000000001170135100 ) ;
#1322 = VECTOR ( 'NONE', #1780, 1000.000000000000000 ) ;
#1323 = B_SPLINE_CURVE_WITH_KNOTS ( 'NONE', 3,
 ( #3804, #3387, #438, #1595 ),
 .UNSPECIFIED., .F., .F.,
 ( 4, 4 ),
 ( 0.000000000000000000, 0.002122358628568456803 ),
 .UNSPECIFIED. ) ;
#1324 = VECTOR ( 'NONE', #2932, 1000.000000000000000 ) ;
#1325 = VECTOR ( 'NONE', #2768, 1000.000000000000000 ) ;
#1326 = CARTESIAN_POINT ( 'NONE',  ( 0.000000000000000000, 0.000000000000000000, 20.98000000000000043 ) ) ;
#1327 = ORIENTED_EDGE ( 'NONE', *, *, #1592, .T. ) ;
#1328 = CARTESIAN_POINT ( 'NONE',  ( 16.19436216970080622, 59.30864996279485979, -4.220000000000112550 ) ) ;
#1329 = DIRECTION ( 'NONE',  ( -0.000000000000000000, -0.000000000000000000, -1.000000000000000000 ) ) ;
#1330 = CIRCLE ( 'NONE', #1698, 0.5000000000000004441 ) ;
#1331 = CARTESIAN_POINT ( 'NONE',  ( 51.92823289949192400, 72.02603289942094023, 17.60593378890960992 ) ) ;
#1332 = VECTOR ( 'NONE', #481, 1000.000000000000000 ) ;
#1333 = EDGE_CURVE ( 'NONE', #1096, #904, #331, .T. ) ;
#1334 = ORIENTED_EDGE ( 'NONE', *, *, #3580, .T. ) ;
#1335 = CARTESIAN_POINT ( 'NONE',  ( 4.030547770565093835, -1.951350037205149768, 20.98000000000000043 ) ) ;
#1336 = DIRECTION ( 'NONE',  ( -1.000000000000000000, -9.875726538627338513E-17, 0.000000000000000000 ) ) ;
#1337 = CARTESIAN_POINT ( 'NONE',  ( 49.69054777056489769, 72.30864996279485979, -6.595000000000347029 ) ) ;
#1338 = CARTESIAN_POINT ( 'NONE',  ( 8.259691434521279518, 71.14864996279486320, 15.89308479999999868 ) ) ;
#1339 = ADVANCED_FACE ( 'NONE', ( #374 ), #619, .F. ) ;
#1340 = ORIENTED_EDGE ( 'NONE', *, *, #692, .F. ) ;
#1341 = CARTESIAN_POINT ( 'NONE',  ( -1.069452229434908253, 69.54864996279485467, -95.90999724335667054 ) ) ;
#1342 = ORIENTED_EDGE ( 'NONE', *, *, #3068, .T. ) ;
#1343 = CYLINDRICAL_SURFACE ( 'NONE', #3475, 3.399999999999998579 ) ;
#1344 = DIRECTION ( 'NONE',  ( -1.000000000000000000, -9.875726538627338513E-17, -0.000000000000000000 ) ) ;
#1345 = ORIENTED_EDGE ( 'NONE', *, *, #3798, .T. ) ;
#1346 = CARTESIAN_POINT ( 'NONE',  ( 0.2635320128424237240, 52.86922994616401184, -2.719999999999999751 ) ) ;
#1347 = DIRECTION ( 'NONE',  ( -1.000000000000000000, 0.000000000000000000, 0.000000000000000000 ) ) ;
#1348 = EDGE_LOOP ( 'NONE', ( #2038, #919 ) ) ;
#1349 = CARTESIAN_POINT ( 'NONE',  ( -1.069452229434907142, 53.59604800156338911, -1.749304498602572089 ) ) ;
#1350 = LINE ( 'NONE', #1390, #3150 ) ;
#1351 = CARTESIAN_POINT ( 'NONE',  ( 49.69054777056497585, 72.30864996279485979, 4.757110654816465889 ) ) ;
#1352 = CARTESIAN_POINT ( 'NONE',  ( -2.914776119663860854, 3.169523571910646709, 12.08349739333431749 ) ) ;
#1353 = EDGE_CURVE ( 'NONE', #3783, #2128, #2656, .T. ) ;
#1354 = FACE_OUTER_BOUND ( 'NONE', #3032, .T. ) ;
#1355 = ORIENTED_EDGE ( 'NONE', *, *, #3386, .T. ) ;
#1356 = FACE_OUTER_BOUND ( 'NONE', #1724, .T. ) ;
#1357 = EDGE_LOOP ( 'NONE', ( #2938, #522, #2231, #2843 ) ) ;
#1358 = EDGE_CURVE ( 'NONE', #2077, #501, #2986, .T. ) ;
#1359 = DIRECTION ( 'NONE',  ( 0.000000000000000000, 1.000000000000000000, 0.000000000000000000 ) ) ;
#1360 = LINE ( 'NONE', #2529, #1884 ) ;
#1361 = EDGE_CURVE ( 'NONE', #2446, #1030, #1504, .T. ) ;
#1362 = CARTESIAN_POINT ( 'NONE',  ( 55.38349937456096939, 10.54045823734182896, -2.719999999999999751 ) ) ;
#1363 = EDGE_LOOP ( 'NONE', ( #633, #3203, #1418, #1850, #488 ) ) ;
#1364 = DIRECTION ( 'NONE',  ( 1.000000000000000000, -0.000000000000000000, -6.982962677686267499E-15 ) ) ;
#1365 = VERTEX_POINT ( 'NONE', #2712 ) ;
#1366 = FACE_BOUND ( 'NONE', #559, .T. ) ;
#1367 = FACE_OUTER_BOUND ( 'NONE', #2542, .T. ) ;
#1368 = CARTESIAN_POINT ( 'NONE',  ( 57.27231583234735979, 65.87643152246384659, 20.98000000000000043 ) ) ;
#1369 = DIRECTION ( 'NONE',  ( -1.000000000000000000, 1.309010496964126249E-16, 6.982962677686267499E-15 ) ) ;
#1370 = DIRECTION ( 'NONE',  ( -0.000000000000000000, -0.000000000000000000, 1.000000000000000000 ) ) ;
#1371 = ORIENTED_EDGE ( 'NONE', *, *, #3724, .T. ) ;
#1372 = CARTESIAN_POINT ( 'NONE',  ( 0.4856960532219782301, 16.48354445882798913, -2.719999999999999751 ) ) ;
#1373 = ORIENTED_EDGE ( 'NONE', *, *, #1105, .T. ) ;
#1374 = DIRECTION ( 'NONE',  ( 1.000000000000000000, -9.219896231606733138E-17, -6.982962677686268288E-15 ) ) ;
#1375 = AXIS2_PLACEMENT_3D ( 'NONE', #497, #227, #787 ) ;
#1376 = CARTESIAN_POINT ( 'NONE',  ( -1.069452229434900037, 28.33165160576893626, 1.473270614191332317 ) ) ;
#1377 = EDGE_CURVE ( 'NONE', #1315, #1065, #1236, .T. ) ;
#1378 = AXIS2_PLACEMENT_3D ( 'NONE', #1189, #1537, #2364 ) ;
#1379 = AXIS2_PLACEMENT_3D ( 'NONE', #3729, #746, #1925 ) ;
#1380 = ADVANCED_FACE ( 'NONE', ( #942 ), #3298, .F. ) ;
#1381 = VECTOR ( 'NONE', #65, 1000.000000000000000 ) ;
#1382 = CARTESIAN_POINT ( 'NONE',  ( 55.18232464189361508, 58.63287046151691584, -4.220000000000386109 ) ) ;
#1383 = ORIENTED_EDGE ( 'NONE', *, *, #266, .F. ) ;
#1384 = CARTESIAN_POINT ( 'NONE',  ( -2.969452229435072699, 20.13054385779618016, -1.493539456592552828 ) ) ;
#1385 = AXIS2_PLACEMENT_3D ( 'NONE', #632, #1193, #2371 ) ;
#1386 = CIRCLE ( 'NONE', #2309, 0.5000000000000004441 ) ;
#1387 = CARTESIAN_POINT ( 'NONE',  ( 8.259691434521279518, 69.54864996279485467, 10.61308479999999932 ) ) ;
#1388 = VERTEX_POINT ( 'NONE', #2636 ) ;
#1389 = LINE ( 'NONE', #877, #162 ) ;
#1390 = CARTESIAN_POINT ( 'NONE',  ( 55.38349937456096939, 58.23199210140805349, -2.719999999999999751 ) ) ;
#1391 = AXIS2_PLACEMENT_3D ( 'NONE', #1801, #2422, #608 ) ;
#1392 = CARTESIAN_POINT ( 'NONE',  ( 57.48846704176848021, 65.12157199817761466, 20.98000000000000043 ) ) ;
#1393 = DIRECTION ( 'NONE',  ( 1.000000000000000000, 0.000000000000000000, 0.000000000000000000 ) ) ;
#1394 = CIRCLE ( 'NONE', #3227, 6.999999999999999112 ) ;
#1395 = VECTOR ( 'NONE', #2202, 1000.000000000000000 ) ;
#1396 = CARTESIAN_POINT ( 'NONE',  ( 58.11023086179196895, 66.48810536322217501, 4.508361965348513856 ) ) ;
#1397 = ORIENTED_EDGE ( 'NONE', *, *, #3704, .T. ) ;
#1398 = DIRECTION ( 'NONE',  ( -0.000000000000000000, -0.000000000000000000, -1.000000000000000000 ) ) ;
#1399 = ORIENTED_EDGE ( 'NONE', *, *, #2214, .F. ) ;
#1400 = B_SPLINE_CURVE_WITH_KNOTS ( 'NONE', 3,
 ( #1319, #2492, #3701, #739, #1034, #2212, #3384, #2512, #3081, #1624, #163, #2818 ),
 .UNSPECIFIED., .F., .F.,
 ( 4, 2, 2, 2, 2, 4 ),
 ( 0.000000000000000000, 0.2500000000000005551, 0.5000000000000011102, 0.6250000000000013323, 0.7500000000000016653, 1.000000000000000000 ),
 .UNSPECIFIED. ) ;
#1401 = DIRECTION ( 'NONE',  ( 0.000000000000000000, 0.000000000000000000, 1.000000000000000000 ) ) ;
#1402 = CARTESIAN_POINT ( 'NONE',  ( 57.09054777056508811, 51.14276721078237387, 17.19999999999961204 ) ) ;
#1403 = ADVANCED_FACE ( 'NONE', ( #599 ), #458, .F. ) ;
#1404 = DIRECTION ( 'NONE',  ( -0.000000000000000000, -0.000000000000000000, -1.000000000000000000 ) ) ;
#1405 = VERTEX_POINT ( 'NONE', #2806 ) ;
#1406 = CARTESIAN_POINT ( 'NONE',  ( 49.69054777056500427, 72.30864996279485979, 20.98000000000000043 ) ) ;
#1407 = EDGE_CURVE ( 'NONE', #2638, #2411, #387, .T. ) ;
#1408 = DIRECTION ( 'NONE',  ( -0.000000000000000000, -0.000000000000000000, 1.000000000000000000 ) ) ;
#1409 = ORIENTED_EDGE ( 'NONE', *, *, #3402, .T. ) ;
#1410 = CARTESIAN_POINT ( 'NONE',  ( 8.259691434521279518, -2.952350037205148325, 10.61308499999999988 ) ) ;
#1411 = CARTESIAN_POINT ( 'NONE',  ( 56.59054777056508811, 52.11776721078237529, 13.37999999999961176 ) ) ;
#1412 = CARTESIAN_POINT ( 'NONE',  ( -0.9221381418659384543, 5.118918748229202009, 12.46654489792470955 ) ) ;
#1413 = CARTESIAN_POINT ( 'NONE',  ( -1.069452229434900037, 28.93165160576892347, -2.093539456592567127 ) ) ;
#1414 = EDGE_CURVE ( 'NONE', #70, #3534, #212, .T. ) ;
#1415 = CARTESIAN_POINT ( 'NONE',  ( 51.69054777056509664, -2.951350037205148880, 20.98000000000000043 ) ) ;
#1416 = ORIENTED_EDGE ( 'NONE', *, *, #805, .T. ) ;
#1417 = DIRECTION ( 'NONE',  ( -1.000000000000000000, 0.000000000000000000, 0.000000000000000000 ) ) ;
#1418 = ORIENTED_EDGE ( 'NONE', *, *, #677, .F. ) ;
#1419 = LINE ( 'NONE', #830, #2491 ) ;
#1420 = CARTESIAN_POINT ( 'NONE',  ( 3.534891459449392315, 69.12680408022070822, 12.98252693613189379 ) ) ;
#1421 = ORIENTED_EDGE ( 'NONE', *, *, #1006, .F. ) ;
#1422 = CARTESIAN_POINT ( 'NONE',  ( 58.69054777056504690, 50.16776721078237955, 13.37999999999959400 ) ) ;
#1423 = DIRECTION ( 'NONE',  ( 0.000000000000000000, -1.000000000000000000, 0.000000000000000000 ) ) ;
#1424 = ORIENTED_EDGE ( 'NONE', *, *, #1071, .T. ) ;
#1425 = LINE ( 'NONE', #3129, #412 ) ;
#1426 = CARTESIAN_POINT ( 'NONE',  ( 51.69054777056510375, -1.951350037205147991, 20.98000000000000043 ) ) ;
#1427 = ADVANCED_FACE ( 'NONE', ( #2476 ), #3086, .T. ) ;
#1428 = CARTESIAN_POINT ( 'NONE',  ( 53.23641769548857638, 70.48522407739665141, 22.28000000000000114 ) ) ;
#1429 = DIRECTION ( 'NONE',  ( 1.819894540470842339E-17, -1.000000000000000000, 0.000000000000000000 ) ) ;
#1430 = DIRECTION ( 'NONE',  ( 1.000000000000000000, -0.000000000000000000, 0.000000000000000000 ) ) ;
#1431 = ORIENTED_EDGE ( 'NONE', *, *, #3472, .F. ) ;
#1432 = DIRECTION ( 'NONE',  ( -1.000000000000000000, 0.000000000000000000, 6.938893903907222067E-15 ) ) ;
#1433 = ADVANCED_FACE ( 'NONE', ( #91, #1306, #3650 ), #144, .T. ) ;
#1434 = ORIENTED_EDGE ( 'NONE', *, *, #543, .F. ) ;
#1435 = DIRECTION ( 'NONE',  ( -1.000000000000000000, -1.177133787269976067E-16, -0.000000000000000000 ) ) ;
#1436 = CARTESIAN_POINT ( 'NONE',  ( 3.908035432233327278, 69.25146453627729670, 13.61318713080175691 ) ) ;
#1437 = ORIENTED_EDGE ( 'NONE', *, *, #2646, .T. ) ;
#1438 = CIRCLE ( 'NONE', #2428, 1.000000000000000888 ) ;
#1439 = VERTEX_POINT ( 'NONE', #2783 ) ;
#1440 = VECTOR ( 'NONE', #761, 1000.000000000000000 ) ;
#1441 = DIRECTION ( 'NONE',  ( 0.000000000000000000, -1.000000000000000000, 0.000000000000000000 ) ) ;
#1442 = ORIENTED_EDGE ( 'NONE', *, *, #3477, .T. ) ;
#1443 = DIRECTION ( 'NONE',  ( 1.000000000000000000, -0.000000000000000000, -6.982962677686267499E-15 ) ) ;
#1444 = DIRECTION ( 'NONE',  ( -1.000000000000000000, 0.000000000000000000, 0.000000000000000000 ) ) ;
#1445 = CARTESIAN_POINT ( 'NONE',  ( -2.969452229435070922, 53.59604800156340332, -1.749304498602558100 ) ) ;
#1446 = AXIS2_PLACEMENT_3D ( 'NONE', #287, #1770, #3544 ) ;
#1447 = CIRCLE ( 'NONE', #1935, 5.280000000000000249 ) ;
#1448 = EDGE_CURVE ( 'NONE', #3328, #327, #2149, .T. ) ;
#1449 = CARTESIAN_POINT ( 'NONE',  ( 4.030547770565093835, -1.951350037205149768, 20.98000000000000043 ) ) ;
#1450 = VECTOR ( 'NONE', #3365, 1000.000000000000000 ) ;
#1451 = ORIENTED_EDGE ( 'NONE', *, *, #454, .T. ) ;
#1452 = LINE ( 'NONE', #2622, #2002 ) ;
#1453 = ORIENTED_EDGE ( 'NONE', *, *, #1456, .F. ) ;
#1454 = AXIS2_PLACEMENT_3D ( 'NONE', #3232, #328, #596 ) ;
#1455 = AXIS2_PLACEMENT_3D ( 'NONE', #3045, #1619, #3062 ) ;
#1456 = EDGE_CURVE ( 'NONE', #2446, #2088, #1558, .T. ) ;
#1457 = ORIENTED_EDGE ( 'NONE', *, *, #935, .T. ) ;
#1458 = DIRECTION ( 'NONE',  ( 0.000000000000000000, -0.000000000000000000, 1.000000000000000000 ) ) ;
#1459 = CARTESIAN_POINT ( 'NONE',  ( 45.56833708377764225, 72.30864996279485979, 16.52665339195423755 ) ) ;
#1460 = VERTEX_POINT ( 'NONE', #2729 ) ;
#1461 = ORIENTED_EDGE ( 'NONE', *, *, #1123, .F. ) ;
#1462 = FACE_OUTER_BOUND ( 'NONE', #3694, .T. ) ;
#1463 = EDGE_LOOP ( 'NONE', ( #503, #714, #11, #2880, #663, #2136, #3773, #1926 ) ) ;
#1464 = DIRECTION ( 'NONE',  ( 0.000000000000000000, 0.000000000000000000, 1.000000000000000000 ) ) ;
#1465 = CYLINDRICAL_SURFACE ( 'NONE', #138, 1.000000000000000888 ) ;
#1466 = CARTESIAN_POINT ( 'NONE',  ( 57.48728408735545514, 65.38943951613087791, 22.27999999999959968 ) ) ;
#1467 = CARTESIAN_POINT ( 'NONE',  ( 56.59054777056508811, 63.25403139169215194, 4.598454670601553218 ) ) ;
#1468 = CARTESIAN_POINT ( 'NONE',  ( 58.69054777056490479, 72.30864996279485979, -5.220000000000410090 ) ) ;
#1469 = ORIENTED_EDGE ( 'NONE', *, *, #1313, .F. ) ;
#1470 = DIRECTION ( 'NONE',  ( -6.991222571849442943E-15, 6.445834664451861890E-31, -1.000000000000000000 ) ) ;
#1471 = EDGE_LOOP ( 'NONE', ( #1777, #1863, #2990, #3195 ) ) ;
#1472 = ADVANCED_FACE ( 'NONE', ( #2450 ), #3349, .F. ) ;
#1473 = ORIENTED_EDGE ( 'NONE', *, *, #1241, .F. ) ;
#1474 = FACE_OUTER_BOUND ( 'NONE', #2151, .T. ) ;
#1475 = ADVANCED_FACE ( 'NONE', ( #3623 ), #1017, .T. ) ;
#1476 = ORIENTED_EDGE ( 'NONE', *, *, #1660, .F. ) ;
#1477 = EDGE_CURVE ( 'NONE', #621, #3264, #1386, .T. ) ;
#1478 = VERTEX_POINT ( 'NONE', #3636 ) ;
#1479 = CARTESIAN_POINT ( 'NONE',  ( -1.969452229434905499, 65.30864996279485979, 20.98000000000000043 ) ) ;
#1480 = ORIENTED_EDGE ( 'NONE', *, *, #3025, .T. ) ;
#1481 = DIRECTION ( 'NONE',  ( 0.7042037807614112133, 0.7099979120823766143, 0.000000000000000000 ) ) ;
#1482 = CARTESIAN_POINT ( 'NONE',  ( 50.75477745375480509, 71.30864996279484558, 22.27999999999964231 ) ) ;
#1483 = CARTESIAN_POINT ( 'NONE',  ( 52.27403242037695463, 70.88511561710275544, 20.98000000000000043 ) ) ;
#1484 = DIRECTION ( 'NONE',  ( -6.982962677686267499E-15, 0.000000000000000000, -1.000000000000000000 ) ) ;
#1485 = LINE ( 'NONE', #1506, #24 ) ;
#1486 = ORIENTED_EDGE ( 'NONE', *, *, #1802, .T. ) ;
#1487 = CARTESIAN_POINT ( 'NONE',  ( 42.98487433577309957, 72.30864996279485979, 11.05714787712906322 ) ) ;
#1488 = VERTEX_POINT ( 'NONE', #1292 ) ;
#1489 = DIRECTION ( 'NONE',  ( 0.000000000000000000, 0.000000000000000000, 1.000000000000000000 ) ) ;
#1490 = ORIENTED_EDGE ( 'NONE', *, *, #3342, .F. ) ;
#1491 = CARTESIAN_POINT ( 'NONE',  ( -0.5531699872045109379, 3.905772253529569138, 13.86000000000001720 ) ) ;
#1492 = ADVANCED_FACE ( 'NONE', ( #1908 ), #3072, .F. ) ;
#1493 = CARTESIAN_POINT ( 'NONE',  ( 0.4856960532219782301, 53.83089438946936411, -2.719999999999999751 ) ) ;
#1494 = ORIENTED_EDGE ( 'NONE', *, *, #3688, .T. ) ;
#1495 = ORIENTED_EDGE ( 'NONE', *, *, #3361, .F. ) ;
#1496 = ADVANCED_FACE ( 'NONE', ( #3389 ), #1581, .T. ) ;
#1497 = DIRECTION ( 'NONE',  ( -0.000000000000000000, -0.000000000000000000, -1.000000000000000000 ) ) ;
#1498 = VECTOR ( 'NONE', #188, 1000.000000000000000 ) ;
#1499 = DIRECTION ( 'NONE',  ( -6.982962677686267499E-15, 0.000000000000000000, -1.000000000000000000 ) ) ;
#1500 = ORIENTED_EDGE ( 'NONE', *, *, #3755, .T. ) ;
#1501 = DIRECTION ( 'NONE',  ( 0.000000000000000000, 0.000000000000000000, 1.000000000000000000 ) ) ;
#1502 = CARTESIAN_POINT ( 'NONE',  ( 50.74195795959133903, 71.25852498840436056, 20.98000000000000043 ) ) ;
#1503 = CARTESIAN_POINT ( 'NONE',  ( 53.69857616934802991, 70.23871163801506157, 22.28000000000000114 ) ) ;
#1504 = LINE ( 'NONE', #1813, #3103 ) ;
#1505 = CIRCLE ( 'NONE', #1877, 6.000000000000004441 ) ;
#1506 = CARTESIAN_POINT ( 'NONE',  ( 8.259691434521279518, -2.952350037205148325, 9.113084999999994551 ) ) ;
#1507 = ORIENTED_EDGE ( 'NONE', *, *, #910, .T. ) ;
#1508 = DIRECTION ( 'NONE',  ( -0.000000000000000000, -0.000000000000000000, -1.000000000000000000 ) ) ;
#1509 = VECTOR ( 'NONE', #970, 1000.000000000000000 ) ;
#1510 = EDGE_LOOP ( 'NONE', ( #1671, #3015, #2253, #3014 ) ) ;
#1511 = LINE ( 'NONE', #682, #2671 ) ;
#1512 = VECTOR ( 'NONE', #572, 1000.000000000000000 ) ;
#1513 = ORIENTED_EDGE ( 'NONE', *, *, #2628, .T. ) ;
#1514 = CARTESIAN_POINT ( 'NONE',  ( -0.2096658460530684553, 3.185472245478093267, 12.06375754046572091 ) ) ;
#1515 = VECTOR ( 'NONE', #2850, 1000.000000000000000 ) ;
#1516 = VECTOR ( 'NONE', #3194, 1000.000000000000000 ) ;
#1517 = VECTOR ( 'NONE', #514, 1000.000000000000000 ) ;
#1518 = CARTESIAN_POINT ( 'NONE',  ( 49.69054777056489769, 72.30864996279485979, -6.595000000000347029 ) ) ;
#1519 = ORIENTED_EDGE ( 'NONE', *, *, #2270, .F. ) ;
#1520 = VERTEX_POINT ( 'NONE', #2752 ) ;
#1521 = EDGE_CURVE ( 'NONE', #3495, #699, #111, .T. ) ;
#1522 = DIRECTION ( 'NONE',  ( -9.912705577010325549E-17, 1.000000000000000000, 0.000000000000000000 ) ) ;
#1523 = CYLINDRICAL_SURFACE ( 'NONE', #202, 3.000000000000002665 ) ;
#1524 = ORIENTED_EDGE ( 'NONE', *, *, #2971, .T. ) ;
#1525 = CARTESIAN_POINT ( 'NONE',  ( 58.69054777056510375, 72.30864996279485979, 20.97999999999997556 ) ) ;
#1526 = CARTESIAN_POINT ( 'NONE',  ( 49.69054777056511085, 71.30864996279485979, 20.98000000000000043 ) ) ;
#1527 = EDGE_CURVE ( 'NONE', #1841, #1975, #125, .T. ) ;
#1528 = CARTESIAN_POINT ( 'NONE',  ( 55.68232464189361508, 59.23751023009852190, -4.219999999999999751 ) ) ;
#1529 = ORIENTED_EDGE ( 'NONE', *, *, #3526, .F. ) ;
#1530 = FACE_OUTER_BOUND ( 'NONE', #3730, .T. ) ;
#1531 = VERTEX_POINT ( 'NONE', #1612 ) ;
#1532 = CARTESIAN_POINT ( 'NONE',  ( -1.069452229434923130, 69.54864996279485467, 4.508361965348497868 ) ) ;
#1533 = EDGE_CURVE ( 'NONE', #1016, #993, #783, .T. ) ;
#1534 = VERTEX_POINT ( 'NONE', #1422 ) ;
#1535 = DIRECTION ( 'NONE',  ( -1.000000000000000000, 0.000000000000000000, 0.000000000000000000 ) ) ;
#1536 = B_SPLINE_CURVE_WITH_KNOTS ( 'NONE', 3,
 ( #2433, #1039, #2465, #2451, #712, #3625 ),
 .UNSPECIFIED., .F., .F.,
 ( 4, 2, 4 ),
 ( 0.000000000000000000, 0.001642755020535907693, 0.003285510041071815386 ),
 .UNSPECIFIED. ) ;
#1537 = DIRECTION ( 'NONE',  ( -6.991222571849442154E-15, 6.445834664451861014E-31, -1.000000000000000000 ) ) ;
#1538 = ORIENTED_EDGE ( 'NONE', *, *, #8, .F. ) ;
#1539 = ORIENTED_EDGE ( 'NONE', *, *, #1286, .F. ) ;
#1540 = ORIENTED_EDGE ( 'NONE', *, *, #3456, .F. ) ;
#1541 = DIRECTION ( 'NONE',  ( 7.228014483236696753E-15, 0.000000000000000000, 1.000000000000000000 ) ) ;
#1542 = CARTESIAN_POINT ( 'NONE',  ( 41.70239533589094094, 16.84864996279486249, -5.220000000000291074 ) ) ;
#1543 = CARTESIAN_POINT ( 'NONE',  ( 55.18232464189361508, 10.13957987723295950, -2.719999999999999751 ) ) ;
#1544 = EDGE_CURVE ( 'NONE', #2373, #1478, #2823, .T. ) ;
#1545 = ORIENTED_EDGE ( 'NONE', *, *, #737, .T. ) ;
#1546 = CARTESIAN_POINT ( 'NONE',  ( 14.68632900351048143, 13.44864996279486213, -5.220000000000101892 ) ) ;
#1547 = ORIENTED_EDGE ( 'NONE', *, *, #2670, .F. ) ;
#1548 = FACE_OUTER_BOUND ( 'NONE', #1158, .T. ) ;
#1549 = CARTESIAN_POINT ( 'NONE',  ( 45.19436216970071740, 54.30864996279486689, -4.220000000000314166 ) ) ;
#1550 = EDGE_CURVE ( 'NONE', #2088, #1806, #772, .T. ) ;
#1551 = VERTEX_POINT ( 'NONE', #3727 ) ;
#1552 = CARTESIAN_POINT ( 'NONE',  ( -0.2083170784333216730, 3.182996720818187963, 13.45333531100054003 ) ) ;
#1553 = CARTESIAN_POINT ( 'NONE',  ( 57.09054777056508811, 51.14276721078237387, 2.199999999999607603 ) ) ;
#1554 = ORIENTED_EDGE ( 'NONE', *, *, #915, .T. ) ;
#1555 = EDGE_LOOP ( 'NONE', ( #720, #1701, #2535, #113, #563, #285, #2498, #623 ) ) ;
#1556 = CARTESIAN_POINT ( 'NONE',  ( -1.069452229434907142, 53.59604800156340332, 0.2273247201560419928 ) ) ;
#1557 = ORIENTED_EDGE ( 'NONE', *, *, #1943, .F. ) ;
#1558 = LINE ( 'NONE', #2176, #3300 ) ;
#1559 = AXIS2_PLACEMENT_3D ( 'NONE', #665, #152, #1875 ) ;
#1560 = LINE ( 'NONE', #2732, #3651 ) ;
#1561 = VERTEX_POINT ( 'NONE', #1075 ) ;
#1562 = CARTESIAN_POINT ( 'NONE',  ( 56.59054777056508811, 49.56776721078237813, 12.77999999999960679 ) ) ;
#1563 = CARTESIAN_POINT ( 'NONE',  ( 58.69054777056489058, 72.30864996279485979, 3.488333333332918063 ) ) ;
#1564 = CARTESIAN_POINT ( 'NONE',  ( -2.969452229434980772, 3.903083612944993508, 11.66000000000002856 ) ) ;
#1565 = AXIS2_PLACEMENT_3D ( 'NONE', #3329, #1344, #3690 ) ;
#1566 = EDGE_CURVE ( 'NONE', #1664, #1534, #2586, .T. ) ;
#1567 = CARTESIAN_POINT ( 'NONE',  ( 56.59054777056508811, 50.14276721078237387, 2.199999999999607603 ) ) ;
#1568 = CIRCLE ( 'NONE', #2431, 0.5000000000000004441 ) ;
#1569 = AXIS2_PLACEMENT_3D ( 'NONE', #3338, #2221, #116 ) ;
#1570 = ORIENTED_EDGE ( 'NONE', *, *, #3406, .F. ) ;
#1571 = CARTESIAN_POINT ( 'NONE',  ( 55.18232464189361508, 59.23751023009852190, -2.719999999999999751 ) ) ;
#1572 = AXIS2_PLACEMENT_3D ( 'NONE', #3797, #812, #1153 ) ;
#1573 = ADVANCED_FACE ( 'NONE', ( #3442 ), #798, .T. ) ;
#1574 = AXIS2_PLACEMENT_3D ( 'NONE', #2271, #1054, #3126 ) ;
#1575 = VECTOR ( 'NONE', #1470, 1000.000000000000000 ) ;
#1576 = AXIS2_PLACEMENT_3D ( 'NONE', #2007, #2264, #3415 ) ;
#1577 = ORIENTED_EDGE ( 'NONE', *, *, #3768, .T. ) ;
#1578 = ADVANCED_FACE ( 'NONE', ( #200 ), #477, .F. ) ;
#1579 = VECTOR ( 'NONE', #2413, 1000.000000000000000 ) ;
#1580 = VECTOR ( 'NONE', #60, 1000.000000000000000 ) ;
#1581 = CYLINDRICAL_SURFACE ( 'NONE', #891, 7.000000000000000000 ) ;
#1582 = DIRECTION ( 'NONE',  ( 0.000000000000000000, 0.000000000000000000, 1.000000000000000000 ) ) ;
#1583 = EDGE_LOOP ( 'NONE', ( #2821, #3617, #1235, #781 ) ) ;
#1584 = LINE ( 'NONE', #1335, #897 ) ;
#1585 = ORIENTED_EDGE ( 'NONE', *, *, #3801, .F. ) ;
#1586 = CARTESIAN_POINT ( 'NONE',  ( -2.882500843441854865, 2.948759571608335239, 12.61546155607859099 ) ) ;
#1587 = PLANE ( 'NONE',  #1636 ) ;
#1588 = ORIENTED_EDGE ( 'NONE', *, *, #2792, .F. ) ;
#1589 = DIRECTION ( 'NONE',  ( 1.177133787269976067E-16, -1.000000000000000000, 0.000000000000000000 ) ) ;
#1590 = EDGE_CURVE ( 'NONE', #3756, #847, #2232, .T. ) ;
#1591 = CARTESIAN_POINT ( 'NONE',  ( 8.259691434521279518, 72.30864996279485979, 10.61308499999999988 ) ) ;
#1592 = EDGE_CURVE ( 'NONE', #1617, #1026, #3359, .T. ) ;
#1593 = VERTEX_POINT ( 'NONE', #763 ) ;
#1594 = EDGE_CURVE ( 'NONE', #993, #3572, #1691, .T. ) ;
#1595 = CARTESIAN_POINT ( 'NONE',  ( 56.27236334567616183, 64.63511602295569958, 17.60593378890962413 ) ) ;
#1596 = EDGE_LOOP ( 'NONE', ( #1679, #314, #867, #2080, #1570, #1832, #1529, #480 ) ) ;
#1597 = DIRECTION ( 'NONE',  ( 1.000000000000000000, 0.000000000000000000, 0.000000000000000000 ) ) ;
#1598 = DIRECTION ( 'NONE',  ( 1.000000000000000000, 0.000000000000000000, -6.982962677686268288E-15 ) ) ;
#1599 = DIRECTION ( 'NONE',  ( 1.000000000000000000, 0.000000000000000000, -6.938893903907229167E-15 ) ) ;
#1600 = ORIENTED_EDGE ( 'NONE', *, *, #1273, .F. ) ;
#1601 = LINE ( 'NONE', #680, #2804 ) ;
#1602 = EDGE_LOOP ( 'NONE', ( #3388, #2311, #3224, #1442, #3078 ) ) ;
#1603 = DIRECTION ( 'NONE',  ( 0.000000000000000000, 0.000000000000000000, -1.000000000000000000 ) ) ;
#1604 = ORIENTED_EDGE ( 'NONE', *, *, #2556, .T. ) ;
#1605 = LINE ( 'NONE', #2775, #895 ) ;
#1606 = DIRECTION ( 'NONE',  ( 1.000000000000000000, 0.000000000000000000, -6.938893903907229167E-15 ) ) ;
#1607 = FACE_OUTER_BOUND ( 'NONE', #377, .T. ) ;
#1608 = DIRECTION ( 'NONE',  ( -6.991222571849442154E-15, 6.445834664451861014E-31, -1.000000000000000000 ) ) ;
#1609 = ADVANCED_FACE ( 'NONE', ( #2254 ), #3426, .F. ) ;
#1610 = PRODUCT ( 'cubit3_top_enclosure', 'cubit3_top_enclosure', '', ( #2728 ) ) ;
#1611 = CYLINDRICAL_SURFACE ( 'NONE', #1565, 1.000000000000000888 ) ;
#1612 = CARTESIAN_POINT ( 'NONE',  ( 56.59054777056508811, 52.14276721078237387, 17.19999999999961204 ) ) ;
#1613 = EDGE_CURVE ( 'NONE', #2167, #1047, #3479, .T. ) ;
#1614 = DIRECTION ( 'NONE',  ( 1.177133787269976067E-16, -1.000000000000000000, 1.050493145930689505E-16 ) ) ;
#1615 = VERTEX_POINT ( 'NONE', #2777 ) ;
#1616 = LINE ( 'NONE', #2152, #3048 ) ;
#1617 = VERTEX_POINT ( 'NONE', #3368 ) ;
#1618 = CARTESIAN_POINT ( 'NONE',  ( -2.882466062832987674, 2.948540990240517079, 12.90286526135177780 ) ) ;
#1619 = DIRECTION ( 'NONE',  ( -0.000000000000000000, 0.000000000000000000, -1.000000000000000000 ) ) ;
#1620 = ORIENTED_EDGE ( 'NONE', *, *, #2420, .T. ) ;
#1621 = DIRECTION ( 'NONE',  ( -1.000000000000000000, 9.219896231606733138E-17, 6.982962677686268288E-15 ) ) ;
#1622 = VERTEX_POINT ( 'NONE', #434 ) ;
#1623 = VECTOR ( 'NONE', #1237, 1000.000000000000000 ) ;
#1624 = CARTESIAN_POINT ( 'NONE',  ( 58.46116818171790896, 65.65562662006779249, -5.220000000000409202 ) ) ;
#1625 = PLANE ( 'NONE',  #1142 ) ;
#1626 = DIRECTION ( 'NONE',  ( 0.000000000000000000, 0.000000000000000000, 1.000000000000000000 ) ) ;
#1627 = VECTOR ( 'NONE', #164, 1000.000000000000000 ) ;
#1628 = AXIS2_PLACEMENT_3D ( 'NONE', #1025, #3595, #2789 ) ;
#1629 = AXIS2_PLACEMENT_3D ( 'NONE', #1167, #2340, #1737 ) ;
#1630 = VECTOR ( 'NONE', #15, 1000.000000000000000 ) ;
#1631 = LINE ( 'NONE', #2460, #1440 ) ;
#1632 = VERTEX_POINT ( 'NONE', #2171 ) ;
#1633 = EDGE_CURVE ( 'NONE', #2416, #2147, #2803, .T. ) ;
#1634 = DIRECTION ( 'NONE',  ( -6.982962677686267499E-15, 0.000000000000000000, -1.000000000000000000 ) ) ;
#1635 = VECTOR ( 'NONE', #1443, 1000.000000000000000 ) ;
#1636 = AXIS2_PLACEMENT_3D ( 'NONE', #2155, #3325, #157 ) ;
#1637 = FACE_OUTER_BOUND ( 'NONE', #3739, .T. ) ;
#1638 = AXIS2_PLACEMENT_3D ( 'NONE', #2175, #728, #407 ) ;
#1639 = ORIENTED_EDGE ( 'NONE', *, *, #570, .T. ) ;
#1640 = CARTESIAN_POINT ( 'NONE',  ( 0.4856960532219778970, 15.83438638691287181, -2.719999999999999751 ) ) ;
#1641 = EDGE_CURVE ( 'NONE', #2018, #2358, #3686, .T. ) ;
#1642 = DIRECTION ( 'NONE',  ( -3.539674085816207796E-17, -1.000000000000000000, 0.000000000000000000 ) ) ;
#1643 = CARTESIAN_POINT ( 'NONE',  ( 0.4856960532219778970, 15.83438638691287181, -4.219999999999999751 ) ) ;
#1644 = CARTESIAN_POINT ( 'NONE',  ( 56.59054777056508811, 62.54864996279485467, -4.220000000000389662 ) ) ;
#1645 = ORIENTED_EDGE ( 'NONE', *, *, #3624, .F. ) ;
#1646 = LINE ( 'NONE', #2509, #2194 ) ;
#1647 = EDGE_CURVE ( 'NONE', #2774, #76, #1400, .T. ) ;
#1648 = EDGE_LOOP ( 'NONE', ( #424, #306, #36, #1708 ) ) ;
#1649 = CARTESIAN_POINT ( 'NONE',  ( -1.969452229434905499, 65.30864996279485979, 22.28000000000000114 ) ) ;
#1650 = DIRECTION ( 'NONE',  ( 0.000000000000000000, -1.000000000000000000, 0.000000000000000000 ) ) ;
#1651 = CARTESIAN_POINT ( 'NONE',  ( 3.116767121003544805, 68.95864494224080943, 9.392920316378294388 ) ) ;
#1652 = VERTEX_POINT ( 'NONE', #1649 ) ;
#1653 = CARTESIAN_POINT ( 'NONE',  ( 53.59054777056508811, 62.04365875086057969, -2.719999999999999751 ) ) ;
#1654 = DIRECTION ( 'NONE',  ( 1.000000000000000000, 1.734723475976807292E-15, 0.000000000000000000 ) ) ;
#1655 = VERTEX_POINT ( 'NONE', #1049 ) ;
#1656 = CARTESIAN_POINT ( 'NONE',  ( -1.069452229434904922, 41.21098283457539679, -1.749304498602568092 ) ) ;
#1657 = CARTESIAN_POINT ( 'NONE',  ( -1.069452229434900703, 6.548649962794847568, 22.28000000000000114 ) ) ;
#1658 = LINE ( 'NONE', #771, #2427 ) ;
#1659 = DIRECTION ( 'NONE',  ( -1.000000000000000000, 1.309010496964126249E-16, 6.982962677686267499E-15 ) ) ;
#1660 = EDGE_CURVE ( 'NONE', #1615, #2955, #754, .T. ) ;
#1661 = CARTESIAN_POINT ( 'NONE',  ( -5.528395281464850264, 50.16776721078237955, 6.630000000000043414 ) ) ;
#1662 = VERTEX_POINT ( 'NONE', #1066 ) ;
#1663 = LINE ( 'NONE', #3437, #2494 ) ;
#1664 = VERTEX_POINT ( 'NONE', #2246 ) ;
#1665 = EDGE_CURVE ( 'NONE', #213, #1914, #1272, .T. ) ;
#1666 = CARTESIAN_POINT ( 'NONE',  ( 8.259691434521279518, -2.952350037205148325, 10.61308499999999988 ) ) ;
#1667 = DIRECTION ( 'NONE',  ( 4.519286872187097618E-45, 1.000000000000000000, 6.445834664451861890E-31 ) ) ;
#1668 = ORIENTED_EDGE ( 'NONE', *, *, #2118, .T. ) ;
#1669 = CARTESIAN_POINT ( 'NONE',  ( 49.69054777056507533, 72.30864996279485979, 18.56479006629445649 ) ) ;
#1670 = DIRECTION ( 'NONE',  ( -1.000000000000000000, -1.177133787269976067E-16, -0.000000000000000000 ) ) ;
#1671 = ORIENTED_EDGE ( 'NONE', *, *, #3001, .T. ) ;
#1672 = CARTESIAN_POINT ( 'NONE',  ( -2.969452229435075363, 20.13054385779618016, -2.093539456592552472 ) ) ;
#1673 = FACE_OUTER_BOUND ( 'NONE', #1181, .T. ) ;
#1674 = LINE ( 'NONE', #3696, #1498 ) ;
#1675 = DIRECTION ( 'NONE',  ( -0.000000000000000000, -0.000000000000000000, 1.000000000000000000 ) ) ;
#1676 = FACE_BOUND ( 'NONE', #175, .T. ) ;
#1677 = ORIENTED_EDGE ( 'NONE', *, *, #2145, .F. ) ;
#1678 = DIRECTION ( 'NONE',  ( -6.991222571849442943E-15, 6.445834664451861890E-31, -1.000000000000000000 ) ) ;
#1679 = ORIENTED_EDGE ( 'NONE', *, *, #2905, .F. ) ;
#1680 = EDGE_CURVE ( 'NONE', #3085, #191, #2746, .T. ) ;
#1681 = CARTESIAN_POINT ( 'NONE',  ( 57.09054777056508811, 52.14276721078237387, 17.19999999999961204 ) ) ;
#1682 = ADVANCED_FACE ( 'NONE', ( #3455 ), #3122, .F. ) ;
#1683 = AXIS2_PLACEMENT_3D ( 'NONE', #2076, #1785, #2952 ) ;
#1684 = AXIS2_PLACEMENT_3D ( 'NONE', #3353, #1582, #2478 ) ;
#1685 = VECTOR ( 'NONE', #3513, 1000.000000000000000 ) ;
#1686 = CARTESIAN_POINT ( 'NONE',  ( 57.09054777056508811, 51.14276721078237387, 17.19999999999961204 ) ) ;
#1687 = ORIENTED_EDGE ( 'NONE', *, *, #3319, .T. ) ;
#1688 = EDGE_CURVE ( 'NONE', #3304, #2112, #2267, .T. ) ;
#1689 = CARTESIAN_POINT ( 'NONE',  ( 5.930547770565100407, 6.548649962794852009, -4.220000000000043272 ) ) ;
#1690 = AXIS2_PLACEMENT_3D ( 'NONE', #3422, #1955, #1320 ) ;
#1691 = CIRCLE ( 'NONE', #345, 0.5999999999999999778 ) ;
#1692 = DIRECTION ( 'NONE',  ( 0.000000000000000000, 0.000000000000000000, 1.000000000000000000 ) ) ;
#1693 = ORIENTED_EDGE ( 'NONE', *, *, #196, .F. ) ;
#1694 = CARTESIAN_POINT ( 'NONE',  ( 58.69054777056504690, 52.71776721078237671, 12.77999999999959435 ) ) ;
#1695 = AXIS2_PLACEMENT_3D ( 'NONE', #233, #3771, #1432 ) ;
#1696 = CARTESIAN_POINT ( 'NONE',  ( -0.9219798492879320850, 5.118163313574009443, 13.05583126250491866 ) ) ;
#1697 = LINE ( 'NONE', #3175, #2249 ) ;
#1698 = AXIS2_PLACEMENT_3D ( 'NONE', #3211, #2338, #3552 ) ;
#1699 = VECTOR ( 'NONE', #1481, 1000.000000000000114 ) ;
#1700 = CARTESIAN_POINT ( 'NONE',  ( 57.09054777056508811, 50.14276721078237387, 17.19999999999961204 ) ) ;
#1701 = ORIENTED_EDGE ( 'NONE', *, *, #2250, .F. ) ;
#1702 = CARTESIAN_POINT ( 'NONE',  ( 11.19436216970071740, 30.70864996162471527, -4.220000000000077911 ) ) ;
#1703 = ORIENTED_EDGE ( 'NONE', *, *, #1784, .F. ) ;
#1704 = DIRECTION ( 'NONE',  ( 0.000000000000000000, 1.000000000000000000, 0.000000000000000000 ) ) ;
#1705 = EDGE_CURVE ( 'NONE', #1388, #1819, #1394, .T. ) ;
#1706 = CARTESIAN_POINT ( 'NONE',  ( 49.69054777056494743, 72.30864996279485979, 1.431407103210861731 ) ) ;
#1707 = EDGE_CURVE ( 'NONE', #3334, #933, #811, .T. ) ;
#1708 = ORIENTED_EDGE ( 'NONE', *, *, #2681, .T. ) ;
#1709 = ADVANCED_FACE ( 'NONE', ( #2012 ), #3180, .F. ) ;
#1710 = DIRECTION ( 'NONE',  ( 0.000000000000000000, -1.000000000000000000, 0.000000000000000000 ) ) ;
#1711 =( BOUNDED_CURVE ( )  B_SPLINE_CURVE ( 3, ( #1120, #482, #1084, #1061 ),
 .UNSPECIFIED., .F., .T. ) 
 B_SPLINE_CURVE_WITH_KNOTS ( ( 4, 4 ),
 ( 1.570796326794896558, 3.141592653589793116 ),
 .UNSPECIFIED. ) 
 CURVE ( )  GEOMETRIC_REPRESENTATION_ITEM ( )  RATIONAL_B_SPLINE_CURVE ( ( 1.000000000000000000, 0.8047378541243649375, 0.8047378541243649375, 1.000000000000000000 ) ) 
 REPRESENTATION_ITEM ( '' )  );
#1712 = ORIENTED_EDGE ( 'NONE', *, *, #3497, .F. ) ;
#1713 = CARTESIAN_POINT ( 'NONE',  ( 58.69054777056499717, 50.16776721078237955, 6.029999999999592575 ) ) ;
#1714 = B_SPLINE_CURVE_WITH_KNOTS ( 'NONE', 3,
 ( #1331, #2178, #2200, #390 ),
 .UNSPECIFIED., .F., .F.,
 ( 4, 4 ),
 ( 0.000000000000000000, 0.002269137071938387169 ),
 .UNSPECIFIED. ) ;
#1715 = DIRECTION ( 'NONE',  ( -0.000000000000000000, 1.000000000000000000, -0.000000000000000000 ) ) ;
#1716 = DIRECTION ( 'NONE',  ( 9.912705577010325549E-17, -1.000000000000000000, -1.337602776226110445E-30 ) ) ;
#1717 = LINE ( 'NONE', #2884, #3780 ) ;
#1718 = CARTESIAN_POINT ( 'NONE',  ( 58.69154777056512984, 41.21098283457538969, -1.749304498602988422 ) ) ;
#1719 = ORIENTED_EDGE ( 'NONE', *, *, #2141, .F. ) ;
#1720 = CARTESIAN_POINT ( 'NONE',  ( 26.43000000000000327, 73.16365341904581499, 10.50000000000000000 ) ) ;
#1721 = ORIENTED_EDGE ( 'NONE', *, *, #2651, .F. ) ;
#1722 = DIRECTION ( 'NONE',  ( -0.7099979120823769474, 0.7042037807614109912, 0.000000000000000000 ) ) ;
#1723 = CARTESIAN_POINT ( 'NONE',  ( 2.997083131958069746, 68.90445451954373368, 11.10810752103191668 ) ) ;
#1724 = EDGE_LOOP ( 'NONE', ( #2333, #2295, #2269, #3279 ) ) ;
#1725 = EDGE_LOOP ( 'NONE', ( #2589, #1486, #1539, #2871, #1090, #1161 ) ) ;
#1726 = EDGE_CURVE ( 'NONE', #3099, #1914, #848, .T. ) ;
#1727 = FACE_OUTER_BOUND ( 'NONE', #288, .T. ) ;
#1728 = EDGE_LOOP ( 'NONE', ( #2927, #631, #3177, #937 ) ) ;
#1729 = CARTESIAN_POINT ( 'NONE',  ( -1.969452229434905499, 65.30864996279485979, 20.98000000000000043 ) ) ;
#1730 = PLANE ( 'NONE',  #1318 ) ;
#1731 = CYLINDRICAL_SURFACE ( 'NONE', #755, 3.000000000000000000 ) ;
#1732 = CARTESIAN_POINT ( 'NONE',  ( 58.69054777056508954, 63.30864996279486689, 19.66845521047501322 ) ) ;
#1733 = EDGE_CURVE ( 'NONE', #3099, #3206, #3558, .T. ) ;
#1734 =( BOUNDED_CURVE ( )  B_SPLINE_CURVE ( 2, ( #1836, #1525, #3522 ),
 .UNSPECIFIED., .F., .F. ) 
 B_SPLINE_CURVE_WITH_KNOTS ( ( 3, 3 ),
 ( 0.000000000000000000, 0.01405943374853705664 ),
 .UNSPECIFIED. ) 
 CURVE ( )  GEOMETRIC_REPRESENTATION_ITEM ( )  RATIONAL_B_SPLINE_CURVE ( ( 1.000000000000000000, 0.7071067811865474617, 1.000000000000000000 ) ) 
 REPRESENTATION_ITEM ( '' )  );
#1735 = CARTESIAN_POINT ( 'NONE',  ( -0.01430394677802200240, 16.48354445882799268, -4.219999999999999751 ) ) ;
#1736 = EDGE_LOOP ( 'NONE', ( #3118, #2796, #2466, #3492 ) ) ;
#1737 = DIRECTION ( 'NONE',  ( -7.228014483236677820E-15, 0.000000000000000000, -1.000000000000000000 ) ) ;
#1738 = ORIENTED_EDGE ( 'NONE', *, *, #543, .T. ) ;
#1739 = DIRECTION ( 'NONE',  ( 4.506426480052542937E-45, 1.000000000000000000, 6.445834664451860138E-31 ) ) ;
#1740 = ORIENTED_EDGE ( 'NONE', *, *, #325, .F. ) ;
#1741 = DIRECTION ( 'NONE',  ( 0.000000000000000000, -1.000000000000000000, 0.000000000000000000 ) ) ;
#1742 = FACE_OUTER_BOUND ( 'NONE', #2342, .T. ) ;
#1743 = ORIENTED_EDGE ( 'NONE', *, *, #3083, .F. ) ;
#1744 = VECTOR ( 'NONE', #3782, 1000.000000000000000 ) ;
#1745 = ORIENTED_EDGE ( 'NONE', *, *, #2588, .T. ) ;
#1746 = VECTOR ( 'NONE', #2572, 1000.000000000000000 ) ;
#1747 = CIRCLE ( 'NONE', #1628, 1.000000000000000888 ) ;
#1748 = DIRECTION ( 'NONE',  ( -1.156482317317871449E-14, 0.000000000000000000, -1.000000000000000000 ) ) ;
#1749 = ADVANCED_FACE ( 'NONE', ( #866 ), #316, .T. ) ;
#1750 = ORIENTED_EDGE ( 'NONE', *, *, #275, .T. ) ;
#1751 = CARTESIAN_POINT ( 'NONE',  ( -0.01430394677802200240, 16.48354445882799268, -2.719999999999999751 ) ) ;
#1752 = CARTESIAN_POINT ( 'NONE',  ( 14.68632900351067327, 10.04864996279486178, 22.28100000000032921 ) ) ;
#1753 = CARTESIAN_POINT ( 'NONE',  ( 52.51923851254385767, 70.79642044300373982, 22.28000000000000114 ) ) ;
#1754 = CARTESIAN_POINT ( 'NONE',  ( 40.19436216970072451, 59.30864996279485979, -4.220000000000279528 ) ) ;
#1755 = AXIS2_PLACEMENT_3D ( 'NONE', #2601, #952, #3310 ) ;
#1756 = DIRECTION ( 'NONE',  ( 1.000000000000000000, 0.000000000000000000, -6.938893903907229167E-15 ) ) ;
#1757 = VECTOR ( 'NONE', #313, 1000.000000000000000 ) ;
#1758 = EDGE_CURVE ( 'NONE', #2658, #3805, #3215, .T. ) ;
#1759 = ORIENTED_EDGE ( 'NONE', *, *, #104, .T. ) ;
#1760 = CARTESIAN_POINT ( 'NONE',  ( 55.68232464189361508, 58.63287046151691584, -2.719999999999999751 ) ) ;
#1761 = VERTEX_POINT ( 'NONE', #416 ) ;
#1762 = CIRCLE ( 'NONE', #588, 6.999999999999999112 ) ;
#1763 = CIRCLE ( 'NONE', #3600, 0.5000000000000002220 ) ;
#1764 = ADVANCED_FACE ( 'NONE', ( #1263 ), #1587, .F. ) ;
#1765 = ORIENTED_EDGE ( 'NONE', *, *, #3427, .F. ) ;
#1766 = CARTESIAN_POINT ( 'NONE',  ( 0.4856960532219782301, 53.83089438946936411, -2.719999999999999751 ) ) ;
#1767 = CARTESIAN_POINT ( 'NONE',  ( 58.69054777056489769, 63.30864996279486689, -6.595000000000409202 ) ) ;
#1768 = ORIENTED_EDGE ( 'NONE', *, *, #1688, .T. ) ;
#1769 = ORIENTED_EDGE ( 'NONE', *, *, #3601, .F. ) ;
#1770 = DIRECTION ( 'NONE',  ( 1.000000000000000000, 0.000000000000000000, -6.982962677686267499E-15 ) ) ;
#1771 = DIRECTION ( 'NONE',  ( -0.000000000000000000, -1.000000000000000000, -0.000000000000000000 ) ) ;
#1772 = ORIENTED_EDGE ( 'NONE', *, *, #718, .T. ) ;
#1773 = DIRECTION ( 'NONE',  ( 0.000000000000000000, 1.000000000000000000, 0.000000000000000000 ) ) ;
#1774 = CARTESIAN_POINT ( 'NONE',  ( 51.77382052458578698, 71.03853118331539918, 20.98000000000000043 ) ) ;
#1775 = DIRECTION ( 'NONE',  ( 0.000000000000000000, -0.000000000000000000, 1.000000000000000000 ) ) ;
#1776 = DIRECTION ( 'NONE',  ( 0.000000000000000000, -0.000000000000000000, -1.000000000000000000 ) ) ;
#1777 = ORIENTED_EDGE ( 'NONE', *, *, #979, .F. ) ;
#1778 = DIRECTION ( 'NONE',  ( -1.000000000000000000, -9.875726538627338513E-17, 0.000000000000000000 ) ) ;
#1779 = ORIENTED_EDGE ( 'NONE', *, *, #1680, .T. ) ;
#1780 = DIRECTION ( 'NONE',  ( -0.000000000000000000, 0.000000000000000000, -1.000000000000000000 ) ) ;
#1781 = EDGE_CURVE ( 'NONE', #1309, #1551, #1827, .T. ) ;
#1782 = ORIENTED_EDGE ( 'NONE', *, *, #2225, .F. ) ;
#1783 = DIRECTION ( 'NONE',  ( 1.000000000000000000, -9.219896231606733138E-17, -6.982962677686268288E-15 ) ) ;
#1784 = EDGE_CURVE ( 'NONE', #2642, #1488, #2222, .T. ) ;
#1785 = DIRECTION ( 'NONE',  ( 0.000000000000000000, -0.000000000000000000, -1.000000000000000000 ) ) ;
#1786 = ORIENTED_EDGE ( 'NONE', *, *, #2861, .F. ) ;
#1787 = EDGE_LOOP ( 'NONE', ( #2958, #1383, #1782, #644 ) ) ;
#1788 = CARTESIAN_POINT ( 'NONE',  ( 57.09054777056508811, 52.14276721078237387, 2.199999999999607603 ) ) ;
#1789 = FACE_BOUND ( 'NONE', #1555, .T. ) ;
#1790 = ORIENTED_EDGE ( 'NONE', *, *, #3287, .F. ) ;
#1791 = FACE_OUTER_BOUND ( 'NONE', #971, .T. ) ;
#1792 = CARTESIAN_POINT ( 'NONE',  ( 52.51923851254385767, 70.79642044300373982, 20.98000000000000043 ) ) ;
#1793 = CARTESIAN_POINT ( 'NONE',  ( -1.069452229434902923, 28.33165160576893626, 2.073270614191332406 ) ) ;
#1794 = DIRECTION ( 'NONE',  ( 7.020936286943154457E-15, 0.000000000000000000, 1.000000000000000000 ) ) ;
#1795 = CARTESIAN_POINT ( 'NONE',  ( -0.01430394677802200240, 53.83089438946936411, -2.719999999999999751 ) ) ;
#1796 = VERTEX_POINT ( 'NONE', #1314 ) ;
#1797 = DIRECTION ( 'NONE',  ( -0.000000000000000000, 0.000000000000000000, -1.000000000000000000 ) ) ;
#1798 = ORIENTED_EDGE ( 'NONE', *, *, #2628, .F. ) ;
#1799 = DIRECTION ( 'NONE',  ( 1.000000000000000000, 0.000000000000000000, 0.000000000000000000 ) ) ;
#1800 = ORIENTED_EDGE ( 'NONE', *, *, #609, .T. ) ;
#1801 = CARTESIAN_POINT ( 'NONE',  ( 41.70239533589113989, 13.44864996279486213, 22.28100000000014091 ) ) ;
#1802 = EDGE_CURVE ( 'NONE', #1835, #3510, #217, .T. ) ;
#1803 = EDGE_CURVE ( 'NONE', #501, #3021, #719, .T. ) ;
#1804 = CARTESIAN_POINT ( 'NONE',  ( 3.335273366869877965, 69.05063251664061852, 8.692674900254312220 ) ) ;
#1805 = EDGE_LOOP ( 'NONE', ( #1540, #86, #1295, #1790, #2283 ) ) ;
#1806 = VERTEX_POINT ( 'NONE', #734 ) ;
#1807 = DIRECTION ( 'NONE',  ( -1.000000000000000000, 4.999139451359751052E-48, 6.991222571849442154E-15 ) ) ;
#1808 = EDGE_CURVE ( 'NONE', #1065, #2887, #3395, .T. ) ;
#1809 = MECHANICAL_DESIGN_GEOMETRIC_PRESENTATION_REPRESENTATION (  '', ( #3466 ), #2363 ) ;
#1810 = DIRECTION ( 'NONE',  ( 0.000000000000000000, 6.445834664451861890E-31, -1.000000000000000000 ) ) ;
#1811 = PLANE ( 'NONE',  #3302 ) ;
#1812 = CARTESIAN_POINT ( 'NONE',  ( 51.51772305906774818, 71.10345062744671907, 20.98000000000000043 ) ) ;
#1813 = CARTESIAN_POINT ( 'NONE',  ( 56.59054777056508811, 55.82672194075486516, -4.220000000000403872 ) ) ;
#1814 = VECTOR ( 'NONE', #353, 1000.000000000000000 ) ;
#1815 = DIRECTION ( 'NONE',  ( 0.000000000000000000, 0.000000000000000000, -1.000000000000000000 ) ) ;
#1816 = ORIENTED_EDGE ( 'NONE', *, *, #3576, .F. ) ;
#1817 = CYLINDRICAL_SURFACE ( 'NONE', #3609, 7.000000000000000000 ) ;
#1818 = VECTOR ( 'NONE', #1807, 1000.000000000000000 ) ;
#1819 = VERTEX_POINT ( 'NONE', #396 ) ;
#1820 = CARTESIAN_POINT ( 'NONE',  ( 53.59054777056509522, 6.797266567925486669, -2.719999999999999751 ) ) ;
#1821 = CIRCLE ( 'NONE', #2133, 3.000000000000000444 ) ;
#1822 = VECTOR ( 'NONE', #3343, 1000.000000000000000 ) ;
#1823 = CIRCLE ( 'NONE', #2611, 3.000000000000000444 ) ;
#1824 = VERTEX_POINT ( 'NONE', #1567 ) ;
#1825 = DIRECTION ( 'NONE',  ( 7.228014483236698330E-15, 0.000000000000000000, 1.000000000000000000 ) ) ;
#1826 = VECTOR ( 'NONE', #557, 1000.000000000000000 ) ;
#1827 = CIRCLE ( 'NONE', #3303, 3.400000000000000355 ) ;
#1828 = ADVANCED_FACE ( 'NONE', ( #2813 ), #1899, .F. ) ;
#1829 = B_SPLINE_CURVE_WITH_KNOTS ( 'NONE', 3,
 ( #2278, #2618, #1732, #2901 ),
 .UNSPECIFIED., .F., .F.,
 ( 4, 4 ),
 ( 0.8096496593245614548, 0.9527272727272877439 ),
 .UNSPECIFIED. ) ;
#1830 = CIRCLE ( 'NONE', #95, 5.000000000000000888 ) ;
#1831 = CARTESIAN_POINT ( 'NONE',  ( 55.18232464189361508, 10.13957987723295950, -4.219999999999999751 ) ) ;
#1832 = ORIENTED_EDGE ( 'NONE', *, *, #2070, .F. ) ;
#1833 = ORIENTED_EDGE ( 'NONE', *, *, #3083, .T. ) ;
#1834 = EDGE_CURVE ( 'NONE', #1890, #1230, #2207, .T. ) ;
#1835 = VERTEX_POINT ( 'NONE', #431 ) ;
#1836 = CARTESIAN_POINT ( 'NONE',  ( 49.69054777056500427, 72.30864996279485979, 20.98000000000000043 ) ) ;
#1837 = CARTESIAN_POINT ( 'NONE',  ( 4.030547770565092947, -2.951350037205148880, 22.27999999999997272 ) ) ;
#1838 = B_SPLINE_CURVE_WITH_KNOTS ( 'NONE', 3,
 ( #2615, #261, #2654, #1197, #1177, #2103, #13, #597, #2634, #2352, #2335, #3254, #878, #2082, #617, #2676, #2940, #1792, #2960, #3504, #329, #1502, #38, #290 ),
 .UNSPECIFIED., .F., .F.,
 ( 4, 2, 2, 2, 2, 2, 2, 2, 2, 2, 2, 4 ),
 ( 0.000000000000000000, 0.1249999999999974742, 0.1874999999999962252, 0.2499999999999949485, 0.3749999999999955036, 0.4999999999999961142, 0.6249999999999966693, 0.6874999999999970024, 0.7499999999999972244, 0.8124999999999975575, 0.8749999999999978906, 1.000000000000000000 ),
 .UNSPECIFIED. ) ;
#1839 = ADVANCED_FACE ( 'NONE', ( #101 ), #989, .F. ) ;
#1840 = DIRECTION ( 'NONE',  ( 1.000000000000000000, -9.219896231606733138E-17, -6.982962677686267499E-15 ) ) ;
#1841 = VERTEX_POINT ( 'NONE', #447 ) ;
#1842 = CARTESIAN_POINT ( 'NONE',  ( -2.969452229434982105, 4.048649962794844903, 11.66000000000002856 ) ) ;
#1843 = ORIENTED_EDGE ( 'NONE', *, *, #454, .F. ) ;
#1844 = CARTESIAN_POINT ( 'NONE',  ( 4.030547770565092947, 4.048649962794851120, 22.28000000000000114 ) ) ;
#1845 = ORIENTED_EDGE ( 'NONE', *, *, #979, .T. ) ;
#1846 = CARTESIAN_POINT ( 'NONE',  ( -0.07294478599926713935, 2.948917026089757254, 12.68029470070601583 ) ) ;
#1847 = DIRECTION ( 'NONE',  ( 0.000000000000000000, 0.000000000000000000, -1.000000000000000000 ) ) ;
#1848 = LINE ( 'NONE', #3671, #815 ) ;
#1849 = ORIENTED_EDGE ( 'NONE', *, *, #1968, .F. ) ;
#1850 = ORIENTED_EDGE ( 'NONE', *, *, #2229, .F. ) ;
#1851 = DIRECTION ( 'NONE',  ( -4.509968754924857544E-45, -1.000000000000000000, -6.445834664451861890E-31 ) ) ;
#1852 = VERTEX_POINT ( 'NONE', #1913 ) ;
#1853 = LINE ( 'NONE', #968, #286 ) ;
#1854 = ADVANCED_FACE ( 'NONE', ( #2594 ), #2319, .T. ) ;
#1855 = DIRECTION ( 'NONE',  ( 1.177133787269976067E-16, -1.000000000000000000, 0.000000000000000000 ) ) ;
#1856 = CARTESIAN_POINT ( 'NONE',  ( -1.069452229434907142, 53.59604800156338911, 2.203953938914656518 ) ) ;
#1857 = ORIENTED_EDGE ( 'NONE', *, *, #2792, .T. ) ;
#1858 = DIRECTION ( 'NONE',  ( -0.000000000000000000, -0.000000000000000000, -1.000000000000000000 ) ) ;
#1859 = ADVANCED_FACE ( 'NONE', ( #2523 ), #231, .F. ) ;
#1860 = FACE_OUTER_BOUND ( 'NONE', #595, .T. ) ;
#1861 = DIRECTION ( 'NONE',  ( -1.000000000000000000, 0.000000000000000000, 0.000000000000000000 ) ) ;
#1862 = DIRECTION ( 'NONE',  ( -1.000000000000000000, 0.000000000000000000, 6.887872625202027241E-15 ) ) ;
#1863 = ORIENTED_EDGE ( 'NONE', *, *, #1229, .F. ) ;
#1864 = LINE ( 'NONE', #2663, #2683 ) ;
#1865 = B_SPLINE_SURFACE_WITH_KNOTS ( 'NONE', 3, 1, ( 
 ( #1103, #1949 ),
 ( #789, #3148 ),
 ( #3131, #2845 ),
 ( #1392, #498 ),
 ( #2237, #803 ),
 ( #1368, #228 ),
 ( #3448, #1928 ),
 ( #3750, #3678 ),
 ( #2291, #2537 ),
 ( #3712, #3412 ),
 ( #820, #244 ),
 ( #2003, #3093 ),
 ( #1043, #2220 ),
 ( #3394, #750 ),
 ( #598, #1503 ),
 ( #3766, #1428 ),
 ( #2062, #1163 ),
 ( #1178, #1753 ),
 ( #1483, #2900 ),
 ( #1774, #2397 ),
 ( #1812, #2655 ),
 ( #2617, #618 ),
 ( #3276, #3235 ),
 ( #309, #860 ) ),
 .UNSPECIFIED., .F., .F., .F.,
 ( 4, 2, 2, 2, 2, 2, 2, 2, 2, 2, 2, 4 ),
 ( 2, 2 ),
 ( 0.000000000000000000, 0.1249999999999974742, 0.1874999999999962252, 0.2499999999999949485, 0.3749999999999955036, 0.4999999999999961142, 0.6249999999999966693, 0.6874999999999970024, 0.7499999999999972244, 0.8124999999999975575, 0.8749999999999978906, 1.000000000000000000 ),
 ( 0.000000000000000000, 1.000000000000000000 ),
 .UNSPECIFIED. ) ;
#1866 = DIRECTION ( 'NONE',  ( -6.982962677686266711E-15, 0.000000000000000000, -1.000000000000000000 ) ) ;
#1867 = CARTESIAN_POINT ( 'NONE',  ( 57.09054777056508811, 51.14276721078237387, 17.19999999999961204 ) ) ;
#1868 = ORIENTED_EDGE ( 'NONE', *, *, #2748, .F. ) ;
#1869 = ORIENTED_EDGE ( 'NONE', *, *, #350, .T. ) ;
#1870 = CARTESIAN_POINT ( 'NONE',  ( 58.69154777056516537, 53.59604800156339621, 2.203953938914239075 ) ) ;
#1871 = ADVANCED_FACE ( 'NONE', ( #1354 ), #2831, .T. ) ;
#1872 = CARTESIAN_POINT ( 'NONE',  ( 43.19436216853058141, 30.70864996279484771, -4.220000000000299956 ) ) ;
#1873 = ORIENTED_EDGE ( 'NONE', *, *, #2368, .F. ) ;
#1874 = DIRECTION ( 'NONE',  ( -0.000000000000000000, -0.000000000000000000, -1.000000000000000000 ) ) ;
#1875 = DIRECTION ( 'NONE',  ( 7.020936286943156035E-15, 0.000000000000000000, 1.000000000000000000 ) ) ;
#1876 = DIRECTION ( 'NONE',  ( 1.000000000000000000, 0.000000000000000000, -6.982962677686267499E-15 ) ) ;
#1877 = AXIS2_PLACEMENT_3D ( 'NONE', #3648, #2197, #2497 ) ;
#1878 = ADVANCED_FACE ( 'NONE', ( #1951, #1676, #3117, #2886 ), #3176, .F. ) ;
#1879 = DIRECTION ( 'NONE',  ( 1.400657527907609919E-16, 1.000000000000000000, -1.050493145930707501E-16 ) ) ;
#1880 = AXIS2_PLACEMENT_3D ( 'NONE', #1960, #3127, #2842 ) ;
#1881 = VECTOR ( 'NONE', #3307, 1000.000000000000114 ) ;
#1882 = VERTEX_POINT ( 'NONE', #775 ) ;
#1883 = LINE ( 'NONE', #3047, #586 ) ;
#1884 = VECTOR ( 'NONE', #195, 1000.000000000000000 ) ;
#1885 = AXIS2_PLACEMENT_3D ( 'NONE', #998, #3692, #3373 ) ;
#1886 = EDGE_CURVE ( 'NONE', #3562, #2077, #174, .T. ) ;
#1887 = DIRECTION ( 'NONE',  ( 0.000000000000000000, 1.000000000000000000, 0.000000000000000000 ) ) ;
#1888 = AXIS2_PLACEMENT_3D ( 'NONE', #1285, #449, #3630 ) ;
#1889 = VECTOR ( 'NONE', #1359, 1000.000000000000000 ) ;
#1890 = VERTEX_POINT ( 'NONE', #1062 ) ;
#1891 = AXIS2_PLACEMENT_3D ( 'NONE', #2467, #3075, #1282 ) ;
#1892 = CARTESIAN_POINT ( 'NONE',  ( -2.969452229435042501, 41.21098283457539679, 2.203953938914671173 ) ) ;
#1893 = ORIENTED_EDGE ( 'NONE', *, *, #3400, .F. ) ;
#1894 = DIRECTION ( 'NONE',  ( 0.000000000000000000, 0.000000000000000000, 1.000000000000000000 ) ) ;
#1895 = CARTESIAN_POINT ( 'NONE',  ( 4.030547770564919752, 72.30864996279485979, -5.220000000000027285 ) ) ;
#1896 = EDGE_LOOP ( 'NONE', ( #473, #3197, #1547, #567 ) ) ;
#1897 = CARTESIAN_POINT ( 'NONE',  ( -1.069452229434900037, 28.93165160576893769, -2.093539456592984571 ) ) ;
#1898 = DIRECTION ( 'NONE',  ( -0.000000000000000000, -0.000000000000000000, -1.000000000000000000 ) ) ;
#1899 = PLANE ( 'NONE',  #1455 ) ;
#1900 = VERTEX_POINT ( 'NONE', #2579 ) ;
#1901 = CARTESIAN_POINT ( 'NONE',  ( 8.259691434521279518, 72.30864996279485979, 9.113084999999994551 ) ) ;
#1902 = EDGE_CURVE ( 'NONE', #3171, #1561, #1144, .T. ) ;
#1903 = DIRECTION ( 'NONE',  ( 6.991222571849442154E-15, -6.445834664451861014E-31, 1.000000000000000000 ) ) ;
#1904 = EDGE_CURVE ( 'NONE', #1561, #3304, #2619, .T. ) ;
#1905 = FACE_BOUND ( 'NONE', #1596, .T. ) ;
#1906 = ORIENTED_EDGE ( 'NONE', *, *, #1987, .T. ) ;
#1907 = DIRECTION ( 'NONE',  ( 1.000000000000000000, -9.219896231606733138E-17, -6.982962677686267499E-15 ) ) ;
#1908 = FACE_OUTER_BOUND ( 'NONE', #3291, .T. ) ;
#1909 = FACE_OUTER_BOUND ( 'NONE', #1471, .T. ) ;
#1910 = VERTEX_POINT ( 'NONE', #3450 ) ;
#1911 = CARTESIAN_POINT ( 'NONE',  ( 58.64436355531189804, 64.36736540894048630, 17.34880663855481941 ) ) ;
#1912 = CARTESIAN_POINT ( 'NONE',  ( 49.59054777056509522, -0.4513500372051434950, -4.220000000000389662 ) ) ;
#1913 = CARTESIAN_POINT ( 'NONE',  ( 56.59054777056508811, 52.14276721078237387, 2.199999999999607603 ) ) ;
#1914 = VERTEX_POINT ( 'NONE', #2848 ) ;
#1915 = FACE_OUTER_BOUND ( 'NONE', #3046, .T. ) ;
#1916 = ORIENTED_EDGE ( 'NONE', *, *, #2761, .T. ) ;
#1917 = EDGE_CURVE ( 'NONE', #2189, #3763, #2240, .T. ) ;
#1918 = LINE ( 'NONE', #992, #1822 ) ;
#1919 = EDGE_CURVE ( 'NONE', #933, #2955, #190, .T. ) ;
#1920 = DIRECTION ( 'NONE',  ( -6.991222571849442154E-15, 6.445834664451861014E-31, -1.000000000000000000 ) ) ;
#1921 = ORIENTED_EDGE ( 'NONE', *, *, #794, .T. ) ;
#1922 = DIRECTION ( 'NONE',  ( 0.7042037807614112133, 0.7099979120823766143, 0.000000000000000000 ) ) ;
#1923 = EDGE_LOOP ( 'NONE', ( #1545, #2402, #2630, #951, #2034, #2766 ) ) ;
#1924 = EDGE_CURVE ( 'NONE', #2008, #1053, #2551, .T. ) ;
#1925 = DIRECTION ( 'NONE',  ( 0.000000000000000000, 1.000000000000000000, -8.673617379883988140E-15 ) ) ;
#1926 = ORIENTED_EDGE ( 'NONE', *, *, #810, .F. ) ;
#1927 = CARTESIAN_POINT ( 'NONE',  ( 39.26819986571213406, 68.56139499807434845, 11.05714787712906322 ) ) ;
#1928 = CARTESIAN_POINT ( 'NONE',  ( 57.18266129610365311, 66.12584490816571758, 22.28000000000000114 ) ) ;
#1929 = CARTESIAN_POINT ( 'NONE',  ( -2.903349503180111757, 3.087310052615538591, 13.31374797145092082 ) ) ;
#1930 = ORIENTED_EDGE ( 'NONE', *, *, #1802, .F. ) ;
#1931 = CARTESIAN_POINT ( 'NONE',  ( 49.69054777056511085, 71.30864996279485979, 20.98000000000000043 ) ) ;
#1932 = VERTEX_POINT ( 'NONE', #1415 ) ;
#1933 = AXIS2_PLACEMENT_3D ( 'NONE', #3520, #1851, #1810 ) ;
#1934 = AXIS2_PLACEMENT_3D ( 'NONE', #2400, #3301, #3278 ) ;
#1935 = AXIS2_PLACEMENT_3D ( 'NONE', #894, #3247, #2203 ) ;
#1936 = LINE ( 'NONE', #180, #1627 ) ;
#1937 = VECTOR ( 'NONE', #2855, 1000.000000000000000 ) ;
#1938 = AXIS2_PLACEMENT_3D ( 'NONE', #2904, #2541, #1985 ) ;
#1939 = AXIS2_PLACEMENT_3D ( 'NONE', #2463, #2199, #982 ) ;
#1940 = CARTESIAN_POINT ( 'NONE',  ( 14.68632900351048143, 10.04864996279486178, -4.220000000000103668 ) ) ;
#1941 = ORIENTED_EDGE ( 'NONE', *, *, #2206, .F. ) ;
#1942 = AXIS2_PLACEMENT_3D ( 'NONE', #3503, #2039, #289 ) ;
#1943 = EDGE_CURVE ( 'NONE', #3281, #3252, #388, .T. ) ;
#1944 = AXIS2_PLACEMENT_3D ( 'NONE', #3151, #2279, #211 ) ;
#1945 = LINE ( 'NONE', #1055, #577 ) ;
#1946 = VERTEX_POINT ( 'NONE', #3134 ) ;
#1947 = FACE_OUTER_BOUND ( 'NONE', #338, .T. ) ;
#1948 = CARTESIAN_POINT ( 'NONE',  ( 58.69154777056515115, 28.93165160576893058, 2.073270614190914962 ) ) ;
#1949 = CARTESIAN_POINT ( 'NONE',  ( 57.69054777056509664, 63.30864996279486689, 22.28000000000000114 ) ) ;
#1950 = EDGE_CURVE ( 'NONE', #1211, #1932, #2870, .T. ) ;
#1951 = FACE_BOUND ( 'NONE', #2161, .T. ) ;
#1952 = ORIENTED_EDGE ( 'NONE', *, *, #1987, .F. ) ;
#1953 = CARTESIAN_POINT ( 'NONE',  ( 16.19436216970089859, 59.30864996279485979, 22.28100000000031855 ) ) ;
#1954 = ORIENTED_EDGE ( 'NONE', *, *, #3526, .T. ) ;
#1955 = DIRECTION ( 'NONE',  ( 1.000000000000000000, -9.219896231606733138E-17, -6.982962677686268288E-15 ) ) ;
#1956 = CARTESIAN_POINT ( 'NONE',  ( 4.361925613521659528, 69.37252654892833448, 14.18309866379345330 ) ) ;
#1957 = ORIENTED_EDGE ( 'NONE', *, *, #2861, .T. ) ;
#1958 =( BOUNDED_CURVE ( )  B_SPLINE_CURVE ( 3, ( #2868, #1965, #3733, #1351 ),
 .UNSPECIFIED., .F., .T. ) 
 B_SPLINE_CURVE_WITH_KNOTS ( ( 4, 4 ),
 ( 3.141592653589793116, 4.435886290223967521 ),
 .UNSPECIFIED. ) 
 CURVE ( )  GEOMETRIC_REPRESENTATION_ITEM ( )  RATIONAL_B_SPLINE_CURVE ( ( 1.000000000000000000, 0.8652048417720102913, 0.8652048417720102913, 1.000000000000000000 ) ) 
 REPRESENTATION_ITEM ( '' )  );
#1959 = CARTESIAN_POINT ( 'NONE',  ( 0.4856960532219778970, 53.83089438946936411, -2.719999999999999751 ) ) ;
#1960 = CARTESIAN_POINT ( 'NONE',  ( 58.69154777056512273, 19.53054385779617164, -2.093539456592983239 ) ) ;
#1961 = ADVANCED_FACE ( 'NONE', ( #2562 ), #247, .T. ) ;
#1962 = ORIENTED_EDGE ( 'NONE', *, *, #3402, .F. ) ;
#1963 = DIRECTION ( 'NONE',  ( -6.991222571849442154E-15, 6.445834664451861014E-31, -1.000000000000000000 ) ) ;
#1964 =( NAMED_UNIT ( * ) PLANE_ANGLE_UNIT ( ) SI_UNIT ( $, .RADIAN. ) );
#1965 = CARTESIAN_POINT ( 'NONE',  ( 42.98487433577309957, 72.30864996279485979, 8.014827585846447278 ) ) ;
#1966 = CARTESIAN_POINT ( 'NONE',  ( 55.68232464189361508, 9.603415088687542678, -2.719999999999999751 ) ) ;
#1967 = CARTESIAN_POINT ( 'NONE',  ( 56.45807873113331254, 70.86325632673982966, 4.508361965348506750 ) ) ;
#1968 = EDGE_CURVE ( 'NONE', #3556, #304, #587, .T. ) ;
#1969 = EDGE_LOOP ( 'NONE', ( #1253, #2763, #124, #1399 ) ) ;
#1970 = DIRECTION ( 'NONE',  ( -1.000000000000000000, 3.542274872314607578E-48, 6.991222571849442154E-15 ) ) ;
#1971 = VERTEX_POINT ( 'NONE', #823 ) ;
#1972 = EDGE_CURVE ( 'NONE', #1096, #304, #3721, .T. ) ;
#1973 = CARTESIAN_POINT ( 'NONE',  ( 8.259691434521279518, 69.54864996279485467, 15.89308479999999868 ) ) ;
#1974 = LINE ( 'NONE', #1362, #2184 ) ;
#1975 = VERTEX_POINT ( 'NONE', #3571 ) ;
#1976 = CARTESIAN_POINT ( 'NONE',  ( 0.4856960532219778970, 53.28493077553747526, -2.719999999999999751 ) ) ;
#1977 = CARTESIAN_POINT ( 'NONE',  ( 49.69054777056500427, 72.30864996279485979, 20.98000000000000043 ) ) ;
#1978 = ORIENTED_EDGE ( 'NONE', *, *, #3735, .F. ) ;
#1979 = DIRECTION ( 'NONE',  ( -0.000000000000000000, -0.000000000000000000, 1.000000000000000000 ) ) ;
#1980 = CARTESIAN_POINT ( 'NONE',  ( -0.8970975491272783486, 5.003759603277227797, 13.32492523224560621 ) ) ;
#1981 = FACE_OUTER_BOUND ( 'NONE', #3371, .T. ) ;
#1982 = EDGE_CURVE ( 'NONE', #653, #1882, #1330, .T. ) ;
#1983 = DIRECTION ( 'NONE',  ( -1.000000000000000000, 9.219896231606734370E-17, 6.982962677686269077E-15 ) ) ;
#1984 = EDGE_LOOP ( 'NONE', ( #1245, #3409, #1317, #2621 ) ) ;
#1985 = DIRECTION ( 'NONE',  ( -1.000000000000000000, 0.000000000000000000, 6.938893903907222067E-15 ) ) ;
#1986 = ORIENTED_EDGE ( 'NONE', *, *, #2475, .T. ) ;
#1987 = EDGE_CURVE ( 'NONE', #254, #2421, #3257, .T. ) ;
#1988 = AXIS2_PLACEMENT_3D ( 'NONE', #2396, #3807, #924 ) ;
#1989 = CARTESIAN_POINT ( 'NONE',  ( 51.69054777056509664, 4.048649962794851120, 20.98000000000000043 ) ) ;
#1990 = CARTESIAN_POINT ( 'NONE',  ( 49.69054777056511085, 71.30864996279485979, 22.28000000000000114 ) ) ;
#1991 = ADVANCED_FACE ( 'NONE', ( #359 ), #2065, .F. ) ;
#1992 = CIRCLE ( 'NONE', #2186, 3.000000000000002665 ) ;
#1993 = CIRCLE ( 'NONE', #647, 6.000000000000001776 ) ;
#1994 = DIRECTION ( 'NONE',  ( 0.000000000000000000, 0.000000000000000000, 1.000000000000000000 ) ) ;
#1995 = VERTEX_POINT ( 'NONE', #1226 ) ;
#1996 = AXIS2_PLACEMENT_3D ( 'NONE', #1666, #3369, #756 ) ;
#1997 = AXIS2_PLACEMENT_3D ( 'NONE', #1870, #440, #1598 ) ;
#1998 = CARTESIAN_POINT ( 'NONE',  ( 58.69154777056514405, 41.21098283457538969, 0.2273247201556262143 ) ) ;
#1999 = ORIENTED_EDGE ( 'NONE', *, *, #3239, .T. ) ;
#2000 = CARTESIAN_POINT ( 'NONE',  ( 56.59054777056509522, 6.548649962794858226, 22.27999999999999403 ) ) ;
#2001 = DIRECTION ( 'NONE',  ( -1.000000000000000000, 0.000000000000000000, 0.000000000000000000 ) ) ;
#2002 = VECTOR ( 'NONE', #3792, 1000.000000000000000 ) ;
#2003 = CARTESIAN_POINT ( 'NONE',  ( 54.98253743501539503, 69.33092648233812838, 20.98000000000000043 ) ) ;
#2004 = CARTESIAN_POINT ( 'NONE',  ( 40.24739806742601189, 69.54864996279485467, 7.220957907085871597 ) ) ;
#2005 = VECTOR ( 'NONE', #1122, 1000.000000000000000 ) ;
#2006 = AXIS2_PLACEMENT_3D ( 'NONE', #205, #1081, #2897 ) ;
#2007 = CARTESIAN_POINT ( 'NONE',  ( 8.259691434521279518, 71.14864996279486320, 10.61308479999999932 ) ) ;
#2008 = VERTEX_POINT ( 'NONE', #3790 ) ;
#2009 = FACE_OUTER_BOUND ( 'NONE', #1510, .T. ) ;
#2010 = ORIENTED_EDGE ( 'NONE', *, *, #1943, .T. ) ;
#2011 = AXIS2_PLACEMENT_3D ( 'NONE', #1291, #1907, #1541 ) ;
#2012 = FACE_OUTER_BOUND ( 'NONE', #1728, .T. ) ;
#2013 = LINE ( 'NONE', #3512, #2857 ) ;
#2014 = ADVANCED_FACE ( 'NONE', ( #3810 ), #3507, .F. ) ;
#2015 = EDGE_CURVE ( 'NONE', #1662, #1026, #2380, .T. ) ;
#2016 = CARTESIAN_POINT ( 'NONE',  ( 5.930547770565093302, 69.54864996279485467, 15.35159614773915671 ) ) ;
#2017 = VERTEX_POINT ( 'NONE', #2926 ) ;
#2018 = VERTEX_POINT ( 'NONE', #944 ) ;
#2019 = CYLINDRICAL_SURFACE ( 'NONE', #890, 4.999999999999997335 ) ;
#2020 = VERTEX_POINT ( 'NONE', #1449 ) ;
#2021 = DIRECTION ( 'NONE',  ( 1.000000000000000000, 0.000000000000000000, -6.938893903907229167E-15 ) ) ;
#2022 = PLANE ( 'NONE',  #258 ) ;
#2023 = DIRECTION ( 'NONE',  ( 0.000000000000000000, 0.000000000000000000, 1.000000000000000000 ) ) ;
#2024 = FACE_OUTER_BOUND ( 'NONE', #3494, .T. ) ;
#2025 = DIRECTION ( 'NONE',  ( 1.000000000000000000, 9.912705577010325549E-17, 0.000000000000000000 ) ) ;
#2026 = EDGE_LOOP ( 'NONE', ( #2662, #1585, #1495, #255 ) ) ;
#2027 = CYLINDRICAL_SURFACE ( 'NONE', #1629, 0.6000000000000015321 ) ;
#2028 = ORIENTED_EDGE ( 'NONE', *, *, #3352, .F. ) ;
#2029 = CARTESIAN_POINT ( 'NONE',  ( 45.19436216970090925, 54.30864996279486689, 22.28100000000011605 ) ) ;
#2030 = ORIENTED_EDGE ( 'NONE', *, *, #1834, .F. ) ;
#2031 = DIRECTION ( 'NONE',  ( 0.000000000000000000, -1.000000000000000000, 0.000000000000000000 ) ) ;
#2032 = EDGE_CURVE ( 'NONE', #3364, #3628, #33, .T. ) ;
#2033 = CARTESIAN_POINT ( 'NONE',  ( 2.996489070299391599, 68.90417580787752172, 10.12537076283928705 ) ) ;
#2034 = ORIENTED_EDGE ( 'NONE', *, *, #3633, .T. ) ;
#2035 = EDGE_LOOP ( 'NONE', ( #1023, #121, #1234, #615 ) ) ;
#2036 = EDGE_CURVE ( 'NONE', #3784, #501, #332, .T. ) ;
#2037 = FACE_OUTER_BOUND ( 'NONE', #1299, .T. ) ;
#2038 = ORIENTED_EDGE ( 'NONE', *, *, #1924, .F. ) ;
#2039 = DIRECTION ( 'NONE',  ( -1.000000000000000000, 0.000000000000000000, 0.000000000000000000 ) ) ;
#2040 = CYLINDRICAL_SURFACE ( 'NONE', #2785, 6.548785911780555580 ) ;
#2041 = LINE ( 'NONE', #3505, #2239 ) ;
#2042 = CYLINDRICAL_SURFACE ( 'NONE', #154, 0.5000000000000004441 ) ;
#2043 = EDGE_CURVE ( 'NONE', #2147, #2774, #2106, .T. ) ;
#2044 = DIRECTION ( 'NONE',  ( 0.000000000000000000, 0.000000000000000000, 1.000000000000000000 ) ) ;
#2045 = EDGE_LOOP ( 'NONE', ( #2873, #768, #3667, #64 ) ) ;
#2046 = CARTESIAN_POINT ( 'NONE',  ( 51.18530811577296902, 72.21673597539283662, 4.508361965348512967 ) ) ;
#2047 = ORIENTED_EDGE ( 'NONE', *, *, #2702, .F. ) ;
#2048 = ORIENTED_EDGE ( 'NONE', *, *, #855, .F. ) ;
#2049 = LINE ( 'NONE', #3439, #2436 ) ;
#2050 = CARTESIAN_POINT ( 'NONE',  ( 49.59054777056508811, 62.54864996279485467, 22.27999999999964587 ) ) ;
#2051 = AXIS2_PLACEMENT_3D ( 'NONE', #3255, #2353, #2961 ) ;
#2052 = ORIENTED_EDGE ( 'NONE', *, *, #3434, .F. ) ;
#2053 = CIRCLE ( 'NONE', #3407, 1.000000000000000888 ) ;
#2054 = ORIENTED_EDGE ( 'NONE', *, *, #794, .F. ) ;
#2055 = AXIS2_PLACEMENT_3D ( 'NONE', #3586, #2044, #2127 ) ;
#2056 = DIRECTION ( 'NONE',  ( 0.000000000000000000, -0.000000000000000000, 1.000000000000000000 ) ) ;
#2057 = DIRECTION ( 'NONE',  ( -0.000000000000000000, -0.000000000000000000, -1.000000000000000000 ) ) ;
#2058 = ORIENTED_EDGE ( 'NONE', *, *, #3262, .F. ) ;
#2059 = DIRECTION ( 'NONE',  ( 1.000000000000000000, -0.000000000000000000, 0.000000000000000000 ) ) ;
#2060 = DIRECTION ( 'NONE',  ( -0.7099979120823763923, 0.7042037807614114353, 0.000000000000000000 ) ) ;
#2061 = EDGE_CURVE ( 'NONE', #1053, #2008, #3714, .T. ) ;
#2062 = CARTESIAN_POINT ( 'NONE',  ( 53.00042745216367024, 70.59646562623015598, 20.98000000000000043 ) ) ;
#2063 = CARTESIAN_POINT ( 'NONE',  ( 56.59054777056508811, 62.54864996279485467, 4.731575315786940905 ) ) ;
#2064 = VECTOR ( 'NONE', #238, 1000.000000000000000 ) ;
#2065 = CYLINDRICAL_SURFACE ( 'NONE', #711, 7.999999999999998224 ) ;
#2066 = CIRCLE ( 'NONE', #2314, 3.400000000000000355 ) ;
#2067 = AXIS2_PLACEMENT_3D ( 'NONE', #574, #637, #1756 ) ;
#2068 = ORIENTED_EDGE ( 'NONE', *, *, #2464, .T. ) ;
#2069 = CARTESIAN_POINT ( 'NONE',  ( 56.59054777056509522, 12.94572839799501907, -4.220000000000403872 ) ) ;
#2070 = EDGE_CURVE ( 'NONE', #3461, #2020, #1072, .T. ) ;
#2071 = ORIENTED_EDGE ( 'NONE', *, *, #725, .F. ) ;
#2072 = CARTESIAN_POINT ( 'NONE',  ( 56.59054777056508811, 55.82672194075486516, -4.220000000000403872 ) ) ;
#2073 = AXIS2_PLACEMENT_3D ( 'NONE', #1751, #1464, #3274 ) ;
#2074 = ORIENTED_EDGE ( 'NONE', *, *, #1020, .F. ) ;
#2075 = CARTESIAN_POINT ( 'NONE',  ( 53.59054777056509522, 12.94572839799501907, -2.719999999999999751 ) ) ;
#2076 = CARTESIAN_POINT ( 'NONE',  ( 4.030547770565088506, 65.30864996279485979, 20.98000000000000043 ) ) ;
#2077 = VERTEX_POINT ( 'NONE', #620 ) ;
#2078 = ORIENTED_EDGE ( 'NONE', *, *, #2459, .F. ) ;
#2079 = CARTESIAN_POINT ( 'NONE',  ( -1.069452229434894930, 19.39345026444224374, -2.719999999999999751 ) ) ;
#2080 = ORIENTED_EDGE ( 'NONE', *, *, #399, .F. ) ;
#2081 = PLANE ( 'NONE',  #1454 ) ;
#2082 = CARTESIAN_POINT ( 'NONE',  ( 53.92598211609444547, 70.10254778963155786, 20.98000000000000043 ) ) ;
#2083 = CARTESIAN_POINT ( 'NONE',  ( 58.69054777056510375, 72.30864996279485979, 22.27999999999959257 ) ) ;
#2084 = LINE ( 'NONE', #3608, #1014 ) ;
#2085 = EDGE_CURVE ( 'NONE', #1655, #727, #882, .T. ) ;
#2086 = APPLICATION_CONTEXT ( 'automotive_design' ) ;
#2087 = CARTESIAN_POINT ( 'NONE',  ( 14.68632900351067327, 16.84864996279485894, 22.28100000000032921 ) ) ;
#2088 = VERTEX_POINT ( 'NONE', #2943 ) ;
#2089 = PLANE ( 'NONE',  #92 ) ;
#2090 = EDGE_LOOP ( 'NONE', ( #3452, #2660, #1126, #2711 ) ) ;
#2091 = DIRECTION ( 'NONE',  ( -1.000000000000000000, 0.000000000000000000, 0.000000000000000000 ) ) ;
#2092 = EDGE_CURVE ( 'NONE', #2751, #141, #1763, .T. ) ;
#2093 = EDGE_LOOP ( 'NONE', ( #1274, #1281, #776, #1124, #2407, #1750 ) ) ;
#2094 = CARTESIAN_POINT ( 'NONE',  ( -1.069452229434907142, 19.53054385779617874, 1.473270614191332761 ) ) ;
#2095 = EDGE_CURVE ( 'NONE', #3189, #3039, #1485, .T. ) ;
#2096 = LINE ( 'NONE', #3268, #83 ) ;
#2097 = ORIENTED_EDGE ( 'NONE', *, *, #1268, .F. ) ;
#2098 = ORIENTED_EDGE ( 'NONE', *, *, #1707, .T. ) ;
#2099 = DIRECTION ( 'NONE',  ( -1.000000000000000000, -9.875726538627338513E-17, 0.000000000000000000 ) ) ;
#2100 = CARTESIAN_POINT ( 'NONE',  ( 58.69154777056513694, 53.59604800156339621, -1.749304498602989311 ) ) ;
#2101 = ORIENTED_EDGE ( 'NONE', *, *, #2761, .F. ) ;
#2102 = DIRECTION ( 'NONE',  ( 1.000000000000000000, 1.222218890245539141E-16, 0.000000000000000000 ) ) ;
#2103 = CARTESIAN_POINT ( 'NONE',  ( 57.27231583234735979, 65.87643152246384659, 20.98000000000000043 ) ) ;
#2104 = DIRECTION ( 'NONE',  ( 1.000000000000000000, 0.000000000000000000, 0.000000000000000000 ) ) ;
#2105 = LINE ( 'NONE', #2398, #2135 ) ;
#2106 = LINE ( 'NONE', #1468, #1580 ) ;
#2107 = ORIENTED_EDGE ( 'NONE', *, *, #399, .T. ) ;
#2108 = FACE_OUTER_BOUND ( 'NONE', #1290, .T. ) ;
#2109 = VERTEX_POINT ( 'NONE', #16 ) ;
#2110 = LINE ( 'NONE', #1532, #3652 ) ;
#2111 = ADVANCED_FACE ( 'NONE', ( #2699 ), #44, .F. ) ;
#2112 = VERTEX_POINT ( 'NONE', #2987 ) ;
#2113 = CARTESIAN_POINT ( 'NONE',  ( -0.07778265670737796733, 2.956951806591255227, 12.60551178002429396 ) ) ;
#2114 = DIRECTION ( 'NONE',  ( -1.000000000000000000, -1.222218890245539141E-16, 6.991222571849442154E-15 ) ) ;
#2115 = EDGE_CURVE ( 'NONE', #744, #1900, #1568, .T. ) ;
#2116 = CARTESIAN_POINT ( 'NONE',  ( 49.69054777056489769, 72.30864996279485979, 3.488333333332984232 ) ) ;
#2117 = ORIENTED_EDGE ( 'NONE', *, *, #3728, .F. ) ;
#2118 = EDGE_CURVE ( 'NONE', #2218, #1092, #3220, .T. ) ;
#2119 = ORIENTED_EDGE ( 'NONE', *, *, #677, .T. ) ;
#2120 = VECTOR ( 'NONE', #3233, 1000.000000000000000 ) ;
#2121 = ORIENTED_EDGE ( 'NONE', *, *, #1187, .T. ) ;
#2122 = PLANE ( 'NONE',  #1942 ) ;
#2123 = CARTESIAN_POINT ( 'NONE',  ( 56.48685887654563231, 63.94820354145341668, 4.508361965348512967 ) ) ;
#2124 = B_SPLINE_CURVE_WITH_KNOTS ( 'NONE', 3,
 ( #2, #2157, #339, #1514, #934, #668, #1186, #2113, #1846, #3013, #2950, #2442, #1552, #686, #3618, #2388, #1491, #2706 ),
 .UNSPECIFIED., .F., .F.,
 ( 4, 2, 2, 2, 2, 2, 2, 2, 4 ),
 ( 0.003517841182391358377, 0.004423238780592969946, 0.004875937579693775947, 0.005102286979244181550, 0.005328636378794587153, 0.005781335177895397491, 0.006234033976996208697, 0.006686732776097019035, 0.007139431575197830240 ),
 .UNSPECIFIED. ) ;
#2125 = CIRCLE ( 'NONE', #1379, 0.6000000000000033085 ) ;
#2126 = CIRCLE ( 'NONE', #2974, 5.999999999999998224 ) ;
#2127 = DIRECTION ( 'NONE',  ( 1.000000000000000000, 0.000000000000000000, 0.000000000000000000 ) ) ;
#2128 = VERTEX_POINT ( 'NONE', #2150 ) ;
#2129 = DIRECTION ( 'NONE',  ( 1.000000000000000000, -0.000000000000000000, -6.982962677686267499E-15 ) ) ;
#2130 = VECTOR ( 'NONE', #1219, 1000.000000000000000 ) ;
#2131 = ORIENTED_EDGE ( 'NONE', *, *, #2327, .F. ) ;
#2132 = CARTESIAN_POINT ( 'NONE',  ( 5.930547770565093302, 69.54864996279485467, -4.220000000000196039 ) ) ;
#2133 = AXIS2_PLACEMENT_3D ( 'NONE', #641, #624, #3010 ) ;
#2134 = VECTOR ( 'NONE', #2716, 1000.000000000000000 ) ;
#2135 = VECTOR ( 'NONE', #3004, 1000.000000000000000 ) ;
#2136 = ORIENTED_EDGE ( 'NONE', *, *, #2032, .F. ) ;
#2137 = CYLINDRICAL_SURFACE ( 'NONE', #1391, 3.400000000000000355 ) ;
#2138 = FACE_OUTER_BOUND ( 'NONE', #2907, .T. ) ;
#2139 = AXIS2_PLACEMENT_3D ( 'NONE', #905, #307, #354 ) ;
#2140 = VECTOR ( 'NONE', #1879, 1000.000000000000000 ) ;
#2141 = EDGE_CURVE ( 'NONE', #45, #3784, #411, .T. ) ;
#2142 = CARTESIAN_POINT ( 'NONE',  ( 49.59054777056508811, 69.54864996279485467, 4.508361965348511191 ) ) ;
#2143 = ORIENTED_EDGE ( 'NONE', *, *, #2808, .T. ) ;
#2144 = ORIENTED_EDGE ( 'NONE', *, *, #606, .T. ) ;
#2145 = EDGE_CURVE ( 'NONE', #513, #1080, #759, .T. ) ;
#2146 = DIRECTION ( 'NONE',  ( -1.000000000000000000, 9.219896231606734370E-17, 6.982962677686269077E-15 ) ) ;
#2147 = VERTEX_POINT ( 'NONE', #1895 ) ;
#2148 = LINE ( 'NONE', #3348, #2323 ) ;
#2149 = LINE ( 'NONE', #676, #27 ) ;
#2150 = CARTESIAN_POINT ( 'NONE',  ( 40.19436216970090925, 59.30864996279485979, -4.220000000000279528 ) ) ;
#2151 = EDGE_LOOP ( 'NONE', ( #3726, #3052, #1869, #1, #2487, #1373, #2143, #2787 ) ) ;
#2152 = CARTESIAN_POINT ( 'NONE',  ( -1.969452229434905499, 65.30864996279485979, 20.98000000000000043 ) ) ;
#2153 = DIRECTION ( 'NONE',  ( -6.991222571849442943E-15, 6.445834664451861890E-31, -1.000000000000000000 ) ) ;
#2154 = CARTESIAN_POINT ( 'NONE',  ( 5.930547770565101295, -0.4513500372051487686, -4.220000000000036167 ) ) ;
#2155 = CARTESIAN_POINT ( 'NONE',  ( 55.18232464189361508, 59.23751023009852190, -2.719999999999999751 ) ) ;
#2156 = VERTEX_POINT ( 'NONE', #3073 ) ;
#2157 = CARTESIAN_POINT ( 'NONE',  ( -0.4998118229335570817, 3.766222546007540917, 11.65999999999987224 ) ) ;
#2158 = VERTEX_POINT ( 'NONE', #1294 ) ;
#2159 = EDGE_CURVE ( 'NONE', #3206, #3330, #1321, .T. ) ;
#2160 = LINE ( 'NONE', #2780, #400 ) ;
#2161 = EDGE_LOOP ( 'NONE', ( #2613, #2809 ) ) ;
#2162 = DIRECTION ( 'NONE',  ( -7.228014483236677820E-15, 0.000000000000000000, -1.000000000000000000 ) ) ;
#2163 = EDGE_CURVE ( 'NONE', #1796, #3499, #2502, .T. ) ;
#2164 = CARTESIAN_POINT ( 'NONE',  ( 4.030547770565092947, 4.048649962794851120, 20.98000000000000043 ) ) ;
#2165 = ORIENTED_EDGE ( 'NONE', *, *, #3735, .T. ) ;
#2166 = CARTESIAN_POINT ( 'NONE',  ( 58.30665745000828792, 65.96793778255748464, 17.60593378890961702 ) ) ;
#2167 = VERTEX_POINT ( 'NONE', #147 ) ;
#2168 = EDGE_CURVE ( 'NONE', #1971, #1882, #3019, .T. ) ;
#2169 = ORIENTED_EDGE ( 'NONE', *, *, #1613, .F. ) ;
#2170 = CARTESIAN_POINT ( 'NONE',  ( -1.069452229434908253, 71.14864996279486320, -95.90999724335667054 ) ) ;
#2171 = CARTESIAN_POINT ( 'NONE',  ( 26.43000000000000327, 69.54864996279485467, 2.500000000000002220 ) ) ;
#2172 = CARTESIAN_POINT ( 'NONE',  ( 57.09054777056508811, 50.14276721078237387, 2.199999999999607603 ) ) ;
#2173 = ORIENTED_EDGE ( 'NONE', *, *, #1048, .F. ) ;
#2174 = DIRECTION ( 'NONE',  ( 1.097021294834867144E-16, -1.000000000000000000, 0.000000000000000000 ) ) ;
#2175 = CARTESIAN_POINT ( 'NONE',  ( -1.069452229434900037, 20.13054385779618016, -1.493539456592566150 ) ) ;
#2176 = CARTESIAN_POINT ( 'NONE',  ( 56.59054777056509522, 59.73751023009852190, -2.719999999999999751 ) ) ;
#2177 = AXIS2_PLACEMENT_3D ( 'NONE', #1082, #515, #2260 ) ;
#2178 = CARTESIAN_POINT ( 'NONE',  ( 51.18530811577300454, 72.21673597539282241, 17.60593378890961702 ) ) ;
#2179 = ADVANCED_FACE ( 'NONE', ( #1909 ), #1257, .T. ) ;
#2180 = ORIENTED_EDGE ( 'NONE', *, *, #1477, .F. ) ;
#2181 = LINE ( 'NONE', #3462, #1517 ) ;
#2182 = CARTESIAN_POINT ( 'NONE',  ( -0.7084316932983119042, 4.325359228965684366, 13.83404739914268156 ) ) ;
#2183 = CARTESIAN_POINT ( 'NONE',  ( -0.01430394677802211169, 53.28493077553747526, -2.719999999999999751 ) ) ;
#2184 = VECTOR ( 'NONE', #1404, 1000.000000000000000 ) ;
#2185 = DIRECTION ( 'NONE',  ( -0.000000000000000000, 1.000000000000000000, -0.000000000000000000 ) ) ;
#2186 = AXIS2_PLACEMENT_3D ( 'NONE', #127, #2770, #999 ) ;
#2187 = EDGE_CURVE ( 'NONE', #2658, #3189, #1088, .T. ) ;
#2188 = CIRCLE ( 'NONE', #2795, 0.6000000000000015321 ) ;
#2189 = VERTEX_POINT ( 'NONE', #3320 ) ;
#2190 = DIRECTION ( 'NONE',  ( -0.000000000000000000, 1.000000000000000000, 0.000000000000000000 ) ) ;
#2191 = CIRCLE ( 'NONE', #3097, 5.280000000000000249 ) ;
#2192 = AXIS2_PLACEMENT_3D ( 'NONE', #2306, #3745, #3168 ) ;
#2193 = CARTESIAN_POINT ( 'NONE',  ( 55.18232464189361508, 10.13957987723295950, -2.719999999999999751 ) ) ;
#2194 = VECTOR ( 'NONE', #3418, 1000.000000000000000 ) ;
#2195 = VECTOR ( 'NONE', #3527, 1000.000000000000000 ) ;
#2196 = AXIS2_PLACEMENT_3D ( 'NONE', #1410, #3695, #801 ) ;
#2197 = DIRECTION ( 'NONE',  ( 0.000000000000000000, 0.000000000000000000, 1.000000000000000000 ) ) ;
#2198 = ORIENTED_EDGE ( 'NONE', *, *, #1950, .T. ) ;
#2199 = DIRECTION ( 'NONE',  ( -0.000000000000000000, -0.000000000000000000, 1.000000000000000000 ) ) ;
#2200 = CARTESIAN_POINT ( 'NONE',  ( 50.44075580168490802, 72.30864996279487400, 17.50833495671352225 ) ) ;
#2201 = ORIENTED_EDGE ( 'NONE', *, *, #78, .T. ) ;
#2202 = DIRECTION ( 'NONE',  ( -1.177133787269976067E-16, 1.000000000000000000, 1.467543896810033787E-30 ) ) ;
#2203 = DIRECTION ( 'NONE',  ( 0.000000000000000000, 0.000000000000000000, 1.000000000000000000 ) ) ;
#2204 = ORIENTED_EDGE ( 'NONE', *, *, #3555, .F. ) ;
#2205 = CARTESIAN_POINT ( 'NONE',  ( -2.948716068385063505, 3.493971527300015811, 11.79921353871595180 ) ) ;
#2206 = EDGE_CURVE ( 'NONE', #3252, #2609, #1536, .T. ) ;
#2207 = LINE ( 'NONE', #3663, #3362 ) ;
#2208 = ORIENTED_EDGE ( 'NONE', *, *, #2459, .T. ) ;
#2209 = LINE ( 'NONE', #472, #3360 ) ;
#2210 = ORIENTED_EDGE ( 'NONE', *, *, #3386, .F. ) ;
#2211 = EDGE_CURVE ( 'NONE', #76, #2609, #3689, .T. ) ;
#2212 = CARTESIAN_POINT ( 'NONE',  ( 56.47363045010978766, 69.25385299065254685, -5.220000000000394991 ) ) ;
#2213 = DIRECTION ( 'NONE',  ( -0.000000000000000000, 0.000000000000000000, -1.000000000000000000 ) ) ;
#2214 = EDGE_CURVE ( 'NONE', #3684, #1211, #2976, .T. ) ;
#2215 = VERTEX_POINT ( 'NONE', #3333 ) ;
#2216 = DIRECTION ( 'NONE',  ( -1.000000000000000000, 0.000000000000000000, 0.000000000000000000 ) ) ;
#2217 = CARTESIAN_POINT ( 'NONE',  ( 58.69054777056492611, 63.30864996279486689, -1.790356625722581807 ) ) ;
#2218 = VERTEX_POINT ( 'NONE', #3390 ) ;
#2219 = DIRECTION ( 'NONE',  ( 0.000000000000000000, 0.000000000000000000, -1.000000000000000000 ) ) ;
#2220 = CARTESIAN_POINT ( 'NONE',  ( 54.58121489174465069, 69.66357303470017825, 22.28000000000000114 ) ) ;
#2221 = DIRECTION ( 'NONE',  ( -6.991222571849442154E-15, 6.445834664451861014E-31, -1.000000000000000000 ) ) ;
#2222 = LINE ( 'NONE', #2485, #964 ) ;
#2223 = EDGE_LOOP ( 'NONE', ( #876, #1397, #2757, #602, #397, #652 ) ) ;
#2224 = CARTESIAN_POINT ( 'NONE',  ( 58.69154777056512273, 28.93165160576893058, -2.093539456592984571 ) ) ;
#2225 = EDGE_CURVE ( 'NONE', #1030, #3264, #1992, .T. ) ;
#2226 = ORIENTED_EDGE ( 'NONE', *, *, #1758, .F. ) ;
#2227 = CARTESIAN_POINT ( 'NONE',  ( -5.528395281464808519, 49.56776721078237813, 12.78000000000004022 ) ) ;
#2228 = EDGE_CURVE ( 'NONE', #2358, #3534, #691, .T. ) ;
#2229 = EDGE_CURVE ( 'NONE', #1975, #1478, #1714, .T. ) ;
#2230 = DIRECTION ( 'NONE',  ( 0.000000000000000000, 0.000000000000000000, 1.000000000000000000 ) ) ;
#2231 = ORIENTED_EDGE ( 'NONE', *, *, #1972, .F. ) ;
#2232 = LINE ( 'NONE', #1976, #87 ) ;
#2233 = FACE_OUTER_BOUND ( 'NONE', #3091, .T. ) ;
#2234 = ORIENTED_EDGE ( 'NONE', *, *, #3161, .F. ) ;
#2235 = CARTESIAN_POINT ( 'NONE',  ( 58.11023086179203290, 66.48810536322223186, 17.60593378890961702 ) ) ;
#2236 = LINE ( 'NONE', #3411, #950 ) ;
#2237 = CARTESIAN_POINT ( 'NONE',  ( 57.42500160560383193, 65.37465687594146857, 20.98000000000000043 ) ) ;
#2238 = CARTESIAN_POINT ( 'NONE',  ( 58.69054777056500427, 52.11776721078237529, 6.629999999999593996 ) ) ;
#2239 = VECTOR ( 'NONE', #925, 1000.000000000000000 ) ;
#2240 = LINE ( 'NONE', #1700, #2684 ) ;
#2241 = ORIENTED_EDGE ( 'NONE', *, *, #855, .T. ) ;
#2242 = FACE_OUTER_BOUND ( 'NONE', #1348, .T. ) ;
#2243 = ORIENTED_EDGE ( 'NONE', *, *, #2550, .T. ) ;
#2244 = AXIS2_PLACEMENT_3D ( 'NONE', #1052, #1303, #2473 ) ;
#2245 = AXIS2_PLACEMENT_3D ( 'NONE', #3286, #2997, #367 ) ;
#2246 = CARTESIAN_POINT ( 'NONE',  ( 58.69054777056505401, 52.11776721078237529, 13.37999999999959577 ) ) ;
#2247 = DIRECTION ( 'NONE',  ( 1.000000000000000000, 0.000000000000000000, -0.000000000000000000 ) ) ;
#2248 = AXIS2_PLACEMENT_3D ( 'NONE', #2227, #1650, #3687 ) ;
#2249 = VECTOR ( 'NONE', #3193, 1000.000000000000000 ) ;
#2250 = EDGE_CURVE ( 'NONE', #3534, #2596, #3639, .T. ) ;
#2251 = AXIS2_PLACEMENT_3D ( 'NONE', #3736, #1430, #1106 ) ;
#2252 = CARTESIAN_POINT ( 'NONE',  ( 2.979572911056559636, 68.89622803602969725, 10.37017154416021114 ) ) ;
#2253 = ORIENTED_EDGE ( 'NONE', *, *, #2930, .T. ) ;
#2254 = FACE_OUTER_BOUND ( 'NONE', #3269, .T. ) ;
#2255 = VECTOR ( 'NONE', #715, 1000.000000000000000 ) ;
#2256 = AXIS2_PLACEMENT_3D ( 'NONE', #799, #1670, #1423 ) ;
#2257 = EDGE_CURVE ( 'NONE', #1315, #3252, #1560, .T. ) ;
#2258 = CYLINDRICAL_SURFACE ( 'NONE', #3424, 1.976629218758614748 ) ;
#2259 = LINE ( 'NONE', #3113, #2994 ) ;
#2260 = DIRECTION ( 'NONE',  ( 1.000000000000000000, 0.000000000000000000, -6.887872625202027241E-15 ) ) ;
#2261 = CARTESIAN_POINT ( 'NONE',  ( -0.7908250820849374030, 4.588522276243602427, 11.79120662358061544 ) ) ;
#2262 = CARTESIAN_POINT ( 'NONE',  ( 4.030547770565110710, 71.30864996279485979, 22.28000000000000114 ) ) ;
#2263 = ADVANCED_FACE ( 'NONE', ( #94 ), #184, .T. ) ;
#2264 = DIRECTION ( 'NONE',  ( -0.000000000000000000, 1.000000000000000000, 0.000000000000000000 ) ) ;
#2265 = ORIENTED_EDGE ( 'NONE', *, *, #3167, .T. ) ;
#2266 = VERTEX_POINT ( 'NONE', #1115 ) ;
#2267 = LINE ( 'NONE', #2854, #156 ) ;
#2268 = DIRECTION ( 'NONE',  ( -6.973348371778586209E-15, -0.000000000000000000, -1.000000000000000000 ) ) ;
#2269 = ORIENTED_EDGE ( 'NONE', *, *, #1020, .T. ) ;
#2270 = EDGE_CURVE ( 'NONE', #904, #3328, #168, .T. ) ;
#2271 = CARTESIAN_POINT ( 'NONE',  ( 53.59054777056508811, 62.04365875086057969, -2.719999999999999751 ) ) ;
#2272 = CARTESIAN_POINT ( 'NONE',  ( 49.59054777056508811, 69.54864996279485467, 22.27999999999960679 ) ) ;
#2273 = VERTEX_POINT ( 'NONE', #532 ) ;
#2274 = FACE_OUTER_BOUND ( 'NONE', #1169, .T. ) ;
#2275 = DIRECTION ( 'NONE',  ( 6.982962677686266711E-15, 0.000000000000000000, 1.000000000000000000 ) ) ;
#2276 = ADVANCED_FACE ( 'NONE', ( #494 ), #2518, .F. ) ;
#2277 = CARTESIAN_POINT ( 'NONE',  ( 58.69054777056500427, 49.56776721078237813, 6.629999999999594884 ) ) ;
#2278 = CARTESIAN_POINT ( 'NONE',  ( 58.69054777056506822, 63.30864996279486689, 17.04536563142502459 ) ) ;
#2279 = DIRECTION ( 'NONE',  ( -0.000000000000000000, -0.000000000000000000, -1.000000000000000000 ) ) ;
#2280 = ORIENTED_EDGE ( 'NONE', *, *, #2651, .T. ) ;
#2281 = CARTESIAN_POINT ( 'NONE',  ( 55.68232464189361508, 58.63287046151691584, -2.719999999999999751 ) ) ;
#2282 = EDGE_CURVE ( 'NONE', #699, #1520, #949, .T. ) ;
#2283 = ORIENTED_EDGE ( 'NONE', *, *, #78, .F. ) ;
#2284 = DIRECTION ( 'NONE',  ( -1.000000000000000000, 9.219896231606734370E-17, 6.982962677686269077E-15 ) ) ;
#2285 = CARTESIAN_POINT ( 'NONE',  ( -1.069452229434900037, 28.33165160576893626, -1.493539456592567483 ) ) ;
#2286 = ORIENTED_EDGE ( 'NONE', *, *, #1171, .T. ) ;
#2287 = CYLINDRICAL_SURFACE ( 'NONE', #3157, 1.000000000000000888 ) ;
#2288 = ORIENTED_EDGE ( 'NONE', *, *, #2764, .T. ) ;
#2289 = FACE_OUTER_BOUND ( 'NONE', #3417, .T. ) ;
#2290 = LINE ( 'NONE', #3732, #2600 ) ;
#2291 = CARTESIAN_POINT ( 'NONE',  ( 56.63827682790862639, 67.31228339424384899, 20.98000000000000043 ) ) ;
#2292 = CARTESIAN_POINT ( 'NONE',  ( 51.69054777056490479, -2.951350037205148880, -5.220000000000361240 ) ) ;
#2293 = EDGE_CURVE ( 'NONE', #222, #2652, #3237, .T. ) ;
#2294 = DIRECTION ( 'NONE',  ( -1.000000000000000000, 0.000000000000000000, 0.000000000000000000 ) ) ;
#2295 = ORIENTED_EDGE ( 'NONE', *, *, #419, .T. ) ;
#2296 = DIRECTION ( 'NONE',  ( 0.000000000000000000, -1.000000000000000000, -0.000000000000000000 ) ) ;
#2297 = ORIENTED_EDGE ( 'NONE', *, *, #692, .T. ) ;
#2298 = EDGE_CURVE ( 'NONE', #1819, #3398, #2864, .T. ) ;
#2299 = DIRECTION ( 'NONE',  ( -0.000000000000000000, -0.000000000000000000, 1.000000000000000000 ) ) ;
#2300 = CIRCLE ( 'NONE', #2177, 3.400000000000000355 ) ;
#2301 = CARTESIAN_POINT ( 'NONE',  ( 49.80302184248399300, 58.11254530507635963, 11.05714787712906499 ) ) ;
#2302 = VECTOR ( 'NONE', #2820, 1000.000000000000000 ) ;
#2303 = AXIS2_PLACEMENT_3D ( 'NONE', #2349, #3271, #2612 ) ;
#2304 = AXIS2_PLACEMENT_3D ( 'NONE', #2183, #3679, #2506 ) ;
#2305 = ORIENTED_EDGE ( 'NONE', *, *, #2905, .T. ) ;
#2306 = CARTESIAN_POINT ( 'NONE',  ( 51.69054777056510375, 4.048649962794851120, 22.27999999999963876 ) ) ;
#2307 = ORIENTED_EDGE ( 'NONE', *, *, #1594, .T. ) ;
#2308 = VECTOR ( 'NONE', #2583, 1000.000000000000000 ) ;
#2309 = AXIS2_PLACEMENT_3D ( 'NONE', #729, #1894, #2216 ) ;
#2310 = DIRECTION ( 'NONE',  ( 0.000000000000000000, 0.000000000000000000, 1.000000000000000000 ) ) ;
#2311 = ORIENTED_EDGE ( 'NONE', *, *, #547, .T. ) ;
#2312 = CARTESIAN_POINT ( 'NONE',  ( -2.969452229434915491, 4.048649962794844903, 20.98000000000000043 ) ) ;
#2313 = SURFACE_SIDE_STYLE ('',( #802 ) ) ;
#2314 = AXIS2_PLACEMENT_3D ( 'NONE', #1546, #2639, #75 ) ;
#2315 = CARTESIAN_POINT ( 'NONE',  ( 11.19436216970071740, 54.30864996279486689, -4.220000000000077911 ) ) ;
#2316 = DIRECTION ( 'NONE',  ( -6.991222571849442154E-15, 6.445834664451861014E-31, -1.000000000000000000 ) ) ;
#2317 = AXIS2_PLACEMENT_3D ( 'NONE', #1202, #293, #927 ) ;
#2318 = CIRCLE ( 'NONE', #659, 7.999999999999998224 ) ;
#2319 = CYLINDRICAL_SURFACE ( 'NONE', #1944, 0.5000000000000002220 ) ;
#2320 = ORIENTED_EDGE ( 'NONE', *, *, #196, .T. ) ;
#2321 = DIRECTION ( 'NONE',  ( 0.000000000000000000, 1.000000000000000000, 0.000000000000000000 ) ) ;
#2322 = ORIENTED_EDGE ( 'NONE', *, *, #628, .F. ) ;
#2323 = VECTOR ( 'NONE', #2499, 1000.000000000000000 ) ;
#2324 = EDGE_CURVE ( 'NONE', #2128, #213, #3762, .T. ) ;
#2325 = ORIENTED_EDGE ( 'NONE', *, *, #3576, .T. ) ;
#2326 = DIRECTION ( 'NONE',  ( 0.000000000000000000, -1.000000000000000000, -0.000000000000000000 ) ) ;
#2327 = EDGE_CURVE ( 'NONE', #2553, #3316, #1945, .T. ) ;
#2328 = CARTESIAN_POINT ( 'NONE',  ( 3.118377727482173345, 68.95934949857638685, 11.83972756180915020 ) ) ;
#2329 = EDGE_LOOP ( 'NONE', ( #2703, #1893, #3517, #3137 ) ) ;
#2330 = ADVANCED_FACE ( 'NONE', ( #1637 ), #2287, .F. ) ;
#2331 = ORIENTED_EDGE ( 'NONE', *, *, #2115, .T. ) ;
#2332 = PLANE ( 'NONE',  #3539 ) ;
#2333 = ORIENTED_EDGE ( 'NONE', *, *, #3427, .T. ) ;
#2334 = CARTESIAN_POINT ( 'NONE',  ( 55.18232464189361508, 10.13957987723295950, -2.719999999999999751 ) ) ;
#2335 = CARTESIAN_POINT ( 'NONE',  ( 55.72007038796986222, 68.59227218533898451, 20.98000000000000043 ) ) ;
#2336 = CARTESIAN_POINT ( 'NONE',  ( -0.6078006447469727069, 4.048649962794811152, 11.65999999999432468 ) ) ;
#2337 = CARTESIAN_POINT ( 'NONE',  ( 58.69154777056512984, 28.33165160576892916, -1.493539456592984704 ) ) ;
#2338 = DIRECTION ( 'NONE',  ( 0.000000000000000000, 0.000000000000000000, 1.000000000000000000 ) ) ;
#2339 = ORIENTED_EDGE ( 'NONE', *, *, #2282, .F. ) ;
#2340 = DIRECTION ( 'NONE',  ( 1.000000000000000000, -0.000000000000000000, -6.982962677686267499E-15 ) ) ;
#2341 = ORIENTED_EDGE ( 'NONE', *, *, #1407, .T. ) ;
#2342 = EDGE_LOOP ( 'NONE', ( #2101, #2913, #1173, #2690 ) ) ;
#2343 = CARTESIAN_POINT ( 'NONE',  ( 49.69054777056497585, 72.30864996279485979, 4.757110654816465889 ) ) ;
#2344 = LINE ( 'NONE', #340, #3715 ) ;
#2345 = ADVANCED_FACE ( 'NONE', ( #2233 ), #2258, .F. ) ;
#2346 = LINE ( 'NONE', #1831, #757 ) ;
#2347 = ORIENTED_EDGE ( 'NONE', *, *, #2719, .F. ) ;
#2348 = ORIENTED_EDGE ( 'NONE', *, *, #3210, .T. ) ;
#2349 = CARTESIAN_POINT ( 'NONE',  ( 55.68232464189361508, 58.63287046151691584, -2.719999999999999751 ) ) ;
#2350 = ORIENTED_EDGE ( 'NONE', *, *, #3619, .T. ) ;
#2351 = DIRECTION ( 'NONE',  ( 0.000000000000000000, -1.000000000000000000, 0.000000000000000000 ) ) ;
#2352 = CARTESIAN_POINT ( 'NONE',  ( 56.05884803696362439, 68.18146976660983682, 20.98000000000000043 ) ) ;
#2353 = DIRECTION ( 'NONE',  ( -1.000000000000000000, -9.875726538627338513E-17, 0.000000000000000000 ) ) ;
#2354 = DIRECTION ( 'NONE',  ( -1.000000000000000000, 0.000000000000000000, 0.000000000000000000 ) ) ;
#2355 = CARTESIAN_POINT ( 'NONE',  ( 51.69054777056510375, -1.951350037205147991, 20.98000000000000043 ) ) ;
#2356 = ORIENTED_EDGE ( 'NONE', *, *, #3801, .T. ) ;
#2357 = DIRECTION ( 'NONE',  ( 1.000000000000000000, 0.000000000000000000, 0.000000000000000000 ) ) ;
#2358 = VERTEX_POINT ( 'NONE', #3443 ) ;
#2359 = CARTESIAN_POINT ( 'NONE',  ( -2.969452229435068702, 53.59604800156340332, -1.749304498602558766 ) ) ;
#2360 = ORIENTED_EDGE ( 'NONE', *, *, #3472, .T. ) ;
#2361 = LINE ( 'NONE', #893, #349 ) ;
#2362 = CARTESIAN_POINT ( 'NONE',  ( 5.930547770565093302, 69.54864996279485467, 22.28000000000000114 ) ) ;
#2363 =( GEOMETRIC_REPRESENTATION_CONTEXT ( 3 ) GLOBAL_UNCERTAINTY_ASSIGNED_CONTEXT ( ( #2566 ) ) GLOBAL_UNIT_ASSIGNED_CONTEXT ( ( #535, #1964, #3173 ) ) REPRESENTATION_CONTEXT ( 'NONE', 'WORKASPACE' ) );
#2364 = DIRECTION ( 'NONE',  ( 1.000000000000000000, 0.000000000000000000, -6.938893903907226800E-15 ) ) ;
#2365 = VERTEX_POINT ( 'NONE', #512 ) ;
#2366 = VECTOR ( 'NONE', #2146, 1000.000000000000000 ) ;
#2367 = ORIENTED_EDGE ( 'NONE', *, *, #1361, .T. ) ;
#2368 = EDGE_CURVE ( 'NONE', #3530, #259, #2730, .T. ) ;
#2369 = CIRCLE ( 'NONE', #3473, 6.999999999999999112 ) ;
#2370 = VECTOR ( 'NONE', #278, 1000.000000000000000 ) ;
#2371 = DIRECTION ( 'NONE',  ( -1.000000000000000000, 0.000000000000000000, 6.938893899847481947E-15 ) ) ;
#2372 = FACE_OUTER_BOUND ( 'NONE', #2973, .T. ) ;
#2373 = VERTEX_POINT ( 'NONE', #1977 ) ;
#2374 = CARTESIAN_POINT ( 'NONE',  ( 26.43000000000000327, 72.30864996279485979, 10.50000000000000000 ) ) ;
#2375 = CARTESIAN_POINT ( 'NONE',  ( 53.25081321135508006, 70.49237405855770078, 22.27999999999963165 ) ) ;
#2376 = CYLINDRICAL_SURFACE ( 'NONE', #510, 1.100000000000000311 ) ;
#2377 = LINE ( 'NONE', #3551, #706 ) ;
#2378 = AXIS2_PLACEMENT_3D ( 'NONE', #453, #779, #3401 ) ;
#2379 = ADVANCED_FACE ( 'NONE', ( #1136 ), #2534, .T. ) ;
#2380 = LINE ( 'NONE', #2087, #1214 ) ;
#2381 = CIRCLE ( 'NONE', #1695, 2.000000000000001776 ) ;
#2382 = ORIENTED_EDGE ( 'NONE', *, *, #2141, .T. ) ;
#2383 = DIRECTION ( 'NONE',  ( 0.000000000000000000, -1.000000000000000000, 0.000000000000000000 ) ) ;
#2384 = ORIENTED_EDGE ( 'NONE', *, *, #1078, .T. ) ;
#2385 = CARTESIAN_POINT ( 'NONE',  ( 49.59054777056508811, 62.54864996279485467, -95.90999724335667054 ) ) ;
#2386 = CIRCLE ( 'NONE', #39, 1.500000000000004885 ) ;
#2387 = ORIENTED_EDGE ( 'NONE', *, *, #31, .F. ) ;
#2388 = CARTESIAN_POINT ( 'NONE',  ( -0.4940240699621807341, 3.765646428667165146, 13.83208869327453172 ) ) ;
#2389 = CARTESIAN_POINT ( 'NONE',  ( 55.38349937456096939, 9.202536728578676772, -2.719999999999999751 ) ) ;
#2390 = EDGE_LOOP ( 'NONE', ( #347, #2709, #2180, #1421, #3125, #3644, #1195, #2243, #2030, #3747, #2404, #3676, #1849, #1538, #2949, #674, #2052, #443, #3312, #428, #1677, #3249, #795, #3270, #3759, #1620, #546, #2825, #1434, #1340, #69, #1457 ) ) ;
#2391 = ORIENTED_EDGE ( 'NONE', *, *, #1302, .F. ) ;
#2392 = DIRECTION ( 'NONE',  ( 1.000000000000000000, 0.000000000000000000, -6.938893903907229167E-15 ) ) ;
#2393 = EDGE_CURVE ( 'NONE', #270, #1796, #2125, .T. ) ;
#2394 = ORIENTED_EDGE ( 'NONE', *, *, #122, .F. ) ;
#2395 = CARTESIAN_POINT ( 'NONE',  ( 49.80302184248399300, 58.11254530507635963, 17.60593378890961702 ) ) ;
#2396 = CARTESIAN_POINT ( 'NONE',  ( 58.69054777056504690, 50.16776721078237955, 12.77999999999959435 ) ) ;
#2397 = CARTESIAN_POINT ( 'NONE',  ( 51.77382052458578698, 71.03853118331539918, 22.28000000000000114 ) ) ;
#2398 = CARTESIAN_POINT ( 'NONE',  ( -1.069452229434906032, 50.37502496992322421, -2.719999999999999751 ) ) ;
#2399 = B_SPLINE_CURVE_WITH_KNOTS ( 'NONE', 3,
 ( #444, #1296, #1911, #98, #2166, #3627 ),
 .UNSPECIFIED., .F., .F.,
 ( 4, 2, 4 ),
 ( 0.000000000000000000, 0.001644434930338485677, 0.003288869860676971353 ),
 .UNSPECIFIED. ) ;
#2400 = CARTESIAN_POINT ( 'NONE',  ( 53.59054777056508811, 55.82672194075486516, -2.719999999999999751 ) ) ;
#2401 = ADVANCED_FACE ( 'NONE', ( #3090 ), #462, .T. ) ;
#2402 = ORIENTED_EDGE ( 'NONE', *, *, #2282, .T. ) ;
#2403 = CARTESIAN_POINT ( 'NONE',  ( 58.69054777056506822, 63.30864996279486689, 17.04536563142502459 ) ) ;
#2404 = ORIENTED_EDGE ( 'NONE', *, *, #1333, .F. ) ;
#2405 = LINE ( 'NONE', #3261, #3414 ) ;
#2406 = ADVANCED_FACE ( 'NONE', ( #3428 ), #784, .F. ) ;
#2407 = ORIENTED_EDGE ( 'NONE', *, *, #3114, .T. ) ;
#2408 = CARTESIAN_POINT ( 'NONE',  ( 58.69054777056506822, 63.30864996279486689, 17.04536563142502459 ) ) ;
#2409 = LINE ( 'NONE', #1493, #3290 ) ;
#2410 = EDGE_LOOP ( 'NONE', ( #2121, #1999, #2771, #19, #2693, #1183 ) ) ;
#2411 = VERTEX_POINT ( 'NONE', #1099 ) ;
#2412 = ORIENTED_EDGE ( 'NONE', *, *, #3451, .T. ) ;
#2413 = DIRECTION ( 'NONE',  ( 1.000000000000000000, 1.222218890245539141E-16, 0.000000000000000000 ) ) ;
#2414 = CARTESIAN_POINT ( 'NONE',  ( 11.19436216970090392, 54.30864996279486689, 22.28100000000035408 ) ) ;
#2415 = DIRECTION ( 'NONE',  ( 0.000000000000000000, 0.000000000000000000, 1.000000000000000000 ) ) ;
#2416 = VERTEX_POINT ( 'NONE', #2937 ) ;
#2417 = DIRECTION ( 'NONE',  ( 0.000000000000000000, -1.000000000000000000, 0.000000000000000000 ) ) ;
#2418 = ORIENTED_EDGE ( 'NONE', *, *, #2899, .T. ) ;
#2419 = DIRECTION ( 'NONE',  ( 1.000000000000000000, 0.000000000000000000, 0.000000000000000000 ) ) ;
#2420 = EDGE_CURVE ( 'NONE', #524, #2273, #2369, .T. ) ;
#2421 = VERTEX_POINT ( 'NONE', #324 ) ;
#2422 = DIRECTION ( 'NONE',  ( -6.991222571849442943E-15, 6.445834664451861890E-31, -1.000000000000000000 ) ) ;
#2423 = EDGE_CURVE ( 'NONE', #1460, #450, #2895, .T. ) ;
#2424 = CARTESIAN_POINT ( 'NONE',  ( 42.98487433577309957, 72.30864996279485979, 14.09946816829216409 ) ) ;
#2425 = EDGE_LOOP ( 'NONE', ( #370, #3508, #3581, #3108 ) ) ;
#2426 = ORIENTED_EDGE ( 'NONE', *, *, #3580, .F. ) ;
#2427 = VECTOR ( 'NONE', #1716, 1000.000000000000000 ) ;
#2428 = AXIS2_PLACEMENT_3D ( 'NONE', #1686, #3480, #3184 ) ;
#2429 = DIRECTION ( 'NONE',  ( -1.000000000000000000, 0.000000000000000000, 0.000000000000000000 ) ) ;
#2430 = LINE ( 'NONE', #1837, #3540 ) ;
#2431 = AXIS2_PLACEMENT_3D ( 'NONE', #1528, #2415, #662 ) ;
#2432 = CIRCLE ( 'NONE', #2909, 3.000000000000002665 ) ;
#2433 = CARTESIAN_POINT ( 'NONE',  ( 58.11023086179196895, 66.48810536322217501, 4.508361965348512967 ) ) ;
#2434 = ORIENTED_EDGE ( 'NONE', *, *, #2744, .T. ) ;
#2435 = CARTESIAN_POINT ( 'NONE',  ( 50.44075580168484407, 72.30864996279485979, 4.605960797544594421 ) ) ;
#2436 = VECTOR ( 'NONE', #2284, 1000.000000000000000 ) ;
#2437 = CARTESIAN_POINT ( 'NONE',  ( 58.69054777056511085, 63.30864996279486689, 23.65499999999959257 ) ) ;
#2438 = DIRECTION ( 'NONE',  ( -1.000000000000000000, 0.000000000000000000, 6.938893903907228378E-15 ) ) ;
#2439 = AXIS2_PLACEMENT_3D ( 'NONE', #1526, #3525, #1775 ) ;
#2440 = VECTOR ( 'NONE', #1922, 1000.000000000000114 ) ;
#2441 = ORIENTED_EDGE ( 'NONE', *, *, #3768, .F. ) ;
#2442 = CARTESIAN_POINT ( 'NONE',  ( -0.1601163049619912238, 3.097789751396524238, 13.33258780527629561 ) ) ;
#2443 = ADVANCED_FACE ( 'NONE', ( #2037 ), #921, .T. ) ;
#2444 = AXIS2_PLACEMENT_3D ( 'NONE', #2633, #3806, #1176 ) ;
#2445 = ADVANCED_FACE ( 'NONE', ( #256 ), #2019, .F. ) ;
#2446 = VERTEX_POINT ( 'NONE', #1160 ) ;
#2447 = ADVANCED_FACE ( 'NONE', ( #3205 ), #548, .T. ) ;
#2448 = DIRECTION ( 'NONE',  ( 1.000000000000000000, 0.000000000000000000, -6.887872625202027241E-15 ) ) ;
#2449 = EDGE_LOOP ( 'NONE', ( #2598, #110, #2894, #2119, #2201, #2288, #1131 ) ) ;
#2450 = FACE_OUTER_BOUND ( 'NONE', #284, .T. ) ;
#2451 = CARTESIAN_POINT ( 'NONE',  ( 58.64306564981797720, 64.37825799465846899, 4.762923834582477589 ) ) ;
#2452 = ORIENTED_EDGE ( 'NONE', *, *, #1002, .F. ) ;
#2453 = DIRECTION ( 'NONE',  ( -6.991222571849442154E-15, 6.445834664451861014E-31, -1.000000000000000000 ) ) ;
#2454 = FACE_OUTER_BOUND ( 'NONE', #62, .T. ) ;
#2455 = ORIENTED_EDGE ( 'NONE', *, *, #2977, .T. ) ;
#2456 = DIRECTION ( 'NONE',  ( -6.982962677686268288E-15, -3.501643819768927422E-17, -1.000000000000000000 ) ) ;
#2457 = LINE ( 'NONE', #2172, #1209 ) ;
#2458 = VERTEX_POINT ( 'NONE', #1788 ) ;
#2459 = EDGE_CURVE ( 'NONE', #2815, #1147, #2956, .T. ) ;
#2460 = CARTESIAN_POINT ( 'NONE',  ( -1.069452229434900037, 19.53054385779617874, -2.093539456592983239 ) ) ;
#2461 = VERTEX_POINT ( 'NONE', #2079 ) ;
#2462 = CARTESIAN_POINT ( 'NONE',  ( -1.069452229434893153, 41.21098283457539679, 2.203953938914657851 ) ) ;
#2463 = CARTESIAN_POINT ( 'NONE',  ( 4.030547770565097387, 65.30864996279485979, 20.98000000000000043 ) ) ;
#2464 = EDGE_CURVE ( 'NONE', #3059, #1655, #2672, .T. ) ;
#2465 = CARTESIAN_POINT ( 'NONE',  ( 58.45092969679505046, 65.44110071879217116, 4.566139044989264484 ) ) ;
#2466 = ORIENTED_EDGE ( 'NONE', *, *, #504, .F. ) ;
#2467 = CARTESIAN_POINT ( 'NONE',  ( 26.43000000000000327, 72.30864996279485979, 10.50000000000000000 ) ) ;
#2468 = CARTESIAN_POINT ( 'NONE',  ( 58.69054777056489058, 72.30864996279485979, -6.595000000000410090 ) ) ;
#2469 = ORIENTED_EDGE ( 'NONE', *, *, #3728, .T. ) ;
#2470 = CARTESIAN_POINT ( 'NONE',  ( 45.19436216970071030, 30.70864996279484771, -5.220000000000315943 ) ) ;
#2471 = DIRECTION ( 'NONE',  ( -7.228014483236677820E-15, 0.000000000000000000, -1.000000000000000000 ) ) ;
#2472 = DIRECTION ( 'NONE',  ( -1.000000000000000000, -9.875726538627338513E-17, -0.000000000000000000 ) ) ;
#2473 = DIRECTION ( 'NONE',  ( 1.000000000000000000, 0.000000000000000000, 0.000000000000000000 ) ) ;
#2474 = ORIENTED_EDGE ( 'NONE', *, *, #2257, .F. ) ;
#2475 = EDGE_CURVE ( 'NONE', #1932, #1835, #34, .T. ) ;
#2476 = FACE_OUTER_BOUND ( 'NONE', #1923, .T. ) ;
#2477 = AXIS2_PLACEMENT_3D ( 'NONE', #2560, #2575, #2001 ) ;
#2478 = DIRECTION ( 'NONE',  ( 1.000000000000000000, 0.000000000000000000, 0.000000000000000000 ) ) ;
#2479 = EDGE_LOOP ( 'NONE', ( #1687, #2360, #3007, #1107 ) ) ;
#2480 = LINE ( 'NONE', #2772, #2496 ) ;
#2481 = EDGE_CURVE ( 'NONE', #3763, #1531, #2679, .T. ) ;
#2482 = CYLINDRICAL_SURFACE ( 'NONE', #1559, 1.976629218758614304 ) ;
#2483 = CARTESIAN_POINT ( 'NONE',  ( -2.887279374150219624, 2.977787050842005456, 12.47057623313722807 ) ) ;
#2484 = CIRCLE ( 'NONE', #2244, 0.5000000000000002220 ) ;
#2485 = CARTESIAN_POINT ( 'NONE',  ( 11.19436216970071030, 54.30864996279486689, -5.220000000000077911 ) ) ;
#2486 = AXIS2_PLACEMENT_3D ( 'NONE', #394, #3077, #3659 ) ;
#2487 = ORIENTED_EDGE ( 'NONE', *, *, #1002, .T. ) ;
#2488 = FACE_BOUND ( 'NONE', #102, .T. ) ;
#2489 = ADVANCED_FACE ( 'NONE', ( #1727 ), #2979, .F. ) ;
#2490 = VERTEX_POINT ( 'NONE', #1174 ) ;
#2491 = VECTOR ( 'NONE', #2908, 1000.000000000000000 ) ;
#2492 = CARTESIAN_POINT ( 'NONE',  ( 50.88376972220034133, 72.30864996279487400, -5.220000000000357687 ) ) ;
#2493 = CARTESIAN_POINT ( 'NONE',  ( 8.259691434521279518, 69.54864996279485467, 5.333084799999998182 ) ) ;
#2494 = VECTOR ( 'NONE', #1398, 1000.000000000000000 ) ;
#2495 = AXIS2_PLACEMENT_3D ( 'NONE', #687, #1866, #3028 ) ;
#2496 = VECTOR ( 'NONE', #3392, 1000.000000000000000 ) ;
#2497 = DIRECTION ( 'NONE',  ( 1.000000000000000000, 0.000000000000000000, 0.000000000000000000 ) ) ;
#2498 = ORIENTED_EDGE ( 'NONE', *, *, #2527, .F. ) ;
#2499 = DIRECTION ( 'NONE',  ( -0.000000000000000000, 0.000000000000000000, 1.000000000000000000 ) ) ;
#2500 = DIRECTION ( 'NONE',  ( -0.000000000000000000, 1.000000000000000000, -0.000000000000000000 ) ) ;
#2501 = ADVANCED_FACE ( 'NONE', ( #352, #2917 ), #2332, .F. ) ;
#2502 = LINE ( 'NONE', #442, #1205 ) ;
#2503 = ORIENTED_EDGE ( 'NONE', *, *, #2702, .T. ) ;
#2504 = LINE ( 'NONE', #1024, #1395 ) ;
#2505 = CARTESIAN_POINT ( 'NONE',  ( -0.9279963072150441139, 5.148516700736997187, 12.90773429258267058 ) ) ;
#2506 = DIRECTION ( 'NONE',  ( 1.000000000000000000, 0.000000000000000000, 0.000000000000000000 ) ) ;
#2507 = EDGE_CURVE ( 'NONE', #3541, #70, #3228, .T. ) ;
#2508 = VERTEX_POINT ( 'NONE', #1479 ) ;
#2509 = CARTESIAN_POINT ( 'NONE',  ( 26.43000000000000327, 73.16365341904581499, 18.50000000000000000 ) ) ;
#2510 = ORIENTED_EDGE ( 'NONE', *, *, #2507, .F. ) ;
#2511 = ADVANCED_FACE ( 'NONE', ( #3501 ), #856, .F. ) ;
#2512 = CARTESIAN_POINT ( 'NONE',  ( 57.49690225725515802, 67.82887008211199031, -5.220000000000402096 ) ) ;
#2513 = FACE_OUTER_BOUND ( 'NONE', #54, .T. ) ;
#2514 = CARTESIAN_POINT ( 'NONE',  ( 51.69054777056510375, 4.048649962794851120, 22.28000000000000114 ) ) ;
#2515 = CARTESIAN_POINT ( 'NONE',  ( 49.59054777056509522, -0.4513500372051434950, -4.220000000000341700 ) ) ;
#2516 = ORIENTED_EDGE ( 'NONE', *, *, #1448, .T. ) ;
#2517 = DIRECTION ( 'NONE',  ( 1.000000000000000000, 0.000000000000000000, -6.982962677686267499E-15 ) ) ;
#2518 = CYLINDRICAL_SURFACE ( 'NONE', #341, 3.399999999999998579 ) ;
#2519 = ORIENTED_EDGE ( 'NONE', *, *, #3266, .T. ) ;
#2520 = DIRECTION ( 'NONE',  ( 0.000000000000000000, 0.000000000000000000, -1.000000000000000000 ) ) ;
#2521 = DIRECTION ( 'NONE',  ( -4.511425619503902688E-45, -1.000000000000000000, -6.445834664451861890E-31 ) ) ;
#2522 = CARTESIAN_POINT ( 'NONE',  ( -0.8783310452036366955, 4.920503833787765124, 12.07353502839141335 ) ) ;
#2523 = FACE_OUTER_BOUND ( 'NONE', #2754, .T. ) ;
#2524 = EDGE_LOOP ( 'NONE', ( #2198, #1986, #947, #2452 ) ) ;
#2525 = LINE ( 'NONE', #1931, #32 ) ;
#2526 = ORIENTED_EDGE ( 'NONE', *, *, #2784, .F. ) ;
#2527 = EDGE_CURVE ( 'NONE', #3499, #1664, #2910, .T. ) ;
#2528 = CARTESIAN_POINT ( 'NONE',  ( 4.030547770564905541, 65.30864996279485979, -5.220000000000026397 ) ) ;
#2529 = CARTESIAN_POINT ( 'NONE',  ( 41.70239533589113989, 10.04864996279486178, 22.28100000000014091 ) ) ;
#2530 = ADVANCED_FACE ( 'NONE', ( #1462 ), #2631, .F. ) ;
#2531 = CARTESIAN_POINT ( 'NONE',  ( -0.01430394677802211169, 53.28493077553747526, -4.219999999999999751 ) ) ;
#2532 = ORIENTED_EDGE ( 'NONE', *, *, #31, .T. ) ;
#2533 = DIRECTION ( 'NONE',  ( 7.228014483236696753E-15, 0.000000000000000000, 1.000000000000000000 ) ) ;
#2534 = PLANE ( 'NONE',  #1011 ) ;
#2535 = ORIENTED_EDGE ( 'NONE', *, *, #1414, .F. ) ;
#2536 = DIRECTION ( 'NONE',  ( -0.000000000000000000, 1.000000000000000000, -0.000000000000000000 ) ) ;
#2537 = CARTESIAN_POINT ( 'NONE',  ( 56.63827682790862639, 67.31228339424384899, 22.28000000000000114 ) ) ;
#2538 = CARTESIAN_POINT ( 'NONE',  ( 49.59054777056508811, 69.54864996279485467, -4.220000000000341700 ) ) ;
#2539 = CARTESIAN_POINT ( 'NONE',  ( -0.01430394677802211169, 53.28493077553747526, -2.719999999999999751 ) ) ;
#2540 = ORIENTED_EDGE ( 'NONE', *, *, #2211, .F. ) ;
#2541 = DIRECTION ( 'NONE',  ( -6.991222571849442943E-15, 6.445834664451861890E-31, -1.000000000000000000 ) ) ;
#2542 = EDGE_LOOP ( 'NONE', ( #3482, #883, #3000, #3063 ) ) ;
#2543 = CIRCLE ( 'NONE', #1262, 3.400000000000000355 ) ;
#2544 = VECTOR ( 'NONE', #1776, 1000.000000000000000 ) ;
#2545 = AXIS2_PLACEMENT_3D ( 'NONE', #821, #2829, #2577 ) ;
#2546 = ADVANCED_FACE ( 'NONE', ( #2513 ), #1069, .F. ) ;
#2547 = DIRECTION ( 'NONE',  ( 0.000000000000000000, -0.000000000000000000, -1.000000000000000000 ) ) ;
#2548 = AXIS2_PLACEMENT_3D ( 'NONE', #1591, #1887, #740 ) ;
#2549 = AXIS2_PLACEMENT_3D ( 'NONE', #1038, #3018, #167 ) ;
#2550 = EDGE_CURVE ( 'NONE', #2887, #1230, #145, .T. ) ;
#2551 = CIRCLE ( 'NONE', #1576, 5.280000000000000249 ) ;
#2552 = CARTESIAN_POINT ( 'NONE',  ( 5.930547770565093302, 69.54864996279485467, -4.220000000000196039 ) ) ;
#2553 = VERTEX_POINT ( 'NONE', #3082 ) ;
#2554 = DIRECTION ( 'NONE',  ( 1.000000000000000000, -9.219896231606733138E-17, -6.982962677686267499E-15 ) ) ;
#2555 = VECTOR ( 'NONE', #3060, 1000.000000000000000 ) ;
#2556 = EDGE_CURVE ( 'NONE', #3039, #3805, #344, .T. ) ;
#2557 = CARTESIAN_POINT ( 'NONE',  ( -0.01430394677802211169, 53.28493077553747526, -2.719999999999999751 ) ) ;
#2558 = ORIENTED_EDGE ( 'NONE', *, *, #3336, .F. ) ;
#2559 = CARTESIAN_POINT ( 'NONE',  ( -1.069452229434894930, 50.37502496992322421, -2.719999999999999751 ) ) ;
#2560 = CARTESIAN_POINT ( 'NONE',  ( 53.59054777056508811, 55.82672194075486516, -2.719999999999999751 ) ) ;
#2561 = FACE_OUTER_BOUND ( 'NONE', #604, .T. ) ;
#2562 = FACE_OUTER_BOUND ( 'NONE', #3578, .T. ) ;
#2563 = ORIENTED_EDGE ( 'NONE', *, *, #1808, .T. ) ;
#2564 = CARTESIAN_POINT ( 'NONE',  ( 43.19436216970071740, 28.70864996162471172, -4.220000000000299956 ) ) ;
#2565 = ORIENTED_EDGE ( 'NONE', *, *, #1171, .F. ) ;
#2566 = UNCERTAINTY_MEASURE_WITH_UNIT (LENGTH_MEASURE( 1.000000000000000082E-05 ), #535, 'distance_accuracy_value', 'NONE');
#2567 = CYLINDRICAL_SURFACE ( 'NONE', #2735, 6.548785911780550251 ) ;
#2568 = PLANE ( 'NONE',  #643 ) ;
#2569 = ORIENTED_EDGE ( 'NONE', *, *, #3285, .T. ) ;
#2570 = CARTESIAN_POINT ( 'NONE',  ( 49.69054777056508954, 72.30864996279487400, 17.35718509944166499 ) ) ;
#2571 = ADVANCED_FACE ( 'NONE', ( #1607 ), #3050, .F. ) ;
#2572 = DIRECTION ( 'NONE',  ( -6.991222571849442943E-15, 6.445834664451861890E-31, -1.000000000000000000 ) ) ;
#2573 = ORIENTED_EDGE ( 'NONE', *, *, #656, .F. ) ;
#2574 = CARTESIAN_POINT ( 'NONE',  ( 55.38349937456096939, 9.202536728578676772, -2.719999999999999751 ) ) ;
#2575 = DIRECTION ( 'NONE',  ( -0.000000000000000000, -0.000000000000000000, -1.000000000000000000 ) ) ;
#2576 = FACE_OUTER_BOUND ( 'NONE', #708, .T. ) ;
#2577 = DIRECTION ( 'NONE',  ( 0.000000000000000000, 0.000000000000000000, -1.000000000000000000 ) ) ;
#2578 = ADVANCED_FACE ( 'NONE', ( #3646 ), #1625, .F. ) ;
#2579 = CARTESIAN_POINT ( 'NONE',  ( 55.18232464189361508, 59.23751023009852190, -4.220000000000386109 ) ) ;
#2580 = ORIENTED_EDGE ( 'NONE', *, *, #3239, .F. ) ;
#2581 = CARTESIAN_POINT ( 'NONE',  ( 45.19436216970071030, 54.30864996279486689, -5.220000000000315943 ) ) ;
#2582 = ORIENTED_EDGE ( 'NONE', *, *, #3688, .F. ) ;
#2583 = DIRECTION ( 'NONE',  ( 6.982962677686267499E-15, -0.000000000000000000, 1.000000000000000000 ) ) ;
#2584 = CARTESIAN_POINT ( 'NONE',  ( 1.930547770565098631, 12.92448058129861899, -4.220000000000013962 ) ) ;
#2585 = EDGE_LOOP ( 'NONE', ( #2573, #3606, #2715, #1519, #807, #3635 ) ) ;
#2586 = LINE ( 'NONE', #3760, #3416 ) ;
#2587 = CARTESIAN_POINT ( 'NONE',  ( -1.069452229434907364, 62.54864996279485467, 22.27999999999999403 ) ) ;
#2588 = EDGE_CURVE ( 'NONE', #1946, #2700, #1918, .T. ) ;
#2589 = ORIENTED_EDGE ( 'NONE', *, *, #1289, .F. ) ;
#2590 = CARTESIAN_POINT ( 'NONE',  ( -1.969452229434905499, 65.30864996279485979, 20.98000000000000043 ) ) ;
#2591 = CARTESIAN_POINT ( 'NONE',  ( 0.2635320128424241681, 54.24659521884282753, -4.219999999999999751 ) ) ;
#2592 = DIRECTION ( 'NONE',  ( -0.000000000000000000, -0.000000000000000000, -1.000000000000000000 ) ) ;
#2593 = DIRECTION ( 'NONE',  ( 1.000000000000000000, 0.000000000000000000, -6.938893903907228378E-15 ) ) ;
#2594 = FACE_OUTER_BOUND ( 'NONE', #2425, .T. ) ;
#2595 = ADVANCED_FACE ( 'NONE', ( #474 ), #2762, .F. ) ;
#2596 = VERTEX_POINT ( 'NONE', #120 ) ;
#2597 = DIRECTION ( 'NONE',  ( 1.000000000000000000, 8.673617379884035472E-16, -6.938893903907228378E-15 ) ) ;
#2598 = ORIENTED_EDGE ( 'NONE', *, *, #2670, .T. ) ;
#2599 = ADVANCED_FACE ( 'NONE', ( #723 ), #3702, .F. ) ;
#2600 = VECTOR ( 'NONE', #1715, 1000.000000000000000 ) ;
#2601 = CARTESIAN_POINT ( 'NONE',  ( 53.59054777056509522, 6.797266567925486669, -4.220000000000374563 ) ) ;
#2602 = AXIS2_PLACEMENT_3D ( 'NONE', #3251, #1497, #901 ) ;
#2603 = CIRCLE ( 'NONE', #511, 2.999999999999999556 ) ;
#2604 = B_SPLINE_CURVE_WITH_KNOTS ( 'NONE', 3,
 ( #2922, #291, #1466, #3808, #879, #2920, #3567, #859, #2375, #3547, #1482, #906 ),
 .UNSPECIFIED., .F., .F.,
 ( 4, 2, 2, 2, 2, 4 ),
 ( 0.000000000000000000, 0.2500000000000007772, 0.5000000000000015543, 0.6250000000000007772, 0.7500000000000001110, 1.000000000000000000 ),
 .UNSPECIFIED. ) ;
#2605 = AXIS2_PLACEMENT_3D ( 'NONE', #490, #2801, #3631 ) ;
#2606 = AXIS2_PLACEMENT_3D ( 'NONE', #3311, #1847, #363 ) ;
#2607 = DIRECTION ( 'NONE',  ( 1.177133787269976067E-16, -1.000000000000000000, 4.613082634732096505E-17 ) ) ;
#2608 = VERTEX_POINT ( 'NONE', #1301 ) ;
#2609 = VERTEX_POINT ( 'NONE', #1050 ) ;
#2610 = CIRCLE ( 'NONE', #2988, 3.000000000000002665 ) ;
#2611 = AXIS2_PLACEMENT_3D ( 'NONE', #2678, #1199, #3585 ) ;
#2612 = DIRECTION ( 'NONE',  ( -1.000000000000000000, 0.000000000000000000, 0.000000000000000000 ) ) ;
#2613 = ORIENTED_EDGE ( 'NONE', *, *, #2481, .F. ) ;
#2614 = DIRECTION ( 'NONE',  ( 0.000000000000000000, 0.000000000000000000, 1.000000000000000000 ) ) ;
#2615 = CARTESIAN_POINT ( 'NONE',  ( 57.69054777056509664, 63.30864996279486689, 20.98000000000000043 ) ) ;
#2616 = CIRCLE ( 'NONE', #2863, 7.999999999999998224 ) ;
#2617 = CARTESIAN_POINT ( 'NONE',  ( 50.74195795959133903, 71.25852498840436056, 20.98000000000000043 ) ) ;
#2618 = CARTESIAN_POINT ( 'NONE',  ( 58.69054777056507533, 63.30864996279486689, 18.35691042095002246 ) ) ;
#2619 = CIRCLE ( 'NONE', #1276, 0.5000000000000002220 ) ;
#2620 = DIRECTION ( 'NONE',  ( -1.000000000000000000, -9.912705577010325549E-17, -0.000000000000000000 ) ) ;
#2621 = ORIENTED_EDGE ( 'NONE', *, *, #2664, .F. ) ;
#2622 = CARTESIAN_POINT ( 'NONE',  ( 55.18232464189361508, 59.23751023009852190, -2.719999999999999751 ) ) ;
#2623 = ORIENTED_EDGE ( 'NONE', *, *, #1414, .T. ) ;
#2624 = ADVANCED_FACE ( 'NONE', ( #3104 ), #2819, .F. ) ;
#2625 = CARTESIAN_POINT ( 'NONE',  ( 58.69154777056512984, 20.13054385779617306, -1.493539456592983372 ) ) ;
#2626 = EDGE_LOOP ( 'NONE', ( #938, #348, #3135, #3212 ) ) ;
#2627 = CARTESIAN_POINT ( 'NONE',  ( -2.969452229435074475, 28.93165160576893769, -2.093539456592553805 ) ) ;
#2628 = EDGE_CURVE ( 'NONE', #2266, #3542, #1936, .T. ) ;
#2629 = ORIENTED_EDGE ( 'NONE', *, *, #3319, .F. ) ;
#2630 = ORIENTED_EDGE ( 'NONE', *, *, #528, .T. ) ;
#2631 = CYLINDRICAL_SURFACE ( 'NONE', #2605, 5.280000000000001137 ) ;
#2632 = ORIENTED_EDGE ( 'NONE', *, *, #889, .F. ) ;
#2633 = CARTESIAN_POINT ( 'NONE',  ( 55.68232464189361508, 9.603415088687542678, -2.719999999999999751 ) ) ;
#2634 = CARTESIAN_POINT ( 'NONE',  ( 56.63827682790862639, 67.31228339424384899, 20.98000000000000043 ) ) ;
#2635 = LINE ( 'NONE', #1793, #943 ) ;
#2636 = CARTESIAN_POINT ( 'NONE',  ( 56.27236334567616183, 64.63511602295569958, 17.60593378890962413 ) ) ;
#2637 = DIRECTION ( 'NONE',  ( -6.991222571849442943E-15, 6.445834664451861890E-31, -1.000000000000000000 ) ) ;
#2638 = VERTEX_POINT ( 'NONE', #703 ) ;
#2639 = DIRECTION ( 'NONE',  ( -6.982962677686266711E-15, 0.000000000000000000, -1.000000000000000000 ) ) ;
#2640 = ORIENTED_EDGE ( 'NONE', *, *, #1251, .T. ) ;
#2641 = CARTESIAN_POINT ( 'NONE',  ( 53.59054777056509522, 12.94572839799501907, -4.220000000000374563 ) ) ;
#2642 = VERTEX_POINT ( 'NONE', #2778 ) ;
#2643 = CARTESIAN_POINT ( 'NONE',  ( -2.969452229435051827, 20.13054385779618016, 1.473270614191346306 ) ) ;
#2644 = ADVANCED_FACE ( 'NONE', ( #1010 ), #1343, .F. ) ;
#2645 = DIRECTION ( 'NONE',  ( 6.991222571849442154E-15, -6.445834664451861014E-31, 1.000000000000000000 ) ) ;
#2646 = EDGE_CURVE ( 'NONE', #1460, #1551, #1360, .T. ) ;
#2647 = CARTESIAN_POINT ( 'NONE',  ( 58.69054777056511085, 63.30864996279486689, 23.65499999999959257 ) ) ;
#2648 = ORIENTED_EDGE ( 'NONE', *, *, #126, .F. ) ;
#2649 = ORIENTED_EDGE ( 'NONE', *, *, #2764, .F. ) ;
#2650 = CARTESIAN_POINT ( 'NONE',  ( 41.70239533589094805, 10.04864996279486178, -4.220000000000292850 ) ) ;
#2651 = EDGE_CURVE ( 'NONE', #1405, #1824, #2457, .T. ) ;
#2652 = VERTEX_POINT ( 'NONE', #2493 ) ;
#2653 = CARTESIAN_POINT ( 'NONE',  ( -1.069452229434900037, -0.4513500372051496567, -95.90999724335667054 ) ) ;
#2654 = CARTESIAN_POINT ( 'NONE',  ( 57.64046156205943561, 64.35576404730090871, 20.98000000000000043 ) ) ;
#2655 = CARTESIAN_POINT ( 'NONE',  ( 51.51772305906774818, 71.10345062744671907, 22.28000000000000114 ) ) ;
#2656 = LINE ( 'NONE', #1754, #3162 ) ;
#2657 = CARTESIAN_POINT ( 'NONE',  ( 58.69154777056515826, 41.21098283457538969, 2.203953938914240407 ) ) ;
#2658 = VERTEX_POINT ( 'NONE', #3670 ) ;
#2659 = LINE ( 'NONE', #295, #1757 ) ;
#2660 = ORIENTED_EDGE ( 'NONE', *, *, #2885, .T. ) ;
#2661 = CYLINDRICAL_SURFACE ( 'NONE', #888, 6.999999999999999112 ) ;
#2662 = ORIENTED_EDGE ( 'NONE', *, *, #1550, .F. ) ;
#2663 = CARTESIAN_POINT ( 'NONE',  ( 0.2635320128424237796, 54.24659521884282753, -2.719999999999999751 ) ) ;
#2664 = EDGE_CURVE ( 'NONE', #270, #1664, #1419, .T. ) ;
#2665 = CIRCLE ( 'NONE', #3532, 6.000000000000004441 ) ;
#2666 = DIRECTION ( 'NONE',  ( -0.000000000000000000, -0.000000000000000000, 1.000000000000000000 ) ) ;
#2667 = ORIENTED_EDGE ( 'NONE', *, *, #122, .T. ) ;
#2668 = CIRCLE ( 'NONE', #1135, 0.5000000000000002220 ) ;
#2669 = ORIENTED_EDGE ( 'NONE', *, *, #2015, .T. ) ;
#2670 = EDGE_CURVE ( 'NONE', #2147, #22, #3159, .T. ) ;
#2671 = VECTOR ( 'NONE', #315, 1000.000000000000000 ) ;
#2672 = LINE ( 'NONE', #3803, #646 ) ;
#2673 = LINE ( 'NONE', #1255, #1201 ) ;
#2674 = VERTEX_POINT ( 'NONE', #1973 ) ;
#2675 = DIRECTION ( 'NONE',  ( -1.000000000000000000, 1.309010496964126249E-16, 6.982962677686267499E-15 ) ) ;
#2676 = CARTESIAN_POINT ( 'NONE',  ( 53.23641769548857638, 70.48522407739665141, 20.98000000000000043 ) ) ;
#2677 = DIRECTION ( 'NONE',  ( -1.000000000000000000, 1.309010496964126249E-16, 6.982962677686267499E-15 ) ) ;
#2678 = CARTESIAN_POINT ( 'NONE',  ( 1.930547770565094190, 50.37502496992322421, -4.220000000000013962 ) ) ;
#2679 = CIRCLE ( 'NONE', #150, 1.000000000000000888 ) ;
#2680 = AXIS2_PLACEMENT_3D ( 'NONE', #660, #72, #3236 ) ;
#2681 = EDGE_CURVE ( 'NONE', #556, #3202, #705, .T. ) ;
#2682 = DIRECTION ( 'NONE',  ( -0.000000000000000000, 1.000000000000000000, -0.000000000000000000 ) ) ;
#2683 = VECTOR ( 'NONE', #23, 1000.000000000000000 ) ;
#2684 = VECTOR ( 'NONE', #3491, 1000.000000000000000 ) ;
#2685 = ORIENTED_EDGE ( 'NONE', *, *, #3704, .F. ) ;
#2686 = CARTESIAN_POINT ( 'NONE',  ( 11.19436216970090392, 54.30864996279486689, 22.28100000000035408 ) ) ;
#2687 = ORIENTED_EDGE ( 'NONE', *, *, #1307, .F. ) ;
#2688 = CARTESIAN_POINT ( 'NONE',  ( 43.19436216970071030, 28.70864996162470817, -5.220000000000301732 ) ) ;
#2689 = CIRCLE ( 'NONE', #3234, 1.976629218758614304 ) ;
#2690 = ORIENTED_EDGE ( 'NONE', *, *, #2481, .T. ) ;
#2691 = DIRECTION ( 'NONE',  ( -1.000000000000000000, 9.219896231606733138E-17, 6.982962677686268288E-15 ) ) ;
#2692 = LINE ( 'NONE', #52, #1070 ) ;
#2693 = ORIENTED_EDGE ( 'NONE', *, *, #2211, .T. ) ;
#2694 = EDGE_LOOP ( 'NONE', ( #2348, #1480, #1243, #1743 ) ) ;
#2695 = CARTESIAN_POINT ( 'NONE',  ( 58.69054777056510375, -2.951350037205148880, 20.98000000000000043 ) ) ;
#2696 = LINE ( 'NONE', #2334, #220 ) ;
#2697 = EDGE_CURVE ( 'NONE', #2608, #1932, #2794, .T. ) ;
#2698 = DIRECTION ( 'NONE',  ( -6.991222571849442943E-15, 6.445834664451861890E-31, -1.000000000000000000 ) ) ;
#2699 = FACE_OUTER_BOUND ( 'NONE', #1787, .T. ) ;
#2700 = VERTEX_POINT ( 'NONE', #560 ) ;
#2701 = CYLINDRICAL_SURFACE ( 'NONE', #654, 0.5000000000000004441 ) ;
#2702 = EDGE_CURVE ( 'NONE', #626, #1632, #2013, .T. ) ;
#2703 = ORIENTED_EDGE ( 'NONE', *, *, #1006, .T. ) ;
#2704 = DIRECTION ( 'NONE',  ( -6.982962677686267499E-15, 0.000000000000000000, -1.000000000000000000 ) ) ;
#2705 = ORIENTED_EDGE ( 'NONE', *, *, #1733, .T. ) ;
#2706 = CARTESIAN_POINT ( 'NONE',  ( -0.6078006447459081141, 4.048649962794844903, 13.86000000000001187 ) ) ;
#2707 = DIRECTION ( 'NONE',  ( 0.000000000000000000, -1.000000000000000000, 0.000000000000000000 ) ) ;
#2708 = ORIENTED_EDGE ( 'NONE', *, *, #3244, .T. ) ;
#2709 = ORIENTED_EDGE ( 'NONE', *, *, #2225, .T. ) ;
#2710 = FACE_OUTER_BOUND ( 'NONE', #2694, .T. ) ;
#2711 = ORIENTED_EDGE ( 'NONE', *, *, #672, .T. ) ;
#2712 = CARTESIAN_POINT ( 'NONE',  ( 14.68632900351048143, 10.04864996279486178, -5.220000000000101892 ) ) ;
#2713 = EDGE_CURVE ( 'NONE', #1910, #3202, #3218, .T. ) ;
#2714 = DIRECTION ( 'NONE',  ( -0.000000000000000000, -0.000000000000000000, 1.000000000000000000 ) ) ;
#2715 = ORIENTED_EDGE ( 'NONE', *, *, #788, .F. ) ;
#2716 = DIRECTION ( 'NONE',  ( -6.991222571849442943E-15, 6.445834664451861890E-31, -1.000000000000000000 ) ) ;
#2717 = CARTESIAN_POINT ( 'NONE',  ( -1.069452229434893153, 53.59604800156340332, 2.203953938914656518 ) ) ;
#2718 = CYLINDRICAL_SURFACE ( 'NONE', #25, 3.000000000000002665 ) ;
#2719 = EDGE_CURVE ( 'NONE', #2218, #1946, #3140, .T. ) ;
#2720 = DIRECTION ( 'NONE',  ( -1.485878661455921679E-16, 1.473752743977875819E-16, 1.000000000000000000 ) ) ;
#2721 = ORIENTED_EDGE ( 'NONE', *, *, #741, .T. ) ;
#2722 = DIRECTION ( 'NONE',  ( -1.000000000000000000, 0.000000000000000000, 0.000000000000000000 ) ) ;
#2723 = DIRECTION ( 'NONE',  ( 9.875726538627338513E-17, -1.000000000000000000, 0.000000000000000000 ) ) ;
#2724 = EDGE_CURVE ( 'NONE', #259, #913, #3757, .T. ) ;
#2725 = ORIENTED_EDGE ( 'NONE', *, *, #2061, .T. ) ;
#2726 = VECTOR ( 'NONE', #2607, 1000.000000000000000 ) ;
#2727 = DIRECTION ( 'NONE',  ( -1.000000000000000000, 0.000000000000000000, 0.000000000000000000 ) ) ;
#2728 = PRODUCT_CONTEXT ( 'NONE', #2086, 'mechanical' ) ;
#2729 = CARTESIAN_POINT ( 'NONE',  ( 41.70239533589104042, 10.04864996279486533, -4.220000000000292850 ) ) ;
#2730 = CIRCLE ( 'NONE', #2256, 0.5999999999999998668 ) ;
#2731 = AXIS2_PLACEMENT_3D ( 'NONE', #1553, #1336, #2723 ) ;
#2732 = CARTESIAN_POINT ( 'NONE',  ( 49.80302184248399300, 58.11254530507635963, 4.508361965348512967 ) ) ;
#2733 = VERTEX_POINT ( 'NONE', #3722 ) ;
#2734 = CARTESIAN_POINT ( 'NONE',  ( 41.70239533589094805, 13.44864996279486213, -4.220000000000292850 ) ) ;
#2735 = AXIS2_PLACEMENT_3D ( 'NONE', #2301, #3199, #1722 ) ;
#2736 = CARTESIAN_POINT ( 'NONE',  ( 58.69054777056503980, 63.30864996279486689, 13.57166666666624089 ) ) ;
#2737 = CARTESIAN_POINT ( 'NONE',  ( -2.964761253061687807, 3.759829544465842055, 13.83113785651397976 ) ) ;
#2738 = AXIS2_PLACEMENT_3D ( 'NONE', #1720, #2296, #2888 ) ;
#2739 = AXIS2_PLACEMENT_3D ( 'NONE', #1689, #452, #1009 ) ;
#2740 = DIRECTION ( 'NONE',  ( 1.000000000000000000, 0.000000000000000000, -6.991222571849442154E-15 ) ) ;
#2741 = ORIENTED_EDGE ( 'NONE', *, *, #3703, .F. ) ;
#2742 = CARTESIAN_POINT ( 'NONE',  ( 55.38349937456096939, 59.63838859020739136, -2.719999999999999751 ) ) ;
#2743 = AXIS2_PLACEMENT_3D ( 'NONE', #2590, #186, #3487 ) ;
#2744 = EDGE_CURVE ( 'NONE', #1230, #747, #3496, .T. ) ;
#2745 = AXIS2_PLACEMENT_3D ( 'NONE', #1872, #3654, #3374 ) ;
#2746 = LINE ( 'NONE', #702, #1086 ) ;
#2747 = DIRECTION ( 'NONE',  ( 1.000000000000000000, 0.000000000000000000, 0.000000000000000000 ) ) ;
#2748 = EDGE_CURVE ( 'NONE', #3481, #2365, #460, .T. ) ;
#2749 = ORIENTED_EDGE ( 'NONE', *, *, #1590, .F. ) ;
#2750 = FACE_OUTER_BOUND ( 'NONE', #3468, .T. ) ;
#2751 = VERTEX_POINT ( 'NONE', #1766 ) ;
#2752 = CARTESIAN_POINT ( 'NONE',  ( 0.2635320128424245012, 15.41868555753940484, -2.719999999999999751 ) ) ;
#2753 = CARTESIAN_POINT ( 'NONE',  ( -5.528395281464856481, 50.16776721078237955, 6.030000000000041105 ) ) ;
#2754 = EDGE_LOOP ( 'NONE', ( #2966, #854, #2623, #486 ) ) ;
#2755 = DIRECTION ( 'NONE',  ( 0.7042037807614112133, 0.7099979120823766143, 0.000000000000000000 ) ) ;
#2756 = B_SPLINE_CURVE_WITH_KNOTS ( 'NONE', 3,
 ( #1259, #2435, #2046, #3213 ),
 .UNSPECIFIED., .F., .F.,
 ( 4, 4 ),
 ( 0.000000000000000000, 0.002269137071938467833 ),
 .UNSPECIFIED. ) ;
#2757 = ORIENTED_EDGE ( 'NONE', *, *, #828, .T. ) ;
#2758 = DIRECTION ( 'NONE',  ( -6.982962677686266711E-15, 0.000000000000000000, -1.000000000000000000 ) ) ;
#2759 = ORIENTED_EDGE ( 'NONE', *, *, #600, .T. ) ;
#2760 = LINE ( 'NONE', #3699, #3661 ) ;
#2761 = EDGE_CURVE ( 'NONE', #2109, #1531, #3741, .T. ) ;
#2762 = CYLINDRICAL_SURFACE ( 'NONE', #1690, 0.5999999999999999778 ) ;
#2763 = ORIENTED_EDGE ( 'NONE', *, *, #2697, .T. ) ;
#2764 = EDGE_CURVE ( 'NONE', #2490, #2774, #1059, .T. ) ;
#2765 = DIRECTION ( 'NONE',  ( 1.000000000000000000, -4.999139451359751052E-48, -6.991222571849442154E-15 ) ) ;
#2766 = ORIENTED_EDGE ( 'NONE', *, *, #965, .T. ) ;
#2767 =( NAMED_UNIT ( * ) PLANE_ANGLE_UNIT ( ) SI_UNIT ( $, .RADIAN. ) );
#2768 = DIRECTION ( 'NONE',  ( 0.000000000000000000, 0.000000000000000000, 1.000000000000000000 ) ) ;
#2769 = EDGE_CURVE ( 'NONE', #2189, #2109, #764, .T. ) ;
#2770 = DIRECTION ( 'NONE',  ( 6.991222571849442154E-15, -6.445834664451861014E-31, 1.000000000000000000 ) ) ;
#2771 = ORIENTED_EDGE ( 'NONE', *, *, #3295, .T. ) ;
#2772 = CARTESIAN_POINT ( 'NONE',  ( -2.969452229435075363, 19.53054385779617874, -2.093539456592552472 ) ) ;
#2773 = ORIENTED_EDGE ( 'NONE', *, *, #1377, .T. ) ;
#2774 = VERTEX_POINT ( 'NONE', #1094 ) ;
#2775 = CARTESIAN_POINT ( 'NONE',  ( 56.59054777056510233, 10.63957987723296306, -2.719999999999999751 ) ) ;
#2776 = ORIENTED_EDGE ( 'NONE', *, *, #1665, .T. ) ;
#2777 = CARTESIAN_POINT ( 'NONE',  ( 57.69054777056509664, 4.048649962794852009, 22.28000000000000114 ) ) ;
#2778 = CARTESIAN_POINT ( 'NONE',  ( 11.19436216970071030, 30.70864996162471527, -5.220000000000077911 ) ) ;
#2779 = EDGE_CURVE ( 'NONE', #2674, #3186, #2191, .T. ) ;
#2780 = CARTESIAN_POINT ( 'NONE',  ( -1.069452229434902257, 19.39345026444224374, -4.219999999999999751 ) ) ;
#2781 = ORIENTED_EDGE ( 'NONE', *, *, #3775, .T. ) ;
#2782 = CARTESIAN_POINT ( 'NONE',  ( 0.4856960532219778970, 53.28493077553747526, -2.719999999999999751 ) ) ;
#2783 = CARTESIAN_POINT ( 'NONE',  ( 49.59054777056509522, -0.4513500372051434950, 22.28000000000000114 ) ) ;
#2784 = EDGE_CURVE ( 'NONE', #45, #3021, #2049, .T. ) ;
#2785 = AXIS2_PLACEMENT_3D ( 'NONE', #3523, #3207, #2060 ) ;
#2786 = DIRECTION ( 'NONE',  ( 0.000000000000000000, 0.000000000000000000, 1.000000000000000000 ) ) ;
#2787 = ORIENTED_EDGE ( 'NONE', *, *, #1633, .T. ) ;
#2788 = LINE ( 'NONE', #1310, #2555 ) ;
#2789 = DIRECTION ( 'NONE',  ( 0.000000000000000000, -1.000000000000000000, 0.000000000000000000 ) ) ;
#2790 = ORIENTED_EDGE ( 'NONE', *, *, #3244, .F. ) ;
#2791 = CARTESIAN_POINT ( 'NONE',  ( -2.948695697936941862, 3.493738999261330136, 13.72063903952077446 ) ) ;
#2792 = EDGE_CURVE ( 'NONE', #1026, #1309, #1111, .T. ) ;
#2793 = AXIS2_PLACEMENT_3D ( 'NONE', #2285, #834, #507 ) ;
#2794 = CIRCLE ( 'NONE', #3293, 6.999999999999999112 ) ;
#2795 = AXIS2_PLACEMENT_3D ( 'NONE', #2238, #1876, #3358 ) ;
#2796 = ORIENTED_EDGE ( 'NONE', *, *, #3120, .T. ) ;
#2797 = LINE ( 'NONE', #777, #1450 ) ;
#2798 = ORIENTED_EDGE ( 'NONE', *, *, #1917, .F. ) ;
#2799 = AXIS2_PLACEMENT_3D ( 'NONE', #2281, #3153, #1417 ) ;
#2800 = AXIS2_PLACEMENT_3D ( 'NONE', #59, #1240, #3569 ) ;
#2801 = DIRECTION ( 'NONE',  ( 0.000000000000000000, -1.000000000000000000, 0.000000000000000000 ) ) ;
#2802 = AXIS2_PLACEMENT_3D ( 'NONE', #1228, #1778, #2383 ) ;
#2803 = CIRCLE ( 'NONE', #3164, 6.999999999999999112 ) ;
#2804 = VECTOR ( 'NONE', #1858, 1000.000000000000000 ) ;
#2805 = DIRECTION ( 'NONE',  ( 1.000000000000000000, 1.177133787269976067E-16, 0.000000000000000000 ) ) ;
#2806 = CARTESIAN_POINT ( 'NONE',  ( 57.09054777056508811, 50.14276721078237387, 2.199999999999607603 ) ) ;
#2807 = DIRECTION ( 'NONE',  ( -0.000000000000000000, -0.000000000000000000, -1.000000000000000000 ) ) ;
#2808 = EDGE_CURVE ( 'NONE', #1910, #2416, #2874, .T. ) ;
#2809 = ORIENTED_EDGE ( 'NONE', *, *, #1078, .F. ) ;
#2810 = CARTESIAN_POINT ( 'NONE',  ( 16.19436216970071030, 54.30864996279485979, -5.220000000000112550 ) ) ;
#2811 = CARTESIAN_POINT ( 'NONE',  ( -0.8972355938970556499, 5.004366993806321773, 12.19591124222888467 ) ) ;
#2812 = CARTESIAN_POINT ( 'NONE',  ( -2.969452229435045165, 28.33165160576893626, 2.073270614191345729 ) ) ;
#2813 = FACE_OUTER_BOUND ( 'NONE', #1032, .T. ) ;
#2814 = ADVANCED_FACE ( 'NONE', ( #219 ), #2567, .F. ) ;
#2815 = VERTEX_POINT ( 'NONE', #251 ) ;
#2816 = CARTESIAN_POINT ( 'NONE',  ( -2.969452229435040724, 53.59604800156340332, 2.203953938914669841 ) ) ;
#2817 = EDGE_LOOP ( 'NONE', ( #899, #2725, #118, #185 ) ) ;
#2818 = CARTESIAN_POINT ( 'NONE',  ( 58.69054777056490479, 63.30864996279486689, -5.220000000000410090 ) ) ;
#2819 = CYLINDRICAL_SURFACE ( 'NONE', #1996, 1.500000000000004885 ) ;
#2820 = DIRECTION ( 'NONE',  ( -0.000000000000000000, -0.000000000000000000, -1.000000000000000000 ) ) ;
#2821 = ORIENTED_EDGE ( 'NONE', *, *, #325, .T. ) ;
#2822 = DIRECTION ( 'NONE',  ( -0.000000000000000000, -0.000000000000000000, -1.000000000000000000 ) ) ;
#2823 = B_SPLINE_CURVE_WITH_KNOTS ( 'NONE', 3,
 ( #1406, #1114, #1669, #2570 ),
 .UNSPECIFIED., .F., .F.,
 ( 4, 4 ),
 ( 0.04727272727271461528, 0.1790114509293808109 ),
 .UNSPECIFIED. ) ;
#2824 = CARTESIAN_POINT ( 'NONE',  ( 40.19436216970090925, 59.30864996279485979, 22.28100000000015157 ) ) ;
#2825 = ORIENTED_EDGE ( 'NONE', *, *, #2830, .T. ) ;
#2826 = LINE ( 'NONE', #1729, #3668 ) ;
#2827 = CARTESIAN_POINT ( 'NONE',  ( 57.09054777056508811, 51.14276721078237387, 17.19999999999961204 ) ) ;
#2828 = CARTESIAN_POINT ( 'NONE',  ( -1.969452229434905499, 65.30864996279485979, 22.28000000000000114 ) ) ;
#2829 = DIRECTION ( 'NONE',  ( 0.000000000000000000, -1.000000000000000000, 0.000000000000000000 ) ) ;
#2830 = EDGE_CURVE ( 'NONE', #232, #3673, #1076, .T. ) ;
#2831 = CYLINDRICAL_SURFACE ( 'NONE', #2924, 0.5000000000000002220 ) ;
#2832 = ORIENTED_EDGE ( 'NONE', *, *, #4, .T. ) ;
#2833 = LINE ( 'NONE', #1953, #3043 ) ;
#2834 = VERTEX_POINT ( 'NONE', #1267 ) ;
#2835 = ADVANCED_FACE ( 'NONE', ( #2969, #3535, #1474 ), #80, .F. ) ;
#2836 = CARTESIAN_POINT ( 'NONE',  ( 57.69054777056509664, 4.048649962794852009, 20.98000000000000043 ) ) ;
#2837 = CARTESIAN_POINT ( 'NONE',  ( 14.68632900351067327, 13.44864996279486213, 22.28100000000032921 ) ) ;
#2838 = DIRECTION ( 'NONE',  ( 1.000000000000000000, 0.000000000000000000, -6.938893903907228378E-15 ) ) ;
#2839 = EDGE_CURVE ( 'NONE', #2609, #3326, #683, .T. ) ;
#2840 = CARTESIAN_POINT ( 'NONE',  ( 5.078611974528060458, 69.50642317788366142, 14.85572282959870449 ) ) ;
#2841 = ORIENTED_EDGE ( 'NONE', *, *, #1229, .T. ) ;
#2842 = DIRECTION ( 'NONE',  ( 1.000000000000000000, -9.219896231606733138E-17, 0.000000000000000000 ) ) ;
#2843 = ORIENTED_EDGE ( 'NONE', *, *, #3181, .F. ) ;
#2844 = CYLINDRICAL_SURFACE ( 'NONE', #2196, 1.500000000000004885 ) ;
#2845 = CARTESIAN_POINT ( 'NONE',  ( 57.64046156205943561, 64.35576404730090871, 22.28000000000000114 ) ) ;
#2846 = CARTESIAN_POINT ( 'NONE',  ( 55.68232464189361508, 59.23751023009852190, -2.719999999999999751 ) ) ;
#2847 = VECTOR ( 'NONE', #3023, 1000.000000000000000 ) ;
#2848 = CARTESIAN_POINT ( 'NONE',  ( 45.19436216970071030, 54.30864996279486689, -5.220000000000315943 ) ) ;
#2849 = ORIENTED_EDGE ( 'NONE', *, *, #437, .F. ) ;
#2850 = DIRECTION ( 'NONE',  ( 0.000000000000000000, -1.000000000000000000, 0.000000000000000000 ) ) ;
#2851 = ORIENTED_EDGE ( 'NONE', *, *, #1028, .F. ) ;
#2852 = AXIS2_PLACEMENT_3D ( 'NONE', #140, #1920, #1015 ) ;
#2853 = CIRCLE ( 'NONE', #1569, 2.000000000000001776 ) ;
#2854 = CARTESIAN_POINT ( 'NONE',  ( 0.2635320128424242236, 16.89924528820145611, -2.719999999999999751 ) ) ;
#2855 = DIRECTION ( 'NONE',  ( 1.000000000000000000, -0.000000000000000000, -6.998978184134891269E-15 ) ) ;
#2856 = ADVANCED_FACE ( 'NONE', ( #3327 ), #2137, .F. ) ;
#2857 = VECTOR ( 'NONE', #2326, 1000.000000000000000 ) ;
#2858 = AXIS2_PLACEMENT_3D ( 'NONE', #292, #969, #1794 ) ;
#2859 = VECTOR ( 'NONE', #1783, 1000.000000000000000 ) ;
#2860 = VECTOR ( 'NONE', #136, 1000.000000000000000 ) ;
#2861 = EDGE_CURVE ( 'NONE', #384, #541, #2610, .T. ) ;
#2862 = ORIENTED_EDGE ( 'NONE', *, *, #2095, .F. ) ;
#2863 = AXIS2_PLACEMENT_3D ( 'NONE', #732, #986, #2219 ) ;
#2864 = LINE ( 'NONE', #2272, #84 ) ;
#2865 = ORIENTED_EDGE ( 'NONE', *, *, #2168, .F. ) ;
#2866 = CARTESIAN_POINT ( 'NONE',  ( -1.069452229434908253, 69.54864996279485467, 22.28000000000000114 ) ) ;
#2867 = CARTESIAN_POINT ( 'NONE',  ( -2.969452229434910606, 65.30864996279485979, 20.98000000000000043 ) ) ;
#2868 = CARTESIAN_POINT ( 'NONE',  ( 42.98487433577309957, 72.30864996279485979, 11.05714787712906322 ) ) ;
#2869 = LINE ( 'NONE', #189, #3610 ) ;
#2870 = LINE ( 'NONE', #500, #2005 ) ;
#2871 = ORIENTED_EDGE ( 'NONE', *, *, #1051, .F. ) ;
#2872 = DIRECTION ( 'NONE',  ( -6.991222571849442154E-15, 6.445834664451861014E-31, -1.000000000000000000 ) ) ;
#2873 = ORIENTED_EDGE ( 'NONE', *, *, #1477, .T. ) ;
#2874 = LINE ( 'NONE', #277, #272 ) ;
#2875 = EDGE_CURVE ( 'NONE', #131, #169, #2124, .T. ) ;
#2876 = CARTESIAN_POINT ( 'NONE',  ( 4.050174338705541999, 69.29328211667139215, 13.80957399958528065 ) ) ;
#2877 = ORIENTED_EDGE ( 'NONE', *, *, #1647, .F. ) ;
#2878 = EDGE_CURVE ( 'NONE', #3603, #1975, #661, .T. ) ;
#2879 = CARTESIAN_POINT ( 'NONE',  ( 51.69054777056510375, 4.048649962794851120, 20.98000000000000043 ) ) ;
#2880 = ORIENTED_EDGE ( 'NONE', *, *, #2393, .F. ) ;
#2881 = DIRECTION ( 'NONE',  ( -6.982962677686266711E-15, 0.000000000000000000, -1.000000000000000000 ) ) ;
#2882 = DIRECTION ( 'NONE',  ( -1.000000000000000000, -9.875726538627338513E-17, -0.000000000000000000 ) ) ;
#2883 = CARTESIAN_POINT ( 'NONE',  ( -0.8248648043463552293, 4.711289933746099834, 13.64987350130043531 ) ) ;
#2884 = CARTESIAN_POINT ( 'NONE',  ( 41.70239533589113989, 16.84864996279486249, 22.28100000000014091 ) ) ;
#2885 = EDGE_CURVE ( 'NONE', #304, #141, #1864, .T. ) ;
#2886 = FACE_OUTER_BOUND ( 'NONE', #3283, .T. ) ;
#2887 = VERTEX_POINT ( 'NONE', #1212 ) ;
#2888 = DIRECTION ( 'NONE',  ( 0.000000000000000000, 0.000000000000000000, -1.000000000000000000 ) ) ;
#2889 = ORIENTED_EDGE ( 'NONE', *, *, #2971, .F. ) ;
#2890 = CARTESIAN_POINT ( 'NONE',  ( 49.59054777056508811, 69.54864996279485467, 22.27999999999960679 ) ) ;
#2891 = CARTESIAN_POINT ( 'NONE',  ( 2.979811201842680113, 68.89633881144426653, 10.86112350719650266 ) ) ;
#2892 = ORIENTED_EDGE ( 'NONE', *, *, #3434, .T. ) ;
#2893 = EDGE_CURVE ( 'NONE', #913, #1761, #1018, .T. ) ;
#2894 = ORIENTED_EDGE ( 'NONE', *, *, #1544, .T. ) ;
#2895 = LINE ( 'NONE', #2650, #1818 ) ;
#2896 = ORIENTED_EDGE ( 'NONE', *, *, #1143, .F. ) ;
#2897 = DIRECTION ( 'NONE',  ( 6.982962677686267499E-15, 0.000000000000000000, 1.000000000000000000 ) ) ;
#2898 = CARTESIAN_POINT ( 'NONE',  ( 41.70239533589113989, 10.04864996279486178, 22.28100000000014091 ) ) ;
#2899 = EDGE_CURVE ( 'NONE', #3026, #135, #2361, .T. ) ;
#2900 = CARTESIAN_POINT ( 'NONE',  ( 52.27403242037695463, 70.88511561710275544, 22.28000000000000114 ) ) ;
#2901 = CARTESIAN_POINT ( 'NONE',  ( 58.69054777056509664, 63.30864996279486689, 20.98000000000000043 ) ) ;
#2902 = CARTESIAN_POINT ( 'NONE',  ( 26.43000000000000327, 73.16365341904581499, 10.50000000000000000 ) ) ;
#2903 = ORIENTED_EDGE ( 'NONE', *, *, #3020, .T. ) ;
#2904 = CARTESIAN_POINT ( 'NONE',  ( 13.19436216970090570, 30.70864996162471527, 22.28100000000033987 ) ) ;
#2905 = EDGE_CURVE ( 'NONE', #365, #2158, #2996, .T. ) ;
#2906 = ORIENTED_EDGE ( 'NONE', *, *, #3025, .F. ) ;
#2907 = EDGE_LOOP ( 'NONE', ( #2391, #360, #3511, #549, #962 ) ) ;
#2908 = DIRECTION ( 'NONE',  ( 1.000000000000000000, -0.000000000000000000, -6.982962677686267499E-15 ) ) ;
#2909 = AXIS2_PLACEMENT_3D ( 'NONE', #2641, #931, #3282 ) ;
#2910 = CIRCLE ( 'NONE', #1446, 0.6000000000000015321 ) ;
#2911 = AXIS2_PLACEMENT_3D ( 'NONE', #2414, #880, #310 ) ;
#2912 = CARTESIAN_POINT ( 'NONE',  ( 4.035426599803603409, 69.29267417397042550, 7.408145393112586241 ) ) ;
#2913 = ORIENTED_EDGE ( 'NONE', *, *, #2769, .F. ) ;
#2914 = VERTEX_POINT ( 'NONE', #3560 ) ;
#2915 = VECTOR ( 'NONE', #2129, 1000.000000000000000 ) ;
#2916 = VECTOR ( 'NONE', #3795, 1000.000000000000000 ) ;
#2917 = FACE_OUTER_BOUND ( 'NONE', #3629, .T. ) ;
#2918 = VERTEX_POINT ( 'NONE', #3246 ) ;
#2919 = LINE ( 'NONE', #1239, #1579 ) ;
#2920 = CARTESIAN_POINT ( 'NONE',  ( 54.97719632453588900, 69.33633702693228429, 22.27999999999962100 ) ) ;
#2921 = CIRCLE ( 'NONE', #355, 3.000000000000002665 ) ;
#2922 = CARTESIAN_POINT ( 'NONE',  ( 57.69054777056509664, 63.30864996279486689, 22.28000000000000114 ) ) ;
#2923 = DIRECTION ( 'NONE',  ( 1.000000000000000000, 1.819894540470842339E-17, 0.000000000000000000 ) ) ;
#2924 = AXIS2_PLACEMENT_3D ( 'NONE', #2539, #555, #791 ) ;
#2925 = EDGE_CURVE ( 'NONE', #1761, #3530, #917, .T. ) ;
#2926 = CARTESIAN_POINT ( 'NONE',  ( 26.43000000000000327, 72.30864996279485979, 18.50000000000000000 ) ) ;
#2927 = ORIENTED_EDGE ( 'NONE', *, *, #3798, .F. ) ;
#2928 = LINE ( 'NONE', #2686, #1575 ) ;
#2929 = ORIENTED_EDGE ( 'NONE', *, *, #1834, .T. ) ;
#2930 = EDGE_CURVE ( 'NONE', #3316, #3499, #3265, .T. ) ;
#2931 = EDGE_LOOP ( 'NONE', ( #1513, #3087, #1424, #1109, #3441, #3002 ) ) ;
#2932 = DIRECTION ( 'NONE',  ( -1.000000000000000000, -9.875726538627338513E-17, -0.000000000000000000 ) ) ;
#2933 = ADVANCED_FACE ( 'NONE', ( #3397 ), #418, .F. ) ;
#2934 = CARTESIAN_POINT ( 'NONE',  ( 58.69054777056489058, 72.30864996279485979, 3.488333333332918063 ) ) ;
#2935 = ORIENTED_EDGE ( 'NONE', *, *, #2719, .T. ) ;
#2936 = ORIENTED_EDGE ( 'NONE', *, *, #1924, .T. ) ;
#2937 = CARTESIAN_POINT ( 'NONE',  ( -2.969452229435093571, 65.30864996279485979, -5.219999999999979323 ) ) ;
#2938 = ORIENTED_EDGE ( 'NONE', *, *, #3331, .F. ) ;
#2939 = CARTESIAN_POINT ( 'NONE',  ( -5.528395281464856481, 52.11776721078237529, 6.030000000000041993 ) ) ;
#2940 = CARTESIAN_POINT ( 'NONE',  ( 53.00042745216367024, 70.59646562623015598, 20.98000000000000043 ) ) ;
#2941 = FACE_OUTER_BOUND ( 'NONE', #1648, .T. ) ;
#2942 = CARTESIAN_POINT ( 'NONE',  ( -1.069452229434908253, 69.54864996279485467, -4.219999999999987317 ) ) ;
#2943 = CARTESIAN_POINT ( 'NONE',  ( 56.59054777056509522, 62.04365875086057969, -2.719999999999999751 ) ) ;
#2944 = ORIENTED_EDGE ( 'NONE', *, *, #3655, .F. ) ;
#2945 = CARTESIAN_POINT ( 'NONE',  ( 43.19436216970090925, 28.70864996162470817, 22.28100000000013026 ) ) ;
#2946 = VERTEX_POINT ( 'NONE', #1571 ) ;
#2947 = CARTESIAN_POINT ( 'NONE',  ( 55.68232464189361508, 10.13957987723296306, -2.719999999999999751 ) ) ;
#2948 = EDGE_CURVE ( 'NONE', #3756, #2751, #2209, .T. ) ;
#2949 = ORIENTED_EDGE ( 'NONE', *, *, #648, .F. ) ;
#2950 = CARTESIAN_POINT ( 'NONE',  ( -0.09191984408306724808, 2.980105594282333570, 13.06034125406240420 ) ) ;
#2951 = ADVANCED_FACE ( 'NONE', ( #2488, #1046, #176 ), #721, .F. ) ;
#2952 = DIRECTION ( 'NONE',  ( 1.000000000000000000, 0.000000000000000000, 0.000000000000000000 ) ) ;
#2953 = VERTEX_POINT ( 'NONE', #2470 ) ;
#2954 = ADVANCED_FACE ( 'NONE', ( #1356 ), #3079, .F. ) ;
#2955 = VERTEX_POINT ( 'NONE', #752 ) ;
#2956 = LINE ( 'NONE', #613, #3038 ) ;
#2957 = PLANE ( 'NONE',  #3096 ) ;
#2958 = ORIENTED_EDGE ( 'NONE', *, *, #275, .F. ) ;
#2959 = CARTESIAN_POINT ( 'NONE',  ( 8.259691434521279518, 72.30864996279485979, 10.61308499999999988 ) ) ;
#2960 = CARTESIAN_POINT ( 'NONE',  ( 52.27403242037695463, 70.88511561710275544, 20.98000000000000043 ) ) ;
#2961 = DIRECTION ( 'NONE',  ( 0.000000000000000000, -1.000000000000000000, 0.000000000000000000 ) ) ;
#2962 = DIRECTION ( 'NONE',  ( 1.000000000000000000, -1.286039213455468075E-47, -6.991222571849442154E-15 ) ) ;
#2963 = CARTESIAN_POINT ( 'NONE',  ( 8.259691434521279518, 71.14864996279486320, 10.61308479999999932 ) ) ;
#2964 = ORIENTED_EDGE ( 'NONE', *, *, #3624, .T. ) ;
#2965 = CARTESIAN_POINT ( 'NONE',  ( 58.69054777056499006, 52.71776721078237671, 6.629999999999594884 ) ) ;
#2966 = ORIENTED_EDGE ( 'NONE', *, *, #810, .T. ) ;
#2967 = CARTESIAN_POINT ( 'NONE',  ( -1.069452229434907364, 62.54864996279485467, -4.219999999999987317 ) ) ;
#2968 = ORIENTED_EDGE ( 'NONE', *, *, #1407, .F. ) ;
#2969 = FACE_BOUND ( 'NONE', #3179, .T. ) ;
#2970 = CARTESIAN_POINT ( 'NONE',  ( 49.69054777056511085, 71.30864996279485979, 22.28000000000000114 ) ) ;
#2971 = EDGE_CURVE ( 'NONE', #365, #792, #2525, .T. ) ;
#2972 = CARTESIAN_POINT ( 'NONE',  ( 49.69054777056508954, 72.30864996279487400, 17.35718509944166499 ) ) ;
#2973 = EDGE_LOOP ( 'NONE', ( #1786, #3800, #1216, #107 ) ) ;
#2974 = AXIS2_PLACEMENT_3D ( 'NONE', #3565, #3605, #922 ) ;
#2975 = ORIENTED_EDGE ( 'NONE', *, *, #1705, .T. ) ;
#2976 = CIRCLE ( 'NONE', #1264, 6.999999999999999112 ) ;
#2977 = EDGE_CURVE ( 'NONE', #2365, #2218, #1883, .T. ) ;
#2978 = VECTOR ( 'NONE', #749, 1000.000000000000000 ) ;
#2979 = CYLINDRICAL_SURFACE ( 'NONE', #1385, 2.000000001170142205 ) ;
#2980 = CARTESIAN_POINT ( 'NONE',  ( 58.69054777056510375, -2.951350037205148880, 22.27999999999959257 ) ) ;
#2981 = ORIENTED_EDGE ( 'NONE', *, *, #910, .F. ) ;
#2982 = DIRECTION ( 'NONE',  ( -0.000000000000000000, -1.000000000000000000, -0.000000000000000000 ) ) ;
#2983 = CARTESIAN_POINT ( 'NONE',  ( 1.930547770565097743, 19.39345026444224374, -2.719999999999999751 ) ) ;
#2984 = CARTESIAN_POINT ( 'NONE',  ( 56.27236334567616183, 64.63511602295569958, 4.508361965348512967 ) ) ;
#2985 = VECTOR ( 'NONE', #2268, 1000.000000000000000 ) ;
#2986 = CIRCLE ( 'NONE', #2858, 1.976629218758614748 ) ;
#2987 = CARTESIAN_POINT ( 'NONE',  ( 0.2635320128424245012, 16.89924528820145611, -2.719999999999999751 ) ) ;
#2988 = AXIS2_PLACEMENT_3D ( 'NONE', #2075, #3579, #2722 ) ;
#2989 = VECTOR ( 'NONE', #2185, 1000.000000000000000 ) ;
#2990 = ORIENTED_EDGE ( 'NONE', *, *, #2070, .T. ) ;
#2991 = CARTESIAN_POINT ( 'NONE',  ( 1.930547770565093302, 56.74080019508361517, -2.719999999999999751 ) ) ;
#2992 = ORIENTED_EDGE ( 'NONE', *, *, #3744, .T. ) ;
#2993 = FACE_OUTER_BOUND ( 'NONE', #1896, .T. ) ;
#2994 = VECTOR ( 'NONE', #1979, 1000.000000000000000 ) ;
#2995 = ORIENTED_EDGE ( 'NONE', *, *, #2298, .T. ) ;
#2996 = LINE ( 'NONE', #366, #710 ) ;
#2997 = DIRECTION ( 'NONE',  ( -1.000000000000000000, -9.912705577010325549E-17, -0.000000000000000000 ) ) ;
#2998 = CARTESIAN_POINT ( 'NONE',  ( 49.69054777056510375, 72.30864996279485979, 23.65499999999965652 ) ) ;
#2999 = ORIENTED_EDGE ( 'NONE', *, *, #223, .F. ) ;
#3000 = ORIENTED_EDGE ( 'NONE', *, *, #1566, .T. ) ;
#3001 = EDGE_CURVE ( 'NONE', #1796, #2553, #2760, .T. ) ;
#3002 = ORIENTED_EDGE ( 'NONE', *, *, #3331, .T. ) ;
#3003 = CARTESIAN_POINT ( 'NONE',  ( -1.069452229434908253, 69.54864996279485467, -4.219999999999987317 ) ) ;
#3004 = DIRECTION ( 'NONE',  ( 0.000000000000000000, 0.000000000000000000, 1.000000000000000000 ) ) ;
#3005 = ADVANCED_FACE ( 'NONE', ( #3100, #2242 ), #3645, .F. ) ;
#3006 = DIRECTION ( 'NONE',  ( -0.000000000000000000, -0.000000000000000000, -1.000000000000000000 ) ) ;
#3007 = ORIENTED_EDGE ( 'NONE', *, *, #3068, .F. ) ;
#3008 = CARTESIAN_POINT ( 'NONE',  ( 58.11023086179196895, 66.48810536322217501, 4.508361965348512967 ) ) ;
#3009 = CARTESIAN_POINT ( 'NONE',  ( 0.4856960532219778970, 53.83089438946936411, -4.219999999999999751 ) ) ;
#3010 = DIRECTION ( 'NONE',  ( 1.000000000000000000, 0.000000000000000000, 0.000000000000000000 ) ) ;
#3011 = EDGE_CURVE ( 'NONE', #1045, #232, #1005, .T. ) ;
#3012 = ORIENTED_EDGE ( 'NONE', *, *, #958, .T. ) ;
#3013 = CARTESIAN_POINT ( 'NONE',  ( -0.07247599368602353209, 2.948135269708697770, 12.90808537247031751 ) ) ;
#3014 = ORIENTED_EDGE ( 'NONE', *, *, #2163, .F. ) ;
#3015 = ORIENTED_EDGE ( 'NONE', *, *, #2327, .T. ) ;
#3016 = CARTESIAN_POINT ( 'NONE',  ( 13.19436216970071385, 28.70864996162471172, -4.220000000000090346 ) ) ;
#3017 = ORIENTED_EDGE ( 'NONE', *, *, #1758, .T. ) ;
#3018 = DIRECTION ( 'NONE',  ( 9.219896231606733138E-17, 1.000000000000000000, -6.429354837464233345E-31 ) ) ;
#3019 = LINE ( 'NONE', #1543, #96 ) ;
#3020 = EDGE_CURVE ( 'NONE', #2017, #2733, #1646, .T. ) ;
#3021 = VERTEX_POINT ( 'NONE', #2816 ) ;
#3022 = LINE ( 'NONE', #1349, #2255 ) ;
#3023 = DIRECTION ( 'NONE',  ( -0.000000000000000000, 1.000000000000000000, -0.000000000000000000 ) ) ;
#3024 = DIRECTION ( 'NONE',  ( 0.000000000000000000, -1.000000000000000000, 0.000000000000000000 ) ) ;
#3025 = EDGE_CURVE ( 'NONE', #940, #1593, #2797, .T. ) ;
#3026 = VERTEX_POINT ( 'NONE', #3027 ) ;
#3027 = CARTESIAN_POINT ( 'NONE',  ( -1.069452229434900037, 28.33165160576893626, -2.093539456592567127 ) ) ;
#3028 = DIRECTION ( 'NONE',  ( 1.000000000000000000, 0.000000000000000000, -6.938893903907232322E-15 ) ) ;
#3029 = DIRECTION ( 'NONE',  ( 0.000000000000000000, -1.000000000000000000, 0.000000000000000000 ) ) ;
#3030 = ORIENTED_EDGE ( 'NONE', *, *, #3042, .T. ) ;
#3031 = VECTOR ( 'NONE', #423, 1000.000000000000000 ) ;
#3032 = EDGE_LOOP ( 'NONE', ( #3811, #2341, #3649, #2749 ) ) ;
#3033 = CARTESIAN_POINT ( 'NONE',  ( -5.528395281464808519, 50.16776721078237955, 12.78000000000004377 ) ) ;
#3034 = AXIS2_PLACEMENT_3D ( 'NONE', #1867, #2472, #3029 ) ;
#3035 = CARTESIAN_POINT ( 'NONE',  ( 58.69054777056490479, 63.30864996279486689, -5.220000000000410090 ) ) ;
#3036 = ORIENTED_EDGE ( 'NONE', *, *, #3011, .F. ) ;
#3037 = LINE ( 'NONE', #3322, #3548 ) ;
#3038 = VECTOR ( 'NONE', #3519, 1000.000000000000000 ) ;
#3039 = VERTEX_POINT ( 'NONE', #1901 ) ;
#3040 = CARTESIAN_POINT ( 'NONE',  ( -2.887164269572746189, 2.977031581333084098, 13.04713286698465069 ) ) ;
#3041 = AXIS2_PLACEMENT_3D ( 'NONE', #690, #2517, #1279 ) ;
#3042 = EDGE_CURVE ( 'NONE', #1806, #744, #736, .T. ) ;
#3043 = VECTOR ( 'NONE', #3754, 1000.000000000000000 ) ;
#3044 = AXIS2_PLACEMENT_3D ( 'NONE', #1127, #1093, #274 ) ;
#3045 = CARTESIAN_POINT ( 'NONE',  ( 55.68232464189361508, 9.603415088687542678, -2.719999999999999751 ) ) ;
#3046 = EDGE_LOOP ( 'NONE', ( #1473, #3030, #2331, #2234 ) ) ;
#3047 = CARTESIAN_POINT ( 'NONE',  ( -2.969452229435051827, 28.93165160576893769, 1.473270614191345862 ) ) ;
#3048 = VECTOR ( 'NONE', #3677, 1000.000000000000000 ) ;
#3049 = ADVANCED_FACE ( 'NONE', ( #1915 ), #103, .T. ) ;
#3050 = CYLINDRICAL_SURFACE ( 'NONE', #2378, 3.000000000000000000 ) ;
#3051 = CARTESIAN_POINT ( 'NONE',  ( 5.930547770565093302, 62.54864996279485467, 22.27999999999995140 ) ) ;
#3052 = ORIENTED_EDGE ( 'NONE', *, *, #1647, .T. ) ;
#3053 = EDGE_CURVE ( 'NONE', #1045, #384, #1605, .T. ) ;
#3054 = CARTESIAN_POINT ( 'NONE',  ( 45.19436216970090925, 30.70864996279484771, 22.28100000000011605 ) ) ;
#3055 = EDGE_LOOP ( 'NONE', ( #2687, #234, #1134, #1906 ) ) ;
#3056 = CARTESIAN_POINT ( 'NONE',  ( 8.259691434521279518, 72.30864996279485979, 12.11308500000000521 ) ) ;
#3057 = CARTESIAN_POINT ( 'NONE',  ( -2.950295925320463956E-14, 2.720142228398685486E-30, -4.219999999999999751 ) ) ;
#3058 = DIRECTION ( 'NONE',  ( 0.000000000000000000, -1.000000000000000000, -0.000000000000000000 ) ) ;
#3059 = VERTEX_POINT ( 'NONE', #1031 ) ;
#3060 = DIRECTION ( 'NONE',  ( -0.000000000000000000, -0.000000000000000000, 1.000000000000000000 ) ) ;
#3061 = CARTESIAN_POINT ( 'NONE',  ( -0.6608662750562757093, 4.187434594733753457, 13.86000000000001187 ) ) ;
#3062 = DIRECTION ( 'NONE',  ( -1.000000000000000000, 0.000000000000000000, 0.000000000000000000 ) ) ;
#3063 = ORIENTED_EDGE ( 'NONE', *, *, #3285, .F. ) ;
#3064 = DIRECTION ( 'NONE',  ( 0.000000000000000000, 0.000000000000000000, -1.000000000000000000 ) ) ;
#3065 = ADVANCED_FACE ( 'NONE', ( #793 ), #3718, .F. ) ;
#3066 = CARTESIAN_POINT ( 'NONE',  ( -5.528395281464850264, 52.11776721078237529, 6.630000000000042526 ) ) ;
#3067 = ADVANCED_FACE ( 'NONE', ( #268 ), #540, .F. ) ;
#3068 = EDGE_CURVE ( 'NONE', #3783, #785, #2833, .T. ) ;
#3069 = CARTESIAN_POINT ( 'NONE',  ( 41.70239533589094805, 16.84864996279485894, -4.220000000000292850 ) ) ;
#3070 = ORIENTED_EDGE ( 'NONE', *, *, #441, .T. ) ;
#3071 = CARTESIAN_POINT ( 'NONE',  ( 0.000000000000000000, 0.000000000000000000, 0.000000000000000000 ) ) ;
#3072 = CYLINDRICAL_SURFACE ( 'NONE', #1270, 0.6000000000000015321 ) ;
#3073 = CARTESIAN_POINT ( 'NONE',  ( 4.030547770564899324, -2.951350037205148880, -5.220000000000027285 ) ) ;
#3074 = VERTEX_POINT ( 'NONE', #249 ) ;
#3075 = DIRECTION ( 'NONE',  ( -0.000000000000000000, -1.000000000000000000, -0.000000000000000000 ) ) ;
#3076 = FACE_OUTER_BOUND ( 'NONE', #916, .T. ) ;
#3077 = DIRECTION ( 'NONE',  ( -6.982962677686266711E-15, 0.000000000000000000, -1.000000000000000000 ) ) ;
#3078 = ORIENTED_EDGE ( 'NONE', *, *, #2423, .T. ) ;
#3079 = PLANE ( 'NONE',  #1083 ) ;
#3080 = EDGE_LOOP ( 'NONE', ( #3545, #3791, #3070, #3429 ) ) ;
#3081 = CARTESIAN_POINT ( 'NONE',  ( 57.77302941517689305, 67.31243566402905287, -5.220000000000403872 ) ) ;
#3082 = CARTESIAN_POINT ( 'NONE',  ( 56.59054777056508811, 52.71776721078237671, 6.629999999999593996 ) ) ;
#3083 = EDGE_CURVE ( 'NONE', #3330, #432, #846, .T. ) ;
#3084 = PLANE ( 'NONE',  #264 ) ;
#3085 = VERTEX_POINT ( 'NONE', #1702 ) ;
#3086 = PLANE ( 'NONE',  #1885 ) ;
#3087 = ORIENTED_EDGE ( 'NONE', *, *, #1123, .T. ) ;
#3088 = EDGE_CURVE ( 'NONE', #2918, #327, #3420, .T. ) ;
#3089 = PRESENTATION_LAYER_ASSIGNMENT (  '', '', ( #3466 ) ) ;
#3090 = FACE_OUTER_BOUND ( 'NONE', #2090, .T. ) ;
#3091 = EDGE_LOOP ( 'NONE', ( #1577, #1117, #920, #158 ) ) ;
#3092 = CARTESIAN_POINT ( 'NONE',  ( -1.969452229434907720, 4.048649962794846680, 20.98000000000000043 ) ) ;
#3093 = CARTESIAN_POINT ( 'NONE',  ( 54.98253743501539503, 69.33092648233812838, 22.28000000000000114 ) ) ;
#3094 = DIRECTION ( 'NONE',  ( -1.000000000000000000, -9.875726538627338513E-17, 0.000000000000000000 ) ) ;
#3095 = AXIS2_PLACEMENT_3D ( 'NONE', #3144, #224, #1654 ) ;
#3096 = AXIS2_PLACEMENT_3D ( 'NONE', #2980, #326, #1499 ) ;
#3097 = AXIS2_PLACEMENT_3D ( 'NONE', #868, #542, #3182 ) ;
#3098 = AXIS2_PLACEMENT_3D ( 'NONE', #717, #2316, #2593 ) ;
#3099 = VERTEX_POINT ( 'NONE', #487 ) ;
#3100 = FACE_BOUND ( 'NONE', #1227, .T. ) ;
#3101 = ORIENTED_EDGE ( 'NONE', *, *, #3383, .F. ) ;
#3102 = VECTOR ( 'NONE', #1204, 1000.000000000000000 ) ;
#3103 = VECTOR ( 'NONE', #1179, 1000.000000000000000 ) ;
#3104 = FACE_OUTER_BOUND ( 'NONE', #3583, .T. ) ;
#3105 = VECTOR ( 'NONE', #941, 1000.000000000000000 ) ;
#3106 = AXIS2_PLACEMENT_3D ( 'NONE', #3577, #2720, #21 ) ;
#3107 = DIRECTION ( 'NONE',  ( -0.7099979120823763923, 0.7042037807614114353, 0.000000000000000000 ) ) ;
#3108 = ORIENTED_EDGE ( 'NONE', *, *, #3465, .F. ) ;
#3109 = EDGE_CURVE ( 'NONE', #1593, #2642, #2381, .T. ) ;
#3110 = DIRECTION ( 'NONE',  ( -0.000000000000000000, -0.000000000000000000, -1.000000000000000000 ) ) ;
#3111 = DIRECTION ( 'NONE',  ( 0.000000000000000000, 0.000000000000000000, 1.000000000000000000 ) ) ;
#3112 = ORIENTED_EDGE ( 'NONE', *, *, #1353, .F. ) ;
#3113 = CARTESIAN_POINT ( 'NONE',  ( 4.030547770565093835, -1.951350037205149768, 20.98000000000000043 ) ) ;
#3114 = EDGE_CURVE ( 'NONE', #1232, #607, #155, .T. ) ;
#3115 = CARTESIAN_POINT ( 'NONE',  ( -0.8779574391565182490, 4.919003454250306717, 13.44807803287872794 ) ) ;
#3116 = CARTESIAN_POINT ( 'NONE',  ( 56.59054777056508811, 62.54864996279485467, 4.731575315786940905 ) ) ;
#3117 = FACE_BOUND ( 'NONE', #1463, .T. ) ;
#3118 = ORIENTED_EDGE ( 'NONE', *, *, #1726, .T. ) ;
#3119 = CARTESIAN_POINT ( 'NONE',  ( 8.259691434521279518, 87.68274518145474872, 15.89308479999999868 ) ) ;
#3120 = EDGE_CURVE ( 'NONE', #1914, #2953, #3136, .T. ) ;
#3121 = ORIENTED_EDGE ( 'NONE', *, *, #1172, .T. ) ;
#3122 = CYLINDRICAL_SURFACE ( 'NONE', #3044, 3.000000000000000000 ) ;
#3123 = CARTESIAN_POINT ( 'NONE',  ( 49.59054777056508811, 62.54864996279485467, -4.220000000000348805 ) ) ;
#3124 = CARTESIAN_POINT ( 'NONE',  ( 3.251918809706406677, 69.01628817704420271, 8.921728776030338537 ) ) ;
#3125 = ORIENTED_EDGE ( 'NONE', *, *, #2115, .F. ) ;
#3126 = DIRECTION ( 'NONE',  ( -1.000000000000000000, 0.000000000000000000, 0.000000000000000000 ) ) ;
#3127 = DIRECTION ( 'NONE',  ( -9.219896231606733138E-17, -1.000000000000000000, 6.429354837464234220E-31 ) ) ;
#3128 = VERTEX_POINT ( 'NONE', #1125 ) ;
#3129 = CARTESIAN_POINT ( 'NONE',  ( 0.4856960532219778970, 16.48354445882798913, -2.719999999999999751 ) ) ;
#3130 = SURFACE_STYLE_USAGE ( .BOTH. , #2313 ) ;
#3131 = CARTESIAN_POINT ( 'NONE',  ( 57.64046156205943561, 64.35576404730090871, 20.98000000000000043 ) ) ;
#3132 = DIRECTION ( 'NONE',  ( -1.156482317317871607E-14, 0.000000000000000000, -1.000000000000000000 ) ) ;
#3133 = ADVANCED_FACE ( 'NONE', ( #826 ), #2027, .F. ) ;
#3134 = CARTESIAN_POINT ( 'NONE',  ( -2.969452229435070034, 28.93165160576893769, -1.493539456592554160 ) ) ;
#3135 = ORIENTED_EDGE ( 'NONE', *, *, #3549, .F. ) ;
#3136 = LINE ( 'NONE', #2581, #1826 ) ;
#3137 = ORIENTED_EDGE ( 'NONE', *, *, #3161, .T. ) ;
#3138 = UNCERTAINTY_MEASURE_WITH_UNIT (LENGTH_MEASURE( 1.000000000000000082E-05 ), #386, 'distance_accuracy_value', 'NONE');
#3139 = ADVANCED_FACE ( 'NONE', ( #2009 ), #3178, .F. ) ;
#3140 = LINE ( 'NONE', #2627, #2985 ) ;
#3141 = CARTESIAN_POINT ( 'NONE',  ( 3.650717958855219880, 69.16836713158929228, 13.20053285902217866 ) ) ;
#3142 = EDGE_LOOP ( 'NONE', ( #133, #2350, #3438, #2418 ) ) ;
#3143 = CARTESIAN_POINT ( 'NONE',  ( 14.68632900351048143, 13.44864996279486213, -5.220000000000101892 ) ) ;
#3144 = CARTESIAN_POINT ( 'NONE',  ( 1.930547770565098631, 12.92448058129861899, -2.719999999999999751 ) ) ;
#3145 = ORIENTED_EDGE ( 'NONE', *, *, #3367, .T. ) ;
#3146 = CARTESIAN_POINT ( 'NONE',  ( -5.528395281464856481, 52.11776721078237529, 6.030000000000041993 ) ) ;
#3147 = PLANE ( 'NONE',  #1375 ) ;
#3148 = CARTESIAN_POINT ( 'NONE',  ( 57.69054777056510375, 63.83648064497893415, 22.28000000000000114 ) ) ;
#3149 = LINE ( 'NONE', #553, #402 ) ;
#3150 = VECTOR ( 'NONE', #243, 1000.000000000000000 ) ;
#3151 = CARTESIAN_POINT ( 'NONE',  ( -0.01430394677802200240, 15.83438638691286826, -2.719999999999999751 ) ) ;
#3152 = ORIENTED_EDGE ( 'NONE', *, *, #1051, .T. ) ;
#3153 = DIRECTION ( 'NONE',  ( 0.000000000000000000, 0.000000000000000000, 1.000000000000000000 ) ) ;
#3154 = EDGE_LOOP ( 'NONE', ( #2165, #2532, #1416, #1203 ) ) ;
#3155 = CIRCLE ( 'NONE', #1683, 7.000000000000000000 ) ;
#3156 = EDGE_CURVE ( 'NONE', #1053, #2674, #3196, .T. ) ;
#3157 = AXIS2_PLACEMENT_3D ( 'NONE', #3460, #3408, #1710 ) ;
#3158 = AXIS2_PLACEMENT_3D ( 'NONE', #2050, #3219, #585 ) ;
#3159 = LINE ( 'NONE', #235, #2308 ) ;
#3160 = AXIS2_PLACEMENT_3D ( 'NONE', #3066, #1035, #2471 ) ;
#3161 = EDGE_CURVE ( 'NONE', #2946, #1900, #1452, .T. ) ;
#3162 = VECTOR ( 'NONE', #2962, 1000.000000000000000 ) ;
#3163 = AXIS2_PLACEMENT_3D ( 'NONE', #1148, #2321, #3493 ) ;
#3164 = AXIS2_PLACEMENT_3D ( 'NONE', #2528, #3399, #1606 ) ;
#3165 = DIRECTION ( 'NONE',  ( 6.991222571849442154E-15, -6.445834664451861014E-31, 1.000000000000000000 ) ) ;
#3166 = EDGE_LOOP ( 'NONE', ( #312, #2781, #2347, #1668, #1740, #753, #3101, #2307 ) ) ;
#3167 = EDGE_CURVE ( 'NONE', #1065, #727, #3653, .T. ) ;
#3168 = DIRECTION ( 'NONE',  ( -1.000000000000000000, 0.000000000000000000, 6.938893903907229167E-15 ) ) ;
#3169 = VECTOR ( 'NONE', #1041, 1000.000000000000000 ) ;
#3170 = DIRECTION ( 'NONE',  ( -1.000000000000000000, 0.000000000000000000, 7.142979018728032925E-15 ) ) ;
#3171 = VERTEX_POINT ( 'NONE', #1372 ) ;
#3172 = DIRECTION ( 'NONE',  ( -1.000000000000000000, 0.000000000000000000, 6.982962677686266711E-15 ) ) ;
#3173 =( NAMED_UNIT ( * ) SI_UNIT ( $, .STERADIAN. ) SOLID_ANGLE_UNIT ( ) );
#3174 = CARTESIAN_POINT ( 'NONE',  ( -0.7085558214306467706, 4.325756113175661000, 11.68611224867600384 ) ) ;
#3175 = CARTESIAN_POINT ( 'NONE',  ( 11.28632900351067647, 13.44864996279486213, 22.28100000000035408 ) ) ;
#3176 = PLANE ( 'NONE',  #3421 ) ;
#3177 = ORIENTED_EDGE ( 'NONE', *, *, #1594, .F. ) ;
#3178 = PLANE ( 'NONE',  #3163 ) ;
#3179 = EDGE_LOOP ( 'NONE', ( #3380, #3521, #1712, #1431, #1703, #629, #2906, #2173 ) ) ;
#3180 = CYLINDRICAL_SURFACE ( 'NONE', #469, 0.5999999999999998668 ) ;
#3181 = EDGE_CURVE ( 'NONE', #2266, #1096, #1663, .T. ) ;
#3182 = DIRECTION ( 'NONE',  ( 0.000000000000000000, 0.000000000000000000, 1.000000000000000000 ) ) ;
#3183 = ADVANCED_FACE ( 'NONE', ( #3453 ), #502, .F. ) ;
#3184 = DIRECTION ( 'NONE',  ( 0.000000000000000000, -1.000000000000000000, 0.000000000000000000 ) ) ;
#3185 = ORIENTED_EDGE ( 'NONE', *, *, #223, .T. ) ;
#3186 = VERTEX_POINT ( 'NONE', #3738 ) ;
#3187 = ADVANCED_FACE ( 'NONE', ( #1108, #2108 ), #1817, .F. ) ;
#3188 = CARTESIAN_POINT ( 'NONE',  ( 40.19436216970090925, 54.30864996279486689, 22.28100000000015157 ) ) ;
#3189 = VERTEX_POINT ( 'NONE', #3529 ) ;
#3190 = CARTESIAN_POINT ( 'NONE',  ( 49.47106732100647974, 69.54864996279485467, 4.508361965348508527 ) ) ;
#3191 = CARTESIAN_POINT ( 'NONE',  ( -5.528395281464808519, 52.11776721078237529, 13.38000000000004341 ) ) ;
#3192 = CARTESIAN_POINT ( 'NONE',  ( 1.930547770565094190, 50.37502496992322421, -2.719999999999999751 ) ) ;
#3193 = DIRECTION ( 'NONE',  ( -6.991222571849442943E-15, 6.445834664451861890E-31, -1.000000000000000000 ) ) ;
#3194 = DIRECTION ( 'NONE',  ( -0.000000000000000000, -0.000000000000000000, -1.000000000000000000 ) ) ;
#3195 = ORIENTED_EDGE ( 'NONE', *, *, #3498, .T. ) ;
#3196 = LINE ( 'NONE', #3119, #1515 ) ;
#3197 = ORIENTED_EDGE ( 'NONE', *, *, #722, .T. ) ;
#3198 = ORIENTED_EDGE ( 'NONE', *, *, #3181, .T. ) ;
#3199 = DIRECTION ( 'NONE',  ( 0.7042037807614113243, 0.7099979120823767254, 0.000000000000000000 ) ) ;
#3200 = LINE ( 'NONE', #561, #2370 ) ;
#3201 = CARTESIAN_POINT ( 'NONE',  ( 3.064822759891887571, 68.93527891610980873, 9.637121910260470159 ) ) ;
#3202 = VERTEX_POINT ( 'NONE', #1842 ) ;
#3203 = ORIENTED_EDGE ( 'NONE', *, *, #3456, .T. ) ;
#3204 = ADVANCED_FACE ( 'NONE', ( #1530 ), #2701, .T. ) ;
#3205 = FACE_OUTER_BOUND ( 'NONE', #2045, .T. ) ;
#3206 = VERTEX_POINT ( 'NONE', #3280 ) ;
#3207 = DIRECTION ( 'NONE',  ( 0.7042037807614113243, 0.7099979120823767254, 0.000000000000000000 ) ) ;
#3208 = DIRECTION ( 'NONE',  ( 0.000000000000000000, 1.000000000000000000, 0.000000000000000000 ) ) ;
#3209 = CARTESIAN_POINT ( 'NONE',  ( 56.27236334567616183, 64.63511602295569958, 4.508361965348512967 ) ) ;
#3210 = EDGE_CURVE ( 'NONE', #3330, #940, #18, .T. ) ;
#3211 = CARTESIAN_POINT ( 'NONE',  ( 55.68232464189361508, 10.13957987723296306, -4.219999999999999751 ) ) ;
#3212 = ORIENTED_EDGE ( 'NONE', *, *, #3465, .T. ) ;
#3213 = CARTESIAN_POINT ( 'NONE',  ( 51.92823289949252796, 72.02603289942078391, 4.508361965348512079 ) ) ;
#3214 = EDGE_LOOP ( 'NONE', ( #1461, #1600, #2097, #2968 ) ) ;
#3215 = LINE ( 'NONE', #3263, #2989 ) ;
#3216 = VECTOR ( 'NONE', #109, 1000.000000000000000 ) ;
#3217 = VERTEX_POINT ( 'NONE', #3305 ) ;
#3218 = LINE ( 'NONE', #1170, #1269 ) ;
#3219 = DIRECTION ( 'NONE',  ( -6.991222571849442154E-15, 6.445834664451861014E-31, -1.000000000000000000 ) ) ;
#3220 = CIRCLE ( 'NONE', #589, 0.5999999999999998668 ) ;
#3221 = CIRCLE ( 'NONE', #461, 5.999999999999998224 ) ;
#3222 = AXIS2_PLACEMENT_3D ( 'NONE', #1402, #3778, #2031 ) ;
#3223 = CARTESIAN_POINT ( 'NONE',  ( 58.69054777056503980, 63.30864996279486689, 13.57166666666624089 ) ) ;
#3224 = ORIENTED_EDGE ( 'NONE', *, *, #506, .T. ) ;
#3225 = ORIENTED_EDGE ( 'NONE', *, *, #1313, .T. ) ;
#3226 = CIRCLE ( 'NONE', #409, 2.999999999999999556 ) ;
#3227 = AXIS2_PLACEMENT_3D ( 'NONE', #3777, #2299, #3740 ) ;
#3228 = LINE ( 'NONE', #305, #1013 ) ;
#3229 = EDGE_CURVE ( 'NONE', #2946, #1232, #1182, .T. ) ;
#3230 = FACE_OUTER_BOUND ( 'NONE', #2410, .T. ) ;
#3231 = ORIENTED_EDGE ( 'NONE', *, *, #506, .F. ) ;
#3232 = CARTESIAN_POINT ( 'NONE',  ( 1.555372918113182741E-13, 3.364725694843871325E-30, 22.28000000000000114 ) ) ;
#3233 = DIRECTION ( 'NONE',  ( -6.991222571849442943E-15, 6.445834664451861890E-31, -1.000000000000000000 ) ) ;
#3234 = AXIS2_PLACEMENT_3D ( 'NONE', #37, #2675, #1221 ) ;
#3235 = CARTESIAN_POINT ( 'NONE',  ( 50.21898193562346080, 71.30864996279484558, 22.28000000000000114 ) ) ;
#3236 = DIRECTION ( 'NONE',  ( -1.000000000000000000, 0.000000000000000000, 0.000000000000000000 ) ) ;
#3237 = CIRCLE ( 'NONE', #885, 5.280000000000000249 ) ;
#3238 = CARTESIAN_POINT ( 'NONE',  ( 56.59054777056508811, 50.16776721078237955, 12.77999999999960856 ) ) ;
#3239 = EDGE_CURVE ( 'NONE', #967, #2608, #1244, .T. ) ;
#3240 = VERTEX_POINT ( 'NONE', #1487 ) ;
#3241 = DIRECTION ( 'NONE',  ( 0.000000000000000000, 0.000000000000000000, -1.000000000000000000 ) ) ;
#3242 = ORIENTED_EDGE ( 'NONE', *, *, #1251, .F. ) ;
#3243 = CARTESIAN_POINT ( 'NONE',  ( 43.91782418975080304, 63.94971519960140682, 4.508361965348512079 ) ) ;
#3244 = EDGE_CURVE ( 'NONE', #1365, #1617, #2066, .T. ) ;
#3245 = ORIENTED_EDGE ( 'NONE', *, *, #2925, .F. ) ;
#3246 = CARTESIAN_POINT ( 'NONE',  ( 5.930547770565101295, -0.4513500372051487686, 22.28000000000000114 ) ) ;
#3247 = DIRECTION ( 'NONE',  ( 0.000000000000000000, -1.000000000000000000, -0.000000000000000000 ) ) ;
#3248 = CARTESIAN_POINT ( 'NONE',  ( 5.077200150666024925, 69.50635892910622715, 6.371150518841449006 ) ) ;
#3249 = ORIENTED_EDGE ( 'NONE', *, *, #630, .T. ) ;
#3250 = ORIENTED_EDGE ( 'NONE', *, *, #2368, .T. ) ;
#3251 = CARTESIAN_POINT ( 'NONE',  ( -0.01430394677802200240, 16.48354445882799268, -2.719999999999999751 ) ) ;
#3252 = VERTEX_POINT ( 'NONE', #3008 ) ;
#3253 = LINE ( 'NONE', #3566, #963 ) ;
#3254 = CARTESIAN_POINT ( 'NONE',  ( 54.98253743501539503, 69.33092648233812838, 20.98000000000000043 ) ) ;
#3255 = CARTESIAN_POINT ( 'NONE',  ( 57.09054777056508811, 51.14276721078237387, 2.199999999999607603 ) ) ;
#3256 = LINE ( 'NONE', #926, #582 ) ;
#3257 = LINE ( 'NONE', #2355, #829 ) ;
#3258 = ORIENTED_EDGE ( 'NONE', *, *, #1448, .F. ) ;
#3259 = DIRECTION ( 'NONE',  ( -1.000000000000000000, 0.000000000000000000, 0.000000000000000000 ) ) ;
#3260 = ORIENTED_EDGE ( 'NONE', *, *, #3444, .T. ) ;
#3261 = CARTESIAN_POINT ( 'NONE',  ( 55.18232464189361508, 59.23751023009852190, -4.219999999999999751 ) ) ;
#3262 = EDGE_CURVE ( 'NONE', #1405, #2458, #465, .T. ) ;
#3263 = CARTESIAN_POINT ( 'NONE',  ( 8.259691434521279518, -2.952350037205148325, 12.11308500000000521 ) ) ;
#3264 = VERTEX_POINT ( 'NONE', #622 ) ;
#3265 = LINE ( 'NONE', #991, #957 ) ;
#3266 = EDGE_CURVE ( 'NONE', #3364, #3375, #3588, .T. ) ;
#3267 =( BOUNDED_CURVE ( )  B_SPLINE_CURVE ( 3, ( #3734, #2004, #229, #1141 ),
 .UNSPECIFIED., .F., .T. ) 
 B_SPLINE_CURVE_WITH_KNOTS ( ( 4, 4 ),
 ( 3.141592653589793116, 4.712388980384689674 ),
 .UNSPECIFIED. ) 
 CURVE ( )  GEOMETRIC_REPRESENTATION_ITEM ( )  RATIONAL_B_SPLINE_CURVE ( ( 1.000000000000000000, 0.8047378541243649375, 0.8047378541243649375, 1.000000000000000000 ) ) 
 REPRESENTATION_ITEM ( '' )  );
#3268 = CARTESIAN_POINT ( 'NONE',  ( -1.069452229434894930, 16.98354445882799268, -2.719999999999999751 ) ) ;
#3269 = EDGE_LOOP ( 'NONE', ( #3682, #3377, #1040, #3592 ) ) ;
#3270 = ORIENTED_EDGE ( 'NONE', *, *, #1613, .T. ) ;
#3271 = DIRECTION ( 'NONE',  ( -0.000000000000000000, -0.000000000000000000, -1.000000000000000000 ) ) ;
#3272 = CARTESIAN_POINT ( 'NONE',  ( 1.930547770565097743, 19.39345026444224374, -4.220000000000013962 ) ) ;
#3273 = EDGE_LOOP ( 'NONE', ( #611, #406 ) ) ;
#3274 = DIRECTION ( 'NONE',  ( -1.000000000000000000, 0.000000000000000000, 0.000000000000000000 ) ) ;
#3275 = LINE ( 'NONE', #1752, #2120 ) ;
#3276 = CARTESIAN_POINT ( 'NONE',  ( 50.21898193562346080, 71.30864996279484558, 20.98000000000000043 ) ) ;
#3277 = CARTESIAN_POINT ( 'NONE',  ( 41.70239533589113989, 16.84864996279485894, 22.28100000000014091 ) ) ;
#3278 = DIRECTION ( 'NONE',  ( -1.000000000000000000, 0.000000000000000000, 0.000000000000000000 ) ) ;
#3279 = ORIENTED_EDGE ( 'NONE', *, *, #1886, .F. ) ;
#3280 = CARTESIAN_POINT ( 'NONE',  ( 45.19436216970071740, 30.70864996279484771, -4.220000000000315943 ) ) ;
#3281 = VERTEX_POINT ( 'NONE', #664 ) ;
#3282 = DIRECTION ( 'NONE',  ( 1.000000000000000000, 0.000000000000000000, -6.938893903907222067E-15 ) ) ;
#3283 = EDGE_LOOP ( 'NONE', ( #1453, #2367, #335, #975, #30, #3459, #1759, #1334, #2068, #1266, #333, #2563, #3354, #2356 ) ) ;
#3284 = CARTESIAN_POINT ( 'NONE',  ( 58.69054777056499717, 54.71497247615170778, 7.748042357446733419 ) ) ;
#3285 = EDGE_CURVE ( 'NONE', #3628, #1534, #378, .T. ) ;
#3286 = CARTESIAN_POINT ( 'NONE',  ( 56.59054777056508811, 50.16776721078237955, 6.629999999999609095 ) ) ;
#3287 = EDGE_CURVE ( 'NONE', #2490, #3281, #2756, .T. ) ;
#3288 = CARTESIAN_POINT ( 'NONE',  ( 58.69054777056511085, 72.30864996279485979, 13.57166666666626398 ) ) ;
#3289 = ORIENTED_EDGE ( 'NONE', *, *, #437, .T. ) ;
#3290 = VECTOR ( 'NONE', #3561, 1000.000000000000000 ) ;
#3291 = EDGE_LOOP ( 'NONE', ( #849, #2569, #422, #870 ) ) ;
#3292 =( BOUNDED_SURFACE ( )  B_SPLINE_SURFACE ( 2, 3, ( 
 ( #3658, #415, #3323, #1337 ),
 ( #3306, #115, #1563, #2468 ),
 ( #2437, #2736, #681, #3615 ) ),
 .UNSPECIFIED., .F., .F., .T. ) 
 B_SPLINE_SURFACE_WITH_KNOTS ( ( 3, 3 ),
 ( 4, 4 ),
 ( 0.000000000000000000, 1.000000000000000000 ),
 ( -0.001375000000000000354, 0.02887500000000000483 ),
 .UNSPECIFIED. ) 
 GEOMETRIC_REPRESENTATION_ITEM ( )  RATIONAL_B_SPLINE_SURFACE ( (
 ( 1.000000000000000000, 1.000000000000000000, 1.000000000000000000, 1.000000000000000000),
 ( 0.7071067811865474617, 0.7071067811865474617, 0.7071067811865474617, 0.7071067811865474617),
 ( 1.000000000000000000, 1.000000000000000000, 1.000000000000000000, 1.000000000000000000) ) ) 
 REPRESENTATION_ITEM ( '' )  SURFACE ( )  );
#3293 = AXIS2_PLACEMENT_3D ( 'NONE', #1989, #2547, #526 ) ;
#3294 = CIRCLE ( 'NONE', #3098, 7.000000000000000000 ) ;
#3295 = EDGE_CURVE ( 'NONE', #2608, #3684, #2659, .T. ) ;
#3296 = CARTESIAN_POINT ( 'NONE',  ( 49.69054777056511085, 71.30864996279485979, 20.98000000000000043 ) ) ;
#3297 = FACE_OUTER_BOUND ( 'NONE', #3154, .T. ) ;
#3298 = CYLINDRICAL_SURFACE ( 'NONE', #2680, 7.000000000000000000 ) ;
#3299 = AXIS2_PLACEMENT_3D ( 'NONE', #2224, #398, #1064 ) ;
#3300 = VECTOR ( 'NONE', #2500, 1000.000000000000000 ) ;
#3301 = DIRECTION ( 'NONE',  ( -0.000000000000000000, -0.000000000000000000, -1.000000000000000000 ) ) ;
#3302 = AXIS2_PLACEMENT_3D ( 'NONE', #2653, #658, #2102 ) ;
#3303 = AXIS2_PLACEMENT_3D ( 'NONE', #684, #2758, #1862 ) ;
#3304 = VERTEX_POINT ( 'NONE', #334 ) ;
#3305 = CARTESIAN_POINT ( 'NONE',  ( 56.59054777056508811, 62.04365875086057969, -4.220000000000403872 ) ) ;
#3306 = CARTESIAN_POINT ( 'NONE',  ( 58.69054777056511085, 72.30864996279485979, 23.65499999999958902 ) ) ;
#3307 = DIRECTION ( 'NONE',  ( 0.7042037807614112133, 0.7099979120823766143, 0.000000000000000000 ) ) ;
#3308 = CIRCLE ( 'NONE', #1150, 1.500000000000004885 ) ;
#3309 = EDGE_LOOP ( 'NONE', ( #1588, #391, #2790, #2210, #74 ) ) ;
#3310 = DIRECTION ( 'NONE',  ( 1.000000000000000000, 0.000000000000000000, -6.938893903907222067E-15 ) ) ;
#3311 = CARTESIAN_POINT ( 'NONE',  ( 49.59054777056508811, 62.54864996279485467, -95.90999724335667054 ) ) ;
#3312 = ORIENTED_EDGE ( 'NONE', *, *, #1904, .F. ) ;
#3313 = VERTEX_POINT ( 'NONE', #2069 ) ;
#3314 = ADVANCED_FACE ( 'NONE', ( #576 ), #2089, .F. ) ;
#3315 = DIRECTION ( 'NONE',  ( 6.991222571849442154E-15, -6.445834664451861014E-31, 1.000000000000000000 ) ) ;
#3316 = VERTEX_POINT ( 'NONE', #2965 ) ;
#3317 = DIRECTION ( 'NONE',  ( 1.000000000000000000, 1.177133787269976067E-16, 0.000000000000000000 ) ) ;
#3318 = DIRECTION ( 'NONE',  ( 1.000000000000000000, 0.000000000000000000, -6.991222571849442154E-15 ) ) ;
#3319 = EDGE_CURVE ( 'NONE', #191, #1488, #2928, .T. ) ;
#3320 = CARTESIAN_POINT ( 'NONE',  ( 57.09054777056508811, 50.14276721078237387, 17.19999999999961204 ) ) ;
#3321 = ORIENTED_EDGE ( 'NONE', *, *, #554, .F. ) ;
#3322 = CARTESIAN_POINT ( 'NONE',  ( 41.70239533589094094, 10.04864996279486178, -5.220000000000291074 ) ) ;
#3323 = CARTESIAN_POINT ( 'NONE',  ( 49.69054777056489769, 72.30864996279485979, 3.488333333332984232 ) ) ;
#3324 = DIRECTION ( 'NONE',  ( -0.000000000000000000, -0.000000000000000000, -1.000000000000000000 ) ) ;
#3325 = DIRECTION ( 'NONE',  ( 1.000000000000000000, 0.000000000000000000, -0.000000000000000000 ) ) ;
#3326 = VERTEX_POINT ( 'NONE', #2403 ) ;
#3327 = FACE_OUTER_BOUND ( 'NONE', #3656, .T. ) ;
#3328 = VERTEX_POINT ( 'NONE', #3812 ) ;
#3329 = CARTESIAN_POINT ( 'NONE',  ( 57.09054777056508811, 51.14276721078237387, 2.199999999999607603 ) ) ;
#3330 = VERTEX_POINT ( 'NONE', #884 ) ;
#3331 = EDGE_CURVE ( 'NONE', #141, #2266, #3226, .T. ) ;
#3332 = CARTESIAN_POINT ( 'NONE',  ( 4.030547770565092947, 4.048649962794851120, 22.27999999999997272 ) ) ;
#3333 = CARTESIAN_POINT ( 'NONE',  ( -1.969452229434907720, 4.048649962794846680, 22.28000000000001535 ) ) ;
#3334 = VERTEX_POINT ( 'NONE', #929 ) ;
#3335 = CARTESIAN_POINT ( 'NONE',  ( 53.59054777056508811, 62.04365875086057969, -4.220000000000374563 ) ) ;
#3336 = EDGE_CURVE ( 'NONE', #3189, #2658, #2386, .T. ) ;
#3337 = LINE ( 'NONE', #1912, #337 ) ;
#3338 = CARTESIAN_POINT ( 'NONE',  ( 13.19436216970071918, 30.70864996162471527, -4.220000000000092122 ) ) ;
#3339 = DIRECTION ( 'NONE',  ( 0.000000000000000000, -0.000000000000000000, -1.000000000000000000 ) ) ;
#3340 = EDGE_LOOP ( 'NONE', ( #1409, #2964 ) ) ;
#3341 = DIRECTION ( 'NONE',  ( -1.000000000000000000, -1.177133787269976067E-16, 0.000000000000000000 ) ) ;
#3342 = EDGE_CURVE ( 'NONE', #3326, #3603, #2399, .T. ) ;
#3343 = DIRECTION ( 'NONE',  ( 1.000000000000000000, -9.219896231606733138E-17, -6.982962677686268288E-15 ) ) ;
#3344 = CARTESIAN_POINT ( 'NONE',  ( 16.19436216970071030, 59.30864996279485979, -5.220000000000112550 ) ) ;
#3345 = EDGE_LOOP ( 'NONE', ( #2297, #2078, #2117, #241 ) ) ;
#3346 = AXIS2_PLACEMENT_3D ( 'NONE', #3672, #2230, #2727 ) ;
#3347 = DIRECTION ( 'NONE',  ( 1.000000000000000000, 0.000000000000000000, 0.000000000000000000 ) ) ;
#3348 = CARTESIAN_POINT ( 'NONE',  ( 56.59054777056508811, 62.04365875086057969, -2.719999999999999751 ) ) ;
#3349 = PLANE ( 'NONE',  #1997 ) ;
#3350 = AXIS2_PLACEMENT_3D ( 'NONE', #2963, #1180, #862 ) ;
#3351 = AXIS2_PLACEMENT_3D ( 'NONE', #1044, #3094, #696 ) ;
#3352 = EDGE_CURVE ( 'NONE', #2508, #1652, #1616, .T. ) ;
#3353 = CARTESIAN_POINT ( 'NONE',  ( -0.01430394677802200240, 15.83438638691286826, -4.219999999999999751 ) ) ;
#3354 = ORIENTED_EDGE ( 'NONE', *, *, #66, .T. ) ;
#3355 = DIRECTION ( 'NONE',  ( -1.000000000000000000, 0.000000000000000000, 6.998978184134891269E-15 ) ) ;
#3356 = AXIS2_PLACEMENT_3D ( 'NONE', #3123, #1903, #420 ) ;
#3357 = CARTESIAN_POINT ( 'NONE',  ( -0.7909530274287339680, 4.588931352560462251, 13.72862885227670482 ) ) ;
#3358 = DIRECTION ( 'NONE',  ( 1.156482317317868451E-14, 0.000000000000000000, 1.000000000000000000 ) ) ;
#3359 = CIRCLE ( 'NONE', #1210, 3.400000000000000355 ) ;
#3360 = VECTOR ( 'NONE', #3381, 1000.000000000000000 ) ;
#3361 = EDGE_CURVE ( 'NONE', #744, #3217, #2921, .T. ) ;
#3362 = VECTOR ( 'NONE', #2740, 1000.000000000000000 ) ;
#3363 = DIRECTION ( 'NONE',  ( 0.000000000000000000, -0.000000000000000000, -1.000000000000000000 ) ) ;
#3364 = VERTEX_POINT ( 'NONE', #1562 ) ;
#3365 = DIRECTION ( 'NONE',  ( -1.000000000000000000, 0.000000000000000000, 6.996718019773122210E-15 ) ) ;
#3366 = CIRCLE ( 'NONE', #3483, 7.999999999999998224 ) ;
#3367 = EDGE_CURVE ( 'NONE', #2158, #1238, #2788, .T. ) ;
#3368 = CARTESIAN_POINT ( 'NONE',  ( 11.28632900351048285, 13.44864996279486213, -5.220000000000078799 ) ) ;
#3369 = DIRECTION ( 'NONE',  ( -0.000000000000000000, 1.000000000000000000, -0.000000000000000000 ) ) ;
#3370 = FACE_OUTER_BOUND ( 'NONE', #1805, .T. ) ;
#3371 = EDGE_LOOP ( 'NONE', ( #1738, #2325, #738, #2208 ) ) ;
#3372 = DIRECTION ( 'NONE',  ( -9.912705577010325549E-17, 1.000000000000000000, 6.922005307915561482E-31 ) ) ;
#3373 = DIRECTION ( 'NONE',  ( 1.000000000000000000, 0.000000000000000000, -0.000000000000000000 ) ) ;
#3374 = DIRECTION ( 'NONE',  ( 1.000000000000000000, 0.000000000000000000, -6.938893899847506401E-15 ) ) ;
#3375 = VERTEX_POINT ( 'NONE', #149 ) ;
#3376 = LINE ( 'NONE', #1897, #3169 ) ;
#3377 = ORIENTED_EDGE ( 'NONE', *, *, #672, .F. ) ;
#3378 = CARTESIAN_POINT ( 'NONE',  ( -2.937507326422718723, 3.372761070690593943, 13.63987077299568007 ) ) ;
#3379 = DIRECTION ( 'NONE',  ( -1.000000000000000000, 0.000000000000000000, 0.000000000000000000 ) ) ;
#3380 = ORIENTED_EDGE ( 'NONE', *, *, #3120, .F. ) ;
#3381 = DIRECTION ( 'NONE',  ( -0.000000000000000000, 1.000000000000000000, -0.000000000000000000 ) ) ;
#3382 = ORIENTED_EDGE ( 'NONE', *, *, #2159, .T. ) ;
#3383 = EDGE_CURVE ( 'NONE', #993, #1761, #2480, .T. ) ;
#3384 = CARTESIAN_POINT ( 'NONE',  ( 56.84684368121791209, 68.80044332302563248, -5.220000000000397655 ) ) ;
#3385 = DIRECTION ( 'NONE',  ( -1.000000000000000000, 0.000000000000000000, 7.142979018728032925E-15 ) ) ;
#3386 = EDGE_CURVE ( 'NONE', #1551, #1365, #3037, .T. ) ;
#3387 = CARTESIAN_POINT ( 'NONE',  ( 56.59054777056508811, 63.25403139169215194, 17.51584108365655013 ) ) ;
#3388 = ORIENTED_EDGE ( 'NONE', *, *, #257, .T. ) ;
#3389 = FACE_OUTER_BOUND ( 'NONE', #1725, .T. ) ;
#3390 = CARTESIAN_POINT ( 'NONE',  ( -2.969452229435049606, 28.93165160576893769, 1.473270614191345862 ) ) ;
#3391 = ORIENTED_EDGE ( 'NONE', *, *, #832, .F. ) ;
#3392 = DIRECTION ( 'NONE',  ( 6.973348371778586998E-15, 0.000000000000000000, 1.000000000000000000 ) ) ;
#3393 = CARTESIAN_POINT ( 'NONE',  ( 8.259691434521279518, 87.68274518145474872, 5.333084799999998182 ) ) ;
#3394 = CARTESIAN_POINT ( 'NONE',  ( 53.92598211609444547, 70.10254778963155786, 20.98000000000000043 ) ) ;
#3395 = LINE ( 'NONE', #1644, #3543 ) ;
#3396 = ORIENTED_EDGE ( 'NONE', *, *, #2298, .F. ) ;
#3397 = FACE_OUTER_BOUND ( 'NONE', #3142, .T. ) ;
#3398 = VERTEX_POINT ( 'NONE', #3657 ) ;
#3399 = DIRECTION ( 'NONE',  ( -6.991222571849442154E-15, 6.445834664451861014E-31, -1.000000000000000000 ) ) ;
#3400 = EDGE_CURVE ( 'NONE', #1232, #621, #1601, .T. ) ;
#3401 = DIRECTION ( 'NONE',  ( -1.000000000000000000, 0.000000000000000000, 0.000000000000000000 ) ) ;
#3402 = EDGE_CURVE ( 'NONE', #626, #2017, #1022, .T. ) ;
#3403 = LINE ( 'NONE', #405, #3216 ) ;
#3404 = ORIENTED_EDGE ( 'NONE', *, *, #2878, .F. ) ;
#3405 = DIRECTION ( 'NONE',  ( -6.982962677686266711E-15, 0.000000000000000000, -1.000000000000000000 ) ) ;
#3406 = EDGE_CURVE ( 'NONE', #2020, #254, #1584, .T. ) ;
#3407 = AXIS2_PLACEMENT_3D ( 'NONE', #852, #780, #236 ) ;
#3408 = DIRECTION ( 'NONE',  ( -1.000000000000000000, -9.875726538627338513E-17, -0.000000000000000000 ) ) ;
#3409 = ORIENTED_EDGE ( 'NONE', *, *, #2163, .T. ) ;
#3410 = PLANE ( 'NONE',  #3723 ) ;
#3411 = CARTESIAN_POINT ( 'NONE',  ( -2.969452229435045165, 28.93165160576893769, 2.073270614191345729 ) ) ;
#3412 = CARTESIAN_POINT ( 'NONE',  ( 56.05884803696362439, 68.18146976660983682, 22.28000000000000114 ) ) ;
#3413 = VECTOR ( 'NONE', #3611, 1000.000000000000000 ) ;
#3414 = VECTOR ( 'NONE', #3024, 1000.000000000000000 ) ;
#3415 = DIRECTION ( 'NONE',  ( 0.000000000000000000, 0.000000000000000000, 1.000000000000000000 ) ) ;
#3416 = VECTOR ( 'NONE', #1132, 1000.000000000000000 ) ;
#3417 = EDGE_LOOP ( 'NONE', ( #99, #2028, #1954, #2841 ) ) ;
#3418 = DIRECTION ( 'NONE',  ( 0.000000000000000000, -1.000000000000000000, -0.000000000000000000 ) ) ;
#3419 = ORIENTED_EDGE ( 'NONE', *, *, #2206, .T. ) ;
#3420 = CIRCLE ( 'NONE', #525, 7.000000000000000000 ) ;
#3421 = AXIS2_PLACEMENT_3D ( 'NONE', #3697, #2025, #806 ) ;
#3422 = CARTESIAN_POINT ( 'NONE',  ( 58.69154777056514405, 20.13054385779617306, 1.473270614190915540 ) ) ;
#3423 = CIRCLE ( 'NONE', #3612, 3.400000000000000355 ) ;
#3424 = AXIS2_PLACEMENT_3D ( 'NONE', #1998, #767, #478 ) ;
#3425 = CARTESIAN_POINT ( 'NONE',  ( 4.533038864922958489, 69.41021461941255666, 14.36150735098770603 ) ) ;
#3426 = PLANE ( 'NONE',  #3476 ) ;
#3427 = EDGE_CURVE ( 'NONE', #3562, #1622, #3022, .T. ) ;
#3428 = FACE_OUTER_BOUND ( 'NONE', #3080, .T. ) ;
#3429 = ORIENTED_EDGE ( 'NONE', *, *, #1533, .T. ) ;
#3430 = LINE ( 'NONE', #786, #1087 ) ;
#3431 = CARTESIAN_POINT ( 'NONE',  ( -1.069452229434899149, 20.13054385779618016, 2.073270614191332850 ) ) ;
#3432 = LINE ( 'NONE', #2828, #1068 ) ;
#3433 = PLANE ( 'NONE',  #404 ) ;
#3434 = EDGE_CURVE ( 'NONE', #1995, #3074, #2504, .T. ) ;
#3435 = CARTESIAN_POINT ( 'NONE',  ( 51.92823289949252796, 72.02603289942078391, 4.508361965348512079 ) ) ;
#3436 = ORIENTED_EDGE ( 'NONE', *, *, #2293, .F. ) ;
#3437 = CARTESIAN_POINT ( 'NONE',  ( -1.069452229434906698, 56.74080019508361517, -4.219999999999999751 ) ) ;
#3438 = ORIENTED_EDGE ( 'NONE', *, *, #1192, .T. ) ;
#3439 = CARTESIAN_POINT ( 'NONE',  ( 58.69154777056516537, 53.59604800156339621, 2.203953938914239075 ) ) ;
#3440 = CARTESIAN_POINT ( 'NONE',  ( 55.38349937456096939, 58.23199210140805349, -2.719999999999999751 ) ) ;
#3441 = ORIENTED_EDGE ( 'NONE', *, *, #2092, .T. ) ;
#3442 = FACE_OUTER_BOUND ( 'NONE', #1969, .T. ) ;
#3443 = CARTESIAN_POINT ( 'NONE',  ( 56.59054777056508811, 50.16776721078237955, 6.029999999999607674 ) ) ;
#3444 = EDGE_CURVE ( 'NONE', #2700, #2365, #3376, .T. ) ;
#3445 = EDGE_LOOP ( 'NONE', ( #1868, #2648, #1304, #871 ) ) ;
#3446 = LINE ( 'NONE', #2574, #1332 ) ;
#3447 = FACE_OUTER_BOUND ( 'NONE', #79, .T. ) ;
#3448 = CARTESIAN_POINT ( 'NONE',  ( 57.18266129610365311, 66.12584490816571758, 20.98000000000000043 ) ) ;
#3449 = DIRECTION ( 'NONE',  ( 6.985711724991827554E-15, 0.000000000000000000, 1.000000000000000000 ) ) ;
#3450 = CARTESIAN_POINT ( 'NONE',  ( -2.969452229435099788, 4.048649962794844903, -5.219999999999979323 ) ) ;
#3451 = EDGE_CURVE ( 'NONE', #2733, #1632, #2616, .T. ) ;
#3452 = ORIENTED_EDGE ( 'NONE', *, *, #1968, .T. ) ;
#3453 = FACE_OUTER_BOUND ( 'NONE', #2479, .T. ) ;
#3454 = ORIENTED_EDGE ( 'NONE', *, *, #3020, .F. ) ;
#3455 = FACE_OUTER_BOUND ( 'NONE', #1357, .T. ) ;
#3456 = EDGE_CURVE ( 'NONE', #2834, #3240, #748, .T. ) ;
#3457 = DIRECTION ( 'NONE',  ( 6.982962677686267499E-15, -0.000000000000000000, 1.000000000000000000 ) ) ;
#3458 = LINE ( 'NONE', #2552, #1744 ) ;
#3459 = ORIENTED_EDGE ( 'NONE', *, *, #3011, .T. ) ;
#3460 = CARTESIAN_POINT ( 'NONE',  ( 57.09054777056508811, 51.14276721078237387, 2.199999999999607603 ) ) ;
#3461 = VERTEX_POINT ( 'NONE', #3092 ) ;
#3462 = CARTESIAN_POINT ( 'NONE',  ( 40.19436216970071740, 59.30864996279485979, -5.220000000000280416 ) ) ;
#3463 = FILL_AREA_STYLE_COLOUR ( '', #1007 ) ;
#3464 = CARTESIAN_POINT ( 'NONE',  ( 55.18232464189361508, 9.603415088687546231, -4.220000000000386109 ) ) ;
#3465 = EDGE_CURVE ( 'NONE', #3613, #1080, #464, .T. ) ;
#3466 = STYLED_ITEM ( 'NONE', ( #206 ), #230 ) ;
#3467 = DIRECTION ( 'NONE',  ( -1.000000000000000000, 0.000000000000000000, 0.000000000000000000 ) ) ;
#3468 = EDGE_LOOP ( 'NONE', ( #3710, #2058, #2280, #2759 ) ) ;
#3469 = CARTESIAN_POINT ( 'NONE',  ( 5.930547770565100407, 6.548649962794852009, 22.27999999999995140 ) ) ;
#3470 = EDGE_LOOP ( 'NONE', ( #3012, #1056, #317, #1557, #276 ) ) ;
#3471 = CIRCLE ( 'NONE', #3597, 1.976629218758616080 ) ;
#3472 = EDGE_CURVE ( 'NONE', #1488, #785, #1830, .T. ) ;
#3473 = AXIS2_PLACEMENT_3D ( 'NONE', #3484, #838, #2392 ) ;
#3474 = CARTESIAN_POINT ( 'NONE',  ( 49.69054777056490479, 72.30864996279485979, -5.220000000000347029 ) ) ;
#3475 = AXIS2_PLACEMENT_3D ( 'NONE', #2837, #436, #3385 ) ;
#3476 = AXIS2_PLACEMENT_3D ( 'NONE', #1959, #493, #509 ) ;
#3477 = EDGE_CURVE ( 'NONE', #857, #1460, #3423, .T. ) ;
#3478 = AXIS2_PLACEMENT_3D ( 'NONE', #808, #1678, #214 ) ;
#3479 = CIRCLE ( 'NONE', #2739, 7.000000000000000000 ) ;
#3480 = DIRECTION ( 'NONE',  ( -1.000000000000000000, -9.875726538627338513E-17, 0.000000000000000000 ) ) ;
#3481 = VERTEX_POINT ( 'NONE', #3641 ) ;
#3482 = ORIENTED_EDGE ( 'NONE', *, *, #3794, .T. ) ;
#3483 = AXIS2_PLACEMENT_3D ( 'NONE', #3764, #260, #2520 ) ;
#3484 = CARTESIAN_POINT ( 'NONE',  ( 49.59054777056509522, 6.548649962794857338, -4.220000000000348805 ) ) ;
#3485 =( GEOMETRIC_REPRESENTATION_CONTEXT ( 3 ) GLOBAL_UNCERTAINTY_ASSIGNED_CONTEXT ( ( #3138 ) ) GLOBAL_UNIT_ASSIGNED_CONTEXT ( ( #386, #2767, #425 ) ) REPRESENTATION_CONTEXT ( 'NONE', 'WORKASPACE' ) );
#3486 = EDGE_LOOP ( 'NONE', ( #3786, #2387, #2204, #2426 ) ) ;
#3487 = DIRECTION ( 'NONE',  ( -3.539674085816207796E-17, -1.000000000000000000, 0.000000000000000000 ) ) ;
#3488 = DIRECTION ( 'NONE',  ( 6.982962677686268288E-15, 4.613082634732178472E-17, 1.000000000000000000 ) ) ;
#3489 = FACE_OUTER_BOUND ( 'NONE', #3214, .T. ) ;
#3490 = CARTESIAN_POINT ( 'NONE',  ( 1.930547770565094190, 50.37502496992322421, -2.719999999999999751 ) ) ;
#3491 = DIRECTION ( 'NONE',  ( -1.000000000000000000, -9.875726538627338513E-17, -0.000000000000000000 ) ) ;
#3492 = ORIENTED_EDGE ( 'NONE', *, *, #1733, .F. ) ;
#3493 = DIRECTION ( 'NONE',  ( 0.000000000000000000, -0.000000000000000000, 1.000000000000000000 ) ) ;
#3494 = EDGE_LOOP ( 'NONE', ( #413, #3528, #3152, #2896 ) ) ;
#3495 = VERTEX_POINT ( 'NONE', #1001 ) ;
#3496 = LINE ( 'NONE', #2890, #581 ) ;
#3497 = EDGE_CURVE ( 'NONE', #785, #213, #2181, .T. ) ;
#3498 = EDGE_CURVE ( 'NONE', #2020, #900, #2259, .T. ) ;
#3499 = VERTEX_POINT ( 'NONE', #1694 ) ;
#3500 = ORIENTED_EDGE ( 'NONE', *, *, #529, .T. ) ;
#3501 = FACE_OUTER_BOUND ( 'NONE', #3445, .T. ) ;
#3502 = ORIENTED_EDGE ( 'NONE', *, *, #765, .T. ) ;
#3503 = CARTESIAN_POINT ( 'NONE',  ( 0.4856960532219778970, 16.48354445882798913, -2.719999999999999751 ) ) ;
#3504 = CARTESIAN_POINT ( 'NONE',  ( 51.77382052458578698, 71.03853118331539918, 20.98000000000000043 ) ) ;
#3505 = CARTESIAN_POINT ( 'NONE',  ( 56.59054777056509522, -0.4513500372051426068, -4.220000000000403872 ) ) ;
#3506 = DIRECTION ( 'NONE',  ( 1.000000000000000000, 1.819894540470842339E-17, 0.000000000000000000 ) ) ;
#3507 = PLANE ( 'NONE',  #2317 ) ;
#3508 = ORIENTED_EDGE ( 'NONE', *, *, #379, .T. ) ;
#3509 = CARTESIAN_POINT ( 'NONE',  ( 56.59054777056508811, 62.54864996279485467, 4.731575315786940905 ) ) ;
#3510 = VERTEX_POINT ( 'NONE', #2312 ) ;
#3511 = ORIENTED_EDGE ( 'NONE', *, *, #2550, .F. ) ;
#3512 = CARTESIAN_POINT ( 'NONE',  ( 26.43000000000000327, 73.16365341904581499, 2.500000000000002220 ) ) ;
#3513 = DIRECTION ( 'NONE',  ( -1.000000000000000000, 0.000000000000000000, 0.000000000000000000 ) ) ;
#3514 = EDGE_CURVE ( 'NONE', #3398, #837, #550, .T. ) ;
#3515 = CARTESIAN_POINT ( 'NONE',  ( 5.930547770565093302, 69.54864996279485467, 5.874573452260849038 ) ) ;
#3516 = EDGE_LOOP ( 'NONE', ( #2640, #3553, #2629, #448 ) ) ;
#3517 = ORIENTED_EDGE ( 'NONE', *, *, #3229, .F. ) ;
#3518 = ADVANCED_FACE ( 'NONE', ( #2274 ), #3410, .F. ) ;
#3519 = DIRECTION ( 'NONE',  ( -0.000000000000000000, -0.000000000000000000, -1.000000000000000000 ) ) ;
#3520 = CARTESIAN_POINT ( 'NONE',  ( 43.19436216970090925, 28.70864996162471172, 22.28100000000013026 ) ) ;
#3521 = ORIENTED_EDGE ( 'NONE', *, *, #1665, .F. ) ;
#3522 = CARTESIAN_POINT ( 'NONE',  ( 58.69054777056509664, 63.30864996279486689, 20.98000000000000043 ) ) ;
#3523 = CARTESIAN_POINT ( 'NONE',  ( 43.91782418975080304, 63.94971519960140682, 11.05714787712906322 ) ) ;
#3524 = DIRECTION ( 'NONE',  ( 6.985711724991827554E-15, 0.000000000000000000, 1.000000000000000000 ) ) ;
#3525 = DIRECTION ( 'NONE',  ( 0.000000000000000000, 1.000000000000000000, 0.000000000000000000 ) ) ;
#3526 = EDGE_CURVE ( 'NONE', #2508, #3461, #2826, .T. ) ;
#3527 = DIRECTION ( 'NONE',  ( -1.000000000000000000, 9.219896231606734370E-17, 6.982962677686269077E-15 ) ) ;
#3528 = ORIENTED_EDGE ( 'NONE', *, *, #485, .T. ) ;
#3529 = CARTESIAN_POINT ( 'NONE',  ( 8.259691434521279518, 71.14864996279486320, 9.113084999999994551 ) ) ;
#3530 = VERTEX_POINT ( 'NONE', #840 ) ;
#3531 = DIRECTION ( 'NONE',  ( -0.000000000000000000, -0.000000000000000000, -1.000000000000000000 ) ) ;
#3532 = AXIS2_PLACEMENT_3D ( 'NONE', #1224, #2023, #2104 ) ;
#3533 = AXIS2_PLACEMENT_3D ( 'NONE', #651, #1252, #3598 ) ;
#3534 = VERTEX_POINT ( 'NONE', #1713 ) ;
#3535 = FACE_BOUND ( 'NONE', #3309, .T. ) ;
#3536 = CARTESIAN_POINT ( 'NONE',  ( 0.4856960532219778970, 53.28493077553747526, -4.219999999999999751 ) ) ;
#3537 = AXIS2_PLACEMENT_3D ( 'NONE', #2879, #1408, #3746 ) ;
#3538 = AXIS2_PLACEMENT_3D ( 'NONE', #1261, #2704, #2438 ) ;
#3539 = AXIS2_PLACEMENT_3D ( 'NONE', #55, #9, #2056 ) ;
#3540 = VECTOR ( 'NONE', #1484, 1000.000000000000000 ) ;
#3541 = VERTEX_POINT ( 'NONE', #226 ) ;
#3542 = VERTEX_POINT ( 'NONE', #2559 ) ;
#3543 = VECTOR ( 'NONE', #3339, 1000.000000000000000 ) ;
#3544 = DIRECTION ( 'NONE',  ( -1.156482317317868451E-14, 0.000000000000000000, -1.000000000000000000 ) ) ;
#3545 = ORIENTED_EDGE ( 'NONE', *, *, #3383, .T. ) ;
#3546 = DIRECTION ( 'NONE',  ( 9.219896231606733138E-17, 1.000000000000000000, 0.000000000000000000 ) ) ;
#3547 = CARTESIAN_POINT ( 'NONE',  ( 51.77787252435101095, 71.10458098673557004, 22.27999999999963876 ) ) ;
#3548 = VECTOR ( 'NONE', #3355, 1000.000000000000000 ) ;
#3549 = EDGE_CURVE ( 'NONE', #3613, #3171, #1425, .T. ) ;
#3550 = FACE_BOUND ( 'NONE', #3340, .T. ) ;
#3551 = CARTESIAN_POINT ( 'NONE',  ( 4.030547770565093835, -1.951350037205149768, 22.28000000000000114 ) ) ;
#3552 = DIRECTION ( 'NONE',  ( 1.000000000000000000, 0.000000000000000000, 0.000000000000000000 ) ) ;
#3553 = ORIENTED_EDGE ( 'NONE', *, *, #1784, .T. ) ;
#3554 = CARTESIAN_POINT ( 'NONE',  ( 55.68232464189361508, 10.13957987723296306, -2.719999999999999751 ) ) ;
#3555 = EDGE_CURVE ( 'NONE', #3059, #1439, #1762, .T. ) ;
#3556 = VERTEX_POINT ( 'NONE', #242 ) ;
#3557 = DIRECTION ( 'NONE',  ( 1.000000000000000000, 0.000000000000000000, 1.485878661455921679E-16 ) ) ;
#3558 = LINE ( 'NONE', #1549, #774 ) ;
#3559 = ORIENTED_EDGE ( 'NONE', *, *, #2464, .F. ) ;
#3560 = CARTESIAN_POINT ( 'NONE',  ( 11.28632900351048995, 13.44864996279486213, -4.220000000000082352 ) ) ;
#3561 = DIRECTION ( 'NONE',  ( -0.000000000000000000, -0.000000000000000000, -1.000000000000000000 ) ) ;
#3562 = VERTEX_POINT ( 'NONE', #1656 ) ;
#3563 = EDGE_LOOP ( 'NONE', ( #2669, #1857, #177, #3231 ) ) ;
#3564 = DIRECTION ( 'NONE',  ( -6.991222571849442943E-15, 6.445834664451861890E-31, -1.000000000000000000 ) ) ;
#3565 = CARTESIAN_POINT ( 'NONE',  ( 51.69054777056510375, 4.048649962794851120, 20.98000000000000043 ) ) ;
#3566 = CARTESIAN_POINT ( 'NONE',  ( 58.69054777056504690, 49.56776721078237813, 12.77999999999959080 ) ) ;
#3567 = CARTESIAN_POINT ( 'NONE',  ( 54.57418662029597556, 69.66827618187734572, 22.27999999999962455 ) ) ;
#3568 = CARTESIAN_POINT ( 'NONE',  ( 0.2635320128424241681, 54.24659521884282753, -2.719999999999999751 ) ) ;
#3569 = DIRECTION ( 'NONE',  ( 1.000000000000000000, 1.982541115402065307E-15, 1.239088197126290817E-16 ) ) ;
#3570 = ADVANCED_FACE ( 'NONE', ( #1947 ), #2844, .F. ) ;
#3571 = CARTESIAN_POINT ( 'NONE',  ( 51.92823289949192400, 72.02603289942094023, 17.60593378890960992 ) ) ;
#3572 = VERTEX_POINT ( 'NONE', #1672 ) ;
#3573 = DIRECTION ( 'NONE',  ( -0.000000000000000000, -0.000000000000000000, -1.000000000000000000 ) ) ;
#3574 = ORIENTED_EDGE ( 'NONE', *, *, #2893, .F. ) ;
#3575 = LINE ( 'NONE', #2359, #3604 ) ;
#3576 = EDGE_CURVE ( 'NONE', #3673, #733, #3446, .T. ) ;
#3577 = CARTESIAN_POINT ( 'NONE',  ( 43.91782418975080304, 63.94971519960140682, 4.508361965348512079 ) ) ;
#3578 = EDGE_LOOP ( 'NONE', ( #1476, #2071, #2098, #539 ) ) ;
#3579 = DIRECTION ( 'NONE',  ( -0.000000000000000000, -0.000000000000000000, -1.000000000000000000 ) ) ;
#3580 = EDGE_CURVE ( 'NONE', #2273, #3059, #3748, .T. ) ;
#3581 = ORIENTED_EDGE ( 'NONE', *, *, #2145, .T. ) ;
#3582 = ORIENTED_EDGE ( 'NONE', *, *, #1192, .F. ) ;
#3583 = EDGE_LOOP ( 'NONE', ( #2862, #558, #3017, #417 ) ) ;
#3584 = LINE ( 'NONE', #3003, #3105 ) ;
#3585 = DIRECTION ( 'NONE',  ( 1.000000000000000000, 0.000000000000000000, -6.938893903907227589E-15 ) ) ;
#3586 = CARTESIAN_POINT ( 'NONE',  ( 4.030547770565092947, 4.048649962794851120, 20.98000000000000043 ) ) ;
#3587 = ORIENTED_EDGE ( 'NONE', *, *, #2899, .F. ) ;
#3588 = LINE ( 'NONE', #946, #2915 ) ;
#3589 = ORIENTED_EDGE ( 'NONE', *, *, #1803, .F. ) ;
#3590 = DIRECTION ( 'NONE',  ( -1.000000000000000000, 0.000000000000000000, 0.000000000000000000 ) ) ;
#3591 = ADVANCED_FACE ( 'NONE', ( #2289 ), #1057, .T. ) ;
#3592 = ORIENTED_EDGE ( 'NONE', *, *, #1590, .T. ) ;
#3593 = CARTESIAN_POINT ( 'NONE',  ( 51.92823289949193111, 72.02603289942094023, 17.60593378890960992 ) ) ;
#3594 = CIRCLE ( 'NONE', #2051, 1.000000000000000888 ) ;
#3595 = DIRECTION ( 'NONE',  ( -1.000000000000000000, -9.875726538627338513E-17, 0.000000000000000000 ) ) ;
#3596 = ADVANCED_FACE ( 'NONE', ( #1101, #1366, #1138 ), #3711, .T. ) ;
#3597 = AXIS2_PLACEMENT_3D ( 'NONE', #1556, #2805, #2174 ) ;
#3598 = DIRECTION ( 'NONE',  ( 0.000000000000000000, -0.000000000000000000, -1.000000000000000000 ) ) ;
#3599 = VERTEX_POINT ( 'NONE', #3190 ) ;
#3600 = AXIS2_PLACEMENT_3D ( 'NONE', #1795, #311, #1242 ) ;
#3601 = EDGE_CURVE ( 'NONE', #1632, #2733, #3366, .T. ) ;
#3602 = CIRCLE ( 'NONE', #2852, 4.999999999999997335 ) ;
#3603 = VERTEX_POINT ( 'NONE', #2235 ) ;
#3604 = VECTOR ( 'NONE', #1184, 1000.000000000000000 ) ;
#3605 = DIRECTION ( 'NONE',  ( 0.000000000000000000, 0.000000000000000000, 1.000000000000000000 ) ) ;
#3606 = ORIENTED_EDGE ( 'NONE', *, *, #915, .F. ) ;
#3607 = DIRECTION ( 'NONE',  ( 1.097021294834867144E-16, -1.000000000000000000, 0.000000000000000000 ) ) ;
#3608 = CARTESIAN_POINT ( 'NONE',  ( -1.069452229434908253, 69.54864996279485467, 17.60593378890962413 ) ) ;
#3609 = AXIS2_PLACEMENT_3D ( 'NONE', #361, #3241, #603 ) ;
#3610 = VECTOR ( 'NONE', #1675, 1000.000000000000000 ) ;
#3611 = DIRECTION ( 'NONE',  ( 1.000000000000000000, -0.000000000000000000, -6.982962677686267499E-15 ) ) ;
#3612 = AXIS2_PLACEMENT_3D ( 'NONE', #2734, #2453, #114 ) ;
#3613 = VERTEX_POINT ( 'NONE', #769 ) ;
#3614 = DIRECTION ( 'NONE',  ( -6.982962677686266711E-15, 0.000000000000000000, -1.000000000000000000 ) ) ;
#3615 = CARTESIAN_POINT ( 'NONE',  ( 58.69054777056489769, 63.30864996279486689, -6.595000000000409202 ) ) ;
#3616 = CARTESIAN_POINT ( 'NONE',  ( 14.68632900351048143, 16.84864996279485894, -5.220000000000101892 ) ) ;
#3617 = ORIENTED_EDGE ( 'NONE', *, *, #126, .T. ) ;
#3618 = CARTESIAN_POINT ( 'NONE',  ( -0.3756668833156939225, 3.506958205853917931, 13.72748912502316365 ) ) ;
#3619 = EDGE_CURVE ( 'NONE', #3572, #3128, #3430, .T. ) ;
#3620 = EDGE_LOOP ( 'NONE', ( #2685, #1930, #533, #1036, #2580, #2582, #193, #67 ) ) ;
#3621 = EDGE_CURVE ( 'NONE', #22, #2373, #1389, .T. ) ;
#3622 = LINE ( 'NONE', #980, #2302 ) ;
#3623 = FACE_OUTER_BOUND ( 'NONE', #2035, .T. ) ;
#3624 = EDGE_CURVE ( 'NONE', #2017, #626, #2318, .T. ) ;
#3625 = CARTESIAN_POINT ( 'NONE',  ( 58.69054777056498295, 63.30864996279486689, 5.068930122833083196 ) ) ;
#3626 = ORIENTED_EDGE ( 'NONE', *, *, #489, .T. ) ;
#3627 = CARTESIAN_POINT ( 'NONE',  ( 58.11023086179203290, 66.48810536322223186, 17.60593378890961702 ) ) ;
#3628 = VERTEX_POINT ( 'NONE', #58 ) ;
#3629 = EDGE_LOOP ( 'NONE', ( #670, #403, #294, #1469, #2995, #735, #1554, #640, #6, #3436, #2144, #2929, #2434 ) ) ;
#3630 = DIRECTION ( 'NONE',  ( -1.000000000000000000, 0.000000000000000000, 0.000000000000000000 ) ) ;
#3631 = DIRECTION ( 'NONE',  ( 0.000000000000000000, 0.000000000000000000, -1.000000000000000000 ) ) ;
#3632 = EDGE_LOOP ( 'NONE', ( #1451, #2705, #3382, #1833, #148, #1779, #1772, #3770 ) ) ;
#3633 = EDGE_CURVE ( 'NONE', #3171, #2112, #1154, .T. ) ;
#3634 = CARTESIAN_POINT ( 'NONE',  ( 43.91782418975080304, 63.94971519960140682, 11.05714787712906322 ) ) ;
#3635 = ORIENTED_EDGE ( 'NONE', *, *, #606, .F. ) ;
#3636 = CARTESIAN_POINT ( 'NONE',  ( 49.69054777056508954, 72.30864996279487400, 17.35718509944166499 ) ) ;
#3637 = EDGE_CURVE ( 'NONE', #1388, #3603, #616, .T. ) ;
#3638 = PRODUCT_DEFINITION ( 'UNKNOWN', '', #833, #1110 ) ;
#3639 = LINE ( 'NONE', #1308, #1509 ) ;
#3640 = ORIENTED_EDGE ( 'NONE', *, *, #1919, .F. ) ;
#3641 = CARTESIAN_POINT ( 'NONE',  ( -1.069452229434900037, 28.33165160576893626, 2.073270614191332406 ) ) ;
#3642 = ORIENTED_EDGE ( 'NONE', *, *, #2830, .F. ) ;
#3643 = ADVANCED_FACE ( 'NONE', ( #568, #1791 ), #2081, .T. ) ;
#3644 = ORIENTED_EDGE ( 'NONE', *, *, #3361, .T. ) ;
#3645 = PLANE ( 'NONE',  #279 ) ;
#3646 = FACE_OUTER_BOUND ( 'NONE', #3345, .T. ) ;
#3647 = VECTOR ( 'NONE', #2666, 1000.000000000000000 ) ;
#3648 = CARTESIAN_POINT ( 'NONE',  ( 4.030547770565097387, 65.30864996279485979, 22.28000000000000114 ) ) ;
#3649 = ORIENTED_EDGE ( 'NONE', *, *, #648, .T. ) ;
#3650 = FACE_OUTER_BOUND ( 'NONE', #2390, .T. ) ;
#3651 = VECTOR ( 'NONE', #730, 1000.000000000000114 ) ;
#3652 = VECTOR ( 'NONE', #3557, 1000.000000000000000 ) ;
#3653 =( BOUNDED_CURVE ( )  B_SPLINE_CURVE ( 3, ( #3509, #1091, #523, #192 ),
 .UNSPECIFIED., .F., .T. ) 
 B_SPLINE_CURVE_WITH_KNOTS ( ( 4, 4 ),
 ( 1.832636350861189589, 4.450548956318396421 ),
 .UNSPECIFIED. ) 
 CURVE ( )  GEOMETRIC_REPRESENTATION_ITEM ( )  RATIONAL_B_SPLINE_CURVE ( ( 1.000000000000000000, 0.5059055310058222510, 0.5059055310058222510, 1.000000000000000000 ) ) 
 REPRESENTATION_ITEM ( '' )  );
#3654 = DIRECTION ( 'NONE',  ( -6.991222571849442154E-15, 6.445834664451861014E-31, -1.000000000000000000 ) ) ;
#3655 = EDGE_CURVE ( 'NONE', #3805, #3039, #3308, .T. ) ;
#3656 = EDGE_LOOP ( 'NONE', ( #3121, #1217, #1248, #495 ) ) ;
#3657 = CARTESIAN_POINT ( 'NONE',  ( 49.59054777056508811, 69.54864996279485467, 22.28000000000000114 ) ) ;
#3658 = CARTESIAN_POINT ( 'NONE',  ( 49.69054777056510375, 72.30864996279485979, 23.65499999999965652 ) ) ;
#3659 = DIRECTION ( 'NONE',  ( -1.000000000000000000, 0.000000000000000000, 6.938893899847481947E-15 ) ) ;
#3660 = AXIS2_PLACEMENT_3D ( 'NONE', #1653, #3110, #1097 ) ;
#3661 = VECTOR ( 'NONE', #3064, 1000.000000000000000 ) ;
#3662 = VECTOR ( 'NONE', #1983, 1000.000000000000000 ) ;
#3663 = CARTESIAN_POINT ( 'NONE',  ( -1.069452229434267210, 69.54864996279485467, -4.219999999999987317 ) ) ;
#3664 = ADVANCED_FACE ( 'NONE', ( #3297 ), #1811, .F. ) ;
#3665 = EDGE_LOOP ( 'NONE', ( #2944, #166 ) ) ;
#3666 = DIRECTION ( 'NONE',  ( -1.000000000000000000, 0.000000000000000000, 6.982962677686268288E-15 ) ) ;
#3667 = ORIENTED_EDGE ( 'NONE', *, *, #3114, .F. ) ;
#3668 = VECTOR ( 'NONE', #534, 1000.000000000000000 ) ;
#3669 = CIRCLE ( 'NONE', #2011, 0.5999999999999999778 ) ;
#3670 = CARTESIAN_POINT ( 'NONE',  ( 8.259691434521279518, 71.14864996279486320, 12.11308500000000521 ) ) ;
#3671 = CARTESIAN_POINT ( 'NONE',  ( 57.09054777056508811, 52.14276721078237387, 2.199999999999607603 ) ) ;
#3672 = CARTESIAN_POINT ( 'NONE',  ( 55.68232464189361508, 9.603415088687542678, -4.219999999999999751 ) ) ;
#3673 = VERTEX_POINT ( 'NONE', #12 ) ;
#3674 = DIRECTION ( 'NONE',  ( 6.991222571849442154E-15, -6.445834664451860138E-31, 1.000000000000000000 ) ) ;
#3675 = DIRECTION ( 'NONE',  ( 1.000000000000000000, -0.000000000000000000, -6.982962677686267499E-15 ) ) ;
#3676 = ORIENTED_EDGE ( 'NONE', *, *, #1972, .T. ) ;
#3677 = DIRECTION ( 'NONE',  ( -0.000000000000000000, -0.000000000000000000, 1.000000000000000000 ) ) ;
#3678 = CARTESIAN_POINT ( 'NONE',  ( 56.88210630330837603, 66.85219597620499599, 22.28000000000000114 ) ) ;
#3679 = DIRECTION ( 'NONE',  ( 0.000000000000000000, 0.000000000000000000, 1.000000000000000000 ) ) ;
#3680 =( BOUNDED_SURFACE ( )  B_SPLINE_SURFACE ( 2, 3, ( 
 ( #2998, #346, #2116, #1518 ),
 ( #5, #3288, #2934, #918 ),
 ( #2647, #3223, #590, #1767 ) ),
 .UNSPECIFIED., .F., .F., .F. ) 
 B_SPLINE_SURFACE_WITH_KNOTS ( ( 3, 3 ),
 ( 4, 4 ),
 ( 0.000000000000000000, 1.000000000000000000 ),
 ( -0.001375000000000000354, 0.02887500000000000483 ),
 .UNSPECIFIED. ) 
 GEOMETRIC_REPRESENTATION_ITEM ( )  RATIONAL_B_SPLINE_SURFACE ( (
 ( 1.000000000000000000, 1.000000000000000000, 1.000000000000000000, 1.000000000000000000),
 ( 0.7071067811865474617, 0.7071067811865474617, 0.7071067811865474617, 0.7071067811865474617),
 ( 1.000000000000000000, 1.000000000000000000, 1.000000000000000000, 1.000000000000000000) ) ) 
 REPRESENTATION_ITEM ( '' )  SURFACE ( )  );
#3681 = EDGE_CURVE ( 'NONE', #2018, #2596, #3787, .T. ) ;
#3682 = ORIENTED_EDGE ( 'NONE', *, *, #8, .T. ) ;
#3683 = DIRECTION ( 'NONE',  ( 6.769652589177783090E-15, -0.000000000000000000, 1.000000000000000000 ) ) ;
#3684 = VERTEX_POINT ( 'NONE', #634 ) ;
#3685 = EDGE_CURVE ( 'NONE', #2553, #2018, #527, .T. ) ;
#3686 = LINE ( 'NONE', #105, #2860 ) ;
#3687 = DIRECTION ( 'NONE',  ( 0.000000000000000000, -0.000000000000000000, -1.000000000000000000 ) ) ;
#3688 = EDGE_CURVE ( 'NONE', #2373, #967, #1734, .T. ) ;
#3689 = B_SPLINE_CURVE_WITH_KNOTS ( 'NONE', 3,
 ( #3035, #2217, #1021, #678 ),
 .UNSPECIFIED., .F., .F.,
 ( 4, 4 ),
 ( 0.000000000000000000, 0.3741429135575814469 ),
 .UNSPECIFIED. ) ;
#3690 = DIRECTION ( 'NONE',  ( 0.000000000000000000, -1.000000000000000000, 0.000000000000000000 ) ) ;
#3691 = ORIENTED_EDGE ( 'NONE', *, *, #782, .T. ) ;
#3692 = DIRECTION ( 'NONE',  ( 0.000000000000000000, 0.000000000000000000, 1.000000000000000000 ) ) ;
#3693 = CARTESIAN_POINT ( 'NONE',  ( 14.68632900351067327, 13.44864996279486213, 22.28100000000032921 ) ) ;
#3694 = EDGE_LOOP ( 'NONE', ( #2936, #978, #985, #225, #382, #2632 ) ) ;
#3695 = DIRECTION ( 'NONE',  ( -0.000000000000000000, 1.000000000000000000, -0.000000000000000000 ) ) ;
#3696 = CARTESIAN_POINT ( 'NONE',  ( 56.59054777056509522, -0.4513500372051426068, -4.220000000000403872 ) ) ;
#3697 = CARTESIAN_POINT ( 'NONE',  ( 56.59054777056509522, -0.4513500372051426068, -95.90999724335667054 ) ) ;
#3698 = ORIENTED_EDGE ( 'NONE', *, *, #1527, .T. ) ;
#3699 = CARTESIAN_POINT ( 'NONE',  ( 56.59054777056508811, 52.71776721078237671, 12.78000000000004377 ) ) ;
#3700 = ORIENTED_EDGE ( 'NONE', *, *, #2187, .T. ) ;
#3701 = CARTESIAN_POINT ( 'NONE',  ( 52.03342253583754484, 72.07962492943617860, -5.220000000000363016 ) ) ;
#3702 = PLANE ( 'NONE',  #2248 ) ;
#3703 = EDGE_CURVE ( 'NONE', #3021, #1149, #2689, .T. ) ;
#3704 = EDGE_CURVE ( 'NONE', #3510, #267, #1162, .T. ) ;
#3705 = DIRECTION ( 'NONE',  ( 1.000000000000000000, 0.000000000000000000, 0.000000000000000000 ) ) ;
#3706 = CARTESIAN_POINT ( 'NONE',  ( -2.969452229435065593, 19.53054385779617874, -1.493539456592552828 ) ) ;
#3707 = VECTOR ( 'NONE', #2153, 1000.000000000000000 ) ;
#3708 = VECTOR ( 'NONE', #2765, 1000.000000000000000 ) ;
#3709 = DIRECTION ( 'NONE',  ( 1.000000000000000000, 0.000000000000000000, -0.000000000000000000 ) ) ;
#3710 = ORIENTED_EDGE ( 'NONE', *, *, #765, .F. ) ;
#3711 = PLANE ( 'NONE',  #2006 ) ;
#3712 = CARTESIAN_POINT ( 'NONE',  ( 56.05884803696362439, 68.18146976660983682, 20.98000000000000043 ) ) ;
#3713 = FACE_OUTER_BOUND ( 'NONE', #2817, .T. ) ;
#3714 = CIRCLE ( 'NONE', #3350, 5.280000000000000249 ) ;
#3715 = VECTOR ( 'NONE', #2114, 1000.000000000000000 ) ;
#3716 = AXIS2_PLACEMENT_3D ( 'NONE', #51, #627, #318 ) ;
#3717 = ORIENTED_EDGE ( 'NONE', *, *, #1982, .T. ) ;
#3718 = CYLINDRICAL_SURFACE ( 'NONE', #1938, 2.000000000000001776 ) ;
#3719 = ORIENTED_EDGE ( 'NONE', *, *, #600, .F. ) ;
#3720 = VECTOR ( 'NONE', #1970, 1000.000000000000000 ) ;
#3721 = CIRCLE ( 'NONE', #2067, 2.999999999999999556 ) ;
#3722 = CARTESIAN_POINT ( 'NONE',  ( 26.43000000000000327, 69.54864996279485467, 18.50000000000000000 ) ) ;
#3723 = AXIS2_PLACEMENT_3D ( 'NONE', #3146, #2881, #3172 ) ;
#3724 = EDGE_CURVE ( 'NONE', #3375, #70, #3253, .T. ) ;
#3725 = DIRECTION ( 'NONE',  ( 0.000000000000000000, -6.445834664451861890E-31, 1.000000000000000000 ) ) ;
#3726 = ORIENTED_EDGE ( 'NONE', *, *, #2043, .T. ) ;
#3727 = CARTESIAN_POINT ( 'NONE',  ( 41.70239533589094094, 10.04864996279486178, -5.220000000000291074 ) ) ;
#3728 = EDGE_CURVE ( 'NONE', #1971, #2815, #2696, .T. ) ;
#3729 = CARTESIAN_POINT ( 'NONE',  ( 56.59054777056508811, 52.11776721078237529, 12.77999999999960856 ) ) ;
#3730 = EDGE_LOOP ( 'NONE', ( #2981, #1800, #3717, #2865 ) ) ;
#3731 = DIRECTION ( 'NONE',  ( -0.000000000000000000, 0.000000000000000000, 1.000000000000000000 ) ) ;
#3732 = CARTESIAN_POINT ( 'NONE',  ( 0.4856960532219778970, 16.48354445882798913, -4.219999999999999751 ) ) ;
#3733 = CARTESIAN_POINT ( 'NONE',  ( 45.56833708395425475, 72.30864996279485979, 5.587642362129328077 ) ) ;
#3734 = CARTESIAN_POINT ( 'NONE',  ( 40.24739806742599768, 69.54864996279485467, 11.05714787712906322 ) ) ;
#3735 = EDGE_CURVE ( 'NONE', #2918, #1439, #2919, .T. ) ;
#3736 = CARTESIAN_POINT ( 'NONE',  ( 57.69054777056509664, 4.048649962794852009, 20.98000000000000043 ) ) ;
#3737 = ORIENTED_EDGE ( 'NONE', *, *, #725, .T. ) ;
#3738 = CARTESIAN_POINT ( 'NONE',  ( 5.930547770565093302, 69.54864996279485467, 15.35159614773915671 ) ) ;
#3739 = EDGE_LOOP ( 'NONE', ( #2394, #3502, #2241, #1721 ) ) ;
#3740 = DIRECTION ( 'NONE',  ( -1.000000000000000000, 0.000000000000000000, 0.000000000000000000 ) ) ;
#3741 = LINE ( 'NONE', #1681, #1324 ) ;
#3742 = LINE ( 'NONE', #2970, #1685 ) ;
#3743 = EDGE_LOOP ( 'NONE', ( #2992, #198, #1175, #3626, #2892, #3813, #1798, #3198, #89, #29, #2516, #1113 ) ) ;
#3744 = EDGE_CURVE ( 'NONE', #2167, #3495, #3584, .T. ) ;
#3745 = DIRECTION ( 'NONE',  ( -6.982962677686267499E-15, 0.000000000000000000, -1.000000000000000000 ) ) ;
#3746 = DIRECTION ( 'NONE',  ( 1.000000000000000000, 0.000000000000000000, 0.000000000000000000 ) ) ;
#3747 = ORIENTED_EDGE ( 'NONE', *, *, #836, .T. ) ;
#3748 = LINE ( 'NONE', #2000, #713 ) ;
#3749 = ADVANCED_FACE ( 'NONE', ( #858 ), #2122, .F. ) ;
#3750 = CARTESIAN_POINT ( 'NONE',  ( 56.88210630330837603, 66.85219597620499599, 20.98000000000000043 ) ) ;
#3751 = DIRECTION ( 'NONE',  ( -0.000000000000000000, -0.000000000000000000, -1.000000000000000000 ) ) ;
#3752 = CARTESIAN_POINT ( 'NONE',  ( -0.01430394677802200240, 53.83089438946936411, -4.219999999999999751 ) ) ;
#3753 = ORIENTED_EDGE ( 'NONE', *, *, #379, .F. ) ;
#3754 = DIRECTION ( 'NONE',  ( -6.991222571849442943E-15, 6.445834664451861890E-31, -1.000000000000000000 ) ) ;
#3755 = EDGE_CURVE ( 'NONE', #2815, #733, #281, .T. ) ;
#3756 = VERTEX_POINT ( 'NONE', #2782 ) ;
#3757 = LINE ( 'NONE', #584, #26 ) ;
#3758 = CARTESIAN_POINT ( 'NONE',  ( 3.336419742907833275, 69.05109415938106565, 12.53646377760015795 ) ) ;
#3759 = ORIENTED_EDGE ( 'NONE', *, *, #805, .F. ) ;
#3760 = CARTESIAN_POINT ( 'NONE',  ( 58.69054777056504690, 52.11776721078237529, 13.37999999999959400 ) ) ;
#3761 = ORIENTED_EDGE ( 'NONE', *, *, #1187, .F. ) ;
#3762 = LINE ( 'NONE', #2824, #1746 ) ;
#3763 = VERTEX_POINT ( 'NONE', #675 ) ;
#3764 = CARTESIAN_POINT ( 'NONE',  ( 26.43000000000000327, 69.54864996279485467, 10.50000000000000000 ) ) ;
#3765 = FILL_AREA_STYLE ('',( #3463 ) ) ;
#3766 = CARTESIAN_POINT ( 'NONE',  ( 53.23641769548857638, 70.48522407739665141, 20.98000000000000043 ) ) ;
#3767 = AXIS2_PLACEMENT_3D ( 'NONE', #1948, #3488, #841 ) ;
#3768 = EDGE_CURVE ( 'NONE', #3784, #3562, #773, .T. ) ;
#3769 = DIRECTION ( 'NONE',  ( 0.000000000000000000, 0.000000000000000000, 1.000000000000000000 ) ) ;
#3770 = ORIENTED_EDGE ( 'NONE', *, *, #1353, .T. ) ;
#3771 = DIRECTION ( 'NONE',  ( -6.982962677686266711E-15, 0.000000000000000000, -1.000000000000000000 ) ) ;
#3772 = VECTOR ( 'NONE', #3111, 1000.000000000000000 ) ;
#3773 = ORIENTED_EDGE ( 'NONE', *, *, #741, .F. ) ;
#3774 = VECTOR ( 'NONE', #1771, 1000.000000000000000 ) ;
#3775 = EDGE_CURVE ( 'NONE', #135, #1946, #3669, .T. ) ;
#3776 = CIRCLE ( 'NONE', #2245, 0.6000000000000033085 ) ;
#3777 = CARTESIAN_POINT ( 'NONE',  ( 49.59054777056508811, 62.54864996279485467, 17.60593378890962413 ) ) ;
#3778 = DIRECTION ( 'NONE',  ( -1.000000000000000000, -9.875726538627338513E-17, 0.000000000000000000 ) ) ;
#3779 = VECTOR ( 'NONE', #2417, 1000.000000000000000 ) ;
#3780 = VECTOR ( 'NONE', #263, 1000.000000000000000 ) ;
#3781 = VECTOR ( 'NONE', #2755, 1000.000000000000114 ) ;
#3782 = DIRECTION ( 'NONE',  ( -0.000000000000000000, 0.000000000000000000, -1.000000000000000000 ) ) ;
#3783 = VERTEX_POINT ( 'NONE', #1328 ) ;
#3784 = VERTEX_POINT ( 'NONE', #2462 ) ;
#3785 = DIRECTION ( 'NONE',  ( -1.000000000000000000, 0.000000000000000000, 6.938893903907232322E-15 ) ) ;
#3786 = ORIENTED_EDGE ( 'NONE', *, *, #2420, .F. ) ;
#3787 = LINE ( 'NONE', #2939, #1635 ) ;
#3788 = DIRECTION ( 'NONE',  ( 1.000000000000000000, -9.219896231606733138E-17, -6.982962677686268288E-15 ) ) ;
#3789 = DIRECTION ( 'NONE',  ( -1.177133787269976067E-16, 1.000000000000000000, -1.383924790419664573E-16 ) ) ;
#3790 = CARTESIAN_POINT ( 'NONE',  ( 8.259691434521279518, 71.14864996279486320, 5.333084799999998182 ) ) ;
#3791 = ORIENTED_EDGE ( 'NONE', *, *, #2925, .T. ) ;
#3792 = DIRECTION ( 'NONE',  ( -0.000000000000000000, -0.000000000000000000, -1.000000000000000000 ) ) ;
#3793 = ORIENTED_EDGE ( 'NONE', *, *, #3775, .F. ) ;
#3794 = EDGE_CURVE ( 'NONE', #3628, #270, #1853, .T. ) ;
#3795 = DIRECTION ( 'NONE',  ( -6.991222571849442943E-15, 6.445834664451861890E-31, -1.000000000000000000 ) ) ;
#3796 = EDGE_LOOP ( 'NONE', ( #2832, #731, #3242, #250 ) ) ;
#3797 = CARTESIAN_POINT ( 'NONE',  ( -2.969452229434973667, 4.048649962794844903, 12.76000000000002821 ) ) ;
#3798 = EDGE_CURVE ( 'NONE', #3128, #1016, #358, .T. ) ;
#3799 = CARTESIAN_POINT ( 'NONE',  ( 3.533249915418632980, 69.12620188997115633, 8.246944894044425212 ) ) ;
#3800 = ORIENTED_EDGE ( 'NONE', *, *, #343, .F. ) ;
#3801 = EDGE_CURVE ( 'NONE', #3217, #2088, #2148, .T. ) ;
#3802 = EDGE_LOOP ( 'NONE', ( #845, #1952, #2107, #3737 ) ) ;
#3803 = CARTESIAN_POINT ( 'NONE',  ( 56.59054777056509522, -0.4513500372051426068, 22.28000000000000114 ) ) ;
#3804 = CARTESIAN_POINT ( 'NONE',  ( 56.59054777056508811, 62.54864996279485467, 17.38272043847116421 ) ) ;
#3805 = VERTEX_POINT ( 'NONE', #3056 ) ;
#3806 = DIRECTION ( 'NONE',  ( 0.000000000000000000, 0.000000000000000000, 1.000000000000000000 ) ) ;
#3807 = DIRECTION ( 'NONE',  ( 1.000000000000000000, 0.000000000000000000, -6.982962677686267499E-15 ) ) ;
#3808 = CARTESIAN_POINT ( 'NONE',  ( 56.67766850965494285, 67.34648434556022778, 22.27999999999960679 ) ) ;
#3809 = DIRECTION ( 'NONE',  ( 0.000000000000000000, -6.445834664451861890E-31, 1.000000000000000000 ) ) ;
#3810 = FACE_OUTER_BOUND ( 'NONE', #1736, .T. ) ;
#3811 = ORIENTED_EDGE ( 'NONE', *, *, #1071, .F. ) ;
#3812 = CARTESIAN_POINT ( 'NONE',  ( -1.069452229434907364, 62.54864996279485467, 22.28000000000000114 ) ) ;
#3813 = ORIENTED_EDGE ( 'NONE', *, *, #1273, .T. ) ;
#3814 = CARTESIAN_POINT ( 'NONE',  ( -2.969452229435071366, 19.53054385779617874, -1.493539456592552828 ) ) ;
ENDSEC;
END-ISO-10303-21;
