ISO-10303-21;
HEADER;
FILE_DESCRIPTION (( 'STEP AP214' ),
    '1' );
FILE_NAME ('cubit3_bottom_enclosure.STEP',
    '2025-07-24T08:43:54',
    ( '' ),
    ( '' ),
    'SwSTEP 2.0',
    'SolidWorks 2023',
    '' );
FILE_SCHEMA (( 'AUTOMOTIVE_DESIGN' ));
ENDSEC;

DATA;
#1 = CARTESIAN_POINT ( 'NONE',  ( 0.000000000000000000, 15.07248610966331803, 1.899999999999999911 ) ) ;
#2 = CARTESIAN_POINT ( 'NONE',  ( 13.51247529139376091, 65.11340853431774178, 1.899999999999999911 ) ) ;
#3 = ORIENTED_EDGE ( 'NONE', *, *, #1120, .F. ) ;
#4 = CARTESIAN_POINT ( 'NONE',  ( 58.68213766236113571, 64.81540383481326728, -1.500000000000000000 ) ) ;
#5 = VERTEX_POINT ( 'NONE', #1772 ) ;
#6 = ADVANCED_FACE ( 'NONE', ( #1336 ), #622, .T. ) ;
#7 = DIRECTION ( 'NONE',  ( 0.9999999939505700430, 0.0001099948173134369586, 0.000000000000000000 ) ) ;
#8 = ORIENTED_EDGE ( 'NONE', *, *, #1642, .T. ) ;
#9 = CARTESIAN_POINT ( 'NONE',  ( 53.25478145081196146, 7.388666240755884252E-15, 1.899999999999999911 ) ) ;
#10 = DIRECTION ( 'NONE',  ( 1.000000000000000000, 0.000000000000000000, -0.000000000000000000 ) ) ;
#11 = DIRECTION ( 'NONE',  ( 0.000000000000000000, 0.000000000000000000, -1.000000000000000000 ) ) ;
#12 = ORIENTED_EDGE ( 'NONE', *, *, #554, .F. ) ;
#13 = CARTESIAN_POINT ( 'NONE',  ( 51.74044235015217197, 71.76123581809875418, 0.000000000000000000 ) ) ;
#14 = VECTOR ( 'NONE', #944, 1000.000000000000000 ) ;
#15 = ORIENTED_EDGE ( 'NONE', *, *, #1589, .F. ) ;
#16 = AXIS2_PLACEMENT_3D ( 'NONE', #1736, #1563, #287 ) ;
#17 = LINE ( 'NONE', #1161, #601 ) ;
#18 = ADVANCED_FACE ( 'NONE', ( #495 ), #917, .T. ) ;
#19 = ORIENTED_EDGE ( 'NONE', *, *, #804, .T. ) ;
#20 = CARTESIAN_POINT ( 'NONE',  ( 13.71247529139376198, 64.91340853431773894, 0.000000000000000000 ) ) ;
#21 = AXIS2_PLACEMENT_3D ( 'NONE', #1366, #818, #1512 ) ;
#22 = LINE ( 'NONE', #1157, #1038 ) ;
#23 = DIRECTION ( 'NONE',  ( 0.000000000000000000, 0.000000000000000000, 1.000000000000000000 ) ) ;
#24 = CARTESIAN_POINT ( 'NONE',  ( 50.68249232739002252, 71.81173785294477341, -1.500000000000000000 ) ) ;
#25 = ORIENTED_EDGE ( 'NONE', *, *, #1167, .F. ) ;
#26 = CYLINDRICAL_SURFACE ( 'NONE', #1027, 0.1999999999999996503 ) ;
#27 = CARTESIAN_POINT ( 'NONE',  ( 4.325584991616800323, 65.11340853431774178, 0.000000000000000000 ) ) ;
#28 = AXIS2_PLACEMENT_3D ( 'NONE', #1722, #1578, #1732 ) ;
#29 = CARTESIAN_POINT ( 'NONE',  ( 2.654248678619039752E-15, 15.07248610966332514, 1.899999999999999911 ) ) ;
#30 = CARTESIAN_POINT ( 'NONE',  ( 59.68249232739000831, 72.76173785294476204, 1.899999999999999911 ) ) ;
#31 = CARTESIAN_POINT ( 'NONE',  ( 33.65029304469298665, 5.127909692599088132, 0.000000000000000000 ) ) ;
#32 = ORIENTED_EDGE ( 'NONE', *, *, #909, .F. ) ;
#33 = DIRECTION ( 'NONE',  ( 0.000000000000000000, 0.000000000000000000, 1.000000000000000000 ) ) ;
#34 = DIRECTION ( 'NONE',  ( 0.000000000000000000, 0.000000000000000000, -1.000000000000000000 ) ) ;
#35 = CARTESIAN_POINT ( 'NONE',  ( 43.20395725499802353, 4.928938545981449870, 0.000000000000000000 ) ) ;
#36 = CARTESIAN_POINT ( 'NONE',  ( 50.68249232739002252, 71.81173785294477341, 0.000000000000000000 ) ) ;
#37 = CARTESIAN_POINT ( 'NONE',  ( 51.21421522319870689, 71.81173785294483025, 0.000000000000000000 ) ) ;
#38 = VERTEX_POINT ( 'NONE', #1055 ) ;
#39 = FACE_OUTER_BOUND ( 'NONE', #529, .T. ) ;
#40 = AXIS2_PLACEMENT_3D ( 'NONE', #866, #1034, #892 ) ;
#41 = DIRECTION ( 'NONE',  ( 0.000000000000000000, 0.000000000000000000, 1.000000000000000000 ) ) ;
#42 = CIRCLE ( 'NONE', #1057, 6.050000000000001599 ) ;
#43 = LINE ( 'NONE', #764, #145 ) ;
#44 = DIRECTION ( 'NONE',  ( -1.000000000000000000, 0.000000000000000000, 0.000000000000000000 ) ) ;
#45 = DIRECTION ( 'NONE',  ( 0.000000000000000000, -0.000000000000000000, -1.000000000000000000 ) ) ;
#46 = VERTEX_POINT ( 'NONE', #92 ) ;
#47 = EDGE_CURVE ( 'NONE', #608, #38, #68, .T. ) ;
#48 = ORIENTED_EDGE ( 'NONE', *, *, #634, .T. ) ;
#49 = CARTESIAN_POINT ( 'NONE',  ( 4.973509564700037799, 4.501998901366988548, 0.000000000000000000 ) ) ;
#50 = DIRECTION ( 'NONE',  ( 1.000000000000000000, 2.545236479310125717E-16, 0.000000000000000000 ) ) ;
#51 = DIRECTION ( 'NONE',  ( -1.000000000000000000, 0.000000000000000000, 0.000000000000000000 ) ) ;
#52 = CARTESIAN_POINT ( 'NONE',  ( 0.000000000000000000, 0.000000000000000000, 0.000000000000000000 ) ) ;
#53 = VECTOR ( 'NONE', #668, 1000.000000000000000 ) ;
#54 = LINE ( 'NONE', #1043, #1579 ) ;
#55 = ORIENTED_EDGE ( 'NONE', *, *, #719, .F. ) ;
#56 = CARTESIAN_POINT ( 'NONE',  ( 50.68249232739001542, 72.76173785294476204, -0.09499999999999982070 ) ) ;
#57 = DIRECTION ( 'NONE',  ( 1.000000000000000000, 0.000000000000000000, 0.000000000000000000 ) ) ;
#58 = EDGE_CURVE ( 'NONE', #803, #1644, #1474, .T. ) ;
#59 = LINE ( 'NONE', #487, #400 ) ;
#60 = ADVANCED_FACE ( 'NONE', ( #1073 ), #209, .T. ) ;
#61 = DIRECTION ( 'NONE',  ( -0.000000000000000000, 0.000000000000000000, 1.000000000000000000 ) ) ;
#62 = ADVANCED_FACE ( 'NONE', ( #638 ), #354, .F. ) ;
#63 = DIRECTION ( 'NONE',  ( 0.000000000000000000, 0.000000000000000000, 1.000000000000000000 ) ) ;
#64 = ORIENTED_EDGE ( 'NONE', *, *, #424, .F. ) ;
#65 = DIRECTION ( 'NONE',  ( 0.000000000000000000, -1.000000000000000000, 0.000000000000000000 ) ) ;
#66 = CARTESIAN_POINT ( 'NONE',  ( 43.40393525603455771, 5.128938544771564523, 1.899999999999999911 ) ) ;
#67 = LINE ( 'NONE', #770, #318 ) ;
#68 = CIRCLE ( 'NONE', #1436, 6.050000000000001599 ) ;
#69 = ADVANCED_FACE ( 'NONE', ( #1689 ), #1255, .F. ) ;
#70 = DIRECTION ( 'NONE',  ( -1.000000000000000000, 0.000000000000000000, -0.000000000000000000 ) ) ;
#71 =( NAMED_UNIT ( * ) SI_UNIT ( $, .STERADIAN. ) SOLID_ANGLE_UNIT ( ) );
#72 = CARTESIAN_POINT ( 'NONE',  ( 53.25478145081196146, 15.27248610966331555, 0.000000000000000000 ) ) ;
#73 = VECTOR ( 'NONE', #1820, 1000.000000000000000 ) ;
#74 = ORIENTED_EDGE ( 'NONE', *, *, #531, .T. ) ;
#75 = CARTESIAN_POINT ( 'NONE',  ( 23.98644712270021273, 55.06052811971416361, 5.000000000000000000 ) ) ;
#76 = CYLINDRICAL_SURFACE ( 'NONE', #648, 6.999999999999999112 ) ;
#77 = PLANE ( 'NONE',  #1801 ) ;
#78 = DIRECTION ( 'NONE',  ( 0.000000000000000000, 0.000000000000000000, -1.000000000000000000 ) ) ;
#79 = LINE ( 'NONE', #635, #1257 ) ;
#80 = VERTEX_POINT ( 'NONE', #1534 ) ;
#81 = VECTOR ( 'NONE', #1427, 1000.000000000000000 ) ;
#82 = CARTESIAN_POINT ( 'NONE',  ( 50.68249232739001542, 72.76173785294476204, 1.298333333333334005 ) ) ;
#83 = CARTESIAN_POINT ( 'NONE',  ( 4.125584991616801034, 64.91340853431773894, 0.000000000000000000 ) ) ;
#84 = EDGE_CURVE ( 'NONE', #1811, #686, #833, .T. ) ;
#85 = ORIENTED_EDGE ( 'NONE', *, *, #1682, .F. ) ;
#86 = LINE ( 'NONE', #1393, #1087 ) ;
#87 = VERTEX_POINT ( 'NONE', #1666 ) ;
#88 = FACE_OUTER_BOUND ( 'NONE', #432, .T. ) ;
#89 = CARTESIAN_POINT ( 'NONE',  ( -1.076490435299964687, 65.76173785294474783, -1.500000000000000000 ) ) ;
#90 = EDGE_LOOP ( 'NONE', ( #1062, #219, #647, #1562 ) ) ;
#91 = EDGE_CURVE ( 'NONE', #1601, #961, #674, .T. ) ;
#92 = CARTESIAN_POINT ( 'NONE',  ( 23.59274383753431792, 15.07248610966331803, 0.000000000000000000 ) ) ;
#93 = DIRECTION ( 'NONE',  ( -0.000000000000000000, -1.000000000000000000, -0.000000000000000000 ) ) ;
#94 = ORIENTED_EDGE ( 'NONE', *, *, #127, .T. ) ;
#95 = DIRECTION ( 'NONE',  ( 0.000000000000000000, 0.000000000000000000, 1.000000000000000000 ) ) ;
#96 = ORIENTED_EDGE ( 'NONE', *, *, #909, .T. ) ;
#97 = CARTESIAN_POINT ( 'NONE',  ( 51.85608101131510494, 72.76173785294490415, -1.500000000000000000 ) ) ;
#98 = AXIS2_PLACEMENT_3D ( 'NONE', #644, #1217, #1226 ) ;
#99 = CARTESIAN_POINT ( 'NONE',  ( 53.25478145081195436, 65.08547442474340983, 0.000000000000000000 ) ) ;
#100 = ORIENTED_EDGE ( 'NONE', *, *, #1682, .T. ) ;
#101 = DIRECTION ( 'NONE',  ( -1.000000000000000000, 0.000000000000000000, -0.000000000000000000 ) ) ;
#102 = VECTOR ( 'NONE', #519, 1000.000000000000000 ) ;
#103 = CARTESIAN_POINT ( 'NONE',  ( 4.973509564700030694, 71.81173785294474499, 0.000000000000000000 ) ) ;
#104 = ORIENTED_EDGE ( 'NONE', *, *, #1133, .F. ) ;
#105 = ADVANCED_FACE ( 'NONE', ( #1400, #1391 ), #258, .F. ) ;
#106 = DIRECTION ( 'NONE',  ( -0.000000000000000000, -0.000000000000000000, 1.000000000000000000 ) ) ;
#107 = VERTEX_POINT ( 'NONE', #1264 ) ;
#108 = DIRECTION ( 'NONE',  ( -1.000000000000000000, 0.000000000000000000, 0.000000000000000000 ) ) ;
#109 = DIRECTION ( 'NONE',  ( -0.000000000000000000, -0.000000000000000000, 1.000000000000000000 ) ) ;
#110 = ORIENTED_EDGE ( 'NONE', *, *, #881, .F. ) ;
#111 = CARTESIAN_POINT ( 'NONE',  ( 58.46538188658456647, 65.84067560571556044, -1.500000000000000000 ) ) ;
#112 = ORIENTED_EDGE ( 'NONE', *, *, #226, .F. ) ;
#113 = VECTOR ( 'NONE', #1030, 1000.000000000000000 ) ;
#114 = EDGE_CURVE ( 'NONE', #1795, #1493, #418, .T. ) ;
#115 = CARTESIAN_POINT ( 'NONE',  ( 59.68249232739000831, 63.76173785294476914, 1.899999999999999911 ) ) ;
#116 = ADVANCED_FACE ( 'NONE', ( #683 ), #824, .F. ) ;
#117 = ORIENTED_EDGE ( 'NONE', *, *, #1432, .T. ) ;
#118 = VECTOR ( 'NONE', #1455, 1000.000000000000000 ) ;
#119 = ADVANCED_FACE ( 'NONE', ( #543 ), #1829, .F. ) ;
#120 = CARTESIAN_POINT ( 'NONE',  ( 33.65029304469298665, 0.000000000000000000, 1.899999999999999911 ) ) ;
#121 = ORIENTED_EDGE ( 'NONE', *, *, #580, .T. ) ;
#122 = CARTESIAN_POINT ( 'NONE',  ( 0.000000000000000000, 0.000000000000000000, 1.899999999999999911 ) ) ;
#123 = VERTEX_POINT ( 'NONE', #176 ) ;
#124 = CARTESIAN_POINT ( 'NONE',  ( 33.85031504365645105, 4.927909693808974367, 1.899999999999999689 ) ) ;
#125 = ORIENTED_EDGE ( 'NONE', *, *, #448, .F. ) ;
#126 = CARTESIAN_POINT ( 'NONE',  ( 54.23233394596721268, 72.28857739360641688, 0.000000000000000000 ) ) ;
#127 = EDGE_CURVE ( 'NONE', #374, #233, #1577, .T. ) ;
#128 = CARTESIAN_POINT ( 'NONE',  ( 23.98644712270021273, 64.92986164836351293, 1.899999999999999689 ) ) ;
#129 = ORIENTED_EDGE ( 'NONE', *, *, #506, .F. ) ;
#130 = CARTESIAN_POINT ( 'NONE',  ( 58.31172590599943817, 66.34558536656089700, -1.500000000000000000 ) ) ;
#131 = ORIENTED_EDGE ( 'NONE', *, *, #669, .T. ) ;
#132 = AXIS2_PLACEMENT_3D ( 'NONE', #808, #262, #938 ) ;
#133 = FACE_OUTER_BOUND ( 'NONE', #1665, .T. ) ;
#134 = CIRCLE ( 'NONE', #603, 0.1999999999999996503 ) ;
#135 = ORIENTED_EDGE ( 'NONE', *, *, #1444, .T. ) ;
#136 = LINE ( 'NONE', #1445, #1067 ) ;
#137 = DIRECTION ( 'NONE',  ( -1.000000000000000000, 0.000000000000000000, -0.000000000000000000 ) ) ;
#138 = LINE ( 'NONE', #560, #755 ) ;
#139 = ORIENTED_EDGE ( 'NONE', *, *, #1758, .T. ) ;
#140 = CARTESIAN_POINT ( 'NONE',  ( 58.73249232739000547, 63.76173785294475493, 0.000000000000000000 ) ) ;
#141 = ORIENTED_EDGE ( 'NONE', *, *, #438, .T. ) ;
#142 = EDGE_CURVE ( 'NONE', #695, #1237, #212, .T. ) ;
#143 = DIRECTION ( 'NONE',  ( -1.000000000000000000, 0.000000000000000000, 0.000000000000000000 ) ) ;
#144 = ORIENTED_EDGE ( 'NONE', *, *, #954, .F. ) ;
#145 = VECTOR ( 'NONE', #633, 1000.000000000000000 ) ;
#146 = CARTESIAN_POINT ( 'NONE',  ( 58.52858269697766502, 65.85459738296611931, -1.500000000000000444 ) ) ;
#147 = CARTESIAN_POINT ( 'NONE',  ( 4.325584991616800323, 65.11340853431774178, 1.899999999999999911 ) ) ;
#148 = CARTESIAN_POINT ( 'NONE',  ( 43.57797558682614891, 64.88547442474340698, 0.000000000000000000 ) ) ;
#149 = ORIENTED_EDGE ( 'NONE', *, *, #1511, .F. ) ;
#150 = LINE ( 'NONE', #883, #508 ) ;
#151 = ORIENTED_EDGE ( 'NONE', *, *, #182, .F. ) ;
#152 = CARTESIAN_POINT ( 'NONE',  ( 50.68249232739001542, 72.76173785294476204, 1.899999999999999911 ) ) ;
#153 = ORIENTED_EDGE ( 'NONE', *, *, #857, .T. ) ;
#154 = DIRECTION ( 'NONE',  ( -0.000000000000000000, -0.000000000000000000, 1.000000000000000000 ) ) ;
#155 = DIRECTION ( 'NONE',  ( 0.000000000000000000, 0.000000000000000000, 1.000000000000000000 ) ) ;
#156 = CARTESIAN_POINT ( 'NONE',  ( 58.73249232739001968, 64.29286703209416487, 0.000000000000000000 ) ) ;
#157 = ORIENTED_EDGE ( 'NONE', *, *, #702, .F. ) ;
#158 = CARTESIAN_POINT ( 'NONE',  ( 33.46530128803042459, 0.000000000000000000, 1.899999999999999911 ) ) ;
#159 = ORIENTED_EDGE ( 'NONE', *, *, #781, .T. ) ;
#160 = LINE ( 'NONE', #1443, #451 ) ;
#161 = ADVANCED_FACE ( 'NONE', ( #1710 ), #1151, .T. ) ;
#162 = ORIENTED_EDGE ( 'NONE', *, *, #1374, .T. ) ;
#163 = LINE ( 'NONE', #27, #1300 ) ;
#164 = AXIS2_PLACEMENT_3D ( 'NONE', #196, #1452, #210 ) ;
#165 = CARTESIAN_POINT ( 'NONE',  ( 4.973509564700037799, -2.498001098633011008, 1.899999999999999911 ) ) ;
#166 = CARTESIAN_POINT ( 'NONE',  ( 54.01300667493015339, 71.09518542119788265, 0.000000000000000000 ) ) ;
#167 = CARTESIAN_POINT ( 'NONE',  ( 51.85608101131510494, 72.76173785294490415, 0.000000000000000000 ) ) ;
#168 = ORIENTED_EDGE ( 'NONE', *, *, #1560, .F. ) ;
#169 = PLANE ( 'NONE',  #1376 ) ;
#170 = DIRECTION ( 'NONE',  ( -1.000000000000000000, 0.000000000000000000, 0.000000000000000000 ) ) ;
#171 = AXIS2_PLACEMENT_3D ( 'NONE', #1047, #920, #1348 ) ;
#172 = EDGE_CURVE ( 'NONE', #1220, #502, #749, .T. ) ;
#173 = CARTESIAN_POINT ( 'NONE',  ( 13.71247529139376198, 64.91340853431773894, 0.000000000000000000 ) ) ;
#174 = CARTESIAN_POINT ( 'NONE',  ( 13.71247529139376198, 55.06052811971416361, 1.899999999999999689 ) ) ;
#175 = EDGE_CURVE ( 'NONE', #1782, #291, #899, .T. ) ;
#176 = CARTESIAN_POINT ( 'NONE',  ( 33.85031504365645105, 4.927909693808974367, 0.000000000000000000 ) ) ;
#177 = ORIENTED_EDGE ( 'NONE', *, *, #1725, .T. ) ;
#178 = DIRECTION ( 'NONE',  ( 0.000000000000000000, 0.000000000000000000, -1.000000000000000000 ) ) ;
#179 = DIRECTION ( 'NONE',  ( 1.719093174240459738E-16, -1.000000000000000000, 0.000000000000000000 ) ) ;
#180 = DIRECTION ( 'NONE',  ( 1.000000000000000000, -1.760989301504374138E-16, 0.000000000000000000 ) ) ;
#181 = FACE_OUTER_BOUND ( 'NONE', #1100, .T. ) ;
#182 = EDGE_CURVE ( 'NONE', #1343, #608, #1456, .T. ) ;
#183 = CARTESIAN_POINT ( 'NONE',  ( 53.28203802046203208, 71.38549485382611692, 0.000000000000000000 ) ) ;
#184 = ORIENTED_EDGE ( 'NONE', *, *, #850, .F. ) ;
#185 = CARTESIAN_POINT ( 'NONE',  ( 4.973509564700037799, 72.76173785294477625, -1.500000000000000000 ) ) ;
#186 = AXIS2_PLACEMENT_3D ( 'NONE', #89, #1624, #1498 ) ;
#187 = LINE ( 'NONE', #1476, #704 ) ;
#188 = AXIS2_PLACEMENT_3D ( 'NONE', #378, #827, #950 ) ;
#189 = CARTESIAN_POINT ( 'NONE',  ( 33.46530128803042459, 65.12986164836351577, 5.000000000000000000 ) ) ;
#190 =( NAMED_UNIT ( * ) PLANE_ANGLE_UNIT ( ) SI_UNIT ( $, .RADIAN. ) );
#191 = VECTOR ( 'NONE', #1781, 1000.000000000000000 ) ;
#192 = PLANE ( 'NONE',  #450 ) ;
#193 = ORIENTED_EDGE ( 'NONE', *, *, #362, .T. ) ;
#194 = EDGE_CURVE ( 'NONE', #1362, #1780, #598, .T. ) ;
#195 = EDGE_LOOP ( 'NONE', ( #159, #135, #295, #1545, #1266, #708, #1402, #1713 ) ) ;
#196 = CARTESIAN_POINT ( 'NONE',  ( 13.51247529139376091, 64.91340853431773894, 0.000000000000000000 ) ) ;
#197 = EDGE_CURVE ( 'NONE', #701, #1293, #305, .T. ) ;
#198 = LINE ( 'NONE', #211, #735 ) ;
#199 = DIRECTION ( 'NONE',  ( 0.000000000000000000, 0.000000000000000000, -1.000000000000000000 ) ) ;
#200 = DIRECTION ( 'NONE',  ( -1.000000000000000000, 0.000000000000000000, 0.000000000000000000 ) ) ;
#201 = ORIENTED_EDGE ( 'NONE', *, *, #204, .F. ) ;
#202 = CARTESIAN_POINT ( 'NONE',  ( 59.68249232739000831, 63.76173785294476914, -0.09499999999999982070 ) ) ;
#203 = LINE ( 'NONE', #1179, #393 ) ;
#204 = EDGE_CURVE ( 'NONE', #617, #107, #1052, .T. ) ;
#205 = DIRECTION ( 'NONE',  ( 0.000000000000000000, 0.000000000000000000, 1.000000000000000000 ) ) ;
#206 = LINE ( 'NONE', #1469, #1684 ) ;
#207 = CARTESIAN_POINT ( 'NONE',  ( 33.65029304469298665, 5.127909692599088132, 1.899999999999999911 ) ) ;
#208 = ORIENTED_EDGE ( 'NONE', *, *, #645, .F. ) ;
#209 = PLANE ( 'NONE',  #1667 ) ;
#210 = DIRECTION ( 'NONE',  ( -1.000000000000000000, 0.000000000000000000, 0.000000000000000000 ) ) ;
#211 = CARTESIAN_POINT ( 'NONE',  ( 50.68249232738992305, 72.76173785294477625, -1.500000000000000000 ) ) ;
#212 = CIRCLE ( 'NONE', #1172, 0.1999999999999987899 ) ;
#213 = AXIS2_PLACEMENT_3D ( 'NONE', #1192, #227, #338 ) ;
#214 = DIRECTION ( 'NONE',  ( 0.000000000000000000, 0.000000000000000000, 1.000000000000000000 ) ) ;
#215 = AXIS2_PLACEMENT_3D ( 'NONE', #1195, #178, #1729 ) ;
#216 = EDGE_CURVE ( 'NONE', #80, #1526, #1592, .T. ) ;
#217 = FACE_OUTER_BOUND ( 'NONE', #939, .T. ) ;
#218 = CIRCLE ( 'NONE', #164, 0.2000000000000005107 ) ;
#219 = ORIENTED_EDGE ( 'NONE', *, *, #1111, .F. ) ;
#220 = EDGE_LOOP ( 'NONE', ( #380, #1358, #1425, #1818 ) ) ;
#221 = DIRECTION ( 'NONE',  ( 1.000000000000000000, -1.760989301504373891E-16, 0.000000000000000000 ) ) ;
#222 = ORIENTED_EDGE ( 'NONE', *, *, #204, .T. ) ;
#223 = DIRECTION ( 'NONE',  ( -1.000000000000000000, 0.000000000000000000, 0.000000000000000000 ) ) ;
#224 = VERTEX_POINT ( 'NONE', #31 ) ;
#225 = FACE_OUTER_BOUND ( 'NONE', #1790, .T. ) ;
#226 = EDGE_CURVE ( 'NONE', #971, #987, #1422, .T. ) ;
#227 = DIRECTION ( 'NONE',  ( 0.000000000000000000, 0.000000000000000000, 1.000000000000000000 ) ) ;
#228 = CIRCLE ( 'NONE', #1270, 0.1999999999999987899 ) ;
#229 = ORIENTED_EDGE ( 'NONE', *, *, #1167, .T. ) ;
#230 = CIRCLE ( 'NONE', #1744, 7.000000000000018652 ) ;
#231 = ORIENTED_EDGE ( 'NONE', *, *, #828, .T. ) ;
#232 = DIRECTION ( 'NONE',  ( 0.000000000000000000, 0.000000000000000000, -1.000000000000000000 ) ) ;
#233 = VERTEX_POINT ( 'NONE', #322 ) ;
#234 = CARTESIAN_POINT ( 'NONE',  ( 52.68249232739000831, 4.501998901367016082, 0.000000000000000000 ) ) ;
#235 = ORIENTED_EDGE ( 'NONE', *, *, #326, .T. ) ;
#236 = CARTESIAN_POINT ( 'NONE',  ( 50.68249232738992305, 72.76173785294477625, 0.000000000000000000 ) ) ;
#237 = PLANE ( 'NONE',  #1517 ) ;
#238 = EDGE_CURVE ( 'NONE', #582, #1220, #150, .T. ) ;
#239 = ORIENTED_EDGE ( 'NONE', *, *, #1399, .F. ) ;
#240 = CARTESIAN_POINT ( 'NONE',  ( 55.60360765525062021, 70.15638876353195030, -1.500000000000000000 ) ) ;
#241 = CARTESIAN_POINT ( 'NONE',  ( 23.59274383753431792, 15.07248610966331803, 1.899999999999999689 ) ) ;
#242 = LINE ( 'NONE', #357, #53 ) ;
#243 = VERTEX_POINT ( 'NONE', #874 ) ;
#244 =( NAMED_UNIT ( * ) SI_UNIT ( $, .STERADIAN. ) SOLID_ANGLE_UNIT ( ) );
#245 = VECTOR ( 'NONE', #501, 1000.000000000000000 ) ;
#246 = LINE ( 'NONE', #99, #720 ) ;
#247 = ORIENTED_EDGE ( 'NONE', *, *, #728, .T. ) ;
#248 = CARTESIAN_POINT ( 'NONE',  ( 58.73249232739000547, 63.76173785294475493, -1.500000000000000000 ) ) ;
#249 = VECTOR ( 'NONE', #1170, 1000.000000000000000 ) ;
#250 = ORIENTED_EDGE ( 'NONE', *, *, #1096, .T. ) ;
#251 = EDGE_CURVE ( 'NONE', #409, #1807, #1763, .T. ) ;
#252 = CARTESIAN_POINT ( 'NONE',  ( 52.68249232739000831, 4.501998901367016082, -1.500000000000000000 ) ) ;
#253 = EDGE_CURVE ( 'NONE', #267, #87, #1449, .T. ) ;
#254 = ORIENTED_EDGE ( 'NONE', *, *, #1574, .F. ) ;
#255 = CARTESIAN_POINT ( 'NONE',  ( 59.68249232739002963, 64.93146314837100874, 0.000000000000000000 ) ) ;
#256 = DIRECTION ( 'NONE',  ( -1.000000000000000000, 0.000000000000000000, 0.000000000000000000 ) ) ;
#257 = ORIENTED_EDGE ( 'NONE', *, *, #1825, .T. ) ;
#258 = PLANE ( 'NONE',  #1730 ) ;
#259 = PRESENTATION_LAYER_ASSIGNMENT (  '', '', ( #1770 ) ) ;
#260 = VERTEX_POINT ( 'NONE', #1334 ) ;
#261 = VECTOR ( 'NONE', #1079, 1000.000000000000000 ) ;
#262 = DIRECTION ( 'NONE',  ( 1.000000000000000000, -0.000000000000000000, 0.000000000000000000 ) ) ;
#263 = ADVANCED_FACE ( 'NONE', ( #907 ), #1752, .F. ) ;
#264 = ORIENTED_EDGE ( 'NONE', *, *, #1484, .F. ) ;
#265 = CARTESIAN_POINT ( 'NONE',  ( 53.05478145081195152, 64.88547442474340698, 0.000000000000000000 ) ) ;
#266 = DIRECTION ( 'NONE',  ( 0.000000000000000000, 0.000000000000000000, 1.000000000000000000 ) ) ;
#267 = VERTEX_POINT ( 'NONE', #1487 ) ;
#268 = CARTESIAN_POINT ( 'NONE',  ( 56.74971545275319329, 69.07852156386901754, 0.000000000000000000 ) ) ;
#269 = ORIENTED_EDGE ( 'NONE', *, *, #942, .F. ) ;
#270 = CARTESIAN_POINT ( 'NONE',  ( 4.973509564700037799, 4.501998901366988548, -1.500000000000000000 ) ) ;
#271 = EDGE_CURVE ( 'NONE', #618, #80, #1230, .T. ) ;
#272 = ORIENTED_EDGE ( 'NONE', *, *, #694, .T. ) ;
#273 = LINE ( 'NONE', #1136, #1213 ) ;
#274 = CARTESIAN_POINT ( 'NONE',  ( 43.40393525603455771, 15.07248610966331803, 5.000000000000000000 ) ) ;
#275 = DIRECTION ( 'NONE',  ( 0.000000000000000000, 0.000000000000000000, 1.000000000000000000 ) ) ;
#276 = ORIENTED_EDGE ( 'NONE', *, *, #1628, .F. ) ;
#277 = AXIS2_PLACEMENT_3D ( 'NONE', #1302, #1284, #1430 ) ;
#278 = DIRECTION ( 'NONE',  ( 0.000000000000000000, 0.000000000000000000, -1.000000000000000000 ) ) ;
#279 = VERTEX_POINT ( 'NONE', #72 ) ;
#280 = AXIS2_PLACEMENT_3D ( 'NONE', #270, #715, #835 ) ;
#281 = DIRECTION ( 'NONE',  ( 1.000000000000000000, 1.778901277296108290E-16, 0.000000000000000000 ) ) ;
#282 = VERTEX_POINT ( 'NONE', #1463 ) ;
#283 = LINE ( 'NONE', #9, #488 ) ;
#284 = CARTESIAN_POINT ( 'NONE',  ( 33.26530128803042174, 64.92986164836351293, 1.899999999999999689 ) ) ;
#285 = LINE ( 'NONE', #1346, #466 ) ;
#286 = ORIENTED_EDGE ( 'NONE', *, *, #1769, .F. ) ;
#287 = DIRECTION ( 'NONE',  ( -1.000000000000000000, 0.000000000000000000, 0.000000000000000000 ) ) ;
#288 = ORIENTED_EDGE ( 'NONE', *, *, #216, .T. ) ;
#289 = CARTESIAN_POINT ( 'NONE',  ( 4.325584991616800323, 64.91340853431773894, 5.000000000000000000 ) ) ;
#290 = VECTOR ( 'NONE', #423, 1000.000000000000000 ) ;
#291 = VERTEX_POINT ( 'NONE', #1051 ) ;
#292 = CARTESIAN_POINT ( 'NONE',  ( 50.68249232739002252, 71.81173785294477341, -1.500000000000000000 ) ) ;
#293 = LINE ( 'NONE', #173, #81 ) ;
#294 = CARTESIAN_POINT ( 'NONE',  ( 58.31172590599943817, 66.34558536656089700, 0.000000000000000000 ) ) ;
#295 = ORIENTED_EDGE ( 'NONE', *, *, #182, .T. ) ;
#296 = AXIS2_PLACEMENT_3D ( 'NONE', #52, #1614, #1069 ) ;
#297 = EDGE_CURVE ( 'NONE', #1720, #46, #898, .T. ) ;
#298 = DIRECTION ( 'NONE',  ( 0.000000000000000000, -1.000000000000000000, 0.000000000000000000 ) ) ;
#299 = ORIENTED_EDGE ( 'NONE', *, *, #1005, .F. ) ;
#300 = DIRECTION ( 'NONE',  ( 0.000000000000000000, 0.000000000000000000, -1.000000000000000000 ) ) ;
#301 = DIRECTION ( 'NONE',  ( 0.000000000000000000, 0.000000000000000000, -1.000000000000000000 ) ) ;
#302 = CARTESIAN_POINT ( 'NONE',  ( 13.71247529139376198, 55.06052811971416361, 0.000000000000000000 ) ) ;
#303 = CARTESIAN_POINT ( 'NONE',  ( 54.25047454967750582, 70.98326446524647793, 0.000000000000000000 ) ) ;
#304 = VECTOR ( 'NONE', #256, 1000.000000000000000 ) ;
#305 = LINE ( 'NONE', #1583, #1632 ) ;
#306 = VERTEX_POINT ( 'NONE', #207 ) ;
#307 = CARTESIAN_POINT ( 'NONE',  ( 59.68249232739000831, 4.501998901367016082, 1.899999999999999911 ) ) ;
#308 = AXIS2_PLACEMENT_3D ( 'NONE', #922, #794, #1788 ) ;
#309 = DIRECTION ( 'NONE',  ( -1.387418376241074944E-16, 1.000000000000000000, 0.000000000000000000 ) ) ;
#310 = ADVANCED_FACE ( 'NONE', ( #1607 ), #615, .F. ) ;
#311 = CARTESIAN_POINT ( 'NONE',  ( 43.57797558682614891, 54.89351411270024528, 0.000000000000000000 ) ) ;
#312 = CARTESIAN_POINT ( 'NONE',  ( 51.74044235015217197, 71.76123581809875418, 0.000000000000000000 ) ) ;
#313 = CARTESIAN_POINT ( 'NONE',  ( 59.68249232739000831, 63.76173785294476914, 0.000000000000000000 ) ) ;
#314 = ORIENTED_EDGE ( 'NONE', *, *, #919, .F. ) ;
#315 = CARTESIAN_POINT ( 'NONE',  ( 43.57797558682614891, 64.88547442474340698, 1.899999999999999689 ) ) ;
#316 = EDGE_CURVE ( 'NONE', #279, #1771, #352, .T. ) ;
#317 = CARTESIAN_POINT ( 'NONE',  ( 59.45346729401305907, 66.10461261823566304, 1.899999999999999911 ) ) ;
#318 = VECTOR ( 'NONE', #50, 1000.000000000000000 ) ;
#319 = VECTOR ( 'NONE', #1259, 1000.000000000000000 ) ;
#320 = DIRECTION ( 'NONE',  ( -1.778901277296108290E-16, 1.000000000000000000, 0.000000000000000000 ) ) ;
#321 = PLANE ( 'NONE',  #616 ) ;
#322 = CARTESIAN_POINT ( 'NONE',  ( 4.973509564700036911, -2.498001098633014561, -1.500000000000000000 ) ) ;
#323 = VERTEX_POINT ( 'NONE', #1080 ) ;
#324 = DIRECTION ( 'NONE',  ( -1.000000000000000000, 0.000000000000000000, 0.000000000000000000 ) ) ;
#325 = DIRECTION ( 'NONE',  ( -0.000000000000000000, -0.000000000000000000, 1.000000000000000000 ) ) ;
#326 = EDGE_CURVE ( 'NONE', #1601, #617, #1470, .T. ) ;
#327 = CARTESIAN_POINT ( 'NONE',  ( 33.46530128803042459, 64.92986164836351293, 0.000000000000000000 ) ) ;
#328 = FACE_OUTER_BOUND ( 'NONE', #390, .T. ) ;
#329 = ORIENTED_EDGE ( 'NONE', *, *, #1495, .T. ) ;
#330 = ADVANCED_FACE ( 'NONE', ( #328 ), #192, .T. ) ;
#331 = ORIENTED_EDGE ( 'NONE', *, *, #1394, .T. ) ;
#332 = VECTOR ( 'NONE', #1523, 1000.000000000000000 ) ;
#333 = DIRECTION ( 'NONE',  ( 0.000000000000000000, 0.000000000000000000, 1.000000000000000000 ) ) ;
#334 = CARTESIAN_POINT ( 'NONE',  ( 4.973509564700034247, 65.76173785294474783, 0.000000000000000000 ) ) ;
#335 = AXIS2_PLACEMENT_3D ( 'NONE', #696, #1404, #574 ) ;
#336 = CARTESIAN_POINT ( 'NONE',  ( 33.46530128803042459, 54.89351411270024528, 0.000000000000000000 ) ) ;
#337 = APPLICATION_PROTOCOL_DEFINITION ( 'draft international standard', 'automotive_design', 1998, #1077 ) ;
#338 = DIRECTION ( 'NONE',  ( 1.000000000000000000, 0.000000000000000000, 0.000000000000000000 ) ) ;
#339 = EDGE_CURVE ( 'NONE', #785, #388, #1489, .T. ) ;
#340 = ORIENTED_EDGE ( 'NONE', *, *, #1615, .T. ) ;
#341 = VERTEX_POINT ( 'NONE', #654 ) ;
#342 = DIRECTION ( 'NONE',  ( -1.000000000000000000, 0.000000000000000000, 0.000000000000000000 ) ) ;
#343 = CARTESIAN_POINT ( 'NONE',  ( 53.02946898469256354, 72.53235826409779463, 1.900000000000000355 ) ) ;
#344 = DIRECTION ( 'NONE',  ( 0.000000000000000000, 0.000000000000000000, 1.000000000000000000 ) ) ;
#345 = AXIS2_PLACEMENT_3D ( 'NONE', #1538, #381, #1514 ) ;
#346 = FACE_OUTER_BOUND ( 'NONE', #1637, .T. ) ;
#347 = ORIENTED_EDGE ( 'NONE', *, *, #1484, .T. ) ;
#348 = CARTESIAN_POINT ( 'NONE',  ( 4.125584991616801034, 0.000000000000000000, 1.899999999999999911 ) ) ;
#349 = CARTESIAN_POINT ( 'NONE',  ( 43.40393525603455771, 15.07248610966331803, 0.000000000000000000 ) ) ;
#350 = CARTESIAN_POINT ( 'NONE',  ( 53.05478145081195862, 15.07248610966331626, 1.899999999999999911 ) ) ;
#351 = CARTESIAN_POINT ( 'NONE',  ( 43.20393525603456197, 5.128938544771564523, 1.899999999999999689 ) ) ;
#352 = LINE ( 'NONE', #783, #245 ) ;
#353 = VERTEX_POINT ( 'NONE', #933 ) ;
#354 = PLANE ( 'NONE',  #628 ) ;
#355 = DIRECTION ( 'NONE',  ( 0.000000000000000000, -1.000000000000000000, 0.000000000000000000 ) ) ;
#356 = ORIENTED_EDGE ( 'NONE', *, *, #1106, .F. ) ;
#357 = CARTESIAN_POINT ( 'NONE',  ( 59.68249232739000831, -2.498001098632997685, 1.899999999999999911 ) ) ;
#358 = EDGE_CURVE ( 'NONE', #582, #323, #79, .T. ) ;
#359 = AXIS2_PLACEMENT_3D ( 'NONE', #1007, #1023, #45 ) ;
#360 = ORIENTED_EDGE ( 'NONE', *, *, #197, .T. ) ;
#361 = LINE ( 'NONE', #336, #643 ) ;
#362 = EDGE_CURVE ( 'NONE', #1688, #1355, #1115, .T. ) ;
#363 = DIRECTION ( 'NONE',  ( -0.000000000000000000, -0.000000000000000000, 1.000000000000000000 ) ) ;
#364 = EDGE_LOOP ( 'NONE', ( #1250, #64, #832, #168 ) ) ;
#365 = ORIENTED_EDGE ( 'NONE', *, *, #1353, .T. ) ;
#366 = CARTESIAN_POINT ( 'NONE',  ( -2.026490435299964421, -2.498001098633012784, 1.899999999999999911 ) ) ;
#367 = VERTEX_POINT ( 'NONE', #1759 ) ;
#368 = DIRECTION ( 'NONE',  ( 1.000000000000000000, 0.000000000000000000, 0.000000000000000000 ) ) ;
#369 = EDGE_CURVE ( 'NONE', #1493, #1720, #54, .T. ) ;
#370 = ORIENTED_EDGE ( 'NONE', *, *, #127, .F. ) ;
#371 = DIRECTION ( 'NONE',  ( 1.000000000000000000, 0.000000000000000000, 0.000000000000000000 ) ) ;
#372 = PLANE ( 'NONE',  #541 ) ;
#373 = VECTOR ( 'NONE', #1833, 1000.000000000000000 ) ;
#374 = VERTEX_POINT ( 'NONE', #774 ) ;
#375 = CIRCLE ( 'NONE', #461, 0.1999999999999987899 ) ;
#376 = EDGE_LOOP ( 'NONE', ( #1690, #852, #427, #1693 ) ) ;
#377 = DIRECTION ( 'NONE',  ( 0.000000000000000000, 0.000000000000000000, 1.000000000000000000 ) ) ;
#378 = CARTESIAN_POINT ( 'NONE',  ( 23.59274383753431792, 15.07248610966331803, 5.000000000000000000 ) ) ;
#379 = CIRCLE ( 'NONE', #947, 7.000000000000000000 ) ;
#380 = ORIENTED_EDGE ( 'NONE', *, *, #1178, .T. ) ;
#381 = DIRECTION ( 'NONE',  ( 0.000000000000000000, 0.000000000000000000, -1.000000000000000000 ) ) ;
#382 = ADVANCED_FACE ( 'NONE', ( #473 ), #765, .T. ) ;
#383 = CARTESIAN_POINT ( 'NONE',  ( 4.125584991616801034, 15.27248610966331732, 0.000000000000000000 ) ) ;
#384 = ORIENTED_EDGE ( 'NONE', *, *, #91, .F. ) ;
#385 = CARTESIAN_POINT ( 'NONE',  ( 54.25047454967750582, 70.98326446524647793, 0.000000000000000000 ) ) ;
#386 = ADVANCED_FACE ( 'NONE', ( #346 ), #915, .F. ) ;
#387 = CARTESIAN_POINT ( 'NONE',  ( 58.73249232739000547, 63.76173785294475493, -1.500000000000000000 ) ) ;
#388 = VERTEX_POINT ( 'NONE', #1070 ) ;
#389 = DIRECTION ( 'NONE',  ( 0.000000000000000000, 0.000000000000000000, -1.000000000000000000 ) ) ;
#390 = EDGE_LOOP ( 'NONE', ( #1617, #1329, #800, #1285 ) ) ;
#391 = ADVANCED_FACE ( 'NONE', ( #217 ), #372, .T. ) ;
#392 = CARTESIAN_POINT ( 'NONE',  ( 13.71247529139376198, 55.06052811971416361, 5.000000000000000000 ) ) ;
#393 = VECTOR ( 'NONE', #1475, 1000.000000000000000 ) ;
#394 = CARTESIAN_POINT ( 'NONE',  ( 24.18644712270021202, 64.92986164836351293, 1.899999999999999689 ) ) ;
#395 = ORIENTED_EDGE ( 'NONE', *, *, #358, .T. ) ;
#396 = CARTESIAN_POINT ( 'NONE',  ( 54.23233394596721268, 72.28857739360641688, -1.500000000000000000 ) ) ;
#397 = DIRECTION ( 'NONE',  ( -0.000000000000000000, -0.000000000000000000, 1.000000000000000000 ) ) ;
#398 = ORIENTED_EDGE ( 'NONE', *, *, #716, .F. ) ;
#399 = CARTESIAN_POINT ( 'NONE',  ( 58.22148413076654805, 66.59655735637370810, -1.500000000000000000 ) ) ;
#400 = VECTOR ( 'NONE', #913, 1000.000000000000000 ) ;
#401 = EDGE_LOOP ( 'NONE', ( #314, #1761, #1831, #1222 ) ) ;
#402 = AXIS2_PLACEMENT_3D ( 'NONE', #1048, #1631, #489 ) ;
#403 = CARTESIAN_POINT ( 'NONE',  ( 59.68249232739000831, 63.76173785294476914, 0.000000000000000000 ) ) ;
#404 = ORIENTED_EDGE ( 'NONE', *, *, #339, .F. ) ;
#405 = CARTESIAN_POINT ( 'NONE',  ( 59.21492243888850027, 67.29669090769927209, 0.000000000000000000 ) ) ;
#406 = EDGE_CURVE ( 'NONE', #1565, #725, #1389, .T. ) ;
#407 = LINE ( 'NONE', #1247, #14 ) ;
#408 = LINE ( 'NONE', #797, #1638 ) ;
#409 = VERTEX_POINT ( 'NONE', #1655 ) ;
#410 = DIRECTION ( 'NONE',  ( 1.000000000000000000, 0.000000000000000000, 0.000000000000000000 ) ) ;
#411 = ORIENTED_EDGE ( 'NONE', *, *, #716, .T. ) ;
#412 = LINE ( 'NONE', #1142, #1608 ) ;
#413 = ORIENTED_EDGE ( 'NONE', *, *, #1472, .T. ) ;
#414 = CARTESIAN_POINT ( 'NONE',  ( 53.05478145081195862, 15.27248610966331732, 1.899999999999999689 ) ) ;
#415 = DIRECTION ( 'NONE',  ( 1.000000000000000000, 0.000000000000000000, 0.000000000000000000 ) ) ;
#416 = CARTESIAN_POINT ( 'NONE',  ( 53.05478145081195862, 15.07248610966331626, 0.000000000000000000 ) ) ;
#417 = ORIENTED_EDGE ( 'NONE', *, *, #326, .F. ) ;
#418 = LINE ( 'NONE', #1816, #1700 ) ;
#419 = EDGE_LOOP ( 'NONE', ( #201, #417, #1556, #1139 ) ) ;
#420 = VECTOR ( 'NONE', #477, 1000.000000000000000 ) ;
#421 = CARTESIAN_POINT ( 'NONE',  ( 13.87724180426212683, 5.181564326187248604, 1.899999999999999911 ) ) ;
#422 = VERTEX_POINT ( 'NONE', #1643 ) ;
#423 = DIRECTION ( 'NONE',  ( 0.000000000000000000, -1.000000000000000000, 0.000000000000000000 ) ) ;
#424 = EDGE_CURVE ( 'NONE', #1237, #282, #689, .T. ) ;
#425 = DIRECTION ( 'NONE',  ( -0.000000000000000000, 1.000000000000000000, -0.000000000000000000 ) ) ;
#426 = CARTESIAN_POINT ( 'NONE',  ( 50.68249232738992305, 72.76173785294477625, -1.500000000000000000 ) ) ;
#427 = ORIENTED_EDGE ( 'NONE', *, *, #47, .F. ) ;
#428 = CARTESIAN_POINT ( 'NONE',  ( 52.52104146395861761, 71.60515416779510645, 0.000000000000000000 ) ) ;
#429 = ORIENTED_EDGE ( 'NONE', *, *, #980, .T. ) ;
#430 = DIRECTION ( 'NONE',  ( 0.000000000000000000, 0.000000000000000000, 1.000000000000000000 ) ) ;
#431 = CIRCLE ( 'NONE', #1036, 0.2000000000000005107 ) ;
#432 = EDGE_LOOP ( 'NONE', ( #1109, #1573, #1381, #814, #563, #1026, #1081, #652 ) ) ;
#433 = CARTESIAN_POINT ( 'NONE',  ( 33.46530128803042459, 65.12986164836351577, 0.000000000000000000 ) ) ;
#434 = FACE_OUTER_BOUND ( 'NONE', #1390, .T. ) ;
#435 = EDGE_CURVE ( 'NONE', #775, #306, #1380, .T. ) ;
#436 = CARTESIAN_POINT ( 'NONE',  ( 58.52923497366697347, 65.58600672481318838, 0.000000000000000000 ) ) ;
#437 = CARTESIAN_POINT ( 'NONE',  ( 50.68249232739002252, 71.81173785294477341, 0.000000000000000000 ) ) ;
#438 = EDGE_CURVE ( 'NONE', #1644, #834, #802, .T. ) ;
#439 = ORIENTED_EDGE ( 'NONE', *, *, #970, .F. ) ;
#440 = ADVANCED_FACE ( 'NONE', ( #813 ), #1686, .T. ) ;
#441 = DIRECTION ( 'NONE',  ( -1.000000000000000000, 0.000000000000000000, 0.000000000000000000 ) ) ;
#442 = DIRECTION ( 'NONE',  ( 0.000000000000000000, 0.000000000000000000, 1.000000000000000000 ) ) ;
#443 = CARTESIAN_POINT ( 'NONE',  ( 13.71247529139376198, 65.11340853431774178, 0.000000000000000000 ) ) ;
#444 = FACE_OUTER_BOUND ( 'NONE', #220, .T. ) ;
#445 = CARTESIAN_POINT ( 'NONE',  ( 59.68249232739002963, 64.93146314837100874, 0.000000000000000000 ) ) ;
#446 = AXIS2_PLACEMENT_3D ( 'NONE', #475, #65, #1500 ) ;
#447 = VERTEX_POINT ( 'NONE', #1532 ) ;
#448 = EDGE_CURVE ( 'NONE', #548, #1737, #407, .T. ) ;
#449 = LINE ( 'NONE', #469, #249 ) ;
#450 = AXIS2_PLACEMENT_3D ( 'NONE', #1326, #757, #1351 ) ;
#451 = VECTOR ( 'NONE', #547, 1000.000000000000000 ) ;
#452 = CARTESIAN_POINT ( 'NONE',  ( 51.75278176840881628, 71.81173785294475920, -1.499999999999999556 ) ) ;
#453 = DIRECTION ( 'NONE',  ( -0.000000000000000000, -0.000000000000000000, 1.000000000000000000 ) ) ;
#454 = CARTESIAN_POINT ( 'NONE',  ( 4.973509564700034247, 65.76173785294474783, 1.899999999999999911 ) ) ;
#455 = DIRECTION ( 'NONE',  ( 1.000000000000000000, 0.000000000000000000, 0.000000000000000000 ) ) ;
#456 = VERTEX_POINT ( 'NONE', #983 ) ;
#457 = PLANE ( 'NONE',  #812 ) ;
#458 = PRODUCT_DEFINITION ( 'UNKNOWN', '', #1306, #957 ) ;
#459 = CARTESIAN_POINT ( 'NONE',  ( 52.68249232739000831, -2.498001098632999462, 1.899999999999999911 ) ) ;
#460 = MECHANICAL_DESIGN_GEOMETRIC_PRESENTATION_REPRESENTATION (  '', ( #1770 ), #1416 ) ;
#461 = AXIS2_PLACEMENT_3D ( 'NONE', #1723, #453, #872 ) ;
#462 = FACE_OUTER_BOUND ( 'NONE', #1088, .T. ) ;
#463 = ADVANCED_FACE ( 'NONE', ( #953 ), #1539, .T. ) ;
#464 = CARTESIAN_POINT ( 'NONE',  ( 53.25478145081196146, 15.27248610966331732, 1.899999999999999911 ) ) ;
#465 = CARTESIAN_POINT ( 'NONE',  ( 4.973509564700037799, 4.501998901366988548, -1.500000000000000000 ) ) ;
#466 = VECTOR ( 'NONE', #93, 1000.000000000000000 ) ;
#467 = ORIENTED_EDGE ( 'NONE', *, *, #1361, .F. ) ;
#468 = ORIENTED_EDGE ( 'NONE', *, *, #114, .F. ) ;
#469 = CARTESIAN_POINT ( 'NONE',  ( 13.71247529139376198, 0.000000000000000000, 1.899999999999999911 ) ) ;
#470 = DIRECTION ( 'NONE',  ( 0.000000000000000000, 0.000000000000000000, -1.000000000000000000 ) ) ;
#471 = FACE_OUTER_BOUND ( 'NONE', #1184, .T. ) ;
#472 =( LENGTH_UNIT ( ) NAMED_UNIT ( * ) SI_UNIT ( .MILLI., .METRE. ) );
#473 = FACE_OUTER_BOUND ( 'NONE', #865, .T. ) ;
#474 = ORIENTED_EDGE ( 'NONE', *, *, #1589, .T. ) ;
#475 = CARTESIAN_POINT ( 'NONE',  ( 33.46530128803042459, 54.89351411270024528, 5.000000000000000000 ) ) ;
#476 = VECTOR ( 'NONE', #549, 1000.000000000000000 ) ;
#477 = DIRECTION ( 'NONE',  ( -0.000000000000000000, -0.000000000000000000, 1.000000000000000000 ) ) ;
#478 = AXIS2_PLACEMENT_3D ( 'NONE', #1238, #1382, #410 ) ;
#479 = DIRECTION ( 'NONE',  ( 0.000000000000000000, 0.000000000000000000, 1.000000000000000000 ) ) ;
#480 = VECTOR ( 'NONE', #918, 1000.000000000000000 ) ;
#481 = CARTESIAN_POINT ( 'NONE',  ( 50.68249232739001542, 72.76173785294476204, 1.899999999999999911 ) ) ;
#482 = EDGE_CURVE ( 'NONE', #505, #1811, #840, .T. ) ;
#483 = CARTESIAN_POINT ( 'NONE',  ( 13.87724180426212861, 4.981564326187250202, 5.000000000000000000 ) ) ;
#484 = ORIENTED_EDGE ( 'NONE', *, *, #1054, .F. ) ;
#485 = CARTESIAN_POINT ( 'NONE',  ( 50.68249232739001542, 72.76173785294476204, 0.6016666666666657948 ) ) ;
#486 = DIRECTION ( 'NONE',  ( -0.000000000000000000, -0.000000000000000000, 1.000000000000000000 ) ) ;
#487 = CARTESIAN_POINT ( 'NONE',  ( 33.26530128803042174, 65.12986164836351577, 1.899999999999999689 ) ) ;
#488 = VECTOR ( 'NONE', #309, 1000.000000000000000 ) ;
#489 = DIRECTION ( 'NONE',  ( 1.000000000000000000, 0.000000000000000000, 0.000000000000000000 ) ) ;
#490 = B_SPLINE_CURVE_WITH_KNOTS ( 'NONE', 3,
 ( #403, #1267, #1134, #1576 ),
 .UNSPECIFIED., .F., .F.,
 ( 4, 4 ),
 ( 0.000000000000000000, 1.000000000000000000 ),
 .UNSPECIFIED. ) ;
#491 = AXIS2_PLACEMENT_3D ( 'NONE', #747, #1446, #1163 ) ;
#492 = ADVANCED_FACE ( 'NONE', ( #1507 ), #237, .F. ) ;
#493 = DIRECTION ( 'NONE',  ( -1.000000000000000000, 0.000000000000000000, 0.000000000000000000 ) ) ;
#494 = VERTEX_POINT ( 'NONE', #1369 ) ;
#495 = FACE_OUTER_BOUND ( 'NONE', #1672, .T. ) ;
#496 = DIRECTION ( 'NONE',  ( -1.000000000000000000, 0.000000000000000000, 0.000000000000000000 ) ) ;
#497 = EDGE_CURVE ( 'NONE', #279, #985, #246, .T. ) ;
#498 = DIRECTION ( 'NONE',  ( 0.000000000000000000, 0.000000000000000000, 1.000000000000000000 ) ) ;
#499 = ORIENTED_EDGE ( 'NONE', *, *, #660, .F. ) ;
#500 = CARTESIAN_POINT ( 'NONE',  ( 4.973509564700036023, 65.76173785294474783, -1.500000000000000000 ) ) ;
#501 = DIRECTION ( 'NONE',  ( -0.000000000000000000, -0.000000000000000000, 1.000000000000000000 ) ) ;
#502 = VERTEX_POINT ( 'NONE', #1236 ) ;
#503 = CARTESIAN_POINT ( 'NONE',  ( 59.68249232739000831, 72.76173785294476204, 1.298333333333333117 ) ) ;
#504 = CARTESIAN_POINT ( 'NONE',  ( 4.973509564700038688, -1.548001098633011718, 0.000000000000000000 ) ) ;
#505 = VERTEX_POINT ( 'NONE', #1797 ) ;
#506 = EDGE_CURVE ( 'NONE', #1496, #1746, #523, .T. ) ;
#507 = DIRECTION ( 'NONE',  ( -0.000000000000000000, -0.000000000000000000, 1.000000000000000000 ) ) ;
#508 = VECTOR ( 'NONE', #1159, 1000.000000000000000 ) ;
#509 = ORIENTED_EDGE ( 'NONE', *, *, #438, .F. ) ;
#510 = DIRECTION ( 'NONE',  ( 0.000000000000000000, 0.000000000000000000, -1.000000000000000000 ) ) ;
#511 = APPLICATION_PROTOCOL_DEFINITION ( 'draft international standard', 'automotive_design', 1998, #1265 ) ;
#512 = VECTOR ( 'NONE', #486, 1000.000000000000000 ) ;
#513 = CARTESIAN_POINT ( 'NONE',  ( 59.68249232739000831, -2.498001098632997685, 1.899999999999999911 ) ) ;
#514 = AXIS2_PLACEMENT_3D ( 'NONE', #1510, #275, #1409 ) ;
#515 = ORIENTED_EDGE ( 'NONE', *, *, #84, .F. ) ;
#516 = CARTESIAN_POINT ( 'NONE',  ( 59.68249232739000831, 72.76173785294476204, 1.994999999999999885 ) ) ;
#517 = LINE ( 'NONE', #639, #1705 ) ;
#518 = EDGE_LOOP ( 'NONE', ( #32, #1451, #1745, #299 ) ) ;
#519 = DIRECTION ( 'NONE',  ( -1.000000000000000000, 0.000000000000000000, 0.000000000000000000 ) ) ;
#520 = ORIENTED_EDGE ( 'NONE', *, *, #1377, .F. ) ;
#521 = SURFACE_SIDE_STYLE ('',( #1661 ) ) ;
#522 = EDGE_CURVE ( 'NONE', #107, #985, #1107, .T. ) ;
#523 = LINE ( 'NONE', #1099, #1341 ) ;
#524 = ORIENTED_EDGE ( 'NONE', *, *, #771, .T. ) ;
#525 = CARTESIAN_POINT ( 'NONE',  ( 54.71551708564554417, 70.73520064070869751, -1.500000000000000000 ) ) ;
#526 = CARTESIAN_POINT ( 'NONE',  ( 43.40393525603455771, 15.07248610966331803, 0.000000000000000000 ) ) ;
#527 = UNCERTAINTY_MEASURE_WITH_UNIT (LENGTH_MEASURE( 1.000000000000000082E-05 ), #1225, 'distance_accuracy_value', 'NONE');
#528 = CARTESIAN_POINT ( 'NONE',  ( 13.87724180426212861, 4.981564326187250202, 0.000000000000000000 ) ) ;
#529 = EDGE_LOOP ( 'NONE', ( #1522, #12, #94, #1045 ) ) ;
#530 = CARTESIAN_POINT ( 'NONE',  ( 0.000000000000000000, 65.11340853431774178, 1.899999999999999911 ) ) ;
#531 = EDGE_CURVE ( 'NONE', #123, #618, #963, .T. ) ;
#532 = DIRECTION ( 'NONE',  ( -1.000000000000000000, 0.000000000000000000, -0.000000000000000000 ) ) ;
#533 = ORIENTED_EDGE ( 'NONE', *, *, #889, .T. ) ;
#534 = CARTESIAN_POINT ( 'NONE',  ( 57.09058128036011937, 68.66509812607041852, -1.500000000000000000 ) ) ;
#535 = ORIENTED_EDGE ( 'NONE', *, *, #589, .T. ) ;
#536 = CARTESIAN_POINT ( 'NONE',  ( 23.98644712270021273, 64.92986164836351293, 0.000000000000000000 ) ) ;
#537 = ORIENTED_EDGE ( 'NONE', *, *, #1120, .T. ) ;
#538 = VECTOR ( 'NONE', #278, 1000.000000000000000 ) ;
#539 = CARTESIAN_POINT ( 'NONE',  ( 4.973509564700030694, 71.81173785294474499, -1.500000000000000000 ) ) ;
#540 = PRODUCT_RELATED_PRODUCT_CATEGORY ( 'part', '', ( #1386 ) ) ;
#541 = AXIS2_PLACEMENT_3D ( 'NONE', #1397, #1262, #1806 ) ;
#542 = ORIENTED_EDGE ( 'NONE', *, *, #1385, .F. ) ;
#543 = FACE_OUTER_BOUND ( 'NONE', #767, .T. ) ;
#544 = AXIS2_PLACEMENT_3D ( 'NONE', #911, #619, #324 ) ;
#545 = ORIENTED_EDGE ( 'NONE', *, *, #271, .F. ) ;
#546 = EDGE_CURVE ( 'NONE', #1224, #1807, #1253, .T. ) ;
#547 = DIRECTION ( 'NONE',  ( 0.000000000000000000, 0.000000000000000000, -1.000000000000000000 ) ) ;
#548 = VERTEX_POINT ( 'NONE', #539 ) ;
#549 = DIRECTION ( 'NONE',  ( 0.000000000000000000, 0.000000000000000000, -1.000000000000000000 ) ) ;
#550 = ORIENTED_EDGE ( 'NONE', *, *, #546, .F. ) ;
#551 = CARTESIAN_POINT ( 'NONE',  ( 58.52923497366697347, 65.58600672481318838, 0.000000000000000000 ) ) ;
#552 = AXIS2_PLACEMENT_3D ( 'NONE', #334, #479, #1453 ) ;
#553 = ORIENTED_EDGE ( 'NONE', *, *, #175, .T. ) ;
#554 = EDGE_CURVE ( 'NONE', #374, #1782, #1118, .T. ) ;
#555 = VECTOR ( 'NONE', #1570, 1000.000000000000000 ) ;
#556 = CARTESIAN_POINT ( 'NONE',  ( 23.39274383753431508, 4.981564326187250202, 0.000000000000000000 ) ) ;
#557 = ORIENTED_EDGE ( 'NONE', *, *, #669, .F. ) ;
#558 = CARTESIAN_POINT ( 'NONE',  ( 54.72668531248912416, 70.74350564610506353, -1.499999999999999778 ) ) ;
#559 = LINE ( 'NONE', #1, #555 ) ;
#560 = CARTESIAN_POINT ( 'NONE',  ( 43.40393525603455771, 15.07248610966331803, 5.000000000000000000 ) ) ;
#561 = EDGE_LOOP ( 'NONE', ( #1210, #250, #999, #1177 ) ) ;
#562 = DIRECTION ( 'NONE',  ( 0.000000000000000000, 0.000000000000000000, -1.000000000000000000 ) ) ;
#563 = ORIENTED_EDGE ( 'NONE', *, *, #1178, .F. ) ;
#564 = DIRECTION ( 'NONE',  ( -1.000000000000000000, -0.000000000000000000, -0.000000000000000000 ) ) ;
#565 = ADVANCED_FACE ( 'NONE', ( #974 ), #849, .T. ) ;
#566 = EDGE_LOOP ( 'NONE', ( #1412, #467, #1471, #1822 ) ) ;
#567 = DIRECTION ( 'NONE',  ( -0.000000000000000000, -1.000000000000000000, -0.000000000000000000 ) ) ;
#568 = CARTESIAN_POINT ( 'NONE',  ( -1.076490435299964687, 4.501998901367001871, -1.500000000000000000 ) ) ;
#569 = CARTESIAN_POINT ( 'NONE',  ( 58.73249232739000547, 63.76173785294475493, 0.000000000000000000 ) ) ;
#570 = EDGE_LOOP ( 'NONE', ( #807, #893, #1144, #1044 ) ) ;
#571 = CARTESIAN_POINT ( 'NONE',  ( 24.18644712270021202, 64.92986164836351293, 0.000000000000000000 ) ) ;
#572 = VERTEX_POINT ( 'NONE', #311 ) ;
#573 = AXIS2_PLACEMENT_3D ( 'NONE', #1810, #1527, #223 ) ;
#574 = DIRECTION ( 'NONE',  ( 0.000000000000000000, -0.000000000000000000, -1.000000000000000000 ) ) ;
#575 = ORIENTED_EDGE ( 'NONE', *, *, #980, .F. ) ;
#576 = DIRECTION ( 'NONE',  ( 1.000000000000000000, 0.000000000000000000, 0.000000000000000000 ) ) ;
#577 = ADVANCED_FACE ( 'NONE', ( #1695, #1173 ), #721, .F. ) ;
#578 = CARTESIAN_POINT ( 'NONE',  ( 4.125584991616801034, 15.07248610966331626, 0.000000000000000000 ) ) ;
#579 = CARTESIAN_POINT ( 'NONE',  ( 54.71551708564554417, 70.73520064070869751, 0.000000000000000000 ) ) ;
#580 = EDGE_CURVE ( 'NONE', #267, #987, #989, .T. ) ;
#581 = DIRECTION ( 'NONE',  ( 0.000000000000000000, 0.000000000000000000, 1.000000000000000000 ) ) ;
#582 = VERTEX_POINT ( 'NONE', #1013 ) ;
#583 = DIRECTION ( 'NONE',  ( 0.000000000000000000, 0.000000000000000000, -1.000000000000000000 ) ) ;
#584 = B_SPLINE_CURVE_WITH_KNOTS ( 'NONE', 3,
 ( #569, #156, #1148, #436, #1707, #294, #1014, #864, #1428, #722, #1174, #1447, #1158, #1571, #579, #303, #166, #595, #1299, #732, #1309, #312, #740, #36 ),
 .UNSPECIFIED., .F., .F.,
 ( 4, 2, 2, 2, 2, 2, 2, 2, 2, 2, 2, 4 ),
 ( 0.000000000000000000, 0.1250000000000003053, 0.1875000000000004441, 0.2500000000000006106, 0.3750000000000008882, 0.5000000000000012212, 0.6250000000000015543, 0.6875000000000009992, 0.7500000000000004441, 0.8125000000000000000, 0.8749999999999994449, 1.000000000000000000 ),
 .UNSPECIFIED. ) ;
#585 = COLOUR_RGB ( '',0.7921568627450980005, 0.8196078431372548767, 0.9333333333333333481 ) ;
#586 = CARTESIAN_POINT ( 'NONE',  ( 52.78224888022892003, 71.60640307507887314, -1.500000000000000000 ) ) ;
#587 = CARTESIAN_POINT ( 'NONE',  ( 43.77797558682614465, 64.88547442474340698, 1.899999999999999689 ) ) ;
#588 = DIRECTION ( 'NONE',  ( 0.000000000000000000, 0.000000000000000000, -1.000000000000000000 ) ) ;
#589 = EDGE_CURVE ( 'NONE', #1679, #341, #1357, .T. ) ;
#590 = CARTESIAN_POINT ( 'NONE',  ( 54.23233394596721268, 72.28857739360641688, 0.000000000000000000 ) ) ;
#591 = ORIENTED_EDGE ( 'NONE', *, *, #828, .F. ) ;
#592 = LINE ( 'NONE', #1064, #480 ) ;
#593 = CARTESIAN_POINT ( 'NONE',  ( -2.026490435299964421, 65.76173785294474783, -1.500000000000000000 ) ) ;
#594 = DIRECTION ( 'NONE',  ( -0.000000000000000000, -1.000000000000000000, -0.000000000000000000 ) ) ;
#595 = CARTESIAN_POINT ( 'NONE',  ( 53.52878065077052838, 71.29628161749627679, 0.000000000000000000 ) ) ;
#596 = AXIS2_PLACEMENT_3D ( 'NONE', #890, #155, #10 ) ;
#597 = CARTESIAN_POINT ( 'NONE',  ( 52.52104146395861761, 71.60515416779510645, -1.500000000000000000 ) ) ;
#598 = CIRCLE ( 'NONE', #40, 7.000000000000006217 ) ;
#599 = VERTEX_POINT ( 'NONE', #1454 ) ;
#600 = CYLINDRICAL_SURFACE ( 'NONE', #215, 7.000000000000000000 ) ;
#601 = VECTOR ( 'NONE', #441, 1000.000000000000000 ) ;
#602 = CARTESIAN_POINT ( 'NONE',  ( 56.62769535525819720, 70.54482053247919282, 1.900000000000000355 ) ) ;
#603 = AXIS2_PLACEMENT_3D ( 'NONE', #806, #232, #496 ) ;
#604 = LINE ( 'NONE', #1757, #261 ) ;
#605 = CARTESIAN_POINT ( 'NONE',  ( 14.07724180426212968, 4.981564326187250202, 0.000000000000000000 ) ) ;
#606 = CARTESIAN_POINT ( 'NONE',  ( 43.40393525603455771, 15.07248610966331803, 0.000000000000000000 ) ) ;
#607 = EDGE_LOOP ( 'NONE', ( #949, #884, #1619, #177 ) ) ;
#608 = VERTEX_POINT ( 'NONE', #568 ) ;
#609 = CARTESIAN_POINT ( 'NONE',  ( 43.77797558682614465, 65.08547442474340983, 0.000000000000000000 ) ) ;
#610 = ADVANCED_FACE ( 'NONE', ( #1147 ), #1734, .F. ) ;
#611 = CYLINDRICAL_SURFACE ( 'NONE', #1715, 0.1999999999999987899 ) ;
#612 = CIRCLE ( 'NONE', #28, 0.1999999999999996503 ) ;
#613 = VECTOR ( 'NONE', #731, 1000.000000000000000 ) ;
#614 = LINE ( 'NONE', #623, #1273 ) ;
#615 = CYLINDRICAL_SURFACE ( 'NONE', #213, 0.1999999999999987899 ) ;
#616 = AXIS2_PLACEMENT_3D ( 'NONE', #1042, #1291, #588 ) ;
#617 = VERTEX_POINT ( 'NONE', #1308 ) ;
#618 = VERTEX_POINT ( 'NONE', #35 ) ;
#619 = DIRECTION ( 'NONE',  ( -0.000000000000000000, -0.000000000000000000, 1.000000000000000000 ) ) ;
#620 = EDGE_CURVE ( 'NONE', #224, #123, #375, .T. ) ;
#621 = DIRECTION ( 'NONE',  ( 0.000000000000000000, -1.000000000000000000, 0.000000000000000000 ) ) ;
#622 =( BOUNDED_SURFACE ( )  B_SPLINE_SURFACE ( 2, 3, ( 
 ( #1363, #82, #485, #56 ),
 ( #516, #503, #760, #1626 ),
 ( #1194, #1754, #1082, #202 ) ),
 .UNSPECIFIED., .F., .F., .F. ) 
 B_SPLINE_SURFACE_WITH_KNOTS ( ( 3, 3 ),
 ( 4, 4 ),
 ( 0.000000000000000000, 1.000000000000000000 ),
 ( -9.500000000000000523E-05, 0.001994999999999999812 ),
 .UNSPECIFIED. ) 
 GEOMETRIC_REPRESENTATION_ITEM ( )  RATIONAL_B_SPLINE_SURFACE ( (
 ( 1.000000000000000000, 1.000000000000000000, 1.000000000000000000, 1.000000000000000000),
 ( 0.7071067811865476838, 0.7071067811865476838, 0.7071067811865476838, 0.7071067811865476838),
 ( 1.000000000000000000, 1.000000000000000000, 1.000000000000000000, 1.000000000000000000) ) ) 
 REPRESENTATION_ITEM ( '' )  SURFACE ( )  );
#623 = CARTESIAN_POINT ( 'NONE',  ( 4.973509564700036911, -1.548001098633013495, -1.500000000000000000 ) ) ;
#624 = SHAPE_DEFINITION_REPRESENTATION ( #1197, #1668 ) ;
#625 = DIRECTION ( 'NONE',  ( -0.000000000000000000, -0.000000000000000000, 1.000000000000000000 ) ) ;
#626 = EDGE_LOOP ( 'NONE', ( #673, #1711, #1248, #239 ) ) ;
#627 = ORIENTED_EDGE ( 'NONE', *, *, #804, .F. ) ;
#628 = AXIS2_PLACEMENT_3D ( 'NONE', #924, #1490, #986 ) ;
#629 = LINE ( 'NONE', #1755, #1176 ) ;
#630 = LINE ( 'NONE', #1206, #641 ) ;
#631 = EDGE_CURVE ( 'NONE', #1279, #1132, #1137, .T. ) ;
#632 = AXIS2_PLACEMENT_3D ( 'NONE', #394, #1356, #1223 ) ;
#633 = DIRECTION ( 'NONE',  ( 0.000000000000000000, 0.000000000000000000, -1.000000000000000000 ) ) ;
#634 = EDGE_CURVE ( 'NONE', #1634, #834, #1290, .T. ) ;
#635 = CARTESIAN_POINT ( 'NONE',  ( 58.73249232739001968, 4.501998901367016082, -1.500000000000000000 ) ) ;
#636 = VERTEX_POINT ( 'NONE', #147 ) ;
#637 = ADVANCED_FACE ( 'NONE', ( #1032 ), #1588, .F. ) ;
#638 = FACE_OUTER_BOUND ( 'NONE', #1229, .T. ) ;
#639 = CARTESIAN_POINT ( 'NONE',  ( 50.68249232739002252, 71.81173785294477341, -1.500000000000000000 ) ) ;
#640 = CARTESIAN_POINT ( 'NONE',  ( 59.68249232739000831, 63.76173785294476914, 1.899999999999999911 ) ) ;
#641 = VECTOR ( 'NONE', #498, 1000.000000000000000 ) ;
#642 = DIRECTION ( 'NONE',  ( -0.000000000000000000, -0.000000000000000000, 1.000000000000000000 ) ) ;
#643 = VECTOR ( 'NONE', #905, 1000.000000000000000 ) ;
#644 = CARTESIAN_POINT ( 'NONE',  ( 43.20393525603456197, 5.128938544771564523, 0.000000000000000000 ) ) ;
#645 = EDGE_CURVE ( 'NONE', #1720, #775, #559, .T. ) ;
#646 = ORIENTED_EDGE ( 'NONE', *, *, #1676, .T. ) ;
#647 = ORIENTED_EDGE ( 'NONE', *, *, #194, .T. ) ;
#648 = AXIS2_PLACEMENT_3D ( 'NONE', #1074, #1231, #1792 ) ;
#649 = DIRECTION ( 'NONE',  ( 0.000000000000000000, 0.000000000000000000, -1.000000000000000000 ) ) ;
#650 = ORIENTED_EDGE ( 'NONE', *, *, #1597, .F. ) ;
#651 = FACE_OUTER_BOUND ( 'NONE', #1410, .T. ) ;
#652 = ORIENTED_EDGE ( 'NONE', *, *, #197, .F. ) ;
#653 = FILL_AREA_STYLE_COLOUR ( '', #585 ) ;
#654 = CARTESIAN_POINT ( 'NONE',  ( 43.77797558682614465, 65.08547442474340983, 1.899999999999999911 ) ) ;
#655 = ORIENTED_EDGE ( 'NONE', *, *, #194, .F. ) ;
#656 = ADVANCED_FACE ( 'NONE', ( #434 ), #1550, .T. ) ;
#657 = ORIENTED_EDGE ( 'NONE', *, *, #878, .F. ) ;
#658 = FACE_OUTER_BOUND ( 'NONE', #90, .T. ) ;
#659 = FACE_OUTER_BOUND ( 'NONE', #1466, .T. ) ;
#660 = EDGE_CURVE ( 'NONE', #686, #935, #1706, .T. ) ;
#661 = ORIENTED_EDGE ( 'NONE', *, *, #719, .T. ) ;
#662 =( NAMED_UNIT ( * ) PLANE_ANGLE_UNIT ( ) SI_UNIT ( $, .RADIAN. ) );
#663 = DIRECTION ( 'NONE',  ( -1.387418376241074944E-16, 1.000000000000000000, -0.000000000000000000 ) ) ;
#664 = ORIENTED_EDGE ( 'NONE', *, *, #589, .F. ) ;
#665 = CARTESIAN_POINT ( 'NONE',  ( 4.325584991616800323, 15.27248610966331732, 5.000000000000000000 ) ) ;
#666 = DIRECTION ( 'NONE',  ( -1.000000000000000000, -6.072236557905732924E-16, 0.000000000000000000 ) ) ;
#667 = VERTEX_POINT ( 'NONE', #1559 ) ;
#668 = DIRECTION ( 'NONE',  ( 1.000000000000000000, 2.459744065652363383E-16, -0.000000000000000000 ) ) ;
#669 = EDGE_CURVE ( 'NONE', #1355, #935, #293, .T. ) ;
#670 = ORIENTED_EDGE ( 'NONE', *, *, #631, .F. ) ;
#671 = CARTESIAN_POINT ( 'NONE',  ( -2.026490435299964421, -2.498001098633012784, 1.899999999999999911 ) ) ;
#672 = DIRECTION ( 'NONE',  ( -2.459744065652363383E-16, 1.000000000000000000, 0.000000000000000000 ) ) ;
#673 = ORIENTED_EDGE ( 'NONE', *, *, #435, .T. ) ;
#674 = LINE ( 'NONE', #1677, #1113 ) ;
#675 = ORIENTED_EDGE ( 'NONE', *, *, #1482, .F. ) ;
#676 = AXIS2_PLACEMENT_3D ( 'NONE', #30, #882, #1724 ) ;
#677 = FACE_OUTER_BOUND ( 'NONE', #1429, .T. ) ;
#678 = EDGE_CURVE ( 'NONE', #1434, #725, #22, .T. ) ;
#679 = ORIENTED_EDGE ( 'NONE', *, *, #702, .T. ) ;
#680 = CARTESIAN_POINT ( 'NONE',  ( 59.68249232739002963, 64.93146314837100874, -1.500000000000000000 ) ) ;
#681 = DIRECTION ( 'NONE',  ( 0.9999999939505700430, 0.0001099948173134369586, 0.000000000000000000 ) ) ;
#682 = ORIENTED_EDGE ( 'NONE', *, *, #620, .F. ) ;
#683 = FACE_OUTER_BOUND ( 'NONE', #1373, .T. ) ;
#684 = ORIENTED_EDGE ( 'NONE', *, *, #554, .T. ) ;
#685 = DIRECTION ( 'NONE',  ( 0.000000000000000000, 0.000000000000000000, 1.000000000000000000 ) ) ;
#686 = VERTEX_POINT ( 'NONE', #302 ) ;
#687 = CARTESIAN_POINT ( 'NONE',  ( 50.68249232738992305, 72.76173785294477625, -1.500000000000000000 ) ) ;
#688 = VECTOR ( 'NONE', #1480, 1000.000000000000000 ) ;
#689 = LINE ( 'NONE', #128, #776 ) ;
#690 = ORIENTED_EDGE ( 'NONE', *, *, #1567, .F. ) ;
#691 = AXIS2_PLACEMENT_3D ( 'NONE', #1286, #430, #1568 ) ;
#692 = DIRECTION ( 'NONE',  ( 1.000000000000000000, 0.000000000000000000, 0.000000000000000000 ) ) ;
#693 = VECTOR ( 'NONE', #1627, 1000.000000000000000 ) ;
#694 = EDGE_CURVE ( 'NONE', #291, #233, #1438, .T. ) ;
#695 = VERTEX_POINT ( 'NONE', #921 ) ;
#696 = CARTESIAN_POINT ( 'NONE',  ( 23.98644712270021273, 65.12986164836351577, 5.000000000000000000 ) ) ;
#697 = ORIENTED_EDGE ( 'NONE', *, *, #1072, .T. ) ;
#698 = LINE ( 'NONE', #1435, #373 ) ;
#699 = CARTESIAN_POINT ( 'NONE',  ( 13.71247529139376198, 65.11340853431774178, 5.000000000000000000 ) ) ;
#700 = CARTESIAN_POINT ( 'NONE',  ( 4.125584991616801034, 15.27248610966331732, 1.899999999999999911 ) ) ;
#701 = VERTEX_POINT ( 'NONE', #1181 ) ;
#702 = EDGE_CURVE ( 'NONE', #456, #367, #1776, .T. ) ;
#703 = CARTESIAN_POINT ( 'NONE',  ( 58.73249232739001968, 64.29286703209416487, -1.500000000000000000 ) ) ;
#704 = VECTOR ( 'NONE', #754, 1000.000000000000000 ) ;
#705 = ORIENTED_EDGE ( 'NONE', *, *, #1108, .T. ) ;
#706 = AXIS2_PLACEMENT_3D ( 'NONE', #587, #880, #992 ) ;
#707 = CARTESIAN_POINT ( 'NONE',  ( 13.87724180426212861, 5.181564326187252156, 0.000000000000000000 ) ) ;
#708 = ORIENTED_EDGE ( 'NONE', *, *, #1169, .T. ) ;
#709 = DIRECTION ( 'NONE',  ( 1.000000000000000000, 1.778901277296108536E-16, -0.000000000000000000 ) ) ;
#710 = DIRECTION ( 'NONE',  ( 1.760989301504374138E-16, 1.000000000000000000, 0.000000000000000000 ) ) ;
#711 = CARTESIAN_POINT ( 'NONE',  ( 52.68249232739000831, 4.501998901367016082, -1.500000000000000000 ) ) ;
#712 = VERTEX_POINT ( 'NONE', #1068 ) ;
#713 = CARTESIAN_POINT ( 'NONE',  ( 52.77871365212532595, 71.53983188305645058, 0.000000000000000000 ) ) ;
#714 = VERTEX_POINT ( 'NONE', #932 ) ;
#715 = DIRECTION ( 'NONE',  ( 0.000000000000000000, 0.000000000000000000, 1.000000000000000000 ) ) ;
#716 = EDGE_CURVE ( 'NONE', #456, #1414, #1041, .T. ) ;
#717 = ORIENTED_EDGE ( 'NONE', *, *, #1187, .F. ) ;
#718 = CARTESIAN_POINT ( 'NONE',  ( 57.71265981396042832, 67.82574586162927233, -1.500000000000000444 ) ) ;
#719 = EDGE_CURVE ( 'NONE', #1565, #667, #230, .T. ) ;
#720 = VECTOR ( 'NONE', #663, 1000.000000000000000 ) ;
#721 = PLANE ( 'NONE',  #596 ) ;
#722 = CARTESIAN_POINT ( 'NONE',  ( 57.09058128036011937, 68.66509812607041852, 0.000000000000000000 ) ) ;
#723 = ORIENTED_EDGE ( 'NONE', *, *, #927, .F. ) ;
#724 = CARTESIAN_POINT ( 'NONE',  ( 58.73249232739000547, 63.76173785294475493, -1.500000000000000000 ) ) ;
#725 = VERTEX_POINT ( 'NONE', #1767 ) ;
#726 = VECTOR ( 'NONE', #281, 1000.000000000000000 ) ;
#727 = LINE ( 'NONE', #858, #1582 ) ;
#728 = EDGE_CURVE ( 'NONE', #447, #1634, #975, .T. ) ;
#729 = ORIENTED_EDGE ( 'NONE', *, *, #1803, .T. ) ;
#730 = CARTESIAN_POINT ( 'NONE',  ( 33.46530128803042459, 64.92986164836351293, 1.899999999999999911 ) ) ;
#731 = DIRECTION ( 'NONE',  ( 0.000000000000000000, 0.000000000000000000, -1.000000000000000000 ) ) ;
#732 = CARTESIAN_POINT ( 'NONE',  ( 52.77871365212532595, 71.53983188305645058, 0.000000000000000000 ) ) ;
#733 = CARTESIAN_POINT ( 'NONE',  ( 52.77871365212532595, 71.53983188305645058, -1.500000000000000000 ) ) ;
#734 = EDGE_LOOP ( 'NONE', ( #978, #141, #1365, #870 ) ) ;
#735 = VECTOR ( 'NONE', #205, 1000.000000000000000 ) ;
#736 = PLANE ( 'NONE',  #335 ) ;
#737 = VECTOR ( 'NONE', #1190, 1000.000000000000000 ) ;
#738 = DIRECTION ( 'NONE',  ( 1.000000000000000000, 0.000000000000000000, 0.000000000000000000 ) ) ;
#739 = DIRECTION ( 'NONE',  ( -1.000000000000000000, 0.000000000000000000, 0.000000000000000000 ) ) ;
#740 = CARTESIAN_POINT ( 'NONE',  ( 51.21421522319870689, 71.81173785294483025, 0.000000000000000000 ) ) ;
#741 = CARTESIAN_POINT ( 'NONE',  ( -1.076490435299964687, 65.76173785294474783, -1.500000000000000000 ) ) ;
#742 = ORIENTED_EDGE ( 'NONE', *, *, #1486, .F. ) ;
#743 = ADVANCED_FACE ( 'NONE', ( #225 ), #1340, .T. ) ;
#744 = CYLINDRICAL_SURFACE ( 'NONE', #1150, 0.1999999999999987899 ) ;
#745 = B_SPLINE_CURVE_WITH_KNOTS ( 'NONE', 3,
 ( #1368, #1019, #146, #718, #871, #1296, #1269, #558, #1406, #586, #452, #292 ),
 .UNSPECIFIED., .F., .F.,
 ( 4, 2, 2, 2, 2, 4 ),
 ( 0.000000000000000000, 0.2500000000000024425, 0.5000000000000048850, 0.6250000000000043299, 0.7500000000000037748, 1.000000000000000000 ),
 .UNSPECIFIED. ) ;
#746 = CARTESIAN_POINT ( 'NONE',  ( 55.20271244672283473, 71.56809233961932648, 1.900000000000000133 ) ) ;
#747 = CARTESIAN_POINT ( 'NONE',  ( 13.51247529139376091, 64.91340853431773894, 5.000000000000000000 ) ) ;
#748 = PLANE ( 'NONE',  #676 ) ;
#749 = LINE ( 'NONE', #724, #1403 ) ;
#750 = VECTOR ( 'NONE', #493, 1000.000000000000000 ) ;
#751 = ORIENTED_EDGE ( 'NONE', *, *, #1803, .F. ) ;
#752 = DIRECTION ( 'NONE',  ( -1.170928867840125055E-16, 1.000000000000000000, 0.000000000000000000 ) ) ;
#753 = CIRCLE ( 'NONE', #632, 0.1999999999999987899 ) ;
#754 = DIRECTION ( 'NONE',  ( 0.000000000000000000, 0.000000000000000000, -1.000000000000000000 ) ) ;
#755 = VECTOR ( 'NONE', #649, 1000.000000000000000 ) ;
#756 = DIRECTION ( 'NONE',  ( -1.000000000000000000, 0.000000000000000000, 0.000000000000000000 ) ) ;
#757 = DIRECTION ( 'NONE',  ( -0.0001099948173134369722, 0.9999999939505701541, 0.000000000000000000 ) ) ;
#758 = ORIENTED_EDGE ( 'NONE', *, *, #1252, .F. ) ;
#759 = EDGE_CURVE ( 'NONE', #1533, #572, #1623, .T. ) ;
#760 = CARTESIAN_POINT ( 'NONE',  ( 59.68249232739000831, 72.76173785294476204, 0.6016666666666672381 ) ) ;
#761 = DIRECTION ( 'NONE',  ( 0.000000000000000000, 0.000000000000000000, 1.000000000000000000 ) ) ;
#762 = CARTESIAN_POINT ( 'NONE',  ( 13.51247529139376091, 65.11340853431774178, 1.899999999999999689 ) ) ;
#763 = VECTOR ( 'NONE', #154, 1000.000000000000000 ) ;
#764 = CARTESIAN_POINT ( 'NONE',  ( 33.65029304469298665, 5.127909692599088132, 0.000000000000000000 ) ) ;
#765 = PLANE ( 'NONE',  #1024 ) ;
#766 = ORIENTED_EDGE ( 'NONE', *, *, #238, .F. ) ;
#767 = EDGE_LOOP ( 'NONE', ( #257, #276, #1227, #958 ) ) ;
#768 = LINE ( 'NONE', #315, #420 ) ;
#769 = EDGE_CURVE ( 'NONE', #1824, #5, #1316, .T. ) ;
#770 = CARTESIAN_POINT ( 'NONE',  ( 4.973509564700038688, -1.548001098633011718, -1.500000000000000000 ) ) ;
#771 = EDGE_CURVE ( 'NONE', #38, #1405, #614, .T. ) ;
#772 = DIRECTION ( 'NONE',  ( -0.000000000000000000, -0.000000000000000000, 1.000000000000000000 ) ) ;
#773 = EDGE_CURVE ( 'NONE', #306, #224, #43, .T. ) ;
#774 = CARTESIAN_POINT ( 'NONE',  ( -2.026490435299964421, 4.501998901367001871, -1.500000000000000000 ) ) ;
#775 = VERTEX_POINT ( 'NONE', #1207 ) ;
#776 = VECTOR ( 'NONE', #1127, 1000.000000000000000 ) ;
#777 = DIRECTION ( 'NONE',  ( 1.000000000000000000, -0.000000000000000000, 0.000000000000000000 ) ) ;
#778 = DIRECTION ( 'NONE',  ( 0.000000000000000000, 0.000000000000000000, -1.000000000000000000 ) ) ;
#779 = LINE ( 'NONE', #1339, #790 ) ;
#780 = AXIS2_PLACEMENT_3D ( 'NONE', #1342, #1209, #1768 ) ;
#781 = EDGE_CURVE ( 'NONE', #1112, #548, #604, .T. ) ;
#782 = DIRECTION ( 'NONE',  ( 1.000000000000000000, 0.000000000000000000, 0.000000000000000000 ) ) ;
#783 = CARTESIAN_POINT ( 'NONE',  ( 53.25478145081196146, 15.27248610966331732, 1.899999999999999689 ) ) ;
#784 = ORIENTED_EDGE ( 'NONE', *, *, #1628, .T. ) ;
#785 = VERTEX_POINT ( 'NONE', #327 ) ;
#786 = PLANE ( 'NONE',  #1704 ) ;
#787 = ORIENTED_EDGE ( 'NONE', *, *, #1015, .T. ) ;
#788 = CYLINDRICAL_SURFACE ( 'NONE', #1547, 0.1999999999999987899 ) ;
#789 = ORIENTED_EDGE ( 'NONE', *, *, #1156, .T. ) ;
#790 = VECTOR ( 'NONE', #470, 1000.000000000000000 ) ;
#791 = CARTESIAN_POINT ( 'NONE',  ( 59.68249232739000831, 4.501998901367000094, -1.500000000000000000 ) ) ;
#792 = ADVANCED_FACE ( 'NONE', ( #471 ), #1613, .T. ) ;
#793 = VECTOR ( 'NONE', #594, 1000.000000000000000 ) ;
#794 = DIRECTION ( 'NONE',  ( 0.000000000000000000, 0.000000000000000000, -1.000000000000000000 ) ) ;
#795 = ORIENTED_EDGE ( 'NONE', *, *, #1421, .T. ) ;
#796 = ORIENTED_EDGE ( 'NONE', *, *, #769, .F. ) ;
#797 = CARTESIAN_POINT ( 'NONE',  ( 23.98644712270021273, 0.000000000000000000, 1.899999999999999911 ) ) ;
#798 = ADVANCED_FACE ( 'NONE', ( #462 ), #1349, .F. ) ;
#799 = DIRECTION ( 'NONE',  ( 0.000000000000000000, 0.000000000000000000, 1.000000000000000000 ) ) ;
#800 = ORIENTED_EDGE ( 'NONE', *, *, #1385, .T. ) ;
#801 = CARTESIAN_POINT ( 'NONE',  ( 52.68249232739000831, -2.498001098632999462, 1.899999999999999911 ) ) ;
#802 = LINE ( 'NONE', #383, #476 ) ;
#803 = VERTEX_POINT ( 'NONE', #1605 ) ;
#804 = EDGE_CURVE ( 'NONE', #1552, #1011, #1215, .T. ) ;
#805 = CARTESIAN_POINT ( 'NONE',  ( 55.60360765525062021, 70.15638876353195030, 0.000000000000000000 ) ) ;
#806 = CARTESIAN_POINT ( 'NONE',  ( 4.325584991616800323, 15.27248610966331732, 1.899999999999999689 ) ) ;
#807 = ORIENTED_EDGE ( 'NONE', *, *, #1029, .F. ) ;
#808 = CARTESIAN_POINT ( 'NONE',  ( 4.125584991616801034, 15.07248610966331626, 5.000000000000000000 ) ) ;
#809 = AXIS2_PLACEMENT_3D ( 'NONE', #665, #966, #692 ) ;
#810 = ORIENTED_EDGE ( 'NONE', *, *, #954, .T. ) ;
#811 = DIRECTION ( 'NONE',  ( 0.000000000000000000, 1.000000000000000000, 0.000000000000000000 ) ) ;
#812 = AXIS2_PLACEMENT_3D ( 'NONE', #1330, #1204, #1595 ) ;
#813 = FACE_OUTER_BOUND ( 'NONE', #1119, .T. ) ;
#814 = ORIENTED_EDGE ( 'NONE', *, *, #1495, .F. ) ;
#815 = CARTESIAN_POINT ( 'NONE',  ( 58.73249232739001968, 64.29286703209416487, 0.000000000000000000 ) ) ;
#816 = ORIENTED_EDGE ( 'NONE', *, *, #645, .T. ) ;
#817 = EDGE_CURVE ( 'NONE', #260, #1737, #1485, .T. ) ;
#818 = DIRECTION ( 'NONE',  ( 0.000000000000000000, 0.000000000000000000, -1.000000000000000000 ) ) ;
#819 = ORIENTED_EDGE ( 'NONE', *, *, #970, .T. ) ;
#820 = DIRECTION ( 'NONE',  ( -0.000000000000000000, -0.000000000000000000, 1.000000000000000000 ) ) ;
#821 = CARTESIAN_POINT ( 'NONE',  ( 33.65029304469298665, 4.927887692425605870, 0.000000000000000000 ) ) ;
#822 = AXIS2_PLACEMENT_3D ( 'NONE', #671, #371, #1506 ) ;
#823 = EDGE_LOOP ( 'NONE', ( #1094, #413, #331, #247, #48, #365, #1130, #537, #1537, #825, #229, #474, #810, #951, #1479, #74, #1702, #288, #646, #340, #859, #153, #1097, #347, #139, #1602, #429, #1656, #100, #930, #1202, #842 ) ) ;
#824 = CYLINDRICAL_SURFACE ( 'NONE', #809, 0.1999999999999996503 ) ;
#825 = ORIENTED_EDGE ( 'NONE', *, *, #1198, .T. ) ;
#826 = EDGE_CURVE ( 'NONE', #572, #599, #361, .T. ) ;
#827 = DIRECTION ( 'NONE',  ( -0.000000000000000000, 1.000000000000000000, 0.000000000000000000 ) ) ;
#828 = EDGE_CURVE ( 'NONE', #1414, #1370, #206, .T. ) ;
#829 = ORIENTED_EDGE ( 'NONE', *, *, #996, .F. ) ;
#830 = EDGE_CURVE ( 'NONE', #1434, #409, #965, .T. ) ;
#831 = DIRECTION ( 'NONE',  ( -0.000000000000000000, -0.000000000000000000, 1.000000000000000000 ) ) ;
#832 = ORIENTED_EDGE ( 'NONE', *, *, #142, .F. ) ;
#833 = LINE ( 'NONE', #392, #538 ) ;
#834 = VERTEX_POINT ( 'NONE', #1059 ) ;
#835 = DIRECTION ( 'NONE',  ( 1.000000000000000000, 0.000000000000000000, 0.000000000000000000 ) ) ;
#836 = ORIENTED_EDGE ( 'NONE', *, *, #1242, .F. ) ;
#837 = DIRECTION ( 'NONE',  ( 0.000000000000000000, 0.000000000000000000, 1.000000000000000000 ) ) ;
#838 = CLOSED_SHELL ( 'NONE', ( #105, #868, #62, #897, #492, #1794, #1287, #1548, #1762, #6, #1246, #565, #1518, #382, #743, #1277, #1731, #330, #463, #656, #1323, #391, #1779, #18, #792, #1338, #60, #1219, #440, #161, #839, #577, #798, #1621, #119, #1061, #1813, #1049, #1437, #263, #116, #637, #1718, #310, #1606, #69, #1208, #386, #968, #1086, #610, #1350 ) ) ;
#839 = ADVANCED_FACE ( 'NONE', ( #952 ), #1662, .T. ) ;
#840 = LINE ( 'NONE', #1408, #304 ) ;
#841 = FACE_OUTER_BOUND ( 'NONE', #1683, .T. ) ;
#842 = ORIENTED_EDGE ( 'NONE', *, *, #1377, .T. ) ;
#843 = VECTOR ( 'NONE', #564, 1000.000000000000000 ) ;
#844 = CARTESIAN_POINT ( 'NONE',  ( 58.22148413076654805, 66.59655735637370810, 0.000000000000000000 ) ) ;
#845 = ORIENTED_EDGE ( 'NONE', *, *, #406, .T. ) ;
#846 = CARTESIAN_POINT ( 'NONE',  ( 53.25478145081195436, 65.08547442474340983, 5.000000000000000000 ) ) ;
#847 = ORIENTED_EDGE ( 'NONE', *, *, #759, .T. ) ;
#848 = CARTESIAN_POINT ( 'NONE',  ( 23.98644712270021273, 55.06052811971416361, 0.000000000000000000 ) ) ;
#849 = PLANE ( 'NONE',  #1728 ) ;
#850 = EDGE_CURVE ( 'NONE', #1688, #636, #941, .T. ) ;
#851 = CARTESIAN_POINT ( 'NONE',  ( 54.23233394596721268, 72.28857739360641688, -1.500000000000000000 ) ) ;
#852 = ORIENTED_EDGE ( 'NONE', *, *, #771, .F. ) ;
#853 = DIRECTION ( 'NONE',  ( -0.000000000000000000, 1.000000000000000000, -0.000000000000000000 ) ) ;
#854 = CIRCLE ( 'NONE', #1244, 6.050000000000014033 ) ;
#855 = ORIENTED_EDGE ( 'NONE', *, *, #912, .F. ) ;
#856 = AXIS2_PLACEMENT_3D ( 'NONE', #189, #1216, #61 ) ;
#857 = EDGE_CURVE ( 'NONE', #985, #1601, #1065, .T. ) ;
#858 = CARTESIAN_POINT ( 'NONE',  ( 33.46530128803042459, 64.92986164836351293, 0.000000000000000000 ) ) ;
#859 = ORIENTED_EDGE ( 'NONE', *, *, #497, .T. ) ;
#860 = MANIFOLD_SOLID_BREP ( 'Fillet5', #838 ) ;
#861 = LINE ( 'NONE', #1426, #763 ) ;
#862 = AXIS2_PLACEMENT_3D ( 'NONE', #1590, #11, #44 ) ;
#863 = DIRECTION ( 'NONE',  ( -1.000000000000000000, -1.778901277296108290E-16, 0.000000000000000000 ) ) ;
#864 = CARTESIAN_POINT ( 'NONE',  ( 57.91889550487404392, 67.32740015414564994, 0.000000000000000000 ) ) ;
#865 = EDGE_LOOP ( 'NONE', ( #1335, #981, #1488, #819 ) ) ;
#866 = CARTESIAN_POINT ( 'NONE',  ( 52.68249232739000831, 4.501998901367001871, -1.500000000000000000 ) ) ;
#867 = ORIENTED_EDGE ( 'NONE', *, *, #84, .T. ) ;
#868 = ADVANCED_FACE ( 'NONE', ( #88, #1117 ), #1673, .T. ) ;
#869 = CARTESIAN_POINT ( 'NONE',  ( -1.076490435299964687, 65.76173785294474783, -1.500000000000000000 ) ) ;
#870 = ORIENTED_EDGE ( 'NONE', *, *, #1039, .T. ) ;
#871 = CARTESIAN_POINT ( 'NONE',  ( 57.13236882649611204, 68.69532137773781244, -1.500000000000000222 ) ) ;
#872 = DIRECTION ( 'NONE',  ( -1.000000000000000000, 0.000000000000000000, 0.000000000000000000 ) ) ;
#873 = CARTESIAN_POINT ( 'NONE',  ( 57.21422121266516569, 70.28587358027455423, -1.500000000000000000 ) ) ;
#874 = CARTESIAN_POINT ( 'NONE',  ( 33.65029304469298665, 15.07248610966331803, 0.000000000000000000 ) ) ;
#875 = EDGE_LOOP ( 'NONE', ( #411, #231, #3, #157 ) ) ;
#876 = AXIS2_PLACEMENT_3D ( 'NONE', #1212, #925, #1492 ) ;
#877 = CARTESIAN_POINT ( 'NONE',  ( 4.125584991616801034, 65.11340853431774178, 0.000000000000000000 ) ) ;
#878 = EDGE_CURVE ( 'NONE', #1552, #1279, #1786, .T. ) ;
#879 = LINE ( 'NONE', #593, #290 ) ;
#880 = DIRECTION ( 'NONE',  ( 0.000000000000000000, 0.000000000000000000, -1.000000000000000000 ) ) ;
#881 = EDGE_CURVE ( 'NONE', #5, #1414, #431, .T. ) ;
#882 = DIRECTION ( 'NONE',  ( -1.000000000000000000, 0.000000000000000000, 0.000000000000000000 ) ) ;
#883 = CARTESIAN_POINT ( 'NONE',  ( 58.73249232739001258, 4.501998901367016970, -1.500000000000000000 ) ) ;
#884 = ORIENTED_EDGE ( 'NONE', *, *, #1574, .T. ) ;
#885 = VECTOR ( 'NONE', #811, 1000.000000000000000 ) ;
#886 = CARTESIAN_POINT ( 'NONE',  ( -1.076490435299964687, 65.76173785294474783, -1.500000000000000000 ) ) ;
#887 = AXIS2_PLACEMENT_3D ( 'NONE', #1298, #1003, #415 ) ;
#888 = CARTESIAN_POINT ( 'NONE',  ( 58.54138604013910907, 68.30707531629768425, 1.899999999999999245 ) ) ;
#889 = EDGE_CURVE ( 'NONE', #1780, #1224, #972, .T. ) ;
#890 = CARTESIAN_POINT ( 'NONE',  ( 4.973509564700036023, 65.76173785294474783, -1.500000000000000000 ) ) ;
#891 = CYLINDRICAL_SURFACE ( 'NONE', #1654, 6.050000000000014033 ) ;
#892 = DIRECTION ( 'NONE',  ( 1.000000000000000000, 0.000000000000000000, 0.000000000000000000 ) ) ;
#893 = ORIENTED_EDGE ( 'NONE', *, *, #424, .T. ) ;
#894 = DIRECTION ( 'NONE',  ( 1.000000000000000000, 0.000000000000000000, 0.000000000000000000 ) ) ;
#895 = LINE ( 'NONE', #1604, #1830 ) ;
#896 = CARTESIAN_POINT ( 'NONE',  ( 14.07724180426212968, 4.981564326187250202, 1.899999999999999689 ) ) ;
#897 = ADVANCED_FACE ( 'NONE', ( #1089 ), #1641, .F. ) ;
#898 = LINE ( 'NONE', #1478, #1146 ) ;
#899 = CIRCLE ( 'NONE', #16, 7.000000000000000000 ) ;
#900 = ORIENTED_EDGE ( 'NONE', *, *, #1031, .T. ) ;
#901 = VERTEX_POINT ( 'NONE', #801 ) ;
#902 = CARTESIAN_POINT ( 'NONE',  ( 52.68249232739000831, 4.501998901367016082, 1.899999999999999911 ) ) ;
#903 = VECTOR ( 'NONE', #507, 1000.000000000000000 ) ;
#904 = CARTESIAN_POINT ( 'NONE',  ( 59.68249232739001542, 64.95495980455439167, 1.900000000000000577 ) ) ;
#905 = DIRECTION ( 'NONE',  ( -1.000000000000000000, -0.000000000000000000, -0.000000000000000000 ) ) ;
#906 = EDGE_CURVE ( 'NONE', #1220, #1112, #745, .T. ) ;
#907 = FACE_OUTER_BOUND ( 'NONE', #1352, .T. ) ;
#908 = ORIENTED_EDGE ( 'NONE', *, *, #297, .T. ) ;
#909 = EDGE_CURVE ( 'NONE', #803, #636, #612, .T. ) ;
#910 = DIRECTION ( 'NONE',  ( 1.000000000000000000, 0.000000000000000000, 0.000000000000000000 ) ) ;
#911 = CARTESIAN_POINT ( 'NONE',  ( 43.77797558682614465, 64.88547442474340698, 0.000000000000000000 ) ) ;
#912 = EDGE_CURVE ( 'NONE', #608, #1293, #136, .T. ) ;
#913 = DIRECTION ( 'NONE',  ( -0.000000000000000000, -0.000000000000000000, 1.000000000000000000 ) ) ;
#914 = CARTESIAN_POINT ( 'NONE',  ( 23.59274383753431792, 15.07248610966331803, 5.000000000000000000 ) ) ;
#915 = CYLINDRICAL_SURFACE ( 'NONE', #780, 0.1999999999999987899 ) ;
#916 = EDGE_LOOP ( 'NONE', ( #1268, #1516, #356, #524 ) ) ;
#917 = PLANE ( 'NONE',  #446 ) ;
#918 = DIRECTION ( 'NONE',  ( -0.000000000000000000, 1.000000000000000000, -0.000000000000000000 ) ) ;
#919 = EDGE_CURVE ( 'NONE', #1771, #1132, #973, .T. ) ;
#920 = DIRECTION ( 'NONE',  ( 2.545236479310125717E-16, -1.000000000000000000, 0.000000000000000000 ) ) ;
#921 = CARTESIAN_POINT ( 'NONE',  ( 24.18644712270021202, 65.12986164836351577, 0.000000000000000000 ) ) ;
#922 = CARTESIAN_POINT ( 'NONE',  ( 13.51247529139376091, 64.91340853431773894, 1.899999999999999689 ) ) ;
#923 = ORIENTED_EDGE ( 'NONE', *, *, #1187, .T. ) ;
#924 = CARTESIAN_POINT ( 'NONE',  ( -2.026490435299964421, 72.76173785294474783, 1.899999999999999911 ) ) ;
#925 = DIRECTION ( 'NONE',  ( -0.000000000000000000, -0.000000000000000000, 1.000000000000000000 ) ) ;
#926 = ORIENTED_EDGE ( 'NONE', *, *, #369, .T. ) ;
#927 = EDGE_CURVE ( 'NONE', #667, #374, #879, .T. ) ;
#928 = CARTESIAN_POINT ( 'NONE',  ( 24.18644712270021202, 64.92986164836351293, 5.000000000000000000 ) ) ;
#929 = VECTOR ( 'NONE', #1114, 1000.000000000000000 ) ;
#930 = ORIENTED_EDGE ( 'NONE', *, *, #142, .T. ) ;
#931 = VECTOR ( 'NONE', #221, 1000.000000000000000 ) ;
#932 = CARTESIAN_POINT ( 'NONE',  ( 33.85031504365645816, 4.927909693808974367, 1.899999999999999911 ) ) ;
#933 = CARTESIAN_POINT ( 'NONE',  ( 50.68249232738992305, 72.76173785294477625, -1.500000000000000000 ) ) ;
#934 = ORIENTED_EDGE ( 'NONE', *, *, #1486, .T. ) ;
#935 = VERTEX_POINT ( 'NONE', #20 ) ;
#936 = DIRECTION ( 'NONE',  ( -6.072236557905732924E-16, 1.000000000000000000, 0.000000000000000000 ) ) ;
#937 = ORIENTED_EDGE ( 'NONE', *, *, #1709, .F. ) ;
#938 = DIRECTION ( 'NONE',  ( 0.000000000000000000, 0.000000000000000000, -1.000000000000000000 ) ) ;
#939 = EDGE_LOOP ( 'NONE', ( #1648, #1727, #384, #235 ) ) ;
#940 = VECTOR ( 'NONE', #1359, 1000.000000000000000 ) ;
#941 = LINE ( 'NONE', #530, #319 ) ;
#942 = EDGE_CURVE ( 'NONE', #1124, #667, #1714, .T. ) ;
#943 = AXIS2_PLACEMENT_3D ( 'NONE', #914, #70, #1751 ) ;
#944 = DIRECTION ( 'NONE',  ( 0.000000000000000000, 0.000000000000000000, 1.000000000000000000 ) ) ;
#945 = ORIENTED_EDGE ( 'NONE', *, *, #942, .T. ) ;
#946 = EDGE_LOOP ( 'NONE', ( #717, #272, #1778, #1509 ) ) ;
#947 = AXIS2_PLACEMENT_3D ( 'NONE', #454, #1561, #1741 ) ;
#948 = DIRECTION ( 'NONE',  ( 1.000000000000000000, 4.545065141625224231E-17, 0.000000000000000000 ) ) ;
#949 = ORIENTED_EDGE ( 'NONE', *, *, #216, .F. ) ;
#950 = DIRECTION ( 'NONE',  ( 0.000000000000000000, -0.000000000000000000, 1.000000000000000000 ) ) ;
#951 = ORIENTED_EDGE ( 'NONE', *, *, #1297, .T. ) ;
#952 = FACE_OUTER_BOUND ( 'NONE', #1658, .T. ) ;
#953 = FACE_OUTER_BOUND ( 'NONE', #607, .T. ) ;
#954 = EDGE_CURVE ( 'NONE', #46, #243, #273, .T. ) ;
#955 = ORIENTED_EDGE ( 'NONE', *, *, #172, .F. ) ;
#956 = CARTESIAN_POINT ( 'NONE',  ( 54.01300667493015339, 71.09518542119788265, -1.500000000000000000 ) ) ;
#957 = PRODUCT_DEFINITION_CONTEXT ( 'detailed design', #1265, 'design' ) ;
#958 = ORIENTED_EDGE ( 'NONE', *, *, #172, .T. ) ;
#959 = VECTOR ( 'NONE', #266, 1000.000000000000000 ) ;
#960 = LINE ( 'NONE', #1233, #929 ) ;
#961 = VERTEX_POINT ( 'NONE', #1557 ) ;
#962 = AXIS2_PLACEMENT_3D ( 'NONE', #1802, #1659, #1504 ) ;
#963 = LINE ( 'NONE', #821, #1200 ) ;
#964 = ORIENTED_EDGE ( 'NONE', *, *, #1072, .F. ) ;
#965 = B_SPLINE_CURVE_WITH_KNOTS ( 'NONE', 3,
 ( #481, #1245, #1388, #1812 ),
 .UNSPECIFIED., .F., .F.,
 ( 4, 4 ),
 ( 0.000000000000000000, 1.000000000000000000 ),
 .UNSPECIFIED. ) ;
#966 = DIRECTION ( 'NONE',  ( 0.000000000000000000, 0.000000000000000000, 1.000000000000000000 ) ) ;
#967 = ORIENTED_EDGE ( 'NONE', *, *, #889, .F. ) ;
#968 = ADVANCED_FACE ( 'NONE', ( #1415 ), #1162, .F. ) ;
#969 = PLANE ( 'NONE',  #132 ) ;
#970 = EDGE_CURVE ( 'NONE', #494, #1327, #698, .T. ) ;
#971 = VERTEX_POINT ( 'NONE', #1155 ) ;
#972 = LINE ( 'NONE', #791, #940 ) ;
#973 = CIRCLE ( 'NONE', #1126, 0.1999999999999987899 ) ;
#974 = FACE_OUTER_BOUND ( 'NONE', #1122, .T. ) ;
#975 = CIRCLE ( 'NONE', #1188, 0.1999999999999996503 ) ;
#976 = ORIENTED_EDGE ( 'NONE', *, *, #1399, .T. ) ;
#977 = CARTESIAN_POINT ( 'NONE',  ( 57.67356264742161898, 67.79039809127840499, -1.500000000000000000 ) ) ;
#978 = ORIENTED_EDGE ( 'NONE', *, *, #58, .T. ) ;
#979 = FACE_OUTER_BOUND ( 'NONE', #376, .T. ) ;
#980 = EDGE_CURVE ( 'NONE', #599, #785, #1694, .T. ) ;
#981 = ORIENTED_EDGE ( 'NONE', *, *, #769, .T. ) ;
#982 = CARTESIAN_POINT ( 'NONE',  ( 59.68249232739000831, 63.76173785294474072, 0.000000000000000000 ) ) ;
#983 = CARTESIAN_POINT ( 'NONE',  ( 13.87724180426212683, 15.07248610966331803, 1.899999999999999689 ) ) ;
#984 = LINE ( 'NONE', #366, #1261 ) ;
#985 = VERTEX_POINT ( 'NONE', #1012 ) ;
#986 = DIRECTION ( 'NONE',  ( 1.000000000000000000, 2.248908860025017739E-16, 0.000000000000000000 ) ) ;
#987 = VERTEX_POINT ( 'NONE', #730 ) ;
#988 = LINE ( 'NONE', #877, #843 ) ;
#989 = CIRCLE ( 'NONE', #1228, 0.1999999999999987899 ) ;
#990 = CARTESIAN_POINT ( 'NONE',  ( 13.87724180426212683, 15.07248610966331803, 0.000000000000000000 ) ) ;
#991 = VECTOR ( 'NONE', #298, 1000.000000000000000 ) ;
#992 = DIRECTION ( 'NONE',  ( -1.000000000000000000, 0.000000000000000000, 0.000000000000000000 ) ) ;
#993 = DIRECTION ( 'NONE',  ( -0.000000000000000000, -1.000000000000000000, -0.000000000000000000 ) ) ;
#994 = ORIENTED_EDGE ( 'NONE', *, *, #1817, .T. ) ;
#995 = CIRCLE ( 'NONE', #21, 0.1999999999999987899 ) ;
#996 = EDGE_CURVE ( 'NONE', #1496, #367, #1307, .T. ) ;
#997 = CARTESIAN_POINT ( 'NONE',  ( 56.00741890650713373, 69.82164000565165907, 0.000000000000000000 ) ) ;
#998 = AXIS2_PLACEMENT_3D ( 'NONE', #1364, #1354, #1696 ) ;
#999 = ORIENTED_EDGE ( 'NONE', *, *, #850, .T. ) ;
#1000 = LINE ( 'NONE', #1681, #726 ) ;
#1001 = ORIENTED_EDGE ( 'NONE', *, *, #1817, .F. ) ;
#1002 = DIRECTION ( 'NONE',  ( 0.000000000000000000, 0.000000000000000000, -1.000000000000000000 ) ) ;
#1003 = DIRECTION ( 'NONE',  ( 0.000000000000000000, -0.000000000000000000, 1.000000000000000000 ) ) ;
#1004 = CARTESIAN_POINT ( 'NONE',  ( 59.68249232739001542, 4.501998901367001871, -1.500000000000000000 ) ) ;
#1005 = EDGE_CURVE ( 'NONE', #636, #447, #163, .T. ) ;
#1006 = ORIENTED_EDGE ( 'NONE', *, *, #678, .F. ) ;
#1007 = CARTESIAN_POINT ( 'NONE',  ( 4.125584991616801034, 65.11340853431774178, 5.000000000000000000 ) ) ;
#1008 = AXIS2_PLACEMENT_3D ( 'NONE', #1171, #837, #738 ) ;
#1009 = ORIENTED_EDGE ( 'NONE', *, *, #1642, .F. ) ;
#1010 = CARTESIAN_POINT ( 'NONE',  ( 4.325584991616800323, 15.27248610966331732, 0.000000000000000000 ) ) ;
#1011 = VERTEX_POINT ( 'NONE', #1546 ) ;
#1012 = CARTESIAN_POINT ( 'NONE',  ( 53.25478145081195436, 64.88547442474340698, 0.000000000000000000 ) ) ;
#1013 = CARTESIAN_POINT ( 'NONE',  ( 58.73249232739001968, 4.501998901367016082, -1.500000000000000000 ) ) ;
#1014 = CARTESIAN_POINT ( 'NONE',  ( 58.22148413076654805, 66.59655735637370810, 0.000000000000000000 ) ) ;
#1015 = EDGE_CURVE ( 'NONE', #1771, #107, #283, .T. ) ;
#1016 = CARTESIAN_POINT ( 'NONE',  ( 53.52878065077052838, 71.29628161749627679, 0.000000000000000000 ) ) ;
#1017 = EDGE_LOOP ( 'NONE', ( #1675, #125, #1652, #784 ) ) ;
#1018 = CARTESIAN_POINT ( 'NONE',  ( 13.71247529139376198, 64.91340853431773894, 1.899999999999999911 ) ) ;
#1019 = CARTESIAN_POINT ( 'NONE',  ( 58.73249232739002679, 64.82856728898556753, -1.500000000000000222 ) ) ;
#1020 = AXIS2_PLACEMENT_3D ( 'NONE', #465, #1572, #455 ) ;
#1021 = DIRECTION ( 'NONE',  ( 0.000000000000000000, 0.000000000000000000, -1.000000000000000000 ) ) ;
#1022 = CARTESIAN_POINT ( 'NONE',  ( 51.85608101131510494, 72.76173785294490415, -1.500000000000000000 ) ) ;
#1023 = DIRECTION ( 'NONE',  ( 0.000000000000000000, -1.000000000000000000, 0.000000000000000000 ) ) ;
#1024 = AXIS2_PLACEMENT_3D ( 'NONE', #483, #1060, #1616 ) ;
#1025 = CIRCLE ( 'NONE', #544, 0.1999999999999987899 ) ;
#1026 = ORIENTED_EDGE ( 'NONE', *, *, #1664, .F. ) ;
#1027 = AXIS2_PLACEMENT_3D ( 'NONE', #289, #1536, #1691 ) ;
#1028 = CARTESIAN_POINT ( 'NONE',  ( 53.05478145081195152, 65.08547442474340983, 0.000000000000000000 ) ) ;
#1029 = EDGE_CURVE ( 'NONE', #1237, #1804, #1289, .T. ) ;
#1030 = DIRECTION ( 'NONE',  ( 0.000000000000000000, 0.000000000000000000, -1.000000000000000000 ) ) ;
#1031 = EDGE_CURVE ( 'NONE', #971, #599, #1145, .T. ) ;
#1032 = FACE_OUTER_BOUND ( 'NONE', #1071, .T. ) ;
#1033 = LINE ( 'NONE', #1735, #118 ) ;
#1034 = DIRECTION ( 'NONE',  ( 0.000000000000000000, 0.000000000000000000, 1.000000000000000000 ) ) ;
#1035 = EDGE_LOOP ( 'NONE', ( #1001, #468, #25, #439 ) ) ;
#1036 = AXIS2_PLACEMENT_3D ( 'NONE', #1379, #510, #108 ) ;
#1037 = FACE_OUTER_BOUND ( 'NONE', #875, .T. ) ;
#1038 = VECTOR ( 'NONE', #1716, 1000.000000000000000 ) ;
#1039 = EDGE_CURVE ( 'NONE', #1634, #803, #861, .T. ) ;
#1040 = CARTESIAN_POINT ( 'NONE',  ( 13.87724180426212683, 15.07248610966331803, 0.000000000000000000 ) ) ;
#1041 = LINE ( 'NONE', #1462, #1419 ) ;
#1042 = CARTESIAN_POINT ( 'NONE',  ( 43.57797558682614891, 54.89351411270024528, 5.000000000000000000 ) ) ;
#1043 = CARTESIAN_POINT ( 'NONE',  ( 23.59274383753431792, 0.000000000000000000, 1.899999999999999911 ) ) ;
#1044 = ORIENTED_EDGE ( 'NONE', *, *, #1133, .T. ) ;
#1045 = ORIENTED_EDGE ( 'NONE', *, *, #694, .F. ) ;
#1046 = FACE_OUTER_BOUND ( 'NONE', #1708, .T. ) ;
#1047 = CARTESIAN_POINT ( 'NONE',  ( 4.973509564700038688, -1.548001098633011718, -1.500000000000000000 ) ) ;
#1048 = CARTESIAN_POINT ( 'NONE',  ( 4.973509564700034247, 65.76173785294474783, -1.500000000000000000 ) ) ;
#1049 = ADVANCED_FACE ( 'NONE', ( #1196 ), #1214, .F. ) ;
#1050 = VECTOR ( 'NONE', #389, 1000.000000000000000 ) ;
#1051 = CARTESIAN_POINT ( 'NONE',  ( 4.973509564700037799, -2.498001098633011008, 1.899999999999999911 ) ) ;
#1052 = CIRCLE ( 'NONE', #277, 0.1999999999999987899 ) ;
#1053 = ORIENTED_EDGE ( 'NONE', *, *, #1421, .F. ) ;
#1054 = EDGE_CURVE ( 'NONE', #353, #409, #198, .T. ) ;
#1055 = CARTESIAN_POINT ( 'NONE',  ( 4.973509564700036911, -1.548001098633013495, -1.500000000000000000 ) ) ;
#1056 = CARTESIAN_POINT ( 'NONE',  ( 43.57797558682614891, 54.89351411270024528, 1.899999999999999689 ) ) ;
#1057 = AXIS2_PLACEMENT_3D ( 'NONE', #49, #33, #894 ) ;
#1058 = CARTESIAN_POINT ( 'NONE',  ( 51.87896364472131694, 72.76173785294479046, 1.900000000000000355 ) ) ;
#1059 = CARTESIAN_POINT ( 'NONE',  ( 4.125584991616801034, 15.27248610966331732, 0.000000000000000000 ) ) ;
#1060 = DIRECTION ( 'NONE',  ( -0.000000000000000000, 1.000000000000000000, 0.000000000000000000 ) ) ;
#1061 = ADVANCED_FACE ( 'NONE', ( #1596 ), #77, .F. ) ;
#1062 = ORIENTED_EDGE ( 'NONE', *, *, #1458, .F. ) ;
#1063 = CARTESIAN_POINT ( 'NONE',  ( 4.973509564700037799, 4.501998901366988548, -1.500000000000000000 ) ) ;
#1064 = CARTESIAN_POINT ( 'NONE',  ( 23.59274383753431792, 15.07248610966331803, 0.000000000000000000 ) ) ;
#1065 = CIRCLE ( 'NONE', #1618, 0.1999999999999987899 ) ;
#1066 = LINE ( 'NONE', #459, #1328 ) ;
#1067 = VECTOR ( 'NONE', #442, 1000.000000000000000 ) ;
#1068 = CARTESIAN_POINT ( 'NONE',  ( 52.68249232739000831, -1.548001098632999506, 0.000000000000000000 ) ) ;
#1069 = DIRECTION ( 'NONE',  ( 1.000000000000000000, 0.000000000000000000, 0.000000000000000000 ) ) ;
#1070 = CARTESIAN_POINT ( 'NONE',  ( 33.26530128803042174, 65.12986164836351577, 0.000000000000000000 ) ) ;
#1071 = EDGE_LOOP ( 'NONE', ( #110, #796, #675, #591 ) ) ;
#1072 = EDGE_CURVE ( 'NONE', #388, #267, #59, .T. ) ;
#1073 = FACE_OUTER_BOUND ( 'NONE', #570, .T. ) ;
#1074 = CARTESIAN_POINT ( 'NONE',  ( 52.68249232739000831, 4.501998901367016082, 1.899999999999999911 ) ) ;
#1075 = CARTESIAN_POINT ( 'NONE',  ( -1.076490435299964687, 4.501998901367001871, 0.000000000000000000 ) ) ;
#1076 = EDGE_CURVE ( 'NONE', #1640, #712, #630, .T. ) ;
#1077 = APPLICATION_CONTEXT ( 'automotive_design' ) ;
#1078 = EDGE_LOOP ( 'NONE', ( #1009, #945, #1505, #684 ) ) ;
#1079 = DIRECTION ( 'NONE',  ( -1.000000000000000000, -6.072236557905732924E-16, 0.000000000000000000 ) ) ;
#1080 = CARTESIAN_POINT ( 'NONE',  ( 58.73249232739001968, 4.501998901367016082, 0.000000000000000000 ) ) ;
#1081 = ORIENTED_EDGE ( 'NONE', *, *, #1564, .F. ) ;
#1082 = CARTESIAN_POINT ( 'NONE',  ( 59.68249232739000831, 63.76173785294476914, 0.6016666666666657948 ) ) ;
#1083 = CARTESIAN_POINT ( 'NONE',  ( 50.68249232739002252, 71.81173785294477341, -1.500000000000000000 ) ) ;
#1084 = ORIENTED_EDGE ( 'NONE', *, *, #1692, .T. ) ;
#1085 = DIRECTION ( 'NONE',  ( 1.000000000000000000, 0.000000000000000000, 0.000000000000000000 ) ) ;
#1086 = ADVANCED_FACE ( 'NONE', ( #1622 ), #611, .F. ) ;
#1087 = VECTOR ( 'NONE', #1629, 1000.000000000000000 ) ;
#1088 = EDGE_LOOP ( 'NONE', ( #705, #690, #1288, #1541 ) ) ;
#1089 = FACE_OUTER_BOUND ( 'NONE', #1078, .T. ) ;
#1090 = DIRECTION ( 'NONE',  ( -1.000000000000000000, -2.459744065652363383E-16, 0.000000000000000000 ) ) ;
#1091 = ORIENTED_EDGE ( 'NONE', *, *, #251, .T. ) ;
#1092 = ORIENTED_EDGE ( 'NONE', *, *, #830, .T. ) ;
#1093 = LINE ( 'NONE', #504, #693 ) ;
#1094 = ORIENTED_EDGE ( 'NONE', *, *, #660, .T. ) ;
#1095 = LINE ( 'NONE', #1384, #102 ) ;
#1096 = EDGE_CURVE ( 'NONE', #422, #1688, #1587, .T. ) ;
#1097 = ORIENTED_EDGE ( 'NONE', *, *, #91, .T. ) ;
#1098 = CARTESIAN_POINT ( 'NONE',  ( 59.68249232739000831, 63.76173785294474072, -1.500000000000000000 ) ) ;
#1099 = CARTESIAN_POINT ( 'NONE',  ( 4.325584991616800323, 15.07248610966331626, 1.899999999999999689 ) ) ;
#1100 = EDGE_LOOP ( 'NONE', ( #1798, #934, #1457, #847 ) ) ;
#1101 = CARTESIAN_POINT ( 'NONE',  ( 54.71551708564554417, 70.73520064070869751, 0.000000000000000000 ) ) ;
#1102 = B_SPLINE_CURVE_WITH_KNOTS ( 'NONE', 3,
 ( #1599, #1717, #1418, #873, #851, #1022, #426 ),
 .UNSPECIFIED., .F., .F.,
 ( 4, 1, 1, 1, 4 ),
 ( 0.000000000000000000, 0.2500000000000000000, 0.5000000000000000000, 0.7500000000000000000, 1.000000000000000000 ),
 .UNSPECIFIED. ) ;
#1103 = PLANE ( 'NONE',  #962 ) ;
#1104 = ORIENTED_EDGE ( 'NONE', *, *, #1361, .T. ) ;
#1105 = FILL_AREA_STYLE ('',( #653 ) ) ;
#1106 = EDGE_CURVE ( 'NONE', #38, #1640, #67, .T. ) ;
#1107 = LINE ( 'NONE', #1663, #1050 ) ;
#1108 = EDGE_CURVE ( 'NONE', #1737, #701, #1503, .T. ) ;
#1109 = ORIENTED_EDGE ( 'NONE', *, *, #1108, .F. ) ;
#1110 = CARTESIAN_POINT ( 'NONE',  ( 57.09058128036011937, 68.66509812607041852, 0.000000000000000000 ) ) ;
#1111 = EDGE_CURVE ( 'NONE', #1362, #901, #1066, .T. ) ;
#1112 = VERTEX_POINT ( 'NONE', #1189 ) ;
#1113 = VECTOR ( 'NONE', #1411, 1000.000000000000000 ) ;
#1114 = DIRECTION ( 'NONE',  ( -1.000000000000000000, 0.000000000000000000, 0.000000000000000000 ) ) ;
#1115 = CIRCLE ( 'NONE', #308, 0.2000000000000005107 ) ;
#1116 = EDGE_LOOP ( 'NONE', ( #1785, #96, #184, #193, #650, #1753, #937, #1251, #1584, #121, #112, #1295, #1423, #535, #836, #222, #1609, #1240, #670, #657, #19, #542, #1431, #1442, #208, #1398, #994, #286, #1141, #398, #1053, #1084 ) ) ;
#1117 = FACE_BOUND ( 'NONE', #823, .T. ) ;
#1118 = LINE ( 'NONE', #1674, #1575 ) ;
#1119 = EDGE_LOOP ( 'NONE', ( #1646, #131, #499, #515 ) ) ;
#1120 = EDGE_CURVE ( 'NONE', #367, #1370, #1750, .T. ) ;
#1121 = CARTESIAN_POINT ( 'NONE',  ( 58.68213766236113571, 64.81540383481326728, 0.000000000000000000 ) ) ;
#1122 = EDGE_LOOP ( 'NONE', ( #829, #1168, #795, #679 ) ) ;
#1123 = CARTESIAN_POINT ( 'NONE',  ( 4.973509564700036911, -1.548001098633013495, 0.000000000000000000 ) ) ;
#1124 = VERTEX_POINT ( 'NONE', #1331 ) ;
#1125 = CARTESIAN_POINT ( 'NONE',  ( 59.21492243888850027, 67.29669090769927209, -1.500000000000000000 ) ) ;
#1126 = AXIS2_PLACEMENT_3D ( 'NONE', #414, #301, #170 ) ;
#1127 = DIRECTION ( 'NONE',  ( -0.000000000000000000, -0.000000000000000000, 1.000000000000000000 ) ) ;
#1128 = CARTESIAN_POINT ( 'NONE',  ( 52.68249232739000831, -1.548001098632999506, -1.500000000000000000 ) ) ;
#1129 = VECTOR ( 'NONE', #1325, 1000.000000000000000 ) ;
#1130 = ORIENTED_EDGE ( 'NONE', *, *, #996, .T. ) ;
#1131 = CARTESIAN_POINT ( 'NONE',  ( 56.74971545275319329, 69.07852156386901754, -1.500000000000000000 ) ) ;
#1132 = VERTEX_POINT ( 'NONE', #350 ) ;
#1133 = EDGE_CURVE ( 'NONE', #505, #1804, #779, .T. ) ;
#1134 = CARTESIAN_POINT ( 'NONE',  ( 59.68249232739000831, 63.76173785294476914, 1.266666666666666829 ) ) ;
#1135 = ORIENTED_EDGE ( 'NONE', *, *, #1784, .F. ) ;
#1136 = CARTESIAN_POINT ( 'NONE',  ( 23.59274383753431792, 15.07248610966331803, 0.000000000000000000 ) ) ;
#1137 = LINE ( 'NONE', #29, #1593 ) ;
#1138 = FACE_OUTER_BOUND ( 'NONE', #626, .T. ) ;
#1139 = ORIENTED_EDGE ( 'NONE', *, *, #522, .F. ) ;
#1140 = CARTESIAN_POINT ( 'NONE',  ( 57.67356264742161898, 67.79039809127840499, 0.000000000000000000 ) ) ;
#1141 = ORIENTED_EDGE ( 'NONE', *, *, #881, .T. ) ;
#1142 = CARTESIAN_POINT ( 'NONE',  ( 13.71247529139376198, 55.06052811971416361, 0.000000000000000000 ) ) ;
#1143 = EDGE_CURVE ( 'NONE', #1679, #1533, #895, .T. ) ;
#1144 = ORIENTED_EDGE ( 'NONE', *, *, #1709, .T. ) ;
#1145 = LINE ( 'NONE', #1703, #1558 ) ;
#1146 = VECTOR ( 'NONE', #1777, 1000.000000000000000 ) ;
#1147 = FACE_OUTER_BOUND ( 'NONE', #1420, .T. ) ;
#1148 = CARTESIAN_POINT ( 'NONE',  ( 58.68213766236113571, 64.81540383481326728, 0.000000000000000000 ) ) ;
#1149 = ORIENTED_EDGE ( 'NONE', *, *, #631, .T. ) ;
#1150 = AXIS2_PLACEMENT_3D ( 'NONE', #1603, #333, #57 ) ;
#1151 = PLANE ( 'NONE',  #359 ) ;
#1152 = ORIENTED_EDGE ( 'NONE', *, *, #253, .T. ) ;
#1153 = CARTESIAN_POINT ( 'NONE',  ( 59.68249232739000831, 4.501998901367016082, 1.899999999999999911 ) ) ;
#1154 = ORIENTED_EDGE ( 'NONE', *, *, #1749, .T. ) ;
#1155 = CARTESIAN_POINT ( 'NONE',  ( 33.46530128803042459, 54.89351411270024528, 1.899999999999999689 ) ) ;
#1156 = EDGE_CURVE ( 'NONE', #1254, #1434, #1645, .T. ) ;
#1157 = CARTESIAN_POINT ( 'NONE',  ( -2.026490435299964421, 72.76173785294474783, 1.899999999999999911 ) ) ;
#1158 = CARTESIAN_POINT ( 'NONE',  ( 55.60360765525062021, 70.15638876353195030, 0.000000000000000000 ) ) ;
#1159 = DIRECTION ( 'NONE',  ( -1.170928867840125055E-16, 1.000000000000000000, 0.000000000000000000 ) ) ;
#1160 = ORIENTED_EDGE ( 'NONE', *, *, #546, .T. ) ;
#1161 = CARTESIAN_POINT ( 'NONE',  ( 0.000000000000000000, 54.89351411270024528, 1.899999999999999911 ) ) ;
#1162 = CYLINDRICAL_SURFACE ( 'NONE', #1008, 0.1999999999999987899 ) ;
#1163 = DIRECTION ( 'NONE',  ( 1.000000000000000000, 0.000000000000000000, 0.000000000000000000 ) ) ;
#1164 = EDGE_CURVE ( 'NONE', #1011, #618, #187, .T. ) ;
#1165 = CARTESIAN_POINT ( 'NONE',  ( 59.68249232739000831, 63.76173785294476914, 0.000000000000000000 ) ) ;
#1166 = CARTESIAN_POINT ( 'NONE',  ( 57.21422121266516569, 70.28587358027455423, 0.000000000000000000 ) ) ;
#1167 = EDGE_CURVE ( 'NONE', #1327, #1795, #228, .T. ) ;
#1168 = ORIENTED_EDGE ( 'NONE', *, *, #506, .T. ) ;
#1169 = EDGE_CURVE ( 'NONE', #1640, #582, #1742, .T. ) ;
#1170 = DIRECTION ( 'NONE',  ( 0.000000000000000000, 1.000000000000000000, 0.000000000000000000 ) ) ;
#1171 = CARTESIAN_POINT ( 'NONE',  ( 53.05478145081195152, 64.88547442474340698, 5.000000000000000000 ) ) ;
#1172 = AXIS2_PLACEMENT_3D ( 'NONE', #571, #1553, #1175 ) ;
#1173 = FACE_OUTER_BOUND ( 'NONE', #1392, .T. ) ;
#1174 = CARTESIAN_POINT ( 'NONE',  ( 56.74971545275319329, 69.07852156386901754, 0.000000000000000000 ) ) ;
#1175 = DIRECTION ( 'NONE',  ( -1.000000000000000000, 0.000000000000000000, 0.000000000000000000 ) ) ;
#1176 = VECTOR ( 'NONE', #778, 1000.000000000000000 ) ;
#1177 = ORIENTED_EDGE ( 'NONE', *, *, #1005, .T. ) ;
#1178 = EDGE_CURVE ( 'NONE', #712, #323, #854, .T. ) ;
#1179 = CARTESIAN_POINT ( 'NONE',  ( 59.68249232739000831, 72.76173785294476204, 1.899999999999999911 ) ) ;
#1180 = DIRECTION ( 'NONE',  ( 1.000000000000000000, 1.170928867840125055E-16, -0.000000000000000000 ) ) ;
#1181 = CARTESIAN_POINT ( 'NONE',  ( -1.076490435299964687, 65.76173785294474783, 0.000000000000000000 ) ) ;
#1182 = CARTESIAN_POINT ( 'NONE',  ( -2.026490435299964421, 4.501998901366988548, 1.899999999999999911 ) ) ;
#1183 = CARTESIAN_POINT ( 'NONE',  ( 53.52878065077052838, 71.29628161749627679, -1.500000000000000000 ) ) ;
#1184 = EDGE_LOOP ( 'NONE', ( #1697, #117, #575, #1594 ) ) ;
#1185 = AXIS2_PLACEMENT_3D ( 'NONE', #252, #799, #1256 ) ;
#1186 = LINE ( 'NONE', #1611, #1671 ) ;
#1187 = EDGE_CURVE ( 'NONE', #291, #901, #242, .T. ) ;
#1188 = AXIS2_PLACEMENT_3D ( 'NONE', #1497, #772, #756 ) ;
#1189 = CARTESIAN_POINT ( 'NONE',  ( 50.68249232739002252, 71.81173785294477341, -1.500000000000000000 ) ) ;
#1190 = DIRECTION ( 'NONE',  ( 0.000000000000000000, 0.000000000000000000, -1.000000000000000000 ) ) ;
#1191 = EDGE_CURVE ( 'NONE', #353, #1565, #1095, .T. ) ;
#1192 = CARTESIAN_POINT ( 'NONE',  ( 53.05478145081195862, 15.27248610966331732, 5.000000000000000000 ) ) ;
#1193 = ORIENTED_EDGE ( 'NONE', *, *, #1164, .F. ) ;
#1194 = CARTESIAN_POINT ( 'NONE',  ( 59.68249232739000831, 63.76173785294476914, 1.994999999999999885 ) ) ;
#1195 = CARTESIAN_POINT ( 'NONE',  ( 4.973509564700037799, 4.501998901366988548, 1.899999999999999911 ) ) ;
#1196 = FACE_OUTER_BOUND ( 'NONE', #916, .T. ) ;
#1197 = PRODUCT_DEFINITION_SHAPE ( 'NONE', 'NONE',  #458 ) ;
#1198 = EDGE_CURVE ( 'NONE', #1824, #1327, #1241, .T. ) ;
#1199 = DIRECTION ( 'NONE',  ( -1.000000000000000000, -6.072236557905732924E-16, 0.000000000000000000 ) ) ;
#1200 = VECTOR ( 'NONE', #681, 1000.000000000000227 ) ;
#1201 = CARTESIAN_POINT ( 'NONE',  ( 33.26530128803042174, 64.92986164836351293, 0.000000000000000000 ) ) ;
#1202 = ORIENTED_EDGE ( 'NONE', *, *, #1029, .T. ) ;
#1203 = ORIENTED_EDGE ( 'NONE', *, *, #773, .F. ) ;
#1204 = DIRECTION ( 'NONE',  ( 1.000000000000000000, 1.719093174240459492E-16, 0.000000000000000000 ) ) ;
#1205 = CIRCLE ( 'NONE', #876, 0.1999999999999987899 ) ;
#1206 = CARTESIAN_POINT ( 'NONE',  ( 52.68249232739000831, -1.548001098632999506, -1.500000000000000000 ) ) ;
#1207 = CARTESIAN_POINT ( 'NONE',  ( 33.65029304469298665, 15.07248610966331803, 1.899999999999999689 ) ) ;
#1208 = ADVANCED_FACE ( 'NONE', ( #1670 ), #788, .F. ) ;
#1209 = DIRECTION ( 'NONE',  ( 0.000000000000000000, 0.000000000000000000, 1.000000000000000000 ) ) ;
#1210 = ORIENTED_EDGE ( 'NONE', *, *, #1394, .F. ) ;
#1211 = ORIENTED_EDGE ( 'NONE', *, *, #1472, .F. ) ;
#1212 = CARTESIAN_POINT ( 'NONE',  ( 53.05478145081195862, 15.27248610966331732, 0.000000000000000000 ) ) ;
#1213 = VECTOR ( 'NONE', #576, 1000.000000000000000 ) ;
#1214 = PLANE ( 'NONE',  #171 ) ;
#1215 = CIRCLE ( 'NONE', #1303, 0.1999999999999987899 ) ;
#1216 = DIRECTION ( 'NONE',  ( -1.000000000000000000, 0.000000000000000000, -0.000000000000000000 ) ) ;
#1217 = DIRECTION ( 'NONE',  ( -0.000000000000000000, -0.000000000000000000, 1.000000000000000000 ) ) ;
#1218 = ORIENTED_EDGE ( 'NONE', *, *, #1692, .F. ) ;
#1219 = ADVANCED_FACE ( 'NONE', ( #651 ), #1103, .T. ) ;
#1220 = VERTEX_POINT ( 'NONE', #387 ) ;
#1221 = LINE ( 'NONE', #1501, #1321 ) ;
#1222 = ORIENTED_EDGE ( 'NONE', *, *, #1749, .F. ) ;
#1223 = DIRECTION ( 'NONE',  ( -1.000000000000000000, 0.000000000000000000, 0.000000000000000000 ) ) ;
#1224 = VERTEX_POINT ( 'NONE', #1639 ) ;
#1225 =( LENGTH_UNIT ( ) NAMED_UNIT ( * ) SI_UNIT ( .MILLI., .METRE. ) );
#1226 = DIRECTION ( 'NONE',  ( -1.000000000000000000, 0.000000000000000000, 0.000000000000000000 ) ) ;
#1227 = ORIENTED_EDGE ( 'NONE', *, *, #906, .F. ) ;
#1228 = AXIS2_PLACEMENT_3D ( 'NONE', #284, #1021, #739 ) ;
#1229 = EDGE_LOOP ( 'NONE', ( #1006, #1092, #484, #1263, #845 ) ) ;
#1230 = CIRCLE ( 'NONE', #98, 0.1999999999999987899 ) ;
#1231 = DIRECTION ( 'NONE',  ( 0.000000000000000000, 0.000000000000000000, -1.000000000000000000 ) ) ;
#1232 = EDGE_CURVE ( 'NONE', #282, #87, #753, .T. ) ;
#1233 = CARTESIAN_POINT ( 'NONE',  ( 0.000000000000000000, 65.08547442474340983, 1.899999999999999911 ) ) ;
#1234 = ORIENTED_EDGE ( 'NONE', *, *, #522, .T. ) ;
#1235 = CARTESIAN_POINT ( 'NONE',  ( 57.21422121266516569, 70.28587358027455423, -1.500000000000000000 ) ) ;
#1236 = CARTESIAN_POINT ( 'NONE',  ( 58.73249232739000547, 63.76173785294475493, 0.000000000000000000 ) ) ;
#1237 = VERTEX_POINT ( 'NONE', #536 ) ;
#1238 = CARTESIAN_POINT ( 'NONE',  ( 23.39274383753431863, 5.181564326187249492, 5.000000000000000000 ) ) ;
#1239 = CYLINDRICAL_SURFACE ( 'NONE', #514, 0.1999999999999987899 ) ;
#1240 = ORIENTED_EDGE ( 'NONE', *, *, #919, .T. ) ;
#1241 = LINE ( 'NONE', #528, #73 ) ;
#1242 = EDGE_CURVE ( 'NONE', #617, #341, #960, .T. ) ;
#1243 = ORIENTED_EDGE ( 'NONE', *, *, #1191, .F. ) ;
#1244 = AXIS2_PLACEMENT_3D ( 'NONE', #234, #685, #1085 ) ;
#1245 = CARTESIAN_POINT ( 'NONE',  ( 50.68249232739001542, 72.76173785294476204, 1.266666666666667052 ) ) ;
#1246 = ADVANCED_FACE ( 'NONE', ( #1494 ), #969, .T. ) ;
#1247 = CARTESIAN_POINT ( 'NONE',  ( 4.973509564700030694, 71.81173785294474499, -1.500000000000000000 ) ) ;
#1248 = ORIENTED_EDGE ( 'NONE', *, *, #1297, .F. ) ;
#1249 = CARTESIAN_POINT ( 'NONE',  ( 57.91889550487404392, 67.32740015414564994, 0.000000000000000000 ) ) ;
#1250 = ORIENTED_EDGE ( 'NONE', *, *, #1232, .F. ) ;
#1251 = ORIENTED_EDGE ( 'NONE', *, *, #1232, .T. ) ;
#1252 = EDGE_CURVE ( 'NONE', #714, #306, #995, .T. ) ;
#1253 = LINE ( 'NONE', #1814, #959 ) ;
#1254 = VERTEX_POINT ( 'NONE', #115 ) ;
#1255 = CYLINDRICAL_SURFACE ( 'NONE', #478, 0.1999999999999987899 ) ;
#1256 = DIRECTION ( 'NONE',  ( 1.000000000000000000, 0.000000000000000000, 0.000000000000000000 ) ) ;
#1257 = VECTOR ( 'NONE', #63, 1000.000000000000000 ) ;
#1258 = EDGE_LOOP ( 'NONE', ( #329, #955, #766, #395 ) ) ;
#1259 = DIRECTION ( 'NONE',  ( -1.000000000000000000, 0.000000000000000000, 0.000000000000000000 ) ) ;
#1260 = CIRCLE ( 'NONE', #1491, 0.1999999999999996503 ) ;
#1261 = VECTOR ( 'NONE', #993, 1000.000000000000000 ) ;
#1262 = DIRECTION ( 'NONE',  ( 0.000000000000000000, -1.000000000000000000, 0.000000000000000000 ) ) ;
#1263 = ORIENTED_EDGE ( 'NONE', *, *, #1191, .T. ) ;
#1264 = CARTESIAN_POINT ( 'NONE',  ( 53.25478145081195436, 64.88547442474340698, 1.899999999999999911 ) ) ;
#1265 = APPLICATION_CONTEXT ( 'automotive_design' ) ;
#1266 = ORIENTED_EDGE ( 'NONE', *, *, #1106, .T. ) ;
#1267 = CARTESIAN_POINT ( 'NONE',  ( 59.68249232739000831, 63.76173785294476914, 0.6333333333333334147 ) ) ;
#1268 = ORIENTED_EDGE ( 'NONE', *, *, #1664, .T. ) ;
#1269 = CARTESIAN_POINT ( 'NONE',  ( 55.59590981808239007, 70.16162140124278324, -1.499999999999999778 ) ) ;
#1270 = AXIS2_PLACEMENT_3D ( 'NONE', #1324, #106, #1793 ) ;
#1271 = DIRECTION ( 'NONE',  ( -0.000000000000000000, 0.000000000000000000, 1.000000000000000000 ) ) ;
#1272 = LINE ( 'NONE', #526, #931 ) ;
#1273 = VECTOR ( 'NONE', #214, 1000.000000000000000 ) ;
#1274 = ORIENTED_EDGE ( 'NONE', *, *, #1310, .T. ) ;
#1275 = CARTESIAN_POINT ( 'NONE',  ( 58.46538188658456647, 65.84067560571556044, 0.000000000000000000 ) ) ;
#1276 = ORIENTED_EDGE ( 'NONE', *, *, #482, .T. ) ;
#1277 = ADVANCED_FACE ( 'NONE', ( #659 ), #1650, .T. ) ;
#1278 = LINE ( 'NONE', #1153, #1319 ) ;
#1279 = VERTEX_POINT ( 'NONE', #1521 ) ;
#1280 = DIRECTION ( 'NONE',  ( -0.000000000000000000, 1.000000000000000000, -0.000000000000000000 ) ) ;
#1281 = DIRECTION ( 'NONE',  ( -1.000000000000000000, 1.760989301504374138E-16, 0.000000000000000000 ) ) ;
#1282 = FACE_OUTER_BOUND ( 'NONE', #1520, .T. ) ;
#1283 = ORIENTED_EDGE ( 'NONE', *, *, #1725, .F. ) ;
#1284 = DIRECTION ( 'NONE',  ( 0.000000000000000000, 0.000000000000000000, -1.000000000000000000 ) ) ;
#1285 = ORIENTED_EDGE ( 'NONE', *, *, #1164, .T. ) ;
#1286 = CARTESIAN_POINT ( 'NONE',  ( 4.973509564700034247, 65.76173785294474783, -1.500000000000000000 ) ) ;
#1287 = ADVANCED_FACE ( 'NONE', ( #677 ), #1375, .T. ) ;
#1288 = ORIENTED_EDGE ( 'NONE', *, *, #1444, .F. ) ;
#1289 = LINE ( 'NONE', #848, #1528 ) ;
#1290 = LINE ( 'NONE', #578, #793 ) ;
#1291 = DIRECTION ( 'NONE',  ( 1.000000000000000000, -0.000000000000000000, 0.000000000000000000 ) ) ;
#1292 = DIRECTION ( 'NONE',  ( 0.000000000000000000, 1.000000000000000000, 0.000000000000000000 ) ) ;
#1293 = VERTEX_POINT ( 'NONE', #1075 ) ;
#1294 = FACE_OUTER_BOUND ( 'NONE', #1699, .T. ) ;
#1295 = ORIENTED_EDGE ( 'NONE', *, *, #1310, .F. ) ;
#1296 = CARTESIAN_POINT ( 'NONE',  ( 56.00166635619720523, 69.82746048827158347, -1.499999999999999778 ) ) ;
#1297 = EDGE_CURVE ( 'NONE', #243, #224, #86, .T. ) ;
#1298 = CARTESIAN_POINT ( 'NONE',  ( 14.07724180426212968, 5.181564326187248604, 5.000000000000000000 ) ) ;
#1299 = CARTESIAN_POINT ( 'NONE',  ( 53.28203802046203208, 71.38549485382611692, 0.000000000000000000 ) ) ;
#1300 = VECTOR ( 'NONE', #34, 1000.000000000000000 ) ;
#1301 = EDGE_CURVE ( 'NONE', #123, #714, #1783, .T. ) ;
#1302 = CARTESIAN_POINT ( 'NONE',  ( 53.05478145081195152, 64.88547442474340698, 1.899999999999999689 ) ) ;
#1303 = AXIS2_PLACEMENT_3D ( 'NONE', #351, #78, #51 ) ;
#1304 = ORIENTED_EDGE ( 'NONE', *, *, #297, .F. ) ;
#1305 = CARTESIAN_POINT ( 'NONE',  ( 52.68249232739000831, -2.498001098633011452, -1.500000000000000000 ) ) ;
#1306 = PRODUCT_DEFINITION_FORMATION_WITH_SPECIFIED_SOURCE ( 'ANY', '', #1386, .NOT_KNOWN. ) ;
#1307 = LINE ( 'NONE', #990, #1649 ) ;
#1308 = CARTESIAN_POINT ( 'NONE',  ( 53.05478145081195152, 65.08547442474340983, 1.899999999999999911 ) ) ;
#1309 = CARTESIAN_POINT ( 'NONE',  ( 52.52104146395861761, 71.60515416779510645, 0.000000000000000000 ) ) ;
#1310 = EDGE_CURVE ( 'NONE', #1533, #971, #17, .T. ) ;
#1311 = DIRECTION ( 'NONE',  ( 0.000000000000000000, -1.000000000000000000, 0.000000000000000000 ) ) ;
#1312 = VERTEX_POINT ( 'NONE', #1721 ) ;
#1313 = CARTESIAN_POINT ( 'NONE',  ( 23.59274383753431792, 5.181564326187249492, 1.899999999999999911 ) ) ;
#1314 = CARTESIAN_POINT ( 'NONE',  ( 54.68627802860939369, 71.84421949755679293, 1.900000000000000133 ) ) ;
#1315 = VECTOR ( 'NONE', #853, 1000.000000000000000 ) ;
#1316 = LINE ( 'NONE', #896, #1530 ) ;
#1317 = CARTESIAN_POINT ( 'NONE',  ( 23.59274383753431792, 5.181564326187252156, 0.000000000000000000 ) ) ;
#1318 = CARTESIAN_POINT ( 'NONE',  ( 53.28203802046203208, 71.38549485382611692, -1.500000000000000000 ) ) ;
#1319 = VECTOR ( 'NONE', #300, 1000.000000000000000 ) ;
#1320 = ORIENTED_EDGE ( 'NONE', *, *, #406, .F. ) ;
#1321 = VECTOR ( 'NONE', #1687, 1000.000000000000000 ) ;
#1322 = LINE ( 'NONE', #609, #1464 ) ;
#1323 = ADVANCED_FACE ( 'NONE', ( #133 ), #169, .T. ) ;
#1324 = CARTESIAN_POINT ( 'NONE',  ( 23.39274383753431863, 5.181564326187249492, 0.000000000000000000 ) ) ;
#1325 = DIRECTION ( 'NONE',  ( 0.000000000000000000, 0.000000000000000000, -1.000000000000000000 ) ) ;
#1326 = CARTESIAN_POINT ( 'NONE',  ( 33.65029304469298665, 4.927887692425605870, 5.000000000000000000 ) ) ;
#1327 = VERTEX_POINT ( 'NONE', #556 ) ;
#1328 = VECTOR ( 'NONE', #325, 1000.000000000000000 ) ;
#1329 = ORIENTED_EDGE ( 'NONE', *, *, #1301, .T. ) ;
#1330 = CARTESIAN_POINT ( 'NONE',  ( 13.87724180426212683, 15.07248610966331803, 5.000000000000000000 ) ) ;
#1331 = CARTESIAN_POINT ( 'NONE',  ( -2.026490435299964421, 65.76173785294474783, 1.899999999999999911 ) ) ;
#1332 = DIRECTION ( 'NONE',  ( 1.719093174240459492E-16, -1.000000000000000000, 0.000000000000000000 ) ) ;
#1333 = PRODUCT_CONTEXT ( 'NONE', #1077, 'mechanical' ) ;
#1334 = CARTESIAN_POINT ( 'NONE',  ( 50.68249232739002252, 71.81173785294477341, 0.000000000000000000 ) ) ;
#1335 = ORIENTED_EDGE ( 'NONE', *, *, #1198, .F. ) ;
#1336 = FACE_OUTER_BOUND ( 'NONE', #566, .T. ) ;
#1337 = DIRECTION ( 'NONE',  ( -0.000000000000000000, -0.000000000000000000, 1.000000000000000000 ) ) ;
#1338 = ADVANCED_FACE ( 'NONE', ( #1294 ), #736, .T. ) ;
#1339 = CARTESIAN_POINT ( 'NONE',  ( 23.98644712270021273, 55.06052811971416361, 5.000000000000000000 ) ) ;
#1340 = PLANE ( 'NONE',  #943 ) ;
#1341 = VECTOR ( 'NONE', #109, 1000.000000000000000 ) ;
#1342 = CARTESIAN_POINT ( 'NONE',  ( 43.77797558682614465, 64.88547442474340698, 5.000000000000000000 ) ) ;
#1343 = VERTEX_POINT ( 'NONE', #869 ) ;
#1344 = AXIS2_PLACEMENT_3D ( 'NONE', #1201, #363, #200 ) ;
#1345 = DIRECTION ( 'NONE',  ( 0.000000000000000000, 0.000000000000000000, -1.000000000000000000 ) ) ;
#1346 = CARTESIAN_POINT ( 'NONE',  ( 43.57797558682614891, 54.89351411270024528, 0.000000000000000000 ) ) ;
#1347 = CIRCLE ( 'NONE', #1821, 6.999999999999999112 ) ;
#1348 = DIRECTION ( 'NONE',  ( 1.000000000000000000, 2.545236479310125717E-16, 0.000000000000000000 ) ) ;
#1349 = CYLINDRICAL_SURFACE ( 'NONE', #402, 6.049999999999999822 ) ;
#1350 = ADVANCED_FACE ( 'NONE', ( #1555 ), #26, .F. ) ;
#1351 = DIRECTION ( 'NONE',  ( -0.9999999939505700430, -0.0001099948173134369586, 0.000000000000000000 ) ) ;
#1352 = EDGE_LOOP ( 'NONE', ( #360, #855, #151, #1815 ) ) ;
#1353 = EDGE_CURVE ( 'NONE', #834, #1496, #1260, .T. ) ;
#1354 = DIRECTION ( 'NONE',  ( 1.000000000000000000, -0.000000000000000000, 0.000000000000000000 ) ) ;
#1355 = VERTEX_POINT ( 'NONE', #1018 ) ;
#1356 = DIRECTION ( 'NONE',  ( 0.000000000000000000, 0.000000000000000000, -1.000000000000000000 ) ) ;
#1357 = CIRCLE ( 'NONE', #706, 0.1999999999999987899 ) ;
#1358 = ORIENTED_EDGE ( 'NONE', *, *, #358, .F. ) ;
#1359 = DIRECTION ( 'NONE',  ( 0.000000000000000000, 1.000000000000000000, 0.000000000000000000 ) ) ;
#1360 = CARTESIAN_POINT ( 'NONE',  ( 0.000000000000000000, 65.12986164836351577, 1.899999999999999911 ) ) ;
#1361 = EDGE_CURVE ( 'NONE', #1807, #1254, #490, .T. ) ;
#1362 = VERTEX_POINT ( 'NONE', #1305 ) ;
#1363 = CARTESIAN_POINT ( 'NONE',  ( 50.68249232739001542, 72.76173785294476204, 1.994999999999999885 ) ) ;
#1364 = CARTESIAN_POINT ( 'NONE',  ( 33.65029304469298665, 4.927887692425605870, 5.000000000000000000 ) ) ;
#1365 = ORIENTED_EDGE ( 'NONE', *, *, #634, .F. ) ;
#1366 = CARTESIAN_POINT ( 'NONE',  ( 33.85029304469298950, 5.127909692599088132, 1.899999999999999689 ) ) ;
#1367 = VERTEX_POINT ( 'NONE', #307 ) ;
#1368 = CARTESIAN_POINT ( 'NONE',  ( 58.73249232739000547, 63.76173785294475493, -1.500000000000000000 ) ) ;
#1369 = CARTESIAN_POINT ( 'NONE',  ( 23.39274383753431863, 4.981564326187250202, 1.899999999999999911 ) ) ;
#1370 = VERTEX_POINT ( 'NONE', #707 ) ;
#1371 = CARTESIAN_POINT ( 'NONE',  ( 54.94433730624918155, 70.59815830686203242, 0.000000000000000000 ) ) ;
#1372 = PLANE ( 'NONE',  #998 ) ;
#1373 = EDGE_LOOP ( 'NONE', ( #1218, #129, #1387, #509 ) ) ;
#1374 = EDGE_CURVE ( 'NONE', #1367, #1780, #1278, .T. ) ;
#1375 = CYLINDRICAL_SURFACE ( 'NONE', #573, 7.000000000000000000 ) ;
#1376 = AXIS2_PLACEMENT_3D ( 'NONE', #846, #1544, #1413 ) ;
#1377 = EDGE_CURVE ( 'NONE', #1804, #686, #412, .T. ) ;
#1378 = ORIENTED_EDGE ( 'NONE', *, *, #678, .T. ) ;
#1379 = CARTESIAN_POINT ( 'NONE',  ( 14.07724180426212968, 5.181564326187248604, 1.899999999999999689 ) ) ;
#1380 = LINE ( 'NONE', #120, #332 ) ;
#1381 = ORIENTED_EDGE ( 'NONE', *, *, #1825, .F. ) ;
#1382 = DIRECTION ( 'NONE',  ( 0.000000000000000000, 0.000000000000000000, 1.000000000000000000 ) ) ;
#1383 = ORIENTED_EDGE ( 'NONE', *, *, #826, .F. ) ;
#1384 = CARTESIAN_POINT ( 'NONE',  ( 50.68249232738992305, 72.76173785294477625, -1.500000000000000000 ) ) ;
#1385 = EDGE_CURVE ( 'NONE', #714, #1011, #1701, .T. ) ;
#1386 = PRODUCT ( 'cubit3_bottom_enclosure', 'cubit3_bottom_enclosure', '', ( #1333 ) ) ;
#1387 = ORIENTED_EDGE ( 'NONE', *, *, #1353, .F. ) ;
#1388 = CARTESIAN_POINT ( 'NONE',  ( 50.68249232739001542, 72.76173785294476204, 0.6333333333333336368 ) ) ;
#1389 = LINE ( 'NONE', #1823, #1819 ) ;
#1390 = EDGE_LOOP ( 'NONE', ( #1149, #1154, #1524, #1283 ) ) ;
#1391 = FACE_BOUND ( 'NONE', #1116, .T. ) ;
#1392 = EDGE_LOOP ( 'NONE', ( #55, #1243, #751, #967, #655, #1827, #370, #723 ) ) ;
#1393 = CARTESIAN_POINT ( 'NONE',  ( 33.65029304469298665, 4.927887692425605870, 0.000000000000000000 ) ) ;
#1394 = EDGE_CURVE ( 'NONE', #422, #447, #988, .T. ) ;
#1395 = ORIENTED_EDGE ( 'NONE', *, *, #316, .T. ) ;
#1396 = CARTESIAN_POINT ( 'NONE',  ( 51.85608101131510494, 72.76173785294490415, 0.000000000000000000 ) ) ;
#1397 = CARTESIAN_POINT ( 'NONE',  ( 43.57797558682614891, 65.08547442474340983, 5.000000000000000000 ) ) ;
#1398 = ORIENTED_EDGE ( 'NONE', *, *, #369, .F. ) ;
#1399 = EDGE_CURVE ( 'NONE', #775, #243, #160, .T. ) ;
#1400 = FACE_OUTER_BOUND ( 'NONE', #1635, .T. ) ;
#1401 = AXIS2_PLACEMENT_3D ( 'NONE', #274, #137, #1515 ) ;
#1402 = ORIENTED_EDGE ( 'NONE', *, *, #238, .T. ) ;
#1403 = VECTOR ( 'NONE', #581, 1000.000000000000000 ) ;
#1404 = DIRECTION ( 'NONE',  ( 0.000000000000000000, -1.000000000000000000, 0.000000000000000000 ) ) ;
#1405 = VERTEX_POINT ( 'NONE', #1123 ) ;
#1406 = CARTESIAN_POINT ( 'NONE',  ( 54.26521605416104421, 70.99039874148112972, -1.499999999999999556 ) ) ;
#1407 = CIRCLE ( 'NONE', #691, 6.049999999999999822 ) ;
#1408 = CARTESIAN_POINT ( 'NONE',  ( 0.000000000000000000, 55.06052811971416361, 1.899999999999999911 ) ) ;
#1409 = DIRECTION ( 'NONE',  ( 1.000000000000000000, 0.000000000000000000, 0.000000000000000000 ) ) ;
#1410 = EDGE_LOOP ( 'NONE', ( #1276, #867, #520, #104 ) ) ;
#1411 = DIRECTION ( 'NONE',  ( -1.000000000000000000, -0.000000000000000000, -0.000000000000000000 ) ) ;
#1412 = ORIENTED_EDGE ( 'NONE', *, *, #1156, .F. ) ;
#1413 = DIRECTION ( 'NONE',  ( 1.387418376241074944E-16, -1.000000000000000000, 0.000000000000000000 ) ) ;
#1414 = VERTEX_POINT ( 'NONE', #421 ) ;
#1415 = FACE_OUTER_BOUND ( 'NONE', #419, .T. ) ;
#1416 =( GEOMETRIC_REPRESENTATION_CONTEXT ( 3 ) GLOBAL_UNCERTAINTY_ASSIGNED_CONTEXT ( ( #527 ) ) GLOBAL_UNIT_ASSIGNED_CONTEXT ( ( #1225, #662, #244 ) ) REPRESENTATION_CONTEXT ( 'NONE', 'WORKASPACE' ) );
#1417 = CARTESIAN_POINT ( 'NONE',  ( 43.40393525603455771, 15.07248610966331803, 5.000000000000000000 ) ) ;
#1418 = CARTESIAN_POINT ( 'NONE',  ( 59.21492243888850027, 67.29669090769927209, -1.500000000000000000 ) ) ;
#1419 = VECTOR ( 'NONE', #1332, 1000.000000000000000 ) ;
#1420 = EDGE_LOOP ( 'NONE', ( #1630, #1535, #1211, #557 ) ) ;
#1421 = EDGE_CURVE ( 'NONE', #1746, #456, #1000, .T. ) ;
#1422 = LINE ( 'NONE', #158, #1461 ) ;
#1423 = ORIENTED_EDGE ( 'NONE', *, *, #1143, .F. ) ;
#1424 = CYLINDRICAL_SURFACE ( 'NONE', #280, 6.050000000000001599 ) ;
#1425 = ORIENTED_EDGE ( 'NONE', *, *, #1169, .F. ) ;
#1426 = CARTESIAN_POINT ( 'NONE',  ( 4.125584991616801034, 64.91340853431773894, 1.899999999999999689 ) ) ;
#1427 = DIRECTION ( 'NONE',  ( 0.000000000000000000, 0.000000000000000000, -1.000000000000000000 ) ) ;
#1428 = CARTESIAN_POINT ( 'NONE',  ( 57.67356264742161898, 67.79039809127840499, 0.000000000000000000 ) ) ;
#1429 = EDGE_LOOP ( 'NONE', ( #1135, #1320, #661, #269 ) ) ;
#1430 = DIRECTION ( 'NONE',  ( -1.000000000000000000, 0.000000000000000000, 0.000000000000000000 ) ) ;
#1431 = ORIENTED_EDGE ( 'NONE', *, *, #1252, .T. ) ;
#1432 = EDGE_CURVE ( 'NONE', #987, #785, #727, .T. ) ;
#1433 = CARTESIAN_POINT ( 'NONE',  ( -0.0005416349730114613722, 4.924186274990180578, 1.899999999999999911 ) ) ;
#1434 = VERTEX_POINT ( 'NONE', #152 ) ;
#1435 = CARTESIAN_POINT ( 'NONE',  ( 23.39274383753431863, 4.981564326187250202, 0.000000000000000000 ) ) ;
#1436 = AXIS2_PLACEMENT_3D ( 'NONE', #1063, #1610, #910 ) ;
#1437 = ADVANCED_FACE ( 'NONE', ( #979 ), #1424, .F. ) ;
#1438 = LINE ( 'NONE', #165, #613 ) ;
#1439 = CARTESIAN_POINT ( 'NONE',  ( 23.98644712270021273, 55.06052811971416361, 0.000000000000000000 ) ) ;
#1440 = VECTOR ( 'NONE', #7, 1000.000000000000114 ) ;
#1441 = CARTESIAN_POINT ( 'NONE',  ( 50.68249232739002252, 72.76173785294476204, 0.000000000000000000 ) ) ;
#1442 = ORIENTED_EDGE ( 'NONE', *, *, #435, .F. ) ;
#1443 = CARTESIAN_POINT ( 'NONE',  ( 33.65029304469298665, 15.07248610966331803, 5.000000000000000000 ) ) ;
#1444 = EDGE_CURVE ( 'NONE', #548, #1343, #1407, .T. ) ;
#1445 = CARTESIAN_POINT ( 'NONE',  ( -1.076490435299964687, 4.501998901367001871, -1.500000000000000000 ) ) ;
#1446 = DIRECTION ( 'NONE',  ( 0.000000000000000000, 0.000000000000000000, 1.000000000000000000 ) ) ;
#1447 = CARTESIAN_POINT ( 'NONE',  ( 56.00741890650713373, 69.82164000565165907, 0.000000000000000000 ) ) ;
#1448 = VECTOR ( 'NONE', #1766, 1000.000000000000000 ) ;
#1449 = LINE ( 'NONE', #1360, #750 ) ;
#1450 = VECTOR ( 'NONE', #1199, 1000.000000000000000 ) ;
#1451 = ORIENTED_EDGE ( 'NONE', *, *, #1039, .F. ) ;
#1452 = DIRECTION ( 'NONE',  ( -0.000000000000000000, -0.000000000000000000, 1.000000000000000000 ) ) ;
#1453 = DIRECTION ( 'NONE',  ( 1.000000000000000000, 0.000000000000000000, 0.000000000000000000 ) ) ;
#1454 = CARTESIAN_POINT ( 'NONE',  ( 33.46530128803042459, 54.89351411270024528, 0.000000000000000000 ) ) ;
#1455 = DIRECTION ( 'NONE',  ( 1.000000000000000000, 0.000000000000000000, 0.000000000000000000 ) ) ;
#1456 = LINE ( 'NONE', #741, #991 ) ;
#1457 = ORIENTED_EDGE ( 'NONE', *, *, #1143, .T. ) ;
#1458 = EDGE_CURVE ( 'NONE', #901, #1367, #1347, .T. ) ;
#1459 = LINE ( 'NONE', #1620, #512 ) ;
#1460 = CARTESIAN_POINT ( 'NONE',  ( 56.17428568763647689, 70.91803376358204503, 1.900000000000000133 ) ) ;
#1461 = VECTOR ( 'NONE', #1292, 1000.000000000000000 ) ;
#1462 = CARTESIAN_POINT ( 'NONE',  ( 13.87724180426212861, 2.385627166299138532E-15, 1.899999999999999911 ) ) ;
#1463 = CARTESIAN_POINT ( 'NONE',  ( 23.98644712270021273, 64.92986164836351293, 1.899999999999999911 ) ) ;
#1464 = VECTOR ( 'NONE', #1747, 1000.000000000000000 ) ;
#1465 = ORIENTED_EDGE ( 'NONE', *, *, #1586, .F. ) ;
#1466 = EDGE_LOOP ( 'NONE', ( #816, #976, #144, #1304 ) ) ;
#1467 = DIRECTION ( 'NONE',  ( -0.000000000000000000, -0.000000000000000000, 1.000000000000000000 ) ) ;
#1468 = CARTESIAN_POINT ( 'NONE',  ( 57.89079349961785681, 69.28062900991771755, 1.899999999999999689 ) ) ;
#1469 = CARTESIAN_POINT ( 'NONE',  ( 13.87724180426212861, 5.181564326187248604, 0.000000000000000000 ) ) ;
#1470 = LINE ( 'NONE', #1633, #1669 ) ;
#1471 = ORIENTED_EDGE ( 'NONE', *, *, #251, .F. ) ;
#1472 = EDGE_CURVE ( 'NONE', #935, #422, #218, .T. ) ;
#1473 = VECTOR ( 'NONE', #1280, 1000.000000000000000 ) ;
#1474 = LINE ( 'NONE', #348, #688 ) ;
#1475 = DIRECTION ( 'NONE',  ( -0.000000000000000000, 1.000000000000000000, -0.000000000000000000 ) ) ;
#1476 = CARTESIAN_POINT ( 'NONE',  ( 43.20395725499802353, 4.928938545981449870, 0.000000000000000000 ) ) ;
#1477 = CARTESIAN_POINT ( 'NONE',  ( 50.68249232739002252, 71.81173785294477341, 0.000000000000000000 ) ) ;
#1478 = CARTESIAN_POINT ( 'NONE',  ( 23.59274383753431792, 15.07248610966331803, 5.000000000000000000 ) ) ;
#1479 = ORIENTED_EDGE ( 'NONE', *, *, #620, .T. ) ;
#1480 = DIRECTION ( 'NONE',  ( 0.000000000000000000, -1.000000000000000000, 0.000000000000000000 ) ) ;
#1481 = DIRECTION ( 'NONE',  ( -1.000000000000000000, 0.000000000000000000, 0.000000000000000000 ) ) ;
#1482 = EDGE_CURVE ( 'NONE', #1370, #1824, #1791, .T. ) ;
#1483 = CARTESIAN_POINT ( 'NONE',  ( 33.26530128803042174, 64.92986164836351293, 5.000000000000000000 ) ) ;
#1484 = EDGE_CURVE ( 'NONE', #961, #1775, #1025, .T. ) ;
#1485 = LINE ( 'NONE', #1477, #1450 ) ;
#1486 = EDGE_CURVE ( 'NONE', #1775, #1679, #768, .T. ) ;
#1487 = CARTESIAN_POINT ( 'NONE',  ( 33.26530128803042174, 65.12986164836351577, 1.899999999999999911 ) ) ;
#1488 = ORIENTED_EDGE ( 'NONE', *, *, #1769, .T. ) ;
#1489 = CIRCLE ( 'NONE', #1344, 0.1999999999999987899 ) ;
#1490 = DIRECTION ( 'NONE',  ( 2.248908860025017739E-16, -1.000000000000000000, 0.000000000000000000 ) ) ;
#1491 = AXIS2_PLACEMENT_3D ( 'NONE', #1010, #1828, #143 ) ;
#1492 = DIRECTION ( 'NONE',  ( -1.000000000000000000, 0.000000000000000000, 0.000000000000000000 ) ) ;
#1493 = VERTEX_POINT ( 'NONE', #1313 ) ;
#1494 = FACE_OUTER_BOUND ( 'NONE', #734, .T. ) ;
#1495 = EDGE_CURVE ( 'NONE', #323, #502, #1186, .T. ) ;
#1496 = VERTEX_POINT ( 'NONE', #1585 ) ;
#1497 = CARTESIAN_POINT ( 'NONE',  ( 4.325584991616800323, 64.91340853431773894, 0.000000000000000000 ) ) ;
#1498 = DIRECTION ( 'NONE',  ( 0.000000000000000000, 0.000000000000000000, 1.000000000000000000 ) ) ;
#1499 = ORIENTED_EDGE ( 'NONE', *, *, #1301, .F. ) ;
#1500 = DIRECTION ( 'NONE',  ( 0.000000000000000000, -0.000000000000000000, -1.000000000000000000 ) ) ;
#1501 = CARTESIAN_POINT ( 'NONE',  ( 23.98644712270021273, 65.12986164836351577, 0.000000000000000000 ) ) ;
#1502 = ORIENTED_EDGE ( 'NONE', *, *, #1560, .T. ) ;
#1503 = CIRCLE ( 'NONE', #552, 6.049999999999999822 ) ;
#1504 = DIRECTION ( 'NONE',  ( 0.000000000000000000, -0.000000000000000000, -1.000000000000000000 ) ) ;
#1505 = ORIENTED_EDGE ( 'NONE', *, *, #927, .T. ) ;
#1506 = DIRECTION ( 'NONE',  ( 0.000000000000000000, 0.000000000000000000, -1.000000000000000000 ) ) ;
#1507 = FACE_OUTER_BOUND ( 'NONE', #946, .T. ) ;
#1508 = ORIENTED_EDGE ( 'NONE', *, *, #114, .T. ) ;
#1509 = ORIENTED_EDGE ( 'NONE', *, *, #1111, .T. ) ;
#1510 = CARTESIAN_POINT ( 'NONE',  ( 33.85029304469298950, 5.127909692599088132, 5.000000000000000000 ) ) ;
#1511 = EDGE_CURVE ( 'NONE', #1367, #1254, #203, .T. ) ;
#1512 = DIRECTION ( 'NONE',  ( -1.000000000000000000, 0.000000000000000000, 0.000000000000000000 ) ) ;
#1513 = ORIENTED_EDGE ( 'NONE', *, *, #1054, .T. ) ;
#1514 = DIRECTION ( 'NONE',  ( -1.000000000000000000, 0.000000000000000000, -0.000000000000000000 ) ) ;
#1515 = DIRECTION ( 'NONE',  ( -0.000000000000000000, 0.000000000000000000, 1.000000000000000000 ) ) ;
#1516 = ORIENTED_EDGE ( 'NONE', *, *, #1076, .F. ) ;
#1517 = AXIS2_PLACEMENT_3D ( 'NONE', #513, #672, #1090 ) ;
#1518 = ADVANCED_FACE ( 'NONE', ( #1037 ), #457, .T. ) ;
#1519 = CARTESIAN_POINT ( 'NONE',  ( 54.01300667493015339, 71.09518542119788265, 0.000000000000000000 ) ) ;
#1520 = EDGE_LOOP ( 'NONE', ( #162, #533, #1160, #1104, #149 ) ) ;
#1521 = CARTESIAN_POINT ( 'NONE',  ( 43.40393525603455771, 15.07248610966331803, 1.899999999999999689 ) ) ;
#1522 = ORIENTED_EDGE ( 'NONE', *, *, #175, .F. ) ;
#1523 = DIRECTION ( 'NONE',  ( 0.000000000000000000, -1.000000000000000000, 0.000000000000000000 ) ) ;
#1524 = ORIENTED_EDGE ( 'NONE', *, *, #1676, .F. ) ;
#1525 = CARTESIAN_POINT ( 'NONE',  ( 58.52923497366697347, 65.58600672481318838, -1.500000000000000000 ) ) ;
#1526 = VERTEX_POINT ( 'NONE', #349 ) ;
#1527 = DIRECTION ( 'NONE',  ( 0.000000000000000000, 0.000000000000000000, -1.000000000000000000 ) ) ;
#1528 = VECTOR ( 'NONE', #567, 1000.000000000000000 ) ;
#1529 = ORIENTED_EDGE ( 'NONE', *, *, #1784, .T. ) ;
#1530 = VECTOR ( 'NONE', #642, 1000.000000000000000 ) ;
#1531 = PRESENTATION_STYLE_ASSIGNMENT (( #1653 ) ) ;
#1532 = CARTESIAN_POINT ( 'NONE',  ( 4.325584991616800323, 65.11340853431774178, 0.000000000000000000 ) ) ;
#1533 = VERTEX_POINT ( 'NONE', #1056 ) ;
#1534 = CARTESIAN_POINT ( 'NONE',  ( 43.40393525603455771, 5.128938544771568075, 0.000000000000000000 ) ) ;
#1535 = ORIENTED_EDGE ( 'NONE', *, *, #1096, .F. ) ;
#1536 = DIRECTION ( 'NONE',  ( 0.000000000000000000, 0.000000000000000000, 1.000000000000000000 ) ) ;
#1537 = ORIENTED_EDGE ( 'NONE', *, *, #1482, .T. ) ;
#1538 = CARTESIAN_POINT ( 'NONE',  ( 0.000000000000000000, 0.000000000000000000, 0.000000000000000000 ) ) ;
#1539 = PLANE ( 'NONE',  #1401 ) ;
#1540 = FACE_OUTER_BOUND ( 'NONE', #1017, .T. ) ;
#1541 = ORIENTED_EDGE ( 'NONE', *, *, #448, .T. ) ;
#1542 = CARTESIAN_POINT ( 'NONE',  ( 58.31172590599943817, 66.34558536656089700, 0.000000000000000000 ) ) ;
#1543 = ORIENTED_EDGE ( 'NONE', *, *, #580, .F. ) ;
#1544 = DIRECTION ( 'NONE',  ( -1.000000000000000000, -1.387418376241074944E-16, 0.000000000000000000 ) ) ;
#1545 = ORIENTED_EDGE ( 'NONE', *, *, #47, .T. ) ;
#1546 = CARTESIAN_POINT ( 'NONE',  ( 43.20395725499803774, 4.928938545981449870, 1.899999999999999911 ) ) ;
#1547 = AXIS2_PLACEMENT_3D ( 'NONE', #928, #95, #368 ) ;
#1548 = ADVANCED_FACE ( 'NONE', ( #39 ), #600, .T. ) ;
#1549 = VECTOR ( 'NONE', #948, 1000.000000000000000 ) ;
#1550 = PLANE ( 'NONE',  #1651 ) ;
#1551 = LINE ( 'NONE', #416, #191 ) ;
#1552 = VERTEX_POINT ( 'NONE', #66 ) ;
#1553 = DIRECTION ( 'NONE',  ( -0.000000000000000000, -0.000000000000000000, 1.000000000000000000 ) ) ;
#1554 = EDGE_LOOP ( 'NONE', ( #1543, #964, #404, #1764 ) ) ;
#1555 = FACE_OUTER_BOUND ( 'NONE', #518, .T. ) ;
#1556 = ORIENTED_EDGE ( 'NONE', *, *, #857, .F. ) ;
#1557 = CARTESIAN_POINT ( 'NONE',  ( 43.77797558682614465, 65.08547442474340983, 0.000000000000000000 ) ) ;
#1558 = VECTOR ( 'NONE', #1002, 1000.000000000000000 ) ;
#1559 = CARTESIAN_POINT ( 'NONE',  ( -2.026490435299964421, 65.76173785294474783, -1.500000000000000000 ) ) ;
#1560 = EDGE_CURVE ( 'NONE', #87, #695, #629, .T. ) ;
#1561 = DIRECTION ( 'NONE',  ( -0.000000000000000000, -0.000000000000000000, 1.000000000000000000 ) ) ;
#1562 = ORIENTED_EDGE ( 'NONE', *, *, #1374, .F. ) ;
#1563 = DIRECTION ( 'NONE',  ( -0.000000000000000000, -0.000000000000000000, 1.000000000000000000 ) ) ;
#1564 = EDGE_CURVE ( 'NONE', #1293, #1405, #42, .T. ) ;
#1565 = VERTEX_POINT ( 'NONE', #185 ) ;
#1566 =( GEOMETRIC_REPRESENTATION_CONTEXT ( 3 ) GLOBAL_UNCERTAINTY_ASSIGNED_CONTEXT ( ( #1678 ) ) GLOBAL_UNIT_ASSIGNED_CONTEXT ( ( #472, #190, #71 ) ) REPRESENTATION_CONTEXT ( 'NONE', 'WORKASPACE' ) );
#1567 = EDGE_CURVE ( 'NONE', #1343, #701, #1765, .T. ) ;
#1568 = DIRECTION ( 'NONE',  ( 1.000000000000000000, 0.000000000000000000, 0.000000000000000000 ) ) ;
#1569 = CARTESIAN_POINT ( 'NONE',  ( -2.026490435299964421, 65.76173785294474783, 1.899999999999999911 ) ) ;
#1570 = DIRECTION ( 'NONE',  ( 1.000000000000000000, 0.000000000000000000, 0.000000000000000000 ) ) ;
#1571 = CARTESIAN_POINT ( 'NONE',  ( 54.94433730624918155, 70.59815830686203242, 0.000000000000000000 ) ) ;
#1572 = DIRECTION ( 'NONE',  ( 0.000000000000000000, 0.000000000000000000, 1.000000000000000000 ) ) ;
#1573 = ORIENTED_EDGE ( 'NONE', *, *, #817, .F. ) ;
#1574 = EDGE_CURVE ( 'NONE', #80, #1552, #1459, .T. ) ;
#1575 = VECTOR ( 'NONE', #397, 1000.000000000000000 ) ;
#1576 = CARTESIAN_POINT ( 'NONE',  ( 59.68249232739000831, 63.76173785294476914, 1.899999999999999911 ) ) ;
#1577 = CIRCLE ( 'NONE', #1020, 7.000000000000002665 ) ;
#1578 = DIRECTION ( 'NONE',  ( 0.000000000000000000, 0.000000000000000000, -1.000000000000000000 ) ) ;
#1579 = VECTOR ( 'NONE', #1600, 1000.000000000000000 ) ;
#1580 = CARTESIAN_POINT ( 'NONE',  ( 13.87724180426212683, 15.07248610966331803, 5.000000000000000000 ) ) ;
#1581 = DIRECTION ( 'NONE',  ( 1.000000000000000000, 0.000000000000000000, 0.000000000000000000 ) ) ;
#1582 = VECTOR ( 'NONE', #583, 1000.000000000000000 ) ;
#1583 = CARTESIAN_POINT ( 'NONE',  ( -1.076490435299964687, 65.76173785294474783, 0.000000000000000000 ) ) ;
#1584 = ORIENTED_EDGE ( 'NONE', *, *, #253, .F. ) ;
#1585 = CARTESIAN_POINT ( 'NONE',  ( 4.325584991616799435, 15.07248610966331626, 0.000000000000000000 ) ) ;
#1586 = EDGE_CURVE ( 'NONE', #341, #961, #1322, .T. ) ;
#1587 = LINE ( 'NONE', #762, #1448 ) ;
#1588 = CYLINDRICAL_SURFACE ( 'NONE', #887, 0.2000000000000005107 ) ;
#1589 = EDGE_CURVE ( 'NONE', #1795, #46, #592, .T. ) ;
#1590 = CARTESIAN_POINT ( 'NONE',  ( 23.39274383753431863, 5.181564326187249492, 1.899999999999999689 ) ) ;
#1591 = VECTOR ( 'NONE', #179, 1000.000000000000000 ) ;
#1592 = LINE ( 'NONE', #606, #1315 ) ;
#1593 = VECTOR ( 'NONE', #180, 1000.000000000000000 ) ;
#1594 = ORIENTED_EDGE ( 'NONE', *, *, #1031, .F. ) ;
#1595 = DIRECTION ( 'NONE',  ( -1.719093174240459492E-16, 1.000000000000000000, 0.000000000000000000 ) ) ;
#1596 = FACE_OUTER_BOUND ( 'NONE', #1258, .T. ) ;
#1597 = EDGE_CURVE ( 'NONE', #1811, #1355, #449, .T. ) ;
#1598 = CARTESIAN_POINT ( 'NONE',  ( 13.87724180426212683, 15.07248610966331803, 5.000000000000000000 ) ) ;
#1599 = CARTESIAN_POINT ( 'NONE',  ( 59.68249232739000831, 63.76173785294474072, -1.500000000000000000 ) ) ;
#1600 = DIRECTION ( 'NONE',  ( 0.000000000000000000, 1.000000000000000000, 0.000000000000000000 ) ) ;
#1601 = VERTEX_POINT ( 'NONE', #1028 ) ;
#1602 = ORIENTED_EDGE ( 'NONE', *, *, #826, .T. ) ;
#1603 = CARTESIAN_POINT ( 'NONE',  ( 43.20393525603456197, 5.128938544771564523, 5.000000000000000000 ) ) ;
#1604 = CARTESIAN_POINT ( 'NONE',  ( 43.57797558682614891, 0.000000000000000000, 1.899999999999999911 ) ) ;
#1605 = CARTESIAN_POINT ( 'NONE',  ( 4.125584991616801034, 64.91340853431773894, 1.899999999999999911 ) ) ;
#1606 = ADVANCED_FACE ( 'NONE', ( #1046 ), #744, .F. ) ;
#1607 = FACE_OUTER_BOUND ( 'NONE', #401, .T. ) ;
#1608 = VECTOR ( 'NONE', #1712, 1000.000000000000000 ) ;
#1609 = ORIENTED_EDGE ( 'NONE', *, *, #1015, .F. ) ;
#1610 = DIRECTION ( 'NONE',  ( 0.000000000000000000, 0.000000000000000000, 1.000000000000000000 ) ) ;
#1611 = CARTESIAN_POINT ( 'NONE',  ( 58.73249232739001258, 4.501998901367016970, 0.000000000000000000 ) ) ;
#1612 = CARTESIAN_POINT ( 'NONE',  ( 50.68249232739001542, 72.76173785294476204, 1.899999999999999911 ) ) ;
#1613 = PLANE ( 'NONE',  #856 ) ;
#1614 = DIRECTION ( 'NONE',  ( 0.000000000000000000, 0.000000000000000000, 1.000000000000000000 ) ) ;
#1615 = EDGE_CURVE ( 'NONE', #1312, #279, #1205, .T. ) ;
#1616 = DIRECTION ( 'NONE',  ( 0.000000000000000000, -0.000000000000000000, 1.000000000000000000 ) ) ;
#1617 = ORIENTED_EDGE ( 'NONE', *, *, #531, .F. ) ;
#1618 = AXIS2_PLACEMENT_3D ( 'NONE', #265, #820, #1796 ) ;
#1619 = ORIENTED_EDGE ( 'NONE', *, *, #878, .T. ) ;
#1620 = CARTESIAN_POINT ( 'NONE',  ( 43.40393525603455771, 5.128938544771564523, 1.899999999999999689 ) ) ;
#1621 = ADVANCED_FACE ( 'NONE', ( #1540 ), #786, .F. ) ;
#1622 = FACE_OUTER_BOUND ( 'NONE', #1554, .T. ) ;
#1623 = LINE ( 'NONE', #1740, #1129 ) ;
#1624 = DIRECTION ( 'NONE',  ( -1.000000000000000000, 0.000000000000000000, 0.000000000000000000 ) ) ;
#1625 = ORIENTED_EDGE ( 'NONE', *, *, #497, .F. ) ;
#1626 = CARTESIAN_POINT ( 'NONE',  ( 59.68249232739000831, 72.76173785294476204, -0.09499999999999982070 ) ) ;
#1627 = DIRECTION ( 'NONE',  ( 1.000000000000000000, 2.545236479310125717E-16, 0.000000000000000000 ) ) ;
#1628 = EDGE_CURVE ( 'NONE', #1112, #260, #517, .T. ) ;
#1629 = DIRECTION ( 'NONE',  ( -0.000000000000000000, -1.000000000000000000, -0.000000000000000000 ) ) ;
#1630 = ORIENTED_EDGE ( 'NONE', *, *, #362, .F. ) ;
#1631 = DIRECTION ( 'NONE',  ( 0.000000000000000000, 0.000000000000000000, 1.000000000000000000 ) ) ;
#1632 = VECTOR ( 'NONE', #1311, 1000.000000000000000 ) ;
#1633 = CARTESIAN_POINT ( 'NONE',  ( 53.05478145081195152, 65.08547442474340983, 1.899999999999999689 ) ) ;
#1634 = VERTEX_POINT ( 'NONE', #83 ) ;
#1635 = EDGE_LOOP ( 'NONE', ( #1789, #789, #1378, #1529, #8, #553, #923, #1809 ) ) ;
#1636 = LINE ( 'NONE', #1773, #1549 ) ;
#1637 = EDGE_LOOP ( 'NONE', ( #664, #742, #264, #1465 ) ) ;
#1638 = VECTOR ( 'NONE', #355, 1000.000000000000000 ) ;
#1639 = CARTESIAN_POINT ( 'NONE',  ( 59.68249232739000831, 63.76173785294474072, -1.500000000000000000 ) ) ;
#1640 = VERTEX_POINT ( 'NONE', #1128 ) ;
#1641 = PLANE ( 'NONE',  #822 ) ;
#1642 = EDGE_CURVE ( 'NONE', #1124, #1782, #984, .T. ) ;
#1643 = CARTESIAN_POINT ( 'NONE',  ( 13.51247529139376091, 65.11340853431774178, 0.000000000000000000 ) ) ;
#1644 = VERTEX_POINT ( 'NONE', #700 ) ;
#1645 = B_SPLINE_CURVE_WITH_KNOTS ( 'NONE', 3,
 ( #640, #904, #317, #888, #1468, #602, #1460, #746, #1314, #343, #1058, #1612 ),
 .UNSPECIFIED., .F., .F.,
 ( 4, 2, 2, 2, 2, 4 ),
 ( 0.000000000000000000, 0.2500000000000008882, 0.5000000000000017764, 0.6250000000000016653, 0.7500000000000015543, 1.000000000000000000 ),
 .UNSPECIFIED. ) ;
#1646 = ORIENTED_EDGE ( 'NONE', *, *, #1597, .T. ) ;
#1647 = CARTESIAN_POINT ( 'NONE',  ( 43.57797558682614891, 64.88547442474340698, 1.899999999999999911 ) ) ;
#1648 = ORIENTED_EDGE ( 'NONE', *, *, #1242, .T. ) ;
#1649 = VECTOR ( 'NONE', #709, 1000.000000000000000 ) ;
#1650 = PLANE ( 'NONE',  #188 ) ;
#1651 = AXIS2_PLACEMENT_3D ( 'NONE', #1417, #710, #1281 ) ;
#1652 = ORIENTED_EDGE ( 'NONE', *, *, #781, .F. ) ;
#1653 = SURFACE_STYLE_USAGE ( .BOTH. , #521 ) ;
#1654 = AXIS2_PLACEMENT_3D ( 'NONE', #711, #23, #1581 ) ;
#1655 = CARTESIAN_POINT ( 'NONE',  ( 50.68249232739002252, 72.76173785294476204, 0.000000000000000000 ) ) ;
#1656 = ORIENTED_EDGE ( 'NONE', *, *, #339, .T. ) ;
#1657 = CARTESIAN_POINT ( 'NONE',  ( 54.25047454967750582, 70.98326446524647793, -1.500000000000000000 ) ) ;
#1658 = EDGE_LOOP ( 'NONE', ( #1091, #550, #729, #1513 ) ) ;
#1659 = DIRECTION ( 'NONE',  ( 0.000000000000000000, -1.000000000000000000, 0.000000000000000000 ) ) ;
#1660 = ORIENTED_EDGE ( 'NONE', *, *, #759, .F. ) ;
#1661 = SURFACE_STYLE_FILL_AREA ( #1105 ) ;
#1662 = B_SPLINE_SURFACE_WITH_KNOTS ( 'NONE', 3, 1, ( 
 ( #1098, #982 ),
 ( #680, #255 ),
 ( #1125, #405 ),
 ( #1235, #1805 ),
 ( #396, #126 ),
 ( #97, #1396 ),
 ( #687, #236 ) ),
 .UNSPECIFIED., .F., .F., .F.,
 ( 4, 1, 1, 1, 4 ),
 ( 2, 2 ),
 ( 0.000000000000000000, 0.2500000000000000000, 0.5000000000000000000, 0.7500000000000000000, 1.000000000000000000 ),
 ( 0.000000000000000000, 1.000000000000000000 ),
 .UNSPECIFIED. ) ;
#1663 = CARTESIAN_POINT ( 'NONE',  ( 53.25478145081195436, 64.88547442474340698, 0.000000000000000000 ) ) ;
#1664 = EDGE_CURVE ( 'NONE', #1405, #712, #1093, .T. ) ;
#1665 = EDGE_LOOP ( 'NONE', ( #1625, #1395, #787, #1234 ) ) ;
#1666 = CARTESIAN_POINT ( 'NONE',  ( 24.18644712270021202, 65.12986164836351577, 1.899999999999999911 ) ) ;
#1667 = AXIS2_PLACEMENT_3D ( 'NONE', #75, #777, #1345 ) ;
#1668 = ADVANCED_BREP_SHAPE_REPRESENTATION ( 'cubit3_bottom_enclosure', ( #860, #296 ), #1566 ) ;
#1669 = VECTOR ( 'NONE', #625, 1000.000000000000000 ) ;
#1670 = FACE_OUTER_BOUND ( 'NONE', #364, .T. ) ;
#1671 = VECTOR ( 'NONE', #752, 1000.000000000000000 ) ;
#1672 = EDGE_LOOP ( 'NONE', ( #1274, #900, #1383, #1660 ) ) ;
#1673 = PLANE ( 'NONE',  #345 ) ;
#1674 = CARTESIAN_POINT ( 'NONE',  ( -2.026490435299964421, 4.501998901366988548, 1.899999999999999911 ) ) ;
#1675 = ORIENTED_EDGE ( 'NONE', *, *, #817, .T. ) ;
#1676 = EDGE_CURVE ( 'NONE', #1526, #1312, #1272, .T. ) ;
#1677 = CARTESIAN_POINT ( 'NONE',  ( 43.57797558682614891, 65.08547442474340983, 0.000000000000000000 ) ) ;
#1678 = UNCERTAINTY_MEASURE_WITH_UNIT (LENGTH_MEASURE( 1.000000000000000082E-05 ), #472, 'distance_accuracy_value', 'NONE');
#1679 = VERTEX_POINT ( 'NONE', #1647 ) ;
#1680 = EDGE_CURVE ( 'NONE', #233, #1362, #1636, .T. ) ;
#1681 = CARTESIAN_POINT ( 'NONE',  ( -2.681246479250792545E-15, 15.07248610966331626, 1.899999999999999911 ) ) ;
#1682 = EDGE_CURVE ( 'NONE', #388, #695, #1221, .T. ) ;
#1683 = EDGE_LOOP ( 'NONE', ( #758, #1499, #682, #1203 ) ) ;
#1684 = VECTOR ( 'NONE', #199, 1000.000000000000000 ) ;
#1685 = CARTESIAN_POINT ( 'NONE',  ( 43.40393525603455771, 0.000000000000000000, 1.899999999999999911 ) ) ;
#1686 = PLANE ( 'NONE',  #1787 ) ;
#1687 = DIRECTION ( 'NONE',  ( -1.000000000000000000, -0.000000000000000000, -0.000000000000000000 ) ) ;
#1688 = VERTEX_POINT ( 'NONE', #2 ) ;
#1689 = FACE_OUTER_BOUND ( 'NONE', #1035, .T. ) ;
#1690 = ORIENTED_EDGE ( 'NONE', *, *, #1564, .T. ) ;
#1691 = DIRECTION ( 'NONE',  ( 1.000000000000000000, 0.000000000000000000, 0.000000000000000000 ) ) ;
#1692 = EDGE_CURVE ( 'NONE', #1746, #1644, #134, .T. ) ;
#1693 = ORIENTED_EDGE ( 'NONE', *, *, #912, .T. ) ;
#1694 = LINE ( 'NONE', #433, #1473 ) ;
#1695 = FACE_BOUND ( 'NONE', #195, .T. ) ;
#1696 = DIRECTION ( 'NONE',  ( 0.000000000000000000, 0.000000000000000000, -1.000000000000000000 ) ) ;
#1697 = ORIENTED_EDGE ( 'NONE', *, *, #226, .T. ) ;
#1698 = CARTESIAN_POINT ( 'NONE',  ( 57.91889550487404392, 67.32740015414564994, -1.500000000000000000 ) ) ;
#1699 = EDGE_LOOP ( 'NONE', ( #1152, #1502, #85, #697 ) ) ;
#1700 = VECTOR ( 'NONE', #1808, 1000.000000000000000 ) ;
#1701 = LINE ( 'NONE', #1433, #1440 ) ;
#1702 = ORIENTED_EDGE ( 'NONE', *, *, #271, .T. ) ;
#1703 = CARTESIAN_POINT ( 'NONE',  ( 33.46530128803042459, 54.89351411270024528, 5.000000000000000000 ) ) ;
#1704 = AXIS2_PLACEMENT_3D ( 'NONE', #1083, #936, #666 ) ;
#1705 = VECTOR ( 'NONE', #377, 1000.000000000000000 ) ;
#1706 = LINE ( 'NONE', #443, #1832 ) ;
#1707 = CARTESIAN_POINT ( 'NONE',  ( 58.46538188658456647, 65.84067560571556044, 0.000000000000000000 ) ) ;
#1708 = EDGE_LOOP ( 'NONE', ( #627, #254, #545, #1193 ) ) ;
#1709 = EDGE_CURVE ( 'NONE', #282, #505, #408, .T. ) ;
#1710 = FACE_OUTER_BOUND ( 'NONE', #561, .T. ) ;
#1711 = ORIENTED_EDGE ( 'NONE', *, *, #773, .T. ) ;
#1712 = DIRECTION ( 'NONE',  ( -1.000000000000000000, -0.000000000000000000, -0.000000000000000000 ) ) ;
#1713 = ORIENTED_EDGE ( 'NONE', *, *, #906, .T. ) ;
#1714 = LINE ( 'NONE', #1569, #113 ) ;
#1715 = AXIS2_PLACEMENT_3D ( 'NONE', #1483, #41, #1739 ) ;
#1716 = DIRECTION ( 'NONE',  ( -1.000000000000000000, -2.248908860025017739E-16, -0.000000000000000000 ) ) ;
#1717 = CARTESIAN_POINT ( 'NONE',  ( 59.68249232739002963, 64.93146314837100874, -1.500000000000000000 ) ) ;
#1718 = ADVANCED_FACE ( 'NONE', ( #841 ), #1239, .F. ) ;
#1719 = CARTESIAN_POINT ( 'NONE',  ( 51.74044235015217197, 71.76123581809875418, -1.500000000000000000 ) ) ;
#1720 = VERTEX_POINT ( 'NONE', #241 ) ;
#1721 = CARTESIAN_POINT ( 'NONE',  ( 53.05478145081195862, 15.07248610966331626, 0.000000000000000000 ) ) ;
#1722 = CARTESIAN_POINT ( 'NONE',  ( 4.325584991616800323, 64.91340853431773894, 1.899999999999999689 ) ) ;
#1723 = CARTESIAN_POINT ( 'NONE',  ( 33.85029304469298950, 5.127909692599088132, 0.000000000000000000 ) ) ;
#1724 = DIRECTION ( 'NONE',  ( 0.000000000000000000, 0.000000000000000000, 1.000000000000000000 ) ) ;
#1725 = EDGE_CURVE ( 'NONE', #1279, #1526, #138, .T. ) ;
#1726 = CARTESIAN_POINT ( 'NONE',  ( 59.21492243888850027, 67.29669090769927209, 0.000000000000000000 ) ) ;
#1727 = ORIENTED_EDGE ( 'NONE', *, *, #1586, .T. ) ;
#1728 = AXIS2_PLACEMENT_3D ( 'NONE', #1580, #320, #863 ) ;
#1729 = DIRECTION ( 'NONE',  ( -1.000000000000000000, 0.000000000000000000, 0.000000000000000000 ) ) ;
#1730 = AXIS2_PLACEMENT_3D ( 'NONE', #122, #562, #101 ) ;
#1731 = ADVANCED_FACE ( 'NONE', ( #1138 ), #1372, .T. ) ;
#1732 = DIRECTION ( 'NONE',  ( -1.000000000000000000, 0.000000000000000000, 0.000000000000000000 ) ) ;
#1733 = AXIS2_PLACEMENT_3D ( 'NONE', #1738, #1467, #342 ) ;
#1734 = CYLINDRICAL_SURFACE ( 'NONE', #491, 0.2000000000000005107 ) ;
#1735 = CARTESIAN_POINT ( 'NONE',  ( 0.000000000000000000, 4.981564326187250202, 1.899999999999999911 ) ) ;
#1736 = CARTESIAN_POINT ( 'NONE',  ( 4.973509564700037799, 4.501998901366988548, 1.899999999999999911 ) ) ;
#1737 = VERTEX_POINT ( 'NONE', #103 ) ;
#1738 = CARTESIAN_POINT ( 'NONE',  ( 14.07724180426212968, 5.181564326187248604, 0.000000000000000000 ) ) ;
#1739 = DIRECTION ( 'NONE',  ( 1.000000000000000000, 0.000000000000000000, 0.000000000000000000 ) ) ;
#1740 = CARTESIAN_POINT ( 'NONE',  ( 43.57797558682614891, 54.89351411270024528, 5.000000000000000000 ) ) ;
#1741 = DIRECTION ( 'NONE',  ( -1.000000000000000000, 0.000000000000000000, 0.000000000000000000 ) ) ;
#1742 = CIRCLE ( 'NONE', #1185, 6.050000000000014033 ) ;
#1743 = CARTESIAN_POINT ( 'NONE',  ( 51.21421522319870689, 71.81173785294483025, -1.500000000000000000 ) ) ;
#1744 = AXIS2_PLACEMENT_3D ( 'NONE', #500, #344, #782 ) ;
#1745 = ORIENTED_EDGE ( 'NONE', *, *, #728, .F. ) ;
#1746 = VERTEX_POINT ( 'NONE', #1800 ) ;
#1747 = DIRECTION ( 'NONE',  ( 0.000000000000000000, 0.000000000000000000, -1.000000000000000000 ) ) ;
#1748 = CIRCLE ( 'NONE', #862, 0.1999999999999987899 ) ;
#1749 = EDGE_CURVE ( 'NONE', #1132, #1312, #1551, .T. ) ;
#1750 = LINE ( 'NONE', #1040, #1591 ) ;
#1751 = DIRECTION ( 'NONE',  ( -0.000000000000000000, 0.000000000000000000, 1.000000000000000000 ) ) ;
#1752 = PLANE ( 'NONE',  #186 ) ;
#1753 = ORIENTED_EDGE ( 'NONE', *, *, #482, .F. ) ;
#1754 = CARTESIAN_POINT ( 'NONE',  ( 59.68249232739000831, 63.76173785294476914, 1.298333333333334005 ) ) ;
#1755 = CARTESIAN_POINT ( 'NONE',  ( 24.18644712270021202, 65.12986164836351577, 0.000000000000000000 ) ) ;
#1756 = CARTESIAN_POINT ( 'NONE',  ( 58.73249232739001258, 4.501998901367016970, -1.500000000000000000 ) ) ;
#1757 = CARTESIAN_POINT ( 'NONE',  ( 50.68249232739002252, 71.81173785294477341, -1.500000000000000000 ) ) ;
#1758 = EDGE_CURVE ( 'NONE', #1775, #572, #285, .T. ) ;
#1759 = CARTESIAN_POINT ( 'NONE',  ( 13.87724180426212683, 15.07248610966331803, 0.000000000000000000 ) ) ;
#1760 = VECTOR ( 'NONE', #761, 1000.000000000000000 ) ;
#1761 = ORIENTED_EDGE ( 'NONE', *, *, #316, .F. ) ;
#1762 = ADVANCED_FACE ( 'NONE', ( #658 ), #76, .T. ) ;
#1763 = B_SPLINE_CURVE_WITH_KNOTS ( 'NONE', 3,
 ( #1441, #167, #590, #1166, #1726, #445, #313 ),
 .UNSPECIFIED., .F., .F.,
 ( 4, 1, 1, 1, 4 ),
 ( 0.000000000000000000, 0.2500000000000000000, 0.5000000000000000000, 0.7500000000000000000, 1.000000000000000000 ),
 .UNSPECIFIED. ) ;
#1764 = ORIENTED_EDGE ( 'NONE', *, *, #1432, .F. ) ;
#1765 = LINE ( 'NONE', #886, #1760 ) ;
#1766 = DIRECTION ( 'NONE',  ( -0.000000000000000000, -0.000000000000000000, 1.000000000000000000 ) ) ;
#1767 = CARTESIAN_POINT ( 'NONE',  ( 4.973509564700032470, 72.76173785294474783, 1.899999999999999911 ) ) ;
#1768 = DIRECTION ( 'NONE',  ( 1.000000000000000000, 0.000000000000000000, 0.000000000000000000 ) ) ;
#1769 = EDGE_CURVE ( 'NONE', #5, #494, #1033, .T. ) ;
#1770 = STYLED_ITEM ( 'NONE', ( #1531 ), #860 ) ;
#1771 = VERTEX_POINT ( 'NONE', #464 ) ;
#1772 = CARTESIAN_POINT ( 'NONE',  ( 14.07724180426212968, 4.981564326187250202, 1.899999999999999911 ) ) ;
#1773 = CARTESIAN_POINT ( 'NONE',  ( 4.973509564700036911, -2.498001098633013672, -1.500000000000000000 ) ) ;
#1774 = DIRECTION ( 'NONE',  ( -1.170928867840125055E-16, 1.000000000000000000, 0.000000000000000000 ) ) ;
#1775 = VERTEX_POINT ( 'NONE', #148 ) ;
#1776 = LINE ( 'NONE', #1598, #737 ) ;
#1777 = DIRECTION ( 'NONE',  ( 0.000000000000000000, 0.000000000000000000, -1.000000000000000000 ) ) ;
#1778 = ORIENTED_EDGE ( 'NONE', *, *, #1680, .T. ) ;
#1779 = ADVANCED_FACE ( 'NONE', ( #181 ), #321, .T. ) ;
#1780 = VERTEX_POINT ( 'NONE', #1004 ) ;
#1781 = DIRECTION ( 'NONE',  ( 0.000000000000000000, 0.000000000000000000, -1.000000000000000000 ) ) ;
#1782 = VERTEX_POINT ( 'NONE', #1182 ) ;
#1783 = LINE ( 'NONE', #124, #903 ) ;
#1784 = EDGE_CURVE ( 'NONE', #725, #1124, #379, .T. ) ;
#1785 = ORIENTED_EDGE ( 'NONE', *, *, #58, .F. ) ;
#1786 = LINE ( 'NONE', #1685, #885 ) ;
#1787 = AXIS2_PLACEMENT_3D ( 'NONE', #699, #532, #1271 ) ;
#1788 = DIRECTION ( 'NONE',  ( -1.000000000000000000, 0.000000000000000000, 0.000000000000000000 ) ) ;
#1789 = ORIENTED_EDGE ( 'NONE', *, *, #1511, .T. ) ;
#1790 = EDGE_LOOP ( 'NONE', ( #15, #1508, #926, #908 ) ) ;
#1791 = CIRCLE ( 'NONE', #1733, 0.2000000000000005107 ) ;
#1792 = DIRECTION ( 'NONE',  ( -1.000000000000000000, 0.000000000000000000, 0.000000000000000000 ) ) ;
#1793 = DIRECTION ( 'NONE',  ( -1.000000000000000000, 0.000000000000000000, 0.000000000000000000 ) ) ;
#1794 = ADVANCED_FACE ( 'NONE', ( #1282 ), #748, .F. ) ;
#1795 = VERTEX_POINT ( 'NONE', #1317 ) ;
#1796 = DIRECTION ( 'NONE',  ( -1.000000000000000000, 0.000000000000000000, 0.000000000000000000 ) ) ;
#1797 = CARTESIAN_POINT ( 'NONE',  ( 23.98644712270021273, 55.06052811971416361, 1.899999999999999689 ) ) ;
#1798 = ORIENTED_EDGE ( 'NONE', *, *, #1758, .F. ) ;
#1799 = CARTESIAN_POINT ( 'NONE',  ( 54.94433730624918155, 70.59815830686203242, -1.500000000000000000 ) ) ;
#1800 = CARTESIAN_POINT ( 'NONE',  ( 4.325584991616800323, 15.07248610966331626, 1.899999999999999911 ) ) ;
#1801 = AXIS2_PLACEMENT_3D ( 'NONE', #1756, #1180, #1774 ) ;
#1802 = CARTESIAN_POINT ( 'NONE',  ( 13.71247529139376198, 55.06052811971416361, 5.000000000000000000 ) ) ;
#1803 = EDGE_CURVE ( 'NONE', #1224, #353, #1102, .T. ) ;
#1804 = VERTEX_POINT ( 'NONE', #1439 ) ;
#1805 = CARTESIAN_POINT ( 'NONE',  ( 57.21422121266516569, 70.28587358027455423, 0.000000000000000000 ) ) ;
#1806 = DIRECTION ( 'NONE',  ( 0.000000000000000000, -0.000000000000000000, -1.000000000000000000 ) ) ;
#1807 = VERTEX_POINT ( 'NONE', #1165 ) ;
#1808 = DIRECTION ( 'NONE',  ( -0.000000000000000000, -0.000000000000000000, 1.000000000000000000 ) ) ;
#1809 = ORIENTED_EDGE ( 'NONE', *, *, #1458, .T. ) ;
#1810 = CARTESIAN_POINT ( 'NONE',  ( 4.973509564700034247, 65.76173785294474783, 1.899999999999999911 ) ) ;
#1811 = VERTEX_POINT ( 'NONE', #174 ) ;
#1812 = CARTESIAN_POINT ( 'NONE',  ( 50.68249232739002252, 72.76173785294476204, 0.000000000000000000 ) ) ;
#1813 = ADVANCED_FACE ( 'NONE', ( #444 ), #891, .F. ) ;
#1814 = CARTESIAN_POINT ( 'NONE',  ( 59.68249232739000831, 63.76173785294474072, -1.500000000000000000 ) ) ;
#1815 = ORIENTED_EDGE ( 'NONE', *, *, #1567, .T. ) ;
#1816 = CARTESIAN_POINT ( 'NONE',  ( 23.59274383753431792, 5.181564326187249492, 1.899999999999999689 ) ) ;
#1817 = EDGE_CURVE ( 'NONE', #1493, #494, #1748, .T. ) ;
#1818 = ORIENTED_EDGE ( 'NONE', *, *, #1076, .T. ) ;
#1819 = VECTOR ( 'NONE', #831, 1000.000000000000000 ) ;
#1820 = DIRECTION ( 'NONE',  ( 1.000000000000000000, 0.000000000000000000, 0.000000000000000000 ) ) ;
#1821 = AXIS2_PLACEMENT_3D ( 'NONE', #902, #1337, #1481 ) ;
#1822 = ORIENTED_EDGE ( 'NONE', *, *, #830, .F. ) ;
#1823 = CARTESIAN_POINT ( 'NONE',  ( 4.973509564700032470, 72.76173785294474783, 1.899999999999999911 ) ) ;
#1824 = VERTEX_POINT ( 'NONE', #605 ) ;
#1825 = EDGE_CURVE ( 'NONE', #502, #260, #584, .T. ) ;
#1826 = CARTESIAN_POINT ( 'NONE',  ( 56.00741890650713373, 69.82164000565165907, -1.500000000000000000 ) ) ;
#1827 = ORIENTED_EDGE ( 'NONE', *, *, #1680, .F. ) ;
#1828 = DIRECTION ( 'NONE',  ( -0.000000000000000000, -0.000000000000000000, 1.000000000000000000 ) ) ;
#1829 = B_SPLINE_SURFACE_WITH_KNOTS ( 'NONE', 3, 1, ( 
 ( #248, #140 ),
 ( #703, #815 ),
 ( #4, #1121 ),
 ( #1525, #551 ),
 ( #111, #1275 ),
 ( #130, #1542 ),
 ( #399, #844 ),
 ( #1698, #1249 ),
 ( #977, #1140 ),
 ( #534, #1110 ),
 ( #1131, #268 ),
 ( #1826, #997 ),
 ( #240, #805 ),
 ( #1799, #1371 ),
 ( #525, #1101 ),
 ( #1657, #385 ),
 ( #956, #1519 ),
 ( #1183, #1016 ),
 ( #1318, #183 ),
 ( #733, #713 ),
 ( #597, #428 ),
 ( #1719, #13 ),
 ( #1743, #37 ),
 ( #24, #437 ) ),
 .UNSPECIFIED., .F., .F., .F.,
 ( 4, 2, 2, 2, 2, 2, 2, 2, 2, 2, 2, 4 ),
 ( 2, 2 ),
 ( 0.000000000000000000, 0.1250000000000003053, 0.1875000000000004441, 0.2500000000000006106, 0.3750000000000008882, 0.5000000000000012212, 0.6250000000000015543, 0.6875000000000009992, 0.7500000000000004441, 0.8125000000000000000, 0.8749999999999994449, 1.000000000000000000 ),
 ( 0.000000000000000000, 1.000000000000000000 ),
 .UNSPECIFIED. ) ;
#1830 = VECTOR ( 'NONE', #621, 1000.000000000000000 ) ;
#1831 = ORIENTED_EDGE ( 'NONE', *, *, #1615, .F. ) ;
#1832 = VECTOR ( 'NONE', #425, 1000.000000000000000 ) ;
#1833 = DIRECTION ( 'NONE',  ( 0.000000000000000000, 0.000000000000000000, -1.000000000000000000 ) ) ;
ENDSEC;
END-ISO-10303-21;
