ISO-10303-21;
HEADER;
FILE_DESCRIPTION (( 'STEP AP214' ),
    '1' );
FILE_NAME ('cubit2_top_enclosure.STEP',
    '2024-05-18T07:47:49',
    ( '' ),
    ( '' ),
    'SwSTEP 2.0',
    'SolidWorks 2023',
    '' );
FILE_SCHEMA (( 'AUTOMOTIVE_DESIGN' ));
ENDSEC;

DATA;
#1 = CARTESIAN_POINT ( 'NONE',  ( 3.877932647787677656, 69.99402116437045152, 12.64021885309561277 ) ) ;
#2 = CARTESIAN_POINT ( 'NONE',  ( 42.42937165317579939, 13.39999999999999503, -4.219999790191999445 ) ) ;
#3 = CARTESIAN_POINT ( 'NONE',  ( 58.16093396062088772, 63.77372927688664106, 20.16116771254913331 ) ) ;
#4 = ORIENTED_EDGE ( 'NONE', *, *, #3638, .F. ) ;
#5 = ORIENTED_EDGE ( 'NONE', *, *, #186, .T. ) ;
#6 = EDGE_CURVE ( 'NONE', #972, #1086, #3933, .T. ) ;
#7 = CARTESIAN_POINT ( 'NONE',  ( 58.16500091023045371, 63.23415319588158923, 7.866703118580682386 ) ) ;
#8 = CARTESIAN_POINT ( 'NONE',  ( 52.49145280776657074, 70.37517323085425858, 20.83954528252819571 ) ) ;
#9 = CARTESIAN_POINT ( 'NONE',  ( 34.50521378514581272, 64.50199890136700276, 20.06000020980799903 ) ) ;
#10 = LINE ( 'NONE', #4168, #118 ) ;
#11 = CARTESIAN_POINT ( 'NONE',  ( 50.17123222318538467, 71.29409844330622548, 19.64821024899855573 ) ) ;
#12 = CARTESIAN_POINT ( 'NONE',  ( 2.497101309878189124, 7.698176481136446370, 24.06000020980799903 ) ) ;
#13 = EDGE_LOOP ( 'NONE', ( #513, #360, #3363, #1798 ) ) ;
#14 = DIRECTION ( 'NONE',  ( 0.9999999921568193395, -0.0001252452049413511459, -0.000000000000000000 ) ) ;
#15 = ORIENTED_EDGE ( 'NONE', *, *, #244, .F. ) ;
#16 = EDGE_CURVE ( 'NONE', #1070, #1041, #4101, .T. ) ;
#17 = CARTESIAN_POINT ( 'NONE',  ( 51.23534969786745563, 70.55977224772819056, 20.11480683244687384 ) ) ;
#18 = DIRECTION ( 'NONE',  ( -1.000000000000000000, 0.000000000000000000, 0.000000000000000000 ) ) ;
#19 = ORIENTED_EDGE ( 'NONE', *, *, #4809, .F. ) ;
#20 = ORIENTED_EDGE ( 'NONE', *, *, #585, .T. ) ;
#21 = FACE_BOUND ( 'NONE', #3229, .T. ) ;
#22 = CARTESIAN_POINT ( 'NONE',  ( 57.92297845623809849, 65.35476251475419929, 7.363924111712140785 ) ) ;
#23 = FACE_OUTER_BOUND ( 'NONE', #3119, .T. ) ;
#24 = CARTESIAN_POINT ( 'NONE',  ( -0.5000000000000004441, 54.03152911522300883, 3.099999999999999645 ) ) ;
#25 = CARTESIAN_POINT ( 'NONE',  ( 58.16477105709537909, 61.16683395590836625, 19.23249232841715539 ) ) ;
#26 = FACE_OUTER_BOUND ( 'NONE', #1441, .T. ) ;
#27 = CARTESIAN_POINT ( 'NONE',  ( 58.16223595873184848, 63.73671769808683507, 20.29448173898464702 ) ) ;
#28 = ORIENTED_EDGE ( 'NONE', *, *, #3852, .F. ) ;
#29 = ORIENTED_EDGE ( 'NONE', *, *, #2740, .F. ) ;
#30 = CARTESIAN_POINT ( 'NONE',  ( 58.20954007300225186, 63.36593598018118456, 8.271995367541485678 ) ) ;
#31 = CARTESIAN_POINT ( 'NONE',  ( 53.07027129593548409, 70.26346722062451988, 20.83954528252819571 ) ) ;
#32 = FILL_AREA_STYLE ('',( #4462 ) ) ;
#33 = B_SPLINE_CURVE_WITH_KNOTS ( 'NONE', 3,
 ( #1700, #1450, #344, #4452, #1867, #4057, #2236, #3831, #4769, #1401, #1053, #1501, #1839, #2893, #4403, #717, #1031, #3335, #2261, #1, #290, #2552, #690, #465, #1080, #2180, #2155, #3259 ),
 .UNSPECIFIED., .F., .F.,
 ( 4, 2, 2, 2, 2, 2, 2, 2, 2, 2, 2, 2, 2, 4 ),
 ( 4.906538933386797396E-18, 0.001525179709398375751, 0.002287769564097564060, 0.003050359418796753236, 0.003812949273495941545, 0.004575539128195130721, 0.005338128982894319030, 0.006100718837593507339, 0.006863308692292694781, 0.007625898546991883090, 0.009151078256390254503, 0.01067625796578862765, 0.01143884782048780989, 0.01220143767518699039 ),
 .UNSPECIFIED. ) ;
#34 = CARTESIAN_POINT ( 'NONE',  ( 51.75529693007700160, 71.41740679335366337, 19.80927129996278424 ) ) ;
#35 = EDGE_CURVE ( 'NONE', #490, #2413, #483, .T. ) ;
#36 = VECTOR ( 'NONE', #1617, 1000.000000000000000 ) ;
#37 = ORIENTED_EDGE ( 'NONE', *, *, #731, .F. ) ;
#38 = LINE ( 'NONE', #1465, #240 ) ;
#39 = VERTEX_POINT ( 'NONE', #1973 ) ;
#40 = DIRECTION ( 'NONE',  ( 0.9999999921568193395, -0.0001252452049413511459, -0.000000000000000000 ) ) ;
#41 = CARTESIAN_POINT ( 'NONE',  ( 59.66500089984057098, 73.00199890136700276, 25.66000020980800045 ) ) ;
#42 = CARTESIAN_POINT ( 'NONE',  ( 58.49537908745811166, 58.42494300499370752, 14.00436284018248756 ) ) ;
#43 = EDGE_CURVE ( 'NONE', #4794, #3879, #3177, .T. ) ;
#44 = AXIS2_PLACEMENT_3D ( 'NONE', #4638, #901, #534 ) ;
#45 = VECTOR ( 'NONE', #150, 1000.000000000000000 ) ;
#46 = EDGE_LOOP ( 'NONE', ( #168, #1621, #3284, #776 ) ) ;
#47 = ORIENTED_EDGE ( 'NONE', *, *, #2554, .F. ) ;
#48 = PLANE ( 'NONE',  #1052 ) ;
#49 = CARTESIAN_POINT ( 'NONE',  ( 58.51692153010808539, 65.57520166324079014, 8.186726838940208140 ) ) ;
#50 = CARTESIAN_POINT ( 'NONE',  ( 52.68094593598600994, 71.35705527792387670, 8.169180397836578678 ) ) ;
#51 = ADVANCED_FACE ( 'NONE', ( #3918, #4301 ), #2784, .F. ) ;
#52 = ORIENTED_EDGE ( 'NONE', *, *, #4839, .T. ) ;
#53 = CARTESIAN_POINT ( 'NONE',  ( 58.21464955242152683, 64.11367194460143537, 19.91785634800596227 ) ) ;
#54 = VECTOR ( 'NONE', #3880, 1000.000000000000000 ) ;
#55 = CARTESIAN_POINT ( 'NONE',  ( -0.5000000000000000000, 40.00000000000000000, -97.32438719255948456 ) ) ;
#56 = CARTESIAN_POINT ( 'NONE',  ( 57.88004634695189310, 65.72511221245520119, 20.13637429643030430 ) ) ;
#57 = EDGE_CURVE ( 'NONE', #895, #3451, #4683, .T. ) ;
#58 = PLANE ( 'NONE',  #3886 ) ;
#59 = DIRECTION ( 'NONE',  ( 0.000000000000000000, 0.000000000000000000, -1.000000000000000000 ) ) ;
#60 = CARTESIAN_POINT ( 'NONE',  ( 58.45830915000043149, 57.95730437642401256, 14.00436284018251776 ) ) ;
#61 = ORIENTED_EDGE ( 'NONE', *, *, #731, .T. ) ;
#62 = CARTESIAN_POINT ( 'NONE',  ( 52.65874330635161726, 4.000000000000003553, 25.66000020980800045 ) ) ;
#63 = ORIENTED_EDGE ( 'NONE', *, *, #2083, .T. ) ;
#64 = LINE ( 'NONE', #1566, #2934 ) ;
#65 = CARTESIAN_POINT ( 'NONE',  ( 11.82937165317581396, 13.39999999999999858, -4.219999790191999445 ) ) ;
#66 = DIRECTION ( 'NONE',  ( 0.000000000000000000, 0.000000000000000000, 1.000000000000000000 ) ) ;
#67 = ORIENTED_EDGE ( 'NONE', *, *, #4787, .F. ) ;
#68 = EDGE_LOOP ( 'NONE', ( #4470, #349, #1022, #3185 ) ) ;
#69 = CARTESIAN_POINT ( 'NONE',  ( 58.16445668472145769, 58.65677882806436116, 10.87512510155389478 ) ) ;
#70 = ADVANCED_FACE ( 'NONE', ( #3899 ), #3110, .F. ) ;
#71 = CARTESIAN_POINT ( 'NONE',  ( 58.66537963934280953, 65.64302519628365928, 8.191321999896398864 ) ) ;
#72 = CARTESIAN_POINT ( 'NONE',  ( 53.63486518469073872, 70.07826528440779157, 7.169180397836580454 ) ) ;
#73 = EDGE_LOOP ( 'NONE', ( #796, #4387 ) ) ;
#74 = CARTESIAN_POINT ( 'NONE',  ( 58.16428137362123607, 57.25703583286926346, 14.00436284018504907 ) ) ;
#75 = ADVANCED_FACE ( 'NONE', ( #2002, #4656 ), #139, .T. ) ;
#76 = LINE ( 'NONE', #147, #54 ) ;
#77 = CARTESIAN_POINT ( 'NONE',  ( 57.64711951256960276, 66.14921709603319755, 7.336159783101591003 ) ) ;
#78 = CARTESIAN_POINT ( 'NONE',  ( 56.59390463995091380, 67.97717918360888234, 20.50390300081772210 ) ) ;
#79 = CARTESIAN_POINT ( 'NONE',  ( 6.497000000221151872, 6.500000000008358647, -97.32438719255948456 ) ) ;
#80 = CARTESIAN_POINT ( 'NONE',  ( 27.48918334204437386, 96.81735529172993893, 11.56580769869921710 ) ) ;
#81 = CARTESIAN_POINT ( 'NONE',  ( 58.37980328559375209, 63.23833612059417675, 19.51870981455412135 ) ) ;
#82 = ORIENTED_EDGE ( 'NONE', *, *, #2318, .F. ) ;
#83 = FACE_OUTER_BOUND ( 'NONE', #1177, .T. ) ;
#84 = VERTEX_POINT ( 'NONE', #4635 ) ;
#85 = CARTESIAN_POINT ( 'NONE',  ( 51.26875922533947971, 70.50152781113065714, 20.75982627332665942 ) ) ;
#86 = DIRECTION ( 'NONE',  ( -0.000000000000000000, -0.000000000000000000, -1.000000000000000000 ) ) ;
#87 = CARTESIAN_POINT ( 'NONE',  ( 9.239999999999998437, 88.82403351242031420, 8.940000209807994480 ) ) ;
#88 = CARTESIAN_POINT ( 'NONE',  ( 15.22937165317582497, 16.80000000000000071, -4.219999790191999445 ) ) ;
#89 = ORIENTED_EDGE ( 'NONE', *, *, #4782, .T. ) ;
#90 = VERTEX_POINT ( 'NONE', #2760 ) ;
#91 = CARTESIAN_POINT ( 'NONE',  ( 52.28104718134468953, 71.07768263994168478, 8.168498081063736649 ) ) ;
#92 = CARTESIAN_POINT ( 'NONE',  ( 58.02580547737393601, 65.98030438203424808, 8.095314948921046749 ) ) ;
#93 = CARTESIAN_POINT ( 'NONE',  ( 59.66500089984057098, 63.00174841041823726, 9.135183540506183419 ) ) ;
#94 = ORIENTED_EDGE ( 'NONE', *, *, #328, .T. ) ;
#95 = EDGE_CURVE ( 'NONE', #1933, #4720, #994, .T. ) ;
#96 = ORIENTED_EDGE ( 'NONE', *, *, #1394, .T. ) ;
#97 = DIRECTION ( 'NONE',  ( -1.000000000000000000, 0.000000000000000000, 0.000000000000000000 ) ) ;
#98 = CARTESIAN_POINT ( 'NONE',  ( 56.59390465203077980, 67.97717916961748585, 7.504822678724052842 ) ) ;
#99 = CARTESIAN_POINT ( 'NONE',  ( 58.79185409707587695, 63.76578386101682128, 19.46310210266086216 ) ) ;
#100 = ADVANCED_FACE ( 'NONE', ( #2272 ), #3397, .F. ) ;
#101 = DIRECTION ( 'NONE',  ( -0.000000000000000000, 0.000000000000000000, -1.000000000000000000 ) ) ;
#102 = LINE ( 'NONE', #3097, #1619 ) ;
#103 = CARTESIAN_POINT ( 'NONE',  ( 11.82937165317581396, 13.39999999999999858, -5.219999790191999445 ) ) ;
#104 = DIRECTION ( 'NONE',  ( -0.9999999921568193395, 0.0001252452049413511459, 0.000000000000000000 ) ) ;
#105 = ORIENTED_EDGE ( 'NONE', *, *, #3852, .T. ) ;
#106 = CARTESIAN_POINT ( 'NONE',  ( 58.16500091023044661, 63.16870562477093642, 20.25591396579243408 ) ) ;
#107 = CARTESIAN_POINT ( 'NONE',  ( 51.84341997086424669, 70.74235333259731817, 19.91693769286061055 ) ) ;
#108 = CARTESIAN_POINT ( 'NONE',  ( 59.66500089984057098, 63.00174841041823726, 18.87354213985859985 ) ) ;
#109 = CARTESIAN_POINT ( 'NONE',  ( 58.11674125173876604, 64.42894024638884787, 7.368047021499684490 ) ) ;
#110 = AXIS2_PLACEMENT_3D ( 'NONE', #1044, #363, #387 ) ;
#111 = EDGE_CURVE ( 'NONE', #84, #3602, #522, .T. ) ;
#112 = DIRECTION ( 'NONE',  ( 0.000000000000000000, 0.000000000000000000, 1.000000000000000000 ) ) ;
#113 = VERTEX_POINT ( 'NONE', #1821 ) ;
#114 = AXIS2_PLACEMENT_3D ( 'NONE', #2583, #3391, #4458 ) ;
#115 = CARTESIAN_POINT ( 'NONE',  ( 51.43186794485225022, 70.49749245095961214, 7.541196087468398979 ) ) ;
#116 = CARTESIAN_POINT ( 'NONE',  ( 58.16474312473879138, 63.57807349360984972, 7.905775610446485580 ) ) ;
#117 = PLANE ( 'NONE',  #3796 ) ;
#118 = VECTOR ( 'NONE', #1607, 1000.000000000000114 ) ;
#119 = VECTOR ( 'NONE', #1541, 1000.000000000000000 ) ;
#120 = ORIENTED_EDGE ( 'NONE', *, *, #2017, .T. ) ;
#121 = ORIENTED_EDGE ( 'NONE', *, *, #4251, .T. ) ;
#122 = ORIENTED_EDGE ( 'NONE', *, *, #2077, .F. ) ;
#123 = ORIENTED_EDGE ( 'NONE', *, *, #1729, .F. ) ;
#124 = AXIS2_PLACEMENT_3D ( 'NONE', #2431, #567, #198 ) ;
#125 = CARTESIAN_POINT ( 'NONE',  ( 56.16351561351428501, 51.14307390121241070, 6.562614706595136127 ) ) ;
#126 = CARTESIAN_POINT ( 'NONE',  ( 55.67835346127368013, 68.91846490536482861, 20.67082587098171231 ) ) ;
#127 = AXIS2_PLACEMENT_3D ( 'NONE', #3386, #1527, #691 ) ;
#128 = DIRECTION ( 'NONE',  ( -0.0001252452049413511459, -0.9999999921568193395, 0.000000000000000000 ) ) ;
#129 = CARTESIAN_POINT ( 'NONE',  ( 58.87871636892872118, 63.26066974575188340, 19.27888723398198678 ) ) ;
#130 = EDGE_CURVE ( 'NONE', #113, #2225, #326, .T. ) ;
#131 = AXIS2_PLACEMENT_3D ( 'NONE', #4316, #4719, #4385 ) ;
#132 = LINE ( 'NONE', #1945, #3488 ) ;
#133 = ORIENTED_EDGE ( 'NONE', *, *, #1748, .F. ) ;
#134 = B_SPLINE_SURFACE_WITH_KNOTS ( 'NONE', 5, 3, ( 
 ( #4813, #2944, #2577, #4081, #2969, #4477, #4107, #742, #3359, #3737, #373 ),
 ( #4504, #2634, #4140, #3135, #555, #2743, #929, #2443, #533, #4325, #4659 ),
 ( #3548, #3112, #899, #4614, #1975, #2398, #2763, #115, #1228, #3083, #183 ),
 ( #508, #3946, #854, #4249, #1272, #1688, #3179, #4591, #2004, #2029, #3921 ),
 ( #4229, #4686, #2348, #4303, #3901, #4273, #1251, #3525, #1665, #3153, #2722 ),
 ( #876, #161, #1321, #91, #2372, #2420, #3873, #2811, #2788, #1956, #3853 ),
 ( #2051, #3504, #950, #3453, #486, #3475, #1594, #1297, #1622, #141, #1646 ),
 ( #4637, #1023, #3201, #4021, #2860, #1710, #2518, #2170, #1071, #2076, #4441 ) ),
 .UNSPECIFIED., .F., .F., .F.,
 ( 6, 2, 6 ),
 ( 4, 1, 1, 1, 1, 1, 1, 1, 4 ),
 ( 0.000000000000000000, 0.5000000000000000000, 1.000000000000000000 ),
 ( 0.000000000000000000, 0.0001017117812537664349, 0.0002542794531344161075, 0.0004577030156419489501, 0.0007628383594032482140, 0.001067973703164547478, 0.001271397265672080321, 0.001423964937552729898, 0.001525676718806496428 ),
 .UNSPECIFIED. ) ;
#135 = CARTESIAN_POINT ( 'NONE',  ( 51.30167298828889244, 71.08934165114446557, 19.79611410472868016 ) ) ;
#136 = EDGE_CURVE ( 'NONE', #825, #2447, #3221, .T. ) ;
#137 = FACE_OUTER_BOUND ( 'NONE', #68, .T. ) ;
#138 = PLANE ( 'NONE',  #1051 ) ;
#139 = PLANE ( 'NONE',  #4495 ) ;
#140 = EDGE_LOOP ( 'NONE', ( #4296, #4497, #1520, #1250 ) ) ;
#141 = CARTESIAN_POINT ( 'NONE',  ( 51.30396662926306561, 71.23775785398038352, 8.227837026294798406 ) ) ;
#142 = CARTESIAN_POINT ( 'NONE',  ( 31.50521378514581272, 70.50199890136700276, 20.06000020980799903 ) ) ;
#143 = CARTESIAN_POINT ( 'NONE',  ( 13.82937165317581574, 31.00199890019688098, -4.219999790191999445 ) ) ;
#144 = PRODUCT_CONTEXT ( 'NONE', #1081, 'mechanical' ) ;
#145 = VERTEX_POINT ( 'NONE', #359 ) ;
#146 = EDGE_LOOP ( 'NONE', ( #1735, #165, #3755, #2034 ) ) ;
#147 = CARTESIAN_POINT ( 'NONE',  ( 52.16058490552179450, 27.74356253348867796, 20.06000020980799903 ) ) ;
#148 = CARTESIAN_POINT ( 'NONE',  ( 57.49434875818254653, 66.51161634894302210, 7.336164560317803840 ) ) ;
#149 = CARTESIAN_POINT ( 'NONE',  ( 58.62483199136507750, 66.39179478359432096, 19.83954528252819927 ) ) ;
#150 = DIRECTION ( 'NONE',  ( -1.000000000000000000, -0.000000000000000000, -0.000000000000000000 ) ) ;
#151 = CARTESIAN_POINT ( 'NONE',  ( 50.66500089984057098, 73.00199890136700276, 25.66000020980800045 ) ) ;
#152 = CARTESIAN_POINT ( 'NONE',  ( 58.67422985937778179, 63.29506693255217442, 8.654236988252582918 ) ) ;
#153 = EDGE_CURVE ( 'NONE', #1995, #3035, #3371, .T. ) ;
#154 = ORIENTED_EDGE ( 'NONE', *, *, #1937, .F. ) ;
#155 = CARTESIAN_POINT ( 'NONE',  ( 51.83023190519740808, 70.47201514030018643, 20.81546532773329261 ) ) ;
#156 = DIRECTION ( 'NONE',  ( -1.000000000000000000, 0.000000000000000000, 0.000000000000000000 ) ) ;
#157 = CARTESIAN_POINT ( 'NONE',  ( 58.67139745845469889, 60.61962061338978458, 17.96389870475524120 ) ) ;
#158 = EDGE_CURVE ( 'NONE', #3574, #536, #38, .T. ) ;
#159 = VERTEX_POINT ( 'NONE', #2688 ) ;
#160 = ORIENTED_EDGE ( 'NONE', *, *, #4667, .F. ) ;
#161 = CARTESIAN_POINT ( 'NONE',  ( 52.48034882189378436, 71.05804912331615242, 8.169126599433379710 ) ) ;
#162 = CARTESIAN_POINT ( 'NONE',  ( 59.66500089984057098, 64.00199890136701697, 8.718746501914507618 ) ) ;
#163 = LINE ( 'NONE', #3624, #4424 ) ;
#164 = DIRECTION ( 'NONE',  ( -0.0001252452049432801042, -0.9999999921568192285, 0.000000000000000000 ) ) ;
#165 = ORIENTED_EDGE ( 'NONE', *, *, #1067, .F. ) ;
#166 = VECTOR ( 'NONE', #405, 1000.000000000000000 ) ;
#167 = ORIENTED_EDGE ( 'NONE', *, *, #3306, .T. ) ;
#168 = ORIENTED_EDGE ( 'NONE', *, *, #1094, .F. ) ;
#169 = LINE ( 'NONE', #4692, #4600 ) ;
#170 = CARTESIAN_POINT ( 'NONE',  ( 9.239999999999998437, 73.00199890136700276, 13.14000020980799377 ) ) ;
#171 = CARTESIAN_POINT ( 'NONE',  ( 52.67901859963019717, 71.02446620180542425, 19.83917626078576646 ) ) ;
#172 = DIRECTION ( 'NONE',  ( 0.000000000000000000, 0.000000000000000000, -1.000000000000000000 ) ) ;
#173 = DIRECTION ( 'NONE',  ( -0.000000000000000000, 0.000000000000000000, -1.000000000000000000 ) ) ;
#174 = CARTESIAN_POINT ( 'NONE',  ( 58.47151033651862662, 63.26117404613835760, 19.45259178905281772 ) ) ;
#175 = ORIENTED_EDGE ( 'NONE', *, *, #4317, .T. ) ;
#176 = CARTESIAN_POINT ( 'NONE',  ( 53.82499999999999574, 23.16500000000000270, 24.06000020980799903 ) ) ;
#177 = CARTESIAN_POINT ( 'NONE',  ( 51.19465547588598042, 70.50199890136700276, 20.75062723004374732 ) ) ;
#178 = DIRECTION ( 'NONE',  ( -1.000000000000000000, 0.000000000000000000, 0.000000000000000000 ) ) ;
#179 = EDGE_CURVE ( 'NONE', #3785, #1611, #1853, .T. ) ;
#180 = CARTESIAN_POINT ( 'NONE',  ( 44.88442743750671582, 70.50199890136703118, 9.493631519999489399 ) ) ;
#181 = DIRECTION ( 'NONE',  ( -0.9999999886852481978, 0.0001504310587799637762, 0.000000000000000000 ) ) ;
#182 = VERTEX_POINT ( 'NONE', #3693 ) ;
#183 = CARTESIAN_POINT ( 'NONE',  ( 51.19851811450893564, 70.50194876834976299, 7.563005719409656713 ) ) ;
#184 = AXIS2_PLACEMENT_3D ( 'NONE', #1882, #3697, #2221 ) ;
#185 = CARTESIAN_POINT ( 'NONE',  ( 59.66500089984057098, 64.00199890136701697, 4.558666876474661400 ) ) ;
#186 = EDGE_CURVE ( 'NONE', #2919, #3756, #868, .T. ) ;
#187 = DIRECTION ( 'NONE',  ( 0.000000000000000000, 0.000000000000000000, 1.000000000000000000 ) ) ;
#188 = ORIENTED_EDGE ( 'NONE', *, *, #3044, .F. ) ;
#189 = EDGE_LOOP ( 'NONE', ( #1093, #2863, #3146, #491 ) ) ;
#190 = ORIENTED_EDGE ( 'NONE', *, *, #3735, .F. ) ;
#191 = CARTESIAN_POINT ( 'NONE',  ( 57.70327097885007106, 66.00238647880726717, 7.336159783123561873 ) ) ;
#192 = ADVANCED_FACE ( 'NONE', ( #3320 ), #4826, .T. ) ;
#193 = AXIS2_PLACEMENT_3D ( 'NONE', #3058, #386, #1122 ) ;
#194 = CARTESIAN_POINT ( 'NONE',  ( 58.00442840758707064, 67.68787096633604961, 19.83954528252819216 ) ) ;
#195 = AXIS2_PLACEMENT_3D ( 'NONE', #1800, #3974, #608 ) ;
#196 = CARTESIAN_POINT ( 'NONE',  ( 9.176050581058618150, 29.17316163251585692, -0.7709996074473568495 ) ) ;
#197 = FACE_OUTER_BOUND ( 'NONE', #365, .T. ) ;
#198 = DIRECTION ( 'NONE',  ( 0.0001060570958347216463, 0.9999999943759462218, 0.000000000000000000 ) ) ;
#199 = EDGE_CURVE ( 'NONE', #1860, #538, #1120, .T. ) ;
#200 = CARTESIAN_POINT ( 'NONE',  ( 58.24929759373526394, 63.18142327830710059, 8.325180879967476244 ) ) ;
#201 = AXIS2_PLACEMENT_3D ( 'NONE', #1311, #3260, #4384 ) ;
#202 = ORIENTED_EDGE ( 'NONE', *, *, #4281, .T. ) ;
#203 = AXIS2_PLACEMENT_3D ( 'NONE', #4053, #1132, #2574 ) ;
#204 = CARTESIAN_POINT ( 'NONE',  ( 52.34160844869625606, 70.70928654038766581, 19.91535496394148552 ) ) ;
#205 = CARTESIAN_POINT ( 'NONE',  ( 52.11171059673235817, 71.08821580436782028, 19.83790987561607366 ) ) ;
#206 = CARTESIAN_POINT ( 'NONE',  ( 5.497101275933933273, 7.697725187960106297, 20.06000020980799903 ) ) ;
#207 = CARTESIAN_POINT ( 'NONE',  ( 50.03912240452658722, 70.50199890136700276, 20.33935000441567453 ) ) ;
#208 = CARTESIAN_POINT ( 'NONE',  ( 44.06299852227481750, 70.81860831651152921, 11.68546207218328625 ) ) ;
#209 = ORIENTED_EDGE ( 'NONE', *, *, #1543, .F. ) ;
#210 = CARTESIAN_POINT ( 'NONE',  ( 40.82937165317581929, 59.60199890136700418, -4.219999790191999445 ) ) ;
#211 = CARTESIAN_POINT ( 'NONE',  ( -0.5000000000000004441, 39.99999999997785949, 2.093597337056900543 ) ) ;
#212 = FACE_BOUND ( 'NONE', #1060, .T. ) ;
#213 = ORIENTED_EDGE ( 'NONE', *, *, #1229, .F. ) ;
#214 = ORIENTED_EDGE ( 'NONE', *, *, #4694, .T. ) ;
#215 = ADVANCED_FACE ( 'NONE', ( #4560 ), #4092, .T. ) ;
#216 = DIRECTION ( 'NONE',  ( -0.000000000000000000, -0.000000000000000000, 1.000000000000000000 ) ) ;
#217 = CARTESIAN_POINT ( 'NONE',  ( 59.66500089984057098, 64.00199890136701697, 19.28997917845028098 ) ) ;
#218 = EDGE_CURVE ( 'NONE', #920, #1396, #757, .T. ) ;
#219 = CARTESIAN_POINT ( 'NONE',  ( 55.77737747900620491, 70.07313644623496884, 19.83954528252819927 ) ) ;
#220 = DIRECTION ( 'NONE',  ( -1.156482317317871725E-16, -1.000000000000000000, 0.000000000000000000 ) ) ;
#221 = DIRECTION ( 'NONE',  ( -0.000000000000000000, 0.000000000000000000, 1.000000000000000000 ) ) ;
#222 = CARTESIAN_POINT ( 'NONE',  ( 57.78211852415540051, 4.233433371420169955, 17.11827776459854533 ) ) ;
#223 = LINE ( 'NONE', #4295, #656 ) ;
#224 = VERTEX_POINT ( 'NONE', #3347 ) ;
#225 = CARTESIAN_POINT ( 'NONE',  ( 34.97599999999999909, 67.89399999999999125, 24.06000020980799903 ) ) ;
#226 = DIRECTION ( 'NONE',  ( -0.000000000000000000, 0.000000000000000000, 1.000000000000000000 ) ) ;
#227 = DIRECTION ( 'NONE',  ( -1.000000000000000000, 0.000000000000000000, 0.000000000000000000 ) ) ;
#228 = CARTESIAN_POINT ( 'NONE',  ( 49.98412649777843342, 70.50199890136700276, 20.61542035161337694 ) ) ;
#229 = CARTESIAN_POINT ( 'NONE',  ( 43.29327715414592603, 70.75871208973350690, 14.68078350726687731 ) ) ;
#230 = ORIENTED_EDGE ( 'NONE', *, *, #35, .F. ) ;
#231 = LINE ( 'NONE', #3599, #2633 ) ;
#232 = DIRECTION ( 'NONE',  ( -5.328173078638958666E-05, -0.9999999985805286817, -0.000000000000000000 ) ) ;
#233 = VERTEX_POINT ( 'NONE', #1564 ) ;
#234 = ORIENTED_EDGE ( 'NONE', *, *, #199, .T. ) ;
#235 = CARTESIAN_POINT ( 'NONE',  ( -0.5005768726879823438, 29.17316163251585692, 2.869023291571487277 ) ) ;
#236 = CARTESIAN_POINT ( 'NONE',  ( 53.95714366095458558, 70.84254317951031510, 19.83954528252763083 ) ) ;
#237 = EDGE_CURVE ( 'NONE', #4084, #979, #4854, .T. ) ;
#238 = CARTESIAN_POINT ( 'NONE',  ( 58.16500091023044661, 63.00205899257918674, 20.20271662048031658 ) ) ;
#239 = DIRECTION ( 'NONE',  ( 0.000000000000000000, -1.000000000000000000, 1.400657527907609919E-16 ) ) ;
#240 = VECTOR ( 'NONE', #14, 1000.000000000000114 ) ;
#241 = DIRECTION ( 'NONE',  ( 0.0001252452049413511459, 0.9999999921568193395, 0.000000000000000000 ) ) ;
#242 = CARTESIAN_POINT ( 'NONE',  ( 57.58641821667081473, 3.726601384387322469, 17.10808233706979209 ) ) ;
#243 =( BOUNDED_SURFACE ( )  B_SPLINE_SURFACE ( 2, 3, ( 
 ( #930, #4709, #3549, #1689 ),
 ( #2421, #3922, #556, #2834 ),
 ( #1711, #2812, #185, #1342 ) ),
 .UNSPECIFIED., .F., .F., .F. ) 
 B_SPLINE_SURFACE_WITH_KNOTS ( ( 3, 3 ),
 ( 4, 4 ),
 ( 0.000000000000000000, 1.000000000000000000 ),
 ( -0.001544000000000000017, 0.03242399999999999449 ),
 .UNSPECIFIED. ) 
 GEOMETRIC_REPRESENTATION_ITEM ( )  RATIONAL_B_SPLINE_SURFACE ( (
 ( 1.000000000000000000, 1.000000000000000000, 1.000000000000000000, 1.000000000000000000),
 ( 0.7071067811865474617, 0.7071067811865474617, 0.7071067811865474617, 0.7071067811865474617),
 ( 1.000000000000000000, 1.000000000000000000, 1.000000000000000000, 1.000000000000000000) ) ) 
 REPRESENTATION_ITEM ( '' )  SURFACE ( )  );
#244 = EDGE_CURVE ( 'NONE', #2902, #1884, #3461, .T. ) ;
#245 = EDGE_CURVE ( 'NONE', #1191, #3398, #4488, .T. ) ;
#246 = ORIENTED_EDGE ( 'NONE', *, *, #3460, .F. ) ;
#247 = CARTESIAN_POINT ( 'NONE',  ( 55.15938241195432568, 18.14226012717588787, 24.06000020980799903 ) ) ;
#248 = CARTESIAN_POINT ( 'NONE',  ( 51.38167074245728827, 71.24230567866946728, 19.78780671798476831 ) ) ;
#249 = LINE ( 'NONE', #206, #265 ) ;
#250 = CARTESIAN_POINT ( 'NONE',  ( 47.78111774901276476, 70.50199890136700276, 19.84722065813626912 ) ) ;
#251 = EDGE_CURVE ( 'NONE', #3390, #1001, #870, .T. ) ;
#252 = CARTESIAN_POINT ( 'NONE',  ( 44.29576451590815367, 70.83697606859479379, 11.37963068008559731 ) ) ;
#253 = ORIENTED_EDGE ( 'NONE', *, *, #701, .F. ) ;
#254 = CARTESIAN_POINT ( 'NONE',  ( -0.5010752253450554417, 19.81999969483235446, -4.219999790191996780 ) ) ;
#255 = CYLINDRICAL_SURFACE ( 'NONE', #195, 2.999999999999999112 ) ;
#256 = CARTESIAN_POINT ( 'NONE',  ( 27.48918334204437386, 96.81735529172993893, 19.98580769869922236 ) ) ;
#257 = EDGE_CURVE ( 'NONE', #4720, #1041, #1451, .T. ) ;
#258 = EDGE_LOOP ( 'NONE', ( #1154, #411, #2354, #3650, #47 ) ) ;
#259 = ORIENTED_EDGE ( 'NONE', *, *, #1352, .F. ) ;
#260 = VECTOR ( 'NONE', #232, 999.9999999999998863 ) ;
#261 = DIRECTION ( 'NONE',  ( -1.000000000000000000, -0.000000000000000000, -0.000000000000000000 ) ) ;
#262 = CARTESIAN_POINT ( 'NONE',  ( 53.62433284838819247, 70.39621409788598783, 19.91510309957928371 ) ) ;
#263 = VECTOR ( 'NONE', #1590, 1000.000000000000000 ) ;
#264 = CARTESIAN_POINT ( 'NONE',  ( 45.82937165317581218, 54.60199890136700418, -4.219999790191999445 ) ) ;
#265 = VECTOR ( 'NONE', #1706, 1000.000000000000000 ) ;
#266 = CARTESIAN_POINT ( 'NONE',  ( -0.5000000000000000000, 40.00000000000000000, -97.32438719255948456 ) ) ;
#267 = DIRECTION ( 'NONE',  ( 0.000000000000000000, 0.000000000000000000, 1.000000000000000000 ) ) ;
#268 = CARTESIAN_POINT ( 'NONE',  ( 57.21945482503221569, 2.998746388445924005, 16.13758113637645053 ) ) ;
#269 = AXIS2_PLACEMENT_3D ( 'NONE', #2018, #499, #4218 ) ;
#270 = ORIENTED_EDGE ( 'NONE', *, *, #2855, .F. ) ;
#271 = EDGE_CURVE ( 'NONE', #2572, #2622, #4583, .T. ) ;
#272 = CARTESIAN_POINT ( 'NONE',  ( 58.16500091023044661, 62.80364115399313363, 7.876516860010322141 ) ) ;
#273 = VECTOR ( 'NONE', #1327, 1000.000000000000000 ) ;
#274 = CARTESIAN_POINT ( 'NONE',  ( 52.50940774630418417, 71.05465767978813574, 19.83917626326093142 ) ) ;
#275 = VECTOR ( 'NONE', #4770, 1000.000000000000000 ) ;
#276 = CARTESIAN_POINT ( 'NONE',  ( 48.01512530595974226, 71.01992778341059420, 19.22786014789111420 ) ) ;
#277 = AXIS2_PLACEMENT_3D ( 'NONE', #1280, #3815, #97 ) ;
#278 = CARTESIAN_POINT ( 'NONE',  ( 44.43588044556460659, 70.84788990623297877, 16.77719280042431649 ) ) ;
#279 = VERTEX_POINT ( 'NONE', #618 ) ;
#280 = EDGE_CURVE ( 'NONE', #3528, #2557, #2060, .T. ) ;
#281 = CARTESIAN_POINT ( 'NONE',  ( 55.16020914637743289, 27.74318682140340186, 24.06000020980799903 ) ) ;
#282 = DIRECTION ( 'NONE',  ( 0.000000000000000000, -0.000000000000000000, 1.000000000000000000 ) ) ;
#283 = LINE ( 'NONE', #1414, #4355 ) ;
#284 = CARTESIAN_POINT ( 'NONE',  ( 57.94507431926463425, 4.783719162147407999, 15.50401179562974896 ) ) ;
#285 = VERTEX_POINT ( 'NONE', #3846 ) ;
#286 = ORIENTED_EDGE ( 'NONE', *, *, #3072, .F. ) ;
#287 = DIRECTION ( 'NONE',  ( 0.000000000000000000, 0.000000000000000000, 1.000000000000000000 ) ) ;
#288 = CARTESIAN_POINT ( 'NONE',  ( -0.5000000000000000000, 71.60199890136701129, -97.32438719255948456 ) ) ;
#289 = CARTESIAN_POINT ( 'NONE',  ( 58.16475556414849279, 61.04313305809046142, 19.43634199968752796 ) ) ;
#290 = CARTESIAN_POINT ( 'NONE',  ( 4.074744984680204851, 70.07406942867757493, 12.17659066693295244 ) ) ;
#291 = CARTESIAN_POINT ( 'NONE',  ( 56.16364085871922640, 52.14307389336923393, 21.56261470659513080 ) ) ;
#292 = CARTESIAN_POINT ( 'NONE',  ( 57.71366164341846883, 65.97556361461202812, 20.83954528183398480 ) ) ;
#293 = ORIENTED_EDGE ( 'NONE', *, *, #3127, .F. ) ;
#294 = ORIENTED_EDGE ( 'NONE', *, *, #666, .F. ) ;
#295 = CARTESIAN_POINT ( 'NONE',  ( 58.91122975935693518, 63.67148321488397045, 8.604806305781737663 ) ) ;
#296 = CARTESIAN_POINT ( 'NONE',  ( 45.82937165317581218, 54.60199890136700418, -4.219999790191999445 ) ) ;
#297 = DIRECTION ( 'NONE',  ( 0.9999999921568193395, -0.0001252452049413511459, 0.000000000000000000 ) ) ;
#298 = DIRECTION ( 'NONE',  ( 0.0001252452049432801042, 0.9999999921568192285, 0.000000000000000000 ) ) ;
#299 = CARTESIAN_POINT ( 'NONE',  ( 45.40541197593750411, 70.92311269178223654, 17.85516571540719966 ) ) ;
#300 = ADVANCED_FACE ( 'NONE', ( #83 ), #1379, .F. ) ;
#301 = B_SPLINE_CURVE_WITH_KNOTS ( 'NONE', 3,
 ( #487, #3505, #609, #3289 ),
 .UNSPECIFIED., .F., .F.,
 ( 4, 4 ),
 ( 0.000000000000000000, 1.000000000000000000 ),
 .UNSPECIFIED. ) ;
#302 = CARTESIAN_POINT ( 'NONE',  ( 45.86106049390850359, 70.95867455588813755, 17.98699107176314627 ) ) ;
#303 = ORIENTED_EDGE ( 'NONE', *, *, #3666, .T. ) ;
#304 = CARTESIAN_POINT ( 'NONE',  ( 58.16371285902569355, 52.71782339844950371, 10.98761470659512618 ) ) ;
#305 = DIRECTION ( 'NONE',  ( 0.000000000000000000, 0.000000000000000000, -1.000000000000000000 ) ) ;
#306 = LINE ( 'NONE', #4805, #2383 ) ;
#307 = DIRECTION ( 'NONE',  ( -1.000000000000000000, 0.000000000000000000, 0.000000000000000000 ) ) ;
#308 = EDGE_CURVE ( 'NONE', #279, #2273, #4803, .T. ) ;
#309 = ORIENTED_EDGE ( 'NONE', *, *, #2328, .T. ) ;
#310 = ORIENTED_EDGE ( 'NONE', *, *, #666, .T. ) ;
#311 = LINE ( 'NONE', #4863, #4678 ) ;
#312 = CARTESIAN_POINT ( 'NONE',  ( 52.85734776187002382, 71.32301154129645226, 8.169180397836578678 ) ) ;
#313 = CARTESIAN_POINT ( 'NONE',  ( 58.16509474833939208, 63.75129412908334103, 20.43742869524175632 ) ) ;
#314 = CARTESIAN_POINT ( 'NONE',  ( 42.42937165317579939, 13.39999999999999503, -5.219999790191999445 ) ) ;
#315 = CARTESIAN_POINT ( 'NONE',  ( -0.5029999997788460186, 7.024939767562881521, -97.32438719255948456 ) ) ;
#316 = CARTESIAN_POINT ( 'NONE',  ( 58.16474312473879849, 63.57807349360987104, 20.10295006991830746 ) ) ;
#317 = ORIENTED_EDGE ( 'NONE', *, *, #3828, .F. ) ;
#318 = VERTEX_POINT ( 'NONE', #1587 ) ;
#319 = LINE ( 'NONE', #1817, #1446 ) ;
#320 = CARTESIAN_POINT ( 'NONE',  ( 35.24955394561818167, 67.50199890136700276, 0.000000000000000000 ) ) ;
#321 = CARTESIAN_POINT ( 'NONE',  ( 59.66500089984057098, 63.00174841041823726, 9.135183540506183419 ) ) ;
#322 = CARTESIAN_POINT ( 'NONE',  ( -2.000000000000000000, 54.03152911522300883, 3.099999999999999645 ) ) ;
#323 = CARTESIAN_POINT ( 'NONE',  ( 59.58672918829064002, 2.998495322200925628, 16.00696896420205917 ) ) ;
#324 = AXIS2_PLACEMENT_3D ( 'NONE', #1620, #181, #4323 ) ;
#325 = CARTESIAN_POINT ( 'NONE',  ( 52.68094593598600284, 71.35705527792387670, 19.83954528252819571 ) ) ;
#326 = LINE ( 'NONE', #3774, #166 ) ;
#327 = EDGE_LOOP ( 'NONE', ( #4465, #2192, #2886, #4700 ) ) ;
#328 = EDGE_CURVE ( 'NONE', #2403, #4657, #3981, .T. ) ;
#329 = CARTESIAN_POINT ( 'NONE',  ( 50.66500089984056387, 73.00199890136700276, -5.219999790191999445 ) ) ;
#330 = CARTESIAN_POINT ( 'NONE',  ( 15.22937165317581787, 13.39999999999999858, -4.219999790191999445 ) ) ;
#331 = CARTESIAN_POINT ( 'NONE',  ( 13.82937165317581574, 31.00199890019688098, -5.219999790191999445 ) ) ;
#332 = FACE_OUTER_BOUND ( 'NONE', #4446, .T. ) ;
#333 = ORIENTED_EDGE ( 'NONE', *, *, #158, .F. ) ;
#334 = ORIENTED_EDGE ( 'NONE', *, *, #2530, .T. ) ;
#335 = EDGE_CURVE ( 'NONE', #906, #3152, #1516, .T. ) ;
#336 = VECTOR ( 'NONE', #2036, 1000.000000000000000 ) ;
#337 = CARTESIAN_POINT ( 'NONE',  ( 52.16058490552179450, 27.74356253348867796, 20.06000020980799903 ) ) ;
#338 = CARTESIAN_POINT ( 'NONE',  ( 57.45964642186670801, 67.22466740088606230, 8.096308838144638642 ) ) ;
#339 = CARTESIAN_POINT ( 'NONE',  ( 59.66500089984057098, 64.00199890136701697, 8.718746501914507618 ) ) ;
#340 = AXIS2_PLACEMENT_3D ( 'NONE', #4047, #4468, #3351 ) ;
#341 = CARTESIAN_POINT ( 'NONE',  ( 58.16444038453987275, 58.52663267714281403, 10.55547718667304302 ) ) ;
#342 = CARTESIAN_POINT ( 'NONE',  ( 58.16444019275443367, 58.52510139763640495, 10.55437342365414821 ) ) ;
#343 = EDGE_CURVE ( 'NONE', #606, #3919, #1948, .T. ) ;
#344 = CARTESIAN_POINT ( 'NONE',  ( 5.639698090108370643, 70.45880071270579492, 19.08809363678783200 ) ) ;
#345 = DIRECTION ( 'NONE',  ( -0.000000000000000000, -0.000000000000000000, 1.000000000000000000 ) ) ;
#346 = AXIS2_PLACEMENT_3D ( 'NONE', #3724, #3672, #3401 ) ;
#347 = CARTESIAN_POINT ( 'NONE',  ( 58.02583451689569216, 65.98021924490009837, 19.91341231450281768 ) ) ;
#348 = ORIENTED_EDGE ( 'NONE', *, *, #913, .T. ) ;
#349 = ORIENTED_EDGE ( 'NONE', *, *, #3186, .T. ) ;
#350 = VECTOR ( 'NONE', #1467, 1000.000000000000000 ) ;
#351 = DIRECTION ( 'NONE',  ( -0.000000000000000000, -0.000000000000000000, -1.000000000000000000 ) ) ;
#352 = EDGE_CURVE ( 'NONE', #1611, #1193, #847, .T. ) ;
#353 = CARTESIAN_POINT ( 'NONE',  ( 58.16500091023048213, 63.23415319588544747, 20.14202256178454320 ) ) ;
#354 = FACE_OUTER_BOUND ( 'NONE', #1547, .T. ) ;
#355 = CARTESIAN_POINT ( 'NONE',  ( 2.007000000000000117, 11.75999999999999979, 24.06000020980799903 ) ) ;
#356 = CIRCLE ( 'NONE', #4835, 1.000000000000004219 ) ;
#357 = CARTESIAN_POINT ( 'NONE',  ( 51.27479443691992600, 71.38000303812485470, 19.76041582307890465 ) ) ;
#358 = VECTOR ( 'NONE', #4389, 1000.000000000000000 ) ;
#359 = CARTESIAN_POINT ( 'NONE',  ( 4.999999999999997335, 73.00199890136700276, -5.219999790191999445 ) ) ;
#360 = ORIENTED_EDGE ( 'NONE', *, *, #770, .T. ) ;
#361 = AXIS2_PLACEMENT_3D ( 'NONE', #2262, #3282, #4082 ) ;
#362 = CARTESIAN_POINT ( 'NONE',  ( 59.66500089984057098, 64.00199890136701697, 8.718746501914507618 ) ) ;
#363 = DIRECTION ( 'NONE',  ( 0.000000000000000000, 0.000000000000000000, -1.000000000000000000 ) ) ;
#364 = VECTOR ( 'NONE', #1326, 1000.000000000000000 ) ;
#365 = EDGE_LOOP ( 'NONE', ( #4807, #2396, #3274, #1938 ) ) ;
#366 = VERTEX_POINT ( 'NONE', #3190 ) ;
#367 = MECHANICAL_DESIGN_GEOMETRIC_PRESENTATION_REPRESENTATION (  '', ( #1218 ), #2149 ) ;
#368 = CARTESIAN_POINT ( 'NONE',  ( 59.66391019973956134, 52.71766429187547942, 17.13761470659513009 ) ) ;
#369 = CARTESIAN_POINT ( 'NONE',  ( 57.87682223283520244, 67.57542136444693881, 8.169180397837921603 ) ) ;
#370 = CARTESIAN_POINT ( 'NONE',  ( -0.5010752253450554417, 19.81999969483235446, -4.219999790191996780 ) ) ;
#371 = ADVANCED_FACE ( 'NONE', ( #4738 ), #479, .T. ) ;
#372 = CARTESIAN_POINT ( 'NONE',  ( 58.16512663072984424, 64.00585389608860964, 7.655306510983698409 ) ) ;
#373 = CARTESIAN_POINT ( 'NONE',  ( 51.16500091023043950, 70.50199890136700276, 7.261870608852968090 ) ) ;
#374 = CARTESIAN_POINT ( 'NONE',  ( 50.66500089984056387, 73.00199890136700276, -5.219999790191999445 ) ) ;
#375 = CARTESIAN_POINT ( 'NONE',  ( 58.47993708270447399, 66.30322790208859374, 19.83954528252819927 ) ) ;
#376 = EDGE_LOOP ( 'NONE', ( #1752, #133, #1792, #1255 ) ) ;
#377 = ADVANCED_FACE ( 'NONE', ( #1329 ), #3468, .F. ) ;
#378 = ORIENTED_EDGE ( 'NONE', *, *, #1988, .T. ) ;
#379 = CARTESIAN_POINT ( 'NONE',  ( 58.16500091023044661, 63.42874243010695778, 7.808187798142981251 ) ) ;
#380 = DIRECTION ( 'NONE',  ( -1.000000000000000000, 0.000000000000000000, 0.000000000000000000 ) ) ;
#381 = DIRECTION ( 'NONE',  ( -0.000000000000000000, -0.000000000000000000, -1.000000000000000000 ) ) ;
#382 = CARTESIAN_POINT ( 'NONE',  ( 56.16351561351428501, 51.14307390121241070, 6.562614706595136127 ) ) ;
#383 = CYLINDRICAL_SURFACE ( 'NONE', #4815, 3.400000000000000355 ) ;
#384 = CARTESIAN_POINT ( 'NONE',  ( 52.09487488148652545, 70.45170868850711088, 20.83954528252819571 ) ) ;
#385 = VERTEX_POINT ( 'NONE', #2480 ) ;
#386 = DIRECTION ( 'NONE',  ( -0.000000000000000000, 0.000000000000000000, 1.000000000000000000 ) ) ;
#387 = DIRECTION ( 'NONE',  ( -1.000000000000000000, 0.000000000000000000, 0.000000000000000000 ) ) ;
#388 = VERTEX_POINT ( 'NONE', #1244 ) ;
#389 = ORIENTED_EDGE ( 'NONE', *, *, #2982, .F. ) ;
#390 = DIRECTION ( 'NONE',  ( 0.000000000000000000, 0.000000000000000000, -1.000000000000000000 ) ) ;
#391 = CARTESIAN_POINT ( 'NONE',  ( 54.89799487977479231, 70.24323270686730325, 8.169073369350153158 ) ) ;
#392 = DIRECTION ( 'NONE',  ( 1.000000000000000000, 0.000000000000000000, 0.000000000000000000 ) ) ;
#393 = VERTEX_POINT ( 'NONE', #3233 ) ;
#394 = CARTESIAN_POINT ( 'NONE',  ( 58.16499695584741403, 62.97048587117680540, 19.94687359247083336 ) ) ;
#395 = CYLINDRICAL_SURFACE ( 'NONE', #361, 5.835182442345811182 ) ;
#396 = EDGE_CURVE ( 'NONE', #1396, #1650, #2209, .T. ) ;
#397 = CARTESIAN_POINT ( 'NONE',  ( 57.80168102486734227, 65.95019275043158302, 20.13438381956893508 ) ) ;
#398 = VERTEX_POINT ( 'NONE', #2126 ) ;
#399 = ORIENTED_EDGE ( 'NONE', *, *, #2524, .T. ) ;
#400 = LINE ( 'NONE', #3714, #2231 ) ;
#401 = CARTESIAN_POINT ( 'NONE',  ( 58.16339035262296875, 50.14282341864570469, 6.562614706595136127 ) ) ;
#402 = EDGE_CURVE ( 'NONE', #90, #279, #2154, .T. ) ;
#403 =( NAMED_UNIT ( * ) SI_UNIT ( $, .STERADIAN. ) SOLID_ANGLE_UNIT ( ) );
#404 = ORIENTED_EDGE ( 'NONE', *, *, #1961, .T. ) ;
#405 = DIRECTION ( 'NONE',  ( 0.0001504310587799664867, 0.9999999886852481978, 0.000000000000000000 ) ) ;
#406 = VERTEX_POINT ( 'NONE', #264 ) ;
#407 = CARTESIAN_POINT ( 'NONE',  ( 51.27479443691992600, 71.38000303812485470, 19.76041582307890465 ) ) ;
#408 = EDGE_CURVE ( 'NONE', #279, #4866, #1012, .T. ) ;
#409 = DIRECTION ( 'NONE',  ( 1.000000000000000000, -0.000000000000000000, 0.000000000000000000 ) ) ;
#410 = DIRECTION ( 'NONE',  ( 1.000000000000000000, 0.000000000000000000, 0.000000000000000000 ) ) ;
#411 = ORIENTED_EDGE ( 'NONE', *, *, #1087, .T. ) ;
#412 = ORIENTED_EDGE ( 'NONE', *, *, #3361, .T. ) ;
#413 = ADVANCED_FACE ( 'NONE', ( #2994 ), #2179, .T. ) ;
#414 = CARTESIAN_POINT ( 'NONE',  ( 58.00871071757250519, 66.03041622867841909, 8.096246776841631743 ) ) ;
#415 = CARTESIAN_POINT ( 'NONE',  ( 52.67901857999771664, 71.02446614048410822, 8.169549399100466403 ) ) ;
#416 = ORIENTED_EDGE ( 'NONE', *, *, #708, .F. ) ;
#417 = CARTESIAN_POINT ( 'NONE',  ( 58.48630324639197653, 59.15930319897309886, 16.98330874841731841 ) ) ;
#418 = ORIENTED_EDGE ( 'NONE', *, *, #4548, .F. ) ;
#419 = VECTOR ( 'NONE', #2019, 1000.000000000000000 ) ;
#420 = CYLINDRICAL_SURFACE ( 'NONE', #4832, 1.000000000000004219 ) ;
#421 = CARTESIAN_POINT ( 'NONE',  ( 58.79787345309761548, 64.67221696929695440, 19.67647144852351104 ) ) ;
#422 = APPLICATION_CONTEXT ( 'automotive_design' ) ;
#423 = CARTESIAN_POINT ( 'NONE',  ( -2.000000000000000000, 41.64646394823500231, 3.100000000000000977 ) ) ;
#424 = CARTESIAN_POINT ( 'NONE',  ( 59.65874326698324381, 3.999257600329181095, 25.66000020980800045 ) ) ;
#425 = LINE ( 'NONE', #322, #1448 ) ;
#426 = LINE ( 'NONE', #4191, #419 ) ;
#427 = VECTOR ( 'NONE', #178, 1000.000000000000000 ) ;
#428 = EDGE_CURVE ( 'NONE', #490, #606, #4724, .T. ) ;
#429 = VERTEX_POINT ( 'NONE', #2550 ) ;
#430 = B_SPLINE_CURVE_WITH_KNOTS ( 'NONE', 3,
 ( #1744, #1332, #1015, #962, #2528, #2455, #3261, #222, #4360, #3960, #242, #2483, #597, #2089, #2895, #2507, #3990, #4010, #642, #268 ),
 .UNSPECIFIED., .F., .F.,
 ( 4, 2, 2, 2, 2, 2, 2, 2, 2, 4 ),
 ( 3.576224061345498009E-18, 0.0004059626059328054503, 0.0008119252118656073228, 0.001217887817798409033, 0.001623850423731210959, 0.002029813029664011368, 0.002435775635596812427, 0.002841738241529613487, 0.003044719544496011197, 0.003247700847462408908 ),
 .UNSPECIFIED. ) ;
#431 = CARTESIAN_POINT ( 'NONE',  ( 15.22937165317581787, 13.39999999999999858, -4.219999790191999445 ) ) ;
#432 = ORIENTED_EDGE ( 'NONE', *, *, #919, .T. ) ;
#433 = LINE ( 'NONE', #3399, #119 ) ;
#434 = VECTOR ( 'NONE', #2929, 1000.000000000000000 ) ;
#435 = DIRECTION ( 'NONE',  ( 0.000000000000000000, 1.000000000000000000, -1.050493145930707254E-16 ) ) ;
#436 = LINE ( 'NONE', #87, #36 ) ;
#437 = VECTOR ( 'NONE', #4838, 1000.000000000000000 ) ;
#438 = ADVANCED_FACE ( 'NONE', ( #3358 ), #1238, .T. ) ;
#439 = AXIS2_PLACEMENT_3D ( 'NONE', #79, #3073, #1918 ) ;
#440 = VERTEX_POINT ( 'NONE', #1584 ) ;
#441 = ORIENTED_EDGE ( 'NONE', *, *, #3374, .F. ) ;
#442 = CARTESIAN_POINT ( 'NONE',  ( 43.66533067949024627, 70.50199890136698855, 10.89173466123338052 ) ) ;
#443 = CARTESIAN_POINT ( 'NONE',  ( 57.99168810557077336, 65.35317885442776742, 7.887415282879485900 ) ) ;
#444 = CARTESIAN_POINT ( 'NONE',  ( 56.10511646833479915, 68.49627235679002979, 7.169180397836580454 ) ) ;
#445 = VECTOR ( 'NONE', #1163, 1000.000000000000000 ) ;
#446 = SHAPE_DEFINITION_REPRESENTATION ( #4307, #2654 ) ;
#447 = ORIENTED_EDGE ( 'NONE', *, *, #2792, .F. ) ;
#448 = CARTESIAN_POINT ( 'NONE',  ( 58.38034651674987430, 63.95838230585643203, 19.66675405477712602 ) ) ;
#449 = AXIS2_PLACEMENT_3D ( 'NONE', #4102, #736, #1496 ) ;
#450 = PLANE ( 'NONE',  #4052 ) ;
#451 = CARTESIAN_POINT ( 'NONE',  ( 57.14949997041444618, 67.16463695821937563, 20.83954528252819571 ) ) ;
#452 = CARTESIAN_POINT ( 'NONE',  ( 53.85813892135542602, 72.41650242656422165, 8.169180397836585783 ) ) ;
#453 = DIRECTION ( 'NONE',  ( -9.663106532212572051E-19, -8.696578037582960129E-19, -1.000000000000000000 ) ) ;
#454 = CARTESIAN_POINT ( 'NONE',  ( 55.57500000000000284, 23.16500000000000270, 29.00974767811383614 ) ) ;
#455 = B_SPLINE_CURVE_WITH_KNOTS ( 'NONE', 3,
 ( #4776, #323, #1850, #2953, #2246, #1066, #1116, #2644, #3346, #4513 ),
 .UNSPECIFIED., .F., .F.,
 ( 4, 2, 2, 2, 4 ),
 ( 0.001566376277879802468, 0.001957594507308622628, 0.002348812736737442789, 0.002740030966166262950, 0.003131249195595083110 ),
 .UNSPECIFIED. ) ;
#456 = ORIENTED_EDGE ( 'NONE', *, *, #4460, .F. ) ;
#457 = CARTESIAN_POINT ( 'NONE',  ( 58.16500091023044661, 63.33535226306898380, 20.30908967576461421 ) ) ;
#458 = EDGE_LOOP ( 'NONE', ( #1075, #4596, #2545, #2364, #1628, #3508, #3553 ) ) ;
#459 = CARTESIAN_POINT ( 'NONE',  ( 51.23534969786745563, 70.55977224772819056, 20.11480683244687384 ) ) ;
#460 = CARTESIAN_POINT ( 'NONE',  ( -0.5000000000000004441, 54.03152911522300883, -0.5999999999999994227 ) ) ;
#461 = EDGE_CURVE ( 'NONE', #1395, #3446, #3227, .T. ) ;
#462 = DIRECTION ( 'NONE',  ( 1.000000000000000000, 0.000000000000000000, -0.000000000000000000 ) ) ;
#463 = ORIENTED_EDGE ( 'NONE', *, *, #2361, .T. ) ;
#464 = EDGE_LOOP ( 'NONE', ( #4100, #404, #1629, #4808, #2425, #1980, #4169, #4155 ) ) ;
#465 = CARTESIAN_POINT ( 'NONE',  ( 5.448843252051549513, 70.42508600960654519, 10.37604375998958872 ) ) ;
#466 = CARTESIAN_POINT ( 'NONE',  ( 58.79551067192868885, 63.82429486690673315, 8.530107802980291254 ) ) ;
#467 = EDGE_CURVE ( 'NONE', #4034, #4772, #3304, .T. ) ;
#468 = CARTESIAN_POINT ( 'NONE',  ( 0.000000000000000000, 64.50199890136700276, 0.000000000000000000 ) ) ;
#469 = EDGE_CURVE ( 'NONE', #2749, #3574, #2212, .T. ) ;
#470 = ORIENTED_EDGE ( 'NONE', *, *, #251, .T. ) ;
#471 = CARTESIAN_POINT ( 'NONE',  ( 58.16510380726742113, 63.82362366015745181, 7.840375443904113339 ) ) ;
#472 = CARTESIAN_POINT ( 'NONE',  ( 58.15800094435959267, 6.500000000008358647, 25.66000020980800045 ) ) ;
#473 = CARTESIAN_POINT ( 'NONE',  ( 56.56672063370758963, 68.00677538338821648, 7.169180397836582230 ) ) ;
#474 = CARTESIAN_POINT ( 'NONE',  ( 52.64580440541435991, 70.34538496130475949, 20.83954528252819571 ) ) ;
#475 = DIRECTION ( 'NONE',  ( 1.000000000000000000, 0.000000000000000000, 0.000000000000000000 ) ) ;
#476 = CARTESIAN_POINT ( 'NONE',  ( 59.81808957813683492, 77.78032365880054044, 19.83954528252819571 ) ) ;
#477 = CARTESIAN_POINT ( 'NONE',  ( 59.66391019973956134, 52.71766429187547942, 17.13761470659513009 ) ) ;
#478 = EDGE_LOOP ( 'NONE', ( #546, #286, #1034, #3980 ) ) ;
#479 = PLANE ( 'NONE',  #4572 ) ;
#480 = CARTESIAN_POINT ( 'NONE',  ( 51.22772694005470129, 70.50180810934526221, 20.44865826090662964 ) ) ;
#481 = CARTESIAN_POINT ( 'NONE',  ( 59.66462710069715314, 59.47723985782515399, 16.00671609090456471 ) ) ;
#482 = CARTESIAN_POINT ( 'NONE',  ( 58.59678109817433977, 59.70360364265533093, 17.09010662555228777 ) ) ;
#483 = LINE ( 'NONE', #3081, #4570 ) ;
#484 = ORIENTED_EDGE ( 'NONE', *, *, #2042, .F. ) ;
#485 = ADVANCED_FACE ( 'NONE', ( #4545, #332 ), #1858, .T. ) ;
#486 = CARTESIAN_POINT ( 'NONE',  ( 52.17231452477147968, 71.24226628896305158, 8.173646246164254947 ) ) ;
#487 = CARTESIAN_POINT ( 'NONE',  ( 58.91941307459048005, 63.77488110958142187, 19.43209232902868422 ) ) ;
#488 = DIRECTION ( 'NONE',  ( -0.000000000000000000, -0.000000000000000000, 1.000000000000000000 ) ) ;
#489 = EDGE_LOOP ( 'NONE', ( #4232, #1356, #2928, #4227 ) ) ;
#490 = VERTEX_POINT ( 'NONE', #4126 ) ;
#491 = ORIENTED_EDGE ( 'NONE', *, *, #2961, .F. ) ;
#492 = ORIENTED_EDGE ( 'NONE', *, *, #2125, .T. ) ;
#493 = EDGE_CURVE ( 'NONE', #4507, #3925, #2300, .T. ) ;
#494 = CARTESIAN_POINT ( 'NONE',  ( 52.15938243548386311, 18.14263586279071205, 24.06000020980799903 ) ) ;
#495 = CARTESIAN_POINT ( 'NONE',  ( 52.84624291645526029, 70.38728046032970553, 20.13839550894358510 ) ) ;
#496 = EDGE_CURVE ( 'NONE', #2557, #2572, #3870, .T. ) ;
#497 = DIRECTION ( 'NONE',  ( -0.000000000000000000, -0.000000000000000000, -1.000000000000000000 ) ) ;
#498 = CARTESIAN_POINT ( 'NONE',  ( 58.37196256314862097, 63.61670277089438486, 19.58380610015404955 ) ) ;
#499 = DIRECTION ( 'NONE',  ( -0.000000000000000000, -0.000000000000000000, -1.000000000000000000 ) ) ;
#500 = VERTEX_POINT ( 'NONE', #88 ) ;
#501 = CARTESIAN_POINT ( 'NONE',  ( 52.38234498854375687, 70.39569956082532087, 20.51059164311615035 ) ) ;
#502 = CARTESIAN_POINT ( 'NONE',  ( 56.16339036830934361, 50.14307390905558748, 6.562614706595136127 ) ) ;
#503 = CARTESIAN_POINT ( 'NONE',  ( 58.56187758940400556, 59.25327308210116684, 16.52619324667224632 ) ) ;
#504 = AXIS2_PLACEMENT_3D ( 'NONE', #4072, #2959, #4467 ) ;
#505 = CARTESIAN_POINT ( 'NONE',  ( -0.5028986561775566910, 7.698627774312786443, 24.06000020980799903 ) ) ;
#506 = EDGE_LOOP ( 'NONE', ( #1815, #463, #4489, #4480 ) ) ;
#507 = AXIS2_PLACEMENT_3D ( 'NONE', #4166, #101, #475 ) ;
#508 = CARTESIAN_POINT ( 'NONE',  ( 52.29907334666048513, 70.48945234607197108, 7.869778087516803744 ) ) ;
#509 = CARTESIAN_POINT ( 'NONE',  ( 58.66774617922063584, 64.44626553851577455, 8.351846927025565748 ) ) ;
#510 = DIRECTION ( 'NONE',  ( 1.000000000000000000, 0.000000000000000000, -0.000000000000000000 ) ) ;
#511 = ORIENTED_EDGE ( 'NONE', *, *, #1609, .T. ) ;
#512 = VERTEX_POINT ( 'NONE', #2216 ) ;
#513 = ORIENTED_EDGE ( 'NONE', *, *, #1955, .T. ) ;
#514 = VECTOR ( 'NONE', #4450, 1000.000000000000000 ) ;
#515 = CIRCLE ( 'NONE', #201, 7.000000000000000000 ) ;
#516 = LINE ( 'NONE', #3837, #4370 ) ;
#517 = CARTESIAN_POINT ( 'NONE',  ( 59.58672918829065424, 2.998495322200926072, 16.26831878655968922 ) ) ;
#518 = CARTESIAN_POINT ( 'NONE',  ( 51.16500091023044661, 70.50199890136700276, 7.261870608852968090 ) ) ;
#519 = EDGE_CURVE ( 'NONE', #1650, #1933, #2565, .T. ) ;
#520 = AXIS2_PLACEMENT_3D ( 'NONE', #2256, #390, #1886 ) ;
#521 = CARTESIAN_POINT ( 'NONE',  ( 55.15975814756914986, 21.14226010364634334, 24.06000020980799903 ) ) ;
#522 = B_SPLINE_CURVE_WITH_KNOTS ( 'NONE', 3,
 ( #727, #3797, #384, #780 ),
 .UNSPECIFIED., .F., .F.,
 ( 4, 4 ),
 ( 0.000000000000000000, 1.000000000000000000 ),
 .UNSPECIFIED. ) ;
#523 = CARTESIAN_POINT ( 'NONE',  ( 58.21148210619868024, 63.66264461190019830, 19.81467266215297229 ) ) ;
#524 = CARTESIAN_POINT ( 'NONE',  ( 58.88303959199936344, 63.31529457091224344, 8.712839831315218220 ) ) ;
#525 = EDGE_CURVE ( 'NONE', #1035, #1537, #1536, .T. ) ;
#526 = ORIENTED_EDGE ( 'NONE', *, *, #2471, .F. ) ;
#527 = CARTESIAN_POINT ( 'NONE',  ( 52.06574246379361171, 70.44500923032484252, 20.82964011905686874 ) ) ;
#528 = CYLINDRICAL_SURFACE ( 'NONE', #2702, 7.000000000000000000 ) ;
#529 = CARTESIAN_POINT ( 'NONE',  ( 59.47055411063475105, 65.92623093604986195, 19.78339005653763039 ) ) ;
#530 = ORIENTED_EDGE ( 'NONE', *, *, #2328, .F. ) ;
#531 = ORIENTED_EDGE ( 'NONE', *, *, #857, .F. ) ;
#532 = CARTESIAN_POINT ( 'NONE',  ( 50.66500089984056387, 73.00199890136700276, 8.766239674848929297 ) ) ;
#533 = CARTESIAN_POINT ( 'NONE',  ( 51.28467026199011514, 70.50128794896383511, 7.400904817798589441 ) ) ;
#534 = DIRECTION ( 'NONE',  ( -1.000000000000000000, 0.000000000000000000, 0.000000000000000000 ) ) ;
#535 = CARTESIAN_POINT ( 'NONE',  ( 15.22937165317582497, 9.999999999999991118, -4.219999790191999445 ) ) ;
#536 = VERTEX_POINT ( 'NONE', #1118 ) ;
#537 = VERTEX_POINT ( 'NONE', #2535 ) ;
#538 = VERTEX_POINT ( 'NONE', #2613 ) ;
#539 = CARTESIAN_POINT ( 'NONE',  ( -2.000000000000000000, 20.20700443249032219, -0.7709996074473568495 ) ) ;
#540 = CARTESIAN_POINT ( 'NONE',  ( 57.65854536804658892, 66.12116021544048294, 7.503318446054604074 ) ) ;
#541 = CARTESIAN_POINT ( 'NONE',  ( 52.38234498854375687, 70.39569956082532087, 20.51059164311615035 ) ) ;
#542 = EDGE_CURVE ( 'NONE', #4278, #1854, #4655, .T. ) ;
#543 = CARTESIAN_POINT ( 'NONE',  ( 59.66500089984057098, 64.00199890136701697, 27.20400020980800093 ) ) ;
#544 = CARTESIAN_POINT ( 'NONE',  ( 58.86860992509181756, 63.13297272006296623, 19.23569347027251908 ) ) ;
#545 = CARTESIAN_POINT ( 'NONE',  ( 58.20876353897394040, 63.14680651299900660, 19.78368446893885491 ) ) ;
#546 = ORIENTED_EDGE ( 'NONE', *, *, #4760, .T. ) ;
#547 = EDGE_CURVE ( 'NONE', #385, #1598, #426, .T. ) ;
#548 = CARTESIAN_POINT ( 'NONE',  ( 5.497101275933933273, 7.697725187960106297, 24.06000020980799903 ) ) ;
#549 = CARTESIAN_POINT ( 'NONE',  ( 51.40200195377174452, 70.49856503828365817, 20.77529704544846112 ) ) ;
#550 = CARTESIAN_POINT ( 'NONE',  ( -2.000000000000000000, 41.64646394823500231, 1.250000000000000000 ) ) ;
#551 = CARTESIAN_POINT ( 'NONE',  ( 45.00445603811022011, 70.50199890136701697, 18.36624689785310949 ) ) ;
#552 = ORIENTED_EDGE ( 'NONE', *, *, #95, .T. ) ;
#553 = ORIENTED_EDGE ( 'NONE', *, *, #1067, .T. ) ;
#554 = EDGE_CURVE ( 'NONE', #1585, #3785, #3517, .T. ) ;
#555 = CARTESIAN_POINT ( 'NONE',  ( 52.03287307009840390, 70.44904890569704037, 7.342057159518933673 ) ) ;
#556 = CARTESIAN_POINT ( 'NONE',  ( 59.66500089984057809, 73.00199890136700276, 4.558666876474660512 ) ) ;
#557 = FACE_BOUND ( 'NONE', #623, .T. ) ;
#558 = ORIENTED_EDGE ( 'NONE', *, *, #130, .T. ) ;
#559 = ORIENTED_EDGE ( 'NONE', *, *, #3544, .F. ) ;
#560 = ORIENTED_EDGE ( 'NONE', *, *, #2168, .T. ) ;
#561 = EDGE_CURVE ( 'NONE', #4309, #398, #4386, .T. ) ;
#562 = DIRECTION ( 'NONE',  ( -0.0001504310587799664867, -0.9999999886852481978, 0.000000000000000000 ) ) ;
#563 = CARTESIAN_POINT ( 'NONE',  ( 57.63556871284364291, 66.17715573200058543, 7.169180397836581342 ) ) ;
#564 = CARTESIAN_POINT ( 'NONE',  ( 57.33839487991684081, 68.65031488082260580, 19.83954528252820637 ) ) ;
#565 = CARTESIAN_POINT ( 'NONE',  ( 51.16500091023044661, 63.50199890136699565, -4.219999790191996780 ) ) ;
#566 = CARTESIAN_POINT ( 'NONE',  ( 57.95042697721189739, 65.27510553166136731, 20.79977195779558130 ) ) ;
#567 = DIRECTION ( 'NONE',  ( 0.9999999943759462218, -0.0001060570958313862745, 0.000000000000000000 ) ) ;
#568 = CYLINDRICAL_SURFACE ( 'NONE', #3100, 1.849999999999999423 ) ;
#569 = AXIS2_PLACEMENT_3D ( 'NONE', #1169, #4580, #845 ) ;
#570 = EDGE_LOOP ( 'NONE', ( #3057, #4024, #2206, #3456 ) ) ;
#571 = VECTOR ( 'NONE', #3092, 1000.000000000000000 ) ;
#572 = CARTESIAN_POINT ( 'NONE',  ( 59.66500089984057098, 64.00199890136701697, 8.718746501914507618 ) ) ;
#573 = CARTESIAN_POINT ( 'NONE',  ( 27.48918334204437386, 73.00199890136700276, 11.56580769869921710 ) ) ;
#574 = CARTESIAN_POINT ( 'NONE',  ( 43.82937165200567620, 31.00199890136701342, -4.219999790191999445 ) ) ;
#575 = CARTESIAN_POINT ( 'NONE',  ( 50.14128376437559353, 70.72254412686335456, 19.82067933667391912 ) ) ;
#576 = EDGE_CURVE ( 'NONE', #3348, #657, #223, .T. ) ;
#577 = AXIS2_PLACEMENT_3D ( 'NONE', #3115, #4616, #2745 ) ;
#578 = CARTESIAN_POINT ( 'NONE',  ( 49.26032927088704128, 71.22405233387630119, 19.41594169770116451 ) ) ;
#579 = ORIENTED_EDGE ( 'NONE', *, *, #1485, .T. ) ;
#580 = FACE_OUTER_BOUND ( 'NONE', #3668, .T. ) ;
#581 = CARTESIAN_POINT ( 'NONE',  ( 16.82937165317581218, 59.60199890136700418, -4.219999790191999445 ) ) ;
#582 = VECTOR ( 'NONE', #1195, 1000.000000000000114 ) ;
#583 = CARTESIAN_POINT ( 'NONE',  ( -0.5000000000000000000, 63.50199890136699565, 25.66000020980799334 ) ) ;
#584 = DIRECTION ( 'NONE',  ( -1.000000000000000000, 0.000000000000000000, 0.000000000000000000 ) ) ;
#585 = EDGE_CURVE ( 'NONE', #2936, #1428, #2912, .T. ) ;
#586 = CIRCLE ( 'NONE', #663, 3.000000000000000000 ) ;
#587 = EDGE_LOOP ( 'NONE', ( #3962, #4399, #29, #720 ) ) ;
#588 = ORIENTED_EDGE ( 'NONE', *, *, #4189, .T. ) ;
#589 = FACE_OUTER_BOUND ( 'NONE', #4112, .T. ) ;
#590 = AXIS2_PLACEMENT_3D ( 'NONE', #2977, #1509, #1920 ) ;
#591 = VECTOR ( 'NONE', #4334, 1000.000000000000000 ) ;
#592 = CARTESIAN_POINT ( 'NONE',  ( 57.10631893719560281, 68.40467802230187999, 19.83957989671650779 ) ) ;
#593 = CIRCLE ( 'NONE', #1696, 2.000000000000005329 ) ;
#594 = DIRECTION ( 'NONE',  ( 0.000000000000000000, -0.000000000000000000, -1.000000000000000000 ) ) ;
#595 = DIRECTION ( 'NONE',  ( 1.000000000000000000, 0.000000000000000000, 0.000000000000000000 ) ) ;
#596 = DIRECTION ( 'NONE',  ( 0.000000000000000000, 0.000000000000000000, -1.000000000000000000 ) ) ;
#597 = CARTESIAN_POINT ( 'NONE',  ( 57.42967722153139931, 3.389258001257742237, 16.94076340237312905 ) ) ;
#598 = AXIS2_PLACEMENT_3D ( 'NONE', #2148, #3276, #1806 ) ;
#599 = ORIENTED_EDGE ( 'NONE', *, *, #4723, .T. ) ;
#600 = AXIS2_PLACEMENT_3D ( 'NONE', #2469, #699, #4275 ) ;
#601 = DIRECTION ( 'NONE',  ( -1.000000000000000000, 0.000000000000000000, -0.000000000000000000 ) ) ;
#602 = CARTESIAN_POINT ( 'NONE',  ( 27.48918334204437386, 70.50199890136700276, 3.145807698699213617 ) ) ;
#603 = DIRECTION ( 'NONE',  ( 0.000000000000000000, 0.000000000000000000, -1.000000000000000000 ) ) ;
#604 = CARTESIAN_POINT ( 'NONE',  ( 51.19853696937646959, 70.50199890136700276, 20.44555055951665778 ) ) ;
#605 = CARTESIAN_POINT ( 'NONE',  ( 43.90135384702902854, 70.80603310777108561, 16.05387758816537058 ) ) ;
#606 = VERTEX_POINT ( 'NONE', #170 ) ;
#607 = EDGE_CURVE ( 'NONE', #2986, #972, #2012, .T. ) ;
#608 = DIRECTION ( 'NONE',  ( 0.000000000000000000, 1.000000000000000000, -8.673617243826547534E-16 ) ) ;
#609 = CARTESIAN_POINT ( 'NONE',  ( 58.88551360431750226, 65.58886927996243799, 19.83954528252819571 ) ) ;
#610 = LINE ( 'NONE', #1712, #1525 ) ;
#611 = ORIENTED_EDGE ( 'NONE', *, *, #3772, .F. ) ;
#612 = ORIENTED_EDGE ( 'NONE', *, *, #402, .T. ) ;
#613 = EDGE_CURVE ( 'NONE', #2079, #964, #3070, .T. ) ;
#614 = CARTESIAN_POINT ( 'NONE',  ( 6.497000000221151872, 6.500000000008358647, 25.66000020980799334 ) ) ;
#615 = CARTESIAN_POINT ( 'NONE',  ( 57.26988955940023374, 67.10848405508032499, 7.874508662151946226 ) ) ;
#616 = DIRECTION ( 'NONE',  ( 1.000000000000000000, 0.000000000000000000, 0.000000000000000000 ) ) ;
#617 = B_SPLINE_CURVE_WITH_KNOTS ( 'NONE', 3,
 ( #329, #3800, #759, #4517, #4829, #4152, #1490, #2958, #1149, #803, #4071, #705 ),
 .UNSPECIFIED., .F., .F.,
 ( 4, 2, 2, 2, 2, 4 ),
 ( 0.000000000000000000, 0.2500000000000005551, 0.5000000000000011102, 0.6250000000000007772, 0.7500000000000005551, 1.000000000000000000 ),
 .UNSPECIFIED. ) ;
#618 = CARTESIAN_POINT ( 'NONE',  ( 58.16500091023044661, 63.50199890136699565, -4.219999790191996780 ) ) ;
#619 = CARTESIAN_POINT ( 'NONE',  ( 57.69235310622322999, 66.03057029831590796, 20.83954528252819571 ) ) ;
#620 = CARTESIAN_POINT ( 'NONE',  ( 58.16371285902569355, 52.71782339844950371, -97.32438719255948456 ) ) ;
#621 = CARTESIAN_POINT ( 'NONE',  ( 9.239999999999998437, 73.00199890136700276, 14.64000020980799910 ) ) ;
#622 = CARTESIAN_POINT ( 'NONE',  ( 59.65874326698324381, 3.999257600329181095, 17.13758083999599435 ) ) ;
#623 = EDGE_LOOP ( 'NONE', ( #1429, #2993, #190, #4677 ) ) ;
#624 = CARTESIAN_POINT ( 'NONE',  ( 52.43712666973161163, 70.38565761629652684, 20.67534739234906027 ) ) ;
#625 = EDGE_CURVE ( 'NONE', #145, #3496, #1984, .T. ) ;
#626 = CARTESIAN_POINT ( 'NONE',  ( 52.40809388517951106, 71.06709010677235483, 19.83998475311173593 ) ) ;
#627 = CARTESIAN_POINT ( 'NONE',  ( 5.000000000000000000, 4.000000000000000000, 25.66000020980800045 ) ) ;
#628 = FACE_OUTER_BOUND ( 'NONE', #1901, .T. ) ;
#629 = CARTESIAN_POINT ( 'NONE',  ( 43.71735469797622642, 70.79175820188676482, 12.28101238297209008 ) ) ;
#630 = ORIENTED_EDGE ( 'NONE', *, *, #2947, .T. ) ;
#631 = DIRECTION ( 'NONE',  ( 1.000000000000000000, 0.000000000000000000, 0.000000000000000000 ) ) ;
#632 = CARTESIAN_POINT ( 'NONE',  ( 57.96411878788077843, 4.862998609135987138, 15.61693497970108702 ) ) ;
#633 = EDGE_LOOP ( 'NONE', ( #3215, #1599 ) ) ;
#634 = ORIENTED_EDGE ( 'NONE', *, *, #3968, .T. ) ;
#635 = DIRECTION ( 'NONE',  ( 1.000000000000000000, -0.000000000000000000, -0.000000000000000000 ) ) ;
#636 = CARTESIAN_POINT ( 'NONE',  ( 40.82937165317581929, 59.60199890136700418, -4.219999790191999445 ) ) ;
#637 = ADVANCED_FACE ( 'NONE', ( #862 ), #2427, .F. ) ;
#638 = CARTESIAN_POINT ( 'NONE',  ( 58.16498590684884817, 62.88226692941671558, 20.19192762238157002 ) ) ;
#639 = CARTESIAN_POINT ( 'NONE',  ( 58.16498546488887911, 62.87873817174631341, 20.20172978357800631 ) ) ;
#640 = CARTESIAN_POINT ( 'NONE',  ( 50.66500089984057098, 73.00199890136700276, 27.20400020980800093 ) ) ;
#641 = DIRECTION ( 'NONE',  ( -1.000000000000000000, 1.156482317317871478E-16, 0.000000000000000000 ) ) ;
#642 = CARTESIAN_POINT ( 'NONE',  ( 57.21945482503241465, 2.998746388446317912, 16.20558991210293343 ) ) ;
#643 = CARTESIAN_POINT ( 'NONE',  ( 59.65484906651241204, 3.736878021666381500, 17.11162738219993784 ) ) ;
#644 = ADVANCED_FACE ( 'NONE', ( #4236 ), #3862, .T. ) ;
#645 = AXIS2_PLACEMENT_3D ( 'NONE', #3151, #3871, #4612 ) ;
#646 = ORIENTED_EDGE ( 'NONE', *, *, #554, .T. ) ;
#647 = LINE ( 'NONE', #3913, #4590 ) ;
#648 = CARTESIAN_POINT ( 'NONE',  ( 51.16500091023044661, 63.50199890136699565, 25.66000020980799334 ) ) ;
#649 = PLANE ( 'NONE',  #3019 ) ;
#650 = CARTESIAN_POINT ( 'NONE',  ( 50.09960827110744219, 70.55132696240275436, 7.973490693203090451 ) ) ;
#651 = CARTESIAN_POINT ( 'NONE',  ( 48.30845193391591863, 71.14914657245840601, 19.14014003459141122 ) ) ;
#652 = EDGE_LOOP ( 'NONE', ( #63, #2371 ) ) ;
#653 = CARTESIAN_POINT ( 'NONE',  ( 58.16468631309191295, 60.49020924777477859, 18.93217180101177277 ) ) ;
#654 = DIRECTION ( 'NONE',  ( 1.000000000000000000, 0.000000000000000000, 0.000000000000000000 ) ) ;
#655 = DIRECTION ( 'NONE',  ( -0.000000000000000000, -1.000000000000000000, -0.000000000000000000 ) ) ;
#656 = VECTOR ( 'NONE', #3538, 1000.000000000000000 ) ;
#657 = VERTEX_POINT ( 'NONE', #3302 ) ;
#658 = EDGE_LOOP ( 'NONE', ( #792, #4012, #3866, #3997, #1324, #511, #530, #3518, #2637, #3383 ) ) ;
#659 = AXIS2_PLACEMENT_3D ( 'NONE', #4574, #4258, #2729 ) ;
#660 = DIRECTION ( 'NONE',  ( 0.000000000000000000, 0.000000000000000000, -1.000000000000000000 ) ) ;
#661 = CARTESIAN_POINT ( 'NONE',  ( 52.76834968851185437, 71.17390285332200506, 19.83954528252726135 ) ) ;
#662 = CARTESIAN_POINT ( 'NONE',  ( 58.16475616003097571, 61.04789078496896337, 8.580224052643556476 ) ) ;
#663 = AXIS2_PLACEMENT_3D ( 'NONE', #3218, #3542, #3174 ) ;
#664 = DIRECTION ( 'NONE',  ( 0.000000000000000000, 0.000000000000000000, -1.000000000000000000 ) ) ;
#665 = CARTESIAN_POINT ( 'NONE',  ( 58.88303959199936344, 63.31529457091224344, 8.712839831315218220 ) ) ;
#666 = EDGE_CURVE ( 'NONE', #2264, #4429, #4509, .T. ) ;
#667 = CYLINDRICAL_SURFACE ( 'NONE', #3978, 3.000000000000000444 ) ;
#668 = B_SPLINE_CURVE_WITH_KNOTS ( 'NONE', 3,
 ( #3763, #1502, #4505, #1137 ),
 .UNSPECIFIED., .F., .F.,
 ( 4, 4 ),
 ( 0.7937169355130271331, 1.000000000000000000 ),
 .UNSPECIFIED. ) ;
#669 = ORIENTED_EDGE ( 'NONE', *, *, #4634, .T. ) ;
#670 = EDGE_LOOP ( 'NONE', ( #209, #1981, #3200, #746, #2885, #389 ) ) ;
#671 = CARTESIAN_POINT ( 'NONE',  ( 58.21148210619868024, 63.66264461190017698, 8.194053018211818085 ) ) ;
#672 = AXIS2_PLACEMENT_3D ( 'NONE', #3138, #1553, #4180 ) ;
#673 = CARTESIAN_POINT ( 'NONE',  ( 51.70607823061647679, 71.09855492062490612, 19.82344242142963964 ) ) ;
#674 = ADVANCED_FACE ( 'NONE', ( #4134, #23 ), #4527, .F. ) ;
#675 = AXIS2_PLACEMENT_3D ( 'NONE', #3930, #267, #3588 ) ;
#676 = CARTESIAN_POINT ( 'NONE',  ( 52.16058490552179450, 27.74356253348868151, 24.06000020980799903 ) ) ;
#677 = DIRECTION ( 'NONE',  ( 1.000000000000000000, 0.000000000000000000, 0.000000000000000000 ) ) ;
#678 = AXIS2_PLACEMENT_3D ( 'NONE', #337, #1831, #1443 ) ;
#679 = CARTESIAN_POINT ( 'NONE',  ( 48.01433377470392116, 71.12620733205250190, 8.969803829475599954 ) ) ;
#680 = ORIENTED_EDGE ( 'NONE', *, *, #2854, .F. ) ;
#681 = B_SPLINE_CURVE_WITH_KNOTS ( 'NONE', 5,
 ( #1943, #1636, #4577, #3124, #4625, #842, #3514, #1166 ),
 .UNSPECIFIED., .F., .F.,
 ( 6, 2, 6 ),
 ( 0.000000000000000000, 0.5000000000000000000, 1.000000000000000000 ),
 .UNSPECIFIED. ) ;
#682 = LINE ( 'NONE', #3249, #434 ) ;
#683 = DIRECTION ( 'NONE',  ( 0.000000000000000000, 0.000000000000000000, -1.000000000000000000 ) ) ;
#684 = CARTESIAN_POINT ( 'NONE',  ( -0.5000000000000002220, 39.99999999997785949, 0.4064026629430845250 ) ) ;
#685 = ORIENTED_EDGE ( 'NONE', *, *, #2974, .T. ) ;
#686 = EDGE_LOOP ( 'NONE', ( #3530, #4827, #3055, #3118 ) ) ;
#687 = CARTESIAN_POINT ( 'NONE',  ( 58.13964099279696995, 64.17807445957016910, 7.436049401964949901 ) ) ;
#688 = CARTESIAN_POINT ( 'NONE',  ( 52.76834966928667114, 71.17390281329717538, 8.169180397835646090 ) ) ;
#689 = CARTESIAN_POINT ( 'NONE',  ( 58.16498546488885779, 62.87873817173984747, 7.806995896788664346 ) ) ;
#690 = CARTESIAN_POINT ( 'NONE',  ( 4.903792205943211080, 70.32756724007072080, 10.90582314643601691 ) ) ;
#691 = DIRECTION ( 'NONE',  ( -0.000000000000000000, 0.000000000000000000, 1.000000000000000000 ) ) ;
#692 = CARTESIAN_POINT ( 'NONE',  ( 58.74765224337474478, 65.18027170760775846, 19.76375001075314231 ) ) ;
#693 = ORIENTED_EDGE ( 'NONE', *, *, #3660, .F. ) ;
#694 = EDGE_CURVE ( 'NONE', #3398, #233, #3477, .T. ) ;
#695 = ORIENTED_EDGE ( 'NONE', *, *, #1074, .F. ) ;
#696 = CARTESIAN_POINT ( 'NONE',  ( 58.89694148902627546, 63.49094793925359426, 8.656861294481279501 ) ) ;
#697 = LINE ( 'NONE', #798, #1843 ) ;
#698 = DIRECTION ( 'NONE',  ( 1.470104640585420253E-16, 1.000000000000000000, -0.000000000000000000 ) ) ;
#699 = DIRECTION ( 'NONE',  ( -1.000000000000000000, -0.000000000000000000, -0.000000000000000000 ) ) ;
#700 = DIRECTION ( 'NONE',  ( -1.000000000000000000, 1.470104640585420253E-16, 0.000000000000000000 ) ) ;
#701 = EDGE_CURVE ( 'NONE', #3614, #4309, #1648, .T. ) ;
#702 = CARTESIAN_POINT ( 'NONE',  ( 47.60684313125680234, 71.09447601743802636, 18.89809269311971107 ) ) ;
#703 = ORIENTED_EDGE ( 'NONE', *, *, #3012, .T. ) ;
#704 = CARTESIAN_POINT ( 'NONE',  ( 57.69235310622323709, 66.03057029831589375, 7.169180397836580454 ) ) ;
#705 = CARTESIAN_POINT ( 'NONE',  ( 59.66500089984057098, 64.00199890136701697, -5.219999790191999445 ) ) ;
#706 = CARTESIAN_POINT ( 'NONE',  ( 58.21127733254805037, 63.66268947351842655, 8.194205937923367600 ) ) ;
#707 = LINE ( 'NONE', #2594, #2773 ) ;
#708 = EDGE_CURVE ( 'NONE', #1982, #1070, #4791, .T. ) ;
#709 = ORIENTED_EDGE ( 'NONE', *, *, #2069, .T. ) ;
#710 = VERTEX_POINT ( 'NONE', #3156 ) ;
#711 = FACE_OUTER_BOUND ( 'NONE', #3134, .T. ) ;
#712 = CARTESIAN_POINT ( 'NONE',  ( 57.79701105945272843, 66.56382092961175090, 8.096148471961820192 ) ) ;
#713 = LINE ( 'NONE', #4078, #1224 ) ;
#714 = CARTESIAN_POINT ( 'NONE',  ( 58.16498568586886364, 62.88050255058151805, 20.19682870297978994 ) ) ;
#715 = ADVANCED_FACE ( 'NONE', ( #2724 ), #902, .T. ) ;
#716 = CARTESIAN_POINT ( 'NONE',  ( 58.16509438956995837, 63.74842959319923352, 20.44808526786674463 ) ) ;
#717 = CARTESIAN_POINT ( 'NONE',  ( 3.539836876862032522, 69.84529727975727553, 14.38857184545495116 ) ) ;
#718 = DIRECTION ( 'NONE',  ( -0.7433024782647695838, -0.6689554737091638614, 1.300023451391010498E-18 ) ) ;
#719 = CARTESIAN_POINT ( 'NONE',  ( 58.15248214860874754, 63.95481372338387871, 20.50609518094851325 ) ) ;
#720 = ORIENTED_EDGE ( 'NONE', *, *, #2652, .T. ) ;
#721 = VERTEX_POINT ( 'NONE', #3875 ) ;
#722 = CARTESIAN_POINT ( 'NONE',  ( 58.20800551708224191, 63.12497652587105534, 8.344142318449945250 ) ) ;
#723 = DIRECTION ( 'NONE',  ( 0.000000000000000000, 0.000000000000000000, -1.000000000000000000 ) ) ;
#724 = CARTESIAN_POINT ( 'NONE',  ( 58.91941307459048005, 63.77488110958140766, 8.576633351336107935 ) ) ;
#725 = CARTESIAN_POINT ( 'NONE',  ( 57.66357613113579106, 49.56787642378290570, 17.13761470659513009 ) ) ;
#726 = CARTESIAN_POINT ( 'NONE',  ( 45.40541197593940836, 70.92311269178239286, 10.15355996495739532 ) ) ;
#727 = CARTESIAN_POINT ( 'NONE',  ( 51.16500091023044661, 70.50199890136700276, 20.74685507151181696 ) ) ;
#728 = VERTEX_POINT ( 'NONE', #4231 ) ;
#729 = CARTESIAN_POINT ( 'NONE',  ( 51.18175635401888712, 70.50199890136700276, 20.59631589241643113 ) ) ;
#730 = DIRECTION ( 'NONE',  ( -1.000000000000000000, 1.275531967630006478E-16, 0.000000000000000000 ) ) ;
#731 = EDGE_CURVE ( 'NONE', #1257, #182, #4205, .T. ) ;
#732 = FACE_OUTER_BOUND ( 'NONE', #146, .T. ) ;
#733 = VECTOR ( 'NONE', #2327, 1000.000000000000114 ) ;
#734 = ORIENTED_EDGE ( 'NONE', *, *, #4845, .F. ) ;
#735 = VERTEX_POINT ( 'NONE', #1958 ) ;
#736 = DIRECTION ( 'NONE',  ( 0.000000000000000000, 0.000000000000000000, -1.000000000000000000 ) ) ;
#737 = EDGE_CURVE ( 'NONE', #1893, #429, #1111, .T. ) ;
#738 = CARTESIAN_POINT ( 'NONE',  ( 57.10631895025567673, 68.40467800968963274, 8.169145783972632913 ) ) ;
#739 = CARTESIAN_POINT ( 'NONE',  ( 57.70327097455854926, 66.00238648988555212, 20.67256589629170094 ) ) ;
#740 = CARTESIAN_POINT ( 'NONE',  ( 58.16445035738258440, 58.60625921147607187, 10.61287286365550209 ) ) ;
#741 = CARTESIAN_POINT ( 'NONE',  ( 9.239999999999998437, 73.00199890136700276, 14.64000020980799910 ) ) ;
#742 = CARTESIAN_POINT ( 'NONE',  ( 51.40200195377175163, 70.49856503828368659, 7.233428634916052147 ) ) ;
#743 = CARTESIAN_POINT ( 'NONE',  ( 34.50521378514581272, 64.50199890136700276, 24.06000020980799903 ) ) ;
#744 = VECTOR ( 'NONE', #2671, 1000.000000000000114 ) ;
#745 = CARTESIAN_POINT ( 'NONE',  ( 58.37482118242602525, 63.72279771084220101, 19.60962890983405416 ) ) ;
#746 = ORIENTED_EDGE ( 'NONE', *, *, #2448, .T. ) ;
#747 = ORIENTED_EDGE ( 'NONE', *, *, #4787, .T. ) ;
#748 = VECTOR ( 'NONE', #1405, 1000.000000000000000 ) ;
#749 = CARTESIAN_POINT ( 'NONE',  ( 58.16500091023045371, 63.27520971456147691, 7.992968996004265136 ) ) ;
#750 = CARTESIAN_POINT ( 'NONE',  ( 58.16500091023044661, 62.89273638412443290, 19.88968235223303083 ) ) ;
#751 = CARTESIAN_POINT ( 'NONE',  ( 11.82937165317581574, 54.60199890136700418, -5.219999790191999445 ) ) ;
#752 = DIRECTION ( 'NONE',  ( -0.7433024782647695838, -0.6689554737091638614, 1.300023451391010498E-18 ) ) ;
#753 = CIRCLE ( 'NONE', #269, 1.750000000000001554 ) ;
#754 = CARTESIAN_POINT ( 'NONE',  ( 43.64218011568119238, 70.73719657166087416, 11.92613112511894791 ) ) ;
#755 = VECTOR ( 'NONE', #1018, 1000.000000000000000 ) ;
#756 = ORIENTED_EDGE ( 'NONE', *, *, #2471, .T. ) ;
#757 = LINE ( 'NONE', #4170, #3385 ) ;
#758 = ORIENTED_EDGE ( 'NONE', *, *, #3367, .T. ) ;
#759 = CARTESIAN_POINT ( 'NONE',  ( 53.00787566508189741, 72.77297386803344637, -5.219999790191999445 ) ) ;
#760 = CYLINDRICAL_SURFACE ( 'NONE', #2845, 4.999999999999990230 ) ;
#761 = AXIS2_PLACEMENT_3D ( 'NONE', #1184, #2380, #3050 ) ;
#762 = EDGE_LOOP ( 'NONE', ( #2402, #3020, #4393, #2973 ) ) ;
#763 = ORIENTED_EDGE ( 'NONE', *, *, #4369, .F. ) ;
#764 = EDGE_CURVE ( 'NONE', #500, #3348, #835, .T. ) ;
#765 = VECTOR ( 'NONE', #2110, 1000.000000000000000 ) ;
#766 = FACE_OUTER_BOUND ( 'NONE', #670, .T. ) ;
#767 = CARTESIAN_POINT ( 'NONE',  ( 54.54275895237303473, 69.76306072658333335, 7.873483371487520088 ) ) ;
#768 = CARTESIAN_POINT ( 'NONE',  ( -2.000000000000000000, 29.17316163251585692, 2.869023291571487277 ) ) ;
#769 = CARTESIAN_POINT ( 'NONE',  ( 58.38547123969328823, 64.16555767958962520, 19.70817424404852147 ) ) ;
#770 = EDGE_CURVE ( 'NONE', #4818, #1946, #4593, .T. ) ;
#771 = ADVANCED_FACE ( 'NONE', ( #3065, #1231 ), #117, .F. ) ;
#772 = CARTESIAN_POINT ( 'NONE',  ( 54.65884927054493403, 4.999017970084657314, 16.13758113637682357 ) ) ;
#773 = FACE_OUTER_BOUND ( 'NONE', #3299, .T. ) ;
#774 = CARTESIAN_POINT ( 'NONE',  ( 58.55792930994518031, 66.05774931848505105, 19.83834984660900957 ) ) ;
#775 = VERTEX_POINT ( 'NONE', #3855 ) ;
#776 = ORIENTED_EDGE ( 'NONE', *, *, #2168, .F. ) ;
#777 = DIRECTION ( 'NONE',  ( 0.000000000000000000, -1.000000000000000000, 1.050493145930707501E-16 ) ) ;
#778 = CARTESIAN_POINT ( 'NONE',  ( 57.21945482503221569, 2.998746388445924005, 16.13758113637645053 ) ) ;
#779 = EDGE_CURVE ( 'NONE', #2101, #1804, #1625, .T. ) ;
#780 = CARTESIAN_POINT ( 'NONE',  ( 52.49145280776657074, 70.37517323085425858, 20.83954528252819571 ) ) ;
#781 = ORIENTED_EDGE ( 'NONE', *, *, #3113, .F. ) ;
#782 = CARTESIAN_POINT ( 'NONE',  ( 58.16500091023044661, 63.00205899257918674, 7.806009058829166847 ) ) ;
#783 = DIRECTION ( 'NONE',  ( 0.000000000000000000, -0.000000000000000000, 1.000000000000000000 ) ) ;
#784 = FACE_OUTER_BOUND ( 'NONE', #2768, .T. ) ;
#785 = ORIENTED_EDGE ( 'NONE', *, *, #2291, .T. ) ;
#786 = ORIENTED_EDGE ( 'NONE', *, *, #4062, .F. ) ;
#787 = CARTESIAN_POINT ( 'NONE',  ( 58.16433457836144783, 57.68184043343912748, 14.64982577678315678 ) ) ;
#788 = CARTESIAN_POINT ( 'NONE',  ( 58.05254883292900558, 64.80388517100551837, 7.601161031722765138 ) ) ;
#789 = CARTESIAN_POINT ( 'NONE',  ( 54.65339221560969207, 69.95747536455728266, 8.095334610904144412 ) ) ;
#790 = CARTESIAN_POINT ( 'NONE',  ( 59.66500089984057809, 64.47953172342626260, 8.552730048310017708 ) ) ;
#791 = CARTESIAN_POINT ( 'NONE',  ( 58.53832370563875287, 61.47198233291575065, 9.289004646725867786 ) ) ;
#792 = ORIENTED_EDGE ( 'NONE', *, *, #3331, .F. ) ;
#793 = DIRECTION ( 'NONE',  ( -0.000000000000000000, -0.000000000000000000, -1.000000000000000000 ) ) ;
#794 = CARTESIAN_POINT ( 'NONE',  ( 58.33463509575274486, 64.58373336030584255, 19.79676655702127164 ) ) ;
#795 = EDGE_CURVE ( 'NONE', #1086, #4794, #3160, .T. ) ;
#796 = ORIENTED_EDGE ( 'NONE', *, *, #4098, .F. ) ;
#797 = FACE_OUTER_BOUND ( 'NONE', #1816, .T. ) ;
#798 = CARTESIAN_POINT ( 'NONE',  ( 58.16500091023044661, 63.00205899257918674, -97.32438719255948456 ) ) ;
#799 = LINE ( 'NONE', #4116, #2233 ) ;
#800 = EDGE_CURVE ( 'NONE', #4034, #2273, #4252, .T. ) ;
#801 = DIRECTION ( 'NONE',  ( -1.000000000000000000, -0.000000000000000000, -0.000000000000000000 ) ) ;
#802 = ORIENTED_EDGE ( 'NONE', *, *, #4338, .T. ) ;
#803 = CARTESIAN_POINT ( 'NONE',  ( 59.43562131099357515, 66.34897555862767149, -5.219999790192000333 ) ) ;
#804 = DIRECTION ( 'NONE',  ( 1.000000000000000000, 0.000000000000000000, 0.000000000000000000 ) ) ;
#805 = CARTESIAN_POINT ( 'NONE',  ( 43.82937165317581218, 29.00199890019687388, -5.219999790191999445 ) ) ;
#806 = AXIS2_PLACEMENT_3D ( 'NONE', #196, #4607, #2713 ) ;
#807 = ORIENTED_EDGE ( 'NONE', *, *, #4767, .F. ) ;
#808 = EDGE_LOOP ( 'NONE', ( #785, #3591, #3481, #3411 ) ) ;
#809 = CARTESIAN_POINT ( 'NONE',  ( 58.16435012931286508, 57.80600447869249336, 12.71956508709981470 ) ) ;
#810 = CARTESIAN_POINT ( 'NONE',  ( 58.33495058318065674, 66.21458372205536591, 8.169282364849575373 ) ) ;
#811 = CARTESIAN_POINT ( 'NONE',  ( 55.20028581009747626, 69.25212801747149172, 7.169180397836580454 ) ) ;
#812 = CARTESIAN_POINT ( 'NONE',  ( 58.21317801860747210, 63.90264523265132368, 19.87434156344514946 ) ) ;
#813 = ORIENTED_EDGE ( 'NONE', *, *, #1162, .T. ) ;
#814 = CARTESIAN_POINT ( 'NONE',  ( -0.5010752253450554417, 19.81999969483235446, 25.66000020980800045 ) ) ;
#815 = CARTESIAN_POINT ( 'NONE',  ( 58.94368916902736544, 64.24951241063897101, 19.55487955661620347 ) ) ;
#816 = ADVANCED_FACE ( 'NONE', ( #3902 ), #2006, .F. ) ;
#817 = CIRCLE ( 'NONE', #2457, 2.000000000000005329 ) ;
#818 = CARTESIAN_POINT ( 'NONE',  ( -0.5000000000000004441, 39.99999999997785949, 2.093597337056900543 ) ) ;
#819 = CARTESIAN_POINT ( 'NONE',  ( 58.63361369688148983, 63.23684754839192834, 19.34664742164352091 ) ) ;
#820 = CARTESIAN_POINT ( 'NONE',  ( 58.78127247835867308, 63.30553247706603770, 19.32415566941292795 ) ) ;
#821 = CARTESIAN_POINT ( 'NONE',  ( 52.15938243548386311, 18.14263586279071205, 20.06000020980799903 ) ) ;
#822 = VECTOR ( 'NONE', #1458, 1000.000000000000000 ) ;
#823 = ORIENTED_EDGE ( 'NONE', *, *, #6, .T. ) ;
#824 = CARTESIAN_POINT ( 'NONE',  ( 58.91941307459048005, 63.77488110958142187, 19.43209232902868422 ) ) ;
#825 = VERTEX_POINT ( 'NONE', #535 ) ;
#826 = EDGE_CURVE ( 'NONE', #2778, #1954, #163, .T. ) ;
#827 = CARTESIAN_POINT ( 'NONE',  ( 51.64126030333345341, 70.54898481665094323, 20.13726977032208509 ) ) ;
#828 = VECTOR ( 'NONE', #2569, 1000.000000000000000 ) ;
#829 = DIRECTION ( 'NONE',  ( 0.000000000000000000, -0.000000000000000000, -1.000000000000000000 ) ) ;
#830 = CARTESIAN_POINT ( 'NONE',  ( 59.66500089984057098, 64.00199890136701697, 19.28997917845028098 ) ) ;
#831 = AXIS2_PLACEMENT_3D ( 'NONE', #2087, #2109, #2128 ) ;
#832 = ORIENTED_EDGE ( 'NONE', *, *, #1119, .T. ) ;
#833 = ORIENTED_EDGE ( 'NONE', *, *, #857, .T. ) ;
#834 = CARTESIAN_POINT ( 'NONE',  ( 58.91941307459048005, 63.77488110958140766, 8.576633351336107935 ) ) ;
#835 = LINE ( 'NONE', #3809, #4030 ) ;
#836 = AXIS2_PLACEMENT_3D ( 'NONE', #320, #3315, #1534 ) ;
#837 = ORIENTED_EDGE ( 'NONE', *, *, #3680, .T. ) ;
#838 = CARTESIAN_POINT ( 'NONE',  ( 58.82112575035638002, 64.20011291810102705, 19.56836577861479753 ) ) ;
#839 = CIRCLE ( 'NONE', #4138, 6.999999999999999112 ) ;
#840 = CARTESIAN_POINT ( 'NONE',  ( 52.49145280776657074, 70.37517323085425858, 20.83954528252819571 ) ) ;
#841 = CARTESIAN_POINT ( 'NONE',  ( 55.71048436079966848, 68.99429029183914963, 20.13169629068111988 ) ) ;
#842 = CARTESIAN_POINT ( 'NONE',  ( 51.27109618146565850, 71.08776282376057054, 8.215082904469719338 ) ) ;
#843 = CARTESIAN_POINT ( 'NONE',  ( 59.43597586645672948, 66.34487366667705999, 25.66000020980800400 ) ) ;
#844 = CARTESIAN_POINT ( 'NONE',  ( 58.16500091023044661, 63.00205899257918674, 20.20271662048031658 ) ) ;
#845 = DIRECTION ( 'NONE',  ( -1.000000000000000000, 0.000000000000000000, 0.000000000000000000 ) ) ;
#846 = ADVANCED_FACE ( 'NONE', ( #212, #4022, #2884, #3181, #557 ), #1323, .F. ) ;
#847 = LINE ( 'NONE', #3445, #3303 ) ;
#848 = CARTESIAN_POINT ( 'NONE',  ( 51.30058590085023695, 70.50100284342997270, 20.45576431728489908 ) ) ;
#849 = FACE_OUTER_BOUND ( 'NONE', #3773, .T. ) ;
#850 = CARTESIAN_POINT ( 'NONE',  ( 59.18656206239842987, 66.89733918409469027, 19.83954528252819571 ) ) ;
#851 = EDGE_CURVE ( 'NONE', #3082, #728, #2147, .T. ) ;
#852 = EDGE_LOOP ( 'NONE', ( #2896, #927, #1109, #1872 ) ) ;
#853 = ORIENTED_EDGE ( 'NONE', *, *, #1412, .F. ) ;
#854 = CARTESIAN_POINT ( 'NONE',  ( 52.20458252398550059, 70.50292129125372753, 7.867290053376296832 ) ) ;
#855 = CARTESIAN_POINT ( 'NONE',  ( 57.32500000000000284, 23.16500000000000270, 20.06000020980799903 ) ) ;
#856 = CARTESIAN_POINT ( 'NONE',  ( 31.50521378514581272, 64.50199890136700276, 24.06000020980799903 ) ) ;
#857 = EDGE_CURVE ( 'NONE', #4121, #1026, #610, .T. ) ;
#858 = ORIENTED_EDGE ( 'NONE', *, *, #3983, .T. ) ;
#859 = EDGE_LOOP ( 'NONE', ( #2301, #432, #3951, #3298, #4093 ) ) ;
#860 = ORIENTED_EDGE ( 'NONE', *, *, #2286, .T. ) ;
#861 = FACE_OUTER_BOUND ( 'NONE', #934, .T. ) ;
#862 = FACE_OUTER_BOUND ( 'NONE', #258, .T. ) ;
#863 = CARTESIAN_POINT ( 'NONE',  ( 57.63556871284409056, 66.17715573199944856, 20.83954528252819571 ) ) ;
#864 = ADVANCED_FACE ( 'NONE', ( #4710, #2861, #952 ), #4374, .F. ) ;
#865 = LINE ( 'NONE', #1990, #45 ) ;
#866 = PLANE ( 'NONE',  #4444 ) ;
#867 = CARTESIAN_POINT ( 'NONE',  ( 5.498229508874782567, 15.19772510309946689, 24.06000020980799903 ) ) ;
#868 = B_SPLINE_CURVE_WITH_KNOTS ( 'NONE', 3,
 ( #3423, #2217, #1171, #824 ),
 .UNSPECIFIED., .F., .F.,
 ( 4, 4 ),
 ( 0.000000000000000000, 1.000000000000000000 ),
 .UNSPECIFIED. ) ;
#869 = ORIENTED_EDGE ( 'NONE', *, *, #1333, .T. ) ;
#870 = LINE ( 'NONE', #3986, #1669 ) ;
#871 = CARTESIAN_POINT ( 'NONE',  ( 51.81403663161182038, 70.47290541776268924, 20.49330151497656871 ) ) ;
#872 = CARTESIAN_POINT ( 'NONE',  ( 51.16500091023044661, 70.50199890136700276, 25.66000020980799334 ) ) ;
#873 = CARTESIAN_POINT ( 'NONE',  ( 58.59838765793640647, 59.72410968832894440, 17.11265380540602976 ) ) ;
#874 = ORIENTED_EDGE ( 'NONE', *, *, #1687, .F. ) ;
#875 = ORIENTED_EDGE ( 'NONE', *, *, #4581, .F. ) ;
#876 = CARTESIAN_POINT ( 'NONE',  ( 52.50940772805699908, 71.05465761806034664, 8.169549396630142013 ) ) ;
#877 = CARTESIAN_POINT ( 'NONE',  ( 58.93795526299636123, 64.04112226667210450, 8.505290370545138146 ) ) ;
#878 = CARTESIAN_POINT ( 'NONE',  ( -0.5000000000000000000, 70.50199890136700276, -4.219999790191996780 ) ) ;
#879 = ORIENTED_EDGE ( 'NONE', *, *, #257, .T. ) ;
#880 = ORIENTED_EDGE ( 'NONE', *, *, #1829, .F. ) ;
#881 = ORIENTED_EDGE ( 'NONE', *, *, #2448, .F. ) ;
#882 = EDGE_CURVE ( 'NONE', #4171, #318, #4759, .T. ) ;
#883 = VECTOR ( 'NONE', #2451, 1000.000000000000000 ) ;
#884 = LINE ( 'NONE', #814, #1698 ) ;
#885 = CARTESIAN_POINT ( 'NONE',  ( 57.59665534946679344, 66.46740464882472565, 20.13422413700008917 ) ) ;
#886 = DIRECTION ( 'NONE',  ( -0.000000000000000000, 0.000000000000000000, 1.000000000000000000 ) ) ;
#887 = CARTESIAN_POINT ( 'NONE',  ( 58.66193101555054312, 63.75696184853976689, 19.49317367957232605 ) ) ;
#888 = VECTOR ( 'NONE', #3511, 1000.000000000000000 ) ;
#889 = DIRECTION ( 'NONE',  ( -5.328173078638957989E-05, -0.9999999985805285707, 0.000000000000000000 ) ) ;
#890 = ORIENTED_EDGE ( 'NONE', *, *, #3049, .F. ) ;
#891 = CARTESIAN_POINT ( 'NONE',  ( 51.36252726667551372, 70.75258453224338950, 19.90027156618762305 ) ) ;
#892 = CARTESIAN_POINT ( 'NONE',  ( 58.49537908745810455, 58.42494300499371462, 13.46831631445373922 ) ) ;
#893 = CARTESIAN_POINT ( 'NONE',  ( 58.59946357037254927, 59.73783370954092931, 17.12766696518789544 ) ) ;
#894 = VECTOR ( 'NONE', #3080, 1000.000000000000000 ) ;
#895 = VERTEX_POINT ( 'NONE', #2470 ) ;
#896 = EDGE_LOOP ( 'NONE', ( #154, #1519, #756, #3004, #3702, #1181 ) ) ;
#897 = DIRECTION ( 'NONE',  ( -0.9999999921568193395, 0.0001252452049413511459, -0.000000000000000000 ) ) ;
#898 = AXIS2_PLACEMENT_3D ( 'NONE', #2437, #1290, #227 ) ;
#899 = CARTESIAN_POINT ( 'NONE',  ( 52.28419704097888143, 70.41255449623197649, 7.497585827957375493 ) ) ;
#900 = B_SPLINE_CURVE_WITH_KNOTS ( 'NONE', 5,
 ( #1346, #191, #3906, #3206, #4379, #3257, #4283, #1760 ),
 .UNSPECIFIED., .F., .F.,
 ( 6, 2, 6 ),
 ( 0.000000000000000000, 0.5000000000000000000, 1.000000000000000000 ),
 .UNSPECIFIED. ) ;
#901 = DIRECTION ( 'NONE',  ( 0.000000000000000000, 0.000000000000000000, -1.000000000000000000 ) ) ;
#902 = PLANE ( 'NONE',  #2063 ) ;
#903 = CIRCLE ( 'NONE', #600, 1.849999999999999423 ) ;
#904 = AXIS2_PLACEMENT_3D ( 'NONE', #2592, #3322, #1194 ) ;
#905 = EDGE_CURVE ( 'NONE', #4728, #4606, #4348, .T. ) ;
#906 = VERTEX_POINT ( 'NONE', #2099 ) ;
#907 = ORIENTED_EDGE ( 'NONE', *, *, #3457, .F. ) ;
#908 = ORIENTED_EDGE ( 'NONE', *, *, #1094, .T. ) ;
#909 = AXIS2_PLACEMENT_3D ( 'NONE', #2584, #4821, #380 ) ;
#910 = CARTESIAN_POINT ( 'NONE',  ( 58.91941307459048005, 63.77488110958142187, 19.43209232902868422 ) ) ;
#911 = CARTESIAN_POINT ( 'NONE',  ( 55.68337146467677456, 68.91091546521842304, 7.169180397836580454 ) ) ;
#912 = CARTESIAN_POINT ( 'NONE',  ( 58.94029957210629789, 64.69589545461754199, 19.65640205490047876 ) ) ;
#913 = EDGE_CURVE ( 'NONE', #4641, #1946, #2120, .T. ) ;
#914 = VECTOR ( 'NONE', #261, 1000.000000000000000 ) ;
#915 = B_SPLINE_CURVE_WITH_KNOTS ( 'NONE', 3,
 ( #1778, #2539, #3644, #4394 ),
 .UNSPECIFIED., .F., .F.,
 ( 4, 4 ),
 ( 0.000000000000000000, 1.000000000000000000 ),
 .UNSPECIFIED. ) ;
#916 = CARTESIAN_POINT ( 'NONE',  ( 55.57500000000000284, 23.16500000000000270, 29.00974767811383614 ) ) ;
#917 = CARTESIAN_POINT ( 'NONE',  ( 58.20800551708197190, 63.12497652587070718, 19.66458336191502099 ) ) ;
#918 = DIRECTION ( 'NONE',  ( 0.9999999886852481978, -0.0001504310587799637491, 0.000000000000000000 ) ) ;
#919 = EDGE_CURVE ( 'NONE', #2447, #500, #2223, .T. ) ;
#920 = VERTEX_POINT ( 'NONE', #1733 ) ;
#921 = CARTESIAN_POINT ( 'NONE',  ( 51.46663639108146526, 70.55652225566872460, 20.12954195270824087 ) ) ;
#922 = FACE_BOUND ( 'NONE', #3711, .T. ) ;
#923 = B_SPLINE_CURVE_WITH_KNOTS ( 'NONE', 3,
 ( #2672, #3449, #109, #3500, #2393, #3802 ),
 .UNSPECIFIED., .F., .F.,
 ( 4, 2, 4 ),
 ( 0.000000000000000000, 0.5000000000000000000, 1.000000000000000000 ),
 .UNSPECIFIED. ) ;
#924 = CARTESIAN_POINT ( 'NONE',  ( 43.18668506155751174, 70.50199890136698855, 16.33254231705254611 ) ) ;
#925 = ADVANCED_FACE ( 'NONE', ( #2494, #3999, #2445 ), #1024, .F. ) ;
#926 = VERTEX_POINT ( 'NONE', #3648 ) ;
#927 = ORIENTED_EDGE ( 'NONE', *, *, #3968, .F. ) ;
#928 = CARTESIAN_POINT ( 'NONE',  ( 50.66500089984056387, 73.00199890136700276, -5.219999790191999445 ) ) ;
#929 = CARTESIAN_POINT ( 'NONE',  ( 51.60420982212499297, 70.48930176099807454, 7.370309406994885570 ) ) ;
#930 = CARTESIAN_POINT ( 'NONE',  ( 50.66500089984057098, 73.00199890136700276, 27.20400020980800093 ) ) ;
#931 = CARTESIAN_POINT ( 'NONE',  ( 15.22937165317581787, 13.39999999999999858, -4.219999790191999445 ) ) ;
#932 = ORIENTED_EDGE ( 'NONE', *, *, #4845, .T. ) ;
#933 = VERTEX_POINT ( 'NONE', #4688 ) ;
#934 = EDGE_LOOP ( 'NONE', ( #4302, #2767, #646, #1493 ) ) ;
#935 = DIRECTION ( 'NONE',  ( -0.000000000000000000, -0.000000000000000000, -1.000000000000000000 ) ) ;
#936 = CARTESIAN_POINT ( 'NONE',  ( 50.54600143432600134, 73.00199890136700276, -5.219999790191999445 ) ) ;
#937 = CARTESIAN_POINT ( 'NONE',  ( 57.45964639779055005, 67.22466743691724389, 19.91241684122638844 ) ) ;
#938 = DIRECTION ( 'NONE',  ( 1.000000000000000000, 0.000000000000000000, 0.000000000000000000 ) ) ;
#939 = LINE ( 'NONE', #2844, #3572 ) ;
#940 = EDGE_CURVE ( 'NONE', #2302, #2697, #1209, .T. ) ;
#941 = LINE ( 'NONE', #3931, #765 ) ;
#942 = ORIENTED_EDGE ( 'NONE', *, *, #2286, .F. ) ;
#943 = LINE ( 'NONE', #2066, #4432 ) ;
#944 = CARTESIAN_POINT ( 'NONE',  ( 58.15800094435959267, 7.111968675492812864, -97.32438719255948456 ) ) ;
#945 = ADVANCED_FACE ( 'NONE', ( #4443 ), #760, .F. ) ;
#946 = CARTESIAN_POINT ( 'NONE',  ( 58.81916916647633542, 62.50956679670781568, 8.971349003877300277 ) ) ;
#947 = CARTESIAN_POINT ( 'NONE',  ( 47.95299908892073404, 70.67078952377804058, 8.603883043856853874 ) ) ;
#948 = ORIENTED_EDGE ( 'NONE', *, *, #1835, .F. ) ;
#949 = EDGE_LOOP ( 'NONE', ( #1279, #303, #3581, #907 ) ) ;
#950 = CARTESIAN_POINT ( 'NONE',  ( 52.49085523052965385, 71.21832184058801829, 8.168749550385674851 ) ) ;
#951 = CARTESIAN_POINT ( 'NONE',  ( 9.239999999999998437, 88.82403351242031420, 14.64000020980799910 ) ) ;
#952 = FACE_BOUND ( 'NONE', #1885, .T. ) ;
#953 = VERTEX_POINT ( 'NONE', #2620 ) ;
#954 = ORIENTED_EDGE ( 'NONE', *, *, #6, .F. ) ;
#955 = ORIENTED_EDGE ( 'NONE', *, *, #1870, .T. ) ;
#956 = LINE ( 'NONE', #2866, #3420 ) ;
#957 = CARTESIAN_POINT ( 'NONE',  ( 57.22234159746063398, 68.52748268373274243, 19.83954528252821703 ) ) ;
#958 = AXIS2_PLACEMENT_3D ( 'NONE', #2819, #959, #2086 ) ;
#959 = DIRECTION ( 'NONE',  ( 1.000000000000000000, 2.940209281316622002E-16, -0.000000000000000000 ) ) ;
#960 = CARTESIAN_POINT ( 'NONE',  ( 58.16500091023043950, 63.97651228385163336, 20.52135868466726265 ) ) ;
#961 = CARTESIAN_POINT ( 'NONE',  ( 59.66357611988767218, 49.56766430959124392, 17.13761470659513364 ) ) ;
#962 = CARTESIAN_POINT ( 'NONE',  ( 57.96414098238575008, 4.863085203666340561, 16.65824301912230254 ) ) ;
#963 = EDGE_CURVE ( 'NONE', #500, #440, #4858, .T. ) ;
#964 = VERTEX_POINT ( 'NONE', #1470 ) ;
#965 = CARTESIAN_POINT ( 'NONE',  ( 52.49145280776657074, 70.37517323085425858, 20.83954528252819571 ) ) ;
#966 = CARTESIAN_POINT ( 'NONE',  ( 2.498229542819039306, 15.19817639627580697, 24.06000020980799903 ) ) ;
#967 = LINE ( 'NONE', #2460, #3323 ) ;
#968 = CARTESIAN_POINT ( 'NONE',  ( 51.27109618146565850, 71.08776282376057054, 8.215082904469719338 ) ) ;
#969 = AXIS2_PLACEMENT_3D ( 'NONE', #4125, #1803, #3010 ) ;
#970 = EDGE_CURVE ( 'NONE', #3574, #2749, #3084, .T. ) ;
#971 = CARTESIAN_POINT ( 'NONE',  ( 43.34172861044144298, 70.76265579661270522, 13.32611214438798442 ) ) ;
#972 = VERTEX_POINT ( 'NONE', #4417 ) ;
#973 = B_SPLINE_CURVE_WITH_KNOTS ( 'NONE', 3,
 ( #2825, #2435, #3936, #572 ),
 .UNSPECIFIED., .F., .F.,
 ( 4, 4 ),
 ( 0.000000000000000000, 0.4513842711174385069 ),
 .UNSPECIFIED. ) ;
#974 = DIRECTION ( 'NONE',  ( 0.000000000000000000, 1.000000000000000000, 0.000000000000000000 ) ) ;
#975 = AXIS2_PLACEMENT_3D ( 'NONE', #2534, #677, #2165 ) ;
#976 = DIRECTION ( 'NONE',  ( -1.000000000000000000, 0.000000000000000000, 0.000000000000000000 ) ) ;
#977 = CARTESIAN_POINT ( 'NONE',  ( 57.29445564634039556, 3.131396879430823788, 15.62254835044424084 ) ) ;
#978 = AXIS2_PLACEMENT_3D ( 'NONE', #2876, #2091, #3171 ) ;
#979 = VERTEX_POINT ( 'NONE', #3699 ) ;
#980 = ORIENTED_EDGE ( 'NONE', *, *, #2265, .F. ) ;
#981 = DIRECTION ( 'NONE',  ( -0.9999999886852481978, 0.0001504310587799637491, 0.000000000000000000 ) ) ;
#982 = CARTESIAN_POINT ( 'NONE',  ( 57.80168104213803559, 65.95019270864329997, 7.874341859432025359 ) ) ;
#983 = CIRCLE ( 'NONE', #1059, 3.400000000000000355 ) ;
#984 = CARTESIAN_POINT ( 'NONE',  ( 58.55993554178922977, 66.55932099351676356, 19.83954528252819571 ) ) ;
#985 = CARTESIAN_POINT ( 'NONE',  ( 58.16509474833939208, 63.75129412908326998, 7.571296985121755085 ) ) ;
#986 = ADVANCED_FACE ( 'NONE', ( #1073, #784 ), #1491, .F. ) ;
#987 = AXIS2_PLACEMENT_3D ( 'NONE', #3366, #1113, #1432 ) ;
#988 = CARTESIAN_POINT ( 'NONE',  ( 52.68094593598600284, 71.35705527792387670, 19.83954528252819571 ) ) ;
#989 = CARTESIAN_POINT ( 'NONE',  ( 53.85813892135542602, 72.41650242656422165, 8.169180397836585783 ) ) ;
#990 = DIRECTION ( 'NONE',  ( 1.000000000000000000, 0.000000000000000000, 0.000000000000000000 ) ) ;
#991 = CARTESIAN_POINT ( 'NONE',  ( 59.18656206239842987, 66.89733918409469027, 19.83954528252819571 ) ) ;
#992 = CIRCLE ( 'NONE', #1152, 1.749999999999999778 ) ;
#993 = ORIENTED_EDGE ( 'NONE', *, *, #2870, .T. ) ;
#994 = B_SPLINE_CURVE_WITH_KNOTS ( 'NONE', 3,
 ( #1269, #3943, #4270, #578, #2830, #3641, #2489, #1339, #651, #1751, #1797, #3199, #3996, #3245, #702, #1000, #4755, #1363, #3971, #302, #1730, #2095, #2537, #2191, #4727, #2464, #4068, #278, #4042, #2880, #2137, #3597, #4371, #605, #4343, #229, #2856, #971, #1708, #3291, #3222, #629, #2116, #3620, #4800, #208, #252, #4706, #1389, #4392, #1021, #2515, #1436, #4017, #1776, #3268, #2927, #4777, #1409, #4438, #2901, #4413, #1040, #679, #2166, #3667, #1069, #2566, #1900, #2645, #4150, #3750, #1513 ),
 .UNSPECIFIED., .F., .F.,
 ( 4, 2, 2, 2, 1, 1, 1, 2, 2, 2, 2, 1, 1, 1, 2, 2, 2, 2, 1, 2, 2, 2, 2, 2, 1, 2, 2, 2, 2, 1, 1, 1, 2, 2, 2, 2, 1, 1, 1, 1, 2, 2, 2, 4 ),
 ( 0.000000000000000000, 0.06250000000000006939, 0.09375000000000011102, 0.1093750000000005551, 0.1171875000000009159, 0.1210937500000010408, 0.1230468750000005412, 0.1240234375000003747, 0.1250000000000002220, 0.1875000000000083544, 0.2187500000000124067, 0.2343750000000142941, 0.2421875000000154599, 0.2460937500000160427, 0.2480468750000159872, 0.2500000000000159317, 0.3125000000000211497, 0.3437500000000234257, 0.3593750000000243139, 0.3671875000000244804, 0.3750000000000247025, 0.5000000000000314193, 0.5625000000000348610, 0.5937500000000365263, 0.6093750000000375255, 0.6171875000000379696, 0.6250000000000384137, 0.6875000000000394129, 0.7187500000000394129, 0.7343750000000394129, 0.7421875000000390799, 0.7460937500000384137, 0.7480468750000380806, 0.7500000000000378586, 0.8125000000000331957, 0.8437500000000308642, 0.8593750000000298650, 0.8671875000000296430, 0.8710937500000295319, 0.8730468750000294209, 0.8740234375000293099, 0.8750000000000291989, 0.9375000000000145439, 1.000000000000000000 ),
 .UNSPECIFIED. ) ;
#995 = VECTOR ( 'NONE', #1065, 1000.000000000000000 ) ;
#996 = FACE_BOUND ( 'NONE', #464, .T. ) ;
#997 = DIRECTION ( 'NONE',  ( -1.275531967630006478E-16, -1.000000000000000000, 0.000000000000000000 ) ) ;
#998 = LINE ( 'NONE', #3938, #3410 ) ;
#999 = CARTESIAN_POINT ( 'NONE',  ( 47.87909264324240155, 70.53716938361380073, 8.410388707759661742 ) ) ;
#1000 = CARTESIAN_POINT ( 'NONE',  ( 47.13185811871236552, 71.05791464195091578, 18.69348951205980569 ) ) ;
#1001 = VERTEX_POINT ( 'NONE', #4493 ) ;
#1002 = CYLINDRICAL_SURFACE ( 'NONE', #1296, 5.835182442345811182 ) ;
#1003 = CARTESIAN_POINT ( 'NONE',  ( 58.37482118242602525, 63.72279771084220101, 19.60962890983405416 ) ) ;
#1004 = EDGE_CURVE ( 'NONE', #3919, #2413, #3011, .T. ) ;
#1005 = DIRECTION ( 'NONE',  ( 0.000000000000000000, -0.000000000000000000, 1.000000000000000000 ) ) ;
#1006 = VERTEX_POINT ( 'NONE', #1439 ) ;
#1007 = ORIENTED_EDGE ( 'NONE', *, *, #3749, .F. ) ;
#1008 = CARTESIAN_POINT ( 'NONE',  ( 57.32500000000000284, 23.16500000000000270, 24.06000020980799903 ) ) ;
#1009 = EDGE_CURVE ( 'NONE', #3614, #2824, #4733, .T. ) ;
#1010 = CARTESIAN_POINT ( 'NONE',  ( 58.47993708270446689, 66.30322790208857953, 19.83954528252819571 ) ) ;
#1011 = CARTESIAN_POINT ( 'NONE',  ( 58.16475601106024840, 61.04670135321981661, 19.43046172070857480 ) ) ;
#1012 = LINE ( 'NONE', #1765, #2207 ) ;
#1013 = DIRECTION ( 'NONE',  ( 1.000000000000000000, 0.000000000000000000, 0.000000000000000000 ) ) ;
#1014 = LINE ( 'NONE', #2506, #1456 ) ;
#1015 = CARTESIAN_POINT ( 'NONE',  ( 57.98905090052406308, 4.970363192105432759, 16.40981099189842496 ) ) ;
#1016 = ORIENTED_EDGE ( 'NONE', *, *, #1878, .T. ) ;
#1017 = PLANE ( 'NONE',  #2311 ) ;
#1018 = DIRECTION ( 'NONE',  ( -0.000000000000000000, -0.000000000000000000, -1.000000000000000000 ) ) ;
#1019 = CARTESIAN_POINT ( 'NONE',  ( 55.15938241195432568, 18.14226012717588787, 24.06000020980799903 ) ) ;
#1020 = CARTESIAN_POINT ( 'NONE',  ( 47.78111774898982134, 70.50199890136700276, 8.161505022228755735 ) ) ;
#1021 = CARTESIAN_POINT ( 'NONE',  ( 45.23993671959196661, 70.91029382258054170, 10.47151865951683725 ) ) ;
#1022 = ORIENTED_EDGE ( 'NONE', *, *, #1870, .F. ) ;
#1023 = CARTESIAN_POINT ( 'NONE',  ( 52.65010641417885751, 71.36056118516802371, 8.169180397836587559 ) ) ;
#1024 = PLANE ( 'NONE',  #4351 ) ;
#1025 = EDGE_LOOP ( 'NONE', ( #4161, #3904, #294, #2987, #2266 ) ) ;
#1026 = VERTEX_POINT ( 'NONE', #1124 ) ;
#1027 = DIRECTION ( 'NONE',  ( -0.000000000000000000, -0.000000000000000000, -1.000000000000000000 ) ) ;
#1028 = CARTESIAN_POINT ( 'NONE',  ( 55.01513321664528888, 70.36813507635879716, 19.83954528252846572 ) ) ;
#1029 = CARTESIAN_POINT ( 'NONE',  ( 58.16444076811073671, 58.52969523615563929, 10.55768471271082909 ) ) ;
#1030 = ADVANCED_FACE ( 'NONE', ( #732 ), #1857, .T. ) ;
#1031 = CARTESIAN_POINT ( 'NONE',  ( 3.556721244245277358, 69.85325762152596951, 14.13506874490683884 ) ) ;
#1032 = DIRECTION ( 'NONE',  ( 0.000000000000000000, -0.000000000000000000, 1.000000000000000000 ) ) ;
#1033 = CARTESIAN_POINT ( 'NONE',  ( 3.757000000000000117, 11.75999999999999979, 29.00974767811383614 ) ) ;
#1034 = ORIENTED_EDGE ( 'NONE', *, *, #2131, .F. ) ;
#1035 = VERTEX_POINT ( 'NONE', #3297 ) ;
#1036 = CARTESIAN_POINT ( 'NONE',  ( 58.16331833663005568, 49.56782342257562846, 17.13761470659513009 ) ) ;
#1037 = CARTESIAN_POINT ( 'NONE',  ( 52.43374655087465896, 71.38140642899948318, 19.83706547119114916 ) ) ;
#1038 = DIRECTION ( 'NONE',  ( -1.000000000000000000, 0.000000000000000000, 0.000000000000000000 ) ) ;
#1039 = CARTESIAN_POINT ( 'NONE',  ( 48.01512530595209682, 71.01992778340294876, 8.780865532471752388 ) ) ;
#1040 = CARTESIAN_POINT ( 'NONE',  ( 47.90225434499941315, 71.11750389845487064, 9.010308626884745209 ) ) ;
#1041 = VERTEX_POINT ( 'NONE', #1883 ) ;
#1042 = CARTESIAN_POINT ( 'NONE',  ( -0.5010752253450554417, 19.81999969483235446, -4.219999790191996780 ) ) ;
#1043 = CARTESIAN_POINT ( 'NONE',  ( -2.000000000000000000, 54.03152911522300883, -0.6000000000000013101 ) ) ;
#1044 = CARTESIAN_POINT ( 'NONE',  ( 5.000000000000000000, 66.00199890136700276, 25.66000020980800045 ) ) ;
#1045 = VERTEX_POINT ( 'NONE', #684 ) ;
#1046 = EDGE_LOOP ( 'NONE', ( #4051, #3254, #4546, #1505 ) ) ;
#1047 = VECTOR ( 'NONE', #1253, 1000.000000000000000 ) ;
#1048 = CARTESIAN_POINT ( 'NONE',  ( 58.16500091023044661, 63.55837474228899708, 7.627558786646555511 ) ) ;
#1049 = DIRECTION ( 'NONE',  ( 2.940209281316622002E-16, -1.000000000000000000, 0.000000000000000000 ) ) ;
#1050 = EDGE_CURVE ( 'NONE', #3795, #2101, #4427, .T. ) ;
#1051 = AXIS2_PLACEMENT_3D ( 'NONE', #2299, #1643, #462 ) ;
#1052 = AXIS2_PLACEMENT_3D ( 'NONE', #4177, #2303, #3757 ) ;
#1053 = CARTESIAN_POINT ( 'NONE',  ( 3.812186637072395801, 69.96581998541050496, 16.39855139786096316 ) ) ;
#1054 = FACE_OUTER_BOUND ( 'NONE', #327, .T. ) ;
#1055 = CARTESIAN_POINT ( 'NONE',  ( 57.73377600742477256, 65.92182939847474188, 20.50574691075410172 ) ) ;
#1056 = EDGE_CURVE ( 'NONE', #393, #159, #817, .T. ) ;
#1057 = ORIENTED_EDGE ( 'NONE', *, *, #4760, .F. ) ;
#1058 = CIRCLE ( 'NONE', #1618, 6.999999999999999112 ) ;
#1059 = AXIS2_PLACEMENT_3D ( 'NONE', #314, #664, #1478 ) ;
#1060 = EDGE_LOOP ( 'NONE', ( #1176, #4085 ) ) ;
#1061 = CARTESIAN_POINT ( 'NONE',  ( 58.37453048027816749, 63.72275202517138837, 8.398941041872776125 ) ) ;
#1062 = CARTESIAN_POINT ( 'NONE',  ( 58.16500091023043240, 62.94256784300704055, 20.18280488281600427 ) ) ;
#1063 = VECTOR ( 'NONE', #596, 1000.000000000000000 ) ;
#1064 = CARTESIAN_POINT ( 'NONE',  ( 58.90816665052511070, 63.62070993877332370, 8.618892782852348944 ) ) ;
#1065 = DIRECTION ( 'NONE',  ( 0.000000000000000000, 0.000000000000000000, 1.000000000000000000 ) ) ;
#1066 = CARTESIAN_POINT ( 'NONE',  ( 59.63227634392681153, 3.384684262713617109, 15.33719958963800956 ) ) ;
#1067 = EDGE_CURVE ( 'NONE', #145, #4208, #2960, .T. ) ;
#1068 = CIRCLE ( 'NONE', #3497, 3.400000000000000355 ) ;
#1069 = CARTESIAN_POINT ( 'NONE',  ( 48.11139836125349944, 71.13375508573410855, 8.935595124266999534 ) ) ;
#1070 = VERTEX_POINT ( 'NONE', #1151 ) ;
#1071 = CARTESIAN_POINT ( 'NONE',  ( 51.38557267370602943, 71.38813452728439302, 8.237236366809495891 ) ) ;
#1072 = DIRECTION ( 'NONE',  ( -0.000000000000000000, 0.000000000000000000, 1.000000000000000000 ) ) ;
#1073 = FACE_BOUND ( 'NONE', #570, .T. ) ;
#1074 = EDGE_CURVE ( 'NONE', #964, #1227, #3407, .T. ) ;
#1075 = ORIENTED_EDGE ( 'NONE', *, *, #3452, .F. ) ;
#1076 = EDGE_LOOP ( 'NONE', ( #1481, #832, #4253, #5, #1671, #1130, #3811, #1627 ) ) ;
#1077 = CARTESIAN_POINT ( 'NONE',  ( 57.71362548529938152, 65.97565695458187918, 7.169180398355255335 ) ) ;
#1078 = DIRECTION ( 'NONE',  ( -0.000000000000000000, -0.000000000000000000, -1.000000000000000000 ) ) ;
#1079 = CARTESIAN_POINT ( 'NONE',  ( 58.16509456895467878, 63.74986186114129083, 20.44275698155425047 ) ) ;
#1080 = CARTESIAN_POINT ( 'NONE',  ( 5.645247364232716336, 70.45269900785363859, 10.20903718357677548 ) ) ;
#1081 = APPLICATION_CONTEXT ( 'automotive_design' ) ;
#1082 = LINE ( 'NONE', #1107, #445 ) ;
#1083 = CARTESIAN_POINT ( 'NONE',  ( 58.16329203622633059, 63.69977505080322544, 20.42752138727383127 ) ) ;
#1084 = ORIENTED_EDGE ( 'NONE', *, *, #1802, .T. ) ;
#1085 = B_SPLINE_CURVE_WITH_KNOTS ( 'NONE', 3,
 ( #2419, #3920, #3945, #1320 ),
 .UNSPECIFIED., .F., .F.,
 ( 4, 4 ),
 ( 0.000000000000000000, 0.2078210558384759876 ),
 .UNSPECIFIED. ) ;
#1086 = VERTEX_POINT ( 'NONE', #2649 ) ;
#1087 = EDGE_CURVE ( 'NONE', #3082, #1428, #3778, .T. ) ;
#1088 = CARTESIAN_POINT ( 'NONE',  ( 58.16500091023044661, 63.02920344256955332, 8.072050609122893405 ) ) ;
#1089 = FACE_OUTER_BOUND ( 'NONE', #46, .T. ) ;
#1090 = CYLINDRICAL_SURFACE ( 'NONE', #590, 6.999999999999999112 ) ;
#1091 = CARTESIAN_POINT ( 'NONE',  ( 50.16663022553117912, 71.16186752023504880, 19.67680414516908627 ) ) ;
#1092 = CARTESIAN_POINT ( 'NONE',  ( 56.16351561351428501, 51.14307390121241070, 21.56261470659513080 ) ) ;
#1093 = ORIENTED_EDGE ( 'NONE', *, *, #2077, .T. ) ;
#1094 = EDGE_CURVE ( 'NONE', #538, #2674, #1679, .T. ) ;
#1095 = CARTESIAN_POINT ( 'NONE',  ( 15.22937165317581787, 13.39999999999999858, -4.219999790191999445 ) ) ;
#1096 = B_SPLINE_CURVE_WITH_KNOTS ( 'NONE', 3,
 ( #2718, #1972, #4225, #3131, #3827, #3060, #1268, #2759, #3108, #1952 ),
 .UNSPECIFIED., .F., .F.,
 ( 4, 2, 2, 2, 4 ),
 ( 0.000000000000000000, 0.2500000000000000000, 0.5000000000000000000, 0.7500000000000000000, 1.000000000000000000 ),
 .UNSPECIFIED. ) ;
#1097 = FACE_OUTER_BOUND ( 'NONE', #1859, .T. ) ;
#1098 = DIRECTION ( 'NONE',  ( 0.000000000000000000, 0.000000000000000000, -1.000000000000000000 ) ) ;
#1099 = ORIENTED_EDGE ( 'NONE', *, *, #2227, .T. ) ;
#1100 = ORIENTED_EDGE ( 'NONE', *, *, #4859, .F. ) ;
#1101 = FACE_OUTER_BOUND ( 'NONE', #4328, .T. ) ;
#1102 = CARTESIAN_POINT ( 'NONE',  ( 57.74916093641139980, 67.46292307794580267, 8.169242934442495496 ) ) ;
#1103 = DIRECTION ( 'NONE',  ( 0.000000000000000000, -0.000000000000000000, 1.000000000000000000 ) ) ;
#1104 = CARTESIAN_POINT ( 'NONE',  ( 58.16476360856008654, 61.10736237041894725, 19.33049697806637823 ) ) ;
#1105 = CARTESIAN_POINT ( 'NONE',  ( 58.16498557537887137, 62.87962036116391573, 20.19927924327889812 ) ) ;
#1106 = CARTESIAN_POINT ( 'NONE',  ( 56.16339036830934361, 50.14307390905558748, 21.56261470659513080 ) ) ;
#1107 = CARTESIAN_POINT ( 'NONE',  ( 16.00513015478068723, 54.03152911522300883, -0.5999999999999994227 ) ) ;
#1108 = CARTESIAN_POINT ( 'NONE',  ( 58.11600567086650670, 64.38263379719373347, 20.62501602290006630 ) ) ;
#1109 = ORIENTED_EDGE ( 'NONE', *, *, #4185, .F. ) ;
#1110 = VERTEX_POINT ( 'NONE', #4073 ) ;
#1111 =( BOUNDED_CURVE ( )  B_SPLINE_CURVE ( 3, ( #93, #1574, #1596, #2306 ),
 .UNSPECIFIED., .F., .F. ) 
 B_SPLINE_CURVE_WITH_KNOTS ( ( 4, 4 ),
 ( 5.296047793582029151, 6.283185307179586232 ),
 .UNSPECIFIED. ) 
 CURVE ( )  GEOMETRIC_REPRESENTATION_ITEM ( )  RATIONAL_B_SPLINE_CURVE ( ( 1.000000000000000000, 0.9204317960909392804, 0.9204317960909392804, 1.000000000000000000 ) ) 
 REPRESENTATION_ITEM ( '' )  );
#1112 = CARTESIAN_POINT ( 'NONE',  ( 58.74866249756887981, 63.12013864835360266, 8.738088201428395152 ) ) ;
#1113 = DIRECTION ( 'NONE',  ( -0.000000000000000000, 0.000000000000000000, -1.000000000000000000 ) ) ;
#1114 = DIRECTION ( 'NONE',  ( 0.0001252452049414871590, 0.9999999921568193395, -0.000000000000000000 ) ) ;
#1115 = DIRECTION ( 'NONE',  ( -0.0001060570958313862609, -0.9999999943759462218, 0.000000000000000000 ) ) ;
#1116 = CARTESIAN_POINT ( 'NONE',  ( 59.64153603635332956, 3.494735836929100170, 15.26386062472289140 ) ) ;
#1117 = AXIS2_PLACEMENT_3D ( 'NONE', #2809, #3523, #2741 ) ;
#1118 = CARTESIAN_POINT ( 'NONE',  ( 58.16364084303285154, 52.14282340295935114, 21.56261470659513080 ) ) ;
#1119 = EDGE_CURVE ( 'NONE', #429, #3720, #707, .T. ) ;
#1120 = LINE ( 'NONE', #1538, #1737 ) ;
#1121 = ORIENTED_EDGE ( 'NONE', *, *, #4859, .T. ) ;
#1122 = DIRECTION ( 'NONE',  ( 1.000000000000000000, 0.000000000000000000, 0.000000000000000000 ) ) ;
#1123 = CARTESIAN_POINT ( 'NONE',  ( -2.000000000000000000, 66.00199890136700276, -5.219999790191999445 ) ) ;
#1124 = CARTESIAN_POINT ( 'NONE',  ( 38.24955394561818878, 70.50199890136700276, 20.06000020980799903 ) ) ;
#1125 = DIRECTION ( 'NONE',  ( 1.000000000000000000, 0.000000000000000000, -0.000000000000000000 ) ) ;
#1126 = EDGE_CURVE ( 'NONE', #1884, #2902, #2848, .T. ) ;
#1127 = ADVANCED_FACE ( 'NONE', ( #1197 ), #138, .F. ) ;
#1128 = AXIS2_PLACEMENT_3D ( 'NONE', #3493, #104, #164 ) ;
#1129 = ORIENTED_EDGE ( 'NONE', *, *, #3487, .F. ) ;
#1130 = ORIENTED_EDGE ( 'NONE', *, *, #218, .F. ) ;
#1131 = CARTESIAN_POINT ( 'NONE',  ( 58.16435007529632628, 57.80557319223455437, 15.28844688430827148 ) ) ;
#1132 = DIRECTION ( 'NONE',  ( 0.9999999921568192285, -0.0001252452049413511459, -0.000000000000000000 ) ) ;
#1133 = DIRECTION ( 'NONE',  ( 1.000000000000000000, 0.000000000000000000, 0.000000000000000000 ) ) ;
#1134 = CARTESIAN_POINT ( 'NONE',  ( -0.5000000000000000000, 63.50199890136699565, -4.219999790191996780 ) ) ;
#1135 = CARTESIAN_POINT ( 'NONE',  ( 58.18421322331970202, 58.85327282259747506, 10.79112197426773889 ) ) ;
#1136 = CARTESIAN_POINT ( 'NONE',  ( -0.5010546050627802117, 20.20700443249032219, -0.7709996074473568495 ) ) ;
#1137 = CARTESIAN_POINT ( 'NONE',  ( 59.66500089984057098, 64.00199890136701697, 25.66000020980800045 ) ) ;
#1138 = CARTESIAN_POINT ( 'NONE',  ( 57.90477948776572248, 65.41151371151748606, 20.64835441327414856 ) ) ;
#1139 = EDGE_CURVE ( 'NONE', #4508, #4817, #1999, .T. ) ;
#1140 = ORIENTED_EDGE ( 'NONE', *, *, #2130, .T. ) ;
#1141 = EDGE_LOOP ( 'NONE', ( #2138, #4690, #378, #3621 ) ) ;
#1142 = CARTESIAN_POINT ( 'NONE',  ( 58.20683097217106194, 62.93721714230053266, 8.405143539284900100 ) ) ;
#1143 = CARTESIAN_POINT ( 'NONE',  ( 58.16500091023043240, 63.02920344256556007, 19.93667507124155946 ) ) ;
#1144 = AXIS2_PLACEMENT_3D ( 'NONE', #2733, #1992, #3492 ) ;
#1145 = CARTESIAN_POINT ( 'NONE',  ( 42.98587271034064372, 70.65433092084660416, 14.00436284018238453 ) ) ;
#1146 = DIRECTION ( 'NONE',  ( -1.000000000000000000, -0.000000000000000000, -0.000000000000000000 ) ) ;
#1147 = EDGE_LOOP ( 'NONE', ( #2056, #4377, #1216, #213, #3748 ) ) ;
#1148 = AXIS2_PLACEMENT_3D ( 'NONE', #3235, #2040, #4029 ) ;
#1149 = CARTESIAN_POINT ( 'NONE',  ( 58.74748254445257345, 68.00578460260733493, -5.219999790191998557 ) ) ;
#1150 = CARTESIAN_POINT ( 'NONE',  ( 58.16474312473879138, 63.57807349360984972, 7.905775610446485580 ) ) ;
#1151 = CARTESIAN_POINT ( 'NONE',  ( 52.49145280776657074, 70.37517323085425858, 7.169180397836594665 ) ) ;
#1152 = AXIS2_PLACEMENT_3D ( 'NONE', #2563, #3578, #976 ) ;
#1153 = ORIENTED_EDGE ( 'NONE', *, *, #4487, .T. ) ;
#1154 = ORIENTED_EDGE ( 'NONE', *, *, #851, .F. ) ;
#1155 = CARTESIAN_POINT ( 'NONE',  ( 44.26489319994717420, 70.50199890136701697, 10.20258042201577986 ) ) ;
#1156 = EDGE_CURVE ( 'NONE', #3482, #2008, #3088, .T. ) ;
#1157 = CARTESIAN_POINT ( 'NONE',  ( 58.35510414482679664, 64.39203974632231109, 8.245941341781740874 ) ) ;
#1158 = CARTESIAN_POINT ( 'NONE',  ( 58.38358302715818127, 66.97267028886926710, 8.169180397836578678 ) ) ;
#1159 = LINE ( 'NONE', #768, #4525 ) ;
#1160 = ORIENTED_EDGE ( 'NONE', *, *, #3531, .T. ) ;
#1161 = CARTESIAN_POINT ( 'NONE',  ( 58.20750814851605526, 63.06799794364062706, 19.67587905462626807 ) ) ;
#1162 = EDGE_CURVE ( 'NONE', #1854, #182, #2024, .T. ) ;
#1163 = DIRECTION ( 'NONE',  ( -1.000000000000000000, -0.000000000000000000, -0.000000000000000000 ) ) ;
#1164 = CARTESIAN_POINT ( 'NONE',  ( 58.26938999499282801, 65.03267053859366342, 19.86248353770196218 ) ) ;
#1165 = ORIENTED_EDGE ( 'NONE', *, *, #3220, .T. ) ;
#1166 = CARTESIAN_POINT ( 'NONE',  ( 51.27479443691992600, 71.38000303812485470, 8.248309857285880398 ) ) ;
#1167 = CARTESIAN_POINT ( 'NONE',  ( 55.20028581009747626, 69.25212801747150593, 20.83954528252819571 ) ) ;
#1168 = DIRECTION ( 'NONE',  ( -1.000000000000000000, 0.000000000000000000, 0.000000000000000000 ) ) ;
#1169 = CARTESIAN_POINT ( 'NONE',  ( 34.50521378514581272, 67.50199890136700276, 24.06000020980799903 ) ) ;
#1170 = ORIENTED_EDGE ( 'NONE', *, *, #2686, .T. ) ;
#1171 = CARTESIAN_POINT ( 'NONE',  ( 58.90816665052511780, 63.62070993877348712, 19.38983289751249117 ) ) ;
#1172 = ORIENTED_EDGE ( 'NONE', *, *, #1942, .F. ) ;
#1173 = DIRECTION ( 'NONE',  ( 0.000000000000000000, -1.000000000000000000, 0.000000000000000000 ) ) ;
#1174 = CARTESIAN_POINT ( 'NONE',  ( 6.500000000000000888, 70.50199890136700276, -4.219999790191996780 ) ) ;
#1175 = CARTESIAN_POINT ( 'NONE',  ( 58.63056237660369874, 60.13400558561431808, 17.55669661746486554 ) ) ;
#1176 = ORIENTED_EDGE ( 'NONE', *, *, #1930, .F. ) ;
#1177 = EDGE_LOOP ( 'NONE', ( #2330, #1758, #4535, #2836 ) ) ;
#1178 = CARTESIAN_POINT ( 'NONE',  ( 58.16433455965945853, 57.68169111042866604, 13.35889990358178103 ) ) ;
#1179 = CARTESIAN_POINT ( 'NONE',  ( 58.92410010372122997, 63.83410270144557330, 8.560497169672041551 ) ) ;
#1180 = CARTESIAN_POINT ( 'NONE',  ( 52.50940772805699197, 71.05465761806034664, 8.169549396630133131 ) ) ;
#1181 = ORIENTED_EDGE ( 'NONE', *, *, #2808, .F. ) ;
#1182 = EDGE_CURVE ( 'NONE', #90, #1982, #923, .T. ) ;
#1183 = CARTESIAN_POINT ( 'NONE',  ( 58.67472178855618381, 63.98915919839666344, 8.456926569201552724 ) ) ;
#1184 = CARTESIAN_POINT ( 'NONE',  ( -2.000000000000000000, 73.00199890136700276, 25.66000020980800045 ) ) ;
#1185 = CARTESIAN_POINT ( 'NONE',  ( -0.5029999997788460186, 6.500000000008358647, 25.66000020980800045 ) ) ;
#1186 = EDGE_CURVE ( 'NONE', #1884, #2608, #436, .T. ) ;
#1187 = CARTESIAN_POINT ( 'NONE',  ( 58.15800094435959267, 7.111968675492812864, -4.219999790191996780 ) ) ;
#1188 = DIRECTION ( 'NONE',  ( -1.000000000000000000, 0.000000000000000000, 9.663106532212572051E-19 ) ) ;
#1189 = DIRECTION ( 'NONE',  ( 0.000000000000000000, -1.000000000000000000, 0.000000000000000000 ) ) ;
#1190 = AXIS2_PLACEMENT_3D ( 'NONE', #2668, #801, #3719 ) ;
#1191 = VERTEX_POINT ( 'NONE', #4586 ) ;
#1192 = CARTESIAN_POINT ( 'NONE',  ( 9.239999999999998437, 71.60199890136701129, 14.64000020980799910 ) ) ;
#1193 = VERTEX_POINT ( 'NONE', #4633 ) ;
#1194 = DIRECTION ( 'NONE',  ( 1.000000000000000000, 0.000000000000000000, 0.000000000000000000 ) ) ;
#1195 = DIRECTION ( 'NONE',  ( 0.9999999921568193395, -0.0001252452049413511459, -0.000000000000000000 ) ) ;
#1196 = CLOSED_SHELL ( 'NONE', ( #3734, #3300, #4553, #1518, #3976, #1896, #4345, #637, #1922, #1267, #4203, #1309, #3155, #846, #51, #864, #1551, #1512, #4027, #4245, #4195, #2504, #4164, #2706, #3698, #371, #75, #413, #485, #925, #2102, #2802, #1455, #3519, #986, #3513, #2161, #2382, #1651, #1030, #1695, #215, #1662, #100, #4621, #2492, #2297, #300, #3208, #2827, #1213, #2000, #3026, #1274, #3403, #945, #3593, #2350, #1281, #816, #2434, #1723, #377, #2883, #4753, #1357, #3427, #3167, #1902, #3915, #2190, #438, #4048, #3149, #644, #4658, #2619, #4689, #1243, #2913, #70, #4853, #674, #4097, #771, #715, #2048, #3840, #1775, #4400, #3876, #1713, #1807, #3941, #3583, #2022, #2498, #1303, #3098, #3091, #2378, #2954, #2727, #2511, #2441, #1127, #3632, #3934, #4264, #4006, #192, #2762, #4333 ) ) ;
#1197 = FACE_OUTER_BOUND ( 'NONE', #3835, .T. ) ;
#1198 = ORIENTED_EDGE ( 'NONE', *, *, #4782, .F. ) ;
#1199 = EDGE_LOOP ( 'NONE', ( #4589, #4241, #1731, #1084 ) ) ;
#1200 = CARTESIAN_POINT ( 'NONE',  ( 44.26503517675359234, 70.50199890136700276, 17.80607035997138610 ) ) ;
#1201 = CARTESIAN_POINT ( 'NONE',  ( 58.81358718820565201, 65.71076128125770310, 8.196116485198766455 ) ) ;
#1202 = CARTESIAN_POINT ( 'NONE',  ( 57.19667939572946835, 67.10288264324702823, 7.169180397836582230 ) ) ;
#1203 = ORIENTED_EDGE ( 'NONE', *, *, #111, .F. ) ;
#1204 = CARTESIAN_POINT ( 'NONE',  ( 58.16445994665111385, 58.68282318679629839, 10.66806101459951428 ) ) ;
#1205 = CARTESIAN_POINT ( 'NONE',  ( 57.66391021098766601, 52.71787640606714120, 17.13761470659513009 ) ) ;
#1206 = EDGE_CURVE ( 'NONE', #3262, #920, #2501, .T. ) ;
#1207 = CARTESIAN_POINT ( 'NONE',  ( 57.16485122630606242, 67.13973529884989944, 7.336242525019335048 ) ) ;
#1208 = CARTESIAN_POINT ( 'NONE',  ( 53.54300351392488722, 70.18724744922030823, 20.13830839044672416 ) ) ;
#1209 = CIRCLE ( 'NONE', #3952, 1.849999999999999423 ) ;
#1210 = AXIS2_PLACEMENT_3D ( 'NONE', #2738, #4611, #3869 ) ;
#1211 = CARTESIAN_POINT ( 'NONE',  ( -2.000000000000000000, 54.03152911522300883, 3.099999999999999645 ) ) ;
#1212 = CARTESIAN_POINT ( 'NONE',  ( 58.91122975935688544, 63.67148321488301832, 19.40391937458278093 ) ) ;
#1213 = ADVANCED_FACE ( 'NONE', ( #1929 ), #2368, .F. ) ;
#1214 = CARTESIAN_POINT ( 'NONE',  ( -0.5029999997788460186, 7.024939767562881521, 25.66000020980800045 ) ) ;
#1215 = CARTESIAN_POINT ( 'NONE',  ( 6.500000000000000888, 63.50199890136699565, -4.219999790191996780 ) ) ;
#1216 = ORIENTED_EDGE ( 'NONE', *, *, #4423, .F. ) ;
#1217 = DIRECTION ( 'NONE',  ( 0.000000000000000000, 0.000000000000000000, -1.000000000000000000 ) ) ;
#1218 = STYLED_ITEM ( 'NONE', ( #3393 ), #4282 ) ;
#1219 = CARTESIAN_POINT ( 'NONE',  ( 52.40844286056147894, 70.39095295438032451, 20.67547091684157934 ) ) ;
#1220 = EDGE_CURVE ( 'NONE', #1041, #3925, #1096, .T. ) ;
#1221 = CARTESIAN_POINT ( 'NONE',  ( 2.497101309878189568, 7.698176481136446370, 24.06000020980799903 ) ) ;
#1222 = DIRECTION ( 'NONE',  ( 0.000000000000000000, -0.000000000000000000, 1.000000000000000000 ) ) ;
#1223 = DIRECTION ( 'NONE',  ( -0.7433024782647695838, -0.6689554737091638614, 1.300023451391010498E-18 ) ) ;
#1224 = VECTOR ( 'NONE', #1078, 1000.000000000000000 ) ;
#1225 = AXIS2_PLACEMENT_3D ( 'NONE', #476, #453, #1188 ) ;
#1226 = VERTEX_POINT ( 'NONE', #4269 ) ;
#1227 = VERTEX_POINT ( 'NONE', #805 ) ;
#1228 = CARTESIAN_POINT ( 'NONE',  ( 51.30058590085537418, 70.50100284342975954, 7.552961363079241153 ) ) ;
#1229 = EDGE_CURVE ( 'NONE', #3720, #2919, #2616, .T. ) ;
#1230 = CARTESIAN_POINT ( 'NONE',  ( 58.70377187207191128, 66.13924737884599381, 8.171774539340301402 ) ) ;
#1231 = FACE_OUTER_BOUND ( 'NONE', #2347, .T. ) ;
#1232 = AXIS2_PLACEMENT_3D ( 'NONE', #3653, #2626, #287 ) ;
#1233 = EDGE_LOOP ( 'NONE', ( #3935, #1565, #4795, #37 ) ) ;
#1234 = AXIS2_PLACEMENT_3D ( 'NONE', #1638, #3126, #4627 ) ;
#1235 = CARTESIAN_POINT ( 'NONE',  ( 50.66500089984056387, 73.00199890136698855, 19.24248600551585398 ) ) ;
#1236 = CARTESIAN_POINT ( 'NONE',  ( 59.58672918829065424, 2.998495322200926072, 16.13758113637682357 ) ) ;
#1237 = CARTESIAN_POINT ( 'NONE',  ( 52.97582108611414498, 70.27264424094393291, 20.67534102489031866 ) ) ;
#1238 = B_SPLINE_SURFACE_WITH_KNOTS ( 'NONE', 5, 3, ( 
 ( #2943, #716, #2202, #3655, #2503, #4789, #4451, #1866, #4007, #1423, #1477 ),
 ( #4867, #1836, #639, #289, #2914, #2968, #4056, #3736, #689, #3682, #1811 ),
 ( #3305, #1079, #1105, #2576, #4080, #3707, #342, #2602, #4106, #4766, #3607 ),
 ( #3279, #2178, #714, #3706, #4381, #4079, #341, #1422, #2502, #1786, #3679 ),
 ( #3232, #313, #3332, #1011, #1349, #2841, #1810, #4005, #4356, #985, #1739 ),
 ( #4737, #1376, #638, #2869, #1400, #2891, #1029, #662, #2525, #2152, #4137 ),
 ( #4105, #1865, #4502, #1104, #1476, #74, #740, #3021, #3047, #2677, #372 ),
 ( #2232, #1576, #394, #25, #2699, #4552, #1204, #1499, #4571, #471, #4531 ),
 ( #53, #812, #1161, #2631, #2992, #4865, #1135, #3357, #4840, #3836, #3384 ),
 ( #769, #448, #1526, #1939, #3437, #2659, #2335, #2967, #4475, #4209, #3733 ),
 ( #3068, #4160, #1912, #2260, #3761, #1960, #2309, #791, #2600, #1183, #1890 ),
 ( #838, #4183, #2283, #3786, #417, #3412, #1555, #3812, #3465, #3034, #1263 ),
 ( #4219, #4628, #3771, #1563, #4605, #60, #2270, #1608, #3394, #4539, #2685 ) ),
 .UNSPECIFIED., .F., .F., .F.,
 ( 6, 5, 2, 6 ),
 ( 4, 1, 1, 1, 1, 1, 1, 1, 4 ),
 ( -0.01000000000000000021, 0.000000000000000000, 0.5000000000000000000, 1.000000000000000000 ),
 ( -1.249273467666536463, -1.173559924171595048, -0.9464192936867709127, -0.5678515762120642796, -4.107825191113079200E-15, 0.5678515762120559529, 0.9464192936867626971, 1.173559924171586832, 1.249273467666528248 ),
 .UNSPECIFIED. ) ;
#1239 = LINE ( 'NONE', #1655, #4207 ) ;
#1240 = CARTESIAN_POINT ( 'NONE',  ( 58.79185409707586984, 63.76578386101682128, 19.46310210266086571 ) ) ;
#1241 = CARTESIAN_POINT ( 'NONE',  ( 5.497552569110274234, 10.69772515401585089, 20.06000020980799903 ) ) ;
#1242 = DIRECTION ( 'NONE',  ( -0.000000000000000000, -0.000000000000000000, -1.000000000000000000 ) ) ;
#1243 = ADVANCED_FACE ( 'NONE', ( #628 ), #2054, .T. ) ;
#1244 = CARTESIAN_POINT ( 'NONE',  ( 0.2570000000000002838, 11.75999999999999979, 20.06000020980799903 ) ) ;
#1245 = CARTESIAN_POINT ( 'NONE',  ( 59.66500089984057098, 63.00174841041823726, 25.66000020980800045 ) ) ;
#1246 = LINE ( 'NONE', #2487, #427 ) ;
#1247 = CARTESIAN_POINT ( 'NONE',  ( 58.54263966358232096, 59.00398334498262898, 16.14292716567049268 ) ) ;
#1248 = EDGE_CURVE ( 'NONE', #1428, #1734, #455, .T. ) ;
#1249 = CARTESIAN_POINT ( 'NONE',  ( 59.66500089984057098, 63.00174841041823726, 25.66000020980800045 ) ) ;
#1250 = ORIENTED_EDGE ( 'NONE', *, *, #779, .F. ) ;
#1251 = CARTESIAN_POINT ( 'NONE',  ( 51.67176839930192500, 70.74856527926176852, 8.094272611657663319 ) ) ;
#1252 = CARTESIAN_POINT ( 'NONE',  ( 58.61737764547891771, 65.02110590639351528, 8.248921119031114912 ) ) ;
#1253 = DIRECTION ( 'NONE',  ( 0.000000000000000000, 1.000000000000000000, 0.000000000000000000 ) ) ;
#1254 = ORIENTED_EDGE ( 'NONE', *, *, #244, .T. ) ;
#1255 = ORIENTED_EDGE ( 'NONE', *, *, #1418, .F. ) ;
#1256 = ORIENTED_EDGE ( 'NONE', *, *, #2581, .F. ) ;
#1257 = VERTEX_POINT ( 'NONE', #2612 ) ;
#1258 = CARTESIAN_POINT ( 'NONE',  ( 51.15800094435959267, -0.4999999999916412419, -4.219999790191996780 ) ) ;
#1259 = CARTESIAN_POINT ( 'NONE',  ( 54.54275893917817797, 69.76306073611861791, 20.13524230346359545 ) ) ;
#1260 = CARTESIAN_POINT ( 'NONE',  ( 16.00513015478068723, 54.03152911522300883, -0.5999999999999994227 ) ) ;
#1261 = CARTESIAN_POINT ( 'NONE',  ( 56.15679426006158081, 71.15829481203898865, 25.66000020980800400 ) ) ;
#1262 = LINE ( 'NONE', #4265, #3109 ) ;
#1263 = CARTESIAN_POINT ( 'NONE',  ( 58.82112575035636581, 64.20011291810097021, 8.440359901749998173 ) ) ;
#1264 = EDGE_LOOP ( 'NONE', ( #2174, #1454, #3872, #1907, #4846, #3529 ) ) ;
#1265 = DIRECTION ( 'NONE',  ( 0.000000000000000000, 0.000000000000000000, -1.000000000000000000 ) ) ;
#1266 = LINE ( 'NONE', #4244, #1367 ) ;
#1267 = ADVANCED_FACE ( 'NONE', ( #4852 ), #1487, .F. ) ;
#1268 = CARTESIAN_POINT ( 'NONE',  ( 57.26748274114003578, 68.71731762306680480, 8.169180397836587559 ) ) ;
#1269 = CARTESIAN_POINT ( 'NONE',  ( 51.27479443691992600, 71.38000303812485470, 19.76041582307890465 ) ) ;
#1270 = EDGE_LOOP ( 'NONE', ( #4801, #28, #3598, #4551 ) ) ;
#1271 = CARTESIAN_POINT ( 'NONE',  ( 3.757000000000000117, 11.75999999999999979, 20.06000020980799903 ) ) ;
#1272 = CARTESIAN_POINT ( 'NONE',  ( 51.95351615730395878, 70.52870283422969067, 7.867461089812170627 ) ) ;
#1273 = CARTESIAN_POINT ( 'NONE',  ( 51.15800094435959267, -0.4999999999916412419, -4.219999790191996780 ) ) ;
#1274 = ADVANCED_FACE ( 'NONE', ( #3692 ), #383, .F. ) ;
#1275 = DIRECTION ( 'NONE',  ( 0.000000000000000000, 0.000000000000000000, -1.000000000000000000 ) ) ;
#1276 = B_SPLINE_SURFACE_WITH_KNOTS ( 'NONE', 5, 3, ( 
 ( #4186, #474, #3512, #1964, #4286, #2407, #3816, #451, #4646, #863, #2037 ),
 ( #2680, #1283, #1237, #3486, #2312, #126, #3459, #1941, #1634, #2772, #3534 ),
 ( #541, #4237, #3051, #1602, #2358, #2703, #78, #1579, #3071, #3861, #4575 ),
 ( #4214, #3122, #495, #1208, #1259, #841, #2751, #4260, #885, #2381, #3882 ),
 ( #4402, #4312, #2059, #262, #1717, #2105, #3558, #937, #2151, #2500, #3207 ),
 ( #1375, #171, #2124, #4765, #3605, #4354, #592, #2523, #2428, #2450, #3984 ),
 ( #3928, #661, #3954, #236, #1028, #3163, #957, #4004, #4331, #4026, #1010 ),
 ( #2797, #2084, #3628, #3585, #2890, #1674, #564, #194, #1762, #984, #4671 ) ),
 .UNSPECIFIED., .F., .F., .F.,
 ( 6, 2, 6 ),
 ( 4, 1, 1, 1, 1, 1, 1, 1, 4 ),
 ( 0.000000000000000000, 0.5000000000000000000, 1.000000000000000000 ),
 ( 1.761442222870091001, 1.828813537540306067, 1.929870509545628776, 2.064613138886059129, 2.266727082896704104, 2.468841026907349523, 2.603583656247779654, 2.704640628253102363, 2.772011942923317651 ),
 .UNSPECIFIED. ) ;
#1277 = ORIENTED_EDGE ( 'NONE', *, *, #1119, .F. ) ;
#1278 = VERTEX_POINT ( 'NONE', #1877 ) ;
#1279 = ORIENTED_EDGE ( 'NONE', *, *, #3989, .T. ) ;
#1280 = CARTESIAN_POINT ( 'NONE',  ( 35.24955394561818167, 67.50199890136700276, 24.06000020980799903 ) ) ;
#1281 = ADVANCED_FACE ( 'NONE', ( #2135 ), #3266, .F. ) ;
#1282 = CARTESIAN_POINT ( 'NONE',  ( 53.65448794885815431, 70.06225775301398073, 7.333692901948824172 ) ) ;
#1283 = CARTESIAN_POINT ( 'NONE',  ( 52.59171371577150467, 70.35708935464816705, 20.67534739242884356 ) ) ;
#1284 = CARTESIAN_POINT ( 'NONE',  ( 43.82937165317581218, 29.00199890019687388, -4.219999790191999445 ) ) ;
#1285 = CARTESIAN_POINT ( 'NONE',  ( 58.16500091023044661, 63.00205899257918674, 20.20271662048031658 ) ) ;
#1286 = EDGE_CURVE ( 'NONE', #1006, #4144, #2308, .T. ) ;
#1287 = PLANE ( 'NONE',  #2479 ) ;
#1288 = ORIENTED_EDGE ( 'NONE', *, *, #3765, .T. ) ;
#1289 = CARTESIAN_POINT ( 'NONE',  ( 52.46213736592908106, 70.38083080937451541, 20.83954528217198288 ) ) ;
#1290 = DIRECTION ( 'NONE',  ( 0.000000000000000000, 0.000000000000000000, -1.000000000000000000 ) ) ;
#1291 = CARTESIAN_POINT ( 'NONE',  ( 43.33952927230654950, 70.51583545459395452, 16.24999470094952514 ) ) ;
#1292 = AXIS2_PLACEMENT_3D ( 'NONE', #2758, #4543, #1567 ) ;
#1293 = ORIENTED_EDGE ( 'NONE', *, *, #3433, .F. ) ;
#1294 = VERTEX_POINT ( 'NONE', #3665 ) ;
#1295 = CARTESIAN_POINT ( 'NONE',  ( 58.16351559782791014, 51.14282341080252792, 6.562614706595136127 ) ) ;
#1296 = AXIS2_PLACEMENT_3D ( 'NONE', #3575, #3973, #2491 ) ;
#1297 = CARTESIAN_POINT ( 'NONE',  ( 51.52137378927291422, 71.24832232395365850, 8.209400247950792817 ) ) ;
#1298 = DIRECTION ( 'NONE',  ( 0.000000000000000000, 0.000000000000000000, -1.000000000000000000 ) ) ;
#1299 = CARTESIAN_POINT ( 'NONE',  ( 6.500000000000000888, 70.50199890136700276, -4.219999790191996780 ) ) ;
#1300 = AXIS2_PLACEMENT_3D ( 'NONE', #4416, #4729, #631 ) ;
#1301 = VERTEX_POINT ( 'NONE', #1796 ) ;
#1302 = ORIENTED_EDGE ( 'NONE', *, *, #1586, .T. ) ;
#1303 = ADVANCED_FACE ( 'NONE', ( #4799 ), #2189, .F. ) ;
#1304 = VECTOR ( 'NONE', #1840, 1000.000000000000114 ) ;
#1305 = CARTESIAN_POINT ( 'NONE',  ( 55.16020914637743289, 27.74318682140339831, 20.06000020980799903 ) ) ;
#1306 = CARTESIAN_POINT ( 'NONE',  ( 59.59066617967076951, 3.024817439769496463, 16.40014581157269191 ) ) ;
#1307 = DIRECTION ( 'NONE',  ( -0.000000000000000000, 0.000000000000000000, -1.000000000000000000 ) ) ;
#1308 = VECTOR ( 'NONE', #1862, 1000.000000000000000 ) ;
#1309 = ADVANCED_FACE ( 'NONE', ( #2570 ), #2904, .F. ) ;
#1310 = CARTESIAN_POINT ( 'NONE',  ( 16.82937165317581218, 54.60199890136701129, -5.219999790191999445 ) ) ;
#1311 = CARTESIAN_POINT ( 'NONE',  ( 5.000000000000000000, 66.00199890136700276, -5.219999790191998557 ) ) ;
#1312 = CARTESIAN_POINT ( 'NONE',  ( 58.88303959199936344, 63.31529457091278346, 19.29588584904975335 ) ) ;
#1313 = ORIENTED_EDGE ( 'NONE', *, *, #245, .T. ) ;
#1314 = FACE_OUTER_BOUND ( 'NONE', #3546, .T. ) ;
#1315 = CARTESIAN_POINT ( 'NONE',  ( 52.68094593598601705, 71.35705527792387670, 19.83954528252819571 ) ) ;
#1316 = CARTESIAN_POINT ( 'NONE',  ( 58.60727113764315988, 59.83670160065418031, 10.77559858932844250 ) ) ;
#1317 = CARTESIAN_POINT ( 'NONE',  ( 42.85759118365907483, 70.56431126707623491, 14.00436284018249466 ) ) ;
#1318 = CARTESIAN_POINT ( 'NONE',  ( 52.34160847584367104, 70.70928654863790541, 8.093370702801525596 ) ) ;
#1319 = ORIENTED_EDGE ( 'NONE', *, *, #1987, .F. ) ;
#1320 = CARTESIAN_POINT ( 'NONE',  ( 50.66500089984056387, 73.00199890136698855, 19.24248600551585398 ) ) ;
#1321 = CARTESIAN_POINT ( 'NONE',  ( 52.40809390453319594, 71.06709013102992856, 8.168740936302288702 ) ) ;
#1322 = DIRECTION ( 'NONE',  ( -0.9999999921568193395, 0.0001252452049413511459, -0.000000000000000000 ) ) ;
#1323 = PLANE ( 'NONE',  #2536 ) ;
#1324 = ORIENTED_EDGE ( 'NONE', *, *, #737, .T. ) ;
#1325 = ORIENTED_EDGE ( 'NONE', *, *, #4226, .F. ) ;
#1326 = DIRECTION ( 'NONE',  ( -0.0001252452049414871861, -0.9999999921568193395, 0.000000000000000000 ) ) ;
#1327 = DIRECTION ( 'NONE',  ( -0.000000000000000000, -0.000000000000000000, -1.000000000000000000 ) ) ;
#1328 = EDGE_CURVE ( 'NONE', #1301, #2264, #2593, .T. ) ;
#1329 = FACE_OUTER_BOUND ( 'NONE', #1345, .T. ) ;
#1330 = CARTESIAN_POINT ( 'NONE',  ( 57.82247618944753498, 70.91211467237923216, 8.169180397836591112 ) ) ;
#1331 = CARTESIAN_POINT ( 'NONE',  ( 58.15800094435959267, 7.111968675492812864, 10.98761470659512263 ) ) ;
#1332 = CARTESIAN_POINT ( 'NONE',  ( 57.99510490911981009, 4.998664136498689459, 16.27485909192052915 ) ) ;
#1333 = EDGE_CURVE ( 'NONE', #825, #2264, #4046, .T. ) ;
#1334 = ORIENTED_EDGE ( 'NONE', *, *, #1635, .T. ) ;
#1335 = CARTESIAN_POINT ( 'NONE',  ( -2.000000000000000000, 66.00199890136700276, 25.66000020980800045 ) ) ;
#1336 = CARTESIAN_POINT ( 'NONE',  ( 52.59533958319099156, 71.20602411418909128, 19.83954528252819927 ) ) ;
#1337 = CARTESIAN_POINT ( 'NONE',  ( 58.56578473832966125, 59.30907964025850276, 11.34527088255561011 ) ) ;
#1338 = CARTESIAN_POINT ( 'NONE',  ( 45.13768037963792068, 70.52341111339177360, 9.807803839626803466 ) ) ;
#1339 = CARTESIAN_POINT ( 'NONE',  ( 48.38868134847511726, 71.15544973856762567, 19.16617465821640209 ) ) ;
#1340 = ORIENTED_EDGE ( 'NONE', *, *, #1942, .T. ) ;
#1341 = LINE ( 'NONE', #3270, #3725 ) ;
#1342 = CARTESIAN_POINT ( 'NONE',  ( 59.66500089984057098, 64.00199890136701697, -6.763999790191994599 ) ) ;
#1343 = DIRECTION ( 'NONE',  ( 0.0001252452049413511459, 0.9999999921568193395, 0.000000000000000000 ) ) ;
#1344 = ORIENTED_EDGE ( 'NONE', *, *, #308, .F. ) ;
#1345 = EDGE_LOOP ( 'NONE', ( #3269, #3762, #4406, #630 ) ) ;
#1346 = CARTESIAN_POINT ( 'NONE',  ( 57.69235310622323709, 66.03057029831589375, 7.169180397836580454 ) ) ;
#1347 = CARTESIAN_POINT ( 'NONE',  ( 52.92197914425507577, 70.28697071649598627, 7.498145918140424193 ) ) ;
#1348 = CARTESIAN_POINT ( 'NONE',  ( 59.66500089984057098, 63.65521841840247674, 19.16941936915223366 ) ) ;
#1349 = CARTESIAN_POINT ( 'NONE',  ( 58.16444057632539000, 58.52816395666845040, 17.45214473067613170 ) ) ;
#1350 = AXIS2_PLACEMENT_3D ( 'NONE', #4476, #1788, #4841 ) ;
#1351 = CARTESIAN_POINT ( 'NONE',  ( 58.62483199136508460, 66.39179478359432096, 19.83954528252819571 ) ) ;
#1352 = EDGE_CURVE ( 'NONE', #90, #1759, #2678, .T. ) ;
#1353 = CARTESIAN_POINT ( 'NONE',  ( 50.66500089984057098, 73.00199890136700276, 25.66000020980800045 ) ) ;
#1354 = LINE ( 'NONE', #4674, #3028 ) ;
#1355 = CARTESIAN_POINT ( 'NONE',  ( -0.5005768726879817887, 29.17316163251585692, -0.7709996074473568495 ) ) ;
#1356 = ORIENTED_EDGE ( 'NONE', *, *, #1418, .T. ) ;
#1357 = ADVANCED_FACE ( 'NONE', ( #3009 ), #4781, .F. ) ;
#1358 = CARTESIAN_POINT ( 'NONE',  ( 52.29907333493355281, 70.48945234200088805, 20.13894761480878515 ) ) ;
#1359 = CARTESIAN_POINT ( 'NONE',  ( 51.71920826955718553, 71.25248999000763206, 19.81364163511962673 ) ) ;
#1360 = CARTESIAN_POINT ( 'NONE',  ( 58.64332418750393572, 60.28148899730975074, 10.35390421057187460 ) ) ;
#1361 = CARTESIAN_POINT ( 'NONE',  ( 50.16234125171666136, 71.02635228701483072, 8.304679352873971965 ) ) ;
#1362 = VECTOR ( 'NONE', #4306, 1000.000000000000000 ) ;
#1363 = CARTESIAN_POINT ( 'NONE',  ( 46.28657957614604612, 70.99202901477178784, 18.25015215223259446 ) ) ;
#1364 = EDGE_LOOP ( 'NONE', ( #2496, #4344, #1160, #2433 ) ) ;
#1365 = EDGE_CURVE ( 'NONE', #2608, #1294, #3877, .T. ) ;
#1366 = LINE ( 'NONE', #4396, #3095 ) ;
#1367 = VECTOR ( 'NONE', #1904, 1000.000000000000000 ) ;
#1368 = CARTESIAN_POINT ( 'NONE',  ( 57.89331922649707707, 4.590687938280794356, 15.32073735033632822 ) ) ;
#1369 = ORIENTED_EDGE ( 'NONE', *, *, #4559, .T. ) ;
#1370 = ORIENTED_EDGE ( 'NONE', *, *, #469, .F. ) ;
#1371 = CARTESIAN_POINT ( 'NONE',  ( 52.65874330635161726, -3.000000000000000000, 25.66000020980800045 ) ) ;
#1372 = CIRCLE ( 'NONE', #3740, 7.000000000000000000 ) ;
#1373 = CARTESIAN_POINT ( 'NONE',  ( 55.71048437726999225, 68.99429027934277769, 7.877029391959014859 ) ) ;
#1374 = VECTOR ( 'NONE', #4425, 1000.000000000000000 ) ;
#1375 = CARTESIAN_POINT ( 'NONE',  ( 52.50940774630418417, 71.05465767978813574, 19.83917626326093142 ) ) ;
#1376 = CARTESIAN_POINT ( 'NONE',  ( 58.16509483803174874, 63.75201026305436613, 20.43476455208551101 ) ) ;
#1377 = AXIS2_PLACEMENT_3D ( 'NONE', #3382, #392, #2911 ) ;
#1378 = VECTOR ( 'NONE', #4453, 1000.000000000000114 ) ;
#1379 = PLANE ( 'NONE',  #806 ) ;
#1380 = LINE ( 'NONE', #266, #591 ) ;
#1381 = DIRECTION ( 'NONE',  ( 1.000000000000000000, 0.000000000000000000, 0.000000000000000000 ) ) ;
#1382 = CARTESIAN_POINT ( 'NONE',  ( 57.82247618944719392, 70.91211467237808108, 19.83954528252819216 ) ) ;
#1383 = VECTOR ( 'NONE', #635, 1000.000000000000000 ) ;
#1384 = ORIENTED_EDGE ( 'NONE', *, *, #4809, .T. ) ;
#1385 = CARTESIAN_POINT ( 'NONE',  ( -0.5000000000000000000, 62.83952006898649500, -4.219999790191996780 ) ) ;
#1386 = CARTESIAN_POINT ( 'NONE',  ( 51.98279090257943125, 71.40381236914615215, 19.81898827021995046 ) ) ;
#1387 = CARTESIAN_POINT ( 'NONE',  ( 58.76585580658460373, 61.80732820094821989, 9.304315466681737590 ) ) ;
#1388 = CARTESIAN_POINT ( 'NONE',  ( 51.16500091023044661, 70.50199890136700276, 7.261870608852968090 ) ) ;
#1389 = CARTESIAN_POINT ( 'NONE',  ( 44.86752702416821847, 70.88144916895804215, 10.79026504734008363 ) ) ;
#1390 = VERTEX_POINT ( 'NONE', #1123 ) ;
#1391 = CYLINDRICAL_SURFACE ( 'NONE', #1834, 3.400000000000003908 ) ;
#1392 = CYLINDRICAL_SURFACE ( 'NONE', #2391, 1.000000000000004219 ) ;
#1393 = CARTESIAN_POINT ( 'NONE',  ( 57.59011658266855704, 3.724749124873781625, 15.14284986028657265 ) ) ;
#1394 = EDGE_CURVE ( 'NONE', #4143, #2055, #283, .T. ) ;
#1395 = VERTEX_POINT ( 'NONE', #4124 ) ;
#1396 = VERTEX_POINT ( 'NONE', #4442 ) ;
#1397 = CARTESIAN_POINT ( 'NONE',  ( 6.500000000000000888, 70.50199890136700276, -4.219999790191996780 ) ) ;
#1398 = CARTESIAN_POINT ( 'NONE',  ( 52.53715755498440387, 70.36836153558972740, 7.498134038159261827 ) ) ;
#1399 = LINE ( 'NONE', #4501, #4672 ) ;
#1400 = CARTESIAN_POINT ( 'NONE',  ( 58.16444076811082198, 58.52969523617448289, 17.45104096765700419 ) ) ;
#1401 = CARTESIAN_POINT ( 'NONE',  ( 3.895228057713866932, 70.00019057861383942, 16.63697892129033207 ) ) ;
#1402 = DIRECTION ( 'NONE',  ( -1.000000000000000000, -0.000000000000000000, -0.000000000000000000 ) ) ;
#1403 = CARTESIAN_POINT ( 'NONE',  ( 50.66500089984056387, 73.00199890136698855, 19.24248600551585398 ) ) ;
#1404 = ORIENTED_EDGE ( 'NONE', *, *, #779, .T. ) ;
#1405 = DIRECTION ( 'NONE',  ( -0.000000000000000000, -1.000000000000000000, 0.000000000000000000 ) ) ;
#1406 = CARTESIAN_POINT ( 'NONE',  ( 52.28104718973659004, 71.07768267791193750, 19.84022758662970531 ) ) ;
#1407 = DIRECTION ( 'NONE',  ( -0.000000000000000000, 1.000000000000000000, -0.000000000000000000 ) ) ;
#1408 = DIRECTION ( 'NONE',  ( -0.000000000000000000, -0.000000000000000000, -1.000000000000000000 ) ) ;
#1409 = CARTESIAN_POINT ( 'NONE',  ( 46.91744315664291776, 71.04122231433838408, 9.425213413700019416 ) ) ;
#1410 = ORIENTED_EDGE ( 'NONE', *, *, #1930, .T. ) ;
#1411 = CARTESIAN_POINT ( 'NONE',  ( 27.48918334204437386, 70.50199890136700276, 11.56580769869921710 ) ) ;
#1412 = EDGE_CURVE ( 'NONE', #926, #4641, #1825, .T. ) ;
#1413 = DIRECTION ( 'NONE',  ( -1.000000000000000000, -0.000000000000000000, -0.000000000000000000 ) ) ;
#1414 = CARTESIAN_POINT ( 'NONE',  ( 58.15800094435959267, 7.111968675492812864, 17.13761470659512653 ) ) ;
#1415 = DIRECTION ( 'NONE',  ( -0.000000000000000000, -0.000000000000000000, -1.000000000000000000 ) ) ;
#1416 = ORIENTED_EDGE ( 'NONE', *, *, #1829, .T. ) ;
#1417 = ORIENTED_EDGE ( 'NONE', *, *, #4032, .T. ) ;
#1418 = EDGE_CURVE ( 'NONE', #2240, #3061, #306, .T. ) ;
#1419 = DIRECTION ( 'NONE',  ( -0.000000000000000000, -0.000000000000000000, -1.000000000000000000 ) ) ;
#1420 = CARTESIAN_POINT ( 'NONE',  ( 55.67339476184379521, 68.92605551089347671, 7.506542061743581407 ) ) ;
#1421 = CARTESIAN_POINT ( 'NONE',  ( 9.176050581058618150, 20.20700443249032219, 2.869023291571487277 ) ) ;
#1422 = CARTESIAN_POINT ( 'NONE',  ( 58.16475586208981241, 61.04551192155097539, 8.576303866656697750 ) ) ;
#1423 = CARTESIAN_POINT ( 'NONE',  ( 58.16509438956995837, 63.74842959319916247, 7.560640412496723251 ) ) ;
#1424 = EDGE_CURVE ( 'NONE', #3879, #3037, #2226, .T. ) ;
#1425 = LINE ( 'NONE', #1106, #3645 ) ;
#1426 = LINE ( 'NONE', #3684, #1378 ) ;
#1427 = FACE_OUTER_BOUND ( 'NONE', #1670, .T. ) ;
#1428 = VERTEX_POINT ( 'NONE', #3826 ) ;
#1429 = ORIENTED_EDGE ( 'NONE', *, *, #352, .F. ) ;
#1430 = CARTESIAN_POINT ( 'NONE',  ( 58.16500091023044661, 62.98588564278801982, 7.948985703335794462 ) ) ;
#1431 = EDGE_CURVE ( 'NONE', #933, #4034, #1971, .T. ) ;
#1432 = DIRECTION ( 'NONE',  ( 1.000000000000000000, 0.000000000000000000, 0.000000000000000000 ) ) ;
#1433 = CARTESIAN_POINT ( 'NONE',  ( -0.5029999997788460186, 7.024939767562881521, -97.32438719255948456 ) ) ;
#1434 = CARTESIAN_POINT ( 'NONE',  ( 36.72599999999999909, 67.89399999999999125, 24.06000020980799903 ) ) ;
#1435 = CARTESIAN_POINT ( 'NONE',  ( 50.16234125167956392, 71.02635228699836034, 19.70404632748978102 ) ) ;
#1436 = CARTESIAN_POINT ( 'NONE',  ( 45.47579307160916073, 70.92859677574824673, 10.29125987518404983 ) ) ;
#1437 = ORIENTED_EDGE ( 'NONE', *, *, #525, .F. ) ;
#1438 = FACE_OUTER_BOUND ( 'NONE', #762, .T. ) ;
#1439 = CARTESIAN_POINT ( 'NONE',  ( -0.5000000000000004441, 41.64646394823500231, 3.099999999999999645 ) ) ;
#1440 = ORIENTED_EDGE ( 'NONE', *, *, #737, .F. ) ;
#1441 = EDGE_LOOP ( 'NONE', ( #2198, #4233, #807, #4684, #1771, #1492, #1899, #2446, #1777, #1554 ) ) ;
#1442 = AXIS2_PLACEMENT_3D ( 'NONE', #4831, #4096, #66 ) ;
#1443 = DIRECTION ( 'NONE',  ( 1.000000000000000000, 0.000000000000000000, -0.000000000000000000 ) ) ;
#1444 = CARTESIAN_POINT ( 'NONE',  ( 57.95192978419219543, 66.18410613711478163, 8.096246777303029774 ) ) ;
#1445 =( NAMED_UNIT ( * ) PLANE_ANGLE_UNIT ( ) SI_UNIT ( $, .RADIAN. ) );
#1446 = VECTOR ( 'NONE', #351, 1000.000000000000000 ) ;
#1447 = EDGE_CURVE ( 'NONE', #538, #1026, #1266, .T. ) ;
#1448 = VECTOR ( 'NONE', #3691, 1000.000000000000000 ) ;
#1449 = AXIS2_PLACEMENT_3D ( 'NONE', #1284, #220, #2774 ) ;
#1450 = CARTESIAN_POINT ( 'NONE',  ( 6.046803183225378575, 70.50199890136701697, 19.38980057830849191 ) ) ;
#1451 = B_SPLINE_CURVE_WITH_KNOTS ( 'NONE', 3,
 ( #4222, #4715, #1612, #3103 ),
 .UNSPECIFIED., .F., .F.,
 ( 4, 4 ),
 ( 0.000000000000000000, 1.000000000000000000 ),
 .UNSPECIFIED. ) ;
#1452 = DIRECTION ( 'NONE',  ( -1.000000000000000000, 1.275531967630006478E-16, 0.000000000000000000 ) ) ;
#1453 = CARTESIAN_POINT ( 'NONE',  ( 58.16413315224897929, 63.63399332107822204, 20.11987739188033331 ) ) ;
#1454 = ORIENTED_EDGE ( 'NONE', *, *, #694, .F. ) ;
#1455 = ADVANCED_FACE ( 'NONE', ( #4585 ), #4196, .F. ) ;
#1456 = VECTOR ( 'NONE', #4335, 1000.000000000000000 ) ;
#1457 = ORIENTED_EDGE ( 'NONE', *, *, #2714, .F. ) ;
#1458 = DIRECTION ( 'NONE',  ( -0.000000000000000000, 1.000000000000000000, -0.000000000000000000 ) ) ;
#1459 = DIRECTION ( 'NONE',  ( 1.000000000000000000, 0.000000000000000000, 0.000000000000000000 ) ) ;
#1460 = VECTOR ( 'NONE', #2449, 1000.000000000000000 ) ;
#1461 = CARTESIAN_POINT ( 'NONE',  ( 11.82937165317581574, 54.60199890136700418, -4.219999790191999445 ) ) ;
#1462 = CARTESIAN_POINT ( 'NONE',  ( 34.97599999999999909, 67.89399999999999125, 20.06000020980799903 ) ) ;
#1463 = CARTESIAN_POINT ( 'NONE',  ( 51.27479443691992600, 71.38000303812485470, 8.248309857285880398 ) ) ;
#1464 = AXIS2_PLACEMENT_3D ( 'NONE', #3584, #3557, #981 ) ;
#1465 = CARTESIAN_POINT ( 'NONE',  ( 56.16364085871922640, 52.14307389336923393, 21.56261470659513080 ) ) ;
#1466 = ORIENTED_EDGE ( 'NONE', *, *, #3728, .T. ) ;
#1467 = DIRECTION ( 'NONE',  ( 0.0001504310587799637762, 0.9999999886852481978, -0.000000000000000000 ) ) ;
#1468 = DIRECTION ( 'NONE',  ( 1.000000000000000000, 0.000000000000000000, 0.000000000000000000 ) ) ;
#1469 = DIRECTION ( 'NONE',  ( 0.000000000000000000, -1.000000000000000000, -0.000000000000000000 ) ) ;
#1470 = CARTESIAN_POINT ( 'NONE',  ( 45.82937165317581929, 31.00199890136700631, -5.219999790191999445 ) ) ;
#1471 = ORIENTED_EDGE ( 'NONE', *, *, #3113, .T. ) ;
#1472 = ORIENTED_EDGE ( 'NONE', *, *, #4723, .F. ) ;
#1473 = CARTESIAN_POINT ( 'NONE',  ( 59.81808957813683492, 77.78032365880054044, 8.169180397836585783 ) ) ;
#1474 = CARTESIAN_POINT ( 'NONE',  ( 57.22234160414079440, 68.52748267757172584, 8.169180397835985374 ) ) ;
#1475 = CARTESIAN_POINT ( 'NONE',  ( 58.47993708270446689, 66.30322790208857953, 19.83954528252819571 ) ) ;
#1476 = CARTESIAN_POINT ( 'NONE',  ( 58.16445035738259151, 58.60625921147607187, 17.39585281670057526 ) ) ;
#1477 = CARTESIAN_POINT ( 'NONE',  ( 58.16512199724108001, 63.96885855778005947, 7.505861520348130256 ) ) ;
#1478 = DIRECTION ( 'NONE',  ( -1.000000000000000000, 0.000000000000000000, 0.000000000000000000 ) ) ;
#1479 = DIRECTION ( 'NONE',  ( -1.000000000000000000, 0.000000000000000000, -0.000000000000000000 ) ) ;
#1480 = CARTESIAN_POINT ( 'NONE',  ( 57.79301917905993946, 65.76069289811593421, 20.67042808774876050 ) ) ;
#1481 = ORIENTED_EDGE ( 'NONE', *, *, #1609, .F. ) ;
#1482 = ORIENTED_EDGE ( 'NONE', *, *, #2660, .T. ) ;
#1483 = CARTESIAN_POINT ( 'NONE',  ( 58.86452689945235761, 63.08138283953466896, 8.790937456999930788 ) ) ;
#1484 = CARTESIAN_POINT ( 'NONE',  ( 58.16500091023044661, 62.79255511746201535, 19.99070425388327621 ) ) ;
#1485 = EDGE_CURVE ( 'NONE', #1001, #3035, #4632, .T. ) ;
#1486 = EDGE_CURVE ( 'NONE', #2755, #3111, #2298, .T. ) ;
#1487 = CYLINDRICAL_SURFACE ( 'NONE', #4118, 1.500000000000004885 ) ;
#1488 = DIRECTION ( 'NONE',  ( -0.000000000000000000, 1.000000000000000000, 0.000000000000000000 ) ) ;
#1489 = EDGE_LOOP ( 'NONE', ( #259, #3087, #2224, #2650 ) ) ;
#1490 = CARTESIAN_POINT ( 'NONE',  ( 57.82129681050339798, 69.49379226158343670, -5.219999790192000333 ) ) ;
#1491 = PLANE ( 'NONE',  #1986 ) ;
#1492 = ORIENTED_EDGE ( 'NONE', *, *, #4110, .T. ) ;
#1493 = ORIENTED_EDGE ( 'NONE', *, *, #179, .T. ) ;
#1494 = CARTESIAN_POINT ( 'NONE',  ( 49.97153104186272543, 70.50199890136700276, 20.61401844112838688 ) ) ;
#1495 = EDGE_CURVE ( 'NONE', #4208, #2474, #3130, .T. ) ;
#1496 = DIRECTION ( 'NONE',  ( -1.000000000000000000, 0.000000000000000000, 0.000000000000000000 ) ) ;
#1497 = CARTESIAN_POINT ( 'NONE',  ( 55.13236812885073590, 70.49313242046859784, 8.169180397836576901 ) ) ;
#1498 = FACE_OUTER_BOUND ( 'NONE', #4860, .T. ) ;
#1499 = CARTESIAN_POINT ( 'NONE',  ( 58.16477105709543594, 61.16683395586900929, 8.776233351987801967 ) ) ;
#1500 = DIRECTION ( 'NONE',  ( 0.000000000000000000, -0.000000000000000000, -1.000000000000000000 ) ) ;
#1501 = CARTESIAN_POINT ( 'NONE',  ( 3.678035721186086349, 69.90838956144665417, 15.91209043655134714 ) ) ;
#1502 = CARTESIAN_POINT ( 'NONE',  ( 59.66500089984057098, 64.00199890136701697, 21.41331952223618629 ) ) ;
#1503 = CARTESIAN_POINT ( 'NONE',  ( 58.20724909559881155, 63.85727788545925421, 19.86518242567090198 ) ) ;
#1504 = ORIENTED_EDGE ( 'NONE', *, *, #2219, .T. ) ;
#1505 = ORIENTED_EDGE ( 'NONE', *, *, #43, .T. ) ;
#1506 = VECTOR ( 'NONE', #4192, 1000.000000000000000 ) ;
#1507 = CARTESIAN_POINT ( 'NONE',  ( 58.62661392783852676, 63.10756078813393799, 8.703841392412522637 ) ) ;
#1508 = CARTESIAN_POINT ( 'NONE',  ( 58.16500091023044661, 62.80364115399301994, 20.13220882035447445 ) ) ;
#1509 = DIRECTION ( 'NONE',  ( 0.000000000000000000, 0.000000000000000000, -1.000000000000000000 ) ) ;
#1510 = CARTESIAN_POINT ( 'NONE',  ( 43.09461912619762103, 70.74323364105656253, 14.00436284018237920 ) ) ;
#1511 = VECTOR ( 'NONE', #1146, 1000.000000000000000 ) ;
#1512 = ADVANCED_FACE ( 'NONE', ( #4173 ), #3039, .F. ) ;
#1513 = CARTESIAN_POINT ( 'NONE',  ( 51.27479443691992600, 71.38000303812485470, 8.248309857285880398 ) ) ;
#1514 = ORIENTED_EDGE ( 'NONE', *, *, #257, .F. ) ;
#1515 = CARTESIAN_POINT ( 'NONE',  ( 52.15938243548386311, 18.14263586279071205, 24.06000020980799903 ) ) ;
#1516 = B_SPLINE_CURVE_WITH_KNOTS ( 'NONE', 3,
 ( #3823, #457, #106, #238 ),
 .UNSPECIFIED., .F., .F.,
 ( 4, 4 ),
 ( 0.000000000000000000, 1.000000000000000000 ),
 .UNSPECIFIED. ) ;
#1517 = CARTESIAN_POINT ( 'NONE',  ( 40.82937165317581929, 54.60199890136700418, -4.219999790191999445 ) ) ;
#1518 = ADVANCED_FACE ( 'NONE', ( #137 ), #4563, .T. ) ;
#1519 = ORIENTED_EDGE ( 'NONE', *, *, #2265, .T. ) ;
#1520 = ORIENTED_EDGE ( 'NONE', *, *, #4395, .T. ) ;
#1521 = CARTESIAN_POINT ( 'NONE',  ( 57.71406131611690427, 65.97408727875247791, 7.503318446095360805 ) ) ;
#1522 = CARTESIAN_POINT ( 'NONE',  ( 58.47993708751696573, 66.30322789112017290, 8.169180397836578678 ) ) ;
#1523 = DIRECTION ( 'NONE',  ( -0.9999999921568193395, 0.0001252452049413511459, 0.000000000000000000 ) ) ;
#1524 = EDGE_LOOP ( 'NONE', ( #2694, #2160, #3128, #2279 ) ) ;
#1525 = VECTOR ( 'NONE', #1690, 1000.000000000000000 ) ;
#1526 = CARTESIAN_POINT ( 'NONE',  ( 58.36031208653381697, 63.13887666136498922, 19.47739988529271216 ) ) ;
#1527 = DIRECTION ( 'NONE',  ( -1.000000000000000000, 0.000000000000000000, -0.000000000000000000 ) ) ;
#1528 = VECTOR ( 'NONE', #86, 1000.000000000000000 ) ;
#1529 = CARTESIAN_POINT ( 'NONE',  ( 58.16469444165014835, 63.59618710935202301, 20.25067974089922274 ) ) ;
#1530 = ORIENTED_EDGE ( 'NONE', *, *, #1770, .F. ) ;
#1531 = ORIENTED_EDGE ( 'NONE', *, *, #3735, .T. ) ;
#1532 = VECTOR ( 'NONE', #2923, 1000.000000000000000 ) ;
#1533 = CARTESIAN_POINT ( 'NONE',  ( 58.16500091023044661, 62.89273638412451817, 8.119043328132384829 ) ) ;
#1534 = DIRECTION ( 'NONE',  ( -1.000000000000000000, 0.000000000000000000, 0.000000000000000000 ) ) ;
#1535 = VECTOR ( 'NONE', #2203, 1000.000000000000000 ) ;
#1536 = LINE ( 'NONE', #12, #3469 ) ;
#1537 = VERTEX_POINT ( 'NONE', #1221 ) ;
#1538 = CARTESIAN_POINT ( 'NONE',  ( 38.24955394561818878, 67.50199890136700276, 20.06000020980799903 ) ) ;
#1539 = ORIENTED_EDGE ( 'NONE', *, *, #3576, .T. ) ;
#1540 = VECTOR ( 'NONE', #2385, 1000.000000000000000 ) ;
#1541 = DIRECTION ( 'NONE',  ( -0.000000000000000000, -0.000000000000000000, -1.000000000000000000 ) ) ;
#1542 = LINE ( 'NONE', #460, #3479 ) ;
#1543 = EDGE_CURVE ( 'NONE', #84, #1191, #2717, .T. ) ;
#1544 = CARTESIAN_POINT ( 'NONE',  ( 58.53187610418479636, 58.86557329628259794, 15.88099227417243142 ) ) ;
#1545 = CIRCLE ( 'NONE', #3333, 8.420000000000003482 ) ;
#1546 = ORIENTED_EDGE ( 'NONE', *, *, #328, .F. ) ;
#1547 = EDGE_LOOP ( 'NONE', ( #123, #4129, #3805, #558, #4516, #823, #4349 ) ) ;
#1548 = CARTESIAN_POINT ( 'NONE',  ( 49.97204892989228142, 70.50199890136701697, 7.394649596815111359 ) ) ;
#1549 =( BOUNDED_CURVE ( )  B_SPLINE_CURVE ( 3, ( #1235, #2679, #3438, #4554 ),
 .UNSPECIFIED., .F., .F. ) 
 B_SPLINE_CURVE_WITH_KNOTS ( ( 4, 4 ),
 ( 5.168710659344197822, 7.397659955015949862 ),
 .UNSPECIFIED. ) 
 CURVE ( )  GEOMETRIC_REPRESENTATION_ITEM ( )  RATIONAL_B_SPLINE_CURVE ( ( 1.000000000000000000, 0.6270994282178544710, 0.6270994282178544710, 1.000000000000000000 ) ) 
 REPRESENTATION_ITEM ( '' )  );
#1550 = CARTESIAN_POINT ( 'NONE',  ( 58.79185409707586984, 63.76578386101679286, 8.545623577703924667 ) ) ;
#1551 = ADVANCED_FACE ( 'NONE', ( #849 ), #3801, .T. ) ;
#1552 = CARTESIAN_POINT ( 'NONE',  ( 31.50521378514581272, 64.50199890136700276, 20.06000020980799903 ) ) ;
#1553 = DIRECTION ( 'NONE',  ( 0.000000000000000000, 0.000000000000000000, 1.000000000000000000 ) ) ;
#1554 = ORIENTED_EDGE ( 'NONE', *, *, #1412, .T. ) ;
#1555 = CARTESIAN_POINT ( 'NONE',  ( 58.48630324639801614, 59.15930319896979483, 11.02541693194831396 ) ) ;
#1556 = ORIENTED_EDGE ( 'NONE', *, *, #1126, .T. ) ;
#1557 = DIRECTION ( 'NONE',  ( 0.000000000000000000, 0.000000000000000000, 1.000000000000000000 ) ) ;
#1558 = CARTESIAN_POINT ( 'NONE',  ( 58.79820056736155465, 65.77064387743310192, 19.81598011960225847 ) ) ;
#1559 = DIRECTION ( 'NONE',  ( -1.000000000000000000, 0.000000000000000000, 0.000000000000000000 ) ) ;
#1560 = CARTESIAN_POINT ( 'NONE',  ( 58.20683097217105484, 62.93721714230054687, 19.60358214107987607 ) ) ;
#1561 =( LENGTH_UNIT ( ) NAMED_UNIT ( * ) SI_UNIT ( .MILLI., .METRE. ) );
#1562 = B_SPLINE_CURVE_WITH_KNOTS ( 'NONE', 3,
 ( #724, #1064, #4088, #2562 ),
 .UNSPECIFIED., .F., .F.,
 ( 4, 4 ),
 ( 0.000000000000000000, 1.000000000000000000 ),
 .UNSPECIFIED. ) ;
#1563 = CARTESIAN_POINT ( 'NONE',  ( 58.74064721601688888, 61.51900949498296711, 18.63493995862077313 ) ) ;
#1564 = CARTESIAN_POINT ( 'NONE',  ( 6.500000000000000888, 70.50199890136700276, 19.63823989993892027 ) ) ;
#1565 = ORIENTED_EDGE ( 'NONE', *, *, #2822, .F. ) ;
#1566 = CARTESIAN_POINT ( 'NONE',  ( 31.50521378514581272, 64.50199890136700276, 20.06000020980799903 ) ) ;
#1567 = DIRECTION ( 'NONE',  ( 0.000000000000000000, -0.000000000000000000, -1.000000000000000000 ) ) ;
#1568 = CARTESIAN_POINT ( 'NONE',  ( 58.58588787255266794, 59.56398669194715723, 16.93096098745789391 ) ) ;
#1569 = ORIENTED_EDGE ( 'NONE', *, *, #1878, .F. ) ;
#1570 = ORIENTED_EDGE ( 'NONE', *, *, #1206, .T. ) ;
#1571 = EDGE_CURVE ( 'NONE', #2284, #2810, #1542, .T. ) ;
#1572 = CARTESIAN_POINT ( 'NONE',  ( 58.16459321285346817, 59.74686551859252859, 9.666401936427957864 ) ) ;
#1573 = CARTESIAN_POINT ( 'NONE',  ( 58.16413408932048412, 63.63390740630199360, 7.888874295537847914 ) ) ;
#1574 = CARTESIAN_POINT ( 'NONE',  ( 59.66476247163392799, 60.75363664158165733, 10.23864181636518644 ) ) ;
#1575 = EDGE_LOOP ( 'NONE', ( #4496, #1198, #3900, #1410 ) ) ;
#1576 = CARTESIAN_POINT ( 'NONE',  ( 58.16510380726742113, 63.82362366015750865, 20.16835023646088842 ) ) ;
#1577 = EDGE_CURVE ( 'NONE', #2447, #4429, #1928, .T. ) ;
#1578 = FACE_OUTER_BOUND ( 'NONE', #2761, .T. ) ;
#1579 = CARTESIAN_POINT ( 'NONE',  ( 57.18010453367650570, 67.11470738565657257, 20.50525360460623503 ) ) ;
#1580 = EDGE_CURVE ( 'NONE', #4469, #1035, #4035, .T. ) ;
#1581 = CARTESIAN_POINT ( 'NONE',  ( -0.5000147457981548582, 39.72324851467244144, 1.553456533896385938 ) ) ;
#1582 = CARTESIAN_POINT ( 'NONE',  ( 59.66500089984057098, 64.00199890136701697, 25.66000020980800045 ) ) ;
#1583 = DIRECTION ( 'NONE',  ( 0.0001252452049432801042, 0.9999999921568192285, 0.000000000000000000 ) ) ;
#1584 = CARTESIAN_POINT ( 'NONE',  ( 15.22937165317582497, 16.80000000000000071, -5.219999790191999445 ) ) ;
#1585 = VERTEX_POINT ( 'NONE', #2325 ) ;
#1586 = EDGE_CURVE ( 'NONE', #2055, #3390, #3059, .T. ) ;
#1587 = CARTESIAN_POINT ( 'NONE',  ( 27.48918334204437386, 70.50199890136700276, 19.98580769869922236 ) ) ;
#1588 = LINE ( 'NONE', #1245, #1838 ) ;
#1589 = CARTESIAN_POINT ( 'NONE',  ( 55.16020914637743289, 24.74318682140340542, 24.06000020980799903 ) ) ;
#1590 = DIRECTION ( 'NONE',  ( -1.000000000000000000, -0.000000000000000000, -0.000000000000000000 ) ) ;
#1591 = VECTOR ( 'NONE', #1500, 1000.000000000000000 ) ;
#1592 = CARTESIAN_POINT ( 'NONE',  ( 52.43712667368513536, 70.38565761553354605, 7.333378288580957971 ) ) ;
#1593 = ORIENTED_EDGE ( 'NONE', *, *, #1787, .F. ) ;
#1594 = CARTESIAN_POINT ( 'NONE',  ( 51.71920827006985633, 71.25248999059833466, 8.195084045229689806 ) ) ;
#1595 = CARTESIAN_POINT ( 'NONE',  ( 58.67137942926405714, 64.01649026182253976, 8.449973058815757554 ) ) ;
#1596 = CARTESIAN_POINT ( 'NONE',  ( 59.66462710069715314, 59.47723985782515399, 12.00200958946021679 ) ) ;
#1597 = AXIS2_PLACEMENT_3D ( 'NONE', #2277, #2985, #1125 ) ;
#1598 = VERTEX_POINT ( 'NONE', #1951 ) ;
#1599 = ORIENTED_EDGE ( 'NONE', *, *, #4395, .F. ) ;
#1600 = FACE_OUTER_BOUND ( 'NONE', #1910, .T. ) ;
#1601 = CARTESIAN_POINT ( 'NONE',  ( 59.61340203115680936, 3.199181913732575655, 16.75248160545934795 ) ) ;
#1602 = CARTESIAN_POINT ( 'NONE',  ( 53.60446931455233965, 70.08135723224539504, 20.51000278783582331 ) ) ;
#1603 = EDGE_CURVE ( 'NONE', #2008, #1226, #1915, .T. ) ;
#1604 = AXIS2_PLACEMENT_3D ( 'NONE', #2835, #3923, #1005 ) ;
#1605 = AXIS2_PLACEMENT_3D ( 'NONE', #4492, #1469, #3723 ) ;
#1606 = CARTESIAN_POINT ( 'NONE',  ( 58.20954007300264976, 63.36593598018232143, 19.73673031282294232 ) ) ;
#1607 = DIRECTION ( 'NONE',  ( -0.9999999886852481978, 0.0001504310587799637491, -0.000000000000000000 ) ) ;
#1608 = CARTESIAN_POINT ( 'NONE',  ( 58.74064721602748307, 61.51900949498993754, 9.373785721744658517 ) ) ;
#1609 = EDGE_CURVE ( 'NONE', #429, #3742, #4629, .T. ) ;
#1610 = VECTOR ( 'NONE', #3216, 1000.000000000000000 ) ;
#1611 = VERTEX_POINT ( 'NONE', #3079 ) ;
#1612 = CARTESIAN_POINT ( 'NONE',  ( 52.22477323453225040, 71.40891403204496157, 8.169180397836587559 ) ) ;
#1613 = AXIS2_PLACEMENT_3D ( 'NONE', #951, #1189, #2269 ) ;
#1614 = CARTESIAN_POINT ( 'NONE',  ( 51.28933272374648311, 70.75157299435416292, 19.89577713748671428 ) ) ;
#1615 = AXIS2_PLACEMENT_3D ( 'NONE', #2505, #4358, #1013 ) ;
#1616 = CARTESIAN_POINT ( 'NONE',  ( 59.66476247163392799, 60.75363664158165733, 17.77008386399959505 ) ) ;
#1617 = DIRECTION ( 'NONE',  ( 0.000000000000000000, -1.000000000000000000, 0.000000000000000000 ) ) ;
#1618 = AXIS2_PLACEMENT_3D ( 'NONE', #3258, #4735, #4380 ) ;
#1619 = VECTOR ( 'NONE', #4263, 1000.000000000000000 ) ;
#1620 = CARTESIAN_POINT ( 'NONE',  ( -0.5010752253450554417, 19.81999969483235446, -97.32438719255948456 ) ) ;
#1621 = ORIENTED_EDGE ( 'NONE', *, *, #199, .F. ) ;
#1622 = CARTESIAN_POINT ( 'NONE',  ( 51.38167074246450738, 71.24230567867805064, 8.220918962379608175 ) ) ;
#1623 =( BOUNDED_CURVE ( )  B_SPLINE_CURVE ( 3, ( #818, #1581, #3792, #4215 ),
 .UNSPECIFIED., .F., .F. ) 
 B_SPLINE_CURVE_WITH_KNOTS ( ( 4, 4 ),
 ( 5.809691412401232213, 6.756679201957946468 ),
 .UNSPECIFIED. ) 
 CURVE ( )  GEOMETRIC_REPRESENTATION_ITEM ( )  RATIONAL_B_SPLINE_CURVE ( ( 1.000000000000000000, 0.9266536750476179751, 0.9266536750476179751, 1.000000000000000000 ) ) 
 REPRESENTATION_ITEM ( '' )  );
#1624 = CARTESIAN_POINT ( 'NONE',  ( 58.21059629128096446, 63.71827602034537108, 8.179455513285974533 ) ) ;
#1625 = LINE ( 'NONE', #1977, #1911 ) ;
#1626 = VECTOR ( 'NONE', #2098, 1000.000000000000000 ) ;
#1627 = ORIENTED_EDGE ( 'NONE', *, *, #4694, .F. ) ;
#1628 = ORIENTED_EDGE ( 'NONE', *, *, #4548, .T. ) ;
#1629 = ORIENTED_EDGE ( 'NONE', *, *, #4185, .T. ) ;
#1630 = EDGE_LOOP ( 'NONE', ( #3912, #3659, #802, #105 ) ) ;
#1631 = CIRCLE ( 'NONE', #4594, 1.749999999999999778 ) ;
#1632 = PLANE ( 'NONE',  #761 ) ;
#1633 = CARTESIAN_POINT ( 'NONE',  ( 2.498229542819038418, 15.19817639627580697, 24.06000020980799903 ) ) ;
#1634 = CARTESIAN_POINT ( 'NONE',  ( 57.49434875302608106, 66.51161635965590335, 20.67256111909776806 ) ) ;
#1635 = EDGE_CURVE ( 'NONE', #3779, #1257, #1246, .T. ) ;
#1636 = CARTESIAN_POINT ( 'NONE',  ( 51.18176893980346165, 70.50199890136700276, 7.412522864850546789 ) ) ;
#1637 = CYLINDRICAL_SURFACE ( 'NONE', #3649, 8.420000000000003482 ) ;
#1638 = CARTESIAN_POINT ( 'NONE',  ( 6.500000000000000888, 63.50199890136699565, 25.66000020980799334 ) ) ;
#1639 = ORIENTED_EDGE ( 'NONE', *, *, #3673, .F. ) ;
#1640 = EDGE_CURVE ( 'NONE', #3924, #2319, #3164, .T. ) ;
#1641 = CARTESIAN_POINT ( 'NONE',  ( 51.81027695947867784, 70.53789223959959998, 20.13980277661425333 ) ) ;
#1642 = DIRECTION ( 'NONE',  ( -1.086328977807346363E-19, -8.673617243826540632E-16, -1.000000000000000000 ) ) ;
#1643 = DIRECTION ( 'NONE',  ( 0.000000000000000000, 0.000000000000000000, 1.000000000000000000 ) ) ;
#1644 = ORIENTED_EDGE ( 'NONE', *, *, #4220, .T. ) ;
#1645 = EDGE_LOOP ( 'NONE', ( #4308, #2864, #611, #3892, #880, #2072, #2742, #695 ) ) ;
#1646 = CARTESIAN_POINT ( 'NONE',  ( 51.27283298043519721, 71.23574346069116814, 8.230687163863368738 ) ) ;
#1647 = LINE ( 'NONE', #583, #995 ) ;
#1648 = LINE ( 'NONE', #4639, #1047 ) ;
#1649 = ORIENTED_EDGE ( 'NONE', *, *, #493, .F. ) ;
#1650 = VERTEX_POINT ( 'NONE', #4299 ) ;
#1651 = ADVANCED_FACE ( 'NONE', ( #922, #2093 ), #4703, .F. ) ;
#1652 = DIRECTION ( 'NONE',  ( 0.0001060570958313862609, 0.9999999943759462218, 0.000000000000000000 ) ) ;
#1653 = CARTESIAN_POINT ( 'NONE',  ( 56.58033000918321420, 67.99199735251575305, 7.336970776527772742 ) ) ;
#1654 = CARTESIAN_POINT ( 'NONE',  ( 58.92410731599418483, 63.83419382904779837, 19.44825334032487874 ) ) ;
#1655 = CARTESIAN_POINT ( 'NONE',  ( 59.66500089984057098, 63.00174841041823726, 25.66000020980800045 ) ) ;
#1656 = CARTESIAN_POINT ( 'NONE',  ( 9.176050581058618150, 29.17316163251585692, -0.7709996074473568495 ) ) ;
#1657 = CARTESIAN_POINT ( 'NONE',  ( 58.47151186133834244, 63.26119057837954784, 8.556126811639357399 ) ) ;
#1658 = ORIENTED_EDGE ( 'NONE', *, *, #4559, .F. ) ;
#1659 = CARTESIAN_POINT ( 'NONE',  ( 52.38882445386122555, 70.39449311274745469, 20.83913886074039468 ) ) ;
#1660 = CARTESIAN_POINT ( 'NONE',  ( 58.54066647356658137, 58.97610186150851064, 11.86226470801847910 ) ) ;
#1661 = CARTESIAN_POINT ( 'NONE',  ( 45.00445603811635209, 70.50199890136703118, 9.642478782511625823 ) ) ;
#1662 = ADVANCED_FACE ( 'NONE', ( #4751 ), #2415, .F. ) ;
#1663 = CARTESIAN_POINT ( 'NONE',  ( 52.59533956487429407, 71.20602407375406528, 8.169180397836589336 ) ) ;
#1664 = ORIENTED_EDGE ( 'NONE', *, *, #1485, .F. ) ;
#1665 = CARTESIAN_POINT ( 'NONE',  ( 51.36252726668267599, 70.75258453223997890, 8.108454114179069805 ) ) ;
#1666 = CARTESIAN_POINT ( 'NONE',  ( 59.66500089984057098, 63.32120715147433998, 8.978366140953307095 ) ) ;
#1667 = DIRECTION ( 'NONE',  ( 0.000000000000000000, 0.000000000000000000, -1.000000000000000000 ) ) ;
#1668 = EDGE_CURVE ( 'NONE', #3539, #3720, #1861, .T. ) ;
#1669 = VECTOR ( 'NONE', #2320, 1000.000000000000000 ) ;
#1670 = EDGE_LOOP ( 'NONE', ( #3377, #2689, #3396, #3905 ) ) ;
#1671 = ORIENTED_EDGE ( 'NONE', *, *, #4062, .T. ) ;
#1672 = DIRECTION ( 'NONE',  ( 0.000000000000000000, 0.000000000000000000, -1.000000000000000000 ) ) ;
#1673 = CARTESIAN_POINT ( 'NONE',  ( 57.14949997041417618, 67.16463695822008617, 7.169180397836579566 ) ) ;
#1674 = CARTESIAN_POINT ( 'NONE',  ( 56.32885297245546496, 69.68361783148203870, 19.83954528252819216 ) ) ;
#1675 = DIRECTION ( 'NONE',  ( -0.000000000000000000, 1.400657527907609919E-16, 1.000000000000000000 ) ) ;
#1676 = CARTESIAN_POINT ( 'NONE',  ( 42.42937165317579939, 16.79999999999999716, -4.219999790191999445 ) ) ;
#1677 = CARTESIAN_POINT ( 'NONE',  ( 58.16351559782791014, 51.14282341080252792, 6.562614706595136127 ) ) ;
#1678 = EDGE_LOOP ( 'NONE', ( #2010, #685 ) ) ;
#1679 = CIRCLE ( 'NONE', #346, 3.000000000000002665 ) ;
#1680 = PLANE ( 'NONE',  #978 ) ;
#1681 = CARTESIAN_POINT ( 'NONE',  ( 51.43186794486918956, 70.49749245095888739, 20.46752959289838003 ) ) ;
#1682 = CARTESIAN_POINT ( 'NONE',  ( 58.60148832261918272, 59.76361400345373198, 10.85313424441211971 ) ) ;
#1683 = CARTESIAN_POINT ( 'NONE',  ( 51.18176893980346165, 70.50199890136700276, 7.412522864850546789 ) ) ;
#1684 = DIRECTION ( 'NONE',  ( -0.0001504310587799664867, -0.9999999886852481978, -0.000000000000000000 ) ) ;
#1685 = EDGE_LOOP ( 'NONE', ( #3524, #2329, #1404, #837 ) ) ;
#1686 = AXIS2_PLACEMENT_3D ( 'NONE', #2899, #4410, #1038 ) ;
#1687 = EDGE_CURVE ( 'NONE', #1537, #3117, #586, .T. ) ;
#1688 = CARTESIAN_POINT ( 'NONE',  ( 51.81027696371794633, 70.53789223988034962, 7.868922905318693317 ) ) ;
#1689 = CARTESIAN_POINT ( 'NONE',  ( 50.66500089984057098, 73.00199890136700276, -6.763999790191994599 ) ) ;
#1690 = DIRECTION ( 'NONE',  ( 1.000000000000000000, 0.000000000000000000, 0.000000000000000000 ) ) ;
#1691 = AXIS2_PLACEMENT_3D ( 'NONE', #2468, #2493, #654 ) ;
#1692 = ORIENTED_EDGE ( 'NONE', *, *, #1495, .T. ) ;
#1693 = EDGE_LOOP ( 'NONE', ( #1417, #4061 ) ) ;
#1694 = EDGE_LOOP ( 'NONE', ( #3829, #3949, #3979, #2020 ) ) ;
#1695 = ADVANCED_FACE ( 'NONE', ( #3895 ), #528, .T. ) ;
#1696 = AXIS2_PLACEMENT_3D ( 'NONE', #3031, #723, #4537 ) ;
#1697 = DIRECTION ( 'NONE',  ( 0.000000000000000000, 0.000000000000000000, 1.000000000000000000 ) ) ;
#1698 = VECTOR ( 'NONE', #2700, 1000.000000000000114 ) ;
#1699 = DIRECTION ( 'NONE',  ( 1.000000000000000000, 0.000000000000000000, 0.000000000000000000 ) ) ;
#1700 = CARTESIAN_POINT ( 'NONE',  ( 6.500000000000000888, 70.50199890136700276, 19.63823989993892027 ) ) ;
#1701 = LINE ( 'NONE', #1331, #4366 ) ;
#1702 = CARTESIAN_POINT ( 'NONE',  ( 16.00513015478068723, 54.03152911522300883, 1.250000000000000000 ) ) ;
#1703 = ORIENTED_EDGE ( 'NONE', *, *, #4608, .T. ) ;
#1704 = LINE ( 'NONE', #4013, #748 ) ;
#1705 = LINE ( 'NONE', #4702, #3731 ) ;
#1706 = DIRECTION ( 'NONE',  ( 0.0001504310587799664867, 0.9999999886852481978, 0.000000000000000000 ) ) ;
#1707 = CARTESIAN_POINT ( 'NONE',  ( 58.88303959199936344, 63.31529457091278346, 19.29588584904975335 ) ) ;
#1708 = CARTESIAN_POINT ( 'NONE',  ( 43.48766610910752917, 70.77402277692480936, 12.82118779448898849 ) ) ;
#1709 = ORIENTED_EDGE ( 'NONE', *, *, #4281, .F. ) ;
#1710 = CARTESIAN_POINT ( 'NONE',  ( 51.98279090257943125, 71.40381236914619478, 8.189737410144832808 ) ) ;
#1711 = CARTESIAN_POINT ( 'NONE',  ( 59.66500089984057098, 64.00199890136701697, 27.20400020980800093 ) ) ;
#1712 = CARTESIAN_POINT ( 'NONE',  ( 31.50521378514581272, 70.50199890136700276, 20.06000020980799903 ) ) ;
#1713 = ADVANCED_FACE ( 'NONE', ( #4653, #4321 ), #4725, .F. ) ;
#1714 = ORIENTED_EDGE ( 'NONE', *, *, #1156, .T. ) ;
#1715 = ORIENTED_EDGE ( 'NONE', *, *, #2714, .T. ) ;
#1716 = FACE_OUTER_BOUND ( 'NONE', #686, .T. ) ;
#1717 = CARTESIAN_POINT ( 'NONE',  ( 54.65339220707178214, 69.95747537551152107, 19.91339107397474351 ) ) ;
#1718 = EDGE_CURVE ( 'NONE', #1193, #1598, #998, .T. ) ;
#1719 = CARTESIAN_POINT ( 'NONE',  ( 55.21092214280457000, 70.43527772495311012, 19.83954528252819571 ) ) ;
#1720 = FACE_OUTER_BOUND ( 'NONE', #4419, .T. ) ;
#1721 = CARTESIAN_POINT ( 'NONE',  ( 55.16058488199225707, 27.74318679787386088, 24.06000020980799903 ) ) ;
#1722 = DIRECTION ( 'NONE',  ( -1.000000000000000000, -0.000000000000000000, -0.000000000000000000 ) ) ;
#1723 = ADVANCED_FACE ( 'NONE', ( #2114 ), #2781, .F. ) ;
#1724 = ORIENTED_EDGE ( 'NONE', *, *, #2667, .T. ) ;
#1725 = CARTESIAN_POINT ( 'NONE',  ( -2.000000000000000000, 73.00199890136700276, -5.219999790191999445 ) ) ;
#1726 = CARTESIAN_POINT ( 'NONE',  ( 52.17231451567321443, 71.24226627806513079, 19.83507943408406859 ) ) ;
#1727 = CARTESIAN_POINT ( 'NONE',  ( 58.88303959199936344, 63.31529457091224344, 8.712839831315218220 ) ) ;
#1728 = CARTESIAN_POINT ( 'NONE',  ( 44.94444173780745899, 70.50199890136701697, 18.44067052910949300 ) ) ;
#1729 = EDGE_CURVE ( 'NONE', #4469, #4794, #249, .T. ) ;
#1730 = CARTESIAN_POINT ( 'NONE',  ( 45.70650637514752646, 70.94657785597264876, 17.88229670752532030 ) ) ;
#1731 = ORIENTED_EDGE ( 'NONE', *, *, #2941, .T. ) ;
#1732 = CARTESIAN_POINT ( 'NONE',  ( -2.000000000000000000, 20.20700443249032219, 2.869023291571487277 ) ) ;
#1733 = CARTESIAN_POINT ( 'NONE',  ( 59.18656206239842987, 66.89733918409469027, 19.83954528252819571 ) ) ;
#1734 = VERTEX_POINT ( 'NONE', #4341 ) ;
#1735 = ORIENTED_EDGE ( 'NONE', *, *, #4220, .F. ) ;
#1736 = CARTESIAN_POINT ( 'NONE',  ( 5.497778215698443383, 12.19772513704372230, 24.06000020980799903 ) ) ;
#1737 = VECTOR ( 'NONE', #3036, 1000.000000000000000 ) ;
#1738 = LINE ( 'NONE', #2818, #273 ) ;
#1739 = CARTESIAN_POINT ( 'NONE',  ( 58.16512233422208311, 63.97154912783886971, 7.516730246939806293 ) ) ;
#1740 = CARTESIAN_POINT ( 'NONE',  ( 9.239999999999998437, 73.00199890136700276, 13.14000020980799377 ) ) ;
#1741 = CARTESIAN_POINT ( 'NONE',  ( 11.82937165317581396, 13.39999999999999858, -4.219999790191999445 ) ) ;
#1742 = LINE ( 'NONE', #2800, #3101 ) ;
#1743 = EDGE_CURVE ( 'NONE', #3795, #4069, #967, .T. ) ;
#1744 = CARTESIAN_POINT ( 'NONE',  ( 57.99510490911978877, 4.998664136498688570, 16.13758113637682712 ) ) ;
#1745 = EDGE_LOOP ( 'NONE', ( #2027, #96, #1715, #758 ) ) ;
#1746 = DIRECTION ( 'NONE',  ( 0.000000000000000000, 0.000000000000000000, 1.000000000000000000 ) ) ;
#1747 = CARTESIAN_POINT ( 'NONE',  ( 51.27283298043521143, 71.23574346069118235, 19.77803851650141098 ) ) ;
#1748 = EDGE_CURVE ( 'NONE', #2096, #1585, #2187, .T. ) ;
#1749 = CARTESIAN_POINT ( 'NONE',  ( 58.60387092250320507, 59.79381811210597419, 10.82080744459150345 ) ) ;
#1750 = CARTESIAN_POINT ( 'NONE',  ( 45.13768037963485824, 70.52341111339585211, 18.20092184073864061 ) ) ;
#1751 = CARTESIAN_POINT ( 'NONE',  ( 48.21725901497931943, 71.14200932575842273, 19.10952908831204766 ) ) ;
#1752 = ORIENTED_EDGE ( 'NONE', *, *, #4040, .F. ) ;
#1753 = CARTESIAN_POINT ( 'NONE',  ( 58.16441204426725875, 58.30035437362863604, 16.54741677207070438 ) ) ;
#1754 = CARTESIAN_POINT ( 'NONE',  ( 56.16339036830934361, 50.14307390905558748, 21.56261470659513080 ) ) ;
#1755 = VECTOR ( 'NONE', #1998, 1000.000000000000000 ) ;
#1756 = CARTESIAN_POINT ( 'NONE',  ( 57.78214786074283182, 4.233502604916474787, 15.15685873446352616 ) ) ;
#1757 = VECTOR ( 'NONE', #381, 1000.000000000000000 ) ;
#1758 = ORIENTED_EDGE ( 'NONE', *, *, #271, .T. ) ;
#1759 = VERTEX_POINT ( 'NONE', #2164 ) ;
#1760 = CARTESIAN_POINT ( 'NONE',  ( 58.62483199136507039, 66.39179478359430675, 8.169180397836587559 ) ) ;
#1761 = AXIS2_PLACEMENT_3D ( 'NONE', #725, #1115, #3770 ) ;
#1762 = CARTESIAN_POINT ( 'NONE',  ( 58.38358302715813863, 66.97267028886994922, 19.83954528252819571 ) ) ;
#1763 = CIRCLE ( 'NONE', #4748, 4.999999999999990230 ) ;
#1764 = VECTOR ( 'NONE', #3360, 1000.000000000000000 ) ;
#1765 = CARTESIAN_POINT ( 'NONE',  ( 58.16500091023044661, 70.50199890136700276, -4.219999790191996780 ) ) ;
#1766 = CARTESIAN_POINT ( 'NONE',  ( 50.66500089984057098, 73.00199890136700276, 15.88133354314134849 ) ) ;
#1767 = LINE ( 'NONE', #1721, #4294 ) ;
#1768 = CARTESIAN_POINT ( 'NONE',  ( 2.497778249642698345, 12.19817643022006237, 0.000000000000000000 ) ) ;
#1769 = VECTOR ( 'NONE', #1419, 1000.000000000000000 ) ;
#1770 = EDGE_CURVE ( 'NONE', #735, #4618, #1819, .T. ) ;
#1771 = ORIENTED_EDGE ( 'NONE', *, *, #1571, .F. ) ;
#1772 = CARTESIAN_POINT ( 'NONE',  ( 58.16500091023044661, 62.94256784300763030, 7.825920797548919339 ) ) ;
#1773 = LINE ( 'NONE', #3264, #358 ) ;
#1774 = CARTESIAN_POINT ( 'NONE',  ( 9.239999999999998437, 73.00199890136700276, 14.64000020980799910 ) ) ;
#1775 = ADVANCED_FACE ( 'NONE', ( #4822, #354 ), #2513, .F. ) ;
#1776 = CARTESIAN_POINT ( 'NONE',  ( 45.53364076336637822, 70.93309503755094170, 10.24890778878005371 ) ) ;
#1777 = ORIENTED_EDGE ( 'NONE', *, *, #4132, .T. ) ;
#1778 = CARTESIAN_POINT ( 'NONE',  ( 58.62483199136507039, 66.39179478359430675, 8.169180397836587559 ) ) ;
#1779 = CARTESIAN_POINT ( 'NONE',  ( 58.16331833663005568, 49.56782342257562846, -97.32438719255948456 ) ) ;
#1780 = DIRECTION ( 'NONE',  ( -1.000000000000000000, -0.000000000000000000, -0.000000000000000000 ) ) ;
#1781 = VERTEX_POINT ( 'NONE', #4435 ) ;
#1782 = ORIENTED_EDGE ( 'NONE', *, *, #3273, .F. ) ;
#1783 = B_SPLINE_CURVE_WITH_KNOTS ( 'NONE', 3,
 ( #2108, #3929, #566, #3630, #960, #2061 ),
 .UNSPECIFIED., .F., .F.,
 ( 4, 2, 4 ),
 ( 0.000000000000000000, 0.5000000000000000000, 1.000000000000000000 ),
 .UNSPECIFIED. ) ;
#1784 = DIRECTION ( 'NONE',  ( 1.000000000000000000, 0.000000000000000000, 0.000000000000000000 ) ) ;
#1785 = DIRECTION ( 'NONE',  ( -0.000000000000000000, 1.000000000000000000, 0.000000000000000000 ) ) ;
#1786 = CARTESIAN_POINT ( 'NONE',  ( 58.16509465864703543, 63.75057799511224488, 7.568632841965497349 ) ) ;
#1787 = EDGE_CURVE ( 'NONE', #3061, #1226, #4038, .T. ) ;
#1788 = DIRECTION ( 'NONE',  ( 1.000000000000000000, -0.000000000000000000, 0.000000000000000000 ) ) ;
#1789 = LINE ( 'NONE', #772, #4289 ) ;
#1790 = CARTESIAN_POINT ( 'NONE',  ( 2.497778249642698345, 12.19817643022006237, 24.06000020980799903 ) ) ;
#1791 = ORIENTED_EDGE ( 'NONE', *, *, #1365, .F. ) ;
#1792 = ORIENTED_EDGE ( 'NONE', *, *, #2429, .F. ) ;
#1793 = CARTESIAN_POINT ( 'NONE',  ( 58.35749610720893799, 63.01037270416073710, 8.600911127235132625 ) ) ;
#1794 = CARTESIAN_POINT ( 'NONE',  ( 52.48034883987425303, 71.05804918490638045, 19.83959906042534627 ) ) ;
#1795 = DIRECTION ( 'NONE',  ( 1.000000000000000000, 0.000000000000000000, 0.000000000000000000 ) ) ;
#1796 = CARTESIAN_POINT ( 'NONE',  ( 42.42937165317579939, 9.999999999999987566, -5.219999790191999445 ) ) ;
#1797 = CARTESIAN_POINT ( 'NONE',  ( 48.17226314965418510, 71.13849639426123872, 19.09417238712660847 ) ) ;
#1798 = ORIENTED_EDGE ( 'NONE', *, *, #1802, .F. ) ;
#1799 = DIRECTION ( 'NONE',  ( -0.000000000000000000, -0.000000000000000000, -1.000000000000000000 ) ) ;
#1800 = CARTESIAN_POINT ( 'NONE',  ( 55.16020914637743289, 24.74318682140338410, -2.146728540149636367E-14 ) ) ;
#1801 = CARTESIAN_POINT ( 'NONE',  ( -0.5000000000000000000, 62.83952006898649500, 25.66000020980800045 ) ) ;
#1802 = EDGE_CURVE ( 'NONE', #2907, #4279, #2611, .T. ) ;
#1803 = DIRECTION ( 'NONE',  ( 0.000000000000000000, -1.000000000000000000, -0.000000000000000000 ) ) ;
#1804 = VERTEX_POINT ( 'NONE', #4015 ) ;
#1805 = ORIENTED_EDGE ( 'NONE', *, *, #2686, .F. ) ;
#1806 = DIRECTION ( 'NONE',  ( -1.000000000000000000, 0.000000000000000000, 0.000000000000000000 ) ) ;
#1807 = ADVANCED_FACE ( 'NONE', ( #4115 ), #649, .F. ) ;
#1808 = CARTESIAN_POINT ( 'NONE',  ( 56.84463142729725860, 68.14001600962052407, 8.097027956480836508 ) ) ;
#1809 = CARTESIAN_POINT ( 'NONE',  ( 56.16351561351428501, 51.14307390121241070, 6.562614706595136127 ) ) ;
#1810 = CARTESIAN_POINT ( 'NONE',  ( 58.16444057632530473, 58.52816395664922311, 10.55658094969193606 ) ) ;
#1811 = CARTESIAN_POINT ( 'NONE',  ( 58.16512208148633079, 63.96953120029476025, 7.508578701996048821 ) ) ;
#1812 = CARTESIAN_POINT ( 'NONE',  ( 9.239999999999998437, 70.50199890136700276, 8.940000209807994480 ) ) ;
#1813 = LINE ( 'NONE', #2945, #4049 ) ;
#1814 = CARTESIAN_POINT ( 'NONE',  ( 58.00871069967668348, 66.03041627013263337, 19.91247890243891305 ) ) ;
#1815 = ORIENTED_EDGE ( 'NONE', *, *, #2888, .F. ) ;
#1816 = EDGE_LOOP ( 'NONE', ( #2239, #4761, #1805, #246 ) ) ;
#1817 = CARTESIAN_POINT ( 'NONE',  ( 42.42937165317579939, 9.999999999999987566, -4.219999790191999445 ) ) ;
#1818 = DIRECTION ( 'NONE',  ( -0.000000000000000000, 0.000000000000000000, 1.000000000000000000 ) ) ;
#1819 = LINE ( 'NONE', #1461, #3722 ) ;
#1820 = CARTESIAN_POINT ( 'NONE',  ( 2.007000000000000117, 11.75999999999999979, 29.00974767811383614 ) ) ;
#1821 = CARTESIAN_POINT ( 'NONE',  ( -0.5028986561775565800, 7.698627774312785554, 20.06000020980799903 ) ) ;
#1822 = ORIENTED_EDGE ( 'NONE', *, *, #335, .T. ) ;
#1823 = CARTESIAN_POINT ( 'NONE',  ( 58.16457709452143376, 59.61817131475078213, 18.21328198729793613 ) ) ;
#1824 = CARTESIAN_POINT ( 'NONE',  ( 38.24955394561818878, 70.50199890136700276, 24.06000020980800258 ) ) ;
#1825 = LINE ( 'NONE', #1801, #4198 ) ;
#1826 = CARTESIAN_POINT ( 'NONE',  ( 43.82937165200567620, 31.00199890136701342, -5.219999790191999445 ) ) ;
#1827 = ORIENTED_EDGE ( 'NONE', *, *, #4576, .T. ) ;
#1828 = ORIENTED_EDGE ( 'NONE', *, *, #3306, .F. ) ;
#1829 = EDGE_CURVE ( 'NONE', #159, #3170, #3288, .T. ) ;
#1830 = AXIS2_PLACEMENT_3D ( 'NONE', #4224, #1642, #3777 ) ;
#1831 = DIRECTION ( 'NONE',  ( 0.000000000000000000, 0.000000000000000000, 1.000000000000000000 ) ) ;
#1832 = CARTESIAN_POINT ( 'NONE',  ( 58.41702959533160566, 66.46750018147774597, 8.169180397837202179 ) ) ;
#1833 =( NAMED_UNIT ( * ) SI_UNIT ( $, .STERADIAN. ) SOLID_ANGLE_UNIT ( ) );
#1834 = AXIS2_PLACEMENT_3D ( 'NONE', #1095, #1799, #3293 ) ;
#1835 = EDGE_CURVE ( 'NONE', #933, #2608, #3957, .T. ) ;
#1836 = CARTESIAN_POINT ( 'NONE',  ( 58.16509447926231502, 63.74914572717025862, 20.44542112471049577 ) ) ;
#1837 = PRESENTATION_LAYER_ASSIGNMENT (  '', '', ( #1218 ) ) ;
#1838 = VECTOR ( 'NONE', #1265, 1000.000000000000000 ) ;
#1839 = CARTESIAN_POINT ( 'NONE',  ( 3.626926376687831688, 69.88532805879981424, 15.66405714193743925 ) ) ;
#1840 = DIRECTION ( 'NONE',  ( -0.9999999886852481978, 0.0001504310587799637491, -0.000000000000000000 ) ) ;
#1841 = CARTESIAN_POINT ( 'NONE',  ( 58.17395288671178832, 65.48203817321730469, 19.90296186156754032 ) ) ;
#1842 = ORIENTED_EDGE ( 'NONE', *, *, #3859, .F. ) ;
#1843 = VECTOR ( 'NONE', #4797, 1000.000000000000000 ) ;
#1844 = ORIENTED_EDGE ( 'NONE', *, *, #1286, .T. ) ;
#1845 = CARTESIAN_POINT ( 'NONE',  ( 58.75724225013046009, 63.24862785638943308, 8.695587356578503346 ) ) ;
#1846 = CARTESIAN_POINT ( 'NONE',  ( 58.16500091023043240, 62.98588564278631452, 20.05973997702872325 ) ) ;
#1847 = CIRCLE ( 'NONE', #277, 3.000000000000002665 ) ;
#1848 = DIRECTION ( 'NONE',  ( -0.0001252452049413511459, -0.9999999921568193395, 8.673617311855288052E-16 ) ) ;
#1849 = DIRECTION ( 'NONE',  ( -0.000000000000000000, 0.000000000000000000, -1.000000000000000000 ) ) ;
#1850 = CARTESIAN_POINT ( 'NONE',  ( 59.59062064528119151, 3.024478458503907952, 15.87587430936967792 ) ) ;
#1851 = CIRCLE ( 'NONE', #3247, 1.500000000000003109 ) ;
#1852 = EDGE_CURVE ( 'NONE', #1759, #3539, #1562, .T. ) ;
#1853 = LINE ( 'NONE', #2955, #1506 ) ;
#1854 = VERTEX_POINT ( 'NONE', #3745 ) ;
#1855 = CARTESIAN_POINT ( 'NONE',  ( 9.239999999999998437, 88.82403351242031420, 14.64000020980799910 ) ) ;
#1856 = DIRECTION ( 'NONE',  ( -0.000000000000000000, -0.000000000000000000, -1.000000000000000000 ) ) ;
#1857 = CYLINDRICAL_SURFACE ( 'NONE', #110, 7.000000000000000000 ) ;
#1858 = PLANE ( 'NONE',  #1597 ) ;
#1859 = EDGE_LOOP ( 'NONE', ( #2766, #1384, #1121, #3851 ) ) ;
#1860 = VERTEX_POINT ( 'NONE', #4390 ) ;
#1861 = B_SPLINE_CURVE_WITH_KNOTS ( 'NONE', 3,
 ( #1727, #946, #1387, #3595, #4268, #1360, #3994, #2828, #3570, #1316, #1749, #3521, #1682, #3197, #1337, #1660, #2046, #892, #2392 ),
 .UNSPECIFIED., .F., .F.,
 ( 4, 2, 2, 2, 1, 1, 1, 2, 2, 2, 4 ),
 ( 0.000000000000000000, 0.1249999999999842348, 0.1874999999999768796, 0.2187499999999737432, 0.2343749999999721334, 0.2421874999999718281, 0.2460937499999716060, 0.2480468749999714950, 0.2499999999999713562, 0.3749999999999856781, 0.5000000000000000000 ),
 .UNSPECIFIED. ) ;
#1862 = DIRECTION ( 'NONE',  ( -0.000000000000000000, -0.000000000000000000, 1.000000000000000000 ) ) ;
#1863 = CARTESIAN_POINT ( 'NONE',  ( 58.55993554178912319, 66.55932099351831255, 8.169180397836580454 ) ) ;
#1864 = PLANE ( 'NONE',  #1377 ) ;
#1865 = CARTESIAN_POINT ( 'NONE',  ( 58.16509932264972349, 63.78781696160593384, 20.30155739427319972 ) ) ;
#1866 = CARTESIAN_POINT ( 'NONE',  ( 58.16475541517807812, 61.04194362642400051, 8.570423587676410548 ) ) ;
#1867 = CARTESIAN_POINT ( 'NONE',  ( 4.920778728823575143, 70.32344240262855806, 18.36800698387186159 ) ) ;
#1868 = DIRECTION ( 'NONE',  ( 0.000000000000000000, -1.000000000000000000, -0.000000000000000000 ) ) ;
#1869 = CARTESIAN_POINT ( 'NONE',  ( 58.08347671070112028, 65.80397853271058750, 19.91433075817891662 ) ) ;
#1870 = EDGE_CURVE ( 'NONE', #3424, #3787, #2543, .T. ) ;
#1871 = EDGE_LOOP ( 'NONE', ( #4664, #67, #1100, #4530 ) ) ;
#1872 = ORIENTED_EDGE ( 'NONE', *, *, #613, .T. ) ;
#1873 = CARTESIAN_POINT ( 'NONE',  ( 50.66500089984056387, 73.00199890136700276, 8.766239674848929297 ) ) ;
#1874 = CARTESIAN_POINT ( 'NONE',  ( 5.497552569110274234, 10.69772515401585089, 24.06000020980799903 ) ) ;
#1875 = DIRECTION ( 'NONE',  ( -0.000000000000000000, 0.000000000000000000, 1.000000000000000000 ) ) ;
#1876 = FACE_OUTER_BOUND ( 'NONE', #3246, .T. ) ;
#1877 = CARTESIAN_POINT ( 'NONE',  ( 59.65884924242466525, 4.998487684605500192, 16.13758113637682357 ) ) ;
#1878 = EDGE_CURVE ( 'NONE', #398, #39, #4775, .T. ) ;
#1879 = DIRECTION ( 'NONE',  ( 1.000000000000000000, 0.000000000000000000, 0.000000000000000000 ) ) ;
#1880 = ORIENTED_EDGE ( 'NONE', *, *, #4556, .F. ) ;
#1881 = DIRECTION ( 'NONE',  ( 0.000000000000000000, 0.000000000000000000, -1.000000000000000000 ) ) ;
#1882 = CARTESIAN_POINT ( 'NONE',  ( 9.239999999999998437, 73.00199890136700276, 14.64000020980799910 ) ) ;
#1883 = CARTESIAN_POINT ( 'NONE',  ( 52.68094593598600284, 71.35705527792387670, 8.169180397836585783 ) ) ;
#1884 = VERTEX_POINT ( 'NONE', #3690 ) ;
#1885 = EDGE_LOOP ( 'NONE', ( #1639, #3503, #1293, #531 ) ) ;
#1886 = DIRECTION ( 'NONE',  ( -1.000000000000000000, 0.000000000000000000, 0.000000000000000000 ) ) ;
#1887 = CARTESIAN_POINT ( 'NONE',  ( 58.62483199136507039, 66.39179478359430675, 8.169180397836580454 ) ) ;
#1888 = DIRECTION ( 'NONE',  ( -0.000000000000000000, 1.000000000000000000, -0.000000000000000000 ) ) ;
#1889 = VERTEX_POINT ( 'NONE', #9 ) ;
#1890 = CARTESIAN_POINT ( 'NONE',  ( 58.68599179826846779, 64.19351437916476755, 8.413636320950240943 ) ) ;
#1891 = CARTESIAN_POINT ( 'NONE',  ( 59.81808957813683492, 77.78032365880054044, 8.169180397836585783 ) ) ;
#1892 = CARTESIAN_POINT ( 'NONE',  ( 58.65350524386597897, 64.64847619882574747, 19.69544114417645275 ) ) ;
#1893 = VERTEX_POINT ( 'NONE', #321 ) ;
#1894 = ORIENTED_EDGE ( 'NONE', *, *, #4139, .T. ) ;
#1895 = AXIS2_PLACEMENT_3D ( 'NONE', #62, #3006, #4540 ) ;
#1896 = ADVANCED_FACE ( 'NONE', ( #2878 ), #3344, .F. ) ;
#1897 = CARTESIAN_POINT ( 'NONE',  ( -0.5017704232367068418, 15.19862768945214704, 20.06000020980799903 ) ) ;
#1898 = DIRECTION ( 'NONE',  ( 0.000000000000000000, 0.000000000000000000, -1.000000000000000000 ) ) ;
#1899 = ORIENTED_EDGE ( 'NONE', *, *, #3728, .F. ) ;
#1900 = CARTESIAN_POINT ( 'NONE',  ( 48.53347709198537530, 71.16660680129112393, 8.789149041607815960 ) ) ;
#1901 = EDGE_LOOP ( 'NONE', ( #2590, #2418, #270, #484 ) ) ;
#1902 = ADVANCED_FACE ( 'NONE', ( #580 ), #1002, .F. ) ;
#1903 = DIRECTION ( 'NONE',  ( 0.0001252452049432801042, 0.9999999921568192285, 0.000000000000000000 ) ) ;
#1904 = DIRECTION ( 'NONE',  ( -0.000000000000000000, 1.000000000000000000, -0.000000000000000000 ) ) ;
#1905 = DIRECTION ( 'NONE',  ( 0.9999999943759462218, -0.0001060570958313862745, -0.000000000000000000 ) ) ;
#1906 = ORIENTED_EDGE ( 'NONE', *, *, #2106, .T. ) ;
#1907 = ORIENTED_EDGE ( 'NONE', *, *, #4132, .F. ) ;
#1908 = CARTESIAN_POINT ( 'NONE',  ( 58.66457184972744443, 63.81474409604623332, 8.500673483988638424 ) ) ;
#1909 = CARTESIAN_POINT ( 'NONE',  ( 53.84733471793259696, 70.70765118702006191, 8.169405867343071392 ) ) ;
#1910 = EDGE_LOOP ( 'NONE', ( #2321, #3444, #2673, #4712 ) ) ;
#1911 = VECTOR ( 'NONE', #1275, 1000.000000000000000 ) ;
#1912 = CARTESIAN_POINT ( 'NONE',  ( 58.63038991257727162, 63.18132113060529065, 19.35625199829273058 ) ) ;
#1913 = VERTEX_POINT ( 'NONE', #1271 ) ;
#1914 = DIRECTION ( 'NONE',  ( 0.9999999921568192285, -0.0001252452049413511459, -0.000000000000000000 ) ) ;
#1915 = CIRCLE ( 'NONE', #2141, 3.000000000000002665 ) ;
#1916 = CARTESIAN_POINT ( 'NONE',  ( 57.72377675982509260, 65.94874694237481094, 20.67272661014280999 ) ) ;
#1917 = AXIS2_PLACEMENT_3D ( 'NONE', #1295, #897, #2442 ) ;
#1918 = DIRECTION ( 'NONE',  ( -1.000000000000000000, 0.000000000000000000, 0.000000000000000000 ) ) ;
#1919 = CARTESIAN_POINT ( 'NONE',  ( 53.63486518469071740, 70.07826528440779157, 20.83954528252819927 ) ) ;
#1920 = DIRECTION ( 'NONE',  ( -1.000000000000000000, 0.000000000000000000, 0.000000000000000000 ) ) ;
#1921 = AXIS2_PLACEMENT_3D ( 'NONE', #2359, #2384, #3818 ) ;
#1922 = ADVANCED_FACE ( 'NONE', ( #2118 ), #3547, .F. ) ;
#1923 = EDGE_LOOP ( 'NONE', ( #2440, #3184, #3798, #3205 ) ) ;
#1924 = CARTESIAN_POINT ( 'NONE',  ( 57.66391021098766601, 52.71787640606714120, 10.98761470659512973 ) ) ;
#1925 = ORIENTED_EDGE ( 'NONE', *, *, #2304, .F. ) ;
#1926 = AXIS2_PLACEMENT_3D ( 'NONE', #4697, #2894, #1381 ) ;
#1927 = CARTESIAN_POINT ( 'NONE',  ( 58.15800094435959267, -0.4999999999916412419, -97.32438719255948456 ) ) ;
#1928 = LINE ( 'NONE', #65, #1528 ) ;
#1929 = FACE_OUTER_BOUND ( 'NONE', #4159, .T. ) ;
#1930 = EDGE_CURVE ( 'NONE', #2117, #3111, #2462, .T. ) ;
#1931 = AXIS2_PLACEMENT_3D ( 'NONE', #1205, #1652, #3141 ) ;
#1932 = ORIENTED_EDGE ( 'NONE', *, *, #1009, .F. ) ;
#1933 = VERTEX_POINT ( 'NONE', #2397 ) ;
#1934 = CARTESIAN_POINT ( 'NONE',  ( 42.62439462099710852, 70.50199890136701697, 13.19554702751372233 ) ) ;
#1935 = CARTESIAN_POINT ( 'NONE',  ( 58.49775727311841678, 66.24883847353018496, 8.168894186504276789 ) ) ;
#1936 = DIRECTION ( 'NONE',  ( 0.000000000000000000, -1.000000000000000000, 0.000000000000000000 ) ) ;
#1937 = EDGE_CURVE ( 'NONE', #2623, #3496, #2551, .T. ) ;
#1938 = ORIENTED_EDGE ( 'NONE', *, *, #3666, .F. ) ;
#1939 = CARTESIAN_POINT ( 'NONE',  ( 58.31968234567256815, 61.40099446112666470, 18.84326566303808903 ) ) ;
#1940 = DIRECTION ( 'NONE',  ( -0.0001060570958313862609, -0.9999999943759462218, 0.000000000000000000 ) ) ;
#1941 = CARTESIAN_POINT ( 'NONE',  ( 57.16485122032050015, 67.13973530856678451, 20.67248315447102769 ) ) ;
#1942 = EDGE_CURVE ( 'NONE', #2474, #4657, #1085, .T. ) ;
#1943 = CARTESIAN_POINT ( 'NONE',  ( 51.16500091023044661, 70.50199890136700276, 7.261870608852968090 ) ) ;
#1944 = CARTESIAN_POINT ( 'NONE',  ( 58.77272866910954718, 63.48027879297426779, 19.38475950571344342 ) ) ;
#1945 = CARTESIAN_POINT ( 'NONE',  ( 59.65874326698324381, 3.999257600329181095, 25.66000020980800045 ) ) ;
#1946 = VERTEX_POINT ( 'NONE', #2787 ) ;
#1947 = B_SPLINE_CURVE_WITH_KNOTS ( 'NONE', 3,
 ( #1312, #820, #3443, #174, #81, #2710, #545, #2362, #2754, #844 ),
 .UNSPECIFIED., .F., .F.,
 ( 4, 2, 2, 2, 4 ),
 ( 0.000000000000000000, 0.2500000000000000000, 0.5000000000000000000, 0.7500000000000000000, 1.000000000000000000 ),
 .UNSPECIFIED. ) ;
#1948 = LINE ( 'NONE', #1740, #3389 ) ;
#1949 = EDGE_LOOP ( 'NONE', ( #1828, #4033, #2278, #2122 ) ) ;
#1950 = CARTESIAN_POINT ( 'NONE',  ( 51.98979158073268536, 70.73911465709893776, 19.91793704684005561 ) ) ;
#1951 = CARTESIAN_POINT ( 'NONE',  ( 58.16058485846269832, 27.74281106225903670, 20.06000020980801324 ) ) ;
#1952 = CARTESIAN_POINT ( 'NONE',  ( 58.62483199136507039, 66.39179478359430675, 8.169180397836587559 ) ) ;
#1953 = VERTEX_POINT ( 'NONE', #4802 ) ;
#1954 = VERTEX_POINT ( 'NONE', #4440 ) ;
#1955 = EDGE_CURVE ( 'NONE', #2907, #4818, #4779, .T. ) ;
#1956 = CARTESIAN_POINT ( 'NONE',  ( 51.30167298828958877, 71.08934165114423820, 8.212611575636366013 ) ) ;
#1957 = CARTESIAN_POINT ( 'NONE',  ( 58.15967446986063294, 63.82895931822260849, 7.831234917995016254 ) ) ;
#1958 = CARTESIAN_POINT ( 'NONE',  ( 11.82937165317581041, 31.00199890019688098, -4.219999790191999445 ) ) ;
#1959 = EDGE_LOOP ( 'NONE', ( #1340, #1539, #2080, #2531, #553, #1692 ) ) ;
#1960 = CARTESIAN_POINT ( 'NONE',  ( 58.35033923897663044, 57.83749441039247330, 14.00436284018199729 ) ) ;
#1961 = EDGE_CURVE ( 'NONE', #406, #2079, #682, .T. ) ;
#1962 = LINE ( 'NONE', #4622, #4754 ) ;
#1963 = CARTESIAN_POINT ( 'NONE',  ( 57.18010454558963573, 67.11470736609493315, 7.503472074134825753 ) ) ;
#1964 = CARTESIAN_POINT ( 'NONE',  ( 53.70403058473149827, 70.04283025898800474, 20.83954528252819927 ) ) ;
#1965 = CARTESIAN_POINT ( 'NONE',  ( 51.16500091023044661, 70.50199890136700276, -4.219999790191996780 ) ) ;
#1966 = CARTESIAN_POINT ( 'NONE',  ( 56.61020392769177079, 70.78508158092452618, 25.66000020980800400 ) ) ;
#1967 = DIRECTION ( 'NONE',  ( -0.0001060570958326290006, -0.9999999943759462218, 0.000000000000000000 ) ) ;
#1968 = CARTESIAN_POINT ( 'NONE',  ( 52.65874330635161726, 4.000000000000003553, -5.219999790191998557 ) ) ;
#1969 = DIRECTION ( 'NONE',  ( 0.000000000000000000, -1.000000000000000000, 0.000000000000000000 ) ) ;
#1970 = CARTESIAN_POINT ( 'NONE',  ( 51.26431094247661946, 70.55977055116539987, 20.11685539530897415 ) ) ;
#1971 = LINE ( 'NONE', #1174, #2698 ) ;
#1972 = CARTESIAN_POINT ( 'NONE',  ( 53.34212461896918711, 71.22945459786134847, 8.169180397836584007 ) ) ;
#1973 = CARTESIAN_POINT ( 'NONE',  ( 58.16500091023044661, 63.50199890136699565, 25.66000020980800045 ) ) ;
#1974 = ORIENTED_EDGE ( 'NONE', *, *, #2497, .T. ) ;
#1975 = CARTESIAN_POINT ( 'NONE',  ( 51.99992533923161631, 70.45292835293936662, 7.505217938842863035 ) ) ;
#1976 = CARTESIAN_POINT ( 'NONE',  ( 58.16469491241873868, 63.59610077413065454, 7.758073482238592611 ) ) ;
#1977 = CARTESIAN_POINT ( 'NONE',  ( 53.82499999999999574, 23.16500000000000270, 29.00974767811383614 ) ) ;
#1978 = ORIENTED_EDGE ( 'NONE', *, *, #1668, .T. ) ;
#1979 = EDGE_CURVE ( 'NONE', #4818, #1953, #2169, .T. ) ;
#1980 = ORIENTED_EDGE ( 'NONE', *, *, #1770, .T. ) ;
#1981 = ORIENTED_EDGE ( 'NONE', *, *, #111, .T. ) ;
#1982 = VERTEX_POINT ( 'NONE', #704 ) ;
#1983 = CARTESIAN_POINT ( 'NONE',  ( 58.49537908745811166, 58.42494300499370752, 14.00436284018248756 ) ) ;
#1984 = LINE ( 'NONE', #936, #336 ) ;
#1985 = FACE_OUTER_BOUND ( 'NONE', #478, .T. ) ;
#1986 = AXIS2_PLACEMENT_3D ( 'NONE', #2984, #3754, #2276 ) ;
#1987 = EDGE_CURVE ( 'NONE', #3925, #1759, #915, .T. ) ;
#1988 = EDGE_CURVE ( 'NONE', #318, #3014, #4819, .T. ) ;
#1989 = AXIS2_PLACEMENT_3D ( 'NONE', #1820, #3753, #4830 ) ;
#1990 = CARTESIAN_POINT ( 'NONE',  ( 16.00513015478068723, 41.64646394823500231, 3.100000000000000977 ) ) ;
#1991 = CARTESIAN_POINT ( 'NONE',  ( 58.78488584880800971, 63.66182744458370735, 19.43563873490946037 ) ) ;
#1992 = DIRECTION ( 'NONE',  ( -0.9999999921568193395, 0.0001252452049413511459, 0.000000000000000000 ) ) ;
#1993 = DIRECTION ( 'NONE',  ( 0.000000000000000000, 0.000000000000000000, 1.000000000000000000 ) ) ;
#1994 = AXIS2_PLACEMENT_3D ( 'NONE', #548, #2897, #601 ) ;
#1995 = VERTEX_POINT ( 'NONE', #304 ) ;
#1996 = VECTOR ( 'NONE', #2341, 1000.000000000000000 ) ;
#1997 = CARTESIAN_POINT ( 'NONE',  ( 51.95351614581021238, 70.52870283802755580, 20.14126458435638511 ) ) ;
#1998 = DIRECTION ( 'NONE',  ( 1.000000000000000000, -0.000000000000000000, -0.000000000000000000 ) ) ;
#1999 = LINE ( 'NONE', #3472, #894 ) ;
#2000 = ADVANCED_FACE ( 'NONE', ( #4415 ), #1391, .F. ) ;
#2001 = CIRCLE ( 'NONE', #4135, 8.420000000000003482 ) ;
#2002 = FACE_BOUND ( 'NONE', #4855, .T. ) ;
#2003 = ORIENTED_EDGE ( 'NONE', *, *, #2769, .T. ) ;
#2004 = CARTESIAN_POINT ( 'NONE',  ( 51.33643467984499154, 70.55932868357226084, 7.886994229354105101 ) ) ;
#2005 = CARTESIAN_POINT ( 'NONE',  ( 57.92500082615860180, 65.34536802600844396, 7.527108052896702262 ) ) ;
#2006 = CYLINDRICAL_SURFACE ( 'NONE', #3312, 2.000000000000005329 ) ;
#2007 = VECTOR ( 'NONE', #3415, 1000.000000000000000 ) ;
#2008 = VERTEX_POINT ( 'NONE', #281 ) ;
#2009 = ORIENTED_EDGE ( 'NONE', *, *, #3544, .T. ) ;
#2010 = ORIENTED_EDGE ( 'NONE', *, *, #3859, .T. ) ;
#2011 = CARTESIAN_POINT ( 'NONE',  ( 40.82937165317581929, 59.60199890136700418, -4.219999790191999445 ) ) ;
#2012 = LINE ( 'NONE', #1633, #888 ) ;
#2013 = CARTESIAN_POINT ( 'NONE',  ( 58.79551629859735584, 63.82438490107536211, 19.47864175242429141 ) ) ;
#2014 = B_SPLINE_SURFACE_WITH_KNOTS ( 'NONE', 5, 3, ( 
 ( #2157, #292, #3764, #2182, #4506, #1108, #719, #1083, #2946, #4455 ),
 ( #2917, #1916, #1480, #1138, #3710, #3387, #2971, #27, #1529, #2605 ),
 ( #4428, #1055, #2287, #3685, #4816, #3025, #4479, #3, #1453, #316 ),
 ( #397, #4109, #56, #4142, #2555, #4534, #2662, #1503, #2238, #3337 ),
 ( #1814, #347, #1869, #1841, #1164, #794, #2263, #4844, #3309, #745 ),
 ( #4163, #2579, #3789, #3416, #3362, #1892, #4083, #2636, #3739, #2205 ),
 ( #375, #2997, #774, #4059, #692, #421, #4624, #2338, #2013, #99 ),
 ( #149, #4599, #3908, #1558, #4555, #912, #815, #3440, #1654, #3093 ) ),
 .UNSPECIFIED., .F., .F., .F.,
 ( 6, 2, 6 ),
 ( 4, 1, 1, 1, 1, 1, 1, 4 ),
 ( 0.000000000000000000, 0.5000000000000000000, 1.000000000000000000 ),
 ( 0.000000000000000000, 0.0001988680459396180433, 0.0006960381607886631516, 0.001292642298607517065, 0.002088114482365989021, 0.002485850574245225108, 0.002784152643154652173, 0.002983020689094270216 ),
 .UNSPECIFIED. ) ;
#2015 = DIRECTION ( 'NONE',  ( 0.000000000000000000, -0.000000000000000000, 1.000000000000000000 ) ) ;
#2016 = CARTESIAN_POINT ( 'NONE',  ( 58.21076919160139340, 63.55464020900450350, 19.78746800856582766 ) ) ;
#2017 = EDGE_CURVE ( 'NONE', #3152, #2814, #3435, .T. ) ;
#2018 = CARTESIAN_POINT ( 'NONE',  ( 55.57500000000000284, 23.16500000000000270, 20.06000020980799903 ) ) ;
#2019 = DIRECTION ( 'NONE',  ( 0.9999999921568193395, -0.0001252452049413511459, -0.000000000000000000 ) ) ;
#2020 = ORIENTED_EDGE ( 'NONE', *, *, #3273, .T. ) ;
#2021 = CARTESIAN_POINT ( 'NONE',  ( 52.03287306731346007, 70.44904890604320258, 20.66666852098282092 ) ) ;
#2022 = ADVANCED_FACE ( 'NONE', ( #2280 ), #48, .F. ) ;
#2023 = DIRECTION ( 'NONE',  ( 0.000000000000000000, 0.000000000000000000, -1.000000000000000000 ) ) ;
#2024 = LINE ( 'NONE', #2692, #263 ) ;
#2025 = CARTESIAN_POINT ( 'NONE',  ( -0.5005768452165902938, 29.17367721997403507, -0.7709996074473568495 ) ) ;
#2026 = EDGE_LOOP ( 'NONE', ( #3767, #3430, #4711, #3972 ) ) ;
#2027 = ORIENTED_EDGE ( 'NONE', *, *, #3239, .T. ) ;
#2028 = CARTESIAN_POINT ( 'NONE',  ( 50.66500089984055677, 73.00199890136700276, -0.5579199685116905671 ) ) ;
#2029 = CARTESIAN_POINT ( 'NONE',  ( 51.26431094247755027, 70.55977055116541408, 7.891870285056076462 ) ) ;
#2030 = CARTESIAN_POINT ( 'NONE',  ( 59.66500089984057098, 63.65521841522048163, 8.839306312537429378 ) ) ;
#2031 = CARTESIAN_POINT ( 'NONE',  ( -0.5010752253450554417, 19.81999969483235446, -97.32438719255948456 ) ) ;
#2032 = ORIENTED_EDGE ( 'NONE', *, *, #136, .F. ) ;
#2033 = ORIENTED_EDGE ( 'NONE', *, *, #1543, .T. ) ;
#2034 = ORIENTED_EDGE ( 'NONE', *, *, #2106, .F. ) ;
#2035 = FACE_OUTER_BOUND ( 'NONE', #1046, .T. ) ;
#2036 = DIRECTION ( 'NONE',  ( 1.000000000000000000, -0.000000000000000000, -0.000000000000000000 ) ) ;
#2037 = CARTESIAN_POINT ( 'NONE',  ( 57.69235310622323709, 66.03057029831589375, 20.83954528252819571 ) ) ;
#2038 = CARTESIAN_POINT ( 'NONE',  ( 59.66500089984057098, 64.00199890136701697, 4.558666876474661400 ) ) ;
#2039 =( BOUNDED_CURVE ( )  B_SPLINE_CURVE ( 2, ( #991, #1382, #2823 ),
 .UNSPECIFIED., .F., .T. ) 
 B_SPLINE_CURVE_WITH_KNOTS ( ( 3, 3 ),
 ( 0.002934568216206928908, 0.01082257485774944065 ),
 .UNSPECIFIED. ) 
 CURVE ( )  GEOMETRIC_REPRESENTATION_ITEM ( )  RATIONAL_B_SPLINE_CURVE ( ( 0.8998998089747652918, 0.8108791185468406937, 0.8928464699355220802 ) ) 
 REPRESENTATION_ITEM ( '' )  );
#2040 = DIRECTION ( 'NONE',  ( 0.9999999943759462218, -0.0001060570958313862745, 0.000000000000000000 ) ) ;
#2041 = DIRECTION ( 'NONE',  ( 0.0001252452049432801042, 0.9999999921568192285, 0.000000000000000000 ) ) ;
#2042 = EDGE_CURVE ( 'NONE', #2544, #84, #3955, .T. ) ;
#2043 = ORIENTED_EDGE ( 'NONE', *, *, #3106, .F. ) ;
#2044 = DIRECTION ( 'NONE',  ( 0.000000000000000000, 1.000000000000000000, 0.000000000000000000 ) ) ;
#2045 = CARTESIAN_POINT ( 'NONE',  ( 51.60420982193195982, 70.48930176100489575, 20.63841627334829099 ) ) ;
#2046 = CARTESIAN_POINT ( 'NONE',  ( 58.50543363209467884, 58.53406689586277878, 12.92382502936373534 ) ) ;
#2047 = CARTESIAN_POINT ( 'NONE',  ( 44.94444173781153751, 70.50199890136703118, 9.568055151255428825 ) ) ;
#2048 = ADVANCED_FACE ( 'NONE', ( #21, #2909 ), #4407, .F. ) ;
#2049 = CARTESIAN_POINT ( 'NONE',  ( 52.38234499653977139, 70.39569955935601797, 7.498134038306448090 ) ) ;
#2050 = ORIENTED_EDGE ( 'NONE', *, *, #2652, .F. ) ;
#2051 = CARTESIAN_POINT ( 'NONE',  ( 52.59533956487429407, 71.20602407375406528, 8.169180397836589336 ) ) ;
#2052 = LINE ( 'NONE', #2924, #1626 ) ;
#2053 = CARTESIAN_POINT ( 'NONE',  ( 57.23611507625831507, 3.027235698613899739, 15.86608425477294837 ) ) ;
#2054 = B_SPLINE_SURFACE_WITH_KNOTS ( 'NONE', 5, 3, ( 
 ( #1388, #3219, #4752, #180, #3243, #4016, #3969, #4368, #2782, #228, #3198 ),
 ( #1683, #3543, #3175, #2047, #3522, #2514, #2070, #1728, #4322, #3995, #3571 ),
 ( #2115, #4704, #1020, #1661, #3150, #2879, #924, #551, #250, #207, #604 ),
 ( #2416, #650, #999, #1338, #4654, #4726, #1291, #1750, #4391, #2094, #2829 ),
 ( #3917, #4682, #947, #2461, #3596, #1317, #2807, #2438, #3939, #575, #4342 ),
 ( #968, #1361, #2852, #2488, #2215, #1145, #3747, #4039, #4486, #1435, #2925 ),
 ( #3318, #4437, #1039, #4148, #754, #4824, #3639, #2587, #276, #1091, #4090 ),
 ( #1463, #2564, #3718, #726, #2978, #1510, #3003, #299, #3370, #11, #357 ) ),
 .UNSPECIFIED., .F., .F., .F.,
 ( 6, 2, 6 ),
 ( 4, 1, 1, 1, 1, 1, 1, 1, 4 ),
 ( 0.000000000000000000, 0.5000000000000000000, 1.000000000000000000 ),
 ( -1.405923576574465983, -1.054442682430849487, -0.7029617882872329915, -0.3514808941436163292, 2.220446049250313081E-16, 0.3514808941436167733, 0.7029617882872333245, 1.054442682430849931, 1.405923576574466427 ),
 .UNSPECIFIED. ) ;
#2055 = VERTEX_POINT ( 'NONE', #1036 ) ;
#2056 = ORIENTED_EDGE ( 'NONE', *, *, #4526, .T. ) ;
#2057 = ORIENTED_EDGE ( 'NONE', *, *, #1333, .F. ) ;
#2058 = DIRECTION ( 'NONE',  ( 0.000000000000000000, -1.000000000000000000, 0.000000000000000000 ) ) ;
#2059 = CARTESIAN_POINT ( 'NONE',  ( 52.90637973197926414, 70.60344098960509029, 19.91571292720806241 ) ) ;
#2060 = LINE ( 'NONE', #3209, #3076 ) ;
#2061 = CARTESIAN_POINT ( 'NONE',  ( 58.16500091023044661, 63.50199890136699565, 20.36226538573679434 ) ) ;
#2062 = FACE_OUTER_BOUND ( 'NONE', #2484, .T. ) ;
#2063 = AXIS2_PLACEMENT_3D ( 'NONE', #468, #1936, #3455 ) ;
#2064 = DIRECTION ( 'NONE',  ( 0.000000000000000000, 0.000000000000000000, -1.000000000000000000 ) ) ;
#2065 = ORIENTED_EDGE ( 'NONE', *, *, #826, .T. ) ;
#2066 = CARTESIAN_POINT ( 'NONE',  ( 57.66391021098766601, 52.71787640606714120, 17.13761470659513009 ) ) ;
#2067 = DIRECTION ( 'NONE',  ( 0.000000000000000000, 0.000000000000000000, 1.000000000000000000 ) ) ;
#2068 = DIRECTION ( 'NONE',  ( -1.000000000000000000, 0.000000000000000000, 0.000000000000000000 ) ) ;
#2069 = EDGE_CURVE ( 'NONE', #4439, #4278, #647, .T. ) ;
#2070 = CARTESIAN_POINT ( 'NONE',  ( 43.11805144249306210, 70.50199890136698855, 16.36956741419524164 ) ) ;
#2071 = AXIS2_PLACEMENT_3D ( 'NONE', #225, #3195, #2804 ) ;
#2072 = ORIENTED_EDGE ( 'NONE', *, *, #1056, .F. ) ;
#2073 = ORIENTED_EDGE ( 'NONE', *, *, #3910, .T. ) ;
#2074 = DIRECTION ( 'NONE',  ( -0.7433024782647695838, -0.6689554737091638614, 1.300023451391010498E-18 ) ) ;
#2075 = CIRCLE ( 'NONE', #1691, 7.000000000000000000 ) ;
#2076 = CARTESIAN_POINT ( 'NONE',  ( 51.30646651971755290, 71.38246848804327271, 8.245089572831544089 ) ) ;
#2077 = EDGE_CURVE ( 'NONE', #1781, #775, #1704, .T. ) ;
#2078 = DIRECTION ( 'NONE',  ( 0.000000000000000000, 0.000000000000000000, 1.000000000000000000 ) ) ;
#2079 = VERTEX_POINT ( 'NONE', #3615 ) ;
#2080 = ORIENTED_EDGE ( 'NONE', *, *, #1937, .T. ) ;
#2081 = AXIS2_PLACEMENT_3D ( 'NONE', #2356, #793, #2285 ) ;
#2082 = LINE ( 'NONE', #2405, #914 ) ;
#2083 = EDGE_CURVE ( 'NONE', #2404, #4074, #2313, .T. ) ;
#2084 = CARTESIAN_POINT ( 'NONE',  ( 52.85734776187096173, 71.32301154129639542, 19.83954528252819571 ) ) ;
#2085 = AXIS2_PLACEMENT_3D ( 'NONE', #1677, #3844, #2041 ) ;
#2086 = DIRECTION ( 'NONE',  ( -2.940209281316622002E-16, 1.000000000000000000, 0.000000000000000000 ) ) ;
#2087 = CARTESIAN_POINT ( 'NONE',  ( 56.16351561351428501, 51.14307390121241070, 21.56261470659513080 ) ) ;
#2088 = EDGE_CURVE ( 'NONE', #1953, #4772, #4701, .T. ) ;
#2089 = CARTESIAN_POINT ( 'NONE',  ( 57.33529973865699247, 3.205820479338254980, 16.76034807242352187 ) ) ;
#2090 = VERTEX_POINT ( 'NONE', #3540 ) ;
#2091 = DIRECTION ( 'NONE',  ( 1.000000000000000000, 0.000000000000000000, 0.000000000000000000 ) ) ;
#2092 = FACE_OUTER_BOUND ( 'NONE', #3903, .T. ) ;
#2093 = FACE_OUTER_BOUND ( 'NONE', #3329, .T. ) ;
#2094 = CARTESIAN_POINT ( 'NONE',  ( 50.09960827108269399, 70.55132696243569512, 20.03523498716685225 ) ) ;
#2095 = CARTESIAN_POINT ( 'NONE',  ( 45.63111237318961599, 70.94068963463595878, 17.82960308237154479 ) ) ;
#2096 = VERTEX_POINT ( 'NONE', #247 ) ;
#2097 = DIRECTION ( 'NONE',  ( 1.000000000000000000, -0.000000000000000000, -0.000000000000000000 ) ) ;
#2098 = DIRECTION ( 'NONE',  ( 0.000000000000000000, 0.000000000000000000, -1.000000000000000000 ) ) ;
#2099 = CARTESIAN_POINT ( 'NONE',  ( 58.16500091023044661, 63.50199890136699565, 20.36226538573679434 ) ) ;
#2100 = ORIENTED_EDGE ( 'NONE', *, *, #694, .T. ) ;
#2101 = VERTEX_POINT ( 'NONE', #176 ) ;
#2102 = ADVANCED_FACE ( 'NONE', ( #1314 ), #1680, .F. ) ;
#2103 = DIRECTION ( 'NONE',  ( 0.000000000000000000, 0.000000000000000000, 1.000000000000000000 ) ) ;
#2104 = CARTESIAN_POINT ( 'NONE',  ( 56.67373830046454941, 67.99742339263528379, 7.875712541942610834 ) ) ;
#2105 = CARTESIAN_POINT ( 'NONE',  ( 55.85301049518268002, 69.16490512406116409, 19.91064675066397527 ) ) ;
#2106 = EDGE_CURVE ( 'NONE', #3436, #1390, #2485, .T. ) ;
#2107 = CARTESIAN_POINT ( 'NONE',  ( 53.33357594730983209, 72.61556372258576175, 19.83954528252819571 ) ) ;
#2108 = CARTESIAN_POINT ( 'NONE',  ( 57.69235310622322999, 66.03057029831590796, 20.83954528252819571 ) ) ;
#2109 = DIRECTION ( 'NONE',  ( 0.9999999921568192285, -0.0001252452049413511459, -0.000000000000000000 ) ) ;
#2110 = DIRECTION ( 'NONE',  ( -0.000000000000000000, -1.000000000000000000, -0.000000000000000000 ) ) ;
#2111 = ORIENTED_EDGE ( 'NONE', *, *, #2908, .T. ) ;
#2112 = FACE_OUTER_BOUND ( 'NONE', #2963, .T. ) ;
#2113 = CARTESIAN_POINT ( 'NONE',  ( 52.56539605589937736, 71.20948127088183810, 19.83976427725179903 ) ) ;
#2114 = FACE_OUTER_BOUND ( 'NONE', #852, .T. ) ;
#2115 = CARTESIAN_POINT ( 'NONE',  ( 51.19853696937646959, 70.50199890136700276, 7.563175120848124600 ) ) ;
#2116 = CARTESIAN_POINT ( 'NONE',  ( 43.78351403724311552, 70.79687929718294015, 12.15820881203575432 ) ) ;
#2117 = VERTEX_POINT ( 'NONE', #4319 ) ;
#2118 = FACE_OUTER_BOUND ( 'NONE', #1076, .T. ) ;
#2119 = CARTESIAN_POINT ( 'NONE',  ( 50.54600143432600134, 73.00199890136700276, 25.66000020980800045 ) ) ;
#2120 = LINE ( 'NONE', #3601, #260 ) ;
#2121 = ORIENTED_EDGE ( 'NONE', *, *, #3127, .T. ) ;
#2122 = ORIENTED_EDGE ( 'NONE', *, *, #1139, .F. ) ;
#2123 = DIRECTION ( 'NONE',  ( 0.000000000000000000, 0.000000000000000000, 1.000000000000000000 ) ) ;
#2124 = CARTESIAN_POINT ( 'NONE',  ( 53.09983213799348079, 70.93320082569883311, 19.83970800060106754 ) ) ;
#2125 = EDGE_CURVE ( 'NONE', #3857, #2857, #973, .T. ) ;
#2126 = CARTESIAN_POINT ( 'NONE',  ( 58.16500091023044661, 63.00205899257918674, 25.66000020980800045 ) ) ;
#2127 = CARTESIAN_POINT ( 'NONE',  ( 59.66500089984057809, 73.00199890136700276, 4.558666876474660512 ) ) ;
#2128 = DIRECTION ( 'NONE',  ( 0.0001252452049432801042, 0.9999999921568192285, 0.000000000000000000 ) ) ;
#2129 = DIRECTION ( 'NONE',  ( -0.000000000000000000, -0.000000000000000000, 1.000000000000000000 ) ) ;
#2130 = EDGE_CURVE ( 'NONE', #4143, #3450, #943, .T. ) ;
#2131 = EDGE_CURVE ( 'NONE', #1650, #3602, #2323, .T. ) ;
#2132 = ORIENTED_EDGE ( 'NONE', *, *, #467, .T. ) ;
#2133 = CARTESIAN_POINT ( 'NONE',  ( 52.68094593598600284, 71.35705527792387670, 19.83954528252819571 ) ) ;
#2134 = LINE ( 'NONE', #296, #755 ) ;
#2135 = FACE_OUTER_BOUND ( 'NONE', #4165, .T. ) ;
#2136 = AXIS2_PLACEMENT_3D ( 'NONE', #1552, #3527, #3506 ) ;
#2137 = CARTESIAN_POINT ( 'NONE',  ( 44.05004675432050476, 70.81766658714289520, 16.28360516962456472 ) ) ;
#2138 = ORIENTED_EDGE ( 'NONE', *, *, #2974, .F. ) ;
#2139 = CARTESIAN_POINT ( 'NONE',  ( 58.16464789650400036, 60.18347824257683953, 18.70228170331581197 ) ) ;
#2140 = FACE_OUTER_BOUND ( 'NONE', #1959, .T. ) ;
#2141 = AXIS2_PLACEMENT_3D ( 'NONE', #1589, #3448, #4610 ) ;
#2142 = DIRECTION ( 'NONE',  ( 1.000000000000000000, 0.000000000000000000, -0.000000000000000000 ) ) ;
#2143 = EDGE_CURVE ( 'NONE', #3255, #1390, #3592, .T. ) ;
#2144 = AXIS2_PLACEMENT_3D ( 'NONE', #4065, #2213, #3265 ) ;
#2145 = ORIENTED_EDGE ( 'NONE', *, *, #2681, .F. ) ;
#2146 = ORIENTED_EDGE ( 'NONE', *, *, #2660, .F. ) ;
#2147 = B_SPLINE_CURVE_WITH_KNOTS ( 'NONE', 3,
 ( #2813, #3203, #2053, #977, #4730, #3977, #1393, #3579, #1756, #4783, #1368, #284, #632, #3225, #4397, #3948 ),
 .UNSPECIFIED., .F., .F.,
 ( 4, 2, 2, 2, 2, 2, 2, 4 ),
 ( 0.003247700847462408908, 0.003653006654018015834, 0.004058312460573627531, 0.004868924073684856996, 0.005274229880240469126, 0.005679535686796079522, 0.006084841493351691652, 0.006490147299907302915 ),
 .UNSPECIFIED. ) ;
#2148 = CARTESIAN_POINT ( 'NONE',  ( 55.57500000000000284, 23.16500000000000270, 24.06000020980799903 ) ) ;
#2149 =( GEOMETRIC_REPRESENTATION_CONTEXT ( 3 ) GLOBAL_UNCERTAINTY_ASSIGNED_CONTEXT ( ( #3985 ) ) GLOBAL_UNIT_ASSIGNED_CONTEXT ( ( #1561, #4512, #403 ) ) REPRESENTATION_CONTEXT ( 'NONE', 'WORKASPACE' ) );
#2150 = AXIS2_PLACEMENT_3D ( 'NONE', #1927, #4562, #1881 ) ;
#2151 = CARTESIAN_POINT ( 'NONE',  ( 57.79701103839710186, 66.56382096961444006, 19.91257720740179948 ) ) ;
#2152 = CARTESIAN_POINT ( 'NONE',  ( 58.16509483803174874, 63.75201026305429508, 7.573961128278012822 ) ) ;
#2153 = VECTOR ( 'NONE', #2873, 1000.000000000000000 ) ;
#2154 = LINE ( 'NONE', #3629, #1591 ) ;
#2155 = CARTESIAN_POINT ( 'NONE',  ( 6.273503078063710880, 70.50199890136698855, 9.765924546330460032 ) ) ;
#2156 = DIRECTION ( 'NONE',  ( -1.000000000000000000, 0.000000000000000000, 0.000000000000000000 ) ) ;
#2157 = CARTESIAN_POINT ( 'NONE',  ( 57.69235310622324420, 66.03057029831590796, 20.83954528252819927 ) ) ;
#2158 = AXIS2_PLACEMENT_3D ( 'NONE', #1473, #2228, #2964 ) ;
#2159 = ORIENTED_EDGE ( 'NONE', *, *, #4640, .F. ) ;
#2160 = ORIENTED_EDGE ( 'NONE', *, *, #1139, .T. ) ;
#2161 = ADVANCED_FACE ( 'NONE', ( #996, #4363, #2112 ), #1017, .T. ) ;
#2162 = CARTESIAN_POINT ( 'NONE',  ( 58.64626640134189017, 63.46987917182723749, 8.591897521601026710 ) ) ;
#2163 = CARTESIAN_POINT ( 'NONE',  ( 52.35764976373186386, 71.22986154446878970, 19.83895778570545687 ) ) ;
#2164 = CARTESIAN_POINT ( 'NONE',  ( 58.91941307459048005, 63.77488110958140766, 8.576633351336107935 ) ) ;
#2165 = DIRECTION ( 'NONE',  ( 0.000000000000000000, 0.000000000000000000, 1.000000000000000000 ) ) ;
#2166 = CARTESIAN_POINT ( 'NONE',  ( 48.07084384236845409, 71.13060031733849087, 8.949791368320559215 ) ) ;
#2167 = ORIENTED_EDGE ( 'NONE', *, *, #271, .F. ) ;
#2168 = EDGE_CURVE ( 'NONE', #2674, #3352, #3240, .T. ) ;
#2169 = LINE ( 'NONE', #1042, #3169 ) ;
#2170 = CARTESIAN_POINT ( 'NONE',  ( 51.52763410879547479, 71.39609986206394865, 8.224028996880949904 ) ) ;
#2171 = CARTESIAN_POINT ( 'NONE',  ( 58.16500091023044661, 63.50199890136699565, 7.646460294627999588 ) ) ;
#2172 = DIRECTION ( 'NONE',  ( -1.000000000000000000, 0.000000000000000000, 0.000000000000000000 ) ) ;
#2173 = ORIENTED_EDGE ( 'NONE', *, *, #4313, .T. ) ;
#2174 = ORIENTED_EDGE ( 'NONE', *, *, #2530, .F. ) ;
#2175 = PLANE ( 'NONE',  #2158 ) ;
#2176 = CARTESIAN_POINT ( 'NONE',  ( 55.85301051294597841, 69.16490511181494583, 8.098078928672201471 ) ) ;
#2177 = CARTESIAN_POINT ( 'NONE',  ( 58.16500091023044661, 63.00205899257918674, -97.32438719255948456 ) ) ;
#2178 = CARTESIAN_POINT ( 'NONE',  ( 58.16509465864703543, 63.75057799511231593, 20.44009283839800517 ) ) ;
#2179 = PLANE ( 'NONE',  #1350 ) ;
#2180 = CARTESIAN_POINT ( 'NONE',  ( 6.057393957781312288, 70.49105705894845642, 9.904316665459086622 ) ) ;
#2181 = PLANE ( 'NONE',  #3032 ) ;
#2182 = CARTESIAN_POINT ( 'NONE',  ( 57.90199845644139742, 65.42267514551832619, 20.81194166059977135 ) ) ;
#2183 = ORIENTED_EDGE ( 'NONE', *, *, #3213, .T. ) ;
#2184 = ORIENTED_EDGE ( 'NONE', *, *, #1431, .T. ) ;
#2185 = LINE ( 'NONE', #3688, #822 ) ;
#2186 = CARTESIAN_POINT ( 'NONE',  ( 54.69990849058051907, 69.57257856671618867, 20.83954528252818506 ) ) ;
#2187 = LINE ( 'NONE', #1019, #1757 ) ;
#2188 = LINE ( 'NONE', #2214, #4127 ) ;
#2189 = CYLINDRICAL_SURFACE ( 'NONE', #1989, 1.749999999999999778 ) ;
#2190 = ADVANCED_FACE ( 'NONE', ( #2510 ), #3116, .T. ) ;
#2191 = CARTESIAN_POINT ( 'NONE',  ( 45.57802050292826834, 70.93654991139517563, 17.79183244218698690 ) ) ;
#2192 = ORIENTED_EDGE ( 'NONE', *, *, #576, .F. ) ;
#2193 = CARTESIAN_POINT ( 'NONE',  ( 58.16495112182517602, 62.60453155899149635, 20.06536723366124519 ) ) ;
#2194 = CARTESIAN_POINT ( 'NONE',  ( -0.5029999997788460186, 6.500000000008358647, -4.219999790191996780 ) ) ;
#2195 = CARTESIAN_POINT ( 'NONE',  ( 58.91941307459048005, 63.77488110958140766, 8.576633351336107935 ) ) ;
#2196 = CARTESIAN_POINT ( 'NONE',  ( 15.22937165317582497, 16.80000000000000071, -4.219999790191999445 ) ) ;
#2197 = EDGE_CURVE ( 'NONE', #2697, #3924, #400, .T. ) ;
#2198 = ORIENTED_EDGE ( 'NONE', *, *, #2497, .F. ) ;
#2199 = ORIENTED_EDGE ( 'NONE', *, *, #1162, .F. ) ;
#2200 = CARTESIAN_POINT ( 'NONE',  ( 57.69235310622323709, 66.03057029831589375, 7.169180397836588448 ) ) ;
#2201 = CARTESIAN_POINT ( 'NONE',  ( 53.09983215781875998, 70.93320084860322083, 8.169017688793360321 ) ) ;
#2202 = CARTESIAN_POINT ( 'NONE',  ( 58.16498535439888684, 62.87785598232871820, 20.20418032387711449 ) ) ;
#2203 = DIRECTION ( 'NONE',  ( -0.000000000000000000, -0.000000000000000000, -1.000000000000000000 ) ) ;
#2204 = CARTESIAN_POINT ( 'NONE',  ( 55.16058488199225707, 27.74318679787386088, 24.06000020980799903 ) ) ;
#2205 = CARTESIAN_POINT ( 'NONE',  ( 58.66193101555055023, 63.75696184853978110, 19.49317367957232250 ) ) ;
#2206 = ORIENTED_EDGE ( 'NONE', *, *, #280, .F. ) ;
#2207 = VECTOR ( 'NONE', #4768, 1000.000000000000000 ) ;
#2208 = ORIENTED_EDGE ( 'NONE', *, *, #970, .F. ) ;
#2209 = B_SPLINE_CURVE_WITH_KNOTS ( 'NONE', 3,
 ( #1351, #4382, #2735, #4242, #3586, #219, #1719, #2842, #4357, #988 ),
 .UNSPECIFIED., .F., .F.,
 ( 4, 2, 2, 2, 4 ),
 ( 0.000000000000000000, 0.2500000000000000000, 0.5000000000000000000, 0.7500000000000000000, 1.000000000000000000 ),
 .UNSPECIFIED. ) ;
#2210 = CARTESIAN_POINT ( 'NONE',  ( 58.63361369688227143, 63.23684754839307942, 8.662078258721159330 ) ) ;
#2211 = CARTESIAN_POINT ( 'NONE',  ( 52.15975817109868728, 21.14263583926116752, 24.06000020980799903 ) ) ;
#2212 = CIRCLE ( 'NONE', #1128, 1.000000000000004219 ) ;
#2213 = DIRECTION ( 'NONE',  ( -0.000000000000000000, -0.000000000000000000, -1.000000000000000000 ) ) ;
#2214 = CARTESIAN_POINT ( 'NONE',  ( 59.81808957813683492, 77.78032365880054044, 19.83954528252819571 ) ) ;
#2215 = CARTESIAN_POINT ( 'NONE',  ( 43.59376297449655624, 70.68459075295363903, 11.89866607615717342 ) ) ;
#2216 = CARTESIAN_POINT ( 'NONE',  ( 59.66500089984057098, 64.00199890136701697, 25.66000020980800045 ) ) ;
#2217 = CARTESIAN_POINT ( 'NONE',  ( 58.89608345668675327, 63.46746853544706113, 19.34440423346788407 ) ) ;
#2218 = VERTEX_POINT ( 'NONE', #4063 ) ;
#2219 = EDGE_CURVE ( 'NONE', #1860, #2778, #2185, .T. ) ;
#2220 = CARTESIAN_POINT ( 'NONE',  ( 51.25993888558766542, 70.75099172185336727, 19.89388543037836143 ) ) ;
#2221 = DIRECTION ( 'NONE',  ( 0.000000000000000000, 0.000000000000000000, -1.000000000000000000 ) ) ;
#2222 = CARTESIAN_POINT ( 'NONE',  ( 55.57500000000000284, 23.16500000000000270, 24.06000020980799903 ) ) ;
#2223 = CIRCLE ( 'NONE', #2920, 3.400000000000003908 ) ;
#2224 = ORIENTED_EDGE ( 'NONE', *, *, #4526, .F. ) ;
#2225 = VERTEX_POINT ( 'NONE', #1897 ) ;
#2226 = CIRCLE ( 'NONE', #504, 3.000000000000000000 ) ;
#2227 = EDGE_CURVE ( 'NONE', #3675, #1301, #319, .T. ) ;
#2228 = DIRECTION ( 'NONE',  ( -1.503927722744529162E-16, 1.690506292878724980E-16, 1.000000000000000000 ) ) ;
#2229 = CARTESIAN_POINT ( 'NONE',  ( 53.19758513073969652, 71.07804973427177231, 8.169180397837411789 ) ) ;
#2230 = PLANE ( 'NONE',  #4210 ) ;
#2231 = VECTOR ( 'NONE', #777, 1000.000000000000000 ) ;
#2232 = CARTESIAN_POINT ( 'NONE',  ( 58.16513084299235459, 64.03948602182371985, 20.21756008698513085 ) ) ;
#2233 = VECTOR ( 'NONE', #2245, 1000.000000000000000 ) ;
#2234 = EDGE_CURVE ( 'NONE', #4075, #4508, #4113, .T. ) ;
#2235 = AXIS2_PLACEMENT_3D ( 'NONE', #916, #2430, #2872 ) ;
#2236 = CARTESIAN_POINT ( 'NONE',  ( 4.466000913964252028, 70.20133241424419168, 17.76446169481026871 ) ) ;
#2237 = LINE ( 'NONE', #2604, #3176 ) ;
#2238 = CARTESIAN_POINT ( 'NONE',  ( 58.21059524340997626, 63.71836155449094008, 19.82929286443757988 ) ) ;
#2239 = ORIENTED_EDGE ( 'NONE', *, *, #461, .F. ) ;
#2240 = VERTEX_POINT ( 'NONE', #4820 ) ;
#2241 = CARTESIAN_POINT ( 'NONE',  ( 58.16500091023044661, 63.54017201842200535, 7.776580925091499452 ) ) ;
#2242 = CARTESIAN_POINT ( 'NONE',  ( 58.16500091023044661, 62.83759577025614362, 19.87017343253488377 ) ) ;
#2243 = AXIS2_PLACEMENT_3D ( 'NONE', #4687, #2789, #2399 ) ;
#2244 = CARTESIAN_POINT ( 'NONE',  ( 9.239999999999998437, 70.50199890136700276, 14.64000020980799910 ) ) ;
#2245 = DIRECTION ( 'NONE',  ( -1.000000000000000000, -0.000000000000000000, -0.000000000000000000 ) ) ;
#2246 = CARTESIAN_POINT ( 'NONE',  ( 59.61331178312008205, 3.198280732024398443, 15.52355358849543521 ) ) ;
#2247 = AXIS2_PLACEMENT_3D ( 'NONE', #1790, #2129, #4742 ) ;
#2248 = ORIENTED_EDGE ( 'NONE', *, *, #16, .T. ) ;
#2249 = DIRECTION ( 'NONE',  ( -1.000000000000000000, 1.156482317317871478E-16, 0.000000000000000000 ) ) ;
#2250 = ORIENTED_EDGE ( 'NONE', *, *, #251, .F. ) ;
#2251 = CARTESIAN_POINT ( 'NONE',  ( 51.15800094435959267, -0.4999999999916412419, 25.66000020980800045 ) ) ;
#2252 = DIRECTION ( 'NONE',  ( -0.000000000000000000, -0.000000000000000000, -1.000000000000000000 ) ) ;
#2253 = B_SPLINE_CURVE_WITH_KNOTS ( 'NONE', 5,
 ( #4172, #729, #4094, #17, #2220, #3008, #2274, #407 ),
 .UNSPECIFIED., .F., .F.,
 ( 6, 2, 6 ),
 ( 0.000000000000000000, 0.5000000000000000000, 1.000000000000000000 ),
 .UNSPECIFIED. ) ;
#2254 = EDGE_LOOP ( 'NONE', ( #4861, #2032, #869, #310 ) ) ;
#2255 = EDGE_LOOP ( 'NONE', ( #1556, #3328, #1369, #334, #4565, #3474 ) ) ;
#2256 = CARTESIAN_POINT ( 'NONE',  ( 51.16500091023044661, 63.50199890136699565, -97.32438719255948456 ) ) ;
#2257 = CARTESIAN_POINT ( 'NONE',  ( 58.24563760337492369, 66.87275255095663340, 8.169180397835887675 ) ) ;
#2258 = CARTESIAN_POINT ( 'NONE',  ( 58.62483199136508460, 66.39179478359432096, 19.83954528252819571 ) ) ;
#2259 = EDGE_CURVE ( 'NONE', #1913, #388, #4202, .T. ) ;
#2260 = CARTESIAN_POINT ( 'NONE',  ( 58.53832370566048837, 61.47198233290873048, 18.71972103363631135 ) ) ;
#2261 = CARTESIAN_POINT ( 'NONE',  ( 3.675344883291577158, 69.90720936140427000, 13.37911307244409365 ) ) ;
#2262 = CARTESIAN_POINT ( 'NONE',  ( 59.81808957813683492, 77.78032365880054044, 14.00436284018239164 ) ) ;
#2263 = CARTESIAN_POINT ( 'NONE',  ( 58.36595806114924301, 64.17174944523492286, 19.71494344417167355 ) ) ;
#2264 = VERTEX_POINT ( 'NONE', #4848 ) ;
#2265 = EDGE_CURVE ( 'NONE', #2623, #2218, #2786, .T. ) ;
#2266 = ORIENTED_EDGE ( 'NONE', *, *, #2601, .F. ) ;
#2267 = CARTESIAN_POINT ( 'NONE',  ( 58.74519753826968582, 63.06822380638091374, 8.755723289891339078 ) ) ;
#2268 = CARTESIAN_POINT ( 'NONE',  ( 56.50950855495915448, 68.06091841265518383, 20.83954528252819571 ) ) ;
#2269 = DIRECTION ( 'NONE',  ( 0.000000000000000000, 0.000000000000000000, -1.000000000000000000 ) ) ;
#2270 = CARTESIAN_POINT ( 'NONE',  ( 58.55716231655171811, 59.20434071927486031, 11.06194018160777404 ) ) ;
#2271 = CARTESIAN_POINT ( 'NONE',  ( 52.22477323453438913, 71.40891403204473420, 19.83954528252819571 ) ) ;
#2272 = FACE_OUTER_BOUND ( 'NONE', #4566, .T. ) ;
#2273 = VERTEX_POINT ( 'NONE', #1965 ) ;
#2274 = CARTESIAN_POINT ( 'NONE',  ( 51.27283298043521143, 71.23574346069118235, 19.77803851650141098 ) ) ;
#2275 = CARTESIAN_POINT ( 'NONE',  ( 59.66500089984057098, 63.00174841041823726, 25.66000020980800045 ) ) ;
#2276 = DIRECTION ( 'NONE',  ( -5.328173078638957989E-05, -0.9999999985805285707, 0.000000000000000000 ) ) ;
#2277 = CARTESIAN_POINT ( 'NONE',  ( 0.000000000000000000, 0.000000000000000000, 25.66000020980800045 ) ) ;
#2278 = ORIENTED_EDGE ( 'NONE', *, *, #3799, .F. ) ;
#2279 = ORIENTED_EDGE ( 'NONE', *, *, #3606, .T. ) ;
#2280 = FACE_OUTER_BOUND ( 'NONE', #489, .T. ) ;
#2281 = CARTESIAN_POINT ( 'NONE',  ( 57.81955238845205969, 65.90035187527857374, 7.873432175691436719 ) ) ;
#2282 = CARTESIAN_POINT ( 'NONE',  ( 58.33495058318065674, 66.21458372205536591, 8.169282364849568268 ) ) ;
#2283 = CARTESIAN_POINT ( 'NONE',  ( 58.75341758044886120, 63.19308853361556544, 19.32181453409923577 ) ) ;
#2284 = VERTEX_POINT ( 'NONE', #3887 ) ;
#2285 = DIRECTION ( 'NONE',  ( 1.000000000000000000, 0.000000000000000000, 0.000000000000000000 ) ) ;
#2286 = EDGE_CURVE ( 'NONE', #4866, #1781, #3863, .T. ) ;
#2287 = CARTESIAN_POINT ( 'NONE',  ( 57.80040253521471527, 65.73858713541653742, 20.50425809297654567 ) ) ;
#2288 = EDGE_LOOP ( 'NONE', ( #2376, #4707, #2033, #1313, #2100, #1658, #1791, #948, #2184, #4503 ) ) ;
#2289 = CARTESIAN_POINT ( 'NONE',  ( 33.22599999999999909, 67.89399999999999125, 24.06000020980799903 ) ) ;
#2290 = DIRECTION ( 'NONE',  ( 0.9999999943759462218, -0.0001060570958313862609, -0.000000000000000000 ) ) ;
#2291 = EDGE_CURVE ( 'NONE', #4606, #2355, #4123, .T. ) ;
#2292 = DIRECTION ( 'NONE',  ( 1.000000000000000000, 0.000000000000000000, 0.000000000000000000 ) ) ;
#2293 = EDGE_LOOP ( 'NONE', ( #1827, #175, #747, #2167 ) ) ;
#2294 = CARTESIAN_POINT ( 'NONE',  ( 43.82937165317581218, 29.00199890019687388, -4.219999790191999445 ) ) ;
#2295 = ORIENTED_EDGE ( 'NONE', *, *, #3267, .T. ) ;
#2296 = CARTESIAN_POINT ( 'NONE',  ( 50.60112693520385108, -0.4999999999916412419, 25.66000020980800045 ) ) ;
#2297 = ADVANCED_FACE ( 'NONE', ( #3052 ), #58, .F. ) ;
#2298 = LINE ( 'NONE', #502, #582 ) ;
#2299 = CARTESIAN_POINT ( 'NONE',  ( 57.66391021098766601, 52.71787640606714120, 17.13761470659513009 ) ) ;
#2300 = LINE ( 'NONE', #2739, #2838 ) ;
#2301 = ORIENTED_EDGE ( 'NONE', *, *, #136, .T. ) ;
#2302 = VERTEX_POINT ( 'NONE', #1211 ) ;
#2303 = DIRECTION ( 'NONE',  ( 0.9999999921568193395, -0.0001252452049414871590, 0.000000000000000000 ) ) ;
#2304 = EDGE_CURVE ( 'NONE', #4144, #1045, #1623, .T. ) ;
#2305 = CARTESIAN_POINT ( 'NONE',  ( 57.80168104213803559, 65.95019270864329997, 7.874341859432032464 ) ) ;
#2306 = CARTESIAN_POINT ( 'NONE',  ( 59.66462710069716024, 59.47723985782513267, 14.00436284018239164 ) ) ;
#2307 = ORIENTED_EDGE ( 'NONE', *, *, #2627, .T. ) ;
#2308 = CIRCLE ( 'NONE', #975, 1.849999999999999423 ) ;
#2309 = CARTESIAN_POINT ( 'NONE',  ( 58.41509835723763189, 59.11421882542599349, 10.98883893860915784 ) ) ;
#2310 = FACE_BOUND ( 'NONE', #3388, .T. ) ;
#2311 = AXIS2_PLACEMENT_3D ( 'NONE', #4721, #1746, #2849 ) ;
#2312 = CARTESIAN_POINT ( 'NONE',  ( 54.60203280072615684, 69.64020631106970427, 20.67328052001852257 ) ) ;
#2313 = CIRCLE ( 'NONE', #2071, 1.750000000000001554 ) ;
#2314 = FACE_OUTER_BOUND ( 'NONE', #3845, .T. ) ;
#2315 = DIRECTION ( 'NONE',  ( -0.000000000000000000, -1.000000000000000000, -0.000000000000000000 ) ) ;
#2316 = FACE_OUTER_BOUND ( 'NONE', #140, .T. ) ;
#2317 = CIRCLE ( 'NONE', #4044, 3.400000000000003908 ) ;
#2318 = EDGE_CURVE ( 'NONE', #2544, #4720, #681, .T. ) ;
#2319 = VERTEX_POINT ( 'NONE', #423 ) ;
#2320 = DIRECTION ( 'NONE',  ( 0.000000000000000000, 0.000000000000000000, -1.000000000000000000 ) ) ;
#2321 = ORIENTED_EDGE ( 'NONE', *, *, #4471, .F. ) ;
#2322 = CIRCLE ( 'NONE', #3253, 3.000000000000002665 ) ;
#2323 = B_SPLINE_CURVE_WITH_KNOTS ( 'NONE', 5,
 ( #2133, #3992, #3567, #204, #1358, #4339, #624, #965 ),
 .UNSPECIFIED., .F., .F.,
 ( 6, 2, 6 ),
 ( 0.000000000000000000, 0.5000000000000000000, 1.000000000000000000 ),
 .UNSPECIFIED. ) ;
#2324 = CARTESIAN_POINT ( 'NONE',  ( 51.49462837370810320, 70.75237385484685149, 19.90742158931363903 ) ) ;
#2325 = CARTESIAN_POINT ( 'NONE',  ( 55.15938241195432568, 18.14226012717588787, 20.06000020980799903 ) ) ;
#2326 = CARTESIAN_POINT ( 'NONE',  ( 59.62748653323761516, 64.95818274487152166, 19.59128260631631946 ) ) ;
#2327 = DIRECTION ( 'NONE',  ( 5.328173078638957989E-05, 0.9999999985805285707, 0.000000000000000000 ) ) ;
#2328 = EDGE_CURVE ( 'NONE', #2490, #3742, #1239, .T. ) ;
#2329 = ORIENTED_EDGE ( 'NONE', *, *, #4032, .F. ) ;
#2330 = ORIENTED_EDGE ( 'NONE', *, *, #496, .T. ) ;
#2331 = CARTESIAN_POINT ( 'NONE',  ( 42.83278591622200082, 70.50199890136698855, 15.59823977282776752 ) ) ;
#2332 = CARTESIAN_POINT ( 'NONE',  ( 58.66193101555054312, 63.75696184853973847, 8.515552000792464327 ) ) ;
#2333 = DIRECTION ( 'NONE',  ( -1.000000000000000000, 0.000000000000000000, -0.000000000000000000 ) ) ;
#2334 = ORIENTED_EDGE ( 'NONE', *, *, #1365, .T. ) ;
#2335 = CARTESIAN_POINT ( 'NONE',  ( 58.26739023689408015, 58.99725396892630158, 10.89804899593655563 ) ) ;
#2336 = DIRECTION ( 'NONE',  ( -0.9999999921568193395, 0.0001252452049413511459, 0.000000000000000000 ) ) ;
#2337 = CARTESIAN_POINT ( 'NONE',  ( 57.69235310622323709, 66.03057029831589375, 7.169180397836581342 ) ) ;
#2338 = CARTESIAN_POINT ( 'NONE',  ( 58.80289314394423883, 63.97082621497414578, 19.51659541692820810 ) ) ;
#2339 = CYLINDRICAL_SURFACE ( 'NONE', #2467, 4.999999999999993783 ) ;
#2340 = CARTESIAN_POINT ( 'NONE',  ( 55.18522101914791023, 71.80835338807619905, 25.66000020980800045 ) ) ;
#2341 = DIRECTION ( 'NONE',  ( -0.000000000000000000, -1.000000000000000000, -0.000000000000000000 ) ) ;
#2342 = DIRECTION ( 'NONE',  ( 0.0001252452049414871590, 0.9999999921568193395, -0.000000000000000000 ) ) ;
#2343 = CARTESIAN_POINT ( 'NONE',  ( 52.31422409488296665, 70.71273870745167756, 19.91606736375126729 ) ) ;
#2344 = DIRECTION ( 'NONE',  ( 0.000000000000000000, 0.000000000000000000, -1.000000000000000000 ) ) ;
#2345 = CARTESIAN_POINT ( 'NONE',  ( 58.56881038798348982, 59.34331018777830735, 16.65234092263095889 ) ) ;
#2346 = ORIENTED_EDGE ( 'NONE', *, *, #3467, .F. ) ;
#2347 = EDGE_LOOP ( 'NONE', ( #3429, #3140, #1504, #2065, #1129, #3364 ) ) ;
#2348 = CARTESIAN_POINT ( 'NONE',  ( 52.24553327107911826, 70.72074016443417577, 8.091424833499523572 ) ) ;
#2349 = CARTESIAN_POINT ( 'NONE',  ( 57.80039881853917194, 65.73862426564862460, 7.504456463851459702 ) ) ;
#2350 = ADVANCED_FACE ( 'NONE', ( #2314 ), #2339, .F. ) ;
#2351 = CARTESIAN_POINT ( 'NONE',  ( 53.07027129593549120, 70.26346722062450567, 7.169180397836580454 ) ) ;
#2352 = APPLICATION_PROTOCOL_DEFINITION ( 'draft international standard', 'automotive_design', 1998, #422 ) ;
#2353 = ORIENTED_EDGE ( 'NONE', *, *, #1586, .F. ) ;
#2354 = ORIENTED_EDGE ( 'NONE', *, *, #1248, .T. ) ;
#2355 = VERTEX_POINT ( 'NONE', #3418 ) ;
#2356 = CARTESIAN_POINT ( 'NONE',  ( 55.57500000000000284, 23.16500000000000270, 20.06000020980799903 ) ) ;
#2357 = CARTESIAN_POINT ( 'NONE',  ( 54.63644722652254160, 69.61924073058101214, 7.169180397836578678 ) ) ;
#2358 = CARTESIAN_POINT ( 'NONE',  ( 54.56739705724523759, 69.66101940295661166, 20.50672950604814559 ) ) ;
#2359 = CARTESIAN_POINT ( 'NONE',  ( 34.50521378514581272, 67.50199890136700276, 0.000000000000000000 ) ) ;
#2360 = CARTESIAN_POINT ( 'NONE',  ( 58.36185956147092213, 63.19477285552682844, 19.46625657446083579 ) ) ;
#2361 = EDGE_CURVE ( 'NONE', #953, #1395, #4601, .T. ) ;
#2362 = CARTESIAN_POINT ( 'NONE',  ( 58.16640480411090408, 63.07441053977478873, 19.99326415090562037 ) ) ;
#2363 = VECTOR ( 'NONE', #4120, 1000.000000000000114 ) ;
#2364 = ORIENTED_EDGE ( 'NONE', *, *, #1424, .T. ) ;
#2365 = CARTESIAN_POINT ( 'NONE',  ( 51.73721855333140951, 72.95436220020303608, 19.56649521426384197 ) ) ;
#2366 = CARTESIAN_POINT ( 'NONE',  ( 52.35430797638818490, 70.40064142380761325, 20.51085187169666568 ) ) ;
#2367 = DIRECTION ( 'NONE',  ( 0.9999999943759462218, -0.0001060570958313862609, -0.000000000000000000 ) ) ;
#2368 = PLANE ( 'NONE',  #1210 ) ;
#2369 = B_SPLINE_CURVE_WITH_KNOTS ( 'NONE', 3,
 ( #1582, #4216, #843, #3053, #4558, #1966, #1261, #2340, #3888, #3463, #3515, #151 ),
 .UNSPECIFIED., .F., .F.,
 ( 4, 2, 2, 2, 2, 4 ),
 ( 0.000000000000000000, 0.2500000000000008327, 0.5000000000000016653, 0.6250000000000015543, 0.7500000000000013323, 1.000000000000000000 ),
 .UNSPECIFIED. ) ;
#2370 = ORIENTED_EDGE ( 'NONE', *, *, #561, .T. ) ;
#2371 = ORIENTED_EDGE ( 'NONE', *, *, #3340, .T. ) ;
#2372 = CARTESIAN_POINT ( 'NONE',  ( 52.11171060970871594, 71.08821582052993904, 8.170815810429283843 ) ) ;
#2373 = CARTESIAN_POINT ( 'NONE',  ( 58.05675574444993714, 64.78626575879046356, 7.447041580783309911 ) ) ;
#2374 = CARTESIAN_POINT ( 'NONE',  ( 52.49145280776657074, 70.37517323085425858, 7.169180397836594665 ) ) ;
#2375 = ORIENTED_EDGE ( 'NONE', *, *, #2219, .F. ) ;
#2376 = ORIENTED_EDGE ( 'NONE', *, *, #3189, .T. ) ;
#2377 = ORIENTED_EDGE ( 'NONE', *, *, #245, .F. ) ;
#2378 = ADVANCED_FACE ( 'NONE', ( #797 ), #2731, .T. ) ;
#2379 = AXIS2_PLACEMENT_3D ( 'NONE', #1968, #1242, #3102 ) ;
#2380 = DIRECTION ( 'NONE',  ( -1.000000000000000000, 0.000000000000000000, -0.000000000000000000 ) ) ;
#2381 = CARTESIAN_POINT ( 'NONE',  ( 57.74670167869618354, 66.09923337164202906, 20.13438382031970519 ) ) ;
#2382 = ADVANCED_FACE ( 'NONE', ( #3143 ), #3441, .F. ) ;
#2383 = VECTOR ( 'NONE', #1072, 1000.000000000000000 ) ;
#2384 = DIRECTION ( 'NONE',  ( -0.000000000000000000, 0.000000000000000000, 1.000000000000000000 ) ) ;
#2385 = DIRECTION ( 'NONE',  ( 0.000000000000000000, -0.000000000000000000, 1.000000000000000000 ) ) ;
#2386 = CARTESIAN_POINT ( 'NONE',  ( 59.18656206239889173, 66.89733918409334024, 8.169180397836592888 ) ) ;
#2387 = VECTOR ( 'NONE', #3316, 1000.000000000000000 ) ;
#2388 = ORIENTED_EDGE ( 'NONE', *, *, #1220, .T. ) ;
#2389 = CIRCLE ( 'NONE', #2704, 7.000000000000000000 ) ;
#2390 = CARTESIAN_POINT ( 'NONE',  ( 52.25674962666494849, 70.41692957692004029, 20.83664049622919734 ) ) ;
#2391 = AXIS2_PLACEMENT_3D ( 'NONE', #2882, #2617, #1903 ) ;
#2392 = CARTESIAN_POINT ( 'NONE',  ( 58.49537908745811166, 58.42494300499370752, 14.00436284018248756 ) ) ;
#2393 = CARTESIAN_POINT ( 'NONE',  ( 57.83245099133385025, 65.66891618835715860, 7.169180397836594665 ) ) ;
#2394 = VECTOR ( 'NONE', #1898, 1000.000000000000000 ) ;
#2395 = CARTESIAN_POINT ( 'NONE',  ( 52.49145280776657074, 70.37517323085425858, 7.169180397836594665 ) ) ;
#2396 = ORIENTED_EDGE ( 'NONE', *, *, #2412, .T. ) ;
#2397 = CARTESIAN_POINT ( 'NONE',  ( 51.27479443691992600, 71.38000303812485470, 19.76041582307890465 ) ) ;
#2398 = CARTESIAN_POINT ( 'NONE',  ( 51.81403663403248316, 70.47290541757199378, 7.515424165248806965 ) ) ;
#2399 = DIRECTION ( 'NONE',  ( -0.000000000000000000, 0.000000000000000000, 1.000000000000000000 ) ) ;
#2400 = DIRECTION ( 'NONE',  ( -1.000000000000000000, 0.000000000000000000, 0.000000000000000000 ) ) ;
#2401 = AXIS2_PLACEMENT_3D ( 'NONE', #3600, #1322, #298 ) ;
#2402 = ORIENTED_EDGE ( 'NONE', *, *, #3186, .F. ) ;
#2403 = VERTEX_POINT ( 'NONE', #2707 ) ;
#2404 = VERTEX_POINT ( 'NONE', #2289 ) ;
#2405 = CARTESIAN_POINT ( 'NONE',  ( 31.50521378514581272, 64.50199890136700276, 24.06000020980799903 ) ) ;
#2406 = CARTESIAN_POINT ( 'NONE',  ( 52.43712667368512825, 70.38565761553354605, 7.333378288580950866 ) ) ;
#2407 = CARTESIAN_POINT ( 'NONE',  ( 55.68337146467637666, 68.91091546521842304, 20.83954528252819216 ) ) ;
#2408 = PRODUCT ( 'cubit2_top_enclosure', 'cubit2_top_enclosure', '', ( #144 ) ) ;
#2409 = CARTESIAN_POINT ( 'NONE',  ( 59.66500089984057809, 73.00199890136700276, 27.20400020980799738 ) ) ;
#2410 = CARTESIAN_POINT ( 'NONE',  ( 58.62661392783891756, 63.10756078813260928, 19.30488428795211675 ) ) ;
#2411 = FACE_OUTER_BOUND ( 'NONE', #1630, .T. ) ;
#2412 = EDGE_CURVE ( 'NONE', #1006, #2319, #865, .T. ) ;
#2413 = VERTEX_POINT ( 'NONE', #3462 ) ;
#2414 = CARTESIAN_POINT ( 'NONE',  ( 52.27206474963354310, 70.49345401156496393, 20.13964527329052245 ) ) ;
#2415 = CYLINDRICAL_SURFACE ( 'NONE', #4670, 8.420000000000003482 ) ;
#2416 = CARTESIAN_POINT ( 'NONE',  ( 51.23534601441049574, 70.55980988950557276, 7.893885753921945359 ) ) ;
#2417 = VERTEX_POINT ( 'NONE', #3490 ) ;
#2418 = ORIENTED_EDGE ( 'NONE', *, *, #95, .F. ) ;
#2419 = CARTESIAN_POINT ( 'NONE',  ( 50.66500089984057098, 73.00199890136700276, 25.66000020980800045 ) ) ;
#2420 = CARTESIAN_POINT ( 'NONE',  ( 51.91612774048918055, 71.09447638802834035, 8.175942590967148149 ) ) ;
#2421 = CARTESIAN_POINT ( 'NONE',  ( 59.66500089984057809, 73.00199890136700276, 27.20400020980799738 ) ) ;
#2422 = DIRECTION ( 'NONE',  ( -0.000000000000000000, 0.000000000000000000, -1.000000000000000000 ) ) ;
#2423 = ORIENTED_EDGE ( 'NONE', *, *, #280, .T. ) ;
#2424 = ORIENTED_EDGE ( 'NONE', *, *, #2822, .T. ) ;
#2425 = ORIENTED_EDGE ( 'NONE', *, *, #3106, .T. ) ;
#2426 = DIRECTION ( 'NONE',  ( 1.000000000000000000, -1.275531967630006478E-16, -0.000000000000000000 ) ) ;
#2427 = CYLINDRICAL_SURFACE ( 'NONE', #659, 1.000000000000001332 ) ;
#2428 = CARTESIAN_POINT ( 'NONE',  ( 58.10773185994428758, 66.77286988149514002, 19.83959031704523568 ) ) ;
#2429 = EDGE_CURVE ( 'NONE', #3061, #2096, #3814, .T. ) ;
#2430 = DIRECTION ( 'NONE',  ( 0.000000000000000000, 0.000000000000000000, -1.000000000000000000 ) ) ;
#2431 = CARTESIAN_POINT ( 'NONE',  ( 59.65874318532883080, 3.998487690229552527, 16.13758113637682357 ) ) ;
#2432 = LINE ( 'NONE', #1355, #2868 ) ;
#2433 = ORIENTED_EDGE ( 'NONE', *, *, #343, .F. ) ;
#2434 = ADVANCED_FACE ( 'NONE', ( #3958 ), #2452, .F. ) ;
#2435 = CARTESIAN_POINT ( 'NONE',  ( 59.66500089984057098, 64.00199890136701697, -0.5737510261564979785 ) ) ;
#2436 = DIRECTION ( 'NONE',  ( -0.000000000000000000, -0.000000000000000000, 1.000000000000000000 ) ) ;
#2437 = CARTESIAN_POINT ( 'NONE',  ( 52.16058490552179450, 27.74356253348868151, 24.06000020980799903 ) ) ;
#2438 = CARTESIAN_POINT ( 'NONE',  ( 45.24954474201491905, 70.61254485988460772, 18.05973827113659524 ) ) ;
#2439 = ORIENTED_EDGE ( 'NONE', *, *, #547, .F. ) ;
#2440 = ORIENTED_EDGE ( 'NONE', *, *, #1571, .T. ) ;
#2441 = ADVANCED_FACE ( 'NONE', ( #1720 ), #4696, .T. ) ;
#2442 = DIRECTION ( 'NONE',  ( 0.0001252452049432801042, 0.9999999921568192285, 0.000000000000000000 ) ) ;
#2443 = CARTESIAN_POINT ( 'NONE',  ( 51.41693340783334776, 70.49804870869598972, 7.387289844270583217 ) ) ;
#2444 = CARTESIAN_POINT ( 'NONE',  ( 6.500000000000000888, 63.50199890136699565, -97.32438719255948456 ) ) ;
#2445 = FACE_OUTER_BOUND ( 'NONE', #3237, .T. ) ;
#2446 = ORIENTED_EDGE ( 'NONE', *, *, #2088, .T. ) ;
#2447 = VERTEX_POINT ( 'NONE', #1741 ) ;
#2448 = EDGE_CURVE ( 'NONE', #2509, #906, #1783, .T. ) ;
#2449 = DIRECTION ( 'NONE',  ( -0.000000000000000000, -0.000000000000000000, 1.000000000000000000 ) ) ;
#2450 = CARTESIAN_POINT ( 'NONE',  ( 58.27403377297630271, 66.37560005692074583, 19.83944331475096945 ) ) ;
#2451 = DIRECTION ( 'NONE',  ( -1.000000000000000000, -0.000000000000000000, -0.000000000000000000 ) ) ;
#2452 = PLANE ( 'NONE',  #1449 ) ;
#2453 = LINE ( 'NONE', #3959, #1304 ) ;
#2454 = VECTOR ( 'NONE', #655, 1000.000000000000000 ) ;
#2455 = CARTESIAN_POINT ( 'NONE',  ( 57.89340685419242760, 4.591005867467734980, 16.95416252522146294 ) ) ;
#2456 = EDGE_LOOP ( 'NONE', ( #1782, #3712 ) ) ;
#2457 = AXIS2_PLACEMENT_3D ( 'NONE', #331, #3375, #18 ) ;
#2458 = DIRECTION ( 'NONE',  ( 0.9999999943759462218, -0.0001060570958313862609, -0.000000000000000000 ) ) ;
#2459 = CARTESIAN_POINT ( 'NONE',  ( 51.73217754581255434, 71.40310098650289206, 19.80177486356824801 ) ) ;
#2460 = CARTESIAN_POINT ( 'NONE',  ( 57.32500000000000284, 23.16500000000000270, 29.00974767811383614 ) ) ;
#2461 = CARTESIAN_POINT ( 'NONE',  ( 45.24954474202256449, 70.61254485988665408, 9.948987409229621548 ) ) ;
#2462 = CIRCLE ( 'NONE', #1917, 1.000000000000004219 ) ;
#2463 = EDGE_CURVE ( 'NONE', #4429, #440, #2317, .T. ) ;
#2464 = CARTESIAN_POINT ( 'NONE',  ( 45.18304212065076797, 70.90579619852447024, 17.50703109204957997 ) ) ;
#2465 = ORIENTED_EDGE ( 'NONE', *, *, #3267, .F. ) ;
#2466 = AXIS2_PLACEMENT_3D ( 'NONE', #382, #2666, #3369 ) ;
#2467 = AXIS2_PLACEMENT_3D ( 'NONE', #4238, #497, #1559 ) ;
#2468 = CARTESIAN_POINT ( 'NONE',  ( 5.000000000000000000, 4.000000000000000000, -5.219999790191998557 ) ) ;
#2469 = CARTESIAN_POINT ( 'NONE',  ( -0.5000000000000004441, 41.64646394823500231, 1.250000000000000000 ) ) ;
#2470 = CARTESIAN_POINT ( 'NONE',  ( -0.5017704232367069528, 15.19862768945214704, 24.06000020980799903 ) ) ;
#2471 = EDGE_CURVE ( 'NONE', #2218, #4507, #3123, .T. ) ;
#2472 = CIRCLE ( 'NONE', #3891, 1.750000000000001554 ) ;
#2473 = EDGE_LOOP ( 'NONE', ( #492, #588, #2111, #2529 ) ) ;
#2474 = VERTEX_POINT ( 'NONE', #1353 ) ;
#2475 = CIRCLE ( 'NONE', #598, 1.750000000000001554 ) ;
#2476 = CARTESIAN_POINT ( 'NONE',  ( 59.66500089984057098, 63.00174841041823726, 18.87354213985859985 ) ) ;
#2477 = CARTESIAN_POINT ( 'NONE',  ( 57.59665536995890278, 66.46740460847009047, 7.874501541883498490 ) ) ;
#2478 = CARTESIAN_POINT ( 'NONE',  ( 51.27479443691992600, 71.38000303812485470, 8.248309857285880398 ) ) ;
#2479 = AXIS2_PLACEMENT_3D ( 'NONE', #867, #2776, #918 ) ;
#2480 = CARTESIAN_POINT ( 'NONE',  ( 55.16058488199225707, 27.74318679787385733, 20.06000020980799903 ) ) ;
#2481 = PLANE ( 'NONE',  #4595 ) ;
#2482 = DIRECTION ( 'NONE',  ( 1.086328977807346363E-19, 8.673617243826540632E-16, 1.000000000000000000 ) ) ;
#2483 = CARTESIAN_POINT ( 'NONE',  ( 57.48104825329542678, 3.494112238125516079, 17.01009857229862376 ) ) ;
#2484 = EDGE_LOOP ( 'NONE', ( #1370, #3554, #2981, #333 ) ) ;
#2485 = LINE ( 'NONE', #1335, #3810 ) ;
#2486 = CARTESIAN_POINT ( 'NONE',  ( 5.497778249642698789, 12.19817643022006237, 24.06000020980799903 ) ) ;
#2487 = CARTESIAN_POINT ( 'NONE',  ( 59.65800094604500003, -3.000000000000000000, 25.66000020980800045 ) ) ;
#2488 = CARTESIAN_POINT ( 'NONE',  ( 45.33892725054309381, 70.77258417045072747, 10.06496618519268083 ) ) ;
#2489 = CARTESIAN_POINT ( 'NONE',  ( 48.55190415776114321, 71.16829020944352635, 19.21789660437048042 ) ) ;
#2490 = VERTEX_POINT ( 'NONE', #3234 ) ;
#2491 = DIRECTION ( 'NONE',  ( 0.6689554737091639725, -0.7433024782647695838, 0.000000000000000000 ) ) ;
#2492 = ADVANCED_FACE ( 'NONE', ( #197 ), #2481, .F. ) ;
#2493 = DIRECTION ( 'NONE',  ( -0.000000000000000000, -0.000000000000000000, -1.000000000000000000 ) ) ;
#2494 = FACE_BOUND ( 'NONE', #1645, .T. ) ;
#2495 = ORIENTED_EDGE ( 'NONE', *, *, #2131, .T. ) ;
#2496 = ORIENTED_EDGE ( 'NONE', *, *, #4556, .T. ) ;
#2497 = EDGE_CURVE ( 'NONE', #4144, #4641, #1380, .T. ) ;
#2498 = ADVANCED_FACE ( 'NONE', ( #3191 ), #4290, .F. ) ;
#2499 = DIRECTION ( 'NONE',  ( 1.000000000000000000, 0.000000000000000000, 0.000000000000000000 ) ) ;
#2500 = CARTESIAN_POINT ( 'NONE',  ( 57.95192976536897334, 66.18410617816606134, 19.91247890197921677 ) ) ;
#2501 = B_SPLINE_CURVE_WITH_KNOTS ( 'NONE', 3,
 ( #830, #4174, #2326, #529, #3040, #850 ),
 .UNSPECIFIED., .F., .F.,
 ( 4, 2, 4 ),
 ( 0.000000000000000000, 0.001496546514693810649, 0.002993093029387621298 ),
 .UNSPECIFIED. ) ;
#2502 = CARTESIAN_POINT ( 'NONE',  ( 58.16498568586884232, 62.88050255057530080, 7.811896977386732388 ) ) ;
#2503 = CARTESIAN_POINT ( 'NONE',  ( 58.16443980918364787, 58.52203883864434175, 17.45655978275265241 ) ) ;
#2504 = ADVANCED_FACE ( 'NONE', ( #4008 ), #3619, .T. ) ;
#2505 = CARTESIAN_POINT ( 'NONE',  ( 2.497778249642698345, 12.19817643022006237, 0.000000000000000000 ) ) ;
#2506 = CARTESIAN_POINT ( 'NONE',  ( 5.497101275933933273, 7.697725187960106297, 24.06000020980799903 ) ) ;
#2507 = CARTESIAN_POINT ( 'NONE',  ( 57.25055482174474264, 3.053016246922565013, 16.46936133297749194 ) ) ;
#2508 = CARTESIAN_POINT ( 'NONE',  ( 58.15800094435959267, 7.111968675492812864, 25.66000020980800045 ) ) ;
#2509 = VERTEX_POINT ( 'NONE', #619 ) ;
#2510 = FACE_OUTER_BOUND ( 'NONE', #1489, .T. ) ;
#2511 = ADVANCED_FACE ( 'NONE', ( #4740 ), #4648, .T. ) ;
#2512 = CARTESIAN_POINT ( 'NONE',  ( 52.23207893031961646, 71.39502335415514267, 19.83108926335686562 ) ) ;
#2513 = PLANE ( 'NONE',  #4285 ) ;
#2514 = CARTESIAN_POINT ( 'NONE',  ( 42.48313154739198438, 70.50199890136700276, 14.00436284018240407 ) ) ;
#2515 = CARTESIAN_POINT ( 'NONE',  ( 45.39589363011494072, 70.92239027064373147, 10.35092270437587381 ) ) ;
#2516 = ORIENTED_EDGE ( 'NONE', *, *, #2808, .T. ) ;
#2517 = CARTESIAN_POINT ( 'NONE',  ( 58.16490346387733723, 62.22401441684250756, 19.90876645402486389 ) ) ;
#2518 = CARTESIAN_POINT ( 'NONE',  ( 51.73217754581254724, 71.40310098650282100, 8.206950816796538817 ) ) ;
#2519 = CARTESIAN_POINT ( 'NONE',  ( 0.000000000000000000, 0.000000000000000000, -5.219999790191999445 ) ) ;
#2520 = ORIENTED_EDGE ( 'NONE', *, *, #3494, .F. ) ;
#2521 = VERTEX_POINT ( 'NONE', #4673 ) ;
#2522 = CYLINDRICAL_SURFACE ( 'NONE', #520, 6.999999999999999112 ) ;
#2523 = CARTESIAN_POINT ( 'NONE',  ( 57.74916092344054164, 67.46292309691740741, 19.83948274586224869 ) ) ;
#2524 = EDGE_CURVE ( 'NONE', #3170, #366, #4744, .T. ) ;
#2525 = CARTESIAN_POINT ( 'NONE',  ( 58.16498590684882686, 62.88226692941074703, 7.816798057984800430 ) ) ;
#2526 = CARTESIAN_POINT ( 'NONE',  ( -2.000000000000000000, 29.17316163251585692, -0.7709996074473568495 ) ) ;
#2527 = DIRECTION ( 'NONE',  ( -0.000000000000000000, 1.000000000000000000, -0.000000000000000000 ) ) ;
#2528 = CARTESIAN_POINT ( 'NONE',  ( 57.94507048880204536, 4.783713786351951214, 16.77111605491505486 ) ) ;
#2529 = ORIENTED_EDGE ( 'NONE', *, *, #3012, .F. ) ;
#2530 = EDGE_CURVE ( 'NONE', #233, #933, #33, .T. ) ;
#2531 = ORIENTED_EDGE ( 'NONE', *, *, #625, .F. ) ;
#2532 = CARTESIAN_POINT ( 'NONE',  ( 58.16500091023044661, 62.83759577025615783, 8.138552247829887065 ) ) ;
#2533 = CARTESIAN_POINT ( 'NONE',  ( 51.30646651971758132, 71.38246848804324429, 19.76363610753324096 ) ) ;
#2534 = CARTESIAN_POINT ( 'NONE',  ( -0.5000000000000004441, 41.64646394823500231, 1.250000000000000000 ) ) ;
#2535 = CARTESIAN_POINT ( 'NONE',  ( 27.48918334204437386, 73.00199890136700276, 3.145807698699213617 ) ) ;
#2536 = AXIS2_PLACEMENT_3D ( 'NONE', #2790, #3272, #1343 ) ;
#2537 = CARTESIAN_POINT ( 'NONE',  ( 45.59920357114465617, 70.93820109030407650, 17.80694980960491236 ) ) ;
#2538 = EDGE_LOOP ( 'NONE', ( #4691, #579, #3790, #4561 ) ) ;
#2539 = CARTESIAN_POINT ( 'NONE',  ( 58.88551360350627562, 65.58886929023404377, 8.169180397836587559 ) ) ;
#2540 = CARTESIAN_POINT ( 'NONE',  ( 58.66193101555055023, 63.75696184853978110, 19.49317367957232250 ) ) ;
#2541 = AXIS2_PLACEMENT_3D ( 'NONE', #3896, #1222, #4197 ) ;
#2542 = DIRECTION ( 'NONE',  ( -0.000000000000000000, -0.000000000000000000, 1.000000000000000000 ) ) ;
#2543 = CIRCLE ( 'NONE', #2144, 3.000000000000002665 ) ;
#2544 = VERTEX_POINT ( 'NONE', #4842 ) ;
#2545 = ORIENTED_EDGE ( 'NONE', *, *, #3379, .F. ) ;
#2546 = CARTESIAN_POINT ( 'NONE',  ( 58.16261815810182867, 63.75563506162818328, 7.562890963896932384 ) ) ;
#2547 = AXIS2_PLACEMENT_3D ( 'NONE', #1310, #4314, #938 ) ;
#2548 = CARTESIAN_POINT ( 'NONE',  ( 59.62643378926379967, 64.96798789771696647, 8.414955186444807111 ) ) ;
#2549 = VECTOR ( 'NONE', #2290, 1000.000000000000114 ) ;
#2550 = CARTESIAN_POINT ( 'NONE',  ( 59.66462710069716024, 59.47723985782513267, 14.00436284018239164 ) ) ;
#2551 = B_SPLINE_CURVE_WITH_KNOTS ( 'NONE', 3,
 ( #532, #4685, #2028, #928 ),
 .UNSPECIFIED., .F., .F.,
 ( 4, 4 ),
 ( 0.5470777375310581503, 1.000000000000000000 ),
 .UNSPECIFIED. ) ;
#2552 = CARTESIAN_POINT ( 'NONE',  ( 4.591992169228864107, 70.24243501655969624, 11.30169687513267895 ) ) ;
#2553 = CARTESIAN_POINT ( 'NONE',  ( -0.5028986561775565800, 7.698627774312789107, 24.06000020980800258 ) ) ;
#2554 = EDGE_CURVE ( 'NONE', #728, #1278, #1789, .T. ) ;
#2555 = CARTESIAN_POINT ( 'NONE',  ( 58.08067262039992329, 64.95978399047623952, 20.08068688606611829 ) ) ;
#2556 = CIRCLE ( 'NONE', #3652, 1.500000000000003109 ) ;
#2557 = VERTEX_POINT ( 'NONE', #1136 ) ;
#2558 = EDGE_LOOP ( 'NONE', ( #89, #3830 ) ) ;
#2559 = CARTESIAN_POINT ( 'NONE',  ( 58.91941307459048005, 63.77488110958140766, 8.576633351336107935 ) ) ;
#2560 = CARTESIAN_POINT ( 'NONE',  ( 58.15800094435959267, 6.500000000008358647, 25.66000020980799334 ) ) ;
#2561 = EDGE_CURVE ( 'NONE', #2749, #4318, #1425, .T. ) ;
#2562 = CARTESIAN_POINT ( 'NONE',  ( 58.88303959199936344, 63.31529457091224344, 8.712839831315218220 ) ) ;
#2563 = CARTESIAN_POINT ( 'NONE',  ( 2.007000000000000117, 11.75999999999999979, 24.06000020980799903 ) ) ;
#2564 = CARTESIAN_POINT ( 'NONE',  ( 50.17123222320078213, 71.29409844330743340, 8.360515431364660799 ) ) ;
#2565 = B_SPLINE_CURVE_WITH_KNOTS ( 'NONE', 3,
 ( #325, #2271, #34, #2979 ),
 .UNSPECIFIED., .F., .F.,
 ( 4, 4 ),
 ( 0.000000000000000000, 1.000000000000000000 ),
 .UNSPECIFIED. ) ;
#2566 = CARTESIAN_POINT ( 'NONE',  ( 48.12132634855448288, 71.13452767815647348, 8.932140970059263552 ) ) ;
#2567 = EDGE_LOOP ( 'NONE', ( #4445, #3726 ) ) ;
#2568 = CARTESIAN_POINT ( 'NONE',  ( 58.16500091023044661, 63.00205899257918674, 20.20271662048031658 ) ) ;
#2569 = DIRECTION ( 'NONE',  ( -0.000000000000000000, -0.000000000000000000, -1.000000000000000000 ) ) ;
#2570 = FACE_OUTER_BOUND ( 'NONE', #3741, .T. ) ;
#2571 = DIRECTION ( 'NONE',  ( -0.000000000000000000, 0.000000000000000000, -1.000000000000000000 ) ) ;
#2572 = VERTEX_POINT ( 'NONE', #3281 ) ;
#2573 = ORIENTED_EDGE ( 'NONE', *, *, #3467, .T. ) ;
#2574 = DIRECTION ( 'NONE',  ( 0.0001252452049432801042, 0.9999999921568192285, 0.000000000000000000 ) ) ;
#2575 = CARTESIAN_POINT ( 'NONE',  ( 58.00871071757250519, 66.03041622867841909, 8.096246776841624637 ) ) ;
#2576 = CARTESIAN_POINT ( 'NONE',  ( 58.16475571311907800, 61.04432248980024411, 19.43438190669454357 ) ) ;
#2577 = CARTESIAN_POINT ( 'NONE',  ( 52.38882445386121844, 70.39449311274746890, 7.169586819624414353 ) ) ;
#2578 = LINE ( 'NONE', #1891, #4676 ) ;
#2579 = CARTESIAN_POINT ( 'NONE',  ( 58.35244848197574186, 66.16161916320334058, 19.83999829075079901 ) ) ;
#2580 = EDGE_LOOP ( 'NONE', ( #3183, #4043 ) ) ;
#2581 = EDGE_CURVE ( 'NONE', #735, #159, #3683, .T. ) ;
#2582 = ORIENTED_EDGE ( 'NONE', *, *, #4667, .T. ) ;
#2583 = CARTESIAN_POINT ( 'NONE',  ( 2.007000000000000117, 11.75999999999999979, 20.06000020980799903 ) ) ;
#2584 = CARTESIAN_POINT ( 'NONE',  ( 34.97599999999999909, 67.89399999999999125, 29.00974767811383614 ) ) ;
#2585 = DIRECTION ( 'NONE',  ( 3.652049423109064080E-15, 0.000000000000000000, 1.000000000000000000 ) ) ;
#2586 = CARTESIAN_POINT ( 'NONE',  ( 58.16500091023044661, 63.50199890136699565, 7.646460294627999588 ) ) ;
#2587 = CARTESIAN_POINT ( 'NONE',  ( 45.37218516602310103, 70.84835505301164460, 17.89942470383568818 ) ) ;
#2588 = EDGE_CURVE ( 'NONE', #2622, #224, #2915, .T. ) ;
#2589 = DIRECTION ( 'NONE',  ( -0.0001252452049413511459, -0.9999999921568193395, 0.000000000000000000 ) ) ;
#2590 = ORIENTED_EDGE ( 'NONE', *, *, #2318, .T. ) ;
#2591 = CARTESIAN_POINT ( 'NONE',  ( 58.16454460715256403, 59.35878119593711233, 17.95322199450980705 ) ) ;
#2592 = CARTESIAN_POINT ( 'NONE',  ( 34.97599999999999909, 67.89399999999999125, 20.06000020980799903 ) ) ;
#2593 = LINE ( 'NONE', #4095, #2625 ) ;
#2594 = CARTESIAN_POINT ( 'NONE',  ( 68.85037186300255030, 67.74420306395430202, 14.00436284018239164 ) ) ;
#2595 = EDGE_CURVE ( 'NONE', #1035, #113, #4028, .T. ) ;
#2596 = ORIENTED_EDGE ( 'NONE', *, *, #800, .F. ) ;
#2597 = ORIENTED_EDGE ( 'NONE', *, *, #4423, .T. ) ;
#2598 = LINE ( 'NONE', #4420, #1769 ) ;
#2599 = CARTESIAN_POINT ( 'NONE',  ( 57.71406130762390063, 65.97408730102087304, 20.50540723250686881 ) ) ;
#2600 = CARTESIAN_POINT ( 'NONE',  ( 58.63038991257833743, 63.18132113060327981, 8.652473682070953132 ) ) ;
#2601 = EDGE_CURVE ( 'NONE', #657, #1301, #983, .T. ) ;
#2602 = CARTESIAN_POINT ( 'NONE',  ( 58.16475571311923431, 61.04432248984198139, 8.574343773663269275 ) ) ;
#2603 = CARTESIAN_POINT ( 'NONE',  ( 5.497101275933933273, 7.697725187960106297, 20.06000020980799903 ) ) ;
#2604 = CARTESIAN_POINT ( 'NONE',  ( 31.50521378514581272, 64.50199890136700276, 24.06000020980799903 ) ) ;
#2605 = CARTESIAN_POINT ( 'NONE',  ( 58.16500091023045371, 63.53999362143815688, 20.23275285672805879 ) ) ;
#2606 = ORIENTED_EDGE ( 'NONE', *, *, #3799, .T. ) ;
#2607 = AXIS2_PLACEMENT_3D ( 'NONE', #741, #2892, #3334 ) ;
#2608 = VERTEX_POINT ( 'NONE', #1812 ) ;
#2609 = CARTESIAN_POINT ( 'NONE',  ( 50.60112693520385108, -0.4999999999916412419, -4.219999790191996780 ) ) ;
#2610 = CARTESIAN_POINT ( 'NONE',  ( 58.16500091023045371, 63.46797665378311848, 20.07181145201918682 ) ) ;
#2611 = LINE ( 'NONE', #1433, #2387 ) ;
#2612 = CARTESIAN_POINT ( 'NONE',  ( 4.999999999999997335, -3.000000000000000000, 25.66000020980800045 ) ) ;
#2613 = CARTESIAN_POINT ( 'NONE',  ( 38.24955394561818878, 67.50199890136700276, 20.06000020980799903 ) ) ;
#2614 = CARTESIAN_POINT ( 'NONE',  ( -0.5000000000000000000, 70.50199890136700276, 25.66000020980800045 ) ) ;
#2615 = ORIENTED_EDGE ( 'NONE', *, *, #396, .T. ) ;
#2616 = B_SPLINE_CURVE_WITH_KNOTS ( 'NONE', 3,
 ( #42, #4564, #3428, #1544, #1247, #503, #2345, #4246, #1568, #3849, #482, #873, #893, #4544, #1175, #157, #3618, #4300, #1707 ),
 .UNSPECIFIED., .F., .F.,
 ( 4, 2, 2, 2, 1, 1, 1, 2, 2, 2, 4 ),
 ( 0.5000000000000000000, 0.6249999999999893419, 0.6874999999999841238, 0.7187499999999812372, 0.7343749999999804601, 0.7421874999999793499, 0.7460937499999782396, 0.7480468749999779066, 0.7499999999999775735, 0.8749999999999888978, 1.000000000000000000 ),
 .UNSPECIFIED. ) ;
#2617 = DIRECTION ( 'NONE',  ( 0.9999999921568192285, -0.0001252452049413511459, -0.000000000000000000 ) ) ;
#2618 = CARTESIAN_POINT ( 'NONE',  ( 58.79185409707586984, 63.76578386101679286, 8.545623577703924667 ) ) ;
#2619 = ADVANCED_FACE ( 'NONE', ( #3307 ), #134, .T. ) ;
#2620 = CARTESIAN_POINT ( 'NONE',  ( 31.50521378514581272, 67.50199890136700276, 20.06000020980799903 ) ) ;
#2621 = AXIS2_PLACEMENT_3D ( 'NONE', #4806, #1415, #410 ) ;
#2622 = VERTEX_POINT ( 'NONE', #2903 ) ;
#2623 = VERTEX_POINT ( 'NONE', #3623 ) ;
#2624 = CARTESIAN_POINT ( 'NONE',  ( 58.16454466663230249, 59.35925610213697468, 10.05484648425879790 ) ) ;
#2625 = VECTOR ( 'NONE', #730, 1000.000000000000000 ) ;
#2626 = DIRECTION ( 'NONE',  ( 1.000000000000000000, 0.000000000000000000, 0.000000000000000000 ) ) ;
#2627 = EDGE_CURVE ( 'NONE', #2284, #3924, #1366, .T. ) ;
#2628 = CARTESIAN_POINT ( 'NONE',  ( 52.45599132069134640, 70.46398436186372294, 7.869778084844664789 ) ) ;
#2629 = CARTESIAN_POINT ( 'NONE',  ( 59.18656206239889173, 66.89733918409334024, 8.169180397836592888 ) ) ;
#2630 = VECTOR ( 'NONE', #3342, 1000.000000000000000 ) ;
#2631 = CARTESIAN_POINT ( 'NONE',  ( 58.19667173318359943, 61.29874006246116380, 19.01494576973244222 ) ) ;
#2632 = CIRCLE ( 'NONE', #2247, 3.000000000000000000 ) ;
#2633 = VECTOR ( 'NONE', #3224, 1000.000000000000114 ) ;
#2634 = CARTESIAN_POINT ( 'NONE',  ( 52.40844286450884226, 70.39095295363580362, 7.333254764072059118 ) ) ;
#2635 = DIRECTION ( 'NONE',  ( 0.000000000000000000, 0.000000000000000000, -1.000000000000000000 ) ) ;
#2636 = CARTESIAN_POINT ( 'NONE',  ( 58.66944780098911139, 63.95936416263407409, 19.54439487955135135 ) ) ;
#2637 = ORIENTED_EDGE ( 'NONE', *, *, #4408, .T. ) ;
#2638 = CIRCLE ( 'NONE', #987, 4.999999999999993783 ) ;
#2639 = ORIENTED_EDGE ( 'NONE', *, *, #547, .T. ) ;
#2640 = CARTESIAN_POINT ( 'NONE',  ( 58.20716747843879091, 62.99125624570642401, 8.387225128585459544 ) ) ;
#2641 = CARTESIAN_POINT ( 'NONE',  ( 57.19667939572945414, 67.10288264324702823, 20.83954528252819927 ) ) ;
#2642 = AXIS2_PLACEMENT_3D ( 'NONE', #3532, #3604, #562 ) ;
#2643 = DIRECTION ( 'NONE',  ( 0.000000000000000000, 0.000000000000000000, 1.000000000000000000 ) ) ;
#2644 = CARTESIAN_POINT ( 'NONE',  ( 59.65484094786429381, 3.736743518466650205, 15.16359701400153170 ) ) ;
#2645 = CARTESIAN_POINT ( 'NONE',  ( 48.99793101165695219, 71.20360551830175666, 8.652256156074262350 ) ) ;
#2646 = ORIENTED_EDGE ( 'NONE', *, *, #1640, .F. ) ;
#2647 = FACE_OUTER_BOUND ( 'NONE', #189, .T. ) ;
#2648 = PRODUCT_DEFINITION ( 'UNKNOWN', '', #3813, #3681 ) ;
#2649 = CARTESIAN_POINT ( 'NONE',  ( 5.497778249642698789, 12.19817643022006237, 20.06000020980799903 ) ) ;
#2650 = ORIENTED_EDGE ( 'NONE', *, *, #1852, .F. ) ;
#2651 = EDGE_LOOP ( 'NONE', ( #1703, #94, #1172, #3661, #559, #1570 ) ) ;
#2652 = EDGE_CURVE ( 'NONE', #4000, #366, #4780, .T. ) ;
#2653 = CARTESIAN_POINT ( 'NONE',  ( 58.16468702980842664, 60.49593175437319559, 9.080462845690508544 ) ) ;
#2654 = ADVANCED_BREP_SHAPE_REPRESENTATION ( 'cubit2_top_enclosure', ( #4282, #672 ), #4364 ) ;
#2655 = CARTESIAN_POINT ( 'NONE',  ( 58.28885268249969442, 64.92911736401563871, 8.157770666528687542 ) ) ;
#2656 = CARTESIAN_POINT ( 'NONE',  ( 57.33839487991691186, 68.65031488082215105, 8.169180397836580454 ) ) ;
#2657 = FACE_OUTER_BOUND ( 'NONE', #506, .T. ) ;
#2658 = ORIENTED_EDGE ( 'NONE', *, *, #1009, .T. ) ;
#2659 = CARTESIAN_POINT ( 'NONE',  ( 58.24096476803195088, 57.69416131587708207, 14.00436284018135957 ) ) ;
#2660 = EDGE_CURVE ( 'NONE', #3756, #906, #4836, .T. ) ;
#2661 = DIRECTION ( 'NONE',  ( 0.000000000000000000, 0.000000000000000000, 1.000000000000000000 ) ) ;
#2662 = CARTESIAN_POINT ( 'NONE',  ( 58.19384929240364812, 64.10682400718125962, 19.92506360276499677 ) ) ;
#2663 = VERTEX_POINT ( 'NONE', #1732 ) ;
#2664 = DIRECTION ( 'NONE',  ( -1.000000000000000000, 0.000000000000000000, 0.000000000000000000 ) ) ;
#2665 = CYLINDRICAL_SURFACE ( 'NONE', #836, 3.000000000000002665 ) ;
#2666 = DIRECTION ( 'NONE',  ( -0.9999999921568193395, 0.0001252452049413511459, 0.000000000000000000 ) ) ;
#2667 = EDGE_CURVE ( 'NONE', #182, #3255, #2075, .T. ) ;
#2668 = CARTESIAN_POINT ( 'NONE',  ( 16.00513015478068723, 41.64646394823500231, 1.250000000000000000 ) ) ;
#2669 = ORIENTED_EDGE ( 'NONE', *, *, #2412, .F. ) ;
#2670 = DIRECTION ( 'NONE',  ( 0.000000000000000000, 0.000000000000000000, -1.000000000000000000 ) ) ;
#2671 = DIRECTION ( 'NONE',  ( 0.0001060570958326290006, 0.9999999943759462218, -0.000000000000000000 ) ) ;
#2672 = CARTESIAN_POINT ( 'NONE',  ( 58.16500091023044661, 63.50199890136699565, 7.646460294627999588 ) ) ;
#2673 = ORIENTED_EDGE ( 'NONE', *, *, #4352, .T. ) ;
#2674 = VERTEX_POINT ( 'NONE', #3998 ) ;
#2675 = CARTESIAN_POINT ( 'NONE',  ( 58.18868778015300336, 65.42966895304557795, 8.107598997796142015 ) ) ;
#2676 = CARTESIAN_POINT ( 'NONE',  ( 54.06674910966165015, 70.97723473864775201, 8.169180397836582230 ) ) ;
#2677 = CARTESIAN_POINT ( 'NONE',  ( 58.16509932264972349, 63.78781696160586279, 7.707168286090915643 ) ) ;
#2678 = B_SPLINE_CURVE_WITH_KNOTS ( 'NONE', 5,
 ( #2171, #3647, #1150, #706, #3350, #2932, #2618, #2195 ),
 .UNSPECIFIED., .F., .F.,
 ( 6, 2, 6 ),
 ( 0.000000000000000000, 0.5000000000000000000, 1.000000000000000000 ),
 .UNSPECIFIED. ) ;
#2679 = CARTESIAN_POINT ( 'NONE',  ( 43.19239468060015952, 73.00199890136700276, 16.78867578409700201 ) ) ;
#2680 = CARTESIAN_POINT ( 'NONE',  ( 52.43712666973161163, 70.38565761629652684, 20.67534739234906027 ) ) ;
#2681 = EDGE_CURVE ( 'NONE', #721, #388, #1341, .T. ) ;
#2682 = DIRECTION ( 'NONE',  ( 0.000000000000000000, -1.050493145930707254E-16, -1.000000000000000000 ) ) ;
#2683 = CARTESIAN_POINT ( 'NONE',  ( 58.74519753826967872, 63.06822380638089953, 19.25300239047343709 ) ) ;
#2684 = CARTESIAN_POINT ( 'NONE',  ( 5.000000000000000000, 66.00199890136700276, 25.66000020980800045 ) ) ;
#2685 = CARTESIAN_POINT ( 'NONE',  ( 58.95372462262967872, 64.20698883994609218, 8.468202705611329151 ) ) ;
#2686 = EDGE_CURVE ( 'NONE', #1889, #953, #3961, .T. ) ;
#2687 = ORIENTED_EDGE ( 'NONE', *, *, #3834, .T. ) ;
#2688 = CARTESIAN_POINT ( 'NONE',  ( 11.82937165317581041, 31.00199890019688098, -5.219999790191999445 ) ) ;
#2689 = ORIENTED_EDGE ( 'NONE', *, *, #3828, .T. ) ;
#2690 = CARTESIAN_POINT ( 'NONE',  ( 52.29907333493355281, 70.48945234200088805, 20.13894761480878515 ) ) ;
#2691 = CARTESIAN_POINT ( 'NONE',  ( 2.497552603054528753, 10.69817644719218919, 20.06000020980799903 ) ) ;
#2692 = CARTESIAN_POINT ( 'NONE',  ( -2.000000000000000000, -3.000000000000000000, -5.219999790191999445 ) ) ;
#2693 = ORIENTED_EDGE ( 'NONE', *, *, #1352, .T. ) ;
#2694 = ORIENTED_EDGE ( 'NONE', *, *, #2234, .T. ) ;
#2695 = CARTESIAN_POINT ( 'NONE',  ( 45.82817455332009615, 70.50199890136704539, 19.04027498408684949 ) ) ;
#2696 = CARTESIAN_POINT ( 'NONE',  ( 58.55792708731861040, 66.05778893632823667, 8.170366548252520289 ) ) ;
#2697 = VERTEX_POINT ( 'NONE', #1043 ) ;
#2698 = VECTOR ( 'NONE', #2737, 1000.000000000000000 ) ;
#2699 = CARTESIAN_POINT ( 'NONE',  ( 58.16445994665115649, 58.68282318677764664, 17.34066466574412146 ) ) ;
#2700 = DIRECTION ( 'NONE',  ( -0.0001504310587799637762, -0.9999999886852481978, 0.000000000000000000 ) ) ;
#2701 = CARTESIAN_POINT ( 'NONE',  ( 55.67835346577146538, 68.91846490190934560, 7.337899809631182713 ) ) ;
#2702 = AXIS2_PLACEMENT_3D ( 'NONE', #627, #3242, #2806 ) ;
#2703 = CARTESIAN_POINT ( 'NONE',  ( 55.67339475283230144, 68.92605551777835160, 20.50218361907880649 ) ) ;
#2704 = AXIS2_PLACEMENT_3D ( 'NONE', #2684, #2643, #3033 ) ;
#2705 = VECTOR ( 'NONE', #3373, 1000.000000000000000 ) ;
#2706 = ADVANCED_FACE ( 'NONE', ( #3577, #4045, #2140 ), #3646, .T. ) ;
#2707 = CARTESIAN_POINT ( 'NONE',  ( 53.85813892135959691, 72.41650242656797332, 19.83954528252819571 ) ) ;
#2708 = B_SPLINE_CURVE_WITH_KNOTS ( 'NONE', 3,
 ( #524, #3516, #152, #1657, #3145, #200, #4793, #3212, #2874, #3658 ),
 .UNSPECIFIED., .F., .F.,
 ( 4, 2, 2, 2, 4 ),
 ( 0.000000000000000000, 0.2500000000000000000, 0.5000000000000000000, 0.7500000000000000000, 1.000000000000000000 ),
 .UNSPECIFIED. ) ;
#2709 = CARTESIAN_POINT ( 'NONE',  ( 58.75724225013053115, 63.24862785638777041, 19.31313832378616624 ) ) ;
#2710 = CARTESIAN_POINT ( 'NONE',  ( 58.24929269671715559, 63.18140249078507509, 19.68353212694955445 ) ) ;
#2711 = DIRECTION ( 'NONE',  ( 1.000000000000000000, 0.000000000000000000, 0.000000000000000000 ) ) ;
#2712 = AXIS2_PLACEMENT_3D ( 'NONE', #4167, #4087, #1459 ) ;
#2713 = DIRECTION ( 'NONE',  ( -1.000000000000000000, 0.000000000000000000, -0.000000000000000000 ) ) ;
#2714 = EDGE_CURVE ( 'NONE', #2055, #2090, #3670, .T. ) ;
#2715 = CIRCLE ( 'NONE', #1232, 1.849999999999999423 ) ;
#2716 = CARTESIAN_POINT ( 'NONE',  ( 52.49145280776657074, 70.37517323085425858, 20.83954528252819571 ) ) ;
#2717 = LINE ( 'NONE', #872, #3319 ) ;
#2718 = CARTESIAN_POINT ( 'NONE',  ( 52.68094593598600284, 71.35705527792387670, 8.169180397836585783 ) ) ;
#2719 = CIRCLE ( 'NONE', #44, 2.000000001170142205 ) ;
#2720 = CARTESIAN_POINT ( 'NONE',  ( 52.29907334666048513, 70.48945234607197108, 7.869778087516803744 ) ) ;
#2721 = ORIENTED_EDGE ( 'NONE', *, *, #3340, .F. ) ;
#2722 = CARTESIAN_POINT ( 'NONE',  ( 51.25993888558765121, 70.75099172185336727, 8.114840249986412957 ) ) ;
#2723 = CARTESIAN_POINT ( 'NONE',  ( 58.64298617551814630, 66.33587807681959703, 8.169180397836587559 ) ) ;
#2724 = FACE_OUTER_BOUND ( 'NONE', #3480, .T. ) ;
#2725 = ORIENTED_EDGE ( 'NONE', *, *, #3983, .F. ) ;
#2726 = EDGE_LOOP ( 'NONE', ( #1288, #4456, #4746, #416 ) ) ;
#2727 = ADVANCED_FACE ( 'NONE', ( #1438 ), #255, .T. ) ;
#2728 = LINE ( 'NONE', #4235, #2007 ) ;
#2729 = DIRECTION ( 'NONE',  ( 0.0001060570958347216463, 0.9999999943759462218, 0.000000000000000000 ) ) ;
#2730 = CARTESIAN_POINT ( 'NONE',  ( 52.49145280776657074, 70.37517323085425858, 7.169180397836594665 ) ) ;
#2731 = CYLINDRICAL_SURFACE ( 'NONE', #1921, 3.000000000000002665 ) ;
#2732 = CARTESIAN_POINT ( 'NONE',  ( 51.16500091023044661, 70.50199890136700276, 25.66000020980799334 ) ) ;
#2733 = CARTESIAN_POINT ( 'NONE',  ( 56.16351561351428501, 51.14307390121241070, 6.562614706595136127 ) ) ;
#2734 = ORIENTED_EDGE ( 'NONE', *, *, #402, .F. ) ;
#2735 = CARTESIAN_POINT ( 'NONE',  ( 58.06091479934256228, 67.61121359995102864, 19.83954528252819571 ) ) ;
#2736 = CARTESIAN_POINT ( 'NONE',  ( 51.28467026198734402, 70.50128794896393458, 20.60782086256588741 ) ) ;
#2737 = DIRECTION ( 'NONE',  ( -0.000000000000000000, 0.000000000000000000, -1.000000000000000000 ) ) ;
#2738 = CARTESIAN_POINT ( 'NONE',  ( 9.176050581058618150, 20.20700443249032219, -0.7709996074473568495 ) ) ;
#2739 = CARTESIAN_POINT ( 'NONE',  ( 64.94689462810370628, 72.08150863447701795, 8.169180397836587559 ) ) ;
#2740 = EDGE_CURVE ( 'NONE', #4000, #4728, #2930, .T. ) ;
#2741 = DIRECTION ( 'NONE',  ( 1.000000000000000000, 1.734723475976806897E-15, 0.000000000000000000 ) ) ;
#2742 = ORIENTED_EDGE ( 'NONE', *, *, #3294, .F. ) ;
#2743 = CARTESIAN_POINT ( 'NONE',  ( 51.82212545584241781, 70.47244649720667553, 7.354358725744531533 ) ) ;
#2744 = CARTESIAN_POINT ( 'NONE',  ( 58.47993708751696573, 66.30322789112017290, 8.169180397836585783 ) ) ;
#2745 = DIRECTION ( 'NONE',  ( 1.000000000000000000, 0.000000000000000000, 0.000000000000000000 ) ) ;
#2746 = EDGE_CURVE ( 'NONE', #1110, #2117, #231, .T. ) ;
#2747 = EDGE_LOOP ( 'NONE', ( #4620, #2615, #1709, #3555 ) ) ;
#2748 = ORIENTED_EDGE ( 'NONE', *, *, #3213, .F. ) ;
#2749 = VERTEX_POINT ( 'NONE', #1754 ) ;
#2750 = DIRECTION ( 'NONE',  ( -0.000000000000000000, -0.000000000000000000, -1.000000000000000000 ) ) ;
#2751 = CARTESIAN_POINT ( 'NONE',  ( 56.67373827717027979, 67.99742341882843277, 20.13301313742276477 ) ) ;
#2752 = DIRECTION ( 'NONE',  ( 0.000000000000000000, 0.000000000000000000, -1.000000000000000000 ) ) ;
#2753 = CARTESIAN_POINT ( 'NONE',  ( 11.82937165317581574, 54.60199890136700418, -5.219999790191999445 ) ) ;
#2754 = CARTESIAN_POINT ( 'NONE',  ( 58.16500091033616116, 63.03770218811233406, 20.09953171175688524 ) ) ;
#2755 = VERTEX_POINT ( 'NONE', #3251 ) ;
#2756 = B_SPLINE_SURFACE_WITH_KNOTS ( 'NONE', 5, 3, ( 
 ( #4025, #1048, #2546, #687, #3301, #2937, #4448, #1077, #2200 ),
 ( #3703, #1976, #3476, #3064, #2373, #22, #3016, #4250, #4156 ),
 ( #116, #1573, #1957, #3408, #788, #2005, #2349, #4568, #1521 ),
 ( #4524, #1624, #4615, #3454, #4204, #443, #3874, #2281, #2305 ),
 ( #3832, #3782, #3045, #1157, #2655, #2675, #3114, #92, #414 ),
 ( #2332, #1908, #1595, #509, #1252, #49, #3854, #4178, #810 ),
 ( #1550, #466, #4549, #3085, #4592, #71, #2696, #1935, #2744 ),
 ( #834, #1179, #877, #3808, #3432, #1201, #1230, #2723, #4230 ) ),
 .UNSPECIFIED., .F., .F., .F.,
 ( 6, 2, 6 ),
 ( 4, 1, 1, 1, 1, 1, 4 ),
 ( 0.000000000000000000, 0.5000000000000000000, 1.000000000000000000 ),
 ( 0.000000000000000000, 0.0001990354470985862025, 0.0006966240648450518170, 0.001492765853239396735, 0.002288907641633741545, 0.002786496259380207268, 0.002985531706478793037 ),
 .UNSPECIFIED. ) ;
#2757 = CARTESIAN_POINT ( 'NONE',  ( 51.82212545463045927, 70.47244649730170352, 20.65436695454981120 ) ) ;
#2758 = CARTESIAN_POINT ( 'NONE',  ( 50.60112693520385108, -0.4999999999916412419, -97.32438719255948456 ) ) ;
#2759 = CARTESIAN_POINT ( 'NONE',  ( 58.06126082880589223, 67.61094099966965132, 8.169180397836587559 ) ) ;
#2760 = CARTESIAN_POINT ( 'NONE',  ( 58.16500091023044661, 63.50199890136699565, 7.646460294627999588 ) ) ;
#2761 = EDGE_LOOP ( 'NONE', ( #3292, #1906, #2794, #2424 ) ) ;
#2762 = ADVANCED_FACE ( 'NONE', ( #4758 ), #1392, .T. ) ;
#2763 = CARTESIAN_POINT ( 'NONE',  ( 51.61423399562202263, 70.48857055134068617, 7.527210283820157777 ) ) ;
#2764 = FACE_OUTER_BOUND ( 'NONE', #2956, .T. ) ;
#2765 = DIRECTION ( 'NONE',  ( -0.000000000000000000, -0.000000000000000000, -1.000000000000000000 ) ) ;
#2766 = ORIENTED_EDGE ( 'NONE', *, *, #4494, .T. ) ;
#2767 = ORIENTED_EDGE ( 'NONE', *, *, #1748, .T. ) ;
#2768 = EDGE_LOOP ( 'NONE', ( #1466, #1925, #1974, #348, #2935, #4221 ) ) ;
#2769 = EDGE_CURVE ( 'NONE', #2096, #1611, #3349, .T. ) ;
#2770 = LINE ( 'NONE', #2795, #4217 ) ;
#2771 = CARTESIAN_POINT ( 'NONE',  ( 52.97582109000666151, 70.27264423987084285, 7.333384656040398575 ) ) ;
#2772 = CARTESIAN_POINT ( 'NONE',  ( 57.64711950802947626, 66.14921710701648294, 20.67256589631445252 ) ) ;
#2773 = VECTOR ( 'NONE', #3325, 1000.000000000000000 ) ;
#2774 = DIRECTION ( 'NONE',  ( 1.000000000000000000, -1.156482317317871725E-16, 0.000000000000000000 ) ) ;
#2775 = LINE ( 'NONE', #2732, #1540 ) ;
#2776 = DIRECTION ( 'NONE',  ( -0.0001504310587799637491, -0.9999999886852481978, 0.000000000000000000 ) ) ;
#2777 = AXIS2_PLACEMENT_3D ( 'NONE', #2832, #2074, #4272 ) ;
#2778 = VERTEX_POINT ( 'NONE', #1824 ) ;
#2779 = CARTESIAN_POINT ( 'NONE',  ( 52.20966667552989549, 70.42430321328481568, 20.67333108438740652 ) ) ;
#2780 = VECTOR ( 'NONE', #305, 1000.000000000000000 ) ;
#2781 = CYLINDRICAL_SURFACE ( 'NONE', #3640, 2.000000001170142205 ) ;
#2782 = CARTESIAN_POINT ( 'NONE',  ( 47.69250161677372546, 70.50199890136700276, 20.07206687937324574 ) ) ;
#2783 = VECTOR ( 'NONE', #221, 1000.000000000000000 ) ;
#2784 = PLANE ( 'NONE',  #324 ) ;
#2785 = EDGE_LOOP ( 'NONE', ( #230, #3878, #4362, #4778 ) ) ;
#2786 = B_SPLINE_CURVE_WITH_KNOTS ( 'NONE', 3,
 ( #1873, #3365, #3842, #3096, #4557, #452 ),
 .UNSPECIFIED., .F., .F.,
 ( 4, 2, 4 ),
 ( 0.000000000000000000, 0.001655593872979201422, 0.003311187745958402845 ),
 .UNSPECIFIED. ) ;
#2787 = CARTESIAN_POINT ( 'NONE',  ( -0.5010752253450554417, 19.81999969483235446, 25.66000020980800045 ) ) ;
#2788 = CARTESIAN_POINT ( 'NONE',  ( 51.37792736489979717, 71.09281329326155685, 8.206648611182881581 ) ) ;
#2789 = DIRECTION ( 'NONE',  ( -1.000000000000000000, 0.000000000000000000, -0.000000000000000000 ) ) ;
#2790 = CARTESIAN_POINT ( 'NONE',  ( 58.15800094435959267, 7.111968675492812864, -97.32438719255948456 ) ) ;
#2791 = AXIS2_PLACEMENT_3D ( 'NONE', #4786, #660, #3380 ) ;
#2792 = EDGE_CURVE ( 'NONE', #4817, #2824, #4466, .T. ) ;
#2793 = ORIENTED_EDGE ( 'NONE', *, *, #335, .F. ) ;
#2794 = ORIENTED_EDGE ( 'NONE', *, *, #2143, .F. ) ;
#2795 = CARTESIAN_POINT ( 'NONE',  ( 5.497778249642698789, 12.19817643022006237, 0.000000000000000000 ) ) ;
#2796 = CARTESIAN_POINT ( 'NONE',  ( 59.64152333869549238, 3.494518049049625930, 17.01120501759996984 ) ) ;
#2797 = CARTESIAN_POINT ( 'NONE',  ( 52.68094593598601705, 71.35705527792387670, 19.83954528252819571 ) ) ;
#2798 = EDGE_CURVE ( 'NONE', #3856, #2417, #3023, .T. ) ;
#2799 = CARTESIAN_POINT ( 'NONE',  ( 50.66500089984057098, 73.00199890136700276, -6.763999790191994599 ) ) ;
#2800 = CARTESIAN_POINT ( 'NONE',  ( -2.000000000000000000, 38.50000000000000000, 25.66000020980800045 ) ) ;
#2801 = CARTESIAN_POINT ( 'NONE',  ( 58.16351559782791014, 51.14282341080252792, 21.56261470659513080 ) ) ;
#2802 = ADVANCED_FACE ( 'NONE', ( #2647 ), #4490, .F. ) ;
#2803 = ORIENTED_EDGE ( 'NONE', *, *, #3248, .T. ) ;
#2804 = DIRECTION ( 'NONE',  ( -1.000000000000000000, 0.000000000000000000, 0.000000000000000000 ) ) ;
#2805 = CARTESIAN_POINT ( 'NONE',  ( 51.30396662926272455, 71.23775785398065352, 19.78088865407021757 ) ) ;
#2806 = DIRECTION ( 'NONE',  ( -1.000000000000000000, 0.000000000000000000, 0.000000000000000000 ) ) ;
#2807 = CARTESIAN_POINT ( 'NONE',  ( 43.47529869053567353, 70.57650624157517427, 16.17583432811663258 ) ) ;
#2808 = EDGE_CURVE ( 'NONE', #3496, #3857, #617, .T. ) ;
#2809 = CARTESIAN_POINT ( 'NONE',  ( 2.497778249642698345, 12.19817643022006237, 20.06000020980799903 ) ) ;
#2810 = VERTEX_POINT ( 'NONE', #3038 ) ;
#2811 = CARTESIAN_POINT ( 'NONE',  ( 51.51519717605769699, 71.09695087952306380, 8.196854405716068825 ) ) ;
#2812 = CARTESIAN_POINT ( 'NONE',  ( 59.66500089984057098, 64.00199890136701697, 15.88133354314134849 ) ) ;
#2813 = CARTESIAN_POINT ( 'NONE',  ( 57.21945482503221569, 2.998746388445924005, 16.13758113637645053 ) ) ;
#2814 = VERTEX_POINT ( 'NONE', #782 ) ;
#2815 = ORIENTED_EDGE ( 'NONE', *, *, #1603, .T. ) ;
#2816 = ORIENTED_EDGE ( 'NONE', *, *, #4718, .T. ) ;
#2817 = CARTESIAN_POINT ( 'NONE',  ( 33.22599999999999909, 67.89399999999999125, 20.06000020980799903 ) ) ;
#2818 = CARTESIAN_POINT ( 'NONE',  ( 11.82937165317581574, 54.60199890136700418, -4.219999790191999445 ) ) ;
#2819 = CARTESIAN_POINT ( 'NONE',  ( 45.82937165317581218, 54.60199890136700418, -4.219999790191999445 ) ) ;
#2820 = CARTESIAN_POINT ( 'NONE',  ( 59.18656206239889173, 66.89733918409334024, 8.169180397836592888 ) ) ;
#2821 = LINE ( 'NONE', #4741, #2153 ) ;
#2822 = EDGE_CURVE ( 'NONE', #3255, #2521, #4122, .T. ) ;
#2823 = CARTESIAN_POINT ( 'NONE',  ( 53.85813892135960401, 72.41650242656797332, 19.83954528252819927 ) ) ;
#2824 = VERTEX_POINT ( 'NONE', #2251 ) ;
#2825 = CARTESIAN_POINT ( 'NONE',  ( 59.66500089984057098, 64.00199890136701697, -5.219999790191999445 ) ) ;
#2826 = DIRECTION ( 'NONE',  ( -0.000000000000000000, -1.000000000000000000, -0.000000000000000000 ) ) ;
#2827 = ADVANCED_FACE ( 'NONE', ( #1097 ), #2983, .F. ) ;
#2828 = CARTESIAN_POINT ( 'NONE',  ( 58.62068160479812917, 60.00355415419041805, 10.60841446355082240 ) ) ;
#2829 = CARTESIAN_POINT ( 'NONE',  ( 51.23534601441048864, 70.55980988950555854, 20.11483992644284413 ) ) ;
#2830 = CARTESIAN_POINT ( 'NONE',  ( 49.01304447323582281, 71.20462526531204617, 19.35194538534088338 ) ) ;
#2831 = EDGE_LOOP ( 'NONE', ( #734, #120, #293, #860, #4176, #2370 ) ) ;
#2832 = CARTESIAN_POINT ( 'NONE',  ( 64.94689462810370628, 72.08150863447701795, 14.00436284018239164 ) ) ;
#2833 = CARTESIAN_POINT ( 'NONE',  ( 58.16500091023045371, 63.53999362143815688, 20.23275285672805879 ) ) ;
#2834 = CARTESIAN_POINT ( 'NONE',  ( 59.66500089984057809, 73.00199890136700276, -6.763999790191994599 ) ) ;
#2835 = CARTESIAN_POINT ( 'NONE',  ( -0.5000000000000000000, 70.50199890136700276, -97.32438719255948456 ) ) ;
#2836 = ORIENTED_EDGE ( 'NONE', *, *, #3220, .F. ) ;
#2837 = ORIENTED_EDGE ( 'NONE', *, *, #3214, .F. ) ;
#2838 = VECTOR ( 'NONE', #1223, 1000.000000000000000 ) ;
#2839 = DIRECTION ( 'NONE',  ( -0.000000000000000000, -0.000000000000000000, -1.000000000000000000 ) ) ;
#2840 = CARTESIAN_POINT ( 'NONE',  ( 31.50521378514581272, 64.50199890136700276, 20.06000020980799903 ) ) ;
#2841 = CARTESIAN_POINT ( 'NONE',  ( 58.16427063906883888, 57.17132753860571626, 14.00436284018145194 ) ) ;
#2842 = CARTESIAN_POINT ( 'NONE',  ( 53.98093230019573951, 71.01946765346058044, 19.83954528252819927 ) ) ;
#2843 = CARTESIAN_POINT ( 'NONE',  ( 59.66500089984057809, 73.00199890136700276, -6.763999790191994599 ) ) ;
#2844 = CARTESIAN_POINT ( 'NONE',  ( 43.82937165317581218, 29.00199890019687388, -5.219999790191999445 ) ) ;
#2845 = AXIS2_PLACEMENT_3D ( 'NONE', #1517, #2252, #307 ) ;
#2846 = DIRECTION ( 'NONE',  ( 0.000000000000000000, 1.000000000000000000, 0.000000000000000000 ) ) ;
#2847 = VERTEX_POINT ( 'NONE', #2194 ) ;
#2848 = CIRCLE ( 'NONE', #1442, 5.700000000000005507 ) ;
#2849 = DIRECTION ( 'NONE',  ( 1.000000000000000000, 0.000000000000000000, -0.000000000000000000 ) ) ;
#2850 = DIRECTION ( 'NONE',  ( -0.000000000000000000, -0.000000000000000000, -1.000000000000000000 ) ) ;
#2851 = DIRECTION ( 'NONE',  ( 0.000000000000000000, -8.673617379884035472E-16, -1.000000000000000000 ) ) ;
#2852 = CARTESIAN_POINT ( 'NONE',  ( 48.00084004210950894, 70.91016186188221582, 8.737733934598757912 ) ) ;
#2853 = AXIS2_PLACEMENT_3D ( 'NONE', #1411, #3669, #2957 ) ;
#2854 = EDGE_CURVE ( 'NONE', #3482, #1193, #3752, .T. ) ;
#2855 = EDGE_CURVE ( 'NONE', #84, #1933, #2253, .T. ) ;
#2856 = CARTESIAN_POINT ( 'NONE',  ( 43.29325104243976341, 70.75868858978660114, 13.66615250664014702 ) ) ;
#2857 = VERTEX_POINT ( 'NONE', #362 ) ;
#2858 = VECTOR ( 'NONE', #4292, 1000.000000000000000 ) ;
#2859 = AXIS2_PLACEMENT_3D ( 'NONE', #1855, #1173, #2670 ) ;
#2860 = CARTESIAN_POINT ( 'NONE',  ( 52.23207893031965909, 71.39502335415514267, 8.177636417007919434 ) ) ;
#2861 = FACE_OUTER_BOUND ( 'NONE', #2288, .T. ) ;
#2862 = VECTOR ( 'NONE', #1818, 1000.000000000000000 ) ;
#2863 = ORIENTED_EDGE ( 'NONE', *, *, #3067, .T. ) ;
#2864 = ORIENTED_EDGE ( 'NONE', *, *, #2291, .F. ) ;
#2865 = AXIS2_PLACEMENT_3D ( 'NONE', #2011, #3510, #1557 ) ;
#2866 = CARTESIAN_POINT ( 'NONE',  ( 42.42937165317579939, 16.79999999999999716, -5.219999790191999445 ) ) ;
#2867 = CARTESIAN_POINT ( 'NONE',  ( 59.66500089984057098, 63.00174841041823726, 18.87354213985859985 ) ) ;
#2868 = VECTOR ( 'NONE', #3611, 1000.000000000000000 ) ;
#2869 = CARTESIAN_POINT ( 'NONE',  ( 58.16475616003083360, 61.04789078492959931, 19.42850162771559042 ) ) ;
#2870 = EDGE_CURVE ( 'NONE', #979, #393, #433, .T. ) ;
#2871 = CARTESIAN_POINT ( 'NONE',  ( 53.85813892135959691, 72.41650242656797332, 19.83954528252819571 ) ) ;
#2872 = DIRECTION ( 'NONE',  ( -1.000000000000000000, 0.000000000000000000, 0.000000000000000000 ) ) ;
#2873 = DIRECTION ( 'NONE',  ( 0.000000000000000000, 0.000000000000000000, -1.000000000000000000 ) ) ;
#2874 = CARTESIAN_POINT ( 'NONE',  ( 58.16500537516314040, 63.03770852713363837, 7.909190116061063591 ) ) ;
#2875 = ORIENTED_EDGE ( 'NONE', *, *, #519, .F. ) ;
#2876 = CARTESIAN_POINT ( 'NONE',  ( 58.16500091023044661, 70.50199890136700276, -97.32438719255948456 ) ) ;
#2877 = CARTESIAN_POINT ( 'NONE',  ( 59.65874326698324381, 3.999257600329181095, 17.13758083999599435 ) ) ;
#2878 = FACE_OUTER_BOUND ( 'NONE', #3223, .T. ) ;
#2879 = CARTESIAN_POINT ( 'NONE',  ( 42.55451559754916246, 70.50199890136700276, 14.00436284018238808 ) ) ;
#2880 = CARTESIAN_POINT ( 'NONE',  ( 44.13298223564144962, 70.82417285008682484, 16.39842011559517942 ) ) ;
#2881 = ORIENTED_EDGE ( 'NONE', *, *, #2854, .T. ) ;
#2882 = CARTESIAN_POINT ( 'NONE',  ( 56.16351561351428501, 51.14307390121241070, 6.562614706595136127 ) ) ;
#2883 = ADVANCED_FACE ( 'NONE', ( #4542 ), #3425, .F. ) ;
#2884 = FACE_BOUND ( 'NONE', #1745, .T. ) ;
#2885 = ORIENTED_EDGE ( 'NONE', *, *, #4839, .F. ) ;
#2886 = ORIENTED_EDGE ( 'NONE', *, *, #764, .F. ) ;
#2887 = PLANE ( 'NONE',  #678 ) ;
#2888 = EDGE_CURVE ( 'NONE', #953, #4121, #64, .T. ) ;
#2889 = CARTESIAN_POINT ( 'NONE',  ( 52.38234499653976428, 70.39569955935601797, 7.498134038306440097 ) ) ;
#2890 = CARTESIAN_POINT ( 'NONE',  ( 55.13236812884960614, 70.49313242046888206, 19.83954528252819927 ) ) ;
#2891 = CARTESIAN_POINT ( 'NONE',  ( 58.16427084955025606, 57.17300809339519674, 14.00436284018152300 ) ) ;
#2892 = DIRECTION ( 'NONE',  ( 0.000000000000000000, 1.000000000000000000, 0.000000000000000000 ) ) ;
#2893 = CARTESIAN_POINT ( 'NONE',  ( 3.557812684889765986, 69.85376849573269453, 15.15772157981844082 ) ) ;
#2894 = DIRECTION ( 'NONE',  ( 0.000000000000000000, -0.000000000000000000, -1.000000000000000000 ) ) ;
#2895 = CARTESIAN_POINT ( 'NONE',  ( 57.29477225369689819, 3.131962460370738999, 16.65392299353879935 ) ) ;
#2896 = ORIENTED_EDGE ( 'NONE', *, *, #1074, .T. ) ;
#2897 = DIRECTION ( 'NONE',  ( 0.000000000000000000, 0.000000000000000000, -1.000000000000000000 ) ) ;
#2898 = CARTESIAN_POINT ( 'NONE',  ( 58.88303959199936344, 63.31529457091278346, 19.29588584904975335 ) ) ;
#2899 = CARTESIAN_POINT ( 'NONE',  ( 2.007000000000000117, 11.75999999999999979, 29.00974767811383614 ) ) ;
#2900 = CARTESIAN_POINT ( 'NONE',  ( 11.82937165317581574, 54.60199890136700418, -4.219999790191999445 ) ) ;
#2901 = CARTESIAN_POINT ( 'NONE',  ( 47.49944456241888702, 71.08630419076443729, 9.167284511893450727 ) ) ;
#2902 = VERTEX_POINT ( 'NONE', #4223 ) ;
#2903 = CARTESIAN_POINT ( 'NONE',  ( -2.000000000000000000, 29.17316163251585692, -0.7709996074473568495 ) ) ;
#2904 = CYLINDRICAL_SURFACE ( 'NONE', #4736, 3.400000000000003908 ) ;
#2905 = DIRECTION ( 'NONE',  ( -0.000000000000000000, -0.000000000000000000, -1.000000000000000000 ) ) ;
#2906 = ORIENTED_EDGE ( 'NONE', *, *, #1004, .F. ) ;
#2907 = VERTEX_POINT ( 'NONE', #3914 ) ;
#2908 = EDGE_CURVE ( 'NONE', #1893, #4439, #1588, .T. ) ;
#2909 = FACE_OUTER_BOUND ( 'NONE', #458, .T. ) ;
#2910 = CARTESIAN_POINT ( 'NONE',  ( -2.000000000000000000, 41.64646394823500231, -0.5999999999999996447 ) ) ;
#2911 = DIRECTION ( 'NONE',  ( 0.000000000000000000, 0.000000000000000000, -1.000000000000000000 ) ) ;
#2912 = B_SPLINE_CURVE_WITH_KNOTS ( 'NONE', 3,
 ( #622, #3612, #643, #2796, #4311, #1601, #4669, #1306, #517, #1236 ),
 .UNSPECIFIED., .F., .F.,
 ( 4, 2, 2, 2, 4 ),
 ( 1.514782153580211930E-17, 0.0003915940694699619469, 0.0007831881389399088234, 0.001174782208409855646, 0.001566376277879802468 ),
 .UNSPECIFIED. ) ;
#2913 = ADVANCED_FACE ( 'NONE', ( #4243 ), #4261, .T. ) ;
#2914 = CARTESIAN_POINT ( 'NONE',  ( 58.16444000096908695, 58.52357011815036714, 17.45545601973352134 ) ) ;
#2915 = LINE ( 'NONE', #2526, #1374 ) ;
#2916 = CARTESIAN_POINT ( 'NONE',  ( 38.24955394561818878, 70.50199890136700276, 24.06000020980799903 ) ) ;
#2917 = CARTESIAN_POINT ( 'NONE',  ( 57.70327097455855636, 66.00238648988556633, 20.67256589629170449 ) ) ;
#2918 = ORIENTED_EDGE ( 'NONE', *, *, #2581, .T. ) ;
#2919 = VERTEX_POINT ( 'NONE', #2898 ) ;
#2920 = AXIS2_PLACEMENT_3D ( 'NONE', #931, #2422, #3550 ) ;
#2921 = CARTESIAN_POINT ( 'NONE',  ( 58.87871636892855776, 63.26066974575338264, 8.729838446382213846 ) ) ;
#2922 = CARTESIAN_POINT ( 'NONE',  ( 58.16500091023044661, 63.50199890136702408, 20.36226538573679434 ) ) ;
#2923 = DIRECTION ( 'NONE',  ( 1.470104640585420253E-16, 1.000000000000000000, -0.000000000000000000 ) ) ;
#2924 = CARTESIAN_POINT ( 'NONE',  ( -0.5028986561775566910, 7.698627774312786443, 24.06000020980799903 ) ) ;
#2925 = CARTESIAN_POINT ( 'NONE',  ( 51.27109618146565850, 71.08776282376058475, 19.79364277589506216 ) ) ;
#2926 = VECTOR ( 'NONE', #3271, 1000.000000000000000 ) ;
#2927 = CARTESIAN_POINT ( 'NONE',  ( 45.89291972354482851, 70.96105739617827624, 9.989753227727753426 ) ) ;
#2928 = ORIENTED_EDGE ( 'NONE', *, *, #1787, .T. ) ;
#2929 = DIRECTION ( 'NONE',  ( 2.940209281316622002E-16, -1.000000000000000000, 0.000000000000000000 ) ) ;
#2930 = LINE ( 'NONE', #210, #4361 ) ;
#2931 = VECTOR ( 'NONE', #4388, 1000.000000000000000 ) ;
#2932 = CARTESIAN_POINT ( 'NONE',  ( 58.66193101555054312, 63.75696184853973847, 8.515552000792464327 ) ) ;
#2933 = CARTESIAN_POINT ( 'NONE',  ( 54.65863715635326514, 2.999017981332761984, 16.13758113637682357 ) ) ;
#2934 = VECTOR ( 'NONE', #3696, 1000.000000000000000 ) ;
#2935 = ORIENTED_EDGE ( 'NONE', *, *, #770, .F. ) ;
#2936 = VERTEX_POINT ( 'NONE', #2877 ) ;
#2937 = CARTESIAN_POINT ( 'NONE',  ( 57.92095920763841832, 65.36416943519286349, 7.200732634297491330 ) ) ;
#2938 = CARTESIAN_POINT ( 'NONE',  ( 53.62433286920990838, 70.39621409895777049, 8.093622572642102497 ) ) ;
#2939 = VECTOR ( 'NONE', #1468, 1000.000000000000000 ) ;
#2940 = LINE ( 'NONE', #4529, #437 ) ;
#2941 = EDGE_CURVE ( 'NONE', #2847, #2907, #1773, .T. ) ;
#2942 = AXIS2_PLACEMENT_3D ( 'NONE', #3937, #226, #4774 ) ;
#2943 = CARTESIAN_POINT ( 'NONE',  ( 58.16512199724108001, 63.96885855778013052, 20.50286416001667078 ) ) ;
#2944 = CARTESIAN_POINT ( 'NONE',  ( 52.46213736592908106, 70.38083080937451541, 7.169180398192742665 ) ) ;
#2945 = CARTESIAN_POINT ( 'NONE',  ( 34.50521378514581272, 64.50199890136700276, 20.06000020980799903 ) ) ;
#2946 = CARTESIAN_POINT ( 'NONE',  ( 58.16500091023045371, 63.55846149095096820, 20.38119597858125687 ) ) ;
#2947 = EDGE_CURVE ( 'NONE', #406, #2355, #2134, .T. ) ;
#2948 = ORIENTED_EDGE ( 'NONE', *, *, #3239, .F. ) ;
#2949 = EDGE_LOOP ( 'NONE', ( #4248, #2208, #3285, #3310 ) ) ;
#2950 = CARTESIAN_POINT ( 'NONE',  ( 58.77272866910961113, 63.48027879297050902, 8.623966174651558347 ) ) ;
#2951 = FACE_OUTER_BOUND ( 'NONE', #3674, .T. ) ;
#2952 = PLANE ( 'NONE',  #1761 ) ;
#2953 = CARTESIAN_POINT ( 'NONE',  ( 59.60401202381697061, 3.124895342210293858, 15.63357241954477317 ) ) ;
#2954 = ADVANCED_FACE ( 'NONE', ( #3965 ), #4320, .T. ) ;
#2955 = CARTESIAN_POINT ( 'NONE',  ( 58.15938238842478114, 18.14188439156106014, 24.06000020980799903 ) ) ;
#2956 = EDGE_LOOP ( 'NONE', ( #2375, #234, #3603, #3775 ) ) ;
#2957 = DIRECTION ( 'NONE',  ( 0.000000000000000000, 0.000000000000000000, -1.000000000000000000 ) ) ;
#2958 = CARTESIAN_POINT ( 'NONE',  ( 58.47135538654061548, 68.52221902066973769, -5.219999790191998557 ) ) ;
#2959 = DIRECTION ( 'NONE',  ( -0.000000000000000000, -0.000000000000000000, 1.000000000000000000 ) ) ;
#2960 = LINE ( 'NONE', #4519, #3635 ) ;
#2961 = EDGE_CURVE ( 'NONE', #1781, #4309, #4409, .T. ) ;
#2962 = ORIENTED_EDGE ( 'NONE', *, *, #1852, .T. ) ;
#2963 = EDGE_LOOP ( 'NONE', ( #3029, #167, #3311, #1471, #122, #942, #3062, #3686, #2596, #2132, #4266, #3478, #3466 ) ) ;
#2964 = DIRECTION ( 'NONE',  ( 0.000000000000000000, -1.000000000000000000, 1.690506292878724980E-16 ) ) ;
#2965 = CARTESIAN_POINT ( 'NONE',  ( 56.21513012323784153, 69.56093805170218047, 8.169180397836560914 ) ) ;
#2966 = LINE ( 'NONE', #2177, #3413 ) ;
#2967 = CARTESIAN_POINT ( 'NONE',  ( 58.31968234570377518, 61.40099446110120596, 9.165460017320032904 ) ) ;
#2968 = CARTESIAN_POINT ( 'NONE',  ( 58.16427000762458732, 57.16628587423726771, 14.00436284018123878 ) ) ;
#2969 = CARTESIAN_POINT ( 'NONE',  ( 52.06574246379364013, 70.44500923032484252, 7.179085561307942953 ) ) ;
#2970 = DIRECTION ( 'NONE',  ( -0.000000000000000000, 0.000000000000000000, 1.000000000000000000 ) ) ;
#2971 = CARTESIAN_POINT ( 'NONE',  ( 58.15016703931732422, 63.99003882398245224, 20.36852743850693415 ) ) ;
#2972 = EDGE_LOOP ( 'NONE', ( #1593, #3804, #2003, #3701, #680, #1714, #2815 ) ) ;
#2973 = ORIENTED_EDGE ( 'NONE', *, *, #3248, .F. ) ;
#2974 = EDGE_CURVE ( 'NONE', #4171, #537, #2001, .T. ) ;
#2975 = CARTESIAN_POINT ( 'NONE',  ( 58.86860992509262758, 63.13297272006308702, 8.773032210092493344 ) ) ;
#2976 = CARTESIAN_POINT ( 'NONE',  ( 58.16500091023045371, 63.42874243010596302, 20.20053788222145030 ) ) ;
#2977 = CARTESIAN_POINT ( 'NONE',  ( 51.16500091023044661, 63.50199890136699565, -97.32438719255948456 ) ) ;
#2978 = CARTESIAN_POINT ( 'NONE',  ( 43.69054098662996211, 70.78962198719354149, 11.95358387153811996 ) ) ;
#2979 = CARTESIAN_POINT ( 'NONE',  ( 51.27479443691992600, 71.38000303812485470, 19.76041582307890465 ) ) ;
#2980 = DIRECTION ( 'NONE',  ( 0.000000000000000000, 0.000000000000000000, 1.000000000000000000 ) ) ;
#2981 = ORIENTED_EDGE ( 'NONE', *, *, #4430, .T. ) ;
#2982 = EDGE_CURVE ( 'NONE', #1191, #39, #4528, .T. ) ;
#2983 = PLANE ( 'NONE',  #193 ) ;
#2984 = CARTESIAN_POINT ( 'NONE',  ( -0.5010752253450554417, 19.81999969483235446, -97.32438719255948456 ) ) ;
#2985 = DIRECTION ( 'NONE',  ( 0.000000000000000000, 0.000000000000000000, 1.000000000000000000 ) ) ;
#2986 = VERTEX_POINT ( 'NONE', #966 ) ;
#2987 = ORIENTED_EDGE ( 'NONE', *, *, #1328, .F. ) ;
#2988 = CARTESIAN_POINT ( 'NONE',  ( 51.16500091023044661, 70.50199890136700276, 20.74685507151181696 ) ) ;
#2989 = DIRECTION ( 'NONE',  ( -1.086328977807346604E-19, -8.673617243826540632E-16, -1.000000000000000000 ) ) ;
#2990 = CARTESIAN_POINT ( 'NONE',  ( 15.22937165317581787, 13.39999999999999858, -5.219999790191999445 ) ) ;
#2991 = CARTESIAN_POINT ( 'NONE',  ( 5.497778215698443383, 12.19772513704372230, 20.06000020980799903 ) ) ;
#2992 = CARTESIAN_POINT ( 'NONE',  ( 58.18421322331197842, 58.85327282262297643, 17.21760370611115576 ) ) ;
#2993 = ORIENTED_EDGE ( 'NONE', *, *, #179, .F. ) ;
#2994 = FACE_OUTER_BOUND ( 'NONE', #2473, .T. ) ;
#2995 = DIRECTION ( 'NONE',  ( -0.9999999886852481978, 0.0001504310587799637491, -0.000000000000000000 ) ) ;
#2996 = CARTESIAN_POINT ( 'NONE',  ( 59.66391019973956134, 52.71766429187547942, 17.13761470659513009 ) ) ;
#2997 = CARTESIAN_POINT ( 'NONE',  ( 58.49778755852099721, 66.24874603505131176, 19.83983198031682704 ) ) ;
#2998 = ORIENTED_EDGE ( 'NONE', *, *, #3910, .F. ) ;
#2999 = ORIENTED_EDGE ( 'NONE', *, *, #1126, .F. ) ;
#3000 = CARTESIAN_POINT ( 'NONE',  ( 58.16500091023044661, 63.57834513547701505, 7.906701555555000205 ) ) ;
#3001 = CARTESIAN_POINT ( 'NONE',  ( 58.16500091023044661, 63.54017201842203377, 20.23214475527329625 ) ) ;
#3002 = CARTESIAN_POINT ( 'NONE',  ( 59.65874326698324381, 3.999257600329195306, -5.219999790191999445 ) ) ;
#3003 = CARTESIAN_POINT ( 'NONE',  ( 43.69054098663044527, 70.78962198719359833, 16.05514180882671482 ) ) ;
#3004 = ORIENTED_EDGE ( 'NONE', *, *, #4812, .T. ) ;
#3005 = VECTOR ( 'NONE', #3590, 1000.000000000000000 ) ;
#3006 = DIRECTION ( 'NONE',  ( 0.000000000000000000, 0.000000000000000000, -1.000000000000000000 ) ) ;
#3007 = ORIENTED_EDGE ( 'NONE', *, *, #2259, .T. ) ;
#3008 = CARTESIAN_POINT ( 'NONE',  ( 51.27109618146565850, 71.08776282376058475, 19.79364277589506216 ) ) ;
#3009 = FACE_OUTER_BOUND ( 'NONE', #2785, .T. ) ;
#3010 = DIRECTION ( 'NONE',  ( 0.000000000000000000, 0.000000000000000000, 1.000000000000000000 ) ) ;
#3011 = CIRCLE ( 'NONE', #969, 1.500000000000003109 ) ;
#3012 = EDGE_CURVE ( 'NONE', #3857, #4439, #1705, .T. ) ;
#3013 = ORIENTED_EDGE ( 'NONE', *, *, #940, .F. ) ;
#3014 = VERTEX_POINT ( 'NONE', #602 ) ;
#3015 = CARTESIAN_POINT ( 'NONE',  ( 48.84899589639034190, 70.50199890136698855, 20.34787001537958062 ) ) ;
#3016 = CARTESIAN_POINT ( 'NONE',  ( 57.79301470176708477, 65.76073149870101986, 7.338286400194975023 ) ) ;
#3017 = CARTESIAN_POINT ( 'NONE',  ( 53.54300352537275387, 70.18724744805572868, 7.870417303581327850 ) ) ;
#3018 = DIRECTION ( 'NONE',  ( -0.0001252452049432801042, -0.9999999921568192285, 0.000000000000000000 ) ) ;
#3019 = AXIS2_PLACEMENT_3D ( 'NONE', #3664, #1848, #297 ) ;
#3020 = ORIENTED_EDGE ( 'NONE', *, *, #1156, .F. ) ;
#3021 = CARTESIAN_POINT ( 'NONE',  ( 58.16476360856007233, 61.10736237041876961, 8.678228702315021081 ) ) ;
#3022 = CIRCLE ( 'NONE', #1234, 7.000000000000000888 ) ;
#3023 = CIRCLE ( 'NONE', #904, 1.750000000000001554 ) ;
#3024 = DIRECTION ( 'NONE',  ( -0.000000000000000000, 1.000000000000000000, -0.000000000000000000 ) ) ;
#3025 = CARTESIAN_POINT ( 'NONE',  ( 58.10788518088514110, 64.44173637979548630, 20.33358233206763188 ) ) ;
#3026 = ADVANCED_FACE ( 'NONE', ( #2092 ), #3594, .F. ) ;
#3027 = ORIENTED_EDGE ( 'NONE', *, *, #919, .F. ) ;
#3028 = VECTOR ( 'NONE', #1402, 1000.000000000000000 ) ;
#3029 = ORIENTED_EDGE ( 'NONE', *, *, #2941, .F. ) ;
#3030 = CARTESIAN_POINT ( 'NONE',  ( 58.78488584880801682, 63.66182744458468079, 8.573086945454972962 ) ) ;
#3031 = CARTESIAN_POINT ( 'NONE',  ( 13.82937165317581574, 31.00199890019688098, -4.219999790191999445 ) ) ;
#3032 = AXIS2_PLACEMENT_3D ( 'NONE', #315, #1479, #2970 ) ;
#3033 = DIRECTION ( 'NONE',  ( 1.000000000000000000, 0.000000000000000000, 0.000000000000000000 ) ) ;
#3034 = CARTESIAN_POINT ( 'NONE',  ( 58.80742883026556456, 63.99672785186984214, 8.485318242218733431 ) ) ;
#3035 = VERTEX_POINT ( 'NONE', #4365 ) ;
#3036 = DIRECTION ( 'NONE',  ( -0.000000000000000000, -0.000000000000000000, -1.000000000000000000 ) ) ;
#3037 = VERTEX_POINT ( 'NONE', #2486 ) ;
#3038 = CARTESIAN_POINT ( 'NONE',  ( -0.5000000000000004441, 54.03152911522300883, -0.5999999999999994227 ) ) ;
#3039 = PLANE ( 'NONE',  #4514 ) ;
#3040 = CARTESIAN_POINT ( 'NONE',  ( 59.34935417162613902, 66.41820969322232315, 19.83954528252819571 ) ) ;
#3041 = ORIENTED_EDGE ( 'NONE', *, *, #1182, .T. ) ;
#3042 = ORIENTED_EDGE ( 'NONE', *, *, #585, .F. ) ;
#3043 = CARTESIAN_POINT ( 'NONE',  ( 48.84889012573140832, 70.50199890136701697, 7.661034842686033741 ) ) ;
#3044 = EDGE_CURVE ( 'NONE', #1734, #4278, #3343, .T. ) ;
#3045 = CARTESIAN_POINT ( 'NONE',  ( 58.37433323557425524, 63.97506579061045073, 8.337271305152784251 ) ) ;
#3046 = EDGE_LOOP ( 'NONE', ( #3042, #3422, #1472, #2998, #4617, #188, #3194 ) ) ;
#3047 = CARTESIAN_POINT ( 'NONE',  ( 58.16499143134850414, 62.92637640029673207, 7.939325072936501471 ) ) ;
#3048 = ORIENTED_EDGE ( 'NONE', *, *, #3531, .F. ) ;
#3049 = EDGE_CURVE ( 'NONE', #2090, #1001, #3392, .T. ) ;
#3050 = DIRECTION ( 'NONE',  ( -0.000000000000000000, 0.000000000000000000, 1.000000000000000000 ) ) ;
#3051 = CARTESIAN_POINT ( 'NONE',  ( 52.92197913637420470, 70.28697071859237155, 20.51057976328373300 ) ) ;
#3052 = FACE_OUTER_BOUND ( 'NONE', #1923, .T. ) ;
#3053 = CARTESIAN_POINT ( 'NONE',  ( 58.52389461259654979, 68.54733636470081137, 25.66000020980799690 ) ) ;
#3054 = FACE_OUTER_BOUND ( 'NONE', #2558, .T. ) ;
#3055 = ORIENTED_EDGE ( 'NONE', *, *, #3452, .T. ) ;
#3056 = DIRECTION ( 'NONE',  ( -0.9999999921568193395, 0.0001252452049413511459, 0.000000000000000000 ) ) ;
#3057 = ORIENTED_EDGE ( 'NONE', *, *, #4576, .F. ) ;
#3058 = CARTESIAN_POINT ( 'NONE',  ( 9.176050581058618150, 29.17316163251585692, 2.869023291571487277 ) ) ;
#3059 = LINE ( 'NONE', #3471, #4277 ) ;
#3060 = CARTESIAN_POINT ( 'NONE',  ( 56.81030490181858994, 69.21027439298720196, 8.169180397836587559 ) ) ;
#3061 = VERTEX_POINT ( 'NONE', #2211 ) ;
#3062 = ORIENTED_EDGE ( 'NONE', *, *, #408, .F. ) ;
#3063 = CARTESIAN_POINT ( 'NONE',  ( 58.16481021940049345, 61.47951903950091435, 8.432596651156783807 ) ) ;
#3064 = CARTESIAN_POINT ( 'NONE',  ( 58.13625266952989534, 64.21168707997064473, 7.577569209271812767 ) ) ;
#3065 = FACE_BOUND ( 'NONE', #652, .T. ) ;
#3066 = APPLICATION_PROTOCOL_DEFINITION ( 'draft international standard', 'automotive_design', 1998, #1081 ) ;
#3067 = EDGE_CURVE ( 'NONE', #775, #3614, #3793, .T. ) ;
#3068 = CARTESIAN_POINT ( 'NONE',  ( 58.68599179826848911, 64.19351437916482439, 19.59508935941455476 ) ) ;
#3069 = DIRECTION ( 'NONE',  ( 0.0001252452049432801042, 0.9999999921568192285, 0.000000000000000000 ) ) ;
#3070 = LINE ( 'NONE', #4213, #571 ) ;
#3071 = CARTESIAN_POINT ( 'NONE',  ( 57.50731936840245595, 66.48427176592979038, 20.50539837757239781 ) ) ;
#3072 = EDGE_CURVE ( 'NONE', #3602, #2509, #3841, .T. ) ;
#3073 = DIRECTION ( 'NONE',  ( 0.000000000000000000, 0.000000000000000000, -1.000000000000000000 ) ) ;
#3074 = CARTESIAN_POINT ( 'NONE',  ( 58.64626640134338942, 63.46987917183036387, 19.41682815876406565 ) ) ;
#3075 = CARTESIAN_POINT ( 'NONE',  ( 59.66500089984057098, 63.00174841041823726, -5.219999790191999445 ) ) ;
#3076 = VECTOR ( 'NONE', #1217, 1000.000000000000000 ) ;
#3077 = CARTESIAN_POINT ( 'NONE',  ( 52.80507867213032824, 72.76068181944066282, 19.77692402283707196 ) ) ;
#3078 = CARTESIAN_POINT ( 'NONE',  ( 51.59418111566808562, 70.49001992752631907, 20.79530198672544472 ) ) ;
#3079 = CARTESIAN_POINT ( 'NONE',  ( 58.15938238842478114, 18.14188439156106014, 24.06000020980799903 ) ) ;
#3080 = DIRECTION ( 'NONE',  ( 0.000000000000000000, 0.000000000000000000, 1.000000000000000000 ) ) ;
#3081 = CARTESIAN_POINT ( 'NONE',  ( 9.239999999999998437, 73.00199890136700276, 16.14000020980800088 ) ) ;
#3082 = VERTEX_POINT ( 'NONE', #778 ) ;
#3083 = CARTESIAN_POINT ( 'NONE',  ( 51.22772694005492156, 70.50180810934526221, 7.560067419458123439 ) ) ;
#3084 = CIRCLE ( 'NONE', #340, 1.000000000000004219 ) ;
#3085 = CARTESIAN_POINT ( 'NONE',  ( 58.80921026240836369, 64.46459231170807413, 8.373874541616858735 ) ) ;
#3086 = DIRECTION ( 'NONE',  ( 1.000000000000000000, -1.275531967630006478E-16, -0.000000000000000000 ) ) ;
#3087 = ORIENTED_EDGE ( 'NONE', *, *, #4288, .F. ) ;
#3088 = CIRCLE ( 'NONE', #2541, 3.000000000000002665 ) ;
#3089 = ORIENTED_EDGE ( 'NONE', *, *, #1577, .T. ) ;
#3090 = CARTESIAN_POINT ( 'NONE',  ( 59.65874326698324381, 3.999257600329195306, 25.66000020980800045 ) ) ;
#3091 = ADVANCED_FACE ( 'NONE', ( #1089 ), #2665, .T. ) ;
#3092 = DIRECTION ( 'NONE',  ( -0.000000000000000000, -0.000000000000000000, -1.000000000000000000 ) ) ;
#3093 = CARTESIAN_POINT ( 'NONE',  ( 58.91941307459048716, 63.77488110958143608, 19.43209232902868067 ) ) ;
#3094 = VECTOR ( 'NONE', #2064, 1000.000000000000000 ) ;
#3095 = VECTOR ( 'NONE', #1413, 1000.000000000000000 ) ;
#3096 = CARTESIAN_POINT ( 'NONE',  ( 52.79428919923336849, 72.76331661744104906, 8.233349598270155667 ) ) ;
#3097 = CARTESIAN_POINT ( 'NONE',  ( 55.16020914637743289, 27.74318682140338410, -2.406937057464432704E-14 ) ) ;
#3098 = ADVANCED_FACE ( 'NONE', ( #4064 ), #3744, .F. ) ;
#3099 = LINE ( 'NONE', #1214, #3885 ) ;
#3100 = AXIS2_PLACEMENT_3D ( 'NONE', #1702, #1722, #3236 ) ;
#3101 = VECTOR ( 'NONE', #2527, 1000.000000000000000 ) ;
#3102 = DIRECTION ( 'NONE',  ( 1.000000000000000000, 0.000000000000000000, 0.000000000000000000 ) ) ;
#3103 = CARTESIAN_POINT ( 'NONE',  ( 52.68094593598600284, 71.35705527792387670, 8.169180397836585783 ) ) ;
#3104 = CIRCLE ( 'NONE', #3256, 3.000000000000002665 ) ;
#3105 = CARTESIAN_POINT ( 'NONE',  ( 52.13048754136071494, 70.73187514610707183, 19.91862761864685893 ) ) ;
#3106 = EDGE_CURVE ( 'NONE', #979, #735, #593, .T. ) ;
#3107 = DIRECTION ( 'NONE',  ( 0.000000000000000000, 0.000000000000000000, -1.000000000000000000 ) ) ;
#3108 = CARTESIAN_POINT ( 'NONE',  ( 58.38141423093659910, 67.02016282374501088, 8.169180397836587559 ) ) ;
#3109 = VECTOR ( 'NONE', #889, 1000.000000000000114 ) ;
#3110 = CYLINDRICAL_SURFACE ( 'NONE', #645, 1.000000000000001332 ) ;
#3111 = VERTEX_POINT ( 'NONE', #401 ) ;
#3112 = CARTESIAN_POINT ( 'NONE',  ( 52.35430798436976119, 70.40064142237569911, 7.497873809694084457 ) ) ;
#3113 = EDGE_CURVE ( 'NONE', #4075, #775, #4750, .T. ) ;
#3114 = CARTESIAN_POINT ( 'NONE',  ( 58.08347626933001351, 65.80401415535854426, 8.094385296507688565 ) ) ;
#3115 = CARTESIAN_POINT ( 'NONE',  ( 2.497778249642698345, 12.19817643022006237, 20.06000020980799903 ) ) ;
#3116 = B_SPLINE_SURFACE_WITH_KNOTS ( 'NONE', 5, 3, ( 
 ( #3636, #272, #1772, #3263, #4773, #4510 ),
 ( #4796, #3768, #1430, #7, #379, #2241 ),
 ( #2532, #1533, #1088, #749, #3313, #3000 ),
 ( #1142, #2640, #722, #30, #4036, #671 ),
 ( #1793, #4433, #4145, #4086, #4482, #1061 ),
 ( #4536, #1507, #2210, #2162, #3743, #3662 ),
 ( #2267, #1112, #1845, #2950, #3030, #3286 ),
 ( #1483, #2975, #2921, #696, #295, #2559 ) ),
 .UNSPECIFIED., .F., .F., .F.,
 ( 6, 2, 6 ),
 ( 4, 1, 1, 4 ),
 ( 0.000000000000000000, 0.5000000000000000000, 1.000000000000000000 ),
 ( 1.104961395484324482, 1.125455900110852392, 1.155430085491864434, 1.194883951627360830 ),
 .UNSPECIFIED. ) ;
#3117 = VERTEX_POINT ( 'NONE', #1874 ) ;
#3118 = ORIENTED_EDGE ( 'NONE', *, *, #4091, .T. ) ;
#3119 = EDGE_LOOP ( 'NONE', ( #4522, #908, #3139, #1170, #3950, #833 ) ) ;
#3120 = LINE ( 'NONE', #4713, #364 ) ;
#3121 = CARTESIAN_POINT ( 'NONE',  ( 52.49145280776656364, 70.37517323085425858, 7.169180397836579566 ) ) ;
#3122 = CARTESIAN_POINT ( 'NONE',  ( 52.45599130887057981, 70.46398435805565441, 20.13894761747654982 ) ) ;
#3123 =( BOUNDED_CURVE ( )  B_SPLINE_CURVE ( 2, ( #989, #1330, #2820 ),
 .UNSPECIFIED., .F., .F. ) 
 B_SPLINE_CURVE_WITH_KNOTS ( ( 3, 3 ),
 ( 0.003247081520111176536, 0.01113871269127658832 ),
 .UNSPECIFIED. ) 
 CURVE ( )  GEOMETRIC_REPRESENTATION_ITEM ( )  RATIONAL_B_SPLINE_CURVE ( ( 0.8928464699355747047, 0.8108791185467969509, 0.8998998089747978213 ) ) 
 REPRESENTATION_ITEM ( '' )  );
#3124 = CARTESIAN_POINT ( 'NONE',  ( 51.23534601441049574, 70.55980988950557276, 7.893885753921945359 ) ) ;
#3125 = FACE_OUTER_BOUND ( 'NONE', #1141, .T. ) ;
#3126 = DIRECTION ( 'NONE',  ( -0.000000000000000000, -0.000000000000000000, -1.000000000000000000 ) ) ;
#3127 = EDGE_CURVE ( 'NONE', #4866, #2814, #697, .T. ) ;
#3128 = ORIENTED_EDGE ( 'NONE', *, *, #2792, .T. ) ;
#3129 = CARTESIAN_POINT ( 'NONE',  ( 52.20458250744556494, 70.50292129789617945, 20.14143561828399598 ) ) ;
#3130 = LINE ( 'NONE', #41, #1755 ) ;
#3131 = CARTESIAN_POINT ( 'NONE',  ( 55.21059230798715589, 70.43556971187277327, 8.169180397836584007 ) ) ;
#3132 = EDGE_CURVE ( 'NONE', #4618, #4000, #2638, .T. ) ;
#3133 = CARTESIAN_POINT ( 'NONE',  ( 52.50940772805699908, 71.05465761806034664, 8.169549396630142013 ) ) ;
#3134 = EDGE_LOOP ( 'NONE', ( #2693, #1319, #4050, #4193 ) ) ;
#3135 = CARTESIAN_POINT ( 'NONE',  ( 52.20966667923337212, 70.42430321270282434, 7.335394596370845122 ) ) ;
#3136 = CARTESIAN_POINT ( 'NONE',  ( 27.48918334204437386, 73.00199890136700276, 19.98580769869922236 ) ) ;
#3137 = DIRECTION ( 'NONE',  ( -0.000000000000000000, 0.000000000000000000, -1.000000000000000000 ) ) ;
#3138 = CARTESIAN_POINT ( 'NONE',  ( 0.000000000000000000, 0.000000000000000000, 0.000000000000000000 ) ) ;
#3139 = ORIENTED_EDGE ( 'NONE', *, *, #4718, .F. ) ;
#3140 = ORIENTED_EDGE ( 'NONE', *, *, #3704, .T. ) ;
#3141 = DIRECTION ( 'NONE',  ( -0.9999999943759462218, 0.0001060570958313862609, 0.000000000000000000 ) ) ;
#3142 = CARTESIAN_POINT ( 'NONE',  ( 52.09487488148651835, 70.45170868850711088, 7.169180397836594665 ) ) ;
#3143 = FACE_OUTER_BOUND ( 'NONE', #1949, .T. ) ;
#3144 = CARTESIAN_POINT ( 'NONE',  ( 58.35749610720894509, 63.01037270416073710, 19.40781455312963999 ) ) ;
#3145 = CARTESIAN_POINT ( 'NONE',  ( 58.37980572025227133, 63.23835586539463804, 8.490006271721824760 ) ) ;
#3146 = ORIENTED_EDGE ( 'NONE', *, *, #701, .T. ) ;
#3147 = CARTESIAN_POINT ( 'NONE',  ( 51.19851811450894985, 70.50194876834976299, 20.44571996095512390 ) ) ;
#3148 = DIRECTION ( 'NONE',  ( -1.000000000000000000, 0.000000000000000000, 0.000000000000000000 ) ) ;
#3149 = ADVANCED_FACE ( 'NONE', ( #2951 ), #3507, .T. ) ;
#3150 = CARTESIAN_POINT ( 'NONE',  ( 43.18668506155596276, 70.50199890136698855, 11.67618336331225137 ) ) ;
#3151 = CARTESIAN_POINT ( 'NONE',  ( 54.65874321344909958, 3.999017975708709649, 16.13758113637682357 ) ) ;
#3152 = VERTEX_POINT ( 'NONE', #1285 ) ;
#3153 = CARTESIAN_POINT ( 'NONE',  ( 51.28933272374777630, 70.75157299435510083, 8.112948542878415381 ) ) ;
#3154 = CARTESIAN_POINT ( 'NONE',  ( 59.66500089984057098, 63.00174841041823726, 9.135183540506183419 ) ) ;
#3155 = ADVANCED_FACE ( 'NONE', ( #3125 ), #1637, .F. ) ;
#3156 = CARTESIAN_POINT ( 'NONE',  ( -2.000000000000000000, 29.17316163251585692, 2.869023291571487277 ) ) ;
#3157 = EDGE_LOOP ( 'NONE', ( #2248, #1514, #82, #160 ) ) ;
#3158 = ORIENTED_EDGE ( 'NONE', *, *, #4812, .F. ) ;
#3159 = ORIENTED_EDGE ( 'NONE', *, *, #607, .F. ) ;
#3160 = CIRCLE ( 'NONE', #577, 3.000000000000000444 ) ;
#3161 = CARTESIAN_POINT ( 'NONE',  ( 40.82937165317581929, 59.60199890136700418, -5.219999790191999445 ) ) ;
#3162 = EDGE_CURVE ( 'NONE', #512, #2474, #2369, .T. ) ;
#3163 = CARTESIAN_POINT ( 'NONE',  ( 56.21513012098311890, 69.56093805877540603, 19.83954528252810690 ) ) ;
#3164 = CIRCLE ( 'NONE', #3881, 1.849999999999999423 ) ;
#3165 = DIRECTION ( 'NONE',  ( -1.000000000000000000, 0.000000000000000000, 0.000000000000000000 ) ) ;
#3166 = CARTESIAN_POINT ( 'NONE',  ( 33.22599999999999909, 67.89399999999999125, 29.00974767811383614 ) ) ;
#3167 = ADVANCED_FACE ( 'NONE', ( #3843 ), #4602, .T. ) ;
#3168 = DIRECTION ( 'NONE',  ( 0.000000000000000000, 0.000000000000000000, -1.000000000000000000 ) ) ;
#3169 = VECTOR ( 'NONE', #4757, 1000.000000000000114 ) ;
#3170 = VERTEX_POINT ( 'NONE', #2753 ) ;
#3171 = DIRECTION ( 'NONE',  ( 0.000000000000000000, 0.000000000000000000, -1.000000000000000000 ) ) ;
#3172 = VECTOR ( 'NONE', #616, 1000.000000000000000 ) ;
#3173 = CARTESIAN_POINT ( 'NONE',  ( 51.18175635401888712, 70.50199890136700276, 20.59631589241643113 ) ) ;
#3174 = DIRECTION ( 'NONE',  ( -1.000000000000000000, 0.000000000000000000, 0.000000000000000000 ) ) ;
#3175 = CARTESIAN_POINT ( 'NONE',  ( 47.73680968287794713, 70.50199890136700276, 8.049081911609548001 ) ) ;
#3176 = VECTOR ( 'NONE', #3024, 1000.000000000000000 ) ;
#3177 = LINE ( 'NONE', #3473, #3700 ) ;
#3178 = ORIENTED_EDGE ( 'NONE', *, *, #625, .T. ) ;
#3179 = CARTESIAN_POINT ( 'NONE',  ( 51.64126030411266299, 70.54898481651126474, 7.871455909653644945 ) ) ;
#3180 = FACE_OUTER_BOUND ( 'NONE', #2255, .T. ) ;
#3181 = FACE_OUTER_BOUND ( 'NONE', #2831, .T. ) ;
#3182 = VECTOR ( 'NONE', #935, 1000.000000000000000 ) ;
#3183 = ORIENTED_EDGE ( 'NONE', *, *, #2798, .F. ) ;
#3184 = ORIENTED_EDGE ( 'NONE', *, *, #3457, .T. ) ;
#3185 = ORIENTED_EDGE ( 'NONE', *, *, #4002, .F. ) ;
#3186 = EDGE_CURVE ( 'NONE', #2008, #3787, #102, .T. ) ;
#3187 = LINE ( 'NONE', #3161, #1383 ) ;
#3188 = CARTESIAN_POINT ( 'NONE',  ( 59.66500089984057098, 63.32120715299807756, 19.03035954015946274 ) ) ;
#3189 = EDGE_CURVE ( 'NONE', #2273, #2544, #2775, .T. ) ;
#3190 = CARTESIAN_POINT ( 'NONE',  ( 16.82937165317581218, 59.60199890136700418, -5.219999790191999445 ) ) ;
#3191 = FACE_OUTER_BOUND ( 'NONE', #1685, .T. ) ;
#3192 = DIRECTION ( 'NONE',  ( -0.000000000000000000, -0.000000000000000000, -1.000000000000000000 ) ) ;
#3193 = DIRECTION ( 'NONE',  ( 0.000000000000000000, 0.000000000000000000, 1.000000000000000000 ) ) ;
#3194 = ORIENTED_EDGE ( 'NONE', *, *, #1248, .F. ) ;
#3195 = DIRECTION ( 'NONE',  ( -0.000000000000000000, 0.000000000000000000, -1.000000000000000000 ) ) ;
#3196 = CARTESIAN_POINT ( 'NONE',  ( 52.57294160520750381, 71.36881797718518783, 19.83919832127169514 ) ) ;
#3197 = CARTESIAN_POINT ( 'NONE',  ( 58.60108996677619331, 59.75855266685351097, 10.85858562270114369 ) ) ;
#3198 = CARTESIAN_POINT ( 'NONE',  ( 51.16500091023044661, 70.50199890136700276, 20.74685507151181696 ) ) ;
#3199 = CARTESIAN_POINT ( 'NONE',  ( 48.15310775144604349, 71.13700295802037488, 19.08758082557032054 ) ) ;
#3200 = ORIENTED_EDGE ( 'NONE', *, *, #3072, .T. ) ;
#3201 = CARTESIAN_POINT ( 'NONE',  ( 52.57294160520751092, 71.36881797718518783, 8.169527359093093466 ) ) ;
#3202 = CARTESIAN_POINT ( 'NONE',  ( 5.000000000000000000, 4.000000000000000000, 25.66000020980800045 ) ) ;
#3203 = CARTESIAN_POINT ( 'NONE',  ( 57.21945482503247860, 2.998746388446385858, 16.00178364519954144 ) ) ;
#3204 = ORIENTED_EDGE ( 'NONE', *, *, #4454, .T. ) ;
#3205 = ORIENTED_EDGE ( 'NONE', *, *, #2627, .F. ) ;
#3206 = CARTESIAN_POINT ( 'NONE',  ( 57.80168104213803559, 65.95019270864329997, 7.874341859432025359 ) ) ;
#3207 = CARTESIAN_POINT ( 'NONE',  ( 58.00871069967667637, 66.03041627013261916, 19.91247890243890950 ) ) ;
#3208 = ADVANCED_FACE ( 'NONE', ( #4239 ), #866, .F. ) ;
#3209 = CARTESIAN_POINT ( 'NONE',  ( -0.5010546050627802117, 20.20700443249032219, -0.7709996074473568495 ) ) ;
#3210 = CARTESIAN_POINT ( 'NONE',  ( 50.66500089984057098, 73.00199890136700276, 4.558666876474661400 ) ) ;
#3211 = CARTESIAN_POINT ( 'NONE',  ( 35.24955394561818167, 64.50199890136700276, 24.06000020980799903 ) ) ;
#3212 = CARTESIAN_POINT ( 'NONE',  ( 58.16641050013330272, 63.07442225409319292, 8.015452701657178380 ) ) ;
#3213 = EDGE_CURVE ( 'NONE', #2404, #3856, #4717, .T. ) ;
#3214 = EDGE_CURVE ( 'NONE', #2521, #3436, #1742, .T. ) ;
#3215 = ORIENTED_EDGE ( 'NONE', *, *, #3680, .F. ) ;
#3216 = DIRECTION ( 'NONE',  ( -0.000000000000000000, 1.000000000000000000, -0.000000000000000000 ) ) ;
#3217 = CARTESIAN_POINT ( 'NONE',  ( 42.42937165317579939, 9.999999999999987566, -4.219999790191999445 ) ) ;
#3218 = CARTESIAN_POINT ( 'NONE',  ( 2.497552603054528753, 10.69817644719218919, 24.06000020980799903 ) ) ;
#3219 = CARTESIAN_POINT ( 'NONE',  ( 49.98412649779492511, 70.50199890136700276, 7.393305328756045292 ) ) ;
#3220 = EDGE_CURVE ( 'NONE', #2557, #224, #1354, .T. ) ;
#3221 = CIRCLE ( 'NONE', #4491, 3.400000000000003908 ) ;
#3222 = CARTESIAN_POINT ( 'NONE',  ( 43.65802856255986342, 70.78717962746021897, 12.40487094884870700 ) ) ;
#3223 = EDGE_LOOP ( 'NONE', ( #4847, #669, #3007, #2145 ) ) ;
#3224 = DIRECTION ( 'NONE',  ( 0.9999999921568193395, -0.0001252452049413511459, -0.000000000000000000 ) ) ;
#3225 = CARTESIAN_POINT ( 'NONE',  ( 57.98895608310751726, 4.969945900955376139, 15.86416968457578314 ) ) ;
#3226 = EDGE_CURVE ( 'NONE', #1390, #145, #515, .T. ) ;
#3227 = CIRCLE ( 'NONE', #569, 3.000000000000002665 ) ;
#3228 = ORIENTED_EDGE ( 'NONE', *, *, #3314, .T. ) ;
#3229 = EDGE_LOOP ( 'NONE', ( #2173, #4151 ) ) ;
#3230 = CARTESIAN_POINT ( 'NONE',  ( 52.65874330635161726, -3.000000000000000000, 25.66000020980800045 ) ) ;
#3231 = LINE ( 'NONE', #2840, #3172 ) ;
#3232 = CARTESIAN_POINT ( 'NONE',  ( 58.16512233422208311, 63.97154912783893366, 20.49199543342499652 ) ) ;
#3233 = CARTESIAN_POINT ( 'NONE',  ( 13.82937165317581218, 29.00199890019687743, -5.219999790191999445 ) ) ;
#3234 = CARTESIAN_POINT ( 'NONE',  ( 59.66500089984057098, 63.00174841041823726, 25.66000020980800045 ) ) ;
#3235 = CARTESIAN_POINT ( 'NONE',  ( 59.65874318532883080, 3.998487690229552527, 16.13758113637682357 ) ) ;
#3236 = DIRECTION ( 'NONE',  ( 0.000000000000000000, 0.000000000000000000, 1.000000000000000000 ) ) ;
#3237 = EDGE_LOOP ( 'NONE', ( #3178, #2516, #703, #709, #4457, #813, #1724, #4181, #3573 ) ) ;
#3238 = AXIS2_PLACEMENT_3D ( 'NONE', #2900, #700, #4411 ) ;
#3239 = EDGE_CURVE ( 'NONE', #1995, #4143, #4009, .T. ) ;
#3240 = LINE ( 'NONE', #4747, #2931 ) ;
#3241 = CARTESIAN_POINT ( 'NONE',  ( 51.52137378929630529, 71.24832232398090071, 19.79932543241502430 ) ) ;
#3242 = DIRECTION ( 'NONE',  ( 0.000000000000000000, 0.000000000000000000, -1.000000000000000000 ) ) ;
#3243 = CARTESIAN_POINT ( 'NONE',  ( 43.04941782342812218, 70.50199890136698855, 11.60213316902668090 ) ) ;
#3244 = AXIS2_PLACEMENT_3D ( 'NONE', #3967, #603, #156 ) ;
#3245 = CARTESIAN_POINT ( 'NONE',  ( 48.13580500419089248, 71.13565472165416281, 19.08160789695610049 ) ) ;
#3246 = EDGE_LOOP ( 'NONE', ( #2734, #3041, #4256, #2582, #4630, #1344 ) ) ;
#3247 = AXIS2_PLACEMENT_3D ( 'NONE', #621, #2846, #3193 ) ;
#3248 = EDGE_CURVE ( 'NONE', #3787, #385, #2322, .T. ) ;
#3249 = CARTESIAN_POINT ( 'NONE',  ( 45.82937165317581218, 54.60199890136700418, -4.219999790191999445 ) ) ;
#3250 = VECTOR ( 'NONE', #3776, 1000.000000000000000 ) ;
#3251 = CARTESIAN_POINT ( 'NONE',  ( 56.16339036830934361, 50.14307390905558748, 6.562614706595136127 ) ) ;
#3252 = CARTESIAN_POINT ( 'NONE',  ( 40.82937165317581929, 59.60199890136700418, -4.219999790191999445 ) ) ;
#3253 = AXIS2_PLACEMENT_3D ( 'NONE', #3988, #3192, #990 ) ;
#3254 = ORIENTED_EDGE ( 'NONE', *, *, #3374, .T. ) ;
#3255 = VERTEX_POINT ( 'NONE', #3610 ) ;
#3256 = AXIS2_PLACEMENT_3D ( 'NONE', #4401, #1027, #1784 ) ;
#3257 = CARTESIAN_POINT ( 'NONE',  ( 58.33495058318065674, 66.21458372205536591, 8.169282364849568268 ) ) ;
#3258 = CARTESIAN_POINT ( 'NONE',  ( 52.65874330635161726, 4.000000000000003553, 25.66000020980800045 ) ) ;
#3259 = CARTESIAN_POINT ( 'NONE',  ( 6.500000000000000888, 70.50199890136700276, 9.641760519677081476 ) ) ;
#3260 = DIRECTION ( 'NONE',  ( -0.000000000000000000, -0.000000000000000000, -1.000000000000000000 ) ) ;
#3261 = CARTESIAN_POINT ( 'NONE',  ( 57.86026909586936995, 4.476176979572230152, 17.02576299014774364 ) ) ;
#3262 = VERTEX_POINT ( 'NONE', #4404 ) ;
#3263 = CARTESIAN_POINT ( 'NONE',  ( 58.16500091023045371, 63.19309667719919332, 7.740437241156598702 ) ) ;
#3264 = CARTESIAN_POINT ( 'NONE',  ( -0.5029999997788460186, 7.024939767562881521, -4.219999790191996780 ) ) ;
#3265 = DIRECTION ( 'NONE',  ( 1.000000000000000000, 0.000000000000000000, 0.000000000000000000 ) ) ;
#3266 = PLANE ( 'NONE',  #3238 ) ;
#3267 = EDGE_CURVE ( 'NONE', #4074, #2417, #3631, .T. ) ;
#3268 = CARTESIAN_POINT ( 'NONE',  ( 45.54647322020383626, 70.93409345870733773, 10.23960441540693722 ) ) ;
#3269 = ORIENTED_EDGE ( 'NONE', *, *, #4745, .T. ) ;
#3270 = CARTESIAN_POINT ( 'NONE',  ( 0.2570000000000002838, 11.75999999999999979, 29.00974767811383614 ) ) ;
#3271 = DIRECTION ( 'NONE',  ( -0.000000000000000000, -0.000000000000000000, -1.000000000000000000 ) ) ;
#3272 = DIRECTION ( 'NONE',  ( 0.9999999921568193395, -0.0001252452049413511459, 0.000000000000000000 ) ) ;
#3273 = EDGE_CURVE ( 'NONE', #388, #1913, #3966, .T. ) ;
#3274 = ORIENTED_EDGE ( 'NONE', *, *, #4226, .T. ) ;
#3275 = ORIENTED_EDGE ( 'NONE', *, *, #2130, .F. ) ;
#3276 = DIRECTION ( 'NONE',  ( -0.000000000000000000, 0.000000000000000000, -1.000000000000000000 ) ) ;
#3277 = CARTESIAN_POINT ( 'NONE',  ( 58.33495057347921176, 66.21458374394754287, 19.83944331543941431 ) ) ;
#3278 = B_SPLINE_CURVE_WITH_KNOTS ( 'NONE', 3,
 ( #2629, #3760, #4136, #2548, #790, #339 ),
 .UNSPECIFIED., .F., .F.,
 ( 4, 2, 4 ),
 ( 0.000000000000000000, 0.001495112091587683448, 0.002990224183175366895 ),
 .UNSPECIFIED. ) ;
#3279 = CARTESIAN_POINT ( 'NONE',  ( 58.16512224997683234, 63.97087648532423287, 20.49471261507291331 ) ) ;
#3280 = UNCERTAINTY_MEASURE_WITH_UNIT (LENGTH_MEASURE( 1.000000000000000082E-05 ), #3678, 'distance_accuracy_value', 'NONE');
#3281 = CARTESIAN_POINT ( 'NONE',  ( -0.5005768726879817887, 29.17316163251585692, -0.7709996074473568495 ) ) ;
#3282 = DIRECTION ( 'NONE',  ( -0.7433024782647695838, -0.6689554737091638614, 1.300023451391010498E-18 ) ) ;
#3283 = CARTESIAN_POINT ( 'NONE',  ( 40.82937165317581929, 59.60199890136700418, -5.219999790191999445 ) ) ;
#3284 = ORIENTED_EDGE ( 'NONE', *, *, #3704, .F. ) ;
#3285 = ORIENTED_EDGE ( 'NONE', *, *, #158, .T. ) ;
#3286 = CARTESIAN_POINT ( 'NONE',  ( 58.79185409707586984, 63.76578386101679286, 8.545623577703924667 ) ) ;
#3287 = CARTESIAN_POINT ( 'NONE',  ( 52.49085521681197264, 71.21832182414958368, 19.83997612995717574 ) ) ;
#3288 = LINE ( 'NONE', #751, #1532 ) ;
#3289 = CARTESIAN_POINT ( 'NONE',  ( 58.62483199136508460, 66.39179478359432096, 19.83954528252819571 ) ) ;
#3290 = CARTESIAN_POINT ( 'NONE',  ( 42.42937165317579939, 13.39999999999999503, -4.219999790191999445 ) ) ;
#3291 = CARTESIAN_POINT ( 'NONE',  ( 43.54850588563979841, 70.77872511097471886, 12.65373991129644260 ) ) ;
#3292 = ORIENTED_EDGE ( 'NONE', *, *, #3214, .T. ) ;
#3293 = DIRECTION ( 'NONE',  ( -1.000000000000000000, 0.000000000000000000, 0.000000000000000000 ) ) ;
#3294 = EDGE_CURVE ( 'NONE', #1227, #393, #939, .T. ) ;
#3295 = CARTESIAN_POINT ( 'NONE',  ( 58.21127733254805037, 63.66268947351845497, 19.81451974244142278 ) ) ;
#3296 = CARTESIAN_POINT ( 'NONE',  ( 15.22937165317582497, 9.999999999999991118, -4.219999790191999445 ) ) ;
#3297 = CARTESIAN_POINT ( 'NONE',  ( 2.497101309878189568, 7.698176481136446370, 20.06000020980799903 ) ) ;
#3298 = ORIENTED_EDGE ( 'NONE', *, *, #3552, .T. ) ;
#3299 = EDGE_LOOP ( 'NONE', ( #202, #4228, #552, #879, #2346, #980, #4111, #1546 ) ) ;
#3300 = ADVANCED_FACE ( 'NONE', ( #2062 ), #4315, .T. ) ;
#3301 = CARTESIAN_POINT ( 'NONE',  ( 58.06095434066203609, 64.76862300652845761, 7.292936374904233077 ) ) ;
#3302 = CARTESIAN_POINT ( 'NONE',  ( 42.42937165317579939, 16.80000000000000071, -5.219999790191999445 ) ) ;
#3303 = VECTOR ( 'NONE', #2342, 1000.000000000000000 ) ;
#3304 = CIRCLE ( 'NONE', #3942, 7.000000000000000888 ) ;
#3305 = CARTESIAN_POINT ( 'NONE',  ( 58.16512216573158156, 63.97020384280953209, 20.49742979672083365 ) ) ;
#3306 = EDGE_CURVE ( 'NONE', #2847, #4508, #4597, .T. ) ;
#3307 = FACE_OUTER_BOUND ( 'NONE', #3157, .T. ) ;
#3308 = DIRECTION ( 'NONE',  ( 0.000000000000000000, 0.000000000000000000, -1.000000000000000000 ) ) ;
#3309 = CARTESIAN_POINT ( 'NONE',  ( 58.37522648663658487, 63.77909820268161667, 19.62371753780984918 ) ) ;
#3310 = ORIENTED_EDGE ( 'NONE', *, *, #4098, .T. ) ;
#3311 = ORIENTED_EDGE ( 'NONE', *, *, #2234, .F. ) ;
#3312 = AXIS2_PLACEMENT_3D ( 'NONE', #143, #2765, #2400 ) ;
#3313 = CARTESIAN_POINT ( 'NONE',  ( 58.16500091023044661, 63.46797665378410613, 7.936914228345351319 ) ) ;
#3314 = EDGE_CURVE ( 'NONE', #385, #3482, #1767, .T. ) ;
#3315 = DIRECTION ( 'NONE',  ( 0.000000000000000000, 0.000000000000000000, -1.000000000000000000 ) ) ;
#3316 = DIRECTION ( 'NONE',  ( -0.000000000000000000, -0.000000000000000000, 1.000000000000000000 ) ) ;
#3317 = CARTESIAN_POINT ( 'NONE',  ( 58.16500091023044661, 63.33535226510536376, 7.699636003896633163 ) ) ;
#3318 = CARTESIAN_POINT ( 'NONE',  ( 51.27283298043521143, 71.23574346069116814, 8.230687163863370515 ) ) ;
#3319 = VECTOR ( 'NONE', #783, 1000.000000000000000 ) ;
#3320 = FACE_OUTER_BOUND ( 'NONE', #2567, .T. ) ;
#3321 = EDGE_LOOP ( 'NONE', ( #52, #1822, #932, #1016 ) ) ;
#3322 = DIRECTION ( 'NONE',  ( 0.000000000000000000, -0.000000000000000000, -1.000000000000000000 ) ) ;
#3323 = VECTOR ( 'NONE', #4850, 1000.000000000000000 ) ;
#3324 = DIRECTION ( 'NONE',  ( 0.000000000000000000, -1.000000000000000000, 0.000000000000000000 ) ) ;
#3325 = DIRECTION ( 'NONE',  ( -0.7433024782647695838, -0.6689554737091638614, 1.300023451391010498E-18 ) ) ;
#3326 = AXIS2_PLACEMENT_3D ( 'NONE', #1462, #4089, #2292 ) ;
#3327 = VECTOR ( 'NONE', #2995, 1000.000000000000114 ) ;
#3328 = ORIENTED_EDGE ( 'NONE', *, *, #4376, .T. ) ;
#3329 = EDGE_LOOP ( 'NONE', ( #781, #4834, #1932, #4398 ) ) ;
#3330 = PLANE ( 'NONE',  #2791 ) ;
#3331 = EDGE_CURVE ( 'NONE', #1734, #1278, #3569, .T. ) ;
#3332 = CARTESIAN_POINT ( 'NONE',  ( 58.16498579635885591, 62.88138473999911326, 20.19437816268068175 ) ) ;
#3333 = AXIS2_PLACEMENT_3D ( 'NONE', #4003, #3926, #2103 ) ;
#3334 = DIRECTION ( 'NONE',  ( 0.000000000000000000, 0.000000000000000000, 1.000000000000000000 ) ) ;
#3335 = CARTESIAN_POINT ( 'NONE',  ( 3.624226582401392172, 69.88410704955012420, 13.63118797650933800 ) ) ;
#3336 = DIRECTION ( 'NONE',  ( 1.275531967630006478E-16, 1.000000000000000000, -0.000000000000000000 ) ) ;
#3337 = CARTESIAN_POINT ( 'NONE',  ( 58.21127733254805037, 63.66268947351845497, 19.81451974244142278 ) ) ;
#3338 = CIRCLE ( 'NONE', #1144, 1.000000000000004219 ) ;
#3339 = EDGE_LOOP ( 'NONE', ( #874, #1437, #3566, #441 ) ) ;
#3340 = EDGE_CURVE ( 'NONE', #4074, #2404, #2472, .T. ) ;
#3341 = ORIENTED_EDGE ( 'NONE', *, *, #1988, .F. ) ;
#3342 = DIRECTION ( 'NONE',  ( -1.000000000000000000, 0.000000000000000000, 0.000000000000000000 ) ) ;
#3343 = LINE ( 'NONE', #424, #2394 ) ;
#3344 = CYLINDRICAL_SURFACE ( 'NONE', #1686, 1.749999999999999778 ) ;
#3345 = CARTESIAN_POINT ( 'NONE',  ( 4.999999999999997335, 73.00199890136700276, 25.66000020980800045 ) ) ;
#3346 = CARTESIAN_POINT ( 'NONE',  ( 59.65872923600639410, 3.866961155145272500, 15.13747957635702335 ) ) ;
#3347 = CARTESIAN_POINT ( 'NONE',  ( -2.000000000000000000, 20.20700443249032219, -0.7709996074473541849 ) ) ;
#3348 = VERTEX_POINT ( 'NONE', #1676 ) ;
#3349 = LINE ( 'NONE', #1515, #4825 ) ;
#3350 = CARTESIAN_POINT ( 'NONE',  ( 58.37482118242601103, 63.72279771084218680, 8.399096770530732670 ) ) ;
#3351 = DIRECTION ( 'NONE',  ( -0.0001252452049432801042, -0.9999999921568192285, 0.000000000000000000 ) ) ;
#3352 = VERTEX_POINT ( 'NONE', #3211 ) ;
#3353 = ORIENTED_EDGE ( 'NONE', *, *, #428, .F. ) ;
#3354 = CARTESIAN_POINT ( 'NONE',  ( 42.83261806332774313, 70.50199890136703118, 12.41044101752951079 ) ) ;
#3355 = CARTESIAN_POINT ( 'NONE',  ( 16.82937165317581218, 59.60199890136700418, -4.219999790191999445 ) ) ;
#3356 = CARTESIAN_POINT ( 'NONE',  ( 52.84624293277303764, 70.38728045219129115, 7.870330163020848424 ) ) ;
#3357 = CARTESIAN_POINT ( 'NONE',  ( 58.19667173316735642, 61.29874006251451846, 8.993779910605757877 ) ) ;
#3358 = FACE_OUTER_BOUND ( 'NONE', #1147, .T. ) ;
#3359 = CARTESIAN_POINT ( 'NONE',  ( 51.26875922533945840, 70.50152781113062872, 7.248899407038241094 ) ) ;
#3360 = DIRECTION ( 'NONE',  ( -1.000000000000000000, 1.275531967630006478E-16, 0.000000000000000000 ) ) ;
#3361 = EDGE_CURVE ( 'NONE', #1278, #2936, #3417, .T. ) ;
#3362 = CARTESIAN_POINT ( 'NONE',  ( 58.59854062216513171, 65.13599234902500257, 19.77428984064421869 ) ) ;
#3363 = ORIENTED_EDGE ( 'NONE', *, *, #3660, .T. ) ;
#3364 = ORIENTED_EDGE ( 'NONE', *, *, #461, .T. ) ;
#3365 = CARTESIAN_POINT ( 'NONE',  ( 51.19526403329625452, 73.00199890136700276, 8.592115004186940297 ) ) ;
#3366 = CARTESIAN_POINT ( 'NONE',  ( 16.82937165317581218, 54.60199890136701129, -4.219999790191999445 ) ) ;
#3367 = EDGE_CURVE ( 'NONE', #2090, #1995, #1701, .T. ) ;
#3368 = DIRECTION ( 'NONE',  ( 0.000000000000000000, -1.000000000000000000, -0.000000000000000000 ) ) ;
#3369 = DIRECTION ( 'NONE',  ( -0.0001252452049413511459, -0.9999999921568193395, 0.000000000000000000 ) ) ;
#3370 = CARTESIAN_POINT ( 'NONE',  ( 48.02964070417726106, 71.12739053200715489, 19.18435040796058999 ) ) ;
#3371 = LINE ( 'NONE', #1924, #2363 ) ;
#3372 = ORIENTED_EDGE ( 'NONE', *, *, #1718, .T. ) ;
#3373 = DIRECTION ( 'NONE',  ( 0.9999999921568193395, -0.0001252452049413511459, -0.000000000000000000 ) ) ;
#3374 = EDGE_CURVE ( 'NONE', #3117, #4469, #2821, .T. ) ;
#3375 = DIRECTION ( 'NONE',  ( 0.000000000000000000, 0.000000000000000000, -1.000000000000000000 ) ) ;
#3376 = ORIENTED_EDGE ( 'NONE', *, *, #4110, .F. ) ;
#3377 = ORIENTED_EDGE ( 'NONE', *, *, #795, .F. ) ;
#3378 = CARTESIAN_POINT ( 'NONE',  ( 43.66516282659601700, 70.50199890136703118, 17.11703590913892370 ) ) ;
#3379 = EDGE_CURVE ( 'NONE', #3879, #3117, #1014, .T. ) ;
#3380 = DIRECTION ( 'NONE',  ( -1.000000000000000000, 0.000000000000000000, 0.000000000000000000 ) ) ;
#3381 = CARTESIAN_POINT ( 'NONE',  ( 52.34160847584366394, 70.70928654863790541, 8.093370702801516714 ) ) ;
#3382 = CARTESIAN_POINT ( 'NONE',  ( 31.50521378514581272, 64.50199890136700276, 24.06000020980799903 ) ) ;
#3383 = ORIENTED_EDGE ( 'NONE', *, *, #3361, .F. ) ;
#3384 = CARTESIAN_POINT ( 'NONE',  ( 58.21464955242152683, 64.11367194460137853, 8.090869332358845867 ) ) ;
#3385 = VECTOR ( 'NONE', #4515, 1000.000000000000000 ) ;
#3386 = CARTESIAN_POINT ( 'NONE',  ( -0.5000000000000000000, 62.83952006898649500, -97.32438719255948456 ) ) ;
#3387 = CARTESIAN_POINT ( 'NONE',  ( 58.11202382577094028, 64.41218288499393907, 20.47938630444890862 ) ) ;
#3388 = EDGE_LOOP ( 'NONE', ( #3013, #1325, #2646, #3625 ) ) ;
#3389 = VECTOR ( 'NONE', #3867, 1000.000000000000000 ) ;
#3390 = VERTEX_POINT ( 'NONE', #961 ) ;
#3391 = DIRECTION ( 'NONE',  ( 0.000000000000000000, -0.000000000000000000, -1.000000000000000000 ) ) ;
#3392 = LINE ( 'NONE', #4146, #2549 ) ;
#3393 = PRESENTATION_STYLE_ASSIGNMENT (( #4538 ) ) ;
#3394 = CARTESIAN_POINT ( 'NONE',  ( 58.87430654307873112, 63.20512683662803255, 8.722050380711527495 ) ) ;
#3395 = EDGE_CURVE ( 'NONE', #2986, #895, #2453, .T. ) ;
#3396 = ORIENTED_EDGE ( 'NONE', *, *, #1424, .F. ) ;
#3397 = CYLINDRICAL_SURFACE ( 'NONE', #1190, 1.849999999999999423 ) ;
#3398 = VERTEX_POINT ( 'NONE', #3709 ) ;
#3399 = CARTESIAN_POINT ( 'NONE',  ( 13.82937165317581218, 29.00199890019687743, -4.219999790191999445 ) ) ;
#3400 = CARTESIAN_POINT ( 'NONE',  ( 59.66391019973956134, 52.71766429187547942, 10.98761470659512973 ) ) ;
#3401 = DIRECTION ( 'NONE',  ( 1.000000000000000000, 0.000000000000000000, 0.000000000000000000 ) ) ;
#3402 = VECTOR ( 'NONE', #3137, 1000.000000000000000 ) ;
#3403 = ADVANCED_FACE ( 'NONE', ( #1054 ), #4814, .F. ) ;
#3404 = ORIENTED_EDGE ( 'NONE', *, *, #3613, .F. ) ;
#3405 = ORIENTED_EDGE ( 'NONE', *, *, #4705, .F. ) ;
#3406 = CARTESIAN_POINT ( 'NONE',  ( 58.16470712674542654, 60.65639248297352282, 8.968442764669868339 ) ) ;
#3407 = CIRCLE ( 'NONE', #3807, 2.000000001170142205 ) ;
#3408 = CARTESIAN_POINT ( 'NONE',  ( 58.13265706926948440, 64.24533083001216482, 7.719316730966408358 ) ) ;
#3409 = CARTESIAN_POINT ( 'NONE',  ( 56.10136912071445181, 69.43822152431943096, 8.169222890541700366 ) ) ;
#3410 = VECTOR ( 'NONE', #2851, 1000.000000000000000 ) ;
#3411 = ORIENTED_EDGE ( 'NONE', *, *, #905, .T. ) ;
#3412 = CARTESIAN_POINT ( 'NONE',  ( 58.40422044878754804, 57.89738533743665272, 14.00436284018217670 ) ) ;
#3413 = VECTOR ( 'NONE', #4474, 1000.000000000000000 ) ;
#3414 = VECTOR ( 'NONE', #2436, 1000.000000000000000 ) ;
#3415 = DIRECTION ( 'NONE',  ( -1.000000000000000000, -0.000000000000000000, -0.000000000000000000 ) ) ;
#3416 = CARTESIAN_POINT ( 'NONE',  ( 58.50217258676231324, 65.63124256444439197, 19.82441010804420856 ) ) ;
#3417 = CIRCLE ( 'NONE', #124, 1.000000000000001332 ) ;
#3418 = CARTESIAN_POINT ( 'NONE',  ( 45.82937165317581218, 54.60199890136700418, -5.219999790191999445 ) ) ;
#3419 = CARTESIAN_POINT ( 'NONE',  ( 58.20716747843939487, 62.99125624570593374, 19.62150055177923136 ) ) ;
#3420 = VECTOR ( 'NONE', #2426, 1000.000000000000000 ) ;
#3421 = CARTESIAN_POINT ( 'NONE',  ( -0.5029999997788460186, 7.024939767562881521, 25.66000020980800045 ) ) ;
#3422 = ORIENTED_EDGE ( 'NONE', *, *, #4408, .F. ) ;
#3423 = CARTESIAN_POINT ( 'NONE',  ( 58.88303959199936344, 63.31529457091278346, 19.29588584904975335 ) ) ;
#3424 = VERTEX_POINT ( 'NONE', #4426 ) ;
#3425 = CYLINDRICAL_SURFACE ( 'NONE', #2859, 5.700000000000005507 ) ;
#3426 = DIRECTION ( 'NONE',  ( 1.000000000000000000, 0.000000000000000000, 0.000000000000000000 ) ) ;
#3427 = ADVANCED_FACE ( 'NONE', ( #773 ), #395, .F. ) ;
#3428 = CARTESIAN_POINT ( 'NONE',  ( 58.50544390408855122, 58.53405548225035915, 15.08481878244477770 ) ) ;
#3429 = ORIENTED_EDGE ( 'NONE', *, *, #3791, .F. ) ;
#3430 = ORIENTED_EDGE ( 'NONE', *, *, #2227, .F. ) ;
#3431 = CARTESIAN_POINT ( 'NONE',  ( 42.62421392426819722, 70.50199890136700276, 14.81317865285105562 ) ) ;
#3432 = CARTESIAN_POINT ( 'NONE',  ( 58.91359362691987656, 65.09679179281241090, 8.274830643448320089 ) ) ;
#3433 = EDGE_CURVE ( 'NONE', #1026, #2778, #4792, .T. ) ;
#3434 = CARTESIAN_POINT ( 'NONE',  ( 57.47941163216080440, 66.58026567176533206, 7.169180397836580454 ) ) ;
#3435 = B_SPLINE_CURVE_WITH_KNOTS ( 'NONE', 3,
 ( #2568, #2193, #2517, #3695, #4019, #653, #2139, #1823, #2591, #3622, #1753, #1131, #787, #1178, #809, #4131, #69, #2624, #1572, #4523, #2653, #3406, #3063, #4567, #4498 ),
 .UNSPECIFIED., .F., .F.,
 ( 4, 2, 2, 2, 2, 2, 2, 2, 2, 1, 2, 2, 4 ),
 ( 0.000000000000000000, 0.06249999999999979183, 0.1249999999999995837, 0.1874999999999993894, 0.2499999999999991673, 0.3749999999999987788, 0.4999999999999980016, 0.6249999999999972244, 0.7499999999999965583, 0.8124999999999966693, 0.8437499999999971134, 0.8749999999999975575, 1.000000000000000000 ),
 .UNSPECIFIED. ) ;
#3436 = VERTEX_POINT ( 'NONE', #3657 ) ;
#3437 = CARTESIAN_POINT ( 'NONE',  ( 58.26739023690897312, 58.99725396891425788, 17.11067668443180878 ) ) ;
#3438 = CARTESIAN_POINT ( 'NONE',  ( 43.19239468060422382, 73.00199890136700276, 11.22004989626040228 ) ) ;
#3439 = CARTESIAN_POINT ( 'NONE',  ( 57.70327097885007106, 66.00238647880726717, 7.336159783123561873 ) ) ;
#3440 = CARTESIAN_POINT ( 'NONE',  ( 58.93403084411485793, 63.98249856873312780, 19.48780125490067050 ) ) ;
#3441 = CYLINDRICAL_SURFACE ( 'NONE', #439, 7.000000000000000000 ) ;
#3442 = CARTESIAN_POINT ( 'NONE',  ( 58.89694148902621151, 63.49094793925705460, 19.35186438588471702 ) ) ;
#3443 = CARTESIAN_POINT ( 'NONE',  ( 58.67422882575211673, 63.29505852055160631, 19.35448605124395982 ) ) ;
#3444 = ORIENTED_EDGE ( 'NONE', *, *, #1486, .T. ) ;
#3445 = CARTESIAN_POINT ( 'NONE',  ( 58.16058485846271253, 27.74281106225903315, 24.06000020980799903 ) ) ;
#3446 = VERTEX_POINT ( 'NONE', #743 ) ;
#3447 = CARTESIAN_POINT ( 'NONE',  ( 52.24553326150975607, 70.72074017354343312, 19.91730085366072345 ) ) ;
#3448 = DIRECTION ( 'NONE',  ( 0.000000000000000000, -0.000000000000000000, 1.000000000000000000 ) ) ;
#3449 = CARTESIAN_POINT ( 'NONE',  ( 58.16500091023044661, 63.97651228522316558, 7.487366995697530392 ) ) ;
#3450 = VERTEX_POINT ( 'NONE', #2996 ) ;
#3451 = VERTEX_POINT ( 'NONE', #2553 ) ;
#3452 = EDGE_CURVE ( 'NONE', #1537, #3451, #1426, .T. ) ;
#3453 = CARTESIAN_POINT ( 'NONE',  ( 52.35764975398704735, 71.22986151963452528, 8.169767894524438745 ) ) ;
#3454 = CARTESIAN_POINT ( 'NONE',  ( 58.17885529737148431, 64.32485385209315609, 8.033384721542937257 ) ) ;
#3455 = DIRECTION ( 'NONE',  ( 0.000000000000000000, -0.000000000000000000, -1.000000000000000000 ) ) ;
#3456 = ORIENTED_EDGE ( 'NONE', *, *, #4494, .F. ) ;
#3457 = EDGE_CURVE ( 'NONE', #2810, #2697, #1082, .T. ) ;
#3458 = CARTESIAN_POINT ( 'NONE',  ( 42.42937165317579939, 9.999999999999987566, -4.219999790191999445 ) ) ;
#3459 = CARTESIAN_POINT ( 'NONE',  ( 56.58033000312614291, 67.99199735948982948, 20.67175490339158372 ) ) ;
#3460 = EDGE_CURVE ( 'NONE', #3446, #1889, #1813, .T. ) ;
#3461 = CIRCLE ( 'NONE', #3784, 5.700000000000005507 ) ;
#3462 = CARTESIAN_POINT ( 'NONE',  ( 9.239999999999998437, 71.60199890136701129, 16.14000020980800088 ) ) ;
#3463 = CARTESIAN_POINT ( 'NONE',  ( 53.01197755706541415, 72.77261931251999272, 25.66000020980800400 ) ) ;
#3464 = DIRECTION ( 'NONE',  ( 0.000000000000000000, 0.000000000000000000, -1.000000000000000000 ) ) ;
#3465 = CARTESIAN_POINT ( 'NONE',  ( 58.75341758044989149, 63.19308853361361855, 8.686911146265364536 ) ) ;
#3466 = ORIENTED_EDGE ( 'NONE', *, *, #1955, .F. ) ;
#3467 = EDGE_CURVE ( 'NONE', #2218, #1041, #2578, .T. ) ;
#3468 = PLANE ( 'NONE',  #958 ) ;
#3469 = VECTOR ( 'NONE', #4412, 1000.000000000000000 ) ;
#3470 = CARTESIAN_POINT ( 'NONE',  ( 52.09116199266368596, 70.51674028612764289, 20.14210047805660508 ) ) ;
#3471 = CARTESIAN_POINT ( 'NONE',  ( 57.66357613113579106, 49.56787642378290570, 17.13761470659513009 ) ) ;
#3472 = CARTESIAN_POINT ( 'NONE',  ( 6.497000000221151872, -0.4999999999916412419, 25.66000020980799334 ) ) ;
#3473 = CARTESIAN_POINT ( 'NONE',  ( 5.497778215698443383, 12.19772513704372052, 0.000000000000000000 ) ) ;
#3474 = ORIENTED_EDGE ( 'NONE', *, *, #1186, .F. ) ;
#3475 = CARTESIAN_POINT ( 'NONE',  ( 51.94980739128364178, 71.25029802715695837, 8.181999975233100741 ) ) ;
#3476 = CARTESIAN_POINT ( 'NONE',  ( 58.16126749722737799, 63.79226495217861270, 7.696928100376903892 ) ) ;
#3477 = LINE ( 'NONE', #1299, #3402 ) ;
#3478 = ORIENTED_EDGE ( 'NONE', *, *, #1979, .F. ) ;
#3479 = VECTOR ( 'NONE', #435, 1000.000000000000000 ) ;
#3480 = EDGE_LOOP ( 'NONE', ( #2816, #560, #3694, #3766 ) ) ;
#3481 = ORIENTED_EDGE ( 'NONE', *, *, #4699, .F. ) ;
#3482 = VERTEX_POINT ( 'NONE', #2204 ) ;
#3483 = FACE_OUTER_BOUND ( 'NONE', #4756, .T. ) ;
#3484 = CARTESIAN_POINT ( 'NONE',  ( 53.70403058473431912, 70.04283025898722315, 7.169180397836578678 ) ) ;
#3485 = VECTOR ( 'NONE', #128, 1000.000000000000000 ) ;
#3486 = CARTESIAN_POINT ( 'NONE',  ( 53.65448794531489796, 70.06225775441204462, 20.67503277892824443 ) ) ;
#3487 = EDGE_CURVE ( 'NONE', #1395, #1954, #2237, .T. ) ;
#3488 = VECTOR ( 'NONE', #3168, 1000.000000000000000 ) ;
#3489 = AXIS2_PLACEMENT_3D ( 'NONE', #2119, #974, #282 ) ;
#3490 = CARTESIAN_POINT ( 'NONE',  ( 36.72599999999999909, 67.89399999999999125, 20.06000020980799903 ) ) ;
#3491 = CARTESIAN_POINT ( 'NONE',  ( 58.62378865785466076, 63.05531866985040779, 19.28753711874976062 ) ) ;
#3492 = DIRECTION ( 'NONE',  ( -0.0001252452049432801042, -0.9999999921568192285, 0.000000000000000000 ) ) ;
#3493 = CARTESIAN_POINT ( 'NONE',  ( 56.16351561351428501, 51.14307390121241070, 21.56261470659513080 ) ) ;
#3494 = EDGE_CURVE ( 'NONE', #3675, #825, #3738, .T. ) ;
#3495 = VECTOR ( 'NONE', #345, 1000.000000000000000 ) ;
#3496 = VERTEX_POINT ( 'NONE', #374 ) ;
#3497 = AXIS2_PLACEMENT_3D ( 'NONE', #2, #2635, #2156 ) ;
#3498 = CARTESIAN_POINT ( 'NONE',  ( 51.27109618146565850, 71.08776282376058475, 19.79364277589506216 ) ) ;
#3499 = CARTESIAN_POINT ( 'NONE',  ( 58.16500091023044661, 70.50199890136700276, -97.32438719255948456 ) ) ;
#3500 = CARTESIAN_POINT ( 'NONE',  ( 57.95042697669075693, 65.27510553365560497, 7.208953722569212630 ) ) ;
#3501 = AXIS2_PLACEMENT_3D ( 'NONE', #2444, #1298, #3526 ) ;
#3502 = DIRECTION ( 'NONE',  ( 0.0001060570958313862474, 0.9999999943759462218, 0.000000000000000000 ) ) ;
#3503 = ORIENTED_EDGE ( 'NONE', *, *, #826, .F. ) ;
#3504 = CARTESIAN_POINT ( 'NONE',  ( 52.56539603781516945, 71.20948123046788680, 8.168961403041661740 ) ) ;
#3505 = CARTESIAN_POINT ( 'NONE',  ( 58.99311435587213026, 64.70611217441987151, 19.68582602887629207 ) ) ;
#3506 = DIRECTION ( 'NONE',  ( 1.000000000000000000, 0.000000000000000000, 0.000000000000000000 ) ) ;
#3507 = B_SPLINE_SURFACE_WITH_KNOTS ( 'NONE', 5, 3, ( 
 ( #2922, #4459, #4434, #1062, #1508, #3715 ),
 ( #3001, #2976, #353, #1846, #4849, #1484 ),
 ( #4483, #2610, #4114, #1143, #750, #2242 ),
 ( #523, #2016, #1606, #917, #3419, #1560 ),
 ( #4649, #498, #4578, #2360, #4626, #3144 ),
 ( #887, #3909, #3074, #819, #2410, #3491 ),
 ( #1240, #1991, #1944, #2709, #3819, #2683 ),
 ( #3864, #1212, #3442, #129, #544, #4188 ) ),
 .UNSPECIFIED., .F., .F., .F.,
 ( 6, 2, 6 ),
 ( 4, 1, 1, 4 ),
 ( 0.000000000000000000, 0.5000000000000000000, 1.000000000000000000 ),
 ( 5.088301355552221850, 5.127755221687714915, 5.157729407068729621, 5.178223911695264192 ),
 .UNSPECIFIED. ) ;
#3508 = ORIENTED_EDGE ( 'NONE', *, *, #3395, .T. ) ;
#3509 = ORIENTED_EDGE ( 'NONE', *, *, #1394, .F. ) ;
#3510 = DIRECTION ( 'NONE',  ( 0.000000000000000000, 1.000000000000000000, -0.000000000000000000 ) ) ;
#3511 = DIRECTION ( 'NONE',  ( -0.000000000000000000, -0.000000000000000000, -1.000000000000000000 ) ) ;
#3512 = CARTESIAN_POINT ( 'NONE',  ( 53.02917443477291926, 70.25791268554256419, 20.83954528252819216 ) ) ;
#3513 = ADVANCED_FACE ( 'NONE', ( #26 ), #4843, .F. ) ;
#3514 = CARTESIAN_POINT ( 'NONE',  ( 51.27283298043521143, 71.23574346069116814, 8.230687163863370515 ) ) ;
#3515 = CARTESIAN_POINT ( 'NONE',  ( 51.86147221709417465, 73.00199890136701697, 25.66000020980800045 ) ) ;
#3516 = CARTESIAN_POINT ( 'NONE',  ( 58.78127333522800768, 63.30553642402328762, 8.684568913756406161 ) ) ;
#3517 = LINE ( 'NONE', #821, #3005 ) ;
#3518 = ORIENTED_EDGE ( 'NONE', *, *, #3638, .T. ) ;
#3519 = ADVANCED_FACE ( 'NONE', ( #4108 ), #2181, .F. ) ;
#3520 = CARTESIAN_POINT ( 'NONE',  ( 52.33671252423319942, 70.40372971521961176, 20.67539548080697287 ) ) ;
#3521 = CARTESIAN_POINT ( 'NONE',  ( 58.60243807720821252, 59.77566554168502932, 10.84020117526290150 ) ) ;
#3522 = CARTESIAN_POINT ( 'NONE',  ( 43.11805144249204602, 70.50199890136698855, 11.63915826616950078 ) ) ;
#3523 = DIRECTION ( 'NONE',  ( 0.000000000000000000, -0.000000000000000000, -1.000000000000000000 ) ) ;
#3524 = ORIENTED_EDGE ( 'NONE', *, *, #1743, .F. ) ;
#3525 = CARTESIAN_POINT ( 'NONE',  ( 51.49462837368385237, 70.75237385485705488, 8.101304091044712052 ) ) ;
#3526 = DIRECTION ( 'NONE',  ( -1.000000000000000000, 0.000000000000000000, 0.000000000000000000 ) ) ;
#3527 = DIRECTION ( 'NONE',  ( -0.000000000000000000, 0.000000000000000000, 1.000000000000000000 ) ) ;
#3528 = VERTEX_POINT ( 'NONE', #4478 ) ;
#3529 = ORIENTED_EDGE ( 'NONE', *, *, #1431, .F. ) ;
#3530 = ORIENTED_EDGE ( 'NONE', *, *, #2595, .F. ) ;
#3531 = EDGE_CURVE ( 'NONE', #2413, #3919, #2556, .T. ) ;
#3532 = CARTESIAN_POINT ( 'NONE',  ( 5.495943174600141035, -0.0008267605601042036373, 0.000000000000000000 ) ) ;
#3533 = CARTESIAN_POINT ( 'NONE',  ( 57.48126026254376342, 66.53883636542937552, 7.169180397836581342 ) ) ;
#3534 = CARTESIAN_POINT ( 'NONE',  ( 57.70327097455854926, 66.00238648988555212, 20.67256589629170094 ) ) ;
#3535 = CARTESIAN_POINT ( 'NONE',  ( 2.497552603054528753, 10.69817644719218919, 0.000000000000000000 ) ) ;
#3536 = CARTESIAN_POINT ( 'NONE',  ( 34.97599999999999909, 67.89399999999999125, 24.06000020980799903 ) ) ;
#3537 = CARTESIAN_POINT ( 'NONE',  ( 9.239999999999998437, 88.82403351242031420, 20.34000020980800372 ) ) ;
#3538 = DIRECTION ( 'NONE',  ( -0.000000000000000000, -0.000000000000000000, -1.000000000000000000 ) ) ;
#3539 = VERTEX_POINT ( 'NONE', #665 ) ;
#3540 = CARTESIAN_POINT ( 'NONE',  ( 58.16331833663005568, 49.56782342257562846, 10.98761470659513684 ) ) ;
#3541 = CARTESIAN_POINT ( 'NONE',  ( 51.33643467983419839, 70.55932868357429300, 20.12173145100488370 ) ) ;
#3542 = DIRECTION ( 'NONE',  ( -0.000000000000000000, -0.000000000000000000, 1.000000000000000000 ) ) ;
#3543 = CARTESIAN_POINT ( 'NONE',  ( 50.01162445118549016, 70.50199890136700276, 7.531340502351287824 ) ) ;
#3544 = EDGE_CURVE ( 'NONE', #3262, #512, #668, .T. ) ;
#3545 = DIRECTION ( 'NONE',  ( 0.000000000000000000, -1.000000000000000000, 0.000000000000000000 ) ) ;
#3546 = EDGE_LOOP ( 'NONE', ( #2121, #4785, #612, #4324 ) ) ;
#3547 = CYLINDRICAL_SURFACE ( 'NONE', #2777, 5.835182442345811182 ) ;
#3548 = CARTESIAN_POINT ( 'NONE',  ( 52.38234499653977139, 70.39569955935601797, 7.498134038306448090 ) ) ;
#3549 = CARTESIAN_POINT ( 'NONE',  ( 50.66500089984057098, 73.00199890136700276, 4.558666876474661400 ) ) ;
#3550 = DIRECTION ( 'NONE',  ( 1.000000000000000000, 0.000000000000000000, 0.000000000000000000 ) ) ;
#3551 = VECTOR ( 'NONE', #4011, 999.9999999999998863 ) ;
#3552 = EDGE_CURVE ( 'NONE', #3348, #3675, #1068, .T. ) ;
#3553 = ORIENTED_EDGE ( 'NONE', *, *, #57, .T. ) ;
#3554 = ORIENTED_EDGE ( 'NONE', *, *, #2561, .T. ) ;
#3555 = ORIENTED_EDGE ( 'NONE', *, *, #4608, .F. ) ;
#3556 = VECTOR ( 'NONE', #488, 1000.000000000000000 ) ;
#3557 = DIRECTION ( 'NONE',  ( 0.0001504310587799637491, 0.9999999886852481978, 0.000000000000000000 ) ) ;
#3558 = CARTESIAN_POINT ( 'NONE',  ( 56.84463140402561976, 68.14001603564283016, 19.91169772363548418 ) ) ;
#3559 = AXIS2_PLACEMENT_3D ( 'NONE', #2222, #2571, #2172 ) ;
#3560 = CARTESIAN_POINT ( 'NONE',  ( 9.176050581058618150, 29.17316163251585692, -0.7709996074473568495 ) ) ;
#3561 = AXIS2_PLACEMENT_3D ( 'NONE', #2244, #3368, #2585 ) ;
#3562 = CARTESIAN_POINT ( 'NONE',  ( 59.66500089984057809, 73.00199890136700276, 15.88133354314134849 ) ) ;
#3563 = CARTESIAN_POINT ( 'NONE',  ( 36.72599999999999909, 67.89399999999999125, 29.00974767811383614 ) ) ;
#3564 = CARTESIAN_POINT ( 'NONE',  ( 11.82937165317581574, 54.60199890136700418, -4.219999790191999445 ) ) ;
#3565 = AXIS2_PLACEMENT_3D ( 'NONE', #521, #2015, #2664 ) ;
#3566 = ORIENTED_EDGE ( 'NONE', *, *, #1580, .F. ) ;
#3567 = CARTESIAN_POINT ( 'NONE',  ( 52.50940774630418417, 71.05465767978813574, 19.83917626326093142 ) ) ;
#3568 = CARTESIAN_POINT ( 'NONE',  ( 51.91612774043468903, 71.09447639348881864, 19.83278308740894147 ) ) ;
#3569 = CIRCLE ( 'NONE', #1148, 1.000000000000001332 ) ;
#3570 = CARTESIAN_POINT ( 'NONE',  ( 58.61429461393120732, 59.92458364347393740, 10.68537033459434937 ) ) ;
#3571 = CARTESIAN_POINT ( 'NONE',  ( 51.18176893980346165, 70.50199890136700276, 20.59620281551423560 ) ) ;
#3572 = VECTOR ( 'NONE', #641, 1000.000000000000000 ) ;
#3573 = ORIENTED_EDGE ( 'NONE', *, *, #3226, .T. ) ;
#3574 = VERTEX_POINT ( 'NONE', #291 ) ;
#3575 = CARTESIAN_POINT ( 'NONE',  ( 64.94689462810370628, 72.08150863447701795, 14.00436284018239164 ) ) ;
#3576 = EDGE_CURVE ( 'NONE', #4657, #2623, #1549, .T. ) ;
#3577 = FACE_BOUND ( 'NONE', #3858, .T. ) ;
#3578 = DIRECTION ( 'NONE',  ( -0.000000000000000000, 0.000000000000000000, -1.000000000000000000 ) ) ;
#3579 = CARTESIAN_POINT ( 'NONE',  ( 57.73721385618149782, 4.105738169705622553, 15.13524545150852596 ) ) ;
#3580 = CIRCLE ( 'NONE', #3970, 8.420000000000003482 ) ;
#3581 = ORIENTED_EDGE ( 'NONE', *, *, #940, .T. ) ;
#3582 = EDGE_LOOP ( 'NONE', ( #1569, #4329, #253, #2658, #447, #2606, #763, #693, #4418, #853, #1153, #2377, #3751 ) ) ;
#3583 = ADVANCED_FACE ( 'NONE', ( #861 ), #450, .F. ) ;
#3584 = CARTESIAN_POINT ( 'NONE',  ( 5.497101275933933273, 7.697725187960106297, 24.06000020980799903 ) ) ;
#3585 = CARTESIAN_POINT ( 'NONE',  ( 54.06674910966411574, 70.97723473864716937, 19.83954528252819927 ) ) ;
#3586 = CARTESIAN_POINT ( 'NONE',  ( 56.81022486485053236, 69.21017858110197096, 19.83954528252819571 ) ) ;
#3587 = CARTESIAN_POINT ( 'NONE',  ( 59.66500089984057098, 64.00199890136701697, 15.88133354314134849 ) ) ;
#3588 = DIRECTION ( 'NONE',  ( 1.000000000000000000, 0.000000000000000000, 0.000000000000000000 ) ) ;
#3589 = LINE ( 'NONE', #1033, #3094 ) ;
#3590 = DIRECTION ( 'NONE',  ( 0.9999999921568193395, -0.0001252452049413511459, -0.000000000000000000 ) ) ;
#3591 = ORIENTED_EDGE ( 'NONE', *, *, #2947, .F. ) ;
#3592 = LINE ( 'NONE', #1725, #1610 ) ;
#3593 = ADVANCED_FACE ( 'NONE', ( #3860 ), #4573, .F. ) ;
#3594 = PLANE ( 'NONE',  #3817 ) ;
#3595 = CARTESIAN_POINT ( 'NONE',  ( 58.69503208859294574, 60.91663679071082527, 9.859641302494694060 ) ) ;
#3596 = CARTESIAN_POINT ( 'NONE',  ( 43.47529869053375506, 70.57650624157467689, 11.83289135224774924 ) ) ;
#3597 = CARTESIAN_POINT ( 'NONE',  ( 43.97370453354823638, 70.81168813721775734, 16.16800543631474341 ) ) ;
#3598 = ORIENTED_EDGE ( 'NONE', *, *, #130, .F. ) ;
#3599 = CARTESIAN_POINT ( 'NONE',  ( 56.16364085871922640, 52.14307389336923393, 6.562614706595136127 ) ) ;
#3600 = CARTESIAN_POINT ( 'NONE',  ( 58.16351559782791014, 51.14282341080252792, 21.56261470659513080 ) ) ;
#3601 = CARTESIAN_POINT ( 'NONE',  ( -0.5010752253450554417, 19.81999969483235446, 25.66000020980800045 ) ) ;
#3602 = VERTEX_POINT ( 'NONE', #840 ) ;
#3603 = ORIENTED_EDGE ( 'NONE', *, *, #1447, .T. ) ;
#3604 = DIRECTION ( 'NONE',  ( -0.9999999886852481978, 0.0001504310587799664867, 0.000000000000000000 ) ) ;
#3605 = CARTESIAN_POINT ( 'NONE',  ( 54.89799486561921071, 70.24323269424573368, 19.83965231687287201 ) ) ;
#3606 = EDGE_CURVE ( 'NONE', #2824, #4075, #4184, .T. ) ;
#3607 = CARTESIAN_POINT ( 'NONE',  ( 58.16512216573158156, 63.97020384280946104, 7.511295883643968274 ) ) ;
#3608 = CARTESIAN_POINT ( 'NONE',  ( 50.66500089984056387, 73.00199890136698855, 19.24248600551585398 ) ) ;
#3609 = DIRECTION ( 'NONE',  ( -0.000000000000000000, 0.000000000000000000, -1.000000000000000000 ) ) ;
#3610 = CARTESIAN_POINT ( 'NONE',  ( -2.000000000000000000, 4.000000000000003553, -5.219999790191999445 ) ) ;
#3611 = DIRECTION ( 'NONE',  ( 0.000000000000000000, -0.000000000000000000, 1.000000000000000000 ) ) ;
#3612 = CARTESIAN_POINT ( 'NONE',  ( 59.65872922251292465, 3.866833926708193481, 17.13768279435111808 ) ) ;
#3613 = EDGE_CURVE ( 'NONE', #3424, #2240, #76, .T. ) ;
#3614 = VERTEX_POINT ( 'NONE', #472 ) ;
#3615 = CARTESIAN_POINT ( 'NONE',  ( 45.82937165317581929, 31.00199890136700631, -4.219999790191999445 ) ) ;
#3616 = DIRECTION ( 'NONE',  ( 1.000000000000000000, 0.000000000000000000, 0.000000000000000000 ) ) ;
#3617 = DIRECTION ( 'NONE',  ( -0.000000000000000000, -0.000000000000000000, -1.000000000000000000 ) ) ;
#3618 = CARTESIAN_POINT ( 'NONE',  ( 58.76583791488086206, 61.80719934630791101, 18.70434776665021914 ) ) ;
#3619 =( BOUNDED_SURFACE ( )  B_SPLINE_SURFACE ( 2, 3, ( 
 ( #640, #1766, #3210, #2799 ),
 ( #2409, #3562, #2127, #2843 ),
 ( #543, #3587, #2038, #3987 ) ),
 .UNSPECIFIED., .F., .F., .F. ) 
 B_SPLINE_SURFACE_WITH_KNOTS ( ( 3, 3 ),
 ( 4, 4 ),
 ( 0.000000000000000000, 1.000000000000000000 ),
 ( -0.001544000000000000017, 0.03242399999999999449 ),
 .UNSPECIFIED. ) 
 GEOMETRIC_REPRESENTATION_ITEM ( )  RATIONAL_B_SPLINE_SURFACE ( (
 ( 1.000000000000000000, 1.000000000000000000, 1.000000000000000000, 1.000000000000000000),
 ( 0.7071067811865474617, 0.7071067811865474617, 0.7071067811865474617, 0.7071067811865474617),
 ( 1.000000000000000000, 1.000000000000000000, 1.000000000000000000, 1.000000000000000000) ) ) 
 REPRESENTATION_ITEM ( '' )  SURFACE ( )  );
#3620 = CARTESIAN_POINT ( 'NONE',  ( 43.82913658428137893, 70.80041633083865804, 12.07659548862150878 ) ) ;
#3621 = ORIENTED_EDGE ( 'NONE', *, *, #4454, .F. ) ;
#3622 = CARTESIAN_POINT ( 'NONE',  ( 58.16445680368087778, 58.65772864046412138, 17.13491498200368923 ) ) ;
#3623 = CARTESIAN_POINT ( 'NONE',  ( 50.66500089984056387, 73.00199890136700276, 8.766239674848929297 ) ) ;
#3624 = CARTESIAN_POINT ( 'NONE',  ( 31.50521378514581272, 70.50199890136700276, 24.06000020980799903 ) ) ;
#3625 = ORIENTED_EDGE ( 'NONE', *, *, #2197, .F. ) ;
#3626 = EDGE_LOOP ( 'NONE', ( #2906, #3048 ) ) ;
#3627 = PLANE ( 'NONE',  #2642 ) ;
#3628 = CARTESIAN_POINT ( 'NONE',  ( 53.29548493827697797, 71.22304322613939576, 19.83954528252819927 ) ) ;
#3629 = CARTESIAN_POINT ( 'NONE',  ( 58.16500091023044661, 63.50199890136699565, -4.219999790191996780 ) ) ;
#3630 = CARTESIAN_POINT ( 'NONE',  ( 58.11674125201119523, 64.42894024434569644, 20.64067865886509878 ) ) ;
#3631 = LINE ( 'NONE', #3563, #1063 ) ;
#3632 = ADVANCED_FACE ( 'NONE', ( #3483 ), #4257, .F. ) ;
#3633 = VECTOR ( 'NONE', #2905, 1000.000000000000000 ) ;
#3634 = VERTEX_POINT ( 'NONE', #3090 ) ;
#3635 = VECTOR ( 'NONE', #2542, 1000.000000000000000 ) ;
#3636 = CARTESIAN_POINT ( 'NONE',  ( 58.16500091023044661, 62.74751446466789417, 7.897490605133101305 ) ) ;
#3637 = CARTESIAN_POINT ( 'NONE',  ( 52.65010641417885751, 71.36056118516803792, 19.83954528252819571 ) ) ;
#3638 = EDGE_CURVE ( 'NONE', #2490, #3634, #516, .T. ) ;
#3639 = CARTESIAN_POINT ( 'NONE',  ( 43.64218011568169686, 70.73719657166138575, 16.08259455524568438 ) ) ;
#3640 = AXIS2_PLACEMENT_3D ( 'NONE', #574, #3617, #2068 ) ;
#3641 = CARTESIAN_POINT ( 'NONE',  ( 48.66440516089659951, 71.17716216371866267, 19.25191569868134422 ) ) ;
#3642 = ORIENTED_EDGE ( 'NONE', *, *, #4189, .F. ) ;
#3643 = CIRCLE ( 'NONE', #3326, 1.750000000000001554 ) ;
#3644 = CARTESIAN_POINT ( 'NONE',  ( 58.99311435544289139, 64.70611218426704170, 8.322899648486320245 ) ) ;
#3645 = VECTOR ( 'NONE', #4790, 1000.000000000000114 ) ;
#3646 = PLANE ( 'NONE',  #3489 ) ;
#3647 = CARTESIAN_POINT ( 'NONE',  ( 58.16500091023044661, 63.53999362143812846, 7.775972823636731590 ) ) ;
#3648 = CARTESIAN_POINT ( 'NONE',  ( -0.5000000000000000000, 63.50199890136699565, 25.66000020980800045 ) ) ;
#3649 = AXIS2_PLACEMENT_3D ( 'NONE', #80, #2315, #59 ) ;
#3650 = ORIENTED_EDGE ( 'NONE', *, *, #3331, .T. ) ;
#3651 = EDGE_LOOP ( 'NONE', ( #4762, #1842, #3204, #4350 ) ) ;
#3652 = AXIS2_PLACEMENT_3D ( 'NONE', #4141, #1868, #2661 ) ;
#3653 = CARTESIAN_POINT ( 'NONE',  ( -0.5000000000000004441, 54.03152911522300883, 1.250000000000000000 ) ) ;
#3654 = FACE_BOUND ( 'NONE', #3626, .T. ) ;
#3655 = CARTESIAN_POINT ( 'NONE',  ( 58.16475541517790759, 61.04194362638067872, 19.43830209268050879 ) ) ;
#3656 = DIRECTION ( 'NONE',  ( 0.9999999943759462218, -0.0001060570958313862745, -0.000000000000000000 ) ) ;
#3657 = CARTESIAN_POINT ( 'NONE',  ( -2.000000000000000000, 66.00199890136700276, 25.66000020980800045 ) ) ;
#3658 = CARTESIAN_POINT ( 'NONE',  ( 58.16500091023044661, 63.00205899257918674, 7.806009058829166847 ) ) ;
#3659 = ORIENTED_EDGE ( 'NONE', *, *, #607, .T. ) ;
#3660 = EDGE_CURVE ( 'NONE', #1946, #4279, #884, .T. ) ;
#3661 = ORIENTED_EDGE ( 'NONE', *, *, #3162, .F. ) ;
#3662 = CARTESIAN_POINT ( 'NONE',  ( 58.66193101555054312, 63.75696184853973847, 8.515552000792464327 ) ) ;
#3663 = CARTESIAN_POINT ( 'NONE',  ( 51.38557267370600812, 71.38813452728446407, 19.77148931355528561 ) ) ;
#3664 = CARTESIAN_POINT ( 'NONE',  ( 52.16058490552179450, 27.74356253348868151, 24.06000020980799903 ) ) ;
#3665 = CARTESIAN_POINT ( 'NONE',  ( 9.239999999999998437, 70.50199890136700276, 20.34000020980800372 ) ) ;
#3666 = EDGE_CURVE ( 'NONE', #4149, #2302, #2728, .T. ) ;
#3667 = CARTESIAN_POINT ( 'NONE',  ( 48.09516313482200189, 71.13249197730422679, 8.941266641118602365 ) ) ;
#3668 = EDGE_LOOP ( 'NONE', ( #1277, #1440, #3642, #3158, #4613, #4541, #2962, #1978 ) ) ;
#3669 = DIRECTION ( 'NONE',  ( 0.000000000000000000, -1.000000000000000000, 0.000000000000000000 ) ) ;
#3670 = LINE ( 'NONE', #1779, #2780 ) ;
#3671 = DIRECTION ( 'NONE',  ( -0.0001252452049413511459, -0.9999999921568193395, 0.000000000000000000 ) ) ;
#3672 = DIRECTION ( 'NONE',  ( 0.000000000000000000, -0.000000000000000000, -1.000000000000000000 ) ) ;
#3673 = EDGE_CURVE ( 'NONE', #1954, #4121, #1962, .T. ) ;
#3674 = EDGE_LOOP ( 'NONE', ( #2597, #2793, #2146, #4431 ) ) ;
#3675 = VERTEX_POINT ( 'NONE', #3458 ) ;
#3676 = CARTESIAN_POINT ( 'NONE',  ( 9.239999999999998437, 71.60199890136701129, 13.14000020980799377 ) ) ;
#3677 = CARTESIAN_POINT ( 'NONE',  ( 53.29548493827820010, 71.22304322613911154, 8.169180397836576901 ) ) ;
#3678 =( LENGTH_UNIT ( ) NAMED_UNIT ( * ) SI_UNIT ( .MILLI., .METRE. ) );
#3679 = CARTESIAN_POINT ( 'NONE',  ( 58.16512224997683234, 63.97087648532416893, 7.514013065291887727 ) ) ;
#3680 = EDGE_CURVE ( 'NONE', #1804, #4069, #3820, .T. ) ;
#3681 = PRODUCT_DEFINITION_CONTEXT ( 'detailed design', #422, 'design' ) ;
#3682 = CARTESIAN_POINT ( 'NONE',  ( 58.16509447926231502, 63.74914572717019468, 7.563304555652980987 ) ) ;
#3683 = LINE ( 'NONE', #3708, #1535 ) ;
#3684 = CARTESIAN_POINT ( 'NONE',  ( 5.497101275933933273, 7.697725187960106297, 24.06000020980799903 ) ) ;
#3685 = CARTESIAN_POINT ( 'NONE',  ( 57.90755201935811414, 65.40035524510841469, 20.48475896230493731 ) ) ;
#3686 = ORIENTED_EDGE ( 'NONE', *, *, #308, .T. ) ;
#3687 = ORIENTED_EDGE ( 'NONE', *, *, #3132, .F. ) ;
#3688 = CARTESIAN_POINT ( 'NONE',  ( 38.24955394561818878, 64.50199890136700276, 24.06000020980799903 ) ) ;
#3689 = CARTESIAN_POINT ( 'NONE',  ( 56.10511646833479205, 68.49627235679002979, 20.83954528252819571 ) ) ;
#3690 = CARTESIAN_POINT ( 'NONE',  ( 9.239999999999998437, 71.60199890136701129, 8.940000209807994480 ) ) ;
#3691 = DIRECTION ( 'NONE',  ( -0.000000000000000000, 1.000000000000000000, -1.400657527907609919E-16 ) ) ;
#3692 = FACE_OUTER_BOUND ( 'NONE', #2026, .T. ) ;
#3693 = CARTESIAN_POINT ( 'NONE',  ( 5.000000000000000000, -3.000000000000000000, -5.219999790191999445 ) ) ;
#3694 = ORIENTED_EDGE ( 'NONE', *, *, #3791, .T. ) ;
#3695 = CARTESIAN_POINT ( 'NONE',  ( 58.16481240889322635, 61.49700068854770052, 19.55701883844221101 ) ) ;
#3696 = DIRECTION ( 'NONE',  ( -0.000000000000000000, 1.000000000000000000, -0.000000000000000000 ) ) ;
#3697 = DIRECTION ( 'NONE',  ( 0.000000000000000000, -1.000000000000000000, 0.000000000000000000 ) ) ;
#3698 = ADVANCED_FACE ( 'NONE', ( #4598, #2310, #1578 ), #1632, .T. ) ;
#3699 = CARTESIAN_POINT ( 'NONE',  ( 13.82937165317581218, 29.00199890019687743, -4.219999790191999445 ) ) ;
#3700 = VECTOR ( 'NONE', #112, 1000.000000000000000 ) ;
#3701 = ORIENTED_EDGE ( 'NONE', *, *, #352, .T. ) ;
#3702 = ORIENTED_EDGE ( 'NONE', *, *, #2125, .F. ) ;
#3703 = CARTESIAN_POINT ( 'NONE',  ( 58.16500091023044661, 63.53999362143812846, 7.775972823636731590 ) ) ;
#3704 = EDGE_CURVE ( 'NONE', #3352, #1860, #1847, .T. ) ;
#3705 = CARTESIAN_POINT ( 'NONE',  ( 57.69235310622322999, 66.03057029831590796, 20.83954528252819571 ) ) ;
#3706 = CARTESIAN_POINT ( 'NONE',  ( 58.16475586208966320, 61.04551192151003391, 19.43242181370155919 ) ) ;
#3707 = CARTESIAN_POINT ( 'NONE',  ( 58.16427021810600451, 57.16796642902675529, 14.00436284018130983 ) ) ;
#3708 = CARTESIAN_POINT ( 'NONE',  ( 11.82937165317581041, 31.00199890019688098, -4.219999790191999445 ) ) ;
#3709 = CARTESIAN_POINT ( 'NONE',  ( 6.499999999999999112, 70.50199890136700276, 25.66000020980800045 ) ) ;
#3710 = CARTESIAN_POINT ( 'NONE',  ( 58.03125174005677422, 64.90398175807820280, 20.58096512879546935 ) ) ;
#3711 = EDGE_LOOP ( 'NONE', ( #3727, #4414 ) ) ;
#3712 = ORIENTED_EDGE ( 'NONE', *, *, #2259, .F. ) ;
#3713 = VECTOR ( 'NONE', #4179, 1000.000000000000000 ) ;
#3714 = CARTESIAN_POINT ( 'NONE',  ( -2.000000000000000000, 54.03152911522300883, -0.5999999999999994227 ) ) ;
#3715 = CARTESIAN_POINT ( 'NONE',  ( 58.16500091023044661, 62.74751446466787996, 20.11123507523167220 ) ) ;
#3716 = CARTESIAN_POINT ( 'NONE',  ( 58.16500091023044661, 70.50199890136700276, 25.66000020980800045 ) ) ;
#3717 = CARTESIAN_POINT ( 'NONE',  ( 58.16500091023044661, 63.00205899257918674, 7.806009058829166847 ) ) ;
#3718 = CARTESIAN_POINT ( 'NONE',  ( 48.02964070417012010, 71.12739053200660067, 8.824375272404919812 ) ) ;
#3719 = DIRECTION ( 'NONE',  ( 0.000000000000000000, 0.000000000000000000, 1.000000000000000000 ) ) ;
#3720 = VERTEX_POINT ( 'NONE', #1983 ) ;
#3721 = CARTESIAN_POINT ( 'NONE',  ( 52.16058490552179450, 27.74356253348868151, 24.06000020980799903 ) ) ;
#3722 = VECTOR ( 'NONE', #698, 1000.000000000000000 ) ;
#3723 = DIRECTION ( 'NONE',  ( 0.000000000000000000, 0.000000000000000000, 1.000000000000000000 ) ) ;
#3724 = CARTESIAN_POINT ( 'NONE',  ( 35.24955394561818167, 67.50199890136700276, 20.06000020980799903 ) ) ;
#3725 = VECTOR ( 'NONE', #683, 1000.000000000000000 ) ;
#3726 = ORIENTED_EDGE ( 'NONE', *, *, #469, .T. ) ;
#3727 = ORIENTED_EDGE ( 'NONE', *, *, #4640, .T. ) ;
#3728 = EDGE_CURVE ( 'NONE', #1953, #1045, #4162, .T. ) ;
#3729 = LINE ( 'NONE', #368, #1308 ) ;
#3730 = CARTESIAN_POINT ( 'NONE',  ( 52.90637974120753739, 70.60344097925511164, 8.093012760073344580 ) ) ;
#3731 = VECTOR ( 'NONE', #2826, 1000.000000000000000 ) ;
#3732 = CARTESIAN_POINT ( 'NONE',  ( 6.497000000221151872, -0.4999999999916412419, 25.66000020980800045 ) ) ;
#3733 = CARTESIAN_POINT ( 'NONE',  ( 58.38547123969327401, 64.16555767958956835, 8.300551436316274234 ) ) ;
#3734 = ADVANCED_FACE ( 'NONE', ( #1600 ), #420, .T. ) ;
#3735 = EDGE_CURVE ( 'NONE', #1598, #3785, #3120, .T. ) ;
#3736 = CARTESIAN_POINT ( 'NONE',  ( 58.16475556414865622, 61.04313305813298740, 8.572383680669839023 ) ) ;
#3737 = CARTESIAN_POINT ( 'NONE',  ( 51.19465547588597332, 70.50199890136700276, 7.258098450321036843 ) ) ;
#3738 = LINE ( 'NONE', #4058, #1764 ) ;
#3739 = CARTESIAN_POINT ( 'NONE',  ( 58.66457591341633560, 63.81483300883326848, 19.50807509083334779 ) ) ;
#3740 = AXIS2_PLACEMENT_3D ( 'NONE', #3202, #3975, #1795 ) ;
#3741 = EDGE_LOOP ( 'NONE', ( #3027, #3089, #4154, #4642 ) ) ;
#3742 = VERTEX_POINT ( 'NONE', #2476 ) ;
#3743 = CARTESIAN_POINT ( 'NONE',  ( 58.65621928639588134, 63.65244533093966339, 8.542264266306103693 ) ) ;
#3744 = CYLINDRICAL_SURFACE ( 'NONE', #909, 1.750000000000001554 ) ;
#3745 = CARTESIAN_POINT ( 'NONE',  ( 52.65874330635161726, -3.000000000000000000, -5.219999790191999445 ) ) ;
#3746 = PLANE ( 'NONE',  #2466 ) ;
#3747 = CARTESIAN_POINT ( 'NONE',  ( 43.59376297449768600, 70.68459075295413641, 16.11005960420764538 ) ) ;
#3748 = ORIENTED_EDGE ( 'NONE', *, *, #1668, .F. ) ;
#3749 = EDGE_CURVE ( 'NONE', #3014, #318, #3580, .T. ) ;
#3750 = CARTESIAN_POINT ( 'NONE',  ( 50.63155871119312934, 71.32993163870241915, 8.313711366123262891 ) ) ;
#3751 = ORIENTED_EDGE ( 'NONE', *, *, #2982, .T. ) ;
#3752 = LINE ( 'NONE', #3721, #2705 ) ;
#3753 = DIRECTION ( 'NONE',  ( 0.000000000000000000, 0.000000000000000000, -1.000000000000000000 ) ) ;
#3754 = DIRECTION ( 'NONE',  ( -0.9999999985805285707, 5.328173078638957989E-05, 0.000000000000000000 ) ) ;
#3755 = ORIENTED_EDGE ( 'NONE', *, *, #3226, .F. ) ;
#3756 = VERTEX_POINT ( 'NONE', #910 ) ;
#3757 = DIRECTION ( 'NONE',  ( 0.0001252452049414871590, 0.9999999921568193395, 0.000000000000000000 ) ) ;
#3758 = FACE_BOUND ( 'NONE', #633, .T. ) ;
#3759 = CARTESIAN_POINT ( 'NONE',  ( 52.50346328778427818, 70.68286334806317939, 8.093370704434743601 ) ) ;
#3760 = CARTESIAN_POINT ( 'NONE',  ( 59.34967443534526410, 66.41726709352613511, 8.169180397836589336 ) ) ;
#3761 = CARTESIAN_POINT ( 'NONE',  ( 58.41509835722730060, 59.11421882542942541, 17.01988674175705896 ) ) ;
#3762 = ORIENTED_EDGE ( 'NONE', *, *, #613, .F. ) ;
#3763 = CARTESIAN_POINT ( 'NONE',  ( 59.66500089984057098, 64.00199890136701697, 19.28997917845028098 ) ) ;
#3764 = CARTESIAN_POINT ( 'NONE',  ( 57.78555838028668035, 65.78274213455227937, 20.83649537536857466 ) ) ;
#3765 = EDGE_CURVE ( 'NONE', #1982, #3925, #900, .T. ) ;
#3766 = ORIENTED_EDGE ( 'NONE', *, *, #3460, .T. ) ;
#3767 = ORIENTED_EDGE ( 'NONE', *, *, #2601, .T. ) ;
#3768 = CARTESIAN_POINT ( 'NONE',  ( 58.16500091023044661, 62.84818876905882945, 7.997780094071353041 ) ) ;
#3769 = CARTESIAN_POINT ( 'NONE',  ( 57.69235310622322999, 66.03057029831590796, 20.83954528252819571 ) ) ;
#3770 = DIRECTION ( 'NONE',  ( 0.9999999943759462218, -0.0001060570958313862609, 0.000000000000000000 ) ) ;
#3771 = CARTESIAN_POINT ( 'NONE',  ( 58.87430654308165145, 63.20512683663001496, 19.28667529965311189 ) ) ;
#3772 = EDGE_CURVE ( 'NONE', #366, #4606, #3187, .T. ) ;
#3773 = EDGE_LOOP ( 'NONE', ( #309, #214, #2009, #3991 ) ) ;
#3774 = CARTESIAN_POINT ( 'NONE',  ( -0.5028986561775566910, 7.698627774312786443, 20.06000020980799903 ) ) ;
#3775 = ORIENTED_EDGE ( 'NONE', *, *, #3433, .T. ) ;
#3776 = DIRECTION ( 'NONE',  ( -0.000000000000000000, -0.000000000000000000, 1.000000000000000000 ) ) ;
#3777 = DIRECTION ( 'NONE',  ( 0.000000000000000000, 1.000000000000000000, -8.673617243826547534E-16 ) ) ;
#3778 = LINE ( 'NONE', #2933, #4663 ) ;
#3779 = VERTEX_POINT ( 'NONE', #3230 ) ;
#3780 = ORIENTED_EDGE ( 'NONE', *, *, #3162, .T. ) ;
#3781 = CARTESIAN_POINT ( 'NONE',  ( 46.74590082189538265, 70.50199890136698855, 8.459596929512766650 ) ) ;
#3782 = CARTESIAN_POINT ( 'NONE',  ( 58.37522586384576329, 63.77901170304113521, 8.385029788261523009 ) ) ;
#3783 = CARTESIAN_POINT ( 'NONE',  ( 58.10773187166046228, 66.77286986059606022, 8.169135363357177937 ) ) ;
#3784 = AXIS2_PLACEMENT_3D ( 'NONE', #1192, #1488, #2980 ) ;
#3785 = VERTEX_POINT ( 'NONE', #4668 ) ;
#3786 = CARTESIAN_POINT ( 'NONE',  ( 58.64019111099641179, 61.49541583664993283, 18.67741852867906260 ) ) ;
#3787 = VERTEX_POINT ( 'NONE', #1305 ) ;
#3788 = DIRECTION ( 'NONE',  ( -0.000000000000000000, -0.000000000000000000, 1.000000000000000000 ) ) ;
#3789 = CARTESIAN_POINT ( 'NONE',  ( 58.41172015704397324, 65.97601698713297935, 19.83937600486147090 ) ) ;
#3790 = ORIENTED_EDGE ( 'NONE', *, *, #153, .F. ) ;
#3791 = EDGE_CURVE ( 'NONE', #3352, #3446, #2082, .T. ) ;
#3792 = CARTESIAN_POINT ( 'NONE',  ( -0.5000147457981548582, 39.72324851467243434, 0.9465434661036026265 ) ) ;
#3793 = LINE ( 'NONE', #2560, #2862 ) ;
#3794 = CARTESIAN_POINT ( 'NONE',  ( 58.16339035262296875, 50.14282341864570469, 21.56261470659513080 ) ) ;
#3795 = VERTEX_POINT ( 'NONE', #1008 ) ;
#3796 = AXIS2_PLACEMENT_3D ( 'NONE', #856, #1667, #2333 ) ;
#3797 = CARTESIAN_POINT ( 'NONE',  ( 51.65078606921254334, 70.50199890136700276, 20.80864854552273613 ) ) ;
#3798 = ORIENTED_EDGE ( 'NONE', *, *, #2197, .T. ) ;
#3799 = EDGE_CURVE ( 'NONE', #4817, #4665, #839, .T. ) ;
#3800 = CARTESIAN_POINT ( 'NONE',  ( 51.85822285150546662, 73.00199890136700276, -5.219999790192002109 ) ) ;
#3801 = PLANE ( 'NONE',  #4587 ) ;
#3802 = CARTESIAN_POINT ( 'NONE',  ( 57.69235310622323709, 66.03057029831589375, 7.169180397836580454 ) ) ;
#3803 = AXIS2_PLACEMENT_3D ( 'NONE', #2691, #829, #3426 ) ;
#3804 = ORIENTED_EDGE ( 'NONE', *, *, #2429, .T. ) ;
#3805 = ORIENTED_EDGE ( 'NONE', *, *, #2595, .T. ) ;
#3806 = CARTESIAN_POINT ( 'NONE',  ( 45.82831653012651429, 70.50199890136700276, 8.968525594655542221 ) ) ;
#3807 = AXIS2_PLACEMENT_3D ( 'NONE', #1826, #1098, #4153 ) ;
#3808 = CARTESIAN_POINT ( 'NONE',  ( 58.94853604618388943, 64.48297534580356682, 8.397005964669595812 ) ) ;
#3809 = CARTESIAN_POINT ( 'NONE',  ( 42.42937165317579939, 16.79999999999999716, -4.219999790191999445 ) ) ;
#3810 = VECTOR ( 'NONE', #4679, 1000.000000000000000 ) ;
#3811 = ORIENTED_EDGE ( 'NONE', *, *, #1206, .F. ) ;
#3812 = CARTESIAN_POINT ( 'NONE',  ( 58.64019111098370729, 61.49541583665670430, 9.331307151684226753 ) ) ;
#3813 = PRODUCT_DEFINITION_FORMATION_WITH_SPECIFIED_SOURCE ( 'ANY', '', #2408, .NOT_KNOWN. ) ;
#3814 = CIRCLE ( 'NONE', #3565, 3.000000000000002665 ) ;
#3815 = DIRECTION ( 'NONE',  ( -0.000000000000000000, -0.000000000000000000, 1.000000000000000000 ) ) ;
#3816 = CARTESIAN_POINT ( 'NONE',  ( 56.56672063370755410, 68.00677538338855754, 20.83954528252820282 ) ) ;
#3817 = AXIS2_PLACEMENT_3D ( 'NONE', #3217, #997, #4722 ) ;
#3818 = DIRECTION ( 'NONE',  ( 1.000000000000000000, 0.000000000000000000, 0.000000000000000000 ) ) ;
#3819 = CARTESIAN_POINT ( 'NONE',  ( 58.74866249756865244, 63.12013864835348897, 19.27063747893656043 ) ) ;
#3820 = CIRCLE ( 'NONE', #2081, 1.750000000000001554 ) ;
#3821 = CYLINDRICAL_SURFACE ( 'NONE', #4206, 1.750000000000001554 ) ;
#3822 = VERTEX_POINT ( 'NONE', #235 ) ;
#3823 = CARTESIAN_POINT ( 'NONE',  ( 58.16500091023044661, 63.50199890136699565, 20.36226538573679434 ) ) ;
#3824 = ORIENTED_EDGE ( 'NONE', *, *, #1640, .T. ) ;
#3825 = CARTESIAN_POINT ( 'NONE',  ( 51.67176839874246497, 70.74856527947163443, 19.91445306885160349 ) ) ;
#3826 = CARTESIAN_POINT ( 'NONE',  ( 59.58672918829065424, 2.998495322200926072, 16.13758113637682357 ) ) ;
#3827 = CARTESIAN_POINT ( 'NONE',  ( 55.77729744203818285, 70.07304063434968100, 8.169180397836587559 ) ) ;
#3828 = EDGE_CURVE ( 'NONE', #1086, #3037, #2770, .T. ) ;
#3829 = ORIENTED_EDGE ( 'NONE', *, *, #4634, .F. ) ;
#3830 = ORIENTED_EDGE ( 'NONE', *, *, #4471, .T. ) ;
#3831 = CARTESIAN_POINT ( 'NONE',  ( 4.209229012446005669, 70.11793345978986736, 17.33159269670449376 ) ) ;
#3832 = CARTESIAN_POINT ( 'NONE',  ( 58.37482118242601103, 63.72279771084218680, 8.399096770530732670 ) ) ;
#3833 = CARTESIAN_POINT ( 'NONE',  ( 56.50950855495914738, 68.06091841265516962, 7.169180397836580454 ) ) ;
#3834 = EDGE_CURVE ( 'NONE', #224, #2663, #4763, .T. ) ;
#3835 = EDGE_LOOP ( 'NONE', ( #1140, #4521, #2353, #3509 ) ) ;
#3836 = CARTESIAN_POINT ( 'NONE',  ( 58.21317801860826080, 63.90264523265441454, 8.134384116918088381 ) ) ;
#3837 = CARTESIAN_POINT ( 'NONE',  ( 59.66500089984057098, 63.00174841041823726, 25.66000020980800045 ) ) ;
#3838 = CARTESIAN_POINT ( 'NONE',  ( 57.50731937863159970, 66.48427174439183318, 7.503327301030842555 ) ) ;
#3839 = CARTESIAN_POINT ( 'NONE',  ( 51.65078606921252913, 70.50199890136700276, 7.200077134842053361 ) ) ;
#3840 = ADVANCED_FACE ( 'NONE', ( #1716 ), #4353, .F. ) ;
#3841 = B_SPLINE_CURVE_WITH_KNOTS ( 'NONE', 3,
 ( #8, #31, #1919, #2186, #1167, #3689, #2268, #2641, #4511, #3769 ),
 .UNSPECIFIED., .F., .F.,
 ( 4, 2, 2, 2, 4 ),
 ( 0.000000000000000000, 0.2500000000000000000, 0.5000000000000000000, 0.7500000000000000000, 1.000000000000000000 ),
 .UNSPECIFIED. ) ;
#3842 = CARTESIAN_POINT ( 'NONE',  ( 51.72601266656550223, 72.95570264980516129, 8.445028888853009619 ) ) ;
#3843 = FACE_OUTER_BOUND ( 'NONE', #2747, .T. ) ;
#3844 = DIRECTION ( 'NONE',  ( -0.9999999921568193395, 0.0001252452049413511459, -0.000000000000000000 ) ) ;
#3845 = EDGE_LOOP ( 'NONE', ( #399, #2050, #3687, #4619 ) ) ;
#3846 = CARTESIAN_POINT ( 'NONE',  ( 3.757000000000000117, 11.75999999999999979, 24.06000020980799903 ) ) ;
#3847 = CARTESIAN_POINT ( 'NONE',  ( 52.16228454589595032, 70.43133405220392262, 20.50960278901054323 ) ) ;
#3848 = CARTESIAN_POINT ( 'NONE',  ( 59.66462710069716024, 59.47723985782513267, 14.00436284018239164 ) ) ;
#3849 = CARTESIAN_POINT ( 'NONE',  ( 58.59308325227276981, 59.65631651543987601, 17.03730640392993223 ) ) ;
#3850 = CARTESIAN_POINT ( 'NONE',  ( 52.68094593598600284, 71.35705527792387670, 8.169180397836585783 ) ) ;
#3851 = ORIENTED_EDGE ( 'NONE', *, *, #4317, .F. ) ;
#3852 = EDGE_CURVE ( 'NONE', #2225, #895, #169, .T. ) ;
#3853 = CARTESIAN_POINT ( 'NONE',  ( 51.27109618146563719, 71.08776282376057054, 8.215082904469717562 ) ) ;
#3854 = CARTESIAN_POINT ( 'NONE',  ( 58.41171828009862566, 65.97605490331123690, 8.169340304366880190 ) ) ;
#3855 = CARTESIAN_POINT ( 'NONE',  ( 58.15800094435959267, 6.500000000008358647, -4.219999790191996780 ) ) ;
#3856 = VERTEX_POINT ( 'NONE', #2817 ) ;
#3857 = VERTEX_POINT ( 'NONE', #3982 ) ;
#3858 = EDGE_LOOP ( 'NONE', ( #1880, #3353 ) ) ;
#3859 = EDGE_CURVE ( 'NONE', #537, #4171, #1545, .T. ) ;
#3860 = FACE_OUTER_BOUND ( 'NONE', #587, .T. ) ;
#3861 = CARTESIAN_POINT ( 'NONE',  ( 57.65854535905255318, 66.12116023752412275, 20.50540723254925268 ) ) ;
#3862 = B_SPLINE_SURFACE_WITH_KNOTS ( 'NONE', 5, 3, ( 
 ( #2337, #563, #3533, #1673, #473, #911, #2357, #3484, #3927, #4623, #3121 ),
 ( #3439, #77, #148, #1207, #1653, #2701, #4645, #1282, #2771, #4284, #2406 ),
 ( #3907, #540, #3838, #1963, #98, #1420, #4421, #4764, #1347, #1398, #2889 ),
 ( #982, #4054, #2477, #615, #2104, #1373, #767, #3017, #3356, #2628, #4077 ),
 ( #2575, #1444, #712, #338, #1808, #2176, #789, #2938, #3730, #3759, #3381 ),
 ( #2282, #4449, #3783, #1102, #738, #3409, #391, #1909, #2201, #415, #1180 ),
 ( #1522, #1832, #2257, #369, #1474, #2965, #4473, #4103, #2229, #688, #4550 ),
 ( #1887, #1863, #1158, #4864, #2656, #4157, #1497, #2676, #3677, #312, #50 ) ),
 .UNSPECIFIED., .F., .F., .F.,
 ( 6, 2, 6 ),
 ( 4, 1, 1, 1, 1, 1, 1, 1, 4 ),
 ( 0.000000000000000000, 0.5000000000000000000, 1.000000000000000000 ),
 ( 1.940377037461372023, 2.007748352131587311, 2.108805324136910020, 2.243547953477340151, 2.445661897487985570, 2.647775841498631433, 2.782518470839061564, 2.883575442844384273, 2.950946757514599561 ),
 .UNSPECIFIED. ) ;
#3863 = LINE ( 'NONE', #1187, #3485 ) ;
#3864 = CARTESIAN_POINT ( 'NONE',  ( 58.91941307459048005, 63.77488110958143608, 19.43209232902868422 ) ) ;
#3865 = LINE ( 'NONE', #477, #4743 ) ;
#3866 = ORIENTED_EDGE ( 'NONE', *, *, #2069, .F. ) ;
#3867 = DIRECTION ( 'NONE',  ( 0.000000000000000000, -1.000000000000000000, 0.000000000000000000 ) ) ;
#3868 = CARTESIAN_POINT ( 'NONE',  ( 51.21118829044126386, 70.50192791911219103, 20.59967036783598360 ) ) ;
#3869 = DIRECTION ( 'NONE',  ( 0.000000000000000000, -0.000000000000000000, -1.000000000000000000 ) ) ;
#3870 = LINE ( 'NONE', #2025, #733 ) ;
#3871 = DIRECTION ( 'NONE',  ( 0.9999999943759462218, -0.0001060570958313862745, -0.000000000000000000 ) ) ;
#3872 = ORIENTED_EDGE ( 'NONE', *, *, #4487, .F. ) ;
#3873 = CARTESIAN_POINT ( 'NONE',  ( 51.70607823138062287, 71.09855492151140766, 8.185283259210025975 ) ) ;
#3874 = CARTESIAN_POINT ( 'NONE',  ( 57.88004487561067890, 65.72514712252646518, 7.872341721021405725 ) ) ;
#3875 = CARTESIAN_POINT ( 'NONE',  ( 0.2570000000000002838, 11.75999999999999979, 24.06000020980799903 ) ) ;
#3876 = ADVANCED_FACE ( 'NONE', ( #2035 ), #3627, .F. ) ;
#3877 = CIRCLE ( 'NONE', #1605, 5.700000000000005507 ) ;
#3878 = ORIENTED_EDGE ( 'NONE', *, *, #428, .T. ) ;
#3879 = VERTEX_POINT ( 'NONE', #1736 ) ;
#3880 = DIRECTION ( 'NONE',  ( -0.0001252452049414871861, -0.9999999921568193395, 0.000000000000000000 ) ) ;
#3881 = AXIS2_PLACEMENT_3D ( 'NONE', #550, #3148, #4367 ) ;
#3882 = CARTESIAN_POINT ( 'NONE',  ( 57.80168102486733517, 65.95019275043156881, 20.13438381956893153 ) ) ;
#3883 = B_SPLINE_CURVE_WITH_KNOTS ( 'NONE', 3,
 ( #2730, #3142, #3839, #518 ),
 .UNSPECIFIED., .F., .F.,
 ( 4, 4 ),
 ( 0.000000000000000000, 1.000000000000000000 ),
 .UNSPECIFIED. ) ;
#3884 = EDGE_CURVE ( 'NONE', #4665, #2847, #4330, .T. ) ;
#3885 = VECTOR ( 'NONE', #4675, 1000.000000000000000 ) ;
#3886 = AXIS2_PLACEMENT_3D ( 'NONE', #1260, #2682, #4187 ) ;
#3887 = CARTESIAN_POINT ( 'NONE',  ( -0.5000000000000000000, 41.64646394823500231, -0.6000000000000009770 ) ) ;
#3888 = CARTESIAN_POINT ( 'NONE',  ( 54.66878660109875909, 72.08448054597894838, 25.66000020980799334 ) ) ;
#3889 = CARTESIAN_POINT ( 'NONE',  ( 6.497000000221151872, -0.4999999999916412419, -4.219999790191996780 ) ) ;
#3890 = VECTOR ( 'NONE', #4811, 1000.000000000000000 ) ;
#3891 = AXIS2_PLACEMENT_3D ( 'NONE', #3536, #173, #4359 ) ;
#3892 = ORIENTED_EDGE ( 'NONE', *, *, #2524, .F. ) ;
#3893 = VECTOR ( 'NONE', #2750, 1000.000000000000000 ) ;
#3894 = CARTESIAN_POINT ( 'NONE',  ( 52.28419703303663368, 70.41255449757188956, 20.51113985335245005 ) ) ;
#3895 = FACE_OUTER_BOUND ( 'NONE', #1233, .T. ) ;
#3896 = CARTESIAN_POINT ( 'NONE',  ( 55.16020914637743289, 24.74318682140340542, 24.06000020980799903 ) ) ;
#3897 =( BOUNDED_CURVE ( )  B_SPLINE_CURVE ( 3, ( #162, #2030, #1666, #3154 ),
 .UNSPECIFIED., .F., .F. ) 
 B_SPLINE_CURVE_WITH_KNOTS ( ( 4, 4 ),
 ( 5.149877559380825254, 5.296047793582028262 ),
 .UNSPECIFIED. ) 
 CURVE ( )  GEOMETRIC_REPRESENTATION_ITEM ( )  RATIONAL_B_SPLINE_CURVE ( ( 1.000000000000000000, 0.9982203142706149723, 0.9982203142706149723, 1.000000000000000000 ) ) 
 REPRESENTATION_ITEM ( '' )  );
#3898 = EDGE_CURVE ( 'NONE', #440, #657, #956, .T. ) ;
#3899 = FACE_OUTER_BOUND ( 'NONE', #4651, .T. ) ;
#3900 = ORIENTED_EDGE ( 'NONE', *, *, #2746, .T. ) ;
#3901 = CARTESIAN_POINT ( 'NONE',  ( 51.98979158777701315, 70.73911465174033708, 8.090788637458143029 ) ) ;
#3902 = FACE_OUTER_BOUND ( 'NONE', #4666, .T. ) ;
#3903 = EDGE_LOOP ( 'NONE', ( #4234, #2057, #2520, #1099 ) ) ;
#3904 = ORIENTED_EDGE ( 'NONE', *, *, #2463, .F. ) ;
#3905 = ORIENTED_EDGE ( 'NONE', *, *, #43, .F. ) ;
#3906 = CARTESIAN_POINT ( 'NONE',  ( 57.71406131611690427, 65.97408727875247791, 7.503318446095353700 ) ) ;
#3907 = CARTESIAN_POINT ( 'NONE',  ( 57.71406131611690427, 65.97408727875247791, 7.503318446095353700 ) ) ;
#3908 = CARTESIAN_POINT ( 'NONE',  ( 58.70377421019573916, 66.13920569092476853, 19.83694158284458453 ) ) ;
#3909 = CARTESIAN_POINT ( 'NONE',  ( 58.65621928639628635, 63.65244533093866863, 19.46646141405863162 ) ) ;
#3910 = EDGE_CURVE ( 'NONE', #1854, #3779, #4734, .T. ) ;
#3911 = DIRECTION ( 'NONE',  ( -1.000000000000000000, 0.000000000000000000, 0.000000000000000000 ) ) ;
#3912 = ORIENTED_EDGE ( 'NONE', *, *, #3395, .F. ) ;
#3913 = CARTESIAN_POINT ( 'NONE',  ( 59.66500089984057098, 63.00174841041823726, -5.219999790191999445 ) ) ;
#3914 = CARTESIAN_POINT ( 'NONE',  ( -0.5029999997788460186, 7.024939767562880633, -4.219999790191996780 ) ) ;
#3915 = ADVANCED_FACE ( 'NONE', ( #589 ), #2175, .T. ) ;
#3916 = CARTESIAN_POINT ( 'NONE',  ( 27.48918334204437386, 96.81735529172993893, 11.56580769869921710 ) ) ;
#3917 = CARTESIAN_POINT ( 'NONE',  ( 51.25993628408878777, 70.75093736907024322, 8.114816876836229653 ) ) ;
#3918 = FACE_OUTER_BOUND ( 'NONE', #13, .T. ) ;
#3919 = VERTEX_POINT ( 'NONE', #3676 ) ;
#3920 = CARTESIAN_POINT ( 'NONE',  ( 50.66500089984057809, 73.00199890136700276, 23.52082880837728496 ) ) ;
#3921 = CARTESIAN_POINT ( 'NONE',  ( 51.23534969786744142, 70.55977224772819056, 7.893918847917911208 ) ) ;
#3922 = CARTESIAN_POINT ( 'NONE',  ( 59.66500089984057809, 73.00199890136700276, 15.88133354314134849 ) ) ;
#3923 = DIRECTION ( 'NONE',  ( -0.000000000000000000, 1.000000000000000000, 0.000000000000000000 ) ) ;
#3924 = VERTEX_POINT ( 'NONE', #2910 ) ;
#3925 = VERTEX_POINT ( 'NONE', #4810 ) ;
#3926 = DIRECTION ( 'NONE',  ( -0.000000000000000000, -1.000000000000000000, -0.000000000000000000 ) ) ;
#3927 = CARTESIAN_POINT ( 'NONE',  ( 53.02917443477141290, 70.25791268554293367, 7.169180397836579566 ) ) ;
#3928 = CARTESIAN_POINT ( 'NONE',  ( 52.59533958319099156, 71.20602411418909128, 19.83954528252819927 ) ) ;
#3929 = CARTESIAN_POINT ( 'NONE',  ( 57.83245099182927618, 65.66891618707823852, 20.83954528252819571 ) ) ;
#3930 = CARTESIAN_POINT ( 'NONE',  ( 6.497000000221151872, 6.500000000008358647, -4.219999790191996780 ) ) ;
#3931 = CARTESIAN_POINT ( 'NONE',  ( 59.66500089984057098, 63.00174841041823726, 25.66000020980800045 ) ) ;
#3932 = VECTOR ( 'NONE', #2249, 1000.000000000000000 ) ;
#3933 = CIRCLE ( 'NONE', #1117, 3.000000000000000444 ) ;
#3934 = ADVANCED_FACE ( 'NONE', ( #4472 ), #3330, .F. ) ;
#3935 = ORIENTED_EDGE ( 'NONE', *, *, #4139, .F. ) ;
#3936 = CARTESIAN_POINT ( 'NONE',  ( 59.66500089984057098, 64.00199890136701697, 4.072497737879002599 ) ) ;
#3937 = CARTESIAN_POINT ( 'NONE',  ( 55.15975814756914986, 21.14226010364634334, 0.000000000000000000 ) ) ;
#3938 = CARTESIAN_POINT ( 'NONE',  ( 58.16058485846271253, 27.74281106225903315, 24.06000020980799903 ) ) ;
#3939 = CARTESIAN_POINT ( 'NONE',  ( 47.95299908894939023, 70.67078952378568601, 19.40484263650266428 ) ) ;
#3940 = B_SPLINE_CURVE_WITH_KNOTS ( 'NONE', 3,
 ( #3717, #4147, #3317, #2586 ),
 .UNSPECIFIED., .F., .F.,
 ( 4, 4 ),
 ( 0.000000000000000000, 1.000000000000000000 ),
 .UNSPECIFIED. ) ;
#3941 = ADVANCED_FACE ( 'NONE', ( #3758, #1101 ), #2887, .F. ) ;
#3942 = AXIS2_PLACEMENT_3D ( 'NONE', #1215, #1993, #2711 ) ;
#3943 = CARTESIAN_POINT ( 'NONE',  ( 50.63166222339989986, 71.32993969640327236, 19.69502483892824074 ) ) ;
#3944 = ORIENTED_EDGE ( 'NONE', *, *, #153, .T. ) ;
#3945 = CARTESIAN_POINT ( 'NONE',  ( 50.66500089984057098, 73.00199890136700276, 21.38165740694657657 ) ) ;
#3946 = CARTESIAN_POINT ( 'NONE',  ( 52.27206476137491364, 70.49345401564714564, 7.869080428942699434 ) ) ;
#3947 = FACE_OUTER_BOUND ( 'NONE', #1264, .T. ) ;
#3948 = CARTESIAN_POINT ( 'NONE',  ( 57.99510490911978877, 4.998664136498688570, 16.13758113637682712 ) ) ;
#3949 = ORIENTED_EDGE ( 'NONE', *, *, #4313, .F. ) ;
#3950 = ORIENTED_EDGE ( 'NONE', *, *, #2888, .T. ) ;
#3951 = ORIENTED_EDGE ( 'NONE', *, *, #764, .T. ) ;
#3952 = AXIS2_PLACEMENT_3D ( 'NONE', #4327, #584, #2078 ) ;
#3953 = CARTESIAN_POINT ( 'NONE',  ( 27.48918334204437386, 70.50199890136700276, 11.56580769869921710 ) ) ;
#3954 = CARTESIAN_POINT ( 'NONE',  ( 53.19758511667832579, 71.07804971869111910, 19.83954528252860428 ) ) ;
#3955 = B_SPLINE_CURVE_WITH_KNOTS ( 'NONE', 3,
 ( #4862, #1548, #3043, #3781, #3806, #1155, #442, #3354, #1934, #3431, #2331, #3378, #1200, #2695, #4201, #3015, #1494, #2988 ),
 .UNSPECIFIED., .F., .F.,
 ( 4, 2, 2, 2, 2, 2, 2, 2, 4 ),
 ( 0.000000000000000000, 0.1250000000000001110, 0.2500000000000001665, 0.3750000000000002776, 0.5000000000000003331, 0.6250000000000004441, 0.7500000000000003331, 0.8750000000000002220, 1.000000000000000000 ),
 .UNSPECIFIED. ) ;
#3956 = CARTESIAN_POINT ( 'NONE',  ( 51.19625615620017101, 73.00199890136700276, 19.41693646362750769 ) ) ;
#3957 = CIRCLE ( 'NONE', #3561, 5.700000000000005507 ) ;
#3958 = FACE_OUTER_BOUND ( 'NONE', #4023, .T. ) ;
#3959 = CARTESIAN_POINT ( 'NONE',  ( 5.498229508874782567, 15.19772510309946689, 24.06000020980799903 ) ) ;
#3960 = CARTESIAN_POINT ( 'NONE',  ( 57.63861374908991309, 3.850432351131515496, 17.13466024582149316 ) ) ;
#3961 = CIRCLE ( 'NONE', #1300, 3.000000000000002665 ) ;
#3962 = ORIENTED_EDGE ( 'NONE', *, *, #3772, .T. ) ;
#3963 = DIRECTION ( 'NONE',  ( -0.0001060570958313862609, -0.9999999943759462218, 0.000000000000000000 ) ) ;
#3964 = AXIS2_PLACEMENT_3D ( 'NONE', #1809, #1523, #3018 ) ;
#3965 = FACE_OUTER_BOUND ( 'NONE', #376, .T. ) ;
#3966 = CIRCLE ( 'NONE', #1926, 1.749999999999999778 ) ;
#3967 = CARTESIAN_POINT ( 'NONE',  ( 51.15800094435959267, 6.500000000008358647, -97.32438719255948456 ) ) ;
#3968 = EDGE_CURVE ( 'NONE', #4084, #1227, #2598, .T. ) ;
#3969 = CARTESIAN_POINT ( 'NONE',  ( 43.04941782342864798, 70.50199890136698855, 16.40659251133793717 ) ) ;
#3970 = AXIS2_PLACEMENT_3D ( 'NONE', #3953, #2058, #1672 ) ;
#3971 = CARTESIAN_POINT ( 'NONE',  ( 46.00001003731193805, 70.96957173706556432, 18.07541379360089095 ) ) ;
#3972 = ORIENTED_EDGE ( 'NONE', *, *, #576, .T. ) ;
#3973 = DIRECTION ( 'NONE',  ( -0.7433024782647695838, -0.6689554737091638614, 1.300023451391010498E-18 ) ) ;
#3974 = DIRECTION ( 'NONE',  ( -1.086328977807346363E-19, -8.673617243826540632E-16, -1.000000000000000000 ) ) ;
#3975 = DIRECTION ( 'NONE',  ( 0.000000000000000000, 0.000000000000000000, 1.000000000000000000 ) ) ;
#3976 = ADVANCED_FACE ( 'NONE', ( #4837 ), #4133, .F. ) ;
#3977 = CARTESIAN_POINT ( 'NONE',  ( 57.47700817472880175, 3.481306750944921813, 15.24424049197714481 ) ) ;
#3978 = AXIS2_PLACEMENT_3D ( 'NONE', #1768, #4698, #4405 ) ;
#3979 = ORIENTED_EDGE ( 'NONE', *, *, #2681, .T. ) ;
#3980 = ORIENTED_EDGE ( 'NONE', *, *, #396, .F. ) ;
#3981 = B_SPLINE_CURVE_WITH_KNOTS ( 'NONE', 3,
 ( #2871, #2107, #3077, #2365, #3956, #3608 ),
 .UNSPECIFIED., .F., .F.,
 ( 4, 2, 4 ),
 ( 0.000000000000000000, 0.001653449031897647262, 0.003306898063795294523 ),
 .UNSPECIFIED. ) ;
#3982 = CARTESIAN_POINT ( 'NONE',  ( 59.66500089984057098, 64.00199890136701697, -5.219999790191999445 ) ) ;
#3983 = EDGE_CURVE ( 'NONE', #3035, #3450, #3729, .T. ) ;
#3984 = CARTESIAN_POINT ( 'NONE',  ( 58.33495057347921176, 66.21458374394754287, 19.83944331543941431 ) ) ;
#3985 = UNCERTAINTY_MEASURE_WITH_UNIT (LENGTH_MEASURE( 1.000000000000000082E-05 ), #1561, 'distance_accuracy_value', 'NONE');
#3986 = CARTESIAN_POINT ( 'NONE',  ( 59.66357611988768639, 49.56766430959124392, 17.13761470659513009 ) ) ;
#3987 = CARTESIAN_POINT ( 'NONE',  ( 59.66500089984057098, 64.00199890136701697, -6.763999790191994599 ) ) ;
#3988 = CARTESIAN_POINT ( 'NONE',  ( 55.16020914637743289, 24.74318682140340186, 20.06000020980799903 ) ) ;
#3989 = EDGE_CURVE ( 'NONE', #2810, #4149, #2715, .T. ) ;
#3990 = CARTESIAN_POINT ( 'NONE',  ( 57.23916026377094823, 3.033049407409614595, 16.40578283039020846 ) ) ;
#3991 = ORIENTED_EDGE ( 'NONE', *, *, #4581, .T. ) ;
#3992 = CARTESIAN_POINT ( 'NONE',  ( 52.59533958319099156, 71.20602411418909128, 19.83954528252819927 ) ) ;
#3993 = CARTESIAN_POINT ( 'NONE',  ( 51.94980739209337628, 71.25029803072631296, 19.82672570504395182 ) ) ;
#3994 = CARTESIAN_POINT ( 'NONE',  ( 58.63390697546458341, 60.16639453598290999, 10.45517321735689187 ) ) ;
#3995 = CARTESIAN_POINT ( 'NONE',  ( 50.01162445115250677, 70.50199890136700276, 20.47738517801452574 ) ) ;
#3996 = CARTESIAN_POINT ( 'NONE',  ( 48.14036603383378576, 71.13601004347783885, 19.08318429748950962 ) ) ;
#3997 = ORIENTED_EDGE ( 'NONE', *, *, #2908, .F. ) ;
#3998 = CARTESIAN_POINT ( 'NONE',  ( 35.24955394561818167, 64.50199890136700276, 20.06000020980799903 ) ) ;
#3999 = FACE_BOUND ( 'NONE', #1025, .T. ) ;
#4000 = VERTEX_POINT ( 'NONE', #3355 ) ;
#4001 = ORIENTED_EDGE ( 'NONE', *, *, #2798, .T. ) ;
#4002 = EDGE_CURVE ( 'NONE', #1226, #3424, #311, .T. ) ;
#4003 = CARTESIAN_POINT ( 'NONE',  ( 27.48918334204437386, 73.00199890136700276, 11.56580769869921710 ) ) ;
#4004 = CARTESIAN_POINT ( 'NONE',  ( 57.87682222637969431, 67.57542137395340376, 19.83954528252819216 ) ) ;
#4005 = CARTESIAN_POINT ( 'NONE',  ( 58.16475601106039051, 61.04670135325996938, 8.578263959650128001 ) ) ;
#4006 = ADVANCED_FACE ( 'NONE', ( #4499 ), #4076, .T. ) ;
#4007 = CARTESIAN_POINT ( 'NONE',  ( 58.16498535439886552, 62.87785598232212436, 7.804545356489630770 ) ) ;
#4008 = FACE_OUTER_BOUND ( 'NONE', #896, .T. ) ;
#4009 = LINE ( 'NONE', #620, #2783 ) ;
#4010 = CARTESIAN_POINT ( 'NONE',  ( 57.22359231786677469, 3.005884036102770551, 16.27441677641412454 ) ) ;
#4011 = DIRECTION ( 'NONE',  ( 0.0001252452049413511459, 0.9999999921568193395, 0.000000000000000000 ) ) ;
#4012 = ORIENTED_EDGE ( 'NONE', *, *, #3044, .T. ) ;
#4013 = CARTESIAN_POINT ( 'NONE',  ( 58.15800094435959267, -0.4999999999916412419, -4.219999790191996780 ) ) ;
#4014 = DIRECTION ( 'NONE',  ( -0.000000000000000000, -1.000000000000000000, -0.000000000000000000 ) ) ;
#4015 = CARTESIAN_POINT ( 'NONE',  ( 53.82499999999999574, 23.16500000000000270, 20.06000020980799903 ) ) ;
#4016 = CARTESIAN_POINT ( 'NONE',  ( 42.41174749723477788, 70.50199890136700276, 14.00436284018243249 ) ) ;
#4017 = CARTESIAN_POINT ( 'NONE',  ( 45.51044689084757522, 70.93129111106101448, 10.26582976212688258 ) ) ;
#4018 = ORIENTED_EDGE ( 'NONE', *, *, #2304, .T. ) ;
#4019 = CARTESIAN_POINT ( 'NONE',  ( 58.16476917746095410, 61.15182634074048451, 19.36273247577772594 ) ) ;
#4020 = AXIS2_PLACEMENT_3D ( 'NONE', #565, #4332, #1699 ) ;
#4021 = CARTESIAN_POINT ( 'NONE',  ( 52.43374655087463765, 71.38140642899951160, 8.171660209173639444 ) ) ;
#4022 = FACE_BOUND ( 'NONE', #73, .T. ) ;
#4023 = EDGE_LOOP ( 'NONE', ( #4254, #4130, #4175, #634 ) ) ;
#4024 = ORIENTED_EDGE ( 'NONE', *, *, #496, .F. ) ;
#4025 = CARTESIAN_POINT ( 'NONE',  ( 58.16500091023044661, 63.50199890136699565, 7.646460294627999588 ) ) ;
#4026 = CARTESIAN_POINT ( 'NONE',  ( 58.41702959027237796, 66.46750019234238493, 19.83954528252819571 ) ) ;
#4027 = ADVANCED_FACE ( 'NONE', ( #766 ), #2522, .F. ) ;
#4028 = LINE ( 'NONE', #2603, #3327 ) ;
#4029 = DIRECTION ( 'NONE',  ( 0.0001060570958347216463, 0.9999999943759462218, 0.000000000000000000 ) ) ;
#4030 = VECTOR ( 'NONE', #3086, 1000.000000000000000 ) ;
#4031 = FACE_OUTER_BOUND ( 'NONE', #4199, .T. ) ;
#4032 = EDGE_CURVE ( 'NONE', #2101, #3795, #2475, .T. ) ;
#4033 = ORIENTED_EDGE ( 'NONE', *, *, #3884, .F. ) ;
#4034 = VERTEX_POINT ( 'NONE', #1397 ) ;
#4035 = CIRCLE ( 'NONE', #3803, 3.000000000000000444 ) ;
#4036 = CARTESIAN_POINT ( 'NONE',  ( 58.21076919160179841, 63.55464020900549116, 8.221257671799726552 ) ) ;
#4037 = CARTESIAN_POINT ( 'NONE',  ( 51.51519717609245674, 71.09695087956394843, 19.81187127463641673 ) ) ;
#4038 = LINE ( 'NONE', #676, #4518 ) ;
#4039 = CARTESIAN_POINT ( 'NONE',  ( 45.33892725053851080, 70.77258417044869532, 17.94375949517197810 ) ) ;
#4040 = EDGE_CURVE ( 'NONE', #1585, #2240, #3104, .T. ) ;
#4041 = VECTOR ( 'NONE', #1407, 1000.000000000000000 ) ;
#4042 = CARTESIAN_POINT ( 'NONE',  ( 44.30766768438629555, 70.83786304597086314, 16.62673467250890624 ) ) ;
#4043 = ORIENTED_EDGE ( 'NONE', *, *, #4251, .F. ) ;
#4044 = AXIS2_PLACEMENT_3D ( 'NONE', #4716, #3609, #595 ) ;
#4045 = FACE_BOUND ( 'NONE', #1678, .T. ) ;
#4046 = LINE ( 'NONE', #3296, #2926 ) ;
#4047 = CARTESIAN_POINT ( 'NONE',  ( 56.16351561351428501, 51.14307390121241070, 21.56261470659513080 ) ) ;
#4048 = ADVANCED_FACE ( 'NONE', ( #711 ), #2756, .T. ) ;
#4049 = VECTOR ( 'NONE', #3308, 1000.000000000000000 ) ;
#4050 = ORIENTED_EDGE ( 'NONE', *, *, #3765, .F. ) ;
#4051 = ORIENTED_EDGE ( 'NONE', *, *, #3379, .T. ) ;
#4052 = AXIS2_PLACEMENT_3D ( 'NONE', #494, #4212, #2336 ) ;
#4053 = CARTESIAN_POINT ( 'NONE',  ( 56.16351561351428501, 51.14307390121241070, 21.56261470659513080 ) ) ;
#4054 = CARTESIAN_POINT ( 'NONE',  ( 57.74670169690610777, 66.09923333024046599, 7.874341858681403572 ) ) ;
#4055 = LINE ( 'NONE', #1421, #3890 ) ;
#4056 = CARTESIAN_POINT ( 'NONE',  ( 58.16444000096900169, 58.52357011812999588, 10.55326966063525518 ) ) ;
#4057 = CARTESIAN_POINT ( 'NONE',  ( 4.608169631895444596, 70.24343859349188790, 17.97164459928796276 ) ) ;
#4058 = CARTESIAN_POINT ( 'NONE',  ( 42.42937165317579939, 9.999999999999987566, -4.219999790191999445 ) ) ;
#4059 = CARTESIAN_POINT ( 'NONE',  ( 58.65031826610850629, 65.70099818595238617, 19.82030547500490414 ) ) ;
#4060 = EDGE_LOOP ( 'NONE', ( #2721, #2295, #121, #2748 ) ) ;
#4061 = ORIENTED_EDGE ( 'NONE', *, *, #1050, .T. ) ;
#4062 = EDGE_CURVE ( 'NONE', #3756, #1396, #301, .T. ) ;
#4063 = CARTESIAN_POINT ( 'NONE',  ( 53.85813892135542602, 72.41650242656422165, 8.169180397836585783 ) ) ;
#4064 = FACE_OUTER_BOUND ( 'NONE', #4271, .T. ) ;
#4065 = CARTESIAN_POINT ( 'NONE',  ( 55.16020914637743289, 24.74318682140340186, 20.06000020980799903 ) ) ;
#4066 = PLANE ( 'NONE',  #2243 ) ;
#4067 = DIRECTION ( 'NONE',  ( -1.000000000000000000, 0.000000000000000000, 0.000000000000000000 ) ) ;
#4068 = CARTESIAN_POINT ( 'NONE',  ( 44.85586529783402909, 70.88058269306776538, 17.22107517723597070 ) ) ;
#4069 = VERTEX_POINT ( 'NONE', #855 ) ;
#4070 = EDGE_CURVE ( 'NONE', #285, #721, #992, .T. ) ;
#4071 = CARTESIAN_POINT ( 'NONE',  ( 59.66500089984056387, 65.19847021865642489, -5.219999790192000333 ) ) ;
#4072 = CARTESIAN_POINT ( 'NONE',  ( 2.497778249642698345, 12.19817643022006237, 24.06000020980799903 ) ) ;
#4073 = CARTESIAN_POINT ( 'NONE',  ( 56.16364085871922640, 52.14307389336923393, 6.562614706595136127 ) ) ;
#4074 = VERTEX_POINT ( 'NONE', #1434 ) ;
#4075 = VERTEX_POINT ( 'NONE', #1273 ) ;
#4076 = CYLINDRICAL_SURFACE ( 'NONE', #203, 1.000000000000004219 ) ;
#4077 = CARTESIAN_POINT ( 'NONE',  ( 52.29907334666047802, 70.48945234607197108, 7.869778087516794862 ) ) ;
#4078 = CARTESIAN_POINT ( 'NONE',  ( -2.000000000000000000, 29.17316163251585692, -0.7709996074473568495 ) ) ;
#4079 = CARTESIAN_POINT ( 'NONE',  ( 58.16427042858742169, 57.16964698381623577, 14.00436284018138089 ) ) ;
#4080 = CARTESIAN_POINT ( 'NONE',  ( 58.16444019275451893, 58.52510139765639963, 17.45435225671439383 ) ) ;
#4081 = CARTESIAN_POINT ( 'NONE',  ( 52.25674962666494849, 70.41692957692008292, 7.172085184135561065 ) ) ;
#4082 = DIRECTION ( 'NONE',  ( 0.6689554737091639725, -0.7433024782647695838, 0.000000000000000000 ) ) ;
#4083 = CARTESIAN_POINT ( 'NONE',  ( 58.67038681710286596, 64.21920122500867478, 19.60542609240745904 ) ) ;
#4084 = VERTEX_POINT ( 'NONE', #4347 ) ;
#4085 = ORIENTED_EDGE ( 'NONE', *, *, #4352, .F. ) ;
#4086 = CARTESIAN_POINT ( 'NONE',  ( 58.36750158431002689, 63.43140452600519552, 8.473414967085856730 ) ) ;
#4087 = DIRECTION ( 'NONE',  ( 0.000000000000000000, 0.000000000000000000, 1.000000000000000000 ) ) ;
#4088 = CARTESIAN_POINT ( 'NONE',  ( 58.89608345668673905, 63.46746853544669875, 8.664321446897009338 ) ) ;
#4089 = DIRECTION ( 'NONE',  ( 0.000000000000000000, -0.000000000000000000, -1.000000000000000000 ) ) ;
#4090 = CARTESIAN_POINT ( 'NONE',  ( 51.27283298043521143, 71.23574346069118235, 19.77803851650141098 ) ) ;
#4091 = EDGE_CURVE ( 'NONE', #3451, #113, #2052, .T. ) ;
#4092 = CYLINDRICAL_SURFACE ( 'NONE', #1895, 6.999999999999999112 ) ;
#4093 = ORIENTED_EDGE ( 'NONE', *, *, #3494, .T. ) ;
#4094 = CARTESIAN_POINT ( 'NONE',  ( 51.19851811450894985, 70.50194876834976299, 20.44571996095512390 ) ) ;
#4095 = CARTESIAN_POINT ( 'NONE',  ( 42.42937165317579939, 9.999999999999987566, -5.219999790191999445 ) ) ;
#4096 = DIRECTION ( 'NONE',  ( -0.000000000000000000, 1.000000000000000000, 0.000000000000000000 ) ) ;
#4097 = ADVANCED_FACE ( 'NONE', ( #2764 ), #4066, .F. ) ;
#4098 = EDGE_CURVE ( 'NONE', #536, #4318, #4532, .T. ) ;
#4099 = ORIENTED_EDGE ( 'NONE', *, *, #1635, .F. ) ;
#4100 = ORIENTED_EDGE ( 'NONE', *, *, #4699, .T. ) ;
#4101 = B_SPLINE_CURVE_WITH_KNOTS ( 'NONE', 5,
 ( #2395, #1592, #2049, #2720, #1318, #3133, #1663, #3850 ),
 .UNSPECIFIED., .F., .F.,
 ( 6, 2, 6 ),
 ( 0.000000000000000000, 0.5000000000000000000, 1.000000000000000000 ),
 .UNSPECIFIED. ) ;
#4102 = CARTESIAN_POINT ( 'NONE',  ( 34.97599999999999909, 67.89399999999999125, 29.00974767811383614 ) ) ;
#4103 = CARTESIAN_POINT ( 'NONE',  ( 53.95714365027629356, 70.84254315407073932, 8.169180397835051011 ) ) ;
#4104 = CARTESIAN_POINT ( 'NONE',  ( 58.00871069967667637, 66.03041627013261916, 19.91247890243890950 ) ) ;
#4105 = CARTESIAN_POINT ( 'NONE',  ( 58.16512663072984424, 64.00585389608868070, 20.35341916938110529 ) ) ;
#4106 = CARTESIAN_POINT ( 'NONE',  ( 58.16498557537885006, 62.87962036115757058, 7.809446437087698811 ) ) ;
#4107 = CARTESIAN_POINT ( 'NONE',  ( 51.59418111566804299, 70.49001992752627643, 7.213423693639472667 ) ) ;
#4108 = FACE_OUTER_BOUND ( 'NONE', #1199, .T. ) ;
#4109 = CARTESIAN_POINT ( 'NONE',  ( 57.81958274861704439, 65.90026719914334308, 20.13529504985886120 ) ) ;
#4110 = EDGE_CURVE ( 'NONE', #2284, #1045, #903, .T. ) ;
#4111 = ORIENTED_EDGE ( 'NONE', *, *, #3576, .F. ) ;
#4112 = EDGE_LOOP ( 'NONE', ( #2573, #2388, #1649, #526 ) ) ;
#4113 = LINE ( 'NONE', #2609, #2630 ) ;
#4114 = CARTESIAN_POINT ( 'NONE',  ( 58.16500091023048213, 63.27520971457040133, 20.01575668436102617 ) ) ;
#4115 = FACE_OUTER_BOUND ( 'NONE', #4372, .T. ) ;
#4116 = CARTESIAN_POINT ( 'NONE',  ( 9.176050581058618150, 29.17316163251585692, 2.869023291571487277 ) ) ;
#4117 = DIRECTION ( 'NONE',  ( 0.000000000000000000, -1.000000000000000000, 0.000000000000000000 ) ) ;
#4118 = AXIS2_PLACEMENT_3D ( 'NONE', #1774, #4117, #4463 ) ;
#4119 = ORIENTED_EDGE ( 'NONE', *, *, #2855, .T. ) ;
#4120 = DIRECTION ( 'NONE',  ( 0.9999999943759462218, -0.0001060570958313862609, -0.000000000000000000 ) ) ;
#4121 = VERTEX_POINT ( 'NONE', #142 ) ;
#4122 = LINE ( 'NONE', #4856, #3250 ) ;
#4123 = CIRCLE ( 'NONE', #507, 4.999999999999990230 ) ;
#4124 = CARTESIAN_POINT ( 'NONE',  ( 31.50521378514581272, 67.50199890136700276, 24.06000020980799903 ) ) ;
#4125 = CARTESIAN_POINT ( 'NONE',  ( 9.239999999999998437, 71.60199890136701129, 14.64000020980799910 ) ) ;
#4126 = CARTESIAN_POINT ( 'NONE',  ( 9.239999999999998437, 73.00199890136700276, 16.14000020980800088 ) ) ;
#4127 = VECTOR ( 'NONE', #752, 1000.000000000000000 ) ;
#4128 = VECTOR ( 'NONE', #886, 1000.000000000000000 ) ;
#4129 = ORIENTED_EDGE ( 'NONE', *, *, #1580, .T. ) ;
#4130 = ORIENTED_EDGE ( 'NONE', *, *, #2870, .F. ) ;
#4131 = CARTESIAN_POINT ( 'NONE',  ( 58.16441199025070574, 58.29992308715481641, 11.46202261725242977 ) ) ;
#4132 = EDGE_CURVE ( 'NONE', #4772, #926, #1647, .T. ) ;
#4133 = CYLINDRICAL_SURFACE ( 'NONE', #449, 1.750000000000001554 ) ;
#4134 = FACE_BOUND ( 'NONE', #2580, .T. ) ;
#4135 = AXIS2_PLACEMENT_3D ( 'NONE', #573, #4014, #2067 ) ;
#4136 = CARTESIAN_POINT ( 'NONE',  ( 59.46845199580726415, 65.93581972389135615, 8.223985787185622343 ) ) ;
#4137 = CARTESIAN_POINT ( 'NONE',  ( 58.16512241846732678, 63.97222177035357049, 7.519447428587725746 ) ) ;
#4138 = AXIS2_PLACEMENT_3D ( 'NONE', #614, #2839, #2499 ) ;
#4139 = EDGE_CURVE ( 'NONE', #2521, #1257, #1372, .T. ) ;
#4140 = CARTESIAN_POINT ( 'NONE',  ( 52.33671252816344577, 70.40372971452252671, 7.333330200065264037 ) ) ;
#4141 = CARTESIAN_POINT ( 'NONE',  ( 9.239999999999998437, 71.60199890136701129, 14.64000020980799910 ) ) ;
#4142 = CARTESIAN_POINT ( 'NONE',  ( 57.97605362555551523, 65.40521373076042266, 20.12339765208901454 ) ) ;
#4143 = VERTEX_POINT ( 'NONE', #4436 ) ;
#4144 = VERTEX_POINT ( 'NONE', #211 ) ;
#4145 = CARTESIAN_POINT ( 'NONE',  ( 58.36185956147065212, 63.19477285553100643, 8.542469105903560234 ) ) ;
#4146 = CARTESIAN_POINT ( 'NONE',  ( 57.66357613113579106, 49.56787642378290570, 10.98761470659512973 ) ) ;
#4147 = CARTESIAN_POINT ( 'NONE',  ( 58.16500091023044661, 63.16870562884373186, 7.752811713165271179 ) ) ;
#4148 = CARTESIAN_POINT ( 'NONE',  ( 45.37218516602513319, 70.84835505301366254, 10.10930097652961557 ) ) ;
#4149 = VERTEX_POINT ( 'NONE', #4798 ) ;
#4150 = CARTESIAN_POINT ( 'NONE',  ( 50.04691817041810253, 71.28532755054810366, 8.414511825540524015 ) ) ;
#4151 = ORIENTED_EDGE ( 'NONE', *, *, #4070, .T. ) ;
#4152 = CARTESIAN_POINT ( 'NONE',  ( 57.44808357939199794, 69.94720192921512592, -5.219999790191999445 ) ) ;
#4153 = DIRECTION ( 'NONE',  ( -1.000000000000000000, 0.000000000000000000, 0.000000000000000000 ) ) ;
#4154 = ORIENTED_EDGE ( 'NONE', *, *, #2463, .T. ) ;
#4155 = ORIENTED_EDGE ( 'NONE', *, *, #2740, .T. ) ;
#4156 = CARTESIAN_POINT ( 'NONE',  ( 57.70327097885007106, 66.00238647880726717, 7.336159783123568978 ) ) ;
#4157 = CARTESIAN_POINT ( 'NONE',  ( 56.32885297245510259, 69.68361783148228028, 8.169180397836582230 ) ) ;
#4158 = CARTESIAN_POINT ( 'NONE',  ( 58.16500091023044661, 63.00205899257918674, -4.219999790191996780 ) ) ;
#4159 = EDGE_LOOP ( 'NONE', ( #2423, #1165, #2687, #19 ) ) ;
#4160 = CARTESIAN_POINT ( 'NONE',  ( 58.67472178855225451, 63.98915919839514999, 19.55179911116599811 ) ) ;
#4161 = ORIENTED_EDGE ( 'NONE', *, *, #3898, .F. ) ;
#4162 = LINE ( 'NONE', #55, #4297 ) ;
#4163 = CARTESIAN_POINT ( 'NONE',  ( 58.33495057347921886, 66.21458374394755708, 19.83944331543941786 ) ) ;
#4164 = ADVANCED_FACE ( 'NONE', ( #3947 ), #4661, .F. ) ;
#4165 = EDGE_LOOP ( 'NONE', ( #1416, #3405, #1530, #2918 ) ) ;
#4166 = CARTESIAN_POINT ( 'NONE',  ( 40.82937165317581929, 54.60199890136700418, -5.219999790191999445 ) ) ;
#4167 = CARTESIAN_POINT ( 'NONE',  ( 51.15800094435959267, 6.500000000008358647, -4.219999790191996780 ) ) ;
#4168 = CARTESIAN_POINT ( 'NONE',  ( 5.498229508874782567, 15.19772510309946689, 20.06000020980799903 ) ) ;
#4169 = ORIENTED_EDGE ( 'NONE', *, *, #3132, .T. ) ;
#4170 = CARTESIAN_POINT ( 'NONE',  ( 64.94689462810370628, 72.08150863447701795, 19.83954528252819571 ) ) ;
#4171 = VERTEX_POINT ( 'NONE', #3136 ) ;
#4172 = CARTESIAN_POINT ( 'NONE',  ( 51.16500091023044661, 70.50199890136700276, 20.74685507151181696 ) ) ;
#4173 = FACE_OUTER_BOUND ( 'NONE', #3321, .T. ) ;
#4174 = CARTESIAN_POINT ( 'NONE',  ( 59.66500089984057809, 64.47872069985531596, 19.45571367602825674 ) ) ;
#4175 = ORIENTED_EDGE ( 'NONE', *, *, #237, .F. ) ;
#4176 = ORIENTED_EDGE ( 'NONE', *, *, #2961, .T. ) ;
#4177 = CARTESIAN_POINT ( 'NONE',  ( 52.15710933916395220, -0.006532427899574973044, 0.000000000000000000 ) ) ;
#4178 = CARTESIAN_POINT ( 'NONE',  ( 58.35241879958021372, 66.16170901608144561, 8.168728331311546853 ) ) ;
#4179 = DIRECTION ( 'NONE',  ( 0.000000000000000000, 0.000000000000000000, -1.000000000000000000 ) ) ;
#4180 = DIRECTION ( 'NONE',  ( 1.000000000000000000, 0.000000000000000000, 0.000000000000000000 ) ) ;
#4181 = ORIENTED_EDGE ( 'NONE', *, *, #2143, .T. ) ;
#4182 = PRODUCT_RELATED_PRODUCT_CATEGORY ( 'part', '', ( #2408 ) ) ;
#4183 = CARTESIAN_POINT ( 'NONE',  ( 58.80742883026400136, 63.99672785186832868, 19.52340743814685098 ) ) ;
#4184 = LINE ( 'NONE', #1258, #3893 ) ;
#4185 = EDGE_CURVE ( 'NONE', #2079, #4084, #2719, .T. ) ;
#4186 = CARTESIAN_POINT ( 'NONE',  ( 52.49145280776657074, 70.37517323085425858, 20.83954528252819571 ) ) ;
#4187 = DIRECTION ( 'NONE',  ( 0.000000000000000000, 1.000000000000000000, -1.050493145930707254E-16 ) ) ;
#4188 = CARTESIAN_POINT ( 'NONE',  ( 58.86452689945235761, 63.08138283953465475, 19.21778822336484183 ) ) ;
#4189 = EDGE_CURVE ( 'NONE', #2857, #1893, #3897, .T. ) ;
#4190 = SURFACE_STYLE_FILL_AREA ( #32 ) ;
#4191 = CARTESIAN_POINT ( 'NONE',  ( 52.16058490552179450, 27.74356253348867796, 20.06000020980799903 ) ) ;
#4192 = DIRECTION ( 'NONE',  ( -0.000000000000000000, -0.000000000000000000, 1.000000000000000000 ) ) ;
#4193 = ORIENTED_EDGE ( 'NONE', *, *, #1182, .F. ) ;
#4194 = CARTESIAN_POINT ( 'NONE',  ( 51.25993888558766542, 70.75099172185336727, 19.89388543037836143 ) ) ;
#4195 = ADVANCED_FACE ( 'NONE', ( #4305 ), #243, .T. ) ;
#4196 = PLANE ( 'NONE',  #1292 ) ;
#4197 = DIRECTION ( 'NONE',  ( -1.000000000000000000, 8.354428260304294889E-12, 0.000000000000000000 ) ) ;
#4198 = VECTOR ( 'NONE', #3324, 1000.000000000000000 ) ;
#4199 = EDGE_LOOP ( 'NONE', ( #1482, #881, #1057, #786 ) ) ;
#4200 = EDGE_LOOP ( 'NONE', ( #1334, #61, #2199, #2073 ) ) ;
#4201 = CARTESIAN_POINT ( 'NONE',  ( 46.74579505123644196, 70.50199890136700276, 19.54894957315120152 ) ) ;
#4202 = CIRCLE ( 'NONE', #114, 1.749999999999999778 ) ;
#4203 = ADVANCED_FACE ( 'NONE', ( #3180 ), #4326, .F. ) ;
#4204 = CARTESIAN_POINT ( 'NONE',  ( 58.10228225712407379, 64.85713901681901916, 7.940209702246063372 ) ) ;
#4205 = LINE ( 'NONE', #4662, #3713 ) ;
#4206 = AXIS2_PLACEMENT_3D ( 'NONE', #454, #3464, #3911 ) ;
#4207 = VECTOR ( 'NONE', #2752, 1000.000000000000000 ) ;
#4208 = VERTEX_POINT ( 'NONE', #3345 ) ;
#4209 = CARTESIAN_POINT ( 'NONE',  ( 58.38034651675694420, 63.95838230585952289, 8.341971625587278893 ) ) ;
#4210 = AXIS2_PLACEMENT_3D ( 'NONE', #288, #1785, #1103 ) ;
#4211 = AXIS2_PLACEMENT_3D ( 'NONE', #4533, #3336, #1452 ) ;
#4212 = DIRECTION ( 'NONE',  ( 0.0001252452049413511459, 0.9999999921568193395, 0.000000000000000000 ) ) ;
#4213 = CARTESIAN_POINT ( 'NONE',  ( 45.82937165317581929, 31.00199890136700631, -4.219999790191999445 ) ) ;
#4214 = CARTESIAN_POINT ( 'NONE',  ( 52.29907333493355281, 70.48945234200088805, 20.13894761480878515 ) ) ;
#4215 = CARTESIAN_POINT ( 'NONE',  ( -0.5000000000000002220, 39.99999999997785949, 0.4064026629430845250 ) ) ;
#4216 = CARTESIAN_POINT ( 'NONE',  ( 59.66500089984057809, 65.19522085297911929, 25.66000020980800400 ) ) ;
#4217 = VECTOR ( 'NONE', #2123, 1000.000000000000000 ) ;
#4218 = DIRECTION ( 'NONE',  ( 1.000000000000000000, 0.000000000000000000, 0.000000000000000000 ) ) ;
#4219 = CARTESIAN_POINT ( 'NONE',  ( 58.95372462262968583, 64.20698883994614903, 19.54052297475346833 ) ) ;
#4220 = EDGE_CURVE ( 'NONE', #4208, #3436, #2389, .T. ) ;
#4221 = ORIENTED_EDGE ( 'NONE', *, *, #1979, .T. ) ;
#4222 = CARTESIAN_POINT ( 'NONE',  ( 51.27479443691992600, 71.38000303812485470, 8.248309857285880398 ) ) ;
#4223 = CARTESIAN_POINT ( 'NONE',  ( 9.239999999999998437, 71.60199890136701129, 20.34000020980800372 ) ) ;
#4224 = CARTESIAN_POINT ( 'NONE',  ( 55.16020914637743289, 24.74318682140338410, -2.146728540149636367E-14 ) ) ;
#4225 = CARTESIAN_POINT ( 'NONE',  ( 53.98126213501114279, 71.01917566653915515, 8.169180397836587559 ) ) ;
#4226 = EDGE_CURVE ( 'NONE', #2319, #2302, #425, .T. ) ;
#4227 = ORIENTED_EDGE ( 'NONE', *, *, #4002, .T. ) ;
#4228 = ORIENTED_EDGE ( 'NONE', *, *, #519, .T. ) ;
#4229 = CARTESIAN_POINT ( 'NONE',  ( 52.34160847584367104, 70.70928654863790541, 8.093370702801525596 ) ) ;
#4230 = CARTESIAN_POINT ( 'NONE',  ( 58.62483199136507039, 66.39179478359430675, 8.169180397836587559 ) ) ;
#4231 = CARTESIAN_POINT ( 'NONE',  ( 57.99510490911978877, 4.998664136498688570, 16.13758113637682712 ) ) ;
#4232 = ORIENTED_EDGE ( 'NONE', *, *, #3613, .T. ) ;
#4233 = ORIENTED_EDGE ( 'NONE', *, *, #1286, .F. ) ;
#4234 = ORIENTED_EDGE ( 'NONE', *, *, #1328, .T. ) ;
#4235 = CARTESIAN_POINT ( 'NONE',  ( 16.00513015478068723, 54.03152911522300883, 3.099999999999999645 ) ) ;
#4236 = FACE_OUTER_BOUND ( 'NONE', #2726, .T. ) ;
#4237 = CARTESIAN_POINT ( 'NONE',  ( 52.53715754702045615, 70.36836153724348719, 20.51059164326543183 ) ) ;
#4238 = CARTESIAN_POINT ( 'NONE',  ( 16.82937165317581218, 54.60199890136701129, -4.219999790191999445 ) ) ;
#4239 = FACE_OUTER_BOUND ( 'NONE', #2293, .T. ) ;
#4240 = LINE ( 'NONE', #3537, #2858 ) ;
#4241 = ORIENTED_EDGE ( 'NONE', *, *, #3884, .T. ) ;
#4242 = CARTESIAN_POINT ( 'NONE',  ( 57.26782877060372101, 68.71704502277466986, 19.83954528252819216 ) ) ;
#4243 = FACE_OUTER_BOUND ( 'NONE', #4280, .T. ) ;
#4244 = CARTESIAN_POINT ( 'NONE',  ( 38.24955394561818878, 64.50199890136700276, 20.06000020980799903 ) ) ;
#4245 = ADVANCED_FACE ( 'NONE', ( #1876 ), #1090, .F. ) ;
#4246 = CARTESIAN_POINT ( 'NONE',  ( 58.58005428119840730, 59.48870501180381609, 16.83858407413791625 ) ) ;
#4247 = DIRECTION ( 'NONE',  ( 0.9999999943759462218, -0.0001060570958313862474, 0.000000000000000000 ) ) ;
#4248 = ORIENTED_EDGE ( 'NONE', *, *, #2561, .F. ) ;
#4249 = CARTESIAN_POINT ( 'NONE',  ( 52.09116200472565339, 70.51674028796557536, 7.866625215521099612 ) ) ;
#4250 = CARTESIAN_POINT ( 'NONE',  ( 57.72374196820188530, 65.94883795143893224, 7.335999341941715990 ) ) ;
#4251 = EDGE_CURVE ( 'NONE', #2417, #3856, #3643, .T. ) ;
#4252 = LINE ( 'NONE', #878, #4660 ) ;
#4253 = ORIENTED_EDGE ( 'NONE', *, *, #1229, .T. ) ;
#4254 = ORIENTED_EDGE ( 'NONE', *, *, #3294, .T. ) ;
#4255 = ORIENTED_EDGE ( 'NONE', *, *, #554, .F. ) ;
#4256 = ORIENTED_EDGE ( 'NONE', *, *, #708, .T. ) ;
#4257 = PLANE ( 'NONE',  #1931 ) ;
#4258 = DIRECTION ( 'NONE',  ( 0.9999999943759462218, -0.0001060570958313862745, -0.000000000000000000 ) ) ;
#4259 = AXIS2_PLACEMENT_3D ( 'NONE', #1092, #3056, #2589 ) ;
#4260 = CARTESIAN_POINT ( 'NONE',  ( 57.26988953584636022, 67.10848409149710392, 20.13421701694519683 ) ) ;
#4261 = B_SPLINE_SURFACE_WITH_KNOTS ( 'NONE', 5, 3, ( 
 ( #4652, #177, #85, #549, #3078, #155, #527, #2390, #1659, #1289, #2716 ),
 ( #3173, #3868, #2736, #4584, #2045, #2757, #2021, #2779, #3520, #1219, #4680 ),
 ( #3147, #480, #848, #1681, #4267, #871, #4298, #3847, #3894, #2366, #501 ),
 ( #459, #1970, #3541, #921, #827, #1641, #1997, #3470, #3129, #2414, #2690 ),
 ( #4194, #1614, #891, #2324, #3825, #107, #1950, #3105, #3447, #2343, #4609 ),
 ( #3498, #135, #4631, #4037, #673, #3568, #205, #1406, #626, #1794, #274 ),
 ( #1747, #2805, #248, #3241, #1359, #3993, #1726, #2163, #3287, #2113, #1336 ),
 ( #4340, #2533, #3663, #4749, #2459, #1386, #2512, #1037, #3196, #3637, #1315 ) ),
 .UNSPECIFIED., .F., .F., .F.,
 ( 6, 2, 6 ),
 ( 4, 1, 1, 1, 1, 1, 1, 1, 4 ),
 ( 0.000000000000000000, 0.5000000000000000000, 1.000000000000000000 ),
 ( 0.000000000000000000, 0.0001017117812537659876, 0.0002542794531344149691, 0.0004577030156419469443, 0.0007628383594032449614, 0.001067973703164542924, 0.001271397265672074900, 0.001423964937552723827, 0.001525676718806489706 ),
 .UNSPECIFIED. ) ;
#4262 = CARTESIAN_POINT ( 'NONE',  ( 31.50521378514581272, 67.50199890136700276, 24.06000020980799903 ) ) ;
#4263 = DIRECTION ( 'NONE',  ( -1.086328977807346363E-19, -8.673617243826540632E-16, -1.000000000000000000 ) ) ;
#4264 = ADVANCED_FACE ( 'NONE', ( #4485 ), #2952, .F. ) ;
#4265 = CARTESIAN_POINT ( 'NONE',  ( -0.5005768452165902938, 29.17367721997403507, 2.869023291571487277 ) ) ;
#4266 = ORIENTED_EDGE ( 'NONE', *, *, #2088, .F. ) ;
#4267 = CARTESIAN_POINT ( 'NONE',  ( 51.61423399523572186, 70.48857055135559335, 20.48151539650261199 ) ) ;
#4268 = CARTESIAN_POINT ( 'NONE',  ( 58.67312687645252112, 60.64665261081110259, 10.05413503938204123 ) ) ;
#4269 = CARTESIAN_POINT ( 'NONE',  ( 52.16020916990697032, 24.74356255701822604, 24.06000020980799903 ) ) ;
#4270 = CARTESIAN_POINT ( 'NONE',  ( 50.04707160614782424, 71.28534167335084248, 19.59424202105222790 ) ) ;
#4271 = EDGE_LOOP ( 'NONE', ( #2465, #4547, #2183, #4001 ) ) ;
#4272 = DIRECTION ( 'NONE',  ( 0.6689554737091639725, -0.7433024782647695838, 0.000000000000000000 ) ) ;
#4273 = CARTESIAN_POINT ( 'NONE',  ( 51.84341997653202583, 70.74235333326424779, 8.091787985938182715 ) ) ;
#4274 =( BOUNDED_CURVE ( )  B_SPLINE_CURVE ( 3, ( #2867, #3188, #1348, #217 ),
 .UNSPECIFIED., .F., .F. ) 
 B_SPLINE_CURVE_WITH_KNOTS ( ( 4, 4 ),
 ( 0.9871375135975578585, 1.133307748494720268 ),
 .UNSPECIFIED. ) 
 CURVE ( )  GEOMETRIC_REPRESENTATION_ITEM ( )  RATIONAL_B_SPLINE_CURVE ( ( 1.000000000000000000, 0.9982203142536751894, 0.9982203142536751894, 1.000000000000000000 ) ) 
 REPRESENTATION_ITEM ( '' )  );
#4275 = DIRECTION ( 'NONE',  ( 0.000000000000000000, 0.000000000000000000, 1.000000000000000000 ) ) ;
#4276 = CARTESIAN_POINT ( 'NONE',  ( 54.69990849058053328, 69.57257856671620289, 7.169180397836580454 ) ) ;
#4277 = VECTOR ( 'NONE', #2367, 1000.000000000000114 ) ;
#4278 = VERTEX_POINT ( 'NONE', #3002 ) ;
#4279 = VERTEX_POINT ( 'NONE', #3421 ) ;
#4280 = EDGE_LOOP ( 'NONE', ( #2495, #1203, #4119, #2875 ) ) ;
#4281 = EDGE_CURVE ( 'NONE', #2403, #1650, #2188, .T. ) ;
#4282 = MANIFOLD_SOLID_BREP ( 'Boss-Extrude5', #1196 ) ;
#4283 = CARTESIAN_POINT ( 'NONE',  ( 58.47993708751696573, 66.30322789112017290, 8.169180397836578678 ) ) ;
#4284 = CARTESIAN_POINT ( 'NONE',  ( 52.59171371970916198, 70.35708935379423679, 7.333378288502180098 ) ) ;
#4285 = AXIS2_PLACEMENT_3D ( 'NONE', #4461, #1875, #4484 ) ;
#4286 = CARTESIAN_POINT ( 'NONE',  ( 54.63644722652387031, 69.61924073058067108, 20.83954528252819927 ) ) ;
#4287 = COLOUR_RGB ( '',0.7921568627450980005, 0.8196078431372548767, 0.9333333333333333481 ) ;
#4288 = EDGE_CURVE ( 'NONE', #2814, #90, #3940, .T. ) ;
#4289 = VECTOR ( 'NONE', #3656, 1000.000000000000000 ) ;
#4290 = CYLINDRICAL_SURFACE ( 'NONE', #2235, 1.750000000000001554 ) ;
#4291 = DIRECTION ( 'NONE',  ( 0.000000000000000000, 1.000000000000000000, 0.000000000000000000 ) ) ;
#4292 = DIRECTION ( 'NONE',  ( 0.000000000000000000, -1.000000000000000000, 0.000000000000000000 ) ) ;
#4293 = CIRCLE ( 'NONE', #3964, 1.000000000000004219 ) ;
#4294 = VECTOR ( 'NONE', #2482, 1000.000000000000000 ) ;
#4295 = CARTESIAN_POINT ( 'NONE',  ( 42.42937165317579939, 16.80000000000000071, -4.219999790191999445 ) ) ;
#4296 = ORIENTED_EDGE ( 'NONE', *, *, #1050, .F. ) ;
#4297 = VECTOR ( 'NONE', #3788, 1000.000000000000000 ) ;
#4298 = CARTESIAN_POINT ( 'NONE',  ( 51.99992533364282110, 70.45292835360561412, 20.50350774176328272 ) ) ;
#4299 = CARTESIAN_POINT ( 'NONE',  ( 52.68094593598600284, 71.35705527792387670, 19.83954528252819571 ) ) ;
#4300 = CARTESIAN_POINT ( 'NONE',  ( 58.81916194257505026, 62.50947566692666157, 19.03734743846810318 ) ) ;
#4301 = FACE_BOUND ( 'NONE', #1270, .T. ) ;
#4302 = ORIENTED_EDGE ( 'NONE', *, *, #2769, .F. ) ;
#4303 = CARTESIAN_POINT ( 'NONE',  ( 52.13048756270065098, 70.73187515044320151, 8.090098053241336018 ) ) ;
#4304 = B_SPLINE_CURVE_WITH_KNOTS ( 'NONE', 5,
 ( #2258, #1475, #3277, #4104, #4788, #2599, #739, #3705 ),
 .UNSPECIFIED., .F., .F.,
 ( 6, 2, 6 ),
 ( 0.000000000000000000, 0.5000000000000000000, 1.000000000000000000 ),
 .UNSPECIFIED. ) ;
#4305 = FACE_OUTER_BOUND ( 'NONE', #2651, .T. ) ;
#4306 = DIRECTION ( 'NONE',  ( -0.000000000000000000, -0.000000000000000000, -1.000000000000000000 ) ) ;
#4307 = PRODUCT_DEFINITION_SHAPE ( 'NONE', 'NONE',  #2648 ) ;
#4308 = ORIENTED_EDGE ( 'NONE', *, *, #4745, .F. ) ;
#4309 = VERTEX_POINT ( 'NONE', #4823 ) ;
#4310 = CARTESIAN_POINT ( 'NONE',  ( -0.5029999997788460186, 6.500000000008358647, -4.219999790191996780 ) ) ;
#4311 = CARTESIAN_POINT ( 'NONE',  ( 59.63216423796159660, 3.383568254884793181, 16.93687496025278705 ) ) ;
#4312 = CARTESIAN_POINT ( 'NONE',  ( 52.50346326045079337, 70.68286334043369834, 19.91535496230685709 ) ) ;
#4313 = EDGE_CURVE ( 'NONE', #721, #285, #1631, .T. ) ;
#4314 = DIRECTION ( 'NONE',  ( -0.000000000000000000, 0.000000000000000000, -1.000000000000000000 ) ) ;
#4315 = CYLINDRICAL_SURFACE ( 'NONE', #831, 1.000000000000004219 ) ;
#4316 = CARTESIAN_POINT ( 'NONE',  ( 9.239999999999998437, 70.50199890136700276, 14.64000020980799910 ) ) ;
#4317 = EDGE_CURVE ( 'NONE', #3822, #710, #799, .T. ) ;
#4318 = VERTEX_POINT ( 'NONE', #3794 ) ;
#4319 = CARTESIAN_POINT ( 'NONE',  ( 58.16364084303285154, 52.14282340295935114, 6.562614706595136127 ) ) ;
#4320 = CYLINDRICAL_SURFACE ( 'NONE', #2942, 3.000000000000002665 ) ;
#4321 = FACE_OUTER_BOUND ( 'NONE', #2972, .T. ) ;
#4322 = CARTESIAN_POINT ( 'NONE',  ( 47.73680968289323800, 70.50199890136700276, 19.95964376875475565 ) ) ;
#4323 = DIRECTION ( 'NONE',  ( -0.0001504310587799637762, -0.9999999886852481978, 0.000000000000000000 ) ) ;
#4324 = ORIENTED_EDGE ( 'NONE', *, *, #408, .T. ) ;
#4325 = CARTESIAN_POINT ( 'NONE',  ( 51.21118829044126386, 70.50192791911219103, 7.409055312528871617 ) ) ;
#4326 = CYLINDRICAL_SURFACE ( 'NONE', #1613, 5.700000000000005507 ) ;
#4327 = CARTESIAN_POINT ( 'NONE',  ( -2.000000000000000000, 54.03152911522300883, 1.250000000000000000 ) ) ;
#4328 = EDGE_LOOP ( 'NONE', ( #4255, #4732, #3404, #955, #2803, #2639, #1531 ) ) ;
#4329 = ORIENTED_EDGE ( 'NONE', *, *, #561, .F. ) ;
#4330 = LINE ( 'NONE', #4310, #3182 ) ;
#4331 = CARTESIAN_POINT ( 'NONE',  ( 58.24563759749783287, 66.87275256139386670, 19.83954528252819571 ) ) ;
#4332 = DIRECTION ( 'NONE',  ( 0.000000000000000000, 0.000000000000000000, 1.000000000000000000 ) ) ;
#4333 = ADVANCED_FACE ( 'NONE', ( #3054 ), #3746, .T. ) ;
#4334 = DIRECTION ( 'NONE',  ( -0.000000000000000000, -0.000000000000000000, 1.000000000000000000 ) ) ;
#4335 = DIRECTION ( 'NONE',  ( -0.0001504310587799664867, -0.9999999886852481978, -0.000000000000000000 ) ) ;
#4336 = FACE_OUTER_BOUND ( 'NONE', #949, .T. ) ;
#4337 = ORIENTED_EDGE ( 'NONE', *, *, #2554, .T. ) ;
#4338 = EDGE_CURVE ( 'NONE', #972, #2225, #10, .T. ) ;
#4339 = CARTESIAN_POINT ( 'NONE',  ( 52.38234498854375687, 70.39569956082532087, 20.51059164311615035 ) ) ;
#4340 = CARTESIAN_POINT ( 'NONE',  ( 51.27479443691992600, 71.38000303812485470, 19.76041582307890465 ) ) ;
#4341 = CARTESIAN_POINT ( 'NONE',  ( 59.65874326698325802, 3.999257600329183759, 15.13758143275765100 ) ) ;
#4342 = CARTESIAN_POINT ( 'NONE',  ( 51.25993628408879488, 70.75093736907025743, 19.89390880352855007 ) ) ;
#4343 = CARTESIAN_POINT ( 'NONE',  ( 43.48789108539688897, 70.77383407356644796, 15.36489666356080619 ) ) ;
#4344 = ORIENTED_EDGE ( 'NONE', *, *, #35, .T. ) ;
#4345 = ADVANCED_FACE ( 'NONE', ( #2316 ), #3821, .F. ) ;
#4346 = CARTESIAN_POINT ( 'NONE',  ( 58.16500091023044661, 63.50199890136699565, 20.36226538573679434 ) ) ;
#4347 = CARTESIAN_POINT ( 'NONE',  ( 43.82937165317581218, 29.00199890019687388, -4.219999790191999445 ) ) ;
#4348 = LINE ( 'NONE', #3252, #1362 ) ;
#4349 = ORIENTED_EDGE ( 'NONE', *, *, #795, .T. ) ;
#4350 = ORIENTED_EDGE ( 'NONE', *, *, #3749, .T. ) ;
#4351 = AXIS2_PLACEMENT_3D ( 'NONE', #2519, #187, #2142 ) ;
#4352 = EDGE_CURVE ( 'NONE', #3111, #2117, #4375, .T. ) ;
#4353 = PLANE ( 'NONE',  #1464 ) ;
#4354 = CARTESIAN_POINT ( 'NONE',  ( 56.10136911449995978, 69.43822153677193398, 19.83950278796829636 ) ) ;
#4355 = VECTOR ( 'NONE', #3671, 1000.000000000000000 ) ;
#4356 = CARTESIAN_POINT ( 'NONE',  ( 58.16498579635883459, 62.88138473999302391, 7.814347517685766853 ) ) ;
#4357 = CARTESIAN_POINT ( 'NONE',  ( 53.34260520502436265, 71.22936184969960038, 19.83954528252819571 ) ) ;
#4358 = DIRECTION ( 'NONE',  ( 0.000000000000000000, 0.000000000000000000, 1.000000000000000000 ) ) ;
#4359 = DIRECTION ( 'NONE',  ( -1.000000000000000000, 0.000000000000000000, 0.000000000000000000 ) ) ;
#4360 = CARTESIAN_POINT ( 'NONE',  ( 57.73677728740116777, 4.104534934713962357, 17.14005198107640737 ) ) ;
#4361 = VECTOR ( 'NONE', #2097, 1000.000000000000000 ) ;
#4362 = ORIENTED_EDGE ( 'NONE', *, *, #343, .T. ) ;
#4363 = FACE_BOUND ( 'NONE', #859, .T. ) ;
#4364 =( GEOMETRIC_REPRESENTATION_CONTEXT ( 3 ) GLOBAL_UNCERTAINTY_ASSIGNED_CONTEXT ( ( #3280 ) ) GLOBAL_UNIT_ASSIGNED_CONTEXT ( ( #3678, #1445, #1833 ) ) REPRESENTATION_CONTEXT ( 'NONE', 'WORKASPACE' ) );
#4365 = CARTESIAN_POINT ( 'NONE',  ( 59.66391019973956134, 52.71766429187547942, 10.98761470659512973 ) ) ;
#4366 = VECTOR ( 'NONE', #241, 1000.000000000000000 ) ;
#4367 = DIRECTION ( 'NONE',  ( 0.000000000000000000, 0.000000000000000000, 1.000000000000000000 ) ) ;
#4368 = CARTESIAN_POINT ( 'NONE',  ( 44.88442743750467656, 70.50199890136701697, 18.51509416036588007 ) ) ;
#4369 = EDGE_CURVE ( 'NONE', #4279, #4665, #3099, .T. ) ;
#4370 = VECTOR ( 'NONE', #1940, 1000.000000000000114 ) ;
#4371 = CARTESIAN_POINT ( 'NONE',  ( 43.92427226886982083, 70.80782270672371226, 16.09078636458436407 ) ) ;
#4372 = EDGE_LOOP ( 'NONE', ( #2439, #3228, #2881, #3372 ) ) ;
#4373 = CARTESIAN_POINT ( 'NONE',  ( 58.79185409707587695, 63.76578386101682128, 19.46310210266086216 ) ) ;
#4374 = PLANE ( 'NONE',  #1604 ) ;
#4375 = CIRCLE ( 'NONE', #2085, 1.000000000000004219 ) ;
#4376 = EDGE_CURVE ( 'NONE', #2902, #1294, #4240, .T. ) ;
#4377 = ORIENTED_EDGE ( 'NONE', *, *, #2017, .F. ) ;
#4378 = EDGE_LOOP ( 'NONE', ( #1007, #3341 ) ) ;
#4379 = CARTESIAN_POINT ( 'NONE',  ( 58.00871071757250519, 66.03041622867841909, 8.096246776841624637 ) ) ;
#4380 = DIRECTION ( 'NONE',  ( 1.000000000000000000, 0.000000000000000000, 0.000000000000000000 ) ) ;
#4381 = CARTESIAN_POINT ( 'NONE',  ( 58.16444038453995091, 58.52663267716242501, 17.45324849369526277 ) ) ;
#4382 = CARTESIAN_POINT ( 'NONE',  ( 58.38159103369564917, 67.01970641824635777, 19.83954528252819571 ) ) ;
#4383 = CARTESIAN_POINT ( 'NONE',  ( 16.00513015478068723, 54.03152911522300883, 3.099999999999999645 ) ) ;
#4384 = DIRECTION ( 'NONE',  ( 1.000000000000000000, 0.000000000000000000, 0.000000000000000000 ) ) ;
#4385 = DIRECTION ( 'NONE',  ( 0.000000000000000000, 0.000000000000000000, 1.000000000000000000 ) ) ;
#4386 = LINE ( 'NONE', #2508, #3551 ) ;
#4387 = ORIENTED_EDGE ( 'NONE', *, *, #4430, .F. ) ;
#4388 = DIRECTION ( 'NONE',  ( 0.000000000000000000, 0.000000000000000000, 1.000000000000000000 ) ) ;
#4389 = DIRECTION ( 'NONE',  ( 0.000000000000000000, 1.000000000000000000, 0.000000000000000000 ) ) ;
#4390 = CARTESIAN_POINT ( 'NONE',  ( 38.24955394561818878, 67.50199890136700276, 24.06000020980799903 ) ) ;
#4391 = CARTESIAN_POINT ( 'NONE',  ( 47.87909264325384839, 70.53716938359850985, 19.59833697260271634 ) ) ;
#4392 = CARTESIAN_POINT ( 'NONE',  ( 45.11285874686000597, 70.90045351542190133, 10.57695030734189601 ) ) ;
#4393 = ORIENTED_EDGE ( 'NONE', *, *, #3314, .F. ) ;
#4394 = CARTESIAN_POINT ( 'NONE',  ( 58.91941307459048005, 63.77488110958140766, 8.576633351336107935 ) ) ;
#4395 = EDGE_CURVE ( 'NONE', #4069, #1804, #753, .T. ) ;
#4396 = CARTESIAN_POINT ( 'NONE',  ( 16.00513015478068723, 41.64646394823500231, -0.5999999999999996447 ) ) ;
#4397 = CARTESIAN_POINT ( 'NONE',  ( 57.99510490911978167, 4.998664136498687682, 16.00052528029346988 ) ) ;
#4398 = ORIENTED_EDGE ( 'NONE', *, *, #3067, .F. ) ;
#4399 = ORIENTED_EDGE ( 'NONE', *, *, #905, .F. ) ;
#4400 = ADVANCED_FACE ( 'NONE', ( #2411 ), #1287, .F. ) ;
#4401 = CARTESIAN_POINT ( 'NONE',  ( 55.15975814756914986, 21.14226010364634334, 20.06000020980799903 ) ) ;
#4402 = CARTESIAN_POINT ( 'NONE',  ( 52.34160844869625606, 70.70928654038766581, 19.91535496394148552 ) ) ;
#4403 = CARTESIAN_POINT ( 'NONE',  ( 3.540165487744705075, 69.84545061892086437, 14.89877112333324938 ) ) ;
#4404 = CARTESIAN_POINT ( 'NONE',  ( 59.66500089984057098, 64.00199890136701697, 19.28997917845028098 ) ) ;
#4405 = DIRECTION ( 'NONE',  ( 1.000000000000000000, 0.000000000000000000, 0.000000000000000000 ) ) ;
#4406 = ORIENTED_EDGE ( 'NONE', *, *, #1961, .F. ) ;
#4407 = PLANE ( 'NONE',  #1994 ) ;
#4408 = EDGE_CURVE ( 'NONE', #3634, #2936, #132, .T. ) ;
#4409 = LINE ( 'NONE', #944, #3414 ) ;
#4410 = DIRECTION ( 'NONE',  ( 0.000000000000000000, 0.000000000000000000, -1.000000000000000000 ) ) ;
#4411 = DIRECTION ( 'NONE',  ( -1.470104640585420253E-16, -1.000000000000000000, 0.000000000000000000 ) ) ;
#4412 = DIRECTION ( 'NONE',  ( -0.000000000000000000, -0.000000000000000000, 1.000000000000000000 ) ) ;
#4413 = CARTESIAN_POINT ( 'NONE',  ( 47.68186519197040241, 71.10041953020834171, 9.093191103539860265 ) ) ;
#4414 = ORIENTED_EDGE ( 'NONE', *, *, #851, .T. ) ;
#4415 = FACE_OUTER_BOUND ( 'NONE', #2254, .T. ) ;
#4416 = CARTESIAN_POINT ( 'NONE',  ( 34.50521378514581272, 67.50199890136700276, 20.06000020980799903 ) ) ;
#4417 = CARTESIAN_POINT ( 'NONE',  ( 2.498229542819039306, 15.19817639627580697, 20.06000020980799903 ) ) ;
#4418 = ORIENTED_EDGE ( 'NONE', *, *, #913, .F. ) ;
#4419 = EDGE_LOOP ( 'NONE', ( #317, #954, #3159, #418 ) ) ;
#4420 = CARTESIAN_POINT ( 'NONE',  ( 43.82937165317581218, 29.00199890019687388, -4.219999790191999445 ) ) ;
#4421 = CARTESIAN_POINT ( 'NONE',  ( 54.56739706382848709, 69.66101939934928566, 7.501996175058560645 ) ) ;
#4422 = LINE ( 'NONE', #24, #514 ) ;
#4423 = EDGE_CURVE ( 'NONE', #2919, #3152, #1947, .T. ) ;
#4424 = VECTOR ( 'NONE', #1780, 1000.000000000000000 ) ;
#4425 = DIRECTION ( 'NONE',  ( 0.000000000000000000, -1.000000000000000000, 0.000000000000000000 ) ) ;
#4426 = CARTESIAN_POINT ( 'NONE',  ( 52.16020916990697032, 24.74356255701822249, 20.06000020980799903 ) ) ;
#4427 = CIRCLE ( 'NONE', #3559, 1.750000000000001554 ) ;
#4428 = CARTESIAN_POINT ( 'NONE',  ( 57.71406130762390774, 65.97408730102088725, 20.50540723250687236 ) ) ;
#4429 = VERTEX_POINT ( 'NONE', #103 ) ;
#4430 = EDGE_CURVE ( 'NONE', #4318, #536, #356, .T. ) ;
#4431 = ORIENTED_EDGE ( 'NONE', *, *, #186, .F. ) ;
#4432 = VECTOR ( 'NONE', #2458, 1000.000000000000114 ) ;
#4433 = CARTESIAN_POINT ( 'NONE',  ( 58.35874956775973033, 63.06344593625095030, 8.583740565566845504 ) ) ;
#4434 = CARTESIAN_POINT ( 'NONE',  ( 58.16500091023048213, 63.19309667720062151, 20.26828843920789680 ) ) ;
#4435 = CARTESIAN_POINT ( 'NONE',  ( 58.15800094435959267, 7.111968675492812864, -4.219999790191996780 ) ) ;
#4436 = CARTESIAN_POINT ( 'NONE',  ( 58.16371285902569355, 52.71782339844950371, 17.13761470659513009 ) ) ;
#4437 = CARTESIAN_POINT ( 'NONE',  ( 50.16663022554767792, 71.16186752025153339, 8.331921535199819928 ) ) ;
#4438 = CARTESIAN_POINT ( 'NONE',  ( 47.14329055262520285, 71.05873200860121131, 9.319122935819201814 ) ) ;
#4439 = VERTEX_POINT ( 'NONE', #3075 ) ;
#4440 = CARTESIAN_POINT ( 'NONE',  ( 31.50521378514581272, 70.50199890136700276, 24.06000020980799903 ) ) ;
#4441 = CARTESIAN_POINT ( 'NONE',  ( 51.27479443691991889, 71.38000303812485470, 8.248309857285878621 ) ) ;
#4442 = CARTESIAN_POINT ( 'NONE',  ( 58.62483199136508460, 66.39179478359432096, 19.83954528252819571 ) ) ;
#4443 = FACE_OUTER_BOUND ( 'NONE', #808, .T. ) ;
#4444 = AXIS2_PLACEMENT_3D ( 'NONE', #1656, #4291, #1032 ) ;
#4445 = ORIENTED_EDGE ( 'NONE', *, *, #970, .T. ) ;
#4446 = EDGE_LOOP ( 'NONE', ( #875, #3780, #4481, #1644, #2837, #1894, #4099, #599, #4 ) ) ;
#4447 = VECTOR ( 'NONE', #1697, 1000.000000000000000 ) ;
#4448 = CARTESIAN_POINT ( 'NONE',  ( 57.78555306911282230, 65.78278223956380089, 7.172219108675134791 ) ) ;
#4449 = CARTESIAN_POINT ( 'NONE',  ( 58.27403378317193017, 66.37560003523829266, 8.169282365538325763 ) ) ;
#4450 = DIRECTION ( 'NONE',  ( 0.000000000000000000, -1.000000000000000000, 1.400657527907609919E-16 ) ) ;
#4451 = CARTESIAN_POINT ( 'NONE',  ( 58.16443980918356260, 58.52203883862358680, 10.55216589761636214 ) ) ;
#4452 = CARTESIAN_POINT ( 'NONE',  ( 5.092642723841650287, 70.36156508311978541, 18.55839973873229098 ) ) ;
#4453 = DIRECTION ( 'NONE',  ( -0.9999999886852481978, 0.0001504310587799637491, -0.000000000000000000 ) ) ;
#4454 = EDGE_CURVE ( 'NONE', #537, #3014, #4604, .T. ) ;
#4455 = CARTESIAN_POINT ( 'NONE',  ( 58.16500091023045371, 63.50199890136702408, 20.36226538573679079 ) ) ;
#4456 = ORIENTED_EDGE ( 'NONE', *, *, #1220, .F. ) ;
#4457 = ORIENTED_EDGE ( 'NONE', *, *, #542, .T. ) ;
#4458 = DIRECTION ( 'NONE',  ( 1.000000000000000000, 0.000000000000000000, 0.000000000000000000 ) ) ;
#4459 = CARTESIAN_POINT ( 'NONE',  ( 58.16500091023045371, 63.38950820642880046, 20.32926431242371379 ) ) ;
#4460 = EDGE_CURVE ( 'NONE', #3450, #3390, #3865, .T. ) ;
#4461 = CARTESIAN_POINT ( 'NONE',  ( 5.497101275933933273, 7.697725187960106297, 20.06000020980799903 ) ) ;
#4462 = FILL_AREA_STYLE_COLOUR ( '', #4287 ) ;
#4463 = DIRECTION ( 'NONE',  ( 0.000000000000000000, 0.000000000000000000, -1.000000000000000000 ) ) ;
#4464 = DIRECTION ( 'NONE',  ( -0.000000000000000000, 0.000000000000000000, -1.000000000000000000 ) ) ;
#4465 = ORIENTED_EDGE ( 'NONE', *, *, #3898, .T. ) ;
#4466 = LINE ( 'NONE', #2296, #2939 ) ;
#4467 = DIRECTION ( 'NONE',  ( -1.000000000000000000, 9.274409943730669124E-12, 0.000000000000000000 ) ) ;
#4468 = DIRECTION ( 'NONE',  ( -0.9999999921568193395, 0.0001252452049413511459, 0.000000000000000000 ) ) ;
#4469 = VERTEX_POINT ( 'NONE', #1241 ) ;
#4470 = ORIENTED_EDGE ( 'NONE', *, *, #1603, .F. ) ;
#4471 = EDGE_CURVE ( 'NONE', #2755, #1110, #3338, .T. ) ;
#4472 = FACE_OUTER_BOUND ( 'NONE', #2538, .T. ) ;
#4473 = CARTESIAN_POINT ( 'NONE',  ( 55.01513322641473991, 70.36813508534767436, 8.169180397837255470 ) ) ;
#4474 = DIRECTION ( 'NONE',  ( -0.000000000000000000, -0.000000000000000000, 1.000000000000000000 ) ) ;
#4475 = CARTESIAN_POINT ( 'NONE',  ( 58.36031208652520519, 63.13887666136698584, 8.531325795073316343 ) ) ;
#4476 = CARTESIAN_POINT ( 'NONE',  ( 59.66500089984057098, 63.00174841041823726, 25.66000020980800045 ) ) ;
#4477 = CARTESIAN_POINT ( 'NONE',  ( 51.83023190519741519, 70.47201514030021485, 7.193260352631439147 ) ) ;
#4478 = CARTESIAN_POINT ( 'NONE',  ( -0.5010546050627812109, 20.20700443249032219, 2.869023291571487277 ) ) ;
#4479 = CARTESIAN_POINT ( 'NONE',  ( 58.14762587344483080, 64.02531298281844840, 20.23070968457394869 ) ) ;
#4480 = ORIENTED_EDGE ( 'NONE', *, *, #3673, .T. ) ;
#4481 = ORIENTED_EDGE ( 'NONE', *, *, #1495, .F. ) ;
#4482 = CARTESIAN_POINT ( 'NONE',  ( 58.37196256314862097, 63.61670277089535830, 8.424919580209682124 ) ) ;
#4483 = CARTESIAN_POINT ( 'NONE',  ( 58.16500091023044661, 63.57834513547704347, 20.10202412480979817 ) ) ;
#4484 = DIRECTION ( 'NONE',  ( 1.000000000000000000, 0.000000000000000000, 0.000000000000000000 ) ) ;
#4485 = FACE_OUTER_BOUND ( 'NONE', #4643, .T. ) ;
#4486 = CARTESIAN_POINT ( 'NONE',  ( 48.00084004212668987, 70.91016186188983284, 19.27099174576649787 ) ) ;
#4487 = EDGE_CURVE ( 'NONE', #926, #3398, #3022, .T. ) ;
#4488 = LINE ( 'NONE', #2614, #1511 ) ;
#4489 = ORIENTED_EDGE ( 'NONE', *, *, #3487, .T. ) ;
#4490 = PLANE ( 'NONE',  #2150 ) ;
#4491 = AXIS2_PLACEMENT_3D ( 'NONE', #431, #4464, #1879 ) ;
#4492 = CARTESIAN_POINT ( 'NONE',  ( 9.239999999999998437, 70.50199890136700276, 14.64000020980799910 ) ) ;
#4493 = CARTESIAN_POINT ( 'NONE',  ( 59.66357611988768639, 49.56766430959124392, 10.98761470659512973 ) ) ;
#4494 = EDGE_CURVE ( 'NONE', #3822, #3528, #1262, .T. ) ;
#4495 = AXIS2_PLACEMENT_3D ( 'NONE', #1249, #4247, #3502 ) ;
#4496 = ORIENTED_EDGE ( 'NONE', *, *, #1486, .F. ) ;
#4497 = ORIENTED_EDGE ( 'NONE', *, *, #1743, .T. ) ;
#4498 = CARTESIAN_POINT ( 'NONE',  ( 58.16500091023044661, 63.00205899257918674, 7.806009058829166847 ) ) ;
#4499 = FACE_OUTER_BOUND ( 'NONE', #2949, .T. ) ;
#4500 = DIRECTION ( 'NONE',  ( -0.000000000000000000, 0.000000000000000000, -1.000000000000000000 ) ) ;
#4501 = CARTESIAN_POINT ( 'NONE',  ( 45.82937165317581218, 54.60199890136700418, -5.219999790191999445 ) ) ;
#4502 = CARTESIAN_POINT ( 'NONE',  ( 58.16499143134849703, 62.92637640029678892, 20.06940060742619991 ) ) ;
#4503 = ORIENTED_EDGE ( 'NONE', *, *, #800, .T. ) ;
#4504 = CARTESIAN_POINT ( 'NONE',  ( 52.43712667368513536, 70.38565761553354605, 7.333378288580957971 ) ) ;
#4505 = CARTESIAN_POINT ( 'NONE',  ( 59.66500089984057098, 64.00199890136701697, 23.53665986602209159 ) ) ;
#4506 = CARTESIAN_POINT ( 'NONE',  ( 58.03447970803476608, 64.89196071246030328, 20.73733317799374021 ) ) ;
#4507 = VERTEX_POINT ( 'NONE', #2386 ) ;
#4508 = VERTEX_POINT ( 'NONE', #3889 ) ;
#4509 = CIRCLE ( 'NONE', #4582, 3.400000000000003908 ) ;
#4510 = CARTESIAN_POINT ( 'NONE',  ( 58.16500091023044661, 63.50199890136699565, 7.646460294627999588 ) ) ;
#4511 = CARTESIAN_POINT ( 'NONE',  ( 57.47941163216081151, 66.58026567176534627, 20.83954528252819571 ) ) ;
#4512 =( NAMED_UNIT ( * ) PLANE_ANGLE_UNIT ( ) SI_UNIT ( $, .RADIAN. ) );
#4513 = CARTESIAN_POINT ( 'NONE',  ( 59.65874326698325802, 3.999257600329183759, 15.13758143275765100 ) ) ;
#4514 = AXIS2_PLACEMENT_3D ( 'NONE', #3499, #804, #3107 ) ;
#4515 = DIRECTION ( 'NONE',  ( -0.7433024782647695838, -0.6689554737091638614, 1.300023451391010498E-18 ) ) ;
#4516 = ORIENTED_EDGE ( 'NONE', *, *, #4338, .F. ) ;
#4517 = CARTESIAN_POINT ( 'NONE',  ( 55.21033836324313171, 71.86089261407266804, -5.219999790191998557 ) ) ;
#4518 = VECTOR ( 'NONE', #1114, 1000.000000000000000 ) ;
#4519 = CARTESIAN_POINT ( 'NONE',  ( 4.999999999999997335, 73.00199890136700276, 25.66000020980800045 ) ) ;
#4520 = AXIS2_PLACEMENT_3D ( 'NONE', #3535, #172, #3165 ) ;
#4521 = ORIENTED_EDGE ( 'NONE', *, *, #4460, .T. ) ;
#4522 = ORIENTED_EDGE ( 'NONE', *, *, #1447, .F. ) ;
#4523 = CARTESIAN_POINT ( 'NONE',  ( 58.16464859197329673, 60.18903110417709001, 9.310499529822145348 ) ) ;
#4524 = CARTESIAN_POINT ( 'NONE',  ( 58.21127733254805037, 63.66268947351842655, 8.194205937923367600 ) ) ;
#4525 = VECTOR ( 'NONE', #1888, 1000.000000000000000 ) ;
#4526 = EDGE_CURVE ( 'NONE', #3539, #2814, #2708, .T. ) ;
#4527 = PLANE ( 'NONE',  #2136 ) ;
#4528 = CIRCLE ( 'NONE', #4828, 6.999999999999999112 ) ;
#4529 = CARTESIAN_POINT ( 'NONE',  ( 58.16500091023044661, 63.50199890136699565, -4.219999790191996780 ) ) ;
#4530 = ORIENTED_EDGE ( 'NONE', *, *, #3834, .F. ) ;
#4531 = CARTESIAN_POINT ( 'NONE',  ( 58.16513084299235459, 64.03948602182364880, 7.791165593379671961 ) ) ;
#4532 = CIRCLE ( 'NONE', #2401, 1.000000000000004219 ) ;
#4533 = CARTESIAN_POINT ( 'NONE',  ( 42.42937165317579939, 16.79999999999999716, -4.219999790191999445 ) ) ;
#4534 = CARTESIAN_POINT ( 'NONE',  ( 58.15475946453862832, 64.51476300131140817, 20.01116159811207851 ) ) ;
#4535 = ORIENTED_EDGE ( 'NONE', *, *, #2588, .T. ) ;
#4536 = CARTESIAN_POINT ( 'NONE',  ( 58.62378865785467497, 63.05531866985040779, 8.721188561615017321 ) ) ;
#4537 = DIRECTION ( 'NONE',  ( -1.000000000000000000, 0.000000000000000000, 0.000000000000000000 ) ) ;
#4538 = SURFACE_STYLE_USAGE ( .BOTH. , #4851 ) ;
#4539 = CARTESIAN_POINT ( 'NONE',  ( 58.93767921015409428, 64.00457536961981475, 8.514740948881863503 ) ) ;
#4540 = DIRECTION ( 'NONE',  ( -1.000000000000000000, 0.000000000000000000, 0.000000000000000000 ) ) ;
#4541 = ORIENTED_EDGE ( 'NONE', *, *, #1987, .T. ) ;
#4542 = FACE_OUTER_BOUND ( 'NONE', #4833, .T. ) ;
#4543 = DIRECTION ( 'NONE',  ( 0.000000000000000000, -1.000000000000000000, 0.000000000000000000 ) ) ;
#4544 = CARTESIAN_POINT ( 'NONE',  ( 58.60007781617819234, 59.74566319895765787, 17.13618315423184058 ) ) ;
#4545 = FACE_BOUND ( 'NONE', #3582, .T. ) ;
#4546 = ORIENTED_EDGE ( 'NONE', *, *, #1729, .T. ) ;
#4547 = ORIENTED_EDGE ( 'NONE', *, *, #2083, .F. ) ;
#4548 = EDGE_CURVE ( 'NONE', #3037, #2986, #2632, .T. ) ;
#4549 = CARTESIAN_POINT ( 'NONE',  ( 58.80581298727186379, 64.02871043426543451, 8.477126458389415475 ) ) ;
#4550 = CARTESIAN_POINT ( 'NONE',  ( 52.59533956487428696, 71.20602407375406528, 8.169180397836580454 ) ) ;
#4551 = ORIENTED_EDGE ( 'NONE', *, *, #4091, .F. ) ;
#4552 = CARTESIAN_POINT ( 'NONE',  ( 58.16429189769414876, 57.34106357234341544, 14.00436284018877942 ) ) ;
#4553 = ADVANCED_FACE ( 'NONE', ( #1427 ), #667, .T. ) ;
#4554 = CARTESIAN_POINT ( 'NONE',  ( 50.66500089984056387, 73.00199890136700276, 8.766239674848929297 ) ) ;
#4555 = CARTESIAN_POINT ( 'NONE',  ( 58.89557199003800747, 65.22415428996008302, 19.75228700126679726 ) ) ;
#4556 = EDGE_CURVE ( 'NONE', #606, #490, #1851, .T. ) ;
#4557 = CARTESIAN_POINT ( 'NONE',  ( 53.33482541482742079, 72.61508957432201328, 8.169180397836589336 ) ) ;
#4558 = CARTESIAN_POINT ( 'NONE',  ( 57.87330207210239053, 69.52089005829375878, 25.66000020980800400 ) ) ;
#4559 = EDGE_CURVE ( 'NONE', #1294, #233, #4603, .T. ) ;
#4560 = FACE_OUTER_BOUND ( 'NONE', #3046, .T. ) ;
#4561 = ORIENTED_EDGE ( 'NONE', *, *, #3367, .F. ) ;
#4562 = DIRECTION ( 'NONE',  ( 1.000000000000000000, -0.000000000000000000, 0.000000000000000000 ) ) ;
#4563 = CYLINDRICAL_SURFACE ( 'NONE', #1830, 2.999999999999999112 ) ;
#4564 = CARTESIAN_POINT ( 'NONE',  ( 58.49537908745812587, 58.42494300499372173, 14.54040936591104582 ) ) ;
#4565 = ORIENTED_EDGE ( 'NONE', *, *, #1835, .T. ) ;
#4566 = EDGE_LOOP ( 'NONE', ( #3376, #2307, #3824, #2669, #1844, #4018 ) ) ;
#4567 = CARTESIAN_POINT ( 'NONE',  ( 58.16490127438459012, 62.20653276778857332, 8.080849035575097261 ) ) ;
#4568 = CARTESIAN_POINT ( 'NONE',  ( 57.73374256227523915, 65.92191805185544240, 7.502979344322998401 ) ) ;
#4569 = CARTESIAN_POINT ( 'NONE',  ( 57.69235310622323709, 66.03057029831589375, 7.169180397836580454 ) ) ;
#4570 = VECTOR ( 'NONE', #3545, 1000.000000000000000 ) ;
#4571 = CARTESIAN_POINT ( 'NONE',  ( 58.16499695584741403, 62.97048587118264606, 8.061852087887841023 ) ) ;
#4572 = AXIS2_PLACEMENT_3D ( 'NONE', #4695, #1969, #594 ) ;
#4573 = PLANE ( 'NONE',  #2865 ) ;
#4574 = CARTESIAN_POINT ( 'NONE',  ( 54.65874321344909958, 3.999017975708709649, 16.13758113637682357 ) ) ;
#4575 = CARTESIAN_POINT ( 'NONE',  ( 57.71406130762390063, 65.97408730102087304, 20.50540723250686881 ) ) ;
#4576 = EDGE_CURVE ( 'NONE', #2572, #3822, #2432, .T. ) ;
#4577 = CARTESIAN_POINT ( 'NONE',  ( 51.19853696937646959, 70.50199890136700276, 7.563175120848124600 ) ) ;
#4578 = CARTESIAN_POINT ( 'NONE',  ( 58.36750158430967161, 63.43140452601426915, 19.53531071327956781 ) ) ;
#4579 = CARTESIAN_POINT ( 'NONE',  ( 27.48918334204437386, 96.81735529172993893, 3.145807698699213617 ) ) ;
#4580 = DIRECTION ( 'NONE',  ( -0.000000000000000000, -0.000000000000000000, 1.000000000000000000 ) ) ;
#4581 = EDGE_CURVE ( 'NONE', #512, #2490, #941, .T. ) ;
#4582 = AXIS2_PLACEMENT_3D ( 'NONE', #2990, #4500, #1133 ) ;
#4583 = LINE ( 'NONE', #3560, #883 ) ;
#4584 = CARTESIAN_POINT ( 'NONE',  ( 51.41693340784225086, 70.49804870869563445, 20.62143583609514508 ) ) ;
#4585 = FACE_OUTER_BOUND ( 'NONE', #1524, .T. ) ;
#4586 = CARTESIAN_POINT ( 'NONE',  ( 51.16500091023043240, 70.50199890136700276, 25.66000020980800045 ) ) ;
#4587 = AXIS2_PLACEMENT_3D ( 'NONE', #2275, #409, #2344 ) ;
#4588 = ORIENTED_EDGE ( 'NONE', *, *, #1186, .T. ) ;
#4589 = ORIENTED_EDGE ( 'NONE', *, *, #4369, .T. ) ;
#4590 = VECTOR ( 'NONE', #3963, 1000.000000000000114 ) ;
#4591 = CARTESIAN_POINT ( 'NONE',  ( 51.46663639104619392, 70.55652225567520475, 7.879183727674774040 ) ) ;
#4592 = CARTESIAN_POINT ( 'NONE',  ( 58.76620710521036273, 65.05915134666028621, 8.261341080888096045 ) ) ;
#4593 = LINE ( 'NONE', #2031, #3556 ) ;
#4594 = AXIS2_PLACEMENT_3D ( 'NONE', #355, #1849, #1168 ) ;
#4595 = AXIS2_PLACEMENT_3D ( 'NONE', #4383, #1675, #239 ) ;
#4596 = ORIENTED_EDGE ( 'NONE', *, *, #1687, .T. ) ;
#4597 = CIRCLE ( 'NONE', #675, 6.999999999999999112 ) ;
#4598 = FACE_BOUND ( 'NONE', #1871, .T. ) ;
#4599 = CARTESIAN_POINT ( 'NONE',  ( 58.64301703327378590, 66.33578303129712594, 19.83954528252819927 ) ) ;
#4600 = VECTOR ( 'NONE', #216, 1000.000000000000000 ) ;
#4601 = LINE ( 'NONE', #4262, #4128 ) ;
#4602 = PLANE ( 'NONE',  #1225 ) ;
#4603 = CIRCLE ( 'NONE', #131, 5.700000000000005507 ) ;
#4604 = LINE ( 'NONE', #4579, #1996 ) ;
#4605 = CARTESIAN_POINT ( 'NONE',  ( 58.55716231655677007, 59.20434071927825670, 16.94678549875672502 ) ) ;
#4606 = VERTEX_POINT ( 'NONE', #3283 ) ;
#4607 = DIRECTION ( 'NONE',  ( 0.000000000000000000, 0.000000000000000000, -1.000000000000000000 ) ) ;
#4608 = EDGE_CURVE ( 'NONE', #920, #2403, #2039, .T. ) ;
#4609 = CARTESIAN_POINT ( 'NONE',  ( 52.34160844869625606, 70.70928654038766581, 19.91535496394148552 ) ) ;
#4610 = DIRECTION ( 'NONE',  ( -1.000000000000000000, -1.156482317317870344E-15, 0.000000000000000000 ) ) ;
#4611 = DIRECTION ( 'NONE',  ( 0.000000000000000000, -1.000000000000000000, 0.000000000000000000 ) ) ;
#4612 = DIRECTION ( 'NONE',  ( 0.0001060570958347216463, 0.9999999943759462218, 0.000000000000000000 ) ) ;
#4613 = ORIENTED_EDGE ( 'NONE', *, *, #493, .T. ) ;
#4614 = CARTESIAN_POINT ( 'NONE',  ( 52.16228455336641900, 70.43133405109129797, 7.499122892080776204 ) ) ;
#4615 = CARTESIAN_POINT ( 'NONE',  ( 58.20593448239694823, 63.91217861969290936, 8.129354622864049418 ) ) ;
#4616 = DIRECTION ( 'NONE',  ( 0.000000000000000000, -0.000000000000000000, -1.000000000000000000 ) ) ;
#4617 = ORIENTED_EDGE ( 'NONE', *, *, #542, .F. ) ;
#4618 = VERTEX_POINT ( 'NONE', #3564 ) ;
#4619 = ORIENTED_EDGE ( 'NONE', *, *, #4705, .T. ) ;
#4620 = ORIENTED_EDGE ( 'NONE', *, *, #218, .T. ) ;
#4621 = ADVANCED_FACE ( 'NONE', ( #4336 ), #568, .F. ) ;
#4622 = CARTESIAN_POINT ( 'NONE',  ( 31.50521378514581272, 70.50199890136700276, 24.06000020980799903 ) ) ;
#4623 = CARTESIAN_POINT ( 'NONE',  ( 52.64580440541588047, 70.34538496130444685, 7.169180397836579566 ) ) ;
#4624 = CARTESIAN_POINT ( 'NONE',  ( 58.80814826099646098, 64.23429320147565136, 19.58068073846023793 ) ) ;
#4625 = CARTESIAN_POINT ( 'NONE',  ( 51.25993628408878777, 70.75093736907024322, 8.114816876836229653 ) ) ;
#4626 = CARTESIAN_POINT ( 'NONE',  ( 58.35874956775912636, 63.06344593625127715, 19.42498511479873002 ) ) ;
#4627 = DIRECTION ( 'NONE',  ( 1.000000000000000000, 0.000000000000000000, 0.000000000000000000 ) ) ;
#4628 = CARTESIAN_POINT ( 'NONE',  ( 58.93767921015171396, 64.00457536961832261, 19.49398473148307787 ) ) ;
#4629 =( BOUNDED_CURVE ( )  B_SPLINE_CURVE ( 3, ( #3848, #481, #1616, #108 ),
 .UNSPECIFIED., .F., .F. ) 
 B_SPLINE_CURVE_WITH_KNOTS ( ( 4, 4 ),
 ( 0.000000000000000000, 0.9871375135975568593 ),
 .UNSPECIFIED. ) 
 CURVE ( )  GEOMETRIC_REPRESENTATION_ITEM ( )  RATIONAL_B_SPLINE_CURVE ( ( 1.000000000000000000, 0.9204317960909392804, 0.9204317960909392804, 1.000000000000000000 ) ) 
 REPRESENTATION_ITEM ( '' )  );
#4630 = ORIENTED_EDGE ( 'NONE', *, *, #3189, .F. ) ;
#4631 = CARTESIAN_POINT ( 'NONE',  ( 51.37792736488910350, 71.09281329324875287, 19.80207706918564270 ) ) ;
#4632 = LINE ( 'NONE', #3400, #744 ) ;
#4633 = CARTESIAN_POINT ( 'NONE',  ( 58.16058485846269832, 27.74281106225903670, 24.06000020980800258 ) ) ;
#4634 = EDGE_CURVE ( 'NONE', #285, #1913, #3589, .T. ) ;
#4635 = CARTESIAN_POINT ( 'NONE',  ( 51.16500091023044661, 70.50199890136700276, 20.74685507151181696 ) ) ;
#4636 = ORIENTED_EDGE ( 'NONE', *, *, #4376, .F. ) ;
#4637 = CARTESIAN_POINT ( 'NONE',  ( 52.68094593598601705, 71.35705527792387670, 8.169180397836587559 ) ) ;
#4638 = CARTESIAN_POINT ( 'NONE',  ( 43.82937165200567620, 31.00199890136701342, -4.219999790191999445 ) ) ;
#4639 = CARTESIAN_POINT ( 'NONE',  ( 58.15800094435959267, -0.4999999999916412419, 25.66000020980800045 ) ) ;
#4640 = EDGE_CURVE ( 'NONE', #728, #3082, #430, .T. ) ;
#4641 = VERTEX_POINT ( 'NONE', #4771 ) ;
#4642 = ORIENTED_EDGE ( 'NONE', *, *, #963, .F. ) ;
#4643 = EDGE_LOOP ( 'NONE', ( #1302, #470, #890, #1457 ) ) ;
#4644 = DIRECTION ( 'NONE',  ( 0.000000000000000000, 0.000000000000000000, -1.000000000000000000 ) ) ;
#4645 = CARTESIAN_POINT ( 'NONE',  ( 54.60203280398707903, 69.64020630925401179, 7.335445160745270421 ) ) ;
#4646 = CARTESIAN_POINT ( 'NONE',  ( 57.48126026254357157, 66.53883636542988711, 20.83954528252819571 ) ) ;
#4647 = VECTOR ( 'NONE', #1684, 1000.000000000000000 ) ;
#4648 = CYLINDRICAL_SURFACE ( 'NONE', #4520, 3.000000000000000000 ) ;
#4649 = CARTESIAN_POINT ( 'NONE',  ( 58.37453048027816749, 63.72275202517141679, 19.60978463849201958 ) ) ;
#4650 = DIRECTION ( 'NONE',  ( -0.9999999921568193395, 0.0001252452049413511459, -0.000000000000000000 ) ) ;
#4651 = EDGE_LOOP ( 'NONE', ( #4731, #2159, #4337, #412, #20 ) ) ;
#4652 = CARTESIAN_POINT ( 'NONE',  ( 51.16500091023044661, 70.50199890136700276, 20.74685507151181696 ) ) ;
#4653 = FACE_BOUND ( 'NONE', #1693, .T. ) ;
#4654 = CARTESIAN_POINT ( 'NONE',  ( 43.33952927230578922, 70.51583545459497770, 11.75873097941506451 ) ) ;
#4655 = CIRCLE ( 'NONE', #2379, 6.999999999999999112 ) ;
#4656 = FACE_OUTER_BOUND ( 'NONE', #658, .T. ) ;
#4657 = VERTEX_POINT ( 'NONE', #1403 ) ;
#4658 = ADVANCED_FACE ( 'NONE', ( #4031 ), #2014, .T. ) ;
#4659 = CARTESIAN_POINT ( 'NONE',  ( 51.18175635401888002, 70.50199890136700276, 7.412409787948352147 ) ) ;
#4660 = VECTOR ( 'NONE', #510, 1000.000000000000000 ) ;
#4661 = CYLINDRICAL_SURFACE ( 'NONE', #3501, 7.000000000000000000 ) ;
#4662 = CARTESIAN_POINT ( 'NONE',  ( 5.000000000000000000, -3.000000000000000000, 25.66000020980800045 ) ) ;
#4663 = VECTOR ( 'NONE', #1905, 1000.000000000000000 ) ;
#4664 = ORIENTED_EDGE ( 'NONE', *, *, #2588, .F. ) ;
#4665 = VERTEX_POINT ( 'NONE', #1185 ) ;
#4666 = EDGE_LOOP ( 'NONE', ( #4784, #1256, #2043, #993 ) ) ;
#4667 = EDGE_CURVE ( 'NONE', #1070, #2544, #3883, .T. ) ;
#4668 = CARTESIAN_POINT ( 'NONE',  ( 58.15938238842477404, 18.14188439156106014, 20.06000020980799903 ) ) ;
#4669 = CARTESIAN_POINT ( 'NONE',  ( 59.60397846413329859, 3.124646156953461595, 16.64094864325569745 ) ) ;
#4670 = AXIS2_PLACEMENT_3D ( 'NONE', #3916, #4681, #2023 ) ;
#4671 = CARTESIAN_POINT ( 'NONE',  ( 58.62483199136507039, 66.39179478359430675, 19.83954528252819571 ) ) ;
#4672 = VECTOR ( 'NONE', #1049, 1000.000000000000000 ) ;
#4673 = CARTESIAN_POINT ( 'NONE',  ( -2.000000000000000000, 3.999999999999996447, 25.66000020980800045 ) ) ;
#4674 = CARTESIAN_POINT ( 'NONE',  ( 9.176050581058618150, 20.20700443249032219, -0.7709996074473568495 ) ) ;
#4675 = DIRECTION ( 'NONE',  ( 0.000000000000000000, -1.000000000000000000, 0.000000000000000000 ) ) ;
#4676 = VECTOR ( 'NONE', #718, 1000.000000000000000 ) ;
#4677 = ORIENTED_EDGE ( 'NONE', *, *, #1718, .F. ) ;
#4678 = VECTOR ( 'NONE', #2989, 1000.000000000000000 ) ;
#4679 = DIRECTION ( 'NONE',  ( 0.000000000000000000, 0.000000000000000000, -1.000000000000000000 ) ) ;
#4680 = CARTESIAN_POINT ( 'NONE',  ( 52.43712666973161163, 70.38565761629652684, 20.67534739234906027 ) ) ;
#4681 = DIRECTION ( 'NONE',  ( -0.000000000000000000, -1.000000000000000000, -0.000000000000000000 ) ) ;
#4682 = CARTESIAN_POINT ( 'NONE',  ( 50.14128376443741786, 70.72254412687983915, 8.188046343702197305 ) ) ;
#4683 = LINE ( 'NONE', #505, #4647 ) ;
#4684 = ORIENTED_EDGE ( 'NONE', *, *, #3989, .F. ) ;
#4685 = CARTESIAN_POINT ( 'NONE',  ( 50.66500089984055677, 73.00199890136700276, 4.104159853168618532 ) ) ;
#4686 = CARTESIAN_POINT ( 'NONE',  ( 52.31422412186557835, 70.71273871581036019, 8.092658302976650120 ) ) ;
#4687 = CARTESIAN_POINT ( 'NONE',  ( 38.24955394561818878, 64.50199890136700276, 24.06000020980799903 ) ) ;
#4688 = CARTESIAN_POINT ( 'NONE',  ( 6.500000000000000888, 70.50199890136700276, 9.641760519677081476 ) ) ;
#4689 = ADVANCED_FACE ( 'NONE', ( #1985 ), #1276, .T. ) ;
#4690 = ORIENTED_EDGE ( 'NONE', *, *, #882, .T. ) ;
#4691 = ORIENTED_EDGE ( 'NONE', *, *, #3049, .T. ) ;
#4692 = CARTESIAN_POINT ( 'NONE',  ( -0.5017704232367069528, 15.19862768945214704, 24.06000020980799903 ) ) ;
#4693 = DIRECTION ( 'NONE',  ( 1.000000000000000000, 0.000000000000000000, 0.000000000000000000 ) ) ;
#4694 = EDGE_CURVE ( 'NONE', #3742, #3262, #4274, .T. ) ;
#4695 = CARTESIAN_POINT ( 'NONE',  ( -2.000000000000000000, -3.000000000000000000, 25.66000020980800045 ) ) ;
#4696 = CYLINDRICAL_SURFACE ( 'NONE', #1615, 3.000000000000000444 ) ;
#4697 = CARTESIAN_POINT ( 'NONE',  ( 2.007000000000000117, 11.75999999999999979, 20.06000020980799903 ) ) ;
#4698 = DIRECTION ( 'NONE',  ( 0.000000000000000000, 0.000000000000000000, 1.000000000000000000 ) ) ;
#4699 = EDGE_CURVE ( 'NONE', #4728, #406, #1763, .T. ) ;
#4700 = ORIENTED_EDGE ( 'NONE', *, *, #963, .T. ) ;
#4701 = LINE ( 'NONE', #1385, #4739 ) ;
#4702 = CARTESIAN_POINT ( 'NONE',  ( 59.66500089984057098, 63.00174841041823726, -5.219999790191999445 ) ) ;
#4703 = CYLINDRICAL_SURFACE ( 'NONE', #3244, 6.999999999999999112 ) ;
#4704 = CARTESIAN_POINT ( 'NONE',  ( 50.03912240457604810, 70.50199890136700276, 7.669375675948591820 ) ) ;
#4705 = EDGE_CURVE ( 'NONE', #4618, #3170, #1738, .T. ) ;
#4706 = CARTESIAN_POINT ( 'NONE',  ( 44.71574157851480180, 70.86967751082727318, 10.93574157067768482 ) ) ;
#4707 = ORIENTED_EDGE ( 'NONE', *, *, #2042, .T. ) ;
#4708 = CARTESIAN_POINT ( 'NONE',  ( 58.91941307459048005, 63.77488110958142187, 19.43209232902868422 ) ) ;
#4709 = CARTESIAN_POINT ( 'NONE',  ( 50.66500089984057098, 73.00199890136700276, 15.88133354314134849 ) ) ;
#4710 = FACE_BOUND ( 'NONE', #4378, .T. ) ;
#4711 = ORIENTED_EDGE ( 'NONE', *, *, #3552, .F. ) ;
#4712 = ORIENTED_EDGE ( 'NONE', *, *, #2746, .F. ) ;
#4713 = CARTESIAN_POINT ( 'NONE',  ( 58.16058485846271253, 27.74281106225902960, 20.06000020980799903 ) ) ;
#4714 = CARTESIAN_POINT ( 'NONE',  ( 40.82937165317581929, 54.60199890136700418, -4.219999790191999445 ) ) ;
#4715 = CARTESIAN_POINT ( 'NONE',  ( 51.75529693007486998, 71.41740679335387654, 8.199454380402263709 ) ) ;
#4716 = CARTESIAN_POINT ( 'NONE',  ( 15.22937165317581787, 13.39999999999999858, -5.219999790191999445 ) ) ;
#4717 = LINE ( 'NONE', #3166, #275 ) ;
#4718 = EDGE_CURVE ( 'NONE', #1889, #2674, #3231, .T. ) ;
#4719 = DIRECTION ( 'NONE',  ( 0.000000000000000000, -1.000000000000000000, -0.000000000000000000 ) ) ;
#4720 = VERTEX_POINT ( 'NONE', #2478 ) ;
#4721 = CARTESIAN_POINT ( 'NONE',  ( 0.000000000000000000, 0.000000000000000000, -4.219999790191999445 ) ) ;
#4722 = DIRECTION ( 'NONE',  ( 1.000000000000000000, -1.275531967630006478E-16, 0.000000000000000000 ) ) ;
#4723 = EDGE_CURVE ( 'NONE', #3779, #3634, #1058, .T. ) ;
#4724 = CIRCLE ( 'NONE', #2607, 1.500000000000003109 ) ;
#4725 = PLANE ( 'NONE',  #898 ) ;
#4726 = CARTESIAN_POINT ( 'NONE',  ( 42.71384386968611580, 70.51343734547548081, 14.00436284018243960 ) ) ;
#4727 = CARTESIAN_POINT ( 'NONE',  ( 45.56865689529426788, 70.93582037113404226, 17.78511943247621119 ) ) ;
#4728 = VERTEX_POINT ( 'NONE', #636 ) ;
#4729 = DIRECTION ( 'NONE',  ( 0.000000000000000000, -0.000000000000000000, -1.000000000000000000 ) ) ;
#4730 = CARTESIAN_POINT ( 'NONE',  ( 57.33579949794432906, 3.206765213559592542, 15.51369924320682792 ) ) ;
#4731 = ORIENTED_EDGE ( 'NONE', *, *, #1087, .F. ) ;
#4732 = ORIENTED_EDGE ( 'NONE', *, *, #4040, .T. ) ;
#4733 = CIRCLE ( 'NONE', #2621, 6.999999999999999112 ) ;
#4734 = LINE ( 'NONE', #1371, #1460 ) ;
#4735 = DIRECTION ( 'NONE',  ( 0.000000000000000000, 0.000000000000000000, 1.000000000000000000 ) ) ;
#4736 = AXIS2_PLACEMENT_3D ( 'NONE', #330, #1856, #4857 ) ;
#4737 = CARTESIAN_POINT ( 'NONE',  ( 58.16512241846732678, 63.97222177035363444, 20.48927825177707973 ) ) ;
#4738 = FACE_OUTER_BOUND ( 'NONE', #4200, .T. ) ;
#4739 = VECTOR ( 'NONE', #2044, 1000.000000000000000 ) ;
#4740 = FACE_OUTER_BOUND ( 'NONE', #3339, .T. ) ;
#4741 = CARTESIAN_POINT ( 'NONE',  ( 5.497552569110273346, 10.69772515401585089, 0.000000000000000000 ) ) ;
#4742 = DIRECTION ( 'NONE',  ( -1.000000000000000000, 1.156482317317871331E-15, 0.000000000000000000 ) ) ;
#4743 = VECTOR ( 'NONE', #1967, 1000.000000000000114 ) ;
#4744 = CIRCLE ( 'NONE', #2547, 4.999999999999993783 ) ;
#4745 = EDGE_CURVE ( 'NONE', #2355, #964, #1399, .T. ) ;
#4746 = ORIENTED_EDGE ( 'NONE', *, *, #16, .F. ) ;
#4747 = CARTESIAN_POINT ( 'NONE',  ( 35.24955394561818167, 64.50199890136700276, 24.06000020980799903 ) ) ;
#4748 = AXIS2_PLACEMENT_3D ( 'NONE', #4714, #1307, #4693 ) ;
#4749 = CARTESIAN_POINT ( 'NONE',  ( 51.52763410879552453, 71.39609986206386338, 19.78469668348383337 ) ) ;
#4750 = CIRCLE ( 'NONE', #2712, 6.999999999999999112 ) ;
#4751 = FACE_OUTER_BOUND ( 'NONE', #3651, .T. ) ;
#4752 = CARTESIAN_POINT ( 'NONE',  ( 47.69250161676608002, 70.50199890136700276, 7.936658800989381923 ) ) ;
#4753 = ADVANCED_FACE ( 'NONE', ( #3654, #1498 ), #2230, .F. ) ;
#4754 = VECTOR ( 'NONE', #4644, 1000.000000000000000 ) ;
#4755 = CARTESIAN_POINT ( 'NONE',  ( 46.48919150668638167, 71.00787889955655885, 18.36383940692272532 ) ) ;
#4756 = EDGE_LOOP ( 'NONE', ( #3944, #858, #3275, #2948 ) ) ;
#4757 = DIRECTION ( 'NONE',  ( 5.328173078638957989E-05, 0.9999999985805285707, -0.000000000000000000 ) ) ;
#4758 = FACE_OUTER_BOUND ( 'NONE', #1575, .T. ) ;
#4759 = LINE ( 'NONE', #256, #2454 ) ;
#4760 = EDGE_CURVE ( 'NONE', #1396, #2509, #4304, .T. ) ;
#4761 = ORIENTED_EDGE ( 'NONE', *, *, #2361, .F. ) ;
#4762 = ORIENTED_EDGE ( 'NONE', *, *, #882, .F. ) ;
#4763 = LINE ( 'NONE', #539, #4447 ) ;
#4764 = CARTESIAN_POINT ( 'NONE',  ( 53.60446932172005319, 70.08135722948568969, 7.498722893486051255 ) ) ;
#4765 = CARTESIAN_POINT ( 'NONE',  ( 53.84733472779236507, 70.70765122645956069, 19.83931980051042743 ) ) ;
#4766 = CARTESIAN_POINT ( 'NONE',  ( 58.16509456895467878, 63.74986186114121978, 7.565968698809238724 ) ) ;
#4767 = EDGE_CURVE ( 'NONE', #4149, #1006, #4422, .T. ) ;
#4768 = DIRECTION ( 'NONE',  ( 0.000000000000000000, -1.000000000000000000, 0.000000000000000000 ) ) ;
#4769 = CARTESIAN_POINT ( 'NONE',  ( 4.094027713435812288, 70.07639083536717806, 17.10444341570179105 ) ) ;
#4770 = DIRECTION ( 'NONE',  ( 0.000000000000000000, 0.000000000000000000, -1.000000000000000000 ) ) ;
#4771 = CARTESIAN_POINT ( 'NONE',  ( -0.5000000000000000000, 40.00000000000000000, 25.66000020980800045 ) ) ;
#4772 = VERTEX_POINT ( 'NONE', #1134 ) ;
#4773 = CARTESIAN_POINT ( 'NONE',  ( 58.16500091023044661, 63.38950820642981654, 7.679461367940967342 ) ) ;
#4774 = DIRECTION ( 'NONE',  ( 1.000000000000000000, 0.000000000000000000, 0.000000000000000000 ) ) ;
#4775 = LINE ( 'NONE', #3716, #4041 ) ;
#4776 = CARTESIAN_POINT ( 'NONE',  ( 59.58672918829065424, 2.998495322200926072, 16.13758113637682357 ) ) ;
#4777 = CARTESIAN_POINT ( 'NONE',  ( 46.27478226233737502, 70.99118021876213902, 9.754873701189382018 ) ) ;
#4778 = ORIENTED_EDGE ( 'NONE', *, *, #1004, .T. ) ;
#4779 = LINE ( 'NONE', #254, #350 ) ;
#4780 = LINE ( 'NONE', #581, #828 ) ;
#4781 = CYLINDRICAL_SURFACE ( 'NONE', #184, 1.500000000000004885 ) ;
#4782 = EDGE_CURVE ( 'NONE', #1110, #2755, #4293, .T. ) ;
#4783 = CARTESIAN_POINT ( 'NONE',  ( 57.86046526082203911, 4.476808239859235705, 15.24969217982019565 ) ) ;
#4784 = ORIENTED_EDGE ( 'NONE', *, *, #1056, .T. ) ;
#4785 = ORIENTED_EDGE ( 'NONE', *, *, #4288, .T. ) ;
#4786 = CARTESIAN_POINT ( 'NONE',  ( 57.66391021098766601, 52.71787640606714120, 10.98761470659512973 ) ) ;
#4787 = EDGE_CURVE ( 'NONE', #710, #2622, #713, .T. ) ;
#4788 = CARTESIAN_POINT ( 'NONE',  ( 57.80168102486733517, 65.95019275043156881, 20.13438381956893153 ) ) ;
#4789 = CARTESIAN_POINT ( 'NONE',  ( 58.16426979714317014, 57.16460531944778722, 14.00436284018116773 ) ) ;
#4790 = DIRECTION ( 'NONE',  ( 0.9999999921568193395, -0.0001252452049413511459, -0.000000000000000000 ) ) ;
#4791 = B_SPLINE_CURVE_WITH_KNOTS ( 'NONE', 3,
 ( #4569, #3434, #1202, #3833, #444, #811, #4276, #72, #2351, #2374 ),
 .UNSPECIFIED., .F., .F.,
 ( 4, 2, 2, 2, 4 ),
 ( 0.000000000000000000, 0.2500000000000000000, 0.5000000000000000000, 0.7500000000000000000, 1.000000000000000000 ),
 .UNSPECIFIED. ) ;
#4792 = LINE ( 'NONE', #2916, #3495 ) ;
#4793 = CARTESIAN_POINT ( 'NONE',  ( 58.20876949274717305, 63.14682542138487520, 8.225028086987977716 ) ) ;
#4794 = VERTEX_POINT ( 'NONE', #2991 ) ;
#4795 = ORIENTED_EDGE ( 'NONE', *, *, #2667, .F. ) ;
#4796 = CARTESIAN_POINT ( 'NONE',  ( 58.16500091023044661, 62.79255511746202956, 8.018021426481494629 ) ) ;
#4797 = DIRECTION ( 'NONE',  ( -0.000000000000000000, -0.000000000000000000, 1.000000000000000000 ) ) ;
#4798 = CARTESIAN_POINT ( 'NONE',  ( -0.5000000000000004441, 54.03152911522300883, 3.099999999999999645 ) ) ;
#4799 = FACE_OUTER_BOUND ( 'NONE', #1694, .T. ) ;
#4800 = CARTESIAN_POINT ( 'NONE',  ( 43.85378675633880619, 70.80233038823851643, 12.03411567059438525 ) ) ;
#4801 = ORIENTED_EDGE ( 'NONE', *, *, #57, .F. ) ;
#4802 = CARTESIAN_POINT ( 'NONE',  ( -0.5000000000000000000, 40.00000000000000000, -4.219999790191996780 ) ) ;
#4803 = CIRCLE ( 'NONE', #4020, 6.999999999999999112 ) ;
#4804 = CARTESIAN_POINT ( 'NONE',  ( 58.16474312473879849, 63.57807349360987104, 20.10295006991830746 ) ) ;
#4805 = CARTESIAN_POINT ( 'NONE',  ( 52.15975817109869439, 21.14263583926116752, 0.000000000000000000 ) ) ;
#4806 = CARTESIAN_POINT ( 'NONE',  ( 51.15800094435959267, 6.500000000008358647, 25.66000020980799334 ) ) ;
#4807 = ORIENTED_EDGE ( 'NONE', *, *, #4767, .T. ) ;
#4808 = ORIENTED_EDGE ( 'NONE', *, *, #237, .T. ) ;
#4809 = EDGE_CURVE ( 'NONE', #3528, #2663, #4055, .T. ) ;
#4810 = CARTESIAN_POINT ( 'NONE',  ( 58.62483199136507039, 66.39179478359430675, 8.169180397836587559 ) ) ;
#4811 = DIRECTION ( 'NONE',  ( -1.000000000000000000, -0.000000000000000000, -0.000000000000000000 ) ) ;
#4812 = EDGE_CURVE ( 'NONE', #4507, #2857, #3278, .T. ) ;
#4813 = CARTESIAN_POINT ( 'NONE',  ( 52.49145280776657074, 70.37517323085425858, 7.169180397836587559 ) ) ;
#4814 = PLANE ( 'NONE',  #4211 ) ;
#4815 = AXIS2_PLACEMENT_3D ( 'NONE', #3290, #1408, #4067 ) ;
#4816 = CARTESIAN_POINT ( 'NONE',  ( 58.02803932421162614, 64.91598864424155124, 20.42461098599031288 ) ) ;
#4817 = VERTEX_POINT ( 'NONE', #3732 ) ;
#4818 = VERTEX_POINT ( 'NONE', #370 ) ;
#4819 = CIRCLE ( 'NONE', #2853, 8.420000000000003482 ) ;
#4820 = CARTESIAN_POINT ( 'NONE',  ( 52.15975817109868728, 21.14263583926116752, 20.06000020980799903 ) ) ;
#4821 = DIRECTION ( 'NONE',  ( 0.000000000000000000, 0.000000000000000000, -1.000000000000000000 ) ) ;
#4822 = FACE_BOUND ( 'NONE', #2456, .T. ) ;
#4823 = CARTESIAN_POINT ( 'NONE',  ( 58.15800094435959267, 7.111968675492812864, 25.66000020980800045 ) ) ;
#4824 = CARTESIAN_POINT ( 'NONE',  ( 43.04023185071024216, 70.69873718015789166, 14.00436284018243072 ) ) ;
#4825 = VECTOR ( 'NONE', #40, 1000.000000000000000 ) ;
#4826 = PLANE ( 'NONE',  #4259 ) ;
#4827 = ORIENTED_EDGE ( 'NONE', *, *, #525, .T. ) ;
#4828 = AXIS2_PLACEMENT_3D ( 'NONE', #648, #2850, #3616 ) ;
#4829 = CARTESIAN_POINT ( 'NONE',  ( 56.18389205677954834, 71.21030007363494008, -5.219999790191998557 ) ) ;
#4830 = DIRECTION ( 'NONE',  ( -1.000000000000000000, 0.000000000000000000, 0.000000000000000000 ) ) ;
#4831 = CARTESIAN_POINT ( 'NONE',  ( 9.239999999999998437, 71.60199890136701129, 14.64000020980799910 ) ) ;
#4832 = AXIS2_PLACEMENT_3D ( 'NONE', #125, #1914, #3069 ) ;
#4833 = EDGE_LOOP ( 'NONE', ( #4636, #1254, #4588, #2334 ) ) ;
#4834 = ORIENTED_EDGE ( 'NONE', *, *, #3606, .F. ) ;
#4835 = AXIS2_PLACEMENT_3D ( 'NONE', #2801, #4650, #1583 ) ;
#4836 = B_SPLINE_CURVE_WITH_KNOTS ( 'NONE', 5,
 ( #4708, #4373, #2540, #1003, #3295, #4804, #2833, #4346 ),
 .UNSPECIFIED., .F., .F.,
 ( 6, 2, 6 ),
 ( 0.000000000000000000, 0.5000000000000000000, 1.000000000000000000 ),
 .UNSPECIFIED. ) ;
#4837 = FACE_OUTER_BOUND ( 'NONE', #4060, .T. ) ;
#4838 = DIRECTION ( 'NONE',  ( 0.000000000000000000, -0.000000000000000000, -1.000000000000000000 ) ) ;
#4839 = EDGE_CURVE ( 'NONE', #39, #906, #2940, .T. ) ;
#4840 = CARTESIAN_POINT ( 'NONE',  ( 58.20750814851806609, 63.06799794363074341, 8.332846625743409064 ) ) ;
#4841 = DIRECTION ( 'NONE',  ( 0.000000000000000000, 0.000000000000000000, -1.000000000000000000 ) ) ;
#4842 = CARTESIAN_POINT ( 'NONE',  ( 51.16500091023044661, 70.50199890136700276, 7.261870608852968090 ) ) ;
#4843 = PLANE ( 'NONE',  #127 ) ;
#4844 = CARTESIAN_POINT ( 'NONE',  ( 58.37458046133026812, 63.91955596871999745, 19.65792942491003359 ) ) ;
#4845 = EDGE_CURVE ( 'NONE', #3152, #398, #2966, .T. ) ;
#4846 = ORIENTED_EDGE ( 'NONE', *, *, #467, .F. ) ;
#4847 = ORIENTED_EDGE ( 'NONE', *, *, #4070, .F. ) ;
#4848 = CARTESIAN_POINT ( 'NONE',  ( 15.22937165317582497, 9.999999999999991118, -5.219999790191999445 ) ) ;
#4849 = CARTESIAN_POINT ( 'NONE',  ( 58.16500091023044661, 62.84818876905871576, 20.01094558629390363 ) ) ;
#4850 = DIRECTION ( 'NONE',  ( 0.000000000000000000, 0.000000000000000000, -1.000000000000000000 ) ) ;
#4851 = SURFACE_SIDE_STYLE ('',( #4190 ) ) ;
#4852 = FACE_OUTER_BOUND ( 'NONE', #1364, .T. ) ;
#4853 = ADVANCED_FACE ( 'NONE', ( #2657 ), #1864, .F. ) ;
#4854 = LINE ( 'NONE', #2294, #3932 ) ;
#4855 = EDGE_LOOP ( 'NONE', ( #456, #2725, #1664, #2250 ) ) ;
#4856 = CARTESIAN_POINT ( 'NONE',  ( -2.000000000000000000, 4.000000000000003553, 25.66000020980800045 ) ) ;
#4857 = DIRECTION ( 'NONE',  ( -1.000000000000000000, 0.000000000000000000, 0.000000000000000000 ) ) ;
#4858 = LINE ( 'NONE', #2196, #3633 ) ;
#4859 = EDGE_CURVE ( 'NONE', #2663, #710, #1159, .T. ) ;
#4860 = EDGE_LOOP ( 'NONE', ( #2999, #15 ) ) ;
#4861 = ORIENTED_EDGE ( 'NONE', *, *, #1577, .F. ) ;
#4862 = CARTESIAN_POINT ( 'NONE',  ( 51.16500091023044661, 70.50199890136700276, 7.261870608852968090 ) ) ;
#4863 = CARTESIAN_POINT ( 'NONE',  ( 52.16020916990697742, 24.74356255701820118, -2.146728540149635736E-14 ) ) ;
#4864 = CARTESIAN_POINT ( 'NONE',  ( 58.00442840758700669, 67.68787096633697331, 8.169180397836580454 ) ) ;
#4865 = CARTESIAN_POINT ( 'NONE',  ( 58.17872751363962180, 57.52879392991860641, 14.00436284017820299 ) ) ;
#4866 = VERTEX_POINT ( 'NONE', #4158 ) ;
#4867 = CARTESIAN_POINT ( 'NONE',  ( 58.16512208148633079, 63.96953120029483131, 20.50014697836875044 ) ) ;
ENDSEC;
END-ISO-10303-21;
