ISO-10303-21;
HEADER;
FILE_DESCRIPTION (( 'STEP AP214' ),
    '1' );
FILE_NAME ('support1.STEP',
    '2024-05-18T07:49:38',
    ( '' ),
    ( '' ),
    'SwSTEP 2.0',
    'SolidWorks 2023',
    '' );
FILE_SCHEMA (( 'AUTOMOTIVE_DESIGN' ));
ENDSEC;

DATA;
#1 = ORIENTED_EDGE ( 'NONE', *, *, #1437, .T. ) ;
#2 = DIRECTION ( 'NONE',  ( 1.000000000000000000, 0.000000000000000000, 0.000000000000000000 ) ) ;
#3 = PLANE ( 'NONE',  #2765 ) ;
#4 = ADVANCED_FACE ( 'NONE', ( #508 ), #2110, .F. ) ;
#5 = VERTEX_POINT ( 'NONE', #2601 ) ;
#6 = ORIENTED_EDGE ( 'NONE', *, *, #2182, .F. ) ;
#7 = CARTESIAN_POINT ( 'NONE',  ( 57.66278976710300697, 45.32000000000428486, 3.000000000000000000 ) ) ;
#8 = CARTESIAN_POINT ( 'NONE',  ( 50.61419827262500348, 29.40200121204100014, 0.000000000000000000 ) ) ;
#9 = EDGE_CURVE ( 'NONE', #871, #2371, #1776, .T. ) ;
#10 = ORIENTED_EDGE ( 'NONE', *, *, #1377, .T. ) ;
#11 = ORIENTED_EDGE ( 'NONE', *, *, #1715, .F. ) ;
#12 = DIRECTION ( 'NONE',  ( 1.000000000000000000, 0.000000000000000000, 0.000000000000000000 ) ) ;
#13 = CARTESIAN_POINT ( 'NONE',  ( 50.46278976710299702, 45.32000000000428486, 0.000000000000000000 ) ) ;
#14 = PRESENTATION_LAYER_ASSIGNMENT (  '', '', ( #2652 ) ) ;
#15 = CARTESIAN_POINT ( 'NONE',  ( 37.78087911081129135, 65.83635289751217101, 3.000000000000000000 ) ) ;
#16 = VERTEX_POINT ( 'NONE', #3152 ) ;
#17 = DIRECTION ( 'NONE',  ( 1.000000000000000000, 0.000000000000000000, 0.000000000000000000 ) ) ;
#18 = AXIS2_PLACEMENT_3D ( 'NONE', #2592, #2575, #1814 ) ;
#19 = AXIS2_PLACEMENT_3D ( 'NONE', #1427, #2470, #2699 ) ;
#20 = ORIENTED_EDGE ( 'NONE', *, *, #2736, .T. ) ;
#21 = DIRECTION ( 'NONE',  ( -4.371138828673991410E-08, 0.9999999999999991118, 0.000000000000000000 ) ) ;
#22 = VECTOR ( 'NONE', #2397, 1000.000000000000000 ) ;
#23 = LINE ( 'NONE', #584, #75 ) ;
#24 = ADVANCED_FACE ( 'NONE', ( #989 ), #2874, .T. ) ;
#25 = CARTESIAN_POINT ( 'NONE',  ( 49.66419826606799859, 29.55200117051499831, 0.05000000000000000278 ) ) ;
#26 = DIRECTION ( 'NONE',  ( -1.000000000000000000, -5.478074134663600261E-16, 0.000000000000000000 ) ) ;
#27 = VECTOR ( 'NONE', #2730, 1000.000000000000000 ) ;
#28 = ORIENTED_EDGE ( 'NONE', *, *, #1166, .T. ) ;
#29 = ORIENTED_EDGE ( 'NONE', *, *, #1979, .F. ) ;
#30 = AXIS2_PLACEMENT_3D ( 'NONE', #25, #1081, #304 ) ;
#31 = EDGE_CURVE ( 'NONE', #2466, #2709, #2093, .T. ) ;
#32 = LINE ( 'NONE', #2685, #1240 ) ;
#33 = AXIS2_PLACEMENT_3D ( 'NONE', #1106, #1658, #1146 ) ;
#34 = DIRECTION ( 'NONE',  ( 0.9999999886850322595, -0.0001504324946375851897, 0.000000000000000000 ) ) ;
#35 = VECTOR ( 'NONE', #1829, 1000.000000000000000 ) ;
#36 = DIRECTION ( 'NONE',  ( 1.000000000000000000, 0.000000000000000000, 0.000000000000000000 ) ) ;
#37 = ORIENTED_EDGE ( 'NONE', *, *, #1380, .T. ) ;
#38 = DIRECTION ( 'NONE',  ( -1.000000000000000000, 5.654745979955647644E-15, 0.000000000000000000 ) ) ;
#39 = PLANE ( 'NONE',  #522 ) ;
#40 = ORIENTED_EDGE ( 'NONE', *, *, #2753, .T. ) ;
#41 = CARTESIAN_POINT ( 'NONE',  ( 50.61419826606800143, 29.55200121204100228, 0.9499999999999999556 ) ) ;
#42 = CYLINDRICAL_SURFACE ( 'NONE', #1345, 0.05000000000000148076 ) ;
#43 = LINE ( 'NONE', #3187, #251 ) ;
#44 = LINE ( 'NONE', #1339, #1145 ) ;
#45 = ORIENTED_EDGE ( 'NONE', *, *, #2096, .F. ) ;
#46 = ORIENTED_EDGE ( 'NONE', *, *, #1061, .T. ) ;
#47 = EDGE_CURVE ( 'NONE', #2666, #3012, #899, .T. ) ;
#48 = CARTESIAN_POINT ( 'NONE',  ( 7.086999893188005828, 4.286620378156616112E-12, 3.000000000000000000 ) ) ;
#49 = CARTESIAN_POINT ( 'NONE',  ( 34.97599999999999909, 67.89399999999999125, 0.000000000000000000 ) ) ;
#50 = EDGE_CURVE ( 'NONE', #124, #2754, #1319, .T. ) ;
#51 = DIRECTION ( 'NONE',  ( 0.000000000000000000, -1.000000000000000000, 0.000000000000000000 ) ) ;
#52 = DIRECTION ( 'NONE',  ( 0.0001250508168815968747, 0.9999999921811464354, 0.000000000000000000 ) ) ;
#53 = EDGE_CURVE ( 'NONE', #1043, #782, #2163, .T. ) ;
#54 = ORIENTED_EDGE ( 'NONE', *, *, #3320, .T. ) ;
#55 = CARTESIAN_POINT ( 'NONE',  ( 36.17600000000000193, 67.89399999999999125, -3.000000000000000000 ) ) ;
#56 = FACE_OUTER_BOUND ( 'NONE', #2195, .T. ) ;
#57 = ORIENTED_EDGE ( 'NONE', *, *, #2839, .F. ) ;
#58 = CARTESIAN_POINT ( 'NONE',  ( 2.007000000000000117, 11.75999999999999979, -4.599999999999999645 ) ) ;
#59 = DIRECTION ( 'NONE',  ( 0.000000000000000000, 0.000000000000000000, 1.000000000000000000 ) ) ;
#60 = DIRECTION ( 'NONE',  ( 0.000000000000000000, 0.000000000000000000, -1.000000000000000000 ) ) ;
#61 =( NAMED_UNIT ( * ) PLANE_ANGLE_UNIT ( ) SI_UNIT ( $, .RADIAN. ) );
#62 = VERTEX_POINT ( 'NONE', #2895 ) ;
#63 = ORIENTED_EDGE ( 'NONE', *, *, #2680, .T. ) ;
#64 = DIRECTION ( 'NONE',  ( 1.000000000000000000, 0.000000000000000000, 0.000000000000000000 ) ) ;
#65 = CARTESIAN_POINT ( 'NONE',  ( 51.87499688704600231, 32.24680032591300716, 0.000000000000000000 ) ) ;
#66 = DIRECTION ( 'NONE',  ( 0.000000000000000000, 0.000000000000000000, 1.000000000000000000 ) ) ;
#67 = EDGE_CURVE ( 'NONE', #2048, #993, #1555, .T. ) ;
#68 = CARTESIAN_POINT ( 'NONE',  ( 50.46278976710300412, 32.19680023193399876, 1.399999999999991251 ) ) ;
#69 = CIRCLE ( 'NONE', #2536, 1.549999999998739941 ) ;
#70 = DIRECTION ( 'NONE',  ( 5.654745979955647644E-15, 1.000000000000000000, -0.000000000000000000 ) ) ;
#71 = DIRECTION ( 'NONE',  ( 1.000000000000000000, 0.000000000000000000, 0.000000000000000000 ) ) ;
#72 = EDGE_CURVE ( 'NONE', #2781, #2891, #1171, .T. ) ;
#73 = ORIENTED_EDGE ( 'NONE', *, *, #261, .F. ) ;
#74 = SURFACE_SIDE_STYLE ('',( #1386 ) ) ;
#75 = VECTOR ( 'NONE', #1594, 1000.000000000000000 ) ;
#76 = FACE_OUTER_BOUND ( 'NONE', #923, .T. ) ;
#77 = ORIENTED_EDGE ( 'NONE', *, *, #2723, .T. ) ;
#78 = ORIENTED_EDGE ( 'NONE', *, *, #1759, .T. ) ;
#79 = VECTOR ( 'NONE', #1173, 1000.000000000000000 ) ;
#80 = LINE ( 'NONE', #1140, #81 ) ;
#81 = VECTOR ( 'NONE', #2190, 1000.000000000000000 ) ;
#82 = DIRECTION ( 'NONE',  ( 0.000000000000000000, 0.000000000000000000, 1.000000000000000000 ) ) ;
#83 = PRODUCT_DEFINITION_FORMATION_WITH_SPECIFIED_SOURCE ( 'ANY', '', #2979, .NOT_KNOWN. ) ;
#84 = AXIS2_PLACEMENT_3D ( 'NONE', #1595, #2094, #1304 ) ;
#85 = DIRECTION ( 'NONE',  ( 1.000000000000000000, 0.000000000000000000, 0.000000000000000000 ) ) ;
#86 = FACE_OUTER_BOUND ( 'NONE', #2109, .T. ) ;
#87 = SPHERICAL_SURFACE ( 'NONE', #1799, 0.05000000000000000278 ) ;
#88 = VECTOR ( 'NONE', #2651, 1000.000000000000000 ) ;
#89 = DIRECTION ( 'NONE',  ( 0.000000000000000000, 0.000000000000000000, 1.000000000000000000 ) ) ;
#90 = ADVANCED_FACE ( 'NONE', ( #250 ), #1838, .F. ) ;
#91 = VECTOR ( 'NONE', #846, 1000.000000000000000 ) ;
#92 = CARTESIAN_POINT ( 'NONE',  ( 28.88521634381089243, 12.12795355502193040, 3.000000000000000000 ) ) ;
#93 = AXIS2_PLACEMENT_3D ( 'NONE', #2133, #1860, #322 ) ;
#94 = ORIENTED_EDGE ( 'NONE', *, *, #2387, .T. ) ;
#95 = LINE ( 'NONE', #2512, #894 ) ;
#96 = EDGE_CURVE ( 'NONE', #648, #1389, #630, .T. ) ;
#97 = ORIENTED_EDGE ( 'NONE', *, *, #3225, .T. ) ;
#98 = ORIENTED_EDGE ( 'NONE', *, *, #562, .T. ) ;
#99 = EDGE_CURVE ( 'NONE', #1058, #871, #1112, .T. ) ;
#100 = CARTESIAN_POINT ( 'NONE',  ( 9.235357893426790810, 70.00199763233040073, 10.75943138354336348 ) ) ;
#101 = CARTESIAN_POINT ( 'NONE',  ( 4.663944268346803312, 59.62907639780218716, 0.000000000000000000 ) ) ;
#102 = DIRECTION ( 'NONE',  ( 0.000000000000000000, -0.000000000000000000, -1.000000000000000000 ) ) ;
#103 = LINE ( 'NONE', #1463, #2725 ) ;
#104 = CARTESIAN_POINT ( 'NONE',  ( 50.61419827262500348, 29.40200121204100014, 1.000000000000000000 ) ) ;
#105 = ORIENTED_EDGE ( 'NONE', *, *, #2077, .T. ) ;
#106 = CARTESIAN_POINT ( 'NONE',  ( 48.71042342266195391, 2.401465347587071530, 0.000000000000000000 ) ) ;
#107 = DIRECTION ( 'NONE',  ( -0.000000000000000000, -0.000000000000000000, 1.000000000000000000 ) ) ;
#108 = EDGE_CURVE ( 'NONE', #2781, #1226, #1150, .T. ) ;
#109 = VERTEX_POINT ( 'NONE', #1097 ) ;
#110 = ORIENTED_EDGE ( 'NONE', *, *, #1539, .T. ) ;
#111 = CARTESIAN_POINT ( 'NONE',  ( 8.360619662391107099, 63.38859499956932098, 3.000000000000000000 ) ) ;
#112 = ADVANCED_FACE ( 'NONE', ( #561 ), #2640, .F. ) ;
#113 = CARTESIAN_POINT ( 'NONE',  ( 15.33263409895985951, 55.64203330755000110, 3.000000000000000000 ) ) ;
#114 = ORIENTED_EDGE ( 'NONE', *, *, #981, .T. ) ;
#115 = LINE ( 'NONE', #1918, #741 ) ;
#116 = DIRECTION ( 'NONE',  ( -0.000000000000000000, -0.000000000000000000, -1.000000000000000000 ) ) ;
#117 = DIRECTION ( 'NONE',  ( -0.9999999921811465464, 0.0001250508168815969018, 0.000000000000000000 ) ) ;
#118 = AXIS2_PLACEMENT_3D ( 'NONE', #2243, #972, #663 ) ;
#119 = VERTEX_POINT ( 'NONE', #320 ) ;
#120 = DIRECTION ( 'NONE',  ( 0.000000000000000000, -0.000000000000000000, 1.000000000000000000 ) ) ;
#121 = VECTOR ( 'NONE', #2856, 1000.000000000000000 ) ;
#122 = DIRECTION ( 'NONE',  ( -0.9999999999999991118, -4.371138828673991410E-08, 0.000000000000000000 ) ) ;
#123 = AXIS2_PLACEMENT_3D ( 'NONE', #1381, #3382, #2086 ) ;
#124 = VERTEX_POINT ( 'NONE', #1335 ) ;
#125 = EDGE_LOOP ( 'NONE', ( #1751, #3257, #811, #2873 ) ) ;
#126 = CIRCLE ( 'NONE', #3037, 0.05000000000000148076 ) ;
#127 = ADVANCED_FACE ( 'NONE', ( #2378 ), #839, .T. ) ;
#128 = DIRECTION ( 'NONE',  ( 0.000000000000000000, 1.000000000000000000, 0.000000000000000000 ) ) ;
#129 = DIRECTION ( 'NONE',  ( 0.000000000000000000, 0.000000000000000000, 1.000000000000000000 ) ) ;
#130 = AXIS2_PLACEMENT_3D ( 'NONE', #658, #2716, #376 ) ;
#131 = ORIENTED_EDGE ( 'NONE', *, *, #1172, .T. ) ;
#132 = VERTEX_POINT ( 'NONE', #616 ) ;
#133 = EDGE_CURVE ( 'NONE', #109, #3067, #1888, .T. ) ;
#134 = CIRCLE ( 'NONE', #908, 0.05000000000000148076 ) ;
#135 = DIRECTION ( 'NONE',  ( 1.000000000000000000, 0.000000000000000000, 0.000000000000000000 ) ) ;
#136 = CARTESIAN_POINT ( 'NONE',  ( 49.66419834037699843, 27.85200117051499902, 0.000000000000000000 ) ) ;
#137 = PLANE ( 'NONE',  #362 ) ;
#138 = VECTOR ( 'NONE', #1059, 1000.000000000000000 ) ;
#139 = CIRCLE ( 'NONE', #30, 0.05000000000000148076 ) ;
#140 = DIRECTION ( 'NONE',  ( 1.000000000000000000, 0.000000000000000000, 0.000000000000000000 ) ) ;
#141 = VERTEX_POINT ( 'NONE', #2427 ) ;
#142 = DIRECTION ( 'NONE',  ( 0.000000000000000000, 1.000000000000000000, 0.000000000000000000 ) ) ;
#143 = AXIS2_PLACEMENT_3D ( 'NONE', #556, #2634, #1604 ) ;
#144 = DIRECTION ( 'NONE',  ( 1.000000000000000000, 0.000000000000000000, 0.000000000000000000 ) ) ;
#145 = VECTOR ( 'NONE', #3143, 1000.000000000000000 ) ;
#146 = ORIENTED_EDGE ( 'NONE', *, *, #1251, .T. ) ;
#147 = ORIENTED_EDGE ( 'NONE', *, *, #1357, .F. ) ;
#148 = DIRECTION ( 'NONE',  ( 0.7102604095541718010, -0.7039390247883263729, 0.000000000000000000 ) ) ;
#149 = LINE ( 'NONE', #2191, #1412 ) ;
#150 = EDGE_CURVE ( 'NONE', #2036, #2097, #69, .T. ) ;
#151 = ORIENTED_EDGE ( 'NONE', *, *, #931, .T. ) ;
#152 = ORIENTED_EDGE ( 'NONE', *, *, #492, .T. ) ;
#153 = DIRECTION ( 'NONE',  ( 4.371142336978421000E-08, -0.9999999999999990008, 0.000000000000000000 ) ) ;
#154 = DIRECTION ( 'NONE',  ( 1.000000000000000000, 0.000000000000000000, 0.000000000000000000 ) ) ;
#155 = ADVANCED_FACE ( 'NONE', ( #2678 ), #582, .T. ) ;
#156 = CYLINDRICAL_SURFACE ( 'NONE', #639, 0.05000000000000148076 ) ;
#157 = EDGE_CURVE ( 'NONE', #2478, #1369, #1060, .T. ) ;
#158 = VERTEX_POINT ( 'NONE', #1610 ) ;
#159 = FACE_OUTER_BOUND ( 'NONE', #619, .T. ) ;
#160 = DIRECTION ( 'NONE',  ( -0.000000000000000000, -0.000000000000000000, -1.000000000000000000 ) ) ;
#161 = ORIENTED_EDGE ( 'NONE', *, *, #50, .F. ) ;
#162 = EDGE_LOOP ( 'NONE', ( #1769, #3369, #704, #3140 ) ) ;
#163 = CYLINDRICAL_SURFACE ( 'NONE', #2608, 0.05000000000000161954 ) ;
#164 = DIRECTION ( 'NONE',  ( 8.742277657347936498E-08, -0.9999999999999962252, 0.000000000000000000 ) ) ;
#165 = VERTEX_POINT ( 'NONE', #2162 ) ;
#166 = DIRECTION ( 'NONE',  ( -1.000000000000000000, 0.000000000000000000, -0.000000000000000000 ) ) ;
#167 = CARTESIAN_POINT ( 'NONE',  ( 50.46278976710300412, 27.85200120542272018, 0.05000000000000000278 ) ) ;
#168 = CYLINDRICAL_SURFACE ( 'NONE', #2485, 1.699999999998744293 ) ;
#169 = ADVANCED_FACE ( 'NONE', ( #1354 ), #2399, .T. ) ;
#170 = DIRECTION ( 'NONE',  ( 0.000000000000000000, 0.000000000000000000, 1.000000000000000000 ) ) ;
#171 = MANIFOLD_SOLID_BREP ( 'Cut-Extrude17[2]', #2705 ) ;
#172 = ORIENTED_EDGE ( 'NONE', *, *, #1208, .T. ) ;
#173 = CARTESIAN_POINT ( 'NONE',  ( 24.84072757557567712, 36.41303385995264819, 0.000000000000000000 ) ) ;
#174 = EDGE_CURVE ( 'NONE', #3119, #5, #95, .T. ) ;
#175 = CARTESIAN_POINT ( 'NONE',  ( 49.66419826606799859, 29.55200117051499831, 0.9499999999999999556 ) ) ;
#176 = CLOSED_SHELL ( 'NONE', ( #2375, #2611, #384, #2787, #2380, #2605, #558, #2300, #1499, #774, #3345, #622, #3364 ) ) ;
#177 = VERTEX_POINT ( 'NONE', #1952 ) ;
#178 = VERTEX_POINT ( 'NONE', #1179 ) ;
#179 = CIRCLE ( 'NONE', #1725, 0.05000000000000148076 ) ;
#180 = DIRECTION ( 'NONE',  ( 0.000000000000000000, -1.000000000000000000, 0.000000000000000000 ) ) ;
#181 = CARTESIAN_POINT ( 'NONE',  ( 0.000000000000000000, 23.17573017770200039, 0.000000000000000000 ) ) ;
#182 = ORIENTED_EDGE ( 'NONE', *, *, #108, .F. ) ;
#183 = ORIENTED_EDGE ( 'NONE', *, *, #2508, .T. ) ;
#184 = AXIS2_PLACEMENT_3D ( 'NONE', #2355, #34, #3399 ) ;
#185 = DIRECTION ( 'NONE',  ( -0.9999999999999990008, -4.371135398084517093E-08, 0.000000000000000000 ) ) ;
#186 = AXIS2_PLACEMENT_3D ( 'NONE', #2740, #650, #3024 ) ;
#187 = LINE ( 'NONE', #744, #1082 ) ;
#188 = STYLED_ITEM ( 'NONE', ( #870 ), #1327 ) ;
#189 = CARTESIAN_POINT ( 'NONE',  ( 50.41082342266195582, 2.401465347587071530, -3.000000000000000000 ) ) ;
#190 = DIRECTION ( 'NONE',  ( -0.000000000000000000, -0.000000000000000000, 1.000000000000000000 ) ) ;
#191 = AXIS2_PLACEMENT_3D ( 'NONE', #2455, #1155, #2200 ) ;
#192 = EDGE_CURVE ( 'NONE', #2371, #1043, #3268, .T. ) ;
#193 = VERTEX_POINT ( 'NONE', #2022 ) ;
#194 = DIRECTION ( 'NONE',  ( 0.000000000000000000, 0.000000000000000000, 1.000000000000000000 ) ) ;
#195 = VECTOR ( 'NONE', #2810, 1000.000000000000000 ) ;
#196 = DIRECTION ( 'NONE',  ( 0.7039390247883264840, 0.7102604095541718010, -0.000000000000000000 ) ) ;
#197 = AXIS2_PLACEMENT_3D ( 'NONE', #3111, #2610, #1242 ) ;
#198 = ADVANCED_FACE ( 'NONE', ( #159 ), #366, .F. ) ;
#199 = DIRECTION ( 'NONE',  ( -0.9999999999999991118, -4.371138828673991410E-08, 0.000000000000000000 ) ) ;
#200 = AXIS2_PLACEMENT_3D ( 'NONE', #2981, #1690, #2731 ) ;
#201 = CARTESIAN_POINT ( 'NONE',  ( 20.76737240559561926, 12.12795355502193040, 3.000000000000000000 ) ) ;
#202 = LINE ( 'NONE', #1771, #1363 ) ;
#203 = EDGE_CURVE ( 'NONE', #2036, #2761, #1200, .T. ) ;
#204 = VERTEX_POINT ( 'NONE', #2224 ) ;
#205 = ORIENTED_EDGE ( 'NONE', *, *, #1515, .F. ) ;
#206 = CARTESIAN_POINT ( 'NONE',  ( 29.17142463048350010, 36.41303385995264819, -3.000000000000000000 ) ) ;
#207 = CARTESIAN_POINT ( 'NONE',  ( 50.46278976710300412, 30.89680015543899927, 1.399999999999999911 ) ) ;
#208 = DIRECTION ( 'NONE',  ( 1.000000000000000000, 0.000000000000000000, 0.000000000000000000 ) ) ;
#209 = LINE ( 'NONE', #729, #474 ) ;
#210 = VERTEX_POINT ( 'NONE', #2994 ) ;
#211 = CARTESIAN_POINT ( 'NONE',  ( -0.001771158736908866067, 15.19372240650448092, 3.000000000000000000 ) ) ;
#212 = PLANE ( 'NONE',  #1621 ) ;
#213 = ORIENTED_EDGE ( 'NONE', *, *, #2407, .T. ) ;
#214 = CARTESIAN_POINT ( 'NONE',  ( 49.66419834037699843, 27.85200117051499902, 0.9499999999999999556 ) ) ;
#215 = ADVANCED_FACE ( 'NONE', ( #3316 ), #3285, .T. ) ;
#216 = FACE_BOUND ( 'NONE', #2879, .T. ) ;
#217 = DIRECTION ( 'NONE',  ( 1.000000000000000000, 0.000000000000000000, -0.000000000000000000 ) ) ;
#218 = EDGE_LOOP ( 'NONE', ( #504, #2447, #1538, #1549, #1758, #1667, #905, #3022 ) ) ;
#219 = ORIENTED_EDGE ( 'NONE', *, *, #477, .F. ) ;
#220 = EDGE_CURVE ( 'NONE', #3119, #210, #3081, .T. ) ;
#221 = DIRECTION ( 'NONE',  ( 5.478074134663601247E-16, -1.000000000000000000, 0.000000000000000000 ) ) ;
#222 = CARTESIAN_POINT ( 'NONE',  ( 43.29763704129243962, 58.15736828445517403, 0.000000000000000000 ) ) ;
#223 = EDGE_LOOP ( 'NONE', ( #213, #3078, #1841, #3302, #219, #1220 ) ) ;
#224 = CARTESIAN_POINT ( 'NONE',  ( 57.66278976710301407, 7.320000000004286633, 0.000000000000000000 ) ) ;
#225 = FILL_AREA_STYLE_COLOUR ( '', #3374 ) ;
#226 = ORIENTED_EDGE ( 'NONE', *, *, #1680, .T. ) ;
#227 = FACE_OUTER_BOUND ( 'NONE', #574, .T. ) ;
#228 = DIRECTION ( 'NONE',  ( 1.000000000000000000, 0.000000000000000000, 0.000000000000000000 ) ) ;
#229 = ORIENTED_EDGE ( 'NONE', *, *, #714, .T. ) ;
#230 = DIRECTION ( 'NONE',  ( 0.000000000000000000, 0.000000000000000000, 1.000000000000000000 ) ) ;
#231 = CARTESIAN_POINT ( 'NONE',  ( 0.8070000000000006057, 11.75999999999999979, -3.000000000000000000 ) ) ;
#232 = AXIS2_PLACEMENT_3D ( 'NONE', #2771, #1752, #2792 ) ;
#233 = PLANE ( 'NONE',  #1303 ) ;
#234 = VERTEX_POINT ( 'NONE', #3061 ) ;
#235 = ORIENTED_EDGE ( 'NONE', *, *, #2587, .T. ) ;
#236 = ADVANCED_FACE ( 'NONE', ( #1448 ), #1227, .T. ) ;
#237 = CIRCLE ( 'NONE', #3357, 5.553607427576920053 ) ;
#238 = CARTESIAN_POINT ( 'NONE',  ( 49.66419826606799859, 29.55200117051499831, 1.000000000000000000 ) ) ;
#239 = PRODUCT_DEFINITION_CONTEXT ( 'detailed design', #1915, 'design' ) ;
#240 = DIRECTION ( 'NONE',  ( -4.371138828673991410E-08, 0.9999999999999991118, 0.000000000000000000 ) ) ;
#241 = AXIS2_PLACEMENT_3D ( 'NONE', #1659, #3170, #2372 ) ;
#242 = ADVANCED_FACE ( 'NONE', ( #701 ), #3298, .F. ) ;
#243 = VECTOR ( 'NONE', #2428, 1000.000000000000227 ) ;
#244 = DIRECTION ( 'NONE',  ( 5.478074134663600261E-16, -1.000000000000000000, 0.000000000000000000 ) ) ;
#245 = VECTOR ( 'NONE', #572, 1000.000000000000000 ) ;
#246 = ORIENTED_EDGE ( 'NONE', *, *, #2033, .F. ) ;
#247 = DIRECTION ( 'NONE',  ( 0.000000000000000000, 0.000000000000000000, 1.000000000000000000 ) ) ;
#248 = CIRCLE ( 'NONE', #3263, 1.704240931004555648 ) ;
#249 = ORIENTED_EDGE ( 'NONE', *, *, #682, .T. ) ;
#250 = FACE_OUTER_BOUND ( 'NONE', #1588, .T. ) ;
#251 = VECTOR ( 'NONE', #1283, 1000.000000000000000 ) ;
#252 = LINE ( 'NONE', #2624, #967 ) ;
#253 = AXIS2_PLACEMENT_3D ( 'NONE', #2838, #2616, #1000 ) ;
#254 = DIRECTION ( 'NONE',  ( -0.9999999999999991118, -4.371138828673991410E-08, 0.000000000000000000 ) ) ;
#255 = ORIENTED_EDGE ( 'NONE', *, *, #1400, .T. ) ;
#256 = VERTEX_POINT ( 'NONE', #1467 ) ;
#257 = AXIS2_PLACEMENT_3D ( 'NONE', #940, #638, #1990 ) ;
#258 = LINE ( 'NONE', #1049, #1509 ) ;
#259 = DIRECTION ( 'NONE',  ( 0.000000000000000000, -1.000000000000000000, 0.000000000000000000 ) ) ;
#260 = CARTESIAN_POINT ( 'NONE',  ( 3.061713480238002383, 56.81649478397233111, 3.000000000000000000 ) ) ;
#261 = EDGE_CURVE ( 'NONE', #2371, #1164, #3199, .T. ) ;
#262 = DIRECTION ( 'NONE',  ( -4.371142336978421000E-08, 0.9999999999999990008, 0.000000000000000000 ) ) ;
#263 = ORIENTED_EDGE ( 'NONE', *, *, #1133, .T. ) ;
#264 = DIRECTION ( 'NONE',  ( -4.371138828673991410E-08, 0.9999999999999991118, 0.000000000000000000 ) ) ;
#265 = CARTESIAN_POINT ( 'NONE',  ( 15.33263409895985951, 70.00199763233040073, 3.000000000000000000 ) ) ;
#266 = EDGE_CURVE ( 'NONE', #178, #272, #678, .T. ) ;
#267 = ORIENTED_EDGE ( 'NONE', *, *, #2464, .T. ) ;
#268 = CARTESIAN_POINT ( 'NONE',  ( 49.66419834037699843, 27.85200117051499902, 0.05000000000000000278 ) ) ;
#269 = LINE ( 'NONE', #1891, #2009 ) ;
#270 = CARTESIAN_POINT ( 'NONE',  ( 49.66419826606799859, 29.55200117051499831, 0.9499999999999999556 ) ) ;
#271 = VERTEX_POINT ( 'NONE', #2527 ) ;
#272 = VERTEX_POINT ( 'NONE', #173 ) ;
#273 = LINE ( 'NONE', #2609, #3103 ) ;
#274 = CARTESIAN_POINT ( 'NONE',  ( -0.01278441909939784585, 56.81649478397233111, 0.000000000000000000 ) ) ;
#275 = DIRECTION ( 'NONE',  ( -0.9999999999999961142, -8.742277657347935174E-08, 0.000000000000000000 ) ) ;
#276 = VERTEX_POINT ( 'NONE', #2273 ) ;
#277 = FACE_BOUND ( 'NONE', #2012, .T. ) ;
#278 = EDGE_CURVE ( 'NONE', #1375, #2377, #1343, .T. ) ;
#279 = FILL_AREA_STYLE_COLOUR ( '', #959 ) ;
#280 = EDGE_LOOP ( 'NONE', ( #1537, #2402, #2921, #428 ) ) ;
#281 = DIRECTION ( 'NONE',  ( -0.000000000000000000, -0.000000000000000000, 1.000000000000000000 ) ) ;
#282 = EDGE_CURVE ( 'NONE', #3033, #334, #3247, .T. ) ;
#283 = DIRECTION ( 'NONE',  ( 0.000000000000000000, -1.000000000000000000, 0.000000000000000000 ) ) ;
#284 = CARTESIAN_POINT ( 'NONE',  ( 50.46278976710299702, 45.32000000000428486, 0.000000000000000000 ) ) ;
#285 = ORIENTED_EDGE ( 'NONE', *, *, #1565, .T. ) ;
#286 = VERTEX_POINT ( 'NONE', #1983 ) ;
#287 = CLOSED_SHELL ( 'NONE', ( #3299, #2529, #1026, #169, #24, #1907, #1215, #1733, #379, #1416, #895, #1041, #3303 ) ) ;
#288 = CARTESIAN_POINT ( 'NONE',  ( 49.66419827262500775, 29.40200117051499973, -3.469446951954000916E-18 ) ) ;
#289 = CARTESIAN_POINT ( 'NONE',  ( 50.46278976710300412, 30.89680020245392456, 0.05000000000000000278 ) ) ;
#290 = EDGE_LOOP ( 'NONE', ( #2618, #690, #1231, #1937 ) ) ;
#291 = DIRECTION ( 'NONE',  ( 1.000000000000000000, 0.000000000000000000, 0.000000000000000000 ) ) ;
#292 = PLANE ( 'NONE',  #2060 ) ;
#293 = AXIS2_PLACEMENT_3D ( 'NONE', #1880, #2903, #291 ) ;
#294 = CARTESIAN_POINT ( 'NONE',  ( 29.17142463048350010, 36.41303385995264819, 0.000000000000000000 ) ) ;
#295 = ORIENTED_EDGE ( 'NONE', *, *, #770, .F. ) ;
#296 = PLANE ( 'NONE',  #3029 ) ;
#297 = CARTESIAN_POINT ( 'NONE',  ( 50.61419834256300732, 27.80200121204099872, 0.9499999999999999556 ) ) ;
#298 = VECTOR ( 'NONE', #283, 1000.000000000000000 ) ;
#299 = EDGE_CURVE ( 'NONE', #3015, #2999, #3250, .T. ) ;
#300 = EDGE_LOOP ( 'NONE', ( #1199, #1182, #3284, #2925 ) ) ;
#301 = DIRECTION ( 'NONE',  ( 1.000000000000000000, 0.000000000000000000, 0.000000000000000000 ) ) ;
#302 = VECTOR ( 'NONE', #2509, 1000.000000000000000 ) ;
#303 = FACE_OUTER_BOUND ( 'NONE', #2808, .T. ) ;
#304 = DIRECTION ( 'NONE',  ( -0.9999999999999990008, -4.371135398084517093E-08, 0.000000000000000000 ) ) ;
#305 = EDGE_CURVE ( 'NONE', #1666, #2461, #1175, .T. ) ;
#306 = DIRECTION ( 'NONE',  ( 1.000000000000000000, 0.000000000000000000, 0.000000000000000000 ) ) ;
#307 = VECTOR ( 'NONE', #1794, 1000.000000000000000 ) ;
#308 = ORIENTED_EDGE ( 'NONE', *, *, #1296, .T. ) ;
#309 = ORIENTED_EDGE ( 'NONE', *, *, #220, .T. ) ;
#310 = AXIS2_PLACEMENT_3D ( 'NONE', #387, #1689, #1167 ) ;
#311 = CARTESIAN_POINT ( 'NONE',  ( 56.29523096000639271, 64.84199890137129785, 4.500000000000000888 ) ) ;
#312 = EDGE_CURVE ( 'NONE', #1796, #1341, #381, .T. ) ;
#313 = PLANE ( 'NONE',  #534 ) ;
#314 = CIRCLE ( 'NONE', #2072, 4.330697054907822974 ) ;
#315 = CARTESIAN_POINT ( 'NONE',  ( 50.46278976710300412, 28.00200120985600094, 1.000000000000000000 ) ) ;
#316 = CIRCLE ( 'NONE', #1142, 1.704240931004555648 ) ;
#317 = CARTESIAN_POINT ( 'NONE',  ( 2.007000000000000117, 11.75999999999999979, -3.000000000000000000 ) ) ;
#318 = ORIENTED_EDGE ( 'NONE', *, *, #3220, .F. ) ;
#319 = ORIENTED_EDGE ( 'NONE', *, *, #2521, .F. ) ;
#320 = CARTESIAN_POINT ( 'NONE',  ( 57.65803783602434862, 7.320000000004286633, 0.000000000000000000 ) ) ;
#321 = CARTESIAN_POINT ( 'NONE',  ( 49.61419834037700127, 27.85200116833000195, 0.000000000000000000 ) ) ;
#322 = DIRECTION ( 'NONE',  ( 4.371142336978421000E-08, -0.9999999999999990008, 0.000000000000000000 ) ) ;
#323 = VERTEX_POINT ( 'NONE', #3131 ) ;
#324 = VERTEX_POINT ( 'NONE', #211 ) ;
#325 = EDGE_CURVE ( 'NONE', #3336, #1280, #783, .T. ) ;
#326 = DIRECTION ( 'NONE',  ( 1.000000000000000000, 0.000000000000000000, 0.000000000000000000 ) ) ;
#327 = CARTESIAN_POINT ( 'NONE',  ( 28.88521634381089243, 12.12795355502193040, 3.000000000000000000 ) ) ;
#328 = EDGE_CURVE ( 'NONE', #2492, #1720, #1040, .T. ) ;
#329 = DIRECTION ( 'NONE',  ( -0.000000000000000000, -0.000000000000000000, 1.000000000000000000 ) ) ;
#330 = DIRECTION ( 'NONE',  ( 1.000000000000000000, 0.000000000000000000, -0.000000000000000000 ) ) ;
#331 = DIRECTION ( 'NONE',  ( 0.000000000000000000, 0.000000000000000000, 1.000000000000000000 ) ) ;
#332 = DIRECTION ( 'NONE',  ( -0.000000000000000000, -0.000000000000000000, 1.000000000000000000 ) ) ;
#333 = UNCERTAINTY_MEASURE_WITH_UNIT (LENGTH_MEASURE( 1.000000000000000082E-05 ), #1805, 'distance_accuracy_value', 'NONE');
#334 = VERTEX_POINT ( 'NONE', #1054 ) ;
#335 = LINE ( 'NONE', #1387, #298 ) ;
#336 = DIRECTION ( 'NONE',  ( 0.000000000000000000, 0.000000000000000000, 1.000000000000000000 ) ) ;
#337 = VERTEX_POINT ( 'NONE', #2037 ) ;
#338 = ORIENTED_EDGE ( 'NONE', *, *, #9, .F. ) ;
#339 = FACE_OUTER_BOUND ( 'NONE', #954, .T. ) ;
#340 = DIRECTION ( 'NONE',  ( 8.742277657347935174E-08, -0.9999999999999961142, 0.000000000000000000 ) ) ;
#341 = EDGE_CURVE ( 'NONE', #2065, #2760, #768, .T. ) ;
#342 = DIRECTION ( 'NONE',  ( 0.000000000000000000, 0.000000000000000000, 1.000000000000000000 ) ) ;
#343 = CARTESIAN_POINT ( 'NONE',  ( 49.66419826388199965, 29.60200117051499902, 0.05000000000000000278 ) ) ;
#344 = CARTESIAN_POINT ( 'NONE',  ( 49.92499688704600658, 32.24680015543900424, 0.000000000000000000 ) ) ;
#345 = EDGE_CURVE ( 'NONE', #1883, #2347, #524, .T. ) ;
#346 = FACE_OUTER_BOUND ( 'NONE', #3398, .T. ) ;
#347 =( NAMED_UNIT ( * ) PLANE_ANGLE_UNIT ( ) SI_UNIT ( $, .RADIAN. ) );
#348 = EDGE_CURVE ( 'NONE', #871, #1164, #179, .T. ) ;
#349 = AXIS2_PLACEMENT_3D ( 'NONE', #1328, #2936, #1622 ) ;
#350 = VERTEX_POINT ( 'NONE', #1572 ) ;
#351 = AXIS2_PLACEMENT_3D ( 'NONE', #2679, #2451, #59 ) ;
#352 = ORIENTED_EDGE ( 'NONE', *, *, #2665, .F. ) ;
#353 = ORIENTED_EDGE ( 'NONE', *, *, #2211, .T. ) ;
#354 = VECTOR ( 'NONE', #1193, 1000.000000000000114 ) ;
#355 = DIRECTION ( 'NONE',  ( -0.000000000000000000, -0.000000000000000000, -1.000000000000000000 ) ) ;
#356 = VECTOR ( 'NONE', #2084, 1000.000000000000000 ) ;
#357 = LINE ( 'NONE', #1940, #3218 ) ;
#358 = VECTOR ( 'NONE', #441, 1000.000000000000000 ) ;
#359 = CARTESIAN_POINT ( 'NONE',  ( 28.88521634381089243, 23.17573017770199684, 3.000000000000000000 ) ) ;
#360 = PLANE ( 'NONE',  #1401 ) ;
#361 = FACE_OUTER_BOUND ( 'NONE', #456, .T. ) ;
#362 = AXIS2_PLACEMENT_3D ( 'NONE', #431, #414, #1476 ) ;
#363 = AXIS2_PLACEMENT_3D ( 'NONE', #2697, #1392, #3229 ) ;
#364 = EDGE_CURVE ( 'NONE', #5, #2348, #237, .T. ) ;
#365 = EDGE_LOOP ( 'NONE', ( #2747, #1975, #37, #856, #2064, #1063 ) ) ;
#366 = PLANE ( 'NONE',  #2373 ) ;
#367 = EDGE_CURVE ( 'NONE', #337, #323, #2562, .T. ) ;
#368 = CARTESIAN_POINT ( 'NONE',  ( 51.39523096000765889, 64.84199890137129785, 4.500000000000000888 ) ) ;
#369 = SHAPE_DEFINITION_REPRESENTATION ( #849, #1185 ) ;
#370 = EDGE_LOOP ( 'NONE', ( #1625, #2530, #567, #2644 ) ) ;
#371 = ORIENTED_EDGE ( 'NONE', *, *, #2238, .T. ) ;
#372 = LINE ( 'NONE', #3013, #27 ) ;
#373 = CARTESIAN_POINT ( 'NONE',  ( 50.46278976710301833, 7.320000000004288410, 0.000000000000000000 ) ) ;
#374 = ORIENTED_EDGE ( 'NONE', *, *, #2736, .F. ) ;
#375 = CARTESIAN_POINT ( 'NONE',  ( 49.66419833382099824, 28.00200117051500115, 1.000000000000000000 ) ) ;
#376 = DIRECTION ( 'NONE',  ( 1.000000000000000000, 0.000000000000000000, 0.000000000000000000 ) ) ;
#377 = DIRECTION ( 'NONE',  ( 1.000000000000000000, 5.478074134663600261E-16, 0.000000000000000000 ) ) ;
#378 = DIRECTION ( 'NONE',  ( -1.000000000000000000, 3.283659891533087957E-14, 0.000000000000000000 ) ) ;
#379 = ADVANCED_FACE ( 'NONE', ( #1766 ), #1817, .T. ) ;
#380 = EDGE_LOOP ( 'NONE', ( #2943, #3068, #1577, #2948 ) ) ;
#381 = LINE ( 'NONE', #1431, #1892 ) ;
#382 = DIRECTION ( 'NONE',  ( 1.000000000000000000, 0.000000000000000000, 0.000000000000000000 ) ) ;
#383 = PRODUCT_CONTEXT ( 'NONE', #2912, 'mechanical' ) ;
#384 = ADVANCED_FACE ( 'NONE', ( #2105 ), #717, .T. ) ;
#385 = ORIENTED_EDGE ( 'NONE', *, *, #1229, .F. ) ;
#386 = ORIENTED_EDGE ( 'NONE', *, *, #2641, .T. ) ;
#387 = CARTESIAN_POINT ( 'NONE',  ( 26.46541858999999874, 26.46809974185707759, 3.000000000000000000 ) ) ;
#388 = CARTESIAN_POINT ( 'NONE',  ( 49.92499688704600658, 32.24680015543900424, 0.000000000000000000 ) ) ;
#389 = ORIENTED_EDGE ( 'NONE', *, *, #953, .F. ) ;
#390 = ORIENTED_EDGE ( 'NONE', *, *, #1828, .T. ) ;
#391 = CARTESIAN_POINT ( 'NONE',  ( 9.235357893426790810, 50.00199763233040073, 10.75943138354336348 ) ) ;
#392 = CYLINDRICAL_SURFACE ( 'NONE', #1181, 0.05000000000000148076 ) ;
#393 = CARTESIAN_POINT ( 'NONE',  ( 37.78087911081129135, 65.83635289751217101, 3.000000000000000000 ) ) ;
#394 = LINE ( 'NONE', #1980, #302 ) ;
#395 = CARTESIAN_POINT ( 'NONE',  ( 49.66419834037699843, 27.85200117051499902, 0.9499999999999999556 ) ) ;
#396 = VERTEX_POINT ( 'NONE', #2075 ) ;
#397 = DIRECTION ( 'NONE',  ( 0.000000000000000000, 0.000000000000000000, -1.000000000000000000 ) ) ;
#398 = AXIS2_PLACEMENT_3D ( 'NONE', #3097, #3076, #470 ) ;
#399 = CARTESIAN_POINT ( 'NONE',  ( 49.66419826606799859, 29.55200117051499831, 0.9499999999999999556 ) ) ;
#400 = EDGE_CURVE ( 'NONE', #119, #961, #2543, .T. ) ;
#401 = AXIS2_PLACEMENT_3D ( 'NONE', #2442, #1094, #17 ) ;
#402 = VERTEX_POINT ( 'NONE', #2841 ) ;
#403 = ORIENTED_EDGE ( 'NONE', *, *, #1461, .T. ) ;
#404 = AXIS2_PLACEMENT_3D ( 'NONE', #2857, #1025, #473 ) ;
#405 = ADVANCED_FACE ( 'NONE', ( #227 ), #1534, .T. ) ;
#406 = CARTESIAN_POINT ( 'NONE',  ( 0.8070000000000006057, 11.75999999999999979, -4.599999999999999645 ) ) ;
#407 = CARTESIAN_POINT ( 'NONE',  ( 57.65800094604500714, 7.025000095371286335, 0.000000000000000000 ) ) ;
#408 = AXIS2_PLACEMENT_3D ( 'NONE', #836, #854, #1886 ) ;
#409 = ORIENTED_EDGE ( 'NONE', *, *, #2637, .T. ) ;
#410 = VERTEX_POINT ( 'NONE', #2821 ) ;
#411 = AXIS2_PLACEMENT_3D ( 'NONE', #100, #1391, #2434 ) ;
#412 = EDGE_CURVE ( 'NONE', #2683, #600, #1248, .T. ) ;
#413 = CARTESIAN_POINT ( 'NONE',  ( 8.360619662391107099, 70.00199763233040073, 3.000000000000000000 ) ) ;
#414 = DIRECTION ( 'NONE',  ( 0.9999999277895187388, 0.0003800275744578615004, -0.000000000000000000 ) ) ;
#415 = CIRCLE ( 'NONE', #2189, 1.199999999999999734 ) ;
#416 = AXIS2_PLACEMENT_3D ( 'NONE', #1788, #2309, #2827 ) ;
#417 = AXIS2_PLACEMENT_3D ( 'NONE', #2507, #2749, #694 ) ;
#418 = CARTESIAN_POINT ( 'NONE',  ( 50.46278976710300412, 28.00200120873186194, 0.000000000000000000 ) ) ;
#419 = EDGE_LOOP ( 'NONE', ( #2043, #3366, #710, #2417, #498, #1482, #1543, #3002 ) ) ;
#420 = DIRECTION ( 'NONE',  ( -4.371138828673991410E-08, 0.9999999999999991118, 0.000000000000000000 ) ) ;
#421 = AXIS2_PLACEMENT_3D ( 'NONE', #2538, #2801, #551 ) ;
#422 = CARTESIAN_POINT ( 'NONE',  ( 50.46278976710299702, 45.32000000000428486, 0.000000000000000000 ) ) ;
#423 = ORIENTED_EDGE ( 'NONE', *, *, #2449, .T. ) ;
#424 = ORIENTED_EDGE ( 'NONE', *, *, #1745, .T. ) ;
#425 = FACE_OUTER_BOUND ( 'NONE', #3341, .T. ) ;
#426 = CYLINDRICAL_SURFACE ( 'NONE', #2783, 2.499999999999995115 ) ;
#427 = ORIENTED_EDGE ( 'NONE', *, *, #2342, .T. ) ;
#428 = ORIENTED_EDGE ( 'NONE', *, *, #446, .F. ) ;
#429 = ADVANCED_FACE ( 'NONE', ( #2344 ), #3386, .T. ) ;
#430 = DIRECTION ( 'NONE',  ( 0.000000000000000000, -1.000000000000000000, 0.000000000000000000 ) ) ;
#431 = CARTESIAN_POINT ( 'NONE',  ( 0.000000000000000000, 23.17573017770200039, 3.000000000000000000 ) ) ;
#432 = EDGE_CURVE ( 'NONE', #2307, #2461, #2578, .T. ) ;
#433 = DIRECTION ( 'NONE',  ( -0.000000000000000000, -0.000000000000000000, -1.000000000000000000 ) ) ;
#434 = LINE ( 'NONE', #104, #2823 ) ;
#435 = FACE_OUTER_BOUND ( 'NONE', #2338, .T. ) ;
#436 = ORIENTED_EDGE ( 'NONE', *, *, #2276, .F. ) ;
#437 = DIRECTION ( 'NONE',  ( 0.000000000000000000, 0.000000000000000000, -1.000000000000000000 ) ) ;
#438 = FACE_OUTER_BOUND ( 'NONE', #2844, .T. ) ;
#439 = VERTEX_POINT ( 'NONE', #1002 ) ;
#440 = ORIENTED_EDGE ( 'NONE', *, *, #2905, .F. ) ;
#441 = DIRECTION ( 'NONE',  ( 0.000000000000000000, 0.000000000000000000, 1.000000000000000000 ) ) ;
#442 = DIRECTION ( 'NONE',  ( 0.000000000000000000, 0.000000000000000000, -1.000000000000000000 ) ) ;
#443 = ORIENTED_EDGE ( 'NONE', *, *, #931, .F. ) ;
#444 = ORIENTED_EDGE ( 'NONE', *, *, #3120, .T. ) ;
#445 = LINE ( 'NONE', #1035, #2390 ) ;
#446 = EDGE_CURVE ( 'NONE', #396, #2157, #1024, .T. ) ;
#447 = CARTESIAN_POINT ( 'NONE',  ( 8.360619662391107099, 70.00199763233040073, 3.000000000000000000 ) ) ;
#448 = CARTESIAN_POINT ( 'NONE',  ( 51.39523096000765889, 64.84199890137129785, 4.500000000000000888 ) ) ;
#449 = EDGE_CURVE ( 'NONE', #2377, #2312, #2320, .T. ) ;
#450 = ORIENTED_EDGE ( 'NONE', *, *, #2487, .F. ) ;
#451 = DIRECTION ( 'NONE',  ( -4.371138828673991410E-08, 0.9999999999999991118, 0.000000000000000000 ) ) ;
#452 = FACE_BOUND ( 'NONE', #2416, .T. ) ;
#453 = EDGE_CURVE ( 'NONE', #2097, #2036, #2166, .T. ) ;
#454 =( GEOMETRIC_REPRESENTATION_CONTEXT ( 3 ) GLOBAL_UNCERTAINTY_ASSIGNED_CONTEXT ( ( #579 ) ) GLOBAL_UNIT_ASSIGNED_CONTEXT ( ( #872, #1662, #1403 ) ) REPRESENTATION_CONTEXT ( 'NONE', 'WORKASPACE' ) );
#455 = ORIENTED_EDGE ( 'NONE', *, *, #2864, .F. ) ;
#456 = EDGE_LOOP ( 'NONE', ( #3237, #544, #295, #40 ) ) ;
#457 = VECTOR ( 'NONE', #2462, 1000.000000000000000 ) ;
#458 = PLANE ( 'NONE',  #416 ) ;
#459 = DIRECTION ( 'NONE',  ( 1.000000000000000000, 0.000000000000000000, 0.000000000000000000 ) ) ;
#460 = VERTEX_POINT ( 'NONE', #3183 ) ;
#461 = VECTOR ( 'NONE', #1478, 1000.000000000000114 ) ;
#462 = CARTESIAN_POINT ( 'NONE',  ( 57.66278976710300697, 45.32000000000428486, 3.000000000000000000 ) ) ;
#463 = CIRCLE ( 'NONE', #3310, 1.704240931004555648 ) ;
#464 = LINE ( 'NONE', #447, #2778 ) ;
#465 = STYLED_ITEM ( 'NONE', ( #2038 ), #1268 ) ;
#466 = DIRECTION ( 'NONE',  ( 0.000000000000000000, 0.000000000000000000, 1.000000000000000000 ) ) ;
#467 = CARTESIAN_POINT ( 'NONE',  ( 26.46541858999999874, 26.46809974185707759, 0.000000000000000000 ) ) ;
#468 = CIRCLE ( 'NONE', #1453, 4.330697054907822974 ) ;
#469 = VERTEX_POINT ( 'NONE', #1854 ) ;
#470 = DIRECTION ( 'NONE',  ( -8.742270796169010363E-08, 0.9999999999999962252, 0.000000000000000000 ) ) ;
#471 = EDGE_CURVE ( 'NONE', #165, #286, #2892, .T. ) ;
#472 = VECTOR ( 'NONE', #2296, 1000.000000000000000 ) ;
#473 = DIRECTION ( 'NONE',  ( 1.000000000000000000, 0.000000000000000000, 0.000000000000000000 ) ) ;
#474 = VECTOR ( 'NONE', #781, 1000.000000000000000 ) ;
#475 = ORIENTED_EDGE ( 'NONE', *, *, #2336, .T. ) ;
#476 = EDGE_LOOP ( 'NONE', ( #2186, #424, #10, #1533 ) ) ;
#477 = EDGE_CURVE ( 'NONE', #2595, #2683, #613, .T. ) ;
#478 = VECTOR ( 'NONE', #2062, 1000.000000000000000 ) ;
#479 = DIRECTION ( 'NONE',  ( 0.7102604095541718010, -0.7039390247883263729, 0.000000000000000000 ) ) ;
#480 = DIRECTION ( 'NONE',  ( 1.000000000000000000, 0.000000000000000000, 0.000000000000000000 ) ) ;
#481 = ORIENTED_EDGE ( 'NONE', *, *, #1423, .F. ) ;
#482 = ORIENTED_EDGE ( 'NONE', *, *, #2922, .T. ) ;
#483 = CARTESIAN_POINT ( 'NONE',  ( 29.17142463048350010, 36.41303385995264819, -3.000000000000000000 ) ) ;
#484 = PLANE ( 'NONE',  #2997 ) ;
#485 = EDGE_LOOP ( 'NONE', ( #1825, #1077, #822, #403, #1149, #2534 ) ) ;
#486 = CARTESIAN_POINT ( 'NONE',  ( 43.29763704129243962, 58.15736828445517403, 3.000000000000000000 ) ) ;
#487 =( BOUNDED_CURVE ( )  B_SPLINE_CURVE ( 3, ( #1977, #1414, #3018, #1944 ),
 .UNSPECIFIED., .F., .T. ) 
 B_SPLINE_CURVE_WITH_KNOTS ( ( 4, 4 ),
 ( 1.728963085268449218, 4.554222221911136792 ),
 .UNSPECIFIED. ) 
 CURVE ( )  GEOMETRIC_REPRESENTATION_ITEM ( )  RATIONAL_B_SPLINE_CURVE ( ( 1.000000000000000000, 0.4383387425732324094, 0.4383387425732324094, 1.000000000000000000 ) ) 
 REPRESENTATION_ITEM ( '' )  );
#488 = FACE_OUTER_BOUND ( 'NONE', #1967, .T. ) ;
#489 = VERTEX_POINT ( 'NONE', #2956 ) ;
#490 = DIRECTION ( 'NONE',  ( -4.371138828673991410E-08, 0.9999999999999991118, 0.000000000000000000 ) ) ;
#491 = DIRECTION ( 'NONE',  ( -0.000000000000000000, -0.000000000000000000, -1.000000000000000000 ) ) ;
#492 = EDGE_CURVE ( 'NONE', #1153, #1043, #679, .T. ) ;
#493 = ORIENTED_EDGE ( 'NONE', *, *, #953, .T. ) ;
#494 = ORIENTED_EDGE ( 'NONE', *, *, #1525, .F. ) ;
#495 = LINE ( 'NONE', #1540, #2446 ) ;
#496 = EDGE_CURVE ( 'NONE', #204, #3221, #1370, .T. ) ;
#497 = CARTESIAN_POINT ( 'NONE',  ( 33.50212168539132307, 36.41303385995264819, -3.000000000000000000 ) ) ;
#498 = ORIENTED_EDGE ( 'NONE', *, *, #2283, .T. ) ;
#499 = ORIENTED_EDGE ( 'NONE', *, *, #2804, .F. ) ;
#500 = DIRECTION ( 'NONE',  ( -0.9999999999999990008, -4.371135398084517093E-08, 0.000000000000000000 ) ) ;
#501 = CARTESIAN_POINT ( 'NONE',  ( 49.92499689141700259, 32.19680015543899998, 1.350000000000000089 ) ) ;
#502 = CARTESIAN_POINT ( 'NONE',  ( 8.360619662391107099, 70.00199763233040073, 3.000000000000000000 ) ) ;
#503 = PRESENTATION_STYLE_ASSIGNMENT (( #765 ) ) ;
#504 = ORIENTED_EDGE ( 'NONE', *, *, #2909, .T. ) ;
#505 = DIRECTION ( 'NONE',  ( 1.000000000000000000, 0.000000000000000000, 0.000000000000000000 ) ) ;
#506 = FACE_OUTER_BOUND ( 'NONE', #705, .T. ) ;
#507 = ORIENTED_EDGE ( 'NONE', *, *, #348, .T. ) ;
#508 = FACE_OUTER_BOUND ( 'NONE', #927, .T. ) ;
#509 = CYLINDRICAL_SURFACE ( 'NONE', #2393, 1.199999999999999734 ) ;
#510 = AXIS2_PLACEMENT_3D ( 'NONE', #2448, #1872, #2413 ) ;
#511 = CARTESIAN_POINT ( 'NONE',  ( 43.29763704129243962, 58.15736828445517403, 0.000000000000000000 ) ) ;
#512 = ORIENTED_EDGE ( 'NONE', *, *, #2843, .F. ) ;
#513 = VERTEX_POINT ( 'NONE', #55 ) ;
#514 = AXIS2_PLACEMENT_3D ( 'NONE', #1483, #397, #2001 ) ;
#515 = ADVANCED_FACE ( 'NONE', ( #1109 ), #598, .T. ) ;
#516 = CARTESIAN_POINT ( 'NONE',  ( 28.88521634381089243, 12.12795355502193040, 0.000000000000000000 ) ) ;
#517 = DIRECTION ( 'NONE',  ( 0.000000000000000000, 0.000000000000000000, 1.000000000000000000 ) ) ;
#518 = CIRCLE ( 'NONE', #2324, 7.000133898123504395 ) ;
#519 = ADVANCED_FACE ( 'NONE', ( #277, #1331 ), #296, .F. ) ;
#520 = AXIS2_PLACEMENT_3D ( 'NONE', #399, #1162, #903 ) ;
#521 = CARTESIAN_POINT ( 'NONE',  ( 48.71042342266195391, 2.401465347587071530, -3.000000000000000000 ) ) ;
#522 = AXIS2_PLACEMENT_3D ( 'NONE', #1660, #1608, #614 ) ;
#523 = EDGE_LOOP ( 'NONE', ( #950, #494, #1734, #1342, #1706, #2770, #1047 ) ) ;
#524 = LINE ( 'NONE', #1834, #2479 ) ;
#525 = DIRECTION ( 'NONE',  ( 1.000000000000000000, 0.000000000000000000, -0.000000000000000000 ) ) ;
#526 = AXIS2_PLACEMENT_3D ( 'NONE', #3228, #2500, #1703 ) ;
#527 = ORIENTED_EDGE ( 'NONE', *, *, #1120, .F. ) ;
#528 = VECTOR ( 'NONE', #2011, 1000.000000000000000 ) ;
#529 = CARTESIAN_POINT ( 'NONE',  ( 0.000000000000000000, 0.000000000000000000, 17.50000000000000000 ) ) ;
#530 = CIRCLE ( 'NONE', #310, 2.499999999999995115 ) ;
#531 = CARTESIAN_POINT ( 'NONE',  ( 50.61419826606800143, 29.55200121204100228, 1.000000000000000000 ) ) ;
#532 = VECTOR ( 'NONE', #612, 1000.000000000000000 ) ;
#533 = EDGE_LOOP ( 'NONE', ( #2285, #2737, #1426, #1630 ) ) ;
#534 = AXIS2_PLACEMENT_3D ( 'NONE', #13, #2353, #3162 ) ;
#535 = LINE ( 'NONE', #48, #749 ) ;
#536 = DIRECTION ( 'NONE',  ( 0.000000000000000000, -0.000000000000000000, -1.000000000000000000 ) ) ;
#537 = ADVANCED_FACE ( 'NONE', ( #1124 ), #557, .T. ) ;
#538 = ORIENTED_EDGE ( 'NONE', *, *, #1774, .F. ) ;
#539 = DIRECTION ( 'NONE',  ( -1.000000000000000000, 0.000000000000000000, 0.000000000000000000 ) ) ;
#540 = LINE ( 'NONE', #1368, #3046 ) ;
#541 = EDGE_CURVE ( 'NONE', #2898, #132, #1282, .T. ) ;
#542 = ORIENTED_EDGE ( 'NONE', *, *, #412, .F. ) ;
#543 = DIRECTION ( 'NONE',  ( -4.371138828673991410E-08, 0.9999999999999991118, 0.000000000000000000 ) ) ;
#544 = ORIENTED_EDGE ( 'NONE', *, *, #1493, .F. ) ;
#545 = DIRECTION ( 'NONE',  ( -1.000000000000000000, 0.000000000000000000, 0.000000000000000000 ) ) ;
#546 = DIRECTION ( 'NONE',  ( 1.000000000000000000, -1.201115100076789866E-16, 0.000000000000000000 ) ) ;
#547 = DIRECTION ( 'NONE',  ( -1.000000000000000000, -5.478074134663600261E-16, 0.000000000000000000 ) ) ;
#548 = ORIENTED_EDGE ( 'NONE', *, *, #72, .F. ) ;
#549 = EDGE_LOOP ( 'NONE', ( #1353, #1286, #1447, #3148 ) ) ;
#550 = DIRECTION ( 'NONE',  ( 0.000000000000000000, 0.000000000000000000, 1.000000000000000000 ) ) ;
#551 = DIRECTION ( 'NONE',  ( 0.000000000000000000, -1.000000000000000000, 0.000000000000000000 ) ) ;
#552 = VERTEX_POINT ( 'NONE', #1903 ) ;
#553 = DIRECTION ( 'NONE',  ( 1.000000000000000000, 5.478074134663600261E-16, 0.000000000000000000 ) ) ;
#554 = ADVANCED_FACE ( 'NONE', ( #1606 ), #1869, .T. ) ;
#555 = CARTESIAN_POINT ( 'NONE',  ( 39.89063387505243696, 67.79673737589244809, -3.000000000000000000 ) ) ;
#556 = CARTESIAN_POINT ( 'NONE',  ( 34.97599999999999909, 67.89399999999999125, -3.000000000000000000 ) ) ;
#557 = PLANE ( 'NONE',  #241 ) ;
#558 = ADVANCED_FACE ( 'NONE', ( #346 ), #1626, .T. ) ;
#559 = CARTESIAN_POINT ( 'NONE',  ( 49.61419834256300732, 27.80200116833000124, 0.05000000000000000278 ) ) ;
#560 = ORIENTED_EDGE ( 'NONE', *, *, #812, .T. ) ;
#561 = FACE_OUTER_BOUND ( 'NONE', #2571, .T. ) ;
#562 = EDGE_CURVE ( 'NONE', #256, #2307, #518, .T. ) ;
#563 = FACE_OUTER_BOUND ( 'NONE', #290, .T. ) ;
#564 = DIRECTION ( 'NONE',  ( 0.000000000000000000, 0.000000000000000000, 1.000000000000000000 ) ) ;
#565 = FACE_OUTER_BOUND ( 'NONE', #3395, .T. ) ;
#566 = VERTEX_POINT ( 'NONE', #189 ) ;
#567 = ORIENTED_EDGE ( 'NONE', *, *, #687, .T. ) ;
#568 = CARTESIAN_POINT ( 'NONE',  ( 50.46278976710299702, 29.40200120542272444, 0.000000000000000000 ) ) ;
#569 = PLANE ( 'NONE',  #3167 ) ;
#570 = VECTOR ( 'NONE', #2395, 1000.000000000000000 ) ;
#571 = DIRECTION ( 'NONE',  ( 4.371142336978421000E-08, -0.9999999999999990008, 0.000000000000000000 ) ) ;
#572 = DIRECTION ( 'NONE',  ( 0.000000000000000000, 0.000000000000000000, 1.000000000000000000 ) ) ;
#573 = DIRECTION ( 'NONE',  ( 0.000000000000000000, 0.000000000000000000, 1.000000000000000000 ) ) ;
#574 = EDGE_LOOP ( 'NONE', ( #1554, #1169, #482, #2776 ) ) ;
#575 = CARTESIAN_POINT ( 'NONE',  ( 50.66486707213653062, 63.00287427383352679, 3.000000000000000000 ) ) ;
#576 = AXIS2_PLACEMENT_3D ( 'NONE', #175, #2528, #922 ) ;
#577 = CARTESIAN_POINT ( 'NONE',  ( 50.46278976710299702, 45.32000000000428486, 3.000000000000000000 ) ) ;
#578 = VECTOR ( 'NONE', #3231, 1000.000000000000000 ) ;
#579 = UNCERTAINTY_MEASURE_WITH_UNIT (LENGTH_MEASURE( 1.000000000000000082E-05 ), #872, 'distance_accuracy_value', 'NONE');
#580 = EDGE_CURVE ( 'NONE', #410, #1280, #2837, .T. ) ;
#581 = ORIENTED_EDGE ( 'NONE', *, *, #3069, .T. ) ;
#582 = CYLINDRICAL_SURFACE ( 'NONE', #1993, 1.199999999999999734 ) ;
#583 = AXIS2_PLACEMENT_3D ( 'NONE', #2119, #1618, #1582 ) ;
#584 = CARTESIAN_POINT ( 'NONE',  ( 50.61419827262500348, 29.40200121204100014, 1.000000000000000000 ) ) ;
#585 = DIRECTION ( 'NONE',  ( 0.000000000000000000, 0.000000000000000000, 1.000000000000000000 ) ) ;
#586 = CARTESIAN_POINT ( 'NONE',  ( 50.46278976710299702, 45.32000000000428486, 0.000000000000000000 ) ) ;
#587 = EDGE_CURVE ( 'NONE', #1702, #2754, #952, .T. ) ;
#588 = VERTEX_POINT ( 'NONE', #728 ) ;
#589 = ORIENTED_EDGE ( 'NONE', *, *, #1291, .F. ) ;
#590 = CIRCLE ( 'NONE', #1573, 0.05000000000000143219 ) ;
#591 = LINE ( 'NONE', #1862, #356 ) ;
#592 = DIRECTION ( 'NONE',  ( -4.371138828673991410E-08, 0.9999999999999991118, 6.123233995737003927E-17 ) ) ;
#593 = CIRCLE ( 'NONE', #253, 1.700399999999997691 ) ;
#594 = DIRECTION ( 'NONE',  ( -0.000000000000000000, 1.000000000000000000, -0.000000000000000000 ) ) ;
#595 = CIRCLE ( 'NONE', #2504, 0.05000000000000002359 ) ;
#596 = CARTESIAN_POINT ( 'NONE',  ( 49.69523096000891371, 64.84199890137129785, 5.000000000000000000 ) ) ;
#597 = ORIENTED_EDGE ( 'NONE', *, *, #3032, .T. ) ;
#598 = PLANE ( 'NONE',  #2976 ) ;
#599 = DIRECTION ( 'NONE',  ( -4.371138828673991410E-08, 0.9999999999999991118, 0.000000000000000000 ) ) ;
#600 = VERTEX_POINT ( 'NONE', #1293 ) ;
#601 = DIRECTION ( 'NONE',  ( -4.371142336978421000E-08, 0.9999999999999990008, 0.000000000000000000 ) ) ;
#602 = ADVANCED_FACE ( 'NONE', ( #1531 ), #168, .F. ) ;
#603 = SURFACE_STYLE_FILL_AREA ( #2681 ) ;
#604 = ORIENTED_EDGE ( 'NONE', *, *, #1316, .F. ) ;
#605 = ORIENTED_EDGE ( 'NONE', *, *, #2197, .F. ) ;
#606 = ADVANCED_FACE ( 'NONE', ( #1777 ), #2523, .T. ) ;
#607 = CARTESIAN_POINT ( 'NONE',  ( 49.66419827262500775, 29.40200117051499973, 1.000000000000000000 ) ) ;
#608 = CARTESIAN_POINT ( 'NONE',  ( 36.17600000000000193, 67.89399999999999125, -4.599999999999999645 ) ) ;
#609 = CYLINDRICAL_SURFACE ( 'NONE', #3256, 4.330697054907822974 ) ;
#610 = ADVANCED_FACE ( 'NONE', ( #2268 ), #1259, .F. ) ;
#611 = LINE ( 'NONE', #1657, #354 ) ;
#612 = DIRECTION ( 'NONE',  ( 0.000000000000000000, 0.000000000000000000, -1.000000000000000000 ) ) ;
#613 = LINE ( 'NONE', #820, #2108 ) ;
#614 = DIRECTION ( 'NONE',  ( 0.7914391044801347697, -0.6112480215916304971, 0.000000000000000000 ) ) ;
#615 = ORIENTED_EDGE ( 'NONE', *, *, #2587, .F. ) ;
#616 = CARTESIAN_POINT ( 'NONE',  ( 36.17600000000000193, 67.89399999999999125, -4.599999999999999645 ) ) ;
#617 = DIRECTION ( 'NONE',  ( 1.000000000000000000, 0.000000000000000000, 0.000000000000000000 ) ) ;
#618 = ORIENTED_EDGE ( 'NONE', *, *, #2983, .T. ) ;
#619 = EDGE_LOOP ( 'NONE', ( #371, #1857, #810, #756 ) ) ;
#620 = CARTESIAN_POINT ( 'NONE',  ( 39.88029162565499774, 65.83635289751217101, 3.000000000000000000 ) ) ;
#621 = LINE ( 'NONE', #2482, #3378 ) ;
#622 = ADVANCED_FACE ( 'NONE', ( #2803 ), #2340, .F. ) ;
#623 = LINE ( 'NONE', #2457, #578 ) ;
#624 = DIRECTION ( 'NONE',  ( 1.000000000000000000, 0.000000000000000000, 0.000000000000000000 ) ) ;
#625 = VECTOR ( 'NONE', #3185, 1000.000000000000114 ) ;
#626 = ADVANCED_FACE ( 'NONE', ( #1513 ), #1548, .F. ) ;
#627 = PLANE ( 'NONE',  #2437 ) ;
#628 = VECTOR ( 'NONE', #433, 1000.000000000000000 ) ;
#629 = ORIENTED_EDGE ( 'NONE', *, *, #816, .T. ) ;
#630 = LINE ( 'NONE', #1631, #2106 ) ;
#631 = CARTESIAN_POINT ( 'NONE',  ( 50.46278976710299702, 45.32000000000428486, 0.000000000000000000 ) ) ;
#632 = VECTOR ( 'NONE', #491, 1000.000000000000000 ) ;
#633 = VERTEX_POINT ( 'NONE', #1018 ) ;
#634 = VERTEX_POINT ( 'NONE', #3039 ) ;
#635 =( GEOMETRIC_REPRESENTATION_CONTEXT ( 3 ) GLOBAL_UNCERTAINTY_ASSIGNED_CONTEXT ( ( #2425 ) ) GLOBAL_UNIT_ASSIGNED_CONTEXT ( ( #3201, #347, #2107 ) ) REPRESENTATION_CONTEXT ( 'NONE', 'WORKASPACE' ) );
#636 = PLANE ( 'NONE',  #1566 ) ;
#637 = AXIS2_PLACEMENT_3D ( 'NONE', #3191, #1827, #1562 ) ;
#638 = DIRECTION ( 'NONE',  ( 0.000000000000000000, 0.000000000000000000, 1.000000000000000000 ) ) ;
#639 = AXIS2_PLACEMENT_3D ( 'NONE', #1211, #1388, #1113 ) ;
#640 = LINE ( 'NONE', #3242, #1620 ) ;
#641 = LINE ( 'NONE', #3279, #2714 ) ;
#642 = EDGE_CURVE ( 'NONE', #204, #588, #2319, .T. ) ;
#643 = FACE_OUTER_BOUND ( 'NONE', #1330, .T. ) ;
#644 = AXIS2_PLACEMENT_3D ( 'NONE', #2156, #573, #330 ) ;
#645 = CIRCLE ( 'NONE', #2558, 1.699999999998744293 ) ;
#646 = CARTESIAN_POINT ( 'NONE',  ( 39.88029162565499774, 65.83635289751217101, -3.000000000000000000 ) ) ;
#647 = EDGE_CURVE ( 'NONE', #1883, #1796, #1068, .T. ) ;
#648 = VERTEX_POINT ( 'NONE', #2303 ) ;
#649 = DIRECTION ( 'NONE',  ( 1.000000000000000000, 0.000000000000000000, 0.000000000000000000 ) ) ;
#650 = DIRECTION ( 'NONE',  ( -0.000000000000000000, -0.000000000000000000, -1.000000000000000000 ) ) ;
#651 = ORIENTED_EDGE ( 'NONE', *, *, #1652, .F. ) ;
#652 = VERTEX_POINT ( 'NONE', #3346 ) ;
#653 = FACE_OUTER_BOUND ( 'NONE', #300, .T. ) ;
#654 = CARTESIAN_POINT ( 'NONE',  ( 50.46278976710300412, 32.24680020245393308, 1.350000000000000089 ) ) ;
#655 = ORIENTED_EDGE ( 'NONE', *, *, #96, .F. ) ;
#656 = EDGE_LOOP ( 'NONE', ( #1861, #684, #450, #2013 ) ) ;
#657 = DIRECTION ( 'NONE',  ( 1.000000000000000000, 0.000000000000000000, -0.000000000000000000 ) ) ;
#658 = CARTESIAN_POINT ( 'NONE',  ( 51.39523096000765889, 64.84199890137129785, -0.4999999999999995559 ) ) ;
#659 = LINE ( 'NONE', #898, #864 ) ;
#660 = EDGE_CURVE ( 'NONE', #652, #2761, #2433, .T. ) ;
#661 = LINE ( 'NONE', #1479, #855 ) ;
#662 = VERTEX_POINT ( 'NONE', #1492 ) ;
#663 = DIRECTION ( 'NONE',  ( -8.742277657347935174E-08, 0.9999999999999961142, 0.000000000000000000 ) ) ;
#664 = EDGE_CURVE ( 'NONE', #271, #1226, #2170, .T. ) ;
#665 = CARTESIAN_POINT ( 'NONE',  ( 49.66419833382099824, 28.00200117051500115, 0.9499999999999999556 ) ) ;
#666 = ORIENTED_EDGE ( 'NONE', *, *, #1477, .T. ) ;
#667 = ORIENTED_EDGE ( 'NONE', *, *, #2698, .T. ) ;
#668 = EDGE_CURVE ( 'NONE', #2910, #1686, #2788, .T. ) ;
#669 = FACE_OUTER_BOUND ( 'NONE', #1390, .T. ) ;
#670 = CARTESIAN_POINT ( 'NONE',  ( 49.61419833382100109, 28.00200116833000052, 0.000000000000000000 ) ) ;
#671 = ORIENTED_EDGE ( 'NONE', *, *, #1676, .F. ) ;
#672 = ORIENTED_EDGE ( 'NONE', *, *, #3120, .F. ) ;
#673 = FACE_OUTER_BOUND ( 'NONE', #2639, .T. ) ;
#674 = FACE_OUTER_BOUND ( 'NONE', #1971, .T. ) ;
#675 = CARTESIAN_POINT ( 'NONE',  ( 3.061713480238003271, 51.24900787648742551, 17.50000000000000000 ) ) ;
#676 = DIRECTION ( 'NONE',  ( 0.7130411796220964549, -0.7011221549509965012, 0.000000000000000000 ) ) ;
#677 = ORIENTED_EDGE ( 'NONE', *, *, #1251, .F. ) ;
#678 = LINE ( 'NONE', #3043, #1671 ) ;
#679 = CIRCLE ( 'NONE', #2212, 0.05000000000000148076 ) ;
#680 = CARTESIAN_POINT ( 'NONE',  ( 2.007000000000000117, 11.75999999999999979, 0.000000000000000000 ) ) ;
#681 = VECTOR ( 'NONE', #1224, 1000.000000000000000 ) ;
#682 = EDGE_CURVE ( 'NONE', #324, #2915, #3312, .T. ) ;
#683 = ORIENTED_EDGE ( 'NONE', *, *, #2822, .F. ) ;
#684 = ORIENTED_EDGE ( 'NONE', *, *, #400, .T. ) ;
#685 = VECTOR ( 'NONE', #1468, 1000.000000000000000 ) ;
#686 = DIRECTION ( 'NONE',  ( -0.8660254037844372643, 0.000000000000000000, -0.5000000000000024425 ) ) ;
#687 = EDGE_CURVE ( 'NONE', #3042, #2074, #968, .T. ) ;
#688 = PLANE ( 'NONE',  #363 ) ;
#689 = AXIS2_PLACEMENT_3D ( 'NONE', #1159, #2789, #1949 ) ;
#690 = ORIENTED_EDGE ( 'NONE', *, *, #875, .F. ) ;
#691 = ORIENTED_EDGE ( 'NONE', *, *, #1333, .F. ) ;
#692 = AXIS2_PLACEMENT_3D ( 'NONE', #2900, #550, #1599 ) ;
#693 = CYLINDRICAL_SURFACE ( 'NONE', #1076, 0.05000000000000148076 ) ;
#694 = DIRECTION ( 'NONE',  ( 0.000000000000000000, -0.000000000000000000, -1.000000000000000000 ) ) ;
#695 = AXIS2_PLACEMENT_3D ( 'NONE', #826, #547, #2603 ) ;
#696 = VECTOR ( 'NONE', #479, 1000.000000000000114 ) ;
#697 = CARTESIAN_POINT ( 'NONE',  ( 49.66419827262500775, 29.40200117051499973, 0.05000000000000000278 ) ) ;
#698 = VECTOR ( 'NONE', #2735, 1000.000000000000000 ) ;
#699 = CYLINDRICAL_SURFACE ( 'NONE', #2828, 1.728353813270931738 ) ;
#700 = ORIENTED_EDGE ( 'NONE', *, *, #3280, .T. ) ;
#701 = FACE_OUTER_BOUND ( 'NONE', #889, .T. ) ;
#702 = AXIS2_PLACEMENT_3D ( 'NONE', #1929, #1669, #2712 ) ;
#703 = DIRECTION ( 'NONE',  ( 0.000000000000000000, 0.000000000000000000, 1.000000000000000000 ) ) ;
#704 = ORIENTED_EDGE ( 'NONE', *, *, #446, .T. ) ;
#705 = EDGE_LOOP ( 'NONE', ( #1138, #1011, #2146, #862 ) ) ;
#706 = EDGE_CURVE ( 'NONE', #2461, #786, #747, .T. ) ;
#707 = CARTESIAN_POINT ( 'NONE',  ( 50.46278976710300412, 30.84680020245392384, 0.000000000000000000 ) ) ;
#708 = DIRECTION ( 'NONE',  ( -1.000000000000000000, -0.000000000000000000, -0.000000000000000000 ) ) ;
#709 = ORIENTED_EDGE ( 'NONE', *, *, #2744, .T. ) ;
#710 = ORIENTED_EDGE ( 'NONE', *, *, #3009, .T. ) ;
#711 = ADVANCED_FACE ( 'NONE', ( #3073 ), #2649, .T. ) ;
#712 = CARTESIAN_POINT ( 'NONE',  ( 0.000000000000000000, 23.17573017770200039, 3.000000000000000000 ) ) ;
#713 = DIRECTION ( 'NONE',  ( 0.000000000000000000, 0.000000000000000000, -1.000000000000000000 ) ) ;
#714 = EDGE_CURVE ( 'NONE', #276, #2595, #1051, .T. ) ;
#715 = CARTESIAN_POINT ( 'NONE',  ( 32.58472668810468065, 70.00199890137129444, 0.000000000000000000 ) ) ;
#716 = ORIENTED_EDGE ( 'NONE', *, *, #2992, .F. ) ;
#717 = PLANE ( 'NONE',  #1941 ) ;
#718 = FACE_OUTER_BOUND ( 'NONE', #1833, .T. ) ;
#719 = ORIENTED_EDGE ( 'NONE', *, *, #794, .F. ) ;
#720 = ORIENTED_EDGE ( 'NONE', *, *, #2505, .T. ) ;
#721 = LINE ( 'NONE', #1204, #1079 ) ;
#722 = DIRECTION ( 'NONE',  ( 1.000000000000000000, 0.000000000000000000, 0.000000000000000000 ) ) ;
#723 = VERTEX_POINT ( 'NONE', #315 ) ;
#724 = ORIENTED_EDGE ( 'NONE', *, *, #1823, .T. ) ;
#725 = DIRECTION ( 'NONE',  ( -8.742270796169010363E-08, 0.9999999999999962252, 0.000000000000000000 ) ) ;
#726 = DIRECTION ( 'NONE',  ( -0.000000000000000000, -1.000000000000000000, -0.000000000000000000 ) ) ;
#727 = ADVANCED_FACE ( 'NONE', ( #1831 ), #847, .F. ) ;
#728 = CARTESIAN_POINT ( 'NONE',  ( 33.25038507024311230, 65.83635289751217101, -3.000000000000000000 ) ) ;
#729 = CARTESIAN_POINT ( 'NONE',  ( 3.061713480238001939, 57.99960780504349600, 0.000000000000000000 ) ) ;
#730 = EDGE_CURVE ( 'NONE', #2249, #3307, #2867, .T. ) ;
#731 = ORIENTED_EDGE ( 'NONE', *, *, #1868, .T. ) ;
#732 = DIRECTION ( 'NONE',  ( 0.000000000000000000, 0.000000000000000000, 1.000000000000000000 ) ) ;
#733 = AXIS2_PLACEMENT_3D ( 'NONE', #41, #3204, #601 ) ;
#734 = ORIENTED_EDGE ( 'NONE', *, *, #2848, .F. ) ;
#735 = DIRECTION ( 'NONE',  ( 0.000000000000000000, 0.000000000000000000, 1.000000000000000000 ) ) ;
#736 = CIRCLE ( 'NONE', #349, 1.728353813270931738 ) ;
#737 = CARTESIAN_POINT ( 'NONE',  ( 50.66486707213645957, 51.24900787648715550, 3.000000000000000000 ) ) ;
#738 = CARTESIAN_POINT ( 'NONE',  ( 51.39523096000765889, 64.84199890137129785, 3.000000000000000000 ) ) ;
#739 = ORIENTED_EDGE ( 'NONE', *, *, #174, .T. ) ;
#740 = ORIENTED_EDGE ( 'NONE', *, *, #660, .F. ) ;
#741 = VECTOR ( 'NONE', #2192, 1000.000000000000000 ) ;
#742 = CARTESIAN_POINT ( 'NONE',  ( 49.66419834256299737, 27.80200117051500186, 0.9499999999999999556 ) ) ;
#743 = AXIS2_PLACEMENT_3D ( 'NONE', #422, #1180, #3045 ) ;
#744 = CARTESIAN_POINT ( 'NONE',  ( 50.46278976710300412, 27.80200121204099872, 1.000000000000000000 ) ) ;
#745 = ORIENTED_EDGE ( 'NONE', *, *, #1699, .T. ) ;
#746 = VECTOR ( 'NONE', #2700, 1000.000000000000000 ) ;
#747 = LINE ( 'NONE', #715, #1726 ) ;
#748 = EDGE_CURVE ( 'NONE', #210, #2348, #2672, .T. ) ;
#749 = VECTOR ( 'NONE', #829, 1000.000000000000000 ) ;
#750 = ORIENTED_EDGE ( 'NONE', *, *, #714, .F. ) ;
#751 = DIRECTION ( 'NONE',  ( 0.000000000000000000, 0.000000000000000000, 1.000000000000000000 ) ) ;
#752 = VECTOR ( 'NONE', #3324, 1000.000000000000227 ) ;
#753 = ADVANCED_FACE ( 'NONE', ( #1849 ), #3145, .T. ) ;
#754 = CYLINDRICAL_SURFACE ( 'NONE', #3362, 0.05000000000000148076 ) ;
#755 = ORIENTED_EDGE ( 'NONE', *, *, #2653, .F. ) ;
#756 = ORIENTED_EDGE ( 'NONE', *, *, #1316, .T. ) ;
#757 = VECTOR ( 'NONE', #2337, 1000.000000000000227 ) ;
#758 = CARTESIAN_POINT ( 'NONE',  ( 51.39523096000765889, 64.84199890137129785, 4.500000000000000888 ) ) ;
#759 = LINE ( 'NONE', #3106, #1739 ) ;
#760 = ORIENTED_EDGE ( 'NONE', *, *, #1461, .F. ) ;
#761 = ORIENTED_EDGE ( 'NONE', *, *, #220, .F. ) ;
#762 = CARTESIAN_POINT ( 'NONE',  ( 50.46278976710300412, 29.55200120542272657, 0.9499999999999999556 ) ) ;
#763 = CARTESIAN_POINT ( 'NONE',  ( 32.58472668810468065, 70.00199890137129444, 0.000000000000000000 ) ) ;
#764 = CARTESIAN_POINT ( 'NONE',  ( 49.92499700506699867, 30.89680015543899927, 1.350000000000000089 ) ) ;
#765 = SURFACE_STYLE_USAGE ( .BOTH. , #1832 ) ;
#766 = EDGE_CURVE ( 'NONE', #1687, #3042, #1007, .T. ) ;
#767 = ORIENTED_EDGE ( 'NONE', *, *, #99, .F. ) ;
#768 = LINE ( 'NONE', #3367, #2593 ) ;
#769 = LINE ( 'NONE', #2360, #2275 ) ;
#770 = EDGE_CURVE ( 'NONE', #2354, #109, #1899, .T. ) ;
#771 = CARTESIAN_POINT ( 'NONE',  ( 57.66278976710300697, 45.32000000000428486, 0.000000000000000000 ) ) ;
#772 = CARTESIAN_POINT ( 'NONE',  ( 7.086999893188005828, 4.286620378156616112E-12, 0.000000000000000000 ) ) ;
#773 = CARTESIAN_POINT ( 'NONE',  ( 50.61419834256300732, 27.80200121204099872, 0.000000000000000000 ) ) ;
#774 = ADVANCED_FACE ( 'NONE', ( #798 ), #2919, .T. ) ;
#775 = ORIENTED_EDGE ( 'NONE', *, *, #325, .F. ) ;
#776 = ORIENTED_EDGE ( 'NONE', *, *, #1045, .T. ) ;
#777 = LINE ( 'NONE', #516, #1017 ) ;
#778 = CARTESIAN_POINT ( 'NONE',  ( 50.46278976710300412, 32.24680032591300716, 1.399999999999999911 ) ) ;
#779 = ORIENTED_EDGE ( 'NONE', *, *, #1357, .T. ) ;
#780 = DIRECTION ( 'NONE',  ( -0.7011221549509963902, -0.7130411796220965659, 0.000000000000000000 ) ) ;
#781 = DIRECTION ( 'NONE',  ( 3.665591209549501899E-16, -1.000000000000000000, 0.000000000000000000 ) ) ;
#782 = VERTEX_POINT ( 'NONE', #1038 ) ;
#783 = LINE ( 'NONE', #2619, #2756 ) ;
#784 = PLANE ( 'NONE',  #1506 ) ;
#785 = VERTEX_POINT ( 'NONE', #274 ) ;
#786 = VERTEX_POINT ( 'NONE', #817 ) ;
#787 = EDGE_CURVE ( 'NONE', #1206, #3221, #736, .T. ) ;
#788 = DIRECTION ( 'NONE',  ( 1.000000000000000000, 0.000000000000000000, 0.000000000000000000 ) ) ;
#789 = AXIS2_PLACEMENT_3D ( 'NONE', #268, #199, #3102 ) ;
#790 = DIRECTION ( 'NONE',  ( -1.000000000000000000, 6.247195173943647709E-15, 0.000000000000000000 ) ) ;
#791 = ORIENTED_EDGE ( 'NONE', *, *, #1715, .T. ) ;
#792 = ORIENTED_EDGE ( 'NONE', *, *, #1931, .T. ) ;
#793 = AXIS2_PLACEMENT_3D ( 'NONE', #2493, #2738, #1418 ) ;
#794 = EDGE_CURVE ( 'NONE', #3389, #2654, #1866, .T. ) ;
#795 = DIRECTION ( 'NONE',  ( 0.000000000000000000, 0.000000000000000000, 1.000000000000000000 ) ) ;
#796 = FACE_OUTER_BOUND ( 'NONE', #1597, .T. ) ;
#797 = VECTOR ( 'NONE', #3214, 1000.000000000000000 ) ;
#798 = FACE_OUTER_BOUND ( 'NONE', #1085, .T. ) ;
#799 = DIRECTION ( 'NONE',  ( 0.000000000000000000, 0.000000000000000000, 1.000000000000000000 ) ) ;
#800 = COLOUR_RGB ( '',0.7921568627450980005, 0.8196078431372548767, 0.9333333333333333481 ) ;
#801 = EDGE_LOOP ( 'NONE', ( #2859, #1542 ) ) ;
#802 = FACE_OUTER_BOUND ( 'NONE', #2535, .T. ) ;
#803 = VECTOR ( 'NONE', #1118, 1000.000000000000000 ) ;
#804 = ORIENTED_EDGE ( 'NONE', *, *, #2178, .F. ) ;
#805 = VECTOR ( 'NONE', #3305, 1000.000000000000000 ) ;
#806 = CIRCLE ( 'NONE', #1136, 1.549999999998739941 ) ;
#807 = CARTESIAN_POINT ( 'NONE',  ( 2.007000000000000117, 11.75999999999999979, -3.000000000000000000 ) ) ;
#808 = VECTOR ( 'NONE', #799, 1000.000000000000000 ) ;
#809 = CARTESIAN_POINT ( 'NONE',  ( 20.76737240559561926, 12.12795355502193040, 0.000000000000000000 ) ) ;
#810 = ORIENTED_EDGE ( 'NONE', *, *, #67, .F. ) ;
#811 = ORIENTED_EDGE ( 'NONE', *, *, #1291, .T. ) ;
#812 = EDGE_CURVE ( 'NONE', #350, #2709, #2657, .T. ) ;
#813 = CIRCLE ( 'NONE', #702, 1.700399999999997691 ) ;
#814 = PLANE ( 'NONE',  #692 ) ;
#815 = DIRECTION ( 'NONE',  ( 1.000000000000000000, 5.478074134663600261E-16, 0.000000000000000000 ) ) ;
#816 = EDGE_CURVE ( 'NONE', #1796, #2492, #3179, .T. ) ;
#817 = CARTESIAN_POINT ( 'NONE',  ( 32.58472668810468065, 70.00199890137129444, 0.000000000000000000 ) ) ;
#818 = CYLINDRICAL_SURFACE ( 'NONE', #1744, 1.704240931004555648 ) ;
#819 = ADVANCED_FACE ( 'NONE', ( #2369 ), #1070, .F. ) ;
#820 = CARTESIAN_POINT ( 'NONE',  ( 3.061713480238001939, 57.99960780504349600, 17.50000000000000000 ) ) ;
#821 = CARTESIAN_POINT ( 'NONE',  ( 49.66419827262500775, 29.40200117051499973, 0.05000000000000000278 ) ) ;
#822 = ORIENTED_EDGE ( 'NONE', *, *, #1274, .T. ) ;
#823 = DIRECTION ( 'NONE',  ( 1.000000000000000000, 0.000000000000000000, 0.000000000000000000 ) ) ;
#824 = CARTESIAN_POINT ( 'NONE',  ( 29.17142463048350010, 36.41303385995264819, -3.000000000000000000 ) ) ;
#825 = CARTESIAN_POINT ( 'NONE',  ( 49.92499700943799468, 30.84680015543899856, 0.000000000000000000 ) ) ;
#826 = CARTESIAN_POINT ( 'NONE',  ( 50.46278976710299702, 45.32000000000428486, 0.000000000000000000 ) ) ;
#827 = ORIENTED_EDGE ( 'NONE', *, *, #47, .T. ) ;
#828 = ORIENTED_EDGE ( 'NONE', *, *, #1984, .T. ) ;
#829 = DIRECTION ( 'NONE',  ( 1.000000000000000000, 0.000000000000000000, 0.000000000000000000 ) ) ;
#830 = FACE_OUTER_BOUND ( 'NONE', #2862, .T. ) ;
#831 = FACE_OUTER_BOUND ( 'NONE', #223, .T. ) ;
#832 = EDGE_CURVE ( 'NONE', #1005, #158, #1642, .T. ) ;
#833 = DIRECTION ( 'NONE',  ( -4.371142336978421662E-08, 0.9999999999999990008, 0.000000000000000000 ) ) ;
#834 = ORIENTED_EDGE ( 'NONE', *, *, #3032, .F. ) ;
#835 = DIRECTION ( 'NONE',  ( 1.000000000000000000, 0.000000000000000000, 0.000000000000000000 ) ) ;
#836 = CARTESIAN_POINT ( 'NONE',  ( 37.78087911081129135, 63.00287427383352679, 3.000000000000000000 ) ) ;
#837 = ADVANCED_FACE ( 'NONE', ( #831 ), #2154, .F. ) ;
#838 = ORIENTED_EDGE ( 'NONE', *, *, #1804, .F. ) ;
#839 = PLANE ( 'NONE',  #2208 ) ;
#840 = DIRECTION ( 'NONE',  ( -0.000000000000000000, -0.000000000000000000, -1.000000000000000000 ) ) ;
#841 = CARTESIAN_POINT ( 'NONE',  ( 3.061713480238001939, 57.99960780504349600, 0.000000000000000000 ) ) ;
#842 = FACE_OUTER_BOUND ( 'NONE', #1334, .T. ) ;
#843 = ORIENTED_EDGE ( 'NONE', *, *, #367, .F. ) ;
#844 = ORIENTED_EDGE ( 'NONE', *, *, #2342, .F. ) ;
#845 = CARTESIAN_POINT ( 'NONE',  ( 37.78087911081129135, 70.00199890137129444, 3.000000000000000000 ) ) ;
#846 = DIRECTION ( 'NONE',  ( -0.000000000000000000, -0.000000000000000000, -1.000000000000000000 ) ) ;
#847 = CYLINDRICAL_SURFACE ( 'NONE', #1674, 2.390652799019614250 ) ;
#848 = LINE ( 'NONE', #3180, #2127 ) ;
#849 = PRODUCT_DEFINITION_SHAPE ( 'NONE', 'NONE',  #2960 ) ;
#850 = ORIENTED_EDGE ( 'NONE', *, *, #3006, .T. ) ;
#851 = CARTESIAN_POINT ( 'NONE',  ( 34.97599999999999909, 67.79673737589244809, -3.000000000000000000 ) ) ;
#852 = CIRCLE ( 'NONE', #520, 0.05000000000000148076 ) ;
#853 = ADVANCED_FACE ( 'NONE', ( #3128 ), #1442, .F. ) ;
#854 = DIRECTION ( 'NONE',  ( -0.5000000000000024425, -0.000000000000000000, 0.8660254037844372643 ) ) ;
#855 = VECTOR ( 'NONE', #1710, 1000.000000000000000 ) ;
#856 = ORIENTED_EDGE ( 'NONE', *, *, #1640, .F. ) ;
#857 = DIRECTION ( 'NONE',  ( 0.000000000000000000, 0.000000000000000000, 1.000000000000000000 ) ) ;
#858 = ADVANCED_FACE ( 'NONE', ( #673 ), #3230, .F. ) ;
#859 = VECTOR ( 'NONE', #3176, 1000.000000000000000 ) ;
#860 = CARTESIAN_POINT ( 'NONE',  ( 7.086999893188005828, 4.286620378156616112E-12, 0.000000000000000000 ) ) ;
#861 = AXIS2_PLACEMENT_3D ( 'NONE', #758, #1808, #2846 ) ;
#862 = ORIENTED_EDGE ( 'NONE', *, *, #1107, .F. ) ;
#863 = ORIENTED_EDGE ( 'NONE', *, *, #203, .F. ) ;
#864 = VECTOR ( 'NONE', #1675, 1000.000000000000000 ) ;
#865 = DIRECTION ( 'NONE',  ( -0.9999999999999991118, -4.371138828673991410E-08, 0.000000000000000000 ) ) ;
#866 = VECTOR ( 'NONE', #2248, 1000.000000000000000 ) ;
#867 = CARTESIAN_POINT ( 'NONE',  ( 39.88029162565499774, 65.83635289751217101, 3.000000000000000000 ) ) ;
#868 = FACE_OUTER_BOUND ( 'NONE', #523, .T. ) ;
#869 = DIRECTION ( 'NONE',  ( 0.000000000000000000, 0.000000000000000000, 1.000000000000000000 ) ) ;
#870 = PRESENTATION_STYLE_ASSIGNMENT (( #1095 ) ) ;
#871 = VERTEX_POINT ( 'NONE', #1119 ) ;
#872 =( LENGTH_UNIT ( ) NAMED_UNIT ( * ) SI_UNIT ( .MILLI., .METRE. ) );
#873 = DIRECTION ( 'NONE',  ( -0.7027419230173960196, 0.7114448605716484630, 0.000000000000000000 ) ) ;
#874 = FACE_OUTER_BOUND ( 'NONE', #1239, .T. ) ;
#875 = EDGE_CURVE ( 'NONE', #1452, #16, #640, .T. ) ;
#876 = APPLICATION_PROTOCOL_DEFINITION ( 'draft international standard', 'automotive_design', 1998, #2912 ) ;
#877 = EDGE_LOOP ( 'NONE', ( #2179, #1137, #255, #2083 ) ) ;
#878 = ORIENTED_EDGE ( 'NONE', *, *, #412, .T. ) ;
#879 = DIRECTION ( 'NONE',  ( 0.000000000000000000, 0.000000000000000000, 1.000000000000000000 ) ) ;
#880 = ADVANCED_FACE ( 'NONE', ( #2715 ), #609, .T. ) ;
#881 = CARTESIAN_POINT ( 'NONE',  ( 9.235357893426790810, 51.24900787648738998, 16.31303881112028265 ) ) ;
#882 = LINE ( 'NONE', #2235, #797 ) ;
#883 = DIRECTION ( 'NONE',  ( -4.371138828673991410E-08, 0.9999999999999991118, 0.000000000000000000 ) ) ;
#884 = CARTESIAN_POINT ( 'NONE',  ( 49.66419834256299737, 27.80200117051500186, 0.05000000000000000278 ) ) ;
#885 = LINE ( 'NONE', #646, #1679 ) ;
#886 = EDGE_LOOP ( 'NONE', ( #1154, #2931 ) ) ;
#887 = PRESENTATION_STYLE_ASSIGNMENT (( #2692 ) ) ;
#888 = DIRECTION ( 'NONE',  ( 1.000000000000000000, 0.000000000000000000, 0.000000000000000000 ) ) ;
#889 = EDGE_LOOP ( 'NONE', ( #2561, #389, #2130, #2677 ) ) ;
#890 = ORIENTED_EDGE ( 'NONE', *, *, #96, .T. ) ;
#891 = EDGE_CURVE ( 'NONE', #1389, #3107, #882, .T. ) ;
#892 = FACE_OUTER_BOUND ( 'NONE', #1592, .T. ) ;
#893 = CARTESIAN_POINT ( 'NONE',  ( 51.39523096000765889, 64.84199890137129785, 4.500000000000000888 ) ) ;
#894 = VECTOR ( 'NONE', #1730, 1000.000000000000000 ) ;
#895 = ADVANCED_FACE ( 'NONE', ( #3278 ), #2969, .F. ) ;
#896 = DIRECTION ( 'NONE',  ( -0.000000000000000000, 0.000000000000000000, -1.000000000000000000 ) ) ;
#897 = DIRECTION ( 'NONE',  ( 1.000000000000000000, 5.478074134663600261E-16, 0.000000000000000000 ) ) ;
#898 = CARTESIAN_POINT ( 'NONE',  ( -0.002999714528393699568, 7.026897941195023201, 3.000000000000000000 ) ) ;
#899 = CIRCLE ( 'NONE', #1441, 1.699999999998744293 ) ;
#900 = VECTOR ( 'NONE', #780, 1000.000000000000114 ) ;
#901 = ORIENTED_EDGE ( 'NONE', *, *, #1525, .T. ) ;
#902 = DIRECTION ( 'NONE',  ( 0.000000000000000000, 0.000000000000000000, 1.000000000000000000 ) ) ;
#903 = DIRECTION ( 'NONE',  ( -4.371142336978421000E-08, 0.9999999999999990008, 0.000000000000000000 ) ) ;
#904 = AXIS2_PLACEMENT_3D ( 'NONE', #1356, #873, #2164 ) ;
#905 = ORIENTED_EDGE ( 'NONE', *, *, #72, .T. ) ;
#906 = EDGE_LOOP ( 'NONE', ( #308, #2465, #1842, #1044 ) ) ;
#907 = DIRECTION ( 'NONE',  ( -4.371138828673991410E-08, 0.9999999999999991118, 0.000000000000000000 ) ) ;
#908 = AXIS2_PLACEMENT_3D ( 'NONE', #2015, #2301, #185 ) ;
#909 = DIRECTION ( 'NONE',  ( 0.7114448605716484630, 0.7027419230173960196, 0.000000000000000000 ) ) ;
#910 = EDGE_CURVE ( 'NONE', #3067, #648, #2174, .T. ) ;
#911 = ORIENTED_EDGE ( 'NONE', *, *, #2951, .F. ) ;
#912 = VERTEX_POINT ( 'NONE', #1722 ) ;
#913 = AXIS2_PLACEMENT_3D ( 'NONE', #807, #1859, #1874 ) ;
#914 = DIRECTION ( 'NONE',  ( 0.000000000000000000, -1.000000000000000000, 0.000000000000000000 ) ) ;
#915 = DIRECTION ( 'NONE',  ( 0.000000000000000000, 0.000000000000000000, 1.000000000000000000 ) ) ;
#916 = VECTOR ( 'NONE', #275, 1000.000000000000114 ) ;
#917 = ADVANCED_FACE ( 'NONE', ( #1930 ), #2763, .F. ) ;
#918 = VECTOR ( 'NONE', #3359, 1000.000000000000000 ) ;
#919 = ADVANCED_FACE ( 'NONE', ( #1707 ), #1656, .F. ) ;
#920 = ORIENTED_EDGE ( 'NONE', *, *, #794, .T. ) ;
#921 = CARTESIAN_POINT ( 'NONE',  ( 49.66419834256299737, 27.80200117051500186, 0.05000000000000000278 ) ) ;
#922 = DIRECTION ( 'NONE',  ( 0.000000000000000000, 0.000000000000000000, 1.000000000000000000 ) ) ;
#923 = EDGE_LOOP ( 'NONE', ( #2477, #1010, #3323, #2902 ) ) ;
#924 = ORIENTED_EDGE ( 'NONE', *, *, #432, .F. ) ;
#925 = PLANE ( 'NONE',  #1683 ) ;
#926 = LINE ( 'NONE', #3014, #1300 ) ;
#927 = EDGE_LOOP ( 'NONE', ( #235, #3322, #1902, #2503, #1100, #3156 ) ) ;
#928 = ORIENTED_EDGE ( 'NONE', *, *, #2632, .T. ) ;
#929 = CARTESIAN_POINT ( 'NONE',  ( 3.061713480238002383, 56.81649478397233111, 0.000000000000000000 ) ) ;
#930 = CARTESIAN_POINT ( 'NONE',  ( 53.09523096000640408, 64.84199890137129785, 0.000000000000000000 ) ) ;
#931 = EDGE_CURVE ( 'NONE', #2065, #177, #115, .T. ) ;
#932 = CARTESIAN_POINT ( 'NONE',  ( 50.61419826388199539, 29.60200121204099943, 0.05000000000000000278 ) ) ;
#933 = ORIENTED_EDGE ( 'NONE', *, *, #2424, .F. ) ;
#934 = DIRECTION ( 'NONE',  ( -0.000000000000000000, -0.000000000000000000, 1.000000000000000000 ) ) ;
#935 = EDGE_CURVE ( 'NONE', #489, #961, #1413, .T. ) ;
#936 = CARTESIAN_POINT ( 'NONE',  ( 2.007000000000000117, 11.75999999999999979, -3.000000000000000000 ) ) ;
#937 = ORIENTED_EDGE ( 'NONE', *, *, #2053, .F. ) ;
#938 = ORIENTED_EDGE ( 'NONE', *, *, #562, .F. ) ;
#939 = CARTESIAN_POINT ( 'NONE',  ( -0.002999714528393699568, 7.026897941195023201, 0.000000000000000000 ) ) ;
#940 = CARTESIAN_POINT ( 'NONE',  ( 51.87499688704600231, 32.24680032591300716, 1.399999999999999911 ) ) ;
#941 = ORIENTED_EDGE ( 'NONE', *, *, #328, .T. ) ;
#942 = VERTEX_POINT ( 'NONE', #375 ) ;
#943 = DIRECTION ( 'NONE',  ( 0.000000000000000000, -1.000000000000000000, 0.000000000000000000 ) ) ;
#944 = CARTESIAN_POINT ( 'NONE',  ( 50.46278976710299702, 45.32000000000428486, 3.000000000000000000 ) ) ;
#945 = DIRECTION ( 'NONE',  ( 0.000000000000000000, 0.000000000000000000, 1.000000000000000000 ) ) ;
#946 = DIRECTION ( 'NONE',  ( -0.9999999999999991118, -4.371138828673991410E-08, 0.000000000000000000 ) ) ;
#947 = AXIS2_PLACEMENT_3D ( 'NONE', #529, #2973, #2147 ) ;
#948 = FACE_OUTER_BOUND ( 'NONE', #2210, .T. ) ;
#949 = EDGE_CURVE ( 'NONE', #460, #2742, #2982, .T. ) ;
#950 = ORIENTED_EDGE ( 'NONE', *, *, #278, .F. ) ;
#951 = DIRECTION ( 'NONE',  ( 1.000000000000000000, 0.000000000000000000, 0.000000000000000000 ) ) ;
#952 = CIRCLE ( 'NONE', #1785, 2.390652799019614250 ) ;
#953 = EDGE_CURVE ( 'NONE', #2223, #1269, #2384, .T. ) ;
#954 = EDGE_LOOP ( 'NONE', ( #3163, #78, #1598, #2382 ) ) ;
#955 = ORIENTED_EDGE ( 'NONE', *, *, #2983, .F. ) ;
#956 = CIRCLE ( 'NONE', #576, 0.05000000000000002359 ) ;
#957 = FACE_BOUND ( 'NONE', #1439, .T. ) ;
#958 = CARTESIAN_POINT ( 'NONE',  ( 26.46541858999999874, 26.46809974185707759, 0.000000000000000000 ) ) ;
#959 = COLOUR_RGB ( '',0.7921568627450980005, 0.8196078431372548767, 0.9333333333333333481 ) ;
#960 = EDGE_CURVE ( 'NONE', #912, #178, #1787, .T. ) ;
#961 = VERTEX_POINT ( 'NONE', #1890 ) ;
#962 = ORIENTED_EDGE ( 'NONE', *, *, #3072, .F. ) ;
#963 = AXIS2_PLACEMENT_3D ( 'NONE', #762, #3056, #430 ) ;
#964 = LINE ( 'NONE', #3379, #2441 ) ;
#965 = DIRECTION ( 'NONE',  ( 5.478074134663601247E-16, -1.000000000000000000, 0.000000000000000000 ) ) ;
#966 = CIRCLE ( 'NONE', #3370, 2.390652799019614250 ) ;
#967 = VECTOR ( 'NONE', #2583, 1000.000000000000000 ) ;
#968 = LINE ( 'NONE', #2019, #3202 ) ;
#969 = AXIS2_PLACEMENT_3D ( 'NONE', #884, #1415, #1429 ) ;
#970 = CARTESIAN_POINT ( 'NONE',  ( 49.66419826606799859, 29.55200117051499831, 0.9499999999999999556 ) ) ;
#971 = ORIENTED_EDGE ( 'NONE', *, *, #2143, .F. ) ;
#972 = DIRECTION ( 'NONE',  ( -0.9999999999999962252, -8.742277657347936498E-08, 0.000000000000000000 ) ) ;
#973 = AXIS2_PLACEMENT_3D ( 'NONE', #49, #2153, #1379 ) ;
#974 = LINE ( 'NONE', #1432, #685 ) ;
#975 = EDGE_LOOP ( 'NONE', ( #2161, #1701, #1853, #3135 ) ) ;
#976 = ORIENTED_EDGE ( 'NONE', *, *, #647, .T. ) ;
#977 = EDGE_CURVE ( 'NONE', #2246, #3107, #335, .T. ) ;
#978 = CARTESIAN_POINT ( 'NONE',  ( 39.88029162565499774, 65.83635289751217101, 0.000000000000000000 ) ) ;
#979 = DIRECTION ( 'NONE',  ( -0.000000000000000000, -0.000000000000000000, 1.000000000000000000 ) ) ;
#980 = VERTEX_POINT ( 'NONE', #2945 ) ;
#981 = EDGE_CURVE ( 'NONE', #337, #634, #23, .T. ) ;
#982 = LINE ( 'NONE', #2067, #2331 ) ;
#983 = LINE ( 'NONE', #1546, #2452 ) ;
#984 = DIRECTION ( 'NONE',  ( -0.9999999999999990008, -4.371135398084517093E-08, 0.000000000000000000 ) ) ;
#985 = ORIENTED_EDGE ( 'NONE', *, *, #1591, .T. ) ;
#986 = DIRECTION ( 'NONE',  ( 5.478074134663600261E-16, -1.000000000000000000, 0.000000000000000000 ) ) ;
#987 = SURFACE_STYLE_FILL_AREA ( #3334 ) ;
#988 = ORIENTED_EDGE ( 'NONE', *, *, #1942, .T. ) ;
#989 = FACE_OUTER_BOUND ( 'NONE', #2849, .T. ) ;
#990 = CARTESIAN_POINT ( 'NONE',  ( 49.66419834256299737, 27.80200117051500186, -6.938893903907001118E-18 ) ) ;
#991 = LINE ( 'NONE', #2262, #528 ) ;
#992 = EDGE_LOOP ( 'NONE', ( #3267, #2708, #2088, #1470 ) ) ;
#993 = VERTEX_POINT ( 'NONE', #2706 ) ;
#994 = ADVANCED_FACE ( 'NONE', ( #1663 ), #1648, .T. ) ;
#995 = DIRECTION ( 'NONE',  ( 0.000000000000000000, 0.000000000000000000, -1.000000000000000000 ) ) ;
#996 = LINE ( 'NONE', #1223, #2676 ) ;
#997 = ORIENTED_EDGE ( 'NONE', *, *, #730, .T. ) ;
#998 = EDGE_CURVE ( 'NONE', #1164, #1153, #1151, .T. ) ;
#999 = DIRECTION ( 'NONE',  ( 1.000000000000000000, 0.000000000000000000, 0.000000000000000000 ) ) ;
#1000 = DIRECTION ( 'NONE',  ( 1.000000000000000000, 0.000000000000000000, 0.000000000000000000 ) ) ;
#1001 = EDGE_LOOP ( 'NONE', ( #2104, #3291, #2412, #319 ) ) ;
#1002 = CARTESIAN_POINT ( 'NONE',  ( 33.77600000000000335, 67.89399999999999125, -3.000000000000000000 ) ) ;
#1003 = VECTOR ( 'NONE', #2959, 1000.000000000000227 ) ;
#1004 = CARTESIAN_POINT ( 'NONE',  ( -0.002999714528393699568, 7.026897941195023201, 3.000000000000000000 ) ) ;
#1005 = VERTEX_POINT ( 'NONE', #1632 ) ;
#1006 = ORIENTED_EDGE ( 'NONE', *, *, #1737, .F. ) ;
#1007 = CIRCLE ( 'NONE', #2597, 1.199999999999999734 ) ;
#1008 = CARTESIAN_POINT ( 'NONE',  ( 9.235357893426790810, 70.00199763233040073, 10.75943138354336348 ) ) ;
#1009 = LINE ( 'NONE', #2297, #2620 ) ;
#1010 = ORIENTED_EDGE ( 'NONE', *, *, #2848, .T. ) ;
#1011 = ORIENTED_EDGE ( 'NONE', *, *, #1640, .T. ) ;
#1012 = CIRCLE ( 'NONE', #1677, 1.199999999999999734 ) ;
#1013 = CARTESIAN_POINT ( 'NONE',  ( 16.79783914143555634, 15.19372240650392847, 3.000000000000000000 ) ) ;
#1014 = AXIS2_PLACEMENT_3D ( 'NONE', #1708, #2236, #2970 ) ;
#1015 = ADVANCED_FACE ( 'NONE', ( #563 ), #2196, .F. ) ;
#1016 = LINE ( 'NONE', #3380, #35 ) ;
#1017 = VECTOR ( 'NONE', #2152, 1000.000000000000000 ) ;
#1018 = CARTESIAN_POINT ( 'NONE',  ( 39.88029162565499774, 65.83635289751217101, -3.000000000000000000 ) ) ;
#1019 = EDGE_CURVE ( 'NONE', #2048, #1666, #2661, .T. ) ;
#1020 =( NAMED_UNIT ( * ) SI_UNIT ( $, .STERADIAN. ) SOLID_ANGLE_UNIT ( ) );
#1021 = VECTOR ( 'NONE', #1236, 1000.000000000000000 ) ;
#1022 = VECTOR ( 'NONE', #686, 1000.000000000000000 ) ;
#1023 = ORIENTED_EDGE ( 'NONE', *, *, #935, .T. ) ;
#1024 = LINE ( 'NONE', #3116, #121 ) ;
#1025 = DIRECTION ( 'NONE',  ( 0.000000000000000000, 0.000000000000000000, 1.000000000000000000 ) ) ;
#1026 = ADVANCED_FACE ( 'NONE', ( #303 ), #42, .T. ) ;
#1027 = CIRCLE ( 'NONE', #2939, 4.899999999998739142 ) ;
#1028 = ORIENTED_EDGE ( 'NONE', *, *, #266, .F. ) ;
#1029 = CARTESIAN_POINT ( 'NONE',  ( 50.46278976710300412, 27.80200120542271947, 0.000000000000000000 ) ) ;
#1030 = VECTOR ( 'NONE', #2172, 1000.000000000000000 ) ;
#1031 = CARTESIAN_POINT ( 'NONE',  ( 49.66419827262500775, 29.40200117051499973, 0.9499999999999999556 ) ) ;
#1032 = FACE_OUTER_BOUND ( 'NONE', #2272, .T. ) ;
#1033 = VERTEX_POINT ( 'NONE', #3223 ) ;
#1034 = ORIENTED_EDGE ( 'NONE', *, *, #3093, .F. ) ;
#1035 = CARTESIAN_POINT ( 'NONE',  ( 15.33263409895985951, 70.00199890136700276, 17.50000000000000000 ) ) ;
#1036 = FACE_OUTER_BOUND ( 'NONE', #2316, .T. ) ;
#1037 = ORIENTED_EDGE ( 'NONE', *, *, #282, .T. ) ;
#1038 = CARTESIAN_POINT ( 'NONE',  ( 49.66419834037699843, 27.85200117051499902, 1.000000000000000000 ) ) ;
#1039 = ORIENTED_EDGE ( 'NONE', *, *, #748, .T. ) ;
#1040 = LINE ( 'NONE', #2055, #1498 ) ;
#1041 = ADVANCED_FACE ( 'NONE', ( #3234 ), #3010, .F. ) ;
#1042 = CARTESIAN_POINT ( 'NONE',  ( 51.87499700506700151, 30.89680032591299863, 0.05000000000000000278 ) ) ;
#1043 = VERTEX_POINT ( 'NONE', #2495 ) ;
#1044 = ORIENTED_EDGE ( 'NONE', *, *, #1695, .T. ) ;
#1045 = EDGE_CURVE ( 'NONE', #2135, #2199, #2475, .T. ) ;
#1046 = LINE ( 'NONE', #3121, #3318 ) ;
#1047 = ORIENTED_EDGE ( 'NONE', *, *, #449, .F. ) ;
#1048 = EDGE_LOOP ( 'NONE', ( #1108, #1547, #538, #267 ) ) ;
#1049 = CARTESIAN_POINT ( 'NONE',  ( 49.61419826606800143, 29.55200116833000124, 0.000000000000000000 ) ) ;
#1050 = CARTESIAN_POINT ( 'NONE',  ( 50.61419833382100819, 28.00200121204100157, 0.000000000000000000 ) ) ;
#1051 = LINE ( 'NONE', #2123, #900 ) ;
#1052 = FACE_BOUND ( 'NONE', #2682, .T. ) ;
#1053 = ORIENTED_EDGE ( 'NONE', *, *, #2951, .T. ) ;
#1054 = CARTESIAN_POINT ( 'NONE',  ( 23.96541859000000230, 26.46809974185707759, 3.000000000000000000 ) ) ;
#1055 = LINE ( 'NONE', #297, #2173 ) ;
#1056 = ADVANCED_FACE ( 'NONE', ( #2774 ), #1449, .T. ) ;
#1057 = ORIENTED_EDGE ( 'NONE', *, *, #345, .T. ) ;
#1058 = VERTEX_POINT ( 'NONE', #3270 ) ;
#1059 = DIRECTION ( 'NONE',  ( -1.000000000000000000, 0.000000000000000000, 0.000000000000000000 ) ) ;
#1060 = CIRCLE ( 'NONE', #510, 0.05000000000000161954 ) ;
#1061 = EDGE_CURVE ( 'NONE', #2284, #2074, #1948, .T. ) ;
#1062 = CARTESIAN_POINT ( 'NONE',  ( 37.78087911081129135, 70.00199890137129444, 3.000000000000000000 ) ) ;
#1063 = ORIENTED_EDGE ( 'NONE', *, *, #647, .F. ) ;
#1064 = VECTOR ( 'NONE', #3149, 1000.000000000000000 ) ;
#1065 = CARTESIAN_POINT ( 'NONE',  ( 49.61419827262500348, 29.40200116832999910, 0.05000000000000000278 ) ) ;
#1066 = ADVANCED_FACE ( 'NONE', ( #2996 ), #1969, .F. ) ;
#1067 = PLANE ( 'NONE',  #2888 ) ;
#1068 = CIRCLE ( 'NONE', #2871, 0.05000000000000148076 ) ;
#1069 = VECTOR ( 'NONE', #1692, 1000.000000000000000 ) ;
#1070 = PLANE ( 'NONE',  #184 ) ;
#1071 = DIRECTION ( 'NONE',  ( 0.000000000000000000, 1.000000000000000000, 0.000000000000000000 ) ) ;
#1072 = VECTOR ( 'NONE', #2239, 1000.000000000000000 ) ;
#1073 = ORIENTED_EDGE ( 'NONE', *, *, #312, .T. ) ;
#1074 = CARTESIAN_POINT ( 'NONE',  ( 34.97599999999999909, 67.89399999999999125, -3.000000000000000000 ) ) ;
#1075 = LINE ( 'NONE', #2656, #2222 ) ;
#1076 = AXIS2_PLACEMENT_3D ( 'NONE', #742, #1528, #2800 ) ;
#1077 = ORIENTED_EDGE ( 'NONE', *, *, #3342, .T. ) ;
#1078 = CARTESIAN_POINT ( 'NONE',  ( 51.87499700506700151, 30.89680032591299863, 1.399999999999999911 ) ) ;
#1079 = VECTOR ( 'NONE', #180, 1000.000000000000000 ) ;
#1080 = DIRECTION ( 'NONE',  ( 0.000000000000000000, 0.000000000000000000, 1.000000000000000000 ) ) ;
#1081 = DIRECTION ( 'NONE',  ( -4.371138822550991405E-08, 0.9999999999999991118, 0.000000000000000000 ) ) ;
#1082 = VECTOR ( 'NONE', #2068, 1000.000000000000000 ) ;
#1083 = DIRECTION ( 'NONE',  ( -0.9999999999999991118, -4.371138828673991410E-08, 0.000000000000000000 ) ) ;
#1084 = ORIENTED_EDGE ( 'NONE', *, *, #910, .T. ) ;
#1085 = EDGE_LOOP ( 'NONE', ( #3356, #3190, #1609, #3144 ) ) ;
#1086 = VECTOR ( 'NONE', #2501, 1000.000000000000114 ) ;
#1087 = EDGE_CURVE ( 'NONE', #2157, #2577, #463, .T. ) ;
#1088 = CARTESIAN_POINT ( 'NONE',  ( 33.25038507024311230, 65.83635289751217101, -3.000000000000000000 ) ) ;
#1089 = DIRECTION ( 'NONE',  ( 0.000000000000000000, -1.000000000000000000, 0.000000000000000000 ) ) ;
#1090 = EDGE_CURVE ( 'NONE', #1302, #3328, #2244, .T. ) ;
#1091 = CARTESIAN_POINT ( 'NONE',  ( 49.66419834256299737, 27.80200117051500186, -6.938893903907001118E-18 ) ) ;
#1092 = LINE ( 'NONE', #2889, #916 ) ;
#1093 = ORIENTED_EDGE ( 'NONE', *, *, #282, .F. ) ;
#1094 = DIRECTION ( 'NONE',  ( 0.000000000000000000, 0.000000000000000000, 1.000000000000000000 ) ) ;
#1095 = SURFACE_STYLE_USAGE ( .BOTH. , #2374 ) ;
#1096 = VERTEX_POINT ( 'NONE', #2226 ) ;
#1097 = CARTESIAN_POINT ( 'NONE',  ( -0.01278441909939784585, 56.81649478397233111, 3.000000000000000000 ) ) ;
#1098 = DIRECTION ( 'NONE',  ( 0.000000000000000000, 0.000000000000000000, 1.000000000000000000 ) ) ;
#1099 = CYLINDRICAL_SURFACE ( 'NONE', #93, 0.05000000000000148076 ) ;
#1100 = ORIENTED_EDGE ( 'NONE', *, *, #1419, .F. ) ;
#1101 = EDGE_LOOP ( 'NONE', ( #2993, #776, #427, #1646 ) ) ;
#1102 = DIRECTION ( 'NONE',  ( 0.000000000000000000, 0.000000000000000000, 1.000000000000000000 ) ) ;
#1103 = DIRECTION ( 'NONE',  ( 0.000000000000000000, 0.000000000000000000, -1.000000000000000000 ) ) ;
#1104 = EDGE_CURVE ( 'NONE', #1277, #2135, #974, .T. ) ;
#1105 = DIRECTION ( 'NONE',  ( 0.000000000000000000, 0.000000000000000000, 1.000000000000000000 ) ) ;
#1106 = CARTESIAN_POINT ( 'NONE',  ( 34.97599999999999909, 67.89399999999999125, -3.000000000000000000 ) ) ;
#1107 = EDGE_CURVE ( 'NONE', #1720, #1605, #956, .T. ) ;
#1108 = ORIENTED_EDGE ( 'NONE', *, *, #2318, .T. ) ;
#1109 = FACE_OUTER_BOUND ( 'NONE', #1256, .T. ) ;
#1110 = DIRECTION ( 'NONE',  ( -0.9999999999999991118, -4.371138828673991410E-08, 0.000000000000000000 ) ) ;
#1111 = VERTEX_POINT ( 'NONE', #1753 ) ;
#1112 = LINE ( 'NONE', #2660, #1336 ) ;
#1113 = DIRECTION ( 'NONE',  ( -0.9999999999999990008, -4.371135398084517093E-08, 0.000000000000000000 ) ) ;
#1114 = CARTESIAN_POINT ( 'NONE',  ( 15.33263409895985951, 51.24900787648735445, 17.50000000000000000 ) ) ;
#1115 = ORIENTED_EDGE ( 'NONE', *, *, #2658, .F. ) ;
#1116 = ORIENTED_EDGE ( 'NONE', *, *, #9, .T. ) ;
#1117 = VECTOR ( 'NONE', #1786, 1000.000000000000000 ) ;
#1118 = DIRECTION ( 'NONE',  ( -0.000000000000000000, -0.000000000000000000, -1.000000000000000000 ) ) ;
#1119 = CARTESIAN_POINT ( 'NONE',  ( 49.66419834037699843, 27.85200117051499902, 0.000000000000000000 ) ) ;
#1120 = EDGE_CURVE ( 'NONE', #276, #2168, #1230, .T. ) ;
#1121 = DIRECTION ( 'NONE',  ( 0.000000000000000000, 0.000000000000000000, 1.000000000000000000 ) ) ;
#1122 = AXIS2_PLACEMENT_3D ( 'NONE', #1074, #1350, #835 ) ;
#1123 = CARTESIAN_POINT ( 'NONE',  ( 0.3027590689954442471, 11.75999999999999979, 0.000000000000000000 ) ) ;
#1124 = FACE_OUTER_BOUND ( 'NONE', #877, .T. ) ;
#1125 = AXIS2_PLACEMENT_3D ( 'NONE', #2726, #2513, #951 ) ;
#1126 = ADVANCED_FACE ( 'NONE', ( #1420 ), #3249, .T. ) ;
#1127 = CARTESIAN_POINT ( 'NONE',  ( 49.61419834256300732, 27.80200116833000124, 0.9499999999999999556 ) ) ;
#1128 = VECTOR ( 'NONE', #116, 1000.000000000000000 ) ;
#1129 = UNCERTAINTY_MEASURE_WITH_UNIT (LENGTH_MEASURE( 1.000000000000000082E-05 ), #1313, 'distance_accuracy_value', 'NONE');
#1130 = ORIENTED_EDGE ( 'NONE', *, *, #364, .F. ) ;
#1131 = CARTESIAN_POINT ( 'NONE',  ( 51.39523096000765889, 64.84199890137129785, -0.4999999999999995559 ) ) ;
#1132 = CIRCLE ( 'NONE', #583, 4.899999999998739142 ) ;
#1133 = EDGE_CURVE ( 'NONE', #2116, #942, #126, .T. ) ;
#1134 = DIRECTION ( 'NONE',  ( 0.000000000000000000, 0.000000000000000000, 1.000000000000000000 ) ) ;
#1135 = DIRECTION ( 'NONE',  ( 0.7011221549509965012, 0.7130411796220964549, 0.000000000000000000 ) ) ;
#1136 = AXIS2_PLACEMENT_3D ( 'NONE', #2400, #585, #788 ) ;
#1137 = ORIENTED_EDGE ( 'NONE', *, *, #3200, .F. ) ;
#1138 = ORIENTED_EDGE ( 'NONE', *, *, #328, .F. ) ;
#1139 = VECTOR ( 'NONE', #1800, 1000.000000000000000 ) ;
#1140 = CARTESIAN_POINT ( 'NONE',  ( 39.88029162565499774, 65.83635289751217101, 0.000000000000000000 ) ) ;
#1141 = CARTESIAN_POINT ( 'NONE',  ( 3.206999999999999851, 11.75999999999999979, -4.599999999999999645 ) ) ;
#1142 = AXIS2_PLACEMENT_3D ( 'NONE', #2815, #517, #2557 ) ;
#1143 = DIRECTION ( 'NONE',  ( 0.000000000000000000, 0.000000000000000000, 1.000000000000000000 ) ) ;
#1144 = CARTESIAN_POINT ( 'NONE',  ( 50.46278976710300412, 32.19680020245393592, 0.05000000000000000278 ) ) ;
#1145 = VECTOR ( 'NONE', #2095, 1000.000000000000000 ) ;
#1146 = DIRECTION ( 'NONE',  ( 1.000000000000000000, 0.000000000000000000, 0.000000000000000000 ) ) ;
#1147 = DIRECTION ( 'NONE',  ( 0.000000000000000000, 0.000000000000000000, 1.000000000000000000 ) ) ;
#1148 = ADVANCED_FACE ( 'NONE', ( #438 ), #2274, .T. ) ;
#1149 = ORIENTED_EDGE ( 'NONE', *, *, #2178, .T. ) ;
#1150 = LINE ( 'NONE', #1078, #625 ) ;
#1151 = LINE ( 'NONE', #321, #1399 ) ;
#1152 = EDGE_CURVE ( 'NONE', #2074, #2284, #2270, .T. ) ;
#1153 = VERTEX_POINT ( 'NONE', #2463 ) ;
#1154 = ORIENTED_EDGE ( 'NONE', *, *, #3243, .F. ) ;
#1155 = DIRECTION ( 'NONE',  ( 0.000000000000000000, 0.000000000000000000, 1.000000000000000000 ) ) ;
#1156 = FACE_OUTER_BOUND ( 'NONE', #1877, .T. ) ;
#1157 = DIRECTION ( 'NONE',  ( 0.000000000000000000, 0.000000000000000000, 1.000000000000000000 ) ) ;
#1158 = CARTESIAN_POINT ( 'NONE',  ( 49.92499688704600658, 32.24680015543900424, 1.350000000000000089 ) ) ;
#1159 = CARTESIAN_POINT ( 'NONE',  ( 51.39523096000765889, 64.84199890137129785, 3.000000000000000000 ) ) ;
#1160 = EDGE_LOOP ( 'NONE', ( #3301, #263, #666, #804 ) ) ;
#1161 = DIRECTION ( 'NONE',  ( 0.000000000000000000, 0.000000000000000000, 1.000000000000000000 ) ) ;
#1162 = DIRECTION ( 'NONE',  ( 0.000000000000000000, 0.000000000000000000, -1.000000000000000000 ) ) ;
#1163 = EDGE_CURVE ( 'NONE', #993, #1273, #2258, .T. ) ;
#1164 = VERTEX_POINT ( 'NONE', #2752 ) ;
#1165 = ORIENTED_EDGE ( 'NONE', *, *, #1104, .T. ) ;
#1166 = EDGE_CURVE ( 'NONE', #1720, #2199, #852, .T. ) ;
#1167 = DIRECTION ( 'NONE',  ( 1.000000000000000000, 0.000000000000000000, 0.000000000000000000 ) ) ;
#1168 = DIRECTION ( 'NONE',  ( 1.000000000000000000, 0.000000000000000000, 0.000000000000000000 ) ) ;
#1169 = ORIENTED_EDGE ( 'NONE', *, *, #541, .T. ) ;
#1170 = ORIENTED_EDGE ( 'NONE', *, *, #1270, .F. ) ;
#1171 = CIRCLE ( 'NONE', #1551, 0.05000000000000143219 ) ;
#1172 = EDGE_CURVE ( 'NONE', #3003, #489, #1954, .T. ) ;
#1173 = DIRECTION ( 'NONE',  ( -1.000000000000000000, -0.000000000000000000, -0.000000000000000000 ) ) ;
#1174 = DIRECTION ( 'NONE',  ( -0.9999999999999961142, -8.742277657347935174E-08, 0.000000000000000000 ) ) ;
#1175 = CIRCLE ( 'NONE', #1338, 7.000133898123504395 ) ;
#1176 = AXIS2_PLACEMENT_3D ( 'NONE', #1398, #1644, #2689 ) ;
#1177 = AXIS2_PLACEMENT_3D ( 'NONE', #1214, #3286, #2002 ) ;
#1178 = ORIENTED_EDGE ( 'NONE', *, *, #1120, .T. ) ;
#1179 = CARTESIAN_POINT ( 'NONE',  ( 24.84072757557567712, 36.41303385995264819, -3.000000000000000000 ) ) ;
#1180 = DIRECTION ( 'NONE',  ( -1.000000000000000000, -5.478074134663600261E-16, 0.000000000000000000 ) ) ;
#1181 = AXIS2_PLACEMENT_3D ( 'NONE', #136, #1157, #153 ) ;
#1182 = ORIENTED_EDGE ( 'NONE', *, *, #266, .T. ) ;
#1183 = ORIENTED_EDGE ( 'NONE', *, *, #1964, .T. ) ;
#1184 =( GEOMETRIC_REPRESENTATION_CONTEXT ( 3 ) GLOBAL_UNCERTAINTY_ASSIGNED_CONTEXT ( ( #333 ) ) GLOBAL_UNIT_ASSIGNED_CONTEXT ( ( #1805, #2842, #2893 ) ) REPRESENTATION_CONTEXT ( 'NONE', 'WORKASPACE' ) );
#1185 = ADVANCED_BREP_SHAPE_REPRESENTATION ( 'support1', ( #1327, #171, #2389, #2450, #1268, #2720 ), #3213 ) ;
#1186 = DIRECTION ( 'NONE',  ( 0.000000000000000000, 0.000000000000000000, -1.000000000000000000 ) ) ;
#1187 = CIRCLE ( 'NONE', #637, 2.390652799019614250 ) ;
#1188 = DIRECTION ( 'NONE',  ( -0.000000000000000000, -0.000000000000000000, 1.000000000000000000 ) ) ;
#1189 = ORIENTED_EDGE ( 'NONE', *, *, #2582, .T. ) ;
#1190 = ADVANCED_FACE ( 'NONE', ( #1519, #2872, #1535, #452 ), #3, .T. ) ;
#1191 = CIRCLE ( 'NONE', #2991, 0.05000000000000148076 ) ;
#1192 = DIRECTION ( 'NONE',  ( -0.000000000000000000, -0.000000000000000000, -1.000000000000000000 ) ) ;
#1193 = DIRECTION ( 'NONE',  ( -0.9999999999999961142, -8.742277657347935174E-08, 0.000000000000000000 ) ) ;
#1194 = CARTESIAN_POINT ( 'NONE',  ( 50.61419834256300732, 27.80200121204099872, 1.000000000000000000 ) ) ;
#1195 = CIRCLE ( 'NONE', #33, 1.199999999999999734 ) ;
#1196 = EDGE_CURVE ( 'NONE', #132, #2898, #1012, .T. ) ;
#1197 = AXIS2_PLACEMENT_3D ( 'NONE', #222, #3344, #2589 ) ;
#1198 = CARTESIAN_POINT ( 'NONE',  ( 4.663944268346803312, 59.62907639780218716, 3.000000000000000000 ) ) ;
#1199 = ORIENTED_EDGE ( 'NONE', *, *, #1634, .F. ) ;
#1200 = LINE ( 'NONE', #1713, #2813 ) ;
#1201 = DIRECTION ( 'NONE',  ( -1.000000000000000000, 0.000000000000000000, 0.000000000000000000 ) ) ;
#1202 = ORIENTED_EDGE ( 'NONE', *, *, #1419, .T. ) ;
#1203 = ORIENTED_EDGE ( 'NONE', *, *, #2188, .T. ) ;
#1204 = CARTESIAN_POINT ( 'NONE',  ( 39.88029162565499774, 65.83635289751217101, 3.000000000000000000 ) ) ;
#1205 = DIRECTION ( 'NONE',  ( -0.9999999999999991118, -4.371138828673991410E-08, 0.000000000000000000 ) ) ;
#1206 = VERTEX_POINT ( 'NONE', #2056 ) ;
#1207 = CARTESIAN_POINT ( 'NONE',  ( -0.01278441909939784585, 56.81649478397233111, 3.000000000000000000 ) ) ;
#1208 = EDGE_CURVE ( 'NONE', #1216, #3336, #3062, .T. ) ;
#1209 = DIRECTION ( 'NONE',  ( -0.9999999999999961142, -8.742277657347935174E-08, 0.000000000000000000 ) ) ;
#1210 = ADVANCED_FACE ( 'NONE', ( #1262 ), #2345, .F. ) ;
#1211 = CARTESIAN_POINT ( 'NONE',  ( 49.66419834256299737, 27.80200117051500186, 0.9499999999999999556 ) ) ;
#1212 = ORIENTED_EDGE ( 'NONE', *, *, #2658, .T. ) ;
#1213 = CARTESIAN_POINT ( 'NONE',  ( 57.66278976710300697, 45.32000000000428486, 0.000000000000000000 ) ) ;
#1214 = CARTESIAN_POINT ( 'NONE',  ( 50.61419827262500348, 29.40200121204100014, 0.000000000000000000 ) ) ;
#1215 = ADVANCED_FACE ( 'NONE', ( #506 ), #754, .T. ) ;
#1216 = VERTEX_POINT ( 'NONE', #2621 ) ;
#1217 = ORIENTED_EDGE ( 'NONE', *, *, #157, .F. ) ;
#1218 = LINE ( 'NONE', #990, #1852 ) ;
#1219 = CARTESIAN_POINT ( 'NONE',  ( 0.000000000000000000, 23.17573017770200039, 0.000000000000000000 ) ) ;
#1220 = ORIENTED_EDGE ( 'NONE', *, *, #1676, .T. ) ;
#1221 = ORIENTED_EDGE ( 'NONE', *, *, #2988, .F. ) ;
#1222 = DIRECTION ( 'NONE',  ( -0.000000000000000000, 1.000000000000000000, -0.000000000000000000 ) ) ;
#1223 = CARTESIAN_POINT ( 'NONE',  ( 50.46278976710300412, 32.24680020245393308, 0.000000000000000000 ) ) ;
#1224 = DIRECTION ( 'NONE',  ( -0.0001504324946375851897, -0.9999999886850322595, -0.000000000000000000 ) ) ;
#1225 = PLANE ( 'NONE',  #1295 ) ;
#1226 = VERTEX_POINT ( 'NONE', #2023 ) ;
#1227 = PLANE ( 'NONE',  #118 ) ;
#1228 = AXIS2_PLACEMENT_3D ( 'NONE', #2596, #247, #2 ) ;
#1229 = EDGE_CURVE ( 'NONE', #552, #3033, #1446, .T. ) ;
#1230 = LINE ( 'NONE', #1684, #2326 ) ;
#1231 = ORIENTED_EDGE ( 'NONE', *, *, #3055, .F. ) ;
#1232 = VERTEX_POINT ( 'NONE', #1552 ) ;
#1233 = ADVANCED_FACE ( 'NONE', ( #1767 ), #1317, .T. ) ;
#1234 = VECTOR ( 'NONE', #1279, 1000.000000000000000 ) ;
#1235 = FACE_OUTER_BOUND ( 'NONE', #1496, .T. ) ;
#1236 = DIRECTION ( 'NONE',  ( -0.000000000000000000, -0.000000000000000000, 1.000000000000000000 ) ) ;
#1237 = VECTOR ( 'NONE', #1428, 1000.000000000000000 ) ;
#1238 = EDGE_LOOP ( 'NONE', ( #1974, #791, #2586, #2299 ) ) ;
#1239 = EDGE_LOOP ( 'NONE', ( #1178, #1, #720, #3182, #671, #750 ) ) ;
#1240 = VECTOR ( 'NONE', #2405, 1000.000000000000000 ) ;
#1241 = LINE ( 'NONE', #1013, #307 ) ;
#1242 = DIRECTION ( 'NONE',  ( 0.000000000000000000, 0.000000000000000000, 1.000000000000000000 ) ) ;
#1243 = VECTOR ( 'NONE', #170, 1000.000000000000000 ) ;
#1244 = CARTESIAN_POINT ( 'NONE',  ( 51.39523096000765889, 64.84199890137129785, 5.000000000000000000 ) ) ;
#1245 = CIRCLE ( 'NONE', #3164, 2.499999999999995115 ) ;
#1246 = LINE ( 'NONE', #3074, #1139 ) ;
#1247 = EDGE_LOOP ( 'NONE', ( #2205, #2259, #3011, #3385, #3169, #1314 ) ) ;
#1248 = LINE ( 'NONE', #3348, #1553 ) ;
#1249 = VECTOR ( 'NONE', #82, 1000.000000000000000 ) ;
#1250 = FILL_AREA_STYLE_COLOUR ( '', #800 ) ;
#1251 = EDGE_CURVE ( 'NONE', #1581, #2199, #769, .T. ) ;
#1252 = DIRECTION ( 'NONE',  ( 1.000000000000000000, 0.000000000000000000, 0.000000000000000000 ) ) ;
#1253 = CARTESIAN_POINT ( 'NONE',  ( 52.94523096000639839, 64.84199890137129785, 3.000000000000000000 ) ) ;
#1254 = ADVANCED_FACE ( 'NONE', ( #3349 ), #212, .F. ) ;
#1255 = LINE ( 'NONE', #3339, #3317 ) ;
#1256 = EDGE_LOOP ( 'NONE', ( #901, #928, #2410, #481 ) ) ;
#1257 = DIRECTION ( 'NONE',  ( 0.000000000000000000, 0.000000000000000000, -1.000000000000000000 ) ) ;
#1258 = LINE ( 'NONE', #763, #2727 ) ;
#1259 = PLANE ( 'NONE',  #2539 ) ;
#1260 = ORIENTED_EDGE ( 'NONE', *, *, #492, .F. ) ;
#1261 = DIRECTION ( 'NONE',  ( -0.000000000000000000, -0.000000000000000000, -1.000000000000000000 ) ) ;
#1262 = FACE_OUTER_BOUND ( 'NONE', #2667, .T. ) ;
#1263 = DIRECTION ( 'NONE',  ( -0.9999999999999991118, -4.371138828673991410E-08, 0.000000000000000000 ) ) ;
#1264 = ADVANCED_FACE ( 'NONE', ( #718 ), #784, .F. ) ;
#1265 = LINE ( 'NONE', #1504, #2334 ) ;
#1266 = DIRECTION ( 'NONE',  ( -0.9999999999999991118, -4.371138828673991410E-08, 0.000000000000000000 ) ) ;
#1267 = ORIENTED_EDGE ( 'NONE', *, *, #1774, .T. ) ;
#1268 = MANIFOLD_SOLID_BREP ( 'Cut-Extrude17[5]', #2974 ) ;
#1269 = VERTEX_POINT ( 'NONE', #2445 ) ;
#1270 = EDGE_CURVE ( 'NONE', #3033, #552, #1898, .T. ) ;
#1271 = FACE_OUTER_BOUND ( 'NONE', #2659, .T. ) ;
#1272 = CARTESIAN_POINT ( 'NONE',  ( 49.66419833382099824, 28.00200117051500115, 1.000000000000000000 ) ) ;
#1273 = VERTEX_POINT ( 'NONE', #577 ) ;
#1274 = EDGE_CURVE ( 'NONE', #158, #2531, #2120, .T. ) ;
#1275 = DIRECTION ( 'NONE',  ( 1.000000000000000000, -2.409338161078901646E-16, 0.000000000000000000 ) ) ;
#1276 = DIRECTION ( 'NONE',  ( 0.000000000000000000, 0.000000000000000000, 1.000000000000000000 ) ) ;
#1277 = VERTEX_POINT ( 'NONE', #1921 ) ;
#1278 = CARTESIAN_POINT ( 'NONE',  ( 49.66419834037699843, 27.85200117051499902, 0.05000000000000000278 ) ) ;
#1279 = DIRECTION ( 'NONE',  ( -0.000000000000000000, -0.000000000000000000, 1.000000000000000000 ) ) ;
#1280 = VERTEX_POINT ( 'NONE', #1905 ) ;
#1281 = DIRECTION ( 'NONE',  ( 1.000000000000000000, 5.478074134663600261E-16, 0.000000000000000000 ) ) ;
#1282 = CIRCLE ( 'NONE', #401, 1.199999999999999734 ) ;
#1283 = DIRECTION ( 'NONE',  ( 0.000000000000000000, 0.000000000000000000, 1.000000000000000000 ) ) ;
#1284 = CARTESIAN_POINT ( 'NONE',  ( 0.3027590689954442471, 11.75999999999999979, -3.000000000000000000 ) ) ;
#1285 = ORIENTED_EDGE ( 'NONE', *, *, #2010, .T. ) ;
#1286 = ORIENTED_EDGE ( 'NONE', *, *, #1383, .T. ) ;
#1287 = AXIS2_PLACEMENT_3D ( 'NONE', #3017, #342, #85 ) ;
#1288 = LINE ( 'NONE', #1773, #2007 ) ;
#1289 = VECTOR ( 'NONE', #2734, 1000.000000000000000 ) ;
#1290 = LINE ( 'NONE', #3330, #1575 ) ;
#1291 = EDGE_CURVE ( 'NONE', #1153, #460, #1590, .T. ) ;
#1292 = AXIS2_PLACEMENT_3D ( 'NONE', #1878, #2628, #326 ) ;
#1293 = CARTESIAN_POINT ( 'NONE',  ( 15.33263409895985951, 51.24900787648735445, 17.50000000000000000 ) ) ;
#1294 = AXIS2_PLACEMENT_3D ( 'NONE', #738, #1809, #480 ) ;
#1295 = AXIS2_PLACEMENT_3D ( 'NONE', #2240, #3059, #2184 ) ;
#1296 = EDGE_CURVE ( 'NONE', #2024, #2531, #2957, .T. ) ;
#1297 = ORIENTED_EDGE ( 'NONE', *, *, #2233, .F. ) ;
#1298 = CARTESIAN_POINT ( 'NONE',  ( 50.61419833382100819, 28.00200121204100157, 0.000000000000000000 ) ) ;
#1299 = VECTOR ( 'NONE', #1747, 1000.000000000000000 ) ;
#1300 = VECTOR ( 'NONE', #1205, 1000.000000000000000 ) ;
#1301 = ORIENTED_EDGE ( 'NONE', *, *, #3087, .T. ) ;
#1302 = VERTEX_POINT ( 'NONE', #1627 ) ;
#1303 = AXIS2_PLACEMENT_3D ( 'NONE', #1505, #3375, #217 ) ;
#1304 = DIRECTION ( 'NONE',  ( 1.000000000000000000, 0.000000000000000000, 0.000000000000000000 ) ) ;
#1305 = DIRECTION ( 'NONE',  ( -0.000000000000000000, -0.000000000000000000, -1.000000000000000000 ) ) ;
#1306 = VERTEX_POINT ( 'NONE', #2638 ) ;
#1307 = ORIENTED_EDGE ( 'NONE', *, *, #1779, .T. ) ;
#1308 = CARTESIAN_POINT ( 'NONE',  ( 3.061713480238002383, 56.81649478397233111, 0.000000000000000000 ) ) ;
#1309 = DIRECTION ( 'NONE',  ( 1.000000000000000000, 0.000000000000000000, 0.000000000000000000 ) ) ;
#1310 = ORIENTED_EDGE ( 'NONE', *, *, #1848, .T. ) ;
#1311 = CARTESIAN_POINT ( 'NONE',  ( 20.76737240559561926, 12.12795355502193040, 3.000000000000000000 ) ) ;
#1312 = ADVANCED_FACE ( 'NONE', ( #56 ), #39, .F. ) ;
#1313 =( LENGTH_UNIT ( ) NAMED_UNIT ( * ) SI_UNIT ( .MILLI., .METRE. ) );
#1314 = ORIENTED_EDGE ( 'NONE', *, *, #1383, .F. ) ;
#1315 = DIRECTION ( 'NONE',  ( -4.371138834796991415E-08, 0.9999999999999991118, 0.000000000000000000 ) ) ;
#1316 = EDGE_CURVE ( 'NONE', #2048, #1615, #1075, .T. ) ;
#1317 = CYLINDRICAL_SURFACE ( 'NONE', #3095, 0.05000000000000161954 ) ;
#1318 = EDGE_LOOP ( 'NONE', ( #2453, #94, #1830, #2755 ) ) ;
#1319 = LINE ( 'NONE', #2362, #1117 ) ;
#1320 = EDGE_CURVE ( 'NONE', #2709, #1043, #1055, .T. ) ;
#1321 = DIRECTION ( 'NONE',  ( 1.000000000000000000, 0.000000000000000000, 0.000000000000000000 ) ) ;
#1322 = DIRECTION ( 'NONE',  ( -4.371142336978421662E-08, 0.9999999999999990008, 0.000000000000000000 ) ) ;
#1323 = ORIENTED_EDGE ( 'NONE', *, *, #1561, .F. ) ;
#1324 = ORIENTED_EDGE ( 'NONE', *, *, #2096, .T. ) ;
#1325 = CARTESIAN_POINT ( 'NONE',  ( 2.007000000000000117, 11.75999999999999979, -4.599999999999999645 ) ) ;
#1326 = LINE ( 'NONE', #1050, #3112 ) ;
#1327 = MANIFOLD_SOLID_BREP ( 'Cut-Extrude17[1]', #1721 ) ;
#1328 = CARTESIAN_POINT ( 'NONE',  ( 34.97599999999999909, 67.89399999999999125, 0.000000000000000000 ) ) ;
#1329 = DIRECTION ( 'NONE',  ( -0.000000000000000000, -0.000000000000000000, -1.000000000000000000 ) ) ;
#1330 = EDGE_LOOP ( 'NONE', ( #1768, #691, #1987, #507 ) ) ;
#1331 = FACE_OUTER_BOUND ( 'NONE', #1781, .T. ) ;
#1332 = FILL_AREA_STYLE ('',( #279 ) ) ;
#1333 = EDGE_CURVE ( 'NONE', #3139, #1992, #2546, .T. ) ;
#1334 = EDGE_LOOP ( 'NONE', ( #2134, #1165, #2728, #745, #2245, #2831 ) ) ;
#1335 = CARTESIAN_POINT ( 'NONE',  ( 45.68828984031205920, 58.15736828445517403, 0.000000000000000000 ) ) ;
#1336 = VECTOR ( 'NONE', #2131, 1000.000000000000000 ) ;
#1337 = LINE ( 'NONE', #1358, #2722 ) ;
#1338 = AXIS2_PLACEMENT_3D ( 'NONE', #3023, #902, #649 ) ;
#1339 = CARTESIAN_POINT ( 'NONE',  ( 49.84523096000891940, 64.84199890137129785, -0.4999999999999995559 ) ) ;
#1340 = ADVANCED_FACE ( 'NONE', ( #802 ), #2128, .T. ) ;
#1341 = VERTEX_POINT ( 'NONE', #2940 ) ;
#1342 = ORIENTED_EDGE ( 'NONE', *, *, #3280, .F. ) ;
#1343 = CIRCLE ( 'NONE', #793, 1.728353813270931738 ) ;
#1344 = CARTESIAN_POINT ( 'NONE',  ( 2.007000000000000117, 11.75999999999999979, 0.000000000000000000 ) ) ;
#1345 = AXIS2_PLACEMENT_3D ( 'NONE', #2414, #1134, #2183 ) ;
#1346 = CARTESIAN_POINT ( 'NONE',  ( 50.61419834037700127, 27.85200121204099943, 0.9499999999999999556 ) ) ;
#1347 = DIRECTION ( 'NONE',  ( 0.000000000000000000, -0.000000000000000000, -1.000000000000000000 ) ) ;
#1348 = PLANE ( 'NONE',  #644 ) ;
#1349 = VERTEX_POINT ( 'NONE', #2923 ) ;
#1350 = DIRECTION ( 'NONE',  ( 0.000000000000000000, 0.000000000000000000, 1.000000000000000000 ) ) ;
#1351 = SURFACE_STYLE_FILL_AREA ( #1332 ) ;
#1352 = AXIS2_PLACEMENT_3D ( 'NONE', #2669, #64, #1365 ) ;
#1353 = ORIENTED_EDGE ( 'NONE', *, *, #2744, .F. ) ;
#1354 = FACE_OUTER_BOUND ( 'NONE', #1101, .T. ) ;
#1355 = CIRCLE ( 'NONE', #2066, 0.05000000000000148076 ) ;
#1356 = CARTESIAN_POINT ( 'NONE',  ( 50.54600143432600845, 4.286620378156616112E-12, 3.000000000000000000 ) ) ;
#1357 = EDGE_CURVE ( 'NONE', #566, #3015, #1645, .T. ) ;
#1358 = CARTESIAN_POINT ( 'NONE',  ( 0.000000000000000000, 23.17573017770200039, 0.000000000000000000 ) ) ;
#1359 = PRESENTATION_LAYER_ASSIGNMENT (  '', '', ( #1460 ) ) ;
#1360 = PLANE ( 'NONE',  #2018 ) ;
#1361 = ORIENTED_EDGE ( 'NONE', *, *, #1759, .F. ) ;
#1362 = ORIENTED_EDGE ( 'NONE', *, *, #453, .T. ) ;
#1363 = VECTOR ( 'NONE', #1266, 1000.000000000000000 ) ;
#1364 = EDGE_CURVE ( 'NONE', #286, #1349, #3295, .T. ) ;
#1365 = DIRECTION ( 'NONE',  ( 0.000000000000000000, 0.000000000000000000, -1.000000000000000000 ) ) ;
#1366 = LINE ( 'NONE', #1654, #2615 ) ;
#1367 = DIRECTION ( 'NONE',  ( 0.000000000000000000, -1.000000000000000000, 0.000000000000000000 ) ) ;
#1368 = CARTESIAN_POINT ( 'NONE',  ( 0.3027590689954442471, 11.75999999999999979, -3.000000000000000000 ) ) ;
#1369 = VERTEX_POINT ( 'NONE', #1678 ) ;
#1370 = LINE ( 'NONE', #2655, #1064 ) ;
#1371 = ORIENTED_EDGE ( 'NONE', *, *, #1680, .F. ) ;
#1372 = DIRECTION ( 'NONE',  ( 0.000000000000000000, 0.000000000000000000, 1.000000000000000000 ) ) ;
#1373 = CARTESIAN_POINT ( 'NONE',  ( 57.65800094604500714, 7.025000095371286335, 0.000000000000000000 ) ) ;
#1374 =( LENGTH_UNIT ( ) NAMED_UNIT ( * ) SI_UNIT ( .MILLI., .METRE. ) );
#1375 = VERTEX_POINT ( 'NONE', #2459 ) ;
#1376 = VERTEX_POINT ( 'NONE', #3265 ) ;
#1377 = EDGE_CURVE ( 'NONE', #1111, #2469, #3259, .T. ) ;
#1378 = PLANE ( 'NONE',  #1352 ) ;
#1379 = DIRECTION ( 'NONE',  ( 1.000000000000000000, 0.000000000000000000, 0.000000000000000000 ) ) ;
#1380 = EDGE_CURVE ( 'NONE', #3390, #1951, #434, .T. ) ;
#1381 = CARTESIAN_POINT ( 'NONE',  ( 3.061713480238001939, 57.99960780504349600, 3.000000000000000000 ) ) ;
#1382 = CARTESIAN_POINT ( 'NONE',  ( 40.90698424227282715, 58.15736828445517403, 0.000000000000000000 ) ) ;
#1383 = EDGE_CURVE ( 'NONE', #723, #2742, #661, .T. ) ;
#1384 = DIRECTION ( 'NONE',  ( 0.000000000000000000, 1.000000000000000000, -0.000000000000000000 ) ) ;
#1385 = EDGE_LOOP ( 'NONE', ( #683, #667, #1307, #182 ) ) ;
#1386 = SURFACE_STYLE_FILL_AREA ( #3222 ) ;
#1387 = CARTESIAN_POINT ( 'NONE',  ( 28.88521634381089243, 23.17573017770199684, 0.000000000000000000 ) ) ;
#1388 = DIRECTION ( 'NONE',  ( -4.371138828673991410E-08, 0.9999999999999991118, 0.000000000000000000 ) ) ;
#1389 = VERTEX_POINT ( 'NONE', #92 ) ;
#1390 = EDGE_LOOP ( 'NONE', ( #1837, #629, #941, #3251 ) ) ;
#1391 = DIRECTION ( 'NONE',  ( 0.000000000000000000, 1.000000000000000000, 0.000000000000000000 ) ) ;
#1392 = DIRECTION ( 'NONE',  ( 1.000000000000000000, 0.000000000000000000, -0.000000000000000000 ) ) ;
#1393 = CARTESIAN_POINT ( 'NONE',  ( 2.007000000000000117, 11.75999999999999979, -4.599999999999999645 ) ) ;
#1394 = LINE ( 'NONE', #1932, #1289 ) ;
#1395 = AXIS2_PLACEMENT_3D ( 'NONE', #764, #2034, #1749 ) ;
#1396 = EDGE_CURVE ( 'NONE', #3394, #2354, #394, .T. ) ;
#1397 = CARTESIAN_POINT ( 'NONE',  ( 57.65800094604500714, 7.025000095371286335, 3.000000000000000000 ) ) ;
#1398 = CARTESIAN_POINT ( 'NONE',  ( 49.66419834037699843, 27.85200117051499902, 0.05000000000000000278 ) ) ;
#1399 = VECTOR ( 'NONE', #1080, 1000.000000000000000 ) ;
#1400 = EDGE_CURVE ( 'NONE', #633, #3208, #885, .T. ) ;
#1401 = AXIS2_PLACEMENT_3D ( 'NONE', #413, #1994, #102 ) ;
#1402 = ORIENTED_EDGE ( 'NONE', *, *, #1087, .T. ) ;
#1403 =( NAMED_UNIT ( * ) SI_UNIT ( $, .STERADIAN. ) SOLID_ANGLE_UNIT ( ) );
#1404 = CIRCLE ( 'NONE', #191, 2.390652799019614250 ) ;
#1405 = AXIS2_PLACEMENT_3D ( 'NONE', #1875, #1893, #790 ) ;
#1406 = AXIS2_PLACEMENT_3D ( 'NONE', #1939, #2745, #2980 ) ;
#1407 = ORIENTED_EDGE ( 'NONE', *, *, #2860, .T. ) ;
#1408 = ORIENTED_EDGE ( 'NONE', *, *, #2886, .F. ) ;
#1409 = AXIS2_PLACEMENT_3D ( 'NONE', #3040, #2052, #262 ) ;
#1410 = DIRECTION ( 'NONE',  ( 0.000000000000000000, 0.000000000000000000, -1.000000000000000000 ) ) ;
#1411 = FACE_OUTER_BOUND ( 'NONE', #476, .T. ) ;
#1412 = VECTOR ( 'NONE', #2468, 1000.000000000000000 ) ;
#1413 = LINE ( 'NONE', #2733, #2117 ) ;
#1414 = CARTESIAN_POINT ( 'NONE',  ( 0.1237189390035260683, 55.01166757435498056, 14.92993930529287105 ) ) ;
#1415 = DIRECTION ( 'NONE',  ( -4.371138828673991410E-08, 0.9999999999999991118, 0.000000000000000000 ) ) ;
#1416 = ADVANCED_FACE ( 'NONE', ( #1934 ), #627, .T. ) ;
#1417 = EDGE_LOOP ( 'NONE', ( #1926, #1362 ) ) ;
#1418 = DIRECTION ( 'NONE',  ( 1.000000000000000000, 0.000000000000000000, 0.000000000000000000 ) ) ;
#1419 = EDGE_CURVE ( 'NONE', #1232, #1651, #2102, .T. ) ;
#1420 = FACE_OUTER_BOUND ( 'NONE', #1960, .T. ) ;
#1421 = ORIENTED_EDGE ( 'NONE', *, *, #471, .T. ) ;
#1422 = ORIENTED_EDGE ( 'NONE', *, *, #1762, .F. ) ;
#1423 = EDGE_CURVE ( 'NONE', #3208, #2760, #2633, .T. ) ;
#1424 = CARTESIAN_POINT ( 'NONE',  ( 36.70161492975689299, 67.79673737589244809, 0.000000000000000000 ) ) ;
#1425 = FACE_OUTER_BOUND ( 'NONE', #1385, .T. ) ;
#1426 = ORIENTED_EDGE ( 'NONE', *, *, #910, .F. ) ;
#1427 = CARTESIAN_POINT ( 'NONE',  ( 49.66419833382099824, 28.00200117051500115, 0.9499999999999999556 ) ) ;
#1428 = DIRECTION ( 'NONE',  ( -1.000000000000000000, 0.000000000000000000, 0.000000000000000000 ) ) ;
#1429 = DIRECTION ( 'NONE',  ( -0.9999999999999990008, -4.371135398084517093E-08, 0.000000000000000000 ) ) ;
#1430 = ORIENTED_EDGE ( 'NONE', *, *, #1437, .F. ) ;
#1431 = CARTESIAN_POINT ( 'NONE',  ( 49.61419834256300732, 27.80200116833000124, 0.05000000000000000278 ) ) ;
#1432 = CARTESIAN_POINT ( 'NONE',  ( 50.46278976710300412, 29.60200120542272373, 0.000000000000000000 ) ) ;
#1433 = ADVANCED_FACE ( 'NONE', ( #2954 ), #292, .F. ) ;
#1434 = ORIENTED_EDGE ( 'NONE', *, *, #2053, .T. ) ;
#1435 = ORIENTED_EDGE ( 'NONE', *, *, #341, .T. ) ;
#1436 = CARTESIAN_POINT ( 'NONE',  ( 50.66486707213653062, 63.00287427383352679, 3.000000000000000000 ) ) ;
#1437 = EDGE_CURVE ( 'NONE', #2168, #141, #487, .T. ) ;
#1438 = LINE ( 'NONE', #113, #1856 ) ;
#1439 = EDGE_LOOP ( 'NONE', ( #2006, #827 ) ) ;
#1440 = ORIENTED_EDGE ( 'NONE', *, *, #2582, .F. ) ;
#1441 = AXIS2_PLACEMENT_3D ( 'NONE', #1858, #230, #1252 ) ;
#1442 = PLANE ( 'NONE',  #2924 ) ;
#1443 = CARTESIAN_POINT ( 'NONE',  ( 49.66419834256299737, 27.80200117051500186, 1.000000000000000000 ) ) ;
#1444 = CARTESIAN_POINT ( 'NONE',  ( 51.87499688704600231, 32.24680032591300716, 1.350000000000000089 ) ) ;
#1445 = PLANE ( 'NONE',  #1685 ) ;
#1446 = CIRCLE ( 'NONE', #404, 2.499999999999995115 ) ;
#1447 = ORIENTED_EDGE ( 'NONE', *, *, #1611, .F. ) ;
#1448 = FACE_OUTER_BOUND ( 'NONE', #419, .T. ) ;
#1449 = CYLINDRICAL_SURFACE ( 'NONE', #1125, 1.728353813270931738 ) ;
#1450 = VECTOR ( 'NONE', #2904, 1000.000000000000000 ) ;
#1451 = ORIENTED_EDGE ( 'NONE', *, *, #2817, .F. ) ;
#1452 = VERTEX_POINT ( 'NONE', #2141 ) ;
#1453 = AXIS2_PLACEMENT_3D ( 'NONE', #206, #1257, #2537 ) ;
#1454 = EDGE_CURVE ( 'NONE', #402, #2469, #1394, .T. ) ;
#1455 = CYLINDRICAL_SURFACE ( 'NONE', #526, 4.330697054907822974 ) ;
#1456 = STYLED_ITEM ( 'NONE', ( #3296 ), #2389 ) ;
#1457 = CARTESIAN_POINT ( 'NONE',  ( 50.54600143432600845, 4.286620378156616112E-12, 0.000000000000000000 ) ) ;
#1458 = ORIENTED_EDGE ( 'NONE', *, *, #477, .T. ) ;
#1459 = ORIENTED_EDGE ( 'NONE', *, *, #1828, .F. ) ;
#1460 = STYLED_ITEM ( 'NONE', ( #503 ), #2450 ) ;
#1461 = EDGE_CURVE ( 'NONE', #2531, #1584, #623, .T. ) ;
#1462 = LINE ( 'NONE', #929, #1237 ) ;
#1463 = CARTESIAN_POINT ( 'NONE',  ( 51.87499689141700543, 32.19680032591300289, 1.399999999999999911 ) ) ;
#1464 = VECTOR ( 'NONE', #2967, 1000.000000000000227 ) ;
#1465 = CARTESIAN_POINT ( 'NONE',  ( 3.061713480238004159, 56.81649478397233111, 3.000000000000000000 ) ) ;
#1466 = ORIENTED_EDGE ( 'NONE', *, *, #2118, .F. ) ;
#1467 = CARTESIAN_POINT ( 'NONE',  ( 57.66500091552700979, 63.00199890137128733, 3.000000000000000000 ) ) ;
#1468 = DIRECTION ( 'NONE',  ( 0.000000000000000000, 0.000000000000000000, 1.000000000000000000 ) ) ;
#1469 = ORIENTED_EDGE ( 'NONE', *, *, #1868, .F. ) ;
#1470 = ORIENTED_EDGE ( 'NONE', *, *, #787, .F. ) ;
#1471 = FACE_OUTER_BOUND ( 'NONE', #380, .T. ) ;
#1472 = CARTESIAN_POINT ( 'NONE',  ( 50.46278976710300412, 28.00200120542272231, 0.000000000000000000 ) ) ;
#1473 = ORIENTED_EDGE ( 'NONE', *, *, #2295, .T. ) ;
#1474 = ORIENTED_EDGE ( 'NONE', *, *, #2139, .F. ) ;
#1475 = DIRECTION ( 'NONE',  ( -0.9999999999999991118, -4.371138828673991410E-08, 0.000000000000000000 ) ) ;
#1476 = DIRECTION ( 'NONE',  ( -0.0003800275744578614462, 0.9999999277895186278, 0.000000000000000000 ) ) ;
#1477 = EDGE_CURVE ( 'NONE', #942, #634, #2748, .T. ) ;
#1478 = DIRECTION ( 'NONE',  ( -0.9999999999999961142, -8.742277657347935174E-08, 0.000000000000000000 ) ) ;
#1479 = CARTESIAN_POINT ( 'NONE',  ( 50.61419833382100819, 28.00200121204100157, 1.000000000000000000 ) ) ;
#1480 = DIRECTION ( 'NONE',  ( 0.000000000000000000, 0.000000000000000000, 1.000000000000000000 ) ) ;
#1481 = ADVANCED_FACE ( 'NONE', ( #2439 ), #2219, .F. ) ;
#1482 = ORIENTED_EDGE ( 'NONE', *, *, #664, .T. ) ;
#1483 = CARTESIAN_POINT ( 'NONE',  ( 49.66419834037699843, 27.85200117051499902, 0.05000000000000000278 ) ) ;
#1484 = DIRECTION ( 'NONE',  ( -0.9999999999999990008, -4.371135398084517093E-08, 0.000000000000000000 ) ) ;
#1485 = ORIENTED_EDGE ( 'NONE', *, *, #278, .T. ) ;
#1486 = EDGE_LOOP ( 'NONE', ( #1516, #1502, #1221, #2187 ) ) ;
#1487 = DIRECTION ( 'NONE',  ( -1.000000000000000000, -0.000000000000000000, -0.000000000000000000 ) ) ;
#1488 = FACE_OUTER_BOUND ( 'NONE', #2794, .T. ) ;
#1489 = ORIENTED_EDGE ( 'NONE', *, *, #2758, .F. ) ;
#1490 = PLANE ( 'NONE',  #1793 ) ;
#1491 = CARTESIAN_POINT ( 'NONE',  ( 50.46278976710300412, 30.84680020245392384, 0.05000000000000000278 ) ) ;
#1492 = CARTESIAN_POINT ( 'NONE',  ( 39.88029162565499774, 65.83635289751217101, 3.000000000000000000 ) ) ;
#1493 = EDGE_CURVE ( 'NONE', #109, #785, #2506, .T. ) ;
#1494 = AXIS2_PLACEMENT_3D ( 'NONE', #1131, #281, #301 ) ;
#1495 = DIRECTION ( 'NONE',  ( 0.000000000000000000, 0.000000000000000000, 1.000000000000000000 ) ) ;
#1496 = EDGE_LOOP ( 'NONE', ( #1806, #1212, #2005, #1034, #2092, #1466, #3189, #2054, #2795, #3276, #2383, #2732, #2606, #2630, #2255, #962, #499, #775, #615, #2869, #443, #1435, #2791, #3287, #2622, #1521, #581, #1754, #57, #3075, #3238, #2366, #1729 ) ) ;
#1497 = DIRECTION ( 'NONE',  ( 0.000000000000000000, 0.000000000000000000, 1.000000000000000000 ) ) ;
#1498 = VECTOR ( 'NONE', #264, 1000.000000000000000 ) ;
#1499 = ADVANCED_FACE ( 'NONE', ( #86 ), #392, .T. ) ;
#1500 = CARTESIAN_POINT ( 'NONE',  ( 48.71042342266195391, 2.401465347587071530, -3.000000000000000000 ) ) ;
#1501 = VECTOR ( 'NONE', #539, 1000.000000000000000 ) ;
#1502 = ORIENTED_EDGE ( 'NONE', *, *, #2201, .T. ) ;
#1503 = AXIS2_PLACEMENT_3D ( 'NONE', #391, #2985, #1976 ) ;
#1504 = CARTESIAN_POINT ( 'NONE',  ( 36.70435381327093438, 67.89399999999999125, -3.000000000000000000 ) ) ;
#1505 = CARTESIAN_POINT ( 'NONE',  ( 51.39523096000765889, 64.84199890137129785, 3.000000000000000000 ) ) ;
#1506 = AXIS2_PLACEMENT_3D ( 'NONE', #1004, #196, #3098 ) ;
#1507 = VERTEX_POINT ( 'NONE', #2986 ) ;
#1508 = ORIENTED_EDGE ( 'NONE', *, *, #748, .F. ) ;
#1509 = VECTOR ( 'NONE', #2098, 1000.000000000000000 ) ;
#1510 = FACE_OUTER_BOUND ( 'NONE', #2058, .T. ) ;
#1511 = DIRECTION ( 'NONE',  ( -1.000000000000000000, -0.000000000000000000, -0.000000000000000000 ) ) ;
#1512 = VECTOR ( 'NONE', #2148, 1000.000000000000000 ) ;
#1513 = FACE_OUTER_BOUND ( 'NONE', #3252, .T. ) ;
#1514 = DIRECTION ( 'NONE',  ( 1.000000000000000000, 0.000000000000000000, 0.000000000000000000 ) ) ;
#1515 = EDGE_CURVE ( 'NONE', #1302, #2910, #2490, .T. ) ;
#1516 = ORIENTED_EDGE ( 'NONE', *, *, #1699, .F. ) ;
#1517 = CARTESIAN_POINT ( 'NONE',  ( 50.54600143432600845, 70.00199890137129444, 3.000000000000000000 ) ) ;
#1518 = VECTOR ( 'NONE', #965, 1000.000000000000000 ) ;
#1519 = FACE_OUTER_BOUND ( 'NONE', #1913, .T. ) ;
#1520 = ADVANCED_FACE ( 'NONE', ( #3261 ), #2488, .T. ) ;
#1521 = ORIENTED_EDGE ( 'NONE', *, *, #787, .T. ) ;
#1522 = DIRECTION ( 'NONE',  ( -0.9999999999999991118, -4.371138828673991410E-08, 0.000000000000000000 ) ) ;
#1523 = CARTESIAN_POINT ( 'NONE',  ( 49.84523096000891940, 64.84199890137129785, 3.000000000000000000 ) ) ;
#1524 = CARTESIAN_POINT ( 'NONE',  ( 33.25038507024311230, 67.79673737589239124, 0.000000000000000000 ) ) ;
#1525 = EDGE_CURVE ( 'NONE', #3208, #1375, #2251, .T. ) ;
#1526 = ORIENTED_EDGE ( 'NONE', *, *, #3391, .F. ) ;
#1527 = EDGE_LOOP ( 'NONE', ( #2824, #3130 ) ) ;
#1528 = DIRECTION ( 'NONE',  ( -4.371138828673991410E-08, 0.9999999999999991118, 0.000000000000000000 ) ) ;
#1529 = LINE ( 'NONE', #3311, #918 ) ;
#1530 = ORIENTED_EDGE ( 'NONE', *, *, #1988, .T. ) ;
#1531 = FACE_OUTER_BOUND ( 'NONE', #1001, .T. ) ;
#1532 = DIRECTION ( 'NONE',  ( 1.000000000000000000, 5.478074134663600261E-16, 0.000000000000000000 ) ) ;
#1533 = ORIENTED_EDGE ( 'NONE', *, *, #1454, .F. ) ;
#1534 = CYLINDRICAL_SURFACE ( 'NONE', #2376, 1.199999999999999734 ) ;
#1535 = FACE_BOUND ( 'NONE', #1961, .T. ) ;
#1536 = ADVANCED_FACE ( 'NONE', ( #674 ), #2193, .F. ) ;
#1537 = ORIENTED_EDGE ( 'NONE', *, *, #2568, .T. ) ;
#1538 = ORIENTED_EDGE ( 'NONE', *, *, #1515, .T. ) ;
#1539 = EDGE_CURVE ( 'NONE', #2116, #1584, #2764, .T. ) ;
#1540 = CARTESIAN_POINT ( 'NONE',  ( -0.002999714528393699568, 7.026897941195023201, 3.000000000000000000 ) ) ;
#1541 = CARTESIAN_POINT ( 'NONE',  ( 49.61419834256300732, 27.80200116833000124, 0.05000000000000000278 ) ) ;
#1542 = ORIENTED_EDGE ( 'NONE', *, *, #541, .F. ) ;
#1543 = ORIENTED_EDGE ( 'NONE', *, *, #1779, .F. ) ;
#1544 = ADVANCED_FACE ( 'NONE', ( #1673 ), #360, .F. ) ;
#1545 = CARTESIAN_POINT ( 'NONE',  ( 50.61419827262500348, 29.40200121204100014, 0.000000000000000000 ) ) ;
#1546 = CARTESIAN_POINT ( 'NONE',  ( 3.061713480238002383, 56.81649478397233111, 3.000000000000000000 ) ) ;
#1547 = ORIENTED_EDGE ( 'NONE', *, *, #1889, .F. ) ;
#1548 = PLANE ( 'NONE',  #3035 ) ;
#1549 = ORIENTED_EDGE ( 'NONE', *, *, #2802, .F. ) ;
#1550 = DIRECTION ( 'NONE',  ( 0.005275549562206515754, 0.9999860841915835241, 0.000000000000000000 ) ) ;
#1551 = AXIS2_PLACEMENT_3D ( 'NONE', #3351, #1281, #2328 ) ;
#1552 = CARTESIAN_POINT ( 'NONE',  ( 15.33263409895985951, 55.64203330755000110, 3.000000000000000000 ) ) ;
#1553 = VECTOR ( 'NONE', #2292, 1000.000000000000000 ) ;
#1554 = ORIENTED_EDGE ( 'NONE', *, *, #2387, .F. ) ;
#1555 = LINE ( 'NONE', #771, #3353 ) ;
#1556 = DIRECTION ( 'NONE',  ( -0.9999999999999991118, -4.371138828673991410E-08, 0.000000000000000000 ) ) ;
#1557 = PLANE ( 'NONE',  #1904 ) ;
#1558 = VERTEX_POINT ( 'NONE', #2203 ) ;
#1559 = ORIENTED_EDGE ( 'NONE', *, *, #2487, .T. ) ;
#1560 = VECTOR ( 'NONE', #3319, 1000.000000000000114 ) ;
#1561 = EDGE_CURVE ( 'NONE', #2454, #2478, #611, .T. ) ;
#1562 = DIRECTION ( 'NONE',  ( 1.000000000000000000, 0.000000000000000000, 0.000000000000000000 ) ) ;
#1563 = AXIS2_PLACEMENT_3D ( 'NONE', #1144, #897, #943 ) ;
#1564 = PLANE ( 'NONE',  #197 ) ;
#1565 = EDGE_CURVE ( 'NONE', #3307, #286, #641, .T. ) ;
#1566 = AXIS2_PLACEMENT_3D ( 'NONE', #111, #2711, #1410 ) ;
#1567 = DIRECTION ( 'NONE',  ( 0.000000000000000000, 0.000000000000000000, 1.000000000000000000 ) ) ;
#1568 = VECTOR ( 'NONE', #1083, 1000.000000000000000 ) ;
#1569 = AXIS2_PLACEMENT_3D ( 'NONE', #2790, #2269, #3020 ) ;
#1570 = EDGE_CURVE ( 'NONE', #1755, #785, #1462, .T. ) ;
#1571 = ORIENTED_EDGE ( 'NONE', *, *, #2880, .F. ) ;
#1572 = CARTESIAN_POINT ( 'NONE',  ( 50.46278976710300412, 27.85200119018550069, 0.9999999999999976685 ) ) ;
#1573 = AXIS2_PLACEMENT_3D ( 'NONE', #2854, #1532, #2868 ) ;
#1574 = DIRECTION ( 'NONE',  ( -3.283659891533087957E-14, -1.000000000000000000, 0.000000000000000000 ) ) ;
#1575 = VECTOR ( 'NONE', #726, 1000.000000000000000 ) ;
#1576 = ORIENTED_EDGE ( 'NONE', *, *, #3158, .T. ) ;
#1577 = ORIENTED_EDGE ( 'NONE', *, *, #1561, .T. ) ;
#1578 = VECTOR ( 'NONE', #3326, 1000.000000000000000 ) ;
#1579 = DIRECTION ( 'NONE',  ( -4.371138828673991410E-08, 0.9999999999999991118, 0.000000000000000000 ) ) ;
#1580 = CARTESIAN_POINT ( 'NONE',  ( 50.46278976710300412, 29.40200120542272444, 0.000000000000000000 ) ) ;
#1581 = VERTEX_POINT ( 'NONE', #343 ) ;
#1582 = DIRECTION ( 'NONE',  ( 1.000000000000000000, 0.000000000000000000, 0.000000000000000000 ) ) ;
#1583 = CARTESIAN_POINT ( 'NONE',  ( 47.01002342266195910, 2.401465347587071530, 0.000000000000000000 ) ) ;
#1584 = VERTEX_POINT ( 'NONE', #1693 ) ;
#1585 = CARTESIAN_POINT ( 'NONE',  ( 43.29763704129243962, 58.15736828445517403, 0.000000000000000000 ) ) ;
#1586 = ADVANCED_FACE ( 'NONE', ( #2471 ), #693, .T. ) ;
#1587 = LINE ( 'NONE', #2370, #2995 ) ;
#1588 = EDGE_LOOP ( 'NONE', ( #20, #2122, #229, #1458, #878, #985 ) ) ;
#1589 = CARTESIAN_POINT ( 'NONE',  ( 51.39523096000765889, 64.84199890137129785, 3.000000000000000000 ) ) ;
#1590 = LINE ( 'NONE', #1127, #2386 ) ;
#1591 = EDGE_CURVE ( 'NONE', #600, #1216, #445, .T. ) ;
#1592 = EDGE_LOOP ( 'NONE', ( #1717, #924, #938, #1637 ) ) ;
#1593 = ORIENTED_EDGE ( 'NONE', *, *, #1942, .F. ) ;
#1594 = DIRECTION ( 'NONE',  ( -0.9999999999999991118, -4.371138828673991410E-08, 0.000000000000000000 ) ) ;
#1595 = CARTESIAN_POINT ( 'NONE',  ( 51.87499688704600231, 32.24680032591300716, 0.000000000000000000 ) ) ;
#1596 = LINE ( 'NONE', #1114, #3159 ) ;
#1597 = EDGE_LOOP ( 'NONE', ( #843, #114, #2627, #2311 ) ) ;
#1598 = ORIENTED_EDGE ( 'NONE', *, *, #580, .T. ) ;
#1599 = DIRECTION ( 'NONE',  ( 1.000000000000000000, 0.000000000000000000, -0.000000000000000000 ) ) ;
#1600 = DIRECTION ( 'NONE',  ( -0.000000000000000000, 1.000000000000000000, -0.000000000000000000 ) ) ;
#1601 = ORIENTED_EDGE ( 'NONE', *, *, #2010, .F. ) ;
#1602 = DIRECTION ( 'NONE',  ( 1.000000000000000000, 0.000000000000000000, 0.000000000000000000 ) ) ;
#1603 = CARTESIAN_POINT ( 'NONE',  ( 32.58472668810468065, 70.00199890137129444, 3.000000000000000000 ) ) ;
#1604 = DIRECTION ( 'NONE',  ( 1.000000000000000000, 0.000000000000000000, 0.000000000000000000 ) ) ;
#1605 = VERTEX_POINT ( 'NONE', #238 ) ;
#1606 = FACE_OUTER_BOUND ( 'NONE', #2542, .T. ) ;
#1607 = EDGE_CURVE ( 'NONE', #2515, #3139, #964, .T. ) ;
#1608 = DIRECTION ( 'NONE',  ( -0.6112480215916304971, -0.7914391044801347697, 0.000000000000000000 ) ) ;
#1609 = ORIENTED_EDGE ( 'NONE', *, *, #53, .F. ) ;
#1610 = CARTESIAN_POINT ( 'NONE',  ( 49.66419827262500775, 29.40200117051499973, -3.469446951954000916E-18 ) ) ;
#1611 = EDGE_CURVE ( 'NONE', #782, #2742, #982, .T. ) ;
#1612 = DIRECTION ( 'NONE',  ( 1.000000000000000000, 0.000000000000000000, 0.000000000000000000 ) ) ;
#1613 = VECTOR ( 'NONE', #986, 1000.000000000000000 ) ;
#1614 = CARTESIAN_POINT ( 'NONE',  ( 49.92499689141700259, 32.19680015543899998, -3.469446951954000916E-18 ) ) ;
#1615 = VERTEX_POINT ( 'NONE', #462 ) ;
#1616 = ORIENTED_EDGE ( 'NONE', *, *, #2030, .F. ) ;
#1617 = VECTOR ( 'NONE', #1105, 1000.000000000000000 ) ;
#1618 = DIRECTION ( 'NONE',  ( 0.000000000000000000, 0.000000000000000000, 1.000000000000000000 ) ) ;
#1619 = FACE_OUTER_BOUND ( 'NONE', #218, .T. ) ;
#1620 = VECTOR ( 'NONE', #1192, 1000.000000000000000 ) ;
#1621 = AXIS2_PLACEMENT_3D ( 'NONE', #1500, #2293, #2545 ) ;
#1622 = DIRECTION ( 'NONE',  ( 1.000000000000000000, 0.000000000000000000, 0.000000000000000000 ) ) ;
#1623 = CARTESIAN_POINT ( 'NONE',  ( 3.061713480238001939, 57.99960780504349600, 17.50000000000000000 ) ) ;
#1624 = AXIS2_PLACEMENT_3D ( 'NONE', #1958, #865, #907 ) ;
#1625 = ORIENTED_EDGE ( 'NONE', *, *, #1931, .F. ) ;
#1626 = SPHERICAL_SURFACE ( 'NONE', #1176, 0.05000000000000000278 ) ;
#1627 = CARTESIAN_POINT ( 'NONE',  ( 50.46278976710300412, 32.19680025544119673, 0.000000000000000000 ) ) ;
#1628 = VECTOR ( 'NONE', #2646, 1000.000000000000000 ) ;
#1629 = ADVANCED_FACE ( 'NONE', ( #2031 ), #1490, .F. ) ;
#1630 = ORIENTED_EDGE ( 'NONE', *, *, #2905, .T. ) ;
#1631 = CARTESIAN_POINT ( 'NONE',  ( 28.88521634381089243, 23.17573017770199684, 3.000000000000000000 ) ) ;
#1632 = CARTESIAN_POINT ( 'NONE',  ( 49.66419833382099824, 28.00200117051500115, -3.469446951954000916E-18 ) ) ;
#1633 = VECTOR ( 'NONE', #3129, 1000.000000000000000 ) ;
#1634 = EDGE_CURVE ( 'NONE', #178, #912, #468, .T. ) ;
#1635 = DIRECTION ( 'NONE',  ( 5.478074134663600261E-16, -1.000000000000000000, 0.000000000000000000 ) ) ;
#1636 = EDGE_LOOP ( 'NONE', ( #1530, #3209 ) ) ;
#1637 = ORIENTED_EDGE ( 'NONE', *, *, #2233, .T. ) ;
#1638 = CIRCLE ( 'NONE', #2341, 0.05000000000000143219 ) ;
#1639 = CARTESIAN_POINT ( 'NONE',  ( 49.92499688704600658, 32.24680015543900424, 1.399999999999999911 ) ) ;
#1640 = EDGE_CURVE ( 'NONE', #2492, #1951, #134, .T. ) ;
#1641 = DIRECTION ( 'NONE',  ( 0.000000000000000000, 0.000000000000000000, 1.000000000000000000 ) ) ;
#1642 = LINE ( 'NONE', #1091, #2111 ) ;
#1643 = LINE ( 'NONE', #1397, #3269 ) ;
#1644 = DIRECTION ( 'NONE',  ( 0.9999999999999990008, 4.371142336978422324E-08, -0.000000000000000000 ) ) ;
#1645 = LINE ( 'NONE', #2690, #1072 ) ;
#1646 = ORIENTED_EDGE ( 'NONE', *, *, #2201, .F. ) ;
#1647 = FILL_AREA_STYLE_COLOUR ( '', #2317 ) ;
#1648 = PLANE ( 'NONE',  #351 ) ;
#1649 = LINE ( 'NONE', #2415, #3266 ) ;
#1650 = ORIENTED_EDGE ( 'NONE', *, *, #3220, .T. ) ;
#1651 = VERTEX_POINT ( 'NONE', #2520 ) ;
#1652 = EDGE_CURVE ( 'NONE', #1686, #3328, #3155, .T. ) ;
#1653 = CARTESIAN_POINT ( 'NONE',  ( 50.46278976710300412, 29.55200120985600165, 0.000000000000000000 ) ) ;
#1654 = CARTESIAN_POINT ( 'NONE',  ( 40.90698424227282715, 58.15736828445517403, 0.000000000000000000 ) ) ;
#1655 = EDGE_CURVE ( 'NONE', #1810, #1883, #3110, .T. ) ;
#1656 = PLANE ( 'NONE',  #2436 ) ;
#1657 = CARTESIAN_POINT ( 'NONE',  ( 51.87499700506700151, 30.89680032591299863, -6.938893903907001118E-18 ) ) ;
#1658 = DIRECTION ( 'NONE',  ( -0.000000000000000000, -0.000000000000000000, -1.000000000000000000 ) ) ;
#1659 = CARTESIAN_POINT ( 'NONE',  ( 39.88029162565499774, 65.83635289751217101, -3.000000000000000000 ) ) ;
#1660 = CARTESIAN_POINT ( 'NONE',  ( 20.76737240559561926, 12.12795355502193040, 3.000000000000000000 ) ) ;
#1661 = ORIENTED_EDGE ( 'NONE', *, *, #2777, .F. ) ;
#1662 =( NAMED_UNIT ( * ) PLANE_ANGLE_UNIT ( ) SI_UNIT ( $, .RADIAN. ) );
#1663 = FACE_OUTER_BOUND ( 'NONE', #485, .T. ) ;
#1664 = SURFACE_STYLE_USAGE ( .BOTH. , #1981 ) ;
#1665 = CARTESIAN_POINT ( 'NONE',  ( 0.000000000000000000, 0.000000000000000000, 0.000000000000000000 ) ) ;
#1666 = VERTEX_POINT ( 'NONE', #3309 ) ;
#1667 = ORIENTED_EDGE ( 'NONE', *, *, #2822, .T. ) ;
#1668 = CARTESIAN_POINT ( 'NONE',  ( 51.87499700943799752, 30.84680032591300147, 0.05000000000000000278 ) ) ;
#1669 = DIRECTION ( 'NONE',  ( 0.000000000000000000, 0.000000000000000000, 1.000000000000000000 ) ) ;
#1670 = EDGE_CURVE ( 'NONE', #2135, #1507, #2719, .T. ) ;
#1671 = VECTOR ( 'NONE', #934, 1000.000000000000000 ) ;
#1672 = CARTESIAN_POINT ( 'NONE',  ( 29.17142463048350010, 36.41303385995264819, -3.000000000000000000 ) ) ;
#1673 = FACE_OUTER_BOUND ( 'NONE', #1935, .T. ) ;
#1674 = AXIS2_PLACEMENT_3D ( 'NONE', #1585, #329, #2101 ) ;
#1675 = DIRECTION ( 'NONE',  ( -0.000000000000000000, -0.000000000000000000, -1.000000000000000000 ) ) ;
#1676 = EDGE_CURVE ( 'NONE', #2595, #2228, #1288, .T. ) ;
#1677 = AXIS2_PLACEMENT_3D ( 'NONE', #2807, #1836, #228 ) ;
#1678 = CARTESIAN_POINT ( 'NONE',  ( 49.92499700943799468, 30.84680015543899856, 0.05000000000000000278 ) ) ;
#1679 = VECTOR ( 'NONE', #1696, 1000.000000000000000 ) ;
#1680 = EDGE_CURVE ( 'NONE', #165, #324, #1241, .T. ) ;
#1681 = EDGE_LOOP ( 'NONE', ( #1469, #1772 ) ) ;
#1682 = CARTESIAN_POINT ( 'NONE',  ( 23.96541859000000230, 26.46809974185707759, 0.000000000000000000 ) ) ;
#1683 = AXIS2_PLACEMENT_3D ( 'NONE', #2467, #128, #2696 ) ;
#1684 = CARTESIAN_POINT ( 'NONE',  ( 8.360619662391107099, 63.38859499956932098, 3.000000000000000000 ) ) ;
#1685 = AXIS2_PLACEMENT_3D ( 'NONE', #1198, #676, #1135 ) ;
#1686 = VERTEX_POINT ( 'NONE', #1812 ) ;
#1687 = VERTEX_POINT ( 'NONE', #3343 ) ;
#1688 = VECTOR ( 'NONE', #1511, 1000.000000000000000 ) ;
#1689 = DIRECTION ( 'NONE',  ( 0.000000000000000000, 0.000000000000000000, 1.000000000000000000 ) ) ;
#1690 = DIRECTION ( 'NONE',  ( -0.000000000000000000, -0.000000000000000000, -1.000000000000000000 ) ) ;
#1691 = ORIENTED_EDGE ( 'NONE', *, *, #2680, .F. ) ;
#1692 = DIRECTION ( 'NONE',  ( 1.000000000000000000, -1.201115100076789866E-16, 0.000000000000000000 ) ) ;
#1693 = CARTESIAN_POINT ( 'NONE',  ( 49.61419827262500348, 29.40200116832999910, 0.9499999999999999556 ) ) ;
#1694 = DIRECTION ( 'NONE',  ( 0.000000000000000000, 0.000000000000000000, 1.000000000000000000 ) ) ;
#1695 = EDGE_CURVE ( 'NONE', #1005, #2024, #2671, .T. ) ;
#1696 = DIRECTION ( 'NONE',  ( 0.005275549562206515754, 0.9999860841915835241, 0.000000000000000000 ) ) ;
#1697 = VERTEX_POINT ( 'NONE', #2287 ) ;
#1698 = DIRECTION ( 'NONE',  ( -1.000000000000000000, 0.000000000000000000, 0.000000000000000000 ) ) ;
#1699 = EDGE_CURVE ( 'NONE', #1507, #3390, #3329, .T. ) ;
#1700 = CARTESIAN_POINT ( 'NONE',  ( 50.61419826388199539, 29.60200121204099943, 0.9499999999999999556 ) ) ;
#1701 = ORIENTED_EDGE ( 'NONE', *, *, #1172, .F. ) ;
#1702 = VERTEX_POINT ( 'NONE', #3070 ) ;
#1703 = DIRECTION ( 'NONE',  ( 1.000000000000000000, 0.000000000000000000, 0.000000000000000000 ) ) ;
#1704 = CARTESIAN_POINT ( 'NONE',  ( 0.000000000000000000, 23.17573017770200039, 3.000000000000000000 ) ) ;
#1705 = ORIENTED_EDGE ( 'NONE', *, *, #3194, .T. ) ;
#1706 = ORIENTED_EDGE ( 'NONE', *, *, #642, .F. ) ;
#1707 = FACE_OUTER_BOUND ( 'NONE', #2498, .T. ) ;
#1708 = CARTESIAN_POINT ( 'NONE',  ( 33.25038507024311230, 67.79673737589244809, -3.000000000000000000 ) ) ;
#1709 = FACE_OUTER_BOUND ( 'NONE', #2916, .T. ) ;
#1710 = DIRECTION ( 'NONE',  ( -0.9999999999999991118, -4.371138828673991410E-08, 0.000000000000000000 ) ) ;
#1711 = ADVANCED_FACE ( 'NONE', ( #1510 ), #1746, .T. ) ;
#1712 = ORIENTED_EDGE ( 'NONE', *, *, #770, .T. ) ;
#1713 = CARTESIAN_POINT ( 'NONE',  ( 52.94523096000639839, 64.84199890137129785, -0.4999999999999995559 ) ) ;
#1714 = CARTESIAN_POINT ( 'NONE',  ( 48.71042342266195391, 2.401465347587071530, -3.000000000000000000 ) ) ;
#1715 = EDGE_CURVE ( 'NONE', #1801, #2322, #2785, .T. ) ;
#1716 = EDGE_LOOP ( 'NONE', ( #3315, #1407, #1735, #1057 ) ) ;
#1717 = ORIENTED_EDGE ( 'NONE', *, *, #305, .T. ) ;
#1718 = CYLINDRICAL_SURFACE ( 'NONE', #1736, 7.000133898123504395 ) ;
#1719 = LINE ( 'NONE', #670, #1249 ) ;
#1720 = VERTEX_POINT ( 'NONE', #2314 ) ;
#1721 = CLOSED_SHELL ( 'NONE', ( #215, #127, #1586, #2927, #3383, #2739, #994, #1066 ) ) ;
#1722 = CARTESIAN_POINT ( 'NONE',  ( 33.50212168539132307, 36.41303385995264819, -3.000000000000000000 ) ) ;
#1723 = CARTESIAN_POINT ( 'NONE',  ( 15.33263409895985951, 55.64203330755000110, 3.000000000000000000 ) ) ;
#1724 = LINE ( 'NONE', #3281, #1299 ) ;
#1725 = AXIS2_PLACEMENT_3D ( 'NONE', #1278, #1315, #1782 ) ;
#1726 = VECTOR ( 'NONE', #1763, 1000.000000000000000 ) ;
#1727 = LINE ( 'NONE', #932, #3160 ) ;
#1728 = AXIS2_PLACEMENT_3D ( 'NONE', #824, #1873, #3186 ) ;
#1729 = ORIENTED_EDGE ( 'NONE', *, *, #67, .T. ) ;
#1730 = DIRECTION ( 'NONE',  ( -0.000000000000000000, 1.000000000000000000, -0.000000000000000000 ) ) ;
#1731 = CARTESIAN_POINT ( 'NONE',  ( 51.87499689141700543, 32.19680032591300289, -6.938893903907001118E-18 ) ) ;
#1732 = MECHANICAL_DESIGN_GEOMETRIC_PRESENTATION_REPRESENTATION (  '', ( #465 ), #1184 ) ;
#1733 = ADVANCED_FACE ( 'NONE', ( #1271 ), #3358, .T. ) ;
#1734 = ORIENTED_EDGE ( 'NONE', *, *, #1400, .F. ) ;
#1735 = ORIENTED_EDGE ( 'NONE', *, *, #1655, .T. ) ;
#1736 = AXIS2_PLACEMENT_3D ( 'NONE', #1436, #355, #2950 ) ;
#1737 = EDGE_CURVE ( 'NONE', #588, #234, #1896, .T. ) ;
#1738 = CARTESIAN_POINT ( 'NONE',  ( 3.711240931004555765, 11.75999999999999979, 0.000000000000000000 ) ) ;
#1739 = VECTOR ( 'NONE', #2517, 1000.000000000000000 ) ;
#1740 = VECTOR ( 'NONE', #1822, 1000.000000000000000 ) ;
#1741 = DIRECTION ( 'NONE',  ( 0.000000000000000000, 0.000000000000000000, 1.000000000000000000 ) ) ;
#1742 = ORIENTED_EDGE ( 'NONE', *, *, #471, .F. ) ;
#1743 = ORIENTED_EDGE ( 'NONE', *, *, #1979, .T. ) ;
#1744 = AXIS2_PLACEMENT_3D ( 'NONE', #317, #1882, #36 ) ;
#1745 = EDGE_CURVE ( 'NONE', #193, #1111, #2418, .T. ) ;
#1746 = PLANE ( 'NONE',  #2279 ) ;
#1747 = DIRECTION ( 'NONE',  ( -1.000000000000000000, 0.000000000000000000, 0.000000000000000000 ) ) ;
#1748 = AXIS2_PLACEMENT_3D ( 'NONE', #501, #3057, #1761 ) ;
#1749 = DIRECTION ( 'NONE',  ( 8.742270796169010363E-08, -0.9999999999999962252, 0.000000000000000000 ) ) ;
#1750 = PLANE ( 'NONE',  #1569 ) ;
#1751 = ORIENTED_EDGE ( 'NONE', *, *, #3239, .F. ) ;
#1752 = DIRECTION ( 'NONE',  ( 5.654745979955647644E-15, 1.000000000000000000, -0.000000000000000000 ) ) ;
#1753 = CARTESIAN_POINT ( 'NONE',  ( 56.29523096000639271, 64.84199890137129785, 3.000000000000000000 ) ) ;
#1754 = ORIENTED_EDGE ( 'NONE', *, *, #1984, .F. ) ;
#1755 = VERTEX_POINT ( 'NONE', #1308 ) ;
#1756 = LINE ( 'NONE', #201, #752 ) ;
#1757 = CARTESIAN_POINT ( 'NONE',  ( 39.89063387505243696, 67.79673737589244809, -3.000000000000000000 ) ) ;
#1758 = ORIENTED_EDGE ( 'NONE', *, *, #2880, .T. ) ;
#1759 = EDGE_CURVE ( 'NONE', #141, #410, #32, .T. ) ;
#1760 = CARTESIAN_POINT ( 'NONE',  ( 49.92499689141700259, 32.19680015543899998, 0.05000000000000000278 ) ) ;
#1761 = DIRECTION ( 'NONE',  ( -8.742270796169010363E-08, 0.9999999999999962252, 0.000000000000000000 ) ) ;
#1762 = EDGE_CURVE ( 'NONE', #1033, #276, #591, .T. ) ;
#1763 = DIRECTION ( 'NONE',  ( -1.000000000000000000, -0.000000000000000000, -0.000000000000000000 ) ) ;
#1764 = PLANE ( 'NONE',  #3216 ) ;
#1765 = EDGE_LOOP ( 'NONE', ( #1028, #3197, #97, #1189 ) ) ;
#1766 = FACE_OUTER_BOUND ( 'NONE', #1486, .T. ) ;
#1767 = FACE_OUTER_BOUND ( 'NONE', #2432, .T. ) ;
#1768 = ORIENTED_EDGE ( 'NONE', *, *, #3239, .T. ) ;
#1769 = ORIENTED_EDGE ( 'NONE', *, *, #2476, .F. ) ;
#1770 = FACE_BOUND ( 'NONE', #1636, .T. ) ;
#1771 = CARTESIAN_POINT ( 'NONE',  ( 50.61419826606800143, 29.55200121204100228, -6.938893903907001118E-18 ) ) ;
#1772 = ORIENTED_EDGE ( 'NONE', *, *, #766, .F. ) ;
#1773 = CARTESIAN_POINT ( 'NONE',  ( 3.061713480238001939, 57.99960780504349600, 3.000000000000000000 ) ) ;
#1774 = EDGE_CURVE ( 'NONE', #469, #980, #535, .T. ) ;
#1775 = LINE ( 'NONE', #778, #2942 ) ;
#1776 = CIRCLE ( 'NONE', #789, 0.05000000000000148076 ) ;
#1777 = FACE_OUTER_BOUND ( 'NONE', #3028, .T. ) ;
#1778 = AXIS2_PLACEMENT_3D ( 'NONE', #106, #1161, #2206 ) ;
#1779 = EDGE_CURVE ( 'NONE', #1376, #1226, #2932, .T. ) ;
#1780 = DIRECTION ( 'NONE',  ( 1.000000000000000000, 0.000000000000000000, -0.000000000000000000 ) ) ;
#1781 = EDGE_LOOP ( 'NONE', ( #937, #3332, #542, #423 ) ) ;
#1782 = DIRECTION ( 'NONE',  ( -0.9999999999999990008, -4.371135398084517093E-08, 0.000000000000000000 ) ) ;
#1783 = SURFACE_SIDE_STYLE ('',( #987 ) ) ;
#1784 = EDGE_CURVE ( 'NONE', #2798, #566, #2176, .T. ) ;
#1785 = AXIS2_PLACEMENT_3D ( 'NONE', #486, #466, #208 ) ;
#1786 = DIRECTION ( 'NONE',  ( -0.000000000000000000, -0.000000000000000000, 1.000000000000000000 ) ) ;
#1787 = CIRCLE ( 'NONE', #1728, 4.330697054907822974 ) ;
#1788 = CARTESIAN_POINT ( 'NONE',  ( 50.66486707213653062, 63.00287427383352679, 0.000000000000000000 ) ) ;
#1789 = DIRECTION ( 'NONE',  ( 0.0003800275744578615004, -0.9999999277895186278, -0.000000000000000000 ) ) ;
#1790 = AXIS2_PLACEMENT_3D ( 'NONE', #821, #543, #2908 ) ;
#1791 = EDGE_LOOP ( 'NONE', ( #3350, #475, #146, #2144 ) ) ;
#1792 = ORIENTED_EDGE ( 'NONE', *, *, #1964, .F. ) ;
#1793 = AXIS2_PLACEMENT_3D ( 'NONE', #712, #3086, #2572 ) ;
#1794 = DIRECTION ( 'NONE',  ( -1.000000000000000000, 3.283659891533087957E-14, 0.000000000000000000 ) ) ;
#1795 = CARTESIAN_POINT ( 'NONE',  ( 45.68828984031205920, 58.15736828445517403, 3.000000000000000000 ) ) ;
#1796 = VERTEX_POINT ( 'NONE', #1065 ) ;
#1797 = COLOUR_RGB ( '',0.7921568627450980005, 0.8196078431372548767, 0.9333333333333333481 ) ;
#1798 = DIRECTION ( 'NONE',  ( -1.000000000000000000, 0.000000000000000000, 0.000000000000000000 ) ) ;
#1799 = AXIS2_PLACEMENT_3D ( 'NONE', #2688, #3147, #833 ) ;
#1800 = DIRECTION ( 'NONE',  ( -0.000000000000000000, -0.000000000000000000, -1.000000000000000000 ) ) ;
#1801 = VERTEX_POINT ( 'NONE', #568 ) ;
#1802 = CARTESIAN_POINT ( 'NONE',  ( 34.97599999999999909, 67.89399999999999125, -4.599999999999999645 ) ) ;
#1803 = AXIS2_PLACEMENT_3D ( 'NONE', #3212, #3397, #1846 ) ;
#1804 = EDGE_CURVE ( 'NONE', #2469, #1111, #1132, .T. ) ;
#1805 =( LENGTH_UNIT ( ) NAMED_UNIT ( * ) SI_UNIT ( .MILLI., .METRE. ) );
#1806 = ORIENTED_EDGE ( 'NONE', *, *, #2253, .T. ) ;
#1807 = ADVANCED_FACE ( 'NONE', ( #2883 ), #1378, .F. ) ;
#1808 = DIRECTION ( 'NONE',  ( 0.000000000000000000, 0.000000000000000000, 1.000000000000000000 ) ) ;
#1809 = DIRECTION ( 'NONE',  ( -0.000000000000000000, -0.000000000000000000, -1.000000000000000000 ) ) ;
#1810 = VERTEX_POINT ( 'NONE', #2367 ) ;
#1811 = ORIENTED_EDGE ( 'NONE', *, *, #3200, .T. ) ;
#1812 = CARTESIAN_POINT ( 'NONE',  ( 49.92499688704600658, 32.24680015543900424, 0.05000000000000000278 ) ) ;
#1813 = LINE ( 'NONE', #2852, #1518 ) ;
#1814 = DIRECTION ( 'NONE',  ( -8.742270796169010363E-08, 0.9999999999999962252, 0.000000000000000000 ) ) ;
#1815 =( NAMED_UNIT ( * ) PLANE_ANGLE_UNIT ( ) SI_UNIT ( $, .RADIAN. ) );
#1816 = ORIENTED_EDGE ( 'NONE', *, *, #3142, .T. ) ;
#1817 = PLANE ( 'NONE',  #1228 ) ;
#1818 = SURFACE_STYLE_USAGE ( .BOTH. , #1783 ) ;
#1819 = EDGE_CURVE ( 'NONE', #2577, #2157, #248, .T. ) ;
#1820 = ORIENTED_EDGE ( 'NONE', *, *, #150, .F. ) ;
#1821 = ORIENTED_EDGE ( 'NONE', *, *, #2723, .F. ) ;
#1822 = DIRECTION ( 'NONE',  ( -0.000000000000000000, -0.000000000000000000, -1.000000000000000000 ) ) ;
#1823 = EDGE_CURVE ( 'NONE', #3107, #3307, #777, .T. ) ;
#1824 = CARTESIAN_POINT ( 'NONE',  ( 50.46278976710300412, 29.40200120542272444, 1.000000000000000000 ) ) ;
#1825 = ORIENTED_EDGE ( 'NONE', *, *, #3325, .F. ) ;
#1826 = ORIENTED_EDGE ( 'NONE', *, *, #3205, .F. ) ;
#1827 = DIRECTION ( 'NONE',  ( 0.000000000000000000, 0.000000000000000000, 1.000000000000000000 ) ) ;
#1828 = EDGE_CURVE ( 'NONE', #2754, #1702, #1187, .T. ) ;
#1829 = DIRECTION ( 'NONE',  ( -0.9999999999999991118, -4.371138828673991410E-08, 0.000000000000000000 ) ) ;
#1830 = ORIENTED_EDGE ( 'NONE', *, *, #2524, .T. ) ;
#1831 = FACE_OUTER_BOUND ( 'NONE', #3027, .T. ) ;
#1832 = SURFACE_SIDE_STYLE ('',( #2560 ) ) ;
#1833 = EDGE_LOOP ( 'NONE', ( #2216, #2820, #971, #409 ) ) ;
#1834 = CARTESIAN_POINT ( 'NONE',  ( 49.66419834256299737, 27.80200117051500186, -6.938893903907001118E-18 ) ) ;
#1835 = VECTOR ( 'NONE', #3008, 1000.000000000000000 ) ;
#1836 = DIRECTION ( 'NONE',  ( 0.000000000000000000, 0.000000000000000000, 1.000000000000000000 ) ) ;
#1837 = ORIENTED_EDGE ( 'NONE', *, *, #312, .F. ) ;
#1838 = PLANE ( 'NONE',  #947 ) ;
#1839 = VECTOR ( 'NONE', #2070, 1000.000000000000000 ) ;
#1840 = DIRECTION ( 'NONE',  ( 0.000000000000000000, 0.000000000000000000, 1.000000000000000000 ) ) ;
#1841 = ORIENTED_EDGE ( 'NONE', *, *, #1396, .F. ) ;
#1842 = ORIENTED_EDGE ( 'NONE', *, *, #832, .F. ) ;
#1843 = EDGE_CURVE ( 'NONE', #786, #3389, #2352, .T. ) ;
#1844 = CARTESIAN_POINT ( 'NONE',  ( 49.66419834256299737, 27.80200117051500186, 0.05000000000000000278 ) ) ;
#1845 = PRESENTATION_LAYER_ASSIGNMENT (  '', '', ( #188 ) ) ;
#1846 = DIRECTION ( 'NONE',  ( 1.000000000000000000, 0.000000000000000000, 0.000000000000000000 ) ) ;
#1847 = VECTOR ( 'NONE', #1186, 1000.000000000000000 ) ;
#1848 = EDGE_CURVE ( 'NONE', #2654, #662, #273, .T. ) ;
#1849 = FACE_OUTER_BOUND ( 'NONE', #2327, .T. ) ;
#1850 = CARTESIAN_POINT ( 'NONE',  ( 49.61419827262500348, 29.40200116832999910, 0.05000000000000000278 ) ) ;
#1851 = VECTOR ( 'NONE', #254, 1000.000000000000000 ) ;
#1852 = VECTOR ( 'NONE', #2008, 1000.000000000000000 ) ;
#1853 = ORIENTED_EDGE ( 'NONE', *, *, #2253, .F. ) ;
#1854 = CARTESIAN_POINT ( 'NONE',  ( 7.086999893188005828, 4.286620378156616112E-12, 3.000000000000000000 ) ) ;
#1855 = AXIS2_PLACEMENT_3D ( 'NONE', #3038, #117, #3005 ) ;
#1856 = VECTOR ( 'NONE', #2435, 1000.000000000000000 ) ;
#1857 = ORIENTED_EDGE ( 'NONE', *, *, #1163, .F. ) ;
#1858 = CARTESIAN_POINT ( 'NONE',  ( 51.39523096000765889, 64.84199890137129785, 0.000000000000000000 ) ) ;
#1859 = DIRECTION ( 'NONE',  ( 0.000000000000000000, 0.000000000000000000, 1.000000000000000000 ) ) ;
#1860 = DIRECTION ( 'NONE',  ( -0.9999999999999991118, -4.371138828673991410E-08, 0.000000000000000000 ) ) ;
#1861 = ORIENTED_EDGE ( 'NONE', *, *, #3026, .T. ) ;
#1862 = CARTESIAN_POINT ( 'NONE',  ( 8.360619662391105322, 70.00199890136700276, 17.50000000000000000 ) ) ;
#1863 = CYLINDRICAL_SURFACE ( 'NONE', #2017, 5.553607427576920053 ) ;
#1864 = EDGE_CURVE ( 'NONE', #1341, #1720, #258, .T. ) ;
#1865 = ORIENTED_EDGE ( 'NONE', *, *, #2004, .T. ) ;
#1866 = LINE ( 'NONE', #15, #2710 ) ;
#1867 = DIRECTION ( 'NONE',  ( 0.000000000000000000, 0.000000000000000000, 1.000000000000000000 ) ) ;
#1868 = EDGE_CURVE ( 'NONE', #3042, #1687, #3099, .T. ) ;
#1869 = CYLINDRICAL_SURFACE ( 'NONE', #1122, 1.728353813270931738 ) ;
#1870 = DIRECTION ( 'NONE',  ( 0.000000000000000000, 0.000000000000000000, 1.000000000000000000 ) ) ;
#1871 = ORIENTED_EDGE ( 'NONE', *, *, #706, .T. ) ;
#1872 = DIRECTION ( 'NONE',  ( -0.9999999999999962252, -8.742277657347936498E-08, 0.000000000000000000 ) ) ;
#1873 = DIRECTION ( 'NONE',  ( 0.000000000000000000, 0.000000000000000000, -1.000000000000000000 ) ) ;
#1874 = DIRECTION ( 'NONE',  ( 1.000000000000000000, 0.000000000000000000, 0.000000000000000000 ) ) ;
#1875 = CARTESIAN_POINT ( 'NONE',  ( 9.235357893426790810, 51.24900787648738998, 10.75943138354336348 ) ) ;
#1876 = ORIENTED_EDGE ( 'NONE', *, *, #1848, .F. ) ;
#1877 = EDGE_LOOP ( 'NONE', ( #151, #2398, #45, #1183 ) ) ;
#1878 = CARTESIAN_POINT ( 'NONE',  ( 48.71042342266195391, 2.401465347587071530, -3.000000000000000000 ) ) ;
#1879 = CARTESIAN_POINT ( 'NONE',  ( 33.77600000000000335, 67.89399999999999125, -4.599999999999999645 ) ) ;
#1880 = CARTESIAN_POINT ( 'NONE',  ( 34.97599999999999909, 67.89399999999999125, -4.599999999999999645 ) ) ;
#1881 = ADVANCED_FACE ( 'NONE', ( #3161 ), #814, .F. ) ;
#1882 = DIRECTION ( 'NONE',  ( 0.000000000000000000, 0.000000000000000000, 1.000000000000000000 ) ) ;
#1883 = VERTEX_POINT ( 'NONE', #288 ) ;
#1884 = DIRECTION ( 'NONE',  ( 1.000000000000000000, 0.000000000000000000, 0.000000000000000000 ) ) ;
#1885 = ADVANCED_FACE ( 'NONE', ( #2385 ), #925, .F. ) ;
#1886 = DIRECTION ( 'NONE',  ( -0.000000000000000000, 1.000000000000000000, 0.000000000000000000 ) ) ;
#1887 = ORIENTED_EDGE ( 'NONE', *, *, #2508, .F. ) ;
#1888 = LINE ( 'NONE', #2180, #1003 ) ;
#1889 = EDGE_CURVE ( 'NONE', #980, #1558, #372, .T. ) ;
#1890 = CARTESIAN_POINT ( 'NONE',  ( 57.65803783602434862, 7.320000000004286633, 3.000000000000000000 ) ) ;
#1891 = CARTESIAN_POINT ( 'NONE',  ( 57.66500091552700979, 63.00199890137128733, 3.000000000000000000 ) ) ;
#1892 = VECTOR ( 'NONE', #490, 1000.000000000000000 ) ;
#1893 = DIRECTION ( 'NONE',  ( 5.654745979955647644E-15, 1.000000000000000000, -0.000000000000000000 ) ) ;
#1894 = ORIENTED_EDGE ( 'NONE', *, *, #3282, .T. ) ;
#1895 = VERTEX_POINT ( 'NONE', #1424 ) ;
#1896 = LINE ( 'NONE', #1088, #2877 ) ;
#1897 = FACE_OUTER_BOUND ( 'NONE', #2863, .T. ) ;
#1898 = CIRCLE ( 'NONE', #2984, 2.499999999999995115 ) ;
#1899 = LINE ( 'NONE', #260, #1501 ) ;
#1900 = CARTESIAN_POINT ( 'NONE',  ( -0.001771158736908866067, 15.19372240650448092, 3.000000000000000000 ) ) ;
#1901 = CIRCLE ( 'NONE', #411, 5.553607427576920053 ) ;
#1902 = ORIENTED_EDGE ( 'NONE', *, *, #1591, .F. ) ;
#1903 = CARTESIAN_POINT ( 'NONE',  ( 28.96541858999999164, 26.46809974185707759, 0.000000000000000000 ) ) ;
#1904 = AXIS2_PLACEMENT_3D ( 'NONE', #586, #26, #1635 ) ;
#1905 = CARTESIAN_POINT ( 'NONE',  ( 8.360619662391107099, 70.00199763233040073, 0.000000000000000000 ) ) ;
#1906 = MECHANICAL_DESIGN_GEOMETRIC_PRESENTATION_REPRESENTATION (  '', ( #1456 ), #2014 ) ;
#1907 = ADVANCED_FACE ( 'NONE', ( #669 ), #1928, .T. ) ;
#1908 = ORIENTED_EDGE ( 'NONE', *, *, #1133, .F. ) ;
#1909 = CARTESIAN_POINT ( 'NONE',  ( 51.39523096000765889, 64.84199890137129785, 3.000000000000000000 ) ) ;
#1910 = DIRECTION ( 'NONE',  ( 0.9999999999999991118, 4.371138828673991410E-08, 0.000000000000000000 ) ) ;
#1911 = CIRCLE ( 'NONE', #1803, 1.728353813270931738 ) ;
#1912 = EDGE_CURVE ( 'NONE', #1269, #2666, #3000, .T. ) ;
#1913 = EDGE_LOOP ( 'NONE', ( #3034, #755, #2899, #2343, #98, #1650, #920, #1310, #1324, #1203, #1202, #1434, #2250, #1712, #2574, #1084, #890, #386, #2350, #226, #249, #3084, #1267, #3306, #1559 ) ) ;
#1914 = ORIENTED_EDGE ( 'NONE', *, *, #1493, .T. ) ;
#1915 = APPLICATION_CONTEXT ( 'automotive_design' ) ;
#1916 = DIRECTION ( 'NONE',  ( -0.9999999999999961142, -8.742277657347935174E-08, 0.000000000000000000 ) ) ;
#1917 = FACE_OUTER_BOUND ( 'NONE', #2519, .T. ) ;
#1918 = CARTESIAN_POINT ( 'NONE',  ( 39.88029162565499774, 65.83635289751217101, 0.000000000000000000 ) ) ;
#1919 = DIRECTION ( 'NONE',  ( -0.000000000000000000, -0.000000000000000000, -1.000000000000000000 ) ) ;
#1920 = DIRECTION ( 'NONE',  ( 4.371142336978421000E-08, -0.9999999999999990008, 0.000000000000000000 ) ) ;
#1921 = CARTESIAN_POINT ( 'NONE',  ( 50.46278976710300412, 29.60200120542272373, 0.05000000000000000278 ) ) ;
#1922 = VERTEX_POINT ( 'NONE', #3274 ) ;
#1923 = EDGE_CURVE ( 'NONE', #2760, #1895, #3254, .T. ) ;
#1924 = CARTESIAN_POINT ( 'NONE',  ( 33.24764618672907091, 67.89399999999999125, -3.000000000000000000 ) ) ;
#1925 = ORIENTED_EDGE ( 'NONE', *, *, #1270, .T. ) ;
#1926 = ORIENTED_EDGE ( 'NONE', *, *, #150, .T. ) ;
#1927 = ADVANCED_FACE ( 'NONE', ( #892 ), #1718, .T. ) ;
#1928 = PLANE ( 'NONE',  #1624 ) ;
#1929 = CARTESIAN_POINT ( 'NONE',  ( 48.71042342266195391, 2.401465347587071530, -3.000000000000000000 ) ) ;
#1930 = FACE_OUTER_BOUND ( 'NONE', #2394, .T. ) ;
#1931 = EDGE_CURVE ( 'NONE', #1687, #2284, #2757, .T. ) ;
#1932 = CARTESIAN_POINT ( 'NONE',  ( 46.49523096000891798, 64.84199890137129785, 4.500000000000000888 ) ) ;
#1933 = CARTESIAN_POINT ( 'NONE',  ( 26.46541858999999874, 26.46809974185707759, 3.000000000000000000 ) ) ;
#1934 = FACE_OUTER_BOUND ( 'NONE', #1791, .T. ) ;
#1935 = EDGE_LOOP ( 'NONE', ( #2580, #3171, #1130, #29, #1451, #374, #172, #2229 ) ) ;
#1936 = ORIENTED_EDGE ( 'NONE', *, *, #2276, .T. ) ;
#1937 = ORIENTED_EDGE ( 'NONE', *, *, #1889, .T. ) ;
#1938 = MECHANICAL_DESIGN_GEOMETRIC_PRESENTATION_REPRESENTATION (  '', ( #2652 ), #454 ) ;
#1939 = CARTESIAN_POINT ( 'NONE',  ( 49.66419826606799859, 29.55200117051499831, 0.05000000000000000278 ) ) ;
#1940 = CARTESIAN_POINT ( 'NONE',  ( 50.46278976710299702, 45.32000000000428486, 0.000000000000000000 ) ) ;
#1941 = AXIS2_PLACEMENT_3D ( 'NONE', #1298, #451, #1497 ) ;
#1942 = EDGE_CURVE ( 'NONE', #2850, #1369, #3210, .T. ) ;
#1943 = DIRECTION ( 'NONE',  ( 0.000000000000000000, 1.000000000000000000, -0.000000000000000000 ) ) ;
#1944 = CARTESIAN_POINT ( 'NONE',  ( 8.360619662391107099, 63.38859499956932098, 5.275145788609223452 ) ) ;
#1945 = AXIS2_PLACEMENT_3D ( 'NONE', #448, #3113, #999 ) ;
#1946 = CARTESIAN_POINT ( 'NONE',  ( 36.70435381327093438, 67.89399999999999125, 0.000000000000000000 ) ) ;
#1947 = ADVANCED_FACE ( 'NONE', ( #653 ), #1455, .T. ) ;
#1948 = CIRCLE ( 'NONE', #186, 1.199999999999999734 ) ;
#1949 = DIRECTION ( 'NONE',  ( 1.000000000000000000, 0.000000000000000000, 0.000000000000000000 ) ) ;
#1950 = VECTOR ( 'NONE', #378, 1000.000000000000000 ) ;
#1951 = VERTEX_POINT ( 'NONE', #607 ) ;
#1952 = CARTESIAN_POINT ( 'NONE',  ( 39.88029162565499774, 55.64203330755000110, 0.000000000000000000 ) ) ;
#1953 = VECTOR ( 'NONE', #879, 1000.000000000000000 ) ;
#1954 = LINE ( 'NONE', #2306, #1234 ) ;
#1955 = VERTEX_POINT ( 'NONE', #1653 ) ;
#1956 = ORIENTED_EDGE ( 'NONE', *, *, #2480, .T. ) ;
#1957 = CIRCLE ( 'NONE', #143, 1.728353813270931738 ) ;
#1958 = CARTESIAN_POINT ( 'NONE',  ( 49.61419834256300732, 27.80200116833000124, 0.000000000000000000 ) ) ;
#1959 = CARTESIAN_POINT ( 'NONE',  ( 28.96541858999999164, 26.46809974185707759, 0.000000000000000000 ) ) ;
#1960 = EDGE_LOOP ( 'NONE', ( #3377, #1474, #2840, #3340 ) ) ;
#1961 = EDGE_LOOP ( 'NONE', ( #838, #2403 ) ) ;
#1962 = AXIS2_PLACEMENT_3D ( 'NONE', #327, #259, #536 ) ;
#1963 = DIRECTION ( 'NONE',  ( 0.000000000000000000, -0.000000000000000000, -1.000000000000000000 ) ) ;
#1964 = EDGE_CURVE ( 'NONE', #662, #2065, #2231, .T. ) ;
#1965 = PLANE ( 'NONE',  #1855 ) ;
#1966 = ADVANCED_FACE ( 'NONE', ( #339 ), #636, .F. ) ;
#1967 = EDGE_LOOP ( 'NONE', ( #2431, #2426 ) ) ;
#1968 = DIRECTION ( 'NONE',  ( -0.9999999999999990008, -4.371135398084517093E-08, 0.000000000000000000 ) ) ;
#1969 = PLANE ( 'NONE',  #743 ) ;
#1970 = ORIENTED_EDGE ( 'NONE', *, *, #2632, .F. ) ;
#1971 = EDGE_LOOP ( 'NONE', ( #105, #2514, #2304, #1894 ) ) ;
#1972 = DIRECTION ( 'NONE',  ( -1.000000000000000000, 0.000000000000000000, 0.000000000000000000 ) ) ;
#1973 = CARTESIAN_POINT ( 'NONE',  ( 49.69523096000891371, 64.84199890137129785, 0.000000000000000000 ) ) ;
#1974 = ORIENTED_EDGE ( 'NONE', *, *, #3342, .F. ) ;
#1975 = ORIENTED_EDGE ( 'NONE', *, *, #2313, .T. ) ;
#1976 = DIRECTION ( 'NONE',  ( 0.000000000000000000, 0.000000000000000000, 1.000000000000000000 ) ) ;
#1977 = CARTESIAN_POINT ( 'NONE',  ( 8.360619662391107099, 63.38859499956932098, 16.24371697847750085 ) ) ;
#1978 = LINE ( 'NONE', #944, #2181 ) ;
#1979 = EDGE_CURVE ( 'NONE', #1306, #5, #1901, .T. ) ;
#1980 = CARTESIAN_POINT ( 'NONE',  ( 3.061713480238002827, 63.00287427383351258, 3.000000000000000000 ) ) ;
#1981 = SURFACE_SIDE_STYLE ('',( #603 ) ) ;
#1982 = ORIENTED_EDGE ( 'NONE', *, *, #2295, .F. ) ;
#1983 = CARTESIAN_POINT ( 'NONE',  ( 16.79783914143555634, 15.19372240650392847, 0.000000000000000000 ) ) ;
#1984 = EDGE_CURVE ( 'NONE', #2025, #234, #80, .T. ) ;
#1985 = DIRECTION ( 'NONE',  ( -0.000000000000000000, -0.000000000000000000, -1.000000000000000000 ) ) ;
#1986 = ORIENTED_EDGE ( 'NONE', *, *, #3320, .F. ) ;
#1987 = ORIENTED_EDGE ( 'NONE', *, *, #2026, .F. ) ;
#1988 = EDGE_CURVE ( 'NONE', #124, #2554, #1404, .T. ) ;
#1989 = CARTESIAN_POINT ( 'NONE',  ( 37.78087911081129135, 65.83635289751217101, 3.000000000000000000 ) ) ;
#1990 = DIRECTION ( 'NONE',  ( 1.000000000000000000, 0.000000000000000000, 0.000000000000000000 ) ) ;
#1991 = EDGE_LOOP ( 'NONE', ( #1402, #3227 ) ) ;
#1992 = VERTEX_POINT ( 'NONE', #3240 ) ;
#1993 = AXIS2_PLACEMENT_3D ( 'NONE', #58, #1372, #2944 ) ;
#1994 = DIRECTION ( 'NONE',  ( 0.000000000000000000, -1.000000000000000000, 0.000000000000000000 ) ) ;
#1995 = PLANE ( 'NONE',  #2499 ) ;
#1996 = AXIS2_PLACEMENT_3D ( 'NONE', #2751, #437, #1698 ) ;
#1997 = AXIS2_PLACEMENT_3D ( 'NONE', #521, #1567, #2887 ) ;
#1998 = DIRECTION ( 'NONE',  ( -2.409338161078901646E-16, -1.000000000000000000, 0.000000000000000000 ) ) ;
#1999 = FACE_OUTER_BOUND ( 'NONE', #3090, .T. ) ;
#2000 = ORIENTED_EDGE ( 'NONE', *, *, #2564, .T. ) ;
#2001 = DIRECTION ( 'NONE',  ( 4.371142336978421000E-08, -0.9999999999999990008, 0.000000000000000000 ) ) ;
#2002 = DIRECTION ( 'NONE',  ( 0.000000000000000000, 0.000000000000000000, 1.000000000000000000 ) ) ;
#2003 = AXIS2_PLACEMENT_3D ( 'NONE', #1723, #914, #1963 ) ;
#2004 = EDGE_CURVE ( 'NONE', #1581, #1341, #3314, .T. ) ;
#2005 = ORIENTED_EDGE ( 'NONE', *, *, #3026, .F. ) ;
#2006 = ORIENTED_EDGE ( 'NONE', *, *, #3165, .T. ) ;
#2007 = VECTOR ( 'NONE', #2588, 1000.000000000000000 ) ;
#2008 = DIRECTION ( 'NONE',  ( -4.371138828673991410E-08, 0.9999999999999991118, 0.000000000000000000 ) ) ;
#2009 = VECTOR ( 'NONE', #2329, 1000.000000000000000 ) ;
#2010 = EDGE_CURVE ( 'NONE', #334, #3063, #530, .T. ) ;
#2011 = DIRECTION ( 'NONE',  ( -0.000000000000000000, -0.000000000000000000, -1.000000000000000000 ) ) ;
#2012 = EDGE_LOOP ( 'NONE', ( #309, #2845 ) ) ;
#2013 = ORIENTED_EDGE ( 'NONE', *, *, #875, .T. ) ;
#2014 =( GEOMETRIC_REPRESENTATION_CONTEXT ( 3 ) GLOBAL_UNCERTAINTY_ASSIGNED_CONTEXT ( ( #1129 ) ) GLOBAL_UNIT_ASSIGNED_CONTEXT ( ( #1313, #1815, #1020 ) ) REPRESENTATION_CONTEXT ( 'NONE', 'WORKASPACE' ) );
#2015 = CARTESIAN_POINT ( 'NONE',  ( 49.66419827262500775, 29.40200117051499973, 0.9499999999999999556 ) ) ;
#2016 = CARTESIAN_POINT ( 'NONE',  ( 49.61419834256300732, 27.80200116833000124, 0.000000000000000000 ) ) ;
#2017 = AXIS2_PLACEMENT_3D ( 'NONE', #2952, #1600, #2884 ) ;
#2018 = AXIS2_PLACEMENT_3D ( 'NONE', #773, #3188, #2929 ) ;
#2019 = CARTESIAN_POINT ( 'NONE',  ( 3.206999999999999851, 11.75999999999999979, -4.599999999999999645 ) ) ;
#2020 = CARTESIAN_POINT ( 'NONE',  ( 49.66419826606799859, 29.55200117051499831, 0.000000000000000000 ) ) ;
#2021 = ORIENTED_EDGE ( 'NONE', *, *, #192, .T. ) ;
#2022 = CARTESIAN_POINT ( 'NONE',  ( 56.29523096000639271, 64.84199890137129785, 4.500000000000000888 ) ) ;
#2023 = CARTESIAN_POINT ( 'NONE',  ( 49.92499700506699867, 30.89680015543899927, 1.399999999999999911 ) ) ;
#2024 = VERTEX_POINT ( 'NONE', #2213 ) ;
#2025 = VERTEX_POINT ( 'NONE', #2481 ) ;
#2026 = EDGE_CURVE ( 'NONE', #871, #3139, #1218, .T. ) ;
#2027 = CARTESIAN_POINT ( 'NONE',  ( 3.206999999999999851, 11.75999999999999979, -3.000000000000000000 ) ) ;
#2028 = DIRECTION ( 'NONE',  ( -0.000000000000000000, -0.000000000000000000, -1.000000000000000000 ) ) ;
#2029 = ORIENTED_EDGE ( 'NONE', *, *, #891, .F. ) ;
#2030 = EDGE_CURVE ( 'NONE', #2377, #2648, #1265, .T. ) ;
#2031 = FACE_OUTER_BOUND ( 'NONE', #533, .T. ) ;
#2032 = DIRECTION ( 'NONE',  ( -0.000000000000000000, -0.000000000000000000, -1.000000000000000000 ) ) ;
#2033 = EDGE_CURVE ( 'NONE', #2249, #165, #1756, .T. ) ;
#2034 = DIRECTION ( 'NONE',  ( -0.9999999999999962252, -8.742277657347936498E-08, 0.000000000000000000 ) ) ;
#2035 = LINE ( 'NONE', #2356, #1633 ) ;
#2036 = VERTEX_POINT ( 'NONE', #1253 ) ;
#2037 = CARTESIAN_POINT ( 'NONE',  ( 50.46278976710300412, 29.40200120542272444, 1.000000000000000000 ) ) ;
#2038 = PRESENTATION_STYLE_ASSIGNMENT (( #1818 ) ) ;
#2039 = ORIENTED_EDGE ( 'NONE', *, *, #432, .T. ) ;
#2040 = ORIENTED_EDGE ( 'NONE', *, *, #1843, .T. ) ;
#2041 = CARTESIAN_POINT ( 'NONE',  ( 50.46278976710300412, 28.00200120542272231, 0.000000000000000000 ) ) ;
#2042 = LINE ( 'NONE', #1541, #1578 ) ;
#2043 = ORIENTED_EDGE ( 'NONE', *, *, #2480, .F. ) ;
#2044 = ORIENTED_EDGE ( 'NONE', *, *, #682, .F. ) ;
#2045 = CARTESIAN_POINT ( 'NONE',  ( 50.46278976710299702, 45.32000000000428486, 0.000000000000000000 ) ) ;
#2046 = CARTESIAN_POINT ( 'NONE',  ( 47.01002342266195910, 2.401465347587071530, -3.000000000000000000 ) ) ;
#2047 = EDGE_CURVE ( 'NONE', #2891, #2850, #3051, .T. ) ;
#2048 = VERTEX_POINT ( 'NONE', #2516 ) ;
#2049 = AXIS2_PLACEMENT_3D ( 'NONE', #214, #1263, #2059 ) ;
#2050 = CARTESIAN_POINT ( 'NONE',  ( 51.87499688704600231, 32.24680032591300716, 0.05000000000000000278 ) ) ;
#2051 = AXIS2_PLACEMENT_3D ( 'NONE', #2089, #1147, #2177 ) ;
#2052 = DIRECTION ( 'NONE',  ( 0.9999999999999991118, 4.371138828673991410E-08, 0.000000000000000000 ) ) ;
#2053 = EDGE_CURVE ( 'NONE', #1651, #3394, #2796, .T. ) ;
#2054 = ORIENTED_EDGE ( 'NONE', *, *, #1364, .F. ) ;
#2055 = CARTESIAN_POINT ( 'NONE',  ( 49.61419834256300732, 27.80200116833000124, 0.9499999999999999556 ) ) ;
#2056 = CARTESIAN_POINT ( 'NONE',  ( 33.24764618672907091, 67.89399999999999125, 0.000000000000000000 ) ) ;
#2057 = AXIS2_PLACEMENT_3D ( 'NONE', #2579, #1574, #3077 ) ;
#2058 = EDGE_LOOP ( 'NONE', ( #3127, #2907 ) ) ;
#2059 = DIRECTION ( 'NONE',  ( 4.371142336978421000E-08, -0.9999999999999990008, 0.000000000000000000 ) ) ;
#2060 = AXIS2_PLACEMENT_3D ( 'NONE', #1603, #2650, #1347 ) ;
#2061 = LINE ( 'NONE', #939, #696 ) ;
#2062 = DIRECTION ( 'NONE',  ( -0.0001504324946375851897, -0.9999999886850322595, -0.000000000000000000 ) ) ;
#2063 = AXIS2_PLACEMENT_3D ( 'NONE', #2851, #2833, #500 ) ;
#2064 = ORIENTED_EDGE ( 'NONE', *, *, #816, .F. ) ;
#2065 = VERTEX_POINT ( 'NONE', #978 ) ;
#2066 = AXIS2_PLACEMENT_3D ( 'NONE', #970, #1910, #3207 ) ;
#2067 = CARTESIAN_POINT ( 'NONE',  ( 49.66419834256299737, 27.80200117051500186, 1.000000000000000000 ) ) ;
#2068 = DIRECTION ( 'NONE',  ( 5.478074134663600261E-16, -1.000000000000000000, 0.000000000000000000 ) ) ;
#2069 = VECTOR ( 'NONE', #564, 1000.000000000000000 ) ;
#2070 = DIRECTION ( 'NONE',  ( 0.000000000000000000, -1.000000000000000000, 0.000000000000000000 ) ) ;
#2071 = EDGE_CURVE ( 'NONE', #2322, #323, #2261, .T. ) ;
#2072 = AXIS2_PLACEMENT_3D ( 'NONE', #294, #1329, #2392 ) ;
#2073 = FILL_AREA_STYLE ('',( #225 ) ) ;
#2074 = VERTEX_POINT ( 'NONE', #2027 ) ;
#2075 = CARTESIAN_POINT ( 'NONE',  ( 3.711240931004555765, 11.75999999999999979, -3.000000000000000000 ) ) ;
#2076 = CIRCLE ( 'NONE', #973, 1.728353813270931738 ) ;
#2077 = EDGE_CURVE ( 'NONE', #177, #1922, #3304, .T. ) ;
#2078 = DIRECTION ( 'NONE',  ( 0.000000000000000000, 0.000000000000000000, 1.000000000000000000 ) ) ;
#2079 = ORIENTED_EDGE ( 'NONE', *, *, #1090, .T. ) ;
#2080 = CARTESIAN_POINT ( 'NONE',  ( 8.360619662391107099, 63.38859499956932098, 16.24371697847750085 ) ) ;
#2081 = FACE_OUTER_BOUND ( 'NONE', #2082, .T. ) ;
#2082 = EDGE_LOOP ( 'NONE', ( #1170, #1037, #1285, #834 ) ) ;
#2083 = ORIENTED_EDGE ( 'NONE', *, *, #1423, .T. ) ;
#2084 = DIRECTION ( 'NONE',  ( 2.623041782621605073E-16, -1.000000000000000000, 0.000000000000000000 ) ) ;
#2085 = CYLINDRICAL_SURFACE ( 'NONE', #1197, 2.390652799019614250 ) ;
#2086 = DIRECTION ( 'NONE',  ( -3.665591209549501406E-16, 1.000000000000000000, 0.000000000000000000 ) ) ;
#2087 = CARTESIAN_POINT ( 'NONE',  ( 50.46278976710300412, 30.89680015543899927, 0.000000000000000000 ) ) ;
#2088 = ORIENTED_EDGE ( 'NONE', *, *, #496, .T. ) ;
#2089 = CARTESIAN_POINT ( 'NONE',  ( 34.97599999999999909, 67.89399999999999125, -3.000000000000000000 ) ) ;
#2090 = DIRECTION ( 'NONE',  ( 8.742270796169010363E-08, -0.9999999999999962252, 0.000000000000000000 ) ) ;
#2091 = EDGE_CURVE ( 'NONE', #2348, #410, #2882, .T. ) ;
#2092 = ORIENTED_EDGE ( 'NONE', *, *, #2318, .F. ) ;
#2093 = LINE ( 'NONE', #1029, #3196 ) ;
#2094 = DIRECTION ( 'NONE',  ( 0.000000000000000000, 0.000000000000000000, 1.000000000000000000 ) ) ;
#2095 = DIRECTION ( 'NONE',  ( -0.000000000000000000, -0.000000000000000000, 1.000000000000000000 ) ) ;
#2096 = EDGE_CURVE ( 'NONE', #662, #1697, #721, .T. ) ;
#2097 = VERTEX_POINT ( 'NONE', #1523 ) ;
#2098 = DIRECTION ( 'NONE',  ( 0.000000000000000000, 0.000000000000000000, 1.000000000000000000 ) ) ;
#2099 = CARTESIAN_POINT ( 'NONE',  ( 33.50212168539132307, 36.41303385995264819, 0.000000000000000000 ) ) ;
#2100 = ORIENTED_EDGE ( 'NONE', *, *, #587, .T. ) ;
#2101 = DIRECTION ( 'NONE',  ( 1.000000000000000000, 0.000000000000000000, 0.000000000000000000 ) ) ;
#2102 = LINE ( 'NONE', #3146, #1450 ) ;
#2103 =( NAMED_UNIT ( * ) PLANE_ANGLE_UNIT ( ) SI_UNIT ( $, .RADIAN. ) );
#2104 = ORIENTED_EDGE ( 'NONE', *, *, #3194, .F. ) ;
#2105 = FACE_OUTER_BOUND ( 'NONE', #1247, .T. ) ;
#2106 = VECTOR ( 'NONE', #2926, 1000.000000000000000 ) ;
#2107 =( NAMED_UNIT ( * ) SI_UNIT ( $, .STERADIAN. ) SOLID_ANGLE_UNIT ( ) );
#2108 = VECTOR ( 'NONE', #3198, 1000.000000000000000 ) ;
#2109 = EDGE_LOOP ( 'NONE', ( #1260, #2484, #73, #2021 ) ) ;
#2110 = PLANE ( 'NONE',  #2265 ) ;
#2111 = VECTOR ( 'NONE', #2687, 1000.000000000000000 ) ;
#2112 = ADVANCED_FACE ( 'NONE', ( #1235, #3338, #2567, #2280, #1770, #957, #216 ), #458, .F. ) ;
#2113 = PLANE ( 'NONE',  #84 ) ;
#2114 = DIRECTION ( 'NONE',  ( 0.000000000000000000, 0.000000000000000000, 1.000000000000000000 ) ) ;
#2115 = ORIENTED_EDGE ( 'NONE', *, *, #1784, .F. ) ;
#2116 = VERTEX_POINT ( 'NONE', #3352 ) ;
#2117 = VECTOR ( 'NONE', #2953, 1000.000000000000000 ) ;
#2118 = EDGE_CURVE ( 'NONE', #1096, #2242, #2061, .T. ) ;
#2119 = CARTESIAN_POINT ( 'NONE',  ( 51.39523096000765889, 64.84199890137129785, 3.000000000000000000 ) ) ;
#2120 = CIRCLE ( 'NONE', #1790, 0.05000000000000148076 ) ;
#2121 = LINE ( 'NONE', #2419, #1030 ) ;
#2122 = ORIENTED_EDGE ( 'NONE', *, *, #1762, .T. ) ;
#2123 = CARTESIAN_POINT ( 'NONE',  ( 8.360619662391107099, 63.38859499956932098, 17.50000000000000000 ) ) ;
#2124 = CARTESIAN_POINT ( 'NONE',  ( 50.46278976710300412, 28.00200120985600094, 0.000000000000000000 ) ) ;
#2125 = ORIENTED_EDGE ( 'NONE', *, *, #53, .T. ) ;
#2126 = DIRECTION ( 'NONE',  ( 0.000000000000000000, 0.000000000000000000, 1.000000000000000000 ) ) ;
#2127 = VECTOR ( 'NONE', #1919, 1000.000000000000000 ) ;
#2128 = PLANE ( 'NONE',  #408 ) ;
#2129 = VECTOR ( 'NONE', #1789, 1000.000000000000227 ) ;
#2130 = ORIENTED_EDGE ( 'NONE', *, *, #2521, .T. ) ;
#2131 = DIRECTION ( 'NONE',  ( -0.9999999999999991118, -4.371138828673991410E-08, 0.000000000000000000 ) ) ;
#2132 = LINE ( 'NONE', #284, #1512 ) ;
#2133 = CARTESIAN_POINT ( 'NONE',  ( 50.61419834037700127, 27.85200121204099943, 0.05000000000000000278 ) ) ;
#2134 = ORIENTED_EDGE ( 'NONE', *, *, #2422, .T. ) ;
#2135 = VERTEX_POINT ( 'NONE', #3030 ) ;
#2136 = ADVANCED_FACE ( 'NONE', ( #425 ), #163, .T. ) ;
#2137 = DIRECTION ( 'NONE',  ( -0.9999999999999990008, -4.371135398084517093E-08, 0.000000000000000000 ) ) ;
#2138 = CARTESIAN_POINT ( 'NONE',  ( -0.002999714528393699568, 7.026897941195023201, 3.000000000000000000 ) ) ;
#2139 = EDGE_CURVE ( 'NONE', #402, #193, #2494, .T. ) ;
#2140 = CARTESIAN_POINT ( 'NONE',  ( 9.235357893426790810, 50.00199763233040073, 5.205823955966441652 ) ) ;
#2141 = CARTESIAN_POINT ( 'NONE',  ( 57.65800094604500714, 7.025000095371286335, 3.000000000000000000 ) ) ;
#2142 = DIRECTION ( 'NONE',  ( 0.000000000000000000, 0.000000000000000000, 1.000000000000000000 ) ) ;
#2143 = EDGE_CURVE ( 'NONE', #2915, #469, #495, .T. ) ;
#2144 = ORIENTED_EDGE ( 'NONE', *, *, #1045, .F. ) ;
#2145 = CARTESIAN_POINT ( 'NONE',  ( 49.66419834037699843, 27.85200117051499902, 0.9499999999999999556 ) ) ;
#2146 = ORIENTED_EDGE ( 'NONE', *, *, #2988, .T. ) ;
#2147 = DIRECTION ( 'NONE',  ( -1.000000000000000000, 0.000000000000000000, -0.000000000000000000 ) ) ;
#2148 = DIRECTION ( 'NONE',  ( 5.478074134663601247E-16, -1.000000000000000000, 0.000000000000000000 ) ) ;
#2149 = PLANE ( 'NONE',  #695 ) ;
#2150 = ORIENTED_EDGE ( 'NONE', *, *, #1061, .F. ) ;
#2151 = ORIENTED_EDGE ( 'NONE', *, *, #2091, .T. ) ;
#2152 = DIRECTION ( 'NONE',  ( -1.000000000000000000, 0.000000000000000000, 0.000000000000000000 ) ) ;
#2153 = DIRECTION ( 'NONE',  ( 0.000000000000000000, 0.000000000000000000, 1.000000000000000000 ) ) ;
#2154 = PLANE ( 'NONE',  #123 ) ;
#2155 = EDGE_CURVE ( 'NONE', #2654, #2025, #3289, .T. ) ;
#2156 = CARTESIAN_POINT ( 'NONE',  ( 34.97599999999999909, 67.89399999999999125, -3.000000000000000000 ) ) ;
#2157 = VERTEX_POINT ( 'NONE', #1738 ) ;
#2158 = DIRECTION ( 'NONE',  ( -0.9999999999999990008, -4.371135398084517093E-08, 0.000000000000000000 ) ) ;
#2159 = ADVANCED_FACE ( 'NONE', ( #1471 ), #2113, .F. ) ;
#2160 = UNCERTAINTY_MEASURE_WITH_UNIT (LENGTH_MEASURE( 1.000000000000000082E-05 ), #1374, 'distance_accuracy_value', 'NONE');
#2161 = ORIENTED_EDGE ( 'NONE', *, *, #2653, .T. ) ;
#2162 = CARTESIAN_POINT ( 'NONE',  ( 16.79783914143555634, 15.19372240650392847, 3.000000000000000000 ) ) ;
#2163 = CIRCLE ( 'NONE', #2049, 0.05000000000000148076 ) ;
#2164 = DIRECTION ( 'NONE',  ( -0.7114448605716484630, -0.7027419230173960196, 0.000000000000000000 ) ) ;
#2165 = DIRECTION ( 'NONE',  ( 4.371142336978421662E-08, -0.9999999999999990008, 0.000000000000000000 ) ) ;
#2166 = CIRCLE ( 'NONE', #3248, 1.549999999998739941 ) ;
#2167 = CARTESIAN_POINT ( 'NONE',  ( 50.61419834037700127, 27.85200121204099943, 1.000000000000000000 ) ) ;
#2168 = VERTEX_POINT ( 'NONE', #2080 ) ;
#2169 = ORIENTED_EDGE ( 'NONE', *, *, #1320, .T. ) ;
#2170 = CIRCLE ( 'NONE', #1395, 0.05000000000000161954 ) ;
#2171 = CARTESIAN_POINT ( 'NONE',  ( 34.97599999999999909, 67.79673737589244809, 0.000000000000000000 ) ) ;
#2172 = DIRECTION ( 'NONE',  ( -4.371138828673991410E-08, 0.9999999999999991118, 0.000000000000000000 ) ) ;
#2173 = VECTOR ( 'NONE', #1110, 1000.000000000000000 ) ;
#2174 = LINE ( 'NONE', #2438, #1069 ) ;
#2175 = LINE ( 'NONE', #344, #808 ) ;
#2176 = CIRCLE ( 'NONE', #1292, 1.700399999999997691 ) ;
#2177 = DIRECTION ( 'NONE',  ( 1.000000000000000000, 0.000000000000000000, 0.000000000000000000 ) ) ;
#2178 = EDGE_CURVE ( 'NONE', #1584, #634, #1191, .T. ) ;
#2179 = ORIENTED_EDGE ( 'NONE', *, *, #341, .F. ) ;
#2180 = CARTESIAN_POINT ( 'NONE',  ( 0.000000000000000000, 23.17573017770200039, 3.000000000000000000 ) ) ;
#2181 = VECTOR ( 'NONE', #2786, 1000.000000000000000 ) ;
#2182 = EDGE_CURVE ( 'NONE', #2761, #652, #806, .T. ) ;
#2183 = DIRECTION ( 'NONE',  ( -4.371142336978421000E-08, 0.9999999999999990008, 0.000000000000000000 ) ) ;
#2184 = DIRECTION ( 'NONE',  ( 1.000000000000000000, 0.000000000000000000, -0.000000000000000000 ) ) ;
#2185 = CIRCLE ( 'NONE', #1748, 0.05000000000000161954 ) ;
#2186 = ORIENTED_EDGE ( 'NONE', *, *, #3021, .F. ) ;
#2187 = ORIENTED_EDGE ( 'NONE', *, *, #1380, .F. ) ;
#2188 = EDGE_CURVE ( 'NONE', #1697, #1232, #252, .T. ) ;
#2189 = AXIS2_PLACEMENT_3D ( 'NONE', #2811, #2028, #459 ) ;
#2190 = DIRECTION ( 'NONE',  ( 1.000000000000000000, -0.000000000000000000, -0.000000000000000000 ) ) ;
#2191 = CARTESIAN_POINT ( 'NONE',  ( 33.25038507024311230, 67.79673737589244809, 0.000000000000000000 ) ) ;
#2192 = DIRECTION ( 'NONE',  ( 0.000000000000000000, -1.000000000000000000, 0.000000000000000000 ) ) ;
#2193 = PLANE ( 'NONE',  #2003 ) ;
#2194 = PLANE ( 'NONE',  #2286 ) ;
#2195 = EDGE_LOOP ( 'NONE', ( #285, #1742, #246, #997 ) ) ;
#2196 = PLANE ( 'NONE',  #904 ) ;
#2197 = EDGE_CURVE ( 'NONE', #272, #2894, #3044, .T. ) ;
#2198 = EDGE_LOOP ( 'NONE', ( #1440, #605 ) ) ;
#2199 = VERTEX_POINT ( 'NONE', #2349 ) ;
#2200 = DIRECTION ( 'NONE',  ( 1.000000000000000000, 0.000000000000000000, 0.000000000000000000 ) ) ;
#2201 = EDGE_CURVE ( 'NONE', #1507, #1605, #3392, .T. ) ;
#2202 = LINE ( 'NONE', #407, #1464 ) ;
#2203 = CARTESIAN_POINT ( 'NONE',  ( 50.54600143432600845, 4.286620378156616112E-12, 0.000000000000000000 ) ) ;
#2204 = CYLINDRICAL_SURFACE ( 'NONE', #969, 0.05000000000000148076 ) ;
#2205 = ORIENTED_EDGE ( 'NONE', *, *, #3235, .F. ) ;
#2206 = DIRECTION ( 'NONE',  ( 1.000000000000000000, 0.000000000000000000, 0.000000000000000000 ) ) ;
#2207 = DIRECTION ( 'NONE',  ( -4.371138828673991410E-08, 0.9999999999999991118, 0.000000000000000000 ) ) ;
#2208 = AXIS2_PLACEMENT_3D ( 'NONE', #3172, #2911, #21 ) ;
#2209 = ORIENTED_EDGE ( 'NONE', *, *, #2030, .T. ) ;
#2210 = EDGE_LOOP ( 'NONE', ( #3101, #353, #2626, #1616 ) ) ;
#2211 = EDGE_CURVE ( 'NONE', #2312, #1206, #1046, .T. ) ;
#2212 = AXIS2_PLACEMENT_3D ( 'NONE', #2145, #869, #1920 ) ;
#2213 = CARTESIAN_POINT ( 'NONE',  ( 49.61419833382100109, 28.00200116833000052, 0.05000000000000000278 ) ) ;
#2214 = CARTESIAN_POINT ( 'NONE',  ( 50.41082342266195582, 2.401465347587071530, 0.000000000000000000 ) ) ;
#2215 = ORIENTED_EDGE ( 'NONE', *, *, #2155, .F. ) ;
#2216 = ORIENTED_EDGE ( 'NONE', *, *, #2118, .T. ) ;
#2217 = ADVANCED_FACE ( 'NONE', ( #3136 ), #509, .T. ) ;
#2218 = CARTESIAN_POINT ( 'NONE',  ( 51.39523096000765889, 64.84199890137129785, 3.000000000000000000 ) ) ;
#2219 = CYLINDRICAL_SURFACE ( 'NONE', #130, 1.549999999998739941 ) ;
#2220 = AXIS2_PLACEMENT_3D ( 'NONE', #1714, #3300, #144 ) ;
#2221 = CARTESIAN_POINT ( 'NONE',  ( 57.65800094604500714, 7.025000095371286335, 3.000000000000000000 ) ) ;
#2222 = VECTOR ( 'NONE', #332, 1000.000000000000000 ) ;
#2223 = VERTEX_POINT ( 'NONE', #2876 ) ;
#2224 = CARTESIAN_POINT ( 'NONE',  ( 33.25038507024311230, 67.79673737589244809, -3.000000000000000000 ) ) ;
#2225 = VECTOR ( 'NONE', #3036, 1000.000000000000000 ) ;
#2226 = CARTESIAN_POINT ( 'NONE',  ( -0.002999714528393699568, 7.026897941195023201, 0.000000000000000000 ) ) ;
#2227 = AXIS2_PLACEMENT_3D ( 'NONE', #3373, #2928, #1321 ) ;
#2228 = VERTEX_POINT ( 'NONE', #841 ) ;
#2229 = ORIENTED_EDGE ( 'NONE', *, *, #325, .T. ) ;
#2230 = CIRCLE ( 'NONE', #1409, 0.05000000000000148076 ) ;
#2231 = LINE ( 'NONE', #620, #803 ) ;
#2232 = LINE ( 'NONE', #101, #866 ) ;
#2233 = EDGE_CURVE ( 'NONE', #256, #1666, #269, .T. ) ;
#2234 = ORIENTED_EDGE ( 'NONE', *, *, #2422, .F. ) ;
#2235 = CARTESIAN_POINT ( 'NONE',  ( 28.88521634381089243, 12.12795355502193040, 3.000000000000000000 ) ) ;
#2236 = DIRECTION ( 'NONE',  ( -1.000000000000000000, 0.000000000000000000, 0.000000000000000000 ) ) ;
#2237 = LINE ( 'NONE', #2458, #698 ) ;
#2238 = EDGE_CURVE ( 'NONE', #1615, #1273, #2364, .T. ) ;
#2239 = DIRECTION ( 'NONE',  ( 0.000000000000000000, 0.000000000000000000, 1.000000000000000000 ) ) ;
#2240 = CARTESIAN_POINT ( 'NONE',  ( 2.007000000000000117, 11.75999999999999979, -3.000000000000000000 ) ) ;
#2241 = ADVANCED_FACE ( 'NONE', ( #3153 ), #2642, .T. ) ;
#2242 = VERTEX_POINT ( 'NONE', #772 ) ;
#2243 = CARTESIAN_POINT ( 'NONE',  ( 49.92499688704600658, 32.24680015543900424, 0.000000000000000000 ) ) ;
#2244 = LINE ( 'NONE', #1731, #1560 ) ;
#2245 = ORIENTED_EDGE ( 'NONE', *, *, #2313, .F. ) ;
#2246 = VERTEX_POINT ( 'NONE', #2913 ) ;
#2247 = CARTESIAN_POINT ( 'NONE',  ( 51.87499700506700151, 30.89680032591299863, 1.350000000000000089 ) ) ;
#2248 = DIRECTION ( 'NONE',  ( -0.7011221549509965012, -0.7130411796220964549, 0.000000000000000000 ) ) ;
#2249 = VERTEX_POINT ( 'NONE', #2896 ) ;
#2250 = ORIENTED_EDGE ( 'NONE', *, *, #1396, .T. ) ;
#2251 = LINE ( 'NONE', #3293, #79 ) ;
#2252 = CARTESIAN_POINT ( 'NONE',  ( 36.70161492975689299, 67.79673737589244809, -3.000000000000000000 ) ) ;
#2253 = EDGE_CURVE ( 'NONE', #993, #3003, #2132, .T. ) ;
#2254 = SPHERICAL_SURFACE ( 'NONE', #2551, 0.05000000000000000278 ) ;
#2255 = ORIENTED_EDGE ( 'NONE', *, *, #2407, .F. ) ;
#2256 = DIRECTION ( 'NONE',  ( -0.000000000000000000, -0.000000000000000000, 1.000000000000000000 ) ) ;
#2257 = EDGE_CURVE ( 'NONE', #3277, #2246, #1337, .T. ) ;
#2258 = LINE ( 'NONE', #631, #2713 ) ;
#2259 = ORIENTED_EDGE ( 'NONE', *, *, #1607, .T. ) ;
#2260 = ORIENTED_EDGE ( 'NONE', *, *, #1864, .T. ) ;
#2261 = LINE ( 'NONE', #2041, #358 ) ;
#2262 = CARTESIAN_POINT ( 'NONE',  ( 39.88029162565499774, 55.64203330755000110, 3.000000000000000000 ) ) ;
#2263 = ORIENTED_EDGE ( 'NONE', *, *, #668, .T. ) ;
#2264 = ORIENTED_EDGE ( 'NONE', *, *, #2071, .F. ) ;
#2265 = AXIS2_PLACEMENT_3D ( 'NONE', #2581, #545, #2308 ) ;
#2266 = DIRECTION ( 'NONE',  ( -0.9999999999999991118, -4.371138828673991410E-08, 0.000000000000000000 ) ) ;
#2267 = CARTESIAN_POINT ( 'NONE',  ( 52.94523096000639839, 64.84199890137129785, 4.500000000000000888 ) ) ;
#2268 = FACE_OUTER_BOUND ( 'NONE', #975, .T. ) ;
#2269 = DIRECTION ( 'NONE',  ( 0.000000000000000000, 0.000000000000000000, 1.000000000000000000 ) ) ;
#2270 = CIRCLE ( 'NONE', #3091, 1.199999999999999734 ) ;
#2271 = EDGE_CURVE ( 'NONE', #648, #2246, #2861, .T. ) ;
#2272 = EDGE_LOOP ( 'NONE', ( #2357, #2000, #3157, #1593 ) ) ;
#2273 = CARTESIAN_POINT ( 'NONE',  ( 8.360619662391107099, 63.38859499956932098, 17.50000000000000000 ) ) ;
#2274 = CYLINDRICAL_SURFACE ( 'NONE', #2220, 1.700399999999997691 ) ;
#2275 = VECTOR ( 'NONE', #3132, 1000.000000000000000 ) ;
#2276 = EDGE_CURVE ( 'NONE', #2347, #1341, #139, .T. ) ;
#2277 = ORIENTED_EDGE ( 'NONE', *, *, #1296, .F. ) ;
#2278 = ORIENTED_EDGE ( 'NONE', *, *, #348, .F. ) ;
#2279 = AXIS2_PLACEMENT_3D ( 'NONE', #483, #995, #166 ) ;
#2280 = FACE_BOUND ( 'NONE', #1991, .T. ) ;
#2281 = VECTOR ( 'NONE', #1487, 1000.000000000000000 ) ;
#2282 = CARTESIAN_POINT ( 'NONE',  ( 49.66419833382099824, 28.00200117051500115, -3.469446951954000916E-18 ) ) ;
#2283 = EDGE_CURVE ( 'NONE', #1369, #271, #3173, .T. ) ;
#2284 = VERTEX_POINT ( 'NONE', #231 ) ;
#2285 = ORIENTED_EDGE ( 'NONE', *, *, #2257, .T. ) ;
#2286 = AXIS2_PLACEMENT_3D ( 'NONE', #2221, #3232, #2489 ) ;
#2287 = CARTESIAN_POINT ( 'NONE',  ( 39.88029162565499774, 55.64203330755000110, 3.000000000000000000 ) ) ;
#2288 = FACE_OUTER_BOUND ( 'NONE', #125, .T. ) ;
#2289 = VECTOR ( 'NONE', #1188, 1000.000000000000000 ) ;
#2290 = DIRECTION ( 'NONE',  ( -4.371138828673991410E-08, 0.9999999999999991118, 0.000000000000000000 ) ) ;
#2291 = ORIENTED_EDGE ( 'NONE', *, *, #496, .F. ) ;
#2292 = DIRECTION ( 'NONE',  ( 1.000000000000000000, -5.654745979955647644E-15, -0.000000000000000000 ) ) ;
#2293 = DIRECTION ( 'NONE',  ( 0.000000000000000000, 0.000000000000000000, 1.000000000000000000 ) ) ;
#2294 = ORIENTED_EDGE ( 'NONE', *, *, #2637, .F. ) ;
#2295 = EDGE_CURVE ( 'NONE', #2798, #2999, #43, .T. ) ;
#2296 = DIRECTION ( 'NONE',  ( -1.000000000000000000, 5.654745979955647644E-15, 0.000000000000000000 ) ) ;
#2297 = CARTESIAN_POINT ( 'NONE',  ( 32.58472668810468065, 70.00199890137129444, 3.000000000000000000 ) ) ;
#2298 = ORIENTED_EDGE ( 'NONE', *, *, #1784, .T. ) ;
#2299 = ORIENTED_EDGE ( 'NONE', *, *, #832, .T. ) ;
#2300 = ADVANCED_FACE ( 'NONE', ( #76 ), #1750, .F. ) ;
#2301 = DIRECTION ( 'NONE',  ( -4.371138828673991410E-08, 0.9999999999999991118, 0.000000000000000000 ) ) ;
#2302 = DIRECTION ( 'NONE',  ( 0.000000000000000000, -1.000000000000000000, 0.000000000000000000 ) ) ;
#2303 = CARTESIAN_POINT ( 'NONE',  ( 28.88521634381089243, 23.17573017770199684, 3.000000000000000000 ) ) ;
#2304 = ORIENTED_EDGE ( 'NONE', *, *, #2188, .F. ) ;
#2305 = DIRECTION ( 'NONE',  ( -4.371138828673991410E-08, 0.9999999999999991118, 0.000000000000000000 ) ) ;
#2306 = CARTESIAN_POINT ( 'NONE',  ( 50.46278976710301833, 7.320000000004288410, 0.000000000000000000 ) ) ;
#2307 = VERTEX_POINT ( 'NONE', #2525 ) ;
#2308 = DIRECTION ( 'NONE',  ( 0.000000000000000000, 0.000000000000000000, 1.000000000000000000 ) ) ;
#2309 = DIRECTION ( 'NONE',  ( 0.000000000000000000, 0.000000000000000000, 1.000000000000000000 ) ) ;
#2310 = PLANE ( 'NONE',  #3054 ) ;
#2311 = ORIENTED_EDGE ( 'NONE', *, *, #3087, .F. ) ;
#2312 = VERTEX_POINT ( 'NONE', #1924 ) ;
#2313 = EDGE_CURVE ( 'NONE', #1810, #3390, #3313, .T. ) ;
#2314 = CARTESIAN_POINT ( 'NONE',  ( 49.61419826606800143, 29.55200116833000124, 0.9499999999999999556 ) ) ;
#2315 = LINE ( 'NONE', #2573, #757 ) ;
#2316 = EDGE_LOOP ( 'NONE', ( #1408, #2809, #1301, #1908, #3175, #2805 ) ) ;
#2317 = COLOUR_RGB ( '',0.7921568627450980005, 0.8196078431372548767, 0.9333333333333333481 ) ;
#2318 = EDGE_CURVE ( 'NONE', #2242, #1558, #3224, .T. ) ;
#2319 = LINE ( 'NONE', #2559, #1839 ) ;
#2320 = CIRCLE ( 'NONE', #2051, 1.728353813270931738 ) ;
#2321 = CARTESIAN_POINT ( 'NONE',  ( 49.61419833382100109, 28.00200116833000052, 0.000000000000000000 ) ) ;
#2322 = VERTEX_POINT ( 'NONE', #418 ) ;
#2323 = CARTESIAN_POINT ( 'NONE',  ( 57.65803783602434862, 7.320000000004286633, 3.000000000000000000 ) ) ;
#2324 = AXIS2_PLACEMENT_3D ( 'NONE', #575, #331, #2423 ) ;
#2325 = DIRECTION ( 'NONE',  ( -4.371138828673991410E-08, 0.9999999999999991118, 0.000000000000000000 ) ) ;
#2326 = VECTOR ( 'NONE', #160, 1000.000000000000000 ) ;
#2327 = EDGE_LOOP ( 'NONE', ( #1982, #2298, #779, #933 ) ) ;
#2328 = DIRECTION ( 'NONE',  ( 0.000000000000000000, -1.000000000000000000, 0.000000000000000000 ) ) ;
#2329 = DIRECTION ( 'NONE',  ( -0.000000000000000000, -0.000000000000000000, -1.000000000000000000 ) ) ;
#2330 = CARTESIAN_POINT ( 'NONE',  ( -0.002999714528393699568, 7.026897941195023201, 0.000000000000000000 ) ) ;
#2331 = VECTOR ( 'NONE', #2556, 1000.000000000000000 ) ;
#2332 = ORIENTED_EDGE ( 'NONE', *, *, #453, .F. ) ;
#2333 = ORIENTED_EDGE ( 'NONE', *, *, #949, .F. ) ;
#2334 = VECTOR ( 'NONE', #2550, 1000.000000000000000 ) ;
#2335 = CARTESIAN_POINT ( 'NONE',  ( 50.46278976710300412, 27.80200121204099872, 1.000000000000000000 ) ) ;
#2336 = EDGE_CURVE ( 'NONE', #1277, #1581, #1727, .T. ) ;
#2337 = DIRECTION ( 'NONE',  ( 0.0001250508168815968747, 0.9999999921811464354, 0.000000000000000000 ) ) ;
#2338 = EDGE_LOOP ( 'NONE', ( #589, #618, #2553, #2333 ) ) ;
#2339 = VECTOR ( 'NONE', #1694, 1000.000000000000000 ) ;
#2340 = PLANE ( 'NONE',  #2762 ) ;
#2341 = AXIS2_PLACEMENT_3D ( 'NONE', #289, #815, #1089 ) ;
#2342 = EDGE_CURVE ( 'NONE', #2199, #1605, #1355, .T. ) ;
#2343 = ORIENTED_EDGE ( 'NONE', *, *, #2843, .T. ) ;
#2344 = FACE_OUTER_BOUND ( 'NONE', #2570, .T. ) ;
#2345 = PLANE ( 'NONE',  #2057 ) ;
#2346 = ADVANCED_FACE ( 'NONE', ( #874 ), #1445, .F. ) ;
#2347 = VERTEX_POINT ( 'NONE', #2020 ) ;
#2348 = VERTEX_POINT ( 'NONE', #2768 ) ;
#2349 = CARTESIAN_POINT ( 'NONE',  ( 49.66419826388199965, 29.60200117051499902, 0.9499999999999999556 ) ) ;
#2350 = ORIENTED_EDGE ( 'NONE', *, *, #2033, .T. ) ;
#2351 = ORIENTED_EDGE ( 'NONE', *, *, #1229, .T. ) ;
#2352 = LINE ( 'NONE', #845, #1628 ) ;
#2353 = DIRECTION ( 'NONE',  ( -1.000000000000000000, -5.478074134663600261E-16, 0.000000000000000000 ) ) ;
#2354 = VERTEX_POINT ( 'NONE', #1465 ) ;
#2355 = CARTESIAN_POINT ( 'NONE',  ( -0.002999714528393699568, 7.026897941195023201, 3.000000000000000000 ) ) ;
#2356 = CARTESIAN_POINT ( 'NONE',  ( 3.061713480238003271, 51.24900787648742551, 17.50000000000000000 ) ) ;
#2357 = ORIENTED_EDGE ( 'NONE', *, *, #2047, .F. ) ;
#2358 = DIRECTION ( 'NONE',  ( 0.000000000000000000, 1.000000000000000000, 0.000000000000000000 ) ) ;
#2359 = ADVANCED_FACE ( 'NONE', ( #2693, #2491 ), #1225, .F. ) ;
#2360 = CARTESIAN_POINT ( 'NONE',  ( 49.66419826388199965, 29.60200117051499902, 0.000000000000000000 ) ) ;
#2361 = ORIENTED_EDGE ( 'NONE', *, *, #3361, .F. ) ;
#2362 = CARTESIAN_POINT ( 'NONE',  ( 45.68828984031205920, 58.15736828445517403, 0.000000000000000000 ) ) ;
#2363 = ADVANCED_FACE ( 'NONE', ( #948 ), #699, .T. ) ;
#2364 = LINE ( 'NONE', #7, #138 ) ;
#2365 = LINE ( 'NONE', #1580, #2444 ) ;
#2366 = ORIENTED_EDGE ( 'NONE', *, *, #1019, .F. ) ;
#2367 = CARTESIAN_POINT ( 'NONE',  ( 50.46278976710300412, 29.40200120873186052, 0.000000000000000000 ) ) ;
#2368 = DIRECTION ( 'NONE',  ( -0.9999999999999991118, -4.371138828673991410E-08, 0.000000000000000000 ) ) ;
#2369 = FACE_OUTER_BOUND ( 'NONE', #2607, .T. ) ;
#2370 = CARTESIAN_POINT ( 'NONE',  ( 15.33263409895985951, 55.64203330755000110, 0.000000000000000000 ) ) ;
#2371 = VERTEX_POINT ( 'NONE', #3283 ) ;
#2372 = DIRECTION ( 'NONE',  ( 0.005275549562206515754, 0.9999860841915835241, 0.000000000000000000 ) ) ;
#2373 = AXIS2_PLACEMENT_3D ( 'NONE', #1213, #142, #120 ) ;
#2374 = SURFACE_SIDE_STYLE ('',( #1351 ) ) ;
#2375 = ADVANCED_FACE ( 'NONE', ( #435 ), #156, .T. ) ;
#2376 = AXIS2_PLACEMENT_3D ( 'NONE', #1802, #751, #505 ) ;
#2377 = VERTEX_POINT ( 'NONE', #2429 ) ;
#2378 = FACE_OUTER_BOUND ( 'NONE', #2674, .T. ) ;
#2379 = CARTESIAN_POINT ( 'NONE',  ( 28.88521634381089243, 23.17573017770199684, 3.000000000000000000 ) ) ;
#2380 = ADVANCED_FACE ( 'NONE', ( #1999 ), #2254, .T. ) ;
#2381 = SPHERICAL_SURFACE ( 'NONE', #2772, 0.05000000000000000278 ) ;
#2382 = ORIENTED_EDGE ( 'NONE', *, *, #2804, .T. ) ;
#2383 = ORIENTED_EDGE ( 'NONE', *, *, #977, .F. ) ;
#2384 = CIRCLE ( 'NONE', #3206, 1.699999999998744293 ) ;
#2385 = FACE_OUTER_BOUND ( 'NONE', #1048, .T. ) ;
#2386 = VECTOR ( 'NONE', #2411, 1000.000000000000000 ) ;
#2387 = EDGE_CURVE ( 'NONE', #2898, #439, #1649, .T. ) ;
#2388 = CARTESIAN_POINT ( 'NONE',  ( 50.46278976710298991, 32.24680020245393308, 0.05000000000000000278 ) ) ;
#2389 = MANIFOLD_SOLID_BREP ( 'Cut-Extrude17[3]', #176 ) ;
#2390 = VECTOR ( 'NONE', #1222, 1000.000000000000000 ) ;
#2391 = CARTESIAN_POINT ( 'NONE',  ( 50.46278976710300412, 27.85200120542272018, 0.9499999999999999556 ) ) ;
#2392 = DIRECTION ( 'NONE',  ( 1.000000000000000000, 0.000000000000000000, 0.000000000000000000 ) ) ;
#2393 = AXIS2_PLACEMENT_3D ( 'NONE', #2602, #1840, #1612 ) ;
#2394 = EDGE_LOOP ( 'NONE', ( #2812, #2029, #655, #3096 ) ) ;
#2395 = DIRECTION ( 'NONE',  ( -0.000000000000000000, -0.000000000000000000, -1.000000000000000000 ) ) ;
#2396 =( GEOMETRIC_REPRESENTATION_CONTEXT ( 3 ) GLOBAL_UNCERTAINTY_ASSIGNED_CONTEXT ( ( #3219 ) ) GLOBAL_UNIT_ASSIGNED_CONTEXT ( ( #2818, #2103, #3384 ) ) REPRESENTATION_CONTEXT ( 'NONE', 'WORKASPACE' ) );
#2397 = DIRECTION ( 'NONE',  ( -4.371138828673991410E-08, 0.9999999999999991118, 0.000000000000000000 ) ) ;
#2398 = ORIENTED_EDGE ( 'NONE', *, *, #3282, .F. ) ;
#2399 = CYLINDRICAL_SURFACE ( 'NONE', #733, 0.05000000000000148076 ) ;
#2400 = CARTESIAN_POINT ( 'NONE',  ( 51.39523096000765889, 64.84199890137129785, 4.500000000000000888 ) ) ;
#2401 = FACE_OUTER_BOUND ( 'NONE', #1238, .T. ) ;
#2402 = ORIENTED_EDGE ( 'NONE', *, *, #2476, .T. ) ;
#2403 = ORIENTED_EDGE ( 'NONE', *, *, #1377, .F. ) ;
#2404 = EDGE_CURVE ( 'NONE', #2347, #1581, #2230, .T. ) ;
#2405 = DIRECTION ( 'NONE',  ( -0.000000000000000000, 1.000000000000000000, -0.000000000000000000 ) ) ;
#2406 = DIRECTION ( 'NONE',  ( -0.000000000000000000, -0.000000000000000000, 1.000000000000000000 ) ) ;
#2407 = EDGE_CURVE ( 'NONE', #2228, #1755, #209, .T. ) ;
#2408 = CARTESIAN_POINT ( 'NONE',  ( 49.61419827262500348, 29.40200116832999910, 0.000000000000000000 ) ) ;
#2409 = CARTESIAN_POINT ( 'NONE',  ( 49.61419827262500348, 29.40200116832999910, 0.9499999999999999556 ) ) ;
#2410 = ORIENTED_EDGE ( 'NONE', *, *, #1923, .F. ) ;
#2411 = DIRECTION ( 'NONE',  ( -4.371138828673991410E-08, 0.9999999999999991118, 0.000000000000000000 ) ) ;
#2412 = ORIENTED_EDGE ( 'NONE', *, *, #3165, .F. ) ;
#2413 = DIRECTION ( 'NONE',  ( 8.742270796169010363E-08, -0.9999999999999962252, 0.000000000000000000 ) ) ;
#2414 = CARTESIAN_POINT ( 'NONE',  ( 49.66419826606799859, 29.55200117051499831, 0.000000000000000000 ) ) ;
#2415 = CARTESIAN_POINT ( 'NONE',  ( 33.77600000000000335, 67.89399999999999125, -4.599999999999999645 ) ) ;
#2416 = EDGE_LOOP ( 'NONE', ( #1459, #2972 ) ) ;
#2417 = ORIENTED_EDGE ( 'NONE', *, *, #157, .T. ) ;
#2418 = LINE ( 'NONE', #311, #859 ) ;
#2419 = CARTESIAN_POINT ( 'NONE',  ( 49.66419834256299737, 27.80200117051500186, 1.000000000000000000 ) ) ;
#2420 = ADVANCED_FACE ( 'NONE', ( #2576 ), #2594, .F. ) ;
#2421 = CARTESIAN_POINT ( 'NONE',  ( 2.007000000000000117, 11.75999999999999979, -3.000000000000000000 ) ) ;
#2422 = EDGE_CURVE ( 'NONE', #1955, #1277, #590, .T. ) ;
#2423 = DIRECTION ( 'NONE',  ( 1.000000000000000000, 0.000000000000000000, 0.000000000000000000 ) ) ;
#2424 = EDGE_CURVE ( 'NONE', #2999, #3015, #593, .T. ) ;
#2425 = UNCERTAINTY_MEASURE_WITH_UNIT (LENGTH_MEASURE( 1.000000000000000082E-05 ), #3201, 'distance_accuracy_value', 'NONE');
#2426 = ORIENTED_EDGE ( 'NONE', *, *, #3021, .T. ) ;
#2427 = CARTESIAN_POINT ( 'NONE',  ( 8.360619662391107099, 63.38859499956932098, 5.275145788609223452 ) ) ;
#2428 = DIRECTION ( 'NONE',  ( 0.0001250508168815968747, 0.9999999921811464354, 0.000000000000000000 ) ) ;
#2429 = CARTESIAN_POINT ( 'NONE',  ( 36.70435381327093438, 67.89399999999999125, -3.000000000000000000 ) ) ;
#2430 = VECTOR ( 'NONE', #1261, 1000.000000000000000 ) ;
#2431 = ORIENTED_EDGE ( 'NONE', *, *, #2139, .T. ) ;
#2432 = EDGE_LOOP ( 'NONE', ( #2964, #988, #1217, #1323 ) ) ;
#2433 = CIRCLE ( 'NONE', #1945, 1.549999999998739941 ) ;
#2434 = DIRECTION ( 'NONE',  ( 0.000000000000000000, 0.000000000000000000, 1.000000000000000000 ) ) ;
#2435 = DIRECTION ( 'NONE',  ( -0.000000000000000000, -0.000000000000000000, -1.000000000000000000 ) ) ;
#2436 = AXIS2_PLACEMENT_3D ( 'NONE', #867, #1943, #1143 ) ;
#2437 = AXIS2_PLACEMENT_3D ( 'NONE', #2721, #3400, #1121 ) ;
#2438 = CARTESIAN_POINT ( 'NONE',  ( 0.000000000000000000, 23.17573017770200039, 3.000000000000000000 ) ) ;
#2439 = FACE_OUTER_BOUND ( 'NONE', #2635, .T. ) ;
#2440 = DIRECTION ( 'NONE',  ( 1.000000000000000000, 0.000000000000000000, 0.000000000000000000 ) ) ;
#2441 = VECTOR ( 'NONE', #1475, 1000.000000000000000 ) ;
#2442 = CARTESIAN_POINT ( 'NONE',  ( 34.97599999999999909, 67.89399999999999125, -4.599999999999999645 ) ) ;
#2443 = ADVANCED_FACE ( 'NONE', ( #1052, #488 ), #1764, .T. ) ;
#2444 = VECTOR ( 'NONE', #2114, 1000.000000000000000 ) ;
#2445 = CARTESIAN_POINT ( 'NONE',  ( 53.09523096000640408, 64.84199890137129785, 3.000000000000000000 ) ) ;
#2446 = VECTOR ( 'NONE', #148, 1000.000000000000114 ) ;
#2447 = ORIENTED_EDGE ( 'NONE', *, *, #3133, .F. ) ;
#2448 = CARTESIAN_POINT ( 'NONE',  ( 49.92499700506699867, 30.89680015543899927, 0.05000000000000000278 ) ) ;
#2449 = EDGE_CURVE ( 'NONE', #2683, #3394, #2035, .T. ) ;
#2450 = MANIFOLD_SOLID_BREP ( 'Cut-Extrude17[4]', #287 ) ;
#2451 = DIRECTION ( 'NONE',  ( -4.371138828673991410E-08, 0.9999999999999991118, 0.000000000000000000 ) ) ;
#2452 = VECTOR ( 'NONE', #2032, 1000.000000000000000 ) ;
#2453 = ORIENTED_EDGE ( 'NONE', *, *, #1196, .T. ) ;
#2454 = VERTEX_POINT ( 'NONE', #2087 ) ;
#2455 = CARTESIAN_POINT ( 'NONE',  ( 43.29763704129243962, 58.15736828445517403, 0.000000000000000000 ) ) ;
#2456 = CYLINDRICAL_SURFACE ( 'NONE', #200, 4.899999999998739142 ) ;
#2457 = CARTESIAN_POINT ( 'NONE',  ( 49.61419827262500348, 29.40200116832999910, 0.000000000000000000 ) ) ;
#2458 = CARTESIAN_POINT ( 'NONE',  ( 57.66278976710301407, 7.320000000004286633, 0.000000000000000000 ) ) ;
#2459 = CARTESIAN_POINT ( 'NONE',  ( 36.70161492975689299, 67.79673737589244809, -3.000000000000000000 ) ) ;
#2460 = EDGE_CURVE ( 'NONE', #1992, #460, #3094, .T. ) ;
#2461 = VERTEX_POINT ( 'NONE', #2541 ) ;
#2462 = DIRECTION ( 'NONE',  ( -0.000000000000000000, -0.000000000000000000, 1.000000000000000000 ) ) ;
#2463 = CARTESIAN_POINT ( 'NONE',  ( 49.61419834037700127, 27.85200116833000195, 0.9499999999999999556 ) ) ;
#2464 = EDGE_CURVE ( 'NONE', #469, #2242, #1246, .T. ) ;
#2465 = ORIENTED_EDGE ( 'NONE', *, *, #1274, .F. ) ;
#2466 = VERTEX_POINT ( 'NONE', #2701 ) ;
#2467 = CARTESIAN_POINT ( 'NONE',  ( 7.086999893188005828, 4.286620378156616112E-12, 3.000000000000000000 ) ) ;
#2468 = DIRECTION ( 'NONE',  ( 0.000000000000000000, -1.000000000000000000, 0.000000000000000000 ) ) ;
#2469 = VERTEX_POINT ( 'NONE', #3195 ) ;
#2470 = DIRECTION ( 'NONE',  ( -4.371138828673991410E-08, 0.9999999999999991118, 0.000000000000000000 ) ) ;
#2471 = FACE_OUTER_BOUND ( 'NONE', #1160, .T. ) ;
#2472 = DIRECTION ( 'NONE',  ( 0.000000000000000000, -1.000000000000000000, 0.000000000000000000 ) ) ;
#2473 = EDGE_LOOP ( 'NONE', ( #1816, #440, #3016, #1914 ) ) ;
#2474 = CARTESIAN_POINT ( 'NONE',  ( 49.66419834256299737, 27.80200117051500186, 0.000000000000000000 ) ) ;
#2475 = LINE ( 'NONE', #1700, #2662 ) ;
#2476 = EDGE_CURVE ( 'NONE', #3203, #2577, #540, .T. ) ;
#2477 = ORIENTED_EDGE ( 'NONE', *, *, #1607, .F. ) ;
#2478 = VERTEX_POINT ( 'NONE', #2920 ) ;
#2479 = VECTOR ( 'NONE', #2305, 1000.000000000000000 ) ;
#2480 = EDGE_CURVE ( 'NONE', #1686, #2704, #2175, .T. ) ;
#2481 = CARTESIAN_POINT ( 'NONE',  ( 32.58472668810468065, 65.83635289751217101, 0.000000000000000000 ) ) ;
#2482 = CARTESIAN_POINT ( 'NONE',  ( 50.54600143432600845, 4.286620378156616112E-12, 3.000000000000000000 ) ) ;
#2483 = ORIENTED_EDGE ( 'NONE', *, *, #1166, .F. ) ;
#2484 = ORIENTED_EDGE ( 'NONE', *, *, #998, .F. ) ;
#2485 = AXIS2_PLACEMENT_3D ( 'NONE', #1244, #3331, #1798 ) ;
#2486 = DIRECTION ( 'NONE',  ( -0.000000000000000000, -0.000000000000000000, 1.000000000000000000 ) ) ;
#2487 = EDGE_CURVE ( 'NONE', #1452, #961, #1643, .T. ) ;
#2488 = PLANE ( 'NONE',  #1014 ) ;
#2489 = DIRECTION ( 'NONE',  ( -0.0001250508168815968747, -0.9999999921811464354, 0.000000000000000000 ) ) ;
#2490 = CIRCLE ( 'NONE', #1563, 0.05000000000000143219 ) ;
#2491 = FACE_OUTER_BOUND ( 'NONE', #2585, .T. ) ;
#2492 = VERTEX_POINT ( 'NONE', #2409 ) ;
#2493 = CARTESIAN_POINT ( 'NONE',  ( 34.97599999999999909, 67.89399999999999125, -3.000000000000000000 ) ) ;
#2494 = CIRCLE ( 'NONE', #861, 4.899999999998739142 ) ;
#2495 = CARTESIAN_POINT ( 'NONE',  ( 49.66419834256299737, 27.80200117051500186, 0.9499999999999999556 ) ) ;
#2496 = CIRCLE ( 'NONE', #2555, 1.704240931004555648 ) ;
#2497 = EDGE_LOOP ( 'NONE', ( #1821, #1601 ) ) ;
#2498 = EDGE_LOOP ( 'NONE', ( #1876, #3047, #828, #1006, #700, #1811, #1792 ) ) ;
#2499 = AXIS2_PLACEMENT_3D ( 'NONE', #1194, #915, #154 ) ;
#2500 = DIRECTION ( 'NONE',  ( -0.000000000000000000, -0.000000000000000000, 1.000000000000000000 ) ) ;
#2501 = DIRECTION ( 'NONE',  ( 0.7114448605716484630, 0.7027419230173960196, 0.000000000000000000 ) ) ;
#2502 = VERTEX_POINT ( 'NONE', #68 ) ;
#2503 = ORIENTED_EDGE ( 'NONE', *, *, #3387, .T. ) ;
#2504 = AXIS2_PLACEMENT_3D ( 'NONE', #3192, #592, #1641 ) ;
#2505 = EDGE_CURVE ( 'NONE', #141, #62, #848, .T. ) ;
#2506 = LINE ( 'NONE', #1207, #1128 ) ;
#2507 = CARTESIAN_POINT ( 'NONE',  ( 3.061713480238002383, 56.81649478397233111, 3.000000000000000000 ) ) ;
#2508 = EDGE_CURVE ( 'NONE', #324, #1349, #2906, .T. ) ;
#2509 = DIRECTION ( 'NONE',  ( -1.927299233774757137E-16, 1.000000000000000000, 0.000000000000000000 ) ) ;
#2510 = DIRECTION ( 'NONE',  ( -0.9999999999999991118, -4.371138828673991410E-08, 0.000000000000000000 ) ) ;
#2511 = ORIENTED_EDGE ( 'NONE', *, *, #668, .F. ) ;
#2512 = CARTESIAN_POINT ( 'NONE',  ( 9.235357893426790810, 50.00199763233040073, 16.31303881112028265 ) ) ;
#2513 = DIRECTION ( 'NONE',  ( 0.000000000000000000, 0.000000000000000000, 1.000000000000000000 ) ) ;
#2514 = ORIENTED_EDGE ( 'NONE', *, *, #3050, .F. ) ;
#2515 = VERTEX_POINT ( 'NONE', #2124 ) ;
#2516 = CARTESIAN_POINT ( 'NONE',  ( 57.66278976710300697, 45.32000000000428486, 0.000000000000000000 ) ) ;
#2517 = DIRECTION ( 'NONE',  ( 0.000000000000000000, -1.000000000000000000, 0.000000000000000000 ) ) ;
#2518 = ORIENTED_EDGE ( 'NONE', *, *, #2665, .T. ) ;
#2519 = EDGE_LOOP ( 'NONE', ( #1691, #2750, #2263, #1956 ) ) ;
#2520 = CARTESIAN_POINT ( 'NONE',  ( 15.33263409895985951, 51.24900787648735445, 3.000000000000000000 ) ) ;
#2521 = EDGE_CURVE ( 'NONE', #2223, #3012, #2955, .T. ) ;
#2522 = CARTESIAN_POINT ( 'NONE',  ( 50.46278976710300412, 27.80200120542271947, 0.9499999999999999556 ) ) ;
#2523 = CYLINDRICAL_SURFACE ( 'NONE', #18, 0.05000000000000161954 ) ;
#2524 = EDGE_CURVE ( 'NONE', #439, #513, #1195, .T. ) ;
#2525 = CARTESIAN_POINT ( 'NONE',  ( 50.54600143432600845, 70.00199890137129444, 3.000000000000000000 ) ) ;
#2526 = EDGE_LOOP ( 'NONE', ( #11, #2565, #3123, #2264 ) ) ;
#2527 = CARTESIAN_POINT ( 'NONE',  ( 49.92499700943799468, 30.84680015543899856, 1.350000000000000089 ) ) ;
#2528 = DIRECTION ( 'NONE',  ( -4.371138828673991410E-08, 0.9999999999999991118, -6.123233995737003927E-17 ) ) ;
#2529 = ADVANCED_FACE ( 'NONE', ( #3215 ), #87, .T. ) ;
#2530 = ORIENTED_EDGE ( 'NONE', *, *, #766, .T. ) ;
#2531 = VERTEX_POINT ( 'NONE', #1850 ) ;
#2532 = DIRECTION ( 'NONE',  ( 0.000000000000000000, 1.000000000000000000, 0.000000000000000000 ) ) ;
#2533 = LINE ( 'NONE', #2780, #805 ) ;
#2534 = ORIENTED_EDGE ( 'NONE', *, *, #981, .F. ) ;
#2535 = EDGE_LOOP ( 'NONE', ( #3108, #2724, #2215, #719 ) ) ;
#2536 = AXIS2_PLACEMENT_3D ( 'NONE', #1909, #857, #823 ) ;
#2537 = DIRECTION ( 'NONE',  ( -1.000000000000000000, 0.000000000000000000, 0.000000000000000000 ) ) ;
#2538 = CARTESIAN_POINT ( 'NONE',  ( 50.46278976710300412, 32.19680020245393592, 1.350000000000000089 ) ) ;
#2539 = AXIS2_PLACEMENT_3D ( 'NONE', #3363, #2540, #244 ) ;
#2540 = DIRECTION ( 'NONE',  ( -1.000000000000000000, -5.478074134663600261E-16, 0.000000000000000000 ) ) ;
#2541 = CARTESIAN_POINT ( 'NONE',  ( 50.54600143432600845, 70.00199890137129444, 0.000000000000000000 ) ) ;
#2542 = EDGE_LOOP ( 'NONE', ( #1485, #2209, #716, #1970 ) ) ;
#2543 = LINE ( 'NONE', #2323, #3085 ) ;
#2544 = ADVANCED_FACE ( 'NONE', ( #2937, #868 ), #1348, .F. ) ;
#2545 = DIRECTION ( 'NONE',  ( 1.000000000000000000, 0.000000000000000000, -0.000000000000000000 ) ) ;
#2546 = CIRCLE ( 'NONE', #2767, 0.05000000000000148076 ) ;
#2547 = ORIENTED_EDGE ( 'NONE', *, *, #2568, .F. ) ;
#2548 = AXIS2_PLACEMENT_3D ( 'NONE', #1760, #2814, #725 ) ;
#2549 = EDGE_CURVE ( 'NONE', #2312, #204, #1957, .T. ) ;
#2550 = DIRECTION ( 'NONE',  ( 0.000000000000000000, 0.000000000000000000, 1.000000000000000000 ) ) ;
#2551 = AXIS2_PLACEMENT_3D ( 'NONE', #395, #60, #2165 ) ;
#2552 = CARTESIAN_POINT ( 'NONE',  ( 51.87499700943799752, 30.84680032591300147, 0.000000000000000000 ) ) ;
#2553 = ORIENTED_EDGE ( 'NONE', *, *, #1611, .T. ) ;
#2554 = VERTEX_POINT ( 'NONE', #1382 ) ;
#2555 = AXIS2_PLACEMENT_3D ( 'NONE', #2421, #2142, #2440 ) ;
#2556 = DIRECTION ( 'NONE',  ( -4.371138828673991410E-08, 0.9999999999999991118, 0.000000000000000000 ) ) ;
#2557 = DIRECTION ( 'NONE',  ( 1.000000000000000000, 0.000000000000000000, 0.000000000000000000 ) ) ;
#2558 = AXIS2_PLACEMENT_3D ( 'NONE', #3052, #1741, #2829 ) ;
#2559 = CARTESIAN_POINT ( 'NONE',  ( 33.25038507024311230, 67.79673737589244809, -3.000000000000000000 ) ) ;
#2560 = SURFACE_STYLE_FILL_AREA ( #2073 ) ;
#2561 = ORIENTED_EDGE ( 'NONE', *, *, #1912, .F. ) ;
#2562 = LINE ( 'NONE', #2806, #1613 ) ;
#2563 = CARTESIAN_POINT ( 'NONE',  ( 50.66486707213653062, 63.00287427383352679, 3.000000000000000000 ) ) ;
#2564 = EDGE_CURVE ( 'NONE', #2891, #271, #1092, .T. ) ;
#2565 = ORIENTED_EDGE ( 'NONE', *, *, #3325, .T. ) ;
#2566 = DIRECTION ( 'NONE',  ( -4.371142336978421000E-08, 0.9999999999999990008, 0.000000000000000000 ) ) ;
#2567 = FACE_BOUND ( 'NONE', #1527, .T. ) ;
#2568 = EDGE_CURVE ( 'NONE', #396, #3203, #2496, .T. ) ;
#2569 = LINE ( 'NONE', #1472, #3381 ) ;
#2570 = EDGE_LOOP ( 'NONE', ( #1571, #63, #455, #2855 ) ) ;
#2571 = EDGE_LOOP ( 'NONE', ( #2332, #54, #2836, #863 ) ) ;
#2572 = DIRECTION ( 'NONE',  ( -1.000000000000000000, 1.201115100076789619E-16, 0.000000000000000000 ) ) ;
#2573 = CARTESIAN_POINT ( 'NONE',  ( 57.65800094604500714, 7.025000095371286335, 3.000000000000000000 ) ) ;
#2574 = ORIENTED_EDGE ( 'NONE', *, *, #133, .T. ) ;
#2575 = DIRECTION ( 'NONE',  ( -0.9999999999999962252, -8.742277657347936498E-08, 0.000000000000000000 ) ) ;
#2576 = FACE_OUTER_BOUND ( 'NONE', #3297, .T. ) ;
#2577 = VERTEX_POINT ( 'NONE', #1123 ) ;
#2578 = LINE ( 'NONE', #1517, #2430 ) ;
#2579 = CARTESIAN_POINT ( 'NONE',  ( 16.79783914143555634, 15.19372240650392847, 3.000000000000000000 ) ) ;
#2580 = ORIENTED_EDGE ( 'NONE', *, *, #580, .F. ) ;
#2581 = CARTESIAN_POINT ( 'NONE',  ( 15.33263409895985951, 55.64203330755000110, 3.000000000000000000 ) ) ;
#2582 = EDGE_CURVE ( 'NONE', #2894, #272, #314, .T. ) ;
#2583 = DIRECTION ( 'NONE',  ( -1.000000000000000000, -0.000000000000000000, -0.000000000000000000 ) ) ;
#2584 = FACE_BOUND ( 'NONE', #1417, .T. ) ;
#2585 = EDGE_LOOP ( 'NONE', ( #2547, #1661 ) ) ;
#2586 = ORIENTED_EDGE ( 'NONE', *, *, #2886, .T. ) ;
#2587 = EDGE_CURVE ( 'NONE', #1922, #3336, #1587, .T. ) ;
#2588 = DIRECTION ( 'NONE',  ( -0.000000000000000000, -0.000000000000000000, -1.000000000000000000 ) ) ;
#2589 = DIRECTION ( 'NONE',  ( 1.000000000000000000, 0.000000000000000000, 0.000000000000000000 ) ) ;
#2590 = AXIS2_PLACEMENT_3D ( 'NONE', #921, #420, #1968 ) ;
#2591 = ADVANCED_FACE ( 'NONE', ( #3168 ), #818, .T. ) ;
#2592 = CARTESIAN_POINT ( 'NONE',  ( 51.87499689141700543, 32.19680032591300289, 0.05000000000000000278 ) ) ;
#2593 = VECTOR ( 'NONE', #1550, 1000.000000000000000 ) ;
#2594 = CYLINDRICAL_SURFACE ( 'NONE', #3109, 2.499999999999995115 ) ;
#2595 = VERTEX_POINT ( 'NONE', #1623 ) ;
#2596 = CARTESIAN_POINT ( 'NONE',  ( 50.61419834256300732, 27.80200121204099872, 1.000000000000000000 ) ) ;
#2597 = AXIS2_PLACEMENT_3D ( 'NONE', #2614, #3193, #1602 ) ;
#2598 = CARTESIAN_POINT ( 'NONE',  ( 26.46541858999999874, 26.46809974185707759, 0.000000000000000000 ) ) ;
#2599 = AXIS2_PLACEMENT_3D ( 'NONE', #368, #2793, #1201 ) ;
#2600 = ORIENTED_EDGE ( 'NONE', *, *, #664, .F. ) ;
#2601 = CARTESIAN_POINT ( 'NONE',  ( 9.235357893426790810, 70.00199763233040073, 16.31303881112028265 ) ) ;
#2602 = CARTESIAN_POINT ( 'NONE',  ( 2.007000000000000117, 11.75999999999999979, -4.599999999999999645 ) ) ;
#2603 = DIRECTION ( 'NONE',  ( 5.478074134663600261E-16, -1.000000000000000000, 0.000000000000000000 ) ) ;
#2604 = VECTOR ( 'NONE', #2266, 1000.000000000000000 ) ;
#2605 = ADVANCED_FACE ( 'NONE', ( #2673 ), #1995, .T. ) ;
#2606 = ORIENTED_EDGE ( 'NONE', *, *, #3142, .F. ) ;
#2607 = EDGE_LOOP ( 'NONE', ( #2978, #2294, #2044, #183 ) ) ;
#2608 = AXIS2_PLACEMENT_3D ( 'NONE', #2247, #2779, #3104 ) ;
#2609 = CARTESIAN_POINT ( 'NONE',  ( 32.58472668810468065, 65.83635289751217101, 3.000000000000000000 ) ) ;
#2610 = DIRECTION ( 'NONE',  ( -4.371138828673991410E-08, 0.9999999999999991118, 0.000000000000000000 ) ) ;
#2611 = ADVANCED_FACE ( 'NONE', ( #643 ), #2204, .T. ) ;
#2612 = ORIENTED_EDGE ( 'NONE', *, *, #31, .F. ) ;
#2613 = CIRCLE ( 'NONE', #2885, 0.05000000000000143219 ) ;
#2614 = CARTESIAN_POINT ( 'NONE',  ( 2.007000000000000117, 11.75999999999999979, -4.599999999999999645 ) ) ;
#2615 = VECTOR ( 'NONE', #2406, 1000.000000000000000 ) ;
#2616 = DIRECTION ( 'NONE',  ( 0.000000000000000000, 0.000000000000000000, 1.000000000000000000 ) ) ;
#2617 = ADVANCED_FACE ( 'NONE', ( #361 ), #2987, .F. ) ;
#2618 = ORIENTED_EDGE ( 'NONE', *, *, #3093, .T. ) ;
#2619 = CARTESIAN_POINT ( 'NONE',  ( 8.360619662391107099, 70.00199763233040073, 0.000000000000000000 ) ) ;
#2620 = VECTOR ( 'NONE', #708, 1000.000000000000000 ) ;
#2621 = CARTESIAN_POINT ( 'NONE',  ( 15.33263409895985951, 70.00199890136700276, 17.50000000000000000 ) ) ;
#2622 = ORIENTED_EDGE ( 'NONE', *, *, #2968, .T. ) ;
#2623 = EDGE_LOOP ( 'NONE', ( #911, #2729, #3273, #390 ) ) ;
#2624 = CARTESIAN_POINT ( 'NONE',  ( 15.33263409895985951, 55.64203330755000110, 3.000000000000000000 ) ) ;
#2625 = LINE ( 'NONE', #8, #1568 ) ;
#2626 = ORIENTED_EDGE ( 'NONE', *, *, #2968, .F. ) ;
#2627 = ORIENTED_EDGE ( 'NONE', *, *, #1477, .F. ) ;
#2628 = DIRECTION ( 'NONE',  ( 0.000000000000000000, 0.000000000000000000, 1.000000000000000000 ) ) ;
#2629 = DIRECTION ( 'NONE',  ( 0.000000000000000000, 0.000000000000000000, 1.000000000000000000 ) ) ;
#2630 = ORIENTED_EDGE ( 'NONE', *, *, #1570, .F. ) ;
#2631 = DIRECTION ( 'NONE',  ( -0.9999999999999991118, -4.371138828673991410E-08, 0.000000000000000000 ) ) ;
#2632 = EDGE_CURVE ( 'NONE', #1375, #1895, #3245, .T. ) ;
#2633 = LINE ( 'NONE', #555, #245 ) ;
#2634 = DIRECTION ( 'NONE',  ( 0.000000000000000000, 0.000000000000000000, 1.000000000000000000 ) ) ;
#2635 = EDGE_LOOP ( 'NONE', ( #1986, #1820, #3327, #3233 ) ) ;
#2636 = CARTESIAN_POINT ( 'NONE',  ( 16.79783914143555634, 15.19372240650392847, 3.000000000000000000 ) ) ;
#2637 = EDGE_CURVE ( 'NONE', #2915, #1096, #659, .T. ) ;
#2638 = CARTESIAN_POINT ( 'NONE',  ( 8.360619662391107099, 70.00199763233040073, 16.24371697847750440 ) ) ;
#2639 = EDGE_LOOP ( 'NONE', ( #1526, #1039, #2151, #1361, #1430, #1826, #1743, #3246 ) ) ;
#2640 = CYLINDRICAL_SURFACE ( 'NONE', #1494, 1.549999999998739941 ) ;
#2641 = EDGE_CURVE ( 'NONE', #1389, #2249, #1724, .T. ) ;
#2642 = CYLINDRICAL_SURFACE ( 'NONE', #913, 1.704240931004555648 ) ;
#2643 = CARTESIAN_POINT ( 'NONE',  ( 3.061713480238003271, 51.24900787648742551, 2.999999999999999112 ) ) ;
#2644 = ORIENTED_EDGE ( 'NONE', *, *, #1152, .T. ) ;
#2645 = ORIENTED_EDGE ( 'NONE', *, *, #891, .T. ) ;
#2646 = DIRECTION ( 'NONE',  ( 0.8660254037844372643, 0.000000000000000000, 0.5000000000000024425 ) ) ;
#2647 = LINE ( 'NONE', #2670, #91 ) ;
#2648 = VERTEX_POINT ( 'NONE', #1946 ) ;
#2649 = CYLINDRICAL_SURFACE ( 'NONE', #293, 1.199999999999999734 ) ;
#2650 = DIRECTION ( 'NONE',  ( 0.000000000000000000, -1.000000000000000000, 0.000000000000000000 ) ) ;
#2651 = DIRECTION ( 'NONE',  ( -0.000000000000000000, -0.000000000000000000, -1.000000000000000000 ) ) ;
#2652 = STYLED_ITEM ( 'NONE', ( #887 ), #171 ) ;
#2653 = EDGE_CURVE ( 'NONE', #1273, #489, #1978, .T. ) ;
#2654 = VERTEX_POINT ( 'NONE', #393 ) ;
#2655 = CARTESIAN_POINT ( 'NONE',  ( 33.25038507024311230, 67.79673737589244809, -3.000000000000000000 ) ) ;
#2656 = CARTESIAN_POINT ( 'NONE',  ( 57.66278976710300697, 45.32000000000428486, 0.000000000000000000 ) ) ;
#2657 = CIRCLE ( 'NONE', #3089, 0.05000000000000143219 ) ;
#2658 = EDGE_CURVE ( 'NONE', #3003, #119, #2237, .T. ) ;
#2659 = EDGE_LOOP ( 'NONE', ( #1073, #436, #2830, #976 ) ) ;
#2660 = CARTESIAN_POINT ( 'NONE',  ( 50.61419834037700127, 27.85200121204099943, -6.938893903907001118E-18 ) ) ;
#2661 = LINE ( 'NONE', #1373, #243 ) ;
#2662 = VECTOR ( 'NONE', #122, 1000.000000000000000 ) ;
#2663 = DIRECTION ( 'NONE',  ( -0.9999999999999990008, -4.371135398084517093E-08, 0.000000000000000000 ) ) ;
#2664 = DIRECTION ( 'NONE',  ( 0.000000000000000000, 0.000000000000000000, 1.000000000000000000 ) ) ;
#2665 = EDGE_CURVE ( 'NONE', #2466, #1058, #2613, .T. ) ;
#2666 = VERTEX_POINT ( 'NONE', #930 ) ;
#2667 = EDGE_LOOP ( 'NONE', ( #3124, #1887, #1371, #1421 ) ) ;
#2668 = MECHANICAL_DESIGN_GEOMETRIC_PRESENTATION_REPRESENTATION (  '', ( #188 ), #635 ) ;
#2669 = CARTESIAN_POINT ( 'NONE',  ( 8.360619662391107099, 63.38859499956932098, 3.000000000000000000 ) ) ;
#2670 = CARTESIAN_POINT ( 'NONE',  ( 0.000000000000000000, 23.17573017770200039, 3.000000000000000000 ) ) ;
#2671 = CIRCLE ( 'NONE', #2063, 0.05000000000000148076 ) ;
#2672 = LINE ( 'NONE', #2140, #3253 ) ;
#2673 = FACE_OUTER_BOUND ( 'NONE', #549, .T. ) ;
#2674 = EDGE_LOOP ( 'NONE', ( #2277, #850, #110, #760 ) ) ;
#2675 = VECTOR ( 'NONE', #1495, 1000.000000000000000 ) ;
#2676 = VECTOR ( 'NONE', #713, 1000.000000000000000 ) ;
#2677 = ORIENTED_EDGE ( 'NONE', *, *, #47, .F. ) ;
#2678 = FACE_OUTER_BOUND ( 'NONE', #370, .T. ) ;
#2679 = CARTESIAN_POINT ( 'NONE',  ( 50.61419827262500348, 29.40200121204100014, 0.000000000000000000 ) ) ;
#2680 = EDGE_CURVE ( 'NONE', #3053, #2704, #3019, .T. ) ;
#2681 = FILL_AREA_STYLE ('',( #2946 ) ) ;
#2682 = EDGE_LOOP ( 'NONE', ( #6, #740 ) ) ;
#2683 = VERTEX_POINT ( 'NONE', #675 ) ;
#2684 = ADVANCED_FACE ( 'NONE', ( #2766 ), #1965, .F. ) ;
#2685 = CARTESIAN_POINT ( 'NONE',  ( 8.360619662391107099, 50.00199763233040073, 5.275145788609223452 ) ) ;
#2686 = CARTESIAN_POINT ( 'NONE',  ( 50.61419834256300732, 27.80200121204099872, 1.000000000000000000 ) ) ;
#2687 = DIRECTION ( 'NONE',  ( -4.371138828673991410E-08, 0.9999999999999991118, 0.000000000000000000 ) ) ;
#2688 = CARTESIAN_POINT ( 'NONE',  ( 49.66419826606799859, 29.55200117051499831, 0.05000000000000000278 ) ) ;
#2689 = DIRECTION ( 'NONE',  ( 4.371142336978421662E-08, -0.9999999999999990008, 0.000000000000000000 ) ) ;
#2690 = CARTESIAN_POINT ( 'NONE',  ( 50.41082342266195582, 2.401465347587071530, -3.000000000000000000 ) ) ;
#2691 = ORIENTED_EDGE ( 'NONE', *, *, #2564, .F. ) ;
#2692 = SURFACE_STYLE_USAGE ( .BOTH. , #74 ) ;
#2693 = FACE_BOUND ( 'NONE', #2949, .T. ) ;
#2694 = EDGE_LOOP ( 'NONE', ( #1489, #3079, #2169, #2963 ) ) ;
#2695 = ORIENTED_EDGE ( 'NONE', *, *, #2817, .T. ) ;
#2696 = DIRECTION ( 'NONE',  ( 0.000000000000000000, -0.000000000000000000, 1.000000000000000000 ) ) ;
#2697 = CARTESIAN_POINT ( 'NONE',  ( 39.88029162565499774, 65.83635289751217101, 3.000000000000000000 ) ) ;
#2698 = EDGE_CURVE ( 'NONE', #2502, #1376, #103, .T. ) ;
#2699 = DIRECTION ( 'NONE',  ( -0.9999999999999990008, -4.371135398084517093E-08, 0.000000000000000000 ) ) ;
#2700 = DIRECTION ( 'NONE',  ( -4.371138828673991410E-08, 0.9999999999999991118, 0.000000000000000000 ) ) ;
#2701 = CARTESIAN_POINT ( 'NONE',  ( 50.46278976710300412, 27.80200120542271947, 0.05000000000000000278 ) ) ;
#2702 = ADVANCED_FACE ( 'NONE', ( #3294 ), #137, .F. ) ;
#2703 = CARTESIAN_POINT ( 'NONE',  ( 15.33263409895985951, 51.24900787648735445, 17.50000000000000000 ) ) ;
#2704 = VERTEX_POINT ( 'NONE', #1158 ) ;
#2705 = CLOSED_SHELL ( 'NONE', ( #1233, #3264, #2136, #3100, #2159, #429, #236, #606, #2941, #2947 ) ) ;
#2706 = CARTESIAN_POINT ( 'NONE',  ( 50.46278976710299702, 45.32000000000428486, 0.000000000000000000 ) ) ;
#2707 = CARTESIAN_POINT ( 'NONE',  ( 50.46278976710300412, 29.40200120542272444, 0.000000000000000000 ) ) ;
#2708 = ORIENTED_EDGE ( 'NONE', *, *, #2549, .T. ) ;
#2709 = VERTEX_POINT ( 'NONE', #2522 ) ;
#2710 = VECTOR ( 'NONE', #51, 1000.000000000000000 ) ;
#2711 = DIRECTION ( 'NONE',  ( 1.000000000000000000, 0.000000000000000000, 0.000000000000000000 ) ) ;
#2712 = DIRECTION ( 'NONE',  ( 1.000000000000000000, 0.000000000000000000, 0.000000000000000000 ) ) ;
#2713 = VECTOR ( 'NONE', #107, 1000.000000000000000 ) ;
#2714 = VECTOR ( 'NONE', #3244, 1000.000000000000227 ) ;
#2715 = FACE_OUTER_BOUND ( 'NONE', #1765, .T. ) ;
#2716 = DIRECTION ( 'NONE',  ( -0.000000000000000000, -0.000000000000000000, 1.000000000000000000 ) ) ;
#2717 = ADVANCED_FACE ( 'NONE', ( #1709 ), #2194, .F. ) ;
#2718 = LINE ( 'NONE', #3262, #1688 ) ;
#2719 = CIRCLE ( 'NONE', #963, 0.05000000000000143219 ) ;
#2720 = AXIS2_PLACEMENT_3D ( 'NONE', #1665, #3236, #2962 ) ;
#2721 = CARTESIAN_POINT ( 'NONE',  ( 50.61419826388199539, 29.60200121204099943, 0.000000000000000000 ) ) ;
#2722 = VECTOR ( 'NONE', #546, 1000.000000000000000 ) ;
#2723 = EDGE_CURVE ( 'NONE', #3063, #334, #1245, .T. ) ;
#2724 = ORIENTED_EDGE ( 'NONE', *, *, #2839, .T. ) ;
#2725 = VECTOR ( 'NONE', #1174, 1000.000000000000114 ) ;
#2726 = CARTESIAN_POINT ( 'NONE',  ( 34.97599999999999909, 67.89399999999999125, -3.000000000000000000 ) ) ;
#2727 = VECTOR ( 'NONE', #2302, 1000.000000000000000 ) ;
#2728 = ORIENTED_EDGE ( 'NONE', *, *, #1670, .T. ) ;
#2729 = ORIENTED_EDGE ( 'NONE', *, *, #1988, .F. ) ;
#2730 = DIRECTION ( 'NONE',  ( -0.000000000000000000, -0.000000000000000000, -1.000000000000000000 ) ) ;
#2731 = DIRECTION ( 'NONE',  ( -1.000000000000000000, 0.000000000000000000, 0.000000000000000000 ) ) ;
#2732 = ORIENTED_EDGE ( 'NONE', *, *, #2257, .F. ) ;
#2733 = CARTESIAN_POINT ( 'NONE',  ( 57.66278976710301407, 7.320000000004286633, 3.000000000000000000 ) ) ;
#2734 = DIRECTION ( 'NONE',  ( -0.000000000000000000, -0.000000000000000000, -1.000000000000000000 ) ) ;
#2735 = DIRECTION ( 'NONE',  ( 1.000000000000000000, -2.409338161078901646E-16, -0.000000000000000000 ) ) ;
#2736 = EDGE_CURVE ( 'NONE', #1216, #1033, #2718, .T. ) ;
#2737 = ORIENTED_EDGE ( 'NONE', *, *, #2271, .F. ) ;
#2738 = DIRECTION ( 'NONE',  ( 0.000000000000000000, 0.000000000000000000, 1.000000000000000000 ) ) ;
#2739 = ADVANCED_FACE ( 'NONE', ( #1036 ), #1564, .F. ) ;
#2740 = CARTESIAN_POINT ( 'NONE',  ( 2.007000000000000117, 11.75999999999999979, -3.000000000000000000 ) ) ;
#2741 = APPLICATION_PROTOCOL_DEFINITION ( 'draft international standard', 'automotive_design', 1998, #1915 ) ;
#2742 = VERTEX_POINT ( 'NONE', #1272 ) ;
#2743 = ORIENTED_EDGE ( 'NONE', *, *, #364, .T. ) ;
#2744 = EDGE_CURVE ( 'NONE', #723, #350, #187, .T. ) ;
#2745 = DIRECTION ( 'NONE',  ( 0.000000000000000000, 0.000000000000000000, 1.000000000000000000 ) ) ;
#2746 = LINE ( 'NONE', #1959, #2289 ) ;
#2747 = ORIENTED_EDGE ( 'NONE', *, *, #1655, .F. ) ;
#2748 = LINE ( 'NONE', #1443, #746 ) ;
#2749 = DIRECTION ( 'NONE',  ( 0.000000000000000000, -1.000000000000000000, 0.000000000000000000 ) ) ;
#2750 = ORIENTED_EDGE ( 'NONE', *, *, #2802, .T. ) ;
#2751 = CARTESIAN_POINT ( 'NONE',  ( 51.39523096000765889, 64.84199890137129785, 5.000000000000000000 ) ) ;
#2752 = CARTESIAN_POINT ( 'NONE',  ( 49.61419834037700127, 27.85200116833000195, 0.05000000000000000278 ) ) ;
#2753 = EDGE_CURVE ( 'NONE', #2354, #1755, #983, .T. ) ;
#2754 = VERTEX_POINT ( 'NONE', #1795 ) ;
#2755 = ORIENTED_EDGE ( 'NONE', *, *, #2922, .F. ) ;
#2756 = VECTOR ( 'NONE', #3333, 1000.000000000000000 ) ;
#2757 = LINE ( 'NONE', #406, #1953 ) ;
#2758 = EDGE_CURVE ( 'NONE', #2466, #2371, #1016, .T. ) ;
#2759 = LINE ( 'NONE', #1457, #1086 ) ;
#2760 = VERTEX_POINT ( 'NONE', #2834 ) ;
#2761 = VERTEX_POINT ( 'NONE', #2267 ) ;
#2762 = AXIS2_PLACEMENT_3D ( 'NONE', #2853, #2290, #945 ) ;
#2763 = PLANE ( 'NONE',  #2819 ) ;
#2764 = LINE ( 'NONE', #3004, #2875 ) ;
#2765 = AXIS2_PLACEMENT_3D ( 'NONE', #2563, #2078, #525 ) ;
#2766 = FACE_OUTER_BOUND ( 'NONE', #656, .T. ) ;
#2767 = AXIS2_PLACEMENT_3D ( 'NONE', #3150, #599, #2158 ) ;
#2768 = CARTESIAN_POINT ( 'NONE',  ( 9.235357893426790810, 70.00199763233040073, 5.205823955966441652 ) ) ;
#2769 = VECTOR ( 'NONE', #2917, 1000.000000000000114 ) ;
#2770 = ORIENTED_EDGE ( 'NONE', *, *, #2549, .F. ) ;
#2771 = CARTESIAN_POINT ( 'NONE',  ( 9.235357893426790810, 51.24900787648738998, 10.75943138354336348 ) ) ;
#2772 = AXIS2_PLACEMENT_3D ( 'NONE', #270, #2914, #1322 ) ;
#2773 = VECTOR ( 'NONE', #140, 1000.000000000000000 ) ;
#2774 = FACE_OUTER_BOUND ( 'NONE', #992, .T. ) ;
#2775 = ORIENTED_EDGE ( 'NONE', *, *, #108, .T. ) ;
#2776 = ORIENTED_EDGE ( 'NONE', *, *, #3243, .T. ) ;
#2777 = EDGE_CURVE ( 'NONE', #3203, #396, #316, .T. ) ;
#2778 = VECTOR ( 'NONE', #2866, 1000.000000000000000 ) ;
#2779 = DIRECTION ( 'NONE',  ( -0.9999999999999962252, -8.742277657347936498E-08, 0.000000000000000000 ) ) ;
#2780 = CARTESIAN_POINT ( 'NONE',  ( 39.88029162565499774, 65.83635289751217101, -3.000000000000000000 ) ) ;
#2781 = VERTEX_POINT ( 'NONE', #207 ) ;
#2782 = ORIENTED_EDGE ( 'NONE', *, *, #400, .F. ) ;
#2783 = AXIS2_PLACEMENT_3D ( 'NONE', #958, #979, #722 ) ;
#2784 = ADVANCED_FACE ( 'NONE', ( #3088 ), #2085, .F. ) ;
#2785 = LINE ( 'NONE', #2045, #2826 ) ;
#2786 = DIRECTION ( 'NONE',  ( 5.478074134663601247E-16, -1.000000000000000000, 0.000000000000000000 ) ) ;
#2787 = ADVANCED_FACE ( 'NONE', ( #2288 ), #484, .T. ) ;
#2788 = LINE ( 'NONE', #2050, #461 ) ;
#2789 = DIRECTION ( 'NONE',  ( 0.000000000000000000, 0.000000000000000000, 1.000000000000000000 ) ) ;
#2790 = CARTESIAN_POINT ( 'NONE',  ( 50.61419834256300732, 27.80200121204099872, 0.000000000000000000 ) ) ;
#2791 = ORIENTED_EDGE ( 'NONE', *, *, #1923, .T. ) ;
#2792 = DIRECTION ( 'NONE',  ( -1.000000000000000000, 6.247195173943647709E-15, 0.000000000000000000 ) ) ;
#2793 = DIRECTION ( 'NONE',  ( -0.000000000000000000, -0.000000000000000000, -1.000000000000000000 ) ) ;
#2794 = EDGE_LOOP ( 'NONE', ( #2483, #3115, #844 ) ) ;
#2795 = ORIENTED_EDGE ( 'NONE', *, *, #1565, .F. ) ;
#2796 = LINE ( 'NONE', #737, #472 ) ;
#2797 = DIRECTION ( 'NONE',  ( 0.000000000000000000, 0.000000000000000000, 1.000000000000000000 ) ) ;
#2798 = VERTEX_POINT ( 'NONE', #2046 ) ;
#2799 = ORIENTED_EDGE ( 'NONE', *, *, #3069, .F. ) ;
#2800 = DIRECTION ( 'NONE',  ( -0.9999999999999990008, -4.371135398084517093E-08, 0.000000000000000000 ) ) ;
#2801 = DIRECTION ( 'NONE',  ( 1.000000000000000000, 5.478074134663600261E-16, 0.000000000000000000 ) ) ;
#2802 = EDGE_CURVE ( 'NONE', #3053, #2910, #996, .T. ) ;
#2803 = FACE_OUTER_BOUND ( 'NONE', #2694, .T. ) ;
#2804 = EDGE_CURVE ( 'NONE', #1280, #62, #1290, .T. ) ;
#2805 = ORIENTED_EDGE ( 'NONE', *, *, #1695, .F. ) ;
#2806 = CARTESIAN_POINT ( 'NONE',  ( 50.46278976710300412, 27.80200121204099872, 1.000000000000000000 ) ) ;
#2807 = CARTESIAN_POINT ( 'NONE',  ( 34.97599999999999909, 67.89399999999999125, -4.599999999999999645 ) ) ;
#2808 = EDGE_LOOP ( 'NONE', ( #677, #1865, #2260, #28 ) ) ;
#2809 = ORIENTED_EDGE ( 'NONE', *, *, #2071, .T. ) ;
#2810 = DIRECTION ( 'NONE',  ( 0.000000000000000000, 0.000000000000000000, -1.000000000000000000 ) ) ;
#2811 = CARTESIAN_POINT ( 'NONE',  ( 34.97599999999999909, 67.89399999999999125, -3.000000000000000000 ) ) ;
#2812 = ORIENTED_EDGE ( 'NONE', *, *, #977, .T. ) ;
#2813 = VECTOR ( 'NONE', #2256, 1000.000000000000000 ) ;
#2814 = DIRECTION ( 'NONE',  ( -0.9999999999999962252, -8.742277657347936498E-08, 0.000000000000000000 ) ) ;
#2815 = CARTESIAN_POINT ( 'NONE',  ( 2.007000000000000117, 11.75999999999999979, -3.000000000000000000 ) ) ;
#2816 = DIRECTION ( 'NONE',  ( -4.371138828673991410E-08, 0.9999999999999991118, 0.000000000000000000 ) ) ;
#2817 = EDGE_CURVE ( 'NONE', #1033, #1306, #464, .T. ) ;
#2818 =( LENGTH_UNIT ( ) NAMED_UNIT ( * ) SI_UNIT ( .MILLI., .METRE. ) );
#2819 = AXIS2_PLACEMENT_3D ( 'NONE', #359, #657, #896 ) ;
#2820 = ORIENTED_EDGE ( 'NONE', *, *, #2464, .F. ) ;
#2821 = CARTESIAN_POINT ( 'NONE',  ( 8.360619662391107099, 70.00199763233040073, 5.275145788609223452 ) ) ;
#2822 = EDGE_CURVE ( 'NONE', #2502, #2781, #1775, .T. ) ;
#2823 = VECTOR ( 'NONE', #946, 1000.000000000000000 ) ;
#2824 = ORIENTED_EDGE ( 'NONE', *, *, #299, .T. ) ;
#2825 = DIRECTION ( 'NONE',  ( -1.000000000000000000, 0.000000000000000000, 0.000000000000000000 ) ) ;
#2826 = VECTOR ( 'NONE', #221, 1000.000000000000000 ) ;
#2827 = DIRECTION ( 'NONE',  ( 1.000000000000000000, 0.000000000000000000, -0.000000000000000000 ) ) ;
#2828 = AXIS2_PLACEMENT_3D ( 'NONE', #2961, #1480, #617 ) ;
#2829 = DIRECTION ( 'NONE',  ( 1.000000000000000000, 0.000000000000000000, 0.000000000000000000 ) ) ;
#2830 = ORIENTED_EDGE ( 'NONE', *, *, #345, .F. ) ;
#2831 = ORIENTED_EDGE ( 'NONE', *, *, #2860, .F. ) ;
#2832 = MECHANICAL_DESIGN_GEOMETRIC_PRESENTATION_REPRESENTATION (  '', ( #1460 ), #2396 ) ;
#2833 = DIRECTION ( 'NONE',  ( -4.371138828673991410E-08, 0.9999999999999991118, 0.000000000000000000 ) ) ;
#2834 = CARTESIAN_POINT ( 'NONE',  ( 39.89063387505242986, 67.79673737589244809, 0.000000000000000000 ) ) ;
#2835 = VECTOR ( 'NONE', #340, 1000.000000000000114 ) ;
#2836 = ORIENTED_EDGE ( 'NONE', *, *, #660, .T. ) ;
#2837 = LINE ( 'NONE', #502, #628 ) ;
#2838 = CARTESIAN_POINT ( 'NONE',  ( 48.71042342266195391, 2.401465347587071530, 0.000000000000000000 ) ) ;
#2839 = EDGE_CURVE ( 'NONE', #786, #2025, #1258, .T. ) ;
#2840 = ORIENTED_EDGE ( 'NONE', *, *, #1454, .T. ) ;
#2841 = CARTESIAN_POINT ( 'NONE',  ( 46.49523096000891798, 64.84199890137129785, 4.500000000000000888 ) ) ;
#2842 =( NAMED_UNIT ( * ) PLANE_ANGLE_UNIT ( ) SI_UNIT ( $, .RADIAN. ) );
#2843 = EDGE_CURVE ( 'NONE', #1615, #256, #2315, .T. ) ;
#2844 = EDGE_LOOP ( 'NONE', ( #444, #1473, #2958, #147 ) ) ;
#2845 = ORIENTED_EDGE ( 'NONE', *, *, #3391, .T. ) ;
#2846 = DIRECTION ( 'NONE',  ( 1.000000000000000000, 0.000000000000000000, 0.000000000000000000 ) ) ;
#2847 = LINE ( 'NONE', #497, #1021 ) ;
#2848 = EDGE_CURVE ( 'NONE', #2515, #1058, #1529, .T. ) ;
#2849 = EDGE_LOOP ( 'NONE', ( #2234, #1576, #3060, #3376 ) ) ;
#2850 = VERTEX_POINT ( 'NONE', #1491 ) ;
#2851 = CARTESIAN_POINT ( 'NONE',  ( 49.66419833382099824, 28.00200117051500115, 0.05000000000000000278 ) ) ;
#2852 = CARTESIAN_POINT ( 'NONE',  ( 50.46278976710299702, 45.32000000000428486, 0.000000000000000000 ) ) ;
#2853 = CARTESIAN_POINT ( 'NONE',  ( 50.61419834256300732, 27.80200121204099872, 0.000000000000000000 ) ) ;
#2854 = CARTESIAN_POINT ( 'NONE',  ( 50.46278976710300412, 29.55200120542272657, 0.05000000000000000278 ) ) ;
#2855 = ORIENTED_EDGE ( 'NONE', *, *, #2698, .F. ) ;
#2856 = DIRECTION ( 'NONE',  ( 0.000000000000000000, 0.000000000000000000, 1.000000000000000000 ) ) ;
#2857 = CARTESIAN_POINT ( 'NONE',  ( 26.46541858999999874, 26.46809974185707759, 0.000000000000000000 ) ) ;
#2858 = ORIENTED_EDGE ( 'NONE', *, *, #687, .F. ) ;
#2859 = ORIENTED_EDGE ( 'NONE', *, *, #1196, .F. ) ;
#2860 = EDGE_CURVE ( 'NONE', #1955, #1810, #1813, .T. ) ;
#2861 = LINE ( 'NONE', #2379, #1740 ) ;
#2862 = EDGE_LOOP ( 'NONE', ( #1508, #761, #739, #2743 ) ) ;
#2863 = EDGE_LOOP ( 'NONE', ( #724, #3064, #3007, #2645 ) ) ;
#2864 = EDGE_CURVE ( 'NONE', #1376, #2704, #2185, .T. ) ;
#2865 = DIRECTION ( 'NONE',  ( 0.000000000000000000, 0.000000000000000000, 1.000000000000000000 ) ) ;
#2866 = DIRECTION ( 'NONE',  ( -0.000000000000000000, -0.000000000000000000, -1.000000000000000000 ) ) ;
#2867 = LINE ( 'NONE', #1311, #3360 ) ;
#2868 = DIRECTION ( 'NONE',  ( 0.000000000000000000, -1.000000000000000000, -9.486769009247891641E-16 ) ) ;
#2869 = ORIENTED_EDGE ( 'NONE', *, *, #2077, .F. ) ;
#2870 = CARTESIAN_POINT ( 'NONE',  ( 9.235357893426790810, 70.00199763233040073, 10.75943138354336348 ) ) ;
#2871 = AXIS2_PLACEMENT_3D ( 'NONE', #697, #2816, #984 ) ;
#2872 = FACE_BOUND ( 'NONE', #2497, .T. ) ;
#2873 = ORIENTED_EDGE ( 'NONE', *, *, #2460, .F. ) ;
#2874 = CYLINDRICAL_SURFACE ( 'NONE', #3025, 0.05000000000000148076 ) ;
#2875 = VECTOR ( 'NONE', #883, 1000.000000000000000 ) ;
#2876 = CARTESIAN_POINT ( 'NONE',  ( 49.69523096000891371, 64.84199890137129785, 3.000000000000000000 ) ) ;
#2877 = VECTOR ( 'NONE', #1102, 1000.000000000000000 ) ;
#2878 = EDGE_LOOP ( 'NONE', ( #2799, #2291, #2977, #3151 ) ) ;
#2879 = EDGE_LOOP ( 'NONE', ( #2351, #1925 ) ) ;
#2880 = EDGE_CURVE ( 'NONE', #3053, #2502, #3049, .T. ) ;
#2881 = CIRCLE ( 'NONE', #1405, 5.553607427576921829 ) ;
#2882 = CIRCLE ( 'NONE', #2935, 5.553607427576920053 ) ;
#2883 = FACE_OUTER_BOUND ( 'NONE', #3174, .T. ) ;
#2884 = DIRECTION ( 'NONE',  ( 0.000000000000000000, 0.000000000000000000, 1.000000000000000000 ) ) ;
#2885 = AXIS2_PLACEMENT_3D ( 'NONE', #167, #377, #2472 ) ;
#2886 = EDGE_CURVE ( 'NONE', #2322, #1005, #1326, .T. ) ;
#2887 = DIRECTION ( 'NONE',  ( 1.000000000000000000, 0.000000000000000000, 0.000000000000000000 ) ) ;
#2888 = AXIS2_PLACEMENT_3D ( 'NONE', #2686, #2629, #1309 ) ;
#2889 = CARTESIAN_POINT ( 'NONE',  ( 51.87499700943799752, 30.84680032591300147, 1.350000000000000089 ) ) ;
#2890 = ADVANCED_FACE ( 'NONE', ( #830 ), #1863, .F. ) ;
#2891 = VERTEX_POINT ( 'NONE', #2918 ) ;
#2892 = LINE ( 'NONE', #2636, #570 ) ;
#2893 =( NAMED_UNIT ( * ) SI_UNIT ( $, .STERADIAN. ) SOLID_ANGLE_UNIT ( ) );
#2894 = VERTEX_POINT ( 'NONE', #2099 ) ;
#2895 = CARTESIAN_POINT ( 'NONE',  ( 8.360619662391107099, 63.38859499956932098, 0.000000000000000000 ) ) ;
#2896 = CARTESIAN_POINT ( 'NONE',  ( 20.76737240559561926, 12.12795355502193040, 3.000000000000000000 ) ) ;
#2897 = FACE_OUTER_BOUND ( 'NONE', #3288, .T. ) ;
#2898 = VERTEX_POINT ( 'NONE', #1879 ) ;
#2899 = ORIENTED_EDGE ( 'NONE', *, *, #2238, .F. ) ;
#2900 = CARTESIAN_POINT ( 'NONE',  ( 34.97599999999999909, 67.89399999999999125, -4.599999999999999645 ) ) ;
#2901 = DIRECTION ( 'NONE',  ( 8.742277657347936498E-08, -0.9999999999999962252, 0.000000000000000000 ) ) ;
#2902 = ORIENTED_EDGE ( 'NONE', *, *, #2026, .T. ) ;
#2903 = DIRECTION ( 'NONE',  ( 0.000000000000000000, 0.000000000000000000, 1.000000000000000000 ) ) ;
#2904 = DIRECTION ( 'NONE',  ( 0.000000000000000000, -1.000000000000000000, 0.000000000000000000 ) ) ;
#2905 = EDGE_CURVE ( 'NONE', #3067, #3277, #2647, .T. ) ;
#2906 = LINE ( 'NONE', #1900, #88 ) ;
#2907 = ORIENTED_EDGE ( 'NONE', *, *, #1634, .T. ) ;
#2908 = DIRECTION ( 'NONE',  ( -0.9999999999999990008, -4.371135398084517093E-08, 0.000000000000000000 ) ) ;
#2909 = EDGE_CURVE ( 'NONE', #2850, #2454, #1638, .T. ) ;
#2910 = VERTEX_POINT ( 'NONE', #2388 ) ;
#2911 = DIRECTION ( 'NONE',  ( -0.9999999999999991118, -4.371138828673991410E-08, 0.000000000000000000 ) ) ;
#2912 = APPLICATION_CONTEXT ( 'automotive_design' ) ;
#2913 = CARTESIAN_POINT ( 'NONE',  ( 28.88521634381089243, 23.17573017770199684, 0.000000000000000000 ) ) ;
#2914 = DIRECTION ( 'NONE',  ( 0.000000000000000000, -0.000000000000000000, 1.000000000000000000 ) ) ;
#2915 = VERTEX_POINT ( 'NONE', #2138 ) ;
#2916 = EDGE_LOOP ( 'NONE', ( #512, #604, #3083, #1297 ) ) ;
#2917 = DIRECTION ( 'NONE',  ( 8.742277657347935174E-08, -0.9999999999999961142, 0.000000000000000000 ) ) ;
#2918 = CARTESIAN_POINT ( 'NONE',  ( 50.46278976710300412, 30.84680020245392384, 1.350000000000000089 ) ) ;
#2919 = CYLINDRICAL_SURFACE ( 'NONE', #3308, 0.05000000000000148076 ) ;
#2920 = CARTESIAN_POINT ( 'NONE',  ( 49.92499700506699867, 30.89680015543899927, -3.469446951954000916E-18 ) ) ;
#2921 = ORIENTED_EDGE ( 'NONE', *, *, #1087, .F. ) ;
#2922 = EDGE_CURVE ( 'NONE', #132, #513, #3177, .T. ) ;
#2923 = CARTESIAN_POINT ( 'NONE',  ( -0.001771158736908866067, 15.19372240650448092, 0.000000000000000000 ) ) ;
#2924 = AXIS2_PLACEMENT_3D ( 'NONE', #1393, #66, #3260 ) ;
#2925 = ORIENTED_EDGE ( 'NONE', *, *, #3225, .F. ) ;
#2926 = DIRECTION ( 'NONE',  ( 0.000000000000000000, -1.000000000000000000, 0.000000000000000000 ) ) ;
#2927 = ADVANCED_FACE ( 'NONE', ( #796 ), #1067, .T. ) ;
#2928 = DIRECTION ( 'NONE',  ( -0.000000000000000000, -0.000000000000000000, -1.000000000000000000 ) ) ;
#2929 = DIRECTION ( 'NONE',  ( 1.000000000000000000, 0.000000000000000000, 0.000000000000000000 ) ) ;
#2930 = ORIENTED_EDGE ( 'NONE', *, *, #3205, .T. ) ;
#2931 = ORIENTED_EDGE ( 'NONE', *, *, #2524, .F. ) ;
#2932 = LINE ( 'NONE', #1639, #2769 ) ;
#2933 = VECTOR ( 'NONE', #1916, 1000.000000000000114 ) ;
#2934 = PLANE ( 'NONE',  #1962 ) ;
#2935 = AXIS2_PLACEMENT_3D ( 'NONE', #1008, #2532, #3065 ) ;
#2936 = DIRECTION ( 'NONE',  ( 0.000000000000000000, 0.000000000000000000, 1.000000000000000000 ) ) ;
#2937 = FACE_BOUND ( 'NONE', #886, .T. ) ;
#2938 = ORIENTED_EDGE ( 'NONE', *, *, #1152, .F. ) ;
#2939 = AXIS2_PLACEMENT_3D ( 'NONE', #893, #129, #1168 ) ;
#2940 = CARTESIAN_POINT ( 'NONE',  ( 49.61419826606800143, 29.55200116833000124, 0.05000000000000000278 ) ) ;
#2941 = ADVANCED_FACE ( 'NONE', ( #1917 ), #569, .F. ) ;
#2942 = VECTOR ( 'NONE', #3071, 1000.000000000000000 ) ;
#2943 = ORIENTED_EDGE ( 'NONE', *, *, #1090, .F. ) ;
#2944 = DIRECTION ( 'NONE',  ( 1.000000000000000000, 0.000000000000000000, 0.000000000000000000 ) ) ;
#2945 = CARTESIAN_POINT ( 'NONE',  ( 50.54600143432600845, 4.286620378156616112E-12, 3.000000000000000000 ) ) ;
#2946 = FILL_AREA_STYLE_COLOUR ( '', #1797 ) ;
#2947 = ADVANCED_FACE ( 'NONE', ( #1619 ), #313, .F. ) ;
#2948 = ORIENTED_EDGE ( 'NONE', *, *, #3009, .F. ) ;
#2949 = EDGE_LOOP ( 'NONE', ( #2938, #2150 ) ) ;
#2950 = DIRECTION ( 'NONE',  ( -1.000000000000000000, 0.000000000000000000, 0.000000000000000000 ) ) ;
#2951 = EDGE_CURVE ( 'NONE', #2554, #1702, #1366, .T. ) ;
#2952 = CARTESIAN_POINT ( 'NONE',  ( 9.235357893426790810, 50.00199763233040073, 10.75943138354336348 ) ) ;
#2953 = DIRECTION ( 'NONE',  ( 1.000000000000000000, -2.409338161078901646E-16, -0.000000000000000000 ) ) ;
#2954 = FACE_OUTER_BOUND ( 'NONE', #3347, .T. ) ;
#2955 = LINE ( 'NONE', #596, #532 ) ;
#2956 = CARTESIAN_POINT ( 'NONE',  ( 50.46278976710301833, 7.320000000004288410, 3.000000000000000000 ) ) ;
#2957 = LINE ( 'NONE', #559, #22 ) ;
#2958 = ORIENTED_EDGE ( 'NONE', *, *, #299, .F. ) ;
#2959 = DIRECTION ( 'NONE',  ( 0.0003800275744578615004, -0.9999999277895186278, -0.000000000000000000 ) ) ;
#2960 = PRODUCT_DEFINITION ( 'UNKNOWN', '', #83, #239 ) ;
#2961 = CARTESIAN_POINT ( 'NONE',  ( 34.97599999999999909, 67.89399999999999125, -3.000000000000000000 ) ) ;
#2962 = DIRECTION ( 'NONE',  ( 1.000000000000000000, 0.000000000000000000, 0.000000000000000000 ) ) ;
#2963 = ORIENTED_EDGE ( 'NONE', *, *, #192, .F. ) ;
#2964 = ORIENTED_EDGE ( 'NONE', *, *, #2909, .F. ) ;
#2965 = ADVANCED_FACE ( 'NONE', ( #1897 ), #2934, .F. ) ;
#2966 = CARTESIAN_POINT ( 'NONE',  ( 53.09523096000640408, 64.84199890137129785, 5.000000000000000000 ) ) ;
#2967 = DIRECTION ( 'NONE',  ( 0.0001250508168815968747, 0.9999999921811464354, 0.000000000000000000 ) ) ;
#2968 = EDGE_CURVE ( 'NONE', #2648, #1206, #2076, .T. ) ;
#2969 = PLANE ( 'NONE',  #1287 ) ;
#2970 = DIRECTION ( 'NONE',  ( 0.000000000000000000, 0.000000000000000000, 1.000000000000000000 ) ) ;
#2971 = DIRECTION ( 'NONE',  ( 0.000000000000000000, 0.000000000000000000, 1.000000000000000000 ) ) ;
#2972 = ORIENTED_EDGE ( 'NONE', *, *, #587, .F. ) ;
#2973 = DIRECTION ( 'NONE',  ( 0.000000000000000000, 0.000000000000000000, -1.000000000000000000 ) ) ;
#2974 = CLOSED_SHELL ( 'NONE', ( #112, #858, #3181, #3137, #602, #727, #711, #2363, #554, #2217, #2591, #1148, #1947, #2684, #1966, #1190, #1536, #4, #1544, #1807, #2346, #837, #2617, #2702, #1629, #917, #2965, #1312, #1210, #819, #1264, #1885, #1015, #2717, #1927, #1433, #919, #3117, #2112, #880, #1711, #753, #1254, #2241, #2359, #853, #155, #1056, #2544, #1881, #405, #1340, #1520, #515, #537, #2784, #242, #3258, #1126, #2443, #2420, #519, #90, #2890, #1481, #626, #610, #198 ) ) ;
#2975 = DIRECTION ( 'NONE',  ( 1.000000000000000000, 0.000000000000000000, 0.000000000000000000 ) ) ;
#2976 = AXIS2_PLACEMENT_3D ( 'NONE', #851, #1384, #2126 ) ;
#2977 = ORIENTED_EDGE ( 'NONE', *, *, #642, .T. ) ;
#2978 = ORIENTED_EDGE ( 'NONE', *, *, #3178, .T. ) ;
#2979 = PRODUCT ( 'support1', 'support1', '', ( #383 ) ) ;
#2980 = DIRECTION ( 'NONE',  ( -4.371142336978421000E-08, 0.9999999999999990008, 0.000000000000000000 ) ) ;
#2981 = CARTESIAN_POINT ( 'NONE',  ( 51.39523096000765889, 64.84199890137129785, 4.500000000000000888 ) ) ;
#2982 = CIRCLE ( 'NONE', #19, 0.05000000000000148076 ) ;
#2983 = EDGE_CURVE ( 'NONE', #1153, #782, #595, .T. ) ;
#2984 = AXIS2_PLACEMENT_3D ( 'NONE', #2598, #1870, #71 ) ;
#2985 = DIRECTION ( 'NONE',  ( -0.000000000000000000, 1.000000000000000000, -0.000000000000000000 ) ) ;
#2986 = CARTESIAN_POINT ( 'NONE',  ( 50.46278976710300412, 29.55200120985600165, 1.000000000000000000 ) ) ;
#2987 = PLANE ( 'NONE',  #417 ) ;
#2988 = EDGE_CURVE ( 'NONE', #1951, #1605, #2121, .T. ) ;
#2989 = AXIS2_PLACEMENT_3D ( 'NONE', #1844, #3141, #2137 ) ;
#2990 = CARTESIAN_POINT ( 'NONE',  ( 16.79783914143555634, 15.19372240650392847, 0.000000000000000000 ) ) ;
#2991 = AXIS2_PLACEMENT_3D ( 'NONE', #1031, #1579, #2663 ) ;
#2992 = EDGE_CURVE ( 'NONE', #1895, #2648, #1911, .T. ) ;
#2993 = ORIENTED_EDGE ( 'NONE', *, *, #1670, .F. ) ;
#2994 = CARTESIAN_POINT ( 'NONE',  ( 9.235357893426790810, 51.24900787648738998, 5.205823955966441652 ) ) ;
#2995 = VECTOR ( 'NONE', #1071, 1000.000000000000000 ) ;
#2996 = FACE_OUTER_BOUND ( 'NONE', #2526, .T. ) ;
#2997 = AXIS2_PLACEMENT_3D ( 'NONE', #2016, #3126, #240 ) ;
#2998 = EDGE_LOOP ( 'NONE', ( #493, #1705 ) ) ;
#2999 = VERTEX_POINT ( 'NONE', #1583 ) ;
#3000 = LINE ( 'NONE', #2966, #1847 ) ;
#3001 = CARTESIAN_POINT ( 'NONE',  ( 28.96541858999999164, 26.46809974185707759, 3.000000000000000000 ) ) ;
#3002 = ORIENTED_EDGE ( 'NONE', *, *, #2864, .T. ) ;
#3003 = VERTEX_POINT ( 'NONE', #373 ) ;
#3004 = CARTESIAN_POINT ( 'NONE',  ( 49.61419834256300732, 27.80200116833000124, 0.9499999999999999556 ) ) ;
#3005 = DIRECTION ( 'NONE',  ( -0.0001250508168815968747, -0.9999999921811464354, 0.000000000000000000 ) ) ;
#3006 = EDGE_CURVE ( 'NONE', #2024, #2116, #1719, .T. ) ;
#3007 = ORIENTED_EDGE ( 'NONE', *, *, #2641, .F. ) ;
#3008 = DIRECTION ( 'NONE',  ( 0.000000000000000000, 0.000000000000000000, 1.000000000000000000 ) ) ;
#3009 = EDGE_CURVE ( 'NONE', #3328, #2478, #3275, .T. ) ;
#3010 = PLANE ( 'NONE',  #1177 ) ;
#3011 = ORIENTED_EDGE ( 'NONE', *, *, #1333, .T. ) ;
#3012 = VERTEX_POINT ( 'NONE', #1973 ) ;
#3013 = CARTESIAN_POINT ( 'NONE',  ( 50.54600143432600845, 4.286620378156616112E-12, 3.000000000000000000 ) ) ;
#3014 = CARTESIAN_POINT ( 'NONE',  ( 50.61419833382100819, 28.00200121204100157, 1.000000000000000000 ) ) ;
#3015 = VERTEX_POINT ( 'NONE', #2214 ) ;
#3016 = ORIENTED_EDGE ( 'NONE', *, *, #133, .F. ) ;
#3017 = CARTESIAN_POINT ( 'NONE',  ( 50.61419834256300732, 27.80200121204099872, 0.000000000000000000 ) ) ;
#3018 = CARTESIAN_POINT ( 'NONE',  ( 0.1237189390035243614, 55.01166757435498766, 6.588923461793866565 ) ) ;
#3019 = LINE ( 'NONE', #1444, #3321 ) ;
#3020 = DIRECTION ( 'NONE',  ( 1.000000000000000000, 0.000000000000000000, 0.000000000000000000 ) ) ;
#3021 = EDGE_CURVE ( 'NONE', #193, #402, #1027, .T. ) ;
#3022 = ORIENTED_EDGE ( 'NONE', *, *, #2047, .T. ) ;
#3023 = CARTESIAN_POINT ( 'NONE',  ( 50.66486707213653062, 63.00287427383352679, 0.000000000000000000 ) ) ;
#3024 = DIRECTION ( 'NONE',  ( 1.000000000000000000, 0.000000000000000000, 0.000000000000000000 ) ) ;
#3025 = AXIS2_PLACEMENT_3D ( 'NONE', #3371, #1522, #2566 ) ;
#3026 = EDGE_CURVE ( 'NONE', #16, #119, #2202, .T. ) ;
#3027 = EDGE_LOOP ( 'NONE', ( #2361, #1053, #2100, #161 ) ) ;
#3028 = EDGE_LOOP ( 'NONE', ( #205, #2079, #651, #2511 ) ) ;
#3029 = AXIS2_PLACEMENT_3D ( 'NONE', #2703, #70, #38 ) ;
#3030 = CARTESIAN_POINT ( 'NONE',  ( 50.46278976710300412, 29.60200120542272728, 0.9499999999999999556 ) ) ;
#3031 = CARTESIAN_POINT ( 'NONE',  ( 28.88521634381089243, 12.12795355502193040, 0.000000000000000000 ) ) ;
#3032 = EDGE_CURVE ( 'NONE', #552, #3063, #2746, .T. ) ;
#3033 = VERTEX_POINT ( 'NONE', #3255 ) ;
#3034 = ORIENTED_EDGE ( 'NONE', *, *, #935, .F. ) ;
#3035 = AXIS2_PLACEMENT_3D ( 'NONE', #224, #1998, #1275 ) ;
#3036 = DIRECTION ( 'NONE',  ( 5.478074134663600261E-16, -1.000000000000000000, 0.000000000000000000 ) ) ;
#3037 = AXIS2_PLACEMENT_3D ( 'NONE', #665, #2207, #1484 ) ;
#3038 = CARTESIAN_POINT ( 'NONE',  ( 57.65800094604500714, 7.025000095371286335, 3.000000000000000000 ) ) ;
#3039 = CARTESIAN_POINT ( 'NONE',  ( 49.66419827262500775, 29.40200117051499973, 1.000000000000000000 ) ) ;
#3040 = CARTESIAN_POINT ( 'NONE',  ( 49.66419826606799859, 29.55200117051499831, 0.05000000000000000278 ) ) ;
#3041 = VECTOR ( 'NONE', #1972, 1000.000000000000000 ) ;
#3042 = VERTEX_POINT ( 'NONE', #1141 ) ;
#3043 = CARTESIAN_POINT ( 'NONE',  ( 24.84072757557567712, 36.41303385995264819, -3.000000000000000000 ) ) ;
#3044 = CIRCLE ( 'NONE', #2227, 4.330697054907822974 ) ;
#3045 = DIRECTION ( 'NONE',  ( 5.478074134663600261E-16, -1.000000000000000000, 0.000000000000000000 ) ) ;
#3046 = VECTOR ( 'NONE', #1867, 1000.000000000000000 ) ;
#3047 = ORIENTED_EDGE ( 'NONE', *, *, #2155, .T. ) ;
#3048 = EDGE_LOOP ( 'NONE', ( #731, #792, #46, #2858 ) ) ;
#3049 = CIRCLE ( 'NONE', #421, 0.05000000000000143219 ) ;
#3050 = EDGE_CURVE ( 'NONE', #1232, #1922, #1438, .T. ) ;
#3051 = LINE ( 'NONE', #707, #195 ) ;
#3052 = CARTESIAN_POINT ( 'NONE',  ( 51.39523096000765889, 64.84199890137129785, 0.000000000000000000 ) ) ;
#3053 = VERTEX_POINT ( 'NONE', #654 ) ;
#3054 = AXIS2_PLACEMENT_3D ( 'NONE', #2552, #164, #442 ) ;
#3055 = EDGE_CURVE ( 'NONE', #980, #1452, #621, .T. ) ;
#3056 = DIRECTION ( 'NONE',  ( 1.000000000000000000, 5.478074134663600261E-16, 0.000000000000000000 ) ) ;
#3057 = DIRECTION ( 'NONE',  ( -0.9999999999999962252, -8.742277657347936498E-08, 0.000000000000000000 ) ) ;
#3058 = DIRECTION ( 'NONE',  ( 0.000000000000000000, 0.000000000000000000, 1.000000000000000000 ) ) ;
#3059 = DIRECTION ( 'NONE',  ( 0.000000000000000000, 0.000000000000000000, 1.000000000000000000 ) ) ;
#3060 = ORIENTED_EDGE ( 'NONE', *, *, #2404, .T. ) ;
#3061 = CARTESIAN_POINT ( 'NONE',  ( 33.25038507024311230, 65.83635289751217101, 0.000000000000000000 ) ) ;
#3062 = LINE ( 'NONE', #265, #632 ) ;
#3063 = VERTEX_POINT ( 'NONE', #3001 ) ;
#3064 = ORIENTED_EDGE ( 'NONE', *, *, #730, .F. ) ;
#3065 = DIRECTION ( 'NONE',  ( 0.000000000000000000, 0.000000000000000000, 1.000000000000000000 ) ) ;
#3066 = FACE_OUTER_BOUND ( 'NONE', #2998, .T. ) ;
#3067 = VERTEX_POINT ( 'NONE', #1704 ) ;
#3068 = ORIENTED_EDGE ( 'NONE', *, *, #3133, .T. ) ;
#3069 = EDGE_CURVE ( 'NONE', #3221, #234, #149, .T. ) ;
#3070 = CARTESIAN_POINT ( 'NONE',  ( 40.90698424227282715, 58.15736828445517403, 3.000000000000000000 ) ) ;
#3071 = DIRECTION ( 'NONE',  ( 5.478074134663600261E-16, -1.000000000000000000, 0.000000000000000000 ) ) ;
#3072 = EDGE_CURVE ( 'NONE', #62, #2228, #2232, .T. ) ;
#3073 = FACE_OUTER_BOUND ( 'NONE', #1318, .T. ) ;
#3074 = CARTESIAN_POINT ( 'NONE',  ( 7.086999893188005828, 4.286620378156616112E-12, 3.000000000000000000 ) ) ;
#3075 = ORIENTED_EDGE ( 'NONE', *, *, #706, .F. ) ;
#3076 = DIRECTION ( 'NONE',  ( -0.9999999999999962252, -8.742277657347936498E-08, 0.000000000000000000 ) ) ;
#3077 = DIRECTION ( 'NONE',  ( 1.000000000000000000, -3.283659891533087957E-14, 0.000000000000000000 ) ) ;
#3078 = ORIENTED_EDGE ( 'NONE', *, *, #2753, .F. ) ;
#3079 = ORIENTED_EDGE ( 'NONE', *, *, #31, .T. ) ;
#3080 = CARTESIAN_POINT ( 'NONE',  ( 15.33263409895985951, 55.64203330755000110, 0.000000000000000000 ) ) ;
#3081 = CIRCLE ( 'NONE', #232, 5.553607427576921829 ) ;
#3082 = LINE ( 'NONE', #2330, #478 ) ;
#3083 = ORIENTED_EDGE ( 'NONE', *, *, #1019, .T. ) ;
#3084 = ORIENTED_EDGE ( 'NONE', *, *, #2143, .T. ) ;
#3085 = VECTOR ( 'NONE', #194, 1000.000000000000000 ) ;
#3086 = DIRECTION ( 'NONE',  ( 1.201115100076789619E-16, 1.000000000000000000, -0.000000000000000000 ) ) ;
#3087 = EDGE_CURVE ( 'NONE', #323, #942, #926, .T. ) ;
#3088 = FACE_OUTER_BOUND ( 'NONE', #2623, .T. ) ;
#3089 = AXIS2_PLACEMENT_3D ( 'NONE', #2391, #553, #1367 ) ;
#3090 = EDGE_LOOP ( 'NONE', ( #2125, #955, #152 ) ) ;
#3091 = AXIS2_PLACEMENT_3D ( 'NONE', #936, #1985, #2975 ) ;
#3092 = CARTESIAN_POINT ( 'NONE',  ( -0.002999714528393699568, 7.026897941195023201, 3.000000000000000000 ) ) ;
#3093 = EDGE_CURVE ( 'NONE', #1558, #16, #2759, .T. ) ;
#3094 = LINE ( 'NONE', #2321, #2675 ) ;
#3095 = AXIS2_PLACEMENT_3D ( 'NONE', #1042, #3118, #2090 ) ;
#3096 = ORIENTED_EDGE ( 'NONE', *, *, #2271, .T. ) ;
#3097 = CARTESIAN_POINT ( 'NONE',  ( 51.87499689141700543, 32.19680032591300289, 1.350000000000000089 ) ) ;
#3098 = DIRECTION ( 'NONE',  ( -0.7102604095541718010, 0.7039390247883264840, 0.000000000000000000 ) ) ;
#3099 = CIRCLE ( 'NONE', #3211, 1.199999999999999734 ) ;
#3100 = ADVANCED_FACE ( 'NONE', ( #1425 ), #3290, .T. ) ;
#3101 = ORIENTED_EDGE ( 'NONE', *, *, #449, .T. ) ;
#3102 = DIRECTION ( 'NONE',  ( 4.371142336978421000E-08, -0.9999999999999990008, 0.000000000000000000 ) ) ;
#3103 = VECTOR ( 'NONE', #3396, 1000.000000000000000 ) ;
#3104 = DIRECTION ( 'NONE',  ( 8.742270796169010363E-08, -0.9999999999999962252, 0.000000000000000000 ) ) ;
#3105 = VECTOR ( 'NONE', #1556, 1000.000000000000000 ) ;
#3106 = CARTESIAN_POINT ( 'NONE',  ( 8.360619662391107099, 50.00199763233040073, 16.24371697847750440 ) ) ;
#3107 = VERTEX_POINT ( 'NONE', #3031 ) ;
#3108 = ORIENTED_EDGE ( 'NONE', *, *, #1843, .F. ) ;
#3109 = AXIS2_PLACEMENT_3D ( 'NONE', #467, #190, #1514 ) ;
#3110 = LINE ( 'NONE', #1545, #2604 ) ;
#3111 = CARTESIAN_POINT ( 'NONE',  ( 50.61419833382100819, 28.00200121204100157, 0.000000000000000000 ) ) ;
#3112 = VECTOR ( 'NONE', #2368, 1000.000000000000000 ) ;
#3113 = DIRECTION ( 'NONE',  ( 0.000000000000000000, 0.000000000000000000, 1.000000000000000000 ) ) ;
#3114 = CARTESIAN_POINT ( 'NONE',  ( 51.39523096000765889, 64.84199890137129785, 4.500000000000000888 ) ) ;
#3115 = ORIENTED_EDGE ( 'NONE', *, *, #1107, .T. ) ;
#3116 = CARTESIAN_POINT ( 'NONE',  ( 3.711240931004555765, 11.75999999999999979, -3.000000000000000000 ) ) ;
#3117 = ADVANCED_FACE ( 'NONE', ( #1156 ), #688, .F. ) ;
#3118 = DIRECTION ( 'NONE',  ( -0.9999999999999962252, -8.742277657347936498E-08, 0.000000000000000000 ) ) ;
#3119 = VERTEX_POINT ( 'NONE', #881 ) ;
#3120 = EDGE_CURVE ( 'NONE', #566, #2798, #813, .T. ) ;
#3121 = CARTESIAN_POINT ( 'NONE',  ( 33.24764618672907091, 67.89399999999999125, -3.000000000000000000 ) ) ;
#3122 = LINE ( 'NONE', #181, #2129 ) ;
#3123 = ORIENTED_EDGE ( 'NONE', *, *, #367, .T. ) ;
#3124 = ORIENTED_EDGE ( 'NONE', *, *, #1364, .T. ) ;
#3125 = DIRECTION ( 'NONE',  ( 1.000000000000000000, 0.000000000000000000, 0.000000000000000000 ) ) ;
#3126 = DIRECTION ( 'NONE',  ( -0.9999999999999991118, -4.371138828673991410E-08, 0.000000000000000000 ) ) ;
#3127 = ORIENTED_EDGE ( 'NONE', *, *, #960, .T. ) ;
#3128 = FACE_OUTER_BOUND ( 'NONE', #1681, .T. ) ;
#3129 = DIRECTION ( 'NONE',  ( -0.000000000000000000, -0.000000000000000000, -1.000000000000000000 ) ) ;
#3130 = ORIENTED_EDGE ( 'NONE', *, *, #2424, .T. ) ;
#3131 = CARTESIAN_POINT ( 'NONE',  ( 50.46278976710300412, 28.00200117051500115, 1.000000000000000000 ) ) ;
#3132 = DIRECTION ( 'NONE',  ( 0.000000000000000000, 0.000000000000000000, 1.000000000000000000 ) ) ;
#3133 = EDGE_CURVE ( 'NONE', #1302, #2454, #357, .T. ) ;
#3134 = ORIENTED_EDGE ( 'NONE', *, *, #2404, .F. ) ;
#3135 = ORIENTED_EDGE ( 'NONE', *, *, #1163, .T. ) ;
#3136 = FACE_OUTER_BOUND ( 'NONE', #3048, .T. ) ;
#3137 = ADVANCED_FACE ( 'NONE', ( #1411 ), #2456, .T. ) ;
#3138 = CARTESIAN_POINT ( 'NONE',  ( 15.33263409895985951, 70.00199763233040073, 0.000000000000000000 ) ) ;
#3139 = VERTEX_POINT ( 'NONE', #2282 ) ;
#3140 = ORIENTED_EDGE ( 'NONE', *, *, #1819, .F. ) ;
#3141 = DIRECTION ( 'NONE',  ( -4.371138828673991410E-08, 0.9999999999999991118, 0.000000000000000000 ) ) ;
#3142 = EDGE_CURVE ( 'NONE', #785, #3277, #3122, .T. ) ;
#3143 = DIRECTION ( 'NONE',  ( 0.000000000000000000, 0.000000000000000000, 1.000000000000000000 ) ) ;
#3144 = ORIENTED_EDGE ( 'NONE', *, *, #1320, .F. ) ;
#3145 = CYLINDRICAL_SURFACE ( 'NONE', #1997, 1.700399999999997691 ) ;
#3146 = CARTESIAN_POINT ( 'NONE',  ( 15.33263409895985951, 63.00287427383352679, 3.000000000000000000 ) ) ;
#3147 = DIRECTION ( 'NONE',  ( -0.9999999999999990008, -4.371142336978422324E-08, 0.000000000000000000 ) ) ;
#3148 = ORIENTED_EDGE ( 'NONE', *, *, #3337, .F. ) ;
#3149 = DIRECTION ( 'NONE',  ( 0.000000000000000000, 0.000000000000000000, 1.000000000000000000 ) ) ;
#3150 = CARTESIAN_POINT ( 'NONE',  ( 49.66419833382099824, 28.00200117051500115, 0.05000000000000000278 ) ) ;
#3151 = ORIENTED_EDGE ( 'NONE', *, *, #1737, .T. ) ;
#3152 = CARTESIAN_POINT ( 'NONE',  ( 57.65800094604500714, 7.025000095371286335, 0.000000000000000000 ) ) ;
#3153 = FACE_OUTER_BOUND ( 'NONE', #162, .T. ) ;
#3154 = LINE ( 'NONE', #2167, #1851 ) ;
#3155 = CIRCLE ( 'NONE', #2548, 0.05000000000000161954 ) ;
#3156 = ORIENTED_EDGE ( 'NONE', *, *, #3050, .T. ) ;
#3157 = ORIENTED_EDGE ( 'NONE', *, *, #2283, .F. ) ;
#3158 = EDGE_CURVE ( 'NONE', #1955, #2347, #202, .T. ) ;
#3159 = VECTOR ( 'NONE', #1305, 1000.000000000000000 ) ;
#3160 = VECTOR ( 'NONE', #2510, 1000.000000000000000 ) ;
#3161 = FACE_OUTER_BOUND ( 'NONE', #801, .T. ) ;
#3162 = DIRECTION ( 'NONE',  ( 5.478074134663600261E-16, -1.000000000000000000, 0.000000000000000000 ) ) ;
#3163 = ORIENTED_EDGE ( 'NONE', *, *, #2505, .F. ) ;
#3164 = AXIS2_PLACEMENT_3D ( 'NONE', #1933, #2971, #624 ) ;
#3165 = EDGE_CURVE ( 'NONE', #3012, #2666, #645, .T. ) ;
#3166 = DIRECTION ( 'NONE',  ( -0.000000000000000000, -0.000000000000000000, -1.000000000000000000 ) ) ;
#3167 = AXIS2_PLACEMENT_3D ( 'NONE', #65, #2901, #1103 ) ;
#3168 = FACE_OUTER_BOUND ( 'NONE', #280, .T. ) ;
#3169 = ORIENTED_EDGE ( 'NONE', *, *, #949, .T. ) ;
#3170 = DIRECTION ( 'NONE',  ( 0.9999860841915835241, -0.005275549562206515754, 0.000000000000000000 ) ) ;
#3171 = ORIENTED_EDGE ( 'NONE', *, *, #2091, .F. ) ;
#3172 = CARTESIAN_POINT ( 'NONE',  ( 49.61419834256300732, 27.80200116833000124, 0.000000000000000000 ) ) ;
#3173 = LINE ( 'NONE', #825, #2069 ) ;
#3174 = EDGE_LOOP ( 'NONE', ( #2695, #2930, #527, #1422 ) ) ;
#3175 = ORIENTED_EDGE ( 'NONE', *, *, #3006, .F. ) ;
#3176 = DIRECTION ( 'NONE',  ( -0.000000000000000000, -0.000000000000000000, -1.000000000000000000 ) ) ;
#3177 = LINE ( 'NONE', #608, #145 ) ;
#3178 = EDGE_CURVE ( 'NONE', #1349, #1096, #3082, .T. ) ;
#3179 = LINE ( 'NONE', #2408, #1617 ) ;
#3180 = CARTESIAN_POINT ( 'NONE',  ( 8.360619662391107099, 63.38859499956932098, 3.000000000000000000 ) ) ;
#3181 = ADVANCED_FACE ( 'NONE', ( #2081 ), #426, .F. ) ;
#3182 = ORIENTED_EDGE ( 'NONE', *, *, #3072, .T. ) ;
#3183 = CARTESIAN_POINT ( 'NONE',  ( 49.61419833382100109, 28.00200116833000052, 0.9499999999999999556 ) ) ;
#3184 = EDGE_LOOP ( 'NONE', ( #3134, #1936, #3292 ) ) ;
#3185 = DIRECTION ( 'NONE',  ( -0.9999999999999961142, -8.742277657347935174E-08, 0.000000000000000000 ) ) ;
#3186 = DIRECTION ( 'NONE',  ( -1.000000000000000000, 0.000000000000000000, 0.000000000000000000 ) ) ;
#3187 = CARTESIAN_POINT ( 'NONE',  ( 47.01002342266195910, 2.401465347587071530, -3.000000000000000000 ) ) ;
#3188 = DIRECTION ( 'NONE',  ( 0.000000000000000000, 0.000000000000000000, 1.000000000000000000 ) ) ;
#3189 = ORIENTED_EDGE ( 'NONE', *, *, #3178, .F. ) ;
#3190 = ORIENTED_EDGE ( 'NONE', *, *, #3337, .T. ) ;
#3191 = CARTESIAN_POINT ( 'NONE',  ( 43.29763704129243962, 58.15736828445517403, 3.000000000000000000 ) ) ;
#3192 = CARTESIAN_POINT ( 'NONE',  ( 49.66419834037699843, 27.85200117051499902, 0.9499999999999999556 ) ) ;
#3193 = DIRECTION ( 'NONE',  ( 0.000000000000000000, 0.000000000000000000, 1.000000000000000000 ) ) ;
#3194 = EDGE_CURVE ( 'NONE', #1269, #2223, #3271, .T. ) ;
#3195 = CARTESIAN_POINT ( 'NONE',  ( 46.49523096000891798, 64.84199890137129785, 3.000000000000000000 ) ) ;
#3196 = VECTOR ( 'NONE', #735, 1000.000000000000000 ) ;
#3197 = ORIENTED_EDGE ( 'NONE', *, *, #960, .F. ) ;
#3198 = DIRECTION ( 'NONE',  ( 1.927299233774757137E-16, -1.000000000000000000, 0.000000000000000000 ) ) ;
#3199 = CIRCLE ( 'NONE', #514, 0.05000000000000148076 ) ;
#3200 = EDGE_CURVE ( 'NONE', #633, #2065, #2533, .T. ) ;
#3201 =( LENGTH_UNIT ( ) NAMED_UNIT ( * ) SI_UNIT ( .MILLI., .METRE. ) );
#3202 = VECTOR ( 'NONE', #3058, 1000.000000000000000 ) ;
#3203 = VERTEX_POINT ( 'NONE', #1284 ) ;
#3204 = DIRECTION ( 'NONE',  ( -0.9999999999999991118, -4.371138828673991410E-08, 0.000000000000000000 ) ) ;
#3205 = EDGE_CURVE ( 'NONE', #1306, #2168, #759, .T. ) ;
#3206 = AXIS2_PLACEMENT_3D ( 'NONE', #2218, #840, #888 ) ;
#3207 = DIRECTION ( 'NONE',  ( -4.371142336978421000E-08, 0.9999999999999990008, 0.000000000000000000 ) ) ;
#3208 = VERTEX_POINT ( 'NONE', #1757 ) ;
#3209 = ORIENTED_EDGE ( 'NONE', *, *, #3361, .T. ) ;
#3210 = LINE ( 'NONE', #1668, #2933 ) ;
#3211 = AXIS2_PLACEMENT_3D ( 'NONE', #1325, #795, #12 ) ;
#3212 = CARTESIAN_POINT ( 'NONE',  ( 34.97599999999999909, 67.89399999999999125, 0.000000000000000000 ) ) ;
#3213 =( GEOMETRIC_REPRESENTATION_CONTEXT ( 3 ) GLOBAL_UNCERTAINTY_ASSIGNED_CONTEXT ( ( #2160 ) ) GLOBAL_UNIT_ASSIGNED_CONTEXT ( ( #1374, #61, #3393 ) ) REPRESENTATION_CONTEXT ( 'NONE', 'WORKASPACE' ) );
#3214 = DIRECTION ( 'NONE',  ( -0.000000000000000000, -0.000000000000000000, -1.000000000000000000 ) ) ;
#3215 = FACE_OUTER_BOUND ( 'NONE', #3184, .T. ) ;
#3216 = AXIS2_PLACEMENT_3D ( 'NONE', #3114, #1276, #1780 ) ;
#3217 = PRODUCT_RELATED_PRODUCT_CATEGORY ( 'part', '', ( #2979 ) ) ;
#3218 = VECTOR ( 'NONE', #3241, 1000.000000000000000 ) ;
#3219 = UNCERTAINTY_MEASURE_WITH_UNIT (LENGTH_MEASURE( 1.000000000000000082E-05 ), #2818, 'distance_accuracy_value', 'NONE');
#3220 = EDGE_CURVE ( 'NONE', #2307, #3389, #1009, .T. ) ;
#3221 = VERTEX_POINT ( 'NONE', #1524 ) ;
#3222 = FILL_AREA_STYLE ('',( #1647 ) ) ;
#3223 = CARTESIAN_POINT ( 'NONE',  ( 8.360619662391105322, 70.00199890136700276, 17.50000000000000000 ) ) ;
#3224 = LINE ( 'NONE', #860, #2773 ) ;
#3225 = EDGE_CURVE ( 'NONE', #912, #2894, #2847, .T. ) ;
#3226 = ORIENTED_EDGE ( 'NONE', *, *, #3235, .T. ) ;
#3227 = ORIENTED_EDGE ( 'NONE', *, *, #1819, .T. ) ;
#3228 = CARTESIAN_POINT ( 'NONE',  ( 29.17142463048350010, 36.41303385995264819, -3.000000000000000000 ) ) ;
#3229 = DIRECTION ( 'NONE',  ( -0.000000000000000000, 0.000000000000000000, -1.000000000000000000 ) ) ;
#3230 = CYLINDRICAL_SURFACE ( 'NONE', #1503, 5.553607427576920053 ) ;
#3231 = DIRECTION ( 'NONE',  ( 0.000000000000000000, 0.000000000000000000, 1.000000000000000000 ) ) ;
#3232 = DIRECTION ( 'NONE',  ( -0.9999999921811465464, 0.0001250508168815969018, 0.000000000000000000 ) ) ;
#3233 = ORIENTED_EDGE ( 'NONE', *, *, #2182, .T. ) ;
#3234 = FACE_OUTER_BOUND ( 'NONE', #365, .T. ) ;
#3235 = EDGE_CURVE ( 'NONE', #2515, #723, #2569, .T. ) ;
#3236 = DIRECTION ( 'NONE',  ( 0.000000000000000000, 0.000000000000000000, 1.000000000000000000 ) ) ;
#3237 = ORIENTED_EDGE ( 'NONE', *, *, #1570, .T. ) ;
#3238 = ORIENTED_EDGE ( 'NONE', *, *, #305, .F. ) ;
#3239 = EDGE_CURVE ( 'NONE', #1164, #1992, #2042, .T. ) ;
#3240 = CARTESIAN_POINT ( 'NONE',  ( 49.61419833382100109, 28.00200116833000052, 0.05000000000000000278 ) ) ;
#3241 = DIRECTION ( 'NONE',  ( 5.478074134663601247E-16, -1.000000000000000000, 0.000000000000000000 ) ) ;
#3242 = CARTESIAN_POINT ( 'NONE',  ( 57.65800094604500714, 7.025000095371286335, 3.000000000000000000 ) ) ;
#3243 = EDGE_CURVE ( 'NONE', #513, #439, #415, .T. ) ;
#3244 = DIRECTION ( 'NONE',  ( -0.7914391044801348807, 0.6112480215916303861, 0.000000000000000000 ) ) ;
#3245 = LINE ( 'NONE', #2252, #2339 ) ;
#3246 = ORIENTED_EDGE ( 'NONE', *, *, #174, .F. ) ;
#3247 = LINE ( 'NONE', #1682, #457 ) ;
#3248 = AXIS2_PLACEMENT_3D ( 'NONE', #1589, #89, #1884 ) ;
#3249 = CYLINDRICAL_SURFACE ( 'NONE', #2599, 4.899999999998739142 ) ;
#3250 = CIRCLE ( 'NONE', #1778, 1.700399999999997691 ) ;
#3251 = ORIENTED_EDGE ( 'NONE', *, *, #1864, .F. ) ;
#3252 = EDGE_LOOP ( 'NONE', ( #1115, #131, #1023, #2782 ) ) ;
#3253 = VECTOR ( 'NONE', #594, 1000.000000000000000 ) ;
#3254 = LINE ( 'NONE', #2171, #3041 ) ;
#3255 = CARTESIAN_POINT ( 'NONE',  ( 23.96541859000000230, 26.46809974185707759, 0.000000000000000000 ) ) ;
#3256 = AXIS2_PLACEMENT_3D ( 'NONE', #1672, #2486, #135 ) ;
#3257 = ORIENTED_EDGE ( 'NONE', *, *, #998, .T. ) ;
#3258 = ADVANCED_FACE ( 'NONE', ( #2584, #3066 ), #233, .F. ) ;
#3259 = CIRCLE ( 'NONE', #689, 4.899999999998739142 ) ;
#3260 = DIRECTION ( 'NONE',  ( 1.000000000000000000, 0.000000000000000000, -0.000000000000000000 ) ) ;
#3261 = FACE_OUTER_BOUND ( 'NONE', #2878, .T. ) ;
#3262 = CARTESIAN_POINT ( 'NONE',  ( 8.360619662391105322, 70.00199890136700276, 17.50000000000000000 ) ) ;
#3263 = AXIS2_PLACEMENT_3D ( 'NONE', #1344, #2865, #3125 ) ;
#3264 = ADVANCED_FACE ( 'NONE', ( #1032 ), #2310, .T. ) ;
#3265 = CARTESIAN_POINT ( 'NONE',  ( 49.92499689141700259, 32.19680015543899998, 1.399999999999999911 ) ) ;
#3266 = VECTOR ( 'NONE', #336, 1000.000000000000000 ) ;
#3267 = ORIENTED_EDGE ( 'NONE', *, *, #2211, .F. ) ;
#3268 = LINE ( 'NONE', #2474, #1835 ) ;
#3269 = VECTOR ( 'NONE', #52, 1000.000000000000227 ) ;
#3270 = CARTESIAN_POINT ( 'NONE',  ( 50.46278976710300412, 27.85200120763907705, 0.000000000000000000 ) ) ;
#3271 = CIRCLE ( 'NONE', #1294, 1.699999999998744293 ) ;
#3272 = ORIENTED_EDGE ( 'NONE', *, *, #261, .T. ) ;
#3273 = ORIENTED_EDGE ( 'NONE', *, *, #50, .T. ) ;
#3274 = CARTESIAN_POINT ( 'NONE',  ( 15.33263409895985951, 55.64203330755000110, 0.000000000000000000 ) ) ;
#3275 = LINE ( 'NONE', #388, #2835 ) ;
#3276 = ORIENTED_EDGE ( 'NONE', *, *, #1823, .F. ) ;
#3277 = VERTEX_POINT ( 'NONE', #1219 ) ;
#3278 = FACE_OUTER_BOUND ( 'NONE', #1716, .T. ) ;
#3279 = CARTESIAN_POINT ( 'NONE',  ( 20.76737240559561926, 12.12795355502193040, 0.000000000000000000 ) ) ;
#3280 = EDGE_CURVE ( 'NONE', #588, #633, #1255, .T. ) ;
#3281 = CARTESIAN_POINT ( 'NONE',  ( 28.88521634381089243, 12.12795355502193040, 3.000000000000000000 ) ) ;
#3282 = EDGE_CURVE ( 'NONE', #1697, #177, #991, .T. ) ;
#3283 = CARTESIAN_POINT ( 'NONE',  ( 49.66419834256299737, 27.80200117051500186, 0.05000000000000000278 ) ) ;
#3284 = ORIENTED_EDGE ( 'NONE', *, *, #2197, .T. ) ;
#3285 = CYLINDRICAL_SURFACE ( 'NONE', #2590, 0.05000000000000148076 ) ;
#3286 = DIRECTION ( 'NONE',  ( -4.371138828673991410E-08, 0.9999999999999991118, 0.000000000000000000 ) ) ;
#3287 = ORIENTED_EDGE ( 'NONE', *, *, #2992, .T. ) ;
#3288 = EDGE_LOOP ( 'NONE', ( #3226, #709, #560, #2612, #2518, #734 ) ) ;
#3289 = LINE ( 'NONE', #1989, #1022 ) ;
#3290 = PLANE ( 'NONE',  #257 ) ;
#3291 = ORIENTED_EDGE ( 'NONE', *, *, #1912, .T. ) ;
#3292 = ORIENTED_EDGE ( 'NONE', *, *, #2004, .F. ) ;
#3293 = CARTESIAN_POINT ( 'NONE',  ( 34.97599999999999909, 67.79673737589244809, -3.000000000000000000 ) ) ;
#3294 = FACE_OUTER_BOUND ( 'NONE', #2473, .T. ) ;
#3295 = LINE ( 'NONE', #2990, #1950 ) ;
#3296 = PRESENTATION_STYLE_ASSIGNMENT (( #1664 ) ) ;
#3297 = EDGE_LOOP ( 'NONE', ( #1093, #385, #597, #77 ) ) ;
#3298 = CYLINDRICAL_SURFACE ( 'NONE', #1996, 1.699999999998744293 ) ;
#3299 = ADVANCED_FACE ( 'NONE', ( #1488 ), #2381, .T. ) ;
#3300 = DIRECTION ( 'NONE',  ( 0.000000000000000000, 0.000000000000000000, 1.000000000000000000 ) ) ;
#3301 = ORIENTED_EDGE ( 'NONE', *, *, #1539, .F. ) ;
#3302 = ORIENTED_EDGE ( 'NONE', *, *, #2449, .F. ) ;
#3303 = ADVANCED_FACE ( 'NONE', ( #842 ), #1557, .F. ) ;
#3304 = LINE ( 'NONE', #3080, #2281 ) ;
#3305 = DIRECTION ( 'NONE',  ( 0.000000000000000000, 0.000000000000000000, 1.000000000000000000 ) ) ;
#3306 = ORIENTED_EDGE ( 'NONE', *, *, #3055, .T. ) ;
#3307 = VERTEX_POINT ( 'NONE', #809 ) ;
#3308 = AXIS2_PLACEMENT_3D ( 'NONE', #1346, #2631, #571 ) ;
#3309 = CARTESIAN_POINT ( 'NONE',  ( 57.66500091552700979, 63.00199890137128733, 0.000000000000000000 ) ) ;
#3310 = AXIS2_PLACEMENT_3D ( 'NONE', #680, #703, #382 ) ;
#3311 = CARTESIAN_POINT ( 'NONE',  ( 50.46278976710299702, 45.32000000000428486, 0.000000000000000000 ) ) ;
#3312 = LINE ( 'NONE', #3092, #681 ) ;
#3313 = LINE ( 'NONE', #2707, #1243 ) ;
#3314 = CIRCLE ( 'NONE', #1406, 0.05000000000000148076 ) ;
#3315 = ORIENTED_EDGE ( 'NONE', *, *, #3158, .F. ) ;
#3316 = FACE_OUTER_BOUND ( 'NONE', #906, .T. ) ;
#3317 = VECTOR ( 'NONE', #3354, 1000.000000000000000 ) ;
#3318 = VECTOR ( 'NONE', #1098, 1000.000000000000000 ) ;
#3319 = DIRECTION ( 'NONE',  ( -0.9999999999999961142, -8.742277657347935174E-08, 0.000000000000000000 ) ) ;
#3320 = EDGE_CURVE ( 'NONE', #2097, #652, #44, .T. ) ;
#3321 = VECTOR ( 'NONE', #1209, 1000.000000000000114 ) ;
#3322 = ORIENTED_EDGE ( 'NONE', *, *, #1208, .F. ) ;
#3323 = ORIENTED_EDGE ( 'NONE', *, *, #99, .T. ) ;
#3324 = DIRECTION ( 'NONE',  ( -0.7914391044801348807, 0.6112480215916303861, 0.000000000000000000 ) ) ;
#3325 = EDGE_CURVE ( 'NONE', #1801, #337, #2365, .T. ) ;
#3326 = DIRECTION ( 'NONE',  ( -4.371138828673991410E-08, 0.9999999999999991118, 0.000000000000000000 ) ) ;
#3327 = ORIENTED_EDGE ( 'NONE', *, *, #203, .T. ) ;
#3328 = VERTEX_POINT ( 'NONE', #1614 ) ;
#3329 = LINE ( 'NONE', #2335, #2225 ) ;
#3330 = CARTESIAN_POINT ( 'NONE',  ( 8.360619662391107099, 63.38859499956932098, 0.000000000000000000 ) ) ;
#3331 = DIRECTION ( 'NONE',  ( 0.000000000000000000, 0.000000000000000000, -1.000000000000000000 ) ) ;
#3332 = ORIENTED_EDGE ( 'NONE', *, *, #3387, .F. ) ;
#3333 = DIRECTION ( 'NONE',  ( -1.000000000000000000, -0.000000000000000000, -0.000000000000000000 ) ) ;
#3334 = FILL_AREA_STYLE ('',( #1250 ) ) ;
#3335 = ORIENTED_EDGE ( 'NONE', *, *, #2758, .T. ) ;
#3336 = VERTEX_POINT ( 'NONE', #3138 ) ;
#3337 = EDGE_CURVE ( 'NONE', #350, #782, #3154, .T. ) ;
#3338 = FACE_BOUND ( 'NONE', #2198, .T. ) ;
#3339 = CARTESIAN_POINT ( 'NONE',  ( 33.25038507024311230, 65.83635289751217101, -3.000000000000000000 ) ) ;
#3340 = ORIENTED_EDGE ( 'NONE', *, *, #1804, .T. ) ;
#3341 = EDGE_LOOP ( 'NONE', ( #548, #2775, #2600, #2691 ) ) ;
#3342 = EDGE_CURVE ( 'NONE', #1801, #158, #2625, .T. ) ;
#3343 = CARTESIAN_POINT ( 'NONE',  ( 0.8070000000000006057, 11.75999999999999979, -4.599999999999999645 ) ) ;
#3344 = DIRECTION ( 'NONE',  ( -0.000000000000000000, -0.000000000000000000, 1.000000000000000000 ) ) ;
#3345 = ADVANCED_FACE ( 'NONE', ( #565 ), #1099, .T. ) ;
#3346 = CARTESIAN_POINT ( 'NONE',  ( 49.84523096000891940, 64.84199890137129785, 4.500000000000000888 ) ) ;
#3347 = EDGE_LOOP ( 'NONE', ( #1871, #2040, #318, #2039 ) ) ;
#3348 = CARTESIAN_POINT ( 'NONE',  ( 15.33263409895985951, 51.24900787648735445, 17.50000000000000000 ) ) ;
#3349 = FACE_OUTER_BOUND ( 'NONE', #3355, .T. ) ;
#3350 = ORIENTED_EDGE ( 'NONE', *, *, #1104, .F. ) ;
#3351 = CARTESIAN_POINT ( 'NONE',  ( 50.46278976710300412, 30.89680020245392456, 1.350000000000000089 ) ) ;
#3352 = CARTESIAN_POINT ( 'NONE',  ( 49.61419833382100109, 28.00200116833000052, 0.9499999999999999556 ) ) ;
#3353 = VECTOR ( 'NONE', #2825, 1000.000000000000000 ) ;
#3354 = DIRECTION ( 'NONE',  ( 1.000000000000000000, 0.000000000000000000, 0.000000000000000000 ) ) ;
#3355 = EDGE_LOOP ( 'NONE', ( #672, #2115 ) ) ;
#3356 = ORIENTED_EDGE ( 'NONE', *, *, #812, .F. ) ;
#3357 = AXIS2_PLACEMENT_3D ( 'NONE', #2870, #2358, #732 ) ;
#3358 = CYLINDRICAL_SURFACE ( 'NONE', #2989, 0.05000000000000148076 ) ;
#3359 = DIRECTION ( 'NONE',  ( 5.478074134663601247E-16, -1.000000000000000000, 0.000000000000000000 ) ) ;
#3360 = VECTOR ( 'NONE', #3166, 1000.000000000000000 ) ;
#3361 = EDGE_CURVE ( 'NONE', #2554, #124, #966, .T. ) ;
#3362 = AXIS2_PLACEMENT_3D ( 'NONE', #3388, #2325, #3368 ) ;
#3363 = CARTESIAN_POINT ( 'NONE',  ( 50.46278976710299702, 45.32000000000428486, 0.000000000000000000 ) ) ;
#3364 = ADVANCED_FACE ( 'NONE', ( #2897 ), #2149, .F. ) ;
#3365 = PRESENTATION_LAYER_ASSIGNMENT (  '', '', ( #465 ) ) ;
#3366 = ORIENTED_EDGE ( 'NONE', *, *, #1652, .T. ) ;
#3367 = CARTESIAN_POINT ( 'NONE',  ( 39.88029162565499774, 65.83635289751217101, 0.000000000000000000 ) ) ;
#3368 = DIRECTION ( 'NONE',  ( -0.9999999999999990008, -4.371135398084517093E-08, 0.000000000000000000 ) ) ;
#3369 = ORIENTED_EDGE ( 'NONE', *, *, #2777, .T. ) ;
#3370 = AXIS2_PLACEMENT_3D ( 'NONE', #511, #2664, #306 ) ;
#3371 = CARTESIAN_POINT ( 'NONE',  ( 50.61419826606800143, 29.55200121204100228, 0.05000000000000000278 ) ) ;
#3372 = PRESENTATION_LAYER_ASSIGNMENT (  '', '', ( #1456 ) ) ;
#3373 = CARTESIAN_POINT ( 'NONE',  ( 29.17142463048350010, 36.41303385995264819, 0.000000000000000000 ) ) ;
#3374 = COLOUR_RGB ( '',0.7921568627450980005, 0.8196078431372548767, 0.9333333333333333481 ) ;
#3375 = DIRECTION ( 'NONE',  ( 0.000000000000000000, 0.000000000000000000, 1.000000000000000000 ) ) ;
#3376 = ORIENTED_EDGE ( 'NONE', *, *, #2336, .F. ) ;
#3377 = ORIENTED_EDGE ( 'NONE', *, *, #1745, .F. ) ;
#3378 = VECTOR ( 'NONE', #909, 1000.000000000000114 ) ;
#3379 = CARTESIAN_POINT ( 'NONE',  ( 50.61419833382100819, 28.00200121204100157, 0.000000000000000000 ) ) ;
#3380 = CARTESIAN_POINT ( 'NONE',  ( 50.61419834256300732, 27.80200121204099872, 0.05000000000000000278 ) ) ;
#3381 = VECTOR ( 'NONE', #2797, 1000.000000000000000 ) ;
#3382 = DIRECTION ( 'NONE',  ( 1.000000000000000000, 3.665591209549501406E-16, -0.000000000000000000 ) ) ;
#3383 = ADVANCED_FACE ( 'NONE', ( #2401 ), #1360, .F. ) ;
#3384 =( NAMED_UNIT ( * ) SI_UNIT ( $, .STERADIAN. ) SOLID_ANGLE_UNIT ( ) );
#3385 = ORIENTED_EDGE ( 'NONE', *, *, #2460, .T. ) ;
#3386 = CYLINDRICAL_SURFACE ( 'NONE', #398, 0.05000000000000161954 ) ;
#3387 = EDGE_CURVE ( 'NONE', #600, #1651, #1596, .T. ) ;
#3388 = CARTESIAN_POINT ( 'NONE',  ( 49.66419834256299737, 27.80200117051500186, 0.9499999999999999556 ) ) ;
#3389 = VERTEX_POINT ( 'NONE', #1062 ) ;
#3390 = VERTEX_POINT ( 'NONE', #1824 ) ;
#3391 = EDGE_CURVE ( 'NONE', #210, #3119, #2881, .T. ) ;
#3392 = LINE ( 'NONE', #531, #3105 ) ;
#3393 =( NAMED_UNIT ( * ) SI_UNIT ( $, .STERADIAN. ) SOLID_ANGLE_UNIT ( ) );
#3394 = VERTEX_POINT ( 'NONE', #2643 ) ;
#3395 = EDGE_LOOP ( 'NONE', ( #352, #3335, #338, #767 ) ) ;
#3396 = DIRECTION ( 'NONE',  ( 1.000000000000000000, 0.000000000000000000, 0.000000000000000000 ) ) ;
#3397 = DIRECTION ( 'NONE',  ( 0.000000000000000000, 0.000000000000000000, 1.000000000000000000 ) ) ;
#3398 = EDGE_LOOP ( 'NONE', ( #3272, #2278, #1116 ) ) ;
#3399 = DIRECTION ( 'NONE',  ( 0.0001504324946375851897, 0.9999999886850322595, 0.000000000000000000 ) ) ;
#3400 = DIRECTION ( 'NONE',  ( -4.371138828673991410E-08, 0.9999999999999991118, 0.000000000000000000 ) ) ;
ENDSEC;
END-ISO-10303-21;
