ISO-10303-21;
HEADER;
FILE_DESCRIPTION (( 'STEP AP214' ),
    '1' );
FILE_NAME ('support2.STEP',
    '2024-05-18T07:50:25',
    ( '' ),
    ( '' ),
    'SwSTEP 2.0',
    'SolidWorks 2023',
    '' );
FILE_SCHEMA (( 'AUTOMOTIVE_DESIGN' ));
ENDSEC;

DATA;
#1 = EDGE_CURVE ( 'NONE', #688, #758, #1595, .T. ) ;
#2 = CARTESIAN_POINT ( 'NONE',  ( 26.44550394349759159, 26.48044654559283373, -5.619402400000000242 ) ) ;
#3 = LINE ( 'NONE', #1958, #1976 ) ;
#4 = VERTEX_POINT ( 'NONE', #1427 ) ;
#5 = LINE ( 'NONE', #1467, #408 ) ;
#6 = DIRECTION ( 'NONE',  ( 1.000000000000000000, -1.190704370957544663E-16, 0.000000000000000000 ) ) ;
#7 = CARTESIAN_POINT ( 'NONE',  ( 26.44550394349759159, 26.48044654559283373, -5.619402400000000242 ) ) ;
#8 = DIRECTION ( 'NONE',  ( -0.000000000000000000, -0.000000000000000000, 1.000000000000000000 ) ) ;
#9 = DIRECTION ( 'NONE',  ( -0.000000000000000000, 1.000000000000000000, 0.000000000000000000 ) ) ;
#10 = LINE ( 'NONE', #647, #355 ) ;
#11 = ORIENTED_EDGE ( 'NONE', *, *, #607, .T. ) ;
#12 = AXIS2_PLACEMENT_3D ( 'NONE', #1428, #148, #2105 ) ;
#13 = CARTESIAN_POINT ( 'NONE',  ( 57.88700103759800442, 7.065999984741000439, -4.619402400000000242 ) ) ;
#14 = EDGE_CURVE ( 'NONE', #219, #1692, #289, .T. ) ;
#15 = VERTEX_POINT ( 'NONE', #773 ) ;
#16 = DIRECTION ( 'NONE',  ( 1.000000000000000000, -0.000000000000000000, -0.000000000000000000 ) ) ;
#17 = VERTEX_POINT ( 'NONE', #1952 ) ;
#18 = LINE ( 'NONE', #1313, #1207 ) ;
#19 = CARTESIAN_POINT ( 'NONE',  ( 5.132437688989125668, 41.44666507051483251, -19.61940239999999847 ) ) ;
#20 = CARTESIAN_POINT ( 'NONE',  ( 14.28944249278622713, -0.2569999992850000026, -19.61940239999999847 ) ) ;
#21 = CARTESIAN_POINT ( 'NONE',  ( 14.96444680327335064, 47.32517565625202138, -5.619402400000000242 ) ) ;
#22 = VERTEX_POINT ( 'NONE', #316 ) ;
#23 = VECTOR ( 'NONE', #1732, 1000.000000000000000 ) ;
#24 = DIRECTION ( 'NONE',  ( -0.000000000000000000, -0.000000000000000000, 1.000000000000000000 ) ) ;
#25 = ORIENTED_EDGE ( 'NONE', *, *, #512, .T. ) ;
#26 = AXIS2_PLACEMENT_3D ( 'NONE', #1410, #250, #905 ) ;
#27 = ADVANCED_FACE ( 'NONE', ( #2083 ), #1141, .F. ) ;
#28 = DIRECTION ( 'NONE',  ( 0.000000000000000000, 0.000000000000000000, -1.000000000000000000 ) ) ;
#29 = ORIENTED_EDGE ( 'NONE', *, *, #2020, .T. ) ;
#30 = AXIS2_PLACEMENT_3D ( 'NONE', #1873, #81, #102 ) ;
#31 = EDGE_CURVE ( 'NONE', #1520, #229, #1929, .T. ) ;
#32 = LINE ( 'NONE', #1997, #1300 ) ;
#33 = DIRECTION ( 'NONE',  ( -0.9999999976286573222, -6.886715686364837591E-05, 0.000000000000000000 ) ) ;
#34 = VERTEX_POINT ( 'NONE', #784 ) ;
#35 = ORIENTED_EDGE ( 'NONE', *, *, #2057, .F. ) ;
#36 = VERTEX_POINT ( 'NONE', #1130 ) ;
#37 = EDGE_CURVE ( 'NONE', #1158, #194, #965, .T. ) ;
#38 = DIRECTION ( 'NONE',  ( -0.000000000000000000, -0.000000000000000000, 1.000000000000000000 ) ) ;
#39 = LINE ( 'NONE', #1471, #264 ) ;
#40 = FACE_OUTER_BOUND ( 'NONE', #1369, .T. ) ;
#41 = PRESENTATION_STYLE_ASSIGNMENT (( #1002 ) ) ;
#42 = EDGE_LOOP ( 'NONE', ( #1733, #1893, #1551, #304 ) ) ;
#43 = ORIENTED_EDGE ( 'NONE', *, *, #2020, .F. ) ;
#44 = VECTOR ( 'NONE', #454, 1000.000000000000000 ) ;
#45 = CARTESIAN_POINT ( 'NONE',  ( 26.44550394349759159, 26.48044654559283373, -5.619402400000000242 ) ) ;
#46 = ADVANCED_FACE ( 'NONE', ( #1804 ), #133, .F. ) ;
#47 = LINE ( 'NONE', #521, #551 ) ;
#48 = SURFACE_STYLE_FILL_AREA ( #207 ) ;
#49 = ORIENTED_EDGE ( 'NONE', *, *, #1731, .T. ) ;
#50 = UNCERTAINTY_MEASURE_WITH_UNIT (LENGTH_MEASURE( 1.000000000000000082E-05 ), #346, 'distance_accuracy_value', 'NONE');
#51 = APPLICATION_PROTOCOL_DEFINITION ( 'draft international standard', 'automotive_design', 1998, #64 ) ;
#52 = ORIENTED_EDGE ( 'NONE', *, *, #683, .F. ) ;
#53 = VECTOR ( 'NONE', #232, 1000.000000000000000 ) ;
#54 = CIRCLE ( 'NONE', #689, 15.00000000000000000 ) ;
#55 = FACE_OUTER_BOUND ( 'NONE', #549, .T. ) ;
#56 = VECTOR ( 'NONE', #1763, 1000.000000000000000 ) ;
#57 = ADVANCED_FACE ( 'NONE', ( #1754, #1458 ), #1778, .T. ) ;
#58 = ORIENTED_EDGE ( 'NONE', *, *, #373, .T. ) ;
#59 = CARTESIAN_POINT ( 'NONE',  ( 54.87887073153294182, 5.381323318584004589, -16.61940240000000202 ) ) ;
#60 = DIRECTION ( 'NONE',  ( -0.000000000000000000, -0.000000000000000000, -1.000000000000000000 ) ) ;
#61 = ORIENTED_EDGE ( 'NONE', *, *, #1673, .F. ) ;
#62 = ADVANCED_FACE ( 'NONE', ( #146 ), #1301, .F. ) ;
#63 = ORIENTED_EDGE ( 'NONE', *, *, #2057, .T. ) ;
#64 = APPLICATION_CONTEXT ( 'automotive_design' ) ;
#65 = CARTESIAN_POINT ( 'NONE',  ( 0.000000000000000000, 0.000000000000000000, -16.61940240000000202 ) ) ;
#66 = CARTESIAN_POINT ( 'NONE',  ( 6.953000068665000200, 70.22999954223598706, -4.619402400000000242 ) ) ;
#67 = DIRECTION ( 'NONE',  ( 1.000000000000000000, 0.000000000000000000, 0.000000000000000000 ) ) ;
#68 = CARTESIAN_POINT ( 'NONE',  ( 14.28944249278622713, 3.243000000714999054, -19.61940239999999847 ) ) ;
#69 = DIRECTION ( 'NONE',  ( -1.000000000000000000, 0.000000000000000000, -0.000000000000000000 ) ) ;
#70 = ORIENTED_EDGE ( 'NONE', *, *, #1694, .F. ) ;
#71 = VERTEX_POINT ( 'NONE', #279 ) ;
#72 = EDGE_CURVE ( 'NONE', #2016, #1692, #975, .T. ) ;
#73 = DIRECTION ( 'NONE',  ( -1.000000000000000000, 0.000000000000000000, 0.000000000000000000 ) ) ;
#74 = CARTESIAN_POINT ( 'NONE',  ( 50.68700103759799447, 7.065999984741000439, -1.619402400000000020 ) ) ;
#75 = CIRCLE ( 'NONE', #1190, 4.000000000000000000 ) ;
#76 = ORIENTED_EDGE ( 'NONE', *, *, #387, .T. ) ;
#77 = VECTOR ( 'NONE', #103, 1000.000000000000000 ) ;
#78 = CARTESIAN_POINT ( 'NONE',  ( 25.93609176424992313, 30.48044654559283373, -5.619402400000000242 ) ) ;
#79 = FACE_OUTER_BOUND ( 'NONE', #651, .T. ) ;
#80 = ORIENTED_EDGE ( 'NONE', *, *, #1916, .F. ) ;
#81 = DIRECTION ( 'NONE',  ( 0.000000000000000000, 0.000000000000000000, -1.000000000000000000 ) ) ;
#82 = ADVANCED_FACE ( 'NONE', ( #815 ), #599, .F. ) ;
#83 = FACE_OUTER_BOUND ( 'NONE', #1259, .T. ) ;
#84 = FACE_OUTER_BOUND ( 'NONE', #1189, .T. ) ;
#85 = AXIS2_PLACEMENT_3D ( 'NONE', #59, #385, #1019 ) ;
#86 = EDGE_CURVE ( 'NONE', #110, #1860, #673, .T. ) ;
#87 = VECTOR ( 'NONE', #1519, 1000.000000000000000 ) ;
#88 = CIRCLE ( 'NONE', #1549, 15.00000000000000000 ) ;
#89 = EDGE_LOOP ( 'NONE', ( #2011, #1947 ) ) ;
#90 = LINE ( 'NONE', #1525, #678 ) ;
#91 = CARTESIAN_POINT ( 'NONE',  ( 14.28944249278622713, -0.2564983404478743956, -4.619402400000000242 ) ) ;
#92 = VERTEX_POINT ( 'NONE', #534 ) ;
#93 = PLANE ( 'NONE',  #1175 ) ;
#94 = CARTESIAN_POINT ( 'NONE',  ( 26.44550394349759159, 26.48044654559283373, -5.619402400000000242 ) ) ;
#95 = DIRECTION ( 'NONE',  ( 0.000000000000000000, 0.000000000000000000, 1.000000000000000000 ) ) ;
#96 = EDGE_CURVE ( 'NONE', #1136, #703, #1027, .T. ) ;
#97 = ORIENTED_EDGE ( 'NONE', *, *, #696, .F. ) ;
#98 = ADVANCED_FACE ( 'NONE', ( #1805 ), #329, .F. ) ;
#99 = CARTESIAN_POINT ( 'NONE',  ( 5.132437688989126556, 47.31959426025974835, -19.61940239999999847 ) ) ;
#100 = DIRECTION ( 'NONE',  ( 1.000000000000000000, 0.000000000000000000, 0.000000000000000000 ) ) ;
#101 = ORIENTED_EDGE ( 'NONE', *, *, #1351, .T. ) ;
#102 = DIRECTION ( 'NONE',  ( -1.000000000000000000, 0.000000000000000000, -0.000000000000000000 ) ) ;
#103 = DIRECTION ( 'NONE',  ( 0.000000000000000000, -1.000000000000000000, 0.000000000000000000 ) ) ;
#104 = CARTESIAN_POINT ( 'NONE',  ( 40.44550394349759159, 26.48044654559283373, -4.619402400000000242 ) ) ;
#105 = ORIENTED_EDGE ( 'NONE', *, *, #1225, .T. ) ;
#106 = AXIS2_PLACEMENT_3D ( 'NONE', #592, #1245, #1908 ) ;
#107 = EDGE_CURVE ( 'NONE', #1528, #824, #1492, .T. ) ;
#108 = FACE_OUTER_BOUND ( 'NONE', #1982, .T. ) ;
#109 = VECTOR ( 'NONE', #1580, 1000.000000000000000 ) ;
#110 = VERTEX_POINT ( 'NONE', #579 ) ;
#111 = FACE_OUTER_BOUND ( 'NONE', #251, .T. ) ;
#112 = CARTESIAN_POINT ( 'NONE',  ( 57.88700103759800442, 7.065999984741000439, -1.619402400000000020 ) ) ;
#113 = CARTESIAN_POINT ( 'NONE',  ( 50.56700134277299696, -0.2540000081060000414, -4.619402400000000242 ) ) ;
#114 = CARTESIAN_POINT ( 'NONE',  ( 39.19403284612560157, 55.22990032368964108, -1.619402400000000020 ) ) ;
#115 = ORIENTED_EDGE ( 'NONE', *, *, #1293, .F. ) ;
#116 = AXIS2_PLACEMENT_3D ( 'NONE', #494, #153, #1113 ) ;
#117 = VECTOR ( 'NONE', #1946, 1000.000000000000000 ) ;
#118 = CARTESIAN_POINT ( 'NONE',  ( 57.88700103759800442, 63.04000091552700269, -1.619402400000000020 ) ) ;
#119 = AXIS2_PLACEMENT_3D ( 'NONE', #503, #1153, #988 ) ;
#120 = EDGE_CURVE ( 'NONE', #980, #2098, #1901, .T. ) ;
#121 = AXIS2_PLACEMENT_3D ( 'NONE', #463, #1951, #302 ) ;
#122 = DIRECTION ( 'NONE',  ( -0.7069591707826460292, 0.7072543607828187806, 0.000000000000000000 ) ) ;
#123 = ORIENTED_EDGE ( 'NONE', *, *, #1110, .T. ) ;
#124 = CARTESIAN_POINT ( 'NONE',  ( 26.44550394349759159, 26.48044654559283373, -5.619402400000000242 ) ) ;
#125 = EDGE_CURVE ( 'NONE', #1665, #1298, #750, .T. ) ;
#126 = CARTESIAN_POINT ( 'NONE',  ( 5.132437688989125668, 41.44666507051483251, -4.619402400000000242 ) ) ;
#127 = ORIENTED_EDGE ( 'NONE', *, *, #1082, .T. ) ;
#128 = DIRECTION ( 'NONE',  ( -0.000000000000000000, -0.000000000000000000, 1.000000000000000000 ) ) ;
#129 = CARTESIAN_POINT ( 'NONE',  ( 50.68700103759800157, 39.78639408645565823, -4.619402400000000242 ) ) ;
#130 = CARTESIAN_POINT ( 'NONE',  ( 52.41466681408213901, 64.86806471233578009, -1.619402400000000020 ) ) ;
#131 = EDGE_CURVE ( 'NONE', #236, #34, #1764, .T. ) ;
#132 = CARTESIAN_POINT ( 'NONE',  ( 50.68700103759799447, 14.82442925476643758, -16.61940240000000202 ) ) ;
#133 = PLANE ( 'NONE',  #1484 ) ;
#134 = VERTEX_POINT ( 'NONE', #1224 ) ;
#135 = CARTESIAN_POINT ( 'NONE',  ( 41.44550394349759159, 26.48044654559283373, -4.619402400000000242 ) ) ;
#136 = LINE ( 'NONE', #978, #863 ) ;
#137 = PRESENTATION_LAYER_ASSIGNMENT (  '', '', ( #745 ) ) ;
#138 = LINE ( 'NONE', #469, #1274 ) ;
#139 = VERTEX_POINT ( 'NONE', #1246 ) ;
#140 = ORIENTED_EDGE ( 'NONE', *, *, #1666, .T. ) ;
#141 = PLANE ( 'NONE',  #116 ) ;
#142 = DIRECTION ( 'NONE',  ( 0.000000000000000000, -1.000000000000000000, 0.000000000000000000 ) ) ;
#143 = EDGE_CURVE ( 'NONE', #1442, #1704, #1573, .T. ) ;
#144 = CYLINDRICAL_SURFACE ( 'NONE', #1482, 4.000000000000000000 ) ;
#145 = EDGE_CURVE ( 'NONE', #1903, #1206, #1889, .T. ) ;
#146 = FACE_OUTER_BOUND ( 'NONE', #1705, .T. ) ;
#147 = ORIENTED_EDGE ( 'NONE', *, *, #125, .T. ) ;
#148 = DIRECTION ( 'NONE',  ( 1.000000000000000000, 0.000000000000000000, -0.000000000000000000 ) ) ;
#149 = AXIS2_PLACEMENT_3D ( 'NONE', #1863, #2013, #887 ) ;
#150 = VECTOR ( 'NONE', #1079, 1000.000000000000000 ) ;
#151 = DIRECTION ( 'NONE',  ( -0.000000000000000000, -0.000000000000000000, 1.000000000000000000 ) ) ;
#152 = ORIENTED_EDGE ( 'NONE', *, *, #1589, .F. ) ;
#153 = DIRECTION ( 'NONE',  ( 1.000000000000000000, 0.000000000000000000, 0.000000000000000000 ) ) ;
#154 = ORIENTED_EDGE ( 'NONE', *, *, #1727, .F. ) ;
#155 = VECTOR ( 'NONE', #934, 1000.000000000000000 ) ;
#156 = LINE ( 'NONE', #1479, #1856 ) ;
#157 = ORIENTED_EDGE ( 'NONE', *, *, #1123, .F. ) ;
#158 = DIRECTION ( 'NONE',  ( -1.000000000000000000, -0.000000000000000000, -0.000000000000000000 ) ) ;
#159 = EDGE_CURVE ( 'NONE', #1942, #1609, #1598, .T. ) ;
#160 = LINE ( 'NONE', #809, #1173 ) ;
#161 = CARTESIAN_POINT ( 'NONE',  ( 50.56700134277299696, -0.2540000081060000414, -19.61940239999999847 ) ) ;
#162 = ORIENTED_EDGE ( 'NONE', *, *, #1462, .F. ) ;
#163 = DIRECTION ( 'NONE',  ( -0.000000000000000000, -0.000000000000000000, 1.000000000000000000 ) ) ;
#164 = ORIENTED_EDGE ( 'NONE', *, *, #2091, .T. ) ;
#165 = DIRECTION ( 'NONE',  ( -0.000000000000000000, -0.000000000000000000, 1.000000000000000000 ) ) ;
#166 = LINE ( 'NONE', #19, #1574 ) ;
#167 = PLANE ( 'NONE',  #1800 ) ;
#168 = EDGE_CURVE ( 'NONE', #1655, #529, #1770, .T. ) ;
#169 = LINE ( 'NONE', #21, #816 ) ;
#170 = VERTEX_POINT ( 'NONE', #1420 ) ;
#171 = VECTOR ( 'NONE', #674, 1000.000000000000000 ) ;
#172 = CARTESIAN_POINT ( 'NONE',  ( 57.88700103759800442, 63.04000091552700269, -1.619402400000000020 ) ) ;
#173 = ORIENTED_EDGE ( 'NONE', *, *, #1945, .T. ) ;
#174 = ADVANCED_FACE ( 'NONE', ( #2077 ), #256, .F. ) ;
#175 = AXIS2_PLACEMENT_3D ( 'NONE', #325, #1126, #950 ) ;
#176 = CARTESIAN_POINT ( 'NONE',  ( 26.95491612274526005, 30.44787634732015746, -13.91940240000000095 ) ) ;
#177 = ORIENTED_EDGE ( 'NONE', *, *, #238, .T. ) ;
#178 = CARTESIAN_POINT ( 'NONE',  ( 50.24292827374511461, 26.48044654559283373, -4.619402400000000242 ) ) ;
#179 = CARTESIAN_POINT ( 'NONE',  ( 7.005000114440999681, -0.2569999992850000026, -19.61940239999999847 ) ) ;
#180 = SURFACE_SIDE_STYLE ('',( #48 ) ) ;
#181 = ORIENTED_EDGE ( 'NONE', *, *, #1222, .F. ) ;
#182 = ADVANCED_FACE ( 'NONE', ( #2056 ), #1096, .F. ) ;
#183 = ORIENTED_EDGE ( 'NONE', *, *, #1771, .T. ) ;
#184 = AXIS2_PLACEMENT_3D ( 'NONE', #1174, #1871, #2037 ) ;
#185 = VERTEX_POINT ( 'NONE', #945 ) ;
#186 = EDGE_CURVE ( 'NONE', #515, #1635, #423, .T. ) ;
#187 = VECTOR ( 'NONE', #1408, 1000.000000000000000 ) ;
#188 = VECTOR ( 'NONE', #885, 1000.000000000000000 ) ;
#189 = AXIS2_PLACEMENT_3D ( 'NONE', #1604, #328, #1289 ) ;
#190 = CARTESIAN_POINT ( 'NONE',  ( 48.47760620441507484, 39.78639408645565823, -16.61940240000000202 ) ) ;
#191 = CYLINDRICAL_SURFACE ( 'NONE', #1072, 1.000000000000000888 ) ;
#192 = DIRECTION ( 'NONE',  ( 0.000000000000000000, 0.000000000000000000, -1.000000000000000000 ) ) ;
#193 = ORIENTED_EDGE ( 'NONE', *, *, #1771, .F. ) ;
#194 = VERTEX_POINT ( 'NONE', #2085 ) ;
#195 = VERTEX_POINT ( 'NONE', #1607 ) ;
#196 = EDGE_CURVE ( 'NONE', #610, #1298, #136, .T. ) ;
#197 = LINE ( 'NONE', #876, #1342 ) ;
#198 = CARTESIAN_POINT ( 'NONE',  ( 7.057756011510258887, 62.91899398329571369, -4.619402400000000242 ) ) ;
#199 = CARTESIAN_POINT ( 'NONE',  ( 40.25967780398604390, -0.2540000081060000414, -19.61940239999999847 ) ) ;
#200 = CARTESIAN_POINT ( 'NONE',  ( 50.56700134277299696, -0.2540000081060000414, -4.619402400000000242 ) ) ;
#201 = ORIENTED_EDGE ( 'NONE', *, *, #1775, .F. ) ;
#202 = ORIENTED_EDGE ( 'NONE', *, *, #327, .T. ) ;
#203 = AXIS2_PLACEMENT_3D ( 'NONE', #225, #235, #1234 ) ;
#204 = DIRECTION ( 'NONE',  ( -0.7079923978295424858, -0.7062200539602192517, 0.000000000000000000 ) ) ;
#205 = EDGE_CURVE ( 'NONE', #1655, #214, #1954, .T. ) ;
#206 = DIRECTION ( 'NONE',  ( -1.000000000000000000, -0.000000000000000000, -0.000000000000000000 ) ) ;
#207 = FILL_AREA_STYLE ('',( #1509 ) ) ;
#208 = ORIENTED_EDGE ( 'NONE', *, *, #1603, .F. ) ;
#209 = ORIENTED_EDGE ( 'NONE', *, *, #1629, .T. ) ;
#210 = AXIS2_PLACEMENT_3D ( 'NONE', #1561, #1910, #100 ) ;
#211 = DIRECTION ( 'NONE',  ( -1.000000000000000000, 0.000000000000000000, 0.000000000000000000 ) ) ;
#212 = AXIS2_PLACEMENT_3D ( 'NONE', #13, #461, #1785 ) ;
#213 = LINE ( 'NONE', #1691, #1940 ) ;
#214 = VERTEX_POINT ( 'NONE', #657 ) ;
#215 = PRESENTATION_LAYER_ASSIGNMENT (  '', '', ( #968 ) ) ;
#216 = ADVANCED_FACE ( 'NONE', ( #467 ), #167, .F. ) ;
#217 = DIRECTION ( 'NONE',  ( -0.000000000000000000, -0.000000000000000000, 1.000000000000000000 ) ) ;
#218 = CARTESIAN_POINT ( 'NONE',  ( 50.68700103759800157, 45.06599998474099777, -1.619402400000000020 ) ) ;
#219 = VERTEX_POINT ( 'NONE', #1816 ) ;
#220 = ORIENTED_EDGE ( 'NONE', *, *, #1351, .F. ) ;
#221 = DIRECTION ( 'NONE',  ( -0.000000000000000000, -0.000000000000000000, 1.000000000000000000 ) ) ;
#222 = DIRECTION ( 'NONE',  ( 1.000000000000000000, 0.000000000000000000, 0.000000000000000000 ) ) ;
#223 = ORIENTED_EDGE ( 'NONE', *, *, #37, .T. ) ;
#224 = ORIENTED_EDGE ( 'NONE', *, *, #265, .F. ) ;
#225 = CARTESIAN_POINT ( 'NONE',  ( 26.44550394349759159, 26.48044654559283373, -5.619402400000000242 ) ) ;
#226 = ADVANCED_FACE ( 'NONE', ( #1487 ), #1978, .F. ) ;
#227 = ORIENTED_EDGE ( 'NONE', *, *, #935, .F. ) ;
#228 = CYLINDRICAL_SURFACE ( 'NONE', #1171, 14.00000000000000000 ) ;
#229 = VERTEX_POINT ( 'NONE', #818 ) ;
#230 = ADVANCED_FACE ( 'NONE', ( #1328 ), #340, .F. ) ;
#231 = DIRECTION ( 'NONE',  ( 1.000000000000000000, 0.000000000000000000, -0.000000000000000000 ) ) ;
#232 = DIRECTION ( 'NONE',  ( -1.000000000000000000, 0.000000000000000000, 0.000000000000000000 ) ) ;
#233 = VERTEX_POINT ( 'NONE', #1632 ) ;
#234 = VECTOR ( 'NONE', #1593, 1000.000000000000000 ) ;
#235 = DIRECTION ( 'NONE',  ( 0.000000000000000000, 0.000000000000000000, -1.000000000000000000 ) ) ;
#236 = VERTEX_POINT ( 'NONE', #2106 ) ;
#237 = CARTESIAN_POINT ( 'NONE',  ( 35.56125341485351754, 47.32517565625202138, -5.619402400000000242 ) ) ;
#238 = EDGE_CURVE ( 'NONE', #1942, #1681, #88, .T. ) ;
#239 = VERTEX_POINT ( 'NONE', #350 ) ;
#240 = LINE ( 'NONE', #1563, #1592 ) ;
#241 = PRODUCT_DEFINITION_SHAPE ( 'NONE', 'NONE',  #363 ) ;
#242 = EDGE_CURVE ( 'NONE', #1206, #1635, #478, .T. ) ;
#243 = CARTESIAN_POINT ( 'NONE',  ( 7.005000114440999681, -0.2569999992850000026, -4.619402400000000242 ) ) ;
#244 = VECTOR ( 'NONE', #206, 1000.000000000000000 ) ;
#245 = ORIENTED_EDGE ( 'NONE', *, *, #667, .T. ) ;
#246 = AXIS2_PLACEMENT_3D ( 'NONE', #376, #820, #514 ) ;
#247 = AXIS2_PLACEMENT_3D ( 'NONE', #1964, #487, #1094 ) ;
#248 = PRESENTATION_STYLE_ASSIGNMENT (( #1378 ) ) ;
#249 = DIRECTION ( 'NONE',  ( 0.9999999999997903899, -6.475826433413005818E-07, 0.000000000000000000 ) ) ;
#250 = DIRECTION ( 'NONE',  ( -1.000000000000000000, 0.000000000000000000, 0.000000000000000000 ) ) ;
#251 = EDGE_LOOP ( 'NONE', ( #530, #648, #35, #220, #173 ) ) ;
#252 = DIRECTION ( 'NONE',  ( -0.000000000000000000, -0.000000000000000000, 1.000000000000000000 ) ) ;
#253 = EDGE_LOOP ( 'NONE', ( #498, #1466 ) ) ;
#254 = ADVANCED_FACE ( 'NONE', ( #1794 ), #489, .F. ) ;
#255 = CARTESIAN_POINT ( 'NONE',  ( 48.62819712842208020, 5.381323318584004589, -4.619402400000000242 ) ) ;
#256 = PLANE ( 'NONE',  #759 ) ;
#257 = FACE_OUTER_BOUND ( 'NONE', #1088, .T. ) ;
#258 = ORIENTED_EDGE ( 'NONE', *, *, #1462, .T. ) ;
#259 = VERTEX_POINT ( 'NONE', #20 ) ;
#260 = FACE_OUTER_BOUND ( 'NONE', #594, .T. ) ;
#261 = CARTESIAN_POINT ( 'NONE',  ( -0.2540101100095741860, 41.44666507051483251, -19.61940239999999847 ) ) ;
#262 = DIRECTION ( 'NONE',  ( -0.000000000000000000, -0.000000000000000000, -1.000000000000000000 ) ) ;
#263 = ORIENTED_EDGE ( 'NONE', *, *, #769, .T. ) ;
#264 = VECTOR ( 'NONE', #1047, 1000.000000000000000 ) ;
#265 = EDGE_CURVE ( 'NONE', #170, #233, #1034, .T. ) ;
#266 = VECTOR ( 'NONE', #474, 1000.000000000000000 ) ;
#267 = VERTEX_POINT ( 'NONE', #179 ) ;
#268 = CARTESIAN_POINT ( 'NONE',  ( 26.44550394349759159, 26.48044654559283373, -4.619402400000000242 ) ) ;
#269 = DIRECTION ( 'NONE',  ( 0.000000000000000000, 1.000000000000000000, 0.000000000000000000 ) ) ;
#270 = EDGE_CURVE ( 'NONE', #36, #22, #1133, .T. ) ;
#271 = DIRECTION ( 'NONE',  ( -0.000000000000000000, -0.000000000000000000, 1.000000000000000000 ) ) ;
#272 = ORIENTED_EDGE ( 'NONE', *, *, #808, .F. ) ;
#273 = DIRECTION ( 'NONE',  ( 1.000000000000000000, -0.000000000000000000, -0.000000000000000000 ) ) ;
#274 = ORIENTED_EDGE ( 'NONE', *, *, #159, .T. ) ;
#275 = ORIENTED_EDGE ( 'NONE', *, *, #1110, .F. ) ;
#276 = DIRECTION ( 'NONE',  ( 0.000000000000000000, 0.000000000000000000, -1.000000000000000000 ) ) ;
#277 = CARTESIAN_POINT ( 'NONE',  ( 26.95491612274526005, 26.48044654559283373, -5.619402400000000242 ) ) ;
#278 = MECHANICAL_DESIGN_GEOMETRIC_PRESENTATION_REPRESENTATION (  '', ( #968 ), #1416 ) ;
#279 = CARTESIAN_POINT ( 'NONE',  ( 54.87887073153294182, 5.381323318584004589, -16.61940240000000202 ) ) ;
#280 = VECTOR ( 'NONE', #122, 1000.000000000000114 ) ;
#281 = FACE_OUTER_BOUND ( 'NONE', #1992, .T. ) ;
#282 = AXIS2_PLACEMENT_3D ( 'NONE', #1270, #249, #283 ) ;
#283 = DIRECTION ( 'NONE',  ( 6.475826433413005818E-07, 0.9999999999997903899, 0.000000000000000000 ) ) ;
#284 = ADVANCED_FACE ( 'NONE', ( #1660 ), #191, .F. ) ;
#285 = FACE_OUTER_BOUND ( 'NONE', #789, .T. ) ;
#286 = ORIENTED_EDGE ( 'NONE', *, *, #384, .T. ) ;
#287 = ORIENTED_EDGE ( 'NONE', *, *, #512, .F. ) ;
#288 = CARTESIAN_POINT ( 'NONE',  ( 14.96444680327335064, 47.32517565625202138, -5.619402400000000242 ) ) ;
#289 = CIRCLE ( 'NONE', #189, 4.000000000000000000 ) ;
#290 = LINE ( 'NONE', #1895, #234 ) ;
#291 =( LENGTH_UNIT ( ) NAMED_UNIT ( * ) SI_UNIT ( .MILLI., .METRE. ) );
#292 = DIRECTION ( 'NONE',  ( -0.000000000000000000, -0.000000000000000000, 1.000000000000000000 ) ) ;
#293 = EDGE_LOOP ( 'NONE', ( #1737, #1244, #1352, #1618, #193, #470, #973, #152, #1432, #1005, #768, #344 ) ) ;
#294 = DIRECTION ( 'NONE',  ( 0.000000000000000000, -1.000000000000000000, -0.000000000000000000 ) ) ;
#295 = CARTESIAN_POINT ( 'NONE',  ( 37.92656108372183610, 47.32517565625202138, -5.619402400000000242 ) ) ;
#296 = DIRECTION ( 'NONE',  ( -0.000000000000000000, -0.000000000000000000, 1.000000000000000000 ) ) ;
#297 = ORIENTED_EDGE ( 'NONE', *, *, #1123, .T. ) ;
#298 = ADVANCED_FACE ( 'NONE', ( #1944 ), #1120, .F. ) ;
#299 = DIRECTION ( 'NONE',  ( -0.000000000000000000, -0.000000000000000000, 1.000000000000000000 ) ) ;
#300 = CARTESIAN_POINT ( 'NONE',  ( 48.62819712842208020, 14.82442925476643758, -16.61940240000000202 ) ) ;
#301 = EDGE_CURVE ( 'NONE', #1704, #1056, #2067, .T. ) ;
#302 = DIRECTION ( 'NONE',  ( -1.000000000000000000, 0.000000000000000000, 0.000000000000000000 ) ) ;
#303 = CARTESIAN_POINT ( 'NONE',  ( 7.057756011510258887, 62.91899398329571369, -4.619402400000000242 ) ) ;
#304 = ORIENTED_EDGE ( 'NONE', *, *, #713, .T. ) ;
#305 = DIRECTION ( 'NONE',  ( -0.000000000000000000, -1.000000000000000000, -0.000000000000000000 ) ) ;
#306 = DIRECTION ( 'NONE',  ( -0.7069591707826460292, 0.7072543607828186696, 0.000000000000000000 ) ) ;
#307 = AXIS2_PLACEMENT_3D ( 'NONE', #1631, #1931, #1449 ) ;
#308 = VECTOR ( 'NONE', #163, 1000.000000000000000 ) ;
#309 = DIRECTION ( 'NONE',  ( -0.000000000000000000, -0.000000000000000000, 1.000000000000000000 ) ) ;
#310 = EDGE_LOOP ( 'NONE', ( #1081, #1515, #1819, #127, #826, #364 ) ) ;
#311 = CARTESIAN_POINT ( 'NONE',  ( 49.19631975571163451, 26.48044654559283373, -5.619402400000000242 ) ) ;
#312 = VERTEX_POINT ( 'NONE', #1837 ) ;
#313 = ADVANCED_FACE ( 'NONE', ( #1845 ), #711, .F. ) ;
#314 = DIRECTION ( 'NONE',  ( 0.000000000000000000, 0.000000000000000000, -1.000000000000000000 ) ) ;
#315 = EDGE_CURVE ( 'NONE', #726, #36, #550, .T. ) ;
#316 = CARTESIAN_POINT ( 'NONE',  ( 7.005000114440999681, -0.2569999992850000026, -1.619402400000000020 ) ) ;
#317 = LINE ( 'NONE', #956, #1787 ) ;
#318 = CARTESIAN_POINT ( 'NONE',  ( 39.19403284612560157, 47.32517565625202138, -1.619402400000000020 ) ) ;
#319 = CIRCLE ( 'NONE', #1514, 22.75081581221404292 ) ;
#320 = LINE ( 'NONE', #2078, #1312 ) ;
#321 = VERTEX_POINT ( 'NONE', #907 ) ;
#322 = FACE_OUTER_BOUND ( 'NONE', #1973, .T. ) ;
#323 = ORIENTED_EDGE ( 'NONE', *, *, #1225, .F. ) ;
#324 = CIRCLE ( 'NONE', #664, 23.79742433024752657 ) ;
#325 = CARTESIAN_POINT ( 'NONE',  ( 50.56700134277299696, -0.2540000081060000414, -19.61940239999999847 ) ) ;
#326 = CARTESIAN_POINT ( 'NONE',  ( 57.88700103759800442, 7.065999984741000439, -1.619402400000000020 ) ) ;
#327 = EDGE_CURVE ( 'NONE', #214, #1203, #732, .T. ) ;
#328 = DIRECTION ( 'NONE',  ( -0.000000000000000000, -0.000000000000000000, 1.000000000000000000 ) ) ;
#329 = CYLINDRICAL_SURFACE ( 'NONE', #796, 22.75081581221404292 ) ;
#330 = DIRECTION ( 'NONE',  ( 0.000000000000000000, 1.000000000000000000, 0.000000000000000000 ) ) ;
#331 = LINE ( 'NONE', #1924, #87 ) ;
#332 = EDGE_LOOP ( 'NONE', ( #728, #1083, #538, #1796 ) ) ;
#333 = LINE ( 'NONE', #172, #1311 ) ;
#334 = ORIENTED_EDGE ( 'NONE', *, *, #1744, .F. ) ;
#335 = DIRECTION ( 'NONE',  ( 0.000000000000000000, -1.000000000000000000, -0.000000000000000000 ) ) ;
#336 = EDGE_LOOP ( 'NONE', ( #1050, #1061, #2014, #1211, #1690, #906, #899, #1178, #11, #1850, #1248, #2021, #1828, #1411, #1357, #201 ) ) ;
#337 = SURFACE_STYLE_FILL_AREA ( #804 ) ;
#338 = EDGE_CURVE ( 'NONE', #533, #2060, #240, .T. ) ;
#339 = CARTESIAN_POINT ( 'NONE',  ( 3.694688131283551336, 26.48044654559283728, -5.619402400000000242 ) ) ;
#340 = PLANE ( 'NONE',  #1001 ) ;
#341 = LINE ( 'NONE', #1817, #879 ) ;
#342 = ORIENTED_EDGE ( 'NONE', *, *, #414, .T. ) ;
#343 =( GEOMETRIC_REPRESENTATION_CONTEXT ( 3 ) GLOBAL_UNCERTAINTY_ASSIGNED_CONTEXT ( ( #855 ) ) GLOBAL_UNIT_ASSIGNED_CONTEXT ( ( #1042, #1214, #1695 ) ) REPRESENTATION_CONTEXT ( 'NONE', 'WORKASPACE' ) );
#344 = ORIENTED_EDGE ( 'NONE', *, *, #384, .F. ) ;
#345 = AXIS2_PLACEMENT_3D ( 'NONE', #405, #1091, #2049 ) ;
#346 =( LENGTH_UNIT ( ) NAMED_UNIT ( * ) SI_UNIT ( .MILLI., .METRE. ) );
#347 = ORIENTED_EDGE ( 'NONE', *, *, #1358, .T. ) ;
#348 = DIRECTION ( 'NONE',  ( -0.000000000000000000, -0.000000000000000000, 1.000000000000000000 ) ) ;
#349 = CARTESIAN_POINT ( 'NONE',  ( 26.44550394349759159, 26.48044654559283373, -5.619402400000000242 ) ) ;
#350 = CARTESIAN_POINT ( 'NONE',  ( 48.62819712842208020, 5.381323318584004589, -16.61940240000000202 ) ) ;
#351 = DIRECTION ( 'NONE',  ( 0.000000000000000000, -0.000000000000000000, 1.000000000000000000 ) ) ;
#352 = VECTOR ( 'NONE', #1441, 1000.000000000000000 ) ;
#353 = ADVANCED_FACE ( 'NONE', ( #1218 ), #894, .F. ) ;
#354 = ORIENTED_EDGE ( 'NONE', *, *, #1996, .T. ) ;
#355 = VECTOR ( 'NONE', #1305, 1000.000000000000114 ) ;
#356 = ORIENTED_EDGE ( 'NONE', *, *, #823, .T. ) ;
#357 = VECTOR ( 'NONE', #33, 1000.000000000000114 ) ;
#358 = FACE_OUTER_BOUND ( 'NONE', #576, .T. ) ;
#359 = CARTESIAN_POINT ( 'NONE',  ( 11.44550394349759159, 26.48044654559283728, -5.619402400000000242 ) ) ;
#360 = CARTESIAN_POINT ( 'NONE',  ( 7.005000114440999681, 3.243000000714999942, -4.619402400000000242 ) ) ;
#361 = DIRECTION ( 'NONE',  ( -0.9999999976286573222, -6.886715686364837591E-05, 0.000000000000000000 ) ) ;
#362 = ORIENTED_EDGE ( 'NONE', *, *, #1568, .T. ) ;
#363 = PRODUCT_DEFINITION ( 'UNKNOWN', '', #1614, #1521 ) ;
#364 = ORIENTED_EDGE ( 'NONE', *, *, #977, .T. ) ;
#365 = ADVANCED_FACE ( 'NONE', ( #260 ), #415, .T. ) ;
#366 = CARTESIAN_POINT ( 'NONE',  ( 26.44550394349759159, 26.48044654559283373, -13.91940240000000095 ) ) ;
#367 = EDGE_LOOP ( 'NONE', ( #275, #1722, #1272, #523 ) ) ;
#368 = EDGE_LOOP ( 'NONE', ( #1401, #544, #1991, #1349 ) ) ;
#369 = VECTOR ( 'NONE', #128, 1000.000000000000000 ) ;
#370 = AXIS2_PLACEMENT_3D ( 'NONE', #962, #497, #791 ) ;
#371 = DIRECTION ( 'NONE',  ( 1.000000000000000000, -0.000000000000000000, -0.000000000000000000 ) ) ;
#372 = ORIENTED_EDGE ( 'NONE', *, *, #1540, .T. ) ;
#373 = EDGE_CURVE ( 'NONE', #1969, #2064, #1552, .T. ) ;
#374 = ORIENTED_EDGE ( 'NONE', *, *, #846, .T. ) ;
#375 = PLANE ( 'NONE',  #861 ) ;
#376 = CARTESIAN_POINT ( 'NONE',  ( 26.44550394349759159, 26.48044654559283373, -5.619402400000000242 ) ) ;
#377 = ORIENTED_EDGE ( 'NONE', *, *, #1335, .T. ) ;
#378 = ORIENTED_EDGE ( 'NONE', *, *, #596, .T. ) ;
#379 = VECTOR ( 'NONE', #556, 1000.000000000000000 ) ;
#380 = VECTOR ( 'NONE', #1046, 1000.000000000000114 ) ;
#381 = VERTEX_POINT ( 'NONE', #1089 ) ;
#382 = AXIS2_PLACEMENT_3D ( 'NONE', #1930, #453, #432 ) ;
#383 = ORIENTED_EDGE ( 'NONE', *, *, #977, .F. ) ;
#384 = EDGE_CURVE ( 'NONE', #398, #194, #1529, .T. ) ;
#385 = DIRECTION ( 'NONE',  ( 0.000000000000000000, 1.000000000000000000, 0.000000000000000000 ) ) ;
#386 = DIRECTION ( 'NONE',  ( 0.000000000000000000, 1.000000000000000000, 0.000000000000000000 ) ) ;
#387 = EDGE_CURVE ( 'NONE', #1075, #2098, #569, .T. ) ;
#388 = ORIENTED_EDGE ( 'NONE', *, *, #72, .F. ) ;
#389 = PLANE ( 'NONE',  #1513 ) ;
#390 = ORIENTED_EDGE ( 'NONE', *, *, #1326, .T. ) ;
#391 = DIRECTION ( 'NONE',  ( -1.826024711554533913E-16, -1.000000000000000000, 0.000000000000000000 ) ) ;
#392 = DIRECTION ( 'NONE',  ( 0.000000000000000000, 0.000000000000000000, -1.000000000000000000 ) ) ;
#393 = CARTESIAN_POINT ( 'NONE',  ( 48.47760620441507484, 47.24524257867325616, -16.61940240000000202 ) ) ;
#394 = DIRECTION ( 'NONE',  ( -1.000000000000000000, 0.000000000000000000, 0.000000000000000000 ) ) ;
#395 = ORIENTED_EDGE ( 'NONE', *, *, #1975, .T. ) ;
#396 = ORIENTED_EDGE ( 'NONE', *, *, #159, .F. ) ;
#397 = ADVANCED_FACE ( 'NONE', ( #1384 ), #93, .F. ) ;
#398 = VERTEX_POINT ( 'NONE', #1229 ) ;
#399 = CARTESIAN_POINT ( 'NONE',  ( 2.648079613250069908, 26.48044654559283728, -4.619402400000000242 ) ) ;
#400 = FACE_OUTER_BOUND ( 'NONE', #1671, .T. ) ;
#401 = EDGE_CURVE ( 'NONE', #465, #1870, #1344, .T. ) ;
#402 = LINE ( 'NONE', #915, #2065 ) ;
#403 = VERTEX_POINT ( 'NONE', #1240 ) ;
#404 = CARTESIAN_POINT ( 'NONE',  ( 54.87887073153294182, 7.065999984741000439, -16.61940240000000202 ) ) ;
#405 = CARTESIAN_POINT ( 'NONE',  ( 26.44550394349759159, 26.48044654559283373, -4.619402400000000242 ) ) ;
#406 = AXIS2_PLACEMENT_3D ( 'NONE', #705, #1534, #1736 ) ;
#407 = VERTEX_POINT ( 'NONE', #1740 ) ;
#408 = VECTOR ( 'NONE', #462, 1000.000000000000000 ) ;
#409 = EDGE_LOOP ( 'NONE', ( #1773, #1453 ) ) ;
#410 = CARTESIAN_POINT ( 'NONE',  ( 5.132437688989126556, 47.31959426025974835, -19.61940239999999847 ) ) ;
#411 = CARTESIAN_POINT ( 'NONE',  ( 57.88700103759800442, 55.24524257867325616, -4.619402400000000242 ) ) ;
#412 = DIRECTION ( 'NONE',  ( -0.000000000000000000, -0.000000000000000000, 1.000000000000000000 ) ) ;
#413 = ORIENTED_EDGE ( 'NONE', *, *, #1516, .F. ) ;
#414 = EDGE_CURVE ( 'NONE', #233, #381, #1881, .T. ) ;
#415 = PLANE ( 'NONE',  #898 ) ;
#416 = DIRECTION ( 'NONE',  ( -0.000000000000000000, 0.000000000000000000, 1.000000000000000000 ) ) ;
#417 = VECTOR ( 'NONE', #1512, 1000.000000000000000 ) ;
#418 = ORIENTED_EDGE ( 'NONE', *, *, #1004, .F. ) ;
#419 = VECTOR ( 'NONE', #754, 1000.000000000000000 ) ;
#420 = AXIS2_PLACEMENT_3D ( 'NONE', #1341, #1359, #1995 ) ;
#421 = ORIENTED_EDGE ( 'NONE', *, *, #387, .F. ) ;
#422 = PLANE ( 'NONE',  #382 ) ;
#423 = LINE ( 'NONE', #295, #455 ) ;
#424 = CARTESIAN_POINT ( 'NONE',  ( 26.44550394349759159, 26.48044654559283373, -4.619402400000000242 ) ) ;
#425 = ORIENTED_EDGE ( 'NONE', *, *, #1615, .F. ) ;
#426 = ORIENTED_EDGE ( 'NONE', *, *, #125, .F. ) ;
#427 = CARTESIAN_POINT ( 'NONE',  ( 57.88700103759800442, 7.065999984741000439, -1.619402400000000020 ) ) ;
#428 = EDGE_CURVE ( 'NONE', #726, #509, #585, .T. ) ;
#429 = CARTESIAN_POINT ( 'NONE',  ( 26.44550394349759159, 26.48044654559283373, -4.619402400000000242 ) ) ;
#430 = ORIENTED_EDGE ( 'NONE', *, *, #186, .T. ) ;
#431 = EDGE_CURVE ( 'NONE', #702, #4, #595, .T. ) ;
#432 = DIRECTION ( 'NONE',  ( -1.000000000000000000, 0.000000000000000000, -0.000000000000000000 ) ) ;
#433 = CARTESIAN_POINT ( 'NONE',  ( 7.005000114440999681, -0.2569999992850000026, -4.619402400000000242 ) ) ;
#434 = CARTESIAN_POINT ( 'NONE',  ( 41.44550394349759159, 26.48044654559283373, -5.619402400000000242 ) ) ;
#435 = ORIENTED_EDGE ( 'NONE', *, *, #1864, .F. ) ;
#436 = CYLINDRICAL_SURFACE ( 'NONE', #718, 2.500000000000002220 ) ;
#437 = ORIENTED_EDGE ( 'NONE', *, *, #1138, .F. ) ;
#438 = DIRECTION ( 'NONE',  ( -0.000000000000000000, 1.000000000000000000, -0.000000000000000000 ) ) ;
#439 = DIRECTION ( 'NONE',  ( 1.000000000000000000, -0.000000000000000000, -0.000000000000000000 ) ) ;
#440 = EDGE_CURVE ( 'NONE', #321, #1609, #54, .T. ) ;
#441 = VECTOR ( 'NONE', #897, 1000.000000000000000 ) ;
#442 = EDGE_LOOP ( 'NONE', ( #1949, #164 ) ) ;
#443 = LINE ( 'NONE', #1257, #853 ) ;
#444 = DIRECTION ( 'NONE',  ( -1.000000000000000000, 0.000000000000000000, 0.000000000000000000 ) ) ;
#445 = DIRECTION ( 'NONE',  ( 0.000000000000000000, -0.000000000000000000, 1.000000000000000000 ) ) ;
#446 = ORIENTED_EDGE ( 'NONE', *, *, #1589, .T. ) ;
#447 = CARTESIAN_POINT ( 'NONE',  ( 40.25967780398604390, -0.2540000081060000414, -4.619402400000000242 ) ) ;
#448 = FACE_OUTER_BOUND ( 'NONE', #409, .T. ) ;
#449 = AXIS2_PLACEMENT_3D ( 'NONE', #926, #770, #605 ) ;
#450 = FACE_OUTER_BOUND ( 'NONE', #1734, .T. ) ;
#451 = CIRCLE ( 'NONE', #1682, 23.79742433024752657 ) ;
#452 = EDGE_CURVE ( 'NONE', #1896, #1431, #1370, .T. ) ;
#453 = DIRECTION ( 'NONE',  ( 0.000000000000000000, 0.000000000000000000, -1.000000000000000000 ) ) ;
#454 = DIRECTION ( 'NONE',  ( 0.000000000000000000, 1.000000000000000000, 0.000000000000000000 ) ) ;
#455 = VECTOR ( 'NONE', #1933, 1000.000000000000000 ) ;
#456 = CARTESIAN_POINT ( 'NONE',  ( 39.19403284612560157, 47.32517565625202138, -1.619402400000000020 ) ) ;
#457 = CIRCLE ( 'NONE', #1199, 22.75081581221404292 ) ;
#458 = EDGE_CURVE ( 'NONE', #1779, #403, #319, .T. ) ;
#459 = DIRECTION ( 'NONE',  ( 1.000000000000000000, 0.000000000000000000, 0.000000000000000000 ) ) ;
#460 = ORIENTED_EDGE ( 'NONE', *, *, #675, .F. ) ;
#461 = DIRECTION ( 'NONE',  ( -0.7071067955809039463, 0.7071067667921907551, 0.000000000000000000 ) ) ;
#462 = DIRECTION ( 'NONE',  ( -0.000000000000000000, -0.000000000000000000, 1.000000000000000000 ) ) ;
#463 = CARTESIAN_POINT ( 'NONE',  ( 44.65757000822215872, 47.99356986567008931, -4.619402400000000242 ) ) ;
#464 = CARTESIAN_POINT ( 'NONE',  ( 57.88700103759800442, 7.065999984741000439, -1.619402400000000020 ) ) ;
#465 = VERTEX_POINT ( 'NONE', #2099 ) ;
#466 = CARTESIAN_POINT ( 'NONE',  ( 52.41466681408213901, 64.86806471233578009, -4.619402400000000242 ) ) ;
#467 = FACE_OUTER_BOUND ( 'NONE', #293, .T. ) ;
#468 = EDGE_CURVE ( 'NONE', #214, #1431, #972, .T. ) ;
#469 = CARTESIAN_POINT ( 'NONE',  ( 47.15757000822215872, 47.99356986567008931, -19.61940239999999847 ) ) ;
#470 = ORIENTED_EDGE ( 'NONE', *, *, #1154, .T. ) ;
#471 = LINE ( 'NONE', #130, #927 ) ;
#472 = ADVANCED_FACE ( 'NONE', ( #322 ), #1938, .F. ) ;
#473 = ORIENTED_EDGE ( 'NONE', *, *, #1212, .F. ) ;
#474 = DIRECTION ( 'NONE',  ( 0.000000000000000000, -1.000000000000000000, 0.000000000000000000 ) ) ;
#475 = LINE ( 'NONE', #1616, #1105 ) ;
#476 = ORIENTED_EDGE ( 'NONE', *, *, #2091, .F. ) ;
#477 = CARTESIAN_POINT ( 'NONE',  ( 26.44550394349759159, 26.48044654559283373, -5.619402399999999353 ) ) ;
#478 = LINE ( 'NONE', #1987, #1276 ) ;
#479 = VECTOR ( 'NONE', #1337, 1000.000000000000114 ) ;
#480 = AXIS2_PLACEMENT_3D ( 'NONE', #1701, #502, #231 ) ;
#481 = LINE ( 'NONE', #1271, #1202 ) ;
#482 = ORIENTED_EDGE ( 'NONE', *, *, #1638, .F. ) ;
#483 = DIRECTION ( 'NONE',  ( -1.000000000000000000, 1.476880973642516934E-16, 0.000000000000000000 ) ) ;
#484 = EDGE_LOOP ( 'NONE', ( #177, #505 ) ) ;
#485 = ADVANCED_FACE ( 'NONE', ( #1099 ), #1948, .T. ) ;
#486 = LINE ( 'NONE', #300, #1649 ) ;
#487 = DIRECTION ( 'NONE',  ( -1.000000000000000000, 0.000000000000000000, 0.000000000000000000 ) ) ;
#488 = LINE ( 'NONE', #1143, #954 ) ;
#489 = CYLINDRICAL_SURFACE ( 'NONE', #491, 14.00000000000000000 ) ;
#490 = CIRCLE ( 'NONE', #1717, 22.75081581221404292 ) ;
#491 = AXIS2_PLACEMENT_3D ( 'NONE', #1807, #1162, #1472 ) ;
#492 = DIRECTION ( 'NONE',  ( -0.000000000000000000, -1.000000000000000000, -0.000000000000000000 ) ) ;
#493 = EDGE_LOOP ( 'NONE', ( #1374, #1003, #208, #584 ) ) ;
#494 = CARTESIAN_POINT ( 'NONE',  ( 48.47760620441507484, 47.24524257867325616, -16.61940240000000202 ) ) ;
#495 = ORIENTED_EDGE ( 'NONE', *, *, #1904, .F. ) ;
#496 = AXIS2_PLACEMENT_3D ( 'NONE', #1340, #692, #211 ) ;
#497 = DIRECTION ( 'NONE',  ( 0.000000000000000000, 0.000000000000000000, -1.000000000000000000 ) ) ;
#498 = ORIENTED_EDGE ( 'NONE', *, *, #1840, .F. ) ;
#499 = EDGE_CURVE ( 'NONE', #1693, #1779, #938, .T. ) ;
#500 = VECTOR ( 'NONE', #60, 1000.000000000000000 ) ;
#501 = EDGE_CURVE ( 'NONE', #34, #1596, #471, .T. ) ;
#502 = DIRECTION ( 'NONE',  ( 0.000000000000000000, -0.000000000000000000, 1.000000000000000000 ) ) ;
#503 = CARTESIAN_POINT ( 'NONE',  ( 44.65757000822215872, 47.99356986567008931, -19.61940239999999847 ) ) ;
#504 = CARTESIAN_POINT ( 'NONE',  ( 50.56700134277299696, -0.2540000081060000414, -4.619402400000000242 ) ) ;
#505 = ORIENTED_EDGE ( 'NONE', *, *, #1053, .T. ) ;
#506 = CARTESIAN_POINT ( 'NONE',  ( 2.648079613250069908, 26.48044654559283728, -5.619402400000000242 ) ) ;
#507 = ORIENTED_EDGE ( 'NONE', *, *, #1852, .F. ) ;
#508 = FACE_OUTER_BOUND ( 'NONE', #442, .T. ) ;
#509 = VERTEX_POINT ( 'NONE', #1124 ) ;
#510 = DIRECTION ( 'NONE',  ( 0.000000000000000000, -0.000000000000000000, 1.000000000000000000 ) ) ;
#511 = DIRECTION ( 'NONE',  ( 0.7062200539602191407, -0.7079923978295423748, 0.000000000000000000 ) ) ;
#512 = EDGE_CURVE ( 'NONE', #17, #1045, #615, .T. ) ;
#513 = DIRECTION ( 'NONE',  ( -1.000000000000000000, 0.000000000000000000, 0.000000000000000000 ) ) ;
#514 = DIRECTION ( 'NONE',  ( -1.000000000000000000, 0.000000000000000000, 0.000000000000000000 ) ) ;
#515 = VERTEX_POINT ( 'NONE', #1424 ) ;
#516 = VECTOR ( 'NONE', #269, 1000.000000000000000 ) ;
#517 = ORIENTED_EDGE ( 'NONE', *, *, #1652, .F. ) ;
#518 = ORIENTED_EDGE ( 'NONE', *, *, #1867, .T. ) ;
#519 = DIRECTION ( 'NONE',  ( -0.000000000000000000, -0.000000000000000000, 1.000000000000000000 ) ) ;
#520 = ADVANCED_FACE ( 'NONE', ( #1623 ), #141, .F. ) ;
#521 = CARTESIAN_POINT ( 'NONE',  ( 50.56700134277299696, -0.2540000081060000414, -4.619402400000000242 ) ) ;
#522 = LINE ( 'NONE', #1184, #500 ) ;
#523 = ORIENTED_EDGE ( 'NONE', *, *, #1475, .F. ) ;
#524 = ADVANCED_FACE ( 'NONE', ( #1307 ), #1774, .F. ) ;
#525 = ORIENTED_EDGE ( 'NONE', *, *, #1998, .F. ) ;
#526 = LINE ( 'NONE', #1180, #1347 ) ;
#527 = DIRECTION ( 'NONE',  ( 1.000000000000000000, -0.000000000000000000, 0.000000000000000000 ) ) ;
#528 = PLANE ( 'NONE',  #2096 ) ;
#529 = VERTEX_POINT ( 'NONE', #1260 ) ;
#530 = ORIENTED_EDGE ( 'NONE', *, *, #1413, .T. ) ;
#531 = EDGE_CURVE ( 'NONE', #239, #1528, #640, .T. ) ;
#532 = CARTESIAN_POINT ( 'NONE',  ( 51.41466681408213901, 64.86806471233578009, -4.619402400000000242 ) ) ;
#533 = VERTEX_POINT ( 'NONE', #790 ) ;
#534 = CARTESIAN_POINT ( 'NONE',  ( -0.2540362169974851314, 7.005067334542999014, -1.619402400000000020 ) ) ;
#535 = ORIENTED_EDGE ( 'NONE', *, *, #922, .F. ) ;
#536 = LINE ( 'NONE', #1859, #1444 ) ;
#537 = DIRECTION ( 'NONE',  ( 0.000000000000000000, -0.000000000000000000, 1.000000000000000000 ) ) ;
#538 = ORIENTED_EDGE ( 'NONE', *, *, #205, .F. ) ;
#539 = VECTOR ( 'NONE', #305, 1000.000000000000000 ) ;
#540 = ORIENTED_EDGE ( 'NONE', *, *, #1503, .F. ) ;
#541 = CIRCLE ( 'NONE', #1163, 14.00000000000000000 ) ;
#542 = ADVANCED_FACE ( 'NONE', ( #2089 ), #1809, .T. ) ;
#543 = CARTESIAN_POINT ( 'NONE',  ( 40.44550394349759159, 26.48044654559283373, -5.619402400000000242 ) ) ;
#544 = ORIENTED_EDGE ( 'NONE', *, *, #31, .F. ) ;
#545 = ORIENTED_EDGE ( 'NONE', *, *, #196, .T. ) ;
#546 = LINE ( 'NONE', #1201, #1886 ) ;
#547 = ORIENTED_EDGE ( 'NONE', *, *, #1664, .T. ) ;
#548 = DIRECTION ( 'NONE',  ( 1.000000000000000000, 0.000000000000000000, 0.000000000000000000 ) ) ;
#549 = EDGE_LOOP ( 'NONE', ( #1361, #1329, #2059, #777 ) ) ;
#550 = LINE ( 'NONE', #427, #380 ) ;
#551 = VECTOR ( 'NONE', #217, 1000.000000000000000 ) ;
#552 = EDGE_CURVE ( 'NONE', #229, #1969, #2079, .T. ) ;
#553 = VERTEX_POINT ( 'NONE', #1454 ) ;
#554 = AXIS2_PLACEMENT_3D ( 'NONE', #838, #510, #995 ) ;
#555 = EDGE_CURVE ( 'NONE', #134, #1520, #3, .T. ) ;
#556 = DIRECTION ( 'NONE',  ( 1.000000000000000000, -1.190704370957544663E-16, 0.000000000000000000 ) ) ;
#557 = CARTESIAN_POINT ( 'NONE',  ( 57.88700103759800442, 47.24524257867325616, -1.619402400000000020 ) ) ;
#558 = CARTESIAN_POINT ( 'NONE',  ( 57.88700103759800442, 7.065999984741000439, -4.619402400000000242 ) ) ;
#559 = EDGE_LOOP ( 'NONE', ( #872, #272, #482, #63 ) ) ;
#560 = DIRECTION ( 'NONE',  ( -1.000000000000000000, 0.000000000000000000, 0.000000000000000000 ) ) ;
#561 = CARTESIAN_POINT ( 'NONE',  ( 57.88700103759800442, 47.24524257867325616, -1.619402400000000020 ) ) ;
#562 = DIRECTION ( 'NONE',  ( 0.000000000000000000, 1.000000000000000000, -0.000000000000000000 ) ) ;
#563 = EDGE_LOOP ( 'NONE', ( #1488, #154, #413, #1339 ) ) ;
#564 = ADVANCED_FACE ( 'NONE', ( #1433 ), #1797, .T. ) ;
#565 = PLANE ( 'NONE',  #203 ) ;
#566 = CARTESIAN_POINT ( 'NONE',  ( 7.005000114440999681, -0.2569999992850000026, -4.619402400000000242 ) ) ;
#567 = DIRECTION ( 'NONE',  ( -1.190704370957544663E-16, -1.000000000000000000, 0.000000000000000000 ) ) ;
#568 = EDGE_LOOP ( 'NONE', ( #881, #1980, #105, #604, #1710, #2047, #641, #1810 ) ) ;
#569 = LINE ( 'NONE', #1068, #2100 ) ;
#570 = CARTESIAN_POINT ( 'NONE',  ( 41.44550394349759159, 26.48044654559283373, -5.619402400000000242 ) ) ;
#571 = LINE ( 'NONE', #393, #188 ) ;
#572 = VECTOR ( 'NONE', #1076, 1000.000000000000000 ) ;
#573 = ORIENTED_EDGE ( 'NONE', *, *, #1803, .T. ) ;
#574 =( GEOMETRIC_REPRESENTATION_CONTEXT ( 3 ) GLOBAL_UNCERTAINTY_ASSIGNED_CONTEXT ( ( #50 ) ) GLOBAL_UNIT_ASSIGNED_CONTEXT ( ( #346, #2090, #1490 ) ) REPRESENTATION_CONTEXT ( 'NONE', 'WORKASPACE' ) );
#575 = ORIENTED_EDGE ( 'NONE', *, *, #1788, .F. ) ;
#576 = EDGE_LOOP ( 'NONE', ( #653, #224, #814, #1290 ) ) ;
#577 = CARTESIAN_POINT ( 'NONE',  ( 14.28944249278622713, 3.243000000715000386, -4.619402400000000242 ) ) ;
#578 = FACE_OUTER_BOUND ( 'NONE', #484, .T. ) ;
#579 = CARTESIAN_POINT ( 'NONE',  ( 57.88700103759800442, 45.06599998474099777, -1.619402400000000020 ) ) ;
#580 = EDGE_CURVE ( 'NONE', #1405, #666, #1926, .T. ) ;
#581 = ORIENTED_EDGE ( 'NONE', *, *, #14, .F. ) ;
#582 = CARTESIAN_POINT ( 'NONE',  ( 44.65757000822215872, 47.99356986567008931, -19.61940239999999847 ) ) ;
#583 = ORIENTED_EDGE ( 'NONE', *, *, #1388, .F. ) ;
#584 = ORIENTED_EDGE ( 'NONE', *, *, #1177, .T. ) ;
#585 = LINE ( 'NONE', #112, #419 ) ;
#586 = EDGE_CURVE ( 'NONE', #15, #1075, #333, .T. ) ;
#587 = DIRECTION ( 'NONE',  ( 1.000000000000000000, -0.000000000000000000, -0.000000000000000000 ) ) ;
#588 = CIRCLE ( 'NONE', #1102, 15.00000000000000000 ) ;
#589 = ORIENTED_EDGE ( 'NONE', *, *, #1358, .F. ) ;
#590 = VECTOR ( 'NONE', #1397, 1000.000000000000000 ) ;
#591 = AXIS2_PLACEMENT_3D ( 'NONE', #1465, #1601, #1610 ) ;
#592 = CARTESIAN_POINT ( 'NONE',  ( 57.88700103759800442, 47.24524257867325616, -1.619402400000000020 ) ) ;
#593 = CARTESIAN_POINT ( 'NONE',  ( -0.2540101100095734643, 47.31959426025974835, -4.619402400000000242 ) ) ;
#594 = EDGE_LOOP ( 'NONE', ( #1035, #794, #518 ) ) ;
#595 = LINE ( 'NONE', #1249, #1627 ) ;
#596 = EDGE_CURVE ( 'NONE', #71, #758, #822, .T. ) ;
#597 = PLANE ( 'NONE',  #1092 ) ;
#598 = PLANE ( 'NONE',  #865 ) ;
#599 = PLANE ( 'NONE',  #1658 ) ;
#600 = ORIENTED_EDGE ( 'NONE', *, *, #1840, .T. ) ;
#601 = CARTESIAN_POINT ( 'NONE',  ( 50.68700103759799447, 14.82442925476643758, -16.61940240000000202 ) ) ;
#602 = LINE ( 'NONE', #1258, #352 ) ;
#603 = VERTEX_POINT ( 'NONE', #506 ) ;
#604 = ORIENTED_EDGE ( 'NONE', *, *, #1371, .T. ) ;
#605 = DIRECTION ( 'NONE',  ( -1.000000000000000000, 0.000000000000000000, -0.000000000000000000 ) ) ;
#606 = DIRECTION ( 'NONE',  ( 0.000000000000000000, 0.000000000000000000, -1.000000000000000000 ) ) ;
#607 = EDGE_CURVE ( 'NONE', #509, #1538, #1320, .T. ) ;
#608 = MECHANICAL_DESIGN_GEOMETRIC_PRESENTATION_REPRESENTATION (  '', ( #1611 ), #343 ) ;
#609 = ADVANCED_FACE ( 'NONE', ( #1643 ), #1565, .F. ) ;
#610 = VERTEX_POINT ( 'NONE', #886 ) ;
#611 = LINE ( 'NONE', #1953, #516 ) ;
#612 = LINE ( 'NONE', #1599, #280 ) ;
#613 = EDGE_LOOP ( 'NONE', ( #843, #971, #258, #287 ) ) ;
#614 = ORIENTED_EDGE ( 'NONE', *, *, #1877, .F. ) ;
#615 = LINE ( 'NONE', #311, #1802 ) ;
#616 = FACE_OUTER_BOUND ( 'NONE', #1052, .T. ) ;
#617 = VECTOR ( 'NONE', #1183, 1000.000000000000000 ) ;
#618 = LINE ( 'NONE', #783, #1144 ) ;
#619 = ADVANCED_FACE ( 'NONE', ( #1048 ), #1555, .F. ) ;
#620 = DIRECTION ( 'NONE',  ( -0.000000000000000000, -0.000000000000000000, 1.000000000000000000 ) ) ;
#621 = AXIS2_PLACEMENT_3D ( 'NONE', #2, #445, #1097 ) ;
#622 = ORIENTED_EDGE ( 'NONE', *, *, #499, .T. ) ;
#623 = LINE ( 'NONE', #118, #1434 ) ;
#624 = ADVANCED_FACE ( 'NONE', ( #1729 ), #598, .F. ) ;
#625 = AXIS2_PLACEMENT_3D ( 'NONE', #1781, #1620, #306 ) ;
#626 = DIRECTION ( 'NONE',  ( -0.000000000000000000, -0.000000000000000000, -1.000000000000000000 ) ) ;
#627 = CARTESIAN_POINT ( 'NONE',  ( 14.28944249278622713, -0.2569999992850000026, -4.619402400000000242 ) ) ;
#628 = ORIENTED_EDGE ( 'NONE', *, *, #1265, .F. ) ;
#629 = VERTEX_POINT ( 'NONE', #2063 ) ;
#630 = CARTESIAN_POINT ( 'NONE',  ( 5.132437688989126556, 47.31959426025974835, -19.61940239999999847 ) ) ;
#631 = ORIENTED_EDGE ( 'NONE', *, *, #1093, .T. ) ;
#632 = CARTESIAN_POINT ( 'NONE',  ( 26.44550394349759159, 26.48044654559283373, -4.619402400000000242 ) ) ;
#633 = LINE ( 'NONE', #1288, #1317 ) ;
#634 = ORIENTED_EDGE ( 'NONE', *, *, #675, .T. ) ;
#635 = LINE ( 'NONE', #1757, #1707 ) ;
#636 = DIRECTION ( 'NONE',  ( 0.000000000000000000, 0.000000000000000000, -1.000000000000000000 ) ) ;
#637 = ADVANCED_FACE ( 'NONE', ( #1883 ), #1404, .T. ) ;
#638 = CARTESIAN_POINT ( 'NONE',  ( 7.057756011510258887, 62.91899398329571369, -1.619402400000000020 ) ) ;
#639 = ORIENTED_EDGE ( 'NONE', *, *, #846, .F. ) ;
#640 = LINE ( 'NONE', #650, #1594 ) ;
#641 = ORIENTED_EDGE ( 'NONE', *, *, #685, .F. ) ;
#642 = CARTESIAN_POINT ( 'NONE',  ( 50.68700103759800157, 39.78639408645565823, -16.61940240000000202 ) ) ;
#643 = SURFACE_SIDE_STYLE ('',( #337 ) ) ;
#644 = DIRECTION ( 'NONE',  ( 6.475826433413004759E-07, 0.9999999999997903899, 0.000000000000000000 ) ) ;
#645 = AXIS2_PLACEMENT_3D ( 'NONE', #198, #850, #1986 ) ;
#646 = DIRECTION ( 'NONE',  ( 0.9999999999348028190, -1.141903098866963167E-05, 0.000000000000000000 ) ) ;
#647 = CARTESIAN_POINT ( 'NONE',  ( -0.2540362169974851314, 7.005067334542999014, -4.619402400000000242 ) ) ;
#648 = ORIENTED_EDGE ( 'NONE', *, *, #1212, .T. ) ;
#649 = EDGE_CURVE ( 'NONE', #509, #1755, #1531, .T. ) ;
#650 = CARTESIAN_POINT ( 'NONE',  ( 48.62819712842208020, 5.381323318584004589, -16.61940240000000202 ) ) ;
#651 = EDGE_LOOP ( 'NONE', ( #1646, #76, #1394, #1545 ) ) ;
#652 = DIRECTION ( 'NONE',  ( 0.9999999999348028190, -1.141903098866963167E-05, 0.000000000000000000 ) ) ;
#653 = ORIENTED_EDGE ( 'NONE', *, *, #414, .F. ) ;
#654 = ADVANCED_FACE ( 'NONE', ( #1268 ), #422, .F. ) ;
#655 = VERTEX_POINT ( 'NONE', #1735 ) ;
#656 = DIRECTION ( 'NONE',  ( 0.000000000000000000, 0.000000000000000000, -1.000000000000000000 ) ) ;
#657 = CARTESIAN_POINT ( 'NONE',  ( 50.56700134277299696, -0.2540000081060000414, -19.61940239999999847 ) ) ;
#658 = CIRCLE ( 'NONE', #2003, 23.79742433024752657 ) ;
#659 = VECTOR ( 'NONE', #1700, 1000.000000000000000 ) ;
#660 = FACE_OUTER_BOUND ( 'NONE', #1118, .T. ) ;
#661 = VERTEX_POINT ( 'NONE', #577 ) ;
#662 = DIRECTION ( 'NONE',  ( 1.826024711554533913E-16, 1.000000000000000000, -0.000000000000000000 ) ) ;
#663 = ORIENTED_EDGE ( 'NONE', *, *, #168, .F. ) ;
#664 = AXIS2_PLACEMENT_3D ( 'NONE', #268, #1885, #1753 ) ;
#665 = DIRECTION ( 'NONE',  ( -0.000000000000000000, -0.000000000000000000, 1.000000000000000000 ) ) ;
#666 = VERTEX_POINT ( 'NONE', #1107 ) ;
#667 = EDGE_CURVE ( 'NONE', #690, #1511, #1546, .T. ) ;
#668 = FACE_BOUND ( 'NONE', #1880, .T. ) ;
#669 = CARTESIAN_POINT ( 'NONE',  ( 7.005000114440999681, -0.2569999992850000026, -19.61940239999999847 ) ) ;
#670 = ORIENTED_EDGE ( 'NONE', *, *, #1507, .T. ) ;
#671 = ORIENTED_EDGE ( 'NONE', *, *, #580, .F. ) ;
#672 = ADVANCED_FACE ( 'NONE', ( #932 ), #1719, .T. ) ;
#673 = LINE ( 'NONE', #849, #2033 ) ;
#674 = DIRECTION ( 'NONE',  ( -0.000000000000000000, -0.000000000000000000, -1.000000000000000000 ) ) ;
#675 = EDGE_CURVE ( 'NONE', #1635, #1704, #324, .T. ) ;
#676 = PLANE ( 'NONE',  #184 ) ;
#677 = CARTESIAN_POINT ( 'NONE',  ( 14.28944249278622713, -0.2569999992850000026, -4.619402400000000242 ) ) ;
#678 = VECTOR ( 'NONE', #737, 1000.000000000000000 ) ;
#679 = EDGE_LOOP ( 'NONE', ( #1196, #1474, #864, #888, #1841, #437 ) ) ;
#680 = AXIS2_PLACEMENT_3D ( 'NONE', #429, #1080, #2074 ) ;
#681 = VERTEX_POINT ( 'NONE', #902 ) ;
#682 = DIRECTION ( 'NONE',  ( 1.000000000000000000, 0.000000000000000000, 0.000000000000000000 ) ) ;
#683 = EDGE_CURVE ( 'NONE', #407, #1696, #457, .T. ) ;
#684 = DIRECTION ( 'NONE',  ( -0.000000000000000000, -0.000000000000000000, 1.000000000000000000 ) ) ;
#685 = EDGE_CURVE ( 'NONE', #1538, #533, #1232, .T. ) ;
#686 = CARTESIAN_POINT ( 'NONE',  ( 48.47760620441507484, 39.78639408645565823, -4.619402400000000242 ) ) ;
#687 = AXIS2_PLACEMENT_3D ( 'NONE', #2029, #1874, #394 ) ;
#688 = VERTEX_POINT ( 'NONE', #1583 ) ;
#689 = AXIS2_PLACEMENT_3D ( 'NONE', #1751, #276, #73 ) ;
#690 = VERTEX_POINT ( 'NONE', #1437 ) ;
#691 = AXIS2_PLACEMENT_3D ( 'NONE', #124, #299, #1443 ) ;
#692 = DIRECTION ( 'NONE',  ( 0.000000000000000000, 0.000000000000000000, -1.000000000000000000 ) ) ;
#693 = ORIENTED_EDGE ( 'NONE', *, *, #1222, .T. ) ;
#694 = CARTESIAN_POINT ( 'NONE',  ( 48.47760620441507484, 47.24524257867325616, -4.619402400000000242 ) ) ;
#695 =( NAMED_UNIT ( * ) PLANE_ANGLE_UNIT ( ) SI_UNIT ( $, .RADIAN. ) );
#696 = EDGE_CURVE ( 'NONE', #1284, #381, #1518, .T. ) ;
#697 = EDGE_LOOP ( 'NONE', ( #1872, #495, #1491, #1712 ) ) ;
#698 = ORIENTED_EDGE ( 'NONE', *, *, #1843, .T. ) ;
#699 = PRODUCT ( 'support2', 'support2', '', ( #1368 ) ) ;
#700 = LINE ( 'NONE', #1195, #1686 ) ;
#701 = DIRECTION ( 'NONE',  ( 1.000000000000000000, -0.000000000000000000, -0.000000000000000000 ) ) ;
#702 = VERTEX_POINT ( 'NONE', #952 ) ;
#703 = VERTEX_POINT ( 'NONE', #2102 ) ;
#704 = LINE ( 'NONE', #78, #1898 ) ;
#705 = CARTESIAN_POINT ( 'NONE',  ( 48.62819712842208020, 14.82442925476643758, -16.61940240000000202 ) ) ;
#706 = ORIENTED_EDGE ( 'NONE', *, *, #1629, .F. ) ;
#707 = CIRCLE ( 'NONE', #1226, 22.75081581221404292 ) ;
#708 = DIRECTION ( 'NONE',  ( 0.000000000000000000, 0.000000000000000000, -1.000000000000000000 ) ) ;
#709 = ADVANCED_FACE ( 'NONE', ( #450 ), #144, .T. ) ;
#710 = EDGE_LOOP ( 'NONE', ( #1106, #421, #1706, #1875 ) ) ;
#711 = PLANE ( 'NONE',  #1835 ) ;
#712 = AXIS2_PLACEMENT_3D ( 'NONE', #974, #28, #1636 ) ;
#713 = EDGE_CURVE ( 'NONE', #655, #688, #618, .T. ) ;
#714 = CARTESIAN_POINT ( 'NONE',  ( 26.95491612274526005, 22.51301674386550644, -13.91940240000000095 ) ) ;
#715 = DIRECTION ( 'NONE',  ( 0.9999999999348028190, -1.141903098866963167E-05, 0.000000000000000000 ) ) ;
#716 = EDGE_LOOP ( 'NONE', ( #1922, #1907 ) ) ;
#717 = CARTESIAN_POINT ( 'NONE',  ( 26.44550394349759159, 26.48044654559283373, -13.91940240000000095 ) ) ;
#718 = AXIS2_PLACEMENT_3D ( 'NONE', #582, #1247, #1087 ) ;
#719 = LINE ( 'NONE', #558, #757 ) ;
#720 = EDGE_LOOP ( 'NONE', ( #1866, #614, #1167, #1194, #1330 ) ) ;
#721 = CARTESIAN_POINT ( 'NONE',  ( 26.44550394349759159, 26.48044654559283373, -13.91940240000000095 ) ) ;
#722 = VECTOR ( 'NONE', #1772, 1000.000000000000000 ) ;
#723 = CARTESIAN_POINT ( 'NONE',  ( 7.005000114440999681, -0.2569999992850000026, -19.61940239999999847 ) ) ;
#724 = CARTESIAN_POINT ( 'NONE',  ( 7.005000114440999681, -0.2569999992850000026, -19.61940239999999847 ) ) ;
#725 = AXIS2_PLACEMENT_3D ( 'NONE', #669, #9, #969 ) ;
#726 = VERTEX_POINT ( 'NONE', #326 ) ;
#727 = EDGE_CURVE ( 'NONE', #1755, #655, #1277, .T. ) ;
#728 = ORIENTED_EDGE ( 'NONE', *, *, #1673, .T. ) ;
#729 = CARTESIAN_POINT ( 'NONE',  ( 12.44550394349759159, 26.48044654559283373, -5.619402400000000242 ) ) ;
#730 = CARTESIAN_POINT ( 'NONE',  ( 57.88700103759800442, 63.04000091552700269, -4.619402400000000242 ) ) ;
#731 = ORIENTED_EDGE ( 'NONE', *, *, #1324, .F. ) ;
#732 = LINE ( 'NONE', #743, #1069 ) ;
#733 = DIRECTION ( 'NONE',  ( 0.000000000000000000, 0.000000000000000000, -1.000000000000000000 ) ) ;
#734 = ORIENTED_EDGE ( 'NONE', *, *, #913, .T. ) ;
#735 = EDGE_CURVE ( 'NONE', #610, #959, #475, .T. ) ;
#736 = DIRECTION ( 'NONE',  ( -0.000000000000000000, -0.000000000000000000, 1.000000000000000000 ) ) ;
#737 = DIRECTION ( 'NONE',  ( 0.000000000000000000, -1.000000000000000000, 0.000000000000000000 ) ) ;
#738 = EDGE_CURVE ( 'NONE', #71, #239, #633, .T. ) ;
#739 = DIRECTION ( 'NONE',  ( -0.000000000000000000, 1.000000000000000000, -0.000000000000000000 ) ) ;
#740 = LINE ( 'NONE', #2070, #1409 ) ;
#741 = EDGE_LOOP ( 'NONE', ( #639, #947, #628, #800, #61, #157, #671, #900, #1784, #2030, #1829, #426, #49, #347, #1959, #1745, #418, #223, #227, #1990, #1228, #460, #1501, #1306, #209, #1237, #2075, #2019, #1582, #43, #525, #1569, #2038, #1699, #1464 ) ) ;
#742 = ORIENTED_EDGE ( 'NONE', *, *, #1916, .T. ) ;
#743 = CARTESIAN_POINT ( 'NONE',  ( 50.56700134277299696, -0.2540000081060000414, -19.61940239999999847 ) ) ;
#744 = LINE ( 'NONE', #243, #1749 ) ;
#745 = STYLED_ITEM ( 'NONE', ( #41 ), #1460 ) ;
#746 = ORIENTED_EDGE ( 'NONE', *, *, #531, .F. ) ;
#747 = CIRCLE ( 'NONE', #712, 2.500000000000002220 ) ;
#748 = MANIFOLD_SOLID_BREP ( 'Cut-Extrude6[2]', #1116 ) ;
#749 = DIRECTION ( 'NONE',  ( 0.000000000000000000, 1.000000000000000000, -0.000000000000000000 ) ) ;
#750 = LINE ( 'NONE', #566, #187 ) ;
#751 = EDGE_CURVE ( 'NONE', #1480, #1122, #18, .T. ) ;
#752 = CARTESIAN_POINT ( 'NONE',  ( 48.47760620441507484, 47.24524257867325616, -16.61940240000000202 ) ) ;
#753 = ORIENTED_EDGE ( 'NONE', *, *, #315, .T. ) ;
#754 = DIRECTION ( 'NONE',  ( -1.000000000000000000, 0.000000000000000000, 0.000000000000000000 ) ) ;
#755 = DIRECTION ( 'NONE',  ( -0.9999999976286573222, -6.886715686364837591E-05, 0.000000000000000000 ) ) ;
#756 = CARTESIAN_POINT ( 'NONE',  ( 40.25967780398604390, 2.245999991894000125, -19.61940239999999847 ) ) ;
#757 = VECTOR ( 'NONE', #412, 1000.000000000000000 ) ;
#758 = VERTEX_POINT ( 'NONE', #1791 ) ;
#759 = AXIS2_PLACEMENT_3D ( 'NONE', #1920, #444, #1721 ) ;
#760 = VERTEX_POINT ( 'NONE', #543 ) ;
#761 = VECTOR ( 'NONE', #1554, 1000.000000000000000 ) ;
#762 = ORIENTED_EDGE ( 'NONE', *, *, #1386, .F. ) ;
#763 = CLOSED_SHELL ( 'NONE', ( #1481, #174, #637, #1985 ) ) ;
#764 = CARTESIAN_POINT ( 'NONE',  ( 39.19403284612560157, 70.22963138088357482, -4.619402400000000242 ) ) ;
#765 = CARTESIAN_POINT ( 'NONE',  ( 50.56700134277299696, 2.245999991894000125, -19.61940239999999847 ) ) ;
#766 = CARTESIAN_POINT ( 'NONE',  ( -0.2540101100095734643, 47.31959426025974835, -19.61940239999999847 ) ) ;
#767 = EDGE_LOOP ( 'NONE', ( #362, #810, #2002, #80 ) ) ;
#768 = ORIENTED_EDGE ( 'NONE', *, *, #935, .T. ) ;
#769 = EDGE_CURVE ( 'NONE', #1596, #1423, #827, .T. ) ;
#770 = DIRECTION ( 'NONE',  ( 0.000000000000000000, 0.000000000000000000, -1.000000000000000000 ) ) ;
#771 = CARTESIAN_POINT ( 'NONE',  ( 40.25967780398604390, -0.2540000081060000414, -19.61940239999999847 ) ) ;
#772 = ADVANCED_FACE ( 'NONE', ( #1679 ), #866, .T. ) ;
#773 = CARTESIAN_POINT ( 'NONE',  ( 57.88700103759800442, 63.04000091552700269, -1.619402400000000020 ) ) ;
#774 = PLANE ( 'NONE',  #951 ) ;
#775 = DIRECTION ( 'NONE',  ( 1.000000000000000000, -0.000000000000000000, -0.000000000000000000 ) ) ;
#776 = CARTESIAN_POINT ( 'NONE',  ( 26.44550394349759159, 26.48044654559283373, -4.619402400000000242 ) ) ;
#777 = ORIENTED_EDGE ( 'NONE', *, *, #751, .T. ) ;
#778 = DIRECTION ( 'NONE',  ( -1.476880973642516934E-16, -1.000000000000000000, 0.000000000000000000 ) ) ;
#779 = ADVANCED_FACE ( 'NONE', ( #1523 ), #1325, .F. ) ;
#780 = LINE ( 'NONE', #642, #1790 ) ;
#781 = ADVANCED_FACE ( 'NONE', ( #1494 ), #2004, .F. ) ;
#782 = COLOUR_RGB ( '',0.7921568627450980005, 0.8196078431372548767, 0.9333333333333333481 ) ;
#783 = CARTESIAN_POINT ( 'NONE',  ( 54.87887073153294182, 7.065999984741000439, -16.61940240000000202 ) ) ;
#784 = CARTESIAN_POINT ( 'NONE',  ( 52.41466681408213901, 64.86806471233578009, -1.619402400000000020 ) ) ;
#785 = VECTOR ( 'NONE', #1161, 1000.000000000000000 ) ;
#786 = ORIENTED_EDGE ( 'NONE', *, *, #1694, .T. ) ;
#787 = CYLINDRICAL_SURFACE ( 'NONE', #307, 22.75081581221404292 ) ;
#788 = DIRECTION ( 'NONE',  ( -0.000000000000000000, 0.000000000000000000, -1.000000000000000000 ) ) ;
#789 = EDGE_LOOP ( 'NONE', ( #1321, #698 ) ) ;
#790 = CARTESIAN_POINT ( 'NONE',  ( 50.68700103759800157, 45.06599998474099777, -16.61940240000000202 ) ) ;
#791 = DIRECTION ( 'NONE',  ( -1.000000000000000000, 0.000000000000000000, -0.000000000000000000 ) ) ;
#792 = VECTOR ( 'NONE', #1367, 1000.000000000000000 ) ;
#793 = EDGE_CURVE ( 'NONE', #603, #1056, #700, .T. ) ;
#794 = ORIENTED_EDGE ( 'NONE', *, *, #1388, .T. ) ;
#795 = DIRECTION ( 'NONE',  ( 0.000000000000000000, 0.000000000000000000, -1.000000000000000000 ) ) ;
#796 = AXIS2_PLACEMENT_3D ( 'NONE', #1813, #836, #1648 ) ;
#797 = DIRECTION ( 'NONE',  ( 0.000000000000000000, -1.000000000000000000, 0.000000000000000000 ) ) ;
#798 = ADVANCED_BREP_SHAPE_REPRESENTATION ( 'support2', ( #748, #1478, #1460, #2086 ), #574 ) ;
#799 = CARTESIAN_POINT ( 'NONE',  ( 39.19403284612560157, 47.32517565625202138, -4.619402400000000242 ) ) ;
#800 = ORIENTED_EDGE ( 'NONE', *, *, #452, .T. ) ;
#801 = DIRECTION ( 'NONE',  ( -0.000000000000000000, -0.000000000000000000, 1.000000000000000000 ) ) ;
#802 = ORIENTED_EDGE ( 'NONE', *, *, #14, .T. ) ;
#803 = LINE ( 'NONE', #2101, #308 ) ;
#804 = FILL_AREA_STYLE ('',( #964 ) ) ;
#805 = CARTESIAN_POINT ( 'NONE',  ( -0.2540362169974851314, 7.005067334542999014, -4.619402400000000242 ) ) ;
#806 = EDGE_CURVE ( 'NONE', #1431, #1405, #526, .T. ) ;
#807 = CARTESIAN_POINT ( 'NONE',  ( 39.19403284612560157, 70.22963138088357482, -4.619402400000000242 ) ) ;
#808 = EDGE_CURVE ( 'NONE', #267, #1665, #1581, .T. ) ;
#809 = CARTESIAN_POINT ( 'NONE',  ( 14.28944249278622713, -0.2569999992850000026, -19.61940239999999847 ) ) ;
#810 = ORIENTED_EDGE ( 'NONE', *, *, #86, .T. ) ;
#811 = CARTESIAN_POINT ( 'NONE',  ( 57.88700103759800442, 7.065999984741000439, -4.619402400000000242 ) ) ;
#812 = VERTEX_POINT ( 'NONE', #1906 ) ;
#813 = CARTESIAN_POINT ( 'NONE',  ( 57.88700103759800442, 55.24524257867325616, -4.619402400000000242 ) ) ;
#814 = ORIENTED_EDGE ( 'NONE', *, *, #1324, .T. ) ;
#815 = FACE_OUTER_BOUND ( 'NONE', #1233, .T. ) ;
#816 = VECTOR ( 'NONE', #1031, 1000.000000000000000 ) ;
#817 = FACE_OUTER_BOUND ( 'NONE', #741, .T. ) ;
#818 = CARTESIAN_POINT ( 'NONE',  ( 5.132437688989126556, 47.31959426025974835, -4.619402400000000242 ) ) ;
#819 = AXIS2_PLACEMENT_3D ( 'NONE', #2040, #606, #1242 ) ;
#820 = DIRECTION ( 'NONE',  ( 0.000000000000000000, 0.000000000000000000, -1.000000000000000000 ) ) ;
#821 = VERTEX_POINT ( 'NONE', #714 ) ;
#822 = LINE ( 'NONE', #1476, #1758 ) ;
#823 = EDGE_CURVE ( 'NONE', #812, #760, #1392, .T. ) ;
#824 = VERTEX_POINT ( 'NONE', #2041 ) ;
#825 = CARTESIAN_POINT ( 'NONE',  ( -0.2540139132165823432, 41.44666507051483251, -4.619402400000000242 ) ) ;
#826 = ORIENTED_EDGE ( 'NONE', *, *, #338, .T. ) ;
#827 = CIRCLE ( 'NONE', #496, 1.000000000000000888 ) ;
#828 = CARTESIAN_POINT ( 'NONE',  ( 14.96444680327335064, 47.32517565625202138, -5.619402400000000242 ) ) ;
#829 = DIRECTION ( 'NONE',  ( -1.000000000000000000, 0.000000000000000000, 0.000000000000000000 ) ) ;
#830 = VECTOR ( 'NONE', #1524, 1000.000000000000000 ) ;
#831 = VECTOR ( 'NONE', #1429, 1000.000000000000000 ) ;
#832 = EDGE_LOOP ( 'NONE', ( #1984, #181, #430, #634 ) ) ;
#833 = VERTEX_POINT ( 'NONE', #756 ) ;
#834 = AXIS2_PLACEMENT_3D ( 'NONE', #1252, #221, #875 ) ;
#835 = EDGE_CURVE ( 'NONE', #1499, #1136, #571, .T. ) ;
#836 = DIRECTION ( 'NONE',  ( -0.000000000000000000, -0.000000000000000000, 1.000000000000000000 ) ) ;
#837 = ADVANCED_FACE ( 'NONE', ( #84 ), #1667, .T. ) ;
#838 = CARTESIAN_POINT ( 'NONE',  ( 0.000000000000000000, 0.000000000000000000, -19.61940239999999847 ) ) ;
#839 = DIRECTION ( 'NONE',  ( -0.000000000000000000, -0.000000000000000000, 1.000000000000000000 ) ) ;
#840 = CARTESIAN_POINT ( 'NONE',  ( 51.41466681408213901, 64.86806471233578009, -1.619402400000000020 ) ) ;
#841 = FACE_OUTER_BOUND ( 'NONE', #1073, .T. ) ;
#842 = CARTESIAN_POINT ( 'NONE',  ( 50.56700134277299696, -0.2540000081060000414, -4.619402400000000242 ) ) ;
#843 = ORIENTED_EDGE ( 'NONE', *, *, #1335, .F. ) ;
#844 = ORIENTED_EDGE ( 'NONE', *, *, #896, .F. ) ;
#845 = ORIENTED_EDGE ( 'NONE', *, *, #2053, .T. ) ;
#846 = EDGE_CURVE ( 'NONE', #758, #1528, #213, .T. ) ;
#847 = PLANE ( 'NONE',  #1064 ) ;
#848 = ADVANCED_FACE ( 'NONE', ( #55 ), #1170, .F. ) ;
#849 = CARTESIAN_POINT ( 'NONE',  ( 57.88700103759800442, 45.06599998474099777, -1.619402400000000020 ) ) ;
#850 = DIRECTION ( 'NONE',  ( 0.000000000000000000, 0.000000000000000000, -1.000000000000000000 ) ) ;
#851 = FACE_OUTER_BOUND ( 'NONE', #903, .T. ) ;
#852 = CARTESIAN_POINT ( 'NONE',  ( -0.2540101100095741860, 41.44666507051483251, -19.61940239999999847 ) ) ;
#853 = VECTOR ( 'NONE', #158, 1000.000000000000000 ) ;
#854 = ORIENTED_EDGE ( 'NONE', *, *, #301, .T. ) ;
#855 = UNCERTAINTY_MEASURE_WITH_UNIT (LENGTH_MEASURE( 1.000000000000000082E-05 ), #1042, 'distance_accuracy_value', 'NONE');
#856 = ORIENTED_EDGE ( 'NONE', *, *, #1998, .T. ) ;
#857 = LINE ( 'NONE', #867, #1625 ) ;
#858 = EDGE_CURVE ( 'NONE', #1903, #398, #1010, .T. ) ;
#859 = CARTESIAN_POINT ( 'NONE',  ( 53.88700103759799731, 55.24524257867325616, -4.619402400000000242 ) ) ;
#860 =( LENGTH_UNIT ( ) NAMED_UNIT ( * ) SI_UNIT ( .MILLI., .METRE. ) );
#861 = AXIS2_PLACEMENT_3D ( 'NONE', #199, #1213, #1336 ) ;
#862 = ORIENTED_EDGE ( 'NONE', *, *, #922, .T. ) ;
#863 = VECTOR ( 'NONE', #1304, 1000.000000000000000 ) ;
#864 = ORIENTED_EDGE ( 'NONE', *, *, #727, .F. ) ;
#865 = AXIS2_PLACEMENT_3D ( 'NONE', #1542, #562, #95 ) ;
#866 = CYLINDRICAL_SURFACE ( 'NONE', #1100, 23.79742433024752657 ) ;
#867 = CARTESIAN_POINT ( 'NONE',  ( 57.88700103759800442, 45.06599998474099777, -1.619402400000000020 ) ) ;
#868 = CARTESIAN_POINT ( 'NONE',  ( 57.88700103759800442, 47.24524257867325616, -16.61940240000000202 ) ) ;
#869 = EDGE_CURVE ( 'NONE', #1538, #110, #857, .T. ) ;
#870 = CARTESIAN_POINT ( 'NONE',  ( -0.2540101100095741860, 41.44666507051483251, -19.61940239999999847 ) ) ;
#871 = SURFACE_STYLE_FILL_AREA ( #1396 ) ;
#872 = ORIENTED_EDGE ( 'NONE', *, *, #1890, .T. ) ;
#873 = EDGE_CURVE ( 'NONE', #34, #236, #2032, .T. ) ;
#874 = ORIENTED_EDGE ( 'NONE', *, *, #735, .T. ) ;
#875 = DIRECTION ( 'NONE',  ( 1.000000000000000000, 0.000000000000000000, 0.000000000000000000 ) ) ;
#876 = CARTESIAN_POINT ( 'NONE',  ( 50.56700134277299696, 2.245999991894000125, -19.61940239999999847 ) ) ;
#877 = CYLINDRICAL_SURFACE ( 'NONE', #929, 1.000000000000000888 ) ;
#878 = DIRECTION ( 'NONE',  ( 0.000000000000000000, 0.000000000000000000, -1.000000000000000000 ) ) ;
#879 = VECTOR ( 'NONE', #1651, 1000.000000000000000 ) ;
#880 = CARTESIAN_POINT ( 'NONE',  ( 26.44550394349759159, 26.48044654559283373, -4.619402400000000242 ) ) ;
#881 = ORIENTED_EDGE ( 'NONE', *, *, #649, .T. ) ;
#882 = ADVANCED_FACE ( 'NONE', ( #358 ), #1854, .T. ) ;
#883 = DIRECTION ( 'NONE',  ( -0.000000000000000000, 0.000000000000000000, 1.000000000000000000 ) ) ;
#884 = LINE ( 'NONE', #339, #1575 ) ;
#885 = DIRECTION ( 'NONE',  ( -0.000000000000000000, 1.000000000000000000, -0.000000000000000000 ) ) ;
#886 = CARTESIAN_POINT ( 'NONE',  ( 7.005000114440999681, 3.243000000714999942, -19.61940239999999847 ) ) ;
#887 = DIRECTION ( 'NONE',  ( -1.000000000000000000, 0.000000000000000000, 0.000000000000000000 ) ) ;
#888 = ORIENTED_EDGE ( 'NONE', *, *, #649, .F. ) ;
#889 = SURFACE_SIDE_STYLE ('',( #871 ) ) ;
#890 = EDGE_LOOP ( 'NONE', ( #920, #1279, #1831, #1861 ) ) ;
#891 = AXIS2_PLACEMENT_3D ( 'NONE', #730, #1077, #1389 ) ;
#892 = DIRECTION ( 'NONE',  ( -1.000000000000000000, 0.000000000000000000, 0.000000000000000000 ) ) ;
#893 = ORIENTED_EDGE ( 'NONE', *, *, #1928, .T. ) ;
#894 = PLANE ( 'NONE',  #30 ) ;
#895 = AXIS2_PLACEMENT_3D ( 'NONE', #638, #970, #1633 ) ;
#896 = EDGE_CURVE ( 'NONE', #833, #1655, #197, .T. ) ;
#897 = DIRECTION ( 'NONE',  ( -0.000000000000000000, -0.000000000000000000, -1.000000000000000000 ) ) ;
#898 = AXIS2_PLACEMENT_3D ( 'NONE', #721, #1412, #2048 ) ;
#899 = ORIENTED_EDGE ( 'NONE', *, *, #315, .F. ) ;
#900 = ORIENTED_EDGE ( 'NONE', *, *, #806, .F. ) ;
#901 = ADVANCED_FACE ( 'NONE', ( #2005 ), #847, .F. ) ;
#902 = CARTESIAN_POINT ( 'NONE',  ( 39.19403284612560157, 70.22963138088357482, -1.619402400000000020 ) ) ;
#903 = EDGE_LOOP ( 'NONE', ( #1193, #517, #1221, #1783 ) ) ;
#904 = CARTESIAN_POINT ( 'NONE',  ( 48.47760620441507484, 39.78639408645565823, -16.61940240000000202 ) ) ;
#905 = DIRECTION ( 'NONE',  ( 0.000000000000000000, 0.000000000000000000, 1.000000000000000000 ) ) ;
#906 = ORIENTED_EDGE ( 'NONE', *, *, #270, .F. ) ;
#907 = CARTESIAN_POINT ( 'NONE',  ( 11.44550394349759159, 26.48044654559283728, -4.619402400000000242 ) ) ;
#908 = CARTESIAN_POINT ( 'NONE',  ( 40.25967780398604390, -0.2540000081060000414, -19.61940239999999847 ) ) ;
#909 = DIRECTION ( 'NONE',  ( 0.000000000000000000, -0.000000000000000000, -1.000000000000000000 ) ) ;
#910 = EDGE_CURVE ( 'NONE', #139, #407, #1846, .T. ) ;
#911 = EDGE_LOOP ( 'NONE', ( #931, #1146 ) ) ;
#912 = ORIENTED_EDGE ( 'NONE', *, *, #1603, .T. ) ;
#913 = EDGE_CURVE ( 'NONE', #1423, #1596, #963, .T. ) ;
#914 = FACE_OUTER_BOUND ( 'NONE', #1387, .T. ) ;
#915 = CARTESIAN_POINT ( 'NONE',  ( 50.71549987793000014, 70.22949981689450283, -4.619402400000000242 ) ) ;
#916 = ORIENTED_EDGE ( 'NONE', *, *, #685, .T. ) ;
#917 = DIRECTION ( 'NONE',  ( -0.000000000000000000, -0.000000000000000000, -1.000000000000000000 ) ) ;
#918 = MECHANICAL_DESIGN_GEOMETRIC_PRESENTATION_REPRESENTATION (  '', ( #745 ), #1674 ) ;
#919 = LINE ( 'NONE', #561, #441 ) ;
#920 = ORIENTED_EDGE ( 'NONE', *, *, #1197, .F. ) ;
#921 = VECTOR ( 'NONE', #755, 1000.000000000000114 ) ;
#922 = EDGE_CURVE ( 'NONE', #381, #1284, #1832, .T. ) ;
#923 = CARTESIAN_POINT ( 'NONE',  ( 53.88700103759799731, 47.24524257867325616, -1.619402400000000020 ) ) ;
#924 = ORIENTED_EDGE ( 'NONE', *, *, #1215, .F. ) ;
#925 = CARTESIAN_POINT ( 'NONE',  ( 25.93609176424992313, 30.44787634732015746, -13.91940240000000095 ) ) ;
#926 = CARTESIAN_POINT ( 'NONE',  ( 0.000000000000000000, 0.000000000000000000, -19.61940239999999847 ) ) ;
#927 = VECTOR ( 'NONE', #1147, 1000.000000000000000 ) ;
#928 = LINE ( 'NONE', #771, #1675 ) ;
#929 = AXIS2_PLACEMENT_3D ( 'NONE', #1377, #2024, #2015 ) ;
#930 = VECTOR ( 'NONE', #1746, 1000.000000000000000 ) ;
#931 = ORIENTED_EDGE ( 'NONE', *, *, #131, .T. ) ;
#932 = FACE_OUTER_BOUND ( 'NONE', #832, .T. ) ;
#933 = CARTESIAN_POINT ( 'NONE',  ( 26.44550394349759159, 26.48044654559283373, -13.91940240000000095 ) ) ;
#934 = DIRECTION ( 'NONE',  ( -0.000000000000000000, -0.000000000000000000, -1.000000000000000000 ) ) ;
#935 = EDGE_CURVE ( 'NONE', #195, #194, #1049, .T. ) ;
#936 = PLANE ( 'NONE',  #1657 ) ;
#937 = ORIENTED_EDGE ( 'NONE', *, *, #531, .T. ) ;
#938 = LINE ( 'NONE', #288, #56 ) ;
#939 = EDGE_CURVE ( 'NONE', #1217, #1078, #1502, .T. ) ;
#940 = DIRECTION ( 'NONE',  ( -1.000000000000000000, 0.000000000000000000, -0.000000000000000000 ) ) ;
#941 = SURFACE_STYLE_USAGE ( .BOTH. , #643 ) ;
#942 = DIRECTION ( 'NONE',  ( 1.000000000000000000, -0.000000000000000000, -0.000000000000000000 ) ) ;
#943 = ORIENTED_EDGE ( 'NONE', *, *, #37, .F. ) ;
#944 = PLANE ( 'NONE',  #12 ) ;
#945 = CARTESIAN_POINT ( 'NONE',  ( 26.95491612274526005, 22.51301674386550644, -5.619402400000000242 ) ) ;
#946 = CARTESIAN_POINT ( 'NONE',  ( 57.88700103759800442, 7.065999984741000439, -4.619402400000000242 ) ) ;
#947 = ORIENTED_EDGE ( 'NONE', *, *, #1, .F. ) ;
#948 = DIRECTION ( 'NONE',  ( 0.000000000000000000, -0.000000000000000000, 1.000000000000000000 ) ) ;
#949 = EDGE_CURVE ( 'NONE', #1360, #1842, #1848, .T. ) ;
#950 = DIRECTION ( 'NONE',  ( 0.000000000000000000, -0.000000000000000000, 1.000000000000000000 ) ) ;
#951 = AXIS2_PLACEMENT_3D ( 'NONE', #601, #294, #795 ) ;
#952 = CARTESIAN_POINT ( 'NONE',  ( 25.93609176424992313, 22.51301674386550644, -13.91940240000000095 ) ) ;
#953 = DIRECTION ( 'NONE',  ( 0.000000000000000000, 0.000000000000000000, -1.000000000000000000 ) ) ;
#954 = VECTOR ( 'NONE', #330, 1000.000000000000000 ) ;
#955 = ORIENTED_EDGE ( 'NONE', *, *, #949, .T. ) ;
#956 = CARTESIAN_POINT ( 'NONE',  ( 6.953000068665000200, 70.22999954223598706, -4.619402400000000242 ) ) ;
#957 = CARTESIAN_POINT ( 'NONE',  ( 26.44550394349759159, 26.48044654559283373, -4.619402400000000242 ) ) ;
#958 = CARTESIAN_POINT ( 'NONE',  ( 47.15757000822215872, 47.99356986567008931, -4.619402400000000242 ) ) ;
#959 = VERTEX_POINT ( 'NONE', #68 ) ;
#960 = DIRECTION ( 'NONE',  ( -0.000000000000000000, -0.000000000000000000, 1.000000000000000000 ) ) ;
#961 = ORIENTED_EDGE ( 'NONE', *, *, #1697, .T. ) ;
#962 = CARTESIAN_POINT ( 'NONE',  ( 44.65757000822215872, 47.99356986567008931, -19.61940239999999847 ) ) ;
#963 = CIRCLE ( 'NONE', #2095, 1.000000000000000888 ) ;
#964 = FILL_AREA_STYLE_COLOUR ( '', #2069 ) ;
#965 = LINE ( 'NONE', #805, #1241 ) ;
#966 = VECTOR ( 'NONE', #1634, 1000.000000000000114 ) ;
#967 = DIRECTION ( 'NONE',  ( 0.000000000000000000, -1.000000000000000000, 0.000000000000000000 ) ) ;
#968 = STYLED_ITEM ( 'NONE', ( #1457 ), #748 ) ;
#969 = DIRECTION ( 'NONE',  ( 0.000000000000000000, -0.000000000000000000, 1.000000000000000000 ) ) ;
#970 = DIRECTION ( 'NONE',  ( 0.000000000000000000, 0.000000000000000000, -1.000000000000000000 ) ) ;
#971 = ORIENTED_EDGE ( 'NONE', *, *, #1744, .T. ) ;
#972 = LINE ( 'NONE', #161, #1142 ) ;
#973 = ORIENTED_EDGE ( 'NONE', *, *, #910, .T. ) ;
#974 = CARTESIAN_POINT ( 'NONE',  ( 44.65757000822215872, 47.99356986567008931, -19.61940239999999847 ) ) ;
#975 = LINE ( 'NONE', #1637, #1684 ) ;
#976 = LINE ( 'NONE', #1814, #785 ) ;
#977 = EDGE_CURVE ( 'NONE', #2060, #1499, #1517, .T. ) ;
#978 = CARTESIAN_POINT ( 'NONE',  ( 7.005000114440999681, 3.243000000714999942, -19.61940239999999847 ) ) ;
#979 = CARTESIAN_POINT ( 'NONE',  ( 50.68700103759799447, 14.82442925476643758, -16.61940240000000202 ) ) ;
#980 = VERTEX_POINT ( 'NONE', #859 ) ;
#981 = CARTESIAN_POINT ( 'NONE',  ( 50.68700103759800157, 45.06599998474099777, -1.619402400000000020 ) ) ;
#982 = ORIENTED_EDGE ( 'NONE', *, *, #896, .T. ) ;
#983 = CARTESIAN_POINT ( 'NONE',  ( 57.88700103759800442, 63.04000091552700269, -4.619402400000000242 ) ) ;
#984 = ORIENTED_EDGE ( 'NONE', *, *, #1815, .F. ) ;
#985 =( NAMED_UNIT ( * ) PLANE_ANGLE_UNIT ( ) SI_UNIT ( $, .RADIAN. ) );
#986 = AXIS2_PLACEMENT_3D ( 'NONE', #1497, #537, #1641 ) ;
#987 = CARTESIAN_POINT ( 'NONE',  ( -0.2540362169974851314, 7.005067334542999014, -4.619402400000000242 ) ) ;
#988 = DIRECTION ( 'NONE',  ( -1.000000000000000000, 0.000000000000000000, 0.000000000000000000 ) ) ;
#989 = ADVANCED_FACE ( 'NONE', ( #1708 ), #1508, .F. ) ;
#990 = CARTESIAN_POINT ( 'NONE',  ( 39.19403284612560157, 49.88994628281719912, -1.619402400000000020 ) ) ;
#991 = ORIENTED_EDGE ( 'NONE', *, *, #1425, .T. ) ;
#992 = VERTEX_POINT ( 'NONE', #694 ) ;
#993 = EDGE_CURVE ( 'NONE', #1870, #465, #704, .T. ) ;
#994 = ORIENTED_EDGE ( 'NONE', *, *, #196, .F. ) ;
#995 = DIRECTION ( 'NONE',  ( 1.000000000000000000, 0.000000000000000000, -0.000000000000000000 ) ) ;
#996 = DIRECTION ( 'NONE',  ( 0.000000000000000000, -0.000000000000000000, 1.000000000000000000 ) ) ;
#997 = AXIS2_PLACEMENT_3D ( 'NONE', #1018, #1038, #222 ) ;
#998 = DIRECTION ( 'NONE',  ( 0.000000000000000000, -0.000000000000000000, 1.000000000000000000 ) ) ;
#999 = CARTESIAN_POINT ( 'NONE',  ( 26.44550394349759159, 26.48044654559283373, -5.619402400000000242 ) ) ;
#1000 = VECTOR ( 'NONE', #1318, 1000.000000000000000 ) ;
#1001 = AXIS2_PLACEMENT_3D ( 'NONE', #1292, #2094, #1451 ) ;
#1002 = SURFACE_STYLE_USAGE ( .BOTH. , #180 ) ;
#1003 = ORIENTED_EDGE ( 'NONE', *, *, #1503, .T. ) ;
#1004 = EDGE_CURVE ( 'NONE', #1158, #229, #1354, .T. ) ;
#1005 = ORIENTED_EDGE ( 'NONE', *, *, #1475, .T. ) ;
#1006 = CLOSED_SHELL ( 'NONE', ( #27, #98, #485, #772, #254, #1187, #284, #837, #1756, #57, #1493, #542, #1070, #901, #848, #1957, #472, #1438, #298, #182, #1345, #1008, #1375, #2010, #1026, #2031, #781, #353, #1759, #1066, #1160, #226, #564, #619, #524, #1450, #230, #882, #2072, #624, #62, #1537, #1530, #397, #46, #609, #216, #1127, #1239, #672, #1572, #1801, #520, #82, #779, #313, #989, #1526, #1556, #1057 ) ) ;
#1007 = ORIENTED_EDGE ( 'NONE', *, *, #823, .F. ) ;
#1008 = ADVANCED_FACE ( 'NONE', ( #841 ), #877, .F. ) ;
#1009 = CARTESIAN_POINT ( 'NONE',  ( 26.44550394349759159, 26.48044654559283373, -5.619402400000000242 ) ) ;
#1010 = LINE ( 'NONE', #1353, #830 ) ;
#1011 = DIRECTION ( 'NONE',  ( -0.000000000000000000, -0.000000000000000000, 1.000000000000000000 ) ) ;
#1012 = PLANE ( 'NONE',  #1822 ) ;
#1013 = ORIENTED_EDGE ( 'NONE', *, *, #2080, .F. ) ;
#1014 = APPLICATION_PROTOCOL_DEFINITION ( 'draft international standard', 'automotive_design', 1998, #1967 ) ;
#1015 = EDGE_LOOP ( 'NONE', ( #1366, #1925, #1725, #1677 ) ) ;
#1016 = EDGE_CURVE ( 'NONE', #655, #71, #536, .T. ) ;
#1017 = DIRECTION ( 'NONE',  ( 1.000000000000000000, 0.000000000000000000, 0.000000000000000000 ) ) ;
#1018 = CARTESIAN_POINT ( 'NONE',  ( 44.65757000822215872, 47.99356986567008931, -19.61940239999999847 ) ) ;
#1019 = DIRECTION ( 'NONE',  ( 0.000000000000000000, -0.000000000000000000, 1.000000000000000000 ) ) ;
#1020 = DIRECTION ( 'NONE',  ( -1.000000000000000000, 0.000000000000000000, 0.000000000000000000 ) ) ;
#1021 = AXIS2_PLACEMENT_3D ( 'NONE', #717, #878, #69 ) ;
#1022 = EDGE_LOOP ( 'NONE', ( #390, #1937, #762, #1338 ) ) ;
#1023 = VECTOR ( 'NONE', #1645, 1000.000000000000000 ) ;
#1024 = ORIENTED_EDGE ( 'NONE', *, *, #458, .F. ) ;
#1025 = CARTESIAN_POINT ( 'NONE',  ( 39.19403284612560157, 47.32517565625202138, -4.619402400000000242 ) ) ;
#1026 = ADVANCED_FACE ( 'NONE', ( #851 ), #375, .F. ) ;
#1027 = LINE ( 'NONE', #868, #1939 ) ;
#1028 = EDGE_CURVE ( 'NONE', #1298, #661, #1030, .T. ) ;
#1029 = VECTOR ( 'NONE', #1777, 1000.000000000000000 ) ;
#1030 = LINE ( 'NONE', #360, #379 ) ;
#1031 = DIRECTION ( 'NONE',  ( -0.000000000000000000, -0.000000000000000000, 1.000000000000000000 ) ) ;
#1032 = VECTOR ( 'NONE', #492, 1000.000000000000000 ) ;
#1033 = EDGE_LOOP ( 'NONE', ( #1062, #2054, #162, #52 ) ) ;
#1034 = CIRCLE ( 'NONE', #119, 2.500000000000002220 ) ;
#1035 = ORIENTED_EDGE ( 'NONE', *, *, #1507, .F. ) ;
#1036 = AXIS2_PLACEMENT_3D ( 'NONE', #1834, #204, #1680 ) ;
#1037 = DIRECTION ( 'NONE',  ( -0.000000000000000000, 0.000000000000000000, 1.000000000000000000 ) ) ;
#1038 = DIRECTION ( 'NONE',  ( -0.000000000000000000, -0.000000000000000000, 1.000000000000000000 ) ) ;
#1039 = VERTEX_POINT ( 'NONE', #1685 ) ;
#1040 = EDGE_CURVE ( 'NONE', #1431, #36, #47, .T. ) ;
#1041 = CARTESIAN_POINT ( 'NONE',  ( -0.2540101100095734643, 47.31959426025974835, -4.619402400000000242 ) ) ;
#1042 =( LENGTH_UNIT ( ) NAMED_UNIT ( * ) SI_UNIT ( .MILLI., .METRE. ) );
#1043 = EDGE_LOOP ( 'NONE', ( #693, #1295, #123, #622, #1851, #377, #786, #183 ) ) ;
#1044 = CARTESIAN_POINT ( 'NONE',  ( 48.47760620441507484, 39.78639408645565823, -4.619402400000000242 ) ) ;
#1045 = VERTEX_POINT ( 'NONE', #1346 ) ;
#1046 = DIRECTION ( 'NONE',  ( -0.7071067667921908662, -0.7071067955809038352, 0.000000000000000000 ) ) ;
#1047 = DIRECTION ( 'NONE',  ( 1.000000000000000000, -0.000000000000000000, -0.000000000000000000 ) ) ;
#1048 = FACE_OUTER_BOUND ( 'NONE', #368, .T. ) ;
#1049 = LINE ( 'NONE', #1703, #53 ) ;
#1050 = ORIENTED_EDGE ( 'NONE', *, *, #2082, .F. ) ;
#1051 = EDGE_LOOP ( 'NONE', ( #334, #1024, #446, #2012 ) ) ;
#1052 = EDGE_LOOP ( 'NONE', ( #297, #663, #844, #1439 ) ) ;
#1053 = EDGE_CURVE ( 'NONE', #1681, #1942, #588, .T. ) ;
#1054 = VECTOR ( 'NONE', #1119, 1000.000000000000000 ) ;
#1055 = DIRECTION ( 'NONE',  ( 1.000000000000000000, -1.190704370957544663E-16, 0.000000000000000000 ) ) ;
#1056 = VERTEX_POINT ( 'NONE', #399 ) ;
#1057 = ADVANCED_FACE ( 'NONE', ( #40 ), #676, .F. ) ;
#1058 = CIRCLE ( 'NONE', #680, 23.79742433024752657 ) ;
#1059 = LINE ( 'NONE', #277, #77 ) ;
#1060 = DIRECTION ( 'NONE',  ( 0.000000000000000000, 0.000000000000000000, -1.000000000000000000 ) ) ;
#1061 = ORIENTED_EDGE ( 'NONE', *, *, #1386, .T. ) ;
#1062 = ORIENTED_EDGE ( 'NONE', *, *, #910, .F. ) ;
#1063 = CARTESIAN_POINT ( 'NONE',  ( 50.71549987793000014, 70.22949981689450283, -4.619402400000000242 ) ) ;
#1064 = AXIS2_PLACEMENT_3D ( 'NONE', #66, #1181, #715 ) ;
#1065 = LINE ( 'NONE', #237, #792 ) ;
#1066 = ADVANCED_FACE ( 'NONE', ( #1381 ), #389, .F. ) ;
#1067 = EDGE_LOOP ( 'NONE', ( #856, #2050, #1605, #1253 ) ) ;
#1068 = CARTESIAN_POINT ( 'NONE',  ( 57.88700103759800442, 55.24524257867325616, -1.619402400000000020 ) ) ;
#1069 = VECTOR ( 'NONE', #1714, 1000.000000000000000 ) ;
#1070 = ADVANCED_FACE ( 'NONE', ( #79 ), #1236, .F. ) ;
#1071 = CARTESIAN_POINT ( 'NONE',  ( 7.005000114440999681, -0.2569999992850000026, -4.619402400000000242 ) ) ;
#1072 = AXIS2_PLACEMENT_3D ( 'NONE', #840, #626, #1282 ) ;
#1073 = EDGE_LOOP ( 'NONE', ( #1098, #1256, #1169, #734 ) ) ;
#1074 = VECTOR ( 'NONE', #1630, 1000.000000000000000 ) ;
#1075 = VERTEX_POINT ( 'NONE', #1550 ) ;
#1076 = DIRECTION ( 'NONE',  ( -1.476880973642516934E-16, -1.000000000000000000, 0.000000000000000000 ) ) ;
#1077 = DIRECTION ( 'NONE',  ( -1.000000000000000000, 0.000000000000000000, -0.000000000000000000 ) ) ;
#1078 = VERTEX_POINT ( 'NONE', #1044 ) ;
#1079 = DIRECTION ( 'NONE',  ( -1.000000000000000000, -0.000000000000000000, -0.000000000000000000 ) ) ;
#1080 = DIRECTION ( 'NONE',  ( -0.000000000000000000, 0.000000000000000000, -1.000000000000000000 ) ) ;
#1081 = ORIENTED_EDGE ( 'NONE', *, *, #835, .T. ) ;
#1082 = EDGE_CURVE ( 'NONE', #1860, #533, #1902, .T. ) ;
#1083 = ORIENTED_EDGE ( 'NONE', *, *, #468, .F. ) ;
#1084 = ORIENTED_EDGE ( 'NONE', *, *, #2053, .F. ) ;
#1085 = CARTESIAN_POINT ( 'NONE',  ( 12.44550394349759159, 26.48044654559283373, -4.619402400000000242 ) ) ;
#1086 = DIRECTION ( 'NONE',  ( -0.000000000000000000, -1.000000000000000000, -0.000000000000000000 ) ) ;
#1087 = DIRECTION ( 'NONE',  ( 1.000000000000000000, 0.000000000000000000, 0.000000000000000000 ) ) ;
#1088 = EDGE_LOOP ( 'NONE', ( #1007, #1013, #245, #961 ) ) ;
#1089 = CARTESIAN_POINT ( 'NONE',  ( 42.15757000822215872, 47.99356986567008931, -4.619402400000000242 ) ) ;
#1090 = VECTOR ( 'NONE', #839, 1000.000000000000000 ) ;
#1091 = DIRECTION ( 'NONE',  ( 0.000000000000000000, 0.000000000000000000, -1.000000000000000000 ) ) ;
#1092 = AXIS2_PLACEMENT_3D ( 'NONE', #1219, #1882, #416 ) ;
#1093 = EDGE_CURVE ( 'NONE', #1045, #139, #490, .T. ) ;
#1094 = DIRECTION ( 'NONE',  ( 0.000000000000000000, 0.000000000000000000, 1.000000000000000000 ) ) ;
#1095 = CARTESIAN_POINT ( 'NONE',  ( 26.95491612274526005, 30.44787634732015746, -5.619402399999999353 ) ) ;
#1096 = PLANE ( 'NONE',  #282 ) ;
#1097 = DIRECTION ( 'NONE',  ( 1.000000000000000000, 0.000000000000000000, 0.000000000000000000 ) ) ;
#1098 = ORIENTED_EDGE ( 'NONE', *, *, #501, .F. ) ;
#1099 = FACE_OUTER_BOUND ( 'NONE', #367, .T. ) ;
#1100 = AXIS2_PLACEMENT_3D ( 'NONE', #1009, #348, #1017 ) ;
#1101 = PLANE ( 'NONE',  #1131 ) ;
#1102 = AXIS2_PLACEMENT_3D ( 'NONE', #2034, #1496, #1878 ) ;
#1103 = VECTOR ( 'NONE', #739, 1000.000000000000000 ) ;
#1104 = DIRECTION ( 'NONE',  ( -0.000000000000000000, -0.000000000000000000, 1.000000000000000000 ) ) ;
#1105 = VECTOR ( 'NONE', #6, 1000.000000000000000 ) ;
#1106 = ORIENTED_EDGE ( 'NONE', *, *, #120, .T. ) ;
#1107 = CARTESIAN_POINT ( 'NONE',  ( 40.25967780398604390, 2.245999991894000125, -4.619402400000000242 ) ) ;
#1108 = FACE_OUTER_BOUND ( 'NONE', #1051, .T. ) ;
#1109 = DIRECTION ( 'NONE',  ( 0.000000000000000000, 0.000000000000000000, -1.000000000000000000 ) ) ;
#1110 = EDGE_CURVE ( 'NONE', #603, #1693, #451, .T. ) ;
#1111 = LINE ( 'NONE', #946, #722 ) ;
#1112 = EDGE_LOOP ( 'NONE', ( #1566, #323, #507, #845 ) ) ;
#1113 = DIRECTION ( 'NONE',  ( 0.000000000000000000, 0.000000000000000000, -1.000000000000000000 ) ) ;
#1114 = PLANE ( 'NONE',  #1469 ) ;
#1115 = CARTESIAN_POINT ( 'NONE',  ( 26.44550394349759159, 26.48044654559283373, -13.91940240000000095 ) ) ;
#1116 = CLOSED_SHELL ( 'NONE', ( #1826, #365, #1600, #709, #654 ) ) ;
#1117 = DIRECTION ( 'NONE',  ( 0.000000000000000000, -0.000000000000000000, -1.000000000000000000 ) ) ;
#1118 = EDGE_LOOP ( 'NONE', ( #58, #1543, #1455, #1319 ) ) ;
#1119 = DIRECTION ( 'NONE',  ( 0.000000000000000000, 0.000000000000000000, 1.000000000000000000 ) ) ;
#1120 = PLANE ( 'NONE',  #625 ) ;
#1121 = CARTESIAN_POINT ( 'NONE',  ( 40.25967780398604390, -0.2540000081060000414, -19.61940239999999847 ) ) ;
#1122 = VERTEX_POINT ( 'NONE', #1536 ) ;
#1123 = EDGE_CURVE ( 'NONE', #666, #529, #1205, .T. ) ;
#1124 = CARTESIAN_POINT ( 'NONE',  ( 50.68700103759799447, 7.065999984741000439, -1.619402400000000020 ) ) ;
#1125 = VERTEX_POINT ( 'NONE', #91 ) ;
#1126 = DIRECTION ( 'NONE',  ( 0.000000000000000000, 1.000000000000000000, 0.000000000000000000 ) ) ;
#1127 = ADVANCED_FACE ( 'NONE', ( #257 ), #228, .F. ) ;
#1128 = CIRCLE ( 'NONE', #1993, 4.000000000000000000 ) ;
#1129 = DIRECTION ( 'NONE',  ( -1.000000000000000000, 0.000000000000000000, 0.000000000000000000 ) ) ;
#1130 = CARTESIAN_POINT ( 'NONE',  ( 50.56700134277299696, -0.2540000081060000414, -1.619402400000000020 ) ) ;
#1131 = AXIS2_PLACEMENT_3D ( 'NONE', #94, #1765, #940 ) ;
#1132 = LINE ( 'NONE', #1780, #539 ) ;
#1133 = LINE ( 'NONE', #1825, #357 ) ;
#1134 = DIRECTION ( 'NONE',  ( 0.000000000000000000, 0.000000000000000000, -1.000000000000000000 ) ) ;
#1135 = DIRECTION ( 'NONE',  ( 1.000000000000000000, 0.000000000000000000, 0.000000000000000000 ) ) ;
#1136 = VERTEX_POINT ( 'NONE', #752 ) ;
#1137 = DIRECTION ( 'NONE',  ( 0.000000000000000000, 0.000000000000000000, -1.000000000000000000 ) ) ;
#1138 = EDGE_CURVE ( 'NONE', #1896, #726, #719, .T. ) ;
#1139 = CIRCLE ( 'NONE', #210, 23.79742433024752657 ) ;
#1140 = DIRECTION ( 'NONE',  ( 1.000000000000000000, 0.000000000000000000, 0.000000000000000000 ) ) ;
#1141 = CYLINDRICAL_SURFACE ( 'NONE', #1414, 22.75081581221404292 ) ;
#1142 = VECTOR ( 'NONE', #1285, 1000.000000000000000 ) ;
#1143 = CARTESIAN_POINT ( 'NONE',  ( 53.88700103759799731, 47.24524257867325616, -4.619402400000000242 ) ) ;
#1144 = VECTOR ( 'NONE', #1104, 1000.000000000000000 ) ;
#1145 = FACE_BOUND ( 'NONE', #911, .T. ) ;
#1146 = ORIENTED_EDGE ( 'NONE', *, *, #873, .T. ) ;
#1147 = DIRECTION ( 'NONE',  ( -0.000000000000000000, -0.000000000000000000, -1.000000000000000000 ) ) ;
#1148 = EDGE_LOOP ( 'NONE', ( #1912, #1390, #1159, #1185 ) ) ;
#1149 = LINE ( 'NONE', #1445, #1023 ) ;
#1150 = EDGE_LOOP ( 'NONE', ( #742, #1941, #1308, #29, #1267, #924 ) ) ;
#1151 = EDGE_CURVE ( 'NONE', #1480, #2088, #402, .T. ) ;
#1152 = CARTESIAN_POINT ( 'NONE',  ( 50.71549987793000014, 70.22949981689450283, -1.619402400000000020 ) ) ;
#1153 = DIRECTION ( 'NONE',  ( 0.000000000000000000, 0.000000000000000000, -1.000000000000000000 ) ) ;
#1154 = EDGE_CURVE ( 'NONE', #2103, #139, #1065, .T. ) ;
#1155 = CARTESIAN_POINT ( 'NONE',  ( 50.56700134277299696, -0.2540000081060000414, -19.61940239999999847 ) ) ;
#1156 = ORIENTED_EDGE ( 'NONE', *, *, #738, .F. ) ;
#1157 = DIRECTION ( 'NONE',  ( 0.000000000000000000, 1.000000000000000000, 0.000000000000000000 ) ) ;
#1158 = VERTEX_POINT ( 'NONE', #593 ) ;
#1159 = ORIENTED_EDGE ( 'NONE', *, *, #1731, .F. ) ;
#1160 = ADVANCED_FACE ( 'NONE', ( #111 ), #1711, .F. ) ;
#1161 = DIRECTION ( 'NONE',  ( -0.000000000000000000, -0.000000000000000000, -1.000000000000000000 ) ) ;
#1162 = DIRECTION ( 'NONE',  ( -0.000000000000000000, -0.000000000000000000, -1.000000000000000000 ) ) ;
#1163 = AXIS2_PLACEMENT_3D ( 'NONE', #632, #1137, #1287 ) ;
#1164 = EDGE_CURVE ( 'NONE', #1442, #603, #1139, .T. ) ;
#1165 = DIRECTION ( 'NONE',  ( -0.000000000000000000, -1.000000000000000000, -0.000000000000000000 ) ) ;
#1166 = EDGE_LOOP ( 'NONE', ( #70, #25, #631, #1421 ) ) ;
#1167 = ORIENTED_EDGE ( 'NONE', *, *, #1932, .F. ) ;
#1168 = SHAPE_DEFINITION_REPRESENTATION ( #241, #798 ) ;
#1169 = ORIENTED_EDGE ( 'NONE', *, *, #1788, .T. ) ;
#1170 = PLANE ( 'NONE',  #1036 ) ;
#1171 = AXIS2_PLACEMENT_3D ( 'NONE', #880, #1227, #892 ) ;
#1172 = DIRECTION ( 'NONE',  ( 1.000000000000000000, 0.000000000000000000, 0.000000000000000000 ) ) ;
#1173 = VECTOR ( 'NONE', #1463, 1000.000000000000000 ) ;
#1174 = CARTESIAN_POINT ( 'NONE',  ( 0.000000000000000000, 0.000000000000000000, -16.61940240000000202 ) ) ;
#1175 = AXIS2_PLACEMENT_3D ( 'NONE', #2039, #1913, #391 ) ;
#1176 = FACE_OUTER_BOUND ( 'NONE', #720, .T. ) ;
#1177 = EDGE_CURVE ( 'NONE', #185, #821, #740, .T. ) ;
#1178 = ORIENTED_EDGE ( 'NONE', *, *, #428, .T. ) ;
#1179 = ORIENTED_EDGE ( 'NONE', *, *, #1864, .T. ) ;
#1180 = CARTESIAN_POINT ( 'NONE',  ( 50.56700134277299696, -0.2540000081060000414, -4.619402400000000242 ) ) ;
#1181 = DIRECTION ( 'NONE',  ( -1.141903098866963336E-05, -0.9999999999348029300, 0.000000000000000000 ) ) ;
#1182 = CARTESIAN_POINT ( 'NONE',  ( 50.41466681408213901, 64.86806471233578009, -1.619402400000000020 ) ) ;
#1183 = DIRECTION ( 'NONE',  ( -1.000000000000000000, -0.000000000000000000, -0.000000000000000000 ) ) ;
#1184 = CARTESIAN_POINT ( 'NONE',  ( 53.88700103759799731, 47.24524257867325616, -1.619402400000000020 ) ) ;
#1185 = ORIENTED_EDGE ( 'NONE', *, *, #1877, .T. ) ;
#1186 = ORIENTED_EDGE ( 'NONE', *, *, #1254, .T. ) ;
#1187 = ADVANCED_FACE ( 'NONE', ( #2058 ), #436, .T. ) ;
#1188 = DIRECTION ( 'NONE',  ( -1.000000000000000000, 0.000000000000000000, 0.000000000000000000 ) ) ;
#1189 = EDGE_LOOP ( 'NONE', ( #1730, #1768, #1498, #396 ) ) ;
#1190 = AXIS2_PLACEMENT_3D ( 'NONE', #477, #8, #1281 ) ;
#1191 = DIRECTION ( 'NONE',  ( 0.000000000000000000, -1.000000000000000000, 0.000000000000000000 ) ) ;
#1192 = VECTOR ( 'NONE', #587, 1000.000000000000000 ) ;
#1193 = ORIENTED_EDGE ( 'NONE', *, *, #580, .T. ) ;
#1194 = ORIENTED_EDGE ( 'NONE', *, *, #1436, .F. ) ;
#1195 = CARTESIAN_POINT ( 'NONE',  ( 2.648079613250069908, 26.48044654559283728, -5.619402400000000242 ) ) ;
#1196 = ORIENTED_EDGE ( 'NONE', *, *, #1265, .T. ) ;
#1197 = EDGE_CURVE ( 'NONE', #1870, #4, #1750, .T. ) ;
#1198 = VERTEX_POINT ( 'NONE', #2027 ) ;
#1199 = AXIS2_PLACEMENT_3D ( 'NONE', #1393, #2051, #1743 ) ;
#1200 = DIRECTION ( 'NONE',  ( -1.000000000000000000, -0.000000000000000000, -0.000000000000000000 ) ) ;
#1201 = CARTESIAN_POINT ( 'NONE',  ( 48.62819712842208020, 5.381323318584004589, -16.61940240000000202 ) ) ;
#1202 = VECTOR ( 'NONE', #1955, 1000.000000000000000 ) ;
#1203 = VERTEX_POINT ( 'NONE', #1121 ) ;
#1204 = AXIS2_PLACEMENT_3D ( 'NONE', #1726, #2061, #560 ) ;
#1205 = LINE ( 'NONE', #2046, #1865 ) ;
#1206 = VERTEX_POINT ( 'NONE', #799 ) ;
#1207 = VECTOR ( 'NONE', #1332, 1000.000000000000000 ) ;
#1208 = CARTESIAN_POINT ( 'NONE',  ( -0.2540101100095741860, 41.44666507051483251, -4.619402400000000242 ) ) ;
#1209 = DIRECTION ( 'NONE',  ( -1.000000000000000000, 0.000000000000000000, 0.000000000000000000 ) ) ;
#1210 = ORIENTED_EDGE ( 'NONE', *, *, #1028, .T. ) ;
#1211 = ORIENTED_EDGE ( 'NONE', *, *, #1975, .F. ) ;
#1212 = EDGE_CURVE ( 'NONE', #1125, #312, #1621, .T. ) ;
#1213 = DIRECTION ( 'NONE',  ( 1.000000000000000000, -0.000000000000000000, 0.000000000000000000 ) ) ;
#1214 =( NAMED_UNIT ( * ) PLANE_ANGLE_UNIT ( ) SI_UNIT ( $, .RADIAN. ) );
#1215 = EDGE_CURVE ( 'NONE', #1522, #1670, #481, .T. ) ;
#1216 = CARTESIAN_POINT ( 'NONE',  ( 7.005000114440999681, 3.243000000714999942, -19.61940239999999847 ) ) ;
#1217 = VERTEX_POINT ( 'NONE', #129 ) ;
#1218 = FACE_OUTER_BOUND ( 'NONE', #1642, .T. ) ;
#1219 = CARTESIAN_POINT ( 'NONE',  ( 57.88700103759800442, 63.04000091552700269, -4.619402400000000242 ) ) ;
#1220 = ORIENTED_EDGE ( 'NONE', *, *, #1945, .F. ) ;
#1221 = ORIENTED_EDGE ( 'NONE', *, *, #1928, .F. ) ;
#1222 = EDGE_CURVE ( 'NONE', #515, #1442, #658, .T. ) ;
#1223 = LINE ( 'NONE', #410, #572 ) ;
#1224 = CARTESIAN_POINT ( 'NONE',  ( -0.2540101100095734643, 47.31959426025974835, -19.61940239999999847 ) ) ;
#1225 = EDGE_CURVE ( 'NONE', #1039, #2000, #1430, .T. ) ;
#1226 = AXIS2_PLACEMENT_3D ( 'NONE', #349, #998, #1650 ) ;
#1227 = DIRECTION ( 'NONE',  ( -0.000000000000000000, -0.000000000000000000, -1.000000000000000000 ) ) ;
#1228 = ORIENTED_EDGE ( 'NONE', *, *, #301, .F. ) ;
#1229 = CARTESIAN_POINT ( 'NONE',  ( -0.2540101063951582527, 47.32517565625202138, -1.619402400000000020 ) ) ;
#1230 = FACE_OUTER_BOUND ( 'NONE', #767, .T. ) ;
#1231 = ORIENTED_EDGE ( 'NONE', *, *, #1638, .T. ) ;
#1232 = LINE ( 'NONE', #1897, #23 ) ;
#1233 = EDGE_LOOP ( 'NONE', ( #1818, #1821, #383, #354 ) ) ;
#1234 = DIRECTION ( 'NONE',  ( -1.000000000000000000, 0.000000000000000000, -0.000000000000000000 ) ) ;
#1235 = VECTOR ( 'NONE', #1200, 1000.000000000000000 ) ;
#1236 = PLANE ( 'NONE',  #891 ) ;
#1237 = ORIENTED_EDGE ( 'NONE', *, *, #1151, .T. ) ;
#1238 = ORIENTED_EDGE ( 'NONE', *, *, #727, .T. ) ;
#1239 = ADVANCED_FACE ( 'NONE', ( #285 ), #936, .T. ) ;
#1240 = CARTESIAN_POINT ( 'NONE',  ( 3.694688131283551336, 26.48044654559283728, -5.619402400000000242 ) ) ;
#1241 = VECTOR ( 'NONE', #644, 1000.000000000000114 ) ;
#1242 = DIRECTION ( 'NONE',  ( -1.000000000000000000, 0.000000000000000000, 0.000000000000000000 ) ) ;
#1243 = VECTOR ( 'NONE', #662, 1000.000000000000000 ) ;
#1244 = ORIENTED_EDGE ( 'NONE', *, *, #145, .T. ) ;
#1245 = DIRECTION ( 'NONE',  ( 0.000000000000000000, -1.000000000000000000, 0.000000000000000000 ) ) ;
#1246 = CARTESIAN_POINT ( 'NONE',  ( 35.56125341485351754, 47.32517565625202138, -4.619402400000000242 ) ) ;
#1247 = DIRECTION ( 'NONE',  ( -0.000000000000000000, -0.000000000000000000, 1.000000000000000000 ) ) ;
#1248 = ORIENTED_EDGE ( 'NONE', *, *, #1568, .F. ) ;
#1249 = CARTESIAN_POINT ( 'NONE',  ( 25.93609176424992313, 30.48044654559283373, -13.91940240000000095 ) ) ;
#1250 = EDGE_CURVE ( 'NONE', #824, #2000, #1795, .T. ) ;
#1251 = LINE ( 'NONE', #1914, #1823 ) ;
#1252 = CARTESIAN_POINT ( 'NONE',  ( 26.44550394349759159, 26.48044654559283373, -13.91940240000000095 ) ) ;
#1253 = ORIENTED_EDGE ( 'NONE', *, *, #1713, .T. ) ;
#1254 = EDGE_CURVE ( 'NONE', #1842, #2064, #320, .T. ) ;
#1255 = CARTESIAN_POINT ( 'NONE',  ( 48.47760620441507484, 39.78639408645565823, -16.61940240000000202 ) ) ;
#1256 = ORIENTED_EDGE ( 'NONE', *, *, #131, .F. ) ;
#1257 = CARTESIAN_POINT ( 'NONE',  ( 7.005000114440999681, -0.2569999992850000026, -19.61940239999999847 ) ) ;
#1258 = CARTESIAN_POINT ( 'NONE',  ( 39.19403284612560157, 55.22990032368964108, -4.619402400000000242 ) ) ;
#1259 = EDGE_LOOP ( 'NONE', ( #147, #994, #1400, #2071 ) ) ;
#1260 = CARTESIAN_POINT ( 'NONE',  ( 50.56700134277299696, 2.245999991894000125, -4.619402400000000242 ) ) ;
#1261 = VECTOR ( 'NONE', #1086, 1000.000000000000000 ) ;
#1262 = LINE ( 'NONE', #1553, #1962 ) ;
#1263 = VECTOR ( 'NONE', #1011, 1000.000000000000000 ) ;
#1264 = DIRECTION ( 'NONE',  ( -0.000000000000000000, -0.000000000000000000, 1.000000000000000000 ) ) ;
#1265 = EDGE_CURVE ( 'NONE', #1896, #688, #1111, .T. ) ;
#1266 = DIRECTION ( 'NONE',  ( 1.000000000000000000, 0.000000000000000000, 0.000000000000000000 ) ) ;
#1267 = ORIENTED_EDGE ( 'NONE', *, *, #1425, .F. ) ;
#1268 = FACE_OUTER_BOUND ( 'NONE', #1510, .T. ) ;
#1269 = CARTESIAN_POINT ( 'NONE',  ( 17.32975447214166920, 47.32517565625202138, -5.619402400000000242 ) ) ;
#1270 = CARTESIAN_POINT ( 'NONE',  ( -0.2540362169974851314, 7.005067334542999014, -4.619402400000000242 ) ) ;
#1271 = CARTESIAN_POINT ( 'NONE',  ( 57.88700103759800442, 47.24524257867325616, -1.619402400000000020 ) ) ;
#1272 = ORIENTED_EDGE ( 'NONE', *, *, #1915, .T. ) ;
#1273 = DIRECTION ( 'NONE',  ( 1.000000000000000000, 0.000000000000000000, 0.000000000000000000 ) ) ;
#1274 = VECTOR ( 'NONE', #151, 1000.000000000000000 ) ;
#1275 = CIRCLE ( 'NONE', #1547, 4.000000000000000000 ) ;
#1276 = VECTOR ( 'NONE', #513, 1000.000000000000000 ) ;
#1277 = LINE ( 'NONE', #1767, #1029 ) ;
#1278 = CARTESIAN_POINT ( 'NONE',  ( 5.132437688989126556, 47.31959426025974835, -19.61940239999999847 ) ) ;
#1279 = ORIENTED_EDGE ( 'NONE', *, *, #993, .T. ) ;
#1280 = EDGE_CURVE ( 'NONE', #22, #92, #612, .T. ) ;
#1281 = DIRECTION ( 'NONE',  ( -1.000000000000000000, 8.673617379884035472E-16, 0.000000000000000000 ) ) ;
#1282 = DIRECTION ( 'NONE',  ( -1.000000000000000000, 0.000000000000000000, 0.000000000000000000 ) ) ;
#1283 = PLANE ( 'NONE',  #895 ) ;
#1284 = VERTEX_POINT ( 'NONE', #958 ) ;
#1285 = DIRECTION ( 'NONE',  ( -0.000000000000000000, -0.000000000000000000, 1.000000000000000000 ) ) ;
#1286 = EDGE_LOOP ( 'NONE', ( #1786, #1477, #274, #600 ) ) ;
#1287 = DIRECTION ( 'NONE',  ( -1.000000000000000000, 0.000000000000000000, 0.000000000000000000 ) ) ;
#1288 = CARTESIAN_POINT ( 'NONE',  ( 54.87887073153294182, 5.381323318584004589, -16.61940240000000202 ) ) ;
#1289 = DIRECTION ( 'NONE',  ( -1.000000000000000000, 1.734723475976807094E-15, 0.000000000000000000 ) ) ;
#1290 = ORIENTED_EDGE ( 'NONE', *, *, #696, .T. ) ;
#1291 = LINE ( 'NONE', #1793, #1261 ) ;
#1292 = CARTESIAN_POINT ( 'NONE',  ( 0.000000000000000000, 0.000000000000000000, -19.61940239999999847 ) ) ;
#1293 = EDGE_CURVE ( 'NONE', #1842, #134, #1761, .T. ) ;
#1294 = LINE ( 'NONE', #2087, #1760 ) ;
#1295 = ORIENTED_EDGE ( 'NONE', *, *, #1164, .T. ) ;
#1296 = CARTESIAN_POINT ( 'NONE',  ( 26.44550394349759159, 26.48044654559283373, -5.619402400000000242 ) ) ;
#1297 = EDGE_CURVE ( 'NONE', #134, #1158, #1294, .T. ) ;
#1298 = VERTEX_POINT ( 'NONE', #1608 ) ;
#1299 = CARTESIAN_POINT ( 'NONE',  ( 50.56700134277299696, 2.245999991894000125, -19.61940239999999847 ) ) ;
#1300 = VECTOR ( 'NONE', #1668, 1000.000000000000114 ) ;
#1301 = PLANE ( 'NONE',  #247 ) ;
#1302 = VECTOR ( 'NONE', #16, 1000.000000000000000 ) ;
#1303 = CARTESIAN_POINT ( 'NONE',  ( 7.005000114440999681, -0.2569999992850000026, -19.61940239999999847 ) ) ;
#1304 = DIRECTION ( 'NONE',  ( -0.000000000000000000, -0.000000000000000000, 1.000000000000000000 ) ) ;
#1305 = DIRECTION ( 'NONE',  ( 6.475826433413004759E-07, 0.9999999999997903899, 0.000000000000000000 ) ) ;
#1306 = ORIENTED_EDGE ( 'NONE', *, *, #1326, .F. ) ;
#1307 = FACE_OUTER_BOUND ( 'NONE', #563, .T. ) ;
#1308 = ORIENTED_EDGE ( 'NONE', *, *, #1683, .T. ) ;
#1309 = CARTESIAN_POINT ( 'NONE',  ( 35.56125341485351754, 47.32517565625202138, -5.619402400000000242 ) ) ;
#1310 = ORIENTED_EDGE ( 'NONE', *, *, #86, .F. ) ;
#1311 = VECTOR ( 'NONE', #1981, 1000.000000000000000 ) ;
#1312 = VECTOR ( 'NONE', #1452, 1000.000000000000000 ) ;
#1313 = CARTESIAN_POINT ( 'NONE',  ( 50.71549987793000014, 70.22949981689450283, -4.619402400000000242 ) ) ;
#1314 = EDGE_LOOP ( 'NONE', ( #476, #342, #862, #731 ) ) ;
#1315 = AXIS2_PLACEMENT_3D ( 'NONE', #957, #1857, #67 ) ;
#1316 = CARTESIAN_POINT ( 'NONE',  ( 3.694688131283551336, 26.48044654559283728, -4.619402400000000242 ) ) ;
#1317 = VECTOR ( 'NONE', #1129, 1000.000000000000000 ) ;
#1318 = DIRECTION ( 'NONE',  ( -0.000000000000000000, -1.000000000000000000, -0.000000000000000000 ) ) ;
#1319 = ORIENTED_EDGE ( 'NONE', *, *, #1727, .T. ) ;
#1320 = LINE ( 'NONE', #981, #1243 ) ;
#1321 = ORIENTED_EDGE ( 'NONE', *, *, #2080, .T. ) ;
#1322 = CARTESIAN_POINT ( 'NONE',  ( 50.68700103759800157, 39.78639408645565823, -16.61940240000000202 ) ) ;
#1323 = ORIENTED_EDGE ( 'NONE', *, *, #869, .F. ) ;
#1324 = EDGE_CURVE ( 'NONE', #170, #1284, #138, .T. ) ;
#1325 = PLANE ( 'NONE',  #1486 ) ;
#1326 = EDGE_CURVE ( 'NONE', #1588, #1206, #602, .T. ) ;
#1327 = PLANE ( 'NONE',  #645 ) ;
#1328 = FACE_OUTER_BOUND ( 'NONE', #1716, .T. ) ;
#1329 = ORIENTED_EDGE ( 'NONE', *, *, #1447, .F. ) ;
#1330 = ORIENTED_EDGE ( 'NONE', *, *, #1040, .T. ) ;
#1331 = ORIENTED_EDGE ( 'NONE', *, *, #667, .F. ) ;
#1332 = DIRECTION ( 'NONE',  ( -0.000000000000000000, -0.000000000000000000, 1.000000000000000000 ) ) ;
#1333 = VECTOR ( 'NONE', #1919, 1000.000000000000000 ) ;
#1334 = CARTESIAN_POINT ( 'NONE',  ( 26.44550394349759159, 26.48044654559283373, -13.91940240000000095 ) ) ;
#1335 = EDGE_CURVE ( 'NONE', #403, #17, #1544, .T. ) ;
#1336 = DIRECTION ( 'NONE',  ( 0.000000000000000000, 0.000000000000000000, -1.000000000000000000 ) ) ;
#1337 = DIRECTION ( 'NONE',  ( -0.9999999976286573222, -6.886715686364837591E-05, 0.000000000000000000 ) ) ;
#1338 = ORIENTED_EDGE ( 'NONE', *, *, #1666, .F. ) ;
#1339 = ORIENTED_EDGE ( 'NONE', *, *, #31, .T. ) ;
#1340 = CARTESIAN_POINT ( 'NONE',  ( 51.41466681408213901, 64.86806471233578009, -4.619402400000000242 ) ) ;
#1341 = CARTESIAN_POINT ( 'NONE',  ( 26.44550394349759159, 26.48044654559283373, -5.619402400000000242 ) ) ;
#1342 = VECTOR ( 'NONE', #371, 1000.000000000000000 ) ;
#1343 = LINE ( 'NONE', #1152, #1468 ) ;
#1344 = CIRCLE ( 'NONE', #1204, 4.000000000000000000 ) ;
#1345 = ADVANCED_FACE ( 'NONE', ( #1145, #2097 ), #1283, .F. ) ;
#1346 = CARTESIAN_POINT ( 'NONE',  ( 49.19631975571163451, 26.48044654559283373, -4.619402400000000242 ) ) ;
#1347 = VECTOR ( 'NONE', #1844, 1000.000000000000000 ) ;
#1348 = CARTESIAN_POINT ( 'NONE',  ( 40.25967780398604390, -0.2540000081060000414, -4.619402400000000242 ) ) ;
#1349 = ORIENTED_EDGE ( 'NONE', *, *, #1297, .T. ) ;
#1350 = UNCERTAINTY_MEASURE_WITH_UNIT (LENGTH_MEASURE( 1.000000000000000082E-05 ), #860, 'distance_accuracy_value', 'NONE');
#1351 = EDGE_CURVE ( 'NONE', #959, #259, #160, .T. ) ;
#1352 = ORIENTED_EDGE ( 'NONE', *, *, #242, .T. ) ;
#1353 = CARTESIAN_POINT ( 'NONE',  ( 39.19403284612560157, 47.32517565625202138, -1.619402400000000020 ) ) ;
#1354 = LINE ( 'NONE', #1041, #1656 ) ;
#1355 =( NAMED_UNIT ( * ) SI_UNIT ( $, .STERADIAN. ) SOLID_ANGLE_UNIT ( ) );
#1356 = EDGE_LOOP ( 'NONE', ( #374, #746, #1156, #378 ) ) ;
#1357 = ORIENTED_EDGE ( 'NONE', *, *, #586, .F. ) ;
#1358 = EDGE_CURVE ( 'NONE', #1739, #2064, #10, .T. ) ;
#1359 = DIRECTION ( 'NONE',  ( -0.000000000000000000, -0.000000000000000000, 1.000000000000000000 ) ) ;
#1360 = VERTEX_POINT ( 'NONE', #1968 ) ;
#1361 = ORIENTED_EDGE ( 'NONE', *, *, #1775, .T. ) ;
#1362 = COLOUR_RGB ( '',0.7921568627450980005, 0.8196078431372548767, 0.9333333333333333481 ) ;
#1363 = DIRECTION ( 'NONE',  ( 1.000000000000000000, 0.000000000000000000, 0.000000000000000000 ) ) ;
#1364 = PLANE ( 'NONE',  #1533 ) ;
#1365 = CIRCLE ( 'NONE', #819, 4.000000000000000000 ) ;
#1366 = ORIENTED_EDGE ( 'NONE', *, *, #2045, .T. ) ;
#1367 = DIRECTION ( 'NONE',  ( -0.000000000000000000, -0.000000000000000000, 1.000000000000000000 ) ) ;
#1368 = PRODUCT_CONTEXT ( 'NONE', #1967, 'mechanical' ) ;
#1369 = EDGE_LOOP ( 'NONE', ( #1644, #1238, #1448, #1567, #372, #1663 ) ) ;
#1370 = LINE ( 'NONE', #811, #966 ) ;
#1371 = EDGE_CURVE ( 'NONE', #2000, #1217, #331, .T. ) ;
#1372 = DIRECTION ( 'NONE',  ( -0.000000000000000000, -0.000000000000000000, -1.000000000000000000 ) ) ;
#1373 = DIRECTION ( 'NONE',  ( 0.000000000000000000, 0.000000000000000000, -1.000000000000000000 ) ) ;
#1374 = ORIENTED_EDGE ( 'NONE', *, *, #1867, .F. ) ;
#1375 = ADVANCED_FACE ( 'NONE', ( #2009 ), #528, .F. ) ;
#1376 = VECTOR ( 'NONE', #778, 1000.000000000000000 ) ;
#1377 = CARTESIAN_POINT ( 'NONE',  ( 51.41466681408213901, 64.86806471233578009, -1.619402400000000020 ) ) ;
#1378 = SURFACE_STYLE_USAGE ( .BOTH. , #889 ) ;
#1379 = VECTOR ( 'NONE', #1879, 1000.000000000000000 ) ;
#1380 = VECTOR ( 'NONE', #775, 1000.000000000000000 ) ;
#1381 = FACE_OUTER_BOUND ( 'NONE', #1762, .T. ) ;
#1382 = ORIENTED_EDGE ( 'NONE', *, *, #735, .F. ) ;
#1383 = AXIS2_PLACEMENT_3D ( 'NONE', #114, #2042, #1060 ) ;
#1384 = FACE_OUTER_BOUND ( 'NONE', #568, .T. ) ;
#1385 = CARTESIAN_POINT ( 'NONE',  ( 25.93609176424992313, 30.44787634732015746, -5.619402400000000242 ) ) ;
#1386 = EDGE_CURVE ( 'NONE', #681, #1903, #1999, .T. ) ;
#1387 = EDGE_LOOP ( 'NONE', ( #916, #2023, #1310, #1323 ) ) ;
#1388 = EDGE_CURVE ( 'NONE', #2016, #1198, #1275, .T. ) ;
#1389 = DIRECTION ( 'NONE',  ( -0.000000000000000000, 0.000000000000000000, 1.000000000000000000 ) ) ;
#1390 = ORIENTED_EDGE ( 'NONE', *, *, #2017, .F. ) ;
#1391 = LINE ( 'NONE', #113, #921 ) ;
#1392 = LINE ( 'NONE', #104, #2035 ) ;
#1393 = CARTESIAN_POINT ( 'NONE',  ( 26.44550394349759159, 26.48044654559283373, -4.619402400000000242 ) ) ;
#1394 = ORIENTED_EDGE ( 'NONE', *, *, #2044, .F. ) ;
#1395 = EDGE_CURVE ( 'NONE', #760, #1511, #1833, .T. ) ;
#1396 = FILL_AREA_STYLE ('',( #1888 ) ) ;
#1397 = DIRECTION ( 'NONE',  ( -0.000000000000000000, -0.000000000000000000, 1.000000000000000000 ) ) ;
#1398 = AXIS2_PLACEMENT_3D ( 'NONE', #45, #392, #1639 ) ;
#1399 = DIRECTION ( 'NONE',  ( 0.000000000000000000, 0.000000000000000000, -1.000000000000000000 ) ) ;
#1400 = ORIENTED_EDGE ( 'NONE', *, *, #1612, .F. ) ;
#1401 = ORIENTED_EDGE ( 'NONE', *, *, #1004, .T. ) ;
#1402 = CARTESIAN_POINT ( 'NONE',  ( -0.2540101063951583082, 47.32517565625202138, -4.619402400000000242 ) ) ;
#1403 = DIRECTION ( 'NONE',  ( -1.000000000000000000, -0.000000000000000000, -0.000000000000000000 ) ) ;
#1404 = CYLINDRICAL_SURFACE ( 'NONE', #834, 4.000000000000000000 ) ;
#1405 = VERTEX_POINT ( 'NONE', #1348 ) ;
#1406 = ORIENTED_EDGE ( 'NONE', *, *, #1843, .F. ) ;
#1407 = DIRECTION ( 'NONE',  ( 0.000000000000000000, 0.000000000000000000, 1.000000000000000000 ) ) ;
#1408 = DIRECTION ( 'NONE',  ( 0.000000000000000000, 1.000000000000000000, 0.000000000000000000 ) ) ;
#1409 = VECTOR ( 'NONE', #1399, 1000.000000000000000 ) ;
#1410 = CARTESIAN_POINT ( 'NONE',  ( 14.28944249278622713, -0.2569999992850000026, -19.61940239999999847 ) ) ;
#1411 = ORIENTED_EDGE ( 'NONE', *, *, #1961, .T. ) ;
#1412 = DIRECTION ( 'NONE',  ( 0.000000000000000000, 0.000000000000000000, -1.000000000000000000 ) ) ;
#1413 = EDGE_CURVE ( 'NONE', #661, #1125, #1989, .T. ) ;
#1414 = AXIS2_PLACEMENT_3D ( 'NONE', #7, #620, #1266 ) ;
#1415 = DIRECTION ( 'NONE',  ( -1.000000000000000000, 0.000000000000000000, 0.000000000000000000 ) ) ;
#1416 =( GEOMETRIC_REPRESENTATION_CONTEXT ( 3 ) GLOBAL_UNCERTAINTY_ASSIGNED_CONTEXT ( ( #2001 ) ) GLOBAL_UNIT_ASSIGNED_CONTEXT ( ( #291, #985, #1963 ) ) REPRESENTATION_CONTEXT ( 'NONE', 'WORKASPACE' ) );
#1417 = CARTESIAN_POINT ( 'NONE',  ( -0.2540101100095734643, 47.31959426025974835, -19.61940239999999847 ) ) ;
#1418 = ORIENTED_EDGE ( 'NONE', *, *, #431, .F. ) ;
#1419 = CARTESIAN_POINT ( 'NONE',  ( 50.56700134277299696, 2.245999991894000125, -19.61940239999999847 ) ) ;
#1420 = CARTESIAN_POINT ( 'NONE',  ( 47.15757000822215872, 47.99356986567008931, -19.61940239999999847 ) ) ;
#1421 = ORIENTED_EDGE ( 'NONE', *, *, #1154, .F. ) ;
#1422 = DIRECTION ( 'NONE',  ( 1.199965791084545024E-16, 1.000000000000000000, -0.000000000000000000 ) ) ;
#1423 = VERTEX_POINT ( 'NONE', #1669 ) ;
#1424 = CARTESIAN_POINT ( 'NONE',  ( 37.92656108372183610, 47.32517565625202138, -5.619402400000000242 ) ) ;
#1425 = EDGE_CURVE ( 'NONE', #1670, #553, #522, .T. ) ;
#1426 = CARTESIAN_POINT ( 'NONE',  ( 50.68700103759799447, 14.82442925476643758, -16.61940240000000202 ) ) ;
#1427 = CARTESIAN_POINT ( 'NONE',  ( 25.93609176424992313, 30.44787634732015746, -13.91940240000000095 ) ) ;
#1428 = CARTESIAN_POINT ( 'NONE',  ( 26.95491612274526005, 30.48044654559283373, -4.619402400000000242 ) ) ;
#1429 = DIRECTION ( 'NONE',  ( -0.000000000000000000, -0.000000000000000000, 1.000000000000000000 ) ) ;
#1430 = LINE ( 'NONE', #979, #1934 ) ;
#1431 = VERTEX_POINT ( 'NONE', #200 ) ;
#1432 = ORIENTED_EDGE ( 'NONE', *, *, #499, .F. ) ;
#1433 = FACE_OUTER_BOUND ( 'NONE', #2043, .T. ) ;
#1434 = VECTOR ( 'NONE', #967, 1000.000000000000000 ) ;
#1435 = VECTOR ( 'NONE', #665, 1000.000000000000000 ) ;
#1436 = EDGE_CURVE ( 'NONE', #1431, #1125, #1827, .T. ) ;
#1437 = CARTESIAN_POINT ( 'NONE',  ( 12.44550394349759159, 26.48044654559283373, -4.619402400000000242 ) ) ;
#1438 = ADVANCED_FACE ( 'NONE', ( #1176 ), #1979, .F. ) ;
#1439 = ORIENTED_EDGE ( 'NONE', *, *, #1652, .T. ) ;
#1440 = DIRECTION ( 'NONE',  ( -1.000000000000000000, 0.000000000000000000, 0.000000000000000000 ) ) ;
#1441 = DIRECTION ( 'NONE',  ( -0.000000000000000000, -1.000000000000000000, -0.000000000000000000 ) ) ;
#1442 = VERTEX_POINT ( 'NONE', #1676 ) ;
#1443 = DIRECTION ( 'NONE',  ( 1.000000000000000000, 0.000000000000000000, 0.000000000000000000 ) ) ;
#1444 = VECTOR ( 'NONE', #1191, 1000.000000000000000 ) ;
#1445 = CARTESIAN_POINT ( 'NONE',  ( 48.47760620441507484, 47.24524257867325616, -4.619402400000000242 ) ) ;
#1446 = VECTOR ( 'NONE', #271, 1000.000000000000000 ) ;
#1447 = EDGE_CURVE ( 'NONE', #2088, #15, #341, .T. ) ;
#1448 = ORIENTED_EDGE ( 'NONE', *, *, #1016, .T. ) ;
#1449 = DIRECTION ( 'NONE',  ( 1.000000000000000000, 0.000000000000000000, 0.000000000000000000 ) ) ;
#1450 = ADVANCED_FACE ( 'NONE', ( #660 ), #1012, .F. ) ;
#1451 = DIRECTION ( 'NONE',  ( 1.000000000000000000, 0.000000000000000000, 0.000000000000000000 ) ) ;
#1452 = DIRECTION ( 'NONE',  ( -0.000000000000000000, -0.000000000000000000, 1.000000000000000000 ) ) ;
#1453 = ORIENTED_EDGE ( 'NONE', *, *, #401, .F. ) ;
#1454 = CARTESIAN_POINT ( 'NONE',  ( 53.88700103759799731, 47.24524257867325616, -4.619402400000000242 ) ) ;
#1455 = ORIENTED_EDGE ( 'NONE', *, *, #949, .F. ) ;
#1456 = LINE ( 'NONE', #983, #1579 ) ;
#1457 = PRESENTATION_STYLE_ASSIGNMENT (( #941 ) ) ;
#1458 = FACE_OUTER_BOUND ( 'NONE', #1033, .T. ) ;
#1459 = FACE_OUTER_BOUND ( 'NONE', #1112, .T. ) ;
#1460 = MANIFOLD_SOLID_BREP ( 'Boss-Extrude7', #1006 ) ;
#1461 = CARTESIAN_POINT ( 'NONE',  ( 50.56700134277299696, -0.2540000081060000414, -19.61940239999999847 ) ) ;
#1462 = EDGE_CURVE ( 'NONE', #1696, #1045, #1647, .T. ) ;
#1463 = DIRECTION ( 'NONE',  ( -0.000000000000000000, -1.000000000000000000, -0.000000000000000000 ) ) ;
#1464 = ORIENTED_EDGE ( 'NONE', *, *, #107, .F. ) ;
#1465 = CARTESIAN_POINT ( 'NONE',  ( 26.44550394349759159, 26.48044654559283373, -5.619402400000000242 ) ) ;
#1466 = ORIENTED_EDGE ( 'NONE', *, *, #440, .F. ) ;
#1467 = CARTESIAN_POINT ( 'NONE',  ( -0.2540362169974851314, 7.005067334542999014, -4.619402400000000242 ) ) ;
#1468 = VECTOR ( 'NONE', #511, 1000.000000000000114 ) ;
#1469 = AXIS2_PLACEMENT_3D ( 'NONE', #1299, #335, #314 ) ;
#1470 = CARTESIAN_POINT ( 'NONE',  ( 54.87887073153294182, 7.065999984741000439, -4.619402400000000242 ) ) ;
#1471 = CARTESIAN_POINT ( 'NONE',  ( 37.92656108372183610, 47.32517565625202138, -5.619402400000000242 ) ) ;
#1472 = DIRECTION ( 'NONE',  ( -1.000000000000000000, 0.000000000000000000, 0.000000000000000000 ) ) ;
#1473 = DIRECTION ( 'NONE',  ( -0.000000000000000000, 1.000000000000000000, 0.000000000000000000 ) ) ;
#1474 = ORIENTED_EDGE ( 'NONE', *, *, #713, .F. ) ;
#1475 = EDGE_CURVE ( 'NONE', #1693, #195, #169, .T. ) ;
#1476 = CARTESIAN_POINT ( 'NONE',  ( 54.87887073153294182, 5.381323318584004589, -16.61940240000000202 ) ) ;
#1477 = ORIENTED_EDGE ( 'NONE', *, *, #238, .F. ) ;
#1478 = MANIFOLD_SOLID_BREP ( 'Cut-Extrude6[3]', #763 ) ;
#1479 = CARTESIAN_POINT ( 'NONE',  ( 6.953000068665000200, 70.22999954223598706, -1.619402400000000020 ) ) ;
#1480 = VERTEX_POINT ( 'NONE', #1063 ) ;
#1481 = ADVANCED_FACE ( 'NONE', ( #400 ), #1559, .T. ) ;
#1482 = AXIS2_PLACEMENT_3D ( 'NONE', #1115, #1264, #1140 ) ;
#1483 = VECTOR ( 'NONE', #1422, 1000.000000000000000 ) ;
#1484 = AXIS2_PLACEMENT_3D ( 'NONE', #464, #1792, #1117 ) ;
#1485 = LINE ( 'NONE', #190, #1090 ) ;
#1486 = AXIS2_PLACEMENT_3D ( 'NONE', #65, #1037, #682 ) ;
#1487 = FACE_OUTER_BOUND ( 'NONE', #559, .T. ) ;
#1488 = ORIENTED_EDGE ( 'NONE', *, *, #552, .T. ) ;
#1489 = ORIENTED_EDGE ( 'NONE', *, *, #205, .T. ) ;
#1490 =( NAMED_UNIT ( * ) SI_UNIT ( $, .STERADIAN. ) SOLID_ANGLE_UNIT ( ) );
#1491 = ORIENTED_EDGE ( 'NONE', *, *, #327, .F. ) ;
#1492 = LINE ( 'NONE', #1560, #1103 ) ;
#1493 = ADVANCED_FACE ( 'NONE', ( #1720, #578 ), #565, .T. ) ;
#1494 = FACE_OUTER_BOUND ( 'NONE', #1688, .T. ) ;
#1495 = FACE_OUTER_BOUND ( 'NONE', #1043, .T. ) ;
#1496 = DIRECTION ( 'NONE',  ( 0.000000000000000000, 0.000000000000000000, -1.000000000000000000 ) ) ;
#1497 = CARTESIAN_POINT ( 'NONE',  ( 26.44550394349759159, 26.48044654559283373, -4.619402400000000242 ) ) ;
#1498 = ORIENTED_EDGE ( 'NONE', *, *, #440, .T. ) ;
#1499 = VERTEX_POINT ( 'NONE', #904 ) ;
#1500 = DIRECTION ( 'NONE',  ( 0.000000000000000000, 0.000000000000000000, 1.000000000000000000 ) ) ;
#1501 = ORIENTED_EDGE ( 'NONE', *, *, #242, .F. ) ;
#1502 = LINE ( 'NONE', #686, #617 ) ;
#1503 = EDGE_CURVE ( 'NONE', #1198, #219, #2025, .T. ) ;
#1504 = DIRECTION ( 'NONE',  ( -0.000000000000000000, -0.000000000000000000, -1.000000000000000000 ) ) ;
#1505 = AXIS2_PLACEMENT_3D ( 'NONE', #504, #1839, #361 ) ;
#1506 = PLANE ( 'NONE',  #1853 ) ;
#1507 = EDGE_CURVE ( 'NONE', #2016, #821, #90, .T. ) ;
#1508 = PLANE ( 'NONE',  #85 ) ;
#1509 = FILL_AREA_STYLE_COLOUR ( '', #1362 ) ;
#1510 = EDGE_LOOP ( 'NONE', ( #1179, #912, #802 ) ) ;
#1511 = VERTEX_POINT ( 'NONE', #729 ) ;
#1512 = DIRECTION ( 'NONE',  ( -1.000000000000000000, 0.000000000000000000, 0.000000000000000000 ) ) ;
#1513 = AXIS2_PLACEMENT_3D ( 'NONE', #1216, #567, #1055 ) ;
#1514 = AXIS2_PLACEMENT_3D ( 'NONE', #1296, #948, #1273 ) ;
#1515 = ORIENTED_EDGE ( 'NONE', *, *, #96, .T. ) ;
#1516 = EDGE_CURVE ( 'NONE', #1520, #1360, #1223, .T. ) ;
#1517 = LINE ( 'NONE', #2008, #244 ) ;
#1518 = CIRCLE ( 'NONE', #121, 2.500000000000002220 ) ;
#1519 = DIRECTION ( 'NONE',  ( 1.826024711554533913E-16, 1.000000000000000000, -0.000000000000000000 ) ) ;
#1520 = VERTEX_POINT ( 'NONE', #99 ) ;
#1521 = PRODUCT_DEFINITION_CONTEXT ( 'detailed design', #64, 'design' ) ;
#1522 = VERTEX_POINT ( 'NONE', #557 ) ;
#1523 = FACE_OUTER_BOUND ( 'NONE', #310, .T. ) ;
#1524 = DIRECTION ( 'NONE',  ( -1.000000000000000000, 0.000000000000000000, 0.000000000000000000 ) ) ;
#1525 = CARTESIAN_POINT ( 'NONE',  ( 26.95491612274526005, 30.48044654559283373, -13.91940240000000095 ) ) ;
#1526 = ADVANCED_FACE ( 'NONE', ( #108 ), #1899, .F. ) ;
#1527 = ORIENTED_EDGE ( 'NONE', *, *, #1540, .F. ) ;
#1528 = VERTEX_POINT ( 'NONE', #255 ) ;
#1529 = LINE ( 'NONE', #1402, #659 ) ;
#1530 = ADVANCED_FACE ( 'NONE', ( #914 ), #1364, .F. ) ;
#1531 = LINE ( 'NONE', #74, #1628 ) ;
#1532 = ORIENTED_EDGE ( 'NONE', *, *, #1297, .F. ) ;
#1533 = AXIS2_PLACEMENT_3D ( 'NONE', #1571, #749, #1407 ) ;
#1534 = DIRECTION ( 'NONE',  ( 1.000000000000000000, 0.000000000000000000, 0.000000000000000000 ) ) ;
#1535 = CIRCLE ( 'NONE', #1994, 14.00000000000000000 ) ;
#1536 = CARTESIAN_POINT ( 'NONE',  ( 50.71549987793000014, 70.22949981689450283, -1.619402400000000020 ) ) ;
#1537 = ADVANCED_FACE ( 'NONE', ( #1687 ), #2066, .F. ) ;
#1538 = VERTEX_POINT ( 'NONE', #218 ) ;
#1539 = DIRECTION ( 'NONE',  ( -0.000000000000000000, -1.000000000000000000, -0.000000000000000000 ) ) ;
#1540 = EDGE_CURVE ( 'NONE', #239, #1548, #546, .T. ) ;
#1541 = CARTESIAN_POINT ( 'NONE',  ( 50.68700103759799447, 7.065999984741000439, -16.61940240000000202 ) ) ;
#1542 = CARTESIAN_POINT ( 'NONE',  ( 57.88700103759800442, 55.24524257867325616, -1.619402400000000020 ) ) ;
#1543 = ORIENTED_EDGE ( 'NONE', *, *, #1254, .F. ) ;
#1544 = CIRCLE ( 'NONE', #621, 22.75081581221404292 ) ;
#1545 = ORIENTED_EDGE ( 'NONE', *, *, #1447, .T. ) ;
#1546 = LINE ( 'NONE', #1085, #930 ) ;
#1547 = AXIS2_PLACEMENT_3D ( 'NONE', #366, #192, #1020 ) ;
#1548 = VERTEX_POINT ( 'NONE', #1606 ) ;
#1549 = AXIS2_PLACEMENT_3D ( 'NONE', #999, #636, #829 ) ;
#1550 = CARTESIAN_POINT ( 'NONE',  ( 57.88700103759800442, 55.24524257867325616, -1.619402400000000020 ) ) ;
#1551 = ORIENTED_EDGE ( 'NONE', *, *, #1016, .F. ) ;
#1552 = LINE ( 'NONE', #1208, #150 ) ;
#1553 = CARTESIAN_POINT ( 'NONE',  ( -0.2540362169974851314, 7.005067334542999014, -1.619402400000000020 ) ) ;
#1554 = DIRECTION ( 'NONE',  ( -0.000000000000000000, -0.000000000000000000, 1.000000000000000000 ) ) ;
#1555 = PLANE ( 'NONE',  #1587 ) ;
#1556 = ADVANCED_FACE ( 'NONE', ( #1459 ), #774, .F. ) ;
#1557 = ORIENTED_EDGE ( 'NONE', *, *, #1164, .F. ) ;
#1558 = CARTESIAN_POINT ( 'NONE',  ( 26.44550394349759159, 26.48044654559283373, -5.619402400000000242 ) ) ;
#1559 = PLANE ( 'NONE',  #1021 ) ;
#1560 = CARTESIAN_POINT ( 'NONE',  ( 48.62819712842208020, 14.82442925476643758, -4.619402400000000242 ) ) ;
#1561 = CARTESIAN_POINT ( 'NONE',  ( 26.44550394349759159, 26.48044654559283373, -5.619402400000000242 ) ) ;
#1562 = ORIENTED_EDGE ( 'NONE', *, *, #501, .T. ) ;
#1563 = CARTESIAN_POINT ( 'NONE',  ( 50.68700103759800157, 39.78639408645565823, -16.61940240000000202 ) ) ;
#1564 = LINE ( 'NONE', #1071, #2022 ) ;
#1565 = PLANE ( 'NONE',  #1383 ) ;
#1566 = ORIENTED_EDGE ( 'NONE', *, *, #1250, .T. ) ;
#1567 = ORIENTED_EDGE ( 'NONE', *, *, #738, .T. ) ;
#1568 = EDGE_CURVE ( 'NONE', #1522, #110, #623, .T. ) ;
#1569 = ORIENTED_EDGE ( 'NONE', *, *, #939, .F. ) ;
#1570 = DIRECTION ( 'NONE',  ( 1.000000000000000000, 0.000000000000000000, 0.000000000000000000 ) ) ;
#1571 = CARTESIAN_POINT ( 'NONE',  ( 57.88700103759800442, 45.06599998474099777, -1.619402400000000020 ) ) ;
#1572 = ADVANCED_FACE ( 'NONE', ( #1108 ), #787, .F. ) ;
#1573 = LINE ( 'NONE', #1909, #590 ) ;
#1574 = VECTOR ( 'NONE', #1806, 1000.000000000000000 ) ;
#1575 = VECTOR ( 'NONE', #684, 1000.000000000000000 ) ;
#1576 = DIRECTION ( 'NONE',  ( 0.7062200539602191407, -0.7079923978295423748, 0.000000000000000000 ) ) ;
#1577 = ORIENTED_EDGE ( 'NONE', *, *, #793, .F. ) ;
#1578 = CARTESIAN_POINT ( 'NONE',  ( 42.15757000822215872, 47.99356986567008931, -19.61940239999999847 ) ) ;
#1579 = VECTOR ( 'NONE', #142, 1000.000000000000000 ) ;
#1580 = DIRECTION ( 'NONE',  ( 0.000000000000000000, 1.000000000000000000, 0.000000000000000000 ) ) ;
#1581 = LINE ( 'NONE', #724, #761 ) ;
#1582 = ORIENTED_EDGE ( 'NONE', *, *, #1803, .F. ) ;
#1583 = CARTESIAN_POINT ( 'NONE',  ( 54.87887073153294182, 7.065999984741000439, -4.619402400000000242 ) ) ;
#1584 = ORIENTED_EDGE ( 'NONE', *, *, #1040, .F. ) ;
#1585 = LINE ( 'NONE', #2076, #1333 ) ;
#1586 = DIRECTION ( 'NONE',  ( -1.000000000000000000, 0.000000000000000000, 0.000000000000000000 ) ) ;
#1587 = AXIS2_PLACEMENT_3D ( 'NONE', #1417, #1702, #909 ) ;
#1588 = VERTEX_POINT ( 'NONE', #764 ) ;
#1589 = EDGE_CURVE ( 'NONE', #1779, #407, #1597, .T. ) ;
#1590 = CARTESIAN_POINT ( 'NONE',  ( 50.68700103759800157, 45.06599998474099777, -16.61940240000000202 ) ) ;
#1591 = DIRECTION ( 'NONE',  ( -1.476880973642516934E-16, -1.000000000000000000, 0.000000000000000000 ) ) ;
#1592 = VECTOR ( 'NONE', #1539, 1000.000000000000000 ) ;
#1593 = DIRECTION ( 'NONE',  ( -0.000000000000000000, -0.000000000000000000, 1.000000000000000000 ) ) ;
#1594 = VECTOR ( 'NONE', #801, 1000.000000000000000 ) ;
#1595 = LINE ( 'NONE', #1470, #1074 ) ;
#1596 = VERTEX_POINT ( 'NONE', #466 ) ;
#1597 = LINE ( 'NONE', #1269, #369 ) ;
#1598 = LINE ( 'NONE', #434, #1446 ) ;
#1599 = CARTESIAN_POINT ( 'NONE',  ( 7.005000114440999681, -0.2569999992850000026, -1.619402400000000020 ) ) ;
#1600 = ADVANCED_FACE ( 'NONE', ( #281 ), #944, .F. ) ;
#1601 = DIRECTION ( 'NONE',  ( -0.000000000000000000, -0.000000000000000000, 1.000000000000000000 ) ) ;
#1602 = LINE ( 'NONE', #132, #266 ) ;
#1603 = EDGE_CURVE ( 'NONE', #185, #219, #75, .T. ) ;
#1604 = CARTESIAN_POINT ( 'NONE',  ( 26.44550394349759159, 26.48044654559283373, -5.619402399999999353 ) ) ;
#1605 = ORIENTED_EDGE ( 'NONE', *, *, #835, .F. ) ;
#1606 = CARTESIAN_POINT ( 'NONE',  ( 48.62819712842208020, 14.82442925476643758, -16.61940240000000202 ) ) ;
#1607 = CARTESIAN_POINT ( 'NONE',  ( 14.96444680327335064, 47.32517565625202138, -4.619402400000000242 ) ) ;
#1608 = CARTESIAN_POINT ( 'NONE',  ( 7.005000114440999681, 3.243000000714999942, -4.619402400000000242 ) ) ;
#1609 = VERTEX_POINT ( 'NONE', #135 ) ;
#1610 = DIRECTION ( 'NONE',  ( 1.000000000000000000, 0.000000000000000000, 0.000000000000000000 ) ) ;
#1611 = STYLED_ITEM ( 'NONE', ( #248 ), #1478 ) ;
#1612 = EDGE_CURVE ( 'NONE', #267, #610, #2084, .T. ) ;
#1613 = CARTESIAN_POINT ( 'NONE',  ( 50.68700103759799447, 14.82442925476643758, -4.619402400000000242 ) ) ;
#1614 = PRODUCT_DEFINITION_FORMATION_WITH_SPECIFIED_SOURCE ( 'ANY', '', #699, .NOT_KNOWN. ) ;
#1615 = EDGE_CURVE ( 'NONE', #1670, #629, #611, .T. ) ;
#1616 = CARTESIAN_POINT ( 'NONE',  ( 7.005000114440999681, 3.243000000714999942, -19.61940239999999847 ) ) ;
#1617 = DIRECTION ( 'NONE',  ( -1.000000000000000000, 0.000000000000000000, -0.000000000000000000 ) ) ;
#1618 = ORIENTED_EDGE ( 'NONE', *, *, #186, .F. ) ;
#1619 = DIRECTION ( 'NONE',  ( 0.000000000000000000, 0.000000000000000000, -1.000000000000000000 ) ) ;
#1620 = DIRECTION ( 'NONE',  ( 0.7072543607828186696, 0.7069591707826460292, 0.000000000000000000 ) ) ;
#1621 = LINE ( 'NONE', #627, #1032 ) ;
#1622 = ORIENTED_EDGE ( 'NONE', *, *, #751, .F. ) ;
#1623 = FACE_OUTER_BOUND ( 'NONE', #1067, .T. ) ;
#1624 = ORIENTED_EDGE ( 'NONE', *, *, #1293, .T. ) ;
#1625 = VECTOR ( 'NONE', #701, 1000.000000000000000 ) ;
#1626 = PLANE ( 'NONE',  #370 ) ;
#1627 = VECTOR ( 'NONE', #438, 1000.000000000000000 ) ;
#1628 = VECTOR ( 'NONE', #1372, 1000.000000000000000 ) ;
#1629 = EDGE_CURVE ( 'NONE', #1588, #1480, #317, .T. ) ;
#1630 = DIRECTION ( 'NONE',  ( 0.000000000000000000, -1.000000000000000000, 0.000000000000000000 ) ) ;
#1631 = CARTESIAN_POINT ( 'NONE',  ( 26.44550394349759159, 26.48044654559283373, -5.619402400000000242 ) ) ;
#1632 = CARTESIAN_POINT ( 'NONE',  ( 42.15757000822215872, 47.99356986567008931, -19.61940239999999847 ) ) ;
#1633 = DIRECTION ( 'NONE',  ( -1.000000000000000000, 0.000000000000000000, -0.000000000000000000 ) ) ;
#1634 = DIRECTION ( 'NONE',  ( -0.7071067667921908662, -0.7071067955809038352, 0.000000000000000000 ) ) ;
#1635 = VERTEX_POINT ( 'NONE', #2093 ) ;
#1636 = DIRECTION ( 'NONE',  ( -1.000000000000000000, 0.000000000000000000, 0.000000000000000000 ) ) ;
#1637 = CARTESIAN_POINT ( 'NONE',  ( 26.95491612274526005, 30.44787634732015746, -13.91940240000000095 ) ) ;
#1638 = EDGE_CURVE ( 'NONE', #259, #267, #443, .T. ) ;
#1639 = DIRECTION ( 'NONE',  ( -1.000000000000000000, 0.000000000000000000, 0.000000000000000000 ) ) ;
#1640 = DIRECTION ( 'NONE',  ( -0.000000000000000000, -1.000000000000000000, -0.000000000000000000 ) ) ;
#1641 = DIRECTION ( 'NONE',  ( 1.000000000000000000, 0.000000000000000000, 0.000000000000000000 ) ) ;
#1642 = EDGE_LOOP ( 'NONE', ( #473, #1855, #2092 ) ) ;
#1643 = FACE_OUTER_BOUND ( 'NONE', #1022, .T. ) ;
#1644 = ORIENTED_EDGE ( 'NONE', *, *, #1988, .T. ) ;
#1645 = DIRECTION ( 'NONE',  ( -0.000000000000000000, 1.000000000000000000, -0.000000000000000000 ) ) ;
#1646 = ORIENTED_EDGE ( 'NONE', *, *, #586, .T. ) ;
#1647 = CIRCLE ( 'NONE', #986, 22.75081581221404292 ) ;
#1648 = DIRECTION ( 'NONE',  ( 1.000000000000000000, 0.000000000000000000, 0.000000000000000000 ) ) ;
#1649 = VECTOR ( 'NONE', #1789, 1000.000000000000000 ) ;
#1650 = DIRECTION ( 'NONE',  ( 1.000000000000000000, 0.000000000000000000, 0.000000000000000000 ) ) ;
#1651 = DIRECTION ( 'NONE',  ( -0.000000000000000000, -0.000000000000000000, 1.000000000000000000 ) ) ;
#1652 = EDGE_CURVE ( 'NONE', #833, #666, #635, .T. ) ;
#1653 = ORIENTED_EDGE ( 'NONE', *, *, #1395, .T. ) ;
#1654 = CARTESIAN_POINT ( 'NONE',  ( 57.88700103759800442, 63.04000091552700269, -4.619402400000000242 ) ) ;
#1655 = VERTEX_POINT ( 'NONE', #1419 ) ;
#1656 = VECTOR ( 'NONE', #1363, 1000.000000000000000 ) ;
#1657 = AXIS2_PLACEMENT_3D ( 'NONE', #776, #1134, #1782 ) ;
#1658 = AXIS2_PLACEMENT_3D ( 'NONE', #1255, #1917, #996 ) ;
#1659 = CYLINDRICAL_SURFACE ( 'NONE', #2055, 4.000000000000000000 ) ;
#1660 = FACE_OUTER_BOUND ( 'NONE', #1956, .T. ) ;
#1661 = DIRECTION ( 'NONE',  ( -1.000000000000000000, 0.000000000000000000, 0.000000000000000000 ) ) ;
#1662 = ORIENTED_EDGE ( 'NONE', *, *, #143, .T. ) ;
#1663 = ORIENTED_EDGE ( 'NONE', *, *, #1852, .T. ) ;
#1664 = EDGE_CURVE ( 'NONE', #702, #4, #1128, .T. ) ;
#1665 = VERTEX_POINT ( 'NONE', #433 ) ;
#1666 = EDGE_CURVE ( 'NONE', #1588, #681, #1943, .T. ) ;
#1667 = CYLINDRICAL_SURFACE ( 'NONE', #420, 15.00000000000000355 ) ;
#1668 = DIRECTION ( 'NONE',  ( -0.7069591707826460292, 0.7072543607828187806, 0.000000000000000000 ) ) ;
#1669 = CARTESIAN_POINT ( 'NONE',  ( 50.41466681408213901, 64.86806471233578009, -4.619402400000000242 ) ) ;
#1670 = VERTEX_POINT ( 'NONE', #923 ) ;
#1671 = EDGE_LOOP ( 'NONE', ( #1418, #547 ) ) ;
#1672 = EDGE_CURVE ( 'NONE', #703, #1860, #1132, .T. ) ;
#1673 = EDGE_CURVE ( 'NONE', #529, #1431, #1291, .T. ) ;
#1674 =( GEOMETRIC_REPRESENTATION_CONTEXT ( 3 ) GLOBAL_UNCERTAINTY_ASSIGNED_CONTEXT ( ( #1350 ) ) GLOBAL_UNIT_ASSIGNED_CONTEXT ( ( #860, #695, #1355 ) ) REPRESENTATION_CONTEXT ( 'NONE', 'WORKASPACE' ) );
#1675 = VECTOR ( 'NONE', #2081, 1000.000000000000000 ) ;
#1676 = CARTESIAN_POINT ( 'NONE',  ( 50.24292827374511461, 26.48044654559283373, -5.619402400000000242 ) ) ;
#1677 = ORIENTED_EDGE ( 'NONE', *, *, #1664, .F. ) ;
#1678 = ORIENTED_EDGE ( 'NONE', *, *, #555, .T. ) ;
#1679 = FACE_OUTER_BOUND ( 'NONE', #1971, .T. ) ;
#1680 = DIRECTION ( 'NONE',  ( 0.7062200539602191407, -0.7079923978295423748, 0.000000000000000000 ) ) ;
#1681 = VERTEX_POINT ( 'NONE', #1747 ) ;
#1682 = AXIS2_PLACEMENT_3D ( 'NONE', #1698, #1724, #1738 ) ;
#1683 = EDGE_CURVE ( 'NONE', #1136, #992, #1585, .T. ) ;
#1684 = VECTOR ( 'NONE', #165, 1000.000000000000000 ) ;
#1685 = CARTESIAN_POINT ( 'NONE',  ( 50.68700103759799447, 14.82442925476643758, -16.61940240000000202 ) ) ;
#1686 = VECTOR ( 'NONE', #38, 1000.000000000000000 ) ;
#1687 = FACE_OUTER_BOUND ( 'NONE', #1150, .T. ) ;
#1688 = EDGE_LOOP ( 'NONE', ( #1489, #202, #893, #982 ) ) ;
#1689 = CARTESIAN_POINT ( 'NONE',  ( 0.000000000000000000, 0.000000000000000000, 0.000000000000000000 ) ) ;
#1690 = ORIENTED_EDGE ( 'NONE', *, *, #1280, .F. ) ;
#1691 = CARTESIAN_POINT ( 'NONE',  ( 54.87887073153294182, 5.381323318584004589, -4.619402400000000242 ) ) ;
#1692 = VERTEX_POINT ( 'NONE', #1095 ) ;
#1693 = VERTEX_POINT ( 'NONE', #828 ) ;
#1694 = EDGE_CURVE ( 'NONE', #17, #2103, #707, .T. ) ;
#1695 =( NAMED_UNIT ( * ) SI_UNIT ( $, .STERADIAN. ) SOLID_ANGLE_UNIT ( ) );
#1696 = VERTEX_POINT ( 'NONE', #1316 ) ;
#1697 = EDGE_CURVE ( 'NONE', #1511, #760, #1921, .T. ) ;
#1698 = CARTESIAN_POINT ( 'NONE',  ( 26.44550394349759159, 26.48044654559283373, -5.619402400000000242 ) ) ;
#1699 = ORIENTED_EDGE ( 'NONE', *, *, #1250, .F. ) ;
#1700 = DIRECTION ( 'NONE',  ( 0.000000000000000000, 0.000000000000000000, -1.000000000000000000 ) ) ;
#1701 = CARTESIAN_POINT ( 'NONE',  ( 26.44550394349759159, 26.48044654559283373, -5.619402400000000242 ) ) ;
#1702 = DIRECTION ( 'NONE',  ( 0.000000000000000000, -1.000000000000000000, 0.000000000000000000 ) ) ;
#1703 = CARTESIAN_POINT ( 'NONE',  ( 39.19403284612560157, 47.32517565625202138, -4.619402400000000242 ) ) ;
#1704 = VERTEX_POINT ( 'NONE', #178 ) ;
#1705 = EDGE_LOOP ( 'NONE', ( #573, #984, #425, #991 ) ) ;
#1706 = ORIENTED_EDGE ( 'NONE', *, *, #1961, .F. ) ;
#1707 = VECTOR ( 'NONE', #1769, 1000.000000000000000 ) ;
#1708 = FACE_OUTER_BOUND ( 'NONE', #1356, .T. ) ;
#1709 = DIRECTION ( 'NONE',  ( -0.000000000000000000, -0.000000000000000000, 1.000000000000000000 ) ) ;
#1710 = ORIENTED_EDGE ( 'NONE', *, *, #1996, .F. ) ;
#1711 = PLANE ( 'NONE',  #26 ) ;
#1712 = ORIENTED_EDGE ( 'NONE', *, *, #468, .T. ) ;
#1713 = EDGE_CURVE ( 'NONE', #1499, #1078, #1485, .T. ) ;
#1714 = DIRECTION ( 'NONE',  ( -1.000000000000000000, 0.000000000000000000, 0.000000000000000000 ) ) ;
#1715 = CARTESIAN_POINT ( 'NONE',  ( 26.44550394349759159, 26.48044654559283373, -4.619402400000000242 ) ) ;
#1716 = EDGE_LOOP ( 'NONE', ( #1624, #1678, #1798, #955 ) ) ;
#1717 = AXIS2_PLACEMENT_3D ( 'NONE', #424, #1892, #548 ) ;
#1718 = EDGE_LOOP ( 'NONE', ( #1406, #356, #1653, #1331 ) ) ;
#1719 = CYLINDRICAL_SURFACE ( 'NONE', #1862, 23.79742433024752657 ) ;
#1720 = FACE_BOUND ( 'NONE', #89, .T. ) ;
#1721 = DIRECTION ( 'NONE',  ( 0.000000000000000000, 0.000000000000000000, 1.000000000000000000 ) ) ;
#1722 = ORIENTED_EDGE ( 'NONE', *, *, #793, .T. ) ;
#1723 = VECTOR ( 'NONE', #2073, 1000.000000000000000 ) ;
#1724 = DIRECTION ( 'NONE',  ( -0.000000000000000000, 0.000000000000000000, -1.000000000000000000 ) ) ;
#1725 = ORIENTED_EDGE ( 'NONE', *, *, #1197, .T. ) ;
#1726 = CARTESIAN_POINT ( 'NONE',  ( 26.44550394349759159, 26.48044654559283373, -5.619402399999999353 ) ) ;
#1727 = EDGE_CURVE ( 'NONE', #1360, #1969, #166, .T. ) ;
#1728 = LINE ( 'NONE', #908, #109 ) ;
#1729 = FACE_OUTER_BOUND ( 'NONE', #710, .T. ) ;
#1730 = ORIENTED_EDGE ( 'NONE', *, *, #1053, .F. ) ;
#1731 = EDGE_CURVE ( 'NONE', #1665, #1739, #32, .T. ) ;
#1732 = DIRECTION ( 'NONE',  ( -0.000000000000000000, -0.000000000000000000, -1.000000000000000000 ) ) ;
#1733 = ORIENTED_EDGE ( 'NONE', *, *, #1, .T. ) ;
#1734 = EDGE_LOOP ( 'NONE', ( #540, #583, #1858, #581 ) ) ;
#1735 = CARTESIAN_POINT ( 'NONE',  ( 54.87887073153294182, 7.065999984741000439, -16.61940240000000202 ) ) ;
#1736 = DIRECTION ( 'NONE',  ( 0.000000000000000000, 0.000000000000000000, -1.000000000000000000 ) ) ;
#1737 = ORIENTED_EDGE ( 'NONE', *, *, #858, .F. ) ;
#1738 = DIRECTION ( 'NONE',  ( 1.000000000000000000, 0.000000000000000000, 0.000000000000000000 ) ) ;
#1739 = VERTEX_POINT ( 'NONE', #987 ) ;
#1740 = CARTESIAN_POINT ( 'NONE',  ( 17.32975447214166920, 47.32517565625202138, -4.619402400000000242 ) ) ;
#1741 = LINE ( 'NONE', #1426, #1192 ) ;
#1742 = ORIENTED_EDGE ( 'NONE', *, *, #2082, .T. ) ;
#1743 = DIRECTION ( 'NONE',  ( 1.000000000000000000, 0.000000000000000000, 0.000000000000000000 ) ) ;
#1744 = EDGE_CURVE ( 'NONE', #403, #1696, #884, .T. ) ;
#1745 = ORIENTED_EDGE ( 'NONE', *, *, #552, .F. ) ;
#1746 = DIRECTION ( 'NONE',  ( -0.000000000000000000, -0.000000000000000000, -1.000000000000000000 ) ) ;
#1747 = CARTESIAN_POINT ( 'NONE',  ( 11.44550394349759159, 26.48044654559283728, -5.619402400000000242 ) ) ;
#1748 = VECTOR ( 'NONE', #1709, 1000.000000000000000 ) ;
#1749 = VECTOR ( 'NONE', #252, 1000.000000000000000 ) ;
#1750 = LINE ( 'NONE', #925, #1972 ) ;
#1751 = CARTESIAN_POINT ( 'NONE',  ( 26.44550394349759159, 26.48044654559283373, -4.619402400000000242 ) ) ;
#1752 = CARTESIAN_POINT ( 'NONE',  ( 39.19403284612560157, 47.32517565625202138, -1.619402400000000020 ) ) ;
#1753 = DIRECTION ( 'NONE',  ( 1.000000000000000000, 0.000000000000000000, 0.000000000000000000 ) ) ;
#1754 = FACE_BOUND ( 'NONE', #253, .T. ) ;
#1755 = VERTEX_POINT ( 'NONE', #1541 ) ;
#1756 = ADVANCED_FACE ( 'NONE', ( #668, #1977, #817 ), #1327, .T. ) ;
#1757 = CARTESIAN_POINT ( 'NONE',  ( 40.25967780398604390, 2.245999991894000125, -19.61940239999999847 ) ) ;
#1758 = VECTOR ( 'NONE', #24, 1000.000000000000000 ) ;
#1759 = ADVANCED_FACE ( 'NONE', ( #83 ), #1506, .F. ) ;
#1760 = VECTOR ( 'NONE', #296, 1000.000000000000000 ) ;
#1761 = LINE ( 'NONE', #766, #1483 ) ;
#1762 = EDGE_LOOP ( 'NONE', ( #1210, #1220, #1382, #545 ) ) ;
#1763 = DIRECTION ( 'NONE',  ( 1.000000000000000000, 0.000000000000000000, 0.000000000000000000 ) ) ;
#1764 = CIRCLE ( 'NONE', #1900, 1.000000000000000888 ) ;
#1765 = DIRECTION ( 'NONE',  ( 0.000000000000000000, 0.000000000000000000, -1.000000000000000000 ) ) ;
#1766 = AXIS2_PLACEMENT_3D ( 'NONE', #630, #483, #1591 ) ;
#1767 = CARTESIAN_POINT ( 'NONE',  ( 50.68700103759799447, 7.065999984741000439, -16.61940240000000202 ) ) ;
#1768 = ORIENTED_EDGE ( 'NONE', *, *, #1830, .T. ) ;
#1769 = DIRECTION ( 'NONE',  ( -0.000000000000000000, -0.000000000000000000, 1.000000000000000000 ) ) ;
#1770 = LINE ( 'NONE', #765, #831 ) ;
#1771 = EDGE_CURVE ( 'NONE', #2103, #515, #39, .T. ) ;
#1772 = DIRECTION ( 'NONE',  ( -1.000000000000000000, 0.000000000000000000, 0.000000000000000000 ) ) ;
#1773 = ORIENTED_EDGE ( 'NONE', *, *, #993, .F. ) ;
#1774 = PLANE ( 'NONE',  #1766 ) ;
#1775 = EDGE_CURVE ( 'NONE', #1122, #15, #1343, .T. ) ;
#1776 = FACE_OUTER_BOUND ( 'NONE', #697, .T. ) ;
#1777 = DIRECTION ( 'NONE',  ( 1.000000000000000000, 0.000000000000000000, 0.000000000000000000 ) ) ;
#1778 = PLANE ( 'NONE',  #1868 ) ;
#1779 = VERTEX_POINT ( 'NONE', #1847 ) ;
#1780 = CARTESIAN_POINT ( 'NONE',  ( 57.88700103759800442, 45.06599998474099777, -16.61940240000000202 ) ) ;
#1781 = CARTESIAN_POINT ( 'NONE',  ( 7.005000114440999681, -0.2569999992850000026, -4.619402400000000242 ) ) ;
#1782 = DIRECTION ( 'NONE',  ( -1.000000000000000000, 0.000000000000000000, -0.000000000000000000 ) ) ;
#1783 = ORIENTED_EDGE ( 'NONE', *, *, #1904, .T. ) ;
#1784 = ORIENTED_EDGE ( 'NONE', *, *, #1436, .T. ) ;
#1785 = DIRECTION ( 'NONE',  ( -0.7071067667921907551, -0.7071067955809039463, 0.000000000000000000 ) ) ;
#1786 = ORIENTED_EDGE ( 'NONE', *, *, #1830, .F. ) ;
#1787 = VECTOR ( 'NONE', #646, 1000.000000000000114 ) ;
#1788 = EDGE_CURVE ( 'NONE', #236, #1423, #2007, .T. ) ;
#1789 = DIRECTION ( 'NONE',  ( -0.000000000000000000, -0.000000000000000000, 1.000000000000000000 ) ) ;
#1790 = VECTOR ( 'NONE', #1950, 1000.000000000000000 ) ;
#1791 = CARTESIAN_POINT ( 'NONE',  ( 54.87887073153294182, 5.381323318584004589, -4.619402400000000242 ) ) ;
#1792 = DIRECTION ( 'NONE',  ( 0.000000000000000000, -1.000000000000000000, 0.000000000000000000 ) ) ;
#1793 = CARTESIAN_POINT ( 'NONE',  ( 50.56700134277299696, -0.2540000081060000414, -4.619402400000000242 ) ) ;
#1794 = FACE_OUTER_BOUND ( 'NONE', #1718, .T. ) ;
#1795 = LINE ( 'NONE', #1808, #117 ) ;
#1796 = ORIENTED_EDGE ( 'NONE', *, *, #168, .T. ) ;
#1797 = PLANE ( 'NONE',  #449 ) ;
#1798 = ORIENTED_EDGE ( 'NONE', *, *, #1516, .T. ) ;
#1799 = LINE ( 'NONE', #1811, #1435 ) ;
#1800 = AXIS2_PLACEMENT_3D ( 'NONE', #318, #797, #1966 ) ;
#1801 = ADVANCED_FACE ( 'NONE', ( #1495 ), #1965, .F. ) ;
#1802 = VECTOR ( 'NONE', #960, 1000.000000000000000 ) ;
#1803 = EDGE_CURVE ( 'NONE', #553, #980, #488, .T. ) ;
#1804 = FACE_OUTER_BOUND ( 'NONE', #679, .T. ) ;
#1805 = FACE_OUTER_BOUND ( 'NONE', #1166, .T. ) ;
#1806 = DIRECTION ( 'NONE',  ( -0.000000000000000000, -0.000000000000000000, 1.000000000000000000 ) ) ;
#1807 = CARTESIAN_POINT ( 'NONE',  ( 26.44550394349759159, 26.48044654559283373, -4.619402400000000242 ) ) ;
#1808 = CARTESIAN_POINT ( 'NONE',  ( 50.68700103759799447, 14.82442925476643758, -4.619402400000000242 ) ) ;
#1809 = CYLINDRICAL_SURFACE ( 'NONE', #691, 15.00000000000000355 ) ;
#1810 = ORIENTED_EDGE ( 'NONE', *, *, #607, .F. ) ;
#1811 = CARTESIAN_POINT ( 'NONE',  ( 14.28944249278622713, -0.2569999992850000026, -19.61940239999999847 ) ) ;
#1812 = EDGE_LOOP ( 'NONE', ( #395, #286, #943, #1532, #115, #1186, #589, #1876 ) ) ;
#1813 = CARTESIAN_POINT ( 'NONE',  ( 26.44550394349759159, 26.48044654559283373, -5.619402400000000242 ) ) ;
#1814 = CARTESIAN_POINT ( 'NONE',  ( 53.88700103759799731, 55.24524257867325616, -1.619402400000000020 ) ) ;
#1815 = EDGE_CURVE ( 'NONE', #629, #980, #976, .T. ) ;
#1816 = CARTESIAN_POINT ( 'NONE',  ( 30.44550394349759159, 26.48044654559283373, -5.619402399999999353 ) ) ;
#1817 = CARTESIAN_POINT ( 'NONE',  ( 57.88700103759800442, 63.04000091552700269, -4.619402400000000242 ) ) ;
#1818 = ORIENTED_EDGE ( 'NONE', *, *, #939, .T. ) ;
#1819 = ORIENTED_EDGE ( 'NONE', *, *, #1672, .T. ) ;
#1820 = CARTESIAN_POINT ( 'NONE',  ( 57.88700103759800442, 47.24524257867325616, -4.619402400000000242 ) ) ;
#1821 = ORIENTED_EDGE ( 'NONE', *, *, #1713, .F. ) ;
#1822 = AXIS2_PLACEMENT_3D ( 'NONE', #852, #1473, #351 ) ;
#1823 = VECTOR ( 'NONE', #439, 1000.000000000000000 ) ;
#1824 = FACE_OUTER_BOUND ( 'NONE', #493, .T. ) ;
#1825 = CARTESIAN_POINT ( 'NONE',  ( 50.56700134277299696, -0.2540000081060000414, -1.619402400000000020 ) ) ;
#1826 = ADVANCED_FACE ( 'NONE', ( #1824 ), #1659, .T. ) ;
#1827 = LINE ( 'NONE', #842, #479 ) ;
#1828 = ORIENTED_EDGE ( 'NONE', *, *, #1615, .T. ) ;
#1829 = ORIENTED_EDGE ( 'NONE', *, *, #1028, .F. ) ;
#1830 = EDGE_CURVE ( 'NONE', #1681, #321, #1836, .T. ) ;
#1831 = ORIENTED_EDGE ( 'NONE', *, *, #2045, .F. ) ;
#1832 = CIRCLE ( 'NONE', #687, 2.500000000000002220 ) ;
#1833 = CIRCLE ( 'NONE', #246, 14.00000000000000000 ) ;
#1834 = CARTESIAN_POINT ( 'NONE',  ( 50.71549987793000014, 70.22949981689450283, -4.619402400000000242 ) ) ;
#1835 = AXIS2_PLACEMENT_3D ( 'NONE', #404, #1894, #883 ) ;
#1836 = LINE ( 'NONE', #359, #1263 ) ;
#1837 = CARTESIAN_POINT ( 'NONE',  ( 14.28944249278622713, -0.2569999992850000026, -4.619402400000000242 ) ) ;
#1838 = DIRECTION ( 'NONE',  ( 0.000000000000000000, -1.000000000000000000, 0.000000000000000000 ) ) ;
#1839 = DIRECTION ( 'NONE',  ( -6.886715686364838947E-05, 0.9999999976286574332, 0.000000000000000000 ) ) ;
#1840 = EDGE_CURVE ( 'NONE', #1609, #321, #1923, .T. ) ;
#1841 = ORIENTED_EDGE ( 'NONE', *, *, #428, .F. ) ;
#1842 = VERTEX_POINT ( 'NONE', #261 ) ;
#1843 = EDGE_CURVE ( 'NONE', #812, #690, #1535, .T. ) ;
#1844 = DIRECTION ( 'NONE',  ( -1.000000000000000000, 0.000000000000000000, 0.000000000000000000 ) ) ;
#1845 = FACE_OUTER_BOUND ( 'NONE', #42, .T. ) ;
#1846 = LINE ( 'NONE', #1025, #417 ) ;
#1847 = CARTESIAN_POINT ( 'NONE',  ( 17.32975447214166920, 47.32517565625202138, -5.619402400000000242 ) ) ;
#1848 = LINE ( 'NONE', #870, #1235 ) ;
#1849 = DIRECTION ( 'NONE',  ( 0.000000000000000000, 0.000000000000000000, 1.000000000000000000 ) ) ;
#1850 = ORIENTED_EDGE ( 'NONE', *, *, #869, .T. ) ;
#1851 = ORIENTED_EDGE ( 'NONE', *, *, #458, .T. ) ;
#1852 = EDGE_CURVE ( 'NONE', #1548, #1039, #1741, .T. ) ;
#1853 = AXIS2_PLACEMENT_3D ( 'NONE', #723, #527, #656 ) ;
#1854 = CYLINDRICAL_SURFACE ( 'NONE', #997, 2.500000000000002220 ) ;
#1855 = ORIENTED_EDGE ( 'NONE', *, *, #1932, .T. ) ;
#1856 = VECTOR ( 'NONE', #652, 1000.000000000000114 ) ;
#1857 = DIRECTION ( 'NONE',  ( -0.000000000000000000, 0.000000000000000000, -1.000000000000000000 ) ) ;
#1858 = ORIENTED_EDGE ( 'NONE', *, *, #72, .T. ) ;
#1859 = CARTESIAN_POINT ( 'NONE',  ( 54.87887073153294182, 7.065999984741000439, -16.61940240000000202 ) ) ;
#1860 = VERTEX_POINT ( 'NONE', #2062 ) ;
#1861 = ORIENTED_EDGE ( 'NONE', *, *, #431, .T. ) ;
#1862 = AXIS2_PLACEMENT_3D ( 'NONE', #1558, #736, #1570 ) ;
#1863 = CARTESIAN_POINT ( 'NONE',  ( 51.41466681408213901, 64.86806471233578009, -1.619402400000000020 ) ) ;
#1864 = EDGE_CURVE ( 'NONE', #1692, #185, #1059, .T. ) ;
#1865 = VECTOR ( 'NONE', #273, 1000.000000000000000 ) ;
#1866 = ORIENTED_EDGE ( 'NONE', *, *, #270, .T. ) ;
#1867 = EDGE_CURVE ( 'NONE', #1198, #821, #1365, .T. ) ;
#1868 = AXIS2_PLACEMENT_3D ( 'NONE', #303, #953, #1617 ) ;
#1869 = VECTOR ( 'NONE', #1157, 1000.000000000000000 ) ;
#1870 = VERTEX_POINT ( 'NONE', #1385 ) ;
#1871 = DIRECTION ( 'NONE',  ( -0.000000000000000000, 0.000000000000000000, 1.000000000000000000 ) ) ;
#1872 = ORIENTED_EDGE ( 'NONE', *, *, #806, .T. ) ;
#1873 = CARTESIAN_POINT ( 'NONE',  ( 0.000000000000000000, 0.000000000000000000, -4.619402400000000242 ) ) ;
#1874 = DIRECTION ( 'NONE',  ( 0.000000000000000000, 0.000000000000000000, -1.000000000000000000 ) ) ;
#1875 = ORIENTED_EDGE ( 'NONE', *, *, #1815, .T. ) ;
#1876 = ORIENTED_EDGE ( 'NONE', *, *, #2017, .T. ) ;
#1877 = EDGE_CURVE ( 'NONE', #1665, #22, #744, .T. ) ;
#1878 = DIRECTION ( 'NONE',  ( -1.000000000000000000, 0.000000000000000000, 0.000000000000000000 ) ) ;
#1879 = DIRECTION ( 'NONE',  ( -1.000000000000000000, -0.000000000000000000, -0.000000000000000000 ) ) ;
#1880 = EDGE_LOOP ( 'NONE', ( #97, #535 ) ) ;
#1881 = LINE ( 'NONE', #1578, #1723 ) ;
#1882 = DIRECTION ( 'NONE',  ( -1.000000000000000000, 0.000000000000000000, -0.000000000000000000 ) ) ;
#1883 = FACE_OUTER_BOUND ( 'NONE', #1015, .T. ) ;
#1884 = ORIENTED_EDGE ( 'NONE', *, *, #452, .F. ) ;
#1885 = DIRECTION ( 'NONE',  ( -0.000000000000000000, 0.000000000000000000, -1.000000000000000000 ) ) ;
#1886 = VECTOR ( 'NONE', #386, 1000.000000000000000 ) ;
#1887 = EDGE_LOOP ( 'NONE', ( #706, #140, #1742, #1622 ) ) ;
#1888 = FILL_AREA_STYLE_COLOUR ( '', #782 ) ;
#1889 = LINE ( 'NONE', #456, #155 ) ;
#1890 = EDGE_CURVE ( 'NONE', #312, #1665, #1564, .T. ) ;
#1891 = ORIENTED_EDGE ( 'NONE', *, *, #1138, .T. ) ;
#1892 = DIRECTION ( 'NONE',  ( 0.000000000000000000, -0.000000000000000000, 1.000000000000000000 ) ) ;
#1893 = ORIENTED_EDGE ( 'NONE', *, *, #596, .F. ) ;
#1894 = DIRECTION ( 'NONE',  ( -1.000000000000000000, 0.000000000000000000, -0.000000000000000000 ) ) ;
#1895 = CARTESIAN_POINT ( 'NONE',  ( 14.28944249278622713, 3.243000000714999054, -19.61940239999999847 ) ) ;
#1896 = VERTEX_POINT ( 'NONE', #1905 ) ;
#1897 = CARTESIAN_POINT ( 'NONE',  ( 50.68700103759800157, 45.06599998474099777, -1.619402400000000020 ) ) ;
#1898 = VECTOR ( 'NONE', #1838, 1000.000000000000000 ) ;
#1899 = PLANE ( 'NONE',  #406 ) ;
#1900 = AXIS2_PLACEMENT_3D ( 'NONE', #2068, #1109, #1586 ) ;
#1901 = LINE ( 'NONE', #411, #1380 ) ;
#1902 = LINE ( 'NONE', #1590, #1379 ) ;
#1903 = VERTEX_POINT ( 'NONE', #1752 ) ;
#1904 = EDGE_CURVE ( 'NONE', #1203, #1405, #928, .T. ) ;
#1905 = CARTESIAN_POINT ( 'NONE',  ( 57.88700103759800442, 7.065999984741000439, -4.619402400000000242 ) ) ;
#1906 = CARTESIAN_POINT ( 'NONE',  ( 40.44550394349759159, 26.48044654559283373, -4.619402400000000242 ) ) ;
#1907 = ORIENTED_EDGE ( 'NONE', *, *, #769, .F. ) ;
#1908 = DIRECTION ( 'NONE',  ( 0.000000000000000000, -0.000000000000000000, -1.000000000000000000 ) ) ;
#1909 = CARTESIAN_POINT ( 'NONE',  ( 50.24292827374511461, 26.48044654559283373, -5.619402400000000242 ) ) ;
#1910 = DIRECTION ( 'NONE',  ( -0.000000000000000000, 0.000000000000000000, -1.000000000000000000 ) ) ;
#1911 = ORIENTED_EDGE ( 'NONE', *, *, #873, .F. ) ;
#1912 = ORIENTED_EDGE ( 'NONE', *, *, #1280, .T. ) ;
#1913 = DIRECTION ( 'NONE',  ( -1.000000000000000000, 1.826024711554533913E-16, 0.000000000000000000 ) ) ;
#1914 = CARTESIAN_POINT ( 'NONE',  ( 57.88700103759800442, 55.24524257867325616, -1.619402400000000020 ) ) ;
#1915 = EDGE_CURVE ( 'NONE', #1056, #195, #1058, .T. ) ;
#1916 = EDGE_CURVE ( 'NONE', #1522, #703, #919, .T. ) ;
#1917 = DIRECTION ( 'NONE',  ( -0.000000000000000000, 1.000000000000000000, 0.000000000000000000 ) ) ;
#1918 = ORIENTED_EDGE ( 'NONE', *, *, #1612, .T. ) ;
#1919 = DIRECTION ( 'NONE',  ( -0.000000000000000000, -0.000000000000000000, 1.000000000000000000 ) ) ;
#1920 = CARTESIAN_POINT ( 'NONE',  ( 25.93609176424992313, 30.48044654559283373, -4.619402400000000242 ) ) ;
#1921 = CIRCLE ( 'NONE', #1398, 14.00000000000000000 ) ;
#1922 = ORIENTED_EDGE ( 'NONE', *, *, #913, .F. ) ;
#1923 = CIRCLE ( 'NONE', #345, 15.00000000000000000 ) ;
#1924 = CARTESIAN_POINT ( 'NONE',  ( 50.68700103759800157, 45.06599998474099777, -4.619402400000000242 ) ) ;
#1925 = ORIENTED_EDGE ( 'NONE', *, *, #401, .T. ) ;
#1926 = LINE ( 'NONE', #447, #1869 ) ;
#1927 = DIRECTION ( 'NONE',  ( 6.475826433413004759E-07, 0.9999999999997903899, 0.000000000000000000 ) ) ;
#1928 = EDGE_CURVE ( 'NONE', #1203, #833, #1728, .T. ) ;
#1929 = LINE ( 'NONE', #1278, #2006 ) ;
#1930 = CARTESIAN_POINT ( 'NONE',  ( 26.44550394349759159, 26.48044654559283373, -5.619402400000000242 ) ) ;
#1931 = DIRECTION ( 'NONE',  ( -0.000000000000000000, -0.000000000000000000, 1.000000000000000000 ) ) ;
#1932 = EDGE_CURVE ( 'NONE', #1125, #1665, #1391, .T. ) ;
#1933 = DIRECTION ( 'NONE',  ( -0.000000000000000000, -0.000000000000000000, 1.000000000000000000 ) ) ;
#1934 = VECTOR ( 'NONE', #309, 1000.000000000000000 ) ;
#1935 = VECTOR ( 'NONE', #1165, 1000.000000000000000 ) ;
#1936 = CARTESIAN_POINT ( 'NONE',  ( 26.44550394349759159, 26.48044654559283373, -5.619402400000000242 ) ) ;
#1937 = ORIENTED_EDGE ( 'NONE', *, *, #145, .F. ) ;
#1938 = PLANE ( 'NONE',  #212 ) ;
#1939 = VECTOR ( 'NONE', #942, 1000.000000000000000 ) ;
#1940 = VECTOR ( 'NONE', #1209, 1000.000000000000000 ) ;
#1941 = ORIENTED_EDGE ( 'NONE', *, *, #96, .F. ) ;
#1942 = VERTEX_POINT ( 'NONE', #570 ) ;
#1943 = LINE ( 'NONE', #807, #1054 ) ;
#1944 = FACE_OUTER_BOUND ( 'NONE', #1148, .T. ) ;
#1945 = EDGE_CURVE ( 'NONE', #959, #661, #290, .T. ) ;
#1946 = DIRECTION ( 'NONE',  ( 1.000000000000000000, -0.000000000000000000, -0.000000000000000000 ) ) ;
#1947 = ORIENTED_EDGE ( 'NONE', *, *, #1395, .F. ) ;
#1948 = CYLINDRICAL_SURFACE ( 'NONE', #591, 23.79742433024752657 ) ;
#1949 = ORIENTED_EDGE ( 'NONE', *, *, #265, .T. ) ;
#1950 = DIRECTION ( 'NONE',  ( -0.000000000000000000, -0.000000000000000000, 1.000000000000000000 ) ) ;
#1951 = DIRECTION ( 'NONE',  ( 0.000000000000000000, 0.000000000000000000, -1.000000000000000000 ) ) ;
#1952 = CARTESIAN_POINT ( 'NONE',  ( 49.19631975571163451, 26.48044654559283373, -5.619402400000000242 ) ) ;
#1953 = CARTESIAN_POINT ( 'NONE',  ( 53.88700103759799731, 47.24524257867325616, -1.619402400000000020 ) ) ;
#1954 = LINE ( 'NONE', #1461, #1974 ) ;
#1955 = DIRECTION ( 'NONE',  ( -1.000000000000000000, 0.000000000000000000, 0.000000000000000000 ) ) ;
#1956 = EDGE_LOOP ( 'NONE', ( #1911, #1562, #263, #575 ) ) ;
#1957 = ADVANCED_FACE ( 'NONE', ( #1230 ), #597, .F. ) ;
#1958 = CARTESIAN_POINT ( 'NONE',  ( -0.2540101100095734643, 47.31959426025974835, -19.61940239999999847 ) ) ;
#1959 = ORIENTED_EDGE ( 'NONE', *, *, #373, .F. ) ;
#1960 = PLANE ( 'NONE',  #175 ) ;
#1961 = EDGE_CURVE ( 'NONE', #629, #1075, #1251, .T. ) ;
#1962 = VECTOR ( 'NONE', #1927, 1000.000000000000114 ) ;
#1963 =( NAMED_UNIT ( * ) SI_UNIT ( $, .STERADIAN. ) SOLID_ANGLE_UNIT ( ) );
#1964 = CARTESIAN_POINT ( 'NONE',  ( 53.88700103759799731, 47.24524257867325616, -1.619402400000000020 ) ) ;
#1965 = PLANE ( 'NONE',  #480 ) ;
#1966 = DIRECTION ( 'NONE',  ( 0.000000000000000000, -0.000000000000000000, -1.000000000000000000 ) ) ;
#1967 = APPLICATION_CONTEXT ( 'automotive_design' ) ;
#1968 = CARTESIAN_POINT ( 'NONE',  ( 5.132437688989125668, 41.44666507051483251, -19.61940239999999847 ) ) ;
#1969 = VERTEX_POINT ( 'NONE', #126 ) ;
#1970 = CARTESIAN_POINT ( 'NONE',  ( 5.132437688989126556, 47.31959426025974835, -4.619402400000000242 ) ) ;
#1971 = EDGE_LOOP ( 'NONE', ( #1577, #1557, #1662, #854 ) ) ;
#1972 = VECTOR ( 'NONE', #708, 1000.000000000000000 ) ;
#1973 = EDGE_LOOP ( 'NONE', ( #753, #1584, #1884, #1891 ) ) ;
#1974 = VECTOR ( 'NONE', #1640, 1000.000000000000000 ) ;
#1975 = EDGE_CURVE ( 'NONE', #92, #398, #1262, .T. ) ;
#1976 = VECTOR ( 'NONE', #1135, 1000.000000000000000 ) ;
#1977 = FACE_BOUND ( 'NONE', #716, .T. ) ;
#1978 = PLANE ( 'NONE',  #725 ) ;
#1979 = PLANE ( 'NONE',  #1505 ) ;
#1980 = ORIENTED_EDGE ( 'NONE', *, *, #1988, .F. ) ;
#1981 = DIRECTION ( 'NONE',  ( 0.000000000000000000, -1.000000000000000000, 0.000000000000000000 ) ) ;
#1982 = EDGE_LOOP ( 'NONE', ( #2026, #1084, #1527, #937 ) ) ;
#1983 = LINE ( 'NONE', #1820, #1302 ) ;
#1984 = ORIENTED_EDGE ( 'NONE', *, *, #143, .F. ) ;
#1985 = ADVANCED_FACE ( 'NONE', ( #448 ), #1101, .F. ) ;
#1986 = DIRECTION ( 'NONE',  ( -1.000000000000000000, 0.000000000000000000, -0.000000000000000000 ) ) ;
#1987 = CARTESIAN_POINT ( 'NONE',  ( 39.19403284612560157, 47.32517565625202138, -4.619402400000000242 ) ) ;
#1988 = EDGE_CURVE ( 'NONE', #1039, #1755, #1602, .T. ) ;
#1989 = LINE ( 'NONE', #677, #1935 ) ;
#1990 = ORIENTED_EDGE ( 'NONE', *, *, #1915, .F. ) ;
#1991 = ORIENTED_EDGE ( 'NONE', *, *, #555, .F. ) ;
#1992 = EDGE_LOOP ( 'NONE', ( #435, #388, #670, #2028 ) ) ;
#1993 = AXIS2_PLACEMENT_3D ( 'NONE', #933, #1619, #1440 ) ;
#1994 = AXIS2_PLACEMENT_3D ( 'NONE', #1715, #733, #1415 ) ;
#1995 = DIRECTION ( 'NONE',  ( 1.000000000000000000, 0.000000000000000000, 0.000000000000000000 ) ) ;
#1996 = EDGE_CURVE ( 'NONE', #2060, #1217, #780, .T. ) ;
#1997 = CARTESIAN_POINT ( 'NONE',  ( 7.005000114440999681, -0.2569999992850000026, -4.619402400000000242 ) ) ;
#1998 = EDGE_CURVE ( 'NONE', #1078, #992, #1149, .T. ) ;
#1999 = LINE ( 'NONE', #990, #1000 ) ;
#2000 = VERTEX_POINT ( 'NONE', #1613 ) ;
#2001 = UNCERTAINTY_MEASURE_WITH_UNIT (LENGTH_MEASURE( 1.000000000000000082E-05 ), #291, 'distance_accuracy_value', 'NONE');
#2002 = ORIENTED_EDGE ( 'NONE', *, *, #1672, .F. ) ;
#2003 = AXIS2_PLACEMENT_3D ( 'NONE', #1936, #788, #459 ) ;
#2004 = PLANE ( 'NONE',  #554 ) ;
#2005 = FACE_OUTER_BOUND ( 'NONE', #1887, .T. ) ;
#2006 = VECTOR ( 'NONE', #292, 1000.000000000000000 ) ;
#2007 = LINE ( 'NONE', #1182, #171 ) ;
#2008 = CARTESIAN_POINT ( 'NONE',  ( 48.47760620441507484, 39.78639408645565823, -16.61940240000000202 ) ) ;
#2009 = FACE_OUTER_BOUND ( 'NONE', #332, .T. ) ;
#2010 = ADVANCED_FACE ( 'NONE', ( #1776 ), #1960, .F. ) ;
#2011 = ORIENTED_EDGE ( 'NONE', *, *, #1697, .F. ) ;
#2012 = ORIENTED_EDGE ( 'NONE', *, *, #683, .T. ) ;
#2013 = DIRECTION ( 'NONE',  ( 0.000000000000000000, 0.000000000000000000, -1.000000000000000000 ) ) ;
#2014 = ORIENTED_EDGE ( 'NONE', *, *, #858, .T. ) ;
#2015 = DIRECTION ( 'NONE',  ( -1.000000000000000000, 0.000000000000000000, 0.000000000000000000 ) ) ;
#2016 = VERTEX_POINT ( 'NONE', #176 ) ;
#2017 = EDGE_CURVE ( 'NONE', #1739, #92, #5, .T. ) ;
#2018 = DIRECTION ( 'NONE',  ( 1.000000000000000000, 0.000000000000000000, 0.000000000000000000 ) ) ;
#2019 = ORIENTED_EDGE ( 'NONE', *, *, #120, .F. ) ;
#2020 = EDGE_CURVE ( 'NONE', #992, #553, #1983, .T. ) ;
#2021 = ORIENTED_EDGE ( 'NONE', *, *, #1215, .T. ) ;
#2022 = VECTOR ( 'NONE', #1403, 1000.000000000000000 ) ;
#2023 = ORIENTED_EDGE ( 'NONE', *, *, #1082, .F. ) ;
#2024 = DIRECTION ( 'NONE',  ( -0.000000000000000000, -0.000000000000000000, -1.000000000000000000 ) ) ;
#2025 = LINE ( 'NONE', #2036, #1748 ) ;
#2026 = ORIENTED_EDGE ( 'NONE', *, *, #107, .T. ) ;
#2027 = CARTESIAN_POINT ( 'NONE',  ( 30.44550394349759159, 26.48044654559283373, -13.91940240000000095 ) ) ;
#2028 = ORIENTED_EDGE ( 'NONE', *, *, #1177, .F. ) ;
#2029 = CARTESIAN_POINT ( 'NONE',  ( 44.65757000822215872, 47.99356986567008931, -4.619402400000000242 ) ) ;
#2030 = ORIENTED_EDGE ( 'NONE', *, *, #1413, .F. ) ;
#2031 = ADVANCED_FACE ( 'NONE', ( #616 ), #1114, .F. ) ;
#2032 = CIRCLE ( 'NONE', #149, 1.000000000000000888 ) ;
#2033 = VECTOR ( 'NONE', #1504, 1000.000000000000000 ) ;
#2034 = CARTESIAN_POINT ( 'NONE',  ( 26.44550394349759159, 26.48044654559283373, -5.619402400000000242 ) ) ;
#2035 = VECTOR ( 'NONE', #262, 1000.000000000000000 ) ;
#2036 = CARTESIAN_POINT ( 'NONE',  ( 30.44550394349759159, 26.48044654559283373, -13.91940240000000095 ) ) ;
#2037 = DIRECTION ( 'NONE',  ( 1.000000000000000000, 0.000000000000000000, 0.000000000000000000 ) ) ;
#2038 = ORIENTED_EDGE ( 'NONE', *, *, #1371, .F. ) ;
#2039 = CARTESIAN_POINT ( 'NONE',  ( 50.68700103759800157, 45.06599998474099777, -1.619402400000000020 ) ) ;
#2040 = CARTESIAN_POINT ( 'NONE',  ( 26.44550394349759159, 26.48044654559283373, -13.91940240000000095 ) ) ;
#2041 = CARTESIAN_POINT ( 'NONE',  ( 48.62819712842208020, 14.82442925476643758, -4.619402400000000242 ) ) ;
#2042 = DIRECTION ( 'NONE',  ( 1.000000000000000000, 0.000000000000000000, 0.000000000000000000 ) ) ;
#2043 = EDGE_LOOP ( 'NONE', ( #1918, #874, #101, #1231 ) ) ;
#2044 = EDGE_CURVE ( 'NONE', #2088, #2098, #1456, .T. ) ;
#2045 = EDGE_CURVE ( 'NONE', #702, #465, #803, .T. ) ;
#2046 = CARTESIAN_POINT ( 'NONE',  ( 50.56700134277299696, 2.245999991894000125, -4.619402400000000242 ) ) ;
#2047 = ORIENTED_EDGE ( 'NONE', *, *, #338, .F. ) ;
#2048 = DIRECTION ( 'NONE',  ( -1.000000000000000000, 0.000000000000000000, -0.000000000000000000 ) ) ;
#2049 = DIRECTION ( 'NONE',  ( -1.000000000000000000, 0.000000000000000000, 0.000000000000000000 ) ) ;
#2050 = ORIENTED_EDGE ( 'NONE', *, *, #1683, .F. ) ;
#2051 = DIRECTION ( 'NONE',  ( 0.000000000000000000, -0.000000000000000000, 1.000000000000000000 ) ) ;
#2052 = PRESENTATION_LAYER_ASSIGNMENT (  '', '', ( #1611 ) ) ;
#2053 = EDGE_CURVE ( 'NONE', #1548, #824, #486, .T. ) ;
#2054 = ORIENTED_EDGE ( 'NONE', *, *, #1093, .F. ) ;
#2055 = AXIS2_PLACEMENT_3D ( 'NONE', #1334, #519, #1172 ) ;
#2056 = FACE_OUTER_BOUND ( 'NONE', #1812, .T. ) ;
#2057 = EDGE_CURVE ( 'NONE', #259, #312, #1799, .T. ) ;
#2058 = FACE_OUTER_BOUND ( 'NONE', #1314, .T. ) ;
#2059 = ORIENTED_EDGE ( 'NONE', *, *, #1151, .F. ) ;
#2060 = VERTEX_POINT ( 'NONE', #1322 ) ;
#2061 = DIRECTION ( 'NONE',  ( 0.000000000000000000, 0.000000000000000000, -1.000000000000000000 ) ) ;
#2062 = CARTESIAN_POINT ( 'NONE',  ( 57.88700103759800442, 45.06599998474099777, -16.61940240000000202 ) ) ;
#2063 = CARTESIAN_POINT ( 'NONE',  ( 53.88700103759799731, 55.24524257867325616, -1.619402400000000020 ) ) ;
#2064 = VERTEX_POINT ( 'NONE', #825 ) ;
#2065 = VECTOR ( 'NONE', #1576, 1000.000000000000114 ) ;
#2066 = PLANE ( 'NONE',  #106 ) ;
#2067 = CIRCLE ( 'NONE', #1315, 23.79742433024752657 ) ;
#2068 = CARTESIAN_POINT ( 'NONE',  ( 51.41466681408213901, 64.86806471233578009, -1.619402400000000020 ) ) ;
#2069 = COLOUR_RGB ( '',0.7921568627450980005, 0.8196078431372548767, 0.9333333333333333481 ) ;
#2070 = CARTESIAN_POINT ( 'NONE',  ( 26.95491612274526005, 22.51301674386550644, -13.91940240000000095 ) ) ;
#2071 = ORIENTED_EDGE ( 'NONE', *, *, #808, .T. ) ;
#2072 = ADVANCED_FACE ( 'NONE', ( #508 ), #1626, .T. ) ;
#2073 = DIRECTION ( 'NONE',  ( -0.000000000000000000, -0.000000000000000000, 1.000000000000000000 ) ) ;
#2074 = DIRECTION ( 'NONE',  ( 1.000000000000000000, 0.000000000000000000, 0.000000000000000000 ) ) ;
#2075 = ORIENTED_EDGE ( 'NONE', *, *, #2044, .T. ) ;
#2076 = CARTESIAN_POINT ( 'NONE',  ( 48.47760620441507484, 47.24524257867325616, -16.61940240000000202 ) ) ;
#2077 = FACE_OUTER_BOUND ( 'NONE', #890, .T. ) ;
#2078 = CARTESIAN_POINT ( 'NONE',  ( -0.2540101100095741860, 41.44666507051483251, -19.61940239999999847 ) ) ;
#2079 = LINE ( 'NONE', #1970, #1376 ) ;
#2080 = EDGE_CURVE ( 'NONE', #690, #812, #541, .T. ) ;
#2081 = DIRECTION ( 'NONE',  ( -0.000000000000000000, -0.000000000000000000, 1.000000000000000000 ) ) ;
#2082 = EDGE_CURVE ( 'NONE', #681, #1122, #156, .T. ) ;
#2083 = FACE_OUTER_BOUND ( 'NONE', #613, .T. ) ;
#2084 = LINE ( 'NONE', #1303, #44 ) ;
#2085 = CARTESIAN_POINT ( 'NONE',  ( -0.2540101063951569205, 47.32517565625202138, -4.619402400000000242 ) ) ;
#2086 = AXIS2_PLACEMENT_3D ( 'NONE', #1689, #1500, #2018 ) ;
#2087 = CARTESIAN_POINT ( 'NONE',  ( -0.2540101100095734643, 47.31959426025974835, -19.61940239999999847 ) ) ;
#2088 = VERTEX_POINT ( 'NONE', #1654 ) ;
#2089 = FACE_OUTER_BOUND ( 'NONE', #1286, .T. ) ;
#2090 =( NAMED_UNIT ( * ) PLANE_ANGLE_UNIT ( ) SI_UNIT ( $, .RADIAN. ) );
#2091 = EDGE_CURVE ( 'NONE', #233, #170, #747, .T. ) ;
#2092 = ORIENTED_EDGE ( 'NONE', *, *, #1890, .F. ) ;
#2093 = CARTESIAN_POINT ( 'NONE',  ( 37.92656108372183610, 47.32517565625202138, -4.619402400000000242 ) ) ;
#2094 = DIRECTION ( 'NONE',  ( -0.000000000000000000, 0.000000000000000000, 1.000000000000000000 ) ) ;
#2095 = AXIS2_PLACEMENT_3D ( 'NONE', #532, #1373, #1188 ) ;
#2096 = AXIS2_PLACEMENT_3D ( 'NONE', #1155, #1661, #1849 ) ;
#2097 = FACE_OUTER_BOUND ( 'NONE', #336, .T. ) ;
#2098 = VERTEX_POINT ( 'NONE', #813 ) ;
#2099 = CARTESIAN_POINT ( 'NONE',  ( 25.93609176424992313, 22.51301674386550644, -5.619402399999999353 ) ) ;
#2100 = VECTOR ( 'NONE', #917, 1000.000000000000000 ) ;
#2101 = CARTESIAN_POINT ( 'NONE',  ( 25.93609176424992313, 22.51301674386550644, -13.91940240000000095 ) ) ;
#2102 = CARTESIAN_POINT ( 'NONE',  ( 57.88700103759800442, 47.24524257867325616, -16.61940240000000202 ) ) ;
#2103 = VERTEX_POINT ( 'NONE', #1309 ) ;
#2104 = PRODUCT_RELATED_PRODUCT_CATEGORY ( 'part', '', ( #699 ) ) ;
#2105 = DIRECTION ( 'NONE',  ( -0.000000000000000000, 0.000000000000000000, -1.000000000000000000 ) ) ;
#2106 = CARTESIAN_POINT ( 'NONE',  ( 50.41466681408213901, 64.86806471233578009, -1.619402400000000020 ) ) ;
ENDSEC;
END-ISO-10303-21;
