ISO-10303-21;
HEADER;
FILE_DESCRIPTION (( 'STEP AP214' ),
    '1' );
FILE_NAME ('cubit2_bottom_enclosure.STEP',
    '2024-05-21T06:26:53',
    ( '' ),
    ( '' ),
    'SwSTEP 2.0',
    'SolidWorks 2023',
    '' );
FILE_SCHEMA (( 'AUTOMOTIVE_DESIGN' ));
ENDSEC;

DATA;
#1 = DIRECTION ( 'NONE',  ( 1.000000000000000000, 0.000000000000000000, 0.000000000000000000 ) ) ;
#2 = CYLINDRICAL_SURFACE ( 'NONE', #854, 7.000000000000000000 ) ;
#3 = DIRECTION ( 'NONE',  ( 0.000000000000000000, 0.000000000000000000, 1.000000000000000000 ) ) ;
#4 = CARTESIAN_POINT ( 'NONE',  ( 4.295687810014245933, 14.60512789323294136, 0.000000000000000000 ) ) ;
#5 = DIRECTION ( 'NONE',  ( 1.000000000000000000, 0.000000000000000000, -0.000000000000000000 ) ) ;
#6 = ORIENTED_EDGE ( 'NONE', *, *, #730, .T. ) ;
#7 = ORIENTED_EDGE ( 'NONE', *, *, #1001, .F. ) ;
#8 = EDGE_CURVE ( 'NONE', #807, #1045, #989, .T. ) ;
#9 = DIRECTION ( 'NONE',  ( 0.000000000000000000, 0.000000000000000000, 1.000000000000000000 ) ) ;
#10 = DIRECTION ( 'NONE',  ( -1.000000000000000000, -0.000000000000000000, -0.000000000000000000 ) ) ;
#11 = DIRECTION ( 'NONE',  ( 1.000000000000000000, 0.000000000000000000, -0.000000000000000000 ) ) ;
#12 = CARTESIAN_POINT ( 'NONE',  ( 33.63530561777929506, 64.55323614440233371, 5.000000000000000000 ) ) ;
#13 = ORIENTED_EDGE ( 'NONE', *, *, #910, .F. ) ;
#14 = ORIENTED_EDGE ( 'NONE', *, *, #1419, .T. ) ;
#15 = CARTESIAN_POINT ( 'NONE',  ( 55.57500000000000284, 23.16500000000000270, 1.000000000000000000 ) ) ;
#16 = LINE ( 'NONE', #954, #978 ) ;
#17 = ADVANCED_FACE ( 'NONE', ( #1437, #1076, #732, #414, #190 ), #868, .F. ) ;
#18 = CARTESIAN_POINT ( 'NONE',  ( 2.007000000000000117, 11.75999999999999979, 1.000000000000000000 ) ) ;
#19 = VECTOR ( 'NONE', #165, 1000.000000000000000 ) ;
#20 = ORIENTED_EDGE ( 'NONE', *, *, #1203, .F. ) ;
#21 = ORIENTED_EDGE ( 'NONE', *, *, #516, .F. ) ;
#22 = PLANE ( 'NONE',  #788 ) ;
#23 = CARTESIAN_POINT ( 'NONE',  ( 4.295687810014245933, 64.51002608338107791, 5.000000000000000000 ) ) ;
#24 = EDGE_CURVE ( 'NONE', #1305, #1335, #75, .T. ) ;
#25 = CARTESIAN_POINT ( 'NONE',  ( 24.15654994109765852, 64.51002608338107791, 5.000000000000000000 ) ) ;
#26 = LINE ( 'NONE', #488, #377 ) ;
#27 = ORIENTED_EDGE ( 'NONE', *, *, #1194, .F. ) ;
#28 = VECTOR ( 'NONE', #161, 1000.000000000000000 ) ;
#29 = ORIENTED_EDGE ( 'NONE', *, *, #325, .F. ) ;
#30 = ORIENTED_EDGE ( 'NONE', *, *, #769, .F. ) ;
#31 = CARTESIAN_POINT ( 'NONE',  ( 36.22600000000000620, 67.89399999999999125, 1.000000000000000000 ) ) ;
#32 = CYLINDRICAL_SURFACE ( 'NONE', #858, 0.6000000000000033085 ) ;
#33 = EDGE_CURVE ( 'NONE', #469, #157, #520, .T. ) ;
#34 = CARTESIAN_POINT ( 'NONE',  ( 52.61861762117906238, -3.031672270349378806, 2.000000000000000000 ) ) ;
#35 = ORIENTED_EDGE ( 'NONE', *, *, #1349, .F. ) ;
#36 = ORIENTED_EDGE ( 'NONE', *, *, #1362, .F. ) ;
#37 = DIRECTION ( 'NONE',  ( 0.000000000000000000, 0.000000000000000000, 1.000000000000000000 ) ) ;
#38 = CARTESIAN_POINT ( 'NONE',  ( 34.03681848723820735, 4.331477447866618924, 0.000000000000000000 ) ) ;
#39 = ORIENTED_EDGE ( 'NONE', *, *, #796, .T. ) ;
#40 = EDGE_CURVE ( 'NONE', #1305, #496, #1444, .T. ) ;
#41 = VERTEX_POINT ( 'NONE', #1180 ) ;
#42 = FACE_OUTER_BOUND ( 'NONE', #400, .T. ) ;
#43 = VECTOR ( 'NONE', #530, 1000.000000000000000 ) ;
#44 = CIRCLE ( 'NONE', #926, 0.6000000000000033085 ) ;
#45 = CARTESIAN_POINT ( 'NONE',  ( 57.78117112532758171, 69.46211999124187741, 0.000000000000000000 ) ) ;
#46 = VERTEX_POINT ( 'NONE', #876 ) ;
#47 = CARTESIAN_POINT ( 'NONE',  ( 1.407000000000000250, 11.75999999999999979, 0.000000000000000000 ) ) ;
#48 = ORIENTED_EDGE ( 'NONE', *, *, #489, .T. ) ;
#49 = EDGE_CURVE ( 'NONE', #41, #1012, #862, .T. ) ;
#50 = CARTESIAN_POINT ( 'NONE',  ( 56.17500000000000426, 23.16500000000000270, 1.000000000000000000 ) ) ;
#51 = DIRECTION ( 'NONE',  ( 0.000000000000000000, 1.000000000000000000, 0.000000000000000000 ) ) ;
#52 = DIRECTION ( 'NONE',  ( 0.9999999939505700430, 0.0001099948173134468655, 0.000000000000000000 ) ) ;
#53 = EDGE_LOOP ( 'NONE', ( #723, #566, #446, #609 ) ) ;
#54 = DIRECTION ( 'NONE',  ( 0.0001042891155878002536, 0.9999999945618901487, -0.000000000000000000 ) ) ;
#55 = ORIENTED_EDGE ( 'NONE', *, *, #730, .F. ) ;
#56 = CARTESIAN_POINT ( 'NONE',  ( 14.31641524791677433, 14.60512789323294136, 0.000000000000000000 ) ) ;
#57 = CARTESIAN_POINT ( 'NONE',  ( 13.88257810979120777, 54.23637563801475636, 2.000000000000000000 ) ) ;
#58 = EDGE_CURVE ( 'NONE', #1172, #341, #1069, .T. ) ;
#59 = DIRECTION ( 'NONE',  ( -1.000000000000000000, 0.000000000000000000, 0.000000000000000000 ) ) ;
#60 = ORIENTED_EDGE ( 'NONE', *, *, #462, .F. ) ;
#61 = CARTESIAN_POINT ( 'NONE',  ( 34.03681848723820735, 14.60512789323294136, 0.000000000000000000 ) ) ;
#62 = EDGE_LOOP ( 'NONE', ( #1275, #782, #1191, #676 ) ) ;
#63 = LINE ( 'NONE', #170, #265 ) ;
#64 = DIRECTION ( 'NONE',  ( -0.000000000000000000, 1.000000000000000000, -0.000000000000000000 ) ) ;
#65 = CARTESIAN_POINT ( 'NONE',  ( 43.90927744908574226, 64.55323614440233371, 5.000000000000000000 ) ) ;
#66 = VECTOR ( 'NONE', #790, 1000.000000000000000 ) ;
#67 = EDGE_CURVE ( 'NONE', #444, #1439, #1174, .T. ) ;
#68 = AXIS2_PLACEMENT_3D ( 'NONE', #995, #755, #646 ) ;
#69 = ORIENTED_EDGE ( 'NONE', *, *, #297, .T. ) ;
#70 = ORIENTED_EDGE ( 'NONE', *, *, #1349, .T. ) ;
#71 = ORIENTED_EDGE ( 'NONE', *, *, #753, .T. ) ;
#72 = CARTESIAN_POINT ( 'NONE',  ( 54.97499999999999432, 23.16500000000000270, 1.000000000000000000 ) ) ;
#73 = CARTESIAN_POINT ( 'NONE',  ( 57.83317638689413087, 69.48921778798619187, 2.000000000000000000 ) ) ;
#74 = ORIENTED_EDGE ( 'NONE', *, *, #971, .T. ) ;
#75 = B_SPLINE_CURVE_WITH_KNOTS ( 'NONE', 3,
 ( #1293, #641, #618, #408 ),
 .UNSPECIFIED., .F., .F.,
 ( 4, 4 ),
 ( 0.000000000000000000, 1.000000000000000000 ),
 .UNSPECIFIED. ) ;
#76 = ORIENTED_EDGE ( 'NONE', *, *, #538, .F. ) ;
#77 = DIRECTION ( 'NONE',  ( 0.000000000000000000, 0.000000000000000000, 1.000000000000000000 ) ) ;
#78 = CARTESIAN_POINT ( 'NONE',  ( 24.15654994109765852, 64.51002608338107791, 5.000000000000000000 ) ) ;
#79 = CARTESIAN_POINT ( 'NONE',  ( 52.97185187195825762, 72.74094704217067431, 2.000000000000000000 ) ) ;
#80 = EDGE_LOOP ( 'NONE', ( #468, #984 ) ) ;
#81 = CARTESIAN_POINT ( 'NONE',  ( 33.63530561777929506, 64.55323614440233371, 5.000000000000000000 ) ) ;
#82 = ORIENTED_EDGE ( 'NONE', *, *, #1300, .T. ) ;
#83 = ADVANCED_FACE ( 'NONE', ( #219 ), #691, .T. ) ;
#84 = FACE_BOUND ( 'NONE', #176, .T. ) ;
#85 = CYLINDRICAL_SURFACE ( 'NONE', #314, 0.6000000000000033085 ) ;
#86 = AXIS2_PLACEMENT_3D ( 'NONE', #1023, #1358, #883 ) ;
#87 = CIRCLE ( 'NONE', #731, 1.250000000000001110 ) ;
#88 = CARTESIAN_POINT ( 'NONE',  ( 59.62487521466801610, 63.97032663267740560, 2.000000000000000000 ) ) ;
#89 = EDGE_LOOP ( 'NONE', ( #1129, #1391, #313, #385 ) ) ;
#90 = ADVANCED_FACE ( 'NONE', ( #1105 ), #680, .T. ) ;
#91 = ORIENTED_EDGE ( 'NONE', *, *, #101, .F. ) ;
#92 = DIRECTION ( 'NONE',  ( -0.000000000000000000, 1.000000000000000000, -0.000000000000000000 ) ) ;
#93 = CARTESIAN_POINT ( 'NONE',  ( 4.959874314827438013, -3.031672270349385023, 2.000000000000000000 ) ) ;
#94 = CIRCLE ( 'NONE', #1238, 1.250000000000001110 ) ;
#95 = VECTOR ( 'NONE', #622, 1000.000000000000000 ) ;
#96 = DIRECTION ( 'NONE',  ( -0.000000000000000000, -0.000000000000000000, 1.000000000000000000 ) ) ;
#97 = DIRECTION ( 'NONE',  ( -1.000000000000000000, 6.754782494982536027E-16, 0.000000000000000000 ) ) ;
#98 = ORIENTED_EDGE ( 'NONE', *, *, #287, .F. ) ;
#99 = LINE ( 'NONE', #434, #1084 ) ;
#100 = CARTESIAN_POINT ( 'NONE',  ( 34.03681848723820735, 4.331477447866618924, 2.000000000000000000 ) ) ;
#101 = EDGE_CURVE ( 'NONE', #398, #227, #907, .T. ) ;
#102 = CARTESIAN_POINT ( 'NONE',  ( 53.42468767129887652, 14.60512789323294136, 0.000000000000000000 ) ) ;
#103 = FACE_OUTER_BOUND ( 'NONE', #62, .T. ) ;
#104 = ORIENTED_EDGE ( 'NONE', *, *, #1438, .T. ) ;
#105 = EDGE_LOOP ( 'NONE', ( #870, #1367, #1422, #120 ) ) ;
#106 = VERTEX_POINT ( 'NONE', #1128 ) ;
#107 = DIRECTION ( 'NONE',  ( 0.000000000000000000, 0.000000000000000000, -1.000000000000000000 ) ) ;
#108 = CARTESIAN_POINT ( 'NONE',  ( 59.62487521466800899, 72.97032663101764172, 0.6333333333333334147 ) ) ;
#109 = EDGE_CURVE ( 'NONE', #320, #1071, #447, .T. ) ;
#110 = DIRECTION ( 'NONE',  ( 1.000000000000000000, -0.000000000000000000, 0.000000000000000000 ) ) ;
#111 = AXIS2_PLACEMENT_3D ( 'NONE', #276, #1271, #603 ) ;
#112 = VERTEX_POINT ( 'NONE', #88 ) ;
#113 = CARTESIAN_POINT ( 'NONE',  ( 53.42468767129887652, 0.000000000000000000, 2.000000000000000000 ) ) ;
#114 = DIRECTION ( 'NONE',  ( 0.000000000000000000, 0.000000000000000000, -1.000000000000000000 ) ) ;
#115 = DIRECTION ( 'NONE',  ( 0.000000000000000000, 0.000000000000000000, 1.000000000000000000 ) ) ;
#116 = AXIS2_PLACEMENT_3D ( 'NONE', #1329, #298, #193 ) ;
#117 = VECTOR ( 'NONE', #707, 1000.000000000000000 ) ;
#118 = DIRECTION ( 'NONE',  ( 0.000000000000000000, 0.000000000000000000, -1.000000000000000000 ) ) ;
#119 = ORIENTED_EDGE ( 'NONE', *, *, #1194, .T. ) ;
#120 = ORIENTED_EDGE ( 'NONE', *, *, #417, .F. ) ;
#121 = ADVANCED_FACE ( 'NONE', ( #897 ), #1005, .F. ) ;
#122 = CARTESIAN_POINT ( 'NONE',  ( 59.61861758181068183, -3.031672270349377918, 0.000000000000000000 ) ) ;
#123 = LINE ( 'NONE', #500, #553 ) ;
#124 = CARTESIAN_POINT ( 'NONE',  ( 24.15654994109765852, 54.23637563801475636, 5.000000000000000000 ) ) ;
#125 = PLANE ( 'NONE',  #1205 ) ;
#126 = EDGE_LOOP ( 'NONE', ( #1384, #478, #60, #714 ) ) ;
#127 = ORIENTED_EDGE ( 'NONE', *, *, #1083, .F. ) ;
#128 = ADVANCED_FACE ( 'NONE', ( #430 ), #549, .T. ) ;
#129 = LINE ( 'NONE', #1421, #1231 ) ;
#130 =( NAMED_UNIT ( * ) SI_UNIT ( $, .STERADIAN. ) SOLID_ANGLE_UNIT ( ) );
#131 = CARTESIAN_POINT ( 'NONE',  ( 59.62487521466801610, 63.97032663267740560, 0.000000000000000000 ) ) ;
#132 = CARTESIAN_POINT ( 'NONE',  ( 34.97599999999999909, 67.89399999999999125, 2.000000000000000000 ) ) ;
#133 = AXIS2_PLACEMENT_3D ( 'NONE', #18, #1389, #254 ) ;
#134 = VERTEX_POINT ( 'NONE', #334 ) ;
#135 = VECTOR ( 'NONE', #64, 1000.000000000000000 ) ;
#136 = ORIENTED_EDGE ( 'NONE', *, *, #1431, .F. ) ;
#137 = ORIENTED_EDGE ( 'NONE', *, *, #308, .T. ) ;
#138 = AXIS2_PLACEMENT_3D ( 'NONE', #175, #921, #965 ) ;
#139 = ADVANCED_FACE ( 'NONE', ( #1220 ), #436, .F. ) ;
#140 = DIRECTION ( 'NONE',  ( 0.000000000000000000, 0.000000000000000000, -1.000000000000000000 ) ) ;
#141 = VECTOR ( 'NONE', #598, 1000.000000000000000 ) ;
#142 = ADVANCED_FACE ( 'NONE', ( #103 ), #348, .T. ) ;
#143 = CARTESIAN_POINT ( 'NONE',  ( 24.15654994109765852, 54.23637563801475636, 2.000000000000000000 ) ) ;
#144 = PLANE ( 'NONE',  #159 ) ;
#145 = ORIENTED_EDGE ( 'NONE', *, *, #1465, .F. ) ;
#146 = ORIENTED_EDGE ( 'NONE', *, *, #1213, .T. ) ;
#147 = CARTESIAN_POINT ( 'NONE',  ( 33.72599999999999199, 67.89399999999999125, 1.000000000000000000 ) ) ;
#148 = PRODUCT_RELATED_PRODUCT_CATEGORY ( 'part', '', ( #669 ) ) ;
#149 = DIRECTION ( 'NONE',  ( 0.000000000000000000, -0.000000000000000000, 1.000000000000000000 ) ) ;
#150 = ADVANCED_FACE ( 'NONE', ( #1333, #323 ), #203, .T. ) ;
#151 = DIRECTION ( 'NONE',  ( 0.000000000000000000, 0.000000000000000000, -1.000000000000000000 ) ) ;
#152 = ORIENTED_EDGE ( 'NONE', *, *, #822, .F. ) ;
#153 = ORIENTED_EDGE ( 'NONE', *, *, #462, .T. ) ;
#154 = CARTESIAN_POINT ( 'NONE',  ( 2.007000000000000117, 11.75999999999999979, 1.000000000000000000 ) ) ;
#155 = CARTESIAN_POINT ( 'NONE',  ( 56.82500000000000284, 23.16500000000000270, 1.000000000000000000 ) ) ;
#156 = EDGE_CURVE ( 'NONE', #801, #46, #777, .T. ) ;
#157 = VERTEX_POINT ( 'NONE', #792 ) ;
#158 = LINE ( 'NONE', #1139, #593 ) ;
#159 = AXIS2_PLACEMENT_3D ( 'NONE', #12, #1265, #247 ) ;
#160 = ORIENTED_EDGE ( 'NONE', *, *, #1250, .F. ) ;
#161 = DIRECTION ( 'NONE',  ( 0.000000000000000000, 0.000000000000000000, -1.000000000000000000 ) ) ;
#162 = CIRCLE ( 'NONE', #1152, 1.250000000000001110 ) ;
#163 = DIRECTION ( 'NONE',  ( -0.000000000000000000, -1.000000000000000000, -0.000000000000000000 ) ) ;
#164 = CARTESIAN_POINT ( 'NONE',  ( 55.57500000000000284, 23.16500000000000270, 5.000000000000000000 ) ) ;
#165 = DIRECTION ( 'NONE',  ( -1.000000000000000000, -0.000000000000000000, -0.000000000000000000 ) ) ;
#166 = DIRECTION ( 'NONE',  ( 1.000000000000000000, 0.000000000000000000, 0.000000000000000000 ) ) ;
#167 = B_SPLINE_CURVE_WITH_KNOTS ( 'NONE', 3,
 ( #1243, #560, #554, #1013 ),
 .UNSPECIFIED., .F., .F.,
 ( 4, 4 ),
 ( 0.000000000000000000, 1.000000000000000000 ),
 .UNSPECIFIED. ) ;
#168 = EDGE_LOOP ( 'NONE', ( #137, #1216, #765, #681 ) ) ;
#169 = ADVANCED_FACE ( 'NONE', ( #211 ), #1467, .T. ) ;
#170 = CARTESIAN_POINT ( 'NONE',  ( 43.90927744908574226, 14.60512789323294136, 0.000000000000000000 ) ) ;
#171 = AXIS2_PLACEMENT_3D ( 'NONE', #961, #77, #1173 ) ;
#172 = DIRECTION ( 'NONE',  ( 0.000000000000000000, 0.000000000000000000, 1.000000000000000000 ) ) ;
#173 = PLANE ( 'NONE',  #737 ) ;
#174 = ORIENTED_EDGE ( 'NONE', *, *, #1258, .F. ) ;
#175 = CARTESIAN_POINT ( 'NONE',  ( 55.57500000000000284, 23.16500000000000270, 1.000000000000000000 ) ) ;
#176 = EDGE_LOOP ( 'NONE', ( #916, #1342 ) ) ;
#177 = CYLINDRICAL_SURFACE ( 'NONE', #980, 1.250000000000001110 ) ;
#178 = ADVANCED_FACE ( 'NONE', ( #1251 ), #1365, .F. ) ;
#179 = DIRECTION ( 'NONE',  ( -0.000000000000000000, -0.000000000000000000, 1.000000000000000000 ) ) ;
#180 = CARTESIAN_POINT ( 'NONE',  ( 2.606999999999999762, 11.75999999999999979, 1.000000000000000000 ) ) ;
#181 = DIRECTION ( 'NONE',  ( -0.000000000000000000, -0.000000000000000000, 1.000000000000000000 ) ) ;
#182 = DIRECTION ( 'NONE',  ( 1.000000000000000000, 0.000000000000000000, 0.000000000000000000 ) ) ;
#183 = VERTEX_POINT ( 'NONE', #1237 ) ;
#184 = VECTOR ( 'NONE', #1141, 1000.000000000000114 ) ;
#185 = DIRECTION ( 'NONE',  ( 1.000000000000000000, 0.000000000000000000, 0.000000000000000000 ) ) ;
#186 = ORIENTED_EDGE ( 'NONE', *, *, #308, .F. ) ;
#187 = DIRECTION ( 'NONE',  ( -0.000000000000000000, -1.000000000000000000, -0.000000000000000000 ) ) ;
#188 = CARTESIAN_POINT ( 'NONE',  ( 4.295687810014245933, 0.000000000000000000, 2.000000000000000000 ) ) ;
#189 = AXIS2_PLACEMENT_3D ( 'NONE', #244, #272, #513 ) ;
#190 = FACE_BOUND ( 'NONE', #908, .T. ) ;
#191 = ORIENTED_EDGE ( 'NONE', *, *, #745, .F. ) ;
#192 = COLOUR_RGB ( '',0.7921568627450980005, 0.8196078431372548767, 0.9333333333333333481 ) ;
#193 = DIRECTION ( 'NONE',  ( 1.000000000000000000, 0.000000000000000000, 0.000000000000000000 ) ) ;
#194 = VECTOR ( 'NONE', #252, 1000.000000000000000 ) ;
#195 = DIRECTION ( 'NONE',  ( 1.000000000000000000, 0.000000000000000000, 0.000000000000000000 ) ) ;
#196 = CARTESIAN_POINT ( 'NONE',  ( 4.959874314827438013, -3.031672270349384579, 2.000000000000000000 ) ) ;
#197 =( GEOMETRIC_REPRESENTATION_CONTEXT ( 3 ) GLOBAL_UNCERTAINTY_ASSIGNED_CONTEXT ( ( #791 ) ) GLOBAL_UNIT_ASSIGNED_CONTEXT ( ( #752, #1217, #1343 ) ) REPRESENTATION_CONTEXT ( 'NONE', 'WORKASPACE' ) );
#198 = EDGE_CURVE ( 'NONE', #157, #469, #1450, .T. ) ;
#199 = VERTEX_POINT ( 'NONE', #591 ) ;
#200 = ORIENTED_EDGE ( 'NONE', *, *, #631, .F. ) ;
#201 = CARTESIAN_POINT ( 'NONE',  ( 14.31641524791677433, 14.60512789323294136, 0.000000000000000000 ) ) ;
#202 = CARTESIAN_POINT ( 'NONE',  ( 2.007000000000000117, 11.75999999999999979, 1.000000000000000000 ) ) ;
#203 = PLANE ( 'NONE',  #590 ) ;
#204 = EDGE_CURVE ( 'NONE', #1071, #1142, #240, .T. ) ;
#205 = CARTESIAN_POINT ( 'NONE',  ( 13.88257810979120777, 54.23637563801475636, 5.000000000000000000 ) ) ;
#206 = ORIENTED_EDGE ( 'NONE', *, *, #442, .F. ) ;
#207 = DIRECTION ( 'NONE',  ( -1.000000000000000000, 0.000000000000000000, -0.000000000000000000 ) ) ;
#208 = LINE ( 'NONE', #1008, #502 ) ;
#209 = VECTOR ( 'NONE', #118, 1000.000000000000000 ) ;
#210 = VECTOR ( 'NONE', #329, 1000.000000000000000 ) ;
#211 = FACE_OUTER_BOUND ( 'NONE', #214, .T. ) ;
#212 = CARTESIAN_POINT ( 'NONE',  ( 34.03681848723820735, 0.000000000000000000, 2.000000000000000000 ) ) ;
#213 = CIRCLE ( 'NONE', #1043, 0.5999999999999998668 ) ;
#214 = EDGE_LOOP ( 'NONE', ( #1239, #899, #1117, #857 ) ) ;
#215 = ORIENTED_EDGE ( 'NONE', *, *, #325, .T. ) ;
#216 = EDGE_CURVE ( 'NONE', #668, #839, #1162, .T. ) ;
#217 = LINE ( 'NONE', #201, #280 ) ;
#218 = SURFACE_STYLE_FILL_AREA ( #1235 ) ;
#219 = FACE_OUTER_BOUND ( 'NONE', #392, .T. ) ;
#220 = ORIENTED_EDGE ( 'NONE', *, *, #1143, .T. ) ;
#221 = EDGE_LOOP ( 'NONE', ( #655, #949, #432, #14 ) ) ;
#222 = LINE ( 'NONE', #904, #1299 ) ;
#223 = EDGE_CURVE ( 'NONE', #1095, #112, #828, .T. ) ;
#224 = FACE_OUTER_BOUND ( 'NONE', #1241, .T. ) ;
#225 = CARTESIAN_POINT ( 'NONE',  ( 34.97599999999999909, 67.89399999999999125, 1.000000000000000000 ) ) ;
#226 = EDGE_LOOP ( 'NONE', ( #423, #303 ) ) ;
#227 = VERTEX_POINT ( 'NONE', #369 ) ;
#228 = DIRECTION ( 'NONE',  ( 0.000000000000000000, 0.000000000000000000, -1.000000000000000000 ) ) ;
#229 = LINE ( 'NONE', #464, #405 ) ;
#230 = AXIS2_PLACEMENT_3D ( 'NONE', #1453, #1016, #913 ) ;
#231 = UNCERTAINTY_MEASURE_WITH_UNIT (LENGTH_MEASURE( 1.000000000000000082E-05 ), #569, 'distance_accuracy_value', 'NONE');
#232 = EDGE_CURVE ( 'NONE', #766, #410, #494, .T. ) ;
#233 = DIRECTION ( 'NONE',  ( 0.000000000000000000, -1.000000000000000000, 0.000000000000000000 ) ) ;
#234 = VECTOR ( 'NONE', #1202, 1000.000000000000000 ) ;
#235 = ORIENTED_EDGE ( 'NONE', *, *, #1026, .F. ) ;
#236 = ORIENTED_EDGE ( 'NONE', *, *, #872, .F. ) ;
#237 = DIRECTION ( 'NONE',  ( 0.000000000000000000, 0.000000000000000000, -1.000000000000000000 ) ) ;
#238 = CARTESIAN_POINT ( 'NONE',  ( 59.62487521466801610, 63.97032663101764882, -0.1000000000000002554 ) ) ;
#239 = FACE_OUTER_BOUND ( 'NONE', #126, .T. ) ;
#240 = LINE ( 'NONE', #34, #1323 ) ;
#241 = ADVANCED_FACE ( 'NONE', ( #1259 ), #125, .T. ) ;
#242 = EDGE_LOOP ( 'NONE', ( #267, #1024, #1351, #342 ) ) ;
#243 = ORIENTED_EDGE ( 'NONE', *, *, #216, .F. ) ;
#244 = CARTESIAN_POINT ( 'NONE',  ( 33.63530561777929506, 54.27958569903599795, 5.000000000000000000 ) ) ;
#245 = DIRECTION ( 'NONE',  ( -0.000000000000000000, -0.000000000000000000, 1.000000000000000000 ) ) ;
#246 = PLANE ( 'NONE',  #1455 ) ;
#247 = DIRECTION ( 'NONE',  ( -0.000000000000000000, 0.000000000000000000, 1.000000000000000000 ) ) ;
#248 = ORIENTED_EDGE ( 'NONE', *, *, #631, .T. ) ;
#249 = EDGE_CURVE ( 'NONE', #839, #1266, #717, .T. ) ;
#250 = ORIENTED_EDGE ( 'NONE', *, *, #1339, .F. ) ;
#251 = EDGE_CURVE ( 'NONE', #914, #1221, #836, .T. ) ;
#252 = DIRECTION ( 'NONE',  ( 0.000000000000000000, -1.000000000000000000, 0.000000000000000000 ) ) ;
#253 = DIRECTION ( 'NONE',  ( -0.000000000000000000, 1.000000000000000000, 0.000000000000000000 ) ) ;
#254 = DIRECTION ( 'NONE',  ( 1.000000000000000000, 0.000000000000000000, 0.000000000000000000 ) ) ;
#255 = ORIENTED_EDGE ( 'NONE', *, *, #778, .F. ) ;
#256 = VECTOR ( 'NONE', #470, 1000.000000000000000 ) ;
#257 = ORIENTED_EDGE ( 'NONE', *, *, #979, .F. ) ;
#258 = AXIS2_PLACEMENT_3D ( 'NONE', #65, #526, #300 ) ;
#259 =( BOUNDED_SURFACE ( )  B_SPLINE_SURFACE ( 2, 3, ( 
 ( #1364, #775, #561, #810 ),
 ( #660, #1472, #108, #1345 ),
 ( #1111, #1257, #330, #238 ) ),
 .UNSPECIFIED., .F., .F., .T. ) 
 B_SPLINE_SURFACE_WITH_KNOTS ( ( 3, 3 ),
 ( 4, 4 ),
 ( 0.000000000000000000, 1.000000000000000000 ),
 ( -0.0001000000000000000048, 0.002099999999999999870 ),
 .UNSPECIFIED. ) 
 GEOMETRIC_REPRESENTATION_ITEM ( )  RATIONAL_B_SPLINE_SURFACE ( (
 ( 1.000000000000000000, 1.000000000000000000, 1.000000000000000000, 1.000000000000000000),
 ( 0.7071067811865474617, 0.7071067811865474617, 0.7071067811865474617, 0.7071067811865474617),
 ( 1.000000000000000000, 1.000000000000000000, 1.000000000000000000, 1.000000000000000000) ) ) 
 REPRESENTATION_ITEM ( '' )  SURFACE ( )  );
#260 = CARTESIAN_POINT ( 'NONE',  ( 23.76284665593176726, 0.000000000000000000, 2.000000000000000000 ) ) ;
#261 = EDGE_CURVE ( 'NONE', #378, #1252, #1059, .T. ) ;
#262 = PLANE ( 'NONE',  #382 ) ;
#263 = CARTESIAN_POINT ( 'NONE',  ( -2.040125685172561099, 3.968327729650614977, 2.000000000000000000 ) ) ;
#264 = AXIS2_PLACEMENT_3D ( 'NONE', #1440, #185, #291 ) ;
#265 = VECTOR ( 'NONE', #1446, 1000.000000000000000 ) ;
#266 = VERTEX_POINT ( 'NONE', #711 ) ;
#267 = ORIENTED_EDGE ( 'NONE', *, *, #1093, .T. ) ;
#268 = FACE_OUTER_BOUND ( 'NONE', #1233, .T. ) ;
#269 = ADVANCED_FACE ( 'NONE', ( #1033 ), #144, .T. ) ;
#270 = CARTESIAN_POINT ( 'NONE',  ( 0.7570000000000001172, 11.75999999999999979, 1.000000000000000000 ) ) ;
#271 = ORIENTED_EDGE ( 'NONE', *, *, #1390, .F. ) ;
#272 = DIRECTION ( 'NONE',  ( 0.000000000000000000, -1.000000000000000000, 0.000000000000000000 ) ) ;
#273 = EDGE_LOOP ( 'NONE', ( #816, #817, #145, #909 ) ) ;
#274 = CARTESIAN_POINT ( 'NONE',  ( 2.007000000000000117, 11.75999999999999979, 5.000000000000000000 ) ) ;
#275 = CARTESIAN_POINT ( 'NONE',  ( 43.90927744908574226, 54.27958569903599795, 2.000000000000000000 ) ) ;
#276 = CARTESIAN_POINT ( 'NONE',  ( 59.62487521466801610, 63.97032663267740560, 2.000000000000000000 ) ) ;
#277 = CARTESIAN_POINT ( 'NONE',  ( 50.62487521466800899, 72.97032663101764172, 2.000000000000000000 ) ) ;
#278 = CARTESIAN_POINT ( 'NONE',  ( -2.040125685172561099, 65.97032663101764172, 2.000000000000000000 ) ) ;
#279 = VERTEX_POINT ( 'NONE', #483 ) ;
#280 = VECTOR ( 'NONE', #1336, 1000.000000000000000 ) ;
#281 = DIRECTION ( 'NONE',  ( -0.000000000000000000, -0.000000000000000000, -1.000000000000000000 ) ) ;
#282 = VECTOR ( 'NONE', #805, 1000.000000000000000 ) ;
#283 = DIRECTION ( 'NONE',  ( -0.9999896096461816652, -0.004558574303137204707, -0.000000000000000000 ) ) ;
#284 = DIRECTION ( 'NONE',  ( 1.000000000000000000, 0.000000000000000000, 0.000000000000000000 ) ) ;
#285 = ORIENTED_EDGE ( 'NONE', *, *, #156, .T. ) ;
#286 = MECHANICAL_DESIGN_GEOMETRIC_PRESENTATION_REPRESENTATION (  '', ( #1383 ), #861 ) ;
#287 = EDGE_CURVE ( 'NONE', #807, #966, #781, .T. ) ;
#288 = DIRECTION ( 'NONE',  ( 0.000000000000000000, -1.000000000000000000, 0.000000000000000000 ) ) ;
#289 = ORIENTED_EDGE ( 'NONE', *, *, #381, .F. ) ;
#290 = VECTOR ( 'NONE', #388, 1000.000000000000000 ) ;
#291 = DIRECTION ( 'NONE',  ( 0.000000000000000000, 0.000000000000000000, -1.000000000000000000 ) ) ;
#292 = DIRECTION ( 'NONE',  ( 0.000000000000000000, 0.000000000000000000, -1.000000000000000000 ) ) ;
#293 = DIRECTION ( 'NONE',  ( 0.000000000000000000, -0.000000000000000000, 1.000000000000000000 ) ) ;
#294 = VERTEX_POINT ( 'NONE', #1371 ) ;
#295 = CARTESIAN_POINT ( 'NONE',  ( 2.606999999999999762, 11.75999999999999979, 0.000000000000000000 ) ) ;
#296 = ORIENTED_EDGE ( 'NONE', *, *, #944, .T. ) ;
#297 = EDGE_CURVE ( 'NONE', #1052, #1102, #970, .T. ) ;
#298 = DIRECTION ( 'NONE',  ( -0.000000000000000000, -0.000000000000000000, 1.000000000000000000 ) ) ;
#299 = DIRECTION ( 'NONE',  ( 1.000000000000000000, 0.000000000000000000, 0.000000000000000000 ) ) ;
#300 = DIRECTION ( 'NONE',  ( 0.9999896895406394925, -0.004541014469855547166, 0.000000000000000000 ) ) ;
#301 = ORIENTED_EDGE ( 'NONE', *, *, #983, .T. ) ;
#302 = DIRECTION ( 'NONE',  ( 0.000000000000000000, 0.000000000000000000, 1.000000000000000000 ) ) ;
#303 = ORIENTED_EDGE ( 'NONE', *, *, #992, .T. ) ;
#304 = AXIS2_PLACEMENT_3D ( 'NONE', #1326, #1432, #855 ) ;
#305 = DIRECTION ( 'NONE',  ( -0.000000000000000000, -0.000000000000000000, 1.000000000000000000 ) ) ;
#306 = VECTOR ( 'NONE', #283, 1000.000000000000000 ) ;
#307 = CARTESIAN_POINT ( 'NONE',  ( 2.007000000000000117, 11.75999999999999979, 2.000000000000000000 ) ) ;
#308 = EDGE_CURVE ( 'NONE', #387, #398, #26, .T. ) ;
#309 = CARTESIAN_POINT ( 'NONE',  ( 55.57500000000000284, 23.16500000000000270, 0.000000000000000000 ) ) ;
#310 = VECTOR ( 'NONE', #933, 1000.000000000000000 ) ;
#311 = CARTESIAN_POINT ( 'NONE',  ( 4.295687810014245933, 64.51002608338107791, 0.000000000000000000 ) ) ;
#312 = FACE_BOUND ( 'NONE', #1011, .T. ) ;
#313 = ORIENTED_EDGE ( 'NONE', *, *, #1026, .T. ) ;
#314 = AXIS2_PLACEMENT_3D ( 'NONE', #576, #1135, #1022 ) ;
#315 = DIRECTION ( 'NONE',  ( -0.000000000000000000, -0.000000000000000000, 1.000000000000000000 ) ) ;
#316 = DIRECTION ( 'NONE',  ( -1.000000000000000000, 0.000000000000000000, 0.000000000000000000 ) ) ;
#317 = EDGE_CURVE ( 'NONE', #736, #279, #941, .T. ) ;
#318 = DIRECTION ( 'NONE',  ( -1.000000000000000000, 0.000000000000000000, 0.000000000000000000 ) ) ;
#319 = ORIENTED_EDGE ( 'NONE', *, *, #610, .F. ) ;
#320 = VERTEX_POINT ( 'NONE', #263 ) ;
#321 = CARTESIAN_POINT ( 'NONE',  ( 0.2940396020023327561, 64.75129561265622158, 2.000000000000000000 ) ) ;
#322 = LINE ( 'NONE', #93, #789 ) ;
#323 = FACE_OUTER_BOUND ( 'NONE', #438, .T. ) ;
#324 = DIRECTION ( 'NONE',  ( 0.000000000000000000, 0.000000000000000000, 1.000000000000000000 ) ) ;
#325 = EDGE_CURVE ( 'NONE', #1392, #1138, #859, .T. ) ;
#326 = ORIENTED_EDGE ( 'NONE', *, *, #24, .F. ) ;
#327 = ORIENTED_EDGE ( 'NONE', *, *, #509, .T. ) ;
#328 = PRODUCT_CONTEXT ( 'NONE', #688, 'mechanical' ) ;
#329 = DIRECTION ( 'NONE',  ( 0.000000000000000000, 1.000000000000000000, 0.000000000000000000 ) ) ;
#330 = CARTESIAN_POINT ( 'NONE',  ( 59.62487521466801610, 63.97032663101764882, 0.6333333333333334147 ) ) ;
#331 = AXIS2_PLACEMENT_3D ( 'NONE', #990, #302, #757 ) ;
#332 = LINE ( 'NONE', #1356, #66 ) ;
#333 = VECTOR ( 'NONE', #54, 1000.000000000000114 ) ;
#334 = CARTESIAN_POINT ( 'NONE',  ( 59.62487521466801610, 63.97032663267740560, 0.000000000000000000 ) ) ;
#335 = ORIENTED_EDGE ( 'NONE', *, *, #297, .F. ) ;
#336 = ORIENTED_EDGE ( 'NONE', *, *, #1055, .T. ) ;
#337 = EDGE_CURVE ( 'NONE', #1025, #504, #1211, .T. ) ;
#338 = CARTESIAN_POINT ( 'NONE',  ( 56.82500000000000284, 23.16500000000000270, 1.000000000000000000 ) ) ;
#339 = PLANE ( 'NONE',  #617 ) ;
#340 = DIRECTION ( 'NONE',  ( -6.754782494982536027E-16, -1.000000000000000000, 0.000000000000000000 ) ) ;
#341 = VERTEX_POINT ( 'NONE', #1321 ) ;
#342 = ORIENTED_EDGE ( 'NONE', *, *, #337, .F. ) ;
#343 = APPLICATION_PROTOCOL_DEFINITION ( 'draft international standard', 'automotive_design', 1998, #697 ) ;
#344 = CARTESIAN_POINT ( 'NONE',  ( 54.32499999999999574, 23.16500000000000270, 1.000000000000000000 ) ) ;
#345 = CARTESIAN_POINT ( 'NONE',  ( 24.15654994109765852, 64.51002608338107791, 0.000000000000000000 ) ) ;
#346 = EDGE_CURVE ( 'NONE', #1045, #106, #1324, .T. ) ;
#347 = PLANE ( 'NONE',  #903 ) ;
#348 = PLANE ( 'NONE',  #86 ) ;
#349 = VERTEX_POINT ( 'NONE', #638 ) ;
#350 = DIRECTION ( 'NONE',  ( -0.000000000000000000, -0.000000000000000000, 1.000000000000000000 ) ) ;
#351 = DIRECTION ( 'NONE',  ( 1.000000000000000000, 0.000000000000000000, 0.000000000000000000 ) ) ;
#352 = ADVANCED_FACE ( 'NONE', ( #510 ), #739, .T. ) ;
#353 = AXIS2_PLACEMENT_3D ( 'NONE', #1474, #110, #564 ) ;
#354 = DIRECTION ( 'NONE',  ( 1.000000000000000000, 1.190150494030309773E-16, -0.000000000000000000 ) ) ;
#355 = VECTOR ( 'NONE', #107, 1000.000000000000000 ) ;
#356 = CIRCLE ( 'NONE', #760, 1.250000000000007994 ) ;
#357 = VERTEX_POINT ( 'NONE', #624 ) ;
#358 = EDGE_LOOP ( 'NONE', ( #1317, #529, #878, #1057 ) ) ;
#359 = DIRECTION ( 'NONE',  ( 1.000000000000000000, 0.000000000000000000, 0.000000000000000000 ) ) ;
#360 = DIRECTION ( 'NONE',  ( 0.000000000000000000, 0.000000000000000000, -1.000000000000000000 ) ) ;
#361 = ADVANCED_FACE ( 'NONE', ( #419 ), #762, .F. ) ;
#362 = CARTESIAN_POINT ( 'NONE',  ( 34.03681848723820735, 14.60512789323294136, 5.000000000000000000 ) ) ;
#363 = CIRCLE ( 'NONE', #1285, 0.5999999999999998668 ) ;
#364 = VERTEX_POINT ( 'NONE', #57 ) ;
#365 = ORIENTED_EDGE ( 'NONE', *, *, #604, .T. ) ;
#366 = CYLINDRICAL_SURFACE ( 'NONE', #138, 1.250000000000001110 ) ;
#367 = DIRECTION ( 'NONE',  ( 0.000000000000000000, -0.000000000000000000, 1.000000000000000000 ) ) ;
#368 = LINE ( 'NONE', #1411, #948 ) ;
#369 = CARTESIAN_POINT ( 'NONE',  ( 33.63530561777929506, 54.27958569903599795, 0.000000000000000000 ) ) ;
#370 = ORIENTED_EDGE ( 'NONE', *, *, #261, .T. ) ;
#371 = ADVANCED_FACE ( 'NONE', ( #1097 ), #1074, .T. ) ;
#372 = VERTEX_POINT ( 'NONE', #72 ) ;
#373 = PLANE ( 'NONE',  #433 ) ;
#374 = CARTESIAN_POINT ( 'NONE',  ( 43.90927744908574226, 54.27958569903599795, 0.000000000000000000 ) ) ;
#375 = DIRECTION ( 'NONE',  ( 0.000000000000000000, 0.000000000000000000, -1.000000000000000000 ) ) ;
#376 = AXIS2_PLACEMENT_3D ( 'NONE', #815, #821, #1272 ) ;
#377 = VECTOR ( 'NONE', #919, 1000.000000000000000 ) ;
#378 = VERTEX_POINT ( 'NONE', #1290 ) ;
#379 = VECTOR ( 'NONE', #547, 1000.000000000000000 ) ;
#380 = ORIENTED_EDGE ( 'NONE', *, *, #109, .T. ) ;
#381 = EDGE_CURVE ( 'NONE', #294, #1221, #754, .T. ) ;
#382 = AXIS2_PLACEMENT_3D ( 'NONE', #716, #1161, #149 ) ;
#383 = LINE ( 'NONE', #1284, #117 ) ;
#384 = CARTESIAN_POINT ( 'NONE',  ( 58.43122970136481342, 68.49054675032820683, -0.000000000000000000 ) ) ;
#385 = ORIENTED_EDGE ( 'NONE', *, *, #1038, .T. ) ;
#386 = AXIS2_PLACEMENT_3D ( 'NONE', #552, #675, #1 ) ;
#387 = VERTEX_POINT ( 'NONE', #275 ) ;
#388 = DIRECTION ( 'NONE',  ( -0.000000000000000000, -0.000000000000000000, 1.000000000000000000 ) ) ;
#389 = CARTESIAN_POINT ( 'NONE',  ( 57.40795789421725459, 69.91552965887098026, -0.000000000000000000 ) ) ;
#390 = DIRECTION ( 'NONE',  ( 0.000000000000000000, 0.000000000000000000, -1.000000000000000000 ) ) ;
#391 = DIRECTION ( 'NONE',  ( 0.000000000000000000, -0.000000000000000000, -1.000000000000000000 ) ) ;
#392 = EDGE_LOOP ( 'NONE', ( #1063, #467, #1123, #243 ) ) ;
#393 = DIRECTION ( 'NONE',  ( 0.000000000000000000, -1.000000000000000000, 0.000000000000000000 ) ) ;
#394 = CARTESIAN_POINT ( 'NONE',  ( 4.959874314827438901, 72.97032663101764172, 0.000000000000000000 ) ) ;
#395 = CARTESIAN_POINT ( 'NONE',  ( 43.90927744908574226, 54.27958569903599795, 0.000000000000000000 ) ) ;
#396 = ORIENTED_EDGE ( 'NONE', *, *, #1267, .T. ) ;
#397 = EDGE_CURVE ( 'NONE', #574, #320, #727, .T. ) ;
#398 = VERTEX_POINT ( 'NONE', #1297 ) ;
#399 = CARTESIAN_POINT ( 'NONE',  ( 14.31641524791677433, 4.331477447866618924, 5.000000000000000000 ) ) ;
#400 = EDGE_LOOP ( 'NONE', ( #1361, #1405, #20, #36 ) ) ;
#401 = AXIS2_PLACEMENT_3D ( 'NONE', #645, #1417, #427 ) ;
#402 = DIRECTION ( 'NONE',  ( 0.000000000000000000, 0.000000000000000000, -1.000000000000000000 ) ) ;
#403 = VECTOR ( 'NONE', #1037, 1000.000000000000000 ) ;
#404 = LINE ( 'NONE', #1306, #1227 ) ;
#405 = VECTOR ( 'NONE', #678, 1000.000000000000000 ) ;
#406 = DIRECTION ( 'NONE',  ( 0.000000000000000000, 0.000000000000000000, -1.000000000000000000 ) ) ;
#407 = EDGE_CURVE ( 'NONE', #938, #914, #615, .T. ) ;
#408 = CARTESIAN_POINT ( 'NONE',  ( 50.62487521466801610, 72.97032663101764172, 0.000000000000000000 ) ) ;
#409 = EDGE_CURVE ( 'NONE', #364, #801, #412, .T. ) ;
#410 = VERTEX_POINT ( 'NONE', #394 ) ;
#411 = CARTESIAN_POINT ( 'NONE',  ( 52.61861762116811292, -3.031672270349378806, 2.000000000000000000 ) ) ;
#412 = LINE ( 'NONE', #1067, #1451 ) ;
#413 = LINE ( 'NONE', #1443, #690 ) ;
#414 = FACE_BOUND ( 'NONE', #1046, .T. ) ;
#415 = LINE ( 'NONE', #1309, #523 ) ;
#416 = EDGE_LOOP ( 'NONE', ( #1456, #1188, #626, #537, #829, #380, #532, #48 ) ) ;
#417 = EDGE_CURVE ( 'NONE', #1095, #378, #852, .T. ) ;
#418 = CYLINDRICAL_SURFACE ( 'NONE', #503, 7.000000000000000000 ) ;
#419 = FACE_OUTER_BOUND ( 'NONE', #1006, .T. ) ;
#420 = PLANE ( 'NONE',  #1179 ) ;
#421 = VERTEX_POINT ( 'NONE', #1426 ) ;
#422 = LINE ( 'NONE', #205, #712 ) ;
#423 = ORIENTED_EDGE ( 'NONE', *, *, #830, .T. ) ;
#424 = DIRECTION ( 'NONE',  ( -1.000000000000000000, 0.000000000000000000, 0.000000000000000000 ) ) ;
#425 = EDGE_CURVE ( 'NONE', #1108, #938, #404, .T. ) ;
#426 = VECTOR ( 'NONE', #187, 1000.000000000000000 ) ;
#427 = DIRECTION ( 'NONE',  ( -0.9999999939505700430, -0.0001099948173134468384, 0.000000000000000000 ) ) ;
#428 = CARTESIAN_POINT ( 'NONE',  ( 58.48376892740926536, 68.51566409437234029, 2.000000000000000000 ) ) ;
#429 = VECTOR ( 'NONE', #587, 1000.000000000000000 ) ;
#430 = FACE_OUTER_BOUND ( 'NONE', #929, .T. ) ;
#431 = DIRECTION ( 'NONE',  ( 0.000000000000000000, 0.000000000000000000, -1.000000000000000000 ) ) ;
#432 = ORIENTED_EDGE ( 'NONE', *, *, #832, .T. ) ;
#433 = AXIS2_PLACEMENT_3D ( 'NONE', #1277, #1058, #367 ) ;
#434 = CARTESIAN_POINT ( 'NONE',  ( 53.42468767129887652, 64.51002608338107791, 0.000000000000000000 ) ) ;
#435 = LINE ( 'NONE', #1249, #953 ) ;
#436 = PLANE ( 'NONE',  #1274 ) ;
#437 = DIRECTION ( 'NONE',  ( 0.000000000000000000, 0.000000000000000000, 1.000000000000000000 ) ) ;
#438 = EDGE_LOOP ( 'NONE', ( #519, #1087 ) ) ;
#439 = DIRECTION ( 'NONE',  ( -1.000000000000000000, -0.000000000000000000, -0.000000000000000000 ) ) ;
#440 = FACE_OUTER_BOUND ( 'NONE', #543, .T. ) ;
#441 = LINE ( 'NONE', #813, #282 ) ;
#442 = EDGE_CURVE ( 'NONE', #1221, #1099, #630, .T. ) ;
#443 = CARTESIAN_POINT ( 'NONE',  ( 2.007000000000000117, 11.75999999999999979, 1.000000000000000000 ) ) ;
#444 = VERTEX_POINT ( 'NONE', #525 ) ;
#445 = VERTEX_POINT ( 'NONE', #976 ) ;
#446 = ORIENTED_EDGE ( 'NONE', *, *, #1353, .F. ) ;
#447 = CIRCLE ( 'NONE', #230, 7.000000000000000000 ) ;
#448 = LINE ( 'NONE', #338, #1040 ) ;
#449 = SURFACE_SIDE_STYLE ('',( #218 ) ) ;
#450 = VECTOR ( 'NONE', #1003, 1000.000000000000000 ) ;
#451 = DIRECTION ( 'NONE',  ( 0.000000000000000000, 0.000000000000000000, -1.000000000000000000 ) ) ;
#452 = ORIENTED_EDGE ( 'NONE', *, *, #251, .T. ) ;
#453 = ORIENTED_EDGE ( 'NONE', *, *, #1143, .F. ) ;
#454 = EDGE_CURVE ( 'NONE', #183, #1414, #592, .T. ) ;
#455 = FACE_BOUND ( 'NONE', #808, .T. ) ;
#456 = CIRCLE ( 'NONE', #1214, 0.6000000000000033085 ) ;
#457 = CARTESIAN_POINT ( 'NONE',  ( 34.97599999999999909, 67.89399999999999125, 2.000000000000000000 ) ) ;
#458 = PRODUCT_DEFINITION_CONTEXT ( 'detailed design', #697, 'design' ) ;
#459 = DIRECTION ( 'NONE',  ( -1.000000000000000000, 0.000000000000000000, 0.000000000000000000 ) ) ;
#460 = ORIENTED_EDGE ( 'NONE', *, *, #597, .T. ) ;
#461 = VERTEX_POINT ( 'NONE', #535 ) ;
#462 = EDGE_CURVE ( 'NONE', #1138, #504, #1442, .T. ) ;
#463 = DIRECTION ( 'NONE',  ( 0.000000000000000000, 0.000000000000000000, -1.000000000000000000 ) ) ;
#464 = CARTESIAN_POINT ( 'NONE',  ( 35.57600000000000051, 67.89399999999999125, 5.000000000000000000 ) ) ;
#465 = DIRECTION ( 'NONE',  ( 1.000000000000000000, -0.000000000000000000, 0.000000000000000000 ) ) ;
#466 = DIRECTION ( 'NONE',  ( 1.000000000000000000, 0.000000000000000000, 0.000000000000000000 ) ) ;
#467 = ORIENTED_EDGE ( 'NONE', *, *, #588, .T. ) ;
#468 = ORIENTED_EDGE ( 'NONE', *, *, #1311, .T. ) ;
#469 = VERTEX_POINT ( 'NONE', #1021 ) ;
#470 = DIRECTION ( 'NONE',  ( 0.000000000000000000, 0.000000000000000000, -1.000000000000000000 ) ) ;
#471 = ADVANCED_FACE ( 'NONE', ( #1471 ), #2, .T. ) ;
#472 = CARTESIAN_POINT ( 'NONE',  ( -0.2935687040742209208, 64.39856724271974997, 2.000000000000000000 ) ) ;
#473 = DIRECTION ( 'NONE',  ( 1.000000000000000000, 0.000000000000000000, 0.000000000000000000 ) ) ;
#474 = DIRECTION ( 'NONE',  ( 0.000000000000000000, 0.000000000000000000, -1.000000000000000000 ) ) ;
#475 = AXIS2_PLACEMENT_3D ( 'NONE', #809, #350, #359 ) ;
#476 = ORIENTED_EDGE ( 'NONE', *, *, #1292, .F. ) ;
#477 = AXIS2_PLACEMENT_3D ( 'NONE', #969, #1075, #59 ) ;
#478 = ORIENTED_EDGE ( 'NONE', *, *, #337, .T. ) ;
#479 = FACE_OUTER_BOUND ( 'NONE', #242, .T. ) ;
#480 = CARTESIAN_POINT ( 'NONE',  ( 52.61861762116811292, -3.031672270349378806, 0.000000000000000000 ) ) ;
#481 = CARTESIAN_POINT ( 'NONE',  ( 59.62487521466803031, 65.16679794830704964, -0.000000000000000000 ) ) ;
#482 = EDGE_CURVE ( 'NONE', #920, #349, #911, .T. ) ;
#483 = CARTESIAN_POINT ( 'NONE',  ( 43.90927744908574226, 14.60512789323294136, 0.000000000000000000 ) ) ;
#484 = ORIENTED_EDGE ( 'NONE', *, *, #872, .T. ) ;
#485 = VERTEX_POINT ( 'NONE', #344 ) ;
#486 = CARTESIAN_POINT ( 'NONE',  ( 4.959874314827438013, 3.968327729650614977, 0.000000000000000000 ) ) ;
#487 = DIRECTION ( 'NONE',  ( -0.000000000000000000, -1.000000000000000000, -0.000000000000000000 ) ) ;
#488 = CARTESIAN_POINT ( 'NONE',  ( 0.000000000000000000, 54.27958569903599795, 2.000000000000000000 ) ) ;
#489 = EDGE_CURVE ( 'NONE', #1142, #1095, #811, .T. ) ;
#490 = VERTEX_POINT ( 'NONE', #659 ) ;
#491 = EDGE_LOOP ( 'NONE', ( #865, #595, #613, #319 ) ) ;
#492 = DIRECTION ( 'NONE',  ( 0.000000000000000000, 0.000000000000000000, -1.000000000000000000 ) ) ;
#493 = CARTESIAN_POINT ( 'NONE',  ( 34.97599999999999909, 67.89399999999999125, 0.000000000000000000 ) ) ;
#494 = CIRCLE ( 'NONE', #376, 7.000000000000000000 ) ;
#495 = AXIS2_PLACEMENT_3D ( 'NONE', #78, #541, #994 ) ;
#496 = VERTEX_POINT ( 'NONE', #1234 ) ;
#497 = VECTOR ( 'NONE', #912, 1000.000000000000000 ) ;
#498 = ORIENTED_EDGE ( 'NONE', *, *, #1300, .F. ) ;
#499 = VECTOR ( 'NONE', #360, 1000.000000000000000 ) ;
#500 = CARTESIAN_POINT ( 'NONE',  ( 43.90927744908574226, 64.55323614440233371, 5.000000000000000000 ) ) ;
#501 = LINE ( 'NONE', #38, #1178 ) ;
#502 = VECTOR ( 'NONE', #1464, 1000.000000000000000 ) ;
#503 = AXIS2_PLACEMENT_3D ( 'NONE', #1088, #1193, #424 ) ;
#504 = VERTEX_POINT ( 'NONE', #1118 ) ;
#505 = DIRECTION ( 'NONE',  ( 0.000000000000000000, -1.000000000000000000, 0.000000000000000000 ) ) ;
#506 = ADVANCED_BREP_SHAPE_REPRESENTATION ( 'cubit2_bottom_enclosure', ( #1236, #386 ), #197 ) ;
#507 = EDGE_LOOP ( 'NONE', ( #749, #220, #958, #902 ) ) ;
#508 = DIRECTION ( 'NONE',  ( -0.000000000000000000, -0.000000000000000000, 1.000000000000000000 ) ) ;
#509 = EDGE_CURVE ( 'NONE', #1035, #227, #684, .T. ) ;
#510 = FACE_OUTER_BOUND ( 'NONE', #682, .T. ) ;
#511 = CARTESIAN_POINT ( 'NONE',  ( 56.57007824253705763, 70.75340931055421834, 2.000000000000000000 ) ) ;
#512 = ORIENTED_EDGE ( 'NONE', *, *, #1390, .T. ) ;
#513 = DIRECTION ( 'NONE',  ( 0.000000000000000000, -0.000000000000000000, -1.000000000000000000 ) ) ;
#514 = ORIENTED_EDGE ( 'NONE', *, *, #1038, .F. ) ;
#515 = CARTESIAN_POINT ( 'NONE',  ( 1.407000000000000250, 11.75999999999999979, 1.000000000000000000 ) ) ;
#516 = EDGE_CURVE ( 'NONE', #558, #41, #774, .T. ) ;
#517 = DIRECTION ( 'NONE',  ( 1.000000000000000000, 0.000000000000000000, 0.000000000000000000 ) ) ;
#518 = CYLINDRICAL_SURFACE ( 'NONE', #1279, 0.6000000000000033085 ) ;
#519 = ORIENTED_EDGE ( 'NONE', *, *, #287, .T. ) ;
#520 = CIRCLE ( 'NONE', #304, 1.250000000000007994 ) ;
#521 = FACE_OUTER_BOUND ( 'NONE', #1295, .T. ) ;
#522 = ORIENTED_EDGE ( 'NONE', *, *, #555, .T. ) ;
#523 = VECTOR ( 'NONE', #1106, 1000.000000000000000 ) ;
#524 = CARTESIAN_POINT ( 'NONE',  ( 55.57500000000000284, 23.16500000000000270, 1.000000000000000000 ) ) ;
#525 = CARTESIAN_POINT ( 'NONE',  ( 35.57600000000000051, 67.89399999999999125, 1.000000000000000000 ) ) ;
#526 = DIRECTION ( 'NONE',  ( -0.004541014469855548033, -0.9999896895406396036, 0.000000000000000000 ) ) ;
#527 = ORIENTED_EDGE ( 'NONE', *, *, #572, .F. ) ;
#528 = ADVANCED_FACE ( 'NONE', ( #455, #1330, #1248, #84, #1222 ), #894, .T. ) ;
#529 = ORIENTED_EDGE ( 'NONE', *, *, #1339, .T. ) ;
#530 = DIRECTION ( 'NONE',  ( 0.000000000000000000, 0.000000000000000000, -1.000000000000000000 ) ) ;
#531 = VECTOR ( 'NONE', #245, 1000.000000000000000 ) ;
#532 = ORIENTED_EDGE ( 'NONE', *, *, #204, .T. ) ;
#533 = LINE ( 'NONE', #1200, #642 ) ;
#534 = ORIENTED_EDGE ( 'NONE', *, *, #1250, .T. ) ;
#535 = CARTESIAN_POINT ( 'NONE',  ( -2.040125685172561099, 3.968327729650625191, 0.000000000000000000 ) ) ;
#536 = DIRECTION ( 'NONE',  ( 0.000000000000000000, 0.000000000000000000, 1.000000000000000000 ) ) ;
#537 = ORIENTED_EDGE ( 'NONE', *, *, #1119, .T. ) ;
#538 = EDGE_CURVE ( 'NONE', #266, #920, #786, .T. ) ;
#539 = EDGE_LOOP ( 'NONE', ( #285, #534, #1397, #666 ) ) ;
#540 = FACE_OUTER_BOUND ( 'NONE', #221, .T. ) ;
#541 = DIRECTION ( 'NONE',  ( 0.004558574303137204707, -0.9999896096461816652, 0.000000000000000000 ) ) ;
#542 = LINE ( 'NONE', #188, #1379 ) ;
#543 = EDGE_LOOP ( 'NONE', ( #1366, #1189, #1360, #633 ) ) ;
#544 = PLANE ( 'NONE',  #1477 ) ;
#545 = ORIENTED_EDGE ( 'NONE', *, *, #580, .F. ) ;
#546 = AXIS2_PLACEMENT_3D ( 'NONE', #866, #1313, #299 ) ;
#547 = DIRECTION ( 'NONE',  ( 0.000000000000000000, 0.000000000000000000, -1.000000000000000000 ) ) ;
#548 = CARTESIAN_POINT ( 'NONE',  ( 2.007000000000000117, 11.75999999999999979, 0.000000000000000000 ) ) ;
#549 = PLANE ( 'NONE',  #900 ) ;
#550 = EDGE_LOOP ( 'NONE', ( #453, #13, #972, #1209 ) ) ;
#551 = VECTOR ( 'NONE', #10, 1000.000000000000000 ) ;
#552 = CARTESIAN_POINT ( 'NONE',  ( 0.000000000000000000, 0.000000000000000000, 0.000000000000000000 ) ) ;
#553 = VECTOR ( 'NONE', #1150, 1000.000000000000000 ) ;
#554 = CARTESIAN_POINT ( 'NONE',  ( 59.62487521466801610, 63.97032663101764882, 0.6666666666666669627 ) ) ;
#555 = EDGE_CURVE ( 'NONE', #945, #485, #87, .T. ) ;
#556 = DIRECTION ( 'NONE',  ( -1.000000000000000000, -1.239088204094989693E-16, 0.000000000000000000 ) ) ;
#557 = DIRECTION ( 'NONE',  ( 0.000000000000000000, -0.000000000000000000, -1.000000000000000000 ) ) ;
#558 = VERTEX_POINT ( 'NONE', #767 ) ;
#559 = VERTEX_POINT ( 'NONE', #887 ) ;
#560 = CARTESIAN_POINT ( 'NONE',  ( 59.62487521466801610, 63.97032663101764882, 1.333333333333333925 ) ) ;
#561 = CARTESIAN_POINT ( 'NONE',  ( 50.62487521466800899, 72.97032663101764172, 0.6333333333333334147 ) ) ;
#562 = EDGE_CURVE ( 'NONE', #1282, #1478, #217, .T. ) ;
#563 = CARTESIAN_POINT ( 'NONE',  ( 34.97599999999999909, 67.89399999999999125, 1.000000000000000000 ) ) ;
#564 = DIRECTION ( 'NONE',  ( 0.000000000000000000, 0.000000000000000000, -1.000000000000000000 ) ) ;
#565 = ORIENTED_EDGE ( 'NONE', *, *, #198, .F. ) ;
#566 = ORIENTED_EDGE ( 'NONE', *, *, #1419, .F. ) ;
#567 = EDGE_LOOP ( 'NONE', ( #1144, #800, #29, #1170 ) ) ;
#568 = CARTESIAN_POINT ( 'NONE',  ( 13.88257810979120777, 64.51002608338107791, 0.000000000000000000 ) ) ;
#569 =( LENGTH_UNIT ( ) NAMED_UNIT ( * ) SI_UNIT ( .MILLI., .METRE. ) );
#570 = CIRCLE ( 'NONE', #1402, 0.6000000000000033085 ) ;
#571 = DIRECTION ( 'NONE',  ( 0.000000000000000000, 0.000000000000000000, -1.000000000000000000 ) ) ;
#572 = EDGE_CURVE ( 'NONE', #920, #1254, #1457, .T. ) ;
#573 = EDGE_LOOP ( 'NONE', ( #901, #98, #586, #1019 ) ) ;
#574 = VERTEX_POINT ( 'NONE', #1124 ) ;
#575 = CARTESIAN_POINT ( 'NONE',  ( 55.57500000000000284, 23.16500000000000270, 1.000000000000000000 ) ) ;
#576 = CARTESIAN_POINT ( 'NONE',  ( 34.97599999999999909, 67.89399999999999125, 5.000000000000000000 ) ) ;
#577 = VECTOR ( 'NONE', #1387, 1000.000000000000000 ) ;
#578 = DIRECTION ( 'NONE',  ( 1.000000000000000000, 0.000000000000000000, 0.000000000000000000 ) ) ;
#579 = VERTEX_POINT ( 'NONE', #651 ) ;
#580 = EDGE_CURVE ( 'NONE', #112, #134, #167, .T. ) ;
#581 = DIRECTION ( 'NONE',  ( 1.000000000000000000, 0.000000000000000000, 0.000000000000000000 ) ) ;
#582 = DIRECTION ( 'NONE',  ( -0.000000000000000000, -0.000000000000000000, -1.000000000000000000 ) ) ;
#583 = DIRECTION ( 'NONE',  ( -0.000000000000000000, -0.000000000000000000, -1.000000000000000000 ) ) ;
#584 = CARTESIAN_POINT ( 'NONE',  ( 43.90927744908574226, 54.27958569903599795, 5.000000000000000000 ) ) ;
#585 = ORIENTED_EDGE ( 'NONE', *, *, #1466, .T. ) ;
#586 = ORIENTED_EDGE ( 'NONE', *, *, #8, .T. ) ;
#587 = DIRECTION ( 'NONE',  ( 0.000000000000000000, 0.000000000000000000, -1.000000000000000000 ) ) ;
#588 = EDGE_CURVE ( 'NONE', #1172, #1266, #1007, .T. ) ;
#589 = LINE ( 'NONE', #955, #1325 ) ;
#590 = AXIS2_PLACEMENT_3D ( 'NONE', #443, #663, #5 ) ;
#591 = CARTESIAN_POINT ( 'NONE',  ( 34.37599999999999767, 67.89399999999999125, 0.000000000000000000 ) ) ;
#592 = CIRCLE ( 'NONE', #546, 1.250000000000001110 ) ;
#593 = VECTOR ( 'NONE', #611, 1000.000000000000000 ) ;
#594 = ORIENTED_EDGE ( 'NONE', *, *, #442, .T. ) ;
#595 = ORIENTED_EDGE ( 'NONE', *, *, #1369, .T. ) ;
#596 = EDGE_LOOP ( 'NONE', ( #1163, #6, #886, #476 ) ) ;
#597 = EDGE_CURVE ( 'NONE', #801, #41, #222, .T. ) ;
#598 = DIRECTION ( 'NONE',  ( -1.000000000000000000, -0.000000000000000000, -0.000000000000000000 ) ) ;
#599 = CARTESIAN_POINT ( 'NONE',  ( 34.03681848723820735, 4.331477447866618924, 0.000000000000000000 ) ) ;
#600 = ORIENTED_EDGE ( 'NONE', *, *, #249, .T. ) ;
#601 = ORIENTED_EDGE ( 'NONE', *, *, #983, .F. ) ;
#602 = CARTESIAN_POINT ( 'NONE',  ( 56.17500000000000426, 23.16500000000000270, 0.000000000000000000 ) ) ;
#603 = DIRECTION ( 'NONE',  ( -0.0001042891155878002536, -0.9999999945618901487, 0.000000000000000000 ) ) ;
#604 = EDGE_CURVE ( 'NONE', #893, #349, #99, .T. ) ;
#605 = EDGE_LOOP ( 'NONE', ( #522, #915 ) ) ;
#606 = ORIENTED_EDGE ( 'NONE', *, *, #832, .F. ) ;
#607 =( NAMED_UNIT ( * ) PLANE_ANGLE_UNIT ( ) SI_UNIT ( $, .RADIAN. ) );
#608 = CARTESIAN_POINT ( 'NONE',  ( 51.81809716634510465, 72.97032663101765593, -0.000000000000000000 ) ) ;
#609 = ORIENTED_EDGE ( 'NONE', *, *, #1151, .F. ) ;
#610 = EDGE_CURVE ( 'NONE', #945, #1414, #448, .T. ) ;
#611 = DIRECTION ( 'NONE',  ( 0.000000000000000000, 1.000000000000000000, 0.000000000000000000 ) ) ;
#612 = VECTOR ( 'NONE', #1101, 1000.000000000000000 ) ;
#613 = ORIENTED_EDGE ( 'NONE', *, *, #454, .T. ) ;
#614 = LINE ( 'NONE', #871, #1359 ) ;
#615 = LINE ( 'NONE', #1186, #1039 ) ;
#616 = CARTESIAN_POINT ( 'NONE',  ( 59.39549562582102027, 66.31730328827826781, -0.000000000000000000 ) ) ;
#617 = AXIS2_PLACEMENT_3D ( 'NONE', #1244, #804, #556 ) ;
#618 = CARTESIAN_POINT ( 'NONE',  ( 50.62487521466800189, 72.97032663101764172, 0.6666666666666666297 ) ) ;
#619 = PLANE ( 'NONE',  #924 ) ;
#620 = ORIENTED_EDGE ( 'NONE', *, *, #610, .T. ) ;
#621 = ADVANCED_FACE ( 'NONE', ( #677 ), #366, .F. ) ;
#622 = DIRECTION ( 'NONE',  ( -0.000000000000000000, -0.000000000000000000, 1.000000000000000000 ) ) ;
#623 = EDGE_CURVE ( 'NONE', #793, #1252, #1386, .T. ) ;
#624 = CARTESIAN_POINT ( 'NONE',  ( 23.76284665593176726, 14.60512789323294136, 2.000000000000000000 ) ) ;
#625 = CARTESIAN_POINT ( 'NONE',  ( 14.31641524791677433, 14.60512789323294136, 2.000000000000000000 ) ) ;
#626 = ORIENTED_EDGE ( 'NONE', *, *, #40, .T. ) ;
#627 = DIRECTION ( 'NONE',  ( 6.754782494982536027E-16, 1.000000000000000000, 0.000000000000000000 ) ) ;
#628 = ORIENTED_EDGE ( 'NONE', *, *, #232, .F. ) ;
#629 = FACE_OUTER_BOUND ( 'NONE', #713, .T. ) ;
#630 = LINE ( 'NONE', #1081, #135 ) ;
#631 = EDGE_CURVE ( 'NONE', #938, #294, #931, .T. ) ;
#632 = FACE_OUTER_BOUND ( 'NONE', #358, .T. ) ;
#633 = ORIENTED_EDGE ( 'NONE', *, *, #1458, .T. ) ;
#634 = VECTOR ( 'NONE', #459, 1000.000000000000000 ) ;
#635 = ORIENTED_EDGE ( 'NONE', *, *, #580, .T. ) ;
#636 = VECTOR ( 'NONE', #96, 1000.000000000000000 ) ;
#637 = LINE ( 'NONE', #761, #930 ) ;
#638 = CARTESIAN_POINT ( 'NONE',  ( 53.42468767129887652, 64.51002608338107791, 0.000000000000000000 ) ) ;
#639 = DIRECTION ( 'NONE',  ( 0.000000000000000000, -1.000000000000000000, 0.000000000000000000 ) ) ;
#640 = EDGE_CURVE ( 'NONE', #1094, #1479, #1452, .T. ) ;
#641 = CARTESIAN_POINT ( 'NONE',  ( 50.62487521466800189, 72.97032663101764172, 1.333333333333333481 ) ) ;
#642 = VECTOR ( 'NONE', #508, 1000.000000000000000 ) ;
#643 = ORIENTED_EDGE ( 'NONE', *, *, #425, .F. ) ;
#644 = FACE_OUTER_BOUND ( 'NONE', #1051, .T. ) ;
#645 = CARTESIAN_POINT ( 'NONE',  ( 34.03681848723820735, 4.331477447866618924, 5.000000000000000000 ) ) ;
#646 = DIRECTION ( 'NONE',  ( 1.000000000000000000, 0.000000000000000000, 0.000000000000000000 ) ) ;
#647 = PRODUCT_DEFINITION ( 'UNKNOWN', '', #957, #458 ) ;
#648 = ORIENTED_EDGE ( 'NONE', *, *, #1073, .F. ) ;
#649 = CARTESIAN_POINT ( 'NONE',  ( 33.63530561777929506, 64.55323614440233371, 0.000000000000000000 ) ) ;
#650 = EDGE_LOOP ( 'NONE', ( #71, #1092, #1445, #91 ) ) ;
#651 = CARTESIAN_POINT ( 'NONE',  ( 4.295687810014245933, 14.60512789323294136, 2.000000000000000000 ) ) ;
#652 = CARTESIAN_POINT ( 'NONE',  ( 14.31641524791677433, 14.60512789323294136, 5.000000000000000000 ) ) ;
#653 = CARTESIAN_POINT ( 'NONE',  ( 34.97599999999999909, 67.89399999999999125, 1.000000000000000000 ) ) ;
#654 = LINE ( 'NONE', #649, #612 ) ;
#655 = ORIENTED_EDGE ( 'NONE', *, *, #397, .F. ) ;
#656 = EDGE_CURVE ( 'NONE', #1468, #372, #812, .T. ) ;
#657 = VECTOR ( 'NONE', #756, 1000.000000000000000 ) ;
#658 = ORIENTED_EDGE ( 'NONE', *, *, #67, .T. ) ;
#659 = CARTESIAN_POINT ( 'NONE',  ( 35.57600000000000051, 67.89399999999999125, 0.000000000000000000 ) ) ;
#660 = CARTESIAN_POINT ( 'NONE',  ( 59.62487521466800899, 72.97032663101764172, 2.100000000000000089 ) ) ;
#661 = AXIS2_PLACEMENT_3D ( 'NONE', #1256, #505, #391 ) ;
#662 = AXIS2_PLACEMENT_3D ( 'NONE', #493, #1388, #721 ) ;
#663 = DIRECTION ( 'NONE',  ( 0.000000000000000000, 0.000000000000000000, 1.000000000000000000 ) ) ;
#664 = LINE ( 'NONE', #212, #1255 ) ;
#665 = ORIENTED_EDGE ( 'NONE', *, *, #1181, .F. ) ;
#666 = ORIENTED_EDGE ( 'NONE', *, *, #597, .F. ) ;
#667 = EDGE_CURVE ( 'NONE', #341, #736, #724, .T. ) ;
#668 = VERTEX_POINT ( 'NONE', #700 ) ;
#669 = PRODUCT ( 'cubit2_bottom_enclosure', 'cubit2_bottom_enclosure', '', ( #328 ) ) ;
#670 = DIRECTION ( 'NONE',  ( 0.000000000000000000, 0.000000000000000000, -1.000000000000000000 ) ) ;
#671 = SURFACE_STYLE_USAGE ( .BOTH. , #449 ) ;
#672 = EDGE_CURVE ( 'NONE', #574, #766, #959, .T. ) ;
#673 = CARTESIAN_POINT ( 'NONE',  ( 52.61861762116811292, 3.968327729650625191, 2.000000000000000000 ) ) ;
#674 = VERTEX_POINT ( 'NONE', #1145 ) ;
#675 = DIRECTION ( 'NONE',  ( 0.000000000000000000, 0.000000000000000000, 1.000000000000000000 ) ) ;
#676 = ORIENTED_EDGE ( 'NONE', *, *, #881, .F. ) ;
#677 = FACE_OUTER_BOUND ( 'NONE', #491, .T. ) ;
#678 = DIRECTION ( 'NONE',  ( 0.000000000000000000, 0.000000000000000000, -1.000000000000000000 ) ) ;
#679 = ADVANCED_FACE ( 'NONE', ( #825 ), #1413, .F. ) ;
#680 = CYLINDRICAL_SURFACE ( 'NONE', #1036, 6.999999999999999112 ) ;
#681 = ORIENTED_EDGE ( 'NONE', *, *, #889, .F. ) ;
#682 = EDGE_LOOP ( 'NONE', ( #698, #1375, #1215, #824 ) ) ;
#683 = CLOSED_SHELL ( 'NONE', ( #1332, #121, #1126, #679, #621, #1100, #17, #528, #1169, #936, #139, #1381, #1410, #471, #90, #1230, #1416, #150, #1447, #863, #361, #846, #1192, #1009, #178, #1242, #1041, #706, #1015, #128, #1030, #83, #352, #169, #1319, #142, #1127, #241, #735, #269, #371, #898, #764, #1080, #722 ) ) ;
#684 = LINE ( 'NONE', #1218, #710 ) ;
#685 = FACE_OUTER_BOUND ( 'NONE', #550, .T. ) ;
#686 = VECTOR ( 'NONE', #1448, 1000.000000000000000 ) ;
#687 = DIRECTION ( 'NONE',  ( 0.000000000000000000, 0.000000000000000000, -1.000000000000000000 ) ) ;
#688 = APPLICATION_CONTEXT ( 'automotive_design' ) ;
#689 = EDGE_CURVE ( 'NONE', #1439, #199, #129, .T. ) ;
#690 = VECTOR ( 'NONE', #1449, 1000.000000000000000 ) ;
#691 = PLANE ( 'NONE',  #353 ) ;
#692 = EDGE_LOOP ( 'NONE', ( #119, #1328, #1354, #136 ) ) ;
#693 = VECTOR ( 'NONE', #492, 1000.000000000000000 ) ;
#694 = CARTESIAN_POINT ( 'NONE',  ( 43.90927744908574226, 14.60512789323294136, 2.000000000000000000 ) ) ;
#695 = CARTESIAN_POINT ( 'NONE',  ( 52.61861762116811292, -3.031672270349378806, 2.000000000000000000 ) ) ;
#696 = DIRECTION ( 'NONE',  ( -0.000000000000000000, -1.000000000000000000, -0.000000000000000000 ) ) ;
#697 = APPLICATION_CONTEXT ( 'automotive_design' ) ;
#698 = ORIENTED_EDGE ( 'NONE', *, *, #58, .T. ) ;
#699 = ORIENTED_EDGE ( 'NONE', *, *, #407, .T. ) ;
#700 = CARTESIAN_POINT ( 'NONE',  ( 34.03681848723820735, 14.60512789323294136, 2.000000000000000000 ) ) ;
#701 = LINE ( 'NONE', #31, #290 ) ;
#702 = DIRECTION ( 'NONE',  ( 0.000000000000000000, -1.000000000000000000, 0.000000000000000000 ) ) ;
#703 = DIRECTION ( 'NONE',  ( 0.000000000000000000, 0.000000000000000000, -1.000000000000000000 ) ) ;
#704 = ORIENTED_EDGE ( 'NONE', *, *, #33, .T. ) ;
#705 = ORIENTED_EDGE ( 'NONE', *, *, #1258, .T. ) ;
#706 = ADVANCED_FACE ( 'NONE', ( #818 ), #619, .T. ) ;
#707 = DIRECTION ( 'NONE',  ( 0.000000000000000000, 0.000000000000000000, -1.000000000000000000 ) ) ;
#708 = VECTOR ( 'NONE', #181, 1000.000000000000000 ) ;
#709 = CARTESIAN_POINT ( 'NONE',  ( 14.31641524791677433, 4.331477447866618924, 2.000000000000000000 ) ) ;
#710 = VECTOR ( 'NONE', #439, 1000.000000000000000 ) ;
#711 = CARTESIAN_POINT ( 'NONE',  ( 53.42468767129887652, 14.60512789323294136, 2.000000000000000000 ) ) ;
#712 = VECTOR ( 'NONE', #1341, 1000.000000000000000 ) ;
#713 = EDGE_LOOP ( 'NONE', ( #718, #514, #628, #942 ) ) ;
#714 = ORIENTED_EDGE ( 'NONE', *, *, #952, .F. ) ;
#715 = LINE ( 'NONE', #23, #693 ) ;
#716 = CARTESIAN_POINT ( 'NONE',  ( 23.76284665593176726, 14.60512789323294136, 5.000000000000000000 ) ) ;
#717 = LINE ( 'NONE', #599, #783 ) ;
#718 = ORIENTED_EDGE ( 'NONE', *, *, #1119, .F. ) ;
#719 = VERTEX_POINT ( 'NONE', #47 ) ;
#720 = LINE ( 'NONE', #260, #795 ) ;
#721 = DIRECTION ( 'NONE',  ( 1.000000000000000000, 0.000000000000000000, 0.000000000000000000 ) ) ;
#722 = ADVANCED_FACE ( 'NONE', ( #1303 ), #22, .T. ) ;
#723 = ORIENTED_EDGE ( 'NONE', *, *, #109, .F. ) ;
#724 = LINE ( 'NONE', #1077, #999 ) ;
#725 = ORIENTED_EDGE ( 'NONE', *, *, #417, .T. ) ;
#726 = LINE ( 'NONE', #975, #1408 ) ;
#727 = LINE ( 'NONE', #1175, #1061 ) ;
#728 = CARTESIAN_POINT ( 'NONE',  ( 33.63530561777929506, 64.55323614440233371, 2.000000000000000000 ) ) ;
#729 = AXIS2_PLACEMENT_3D ( 'NONE', #653, #1122, #578 ) ;
#730 = EDGE_CURVE ( 'NONE', #1108, #1478, #1190, .T. ) ;
#731 = AXIS2_PLACEMENT_3D ( 'NONE', #575, #9, #880 ) ;
#732 = FACE_BOUND ( 'NONE', #996, .T. ) ;
#733 = LINE ( 'NONE', #1368, #333 ) ;
#734 = CIRCLE ( 'NONE', #662, 0.6000000000000033085 ) ;
#735 = ADVANCED_FACE ( 'NONE', ( #1070 ), #1262, .T. ) ;
#736 = VERTEX_POINT ( 'NONE', #694 ) ;
#737 = AXIS2_PLACEMENT_3D ( 'NONE', #1436, #977, #988 ) ;
#738 = CYLINDRICAL_SURFACE ( 'NONE', #116, 1.250000000000000222 ) ;
#739 = PLANE ( 'NONE',  #401 ) ;
#740 = CARTESIAN_POINT ( 'NONE',  ( 33.72599999999999199, 67.89399999999999125, 2.000000000000000000 ) ) ;
#741 = PRESENTATION_LAYER_ASSIGNMENT (  '', '', ( #1383 ) ) ;
#742 = ORIENTED_EDGE ( 'NONE', *, *, #562, .T. ) ;
#743 = DIRECTION ( 'NONE',  ( 0.000000000000000000, -0.000000000000000000, -1.000000000000000000 ) ) ;
#744 = ORIENTED_EDGE ( 'NONE', *, *, #1181, .T. ) ;
#745 = EDGE_CURVE ( 'NONE', #378, #134, #733, .T. ) ;
#746 = LINE ( 'NONE', #1072, #797 ) ;
#747 = DIRECTION ( 'NONE',  ( 0.000000000000000000, -1.000000000000000000, 0.000000000000000000 ) ) ;
#748 = CARTESIAN_POINT ( 'NONE',  ( 59.39585018129889704, 66.31320139630683741, 1.999999999999999556 ) ) ;
#749 = ORIENTED_EDGE ( 'NONE', *, *, #67, .F. ) ;
#750 = CARTESIAN_POINT ( 'NONE',  ( 4.959874314827438013, -3.031672270349385023, 0.000000000000000000 ) ) ;
#751 = ORIENTED_EDGE ( 'NONE', *, *, #156, .F. ) ;
#752 =( LENGTH_UNIT ( ) NAMED_UNIT ( * ) SI_UNIT ( .MILLI., .METRE. ) );
#753 = EDGE_CURVE ( 'NONE', #398, #950, #158, .T. ) ;
#754 = LINE ( 'NONE', #1435, #686 ) ;
#755 = DIRECTION ( 'NONE',  ( 0.000000000000000000, 0.000000000000000000, 1.000000000000000000 ) ) ;
#756 = DIRECTION ( 'NONE',  ( -1.000000000000000000, -0.000000000000000000, -0.000000000000000000 ) ) ;
#757 = DIRECTION ( 'NONE',  ( 1.000000000000000000, 0.000000000000000000, 0.000000000000000000 ) ) ;
#758 = VECTOR ( 'NONE', #375, 1000.000000000000000 ) ;
#759 = ORIENTED_EDGE ( 'NONE', *, *, #1160, .T. ) ;
#760 = AXIS2_PLACEMENT_3D ( 'NONE', #457, #115, #1121 ) ;
#761 = CARTESIAN_POINT ( 'NONE',  ( 14.31641524791677433, 14.60512789323294136, 0.000000000000000000 ) ) ;
#762 = CYLINDRICAL_SURFACE ( 'NONE', #1132, 1.250000000000007994 ) ;
#763 = LINE ( 'NONE', #1212, #1430 ) ;
#764 = ADVANCED_FACE ( 'NONE', ( #479 ), #1064, .T. ) ;
#765 = ORIENTED_EDGE ( 'NONE', *, *, #509, .F. ) ;
#766 = VERTEX_POINT ( 'NONE', #849 ) ;
#767 = CARTESIAN_POINT ( 'NONE',  ( 13.88257810979120777, 54.23637563801475636, 0.000000000000000000 ) ) ;
#768 = CARTESIAN_POINT ( 'NONE',  ( 59.61861758310134718, 3.967597705841499511, 2.000000000000000000 ) ) ;
#769 = EDGE_CURVE ( 'NONE', #106, #1045, #973, .T. ) ;
#770 = CARTESIAN_POINT ( 'NONE',  ( 33.63530561777929506, 54.27958569903599795, 5.000000000000000000 ) ) ;
#771 = DIRECTION ( 'NONE',  ( 0.000000000000000000, 0.000000000000000000, 1.000000000000000000 ) ) ;
#772 = ORIENTED_EDGE ( 'NONE', *, *, #1362, .T. ) ;
#773 = ORIENTED_EDGE ( 'NONE', *, *, #1311, .F. ) ;
#774 = LINE ( 'NONE', #568, #1177 ) ;
#775 = CARTESIAN_POINT ( 'NONE',  ( 50.62487521466800899, 72.97032663101764172, 1.366666666666667140 ) ) ;
#776 = CARTESIAN_POINT ( 'NONE',  ( 53.42468767129887652, 64.51002608338107791, 2.000000000000000000 ) ) ;
#777 = LINE ( 'NONE', #1225, #634 ) ;
#778 = EDGE_CURVE ( 'NONE', #668, #1172, #664, .T. ) ;
#779 = CARTESIAN_POINT ( 'NONE',  ( 56.17500000000000426, 23.16500000000000270, 5.000000000000000000 ) ) ;
#780 = ORIENTED_EDGE ( 'NONE', *, *, #1465, .T. ) ;
#781 = CIRCLE ( 'NONE', #133, 1.250000000000000222 ) ;
#782 = ORIENTED_EDGE ( 'NONE', *, *, #482, .T. ) ;
#783 = VECTOR ( 'NONE', #696, 1000.000000000000000 ) ;
#784 = ORIENTED_EDGE ( 'NONE', *, *, #516, .T. ) ;
#785 = VECTOR ( 'NONE', #292, 1000.000000000000000 ) ;
#786 = LINE ( 'NONE', #113, #210 ) ;
#787 = DIRECTION ( 'NONE',  ( 0.000000000000000000, 0.000000000000000000, 1.000000000000000000 ) ) ;
#788 = AXIS2_PLACEMENT_3D ( 'NONE', #917, #288, #743 ) ;
#789 = VECTOR ( 'NONE', #114, 1000.000000000000000 ) ;
#790 = DIRECTION ( 'NONE',  ( 0.000000000000000000, 0.000000000000000000, -1.000000000000000000 ) ) ;
#791 = UNCERTAINTY_MEASURE_WITH_UNIT (LENGTH_MEASURE( 1.000000000000000082E-05 ), #752, 'distance_accuracy_value', 'NONE');
#792 = CARTESIAN_POINT ( 'NONE',  ( 33.72599999999999199, 67.89399999999999125, 1.000000000000000000 ) ) ;
#793 = VERTEX_POINT ( 'NONE', #750 ) ;
#794 = EDGE_LOOP ( 'NONE', ( #1310, #460, #21, #1412 ) ) ;
#795 = VECTOR ( 'NONE', #1289, 1000.000000000000000 ) ;
#796 = EDGE_CURVE ( 'NONE', #227, #1392, #654, .T. ) ;
#797 = VECTOR ( 'NONE', #967, 1000.000000000000000 ) ;
#798 = DIRECTION ( 'NONE',  ( -0.000000000000000000, -0.000000000000000000, 1.000000000000000000 ) ) ;
#799 = CARTESIAN_POINT ( 'NONE',  ( 55.57500000000000284, 23.16500000000000270, 5.000000000000000000 ) ) ;
#800 = ORIENTED_EDGE ( 'NONE', *, *, #952, .T. ) ;
#801 = VERTEX_POINT ( 'NONE', #1461 ) ;
#802 = DIRECTION ( 'NONE',  ( -0.000000000000000000, 1.000000000000000000, -0.000000000000000000 ) ) ;
#803 = EDGE_CURVE ( 'NONE', #364, #558, #422, .T. ) ;
#804 = DIRECTION ( 'NONE',  ( -1.239088204094989693E-16, 1.000000000000000000, 0.000000000000000000 ) ) ;
#805 = DIRECTION ( 'NONE',  ( 0.000000000000000000, 0.000000000000000000, -1.000000000000000000 ) ) ;
#806 = CARTESIAN_POINT ( 'NONE',  ( 2.007000000000000117, 11.75999999999999979, 5.000000000000000000 ) ) ;
#807 = VERTEX_POINT ( 'NONE', #877 ) ;
#808 = EDGE_LOOP ( 'NONE', ( #780, #986 ) ) ;
#809 = CARTESIAN_POINT ( 'NONE',  ( 34.97599999999999909, 67.89399999999999125, 1.000000000000000000 ) ) ;
#810 = CARTESIAN_POINT ( 'NONE',  ( 50.62487521466800899, 72.97032663101764172, -0.1000000000000002554 ) ) ;
#811 = CIRCLE ( 'NONE', #997, 6.999999999999999112 ) ;
#812 = CIRCLE ( 'NONE', #1062, 0.6000000000000033085 ) ;
#813 = CARTESIAN_POINT ( 'NONE',  ( 43.90927744908574226, 54.27958569903599795, 5.000000000000000000 ) ) ;
#814 = EDGE_CURVE ( 'NONE', #1414, #183, #162, .T. ) ;
#815 = CARTESIAN_POINT ( 'NONE',  ( 4.959874314827438901, 65.97032663101764172, 0.000000000000000000 ) ) ;
#816 = ORIENTED_EDGE ( 'NONE', *, *, #656, .F. ) ;
#817 = ORIENTED_EDGE ( 'NONE', *, *, #822, .T. ) ;
#818 = FACE_OUTER_BOUND ( 'NONE', #838, .T. ) ;
#819 = CARTESIAN_POINT ( 'NONE',  ( 4.295687810014245933, 14.60512789323294136, 5.000000000000000000 ) ) ;
#820 = DIRECTION ( 'NONE',  ( 0.000000000000000000, 0.000000000000000000, -1.000000000000000000 ) ) ;
#821 = DIRECTION ( 'NONE',  ( 0.000000000000000000, 0.000000000000000000, -1.000000000000000000 ) ) ;
#822 = EDGE_CURVE ( 'NONE', #1468, #1288, #1327, .T. ) ;
#823 = ORIENTED_EDGE ( 'NONE', *, *, #890, .F. ) ;
#824 = ORIENTED_EDGE ( 'NONE', *, *, #588, .F. ) ;
#825 = FACE_OUTER_BOUND ( 'NONE', #1302, .T. ) ;
#826 = CARTESIAN_POINT ( 'NONE',  ( 50.62487521466801610, 72.97032663101764172, 0.000000000000000000 ) ) ;
#827 = CARTESIAN_POINT ( 'NONE',  ( 14.31641524791677433, 4.331477447866618924, 5.000000000000000000 ) ) ;
#828 = LINE ( 'NONE', #1155, #184 ) ;
#829 = ORIENTED_EDGE ( 'NONE', *, *, #397, .T. ) ;
#830 = EDGE_CURVE ( 'NONE', #199, #490, #570, .T. ) ;
#831 = ORIENTED_EDGE ( 'NONE', *, *, #1093, .F. ) ;
#832 = EDGE_CURVE ( 'NONE', #766, #461, #415, .T. ) ;
#833 = DIRECTION ( 'NONE',  ( 1.000000000000000000, 0.000000000000000000, 0.000000000000000000 ) ) ;
#834 = AXIS2_PLACEMENT_3D ( 'NONE', #1113, #97, #340 ) ;
#835 = DIRECTION ( 'NONE',  ( -1.000000000000000000, 0.000000000000000000, 0.000000000000000000 ) ) ;
#836 = LINE ( 'NONE', #927, #1398 ) ;
#837 = VECTOR ( 'NONE', #487, 1000.000000000000000 ) ;
#838 = EDGE_LOOP ( 'NONE', ( #1148, #248, #271, #55 ) ) ;
#839 = VERTEX_POINT ( 'NONE', #61 ) ;
#840 = LINE ( 'NONE', #472, #577 ) ;
#841 = EDGE_CURVE ( 'NONE', #950, #1392, #1208, .T. ) ;
#842 = DIRECTION ( 'NONE',  ( 1.000000000000000000, -0.000000000000000000, 0.000000000000000000 ) ) ;
#843 = ORIENTED_EDGE ( 'NONE', *, *, #623, .F. ) ;
#844 = ORIENTED_EDGE ( 'NONE', *, *, #49, .T. ) ;
#845 = DIRECTION ( 'NONE',  ( -1.000000000000000000, 0.000000000000000000, 0.000000000000000000 ) ) ;
#846 = ADVANCED_FACE ( 'NONE', ( #312, #521 ), #544, .T. ) ;
#847 = CARTESIAN_POINT ( 'NONE',  ( 2.606999999999999762, 11.75999999999999979, 5.000000000000000000 ) ) ;
#848 = DIRECTION ( 'NONE',  ( -1.000000000000000000, 0.000000000000000000, -0.000000000000000000 ) ) ;
#849 = CARTESIAN_POINT ( 'NONE',  ( -2.040125685172561099, 65.97032663101764172, 0.000000000000000000 ) ) ;
#850 = VERTEX_POINT ( 'NONE', #295 ) ;
#851 = CARTESIAN_POINT ( 'NONE',  ( 43.90927744908573516, 4.332563367193131398, 5.000000000000000000 ) ) ;
#852 = LINE ( 'NONE', #968, #234 ) ;
#853 = FACE_OUTER_BOUND ( 'NONE', #794, .T. ) ;
#854 = AXIS2_PLACEMENT_3D ( 'NONE', #1002, #1363, #1103 ) ;
#855 = DIRECTION ( 'NONE',  ( 1.000000000000000000, 0.000000000000000000, 0.000000000000000000 ) ) ;
#856 = DIRECTION ( 'NONE',  ( -0.000000000000000000, -0.000000000000000000, -1.000000000000000000 ) ) ;
#857 = ORIENTED_EDGE ( 'NONE', *, *, #1400, .F. ) ;
#858 = AXIS2_PLACEMENT_3D ( 'NONE', #164, #820, #835 ) ;
#859 = LINE ( 'NONE', #987, #306 ) ;
#860 = CYLINDRICAL_SURFACE ( 'NONE', #1301, 1.250000000000000222 ) ;
#861 =( GEOMETRIC_REPRESENTATION_CONTEXT ( 3 ) GLOBAL_UNCERTAINTY_ASSIGNED_CONTEXT ( ( #231 ) ) GLOBAL_UNIT_ASSIGNED_CONTEXT ( ( #569, #607, #130 ) ) REPRESENTATION_CONTEXT ( 'NONE', 'WORKASPACE' ) );
#862 = LINE ( 'NONE', #311, #19 ) ;
#863 = ADVANCED_FACE ( 'NONE', ( #1334, #1086 ), #1198, .T. ) ;
#864 = DIRECTION ( 'NONE',  ( 1.000000000000000000, 0.000000000000000000, -0.000000000000000000 ) ) ;
#865 = ORIENTED_EDGE ( 'NONE', *, *, #1245, .F. ) ;
#866 = CARTESIAN_POINT ( 'NONE',  ( 55.57500000000000284, 23.16500000000000270, 2.000000000000000000 ) ) ;
#867 = CARTESIAN_POINT ( 'NONE',  ( 59.62487521466801610, 65.16354858264446648, 1.999999999999999556 ) ) ;
#868 = PLANE ( 'NONE',  #1018 ) ;
#869 = CARTESIAN_POINT ( 'NONE',  ( 55.57500000000000284, 23.16500000000000270, 1.000000000000000000 ) ) ;
#870 = ORIENTED_EDGE ( 'NONE', *, *, #489, .F. ) ;
#871 = CARTESIAN_POINT ( 'NONE',  ( 43.90927744908574226, 64.55323614440233371, 0.000000000000000000 ) ) ;
#872 = EDGE_CURVE ( 'NONE', #1012, #1282, #1346, .T. ) ;
#873 = ORIENTED_EDGE ( 'NONE', *, *, #33, .F. ) ;
#874 = CARTESIAN_POINT ( 'NONE',  ( 34.97599999999999909, 67.89399999999999125, 1.000000000000000000 ) ) ;
#875 = FACE_OUTER_BOUND ( 'NONE', #596, .T. ) ;
#876 = CARTESIAN_POINT ( 'NONE',  ( 4.295687810014245933, 64.51002608338107791, 2.000000000000000000 ) ) ;
#877 = CARTESIAN_POINT ( 'NONE',  ( 3.257000000000000561, 11.75999999999999979, 1.000000000000000000 ) ) ;
#878 = ORIENTED_EDGE ( 'NONE', *, *, #1466, .F. ) ;
#879 = CARTESIAN_POINT ( 'NONE',  ( 55.57500000000000284, 23.16500000000000270, 1.000000000000000000 ) ) ;
#880 = DIRECTION ( 'NONE',  ( 1.000000000000000000, 0.000000000000000000, 0.000000000000000000 ) ) ;
#881 = EDGE_CURVE ( 'NONE', #266, #893, #332, .T. ) ;
#882 = CARTESIAN_POINT ( 'NONE',  ( 56.11666857491579918, 71.12662254165822162, 2.000000000000000000 ) ) ;
#883 = DIRECTION ( 'NONE',  ( -0.000000000000000000, 0.000000000000000000, 1.000000000000000000 ) ) ;
#884 = DIRECTION ( 'NONE',  ( 0.000000000000000000, 0.000000000000000000, 1.000000000000000000 ) ) ;
#885 = AXIS2_PLACEMENT_3D ( 'NONE', #274, #1140, #845 ) ;
#886 = ORIENTED_EDGE ( 'NONE', *, *, #562, .F. ) ;
#887 = CARTESIAN_POINT ( 'NONE',  ( 43.90927744908574226, 64.55323614440233371, 0.000000000000000000 ) ) ;
#888 = FILL_AREA_STYLE_COLOUR ( '', #192 ) ;
#889 = EDGE_CURVE ( 'NONE', #387, #1035, #441, .T. ) ;
#890 = EDGE_CURVE ( 'NONE', #1102, #1052, #356, .T. ) ;
#891 = DIRECTION ( 'NONE',  ( -0.000000000000000000, 0.000000000000000000, 1.000000000000000000 ) ) ;
#892 = CARTESIAN_POINT ( 'NONE',  ( 34.97599999999999909, 67.89399999999999125, 0.000000000000000000 ) ) ;
#893 = VERTEX_POINT ( 'NONE', #102 ) ;
#894 = PLANE ( 'NONE',  #1374 ) ;
#895 = DIRECTION ( 'NONE',  ( 1.000000000000000000, 0.000000000000000000, 0.000000000000000000 ) ) ;
#896 = LINE ( 'NONE', #374, #837 ) ;
#897 = FACE_OUTER_BOUND ( 'NONE', #273, .T. ) ;
#898 = ADVANCED_FACE ( 'NONE', ( #239 ), #347, .T. ) ;
#899 = ORIENTED_EDGE ( 'NONE', *, *, #317, .T. ) ;
#900 = AXIS2_PLACEMENT_3D ( 'NONE', #1460, #1347, #891 ) ;
#901 = ORIENTED_EDGE ( 'NONE', *, *, #923, .F. ) ;
#902 = ORIENTED_EDGE ( 'NONE', *, *, #689, .F. ) ;
#903 = AXIS2_PLACEMENT_3D ( 'NONE', #124, #465, #687 ) ;
#904 = CARTESIAN_POINT ( 'NONE',  ( 13.88257810979120777, 64.51002608338107791, 5.000000000000000000 ) ) ;
#905 = PRESENTATION_STYLE_ASSIGNMENT (( #671 ) ) ;
#906 = VECTOR ( 'NONE', #702, 1000.000000000000000 ) ;
#907 = LINE ( 'NONE', #770, #209 ) ;
#908 = EDGE_LOOP ( 'NONE', ( #1157, #751, #1116, #831, #1441, #991, #1165, #186, #498, #527, #76, #665, #1109, #943, #255, #27, #174, #1149, #643, #257 ) ) ;
#909 = ORIENTED_EDGE ( 'NONE', *, *, #944, .F. ) ;
#910 = EDGE_CURVE ( 'NONE', #1439, #444, #1020, .T. ) ;
#911 = LINE ( 'NONE', #1463, #355 ) ;
#912 = DIRECTION ( 'NONE',  ( -0.000000000000000000, -1.000000000000000000, -0.000000000000000000 ) ) ;
#913 = DIRECTION ( 'NONE',  ( -1.000000000000000000, 0.000000000000000000, 0.000000000000000000 ) ) ;
#914 = VERTEX_POINT ( 'NONE', #1338 ) ;
#915 = ORIENTED_EDGE ( 'NONE', *, *, #1245, .T. ) ;
#916 = ORIENTED_EDGE ( 'NONE', *, *, #1203, .T. ) ;
#917 = CARTESIAN_POINT ( 'NONE',  ( 4.295687810014245933, 64.51002608338107791, 5.000000000000000000 ) ) ;
#918 = CARTESIAN_POINT ( 'NONE',  ( 23.76284665593176726, 4.331477447866618924, 0.000000000000000000 ) ) ;
#919 = DIRECTION ( 'NONE',  ( -1.000000000000000000, 0.000000000000000000, 0.000000000000000000 ) ) ;
#920 = VERTEX_POINT ( 'NONE', #776 ) ;
#921 = DIRECTION ( 'NONE',  ( -0.000000000000000000, -0.000000000000000000, 1.000000000000000000 ) ) ;
#922 = LINE ( 'NONE', #147, #531 ) ;
#923 = EDGE_CURVE ( 'NONE', #966, #106, #1223, .T. ) ;
#924 = AXIS2_PLACEMENT_3D ( 'NONE', #1182, #1269, #463 ) ;
#925 = CARTESIAN_POINT ( 'NONE',  ( 56.14376637161129935, 71.17862780327514827, 0.000000000000000000 ) ) ;
#926 = AXIS2_PLACEMENT_3D ( 'NONE', #309, #536, #1196 ) ;
#927 = CARTESIAN_POINT ( 'NONE',  ( 23.76284665593176726, 4.331477447866618924, 5.000000000000000000 ) ) ;
#928 = EDGE_LOOP ( 'NONE', ( #844, #484, #742, #512, #1078, #594, #396, #600, #74, #104, #759, #365, #585, #1131, #327, #39, #215, #153, #146, #784 ) ) ;
#929 = EDGE_LOOP ( 'NONE', ( #705, #1247, #206, #1133 ) ) ;
#930 = VECTOR ( 'NONE', #393, 1000.000000000000000 ) ;
#931 = LINE ( 'NONE', #399, #1206 ) ;
#932 = CARTESIAN_POINT ( 'NONE',  ( 4.295687810014245933, 14.60512789323294136, 0.000000000000000000 ) ) ;
#933 = DIRECTION ( 'NONE',  ( 0.000000000000000000, 0.000000000000000000, -1.000000000000000000 ) ) ;
#934 = EDGE_CURVE ( 'NONE', #559, #1035, #896, .T. ) ;
#935 = DIRECTION ( 'NONE',  ( 0.000000000000000000, 0.000000000000000000, 1.000000000000000000 ) ) ;
#936 = ADVANCED_FACE ( 'NONE', ( #1404 ), #1068, .F. ) ;
#937 = ORIENTED_EDGE ( 'NONE', *, *, #1160, .F. ) ;
#938 = VERTEX_POINT ( 'NONE', #709 ) ;
#939 = DIRECTION ( 'NONE',  ( -1.000000000000000000, 0.000000000000000000, 0.000000000000000000 ) ) ;
#940 = LINE ( 'NONE', #25, #310 ) ;
#941 = LINE ( 'NONE', #1395, #758 ) ;
#942 = ORIENTED_EDGE ( 'NONE', *, *, #672, .F. ) ;
#943 = ORIENTED_EDGE ( 'NONE', *, *, #58, .F. ) ;
#944 = EDGE_CURVE ( 'NONE', #372, #674, #368, .T. ) ;
#945 = VERTEX_POINT ( 'NONE', #155 ) ;
#946 = CARTESIAN_POINT ( 'NONE',  ( 43.90927744908574226, 64.55323614440233371, 2.000000000000000000 ) ) ;
#947 = CARTESIAN_POINT ( 'NONE',  ( -2.040125685172561099, 72.97032663101764172, 0.000000000000000000 ) ) ;
#948 = VECTOR ( 'NONE', #1042, 1000.000000000000000 ) ;
#949 = ORIENTED_EDGE ( 'NONE', *, *, #672, .T. ) ;
#950 = VERTEX_POINT ( 'NONE', #728 ) ;
#951 = ORIENTED_EDGE ( 'NONE', *, *, #223, .F. ) ;
#952 = EDGE_CURVE ( 'NONE', #421, #1138, #940, .T. ) ;
#953 = VECTOR ( 'NONE', #351, 1000.000000000000000 ) ;
#954 = CARTESIAN_POINT ( 'NONE',  ( 23.76284665593176726, 14.60512789323294136, 0.000000000000000000 ) ) ;
#955 = CARTESIAN_POINT ( 'NONE',  ( 0.000000000000000000, 14.60512789323294136, 2.000000000000000000 ) ) ;
#956 = AXIS2_PLACEMENT_3D ( 'NONE', #486, #1032, #939 ) ;
#957 = PRODUCT_DEFINITION_FORMATION_WITH_SPECIFIED_SOURCE ( 'ANY', '', #669, .NOT_KNOWN. ) ;
#958 = ORIENTED_EDGE ( 'NONE', *, *, #830, .F. ) ;
#959 = LINE ( 'NONE', #278, #256 ) ;
#960 = ORIENTED_EDGE ( 'NONE', *, *, #1276, .T. ) ;
#961 = CARTESIAN_POINT ( 'NONE',  ( 55.57500000000000284, 23.16500000000000270, 0.000000000000000000 ) ) ;
#962 = DIRECTION ( 'NONE',  ( 1.000000000000000000, 0.000000000000000000, 0.000000000000000000 ) ) ;
#963 = CARTESIAN_POINT ( 'NONE',  ( 55.14509533400212149, 71.77668111769546044, 1.999999999999999556 ) ) ;
#964 = CARTESIAN_POINT ( 'NONE',  ( -0.0004760282609970785807, 4.327733521851894416, 2.000000000000000000 ) ) ;
#965 = DIRECTION ( 'NONE',  ( 1.000000000000000000, 0.000000000000000000, 0.000000000000000000 ) ) ;
#966 = VERTEX_POINT ( 'NONE', #270 ) ;
#967 = DIRECTION ( 'NONE',  ( 0.000000000000000000, 0.000000000000000000, -1.000000000000000000 ) ) ;
#968 = CARTESIAN_POINT ( 'NONE',  ( 59.61861758310134718, 3.967597705841513722, 2.000000000000000000 ) ) ;
#969 = CARTESIAN_POINT ( 'NONE',  ( 4.959874314827438901, 65.97032663101764172, 2.000000000000000000 ) ) ;
#970 = CIRCLE ( 'NONE', #1475, 1.250000000000007994 ) ;
#971 = EDGE_CURVE ( 'NONE', #1266, #445, #501, .T. ) ;
#972 = ORIENTED_EDGE ( 'NONE', *, *, #689, .T. ) ;
#973 = CIRCLE ( 'NONE', #331, 1.250000000000000222 ) ;
#974 = ORIENTED_EDGE ( 'NONE', *, *, #923, .T. ) ;
#975 = CARTESIAN_POINT ( 'NONE',  ( 23.76284665593176726, 14.60512789323294136, 5.000000000000000000 ) ) ;
#976 = CARTESIAN_POINT ( 'NONE',  ( 43.90927744908573516, 4.332563367193131398, 0.000000000000000000 ) ) ;
#977 = DIRECTION ( 'NONE',  ( -1.000000000000000000, 0.000000000000000000, -0.000000000000000000 ) ) ;
#978 = VECTOR ( 'NONE', #1409, 1000.000000000000000 ) ;
#979 = EDGE_CURVE ( 'NONE', #579, #1108, #589, .T. ) ;
#980 = AXIS2_PLACEMENT_3D ( 'NONE', #879, #1296, #1415 ) ;
#981 = ORIENTED_EDGE ( 'NONE', *, *, #910, .T. ) ;
#982 = CARTESIAN_POINT ( 'NONE',  ( 55.57500000000000284, 23.16500000000000270, 2.000000000000000000 ) ) ;
#983 = EDGE_CURVE ( 'NONE', #1335, #134, #1224, .T. ) ;
#984 = ORIENTED_EDGE ( 'NONE', *, *, #640, .T. ) ;
#985 = LINE ( 'NONE', #411, #95 ) ;
#986 = ORIENTED_EDGE ( 'NONE', *, *, #1083, .T. ) ;
#987 = CARTESIAN_POINT ( 'NONE',  ( 24.15654994109765852, 64.51002608338107791, 0.000000000000000000 ) ) ;
#988 = DIRECTION ( 'NONE',  ( -0.000000000000000000, 0.000000000000000000, 1.000000000000000000 ) ) ;
#989 = LINE ( 'NONE', #1207, #708 ) ;
#990 = CARTESIAN_POINT ( 'NONE',  ( 2.007000000000000117, 11.75999999999999979, 2.000000000000000000 ) ) ;
#991 = ORIENTED_EDGE ( 'NONE', *, *, #1304, .F. ) ;
#992 = EDGE_CURVE ( 'NONE', #490, #199, #734, .T. ) ;
#993 = FACE_OUTER_BOUND ( 'NONE', #573, .T. ) ;
#994 = DIRECTION ( 'NONE',  ( 0.9999896096461816652, 0.004558574303137204707, 0.000000000000000000 ) ) ;
#995 = CARTESIAN_POINT ( 'NONE',  ( 2.007000000000000117, 11.75999999999999979, 1.000000000000000000 ) ) ;
#996 = EDGE_LOOP ( 'NONE', ( #1228, #1273 ) ) ;
#997 = AXIS2_PLACEMENT_3D ( 'NONE', #1134, #315, #1355 ) ;
#998 = ORIENTED_EDGE ( 'NONE', *, *, #814, .T. ) ;
#999 = VECTOR ( 'NONE', #627, 1000.000000000000000 ) ;
#1000 = SHAPE_DEFINITION_REPRESENTATION ( #1240, #506 ) ;
#1001 = EDGE_CURVE ( 'NONE', #1094, #850, #1380, .T. ) ;
#1002 = CARTESIAN_POINT ( 'NONE',  ( 4.959874314827438013, 3.968327729650614977, 2.000000000000000000 ) ) ;
#1003 = DIRECTION ( 'NONE',  ( 1.000000000000000000, 0.000000000000000000, 0.000000000000000000 ) ) ;
#1004 = EDGE_CURVE ( 'NONE', #421, #1025, #1291, .T. ) ;
#1005 = CYLINDRICAL_SURFACE ( 'NONE', #1253, 0.6000000000000033085 ) ;
#1006 = EDGE_LOOP ( 'NONE', ( #1308, #873, #70, #69 ) ) ;
#1007 = LINE ( 'NONE', #1344, #379 ) ;
#1008 = CARTESIAN_POINT ( 'NONE',  ( 0.000000000000000000, 14.60512789323294136, 2.000000000000000000 ) ) ;
#1009 = ADVANCED_FACE ( 'NONE', ( #1054 ), #32, .F. ) ;
#1010 = DIRECTION ( 'NONE',  ( 0.000000000000000000, 0.000000000000000000, -1.000000000000000000 ) ) ;
#1011 = EDGE_LOOP ( 'NONE', ( #981, #658 ) ) ;
#1012 = VERTEX_POINT ( 'NONE', #1264 ) ;
#1013 = CARTESIAN_POINT ( 'NONE',  ( 59.62487521466801610, 63.97032663267740560, 0.000000000000000000 ) ) ;
#1014 = PLANE ( 'NONE',  #1114 ) ;
#1015 = ADVANCED_FACE ( 'NONE', ( #1146 ), #246, .T. ) ;
#1016 = DIRECTION ( 'NONE',  ( -0.000000000000000000, -0.000000000000000000, 1.000000000000000000 ) ) ;
#1017 = EDGE_LOOP ( 'NONE', ( #699, #452, #289, #200 ) ) ;
#1018 = AXIS2_PLACEMENT_3D ( 'NONE', #1315, #390, #848 ) ;
#1019 = ORIENTED_EDGE ( 'NONE', *, *, #346, .T. ) ;
#1020 = CIRCLE ( 'NONE', #1278, 0.6000000000000033085 ) ;
#1021 = CARTESIAN_POINT ( 'NONE',  ( 36.22600000000000620, 67.89399999999999125, 1.000000000000000000 ) ) ;
#1022 = DIRECTION ( 'NONE',  ( -1.000000000000000000, 0.000000000000000000, 0.000000000000000000 ) ) ;
#1023 = CARTESIAN_POINT ( 'NONE',  ( 53.42468767129887652, 64.51002608338107791, 5.000000000000000000 ) ) ;
#1024 = ORIENTED_EDGE ( 'NONE', *, *, #803, .T. ) ;
#1025 = VERTEX_POINT ( 'NONE', #143 ) ;
#1026 = EDGE_CURVE ( 'NONE', #1335, #410, #1280, .T. ) ;
#1027 = CARTESIAN_POINT ( 'NONE',  ( 0.000000000000000000, 0.000000000000000000, 0.000000000000000000 ) ) ;
#1028 = CARTESIAN_POINT ( 'NONE',  ( 2.007000000000000117, 11.75999999999999979, 0.000000000000000000 ) ) ;
#1029 = DIRECTION ( 'NONE',  ( 0.000000000000000000, 0.000000000000000000, -1.000000000000000000 ) ) ;
#1030 = ADVANCED_FACE ( 'NONE', ( #1048 ), #262, .T. ) ;
#1031 = CARTESIAN_POINT ( 'NONE',  ( 14.31641524791677433, 14.60512789323294136, 5.000000000000000000 ) ) ;
#1032 = DIRECTION ( 'NONE',  ( 0.000000000000000000, 0.000000000000000000, -1.000000000000000000 ) ) ;
#1033 = FACE_OUTER_BOUND ( 'NONE', #650, .T. ) ;
#1034 = ORIENTED_EDGE ( 'NONE', *, *, #8, .F. ) ;
#1035 = VERTEX_POINT ( 'NONE', #395 ) ;
#1036 = AXIS2_PLACEMENT_3D ( 'NONE', #673, #451, #1136 ) ;
#1037 = DIRECTION ( 'NONE',  ( 1.000000000000000000, 1.239088204094989693E-16, -0.000000000000000000 ) ) ;
#1038 = EDGE_CURVE ( 'NONE', #410, #496, #413, .T. ) ;
#1039 = VECTOR ( 'NONE', #517, 1000.000000000000000 ) ;
#1040 = VECTOR ( 'NONE', #798, 1000.000000000000000 ) ;
#1041 = ADVANCED_FACE ( 'NONE', ( #875 ), #420, .T. ) ;
#1042 = DIRECTION ( 'NONE',  ( 0.000000000000000000, 0.000000000000000000, -1.000000000000000000 ) ) ;
#1043 = AXIS2_PLACEMENT_3D ( 'NONE', #548, #787, #895 ) ;
#1044 = DIRECTION ( 'NONE',  ( 0.000000000000000000, 0.000000000000000000, 1.000000000000000000 ) ) ;
#1045 = VERTEX_POINT ( 'NONE', #1090 ) ;
#1046 = EDGE_LOOP ( 'NONE', ( #335, #823 ) ) ;
#1047 = DIRECTION ( 'NONE',  ( 1.000000000000000000, -0.000000000000000000, 0.000000000000000000 ) ) ;
#1048 = FACE_OUTER_BOUND ( 'NONE', #692, .T. ) ;
#1049 = EDGE_CURVE ( 'NONE', #112, #1305, #1168, .T. ) ;
#1050 = DIRECTION ( 'NONE',  ( -1.000000000000000000, 0.000000000000000000, 0.000000000000000000 ) ) ;
#1051 = EDGE_LOOP ( 'NONE', ( #1229, #1197, #620, #998 ) ) ;
#1052 = VERTEX_POINT ( 'NONE', #1187 ) ;
#1053 = CARTESIAN_POINT ( 'NONE',  ( 43.90927744908574226, 0.000000000000000000, 2.000000000000000000 ) ) ;
#1054 = FACE_OUTER_BOUND ( 'NONE', #1283, .T. ) ;
#1055 = EDGE_CURVE ( 'NONE', #46, #579, #542, .T. ) ;
#1056 = ORIENTED_EDGE ( 'NONE', *, *, #1137, .F. ) ;
#1057 = ORIENTED_EDGE ( 'NONE', *, *, #482, .F. ) ;
#1058 = DIRECTION ( 'NONE',  ( -0.000000000000000000, 1.000000000000000000, 0.000000000000000000 ) ) ;
#1059 = CIRCLE ( 'NONE', #1423, 6.999999999999999112 ) ;
#1060 = CARTESIAN_POINT ( 'NONE',  ( 55.17021267806869389, 71.82922034371902953, -0.000000000000000000 ) ) ;
#1061 = VECTOR ( 'NONE', #163, 1000.000000000000000 ) ;
#1062 = AXIS2_PLACEMENT_3D ( 'NONE', #15, #1294, #166 ) ;
#1063 = ORIENTED_EDGE ( 'NONE', *, *, #778, .T. ) ;
#1064 = PLANE ( 'NONE',  #661 ) ;
#1065 = ORIENTED_EDGE ( 'NONE', *, *, #890, .T. ) ;
#1066 = DIRECTION ( 'NONE',  ( -0.9999896895406394925, 0.004541014469855547166, -0.000000000000000000 ) ) ;
#1067 = CARTESIAN_POINT ( 'NONE',  ( 13.88257810979120777, 0.000000000000000000, 2.000000000000000000 ) ) ;
#1068 = PLANE ( 'NONE',  #111 ) ;
#1069 = LINE ( 'NONE', #964, #1372 ) ;
#1070 = FACE_OUTER_BOUND ( 'NONE', #168, .T. ) ;
#1071 = VERTEX_POINT ( 'NONE', #196 ) ;
#1072 = CARTESIAN_POINT ( 'NONE',  ( 1.407000000000000250, 11.75999999999999979, 5.000000000000000000 ) ) ;
#1073 = EDGE_CURVE ( 'NONE', #966, #807, #1403, .T. ) ;
#1074 = PLANE ( 'NONE',  #495 ) ;
#1075 = DIRECTION ( 'NONE',  ( -0.000000000000000000, -0.000000000000000000, 1.000000000000000000 ) ) ;
#1076 = FACE_BOUND ( 'NONE', #1428, .T. ) ;
#1077 = CARTESIAN_POINT ( 'NONE',  ( 43.90927744908573516, -2.965976186804157731E-14, 2.000000000000000000 ) ) ;
#1078 = ORIENTED_EDGE ( 'NONE', *, *, #381, .T. ) ;
#1079 = CARTESIAN_POINT ( 'NONE',  ( 34.37599999999999767, 67.89399999999999125, 1.000000000000000000 ) ) ;
#1080 = ADVANCED_FACE ( 'NONE', ( #853 ), #173, .T. ) ;
#1081 = CARTESIAN_POINT ( 'NONE',  ( 23.76284665593176726, 14.60512789323294136, 0.000000000000000000 ) ) ;
#1082 = PLANE ( 'NONE',  #258 ) ;
#1083 = EDGE_CURVE ( 'NONE', #1288, #674, #44, .T. ) ;
#1084 = VECTOR ( 'NONE', #92, 1000.000000000000000 ) ;
#1085 = ORIENTED_EDGE ( 'NONE', *, *, #656, .T. ) ;
#1086 = FACE_OUTER_BOUND ( 'NONE', #605, .T. ) ;
#1087 = ORIENTED_EDGE ( 'NONE', *, *, #1073, .T. ) ;
#1088 = CARTESIAN_POINT ( 'NONE',  ( 4.959874314827438901, 65.97032663101764172, 2.000000000000000000 ) ) ;
#1089 = CARTESIAN_POINT ( 'NONE',  ( 24.15654994109765852, 54.23637563801475636, 0.000000000000000000 ) ) ;
#1090 = CARTESIAN_POINT ( 'NONE',  ( 3.257000000000000561, 11.75999999999999979, 2.000000000000000000 ) ) ;
#1091 = AXIS2_PLACEMENT_3D ( 'NONE', #1028, #3, #1125 ) ;
#1092 = ORIENTED_EDGE ( 'NONE', *, *, #841, .T. ) ;
#1093 = EDGE_CURVE ( 'NONE', #1025, #364, #763, .T. ) ;
#1094 = VERTEX_POINT ( 'NONE', #180 ) ;
#1095 = VERTEX_POINT ( 'NONE', #768 ) ;
#1096 = CARTESIAN_POINT ( 'NONE',  ( 56.82500000000000284, 23.16500000000000270, 2.000000000000000000 ) ) ;
#1097 = FACE_OUTER_BOUND ( 'NONE', #567, .T. ) ;
#1098 = DIRECTION ( 'NONE',  ( 0.000000000000000000, 1.000000000000000000, 0.000000000000000000 ) ) ;
#1099 = VERTEX_POINT ( 'NONE', #1219 ) ;
#1100 = ADVANCED_FACE ( 'NONE', ( #1314 ), #860, .F. ) ;
#1101 = DIRECTION ( 'NONE',  ( -0.000000000000000000, 1.000000000000000000, -0.000000000000000000 ) ) ;
#1102 = VERTEX_POINT ( 'NONE', #740 ) ;
#1103 = DIRECTION ( 'NONE',  ( -1.000000000000000000, 0.000000000000000000, 0.000000000000000000 ) ) ;
#1104 = CARTESIAN_POINT ( 'NONE',  ( 59.62487521466801610, 63.97032663267740560, 2.000000000000000000 ) ) ;
#1105 = FACE_OUTER_BOUND ( 'NONE', #105, .T. ) ;
#1106 = DIRECTION ( 'NONE',  ( -0.000000000000000000, -1.000000000000000000, -0.000000000000000000 ) ) ;
#1107 = VECTOR ( 'NONE', #1110, 1000.000000000000114 ) ;
#1108 = VERTEX_POINT ( 'NONE', #625 ) ;
#1109 = ORIENTED_EDGE ( 'NONE', *, *, #667, .F. ) ;
#1110 = DIRECTION ( 'NONE',  ( -0.9999896895406394925, 0.004541014469855547166, 0.000000000000000000 ) ) ;
#1111 = CARTESIAN_POINT ( 'NONE',  ( 59.62487521466801610, 63.97032663101764882, 2.100000000000000089 ) ) ;
#1112 = CARTESIAN_POINT ( 'NONE',  ( 0.7570000000000001172, 11.75999999999999979, 1.000000000000000000 ) ) ;
#1113 = CARTESIAN_POINT ( 'NONE',  ( 43.90927744908574226, 14.60512789323294136, 5.000000000000000000 ) ) ;
#1114 = AXIS2_PLACEMENT_3D ( 'NONE', #819, #1047, #140 ) ;
#1115 = CIRCLE ( 'NONE', #956, 7.000000000000000000 ) ;
#1116 = ORIENTED_EDGE ( 'NONE', *, *, #409, .F. ) ;
#1117 = ORIENTED_EDGE ( 'NONE', *, *, #1438, .F. ) ;
#1118 = CARTESIAN_POINT ( 'NONE',  ( 24.15654994109765852, 54.23637563801475636, 0.000000000000000000 ) ) ;
#1119 = EDGE_CURVE ( 'NONE', #496, #574, #1154, .T. ) ;
#1120 = LINE ( 'NONE', #1370, #450 ) ;
#1121 = DIRECTION ( 'NONE',  ( 1.000000000000000000, 0.000000000000000000, 0.000000000000000000 ) ) ;
#1122 = DIRECTION ( 'NONE',  ( -0.000000000000000000, -0.000000000000000000, -1.000000000000000000 ) ) ;
#1123 = ORIENTED_EDGE ( 'NONE', *, *, #249, .F. ) ;
#1124 = CARTESIAN_POINT ( 'NONE',  ( -2.040125685172561099, 65.97032663101764172, 2.000000000000000000 ) ) ;
#1125 = DIRECTION ( 'NONE',  ( 1.000000000000000000, 0.000000000000000000, 0.000000000000000000 ) ) ;
#1126 = ADVANCED_FACE ( 'NONE', ( #1204 ), #518, .F. ) ;
#1127 = ADVANCED_FACE ( 'NONE', ( #632 ), #1082, .T. ) ;
#1128 = CARTESIAN_POINT ( 'NONE',  ( 0.7570000000000001172, 11.75999999999999979, 2.000000000000000000 ) ) ;
#1129 = ORIENTED_EDGE ( 'NONE', *, *, #40, .F. ) ;
#1130 = AXIS2_PLACEMENT_3D ( 'NONE', #806, #1010, #1246 ) ;
#1131 = ORIENTED_EDGE ( 'NONE', *, *, #934, .T. ) ;
#1132 = AXIS2_PLACEMENT_3D ( 'NONE', #874, #179, #962 ) ;
#1133 = ORIENTED_EDGE ( 'NONE', *, *, #251, .F. ) ;
#1134 = CARTESIAN_POINT ( 'NONE',  ( 52.61861762116811292, 3.968327729650625191, 2.000000000000000000 ) ) ;
#1135 = DIRECTION ( 'NONE',  ( 0.000000000000000000, 0.000000000000000000, -1.000000000000000000 ) ) ;
#1136 = DIRECTION ( 'NONE',  ( -1.000000000000000000, 0.000000000000000000, 0.000000000000000000 ) ) ;
#1137 = EDGE_CURVE ( 'NONE', #850, #719, #213, .T. ) ;
#1138 = VERTEX_POINT ( 'NONE', #345 ) ;
#1139 = CARTESIAN_POINT ( 'NONE',  ( 33.63530561777929506, 0.000000000000000000, 2.000000000000000000 ) ) ;
#1140 = DIRECTION ( 'NONE',  ( 0.000000000000000000, 0.000000000000000000, -1.000000000000000000 ) ) ;
#1141 = DIRECTION ( 'NONE',  ( 0.0001042891155878002536, 0.9999999945618901487, -0.000000000000000000 ) ) ;
#1142 = VERTEX_POINT ( 'NONE', #695 ) ;
#1143 = EDGE_CURVE ( 'NONE', #444, #490, #229, .T. ) ;
#1144 = ORIENTED_EDGE ( 'NONE', *, *, #1304, .T. ) ;
#1145 = CARTESIAN_POINT ( 'NONE',  ( 54.97499999999999432, 23.16500000000000270, 0.000000000000000000 ) ) ;
#1146 = FACE_OUTER_BOUND ( 'NONE', #1017, .T. ) ;
#1147 = DIRECTION ( 'NONE',  ( 1.000000000000000000, -0.000000000000000000, 0.000000000000000000 ) ) ;
#1148 = ORIENTED_EDGE ( 'NONE', *, *, #425, .T. ) ;
#1149 = ORIENTED_EDGE ( 'NONE', *, *, #407, .F. ) ;
#1150 = DIRECTION ( 'NONE',  ( 0.000000000000000000, 0.000000000000000000, -1.000000000000000000 ) ) ;
#1151 = EDGE_CURVE ( 'NONE', #1071, #793, #322, .T. ) ;
#1152 = AXIS2_PLACEMENT_3D ( 'NONE', #982, #437, #182 ) ;
#1153 = DIRECTION ( 'NONE',  ( 0.000000000000000000, -0.000000000000000000, 1.000000000000000000 ) ) ;
#1154 = CIRCLE ( 'NONE', #477, 7.000000000000000000 ) ;
#1155 = CARTESIAN_POINT ( 'NONE',  ( 59.62487521466801610, 63.97032663267740560, 2.000000000000000000 ) ) ;
#1156 = EDGE_LOOP ( 'NONE', ( #951, #725, #1352, #545 ) ) ;
#1157 = ORIENTED_EDGE ( 'NONE', *, *, #1055, .F. ) ;
#1158 = LINE ( 'NONE', #1053, #194 ) ;
#1159 = CIRCLE ( 'NONE', #171, 0.6000000000000033085 ) ;
#1160 = EDGE_CURVE ( 'NONE', #279, #893, #1120, .T. ) ;
#1161 = DIRECTION ( 'NONE',  ( -0.000000000000000000, 1.000000000000000000, 0.000000000000000000 ) ) ;
#1162 = LINE ( 'NONE', #362, #1473 ) ;
#1163 = ORIENTED_EDGE ( 'NONE', *, *, #979, .T. ) ;
#1164 = ORIENTED_EDGE ( 'NONE', *, *, #232, .T. ) ;
#1165 = ORIENTED_EDGE ( 'NONE', *, *, #753, .F. ) ;
#1166 = DIRECTION ( 'NONE',  ( 1.000000000000000000, 0.000000000000000000, 0.000000000000000000 ) ) ;
#1167 = CARTESIAN_POINT ( 'NONE',  ( 50.62487521466801610, 72.97032663101764172, 0.000000000000000000 ) ) ;
#1168 = B_SPLINE_CURVE_WITH_KNOTS ( 'NONE', 3,
 ( #1104, #867, #748, #428, #73, #511, #882, #963, #1331, #79, #1322, #1418 ),
 .UNSPECIFIED., .F., .F.,
 ( 4, 2, 2, 2, 2, 4 ),
 ( 0.000000000000000000, 0.2500000000000003331, 0.5000000000000006661, 0.6250000000000008882, 0.7500000000000009992, 1.000000000000000000 ),
 .UNSPECIFIED. ) ;
#1169 = ADVANCED_FACE ( 'NONE', ( #440 ), #339, .F. ) ;
#1170 = ORIENTED_EDGE ( 'NONE', *, *, #841, .F. ) ;
#1171 = DIRECTION ( 'NONE',  ( 0.000000000000000000, 0.000000000000000000, -1.000000000000000000 ) ) ;
#1172 = VERTEX_POINT ( 'NONE', #100 ) ;
#1173 = DIRECTION ( 'NONE',  ( 1.000000000000000000, 0.000000000000000000, 0.000000000000000000 ) ) ;
#1174 = CIRCLE ( 'NONE', #729, 0.6000000000000033085 ) ;
#1175 = CARTESIAN_POINT ( 'NONE',  ( -2.040125685172561099, 3.968327729650618529, 2.000000000000000000 ) ) ;
#1176 = CARTESIAN_POINT ( 'NONE',  ( 52.96774997991116152, 72.74130159768836279, 0.000000000000000000 ) ) ;
#1177 = VECTOR ( 'NONE', #802, 1000.000000000000000 ) ;
#1178 = VECTOR ( 'NONE', #52, 1000.000000000000227 ) ;
#1179 = AXIS2_PLACEMENT_3D ( 'NONE', #652, #1098, #293 ) ;
#1180 = CARTESIAN_POINT ( 'NONE',  ( 13.88257810979120777, 64.51002608338107791, 0.000000000000000000 ) ) ;
#1181 = EDGE_CURVE ( 'NONE', #736, #266, #435, .T. ) ;
#1182 = CARTESIAN_POINT ( 'NONE',  ( 14.31641524791677433, 14.60512789323294136, 5.000000000000000000 ) ) ;
#1183 = EDGE_LOOP ( 'NONE', ( #235, #301, #191, #370, #843, #1407, #606, #1164 ) ) ;
#1184 = CIRCLE ( 'NONE', #1091, 0.5999999999999998668 ) ;
#1185 = DIRECTION ( 'NONE',  ( 1.000000000000000000, 0.000000000000000000, 0.000000000000000000 ) ) ;
#1186 = CARTESIAN_POINT ( 'NONE',  ( 0.000000000000000000, 4.331477447866618924, 2.000000000000000000 ) ) ;
#1187 = CARTESIAN_POINT ( 'NONE',  ( 36.22600000000000620, 67.89399999999999125, 2.000000000000000000 ) ) ;
#1188 = ORIENTED_EDGE ( 'NONE', *, *, #1049, .T. ) ;
#1189 = ORIENTED_EDGE ( 'NONE', *, *, #1151, .T. ) ;
#1190 = LINE ( 'NONE', #1031, #429 ) ;
#1191 = ORIENTED_EDGE ( 'NONE', *, *, #604, .F. ) ;
#1192 = ADVANCED_FACE ( 'NONE', ( #685 ), #85, .F. ) ;
#1193 = DIRECTION ( 'NONE',  ( 0.000000000000000000, 0.000000000000000000, -1.000000000000000000 ) ) ;
#1194 = EDGE_CURVE ( 'NONE', #357, #668, #208, .T. ) ;
#1195 = CARTESIAN_POINT ( 'NONE',  ( 24.15654994109765852, 54.23637563801475636, 5.000000000000000000 ) ) ;
#1196 = DIRECTION ( 'NONE',  ( 1.000000000000000000, 0.000000000000000000, 0.000000000000000000 ) ) ;
#1197 = ORIENTED_EDGE ( 'NONE', *, *, #555, .F. ) ;
#1198 = PLANE ( 'NONE',  #1376 ) ;
#1199 = EDGE_LOOP ( 'NONE', ( #336, #1399, #236, #160 ) ) ;
#1200 = CARTESIAN_POINT ( 'NONE',  ( -2.040125685172561099, 3.968327729650611424, 2.000000000000000000 ) ) ;
#1201 = ORIENTED_EDGE ( 'NONE', *, *, #881, .T. ) ;
#1202 = DIRECTION ( 'NONE',  ( 0.000000000000000000, 0.000000000000000000, -1.000000000000000000 ) ) ;
#1203 = EDGE_CURVE ( 'NONE', #719, #850, #1184, .T. ) ;
#1204 = FACE_OUTER_BOUND ( 'NONE', #507, .T. ) ;
#1205 = AXIS2_PLACEMENT_3D ( 'NONE', #584, #1147, #703 ) ;
#1206 = VECTOR ( 'NONE', #237, 1000.000000000000000 ) ;
#1207 = CARTESIAN_POINT ( 'NONE',  ( 3.257000000000000561, 11.75999999999999979, 1.000000000000000000 ) ) ;
#1208 = LINE ( 'NONE', #81, #1350 ) ;
#1209 = ORIENTED_EDGE ( 'NONE', *, *, #992, .F. ) ;
#1210 = PLANE ( 'NONE',  #264 ) ;
#1211 = LINE ( 'NONE', #1195, #785 ) ;
#1212 = CARTESIAN_POINT ( 'NONE',  ( 0.000000000000000000, 54.23637563801475636, 2.000000000000000000 ) ) ;
#1213 = EDGE_CURVE ( 'NONE', #504, #558, #1337, .T. ) ;
#1214 = AXIS2_PLACEMENT_3D ( 'NONE', #524, #281, #1185 ) ;
#1215 = ORIENTED_EDGE ( 'NONE', *, *, #971, .F. ) ;
#1216 = ORIENTED_EDGE ( 'NONE', *, *, #101, .T. ) ;
#1217 =( NAMED_UNIT ( * ) PLANE_ANGLE_UNIT ( ) SI_UNIT ( $, .RADIAN. ) );
#1218 = CARTESIAN_POINT ( 'NONE',  ( 33.63530561777929506, 54.27958569903599795, 0.000000000000000000 ) ) ;
#1219 = CARTESIAN_POINT ( 'NONE',  ( 23.76284665593176726, 14.60512789323294136, 0.000000000000000000 ) ) ;
#1220 = FACE_OUTER_BOUND ( 'NONE', #89, .T. ) ;
#1221 = VERTEX_POINT ( 'NONE', #918 ) ;
#1222 = FACE_BOUND ( 'NONE', #226, .T. ) ;
#1223 = LINE ( 'NONE', #1112, #636 ) ;
#1224 = B_SPLINE_CURVE_WITH_KNOTS ( 'NONE', 3,
 ( #1167, #608, #1176, #1060, #925, #389, #45, #384, #1394, #616, #481, #131 ),
 .UNSPECIFIED., .F., .F.,
 ( 4, 2, 2, 2, 2, 4 ),
 ( 0.000000000000000000, 0.2500000000000005551, 0.5000000000000011102, 0.6250000000000007772, 0.7500000000000005551, 1.000000000000000000 ),
 .UNSPECIFIED. ) ;
#1225 = CARTESIAN_POINT ( 'NONE',  ( 0.000000000000000000, 64.51002608338107791, 2.000000000000000000 ) ) ;
#1226 = DIRECTION ( 'NONE',  ( 1.000000000000000000, 0.000000000000000000, 0.000000000000000000 ) ) ;
#1227 = VECTOR ( 'NONE', #747, 1000.000000000000000 ) ;
#1228 = ORIENTED_EDGE ( 'NONE', *, *, #814, .F. ) ;
#1229 = ORIENTED_EDGE ( 'NONE', *, *, #1369, .F. ) ;
#1230 = ADVANCED_FACE ( 'NONE', ( #224 ), #259, .T. ) ;
#1231 = VECTOR ( 'NONE', #1171, 1000.000000000000000 ) ;
#1232 = APPLICATION_PROTOCOL_DEFINITION ( 'draft international standard', 'automotive_design', 1998, #688 ) ;
#1233 = EDGE_LOOP ( 'NONE', ( #744, #1201, #937, #1433 ) ) ;
#1234 = CARTESIAN_POINT ( 'NONE',  ( 4.959874314827438013, 72.97032663101764172, 2.000000000000000000 ) ) ;
#1235 = FILL_AREA_STYLE ('',( #888 ) ) ;
#1236 = MANIFOLD_SOLID_BREP ( 'Cut-Extrude4', #683 ) ;
#1237 = CARTESIAN_POINT ( 'NONE',  ( 54.32499999999999574, 23.16500000000000270, 2.000000000000000000 ) ) ;
#1238 = AXIS2_PLACEMENT_3D ( 'NONE', #1270, #37, #833 ) ;
#1239 = ORIENTED_EDGE ( 'NONE', *, *, #667, .T. ) ;
#1240 = PRODUCT_DEFINITION_SHAPE ( 'NONE', 'NONE',  #647 ) ;
#1241 = EDGE_LOOP ( 'NONE', ( #1261, #635, #601, #326 ) ) ;
#1242 = ADVANCED_FACE ( 'NONE', ( #1378 ), #1014, .T. ) ;
#1243 = CARTESIAN_POINT ( 'NONE',  ( 59.62487521466801610, 63.97032663267740560, 2.000000000000000000 ) ) ;
#1244 = CARTESIAN_POINT ( 'NONE',  ( 59.61861758181068183, -3.031672270349377918, 2.000000000000000000 ) ) ;
#1245 = EDGE_CURVE ( 'NONE', #485, #945, #94, .T. ) ;
#1246 = DIRECTION ( 'NONE',  ( -1.000000000000000000, 0.000000000000000000, 0.000000000000000000 ) ) ;
#1247 = ORIENTED_EDGE ( 'NONE', *, *, #1431, .T. ) ;
#1248 = FACE_OUTER_BOUND ( 'NONE', #1183, .T. ) ;
#1249 = CARTESIAN_POINT ( 'NONE',  ( 0.000000000000000000, 14.60512789323294136, 2.000000000000000000 ) ) ;
#1250 = EDGE_CURVE ( 'NONE', #46, #1012, #715, .T. ) ;
#1251 = FACE_OUTER_BOUND ( 'NONE', #1470, .T. ) ;
#1252 = VERTEX_POINT ( 'NONE', #480 ) ;
#1253 = AXIS2_PLACEMENT_3D ( 'NONE', #799, #571, #318 ) ;
#1254 = VERTEX_POINT ( 'NONE', #946 ) ;
#1255 = VECTOR ( 'NONE', #1316, 1000.000000000000000 ) ;
#1256 = CARTESIAN_POINT ( 'NONE',  ( 13.88257810979120777, 54.23637563801475636, 5.000000000000000000 ) ) ;
#1257 = CARTESIAN_POINT ( 'NONE',  ( 59.62487521466801610, 63.97032663101764882, 1.366666666666667140 ) ) ;
#1258 = EDGE_CURVE ( 'NONE', #914, #357, #720, .T. ) ;
#1259 = FACE_OUTER_BOUND ( 'NONE', #1462, .T. ) ;
#1260 = ORIENTED_EDGE ( 'NONE', *, *, #934, .F. ) ;
#1261 = ORIENTED_EDGE ( 'NONE', *, *, #1049, .F. ) ;
#1262 = PLANE ( 'NONE',  #189 ) ;
#1263 = CYLINDRICAL_SURFACE ( 'NONE', #885, 0.5999999999999998668 ) ;
#1264 = CARTESIAN_POINT ( 'NONE',  ( 4.295687810014245933, 64.51002608338107791, 0.000000000000000000 ) ) ;
#1265 = DIRECTION ( 'NONE',  ( -1.000000000000000000, 0.000000000000000000, -0.000000000000000000 ) ) ;
#1266 = VERTEX_POINT ( 'NONE', #1393 ) ;
#1267 = EDGE_CURVE ( 'NONE', #1099, #839, #16, .T. ) ;
#1268 = ORIENTED_EDGE ( 'NONE', *, *, #346, .F. ) ;
#1269 = DIRECTION ( 'NONE',  ( 1.000000000000000000, 0.000000000000000000, 0.000000000000000000 ) ) ;
#1270 = CARTESIAN_POINT ( 'NONE',  ( 55.57500000000000284, 23.16500000000000270, 1.000000000000000000 ) ) ;
#1271 = DIRECTION ( 'NONE',  ( -0.9999999945618902597, 0.0001042891155878002672, 0.000000000000000000 ) ) ;
#1272 = DIRECTION ( 'NONE',  ( -1.000000000000000000, 0.000000000000000000, 0.000000000000000000 ) ) ;
#1273 = ORIENTED_EDGE ( 'NONE', *, *, #454, .F. ) ;
#1274 = AXIS2_PLACEMENT_3D ( 'NONE', #1340, #233, #557 ) ;
#1275 = ORIENTED_EDGE ( 'NONE', *, *, #538, .T. ) ;
#1276 = EDGE_CURVE ( 'NONE', #157, #1102, #922, .T. ) ;
#1277 = CARTESIAN_POINT ( 'NONE',  ( 43.90927744908574226, 14.60512789323294136, 5.000000000000000000 ) ) ;
#1278 = AXIS2_PLACEMENT_3D ( 'NONE', #563, #583, #473 ) ;
#1279 = AXIS2_PLACEMENT_3D ( 'NONE', #1427, #406, #1307 ) ;
#1280 = LINE ( 'NONE', #947, #141 ) ;
#1281 = DIRECTION ( 'NONE',  ( 1.000000000000000000, 0.000000000000000000, 0.000000000000000000 ) ) ;
#1282 = VERTEX_POINT ( 'NONE', #932 ) ;
#1283 = EDGE_LOOP ( 'NONE', ( #152, #1385, #296, #127 ) ) ;
#1284 = CARTESIAN_POINT ( 'NONE',  ( 4.295687810014245933, 14.60512789323294136, 5.000000000000000000 ) ) ;
#1285 = AXIS2_PLACEMENT_3D ( 'NONE', #154, #582, #1166 ) ;
#1286 = CARTESIAN_POINT ( 'NONE',  ( 24.15654994109765852, 0.000000000000000000, 2.000000000000000000 ) ) ;
#1287 = EDGE_LOOP ( 'NONE', ( #648, #974, #1320, #1034 ) ) ;
#1288 = VERTEX_POINT ( 'NONE', #602 ) ;
#1289 = DIRECTION ( 'NONE',  ( 0.000000000000000000, 1.000000000000000000, 0.000000000000000000 ) ) ;
#1290 = CARTESIAN_POINT ( 'NONE',  ( 59.61861758310134718, 3.967597705841499511, 0.000000000000000000 ) ) ;
#1291 = LINE ( 'NONE', #1286, #906 ) ;
#1292 = EDGE_CURVE ( 'NONE', #579, #1282, #383, .T. ) ;
#1293 = CARTESIAN_POINT ( 'NONE',  ( 50.62487521466800899, 72.97032663101764172, 2.000000000000000000 ) ) ;
#1294 = DIRECTION ( 'NONE',  ( -0.000000000000000000, -0.000000000000000000, -1.000000000000000000 ) ) ;
#1295 = EDGE_LOOP ( 'NONE', ( #704, #1406 ) ) ;
#1296 = DIRECTION ( 'NONE',  ( -0.000000000000000000, -0.000000000000000000, 1.000000000000000000 ) ) ;
#1297 = CARTESIAN_POINT ( 'NONE',  ( 33.63530561777929506, 54.27958569903599795, 2.000000000000000000 ) ) ;
#1298 = DIRECTION ( 'NONE',  ( -0.000000000000000000, -0.000000000000000000, 1.000000000000000000 ) ) ;
#1299 = VECTOR ( 'NONE', #670, 1000.000000000000000 ) ;
#1300 = EDGE_CURVE ( 'NONE', #1254, #387, #1158, .T. ) ;
#1301 = AXIS2_PLACEMENT_3D ( 'NONE', #202, #1298, #284 ) ;
#1302 = EDGE_LOOP ( 'NONE', ( #565, #960, #1065, #35 ) ) ;
#1303 = FACE_OUTER_BOUND ( 'NONE', #539, .T. ) ;
#1304 = EDGE_CURVE ( 'NONE', #950, #421, #840, .T. ) ;
#1305 = VERTEX_POINT ( 'NONE', #1401 ) ;
#1306 = CARTESIAN_POINT ( 'NONE',  ( 14.31641524791677433, 0.000000000000000000, 2.000000000000000000 ) ) ;
#1307 = DIRECTION ( 'NONE',  ( -1.000000000000000000, 0.000000000000000000, 0.000000000000000000 ) ) ;
#1308 = ORIENTED_EDGE ( 'NONE', *, *, #1276, .F. ) ;
#1309 = CARTESIAN_POINT ( 'NONE',  ( -2.040125685172561099, 65.97032663101764172, 0.000000000000000000 ) ) ;
#1310 = ORIENTED_EDGE ( 'NONE', *, *, #409, .T. ) ;
#1311 = EDGE_CURVE ( 'NONE', #1479, #1094, #363, .T. ) ;
#1312 = LINE ( 'NONE', #1318, #1357 ) ;
#1313 = DIRECTION ( 'NONE',  ( 0.000000000000000000, 0.000000000000000000, 1.000000000000000000 ) ) ;
#1314 = FACE_OUTER_BOUND ( 'NONE', #1287, .T. ) ;
#1315 = CARTESIAN_POINT ( 'NONE',  ( 0.000000000000000000, 0.000000000000000000, 2.000000000000000000 ) ) ;
#1316 = DIRECTION ( 'NONE',  ( 0.000000000000000000, -1.000000000000000000, 0.000000000000000000 ) ) ;
#1317 = ORIENTED_EDGE ( 'NONE', *, *, #572, .T. ) ;
#1318 = CARTESIAN_POINT ( 'NONE',  ( 54.32499999999999574, 23.16500000000000270, 1.000000000000000000 ) ) ;
#1319 = ADVANCED_FACE ( 'NONE', ( #268 ), #373, .T. ) ;
#1320 = ORIENTED_EDGE ( 'NONE', *, *, #769, .T. ) ;
#1321 = CARTESIAN_POINT ( 'NONE',  ( 43.90927744908573516, 4.332563367193131398, 2.000000000000000000 ) ) ;
#1322 = CARTESIAN_POINT ( 'NONE',  ( 51.82134653198699681, 72.97032663101762751, 1.999999999999999556 ) ) ;
#1323 = VECTOR ( 'NONE', #354, 1000.000000000000000 ) ;
#1324 = CIRCLE ( 'NONE', #1348, 1.250000000000000222 ) ;
#1325 = VECTOR ( 'NONE', #842, 1000.000000000000000 ) ;
#1326 = CARTESIAN_POINT ( 'NONE',  ( 34.97599999999999909, 67.89399999999999125, 1.000000000000000000 ) ) ;
#1327 = LINE ( 'NONE', #779, #43 ) ;
#1328 = ORIENTED_EDGE ( 'NONE', *, *, #216, .T. ) ;
#1329 = CARTESIAN_POINT ( 'NONE',  ( 2.007000000000000117, 11.75999999999999979, 1.000000000000000000 ) ) ;
#1330 = FACE_BOUND ( 'NONE', #928, .T. ) ;
#1331 = CARTESIAN_POINT ( 'NONE',  ( 54.62866091589351214, 72.05280827562964419, 1.999999999999999556 ) ) ;
#1332 = ADVANCED_FACE ( 'NONE', ( #42 ), #1263, .F. ) ;
#1333 = FACE_BOUND ( 'NONE', #80, .T. ) ;
#1334 = FACE_BOUND ( 'NONE', #1469, .T. ) ;
#1335 = VERTEX_POINT ( 'NONE', #826 ) ;
#1336 = DIRECTION ( 'NONE',  ( 1.000000000000000000, -0.000000000000000000, -0.000000000000000000 ) ) ;
#1337 = LINE ( 'NONE', #1459, #551 ) ;
#1338 = CARTESIAN_POINT ( 'NONE',  ( 23.76284665593176726, 4.331477447866618924, 2.000000000000000000 ) ) ;
#1339 = EDGE_CURVE ( 'NONE', #1254, #559, #123, .T. ) ;
#1340 = CARTESIAN_POINT ( 'NONE',  ( -2.040125685172561099, 72.97032663101764172, 2.000000000000000000 ) ) ;
#1341 = DIRECTION ( 'NONE',  ( 0.000000000000000000, 0.000000000000000000, -1.000000000000000000 ) ) ;
#1342 = ORIENTED_EDGE ( 'NONE', *, *, #1137, .T. ) ;
#1343 =( NAMED_UNIT ( * ) SI_UNIT ( $, .STERADIAN. ) SOLID_ANGLE_UNIT ( ) );
#1344 = CARTESIAN_POINT ( 'NONE',  ( 34.03681848723820735, 4.331477447866618924, 5.000000000000000000 ) ) ;
#1345 = CARTESIAN_POINT ( 'NONE',  ( 59.62487521466800899, 72.97032663101764172, -0.1000000000000002692 ) ) ;
#1346 = LINE ( 'NONE', #4, #497 ) ;
#1347 = DIRECTION ( 'NONE',  ( -1.000000000000000000, 0.000000000000000000, -0.000000000000000000 ) ) ;
#1348 = AXIS2_PLACEMENT_3D ( 'NONE', #307, #172, #195 ) ;
#1349 = EDGE_CURVE ( 'NONE', #469, #1052, #701, .T. ) ;
#1350 = VECTOR ( 'NONE', #431, 1000.000000000000000 ) ;
#1351 = ORIENTED_EDGE ( 'NONE', *, *, #1213, .F. ) ;
#1352 = ORIENTED_EDGE ( 'NONE', *, *, #745, .T. ) ;
#1353 = EDGE_CURVE ( 'NONE', #793, #461, #1115, .T. ) ;
#1354 = ORIENTED_EDGE ( 'NONE', *, *, #1267, .F. ) ;
#1355 = DIRECTION ( 'NONE',  ( -1.000000000000000000, 0.000000000000000000, 0.000000000000000000 ) ) ;
#1356 = CARTESIAN_POINT ( 'NONE',  ( 53.42468767129887652, 14.60512789323294136, 5.000000000000000000 ) ) ;
#1357 = VECTOR ( 'NONE', #305, 1000.000000000000000 ) ;
#1358 = DIRECTION ( 'NONE',  ( -1.000000000000000000, 0.000000000000000000, -0.000000000000000000 ) ) ;
#1359 = VECTOR ( 'NONE', #1066, 1000.000000000000114 ) ;
#1360 = ORIENTED_EDGE ( 'NONE', *, *, #623, .T. ) ;
#1361 = ORIENTED_EDGE ( 'NONE', *, *, #640, .F. ) ;
#1362 = EDGE_CURVE ( 'NONE', #1479, #719, #746, .T. ) ;
#1363 = DIRECTION ( 'NONE',  ( 0.000000000000000000, 0.000000000000000000, -1.000000000000000000 ) ) ;
#1364 = CARTESIAN_POINT ( 'NONE',  ( 50.62487521466800899, 72.97032663101764172, 2.100000000000000089 ) ) ;
#1365 = CYLINDRICAL_SURFACE ( 'NONE', #1130, 0.5999999999999998668 ) ;
#1366 = ORIENTED_EDGE ( 'NONE', *, *, #204, .F. ) ;
#1367 = ORIENTED_EDGE ( 'NONE', *, *, #1458, .F. ) ;
#1368 = CARTESIAN_POINT ( 'NONE',  ( 59.62487521466801610, 63.97032663267740560, 0.000000000000000000 ) ) ;
#1369 = EDGE_CURVE ( 'NONE', #485, #183, #1312, .T. ) ;
#1370 = CARTESIAN_POINT ( 'NONE',  ( 43.90927744908574226, 14.60512789323294136, 0.000000000000000000 ) ) ;
#1371 = CARTESIAN_POINT ( 'NONE',  ( 14.31641524791677433, 4.331477447866618924, 0.000000000000000000 ) ) ;
#1372 = VECTOR ( 'NONE', #1420, 1000.000000000000114 ) ;
#1373 = ORIENTED_EDGE ( 'NONE', *, *, #889, .T. ) ;
#1374 = AXIS2_PLACEMENT_3D ( 'NONE', #1027, #228, #207 ) ;
#1375 = ORIENTED_EDGE ( 'NONE', *, *, #1400, .T. ) ;
#1376 = AXIS2_PLACEMENT_3D ( 'NONE', #869, #771, #11 ) ;
#1377 = CARTESIAN_POINT ( 'NONE',  ( 2.007000000000000117, 11.75999999999999979, 1.000000000000000000 ) ) ;
#1378 = FACE_OUTER_BOUND ( 'NONE', #1199, .T. ) ;
#1379 = VECTOR ( 'NONE', #639, 1000.000000000000000 ) ;
#1380 = LINE ( 'NONE', #847, #499 ) ;
#1381 = ADVANCED_FACE ( 'NONE', ( #540 ), #1210, .F. ) ;
#1382 = CARTESIAN_POINT ( 'NONE',  ( 52.61861762116811292, 3.968327729650625191, 0.000000000000000000 ) ) ;
#1383 = STYLED_ITEM ( 'NONE', ( #905 ), #1236 ) ;
#1384 = ORIENTED_EDGE ( 'NONE', *, *, #1004, .T. ) ;
#1385 = ORIENTED_EDGE ( 'NONE', *, *, #1476, .F. ) ;
#1386 = LINE ( 'NONE', #122, #403 ) ;
#1387 = DIRECTION ( 'NONE',  ( -0.9999896096461816652, -0.004558574303137204707, 0.000000000000000000 ) ) ;
#1388 = DIRECTION ( 'NONE',  ( 0.000000000000000000, 0.000000000000000000, 1.000000000000000000 ) ) ;
#1389 = DIRECTION ( 'NONE',  ( 0.000000000000000000, 0.000000000000000000, 1.000000000000000000 ) ) ;
#1390 = EDGE_CURVE ( 'NONE', #1478, #294, #637, .T. ) ;
#1391 = ORIENTED_EDGE ( 'NONE', *, *, #24, .T. ) ;
#1392 = VERTEX_POINT ( 'NONE', #1434 ) ;
#1393 = CARTESIAN_POINT ( 'NONE',  ( 34.03681848723820735, 4.331477447866618924, 0.000000000000000000 ) ) ;
#1394 = CARTESIAN_POINT ( 'NONE',  ( 58.70735685928001146, 67.97411233225794547, 0.000000000000000000 ) ) ;
#1395 = CARTESIAN_POINT ( 'NONE',  ( 43.90927744908574226, 14.60512789323294136, 5.000000000000000000 ) ) ;
#1396 = ORIENTED_EDGE ( 'NONE', *, *, #1476, .T. ) ;
#1397 = ORIENTED_EDGE ( 'NONE', *, *, #49, .F. ) ;
#1398 = VECTOR ( 'NONE', #151, 1000.000000000000000 ) ;
#1399 = ORIENTED_EDGE ( 'NONE', *, *, #1292, .T. ) ;
#1400 = EDGE_CURVE ( 'NONE', #341, #445, #1424, .T. ) ;
#1401 = CARTESIAN_POINT ( 'NONE',  ( 50.62487521466800899, 72.97032663101764172, 2.000000000000000000 ) ) ;
#1402 = AXIS2_PLACEMENT_3D ( 'NONE', #892, #324, #1226 ) ;
#1403 = CIRCLE ( 'NONE', #68, 1.250000000000000222 ) ;
#1404 = FACE_OUTER_BOUND ( 'NONE', #1156, .T. ) ;
#1405 = ORIENTED_EDGE ( 'NONE', *, *, #1001, .T. ) ;
#1406 = ORIENTED_EDGE ( 'NONE', *, *, #198, .T. ) ;
#1407 = ORIENTED_EDGE ( 'NONE', *, *, #1353, .T. ) ;
#1408 = VECTOR ( 'NONE', #402, 1000.000000000000000 ) ;
#1409 = DIRECTION ( 'NONE',  ( 1.000000000000000000, 0.000000000000000000, 0.000000000000000000 ) ) ;
#1410 = ADVANCED_FACE ( 'NONE', ( #629 ), #418, .T. ) ;
#1411 = CARTESIAN_POINT ( 'NONE',  ( 54.97499999999999432, 23.16500000000000270, 5.000000000000000000 ) ) ;
#1412 = ORIENTED_EDGE ( 'NONE', *, *, #803, .F. ) ;
#1413 = CYLINDRICAL_SURFACE ( 'NONE', #475, 1.250000000000007994 ) ;
#1414 = VERTEX_POINT ( 'NONE', #1096 ) ;
#1415 = DIRECTION ( 'NONE',  ( 1.000000000000000000, 0.000000000000000000, 0.000000000000000000 ) ) ;
#1416 = ADVANCED_FACE ( 'NONE', ( #993 ), #738, .F. ) ;
#1417 = DIRECTION ( 'NONE',  ( -0.0001099948173134468520, 0.9999999939505701541, 0.000000000000000000 ) ) ;
#1418 = CARTESIAN_POINT ( 'NONE',  ( 50.62487521466800899, 72.97032663101764172, 2.000000000000000000 ) ) ;
#1419 = EDGE_CURVE ( 'NONE', #461, #320, #533, .T. ) ;
#1420 = DIRECTION ( 'NONE',  ( 0.9999999939505700430, 0.0001099948173134468384, 0.000000000000000000 ) ) ;
#1421 = CARTESIAN_POINT ( 'NONE',  ( 34.37599999999999767, 67.89399999999999125, 5.000000000000000000 ) ) ;
#1422 = ORIENTED_EDGE ( 'NONE', *, *, #261, .F. ) ;
#1423 = AXIS2_PLACEMENT_3D ( 'NONE', #1382, #1029, #1050 ) ;
#1424 = LINE ( 'NONE', #851, #28 ) ;
#1425 = AXIS2_PLACEMENT_3D ( 'NONE', #225, #935, #1281 ) ;
#1426 = CARTESIAN_POINT ( 'NONE',  ( 24.15654994109765852, 64.51002608338107791, 2.000000000000000000 ) ) ;
#1427 = CARTESIAN_POINT ( 'NONE',  ( 34.97599999999999909, 67.89399999999999125, 5.000000000000000000 ) ) ;
#1428 = EDGE_LOOP ( 'NONE', ( #1268, #30 ) ) ;
#1429 = AXIS2_PLACEMENT_3D ( 'NONE', #1377, #856, #581 ) ;
#1430 = VECTOR ( 'NONE', #316, 1000.000000000000000 ) ;
#1431 = EDGE_CURVE ( 'NONE', #357, #1099, #726, .T. ) ;
#1432 = DIRECTION ( 'NONE',  ( 0.000000000000000000, 0.000000000000000000, 1.000000000000000000 ) ) ;
#1433 = ORIENTED_EDGE ( 'NONE', *, *, #317, .F. ) ;
#1434 = CARTESIAN_POINT ( 'NONE',  ( 33.63530561777929506, 64.55323614440233371, 0.000000000000000000 ) ) ;
#1435 = CARTESIAN_POINT ( 'NONE',  ( 14.31641524791677433, 4.331477447866618924, 0.000000000000000000 ) ) ;
#1436 = CARTESIAN_POINT ( 'NONE',  ( 13.88257810979120777, 64.51002608338107791, 5.000000000000000000 ) ) ;
#1437 = FACE_OUTER_BOUND ( 'NONE', #416, .T. ) ;
#1438 = EDGE_CURVE ( 'NONE', #445, #279, #63, .T. ) ;
#1439 = VERTEX_POINT ( 'NONE', #1079 ) ;
#1440 = CARTESIAN_POINT ( 'NONE',  ( -2.040125685172561099, 65.97032663101764172, 2.000000000000000000 ) ) ;
#1441 = ORIENTED_EDGE ( 'NONE', *, *, #1004, .F. ) ;
#1442 = LINE ( 'NONE', #1089, #426 ) ;
#1443 = CARTESIAN_POINT ( 'NONE',  ( 4.959874314827438901, 72.97032663101764172, 2.000000000000000000 ) ) ;
#1444 = LINE ( 'NONE', #277, #657 ) ;
#1445 = ORIENTED_EDGE ( 'NONE', *, *, #796, .F. ) ;
#1446 = DIRECTION ( 'NONE',  ( 6.754782494982536027E-16, 1.000000000000000000, -0.000000000000000000 ) ) ;
#1447 = ADVANCED_FACE ( 'NONE', ( #644 ), #177, .F. ) ;
#1448 = DIRECTION ( 'NONE',  ( 1.000000000000000000, 0.000000000000000000, 0.000000000000000000 ) ) ;
#1449 = DIRECTION ( 'NONE',  ( -0.000000000000000000, -0.000000000000000000, 1.000000000000000000 ) ) ;
#1450 = CIRCLE ( 'NONE', #1425, 1.250000000000007994 ) ;
#1451 = VECTOR ( 'NONE', #51, 1000.000000000000000 ) ;
#1452 = CIRCLE ( 'NONE', #1429, 0.5999999999999998668 ) ;
#1453 = CARTESIAN_POINT ( 'NONE',  ( 4.959874314827438013, 3.968327729650614977, 2.000000000000000000 ) ) ;
#1454 = CARTESIAN_POINT ( 'NONE',  ( 34.97599999999999909, 67.89399999999999125, 1.000000000000000000 ) ) ;
#1455 = AXIS2_PLACEMENT_3D ( 'NONE', #827, #253, #1153 ) ;
#1456 = ORIENTED_EDGE ( 'NONE', *, *, #223, .T. ) ;
#1457 = LINE ( 'NONE', #321, #1107 ) ;
#1458 = EDGE_CURVE ( 'NONE', #1252, #1142, #985, .T. ) ;
#1459 = CARTESIAN_POINT ( 'NONE',  ( 13.88257810979120777, 54.23637563801475636, 0.000000000000000000 ) ) ;
#1460 = CARTESIAN_POINT ( 'NONE',  ( 23.76284665593176726, 14.60512789323294136, 5.000000000000000000 ) ) ;
#1461 = CARTESIAN_POINT ( 'NONE',  ( 13.88257810979120777, 64.51002608338107791, 2.000000000000000000 ) ) ;
#1462 = EDGE_LOOP ( 'NONE', ( #82, #1373, #1260, #250 ) ) ;
#1463 = CARTESIAN_POINT ( 'NONE',  ( 53.42468767129887652, 64.51002608338107791, 5.000000000000000000 ) ) ;
#1464 = DIRECTION ( 'NONE',  ( 1.000000000000000000, 0.000000000000000000, 0.000000000000000000 ) ) ;
#1465 = EDGE_CURVE ( 'NONE', #674, #1288, #1159, .T. ) ;
#1466 = EDGE_CURVE ( 'NONE', #349, #559, #614, .T. ) ;
#1467 = PLANE ( 'NONE',  #834 ) ;
#1468 = VERTEX_POINT ( 'NONE', #50 ) ;
#1469 = EDGE_LOOP ( 'NONE', ( #1396, #1085 ) ) ;
#1470 = EDGE_LOOP ( 'NONE', ( #7, #773, #772, #1056 ) ) ;
#1471 = FACE_OUTER_BOUND ( 'NONE', #53, .T. ) ;
#1472 = CARTESIAN_POINT ( 'NONE',  ( 59.62487521466800899, 72.97032663101764172, 1.366666666666667140 ) ) ;
#1473 = VECTOR ( 'NONE', #474, 1000.000000000000000 ) ;
#1474 = CARTESIAN_POINT ( 'NONE',  ( 34.03681848723820735, 4.331477447866618924, 5.000000000000000000 ) ) ;
#1475 = AXIS2_PLACEMENT_3D ( 'NONE', #132, #1044, #466 ) ;
#1476 = EDGE_CURVE ( 'NONE', #372, #1468, #456, .T. ) ;
#1477 = AXIS2_PLACEMENT_3D ( 'NONE', #1454, #884, #864 ) ;
#1478 = VERTEX_POINT ( 'NONE', #56 ) ;
#1479 = VERTEX_POINT ( 'NONE', #515 ) ;
ENDSEC;
END-ISO-10303-21;
