ISO-10303-21;
HEADER;
FILE_DESCRIPTION (( 'STEP AP214' ),
    '1' );
FILE_NAME ('support2.STEP',
    '2024-05-21T05:59:58',
    ( '' ),
    ( '' ),
    'SwSTEP 2.0',
    'SolidWorks 2023',
    '' );
FILE_SCHEMA (( 'AUTOMOTIVE_DESIGN' ));
ENDSEC;

DATA;
#1 = CARTESIAN_POINT ( 'NONE',  ( -0.2540101100096064379, 41.44666507051483251, -19.61999999999999744 ) ) ;
#2 = ORIENTED_EDGE ( 'NONE', *, *, #2076, .F. ) ;
#3 = PLANE ( 'NONE',  #439 ) ;
#4 = EDGE_CURVE ( 'NONE', #1015, #208, #1993, .T. ) ;
#5 = DIRECTION ( 'NONE',  ( -0.000000000000000000, -0.000000000000000000, 1.000000000000000000 ) ) ;
#6 = ORIENTED_EDGE ( 'NONE', *, *, #1906, .F. ) ;
#7 = ADVANCED_FACE ( 'NONE', ( #1972 ), #992, .F. ) ;
#8 = ORIENTED_EDGE ( 'NONE', *, *, #888, .T. ) ;
#9 = CARTESIAN_POINT ( 'NONE',  ( 26.95491612274526005, 22.51301674386550999, -13.92000000000000171 ) ) ;
#10 = CARTESIAN_POINT ( 'NONE',  ( 54.87887073153290629, 5.381323318584004589, -4.620000000000000107 ) ) ;
#11 = ORIENTED_EDGE ( 'NONE', *, *, #264, .F. ) ;
#12 = DIRECTION ( 'NONE',  ( 1.000000000000000000, 0.000000000000000000, -0.000000000000000000 ) ) ;
#13 = PLANE ( 'NONE',  #2103 ) ;
#14 = VERTEX_POINT ( 'NONE', #517 ) ;
#15 = EDGE_CURVE ( 'NONE', #157, #28, #805, .T. ) ;
#16 = AXIS2_PLACEMENT_3D ( 'NONE', #1506, #1667, #1853 ) ;
#17 = DIRECTION ( 'NONE',  ( 1.000000000000000000, 0.000000000000000000, 0.000000000000000000 ) ) ;
#18 = VERTEX_POINT ( 'NONE', #525 ) ;
#19 = AXIS2_PLACEMENT_3D ( 'NONE', #619, #1754, #972 ) ;
#20 = ADVANCED_FACE ( 'NONE', ( #1180 ), #329, .T. ) ;
#21 = AXIS2_PLACEMENT_3D ( 'NONE', #1585, #627, #133 ) ;
#22 = DIRECTION ( 'NONE',  ( 0.000000000000000000, -0.000000000000000000, -1.000000000000000000 ) ) ;
#23 = CARTESIAN_POINT ( 'NONE',  ( 3.694688131283520249, 26.48044654559283728, -5.620000000000000107 ) ) ;
#24 = SHAPE_DEFINITION_REPRESENTATION ( #953, #146 ) ;
#25 = LINE ( 'NONE', #1023, #404 ) ;
#26 = AXIS2_PLACEMENT_3D ( 'NONE', #693, #671, #555 ) ;
#27 = FACE_OUTER_BOUND ( 'NONE', #282, .T. ) ;
#28 = VERTEX_POINT ( 'NONE', #1500 ) ;
#29 = AXIS2_PLACEMENT_3D ( 'NONE', #1215, #58, #893 ) ;
#30 = DIRECTION ( 'NONE',  ( -0.000000000000000000, 1.000000000000000000, -0.000000000000000000 ) ) ;
#31 = ORIENTED_EDGE ( 'NONE', *, *, #767, .T. ) ;
#32 = EDGE_CURVE ( 'NONE', #270, #1323, #991, .T. ) ;
#33 = LINE ( 'NONE', #969, #583 ) ;
#34 = CARTESIAN_POINT ( 'NONE',  ( 44.65757000822212319, 47.99356986567008931, -4.620000000000000107 ) ) ;
#35 = ORIENTED_EDGE ( 'NONE', *, *, #1266, .F. ) ;
#36 = EDGE_CURVE ( 'NONE', #118, #228, #25, .T. ) ;
#37 = CARTESIAN_POINT ( 'NONE',  ( 51.41466681408210349, 64.86806471233578009, -4.620000000000000107 ) ) ;
#38 = DIRECTION ( 'NONE',  ( 6.982962677686266711E-15, -0.000000000000000000, 1.000000000000000000 ) ) ;
#39 = ORIENTED_EDGE ( 'NONE', *, *, #264, .T. ) ;
#40 = CARTESIAN_POINT ( 'NONE',  ( 57.88700103759798310, 63.04000091552700269, -4.620000000000404228 ) ) ;
#41 = VERTEX_POINT ( 'NONE', #170 ) ;
#42 = DIRECTION ( 'NONE',  ( -0.000000000000000000, -1.000000000000000000, -0.000000000000000000 ) ) ;
#43 = EDGE_CURVE ( 'NONE', #2075, #642, #1600, .T. ) ;
#44 = CARTESIAN_POINT ( 'NONE',  ( 49.19631975571159899, 26.48044654559283373, -5.620000000000000107 ) ) ;
#45 = ORIENTED_EDGE ( 'NONE', *, *, #968, .F. ) ;
#46 = FACE_BOUND ( 'NONE', #734, .T. ) ;
#47 = EDGE_CURVE ( 'NONE', #1222, #433, #1793, .T. ) ;
#48 = CARTESIAN_POINT ( 'NONE',  ( 50.71549987792998593, 70.22949981689450283, -4.620000000000354490 ) ) ;
#49 = ORIENTED_EDGE ( 'NONE', *, *, #1813, .F. ) ;
#50 = CARTESIAN_POINT ( 'NONE',  ( 26.44550394349755962, 26.48044654559283373, -4.620000000000000107 ) ) ;
#51 = CARTESIAN_POINT ( 'NONE',  ( 2.648079613250038822, 26.48044654559283728, -5.620000000000000107 ) ) ;
#52 = ORIENTED_EDGE ( 'NONE', *, *, #1748, .F. ) ;
#53 = VECTOR ( 'NONE', #5, 1000.000000000000000 ) ;
#54 = DIRECTION ( 'NONE',  ( 6.982962677686266711E-15, -0.000000000000000000, 1.000000000000000000 ) ) ;
#55 = AXIS2_PLACEMENT_3D ( 'NONE', #797, #1514, #158 ) ;
#56 = CARTESIAN_POINT ( 'NONE',  ( 7.057756011510238459, 62.91899398329571369, -4.620000000000049845 ) ) ;
#57 = EDGE_LOOP ( 'NONE', ( #1153, #161, #1630, #1419 ) ) ;
#58 = DIRECTION ( 'NONE',  ( 0.000000000000000000, 1.000000000000000000, -0.000000000000000000 ) ) ;
#59 = FACE_OUTER_BOUND ( 'NONE', #1432, .T. ) ;
#60 = ORIENTED_EDGE ( 'NONE', *, *, #1211, .F. ) ;
#61 = ADVANCED_FACE ( 'NONE', ( #1837 ), #1458, .F. ) ;
#62 = DIRECTION ( 'NONE',  ( 0.000000000000000000, 0.000000000000000000, 1.000000000000000000 ) ) ;
#63 = CARTESIAN_POINT ( 'NONE',  ( 57.88700103759799021, 7.065999984741000439, -1.620000000000404006 ) ) ;
#64 = ORIENTED_EDGE ( 'NONE', *, *, #1072, .F. ) ;
#65 = PLANE ( 'NONE',  #547 ) ;
#66 = LINE ( 'NONE', #254, #508 ) ;
#67 = VERTEX_POINT ( 'NONE', #666 ) ;
#68 = DIRECTION ( 'NONE',  ( -0.000000000000000000, -0.000000000000000000, 1.000000000000000000 ) ) ;
#69 = AXIS2_PLACEMENT_3D ( 'NONE', #132, #1738, #783 ) ;
#70 = CARTESIAN_POINT ( 'NONE',  ( 26.44550394349759870, 26.48044654559283373, -4.620000000000184848 ) ) ;
#71 = ORIENTED_EDGE ( 'NONE', *, *, #398, .F. ) ;
#72 = DIRECTION ( 'NONE',  ( -1.000000000000000000, 0.000000000000000000, 0.000000000000000000 ) ) ;
#73 = ADVANCED_FACE ( 'NONE', ( #1318 ), #1815, .F. ) ;
#74 = LINE ( 'NONE', #1571, #153 ) ;
#75 = ORIENTED_EDGE ( 'NONE', *, *, #450, .F. ) ;
#76 = CARTESIAN_POINT ( 'NONE',  ( 40.44550394349759159, 26.48044654559283373, -5.620000000000282547 ) ) ;
#77 = LINE ( 'NONE', #276, #718 ) ;
#78 = ORIENTED_EDGE ( 'NONE', *, *, #129, .F. ) ;
#79 = DIRECTION ( 'NONE',  ( -0.000000000000000000, -0.000000000000000000, 1.000000000000000000 ) ) ;
#80 = PLANE ( 'NONE',  #1423 ) ;
#81 = ORIENTED_EDGE ( 'NONE', *, *, #1411, .F. ) ;
#82 = DIRECTION ( 'NONE',  ( 1.000000000000000000, -0.000000000000000000, -0.000000000000000000 ) ) ;
#83 = DIRECTION ( 'NONE',  ( -0.000000000000000000, -0.000000000000000000, 1.000000000000000000 ) ) ;
#84 = ORIENTED_EDGE ( 'NONE', *, *, #1324, .F. ) ;
#85 = ADVANCED_FACE ( 'NONE', ( #483 ), #649, .F. ) ;
#86 = DIRECTION ( 'NONE',  ( -0.000000000000000000, -1.000000000000000000, -0.000000000000000000 ) ) ;
#87 = EDGE_CURVE ( 'NONE', #1776, #932, #338, .T. ) ;
#88 = CARTESIAN_POINT ( 'NONE',  ( 25.93609176424992313, 30.48044654559283373, -4.620000000000000995 ) ) ;
#89 = DIRECTION ( 'NONE',  ( -6.982962677686266711E-15, -0.000000000000000000, -1.000000000000000000 ) ) ;
#90 = VECTOR ( 'NONE', #1119, 1000.000000000000000 ) ;
#91 = CARTESIAN_POINT ( 'NONE',  ( 48.62819712842205178, 5.381323318584004589, -16.62000000000000099 ) ) ;
#92 = ORIENTED_EDGE ( 'NONE', *, *, #1813, .T. ) ;
#93 = VECTOR ( 'NONE', #906, 1000.000000000000000 ) ;
#94 = DIRECTION ( 'NONE',  ( -1.000000000000000000, 0.000000000000000000, 6.986492934152173240E-15 ) ) ;
#95 = FACE_OUTER_BOUND ( 'NONE', #1589, .T. ) ;
#96 = ORIENTED_EDGE ( 'NONE', *, *, #1118, .T. ) ;
#97 = CIRCLE ( 'NONE', #938, 4.000000000000000000 ) ;
#98 = DIRECTION ( 'NONE',  ( -0.7071067667921907551, -0.7071067955809039463, 0.000000000000000000 ) ) ;
#99 = CARTESIAN_POINT ( 'NONE',  ( 17.32975447214163722, 47.32517565625202138, -4.620000000000000107 ) ) ;
#100 = ADVANCED_FACE ( 'NONE', ( #179 ), #3, .F. ) ;
#101 = CARTESIAN_POINT ( 'NONE',  ( 51.41466681408210349, 64.86806471233578009, -1.619999999999999885 ) ) ;
#102 = EDGE_CURVE ( 'NONE', #231, #761, #681, .T. ) ;
#103 = LINE ( 'NONE', #552, #910 ) ;
#104 = ORIENTED_EDGE ( 'NONE', *, *, #1733, .F. ) ;
#105 = AXIS2_PLACEMENT_3D ( 'NONE', #101, #469, #2078 ) ;
#106 = CARTESIAN_POINT ( 'NONE',  ( 44.65757000822212319, 47.99356986567008931, -19.61999999999999744 ) ) ;
#107 = ORIENTED_EDGE ( 'NONE', *, *, #1944, .T. ) ;
#108 = DIRECTION ( 'NONE',  ( 1.000000000000000000, 0.000000000000000000, -6.996718019773104855E-15 ) ) ;
#109 = VECTOR ( 'NONE', #1073, 1000.000000000000000 ) ;
#110 = DIRECTION ( 'NONE',  ( 0.000000000000000000, 1.000000000000000000, 0.000000000000000000 ) ) ;
#111 = DIRECTION ( 'NONE',  ( 6.982962677686266711E-15, -0.000000000000000000, 1.000000000000000000 ) ) ;
#112 = ADVANCED_FACE ( 'NONE', ( #1824 ), #1012, .F. ) ;
#113 = DIRECTION ( 'NONE',  ( 1.000000000000000000, 0.000000000000000000, 0.000000000000000000 ) ) ;
#114 = ORIENTED_EDGE ( 'NONE', *, *, #1676, .F. ) ;
#115 = EDGE_CURVE ( 'NONE', #322, #309, #540, .T. ) ;
#116 = DIRECTION ( 'NONE',  ( 0.000000000000000000, 1.000000000000000000, 0.000000000000000000 ) ) ;
#117 = ORIENTED_EDGE ( 'NONE', *, *, #1288, .F. ) ;
#118 = VERTEX_POINT ( 'NONE', #2038 ) ;
#119 = PRESENTATION_STYLE_ASSIGNMENT (( #762 ) ) ;
#120 = DIRECTION ( 'NONE',  ( -0.7071067667921908662, -0.7071067955809038352, 4.943405110069606412E-15 ) ) ;
#121 = VECTOR ( 'NONE', #1578, 1000.000000000000000 ) ;
#122 = DIRECTION ( 'NONE',  ( -0.000000000000000000, -0.000000000000000000, 1.000000000000000000 ) ) ;
#123 = ORIENTED_EDGE ( 'NONE', *, *, #36, .F. ) ;
#124 = VECTOR ( 'NONE', #695, 1000.000000000000000 ) ;
#125 = AXIS2_PLACEMENT_3D ( 'NONE', #982, #616, #113 ) ;
#126 = EDGE_CURVE ( 'NONE', #1503, #677, #1857, .T. ) ;
#127 = CARTESIAN_POINT ( 'NONE',  ( -0.2540139132166032709, 41.44666507051483251, -4.619999999999998330 ) ) ;
#128 = ORIENTED_EDGE ( 'NONE', *, *, #1083, .F. ) ;
#129 = EDGE_CURVE ( 'NONE', #1386, #143, #2004, .T. ) ;
#130 = ORIENTED_EDGE ( 'NONE', *, *, #824, .F. ) ;
#131 = DIRECTION ( 'NONE',  ( 0.000000000000000000, -0.000000000000000000, -1.000000000000000000 ) ) ;
#132 = CARTESIAN_POINT ( 'NONE',  ( 57.88700103759798310, 63.04000091552700269, -4.620000000000404228 ) ) ;
#133 = DIRECTION ( 'NONE',  ( -1.000000000000000000, 0.000000000000000000, 0.000000000000000000 ) ) ;
#134 = ORIENTED_EDGE ( 'NONE', *, *, #1445, .T. ) ;
#135 = DIRECTION ( 'NONE',  ( 0.000000000000000000, 1.000000000000000000, 0.000000000000000000 ) ) ;
#136 = ORIENTED_EDGE ( 'NONE', *, *, #897, .F. ) ;
#137 = ADVANCED_FACE ( 'NONE', ( #46, #396, #710 ), #1238, .T. ) ;
#138 = VERTEX_POINT ( 'NONE', #372 ) ;
#139 = CARTESIAN_POINT ( 'NONE',  ( -0.2540101100096057163, 47.31959426025974835, -19.61999999999999744 ) ) ;
#140 = ADVANCED_FACE ( 'NONE', ( #1359 ), #1553, .T. ) ;
#141 = LINE ( 'NONE', #1098, #719 ) ;
#142 = PLANE ( 'NONE',  #1523 ) ;
#143 = VERTEX_POINT ( 'NONE', #747 ) ;
#144 = CARTESIAN_POINT ( 'NONE',  ( 26.44550394349759159, 26.48044654559283373, -5.620000000000184848 ) ) ;
#145 = ORIENTED_EDGE ( 'NONE', *, *, #1381, .F. ) ;
#146 = ADVANCED_BREP_SHAPE_REPRESENTATION ( 'support2', ( #730, #1967 ), #605 ) ;
#147 = VERTEX_POINT ( 'NONE', #1847 ) ;
#148 = CARTESIAN_POINT ( 'NONE',  ( 50.56700134277296144, 2.245999991894000125, -19.61999999999999744 ) ) ;
#149 = ADVANCED_FACE ( 'NONE', ( #698 ), #2016, .F. ) ;
#150 = CARTESIAN_POINT ( 'NONE',  ( 44.65757000822212319, 47.99356986567008931, -19.61999999999999744 ) ) ;
#151 = DIRECTION ( 'NONE',  ( -0.000000000000000000, -0.000000000000000000, 1.000000000000000000 ) ) ;
#152 = ORIENTED_EDGE ( 'NONE', *, *, #1228, .F. ) ;
#153 = VECTOR ( 'NONE', #580, 1000.000000000000000 ) ;
#154 = DIRECTION ( 'NONE',  ( 0.000000000000000000, 0.000000000000000000, 1.000000000000000000 ) ) ;
#155 = ORIENTED_EDGE ( 'NONE', *, *, #1408, .F. ) ;
#156 = VECTOR ( 'NONE', #430, 1000.000000000000000 ) ;
#157 = VERTEX_POINT ( 'NONE', #235 ) ;
#158 = DIRECTION ( 'NONE',  ( 1.000000000000000000, 0.000000000000000000, 0.000000000000000000 ) ) ;
#159 = LINE ( 'NONE', #830, #1295 ) ;
#160 = EDGE_CURVE ( 'NONE', #1200, #787, #551, .T. ) ;
#161 = ORIENTED_EDGE ( 'NONE', *, *, #1365, .T. ) ;
#162 = DIRECTION ( 'NONE',  ( -1.000000000000000000, 0.000000000000000000, 6.982962677686266711E-15 ) ) ;
#163 = CARTESIAN_POINT ( 'NONE',  ( 57.88700103759799021, 7.065999984741000439, -1.620000000000404006 ) ) ;
#164 = ORIENTED_EDGE ( 'NONE', *, *, #450, .T. ) ;
#165 = AXIS2_PLACEMENT_3D ( 'NONE', #1330, #1984, #1171 ) ;
#166 = ORIENTED_EDGE ( 'NONE', *, *, #2087, .T. ) ;
#167 = LINE ( 'NONE', #148, #741 ) ;
#168 = AXIS2_PLACEMENT_3D ( 'NONE', #1687, #720, #2023 ) ;
#169 = CARTESIAN_POINT ( 'NONE',  ( -0.2540101063951582527, 47.32517565625202138, -1.619999999999998330 ) ) ;
#170 = CARTESIAN_POINT ( 'NONE',  ( 11.44550394349755251, 26.48044654559283373, -5.620000000000080043 ) ) ;
#171 = CARTESIAN_POINT ( 'NONE',  ( 7.005000114440967707, 3.243000000714999942, -19.61999999999999744 ) ) ;
#172 = ORIENTED_EDGE ( 'NONE', *, *, #1253, .T. ) ;
#173 = EDGE_CURVE ( 'NONE', #950, #808, #723, .T. ) ;
#174 = LINE ( 'NONE', #705, #1665 ) ;
#175 = EDGE_LOOP ( 'NONE', ( #320, #293, #328, #519, #333, #8 ) ) ;
#176 = CARTESIAN_POINT ( 'NONE',  ( 12.50825589245678238, 25.15639338814062853, -5.620000000000088036 ) ) ;
#177 = DIRECTION ( 'NONE',  ( 1.000000000000000000, 0.000000000000000000, 0.000000000000000000 ) ) ;
#178 = APPLICATION_PROTOCOL_DEFINITION ( 'draft international standard', 'automotive_design', 1998, #493 ) ;
#179 = FACE_OUTER_BOUND ( 'NONE', #1279, .T. ) ;
#180 = CARTESIAN_POINT ( 'NONE',  ( 39.19403284612558735, 70.22963138088357482, -1.620000000000274110 ) ) ;
#181 = ORIENTED_EDGE ( 'NONE', *, *, #2010, .F. ) ;
#182 = EDGE_CURVE ( 'NONE', #836, #67, #1205, .T. ) ;
#183 = VECTOR ( 'NONE', #1907, 1000.000000000000000 ) ;
#184 = DIRECTION ( 'NONE',  ( -1.000000000000000000, 0.000000000000000000, 0.000000000000000000 ) ) ;
#185 = ORIENTED_EDGE ( 'NONE', *, *, #1160, .T. ) ;
#186 = VECTOR ( 'NONE', #1233, 1000.000000000000000 ) ;
#187 = EDGE_CURVE ( 'NONE', #1100, #752, #1705, .T. ) ;
#188 = CARTESIAN_POINT ( 'NONE',  ( 26.44550394349759159, 26.48044654559283373, -5.620000000000184848 ) ) ;
#189 = DIRECTION ( 'NONE',  ( 1.000000000000000000, -1.190704370957544910E-16, 0.000000000000000000 ) ) ;
#190 = CARTESIAN_POINT ( 'NONE',  ( 26.44550394349755962, 26.48044654559283373, -13.92000000000000171 ) ) ;
#191 = VECTOR ( 'NONE', #1653, 1000.000000000000000 ) ;
#192 = DIRECTION ( 'NONE',  ( -0.000000000000000000, 0.000000000000000000, 1.000000000000000000 ) ) ;
#193 = EDGE_LOOP ( 'NONE', ( #274, #1849, #1974, #881 ) ) ;
#194 = VECTOR ( 'NONE', #89, 1000.000000000000000 ) ;
#195 = DIRECTION ( 'NONE',  ( -0.7069591707826460292, 0.7072543607828187806, 4.941644381289216019E-15 ) ) ;
#196 = VERTEX_POINT ( 'NONE', #1045 ) ;
#197 = EDGE_CURVE ( 'NONE', #387, #677, #1690, .T. ) ;
#198 = VECTOR ( 'NONE', #1604, 1000.000000000000000 ) ;
#199 = DIRECTION ( 'NONE',  ( 1.000000000000000000, 0.000000000000000000, 0.000000000000000000 ) ) ;
#200 = EDGE_CURVE ( 'NONE', #1015, #1166, #1681, .T. ) ;
#201 = FACE_OUTER_BOUND ( 'NONE', #759, .T. ) ;
#202 = EDGE_LOOP ( 'NONE', ( #692, #1896, #1259, #1429 ) ) ;
#203 = CARTESIAN_POINT ( 'NONE',  ( 57.88700103759800442, 63.04000091552700269, -1.620000000000404228 ) ) ;
#204 = CARTESIAN_POINT ( 'NONE',  ( 5.132437688989094582, 47.31959426025974835, -19.61999999999999744 ) ) ;
#205 = VERTEX_POINT ( 'NONE', #1068 ) ;
#206 = DIRECTION ( 'NONE',  ( -1.000000000000000000, 0.000000000000000000, 7.000848313763543818E-15 ) ) ;
#207 = DIRECTION ( 'NONE',  ( 0.000000000000000000, 1.000000000000000000, 0.000000000000000000 ) ) ;
#208 = VERTEX_POINT ( 'NONE', #203 ) ;
#209 = PRODUCT_DEFINITION ( 'UNKNOWN', '', #1053, #1084 ) ;
#210 = CARTESIAN_POINT ( 'NONE',  ( 52.41466681408210349, 64.86806471233578009, -1.619999999999999885 ) ) ;
#211 = PLANE ( 'NONE',  #464 ) ;
#212 = ADVANCED_FACE ( 'NONE', ( #1520 ), #2026, .F. ) ;
#213 = ORIENTED_EDGE ( 'NONE', *, *, #1918, .F. ) ;
#214 = CARTESIAN_POINT ( 'NONE',  ( 26.44550394349755962, 26.48044654559283373, -13.92000000000000171 ) ) ;
#215 = CARTESIAN_POINT ( 'NONE',  ( 50.68700103759795894, 14.82442925476643758, -4.620000000000000107 ) ) ;
#216 = ORIENTED_EDGE ( 'NONE', *, *, #1004, .T. ) ;
#217 = VECTOR ( 'NONE', #2011, 1000.000000000000000 ) ;
#218 = DIRECTION ( 'NONE',  ( -1.000000000000000000, 0.000000000000000000, 0.000000000000000000 ) ) ;
#219 = CARTESIAN_POINT ( 'NONE',  ( 40.25967780398600837, -0.2540000081060000414, -19.61999999999999744 ) ) ;
#220 = ORIENTED_EDGE ( 'NONE', *, *, #1381, .T. ) ;
#221 = VECTOR ( 'NONE', #928, 1000.000000000000000 ) ;
#222 = DIRECTION ( 'NONE',  ( 0.000000000000000000, 1.000000000000000000, 0.000000000000000000 ) ) ;
#223 = FACE_BOUND ( 'NONE', #1282, .T. ) ;
#224 = ORIENTED_EDGE ( 'NONE', *, *, #732, .T. ) ;
#225 = DIRECTION ( 'NONE',  ( -6.982962677686266711E-15, 0.000000000000000000, -1.000000000000000000 ) ) ;
#226 = ADVANCED_FACE ( 'NONE', ( #1716 ), #903, .F. ) ;
#227 = CARTESIAN_POINT ( 'NONE',  ( 50.56700134277297565, -0.2540000081060000414, -4.620000000000352713 ) ) ;
#228 = VERTEX_POINT ( 'NONE', #1104 ) ;
#229 = FACE_OUTER_BOUND ( 'NONE', #717, .T. ) ;
#230 = DIRECTION ( 'NONE',  ( 0.000000000000000000, -1.000000000000000000, 0.000000000000000000 ) ) ;
#231 = VERTEX_POINT ( 'NONE', #915 ) ;
#232 = LINE ( 'NONE', #1379, #923 ) ;
#233 = CARTESIAN_POINT ( 'NONE',  ( 48.47760620441503931, 39.78639408645565823, -4.620000000000000107 ) ) ;
#234 = ORIENTED_EDGE ( 'NONE', *, *, #1145, .T. ) ;
#235 = CARTESIAN_POINT ( 'NONE',  ( 57.88700103759799021, 45.06599998474099777, -1.620000000000404006 ) ) ;
#236 = VECTOR ( 'NONE', #490, 1000.000000000000000 ) ;
#237 = EDGE_CURVE ( 'NONE', #1174, #553, #1298, .T. ) ;
#238 = DIRECTION ( 'NONE',  ( 1.000000000000000000, 0.000000000000000000, 0.000000000000000000 ) ) ;
#239 = VERTEX_POINT ( 'NONE', #2062 ) ;
#240 = CARTESIAN_POINT ( 'NONE',  ( 50.68700103759795894, 14.82442925476643758, -16.62000000000000099 ) ) ;
#241 = EDGE_CURVE ( 'NONE', #701, #761, #595, .T. ) ;
#242 = CARTESIAN_POINT ( 'NONE',  ( 50.56700134277296144, -0.2540000081060000414, -4.620000000000000107 ) ) ;
#243 = EDGE_LOOP ( 'NONE', ( #1273, #359, #64, #1103, #1608 ) ) ;
#244 = LINE ( 'NONE', #357, #670 ) ;
#245 = DIRECTION ( 'NONE',  ( 0.000000000000000000, -0.000000000000000000, 1.000000000000000000 ) ) ;
#246 = DIRECTION ( 'NONE',  ( -1.000000000000000000, 0.000000000000000000, 6.986492934152173240E-15 ) ) ;
#247 = CYLINDRICAL_SURFACE ( 'NONE', #806, 14.00000000000000178 ) ;
#248 = ORIENTED_EDGE ( 'NONE', *, *, #993, .T. ) ;
#249 = CARTESIAN_POINT ( 'NONE',  ( 47.15757000822213030, 47.99356986567008931, -19.61999999999999744 ) ) ;
#250 = DIRECTION ( 'NONE',  ( 0.000000000000000000, 0.000000000000000000, -1.000000000000000000 ) ) ;
#251 = ORIENTED_EDGE ( 'NONE', *, *, #1790, .F. ) ;
#252 = EDGE_CURVE ( 'NONE', #147, #2085, #2070, .T. ) ;
#253 = DIRECTION ( 'NONE',  ( 6.982962677686266711E-15, 0.000000000000000000, 1.000000000000000000 ) ) ;
#254 = CARTESIAN_POINT ( 'NONE',  ( 12.44550394349759159, 26.48044654559283373, -5.620000000000087148 ) ) ;
#255 = STYLED_ITEM ( 'NONE', ( #119 ), #730 ) ;
#256 = DIRECTION ( 'NONE',  ( -1.000000000000000000, 0.000000000000000000, 6.982962677686266711E-15 ) ) ;
#257 = AXIS2_PLACEMENT_3D ( 'NONE', #1952, #281, #154 ) ;
#258 = DIRECTION ( 'NONE',  ( 1.000000000000000000, 0.000000000000000000, -6.996718019773104855E-15 ) ) ;
#259 = ORIENTED_EDGE ( 'NONE', *, *, #15, .T. ) ;
#260 = VECTOR ( 'NONE', #831, 1000.000000000000000 ) ;
#261 = CARTESIAN_POINT ( 'NONE',  ( 50.71549987793000014, 70.22949981689450283, -1.620000000000354268 ) ) ;
#262 = FACE_OUTER_BOUND ( 'NONE', #2105, .T. ) ;
#263 = EDGE_LOOP ( 'NONE', ( #104, #521, #1745, #305 ) ) ;
#264 = EDGE_CURVE ( 'NONE', #1100, #1261, #440, .T. ) ;
#265 = LINE ( 'NONE', #1111, #1315 ) ;
#266 = DIRECTION ( 'NONE',  ( -1.000000000000000000, 0.000000000000000000, 0.000000000000000000 ) ) ;
#267 = EDGE_CURVE ( 'NONE', #1261, #1475, #141, .T. ) ;
#268 = DIRECTION ( 'NONE',  ( -1.000000000000000000, 0.000000000000000000, 0.000000000000000000 ) ) ;
#269 = DIRECTION ( 'NONE',  ( -1.141903098866963336E-05, -0.9999999999348029300, 7.973866720922294630E-20 ) ) ;
#270 = VERTEX_POINT ( 'NONE', #615 ) ;
#271 = VECTOR ( 'NONE', #1285, 1000.000000000000000 ) ;
#272 = LINE ( 'NONE', #1141, #53 ) ;
#273 = ORIENTED_EDGE ( 'NONE', *, *, #711, .T. ) ;
#274 = ORIENTED_EDGE ( 'NONE', *, *, #1828, .T. ) ;
#275 = FACE_OUTER_BOUND ( 'NONE', #1856, .T. ) ;
#276 = CARTESIAN_POINT ( 'NONE',  ( 7.005000114440979253, -0.2569999992850000026, -4.620000000000049845 ) ) ;
#277 = CARTESIAN_POINT ( 'NONE',  ( 50.68700103759795894, 7.065999984741000439, -1.620000000000354046 ) ) ;
#278 = EDGE_CURVE ( 'NONE', #1305, #481, #1267, .T. ) ;
#279 = FACE_OUTER_BOUND ( 'NONE', #578, .T. ) ;
#280 = VERTEX_POINT ( 'NONE', #947 ) ;
#281 = DIRECTION ( 'NONE',  ( -1.000000000000000000, 0.000000000000000000, 0.000000000000000000 ) ) ;
#282 = EDGE_LOOP ( 'NONE', ( #931, #2028, #550, #248 ) ) ;
#283 = EDGE_LOOP ( 'NONE', ( #1768, #966, #706, #973, #1540, #1784 ) ) ;
#284 = SURFACE_SIDE_STYLE ('',( #1769 ) ) ;
#285 = CYLINDRICAL_SURFACE ( 'NONE', #105, 1.000000000000000888 ) ;
#286 = VECTOR ( 'NONE', #1405, 1000.000000000000000 ) ;
#287 = AXIS2_PLACEMENT_3D ( 'NONE', #1695, #2041, #238 ) ;
#288 = CARTESIAN_POINT ( 'NONE',  ( 39.19403284612558735, 47.32517565625202138, -1.620000000000274110 ) ) ;
#289 = EDGE_LOOP ( 'NONE', ( #1955, #1963, #1876, #1699 ) ) ;
#290 = ADVANCED_FACE ( 'NONE', ( #1771 ), #1595, .F. ) ;
#291 = AXIS2_PLACEMENT_3D ( 'NONE', #726, #412, #1860 ) ;
#292 = DIRECTION ( 'NONE',  ( 6.982962677686266711E-15, -0.000000000000000000, 1.000000000000000000 ) ) ;
#293 = ORIENTED_EDGE ( 'NONE', *, *, #1324, .T. ) ;
#294 = EDGE_CURVE ( 'NONE', #1248, #196, #1427, .T. ) ;
#295 = VECTOR ( 'NONE', #864, 1000.000000000000000 ) ;
#296 = EDGE_LOOP ( 'NONE', ( #597, #1991, #1742, #1347 ) ) ;
#297 = DIRECTION ( 'NONE',  ( 0.000000000000000000, 0.000000000000000000, -1.000000000000000000 ) ) ;
#298 = DIRECTION ( 'NONE',  ( 1.000000000000000000, 0.000000000000000000, -0.000000000000000000 ) ) ;
#299 = LINE ( 'NONE', #961, #321 ) ;
#300 = EDGE_LOOP ( 'NONE', ( #538, #1958 ) ) ;
#301 = VECTOR ( 'NONE', #1407, 1000.000000000000000 ) ;
#302 = CARTESIAN_POINT ( 'NONE',  ( 26.44550394349755962, 26.48044654559283373, -4.620000000000000107 ) ) ;
#303 = ORIENTED_EDGE ( 'NONE', *, *, #36, .T. ) ;
#304 = ADVANCED_FACE ( 'NONE', ( #1257 ), #285, .F. ) ;
#305 = ORIENTED_EDGE ( 'NONE', *, *, #2010, .T. ) ;
#306 = LINE ( 'NONE', #1303, #1903 ) ;
#307 = LINE ( 'NONE', #1612, #236 ) ;
#308 = DIRECTION ( 'NONE',  ( 0.000000000000000000, -0.000000000000000000, 1.000000000000000000 ) ) ;
#309 = VERTEX_POINT ( 'NONE', #790 ) ;
#310 = CARTESIAN_POINT ( 'NONE',  ( -0.2540362169974851314, 7.005067334542999014, -1.619999999999998330 ) ) ;
#311 = ORIENTED_EDGE ( 'NONE', *, *, #789, .T. ) ;
#312 = ORIENTED_EDGE ( 'NONE', *, *, #294, .T. ) ;
#313 = LINE ( 'NONE', #860, #2002 ) ;
#314 = ADVANCED_FACE ( 'NONE', ( #935 ), #1446, .F. ) ;
#315 = FACE_OUTER_BOUND ( 'NONE', #296, .T. ) ;
#316 = DIRECTION ( 'NONE',  ( 0.000000000000000000, -0.000000000000000000, -1.000000000000000000 ) ) ;
#317 = CARTESIAN_POINT ( 'NONE',  ( 53.88700103759798310, 47.24524257867325616, -1.620000000000376250 ) ) ;
#318 = VECTOR ( 'NONE', #1320, 1000.000000000000000 ) ;
#319 = DIRECTION ( 'NONE',  ( 1.000000000000000000, 0.000000000000000000, -6.996718019773104855E-15 ) ) ;
#320 = ORIENTED_EDGE ( 'NONE', *, *, #576, .T. ) ;
#321 = VECTOR ( 'NONE', #765, 1000.000000000000000 ) ;
#322 = VERTEX_POINT ( 'NONE', #277 ) ;
#323 = CARTESIAN_POINT ( 'NONE',  ( 44.65757000822212319, 47.99356986567008931, -19.61999999999999744 ) ) ;
#324 = ADVANCED_FACE ( 'NONE', ( #1584 ), #1725, .F. ) ;
#325 = CARTESIAN_POINT ( 'NONE',  ( 25.93609176424992313, 22.51301674386549934, -4.620000000000000995 ) ) ;
#326 = VECTOR ( 'NONE', #343, 1000.000000000000000 ) ;
#327 = ADVANCED_FACE ( 'NONE', ( #1919 ), #451, .F. ) ;
#328 = ORIENTED_EDGE ( 'NONE', *, *, #1482, .T. ) ;
#329 = PLANE ( 'NONE',  #1570 ) ;
#330 = LINE ( 'NONE', #668, #318 ) ;
#331 = ORIENTED_EDGE ( 'NONE', *, *, #102, .T. ) ;
#332 = VECTOR ( 'NONE', #246, 1000.000000000000000 ) ;
#333 = ORIENTED_EDGE ( 'NONE', *, *, #1927, .T. ) ;
#334 = DIRECTION ( 'NONE',  ( 1.000000000000000000, -1.190704370957544910E-16, 0.000000000000000000 ) ) ;
#335 = AXIS2_PLACEMENT_3D ( 'NONE', #1758, #1576, #1936 ) ;
#336 = CARTESIAN_POINT ( 'NONE',  ( 50.56700134277296144, 2.245999991894000125, -4.620000000000000107 ) ) ;
#337 = DIRECTION ( 'NONE',  ( -1.000000000000000000, 0.000000000000000000, 0.000000000000000000 ) ) ;
#338 = LINE ( 'NONE', #1003, #1194 ) ;
#339 = EDGE_CURVE ( 'NONE', #1222, #1778, #1438, .T. ) ;
#340 = AXIS2_PLACEMENT_3D ( 'NONE', #861, #873, #849 ) ;
#341 = CARTESIAN_POINT ( 'NONE',  ( 50.68700103759795894, 14.82442925476643758, -16.62000000000000099 ) ) ;
#342 = VERTEX_POINT ( 'NONE', #926 ) ;
#343 = DIRECTION ( 'NONE',  ( -0.000000000000000000, -0.000000000000000000, -1.000000000000000000 ) ) ;
#344 = ORIENTED_EDGE ( 'NONE', *, *, #1550, .F. ) ;
#345 = FACE_OUTER_BOUND ( 'NONE', #2114, .T. ) ;
#346 = CARTESIAN_POINT ( 'NONE',  ( 35.56125341485347491, 47.32517565625202138, -4.620000000000000107 ) ) ;
#347 = ORIENTED_EDGE ( 'NONE', *, *, #1748, .T. ) ;
#348 = CARTESIAN_POINT ( 'NONE',  ( 25.93609176424992313, 22.51301674386549934, -13.92000000000000171 ) ) ;
#349 = ADVANCED_FACE ( 'NONE', ( #1926 ), #1566, .T. ) ;
#350 = CARTESIAN_POINT ( 'NONE',  ( 26.44550394349759870, 26.48044654559283373, -4.620000000000184848 ) ) ;
#351 = ORIENTED_EDGE ( 'NONE', *, *, #1648, .F. ) ;
#352 = EDGE_CURVE ( 'NONE', #1092, #1070, #959, .T. ) ;
#353 = PLANE ( 'NONE',  #1651 ) ;
#354 = EDGE_LOOP ( 'NONE', ( #1234, #431, #1943, #1450 ) ) ;
#355 = AXIS2_PLACEMENT_3D ( 'NONE', #1567, #269, #1883 ) ;
#356 = VECTOR ( 'NONE', #775, 1000.000000000000000 ) ;
#357 = CARTESIAN_POINT ( 'NONE',  ( 40.25967780398600837, -0.2540000081060000414, -19.61999999999999744 ) ) ;
#358 = DIRECTION ( 'NONE',  ( 1.000000000000000000, 0.000000000000000000, 0.000000000000000000 ) ) ;
#359 = ORIENTED_EDGE ( 'NONE', *, *, #1156, .F. ) ;
#360 =( NAMED_UNIT ( * ) PLANE_ANGLE_UNIT ( ) SI_UNIT ( $, .RADIAN. ) );
#361 = CARTESIAN_POINT ( 'NONE',  ( 26.44550394349755962, 26.48044654559283373, -5.620000000000000107 ) ) ;
#362 = DIRECTION ( 'NONE',  ( -0.7069591707826460292, 0.7072543607828186696, 0.000000000000000000 ) ) ;
#363 = ORIENTED_EDGE ( 'NONE', *, *, #1577, .F. ) ;
#364 = EDGE_CURVE ( 'NONE', #1377, #1122, #33, .T. ) ;
#365 = DIRECTION ( 'NONE',  ( -0.000000000000000000, -0.000000000000000000, 1.000000000000000000 ) ) ;
#366 = VERTEX_POINT ( 'NONE', #1634 ) ;
#367 = EDGE_CURVE ( 'NONE', #761, #553, #999, .T. ) ;
#368 = AXIS2_PLACEMENT_3D ( 'NONE', #2013, #1701, #199 ) ;
#369 = DIRECTION ( 'NONE',  ( 1.000000000000000000, 0.000000000000000000, 0.000000000000000000 ) ) ;
#370 = CARTESIAN_POINT ( 'NONE',  ( 37.92656108372180057, 47.32517565625202138, -5.620000000000000107 ) ) ;
#371 = EDGE_LOOP ( 'NONE', ( #419, #1422, #937, #1559 ) ) ;
#372 = CARTESIAN_POINT ( 'NONE',  ( 26.95491612274526005, 22.51301674386550999, -13.92000000000000171 ) ) ;
#373 = CARTESIAN_POINT ( 'NONE',  ( -0.2540362169975060036, 7.005067334542999014, -4.619999999999998330 ) ) ;
#374 = ORIENTED_EDGE ( 'NONE', *, *, #625, .F. ) ;
#375 = VECTOR ( 'NONE', #83, 1000.000000000000000 ) ;
#376 = DIRECTION ( 'NONE',  ( 0.000000000000000000, -0.000000000000000000, -1.000000000000000000 ) ) ;
#377 = CARTESIAN_POINT ( 'NONE',  ( 7.005000114440999681, -0.2569999992850000026, -1.620000000000049178 ) ) ;
#378 = ORIENTED_EDGE ( 'NONE', *, *, #182, .F. ) ;
#379 = EDGE_CURVE ( 'NONE', #1756, #390, #513, .T. ) ;
#380 = DIRECTION ( 'NONE',  ( 0.000000000000000000, -1.000000000000000000, 0.000000000000000000 ) ) ;
#381 = CARTESIAN_POINT ( 'NONE',  ( 40.44550394349759159, 26.48044654559283373, -4.620000000000282547 ) ) ;
#382 = ORIENTED_EDGE ( 'NONE', *, *, #882, .T. ) ;
#383 = ADVANCED_FACE ( 'NONE', ( #1644 ), #1125, .T. ) ;
#384 = DIRECTION ( 'NONE',  ( 0.000000000000000000, -1.000000000000000000, -0.000000000000000000 ) ) ;
#385 = VECTOR ( 'NONE', #195, 1000.000000000000114 ) ;
#386 = CYLINDRICAL_SURFACE ( 'NONE', #287, 4.000000000000000000 ) ;
#387 = VERTEX_POINT ( 'NONE', #169 ) ;
#388 = DIRECTION ( 'NONE',  ( 0.000000000000000000, 1.000000000000000000, -0.000000000000000000 ) ) ;
#389 = PLANE ( 'NONE',  #1750 ) ;
#390 = VERTEX_POINT ( 'NONE', #1989 ) ;
#391 = CIRCLE ( 'NONE', #19, 4.000000000000000000 ) ;
#392 = PLANE ( 'NONE',  #1112 ) ;
#393 = EDGE_CURVE ( 'NONE', #1179, #1977, #1294, .T. ) ;
#394 = DIRECTION ( 'NONE',  ( 1.000000000000000000, 0.000000000000000000, 0.000000000000000000 ) ) ;
#395 = ORIENTED_EDGE ( 'NONE', *, *, #611, .T. ) ;
#396 = FACE_BOUND ( 'NONE', #300, .T. ) ;
#397 = AXIS2_PLACEMENT_3D ( 'NONE', #1531, #639, #1855 ) ;
#398 = EDGE_CURVE ( 'NONE', #1302, #1358, #1948, .T. ) ;
#399 = CARTESIAN_POINT ( 'NONE',  ( 25.93609176424992313, 30.44787634732016457, -4.620000000000000995 ) ) ;
#400 = ORIENTED_EDGE ( 'NONE', *, *, #558, .T. ) ;
#401 = DIRECTION ( 'NONE',  ( 0.7062200539602191407, -0.7079923978295423748, -4.932671813970389210E-15 ) ) ;
#402 = CARTESIAN_POINT ( 'NONE',  ( 14.96444680327331689, 47.32517565625202138, -5.620000000000000107 ) ) ;
#403 = ORIENTED_EDGE ( 'NONE', *, *, #711, .F. ) ;
#404 = VECTOR ( 'NONE', #1951, 1000.000000000000114 ) ;
#405 = DIRECTION ( 'NONE',  ( 1.000000000000000000, -0.000000000000000000, -0.000000000000000000 ) ) ;
#406 = CARTESIAN_POINT ( 'NONE',  ( 53.88700103759798310, 55.24524257867325616, -1.620000000000376250 ) ) ;
#407 = VERTEX_POINT ( 'NONE', #1781 ) ;
#408 = CARTESIAN_POINT ( 'NONE',  ( 54.87887073153290629, 7.065999984741000439, -16.62000000000000099 ) ) ;
#409 = LINE ( 'NONE', #227, #568 ) ;
#410 = ORIENTED_EDGE ( 'NONE', *, *, #526, .T. ) ;
#411 = EDGE_CURVE ( 'NONE', #1662, #1371, #307, .T. ) ;
#412 = DIRECTION ( 'NONE',  ( -0.000000000000000000, -0.000000000000000000, 1.000000000000000000 ) ) ;
#413 = PLANE ( 'NONE',  #1013 ) ;
#414 = ORIENTED_EDGE ( 'NONE', *, *, #1039, .F. ) ;
#415 = FILL_AREA_STYLE ('',( #582 ) ) ;
#416 = CARTESIAN_POINT ( 'NONE',  ( 50.71549987793000014, 70.22949981689450283, -1.620000000000354268 ) ) ;
#417 = DIRECTION ( 'NONE',  ( 1.000000000000000000, -0.000000000000000000, -6.938893903907222067E-15 ) ) ;
#418 = PLANE ( 'NONE',  #355 ) ;
#419 = ORIENTED_EDGE ( 'NONE', *, *, #990, .F. ) ;
#420 = FACE_OUTER_BOUND ( 'NONE', #728, .T. ) ;
#421 = EDGE_CURVE ( 'NONE', #205, #2073, #1146, .T. ) ;
#422 = FACE_OUTER_BOUND ( 'NONE', #1495, .T. ) ;
#423 = ORIENTED_EDGE ( 'NONE', *, *, #200, .T. ) ;
#424 = ADVANCED_FACE ( 'NONE', ( #345 ), #1483, .T. ) ;
#425 = CARTESIAN_POINT ( 'NONE',  ( 50.56700134277296144, -0.2540000081060000414, -19.61999999999999744 ) ) ;
#426 = VECTOR ( 'NONE', #793, 1000.000000000000000 ) ;
#427 = CARTESIAN_POINT ( 'NONE',  ( 50.71549987792998593, 70.22949981689450283, -4.620000000000354490 ) ) ;
#428 = CARTESIAN_POINT ( 'NONE',  ( 26.95491612274526005, 30.48044654559283373, -4.620000000000000995 ) ) ;
#429 = CIRCLE ( 'NONE', #21, 2.500000000000002220 ) ;
#430 = DIRECTION ( 'NONE',  ( 0.000000000000000000, 1.000000000000000000, 0.000000000000000000 ) ) ;
#431 = ORIENTED_EDGE ( 'NONE', *, *, #1666, .F. ) ;
#432 = DIRECTION ( 'NONE',  ( -0.000000000000000000, -0.000000000000000000, 1.000000000000000000 ) ) ;
#433 = VERTEX_POINT ( 'NONE', #325 ) ;
#434 = PRODUCT_RELATED_PRODUCT_CATEGORY ( 'part', '', ( #1753 ) ) ;
#435 = DIRECTION ( 'NONE',  ( -1.000000000000000000, 0.000000000000000000, 0.000000000000000000 ) ) ;
#436 = ADVANCED_FACE ( 'NONE', ( #1313 ), #1335, .F. ) ;
#437 = AXIS2_PLACEMENT_3D ( 'NONE', #1702, #245, #1245 ) ;
#438 = CARTESIAN_POINT ( 'NONE',  ( -0.2540101100096057163, 47.31959426025974835, -19.61999999999999744 ) ) ;
#439 = AXIS2_PLACEMENT_3D ( 'NONE', #833, #1490, #679 ) ;
#440 = LINE ( 'NONE', #1416, #960 ) ;
#441 = CARTESIAN_POINT ( 'NONE',  ( 50.56700134277296144, -0.2540000081060000414, -19.61999999999999744 ) ) ;
#442 = EDGE_LOOP ( 'NONE', ( #1442, #1807, #917, #1334 ) ) ;
#443 = CIRCLE ( 'NONE', #16, 22.75081581221403937 ) ;
#444 = VECTOR ( 'NONE', #1724, 1000.000000000000000 ) ;
#445 = DIRECTION ( 'NONE',  ( -0.000000000000000000, -0.000000000000000000, 1.000000000000000000 ) ) ;
#446 = ORIENTED_EDGE ( 'NONE', *, *, #1482, .F. ) ;
#447 = EDGE_LOOP ( 'NONE', ( #662, #1032, #1492, #1921 ) ) ;
#448 = VECTOR ( 'NONE', #207, 1000.000000000000000 ) ;
#449 = CARTESIAN_POINT ( 'NONE',  ( 11.50405544490007337, 25.15639338814063564, -5.620000000000080931 ) ) ;
#450 = EDGE_CURVE ( 'NONE', #1443, #231, #159, .T. ) ;
#451 = PLANE ( 'NONE',  #69 ) ;
#452 = CARTESIAN_POINT ( 'NONE',  ( 26.44550394349755962, 26.48044654559283373, -5.620000000000000107 ) ) ;
#453 = ORIENTED_EDGE ( 'NONE', *, *, #241, .F. ) ;
#454 = CARTESIAN_POINT ( 'NONE',  ( 50.56700134277296144, -0.2540000081060000414, -19.61999999999999744 ) ) ;
#455 = ORIENTED_EDGE ( 'NONE', *, *, #1378, .T. ) ;
#456 = ORIENTED_EDGE ( 'NONE', *, *, #1966, .F. ) ;
#457 = CARTESIAN_POINT ( 'NONE',  ( 26.44550394349759159, 26.48044654559283373, -5.620000000000184848 ) ) ;
#458 = EDGE_CURVE ( 'NONE', #1776, #1662, #1455, .T. ) ;
#459 = AXIS2_PLACEMENT_3D ( 'NONE', #302, #1469, #1942 ) ;
#460 = DIRECTION ( 'NONE',  ( -0.000000000000000000, 0.000000000000000000, -1.000000000000000000 ) ) ;
#461 = ORIENTED_EDGE ( 'NONE', *, *, #352, .T. ) ;
#462 = EDGE_CURVE ( 'NONE', #390, #239, #657, .T. ) ;
#463 = VECTOR ( 'NONE', #1239, 1000.000000000000000 ) ;
#464 = AXIS2_PLACEMENT_3D ( 'NONE', #56, #1486, #1011 ) ;
#465 = DIRECTION ( 'NONE',  ( -1.000000000000000000, 0.000000000000000000, 0.000000000000000000 ) ) ;
#466 = ORIENTED_EDGE ( 'NONE', *, *, #278, .T. ) ;
#467 = ORIENTED_EDGE ( 'NONE', *, *, #2006, .F. ) ;
#468 = CARTESIAN_POINT ( 'NONE',  ( 50.56700134277296144, -0.2540000081060000414, -4.620000000000000107 ) ) ;
#469 = DIRECTION ( 'NONE',  ( -0.000000000000000000, -0.000000000000000000, -1.000000000000000000 ) ) ;
#470 = ORIENTED_EDGE ( 'NONE', *, *, #126, .T. ) ;
#471 = VECTOR ( 'NONE', #1225, 1000.000000000000000 ) ;
#472 = LINE ( 'NONE', #949, #875 ) ;
#473 = ORIENTED_EDGE ( 'NONE', *, *, #1340, .F. ) ;
#474 = VECTOR ( 'NONE', #1821, 1000.000000000000000 ) ;
#475 = EDGE_CURVE ( 'NONE', #1302, #280, #811, .T. ) ;
#476 = CARTESIAN_POINT ( 'NONE',  ( 39.19403284612556604, 47.32517565625202138, -4.620000000000273666 ) ) ;
#477 = ORIENTED_EDGE ( 'NONE', *, *, #4, .T. ) ;
#478 = ORIENTED_EDGE ( 'NONE', *, *, #573, .F. ) ;
#479 = DIRECTION ( 'NONE',  ( 1.000000000000000000, 0.000000000000000000, 0.000000000000000000 ) ) ;
#480 = CARTESIAN_POINT ( 'NONE',  ( 14.28944249278619516, 3.243000000714999054, -19.61999999999999744 ) ) ;
#481 = VERTEX_POINT ( 'NONE', #1157 ) ;
#482 = CARTESIAN_POINT ( 'NONE',  ( 44.65757000822212319, 47.99356986567008931, -19.61999999999999744 ) ) ;
#483 = FACE_OUTER_BOUND ( 'NONE', #655, .T. ) ;
#484 = CARTESIAN_POINT ( 'NONE',  ( 48.47760620441503931, 39.78639408645565823, -16.62000000000000099 ) ) ;
#485 = ORIENTED_EDGE ( 'NONE', *, *, #673, .F. ) ;
#486 = EDGE_CURVE ( 'NONE', #1970, #677, #1811, .T. ) ;
#487 = ORIENTED_EDGE ( 'NONE', *, *, #1420, .T. ) ;
#488 = DIRECTION ( 'NONE',  ( 6.982962677686266711E-15, -0.000000000000000000, 1.000000000000000000 ) ) ;
#489 = ADVANCED_FACE ( 'NONE', ( #315 ), #1464, .F. ) ;
#490 = DIRECTION ( 'NONE',  ( 1.199965791084545024E-16, 1.000000000000000000, -0.000000000000000000 ) ) ;
#491 = ORIENTED_EDGE ( 'NONE', *, *, #1666, .T. ) ;
#492 = DIRECTION ( 'NONE',  ( -0.000000000000000000, -0.000000000000000000, 1.000000000000000000 ) ) ;
#493 = APPLICATION_CONTEXT ( 'automotive_design' ) ;
#494 = VECTOR ( 'NONE', #1195, 1000.000000000000114 ) ;
#495 = LINE ( 'NONE', #1985, #1656 ) ;
#496 = ORIENTED_EDGE ( 'NONE', *, *, #43, .T. ) ;
#497 = AXIS2_PLACEMENT_3D ( 'NONE', #50, #810, #218 ) ;
#498 = ORIENTED_EDGE ( 'NONE', *, *, #411, .T. ) ;
#499 = CARTESIAN_POINT ( 'NONE',  ( -0.2540101100096057163, 47.31959426025974835, -4.620000000000000107 ) ) ;
#500 = CIRCLE ( 'NONE', #838, 13.99999999999999822 ) ;
#501 = ADVANCED_FACE ( 'NONE', ( #674 ), #1655, .F. ) ;
#502 = DIRECTION ( 'NONE',  ( -1.000000000000000000, 0.000000000000000000, -0.000000000000000000 ) ) ;
#503 = LINE ( 'NONE', #1688, #1054 ) ;
#504 = ORIENTED_EDGE ( 'NONE', *, *, #1479, .T. ) ;
#505 = CIRCLE ( 'NONE', #1262, 23.79742433024752302 ) ;
#506 = EDGE_CURVE ( 'NONE', #512, #1001, #731, .T. ) ;
#507 = CARTESIAN_POINT ( 'NONE',  ( 57.88700103759799021, 45.06599998474099777, -1.620000000000404006 ) ) ;
#508 = VECTOR ( 'NONE', #1406, 1000.000000000000000 ) ;
#509 = CARTESIAN_POINT ( 'NONE',  ( 5.132437688989094582, 47.31959426025974835, -19.61999999999999744 ) ) ;
#510 = ORIENTED_EDGE ( 'NONE', *, *, #1408, .T. ) ;
#511 = FACE_OUTER_BOUND ( 'NONE', #1718, .T. ) ;
#512 = VERTEX_POINT ( 'NONE', #569 ) ;
#513 = LINE ( 'NONE', #1304, #618 ) ;
#514 = ADVANCED_FACE ( 'NONE', ( #707 ), #901, .F. ) ;
#515 = LINE ( 'NONE', #1834, #260 ) ;
#516 = ORIENTED_EDGE ( 'NONE', *, *, #993, .F. ) ;
#517 = CARTESIAN_POINT ( 'NONE',  ( 17.32975447214163722, 47.32517565625202138, -5.620000000000000107 ) ) ;
#518 = EDGE_CURVE ( 'NONE', #196, #1022, #232, .T. ) ;
#519 = ORIENTED_EDGE ( 'NONE', *, *, #129, .T. ) ;
#520 = CARTESIAN_POINT ( 'NONE',  ( 14.28944249278619516, 3.243000000714999054, -19.61999999999999744 ) ) ;
#521 = ORIENTED_EDGE ( 'NONE', *, *, #278, .F. ) ;
#522 = LINE ( 'NONE', #1877, #567 ) ;
#523 = DIRECTION ( 'NONE',  ( -1.000000000000000000, 0.000000000000000000, -0.000000000000000000 ) ) ;
#524 = ORIENTED_EDGE ( 'NONE', *, *, #2006, .T. ) ;
#525 = CARTESIAN_POINT ( 'NONE',  ( 14.28944249278618628, -0.2564983404478767270, -4.620000000000099583 ) ) ;
#526 = EDGE_CURVE ( 'NONE', #2003, #28, #1517, .T. ) ;
#527 = LINE ( 'NONE', #373, #979 ) ;
#528 = ORIENTED_EDGE ( 'NONE', *, *, #2037, .T. ) ;
#529 = ADVANCED_FACE ( 'NONE', ( #853 ), #876, .F. ) ;
#530 = AXIS2_PLACEMENT_3D ( 'NONE', #1163, #682, #362 ) ;
#531 = DIRECTION ( 'NONE',  ( -1.000000000000000000, 0.000000000000000000, 6.982962677686266711E-15 ) ) ;
#532 = ORIENTED_EDGE ( 'NONE', *, *, #1241, .T. ) ;
#533 = CIRCLE ( 'NONE', #1590, 15.00000000000003730 ) ;
#534 = AXIS2_PLACEMENT_3D ( 'NONE', #689, #1306, #1627 ) ;
#535 = CIRCLE ( 'NONE', #1223, 2.500000000000002220 ) ;
#536 = FACE_OUTER_BOUND ( 'NONE', #1752, .T. ) ;
#537 = CARTESIAN_POINT ( 'NONE',  ( 26.44550394349755962, 26.48044654559283373, -4.620000000000000107 ) ) ;
#538 = ORIENTED_EDGE ( 'NONE', *, *, #43, .F. ) ;
#539 = DIRECTION ( 'NONE',  ( 1.000000000000000000, 0.000000000000000000, 0.000000000000000000 ) ) ;
#540 = LINE ( 'NONE', #585, #194 ) ;
#541 = DIRECTION ( 'NONE',  ( -1.476880973642516934E-16, -1.000000000000000000, 0.000000000000000000 ) ) ;
#542 = ORIENTED_EDGE ( 'NONE', *, *, #1625, .T. ) ;
#543 = CARTESIAN_POINT ( 'NONE',  ( 39.19403284612558735, 47.32517565625202138, -1.620000000000274110 ) ) ;
#544 = ADVANCED_FACE ( 'NONE', ( #1394 ), #65, .F. ) ;
#545 = DIRECTION ( 'NONE',  ( 0.000000000000000000, 0.000000000000000000, -1.000000000000000000 ) ) ;
#546 = ORIENTED_EDGE ( 'NONE', *, *, #1437, .F. ) ;
#547 = AXIS2_PLACEMENT_3D ( 'NONE', #548, #1040, #1356 ) ;
#548 = CARTESIAN_POINT ( 'NONE',  ( 40.25967780398600837, -0.2540000081060000414, -19.61999999999999744 ) ) ;
#549 = CARTESIAN_POINT ( 'NONE',  ( 7.005000114440967707, 3.243000000714999942, -19.61999999999999744 ) ) ;
#550 = ORIENTED_EDGE ( 'NONE', *, *, #398, .T. ) ;
#551 = LINE ( 'NONE', #575, #885 ) ;
#552 = CARTESIAN_POINT ( 'NONE',  ( 50.68700103759796605, 45.06599998474099777, -16.62000000000000099 ) ) ;
#553 = VERTEX_POINT ( 'NONE', #1202 ) ;
#554 = CARTESIAN_POINT ( 'NONE',  ( 14.28944249278619516, -0.2569999992850000026, -19.61999999999999744 ) ) ;
#555 = DIRECTION ( 'NONE',  ( 1.000000000000000000, 0.000000000000000000, 0.000000000000000000 ) ) ;
#556 = ORIENTED_EDGE ( 'NONE', *, *, #2037, .F. ) ;
#557 = CARTESIAN_POINT ( 'NONE',  ( 12.44550394349759159, 26.48044654559283373, -5.620000000000087148 ) ) ;
#558 = EDGE_CURVE ( 'NONE', #1222, #1778, #1095, .T. ) ;
#559 = DIRECTION ( 'NONE',  ( 0.000000000000000000, -1.000000000000000000, 0.000000000000000000 ) ) ;
#560 = ORIENTED_EDGE ( 'NONE', *, *, #1601, .F. ) ;
#561 = CARTESIAN_POINT ( 'NONE',  ( 54.87887073153290629, 5.381323318584004589, -16.62000000000000099 ) ) ;
#562 = CARTESIAN_POINT ( 'NONE',  ( 49.19631975571159899, 26.48044654559283373, -5.620000000000000107 ) ) ;
#563 = ORIENTED_EDGE ( 'NONE', *, *, #1736, .F. ) ;
#564 = PLANE ( 'NONE',  #1527 ) ;
#565 = LINE ( 'NONE', #242, #109 ) ;
#566 = EDGE_LOOP ( 'NONE', ( #1210, #878, #895, #1362 ) ) ;
#567 = VECTOR ( 'NONE', #405, 1000.000000000000000 ) ;
#568 = VECTOR ( 'NONE', #1717, 1000.000000000000114 ) ;
#569 = CARTESIAN_POINT ( 'NONE',  ( 40.44550394349759159, 26.48044654559283373, -5.620000000000282547 ) ) ;
#570 = VECTOR ( 'NONE', #1283, 1000.000000000000000 ) ;
#571 = DIRECTION ( 'NONE',  ( 0.000000000000000000, 0.000000000000000000, -1.000000000000000000 ) ) ;
#572 = VECTOR ( 'NONE', #94, 1000.000000000000000 ) ;
#573 = EDGE_CURVE ( 'NONE', #1669, #995, #443, .T. ) ;
#574 = VERTEX_POINT ( 'NONE', #1541 ) ;
#575 = CARTESIAN_POINT ( 'NONE',  ( 57.88700103759799021, 55.24524257867325616, -1.620000000000404006 ) ) ;
#576 = EDGE_CURVE ( 'NONE', #1683, #309, #1369, .T. ) ;
#577 = LINE ( 'NONE', #2063, #1485 ) ;
#578 = EDGE_LOOP ( 'NONE', ( #1761, #1862, #1929, #941 ) ) ;
#579 = CARTESIAN_POINT ( 'NONE',  ( 42.15757000822212319, 47.99356986567008931, -4.620000000000000107 ) ) ;
#580 = DIRECTION ( 'NONE',  ( -6.982962677686266711E-15, -0.000000000000000000, -1.000000000000000000 ) ) ;
#581 = ORIENTED_EDGE ( 'NONE', *, *, #1352, .F. ) ;
#582 = FILL_AREA_STYLE_COLOUR ( '', #1181 ) ;
#583 = VECTOR ( 'NONE', #686, 1000.000000000000000 ) ;
#584 = CARTESIAN_POINT ( 'NONE',  ( 53.88700103759798310, 47.24524257867325616, -1.620000000000376250 ) ) ;
#585 = CARTESIAN_POINT ( 'NONE',  ( 50.68700103759798026, 7.065999984741000439, -1.620000000000353824 ) ) ;
#586 = EDGE_CURVE ( 'NONE', #1712, #776, #1212, .T. ) ;
#587 = FACE_OUTER_BOUND ( 'NONE', #566, .T. ) ;
#588 = ORIENTED_EDGE ( 'NONE', *, *, #1156, .T. ) ;
#589 = DIRECTION ( 'NONE',  ( 0.000000000000000000, 0.000000000000000000, -1.000000000000000000 ) ) ;
#590 = ADVANCED_FACE ( 'NONE', ( #1863 ), #392, .F. ) ;
#591 = LINE ( 'NONE', #2030, #945 ) ;
#592 = ORIENTED_EDGE ( 'NONE', *, *, #115, .F. ) ;
#593 = CARTESIAN_POINT ( 'NONE',  ( 50.56700134277296144, -0.2540000081060000414, -19.61999999999999744 ) ) ;
#594 = LINE ( 'NONE', #745, #471 ) ;
#595 = LINE ( 'NONE', #2096, #198 ) ;
#596 = CARTESIAN_POINT ( 'NONE',  ( 5.132437688989094582, 47.31959426025974835, -4.620000000000035634 ) ) ;
#597 = ORIENTED_EDGE ( 'NONE', *, *, #367, .T. ) ;
#598 = EDGE_CURVE ( 'NONE', #1756, #1786, #522, .T. ) ;
#599 = DIRECTION ( 'NONE',  ( 0.000000000000000000, -0.000000000000000000, -1.000000000000000000 ) ) ;
#600 = EDGE_LOOP ( 'NONE', ( #1460, #1937, #848, #31 ) ) ;
#601 = LINE ( 'NONE', #593, #183 ) ;
#602 = VECTOR ( 'NONE', #816, 1000.000000000000114 ) ;
#603 = LINE ( 'NONE', #2049, #1744 ) ;
#604 = DIRECTION ( 'NONE',  ( 1.000000000000000000, -0.000000000000000000, 0.000000000000000000 ) ) ;
#605 =( GEOMETRIC_REPRESENTATION_CONTEXT ( 3 ) GLOBAL_UNCERTAINTY_ASSIGNED_CONTEXT ( ( #795 ) ) GLOBAL_UNIT_ASSIGNED_CONTEXT ( ( #1959, #360, #678 ) ) REPRESENTATION_CONTEXT ( 'NONE', 'WORKASPACE' ) );
#606 = CYLINDRICAL_SURFACE ( 'NONE', #1254, 22.75081581221403937 ) ;
#607 = ORIENTED_EDGE ( 'NONE', *, *, #1336, .T. ) ;
#608 = VECTOR ( 'NONE', #82, 1000.000000000000000 ) ;
#609 = DIRECTION ( 'NONE',  ( 1.000000000000000000, 0.000000000000000000, 0.000000000000000000 ) ) ;
#610 = EDGE_LOOP ( 'NONE', ( #1287, #1597, #643, #987, #581, #942, #2059, #892, #510, #220, #1355, #887, #1383, #1164, #1109, #136 ) ) ;
#611 = EDGE_CURVE ( 'NONE', #1092, #995, #1066, .T. ) ;
#612 = ORIENTED_EDGE ( 'NONE', *, *, #518, .T. ) ;
#613 =( NAMED_UNIT ( * ) PLANE_ANGLE_UNIT ( ) SI_UNIT ( $, .RADIAN. ) );
#614 = AXIS2_PLACEMENT_3D ( 'NONE', #214, #68, #879 ) ;
#615 = CARTESIAN_POINT ( 'NONE',  ( 50.24292827374507908, 26.48044654559283373, -5.620000000000000107 ) ) ;
#616 = DIRECTION ( 'NONE',  ( -0.000000000000000000, -0.000000000000000000, 1.000000000000000000 ) ) ;
#617 = VERTEX_POINT ( 'NONE', #210 ) ;
#618 = VECTOR ( 'NONE', #1623, 1000.000000000000000 ) ;
#619 = CARTESIAN_POINT ( 'NONE',  ( 26.44550394349755962, 26.48044654559283373, -13.92000000000000171 ) ) ;
#620 = EDGE_LOOP ( 'NONE', ( #1592, #1513, #516, #769 ) ) ;
#621 = EDGE_LOOP ( 'NONE', ( #1664, #1516, #1581, #1440, #81, #1654, #2025, #563, #2113, #1842, #1344, #1602, #303, #1292, #660, #2092, #130, #737, #1549, #1035, #49, #128, #114, #1470, #1135, #347, #423, #1481, #363, #796, #35, #771, #403, #1872, #485 ) ) ;
#622 = VECTOR ( 'NONE', #30, 1000.000000000000000 ) ;
#623 = EDGE_CURVE ( 'NONE', #1070, #270, #1424, .T. ) ;
#624 =( LENGTH_UNIT ( ) NAMED_UNIT ( * ) SI_UNIT ( .MILLI., .METRE. ) );
#625 = EDGE_CURVE ( 'NONE', #1321, #1756, #244, .T. ) ;
#626 = DIRECTION ( 'NONE',  ( 0.000000000000000000, 1.000000000000000000, 0.000000000000000000 ) ) ;
#627 = DIRECTION ( 'NONE',  ( 0.000000000000000000, 0.000000000000000000, -1.000000000000000000 ) ) ;
#628 = ORIENTED_EDGE ( 'NONE', *, *, #654, .T. ) ;
#629 = DIRECTION ( 'NONE',  ( 6.982962677686266711E-15, -0.000000000000000000, 1.000000000000000000 ) ) ;
#630 = ORIENTED_EDGE ( 'NONE', *, *, #1733, .T. ) ;
#631 = ORIENTED_EDGE ( 'NONE', *, *, #1774, .T. ) ;
#632 = CARTESIAN_POINT ( 'NONE',  ( 14.96444680327331689, 47.32517565625202138, -5.620000000000000107 ) ) ;
#633 = DIRECTION ( 'NONE',  ( -0.000000000000000000, -0.000000000000000000, -1.000000000000000000 ) ) ;
#634 = ADVANCED_FACE ( 'NONE', ( #536 ), #1190, .F. ) ;
#635 = APPLICATION_CONTEXT ( 'automotive_design' ) ;
#636 = AXIS2_PLACEMENT_3D ( 'NONE', #204, #994, #541 ) ;
#637 = CYLINDRICAL_SURFACE ( 'NONE', #125, 23.79742433024752302 ) ;
#638 = EDGE_LOOP ( 'NONE', ( #1913, #2099, #694, #905, #1505, #1110 ) ) ;
#639 = DIRECTION ( 'NONE',  ( 0.000000000000000000, 0.000000000000000000, -1.000000000000000000 ) ) ;
#640 = VECTOR ( 'NONE', #1990, 1000.000000000000000 ) ;
#641 = LINE ( 'NONE', #454, #800 ) ;
#642 = VERTEX_POINT ( 'NONE', #1436 ) ;
#643 = ORIENTED_EDGE ( 'NONE', *, *, #1713, .T. ) ;
#644 = CARTESIAN_POINT ( 'NONE',  ( 54.87887073153290629, 7.065999984741000439, -4.620000000000000107 ) ) ;
#645 = DIRECTION ( 'NONE',  ( 1.000000000000000000, -0.000000000000000000, -6.909869360036672291E-15 ) ) ;
#646 = VECTOR ( 'NONE', #823, 1000.000000000000000 ) ;
#647 = EDGE_LOOP ( 'NONE', ( #845, #2031, #683, #1240 ) ) ;
#648 = FACE_OUTER_BOUND ( 'NONE', #713, .T. ) ;
#649 = PLANE ( 'NONE',  #1327 ) ;
#650 = EDGE_CURVE ( 'NONE', #1786, #1555, #943, .T. ) ;
#651 = AXIS2_PLACEMENT_3D ( 'NONE', #557, #222, #1530 ) ;
#652 = CARTESIAN_POINT ( 'NONE',  ( 50.56700134277296144, -0.2540000081060000414, -19.61999999999999744 ) ) ;
#653 = VERTEX_POINT ( 'NONE', #957 ) ;
#654 = EDGE_CURVE ( 'NONE', #433, #1902, #801, .T. ) ;
#655 = EDGE_LOOP ( 'NONE', ( #1727, #803, #1399, #1636 ) ) ;
#656 = DIRECTION ( 'NONE',  ( -0.000000000000000000, -0.000000000000000000, 1.000000000000000000 ) ) ;
#657 = LINE ( 'NONE', #336, #474 ) ;
#658 = DIRECTION ( 'NONE',  ( -1.000000000000000000, 0.000000000000000000, 0.000000000000000000 ) ) ;
#659 = LINE ( 'NONE', #985, #1900 ) ;
#660 = ORIENTED_EDGE ( 'NONE', *, *, #1097, .F. ) ;
#661 = ADVANCED_FACE ( 'NONE', ( #1414 ), #1593, .F. ) ;
#662 = ORIENTED_EDGE ( 'NONE', *, *, #1471, .T. ) ;
#663 = LINE ( 'NONE', #1311, #1692 ) ;
#664 = DIRECTION ( 'NONE',  ( -0.000000000000000000, -1.000000000000000000, -0.000000000000000000 ) ) ;
#665 = ORIENTED_EDGE ( 'NONE', *, *, #182, .T. ) ;
#666 = CARTESIAN_POINT ( 'NONE',  ( 48.47760620441503931, 47.24524257867325616, -16.62000000000000099 ) ) ;
#667 = AXIS2_PLACEMENT_3D ( 'NONE', #144, #292, #1616 ) ;
#668 = CARTESIAN_POINT ( 'NONE',  ( 39.19403284612558735, 47.32517565625202138, -1.620000000000274110 ) ) ;
#669 = VERTEX_POINT ( 'NONE', #911 ) ;
#670 = VECTOR ( 'NONE', #2000, 1000.000000000000000 ) ;
#671 = DIRECTION ( 'NONE',  ( -0.000000000000000000, -0.000000000000000000, 1.000000000000000000 ) ) ;
#672 = ORIENTED_EDGE ( 'NONE', *, *, #925, .F. ) ;
#673 = EDGE_CURVE ( 'NONE', #2073, #653, #753, .T. ) ;
#674 = FACE_OUTER_BOUND ( 'NONE', #2012, .T. ) ;
#675 = ADVANCED_FACE ( 'NONE', ( #1255 ), #1757, .F. ) ;
#676 = CARTESIAN_POINT ( 'NONE',  ( 7.005000114440967707, -0.2569999992850000026, -19.61999999999999744 ) ) ;
#677 = VERTEX_POINT ( 'NONE', #782 ) ;
#678 =( NAMED_UNIT ( * ) SI_UNIT ( $, .STERADIAN. ) SOLID_ANGLE_UNIT ( ) );
#679 = DIRECTION ( 'NONE',  ( -1.000000000000000000, 0.000000000000000000, -0.000000000000000000 ) ) ;
#680 = CIRCLE ( 'NONE', #2048, 4.000000000000000000 ) ;
#681 = CIRCLE ( 'NONE', #165, 15.00000000000003730 ) ;
#682 = DIRECTION ( 'NONE',  ( 0.7072543607828186696, 0.7069591707826460292, -4.938730804977281141E-15 ) ) ;
#683 = ORIENTED_EDGE ( 'NONE', *, *, #458, .F. ) ;
#684 = LINE ( 'NONE', #377, #385 ) ;
#685 = ORIENTED_EDGE ( 'NONE', *, *, #197, .F. ) ;
#686 = DIRECTION ( 'NONE',  ( -1.000000000000000000, -0.000000000000000000, -0.000000000000000000 ) ) ;
#687 = CARTESIAN_POINT ( 'NONE',  ( 50.68700103759796605, 39.78639408645565823, -16.62000000000000099 ) ) ;
#688 = EDGE_CURVE ( 'NONE', #1475, #818, #2086, .T. ) ;
#689 = CARTESIAN_POINT ( 'NONE',  ( 54.87887073153290629, 7.065999984741000439, -16.62000000000000099 ) ) ;
#690 = CARTESIAN_POINT ( 'NONE',  ( 50.68700103759795894, 14.82442925476643758, -16.62000000000000099 ) ) ;
#691 = FACE_OUTER_BOUND ( 'NONE', #962, .T. ) ;
#692 = ORIENTED_EDGE ( 'NONE', *, *, #252, .T. ) ;
#693 = CARTESIAN_POINT ( 'NONE',  ( 26.44550394349755962, 26.48044654559283373, -5.620000000000000107 ) ) ;
#694 = ORIENTED_EDGE ( 'NONE', *, *, #1865, .F. ) ;
#695 = DIRECTION ( 'NONE',  ( -0.000000000000000000, -0.000000000000000000, 1.000000000000000000 ) ) ;
#696 = FACE_BOUND ( 'NONE', #638, .T. ) ;
#697 = ORIENTED_EDGE ( 'NONE', *, *, #837, .T. ) ;
#698 = FACE_OUTER_BOUND ( 'NONE', #1808, .T. ) ;
#699 = EDGE_CURVE ( 'NONE', #1555, #752, #601, .T. ) ;
#700 = CARTESIAN_POINT ( 'NONE',  ( 50.56700134277296144, 2.245999991894000125, -19.61999999999999744 ) ) ;
#701 = VERTEX_POINT ( 'NONE', #449 ) ;
#702 = LINE ( 'NONE', #499, #570 ) ;
#703 = AXIS2_PLACEMENT_3D ( 'NONE', #106, #432, #1091 ) ;
#704 = AXIS2_PLACEMENT_3D ( 'NONE', #1155, #1123, #479 ) ;
#705 = CARTESIAN_POINT ( 'NONE',  ( 26.95491612274526005, 30.44787634732015391, -13.92000000000000171 ) ) ;
#706 = ORIENTED_EDGE ( 'NONE', *, *, #1648, .T. ) ;
#707 = FACE_OUTER_BOUND ( 'NONE', #193, .T. ) ;
#708 = FACE_BOUND ( 'NONE', #1142, .T. ) ;
#709 = ORIENTED_EDGE ( 'NONE', *, *, #965, .T. ) ;
#710 = FACE_OUTER_BOUND ( 'NONE', #621, .T. ) ;
#711 = EDGE_CURVE ( 'NONE', #1782, #1377, #265, .T. ) ;
#712 = DIRECTION ( 'NONE',  ( -1.000000000000000000, 0.000000000000000000, 7.000848313763543818E-15 ) ) ;
#713 = EDGE_LOOP ( 'NONE', ( #1462, #504, #1435, #781, #817, #395, #709, #1413, #1599, #1689, #470, #685 ) ) ;
#714 = LINE ( 'NONE', #1048, #1935 ) ;
#715 = ADVANCED_FACE ( 'NONE', ( #275 ), #1925, .F. ) ;
#716 = CARTESIAN_POINT ( 'NONE',  ( 48.47760620441503931, 47.24524257867325616, -16.62000000000000099 ) ) ;
#717 = EDGE_LOOP ( 'NONE', ( #1618, #794, #1532, #456, #2067, #1755, #1722, #1892 ) ) ;
#718 = VECTOR ( 'NONE', #1395, 1000.000000000000000 ) ;
#719 = VECTOR ( 'NONE', #120, 1000.000000000000114 ) ;
#720 = DIRECTION ( 'NONE',  ( 0.000000000000000000, 0.000000000000000000, -1.000000000000000000 ) ) ;
#721 = CARTESIAN_POINT ( 'NONE',  ( 48.47760620441503931, 47.24524257867325616, -4.620000000000000107 ) ) ;
#722 = EDGE_LOOP ( 'NONE', ( #2077, #869, #1204, #1852 ) ) ;
#723 = LINE ( 'NONE', #408, #1158 ) ;
#724 = CARTESIAN_POINT ( 'NONE',  ( 26.44550394349759159, 26.48044654559283373, -5.620000000000184848 ) ) ;
#725 = VERTEX_POINT ( 'NONE', #1746 ) ;
#726 = CARTESIAN_POINT ( 'NONE',  ( 26.44550394349755962, 26.48044654559283373, -13.92000000000000171 ) ) ;
#727 = CARTESIAN_POINT ( 'NONE',  ( 7.005000114440967707, 3.243000000714999942, -4.620000000000000107 ) ) ;
#728 = EDGE_LOOP ( 'NONE', ( #964, #1074, #311, #1880 ) ) ;
#729 = EDGE_CURVE ( 'NONE', #1185, #231, #944, .T. ) ;
#730 = MANIFOLD_SOLID_BREP ( 'Boss-Extrude8', #1810 ) ;
#731 = LINE ( 'NONE', #76, #1947 ) ;
#732 = EDGE_CURVE ( 'NONE', #1093, #653, #1563, .T. ) ;
#733 = DIRECTION ( 'NONE',  ( 1.000000000000000000, 0.000000000000000000, -6.996718019773104855E-15 ) ) ;
#734 = EDGE_LOOP ( 'NONE', ( #181, #2008 ) ) ;
#735 = CARTESIAN_POINT ( 'NONE',  ( 0.000000000000000000, 0.000000000000000000, -16.62000000000000099 ) ) ;
#736 = CARTESIAN_POINT ( 'NONE',  ( 26.44550394349755962, 26.48044654559283373, -4.620000000000000107 ) ) ;
#737 = ORIENTED_EDGE ( 'NONE', *, *, #486, .T. ) ;
#738 = CARTESIAN_POINT ( 'NONE',  ( 5.132437688989093694, 41.44666507051483251, -4.620000000000035634 ) ) ;
#739 = FACE_OUTER_BOUND ( 'NONE', #2080, .T. ) ;
#740 = ORIENTED_EDGE ( 'NONE', *, *, #1352, .T. ) ;
#741 = VECTOR ( 'NONE', #656, 1000.000000000000000 ) ;
#742 = EDGE_CURVE ( 'NONE', #147, #1310, #1583, .T. ) ;
#743 = DIRECTION ( 'NONE',  ( -0.000000000000000000, 1.000000000000000000, 0.000000000000000000 ) ) ;
#744 = VECTOR ( 'NONE', #1139, 1000.000000000000114 ) ;
#745 = CARTESIAN_POINT ( 'NONE',  ( 7.005000114440967707, -0.2569999992850000026, -19.61999999999999744 ) ) ;
#746 = ADVANCED_FACE ( 'NONE', ( #1684 ), #1444, .F. ) ;
#747 = CARTESIAN_POINT ( 'NONE',  ( 48.62819712842205178, 5.381323318584004589, -16.62000000000000099 ) ) ;
#748 = DIRECTION ( 'NONE',  ( -0.000000000000000000, -0.000000000000000000, 1.000000000000000000 ) ) ;
#749 = ORIENTED_EDGE ( 'NONE', *, *, #421, .T. ) ;
#750 = DIRECTION ( 'NONE',  ( -1.000000000000000000, 0.000000000000000000, 0.000000000000000000 ) ) ;
#751 = DIRECTION ( 'NONE',  ( 1.000000000000000000, 0.000000000000000000, 0.000000000000000000 ) ) ;
#752 = VERTEX_POINT ( 'NONE', #468 ) ;
#753 = LINE ( 'NONE', #2068, #286 ) ;
#754 = AXIS2_PLACEMENT_3D ( 'NONE', #176, #1010, #22 ) ;
#755 = LINE ( 'NONE', #1087, #2084 ) ;
#756 = CARTESIAN_POINT ( 'NONE',  ( 37.92656108372180057, 47.32517565625202138, -5.620000000000000107 ) ) ;
#757 = ADVANCED_FACE ( 'NONE', ( #2115 ), #1197, .T. ) ;
#758 = DIRECTION ( 'NONE',  ( 1.000000000000000000, 0.000000000000000000, 0.000000000000000000 ) ) ;
#759 = EDGE_LOOP ( 'NONE', ( #498, #1519, #2046, #1332 ) ) ;
#760 = CARTESIAN_POINT ( 'NONE',  ( 54.87887073153290629, 5.381323318584004589, -16.62000000000000099 ) ) ;
#761 = VERTEX_POINT ( 'NONE', #1610 ) ;
#762 = SURFACE_STYLE_USAGE ( .BOTH. , #284 ) ;
#763 = DIRECTION ( 'NONE',  ( -1.000000000000000000, 0.000000000000000000, 0.000000000000000000 ) ) ;
#764 = CARTESIAN_POINT ( 'NONE',  ( 12.50825589245678238, 25.15639338814062853, -5.620000000000088036 ) ) ;
#765 = DIRECTION ( 'NONE',  ( -0.000000000000000000, -0.000000000000000000, 1.000000000000000000 ) ) ;
#766 = ORIENTED_EDGE ( 'NONE', *, *, #623, .T. ) ;
#767 = EDGE_CURVE ( 'NONE', #1786, #239, #167, .T. ) ;
#768 = DIRECTION ( 'NONE',  ( 1.826024711554533913E-16, 1.000000000000000000, -0.000000000000000000 ) ) ;
#769 = ORIENTED_EDGE ( 'NONE', *, *, #1522, .T. ) ;
#770 = EDGE_CURVE ( 'NONE', #1696, #1302, #306, .T. ) ;
#771 = ORIENTED_EDGE ( 'NONE', *, *, #364, .F. ) ;
#772 = VECTOR ( 'NONE', #135, 1000.000000000000000 ) ;
#773 = DIRECTION ( 'NONE',  ( 0.000000000000000000, 0.000000000000000000, -1.000000000000000000 ) ) ;
#774 = CIRCLE ( 'NONE', #1730, 23.79742433024752302 ) ;
#775 = DIRECTION ( 'NONE',  ( -1.000000000000000000, 0.000000000000000000, 6.987080667128801707E-15 ) ) ;
#776 = VERTEX_POINT ( 'NONE', #543 ) ;
#777 = EDGE_CURVE ( 'NONE', #1090, #1027, #980, .T. ) ;
#778 = CARTESIAN_POINT ( 'NONE',  ( 6.953000068665000200, 70.22999954223598706, -1.620000000000048734 ) ) ;
#779 = ORIENTED_EDGE ( 'NONE', *, *, #200, .F. ) ;
#780 = ADVANCED_FACE ( 'NONE', ( #1956 ), #1850, .F. ) ;
#781 = ORIENTED_EDGE ( 'NONE', *, *, #2111, .F. ) ;
#782 = CARTESIAN_POINT ( 'NONE',  ( -0.2540101063951777371, 47.32517565625202138, -4.619999999999998330 ) ) ;
#783 = DIRECTION ( 'NONE',  ( 6.982962677686266711E-15, 0.000000000000000000, 1.000000000000000000 ) ) ;
#784 = DIRECTION ( 'NONE',  ( 0.000000000000000000, -0.000000000000000000, 1.000000000000000000 ) ) ;
#785 = ORIENTED_EDGE ( 'NONE', *, *, #1966, .T. ) ;
#786 = LINE ( 'NONE', #778, #602 ) ;
#787 = VERTEX_POINT ( 'NONE', #1136 ) ;
#788 = VERTEX_POINT ( 'NONE', #1453 ) ;
#789 = EDGE_CURVE ( 'NONE', #1977, #788, #1148, .T. ) ;
#790 = CARTESIAN_POINT ( 'NONE',  ( 50.68700103759795894, 7.065999984741000439, -16.62000000000000099 ) ) ;
#791 = DIRECTION ( 'NONE',  ( 0.000000000000000000, 1.000000000000000000, 0.000000000000000000 ) ) ;
#792 = ORIENTED_EDGE ( 'NONE', *, *, #1131, .T. ) ;
#793 = DIRECTION ( 'NONE',  ( -6.982962677686266711E-15, -0.000000000000000000, -1.000000000000000000 ) ) ;
#794 = ORIENTED_EDGE ( 'NONE', *, *, #197, .T. ) ;
#795 = UNCERTAINTY_MEASURE_WITH_UNIT (LENGTH_MEASURE( 1.000000000000000082E-05 ), #1959, 'distance_accuracy_value', 'NONE');
#796 = ORIENTED_EDGE ( 'NONE', *, *, #975, .F. ) ;
#797 = CARTESIAN_POINT ( 'NONE',  ( 26.44550394349755962, 26.48044654559283373, -5.620000000000000107 ) ) ;
#798 = EDGE_CURVE ( 'NONE', #1200, #669, #663, .T. ) ;
#799 = CARTESIAN_POINT ( 'NONE',  ( 50.56700134277297565, -0.2540000081060000414, -4.620000000000352713 ) ) ;
#800 = VECTOR ( 'NONE', #465, 1000.000000000000000 ) ;
#801 = CIRCLE ( 'NONE', #946, 4.000000000000000000 ) ;
#802 = EDGE_CURVE ( 'NONE', #41, #1185, #313, .T. ) ;
#803 = ORIENTED_EDGE ( 'NONE', *, *, #798, .F. ) ;
#804 = DIRECTION ( 'NONE',  ( -1.000000000000000000, 0.000000000000000000, 0.000000000000000000 ) ) ;
#805 = LINE ( 'NONE', #507, #812 ) ;
#806 = AXIS2_PLACEMENT_3D ( 'NONE', #1739, #1858, #1089 ) ;
#807 = DIRECTION ( 'NONE',  ( -0.000000000000000000, -0.000000000000000000, 1.000000000000000000 ) ) ;
#808 = VERTEX_POINT ( 'NONE', #644 ) ;
#809 = VERTEX_POINT ( 'NONE', #632 ) ;
#810 = DIRECTION ( 'NONE',  ( 0.000000000000000000, 0.000000000000000000, -1.000000000000000000 ) ) ;
#811 = LINE ( 'NONE', #480, #1743 ) ;
#812 = VECTOR ( 'NONE', #1307, 1000.000000000000000 ) ;
#813 = DIRECTION ( 'NONE',  ( 6.982962677686266711E-15, 0.000000000000000000, 1.000000000000000000 ) ) ;
#814 = EDGE_CURVE ( 'NONE', #1617, #387, #1353, .T. ) ;
#815 = VECTOR ( 'NONE', #645, 1000.000000000000000 ) ;
#816 = DIRECTION ( 'NONE',  ( 0.9999999999348028190, -1.141903098866963167E-05, -6.981506392873194691E-15 ) ) ;
#817 = ORIENTED_EDGE ( 'NONE', *, *, #352, .F. ) ;
#818 = VERTEX_POINT ( 'NONE', #2094 ) ;
#819 = CARTESIAN_POINT ( 'NONE',  ( 2.648079613250038822, 26.48044654559283728, -4.620000000000000107 ) ) ;
#820 = VECTOR ( 'NONE', #609, 1000.000000000000000 ) ;
#821 = DIRECTION ( 'NONE',  ( -0.000000000000000000, -0.000000000000000000, 1.000000000000000000 ) ) ;
#822 = ORIENTED_EDGE ( 'NONE', *, *, #1172, .T. ) ;
#823 = DIRECTION ( 'NONE',  ( -0.000000000000000000, -0.000000000000000000, 1.000000000000000000 ) ) ;
#824 = EDGE_CURVE ( 'NONE', #1970, #1888, #702, .T. ) ;
#825 = DIRECTION ( 'NONE',  ( -0.000000000000000000, -0.000000000000000000, 1.000000000000000000 ) ) ;
#826 = EDGE_LOOP ( 'NONE', ( #1945, #1057, #1830, #1342 ) ) ;
#827 = EDGE_CURVE ( 'NONE', #1214, #1061, #1086, .T. ) ;
#828 = LINE ( 'NONE', #2020, #622 ) ;
#829 = ORIENTED_EDGE ( 'NONE', *, *, #1759, .T. ) ;
#830 = CARTESIAN_POINT ( 'NONE',  ( 41.44550394349762712, 26.48044654559283373, -5.620000000000289653 ) ) ;
#831 = DIRECTION ( 'NONE',  ( -1.476880973642516934E-16, -1.000000000000000000, 0.000000000000000000 ) ) ;
#832 = APPLICATION_PROTOCOL_DEFINITION ( 'draft international standard', 'automotive_design', 1998, #635 ) ;
#833 = CARTESIAN_POINT ( 'NONE',  ( 0.000000000000000000, 0.000000000000000000, -4.620000000000000107 ) ) ;
#834 = VECTOR ( 'NONE', #807, 1000.000000000000000 ) ;
#835 = DIRECTION ( 'NONE',  ( 0.000000000000000000, 0.000000000000000000, -1.000000000000000000 ) ) ;
#836 = VERTEX_POINT ( 'NONE', #1643 ) ;
#837 = EDGE_CURVE ( 'NONE', #574, #41, #1293, .T. ) ;
#838 = AXIS2_PLACEMENT_3D ( 'NONE', #988, #1633, #206 ) ;
#839 = CARTESIAN_POINT ( 'NONE',  ( 14.28944249278619516, -0.2569999992850000026, -19.61999999999999744 ) ) ;
#840 = EDGE_LOOP ( 'NONE', ( #1911, #2015, #628, #1732 ) ) ;
#841 = EDGE_CURVE ( 'NONE', #1174, #512, #500, .T. ) ;
#842 = DIRECTION ( 'NONE',  ( -6.886715686364838947E-05, 0.9999999976286574332, 4.808967860972223350E-19 ) ) ;
#843 = VECTOR ( 'NONE', #1504, 1000.000000000000000 ) ;
#844 = PLANE ( 'NONE',  #1594 ) ;
#845 = ORIENTED_EDGE ( 'NONE', *, *, #1097, .T. ) ;
#846 = DIRECTION ( 'NONE',  ( 6.982962677686266711E-15, -0.000000000000000000, 1.000000000000000000 ) ) ;
#847 = DIRECTION ( 'NONE',  ( -1.000000000000000000, 0.000000000000000000, 0.000000000000000000 ) ) ;
#848 = ORIENTED_EDGE ( 'NONE', *, *, #650, .F. ) ;
#849 = DIRECTION ( 'NONE',  ( -1.000000000000000000, 0.000000000000000000, 6.982962677686266711E-15 ) ) ;
#850 = VERTEX_POINT ( 'NONE', #819 ) ;
#851 = VECTOR ( 'NONE', #768, 1000.000000000000000 ) ;
#852 = EDGE_CURVE ( 'NONE', #788, #138, #1473, .T. ) ;
#853 = FACE_OUTER_BOUND ( 'NONE', #620, .T. ) ;
#854 = CARTESIAN_POINT ( 'NONE',  ( 50.56700134277297565, -0.2540000081060000414, -4.620000000000352713 ) ) ;
#855 = VERTEX_POINT ( 'NONE', #896 ) ;
#856 = EDGE_CURVE ( 'NONE', #1403, #617, #1874, .T. ) ;
#857 = DIRECTION ( 'NONE',  ( -0.000000000000000000, 0.000000000000000000, 1.000000000000000000 ) ) ;
#858 = CARTESIAN_POINT ( 'NONE',  ( 25.93609176424992313, 30.44787634732016457, -13.92000000000000171 ) ) ;
#859 = ORIENTED_EDGE ( 'NONE', *, *, #1312, .F. ) ;
#860 = CARTESIAN_POINT ( 'NONE',  ( 11.44550394349755251, 26.48044654559283373, -5.620000000000080043 ) ) ;
#861 = CARTESIAN_POINT ( 'NONE',  ( 7.057756011510258887, 62.91899398329571369, -1.620000000000049400 ) ) ;
#862 = ORIENTED_EDGE ( 'NONE', *, *, #1894, .T. ) ;
#863 = CARTESIAN_POINT ( 'NONE',  ( 57.88700103759796889, 45.06599998474099777, -16.62000000000000099 ) ) ;
#864 = DIRECTION ( 'NONE',  ( 1.000000000000000000, -0.000000000000000000, -0.000000000000000000 ) ) ;
#865 = ORIENTED_EDGE ( 'NONE', *, *, #867, .T. ) ;
#866 = DIRECTION ( 'NONE',  ( 0.000000000000000000, -1.000000000000000000, 0.000000000000000000 ) ) ;
#867 = EDGE_CURVE ( 'NONE', #701, #1174, #714, .T. ) ;
#868 = LINE ( 'NONE', #1014, #1691 ) ;
#869 = ORIENTED_EDGE ( 'NONE', *, *, #506, .T. ) ;
#870 = CARTESIAN_POINT ( 'NONE',  ( 57.88700103759799021, 55.24524257867325616, -1.620000000000404006 ) ) ;
#871 = CIRCLE ( 'NONE', #2071, 13.99999999999999822 ) ;
#872 = VECTOR ( 'NONE', #2047, 1000.000000000000114 ) ;
#873 = DIRECTION ( 'NONE',  ( -6.982962677686266711E-15, 0.000000000000000000, -1.000000000000000000 ) ) ;
#874 = EDGE_LOOP ( 'NONE', ( #1047, #344, #607, #1796 ) ) ;
#875 = VECTOR ( 'NONE', #1792, 1000.000000000000000 ) ;
#876 = PLANE ( 'NONE',  #1364 ) ;
#877 = FACE_OUTER_BOUND ( 'NONE', #1102, .T. ) ;
#878 = ORIENTED_EDGE ( 'NONE', *, *, #841, .F. ) ;
#879 = DIRECTION ( 'NONE',  ( 1.000000000000000000, 0.000000000000000000, 0.000000000000000000 ) ) ;
#880 = DIRECTION ( 'NONE',  ( 6.982962677686266711E-15, -0.000000000000000000, 1.000000000000000000 ) ) ;
#881 = ORIENTED_EDGE ( 'NONE', *, *, #1187, .T. ) ;
#882 = EDGE_CURVE ( 'NONE', #208, #787, #1709, .T. ) ;
#883 = LINE ( 'NONE', #261, #914 ) ;
#884 = CIRCLE ( 'NONE', #1326, 1.000000000000000888 ) ;
#885 = VECTOR ( 'NONE', #417, 1000.000000000000000 ) ;
#886 = CARTESIAN_POINT ( 'NONE',  ( 50.41466681408210349, 64.86806471233578009, -1.619999999999999885 ) ) ;
#887 = ORIENTED_EDGE ( 'NONE', *, *, #1994, .T. ) ;
#888 = EDGE_CURVE ( 'NONE', #1093, #1683, #1893, .T. ) ;
#889 = AXIS2_PLACEMENT_3D ( 'NONE', #1899, #604, #773 ) ;
#890 = DIRECTION ( 'NONE',  ( 0.000000000000000000, -0.000000000000000000, 1.000000000000000000 ) ) ;
#891 = CARTESIAN_POINT ( 'NONE',  ( 26.95491612274526005, 30.44787634732015391, -13.92000000000000171 ) ) ;
#892 = ORIENTED_EDGE ( 'NONE', *, *, #1562, .T. ) ;
#893 = DIRECTION ( 'NONE',  ( 0.000000000000000000, 0.000000000000000000, 1.000000000000000000 ) ) ;
#894 = LINE ( 'NONE', #562, #1694 ) ;
#895 = ORIENTED_EDGE ( 'NONE', *, *, #237, .T. ) ;
#896 = CARTESIAN_POINT ( 'NONE',  ( 5.132437688989094582, 47.31959426025974835, -19.61999999999999744 ) ) ;
#897 = EDGE_CURVE ( 'NONE', #1130, #208, #883, .T. ) ;
#898 = LINE ( 'NONE', #1698, #1932 ) ;
#899 = ORIENTED_EDGE ( 'NONE', *, *, #789, .F. ) ;
#900 = ADVANCED_FACE ( 'NONE', ( #420 ), #1556, .T. ) ;
#901 = PLANE ( 'NONE',  #651 ) ;
#902 = CARTESIAN_POINT ( 'NONE',  ( 57.88700103759796889, 55.24524257867325616, -4.620000000000404228 ) ) ;
#903 = PLANE ( 'NONE',  #1401 ) ;
#904 = FACE_OUTER_BOUND ( 'NONE', #722, .T. ) ;
#905 = ORIENTED_EDGE ( 'NONE', *, *, #367, .F. ) ;
#906 = DIRECTION ( 'NONE',  ( -0.000000000000000000, -0.000000000000000000, 1.000000000000000000 ) ) ;
#907 = LINE ( 'NONE', #1558, #375 ) ;
#908 = ORIENTED_EDGE ( 'NONE', *, *, #742, .F. ) ;
#909 = AXIS2_PLACEMENT_3D ( 'NONE', #1603, #1094, #297 ) ;
#910 = VECTOR ( 'NONE', #1409, 1000.000000000000000 ) ;
#911 = CARTESIAN_POINT ( 'NONE',  ( 53.88700103759796178, 55.24524257867325616, -4.620000000000376694 ) ) ;
#912 = EDGE_CURVE ( 'NONE', #147, #1712, #918, .T. ) ;
#913 = CYLINDRICAL_SURFACE ( 'NONE', #2052, 15.00000000000003730 ) ;
#914 = VECTOR ( 'NONE', #401, 1000.000000000000114 ) ;
#915 = CARTESIAN_POINT ( 'NONE',  ( 41.44550394349763422, 26.48044654559283373, -4.620000000000289653 ) ) ;
#916 = DIRECTION ( 'NONE',  ( -0.000000000000000000, 0.000000000000000000, -1.000000000000000000 ) ) ;
#917 = ORIENTED_EDGE ( 'NONE', *, *, #1172, .F. ) ;
#918 = LINE ( 'NONE', #1569, #1561 ) ;
#919 = CYLINDRICAL_SURFACE ( 'NONE', #703, 2.500000000000002220 ) ;
#920 = EDGE_LOOP ( 'NONE', ( #75, #2035, #1572, #1391 ) ) ;
#921 = AXIS2_PLACEMENT_3D ( 'NONE', #361, #1960, #1670 ) ;
#922 = CARTESIAN_POINT ( 'NONE',  ( 26.44550394349755962, 26.48044654559283373, -4.620000000000000107 ) ) ;
#923 = VECTOR ( 'NONE', #86, 1000.000000000000000 ) ;
#924 = CARTESIAN_POINT ( 'NONE',  ( 51.41466681408210349, 64.86806471233578009, -4.620000000000000107 ) ) ;
#925 = EDGE_CURVE ( 'NONE', #1323, #809, #1393, .T. ) ;
#926 = CARTESIAN_POINT ( 'NONE',  ( 26.95491612274526005, 30.44787634732015391, -4.620000000000000995 ) ) ;
#927 = ADVANCED_FACE ( 'NONE', ( #2029 ), #1526, .F. ) ;
#928 = DIRECTION ( 'NONE',  ( 1.000000000000000000, -0.000000000000000000, -0.000000000000000000 ) ) ;
#929 = ORIENTED_EDGE ( 'NONE', *, *, #115, .T. ) ;
#930 = CARTESIAN_POINT ( 'NONE',  ( 14.96444680327331689, 47.32517565625202138, -5.620000000000000107 ) ) ;
#931 = ORIENTED_EDGE ( 'NONE', *, *, #1906, .T. ) ;
#932 = VERTEX_POINT ( 'NONE', #738 ) ;
#933 = CARTESIAN_POINT ( 'NONE',  ( 26.44550394349759870, 26.48044654559283373, -4.620000000000184848 ) ) ;
#934 = LINE ( 'NONE', #88, #444 ) ;
#935 = FACE_OUTER_BOUND ( 'NONE', #1316, .T. ) ;
#936 = DIRECTION ( 'NONE',  ( -0.000000000000000000, -0.000000000000000000, -1.000000000000000000 ) ) ;
#937 = ORIENTED_EDGE ( 'NONE', *, *, #2111, .T. ) ;
#938 = AXIS2_PLACEMENT_3D ( 'NONE', #996, #1528, #184 ) ;
#939 = ADVANCED_FACE ( 'NONE', ( #2044 ), #564, .F. ) ;
#940 = CARTESIAN_POINT ( 'NONE',  ( 50.56700134277297565, -0.2540000081060000414, -4.620000000000352713 ) ) ;
#941 = ORIENTED_EDGE ( 'NONE', *, *, #827, .T. ) ;
#942 = ORIENTED_EDGE ( 'NONE', *, *, #688, .F. ) ;
#943 = LINE ( 'NONE', #425, #1869 ) ;
#944 = CIRCLE ( 'NONE', #2102, 15.00000000000003730 ) ;
#945 = VECTOR ( 'NONE', #1904, 1000.000000000000000 ) ;
#946 = AXIS2_PLACEMENT_3D ( 'NONE', #922, #1897, #435 ) ;
#947 = CARTESIAN_POINT ( 'NONE',  ( 14.28944249278619516, 3.243000000715000386, -4.620000000000099583 ) ) ;
#948 = VECTOR ( 'NONE', #1269, 1000.000000000000000 ) ;
#949 = CARTESIAN_POINT ( 'NONE',  ( -0.2540101100096057163, 47.31959426025974835, -19.61999999999999744 ) ) ;
#950 = VERTEX_POINT ( 'NONE', #1218 ) ;
#951 = AXIS2_PLACEMENT_3D ( 'NONE', #1071, #1242, #1547 ) ;
#952 = ADVANCED_FACE ( 'NONE', ( #229 ), #1537, .F. ) ;
#953 = PRODUCT_DEFINITION_SHAPE ( 'NONE', 'NONE',  #209 ) ;
#954 = CARTESIAN_POINT ( 'NONE',  ( 53.88700103759796178, 47.24524257867325616, -4.620000000000376694 ) ) ;
#955 = VERTEX_POINT ( 'NONE', #579 ) ;
#956 = ORIENTED_EDGE ( 'NONE', *, *, #925, .T. ) ;
#957 = CARTESIAN_POINT ( 'NONE',  ( 48.62819712842205178, 14.82442925476643758, -4.620000000000000107 ) ) ;
#958 = VECTOR ( 'NONE', #866, 1000.000000000000000 ) ;
#959 = LINE ( 'NONE', #756, #301 ) ;
#960 = VECTOR ( 'NONE', #111, 1000.000000000000000 ) ;
#961 = CARTESIAN_POINT ( 'NONE',  ( 54.87887073153290629, 5.381323318584004589, -16.62000000000000099 ) ) ;
#962 = EDGE_LOOP ( 'NONE', ( #740, #1953, #123, #588 ) ) ;
#963 = LINE ( 'NONE', #954, #772 ) ;
#964 = ORIENTED_EDGE ( 'NONE', *, *, #1121, .F. ) ;
#965 = EDGE_CURVE ( 'NONE', #995, #1214, #1232, .T. ) ;
#966 = ORIENTED_EDGE ( 'NONE', *, *, #1028, .F. ) ;
#967 = DIRECTION ( 'NONE',  ( -0.000000000000000000, -0.000000000000000000, 1.000000000000000000 ) ) ;
#968 = EDGE_CURVE ( 'NONE', #1305, #366, #1719, .T. ) ;
#969 = CARTESIAN_POINT ( 'NONE',  ( 48.47760620441503931, 39.78639408645565823, -4.620000000000000107 ) ) ;
#970 = LINE ( 'NONE', #1614, #744 ) ;
#971 = ORIENTED_EDGE ( 'NONE', *, *, #339, .F. ) ;
#972 = DIRECTION ( 'NONE',  ( -1.000000000000000000, 0.000000000000000000, 0.000000000000000000 ) ) ;
#973 = ORIENTED_EDGE ( 'NONE', *, *, #975, .T. ) ;
#974 = ORIENTED_EDGE ( 'NONE', *, *, #1816, .T. ) ;
#975 = EDGE_CURVE ( 'NONE', #1196, #1931, #1400, .T. ) ;
#976 = DIRECTION ( 'NONE',  ( 1.000000000000000000, 0.000000000000000000, 0.000000000000000000 ) ) ;
#977 = EDGE_CURVE ( 'NONE', #1888, #932, #515, .T. ) ;
#978 = DIRECTION ( 'NONE',  ( 1.000000000000000000, 0.000000000000000000, -6.996718019773104855E-15 ) ) ;
#979 = VECTOR ( 'NONE', #1005, 1000.000000000000000 ) ;
#980 = CIRCLE ( 'NONE', #55, 22.75081581221403937 ) ;
#981 = CIRCLE ( 'NONE', #1392, 22.75081581221403937 ) ;
#982 = CARTESIAN_POINT ( 'NONE',  ( 26.44550394349755962, 26.48044654559283373, -5.620000000000000107 ) ) ;
#983 = CARTESIAN_POINT ( 'NONE',  ( 57.88700103759798310, 63.04000091552700269, -4.620000000000404228 ) ) ;
#984 = AXIS2_PLACEMENT_3D ( 'NONE', #1463, #998, #1144 ) ;
#985 = CARTESIAN_POINT ( 'NONE',  ( 50.68700103759796605, 39.78639408645565823, -16.62000000000000099 ) ) ;
#986 = EDGE_LOOP ( 'NONE', ( #185, #2101, #446, #2093 ) ) ;
#987 = ORIENTED_EDGE ( 'NONE', *, *, #814, .F. ) ;
#988 = CARTESIAN_POINT ( 'NONE',  ( 26.44550394349759159, 26.48044654559283373, -5.620000000000184848 ) ) ;
#989 = DIRECTION ( 'NONE',  ( -0.000000000000000000, -0.000000000000000000, 1.000000000000000000 ) ) ;
#990 = EDGE_CURVE ( 'NONE', #270, #1949, #503, .T. ) ;
#991 = CIRCLE ( 'NONE', #921, 23.79742433024752302 ) ;
#992 = PLANE ( 'NONE',  #1461 ) ;
#993 = EDGE_CURVE ( 'NONE', #1358, #1579, #1337, .T. ) ;
#994 = DIRECTION ( 'NONE',  ( -1.000000000000000000, 1.476880973642516934E-16, 0.000000000000000000 ) ) ;
#995 = VERTEX_POINT ( 'NONE', #346 ) ;
#996 = CARTESIAN_POINT ( 'NONE',  ( 26.44550394349755962, 26.48044654559283373, -4.620000000000000107 ) ) ;
#997 = ORIENTED_EDGE ( 'NONE', *, *, #1039, .T. ) ;
#998 = DIRECTION ( 'NONE',  ( 0.000000000000000000, -0.000000000000000000, 1.000000000000000000 ) ) ;
#999 = LINE ( 'NONE', #1325, #815 ) ;
#1000 = CARTESIAN_POINT ( 'NONE',  ( 26.44550394349755962, 26.48044654559283373, -13.92000000000000171 ) ) ;
#1001 = VERTEX_POINT ( 'NONE', #381 ) ;
#1002 = PLANE ( 'NONE',  #534 ) ;
#1003 = CARTESIAN_POINT ( 'NONE',  ( 5.132437688989093694, 41.44666507051483251, -19.61999999999999744 ) ) ;
#1004 = EDGE_CURVE ( 'NONE', #955, #366, #535, .T. ) ;
#1005 = DIRECTION ( 'NONE',  ( 6.982962677686266711E-15, -0.000000000000000000, 1.000000000000000000 ) ) ;
#1006 = EDGE_LOOP ( 'NONE', ( #234, #259, #1281, #546 ) ) ;
#1007 = ADVANCED_FACE ( 'NONE', ( #223, #708, #1508, #696 ), #211, .T. ) ;
#1008 = LINE ( 'NONE', #1997, #843 ) ;
#1009 = ORIENTED_EDGE ( 'NONE', *, *, #1587, .T. ) ;
#1010 = DIRECTION ( 'NONE',  ( 0.000000000000000000, -1.000000000000000000, 0.000000000000000000 ) ) ;
#1011 = DIRECTION ( 'NONE',  ( -1.000000000000000000, 0.000000000000000000, 6.982962677686266711E-15 ) ) ;
#1012 = PLANE ( 'NONE',  #1360 ) ;
#1013 = AXIS2_PLACEMENT_3D ( 'NONE', #1080, #1711, #250 ) ;
#1014 = CARTESIAN_POINT ( 'NONE',  ( 14.28944249278619516, -0.2569999992850000026, -4.620000000000000107 ) ) ;
#1015 = VERTEX_POINT ( 'NONE', #1657 ) ;
#1016 = VECTOR ( 'NONE', #2019, 1000.000000000000000 ) ;
#1017 = ADVANCED_FACE ( 'NONE', ( #877 ), #2014, .T. ) ;
#1018 = CARTESIAN_POINT ( 'NONE',  ( 50.41466681408210349, 64.86806471233578009, -1.619999999999999885 ) ) ;
#1019 = ORIENTED_EDGE ( 'NONE', *, *, #475, .T. ) ;
#1020 = CARTESIAN_POINT ( 'NONE',  ( 7.005000114440967707, -0.2569999992850000026, -19.61999999999999744 ) ) ;
#1021 = CARTESIAN_POINT ( 'NONE',  ( 40.25967780398600837, -0.2540000081060000414, -4.620000000000000107 ) ) ;
#1022 = VERTEX_POINT ( 'NONE', #687 ) ;
#1023 = CARTESIAN_POINT ( 'NONE',  ( 7.005000114440979253, -0.2569999992850000026, -4.620000000000049845 ) ) ;
#1024 = CARTESIAN_POINT ( 'NONE',  ( 40.25967780398600837, 2.245999991894000125, -19.61999999999999744 ) ) ;
#1025 = ORIENTED_EDGE ( 'NONE', *, *, #379, .T. ) ;
#1026 = LINE ( 'NONE', #1641, #1380 ) ;
#1027 = VERTEX_POINT ( 'NONE', #44 ) ;
#1028 = EDGE_CURVE ( 'NONE', #67, #2003, #1518, .T. ) ;
#1029 = CARTESIAN_POINT ( 'NONE',  ( 50.68700103759798736, 45.06599998474099777, -1.620000000000353824 ) ) ;
#1030 = ADVANCED_FACE ( 'NONE', ( #1191 ), #1178, .F. ) ;
#1031 = CARTESIAN_POINT ( 'NONE',  ( 35.56125341485347491, 47.32517565625202138, -5.620000000000000107 ) ) ;
#1032 = ORIENTED_EDGE ( 'NONE', *, *, #475, .F. ) ;
#1033 = DIRECTION ( 'NONE',  ( 0.7062200539602191407, -0.7079923978295423748, 0.000000000000000000 ) ) ;
#1034 = DIRECTION ( 'NONE',  ( -1.000000000000000000, 0.000000000000000000, 6.986492934152173240E-15 ) ) ;
#1035 = ORIENTED_EDGE ( 'NONE', *, *, #2053, .F. ) ;
#1036 = CARTESIAN_POINT ( 'NONE',  ( -0.2540362169974851314, 7.005067334542999014, -1.619999999999998330 ) ) ;
#1037 = CARTESIAN_POINT ( 'NONE',  ( 57.88700103759799021, 45.06599998474099777, -1.620000000000404006 ) ) ;
#1038 = ORIENTED_EDGE ( 'NONE', *, *, #1336, .F. ) ;
#1039 = EDGE_CURVE ( 'NONE', #617, #1403, #1319, .T. ) ;
#1040 = DIRECTION ( 'NONE',  ( 1.000000000000000000, -0.000000000000000000, 0.000000000000000000 ) ) ;
#1041 = VECTOR ( 'NONE', #1685, 1000.000000000000000 ) ;
#1042 = DIRECTION ( 'NONE',  ( -1.190704370957544910E-16, -1.000000000000000000, 0.000000000000000000 ) ) ;
#1043 = ADVANCED_FACE ( 'NONE', ( #201 ), #844, .F. ) ;
#1044 = ORIENTED_EDGE ( 'NONE', *, *, #598, .T. ) ;
#1045 = CARTESIAN_POINT ( 'NONE',  ( 50.68700103759796605, 45.06599998474099777, -16.62000000000000099 ) ) ;
#1046 = CARTESIAN_POINT ( 'NONE',  ( 26.95491612274526005, 30.48044654559283373, -4.620000000000000995 ) ) ;
#1047 = ORIENTED_EDGE ( 'NONE', *, *, #393, .F. ) ;
#1048 = CARTESIAN_POINT ( 'NONE',  ( 12.50825589245678238, 25.15639338814062853, -5.620000000000088036 ) ) ;
#1049 = CIRCLE ( 'NONE', #1147, 23.79742433024752302 ) ;
#1050 = AXIS2_PLACEMENT_3D ( 'NONE', #323, #1779, #976 ) ;
#1051 = LINE ( 'NONE', #1390, #1766 ) ;
#1052 = ORIENTED_EDGE ( 'NONE', *, *, #1312, .T. ) ;
#1053 = PRODUCT_DEFINITION_FORMATION_WITH_SPECIFIED_SOURCE ( 'ANY', '', #1753, .NOT_KNOWN. ) ;
#1054 = VECTOR ( 'NONE', #1822, 1000.000000000000000 ) ;
#1055 = CARTESIAN_POINT ( 'NONE',  ( 50.56700134277296144, -0.2540000081060000414, -19.61999999999999744 ) ) ;
#1056 = DIRECTION ( 'NONE',  ( -0.000000000000000000, -0.000000000000000000, 1.000000000000000000 ) ) ;
#1057 = ORIENTED_EDGE ( 'NONE', *, *, #87, .F. ) ;
#1058 = CARTESIAN_POINT ( 'NONE',  ( 48.47760620441503931, 47.24524257867325616, -16.62000000000000099 ) ) ;
#1059 = EDGE_CURVE ( 'NONE', #1788, #390, #1203, .T. ) ;
#1060 = DIRECTION ( 'NONE',  ( -6.982962677686266711E-15, 0.000000000000000000, -1.000000000000000000 ) ) ;
#1061 = VERTEX_POINT ( 'NONE', #1289 ) ;
#1062 = DIRECTION ( 'NONE',  ( 0.9999999999997903899, -6.475826433413005818E-07, -6.982962677684803374E-15 ) ) ;
#1063 = VECTOR ( 'NONE', #225, 1000.000000000000000 ) ;
#1064 = DIRECTION ( 'NONE',  ( -0.000000000000000000, -0.000000000000000000, 1.000000000000000000 ) ) ;
#1065 = ORIENTED_EDGE ( 'NONE', *, *, #1059, .T. ) ;
#1066 = LINE ( 'NONE', #1831, #124 ) ;
#1067 = DIRECTION ( 'NONE',  ( -0.000000000000000000, -1.000000000000000000, -0.000000000000000000 ) ) ;
#1068 = CARTESIAN_POINT ( 'NONE',  ( 54.87887073153290629, 5.381323318584004589, -4.620000000000000107 ) ) ;
#1069 = FACE_OUTER_BOUND ( 'NONE', #840, .T. ) ;
#1070 = VERTEX_POINT ( 'NONE', #370 ) ;
#1071 = CARTESIAN_POINT ( 'NONE',  ( 26.44550394349755962, 26.48044654559283373, -5.620000000000000107 ) ) ;
#1072 = EDGE_CURVE ( 'NONE', #18, #118, #1941, .T. ) ;
#1073 = DIRECTION ( 'NONE',  ( -0.000000000000000000, -1.000000000000000000, -0.000000000000000000 ) ) ;
#1074 = ORIENTED_EDGE ( 'NONE', *, *, #393, .T. ) ;
#1075 = DIRECTION ( 'NONE',  ( 0.000000000000000000, -1.000000000000000000, 0.000000000000000000 ) ) ;
#1076 = CARTESIAN_POINT ( 'NONE',  ( 57.88700103759798310, 7.065999984741000439, -4.620000000000404228 ) ) ;
#1077 = LINE ( 'NONE', #1545, #221 ) ;
#1078 = VERTEX_POINT ( 'NONE', #2001 ) ;
#1079 = CARTESIAN_POINT ( 'NONE',  ( 51.41466681408210349, 64.86806471233578009, -1.619999999999999885 ) ) ;
#1080 = CARTESIAN_POINT ( 'NONE',  ( 50.56700134277296144, 2.245999991894000125, -19.61999999999999744 ) ) ;
#1081 = ORIENTED_EDGE ( 'NONE', *, *, #1118, .F. ) ;
#1082 = VECTOR ( 'NONE', #1817, 1000.000000000000000 ) ;
#1083 = EDGE_CURVE ( 'NONE', #1078, #1949, #505, .T. ) ;
#1084 = PRODUCT_DEFINITION_CONTEXT ( 'detailed design', #635, 'design' ) ;
#1085 = DIRECTION ( 'NONE',  ( 1.826024711554533913E-16, 1.000000000000000000, -0.000000000000000000 ) ) ;
#1086 = CIRCLE ( 'NONE', #984, 22.75081581221403937 ) ;
#1087 = CARTESIAN_POINT ( 'NONE',  ( 5.132437688989094582, 47.31959426025974835, -19.61999999999999744 ) ) ;
#1088 = DIRECTION ( 'NONE',  ( -0.000000000000000000, 0.000000000000000000, -1.000000000000000000 ) ) ;
#1089 = DIRECTION ( 'NONE',  ( 1.000000000000000000, 0.000000000000000000, -7.000848313763542241E-15 ) ) ;
#1090 = VERTEX_POINT ( 'NONE', #23 ) ;
#1091 = DIRECTION ( 'NONE',  ( 1.000000000000000000, 0.000000000000000000, 0.000000000000000000 ) ) ;
#1092 = VERTEX_POINT ( 'NONE', #1031 ) ;
#1093 = VERTEX_POINT ( 'NONE', #1328 ) ;
#1094 = DIRECTION ( 'NONE',  ( 1.000000000000000000, 0.000000000000000000, 0.000000000000000000 ) ) ;
#1095 = CIRCLE ( 'NONE', #168, 4.000000000000000000 ) ;
#1096 = LINE ( 'NONE', #1737, #1465 ) ;
#1097 = EDGE_CURVE ( 'NONE', #932, #1529, #1981, .T. ) ;
#1098 = CARTESIAN_POINT ( 'NONE',  ( 57.88700103759800442, 7.065999984741000439, -1.620000000000404228 ) ) ;
#1099 = CARTESIAN_POINT ( 'NONE',  ( 26.44550394349759159, 26.48044654559283373, -5.620000000000184848 ) ) ;
#1100 = VERTEX_POINT ( 'NONE', #1256 ) ;
#1101 = CARTESIAN_POINT ( 'NONE',  ( 57.88700103759799021, 55.24524257867325616, -1.620000000000404006 ) ) ;
#1102 = EDGE_LOOP ( 'NONE', ( #2090, #1338, #1143 ) ) ;
#1103 = ORIENTED_EDGE ( 'NONE', *, *, #1886, .F. ) ;
#1104 = CARTESIAN_POINT ( 'NONE',  ( -0.2540362169975060036, 7.005067334542999014, -4.619999999999998330 ) ) ;
#1105 = EDGE_CURVE ( 'NONE', #14, #1090, #1229, .T. ) ;
#1106 = CARTESIAN_POINT ( 'NONE',  ( 57.88700103759799021, 47.24524257867325616, -1.620000000000404006 ) ) ;
#1107 = ORIENTED_EDGE ( 'NONE', *, *, #1759, .F. ) ;
#1108 = CARTESIAN_POINT ( 'NONE',  ( 48.47760620441503931, 47.24524257867325616, -16.62000000000000099 ) ) ;
#1109 = ORIENTED_EDGE ( 'NONE', *, *, #882, .F. ) ;
#1110 = ORIENTED_EDGE ( 'NONE', *, *, #729, .F. ) ;
#1111 = CARTESIAN_POINT ( 'NONE',  ( 50.68700103759796605, 45.06599998474099777, -4.620000000000353602 ) ) ;
#1112 = AXIS2_PLACEMENT_3D ( 'NONE', #1055, #2033, #1224 ) ;
#1113 = VECTOR ( 'NONE', #835, 1000.000000000000000 ) ;
#1114 = DIRECTION ( 'NONE',  ( -6.982962677686266711E-15, 0.000000000000000000, -1.000000000000000000 ) ) ;
#1115 = VECTOR ( 'NONE', #1375, 1000.000000000000000 ) ;
#1116 = CARTESIAN_POINT ( 'NONE',  ( 50.41466681408210349, 64.86806471233578009, -4.620000000000000107 ) ) ;
#1117 = ORIENTED_EDGE ( 'NONE', *, *, #1538, .T. ) ;
#1118 = EDGE_CURVE ( 'NONE', #18, #1606, #1747, .T. ) ;
#1119 = DIRECTION ( 'NONE',  ( -0.000000000000000000, -0.000000000000000000, 1.000000000000000000 ) ) ;
#1120 = VERTEX_POINT ( 'NONE', #1889 ) ;
#1121 = EDGE_CURVE ( 'NONE', #1179, #138, #680, .T. ) ;
#1122 = VERTEX_POINT ( 'NONE', #233 ) ;
#1123 = DIRECTION ( 'NONE',  ( -0.000000000000000000, -0.000000000000000000, 1.000000000000000000 ) ) ;
#1124 = VECTOR ( 'NONE', #1564, 1000.000000000000000 ) ;
#1125 = CYLINDRICAL_SURFACE ( 'NONE', #1127, 15.00000000000003730 ) ;
#1126 = VECTOR ( 'NONE', #110, 1000.000000000000000 ) ;
#1127 = AXIS2_PLACEMENT_3D ( 'NONE', #188, #1957, #978 ) ;
#1128 = ORIENTED_EDGE ( 'NONE', *, *, #462, .T. ) ;
#1129 = LINE ( 'NONE', #1258, #356 ) ;
#1130 = VERTEX_POINT ( 'NONE', #416 ) ;
#1131 = EDGE_CURVE ( 'NONE', #1579, #118, #594, .T. ) ;
#1132 = FACE_OUTER_BOUND ( 'NONE', #442, .T. ) ;
#1133 = ORIENTED_EDGE ( 'NONE', *, *, #625, .T. ) ;
#1134 = EDGE_CURVE ( 'NONE', #407, #1200, #1552, .T. ) ;
#1135 = ORIENTED_EDGE ( 'NONE', *, *, #742, .T. ) ;
#1136 = CARTESIAN_POINT ( 'NONE',  ( 57.88700103759799021, 55.24524257867325616, -1.620000000000404006 ) ) ;
#1137 = CARTESIAN_POINT ( 'NONE',  ( -0.2540362169975060036, 7.005067334542999014, -4.619999999999998330 ) ) ;
#1138 = ORIENTED_EDGE ( 'NONE', *, *, #856, .F. ) ;
#1139 = DIRECTION ( 'NONE',  ( 6.475826433413004759E-07, 0.9999999999997903899, 0.000000000000000000 ) ) ;
#1140 = DIRECTION ( 'NONE',  ( -1.000000000000000000, 0.000000000000000000, -0.000000000000000000 ) ) ;
#1141 = CARTESIAN_POINT ( 'NONE',  ( 14.28944249278619516, -0.2569999992850000026, -19.61999999999999744 ) ) ;
#1142 = EDGE_LOOP ( 'NONE', ( #1986, #822 ) ) ;
#1143 = ORIENTED_EDGE ( 'NONE', *, *, #1121, .T. ) ;
#1144 = DIRECTION ( 'NONE',  ( 1.000000000000000000, 0.000000000000000000, 0.000000000000000000 ) ) ;
#1145 = EDGE_CURVE ( 'NONE', #1120, #157, #1096, .T. ) ;
#1146 = LINE ( 'NONE', #10, #1780 ) ;
#1147 = AXIS2_PLACEMENT_3D ( 'NONE', #736, #916, #758 ) ;
#1148 = CIRCLE ( 'NONE', #497, 4.000000000000000000 ) ;
#1149 = ORIENTED_EDGE ( 'NONE', *, *, #1211, .T. ) ;
#1150 = VECTOR ( 'NONE', #151, 1000.000000000000000 ) ;
#1151 = ORIENTED_EDGE ( 'NONE', *, *, #379, .F. ) ;
#1152 = PLANE ( 'NONE',  #530 ) ;
#1153 = ORIENTED_EDGE ( 'NONE', *, *, #777, .F. ) ;
#1154 = ORIENTED_EDGE ( 'NONE', *, *, #1638, .T. ) ;
#1155 = CARTESIAN_POINT ( 'NONE',  ( 26.44550394349755962, 26.48044654559283373, -5.620000000000000107 ) ) ;
#1156 = EDGE_CURVE ( 'NONE', #118, #818, #77, .T. ) ;
#1157 = CARTESIAN_POINT ( 'NONE',  ( 42.15757000822212319, 47.99356986567008931, -19.61999999999999744 ) ) ;
#1158 = VECTOR ( 'NONE', #79, 1000.000000000000000 ) ;
#1159 = CARTESIAN_POINT ( 'NONE',  ( 57.88700103759796889, 47.24524257867325616, -16.62000000000000099 ) ) ;
#1160 = EDGE_CURVE ( 'NONE', #808, #205, #603, .T. ) ;
#1161 = DIRECTION ( 'NONE',  ( 0.000000000000000000, -0.000000000000000000, 1.000000000000000000 ) ) ;
#1162 = VECTOR ( 'NONE', #821, 1000.000000000000000 ) ;
#1163 = CARTESIAN_POINT ( 'NONE',  ( 7.005000114440979253, -0.2569999992850000026, -4.620000000000049845 ) ) ;
#1164 = ORIENTED_EDGE ( 'NONE', *, *, #160, .T. ) ;
#1165 = LINE ( 'NONE', #1018, #326 ) ;
#1166 = VERTEX_POINT ( 'NONE', #902 ) ;
#1167 = DIRECTION ( 'NONE',  ( -1.000000000000000000, -0.000000000000000000, -0.000000000000000000 ) ) ;
#1168 = DIRECTION ( 'NONE',  ( 1.000000000000000000, -0.000000000000000000, -0.000000000000000000 ) ) ;
#1169 = EDGE_LOOP ( 'NONE', ( #213, #164, #331, #453 ) ) ;
#1170 = PRODUCT_CONTEXT ( 'NONE', #493, 'mechanical' ) ;
#1171 = DIRECTION ( 'NONE',  ( 1.000000000000000000, 0.000000000000000000, -6.996718019773104855E-15 ) ) ;
#1172 = EDGE_CURVE ( 'NONE', #433, #1902, #934, .T. ) ;
#1173 = DIRECTION ( 'NONE',  ( -0.000000000000000000, -0.000000000000000000, 1.000000000000000000 ) ) ;
#1174 = VERTEX_POINT ( 'NONE', #1908 ) ;
#1175 = CYLINDRICAL_SURFACE ( 'NONE', #26, 23.79742433024752302 ) ;
#1176 = ORIENTED_EDGE ( 'NONE', *, *, #777, .T. ) ;
#1177 = DIRECTION ( 'NONE',  ( -0.000000000000000000, -1.000000000000000000, -0.000000000000000000 ) ) ;
#1178 = PLANE ( 'NONE',  #2005 ) ;
#1179 = VERTEX_POINT ( 'NONE', #2034 ) ;
#1180 = FACE_OUTER_BOUND ( 'NONE', #1568, .T. ) ;
#1181 = COLOUR_RGB ( '',0.7921568627450980005, 0.8196078431372548767, 0.9333333333333333481 ) ;
#1182 = VECTOR ( 'NONE', #1973, 1000.000000000000000 ) ;
#1183 = EDGE_CURVE ( 'NONE', #1371, #855, #1878, .T. ) ;
#1184 = CARTESIAN_POINT ( 'NONE',  ( 25.93609176424992313, 30.44787634732016457, -13.92000000000000171 ) ) ;
#1185 = VERTEX_POINT ( 'NONE', #1864 ) ;
#1186 = CIRCLE ( 'NONE', #2040, 2.500000000000002220 ) ;
#1187 = EDGE_CURVE ( 'NONE', #574, #725, #66, .T. ) ;
#1188 = CARTESIAN_POINT ( 'NONE',  ( -0.2540101100096057163, 47.31959426025974835, -19.61999999999999744 ) ) ;
#1189 = EDGE_LOOP ( 'NONE', ( #908, #1823, #1009, #60 ) ) ;
#1190 = PLANE ( 'NONE',  #1832 ) ;
#1191 = FACE_OUTER_BOUND ( 'NONE', #447, .T. ) ;
#1192 = ORIENTED_EDGE ( 'NONE', *, *, #173, .F. ) ;
#1193 = CARTESIAN_POINT ( 'NONE',  ( 50.71549987792998593, 70.22949981689450283, -4.620000000000354490 ) ) ;
#1194 = VECTOR ( 'NONE', #492, 1000.000000000000000 ) ;
#1195 = DIRECTION ( 'NONE',  ( 0.7062200539602191407, -0.7079923978295423748, -4.932671813970389210E-15 ) ) ;
#1196 = VERTEX_POINT ( 'NONE', #721 ) ;
#1197 = CYLINDRICAL_SURFACE ( 'NONE', #1050, 2.500000000000002220 ) ;
#1198 = VECTOR ( 'NONE', #1167, 1000.000000000000000 ) ;
#1199 = DIRECTION ( 'NONE',  ( 6.982962677686266711E-15, 0.000000000000000000, 1.000000000000000000 ) ) ;
#1200 = VERTEX_POINT ( 'NONE', #406 ) ;
#1201 = ADVANCED_FACE ( 'NONE', ( #2061 ), #913, .T. ) ;
#1202 = CARTESIAN_POINT ( 'NONE',  ( 12.50825589245678948, 25.15639338814062853, -4.620000000000087148 ) ) ;
#1203 = LINE ( 'NONE', #1021, #1493 ) ;
#1204 = ORIENTED_EDGE ( 'NONE', *, *, #1762, .T. ) ;
#1205 = LINE ( 'NONE', #1058, #1434 ) ;
#1206 = DIRECTION ( 'NONE',  ( 1.000000000000000000, -0.000000000000000000, -6.938893903907222067E-15 ) ) ;
#1207 = ORIENTED_EDGE ( 'NONE', *, *, #611, .F. ) ;
#1208 = DIRECTION ( 'NONE',  ( 0.000000000000000000, 0.000000000000000000, 1.000000000000000000 ) ) ;
#1209 = CARTESIAN_POINT ( 'NONE',  ( 2.648079613250038822, 26.48044654559283728, -5.620000000000000107 ) ) ;
#1210 = ORIENTED_EDGE ( 'NONE', *, *, #506, .F. ) ;
#1211 = EDGE_CURVE ( 'NONE', #1310, #1130, #1370, .T. ) ;
#1212 = LINE ( 'NONE', #1551, #2036 ) ;
#1213 = CARTESIAN_POINT ( 'NONE',  ( 26.44550394349759159, 26.48044654559283373, -5.620000000000184848 ) ) ;
#1214 = VERTEX_POINT ( 'NONE', #99 ) ;
#1215 = CARTESIAN_POINT ( 'NONE',  ( 57.88700103759799021, 45.06599998474099777, -1.620000000000404006 ) ) ;
#1216 = FACE_OUTER_BOUND ( 'NONE', #1189, .T. ) ;
#1217 = ORIENTED_EDGE ( 'NONE', *, *, #1562, .F. ) ;
#1218 = CARTESIAN_POINT ( 'NONE',  ( 54.87887073153290629, 7.065999984741000439, -16.62000000000000099 ) ) ;
#1219 = PRESENTATION_LAYER_ASSIGNMENT (  '', '', ( #255 ) ) ;
#1220 = AXIS2_PLACEMENT_3D ( 'NONE', #70, #880, #712 ) ;
#1221 = CARTESIAN_POINT ( 'NONE',  ( 26.44550394349755962, 26.48044654559283373, -5.620000000000000107 ) ) ;
#1222 = VERTEX_POINT ( 'NONE', #2024 ) ;
#1223 = AXIS2_PLACEMENT_3D ( 'NONE', #34, #1845, #337 ) ;
#1224 = DIRECTION ( 'NONE',  ( 0.000000000000000000, 0.000000000000000000, 1.000000000000000000 ) ) ;
#1225 = DIRECTION ( 'NONE',  ( -0.000000000000000000, -0.000000000000000000, 1.000000000000000000 ) ) ;
#1226 = ORIENTED_EDGE ( 'NONE', *, *, #2065, .T. ) ;
#1227 = DIRECTION ( 'NONE',  ( -0.000000000000000000, 1.000000000000000000, -0.000000000000000000 ) ) ;
#1228 = EDGE_CURVE ( 'NONE', #855, #1888, #755, .T. ) ;
#1229 = CIRCLE ( 'NONE', #437, 22.75081581221403937 ) ;
#1230 = CARTESIAN_POINT ( 'NONE',  ( 53.88700103759796178, 47.24524257867325616, -4.620000000000000107 ) ) ;
#1231 = ORIENTED_EDGE ( 'NONE', *, *, #32, .F. ) ;
#1232 = LINE ( 'NONE', #1885, #572 ) ;
#1233 = DIRECTION ( 'NONE',  ( 1.000000000000000000, -1.190704370957544910E-16, 0.000000000000000000 ) ) ;
#1234 = ORIENTED_EDGE ( 'NONE', *, *, #1882, .T. ) ;
#1235 = AXIS2_PLACEMENT_3D ( 'NONE', #1909, #633, #268 ) ;
#1236 =( NAMED_UNIT ( * ) SI_UNIT ( $, .STERADIAN. ) SOLID_ANGLE_UNIT ( ) );
#1237 = DIRECTION ( 'NONE',  ( -1.000000000000000000, -0.000000000000000000, -0.000000000000000000 ) ) ;
#1238 = PLANE ( 'NONE',  #1879 ) ;
#1239 = DIRECTION ( 'NONE',  ( 0.000000000000000000, -1.000000000000000000, 0.000000000000000000 ) ) ;
#1240 = ORIENTED_EDGE ( 'NONE', *, *, #87, .T. ) ;
#1241 = EDGE_CURVE ( 'NONE', #642, #2075, #884, .T. ) ;
#1242 = DIRECTION ( 'NONE',  ( -0.000000000000000000, 0.000000000000000000, -1.000000000000000000 ) ) ;
#1243 = PLANE ( 'NONE',  #1619 ) ;
#1244 = ORIENTED_EDGE ( 'NONE', *, *, #732, .F. ) ;
#1245 = DIRECTION ( 'NONE',  ( 1.000000000000000000, 0.000000000000000000, 0.000000000000000000 ) ) ;
#1246 = CARTESIAN_POINT ( 'NONE',  ( 50.68700103759798736, 45.06599998474099777, -1.620000000000353824 ) ) ;
#1247 = CARTESIAN_POINT ( 'NONE',  ( 7.005000114440967707, -0.2569999992850000026, -19.61999999999999744 ) ) ;
#1248 = VERTEX_POINT ( 'NONE', #2069 ) ;
#1249 = DIRECTION ( 'NONE',  ( -6.982962677686266711E-15, -0.000000000000000000, -1.000000000000000000 ) ) ;
#1250 = VERTEX_POINT ( 'NONE', #891 ) ;
#1251 = VECTOR ( 'NONE', #1588, 1000.000000000000000 ) ;
#1252 = AXIS2_PLACEMENT_3D ( 'NONE', #2106, #2009, #376 ) ;
#1253 = EDGE_CURVE ( 'NONE', #118, #1536, #1542, .T. ) ;
#1254 = AXIS2_PLACEMENT_3D ( 'NONE', #2109, #122, #2089 ) ;
#1255 = FACE_OUTER_BOUND ( 'NONE', #1426, .T. ) ;
#1256 = CARTESIAN_POINT ( 'NONE',  ( 57.88700103759796889, 7.065999984741000439, -4.620000000000404228 ) ) ;
#1257 = FACE_OUTER_BOUND ( 'NONE', #1451, .T. ) ;
#1258 = CARTESIAN_POINT ( 'NONE',  ( 57.88700103759796889, 7.065999984741000439, -4.620000000000404228 ) ) ;
#1259 = ORIENTED_EDGE ( 'NONE', *, *, #586, .F. ) ;
#1260 = DIRECTION ( 'NONE',  ( -0.000000000000000000, -0.000000000000000000, 1.000000000000000000 ) ) ;
#1261 = VERTEX_POINT ( 'NONE', #63 ) ;
#1262 = AXIS2_PLACEMENT_3D ( 'NONE', #537, #1814, #177 ) ;
#1263 = AXIS2_PLACEMENT_3D ( 'NONE', #37, #1805, #658 ) ;
#1264 = ORIENTED_EDGE ( 'NONE', *, *, #518, .F. ) ;
#1265 = DIRECTION ( 'NONE',  ( -0.7071067955809039463, 0.7071067667921907551, 4.937700362679785425E-15 ) ) ;
#1266 = EDGE_CURVE ( 'NONE', #1122, #1196, #828, .T. ) ;
#1267 = CIRCLE ( 'NONE', #335, 2.500000000000002220 ) ;
#1268 = DIRECTION ( 'NONE',  ( -6.982962677686266711E-15, -0.000000000000000000, -1.000000000000000000 ) ) ;
#1269 = DIRECTION ( 'NONE',  ( -1.000000000000000000, 0.000000000000000000, 6.938893903907222067E-15 ) ) ;
#1270 = EDGE_LOOP ( 'NONE', ( #631, #96, #1884, #71, #1019 ) ) ;
#1271 = DIRECTION ( 'NONE',  ( -0.000000000000000000, 1.000000000000000000, 0.000000000000000000 ) ) ;
#1272 = ORIENTED_EDGE ( 'NONE', *, *, #897, .T. ) ;
#1273 = ORIENTED_EDGE ( 'NONE', *, *, #688, .T. ) ;
#1274 = DIRECTION ( 'NONE',  ( -0.000000000000000000, -1.000000000000000000, -0.000000000000000000 ) ) ;
#1275 = ADVANCED_FACE ( 'NONE', ( #1480, #1366 ), #1322, .F. ) ;
#1276 = DIRECTION ( 'NONE',  ( -0.000000000000000000, -1.000000000000000000, -0.000000000000000000 ) ) ;
#1277 = ADVANCED_FACE ( 'NONE', ( #1987 ), #1333, .F. ) ;
#1278 = CARTESIAN_POINT ( 'NONE',  ( 57.88700103759796889, 47.24524257867325616, -16.62000000000000099 ) ) ;
#1279 = EDGE_LOOP ( 'NONE', ( #1081, #1472, #1615 ) ) ;
#1280 = CARTESIAN_POINT ( 'NONE',  ( 26.44550394349759159, 26.48044654559283373, -5.620000000000184848 ) ) ;
#1281 = ORIENTED_EDGE ( 'NONE', *, *, #526, .F. ) ;
#1282 = EDGE_LOOP ( 'NONE', ( #473, #862, #899 ) ) ;
#1283 = DIRECTION ( 'NONE',  ( 1.000000000000000000, 0.000000000000000000, 0.000000000000000000 ) ) ;
#1284 = VECTOR ( 'NONE', #825, 1000.000000000000000 ) ;
#1285 = DIRECTION ( 'NONE',  ( 6.982962677686266711E-15, -0.000000000000000000, 1.000000000000000000 ) ) ;
#1286 = PLANE ( 'NONE',  #1560 ) ;
#1287 = ORIENTED_EDGE ( 'NONE', *, *, #1587, .F. ) ;
#1288 = EDGE_CURVE ( 'NONE', #1403, #2075, #1165, .T. ) ;
#1289 = CARTESIAN_POINT ( 'NONE',  ( 3.694688131283520249, 26.48044654559283728, -4.620000000000000107 ) ) ;
#1290 = LINE ( 'NONE', #476, #1833 ) ;
#1291 = ORIENTED_EDGE ( 'NONE', *, *, #598, .F. ) ;
#1292 = ORIENTED_EDGE ( 'NONE', *, *, #2097, .T. ) ;
#1293 = LINE ( 'NONE', #1799, #1767 ) ;
#1294 = LINE ( 'NONE', #2107, #1162 ) ;
#1295 = VECTOR ( 'NONE', #1968, 1000.000000000000000 ) ;
#1296 = EDGE_LOOP ( 'NONE', ( #1998, #1192, #84, #592, #1217, #11 ) ) ;
#1297 = LINE ( 'NONE', #1428, #1150 ) ;
#1298 = LINE ( 'NONE', #764, #271 ) ;
#1299 = ADVANCED_FACE ( 'NONE', ( #511 ), #1175, .T. ) ;
#1300 = CARTESIAN_POINT ( 'NONE',  ( 7.005000114440967707, -0.2569999992850000026, -19.61999999999999744 ) ) ;
#1301 = ORIENTED_EDGE ( 'NONE', *, *, #1736, .T. ) ;
#1302 = VERTEX_POINT ( 'NONE', #520 ) ;
#1303 = CARTESIAN_POINT ( 'NONE',  ( 7.005000114440967707, 3.243000000714999942, -19.61999999999999744 ) ) ;
#1304 = CARTESIAN_POINT ( 'NONE',  ( 40.25967780398600837, 2.245999991894000125, -19.61999999999999744 ) ) ;
#1305 = VERTEX_POINT ( 'NONE', #1976 ) ;
#1306 = DIRECTION ( 'NONE',  ( -1.000000000000000000, 0.000000000000000000, -0.000000000000000000 ) ) ;
#1307 = DIRECTION ( 'NONE',  ( -6.982962677686266711E-15, -0.000000000000000000, -1.000000000000000000 ) ) ;
#1308 = DIRECTION ( 'NONE',  ( 1.000000000000000000, 0.000000000000000000, 0.000000000000000000 ) ) ;
#1309 = ORIENTED_EDGE ( 'NONE', *, *, #1266, .T. ) ;
#1310 = VERTEX_POINT ( 'NONE', #1343 ) ;
#1311 = CARTESIAN_POINT ( 'NONE',  ( 53.88700103759798310, 55.24524257867325616, -1.620000000000376250 ) ) ;
#1312 = EDGE_CURVE ( 'NONE', #1323, #850, #1515, .T. ) ;
#1313 = FACE_OUTER_BOUND ( 'NONE', #243, .T. ) ;
#1314 = AXIS2_PLACEMENT_3D ( 'NONE', #1221, #1260, #751 ) ;
#1315 = VECTOR ( 'NONE', #1085, 1000.000000000000000 ) ;
#1316 = EDGE_LOOP ( 'NONE', ( #467, #1138, #1679, #496 ) ) ;
#1317 = VECTOR ( 'NONE', #1836, 1000.000000000000000 ) ;
#1318 = FACE_OUTER_BOUND ( 'NONE', #202, .T. ) ;
#1319 = CIRCLE ( 'NONE', #397, 1.000000000000000888 ) ;
#1320 = DIRECTION ( 'NONE',  ( -1.000000000000000000, 0.000000000000000000, 6.986492934152173240E-15 ) ) ;
#1321 = VERTEX_POINT ( 'NONE', #219 ) ;
#1322 = PLANE ( 'NONE',  #340 ) ;
#1323 = VERTEX_POINT ( 'NONE', #51 ) ;
#1324 = EDGE_CURVE ( 'NONE', #309, #950, #1008, .T. ) ;
#1325 = CARTESIAN_POINT ( 'NONE',  ( 12.50825589245678948, 25.15639338814062853, -4.620000000000087148 ) ) ;
#1326 = AXIS2_PLACEMENT_3D ( 'NONE', #924, #1575, #763 ) ;
#1327 = AXIS2_PLACEMENT_3D ( 'NONE', #317, #162, #813 ) ;
#1328 = CARTESIAN_POINT ( 'NONE',  ( 48.62819712842205178, 14.82442925476643758, -16.62000000000000099 ) ) ;
#1329 = EDGE_CURVE ( 'NONE', #1022, #836, #1861, .T. ) ;
#1330 = CARTESIAN_POINT ( 'NONE',  ( 26.44550394349759870, 26.48044654559283373, -4.620000000000184848 ) ) ;
#1331 = LINE ( 'NONE', #1649, #1082 ) ;
#1332 = ORIENTED_EDGE ( 'NONE', *, *, #458, .T. ) ;
#1333 = PLANE ( 'NONE',  #1507 ) ;
#1334 = ORIENTED_EDGE ( 'NONE', *, *, #47, .F. ) ;
#1335 = PLANE ( 'NONE',  #2056 ) ;
#1336 = EDGE_CURVE ( 'NONE', #1250, #342, #174, .T. ) ;
#1337 = LINE ( 'NONE', #676, #640 ) ;
#1338 = ORIENTED_EDGE ( 'NONE', *, *, #1550, .T. ) ;
#1339 = DIRECTION ( 'NONE',  ( -6.982962677686266711E-15, 0.000000000000000000, -1.000000000000000000 ) ) ;
#1340 = EDGE_CURVE ( 'NONE', #342, #1977, #97, .T. ) ;
#1341 = CARTESIAN_POINT ( 'NONE',  ( 50.56700134277296144, -0.2540000081060000414, -4.620000000000000107 ) ) ;
#1342 = ORIENTED_EDGE ( 'NONE', *, *, #1228, .T. ) ;
#1343 = CARTESIAN_POINT ( 'NONE',  ( 50.71549987792998593, 70.22949981689450283, -4.620000000000354490 ) ) ;
#1344 = ORIENTED_EDGE ( 'NONE', *, *, #1471, .F. ) ;
#1345 = DIRECTION ( 'NONE',  ( -0.000000000000000000, 0.000000000000000000, -1.000000000000000000 ) ) ;
#1346 = DIRECTION ( 'NONE',  ( -0.9999999976286573222, -6.886715686364837591E-05, 6.978795277345974301E-15 ) ) ;
#1347 = ORIENTED_EDGE ( 'NONE', *, *, #241, .T. ) ;
#1348 = DIRECTION ( 'NONE',  ( -0.7071067667921908662, -0.7071067955809038352, 4.943405110069606412E-15 ) ) ;
#1349 = VECTOR ( 'NONE', #1895, 1000.000000000000000 ) ;
#1350 = CARTESIAN_POINT ( 'NONE',  ( 0.000000000000000000, 0.000000000000000000, -16.62000000000000099 ) ) ;
#1351 = ORIENTED_EDGE ( 'NONE', *, *, #267, .T. ) ;
#1352 = EDGE_CURVE ( 'NONE', #818, #1617, #684, .T. ) ;
#1353 = LINE ( 'NONE', #1036, #1487 ) ;
#1354 = CARTESIAN_POINT ( 'NONE',  ( 48.62819712842205178, 5.381323318584004589, -16.62000000000000099 ) ) ;
#1355 = ORIENTED_EDGE ( 'NONE', *, *, #1145, .F. ) ;
#1356 = DIRECTION ( 'NONE',  ( 0.000000000000000000, 0.000000000000000000, -1.000000000000000000 ) ) ;
#1357 = CARTESIAN_POINT ( 'NONE',  ( 0.000000000000000000, 0.000000000000000000, -19.61999999999999744 ) ) ;
#1358 = VERTEX_POINT ( 'NONE', #839 ) ;
#1359 = FACE_OUTER_BOUND ( 'NONE', #874, .T. ) ;
#1360 = AXIS2_PLACEMENT_3D ( 'NONE', #690, #384, #1384 ) ;
#1361 = LINE ( 'NONE', #1247, #156 ) ;
#1362 = ORIENTED_EDGE ( 'NONE', *, *, #1865, .T. ) ;
#1363 = DIRECTION ( 'NONE',  ( 6.982962677686266711E-15, 0.000000000000000000, 1.000000000000000000 ) ) ;
#1364 = AXIS2_PLACEMENT_3D ( 'NONE', #1020, #743, #890 ) ;
#1365 = EDGE_CURVE ( 'NONE', #1090, #1061, #1026, .T. ) ;
#1366 = FACE_OUTER_BOUND ( 'NONE', #610, .T. ) ;
#1367 = EDGE_LOOP ( 'NONE', ( #1301, #1107, #1933, #1915 ) ) ;
#1368 = ADVANCED_FACE ( 'NONE', ( #1829 ), #353, .F. ) ;
#1369 = LINE ( 'NONE', #1843, #1591 ) ;
#1370 = LINE ( 'NONE', #427, #1124 ) ;
#1371 = VERTEX_POINT ( 'NONE', #1188 ) ;
#1372 = CARTESIAN_POINT ( 'NONE',  ( 57.88700103759798310, 63.04000091552700269, -4.620000000000404228 ) ) ;
#1373 = DIRECTION ( 'NONE',  ( 0.000000000000000000, 1.000000000000000000, 0.000000000000000000 ) ) ;
#1374 = EDGE_LOOP ( 'NONE', ( #1351, #560, #1586, #39 ) ) ;
#1375 = DIRECTION ( 'NONE',  ( 0.000000000000000000, 0.000000000000000000, -1.000000000000000000 ) ) ;
#1376 = DIRECTION ( 'NONE',  ( 0.000000000000000000, -0.000000000000000000, 1.000000000000000000 ) ) ;
#1377 = VERTEX_POINT ( 'NONE', #1841 ) ;
#1378 = EDGE_CURVE ( 'NONE', #143, #2073, #1674, .T. ) ;
#1379 = CARTESIAN_POINT ( 'NONE',  ( 50.68700103759796605, 39.78639408645565823, -16.62000000000000099 ) ) ;
#1380 = VECTOR ( 'NONE', #1494, 1000.000000000000000 ) ;
#1381 = EDGE_CURVE ( 'NONE', #1248, #157, #1851, .T. ) ;
#1382 = CARTESIAN_POINT ( 'NONE',  ( 7.005000114440967707, -0.2569999992850000026, -4.620000000000000107 ) ) ;
#1383 = ORIENTED_EDGE ( 'NONE', *, *, #1134, .T. ) ;
#1384 = DIRECTION ( 'NONE',  ( 0.000000000000000000, 0.000000000000000000, -1.000000000000000000 ) ) ;
#1385 = CARTESIAN_POINT ( 'NONE',  ( -0.2540101100096064379, 41.44666507051483251, -19.61999999999999744 ) ) ;
#1386 = VERTEX_POINT ( 'NONE', #760 ) ;
#1387 = DIRECTION ( 'NONE',  ( 6.475826433413005818E-07, 0.9999999999997903899, 0.000000000000000000 ) ) ;
#1388 =( GEOMETRIC_REPRESENTATION_CONTEXT ( 3 ) GLOBAL_UNCERTAINTY_ASSIGNED_CONTEXT ( ( #1631 ) ) GLOBAL_UNIT_ASSIGNED_CONTEXT ( ( #624, #613, #1236 ) ) REPRESENTATION_CONTEXT ( 'NONE', 'WORKASPACE' ) );
#1389 = VECTOR ( 'NONE', #629, 1000.000000000000000 ) ;
#1390 = CARTESIAN_POINT ( 'NONE',  ( 26.95491612274526005, 26.48044654559283373, -13.92000000000000171 ) ) ;
#1391 = ORIENTED_EDGE ( 'NONE', *, *, #729, .T. ) ;
#1392 = AXIS2_PLACEMENT_3D ( 'NONE', #452, #784, #1783 ) ;
#1393 = CIRCLE ( 'NONE', #951, 23.79742433024752302 ) ;
#1394 = FACE_OUTER_BOUND ( 'NONE', #1525, .T. ) ;
#1395 = DIRECTION ( 'NONE',  ( 6.982962677686266711E-15, -0.000000000000000000, 1.000000000000000000 ) ) ;
#1396 = EDGE_CURVE ( 'NONE', #14, #1214, #907, .T. ) ;
#1397 = CARTESIAN_POINT ( 'NONE',  ( -0.2540101063951792359, 47.32517565625202138, -4.619999999999998330 ) ) ;
#1398 = CARTESIAN_POINT ( 'NONE',  ( 50.24292827374507908, 26.48044654559283373, -4.620000000000000107 ) ) ;
#1399 = ORIENTED_EDGE ( 'NONE', *, *, #1134, .F. ) ;
#1400 = LINE ( 'NONE', #2057, #1969 ) ;
#1401 = AXIS2_PLACEMENT_3D ( 'NONE', #735, #857, #2051 ) ;
#1402 = CARTESIAN_POINT ( 'NONE',  ( 57.88700103759799021, 7.065999984741000439, -1.620000000000404006 ) ) ;
#1403 = VERTEX_POINT ( 'NONE', #886 ) ;
#1404 = AXIS2_PLACEMENT_3D ( 'NONE', #428, #298, #1088 ) ;
#1405 = DIRECTION ( 'NONE',  ( -0.000000000000000000, 1.000000000000000000, -0.000000000000000000 ) ) ;
#1406 = DIRECTION ( 'NONE',  ( 6.982962677686266711E-15, -0.000000000000000000, 1.000000000000000000 ) ) ;
#1407 = DIRECTION ( 'NONE',  ( 1.000000000000000000, -0.000000000000000000, -0.000000000000000000 ) ) ;
#1408 = EDGE_CURVE ( 'NONE', #322, #1248, #2074, .T. ) ;
#1409 = DIRECTION ( 'NONE',  ( -1.000000000000000000, -0.000000000000000000, -0.000000000000000000 ) ) ;
#1410 = ORIENTED_EDGE ( 'NONE', *, *, #767, .F. ) ;
#1411 = EDGE_CURVE ( 'NONE', #239, #752, #565, .T. ) ;
#1412 = CARTESIAN_POINT ( 'NONE',  ( 50.68700103759798736, 45.06599998474099777, -1.620000000000353824 ) ) ;
#1413 = ORIENTED_EDGE ( 'NONE', *, *, #1396, .F. ) ;
#1414 = FACE_OUTER_BOUND ( 'NONE', #1374, .T. ) ;
#1415 = DIRECTION ( 'NONE',  ( 6.982962677686266711E-15, -0.000000000000000000, 1.000000000000000000 ) ) ;
#1416 = CARTESIAN_POINT ( 'NONE',  ( 57.88700103759798310, 7.065999984741000439, -4.620000000000404228 ) ) ;
#1417 = ADVANCED_FACE ( 'NONE', ( #95 ), #389, .F. ) ;
#1418 = FACE_OUTER_BOUND ( 'NONE', #986, .T. ) ;
#1419 = ORIENTED_EDGE ( 'NONE', *, *, #1944, .F. ) ;
#1420 = EDGE_CURVE ( 'NONE', #809, #14, #1421, .T. ) ;
#1421 = LINE ( 'NONE', #930, #820 ) ;
#1422 = ORIENTED_EDGE ( 'NONE', *, *, #623, .F. ) ;
#1423 = AXIS2_PLACEMENT_3D ( 'NONE', #1385, #1901, #1706 ) ;
#1424 = CIRCLE ( 'NONE', #1765, 23.79742433024752302 ) ;
#1425 = AXIS2_PLACEMENT_3D ( 'NONE', #724, #1060, #258 ) ;
#1426 = EDGE_LOOP ( 'NONE', ( #1510, #152, #1675, #785 ) ) ;
#1427 = LINE ( 'NONE', #1246, #1812 ) ;
#1428 = CARTESIAN_POINT ( 'NONE',  ( 50.68700103759795894, 14.82442925476643758, -16.62000000000000099 ) ) ;
#1429 = ORIENTED_EDGE ( 'NONE', *, *, #912, .F. ) ;
#1430 = VECTOR ( 'NONE', #1067, 1000.000000000000000 ) ;
#1431 = CARTESIAN_POINT ( 'NONE',  ( 14.28944249278619516, -0.2569999992850000026, -4.620000000000000107 ) ) ;
#1432 = EDGE_LOOP ( 'NONE', ( #665, #1996, #410, #1546, #612, #2064 ) ) ;
#1433 = ADVANCED_FACE ( 'NONE', ( #739 ), #2066, .T. ) ;
#1434 = VECTOR ( 'NONE', #1227, 1000.000000000000000 ) ;
#1435 = ORIENTED_EDGE ( 'NONE', *, *, #1676, .T. ) ;
#1436 = CARTESIAN_POINT ( 'NONE',  ( 52.41466681408210349, 64.86806471233578009, -4.620000000000000107 ) ) ;
#1437 = EDGE_CURVE ( 'NONE', #1120, #2003, #898, .T. ) ;
#1438 = LINE ( 'NONE', #2088, #1501 ) ;
#1439 = DIRECTION ( 'NONE',  ( 6.982962677686266711E-15, -0.000000000000000000, 1.000000000000000000 ) ) ;
#1440 = ORIENTED_EDGE ( 'NONE', *, *, #187, .T. ) ;
#1441 = LINE ( 'NONE', #1108, #90 ) ;
#1442 = ORIENTED_EDGE ( 'NONE', *, *, #339, .T. ) ;
#1443 = VERTEX_POINT ( 'NONE', #2045 ) ;
#1444 = CYLINDRICAL_SURFACE ( 'NONE', #704, 22.75081581221403937 ) ;
#1445 = EDGE_CURVE ( 'NONE', #1250, #138, #1051, .T. ) ;
#1446 = CYLINDRICAL_SURFACE ( 'NONE', #1235, 1.000000000000000888 ) ;
#1447 = CARTESIAN_POINT ( 'NONE',  ( 30.44550394349755962, 26.48044654559283373, -4.620000000000000107 ) ) ;
#1448 = ORIENTED_EDGE ( 'NONE', *, *, #1496, .F. ) ;
#1449 = CARTESIAN_POINT ( 'NONE',  ( -0.2540101100096064379, 41.44666507051483251, -19.61999999999999744 ) ) ;
#1450 = ORIENTED_EDGE ( 'NONE', *, *, #798, .T. ) ;
#1451 = EDGE_LOOP ( 'NONE', ( #414, #524, #532, #117 ) ) ;
#1452 = AXIS2_PLACEMENT_3D ( 'NONE', #1350, #192, #1308 ) ;
#1453 = CARTESIAN_POINT ( 'NONE',  ( 26.95491612274526005, 22.51301674386550999, -4.620000000000000995 ) ) ;
#1454 = CIRCLE ( 'NONE', #459, 22.75081581221403937 ) ;
#1455 = LINE ( 'NONE', #1, #1198 ) ;
#1456 = ADVANCED_FACE ( 'NONE', ( #1539 ), #1243, .F. ) ;
#1457 = CARTESIAN_POINT ( 'NONE',  ( -0.2540101100096057163, 47.31959426025974835, -4.620000000000000107 ) ) ;
#1458 = PLANE ( 'NONE',  #1844 ) ;
#1459 = DIRECTION ( 'NONE',  ( -0.000000000000000000, -0.000000000000000000, 1.000000000000000000 ) ) ;
#1460 = ORIENTED_EDGE ( 'NONE', *, *, #1411, .T. ) ;
#1461 = AXIS2_PLACEMENT_3D ( 'NONE', #1647, #1161, #1476 ) ;
#1462 = ORIENTED_EDGE ( 'NONE', *, *, #1713, .F. ) ;
#1463 = CARTESIAN_POINT ( 'NONE',  ( 26.44550394349755962, 26.48044654559283373, -4.620000000000000107 ) ) ;
#1464 = PLANE ( 'NONE',  #754 ) ;
#1465 = VECTOR ( 'NONE', #559, 1000.000000000000000 ) ;
#1466 = VECTOR ( 'NONE', #664, 1000.000000000000000 ) ;
#1467 = DIRECTION ( 'NONE',  ( 1.000000000000000000, 0.000000000000000000, -6.982962677686266711E-15 ) ) ;
#1468 = EDGE_CURVE ( 'NONE', #407, #1931, #74, .T. ) ;
#1469 = DIRECTION ( 'NONE',  ( 0.000000000000000000, -0.000000000000000000, 1.000000000000000000 ) ) ;
#1470 = ORIENTED_EDGE ( 'NONE', *, *, #252, .F. ) ;
#1471 = EDGE_CURVE ( 'NONE', #1536, #280, #2058, .T. ) ;
#1472 = ORIENTED_EDGE ( 'NONE', *, *, #1072, .T. ) ;
#1473 = LINE ( 'NONE', #9, #1115 ) ;
#1474 = CARTESIAN_POINT ( 'NONE',  ( 14.28944249278619516, -0.2569999992850000026, -19.61999999999999744 ) ) ;
#1475 = VERTEX_POINT ( 'NONE', #1548 ) ;
#1476 = DIRECTION ( 'NONE',  ( 1.000000000000000000, 0.000000000000000000, -0.000000000000000000 ) ) ;
#1477 = LINE ( 'NONE', #509, #1182 ) ;
#1478 = ORIENTED_EDGE ( 'NONE', *, *, #841, .T. ) ;
#1479 = EDGE_CURVE ( 'NONE', #776, #2085, #591, .T. ) ;
#1480 = FACE_BOUND ( 'NONE', #1924, .T. ) ;
#1481 = ORIENTED_EDGE ( 'NONE', *, *, #1882, .F. ) ;
#1482 = EDGE_CURVE ( 'NONE', #950, #1386, #1887, .T. ) ;
#1483 = PLANE ( 'NONE',  #1573 ) ;
#1484 = AXIS2_PLACEMENT_3D ( 'NONE', #139, #2060, #131 ) ;
#1485 = VECTOR ( 'NONE', #1206, 1000.000000000000000 ) ;
#1486 = DIRECTION ( 'NONE',  ( -6.982962677686266711E-15, 0.000000000000000000, -1.000000000000000000 ) ) ;
#1487 = VECTOR ( 'NONE', #1965, 1000.000000000000114 ) ;
#1488 = VECTOR ( 'NONE', #936, 1000.000000000000000 ) ;
#1489 = DIRECTION ( 'NONE',  ( 0.000000000000000000, 0.000000000000000000, 1.000000000000000000 ) ) ;
#1490 = DIRECTION ( 'NONE',  ( 0.000000000000000000, 0.000000000000000000, -1.000000000000000000 ) ) ;
#1491 = LINE ( 'NONE', #1341, #1521 ) ;
#1492 = ORIENTED_EDGE ( 'NONE', *, *, #770, .F. ) ;
#1493 = VECTOR ( 'NONE', #1668, 1000.000000000000000 ) ;
#1494 = DIRECTION ( 'NONE',  ( -0.000000000000000000, -0.000000000000000000, 1.000000000000000000 ) ) ;
#1495 = EDGE_LOOP ( 'NONE', ( #1128, #1410, #1291, #1025 ) ) ;
#1496 = EDGE_CURVE ( 'NONE', #809, #1503, #1875, .T. ) ;
#1497 = DIRECTION ( 'NONE',  ( -0.9999999976286573222, -6.886715686364837591E-05, 0.000000000000000000 ) ) ;
#1498 = ADVANCED_FACE ( 'NONE', ( #422 ), #413, .F. ) ;
#1499 = DIRECTION ( 'NONE',  ( -0.000000000000000000, 0.000000000000000000, 1.000000000000000000 ) ) ;
#1500 = CARTESIAN_POINT ( 'NONE',  ( 57.88700103759796889, 45.06599998474099777, -16.62000000000000099 ) ) ;
#1501 = VECTOR ( 'NONE', #626, 1000.000000000000000 ) ;
#1502 = DIRECTION ( 'NONE',  ( -1.000000000000000000, 0.000000000000000000, -0.000000000000000000 ) ) ;
#1503 = VERTEX_POINT ( 'NONE', #1731 ) ;
#1504 = DIRECTION ( 'NONE',  ( 1.000000000000000000, 0.000000000000000000, 0.000000000000000000 ) ) ;
#1505 = ORIENTED_EDGE ( 'NONE', *, *, #102, .F. ) ;
#1506 = CARTESIAN_POINT ( 'NONE',  ( 26.44550394349755962, 26.48044654559283373, -4.620000000000000107 ) ) ;
#1507 = AXIS2_PLACEMENT_3D ( 'NONE', #716, #17, #545 ) ;
#1508 = FACE_OUTER_BOUND ( 'NONE', #1905, .T. ) ;
#1509 = ADVANCED_FACE ( 'NONE', ( #262 ), #919, .T. ) ;
#1510 = ORIENTED_EDGE ( 'NONE', *, *, #824, .T. ) ;
#1511 = DIRECTION ( 'NONE',  ( -1.000000000000000000, 0.000000000000000000, 6.982962677686266711E-15 ) ) ;
#1512 = LINE ( 'NONE', #858, #1113 ) ;
#1513 = ORIENTED_EDGE ( 'NONE', *, *, #1131, .F. ) ;
#1514 = DIRECTION ( 'NONE',  ( 0.000000000000000000, -0.000000000000000000, 1.000000000000000000 ) ) ;
#1515 = LINE ( 'NONE', #1209, #1700 ) ;
#1516 = ORIENTED_EDGE ( 'NONE', *, *, #1160, .F. ) ;
#1517 = LINE ( 'NONE', #863, #1635 ) ;
#1518 = LINE ( 'NONE', #1159, #295 ) ;
#1519 = ORIENTED_EDGE ( 'NONE', *, *, #1183, .T. ) ;
#1520 = FACE_OUTER_BOUND ( 'NONE', #1962, .T. ) ;
#1521 = VECTOR ( 'NONE', #847, 1000.000000000000000 ) ;
#1522 = EDGE_CURVE ( 'NONE', #1358, #1606, #272, .T. ) ;
#1523 = AXIS2_PLACEMENT_3D ( 'NONE', #441, #791, #308 ) ;
#1524 = PLANE ( 'NONE',  #636 ) ;
#1525 = EDGE_LOOP ( 'NONE', ( #1065, #1151, #374, #829 ) ) ;
#1526 = PLANE ( 'NONE',  #1624 ) ;
#1527 = AXIS2_PLACEMENT_3D ( 'NONE', #554, #72, #1208 ) ;
#1528 = DIRECTION ( 'NONE',  ( 0.000000000000000000, 0.000000000000000000, -1.000000000000000000 ) ) ;
#1529 = VERTEX_POINT ( 'NONE', #127 ) ;
#1530 = DIRECTION ( 'NONE',  ( 0.000000000000000000, -0.000000000000000000, 1.000000000000000000 ) ) ;
#1531 = CARTESIAN_POINT ( 'NONE',  ( 51.41466681408210349, 64.86806471233578009, -1.619999999999999885 ) ) ;
#1532 = ORIENTED_EDGE ( 'NONE', *, *, #486, .F. ) ;
#1533 = DIRECTION ( 'NONE',  ( -0.7079923978295424858, -0.7062200539602192517, 4.943884490129302350E-15 ) ) ;
#1534 = ADVANCED_FACE ( 'NONE', ( #1132 ), #1785, .F. ) ;
#1535 = LINE ( 'NONE', #1046, #463 ) ;
#1536 = VERTEX_POINT ( 'NONE', #1763 ) ;
#1537 = PLANE ( 'NONE',  #1804 ) ;
#1538 = EDGE_CURVE ( 'NONE', #836, #1122, #1629, .T. ) ;
#1539 = FACE_OUTER_BOUND ( 'NONE', #1296, .T. ) ;
#1540 = ORIENTED_EDGE ( 'NONE', *, *, #1468, .F. ) ;
#1541 = CARTESIAN_POINT ( 'NONE',  ( 12.44550394349759159, 26.48044654559283373, -5.620000000000087148 ) ) ;
#1542 = LINE ( 'NONE', #1382, #448 ) ;
#1543 = ORIENTED_EDGE ( 'NONE', *, *, #650, .T. ) ;
#1544 = CARTESIAN_POINT ( 'NONE',  ( 39.19403284612556604, 47.32517565625202138, -4.620000000000273666 ) ) ;
#1545 = CARTESIAN_POINT ( 'NONE',  ( 50.68700103759795894, 14.82442925476643758, -4.620000000000000107 ) ) ;
#1546 = ORIENTED_EDGE ( 'NONE', *, *, #1854, .T. ) ;
#1547 = DIRECTION ( 'NONE',  ( 1.000000000000000000, 0.000000000000000000, 0.000000000000000000 ) ) ;
#1548 = CARTESIAN_POINT ( 'NONE',  ( 50.56700134277299696, -0.2540000081060000414, -1.620000000000353158 ) ) ;
#1549 = ORIENTED_EDGE ( 'NONE', *, *, #126, .F. ) ;
#1550 = EDGE_CURVE ( 'NONE', #1250, #1179, #391, .T. ) ;
#1551 = CARTESIAN_POINT ( 'NONE',  ( 39.19403284612558735, 49.88994628281719912, -1.620000000000274110 ) ) ;
#1552 = LINE ( 'NONE', #584, #1126 ) ;
#1553 = CYLINDRICAL_SURFACE ( 'NONE', #614, 4.000000000000000000 ) ;
#1554 = LINE ( 'NONE', #91, #1801 ) ;
#1555 = VERTEX_POINT ( 'NONE', #652 ) ;
#1556 = CYLINDRICAL_SURFACE ( 'NONE', #291, 4.000000000000000000 ) ;
#1557 = CIRCLE ( 'NONE', #1220, 13.99999999999999822 ) ;
#1558 = CARTESIAN_POINT ( 'NONE',  ( 17.32975447214163722, 47.32517565625202138, -5.620000000000000107 ) ) ;
#1559 = ORIENTED_EDGE ( 'NONE', *, *, #1083, .T. ) ;
#1560 = AXIS2_PLACEMENT_3D ( 'NONE', #288, #2079, #316 ) ;
#1561 = VECTOR ( 'NONE', #1363, 1000.000000000000000 ) ;
#1562 = EDGE_CURVE ( 'NONE', #1261, #322, #1775, .T. ) ;
#1563 = LINE ( 'NONE', #1620, #1621 ) ;
#1564 = DIRECTION ( 'NONE',  ( 6.982962677686266711E-15, -0.000000000000000000, 1.000000000000000000 ) ) ;
#1565 = EDGE_CURVE ( 'NONE', #512, #574, #2039, .T. ) ;
#1566 = PLANE ( 'NONE',  #2116 ) ;
#1567 = CARTESIAN_POINT ( 'NONE',  ( 6.953000068664978883, 70.22999954223598706, -4.620000000000048956 ) ) ;
#1568 = EDGE_LOOP ( 'NONE', ( #971, #400 ) ) ;
#1569 = CARTESIAN_POINT ( 'NONE',  ( 39.19403284612556604, 70.22963138088357482, -4.620000000000273666 ) ) ;
#1570 = AXIS2_PLACEMENT_3D ( 'NONE', #190, #1637, #1140 ) ;
#1571 = CARTESIAN_POINT ( 'NONE',  ( 53.88700103759798310, 47.24524257867325616, -1.620000000000376250 ) ) ;
#1572 = ORIENTED_EDGE ( 'NONE', *, *, #802, .T. ) ;
#1573 = AXIS2_PLACEMENT_3D ( 'NONE', #150, #1980, #502 ) ;
#1574 = DIRECTION ( 'NONE',  ( -6.982962677686266711E-15, 0.000000000000000000, -1.000000000000000000 ) ) ;
#1575 = DIRECTION ( 'NONE',  ( 0.000000000000000000, 0.000000000000000000, -1.000000000000000000 ) ) ;
#1576 = DIRECTION ( 'NONE',  ( 0.000000000000000000, 0.000000000000000000, -1.000000000000000000 ) ) ;
#1577 = EDGE_CURVE ( 'NONE', #1931, #669, #963, .T. ) ;
#1578 = DIRECTION ( 'NONE',  ( -1.000000000000000000, 0.000000000000000000, 6.938893903906958587E-15 ) ) ;
#1579 = VERTEX_POINT ( 'NONE', #1300 ) ;
#1580 = CARTESIAN_POINT ( 'NONE',  ( 54.87887073153290629, 5.381323318584004589, -16.62000000000000099 ) ) ;
#1581 = ORIENTED_EDGE ( 'NONE', *, *, #2032, .F. ) ;
#1582 = ORIENTED_EDGE ( 'NONE', *, *, #965, .F. ) ;
#1583 = LINE ( 'NONE', #1809, #1800 ) ;
#1584 = FACE_OUTER_BOUND ( 'NONE', #1686, .T. ) ;
#1585 = CARTESIAN_POINT ( 'NONE',  ( 44.65757000822212319, 47.99356986567008931, -4.620000000000000107 ) ) ;
#1586 = ORIENTED_EDGE ( 'NONE', *, *, #187, .F. ) ;
#1587 = EDGE_CURVE ( 'NONE', #1712, #1130, #786, .T. ) ;
#1588 = DIRECTION ( 'NONE',  ( -1.000000000000000000, 0.000000000000000000, 6.987080667128801707E-15 ) ) ;
#1589 = EDGE_LOOP ( 'NONE', ( #749, #1923, #78, #166 ) ) ;
#1590 = AXIS2_PLACEMENT_3D ( 'NONE', #1280, #1794, #319 ) ;
#1591 = VECTOR ( 'NONE', #380, 1000.000000000000000 ) ;
#1592 = ORIENTED_EDGE ( 'NONE', *, *, #1940, .T. ) ;
#1593 = PLANE ( 'NONE',  #1867 ) ;
#1594 = AXIS2_PLACEMENT_3D ( 'NONE', #1357, #1499, #358 ) ;
#1595 = PLANE ( 'NONE',  #889 ) ;
#1596 = CARTESIAN_POINT ( 'NONE',  ( 52.41466681408210349, 64.86806471233578009, -1.619999999999999885 ) ) ;
#1597 = ORIENTED_EDGE ( 'NONE', *, *, #586, .T. ) ;
#1598 = LINE ( 'NONE', #1449, #1797 ) ;
#1599 = ORIENTED_EDGE ( 'NONE', *, *, #1420, .F. ) ;
#1600 = CIRCLE ( 'NONE', #1263, 1.000000000000000888 ) ;
#1601 = EDGE_CURVE ( 'NONE', #752, #1475, #1912, .T. ) ;
#1602 = ORIENTED_EDGE ( 'NONE', *, *, #1253, .F. ) ;
#1603 = CARTESIAN_POINT ( 'NONE',  ( 48.62819712842205178, 14.82442925476643758, -16.62000000000000099 ) ) ;
#1604 = DIRECTION ( 'NONE',  ( 6.982962677686266711E-15, -0.000000000000000000, 1.000000000000000000 ) ) ;
#1605 = FACE_OUTER_BOUND ( 'NONE', #1367, .T. ) ;
#1606 = VERTEX_POINT ( 'NONE', #1431 ) ;
#1607 = LINE ( 'NONE', #1101, #426 ) ;
#1608 = ORIENTED_EDGE ( 'NONE', *, *, #1601, .T. ) ;
#1609 = ORIENTED_EDGE ( 'NONE', *, *, #294, .F. ) ;
#1610 = CARTESIAN_POINT ( 'NONE',  ( 11.50405544490007337, 25.15639338814062853, -4.620000000000080931 ) ) ;
#1611 = EDGE_CURVE ( 'NONE', #1662, #1529, #1598, .T. ) ;
#1612 = CARTESIAN_POINT ( 'NONE',  ( -0.2540101100096057163, 47.31959426025974835, -19.61999999999999744 ) ) ;
#1613 = EDGE_CURVE ( 'NONE', #1061, #1669, #1454, .T. ) ;
#1614 = CARTESIAN_POINT ( 'NONE',  ( -0.2540362169975060036, 7.005067334542999014, -4.619999999999998330 ) ) ;
#1615 = ORIENTED_EDGE ( 'NONE', *, *, #1940, .F. ) ;
#1616 = DIRECTION ( 'NONE',  ( -1.000000000000000000, 0.000000000000000000, 7.000848313763543818E-15 ) ) ;
#1617 = VERTEX_POINT ( 'NONE', #310 ) ;
#1618 = ORIENTED_EDGE ( 'NONE', *, *, #814, .T. ) ;
#1619 = AXIS2_PLACEMENT_3D ( 'NONE', #1402, #1721, #599 ) ;
#1620 = CARTESIAN_POINT ( 'NONE',  ( 48.62819712842205178, 14.82442925476643758, -16.62000000000000099 ) ) ;
#1621 = VECTOR ( 'NONE', #967, 1000.000000000000000 ) ;
#1622 = ADVANCED_FACE ( 'NONE', ( #1930 ), #2082, .F. ) ;
#1623 = DIRECTION ( 'NONE',  ( -0.000000000000000000, -0.000000000000000000, 1.000000000000000000 ) ) ;
#1624 = AXIS2_PLACEMENT_3D ( 'NONE', #870, #388, #62 ) ;
#1625 = EDGE_CURVE ( 'NONE', #1555, #1321, #641, .T. ) ;
#1626 = ORIENTED_EDGE ( 'NONE', *, *, #1613, .F. ) ;
#1627 = DIRECTION ( 'NONE',  ( -0.000000000000000000, 0.000000000000000000, 1.000000000000000000 ) ) ;
#1628 = CARTESIAN_POINT ( 'NONE',  ( 26.44550394349755962, 26.48044654559283373, -5.620000000000000107 ) ) ;
#1629 = LINE ( 'NONE', #2112, #834 ) ;
#1630 = ORIENTED_EDGE ( 'NONE', *, *, #1613, .T. ) ;
#1631 = UNCERTAINTY_MEASURE_WITH_UNIT (LENGTH_MEASURE( 1.000000000000000082E-05 ), #624, 'distance_accuracy_value', 'NONE');
#1632 = EDGE_LOOP ( 'NONE', ( #766, #1835, #956, #487, #1640, #1176, #1764, #461 ) ) ;
#1633 = DIRECTION ( 'NONE',  ( 6.982962677686266711E-15, -0.000000000000000000, 1.000000000000000000 ) ) ;
#1634 = CARTESIAN_POINT ( 'NONE',  ( 47.15757000822213030, 47.99356986567008931, -4.620000000000000107 ) ) ;
#1635 = VECTOR ( 'NONE', #1177, 1000.000000000000000 ) ;
#1636 = ORIENTED_EDGE ( 'NONE', *, *, #1468, .T. ) ;
#1637 = DIRECTION ( 'NONE',  ( 0.000000000000000000, 0.000000000000000000, -1.000000000000000000 ) ) ;
#1638 = EDGE_CURVE ( 'NONE', #41, #1443, #533, .T. ) ;
#1639 = LINE ( 'NONE', #171, #1284 ) ;
#1640 = ORIENTED_EDGE ( 'NONE', *, *, #1105, .T. ) ;
#1641 = CARTESIAN_POINT ( 'NONE',  ( 3.694688131283520249, 26.48044654559283728, -5.620000000000000107 ) ) ;
#1642 = EDGE_LOOP ( 'NONE', ( #1309, #351, #378, #1117 ) ) ;
#1643 = CARTESIAN_POINT ( 'NONE',  ( 48.47760620441503931, 39.78639408645565823, -16.62000000000000099 ) ) ;
#1644 = FACE_OUTER_BOUND ( 'NONE', #920, .T. ) ;
#1645 = DIRECTION ( 'NONE',  ( 0.000000000000000000, 0.000000000000000000, -1.000000000000000000 ) ) ;
#1646 = LINE ( 'NONE', #1971, #1317 ) ;
#1647 = CARTESIAN_POINT ( 'NONE',  ( 0.000000000000000000, 0.000000000000000000, -19.61999999999999744 ) ) ;
#1648 = EDGE_CURVE ( 'NONE', #67, #1196, #1441, .T. ) ;
#1649 = CARTESIAN_POINT ( 'NONE',  ( 42.15757000822212319, 47.99356986567008931, -19.61999999999999744 ) ) ;
#1650 = EDGE_LOOP ( 'NONE', ( #1478, #2042, #697, #1154, #1988, #865 ) ) ;
#1651 = AXIS2_PLACEMENT_3D ( 'NONE', #40, #531, #1199 ) ;
#1652 = EDGE_CURVE ( 'NONE', #1022, #1377, #659, .T. ) ;
#1653 = DIRECTION ( 'NONE',  ( -1.000000000000000000, -0.000000000000000000, -0.000000000000000000 ) ) ;
#1654 = ORIENTED_EDGE ( 'NONE', *, *, #462, .F. ) ;
#1655 = CYLINDRICAL_SURFACE ( 'NONE', #368, 22.75081581221403937 ) ;
#1656 = VECTOR ( 'NONE', #1173, 1000.000000000000000 ) ;
#1657 = CARTESIAN_POINT ( 'NONE',  ( 57.88700103759798310, 63.04000091552700269, -4.620000000000404228 ) ) ;
#1658 = ORIENTED_EDGE ( 'NONE', *, *, #15, .F. ) ;
#1659 = CIRCLE ( 'NONE', #1425, 15.00000000000003730 ) ;
#1660 = DIRECTION ( 'NONE',  ( 0.000000000000000000, -0.000000000000000000, 1.000000000000000000 ) ) ;
#1661 = DIRECTION ( 'NONE',  ( -1.000000000000000000, 0.000000000000000000, 7.000848313763543818E-15 ) ) ;
#1662 = VERTEX_POINT ( 'NONE', #2091 ) ;
#1663 = CARTESIAN_POINT ( 'NONE',  ( 48.47760620441503931, 39.78639408645565823, -16.62000000000000099 ) ) ;
#1664 = ORIENTED_EDGE ( 'NONE', *, *, #421, .F. ) ;
#1665 = VECTOR ( 'NONE', #365, 1000.000000000000000 ) ;
#1666 = EDGE_CURVE ( 'NONE', #787, #1166, #1607, .T. ) ;
#1667 = DIRECTION ( 'NONE',  ( 0.000000000000000000, -0.000000000000000000, 1.000000000000000000 ) ) ;
#1668 = DIRECTION ( 'NONE',  ( 0.000000000000000000, 1.000000000000000000, 0.000000000000000000 ) ) ;
#1669 = VERTEX_POINT ( 'NONE', #2100 ) ;
#1670 = DIRECTION ( 'NONE',  ( 1.000000000000000000, 0.000000000000000000, 0.000000000000000000 ) ) ;
#1671 = VECTOR ( 'NONE', #1791, 1000.000000000000114 ) ;
#1672 = DIRECTION ( 'NONE',  ( -0.000000000000000000, -1.000000000000000000, -0.000000000000000000 ) ) ;
#1673 = EDGE_LOOP ( 'NONE', ( #1543, #542, #1133, #1044 ) ) ;
#1674 = LINE ( 'NONE', #1354, #217 ) ;
#1675 = ORIENTED_EDGE ( 'NONE', *, *, #1183, .F. ) ;
#1676 = EDGE_CURVE ( 'NONE', #2085, #1078, #1290, .T. ) ;
#1677 = DIRECTION ( 'NONE',  ( -1.000000000000000000, 1.826024711554533913E-16, 6.982962677686266711E-15 ) ) ;
#1678 = CARTESIAN_POINT ( 'NONE',  ( -0.2540101100096064379, 41.44666507051483251, -4.620000000000000107 ) ) ;
#1679 = ORIENTED_EDGE ( 'NONE', *, *, #1288, .T. ) ;
#1680 = ADVANCED_FACE ( 'NONE', ( #27 ), #13, .T. ) ;
#1681 = LINE ( 'NONE', #1372, #958 ) ;
#1682 = LINE ( 'NONE', #48, #494 ) ;
#1683 = VERTEX_POINT ( 'NONE', #341 ) ;
#1684 = FACE_OUTER_BOUND ( 'NONE', #57, .T. ) ;
#1685 = DIRECTION ( 'NONE',  ( 1.000000000000000000, -0.000000000000000000, -6.987080667128808807E-15 ) ) ;
#1686 = EDGE_LOOP ( 'NONE', ( #134, #1707, #1773, #1038 ) ) ;
#1687 = CARTESIAN_POINT ( 'NONE',  ( 26.44550394349755962, 26.48044654559283373, -13.92000000000000171 ) ) ;
#1688 = CARTESIAN_POINT ( 'NONE',  ( 50.24292827374507908, 26.48044654559283373, -5.620000000000000107 ) ) ;
#1689 = ORIENTED_EDGE ( 'NONE', *, *, #1496, .T. ) ;
#1690 = LINE ( 'NONE', #1397, #1063 ) ;
#1691 = VECTOR ( 'NONE', #1672, 1000.000000000000000 ) ;
#1692 = VECTOR ( 'NONE', #1789, 1000.000000000000000 ) ;
#1693 = ADVANCED_FACE ( 'NONE', ( #59 ), #1806, .F. ) ;
#1694 = VECTOR ( 'NONE', #748, 1000.000000000000000 ) ;
#1695 = CARTESIAN_POINT ( 'NONE',  ( 26.44550394349755962, 26.48044654559283373, -13.92000000000000171 ) ) ;
#1696 = VERTEX_POINT ( 'NONE', #2007 ) ;
#1697 = DIRECTION ( 'NONE',  ( 1.000000000000000000, -0.000000000000000000, -6.909869360036672291E-15 ) ) ;
#1698 = CARTESIAN_POINT ( 'NONE',  ( 57.88700103759799021, 47.24524257867325616, -1.620000000000404006 ) ) ;
#1699 = ORIENTED_EDGE ( 'NONE', *, *, #1652, .T. ) ;
#1700 = VECTOR ( 'NONE', #1819, 1000.000000000000000 ) ;
#1701 = DIRECTION ( 'NONE',  ( -0.000000000000000000, -0.000000000000000000, 1.000000000000000000 ) ) ;
#1702 = CARTESIAN_POINT ( 'NONE',  ( 26.44550394349755962, 26.48044654559283373, -5.620000000000000107 ) ) ;
#1703 = ORIENTED_EDGE ( 'NONE', *, *, #573, .T. ) ;
#1704 = VECTOR ( 'NONE', #1237, 1000.000000000000000 ) ;
#1705 = LINE ( 'NONE', #1076, #1978 ) ;
#1706 = DIRECTION ( 'NONE',  ( 0.000000000000000000, -0.000000000000000000, 1.000000000000000000 ) ) ;
#1707 = ORIENTED_EDGE ( 'NONE', *, *, #852, .F. ) ;
#1708 = EDGE_CURVE ( 'NONE', #228, #1617, #527, .T. ) ;
#1709 = LINE ( 'NONE', #1728, #1016 ) ;
#1710 = VECTOR ( 'NONE', #394, 1000.000000000000000 ) ;
#1711 = DIRECTION ( 'NONE',  ( 0.000000000000000000, -1.000000000000000000, -0.000000000000000000 ) ) ;
#1712 = VERTEX_POINT ( 'NONE', #180 ) ;
#1713 = EDGE_CURVE ( 'NONE', #776, #387, #330, .T. ) ;
#1714 = CARTESIAN_POINT ( 'NONE',  ( 26.44550394349755962, 26.48044654559283373, -5.620000000000000107 ) ) ;
#1715 = CARTESIAN_POINT ( 'NONE',  ( 26.44550394349755962, 26.48044654559283373, -13.92000000000000171 ) ) ;
#1716 = FACE_OUTER_BOUND ( 'NONE', #175, .T. ) ;
#1717 = DIRECTION ( 'NONE',  ( -0.9999999976286573222, -6.886715686364837591E-05, 6.978795277345974301E-15 ) ) ;
#1718 = EDGE_LOOP ( 'NONE', ( #672, #1052, #1939, #1448 ) ) ;
#1719 = LINE ( 'NONE', #249, #93 ) ;
#1720 = ADVANCED_FACE ( 'NONE', ( #691 ), #1152, .F. ) ;
#1721 = DIRECTION ( 'NONE',  ( 0.000000000000000000, -1.000000000000000000, 0.000000000000000000 ) ) ;
#1722 = ORIENTED_EDGE ( 'NONE', *, *, #2097, .F. ) ;
#1723 = EDGE_CURVE ( 'NONE', #1902, #1778, #1512, .T. ) ;
#1724 = DIRECTION ( 'NONE',  ( -0.000000000000000000, 1.000000000000000000, -0.000000000000000000 ) ) ;
#1725 = PLANE ( 'NONE',  #1404 ) ;
#1726 = LINE ( 'NONE', #2027, #2104 ) ;
#1727 = ORIENTED_EDGE ( 'NONE', *, *, #1577, .T. ) ;
#1728 = CARTESIAN_POINT ( 'NONE',  ( 57.88700103759800442, 63.04000091552700269, -1.620000000000404228 ) ) ;
#1729 = MECHANICAL_DESIGN_GEOMETRIC_PRESENTATION_REPRESENTATION (  '', ( #255 ), #1388 ) ;
#1730 = AXIS2_PLACEMENT_3D ( 'NONE', #1928, #460, #1950 ) ;
#1731 = CARTESIAN_POINT ( 'NONE',  ( 14.96444680327331511, 47.32517565625202138, -4.620000000000104912 ) ) ;
#1732 = ORIENTED_EDGE ( 'NONE', *, *, #1723, .T. ) ;
#1733 = EDGE_CURVE ( 'NONE', #481, #955, #1331, .T. ) ;
#1734 = AXIS2_PLACEMENT_3D ( 'NONE', #1000, #1645, #523 ) ;
#1735 = CARTESIAN_POINT ( 'NONE',  ( 57.88700103759798310, 7.065999984741000439, -4.620000000000404228 ) ) ;
#1736 = EDGE_CURVE ( 'NONE', #752, #1788, #1491, .T. ) ;
#1737 = CARTESIAN_POINT ( 'NONE',  ( 57.88700103759800442, 63.04000091552700269, -1.620000000000404228 ) ) ;
#1738 = DIRECTION ( 'NONE',  ( -1.000000000000000000, 0.000000000000000000, 6.982962677686266711E-15 ) ) ;
#1739 = CARTESIAN_POINT ( 'NONE',  ( 26.44550394349759159, 26.48044654559283373, -5.620000000000184848 ) ) ;
#1740 = EDGE_LOOP ( 'NONE', ( #974, #556, #1859, #224 ) ) ;
#1741 = CARTESIAN_POINT ( 'NONE',  ( 54.87887073153290629, 7.065999984741000439, -16.62000000000000099 ) ) ;
#1742 = ORIENTED_EDGE ( 'NONE', *, *, #867, .F. ) ;
#1743 = VECTOR ( 'NONE', #989, 1000.000000000000000 ) ;
#1744 = VECTOR ( 'NONE', #1075, 1000.000000000000000 ) ;
#1745 = ORIENTED_EDGE ( 'NONE', *, *, #968, .T. ) ;
#1746 = CARTESIAN_POINT ( 'NONE',  ( 12.44550394349759870, 26.48044654559283373, -4.620000000000087148 ) ) ;
#1747 = LINE ( 'NONE', #1898, #1430 ) ;
#1748 = EDGE_CURVE ( 'NONE', #1310, #1015, #1682, .T. ) ;
#1749 = CARTESIAN_POINT ( 'NONE',  ( 39.19403284612556604, 55.22990032368964108, -4.620000000000273666 ) ) ;
#1750 = AXIS2_PLACEMENT_3D ( 'NONE', #1580, #116, #1376 ) ;
#1751 = LINE ( 'NONE', #1596, #1488 ) ;
#1752 = EDGE_LOOP ( 'NONE', ( #929, #2055, #528, #273, #1820, #1264, #1609, #155 ) ) ;
#1753 = PRODUCT ( 'support2', 'support2', '', ( #1170 ) ) ;
#1754 = DIRECTION ( 'NONE',  ( 0.000000000000000000, 0.000000000000000000, -1.000000000000000000 ) ) ;
#1755 = ORIENTED_EDGE ( 'NONE', *, *, #1611, .T. ) ;
#1756 = VERTEX_POINT ( 'NONE', #1024 ) ;
#1757 = PLANE ( 'NONE',  #1484 ) ;
#1758 = CARTESIAN_POINT ( 'NONE',  ( 44.65757000822212319, 47.99356986567008931, -19.61999999999999744 ) ) ;
#1759 = EDGE_CURVE ( 'NONE', #1321, #1788, #495, .T. ) ;
#1760 = DIRECTION ( 'NONE',  ( 1.000000000000000000, 0.000000000000000000, -7.000848313763542241E-15 ) ) ;
#1761 = ORIENTED_EDGE ( 'NONE', *, *, #1365, .F. ) ;
#1762 = EDGE_CURVE ( 'NONE', #1001, #725, #871, .T. ) ;
#1763 = CARTESIAN_POINT ( 'NONE',  ( 7.005000114440967707, 3.243000000715000386, -4.620000000000049845 ) ) ;
#1764 = ORIENTED_EDGE ( 'NONE', *, *, #2076, .T. ) ;
#1765 = AXIS2_PLACEMENT_3D ( 'NONE', #1714, #1345, #369 ) ;
#1766 = VECTOR ( 'NONE', #230, 1000.000000000000000 ) ;
#1767 = VECTOR ( 'NONE', #1946, 1000.000000000000000 ) ;
#1768 = ORIENTED_EDGE ( 'NONE', *, *, #1437, .T. ) ;
#1769 = SURFACE_STYLE_FILL_AREA ( #415 ) ;
#1770 = VECTOR ( 'NONE', #1346, 1000.000000000000114 ) ;
#1771 = FACE_OUTER_BOUND ( 'NONE', #1795, .T. ) ;
#1772 = CARTESIAN_POINT ( 'NONE',  ( 39.19403284612556604, 47.32517565625202138, -4.620000000000273666 ) ) ;
#1773 = ORIENTED_EDGE ( 'NONE', *, *, #1894, .F. ) ;
#1774 = EDGE_CURVE ( 'NONE', #280, #18, #868, .T. ) ;
#1775 = LINE ( 'NONE', #163, #1251 ) ;
#1776 = VERTEX_POINT ( 'NONE', #1995 ) ;
#1777 = AXIS2_PLACEMENT_3D ( 'NONE', #2110, #1467, #1339 ) ;
#1778 = VERTEX_POINT ( 'NONE', #1184 ) ;
#1779 = DIRECTION ( 'NONE',  ( -0.000000000000000000, -0.000000000000000000, 1.000000000000000000 ) ) ;
#1780 = VECTOR ( 'NONE', #1803, 1000.000000000000000 ) ;
#1781 = CARTESIAN_POINT ( 'NONE',  ( 53.88700103759796178, 47.24524257867325616, -1.620000000000376250 ) ) ;
#1782 = VERTEX_POINT ( 'NONE', #215 ) ;
#1783 = DIRECTION ( 'NONE',  ( 1.000000000000000000, 0.000000000000000000, 0.000000000000000000 ) ) ;
#1784 = ORIENTED_EDGE ( 'NONE', *, *, #1994, .F. ) ;
#1785 = PLANE ( 'NONE',  #257 ) ;
#1786 = VERTEX_POINT ( 'NONE', #700 ) ;
#1787 = ADVANCED_FACE ( 'NONE', ( #1838 ), #1524, .F. ) ;
#1788 = VERTEX_POINT ( 'NONE', #1961 ) ;
#1789 = DIRECTION ( 'NONE',  ( -6.982962677686266711E-15, -0.000000000000000000, -1.000000000000000000 ) ) ;
#1790 = EDGE_CURVE ( 'NONE', #1696, #1536, #1639, .T. ) ;
#1791 = DIRECTION ( 'NONE',  ( 6.475826433413004759E-07, 0.9999999999997903899, 0.000000000000000000 ) ) ;
#1792 = DIRECTION ( 'NONE',  ( -0.000000000000000000, -0.000000000000000000, 1.000000000000000000 ) ) ;
#1793 = LINE ( 'NONE', #348, #646 ) ;
#1794 = DIRECTION ( 'NONE',  ( -6.982962677686266711E-15, 0.000000000000000000, -1.000000000000000000 ) ) ;
#1795 = EDGE_LOOP ( 'NONE', ( #172, #251, #6, #792 ) ) ;
#1796 = ORIENTED_EDGE ( 'NONE', *, *, #1340, .T. ) ;
#1797 = VECTOR ( 'NONE', #1459, 1000.000000000000000 ) ;
#1798 = EDGE_CURVE ( 'NONE', #855, #1776, #1477, .T. ) ;
#1799 = CARTESIAN_POINT ( 'NONE',  ( 12.44550394349759159, 26.48044654559283373, -5.620000000000087148 ) ) ;
#1800 = VECTOR ( 'NONE', #1934, 1000.000000000000114 ) ;
#1801 = VECTOR ( 'NONE', #1373, 1000.000000000000000 ) ;
#1802 = ADVANCED_FACE ( 'NONE', ( #1216 ), #418, .F. ) ;
#1803 = DIRECTION ( 'NONE',  ( -1.000000000000000000, 0.000000000000000000, 0.000000000000000000 ) ) ;
#1804 = AXIS2_PLACEMENT_3D ( 'NONE', #1873, #1062, #1387 ) ;
#1805 = DIRECTION ( 'NONE',  ( 0.000000000000000000, 0.000000000000000000, -1.000000000000000000 ) ) ;
#1806 = PLANE ( 'NONE',  #1452 ) ;
#1807 = ORIENTED_EDGE ( 'NONE', *, *, #1723, .F. ) ;
#1808 = EDGE_LOOP ( 'NONE', ( #1272, #1827, #52, #1149 ) ) ;
#1809 = CARTESIAN_POINT ( 'NONE',  ( 6.953000068664978883, 70.22999954223598706, -4.620000000000048956 ) ) ;
#1810 = CLOSED_SHELL ( 'NONE', ( #1201, #1916, #746, #501, #1299, #1433, #1509, #304, #900, #1007, #137, #327, #1840, #20, #1802, #149, #1368, #661, #436, #1720, #952, #1275, #140, #1017, #1534, #324, #314, #590, #2095, #544, #1498, #7, #100, #290, #1030, #939, #529, #1680, #675, #1787, #1825, #1043, #757, #424, #927, #85, #780, #212, #634, #1456, #73, #1982, #2022, #1979, #61, #1277, #1622, #1693, #2108, #1417, #715, #112, #226, #1954, #514, #383, #489, #349 ) ) ;
#1811 = LINE ( 'NONE', #1137, #1671 ) ;
#1812 = VECTOR ( 'NONE', #1268, 1000.000000000000000 ) ;
#1813 = EDGE_CURVE ( 'NONE', #1949, #850, #1049, .T. ) ;
#1814 = DIRECTION ( 'NONE',  ( -0.000000000000000000, 0.000000000000000000, -1.000000000000000000 ) ) ;
#1815 = PLANE ( 'NONE',  #1777 ) ;
#1816 = EDGE_CURVE ( 'NONE', #653, #1782, #1077, .T. ) ;
#1817 = DIRECTION ( 'NONE',  ( -0.000000000000000000, -0.000000000000000000, 1.000000000000000000 ) ) ;
#1818 = ORIENTED_EDGE ( 'NONE', *, *, #1927, .F. ) ;
#1819 = DIRECTION ( 'NONE',  ( -0.000000000000000000, -0.000000000000000000, 1.000000000000000000 ) ) ;
#1820 = ORIENTED_EDGE ( 'NONE', *, *, #1652, .F. ) ;
#1821 = DIRECTION ( 'NONE',  ( 1.000000000000000000, -0.000000000000000000, -0.000000000000000000 ) ) ;
#1822 = DIRECTION ( 'NONE',  ( -0.000000000000000000, -0.000000000000000000, 1.000000000000000000 ) ) ;
#1823 = ORIENTED_EDGE ( 'NONE', *, *, #912, .T. ) ;
#1824 = FACE_OUTER_BOUND ( 'NONE', #1740, .T. ) ;
#1825 = ADVANCED_FACE ( 'NONE', ( #2017 ), #80, .F. ) ;
#1826 = DIRECTION ( 'NONE',  ( 0.000000000000000000, 0.000000000000000000, -1.000000000000000000 ) ) ;
#1827 = ORIENTED_EDGE ( 'NONE', *, *, #4, .F. ) ;
#1828 = EDGE_CURVE ( 'NONE', #725, #1185, #1891, .T. ) ;
#1829 = FACE_OUTER_BOUND ( 'NONE', #1006, .T. ) ;
#1830 = ORIENTED_EDGE ( 'NONE', *, *, #1798, .F. ) ;
#1831 = CARTESIAN_POINT ( 'NONE',  ( 35.56125341485347491, 47.32517565625202138, -5.620000000000000107 ) ) ;
#1832 = AXIS2_PLACEMENT_3D ( 'NONE', #1029, #1677, #253 ) ;
#1833 = VECTOR ( 'NONE', #1034, 1000.000000000000000 ) ;
#1834 = CARTESIAN_POINT ( 'NONE',  ( 5.132437688989094582, 47.31959426025974835, -4.620000000000000107 ) ) ;
#1835 = ORIENTED_EDGE ( 'NONE', *, *, #32, .T. ) ;
#1836 = DIRECTION ( 'NONE',  ( -0.000000000000000000, -0.000000000000000000, 1.000000000000000000 ) ) ;
#1837 = FACE_OUTER_BOUND ( 'NONE', #1632, .T. ) ;
#1838 = FACE_OUTER_BOUND ( 'NONE', #826, .T. ) ;
#1839 = ORIENTED_EDGE ( 'NONE', *, *, #673, .T. ) ;
#1840 = ADVANCED_FACE ( 'NONE', ( #1069 ), #386, .T. ) ;
#1841 = CARTESIAN_POINT ( 'NONE',  ( 50.68700103759796605, 39.78639408645565823, -4.620000000000000107 ) ) ;
#1842 = ORIENTED_EDGE ( 'NONE', *, *, #1774, .F. ) ;
#1843 = CARTESIAN_POINT ( 'NONE',  ( 50.68700103759795894, 14.82442925476643758, -16.62000000000000099 ) ) ;
#1844 = AXIS2_PLACEMENT_3D ( 'NONE', #1628, #1660, #12 ) ;
#1845 = DIRECTION ( 'NONE',  ( 0.000000000000000000, 0.000000000000000000, -1.000000000000000000 ) ) ;
#1846 = ORIENTED_EDGE ( 'NONE', *, *, #827, .F. ) ;
#1847 = CARTESIAN_POINT ( 'NONE',  ( 39.19403284612557314, 70.22963138088357482, -4.620000000000273666 ) ) ;
#1848 = CARTESIAN_POINT ( 'NONE',  ( 0.000000000000000000, 0.000000000000000000, -19.61999999999999744 ) ) ;
#1849 = ORIENTED_EDGE ( 'NONE', *, *, #802, .F. ) ;
#1850 = PLANE ( 'NONE',  #1252 ) ;
#1851 = LINE ( 'NONE', #1037, #1041 ) ;
#1852 = ORIENTED_EDGE ( 'NONE', *, *, #1187, .F. ) ;
#1853 = DIRECTION ( 'NONE',  ( 1.000000000000000000, 0.000000000000000000, 0.000000000000000000 ) ) ;
#1854 = EDGE_CURVE ( 'NONE', #28, #196, #103, .T. ) ;
#1855 = DIRECTION ( 'NONE',  ( -1.000000000000000000, 0.000000000000000000, 0.000000000000000000 ) ) ;
#1856 = EDGE_LOOP ( 'NONE', ( #1839, #1244, #1818, #455 ) ) ;
#1857 = LINE ( 'NONE', #1544, #332 ) ;
#1858 = DIRECTION ( 'NONE',  ( 6.982962677686266711E-15, -0.000000000000000000, 1.000000000000000000 ) ) ;
#1859 = ORIENTED_EDGE ( 'NONE', *, *, #888, .F. ) ;
#1860 = DIRECTION ( 'NONE',  ( 1.000000000000000000, 0.000000000000000000, 0.000000000000000000 ) ) ;
#1861 = LINE ( 'NONE', #1663, #191 ) ;
#1862 = ORIENTED_EDGE ( 'NONE', *, *, #1105, .F. ) ;
#1863 = FACE_OUTER_BOUND ( 'NONE', #600, .T. ) ;
#1864 = CARTESIAN_POINT ( 'NONE',  ( 11.44550394349755962, 26.48044654559283373, -4.620000000000080043 ) ) ;
#1865 = EDGE_CURVE ( 'NONE', #553, #1001, #1557, .T. ) ;
#1866 = ORIENTED_EDGE ( 'NONE', *, *, #990, .T. ) ;
#1867 = AXIS2_PLACEMENT_3D ( 'NONE', #1735, #1265, #98 ) ;
#1868 = CARTESIAN_POINT ( 'NONE',  ( 7.057756011510238459, 62.91899398329571369, -4.620000000000049845 ) ) ;
#1869 = VECTOR ( 'NONE', #1274, 1000.000000000000000 ) ;
#1870 = AXIS2_PLACEMENT_3D ( 'NONE', #1099, #1439, #1760 ) ;
#1871 = CARTESIAN_POINT ( 'NONE',  ( 12.44550394349759870, 26.48044654559283373, -4.620000000000087148 ) ) ;
#1872 = ORIENTED_EDGE ( 'NONE', *, *, #1816, .F. ) ;
#1873 = CARTESIAN_POINT ( 'NONE',  ( -0.2540362169975060036, 7.005067334542999014, -4.619999999999998330 ) ) ;
#1874 = CIRCLE ( 'NONE', #2043, 1.000000000000000888 ) ;
#1875 = LINE ( 'NONE', #402, #1999 ) ;
#1876 = ORIENTED_EDGE ( 'NONE', *, *, #1329, .F. ) ;
#1877 = CARTESIAN_POINT ( 'NONE',  ( 50.56700134277296144, 2.245999991894000125, -19.61999999999999744 ) ) ;
#1878 = LINE ( 'NONE', #438, #1710 ) ;
#1879 = AXIS2_PLACEMENT_3D ( 'NONE', #1868, #1890, #1511 ) ;
#1880 = ORIENTED_EDGE ( 'NONE', *, *, #852, .T. ) ;
#1881 = DIRECTION ( 'NONE',  ( -1.000000000000000000, 0.000000000000000000, 0.000000000000000000 ) ) ;
#1882 = EDGE_CURVE ( 'NONE', #669, #1166, #577, .T. ) ;
#1883 = DIRECTION ( 'NONE',  ( 0.9999999999348028190, -1.141903098866963167E-05, 0.000000000000000000 ) ) ;
#1884 = ORIENTED_EDGE ( 'NONE', *, *, #1522, .F. ) ;
#1885 = CARTESIAN_POINT ( 'NONE',  ( 39.19403284612556604, 47.32517565625202138, -4.620000000000273666 ) ) ;
#1886 = EDGE_CURVE ( 'NONE', #752, #18, #409, .T. ) ;
#1887 = LINE ( 'NONE', #1741, #1349 ) ;
#1888 = VERTEX_POINT ( 'NONE', #596 ) ;
#1889 = CARTESIAN_POINT ( 'NONE',  ( 57.88700103759799021, 47.24524257867325616, -1.620000000000404006 ) ) ;
#1890 = DIRECTION ( 'NONE',  ( -6.982962677686266711E-15, 0.000000000000000000, -1.000000000000000000 ) ) ;
#1891 = LINE ( 'NONE', #1871, #121 ) ;
#1892 = ORIENTED_EDGE ( 'NONE', *, *, #1708, .T. ) ;
#1893 = LINE ( 'NONE', #240, #608 ) ;
#1894 = EDGE_CURVE ( 'NONE', #342, #788, #1535, .T. ) ;
#1895 = DIRECTION ( 'NONE',  ( 0.000000000000000000, -1.000000000000000000, 0.000000000000000000 ) ) ;
#1896 = ORIENTED_EDGE ( 'NONE', *, *, #1479, .F. ) ;
#1897 = DIRECTION ( 'NONE',  ( 0.000000000000000000, 0.000000000000000000, -1.000000000000000000 ) ) ;
#1898 = CARTESIAN_POINT ( 'NONE',  ( 14.28944249278619516, -0.2569999992850000026, -4.620000000000000107 ) ) ;
#1899 = CARTESIAN_POINT ( 'NONE',  ( 7.005000114440967707, -0.2569999992850000026, -19.61999999999999744 ) ) ;
#1900 = VECTOR ( 'NONE', #445, 1000.000000000000000 ) ;
#1901 = DIRECTION ( 'NONE',  ( -0.000000000000000000, 1.000000000000000000, 0.000000000000000000 ) ) ;
#1902 = VERTEX_POINT ( 'NONE', #399 ) ;
#1903 = VECTOR ( 'NONE', #334, 1000.000000000000000 ) ;
#1904 = DIRECTION ( 'NONE',  ( -6.982962677686266711E-15, -0.000000000000000000, -1.000000000000000000 ) ) ;
#1905 = EDGE_LOOP ( 'NONE', ( #1582, #478, #1626, #1846 ) ) ;
#1906 = EDGE_CURVE ( 'NONE', #1579, #1696, #1361, .T. ) ;
#1907 = DIRECTION ( 'NONE',  ( -0.000000000000000000, -0.000000000000000000, 1.000000000000000000 ) ) ;
#1908 = CARTESIAN_POINT ( 'NONE',  ( 12.50825589245678238, 25.15639338814062853, -5.620000000000088036 ) ) ;
#1909 = CARTESIAN_POINT ( 'NONE',  ( 51.41466681408210349, 64.86806471233578009, -1.619999999999999885 ) ) ;
#1910 = CYLINDRICAL_SURFACE ( 'NONE', #1870, 14.00000000000000178 ) ;
#1911 = ORIENTED_EDGE ( 'NONE', *, *, #558, .F. ) ;
#1912 = LINE ( 'NONE', #940, #1389 ) ;
#1913 = ORIENTED_EDGE ( 'NONE', *, *, #1828, .F. ) ;
#1914 = VECTOR ( 'NONE', #1276, 1000.000000000000000 ) ;
#1915 = ORIENTED_EDGE ( 'NONE', *, *, #699, .T. ) ;
#1916 = ADVANCED_FACE ( 'NONE', ( #904 ), #247, .F. ) ;
#1917 = CARTESIAN_POINT ( 'NONE',  ( 50.56700134277299696, -0.2540000081060000414, -1.620000000000353158 ) ) ;
#1918 = EDGE_CURVE ( 'NONE', #1443, #701, #1659, .T. ) ;
#1919 = FACE_OUTER_BOUND ( 'NONE', #2083, .T. ) ;
#1920 = DIRECTION ( 'NONE',  ( 0.000000000000000000, 0.000000000000000000, -1.000000000000000000 ) ) ;
#1921 = ORIENTED_EDGE ( 'NONE', *, *, #1790, .T. ) ;
#1922 = DIRECTION ( 'NONE',  ( 0.000000000000000000, -0.000000000000000000, 1.000000000000000000 ) ) ;
#1923 = ORIENTED_EDGE ( 'NONE', *, *, #1378, .F. ) ;
#1924 = EDGE_LOOP ( 'NONE', ( #2021, #997 ) ) ;
#1925 = PLANE ( 'NONE',  #909 ) ;
#1926 = FACE_OUTER_BOUND ( 'NONE', #1650, .T. ) ;
#1927 = EDGE_CURVE ( 'NONE', #143, #1093, #1554, .T. ) ;
#1928 = CARTESIAN_POINT ( 'NONE',  ( 26.44550394349755962, 26.48044654559283373, -4.620000000000000107 ) ) ;
#1929 = ORIENTED_EDGE ( 'NONE', *, *, #1396, .T. ) ;
#1930 = FACE_OUTER_BOUND ( 'NONE', #289, .T. ) ;
#1931 = VERTEX_POINT ( 'NONE', #1230 ) ;
#1932 = VECTOR ( 'NONE', #1249, 1000.000000000000000 ) ;
#1933 = ORIENTED_EDGE ( 'NONE', *, *, #1625, .F. ) ;
#1934 = DIRECTION ( 'NONE',  ( 0.9999999999348028190, -1.141903098866963167E-05, -6.981506392873194691E-15 ) ) ;
#1935 = VECTOR ( 'NONE', #1697, 1000.000000000000000 ) ;
#1936 = DIRECTION ( 'NONE',  ( -1.000000000000000000, 0.000000000000000000, 0.000000000000000000 ) ) ;
#1937 = ORIENTED_EDGE ( 'NONE', *, *, #699, .F. ) ;
#1938 = LINE ( 'NONE', #1106, #948 ) ;
#1939 = ORIENTED_EDGE ( 'NONE', *, *, #2053, .T. ) ;
#1940 = EDGE_CURVE ( 'NONE', #1606, #118, #1726, .T. ) ;
#1941 = LINE ( 'NONE', #854, #1770 ) ;
#1942 = DIRECTION ( 'NONE',  ( 1.000000000000000000, 0.000000000000000000, 0.000000000000000000 ) ) ;
#1943 = ORIENTED_EDGE ( 'NONE', *, *, #160, .F. ) ;
#1944 = EDGE_CURVE ( 'NONE', #1027, #1669, #894, .T. ) ;
#1945 = ORIENTED_EDGE ( 'NONE', *, *, #977, .T. ) ;
#1946 = DIRECTION ( 'NONE',  ( -1.000000000000000000, 0.000000000000000000, 6.938893903906958587E-15 ) ) ;
#1947 = VECTOR ( 'NONE', #54, 1000.000000000000000 ) ;
#1948 = LINE ( 'NONE', #1474, #1466 ) ;
#1949 = VERTEX_POINT ( 'NONE', #1398 ) ;
#1950 = DIRECTION ( 'NONE',  ( 1.000000000000000000, 0.000000000000000000, 0.000000000000000000 ) ) ;
#1951 = DIRECTION ( 'NONE',  ( -0.7069591707826460292, 0.7072543607828187806, 4.941644381289216019E-15 ) ) ;
#1952 = CARTESIAN_POINT ( 'NONE',  ( 25.93609176424992313, 30.48044654559283373, -4.620000000000000995 ) ) ;
#1953 = ORIENTED_EDGE ( 'NONE', *, *, #1708, .F. ) ;
#1954 = ADVANCED_FACE ( 'NONE', ( #587 ), #1910, .F. ) ;
#1955 = ORIENTED_EDGE ( 'NONE', *, *, #364, .T. ) ;
#1956 = FACE_OUTER_BOUND ( 'NONE', #283, .T. ) ;
#1957 = DIRECTION ( 'NONE',  ( 6.982962677686266711E-15, -0.000000000000000000, 1.000000000000000000 ) ) ;
#1958 = ORIENTED_EDGE ( 'NONE', *, *, #1241, .F. ) ;
#1959 =( LENGTH_UNIT ( ) NAMED_UNIT ( * ) SI_UNIT ( .MILLI., .METRE. ) );
#1960 = DIRECTION ( 'NONE',  ( -0.000000000000000000, 0.000000000000000000, -1.000000000000000000 ) ) ;
#1961 = CARTESIAN_POINT ( 'NONE',  ( 40.25967780398600837, -0.2540000081060000414, -4.620000000000000107 ) ) ;
#1962 = EDGE_LOOP ( 'NONE', ( #312, #2018, #1658, #145 ) ) ;
#1963 = ORIENTED_EDGE ( 'NONE', *, *, #1538, .F. ) ;
#1964 = AXIS2_PLACEMENT_3D ( 'NONE', #484, #1271, #1922 ) ;
#1965 = DIRECTION ( 'NONE',  ( 6.475826433413004759E-07, 0.9999999999997903899, 0.000000000000000000 ) ) ;
#1966 = EDGE_CURVE ( 'NONE', #1371, #1970, #472, .T. ) ;
#1967 = AXIS2_PLACEMENT_3D ( 'NONE', #1992, #1489, #539 ) ;
#1968 = DIRECTION ( 'NONE',  ( 6.982962677686266711E-15, -0.000000000000000000, 1.000000000000000000 ) ) ;
#1969 = VECTOR ( 'NONE', #1168, 1000.000000000000000 ) ;
#1970 = VERTEX_POINT ( 'NONE', #1457 ) ;
#1971 = CARTESIAN_POINT ( 'NONE',  ( 37.92656108372180057, 47.32517565625202138, -5.620000000000000107 ) ) ;
#1972 = FACE_OUTER_BOUND ( 'NONE', #1673, .T. ) ;
#1973 = DIRECTION ( 'NONE',  ( -1.476880973642516934E-16, -1.000000000000000000, 0.000000000000000000 ) ) ;
#1974 = ORIENTED_EDGE ( 'NONE', *, *, #837, .F. ) ;
#1975 = VECTOR ( 'NONE', #846, 1000.000000000000000 ) ;
#1976 = CARTESIAN_POINT ( 'NONE',  ( 47.15757000822213030, 47.99356986567008931, -19.61999999999999744 ) ) ;
#1977 = VERTEX_POINT ( 'NONE', #1447 ) ;
#1978 = VECTOR ( 'NONE', #1348, 1000.000000000000114 ) ;
#1979 = ADVANCED_FACE ( 'NONE', ( #279 ), #606, .F. ) ;
#1980 = DIRECTION ( 'NONE',  ( 0.000000000000000000, 0.000000000000000000, -1.000000000000000000 ) ) ;
#1981 = LINE ( 'NONE', #1678, #1704 ) ;
#1982 = ADVANCED_FACE ( 'NONE', ( #648 ), #1286, .F. ) ;
#1983 = ORIENTED_EDGE ( 'NONE', *, *, #2065, .F. ) ;
#1984 = DIRECTION ( 'NONE',  ( -6.982962677686266711E-15, 0.000000000000000000, -1.000000000000000000 ) ) ;
#1985 = CARTESIAN_POINT ( 'NONE',  ( 40.25967780398600837, -0.2540000081060000414, -19.61999999999999744 ) ) ;
#1986 = ORIENTED_EDGE ( 'NONE', *, *, #654, .F. ) ;
#1987 = FACE_OUTER_BOUND ( 'NONE', #1642, .T. ) ;
#1988 = ORIENTED_EDGE ( 'NONE', *, *, #1918, .T. ) ;
#1989 = CARTESIAN_POINT ( 'NONE',  ( 40.25967780398600837, 2.245999991894002790, -4.620000000000280771 ) ) ;
#1990 = DIRECTION ( 'NONE',  ( -1.000000000000000000, -0.000000000000000000, -0.000000000000000000 ) ) ;
#1991 = ORIENTED_EDGE ( 'NONE', *, *, #237, .F. ) ;
#1992 = CARTESIAN_POINT ( 'NONE',  ( 0.000000000000000000, 0.000000000000000000, 0.000000000000000000 ) ) ;
#1993 = LINE ( 'NONE', #983, #1975 ) ;
#1994 = EDGE_CURVE ( 'NONE', #1120, #407, #1938, .T. ) ;
#1995 = CARTESIAN_POINT ( 'NONE',  ( 5.132437688989093694, 41.44666507051483251, -19.61999999999999744 ) ) ;
#1996 = ORIENTED_EDGE ( 'NONE', *, *, #1028, .T. ) ;
#1997 = CARTESIAN_POINT ( 'NONE',  ( 50.68700103759795894, 7.065999984741000439, -16.62000000000000099 ) ) ;
#1998 = ORIENTED_EDGE ( 'NONE', *, *, #2032, .T. ) ;
#1999 = VECTOR ( 'NONE', #1064, 1000.000000000000000 ) ;
#2000 = DIRECTION ( 'NONE',  ( 0.000000000000000000, 1.000000000000000000, 0.000000000000000000 ) ) ;
#2001 = CARTESIAN_POINT ( 'NONE',  ( 37.92656108372180057, 47.32517565625202138, -4.620000000000000107 ) ) ;
#2002 = VECTOR ( 'NONE', #488, 1000.000000000000000 ) ;
#2003 = VERTEX_POINT ( 'NONE', #1278 ) ;
#2004 = LINE ( 'NONE', #561, #2050 ) ;
#2005 = AXIS2_PLACEMENT_3D ( 'NONE', #549, #1042, #189 ) ;
#2006 = EDGE_CURVE ( 'NONE', #617, #642, #1751, .T. ) ;
#2007 = CARTESIAN_POINT ( 'NONE',  ( 7.005000114440967707, 3.243000000714999942, -19.61999999999999744 ) ) ;
#2008 = ORIENTED_EDGE ( 'NONE', *, *, #1004, .F. ) ;
#2009 = DIRECTION ( 'NONE',  ( 0.000000000000000000, -1.000000000000000000, 0.000000000000000000 ) ) ;
#2010 = EDGE_CURVE ( 'NONE', #366, #955, #429, .T. ) ;
#2011 = DIRECTION ( 'NONE',  ( -0.000000000000000000, -0.000000000000000000, 1.000000000000000000 ) ) ;
#2012 = EDGE_LOOP ( 'NONE', ( #2, #107, #1703, #1207 ) ) ;
#2013 = CARTESIAN_POINT ( 'NONE',  ( 26.44550394349755962, 26.48044654559283373, -5.620000000000000107 ) ) ;
#2014 = PLANE ( 'NONE',  #1734 ) ;
#2015 = ORIENTED_EDGE ( 'NONE', *, *, #47, .T. ) ;
#2016 = PLANE ( 'NONE',  #2081 ) ;
#2017 = FACE_OUTER_BOUND ( 'NONE', #647, .T. ) ;
#2018 = ORIENTED_EDGE ( 'NONE', *, *, #1854, .F. ) ;
#2019 = DIRECTION ( 'NONE',  ( 0.000000000000000000, -1.000000000000000000, 0.000000000000000000 ) ) ;
#2020 = CARTESIAN_POINT ( 'NONE',  ( 48.47760620441503931, 47.24524257867325616, -4.620000000000000107 ) ) ;
#2021 = ORIENTED_EDGE ( 'NONE', *, *, #856, .T. ) ;
#2022 = ADVANCED_FACE ( 'NONE', ( #2072 ), #637, .T. ) ;
#2023 = DIRECTION ( 'NONE',  ( -1.000000000000000000, 0.000000000000000000, 0.000000000000000000 ) ) ;
#2024 = CARTESIAN_POINT ( 'NONE',  ( 25.93609176424992313, 22.51301674386549934, -13.92000000000000171 ) ) ;
#2025 = ORIENTED_EDGE ( 'NONE', *, *, #1059, .F. ) ;
#2026 = PLANE ( 'NONE',  #29 ) ;
#2027 = CARTESIAN_POINT ( 'NONE',  ( 7.005000114440967707, -0.2569999992850000026, -4.620000000000000107 ) ) ;
#2028 = ORIENTED_EDGE ( 'NONE', *, *, #770, .T. ) ;
#2029 = FACE_OUTER_BOUND ( 'NONE', #354, .T. ) ;
#2030 = CARTESIAN_POINT ( 'NONE',  ( 39.19403284612558735, 47.32517565625202138, -1.620000000000274110 ) ) ;
#2031 = ORIENTED_EDGE ( 'NONE', *, *, #1611, .F. ) ;
#2032 = EDGE_CURVE ( 'NONE', #1100, #808, #1129, .T. ) ;
#2033 = DIRECTION ( 'NONE',  ( -1.000000000000000000, 0.000000000000000000, 0.000000000000000000 ) ) ;
#2034 = CARTESIAN_POINT ( 'NONE',  ( 30.44550394349755962, 26.48044654559283373, -13.92000000000000171 ) ) ;
#2035 = ORIENTED_EDGE ( 'NONE', *, *, #1638, .F. ) ;
#2036 = VECTOR ( 'NONE', #42, 1000.000000000000000 ) ;
#2037 = EDGE_CURVE ( 'NONE', #1683, #1782, #1297, .T. ) ;
#2038 = CARTESIAN_POINT ( 'NONE',  ( 7.005000114440967707, -0.2569999992850000026, -4.620000000000000107 ) ) ;
#2039 = CIRCLE ( 'NONE', #667, 13.99999999999999822 ) ;
#2040 = AXIS2_PLACEMENT_3D ( 'NONE', #482, #1920, #804 ) ;
#2041 = DIRECTION ( 'NONE',  ( -0.000000000000000000, -0.000000000000000000, 1.000000000000000000 ) ) ;
#2042 = ORIENTED_EDGE ( 'NONE', *, *, #1565, .T. ) ;
#2043 = AXIS2_PLACEMENT_3D ( 'NONE', #1079, #589, #750 ) ;
#2044 = FACE_OUTER_BOUND ( 'NONE', #1270, .T. ) ;
#2045 = CARTESIAN_POINT ( 'NONE',  ( 41.44550394349763422, 26.48044654559283373, -5.620000000000289653 ) ) ;
#2046 = ORIENTED_EDGE ( 'NONE', *, *, #1798, .T. ) ;
#2047 = DIRECTION ( 'NONE',  ( -0.9999999976286573222, -6.886715686364837591E-05, 6.978795277345974301E-15 ) ) ;
#2048 = AXIS2_PLACEMENT_3D ( 'NONE', #1715, #571, #266 ) ;
#2049 = CARTESIAN_POINT ( 'NONE',  ( 54.87887073153290629, 7.065999984741000439, -4.620000000000000107 ) ) ;
#2050 = VECTOR ( 'NONE', #1881, 1000.000000000000000 ) ;
#2051 = DIRECTION ( 'NONE',  ( 1.000000000000000000, 0.000000000000000000, 0.000000000000000000 ) ) ;
#2052 = AXIS2_PLACEMENT_3D ( 'NONE', #1213, #1415, #733 ) ;
#2053 = EDGE_CURVE ( 'NONE', #850, #1503, #774, .T. ) ;
#2054 = DIRECTION ( 'NONE',  ( -1.000000000000000000, -0.000000000000000000, -0.000000000000000000 ) ) ;
#2055 = ORIENTED_EDGE ( 'NONE', *, *, #576, .F. ) ;
#2056 = AXIS2_PLACEMENT_3D ( 'NONE', #799, #842, #1497 ) ;
#2057 = CARTESIAN_POINT ( 'NONE',  ( 57.88700103759796889, 47.24524257867325616, -4.620000000000000107 ) ) ;
#2058 = LINE ( 'NONE', #727, #186 ) ;
#2059 = ORIENTED_EDGE ( 'NONE', *, *, #267, .F. ) ;
#2060 = DIRECTION ( 'NONE',  ( 0.000000000000000000, -1.000000000000000000, 0.000000000000000000 ) ) ;
#2061 = FACE_OUTER_BOUND ( 'NONE', #1169, .T. ) ;
#2062 = CARTESIAN_POINT ( 'NONE',  ( 50.56700134277296144, 2.245999991894000125, -4.620000000000000107 ) ) ;
#2063 = CARTESIAN_POINT ( 'NONE',  ( 57.88700103759796889, 55.24524257867325616, -4.620000000000404228 ) ) ;
#2064 = ORIENTED_EDGE ( 'NONE', *, *, #1329, .T. ) ;
#2065 = EDGE_CURVE ( 'NONE', #481, #1305, #1186, .T. ) ;
#2066 = CYLINDRICAL_SURFACE ( 'NONE', #1314, 23.79742433024752302 ) ;
#2067 = ORIENTED_EDGE ( 'NONE', *, *, #411, .F. ) ;
#2068 = CARTESIAN_POINT ( 'NONE',  ( 48.62819712842205178, 14.82442925476643758, -4.620000000000000107 ) ) ;
#2069 = CARTESIAN_POINT ( 'NONE',  ( 50.68700103759798736, 45.06599998474099777, -1.620000000000353824 ) ) ;
#2070 = LINE ( 'NONE', #1749, #1914 ) ;
#2071 = AXIS2_PLACEMENT_3D ( 'NONE', #350, #38, #1661 ) ;
#2072 = FACE_OUTER_BOUND ( 'NONE', #371, .T. ) ;
#2073 = VERTEX_POINT ( 'NONE', #2098 ) ;
#2074 = LINE ( 'NONE', #1412, #851 ) ;
#2075 = VERTEX_POINT ( 'NONE', #1116 ) ;
#2076 = EDGE_CURVE ( 'NONE', #1027, #1092, #981, .T. ) ;
#2077 = ORIENTED_EDGE ( 'NONE', *, *, #1565, .F. ) ;
#2078 = DIRECTION ( 'NONE',  ( -1.000000000000000000, 0.000000000000000000, 0.000000000000000000 ) ) ;
#2079 = DIRECTION ( 'NONE',  ( 0.000000000000000000, -1.000000000000000000, 0.000000000000000000 ) ) ;
#2080 = EDGE_LOOP ( 'NONE', ( #859, #1231, #1866, #92 ) ) ;
#2081 = AXIS2_PLACEMENT_3D ( 'NONE', #1193, #1533, #1033 ) ;
#2082 = PLANE ( 'NONE',  #1964 ) ;
#2083 = EDGE_LOOP ( 'NONE', ( #382, #491, #779, #477 ) ) ;
#2084 = VECTOR ( 'NONE', #1056, 1000.000000000000000 ) ;
#2085 = VERTEX_POINT ( 'NONE', #1772 ) ;
#2086 = LINE ( 'NONE', #1917, #872 ) ;
#2087 = EDGE_CURVE ( 'NONE', #1386, #205, #299, .T. ) ;
#2088 = CARTESIAN_POINT ( 'NONE',  ( 25.93609176424992313, 26.48044654559283373, -13.92000000000000171 ) ) ;
#2089 = DIRECTION ( 'NONE',  ( 1.000000000000000000, 0.000000000000000000, 0.000000000000000000 ) ) ;
#2090 = ORIENTED_EDGE ( 'NONE', *, *, #1445, .F. ) ;
#2091 = CARTESIAN_POINT ( 'NONE',  ( -0.2540101100096064379, 41.44666507051483251, -19.61999999999999744 ) ) ;
#2092 = ORIENTED_EDGE ( 'NONE', *, *, #977, .F. ) ;
#2093 = ORIENTED_EDGE ( 'NONE', *, *, #173, .T. ) ;
#2094 = CARTESIAN_POINT ( 'NONE',  ( 7.005000114440999681, -0.2569999992850000026, -1.620000000000049178 ) ) ;
#2095 = ADVANCED_FACE ( 'NONE', ( #1605 ), #142, .F. ) ;
#2096 = CARTESIAN_POINT ( 'NONE',  ( 11.50405544490007337, 25.15639338814063564, -5.620000000000080931 ) ) ;
#2097 = EDGE_CURVE ( 'NONE', #228, #1529, #970, .T. ) ;
#2098 = CARTESIAN_POINT ( 'NONE',  ( 48.62819712842205178, 5.381323318584004589, -4.620000000000000107 ) ) ;
#2099 = ORIENTED_EDGE ( 'NONE', *, *, #1762, .F. ) ;
#2100 = CARTESIAN_POINT ( 'NONE',  ( 49.19631975571159899, 26.48044654559283373, -4.620000000000000107 ) ) ;
#2101 = ORIENTED_EDGE ( 'NONE', *, *, #2087, .F. ) ;
#2102 = AXIS2_PLACEMENT_3D ( 'NONE', #933, #1574, #108 ) ;
#2103 = AXIS2_PLACEMENT_3D ( 'NONE', #1848, #1826, #1502 ) ;
#2104 = VECTOR ( 'NONE', #2054, 1000.000000000000000 ) ;
#2105 = EDGE_LOOP ( 'NONE', ( #1983, #630, #216, #45 ) ) ;
#2106 = CARTESIAN_POINT ( 'NONE',  ( 57.88700103759799021, 47.24524257867325616, -1.620000000000404006 ) ) ;
#2107 = CARTESIAN_POINT ( 'NONE',  ( 30.44550394349755962, 26.48044654559283373, -13.92000000000000171 ) ) ;
#2108 = ADVANCED_FACE ( 'NONE', ( #1418 ), #1002, .F. ) ;
#2109 = CARTESIAN_POINT ( 'NONE',  ( 26.44550394349755962, 26.48044654559283373, -5.620000000000000107 ) ) ;
#2110 = CARTESIAN_POINT ( 'NONE',  ( 39.19403284612558735, 55.22990032368964108, -1.620000000000274110 ) ) ;
#2111 = EDGE_CURVE ( 'NONE', #1070, #1078, #1646, .T. ) ;
#2112 = CARTESIAN_POINT ( 'NONE',  ( 48.47760620441503931, 39.78639408645565823, -16.62000000000000099 ) ) ;
#2113 = ORIENTED_EDGE ( 'NONE', *, *, #1886, .T. ) ;
#2114 = EDGE_LOOP ( 'NONE', ( #466, #1226 ) ) ;
#2115 = FACE_OUTER_BOUND ( 'NONE', #263, .T. ) ;
#2116 = AXIS2_PLACEMENT_3D ( 'NONE', #457, #1114, #256 ) ;
ENDSEC;
END-ISO-10303-21;
