ISO-10303-21;
HEADER;
FILE_DESCRIPTION (( 'STEP AP214' ),
    '1' );
FILE_NAME ('support1.STEP',
    '2024-05-21T06:03:07',
    ( '' ),
    ( '' ),
    'SwSTEP 2.0',
    'SolidWorks 2023',
    '' );
FILE_SCHEMA (( 'AUTOMOTIVE_DESIGN' ));
ENDSEC;

DATA;
#1 = CARTESIAN_POINT ( 'NONE',  ( 56.29523096000704641, 64.84199890136908095, 4.500000000000000888 ) ) ;
#2 = DIRECTION ( 'NONE',  ( 1.000000000000000000, 0.000000000000000000, -0.000000000000000000 ) ) ;
#3 = ADVANCED_FACE ( 'NONE', ( #625 ), #1981, .F. ) ;
#4 = CYLINDRICAL_SURFACE ( 'NONE', #1213, 4.899999999999391065 ) ;
#5 = CARTESIAN_POINT ( 'NONE',  ( 50.54600143432600845, 70.00199890136907754, 0.000000000000000000 ) ) ;
#6 = CARTESIAN_POINT ( 'NONE',  ( -0.01278441909939784585, 56.81649478397233111, 3.000000000000000000 ) ) ;
#7 = VERTEX_POINT ( 'NONE', #163 ) ;
#8 = EDGE_LOOP ( 'NONE', ( #1916, #1967, #166, #1408 ) ) ;
#9 = LINE ( 'NONE', #715, #1038 ) ;
#10 = DIRECTION ( 'NONE',  ( -0.7914391044801348807, 0.6112480215916303861, 0.000000000000000000 ) ) ;
#11 = CYLINDRICAL_SURFACE ( 'NONE', #1940, 4.330697054907822974 ) ;
#12 = AXIS2_PLACEMENT_3D ( 'NONE', #1956, #1323, #628 ) ;
#13 = CIRCLE ( 'NONE', #1698, 1.728353813270931738 ) ;
#14 = AXIS2_PLACEMENT_3D ( 'NONE', #333, #1004, #1671 ) ;
#15 = CARTESIAN_POINT ( 'NONE',  ( 51.39523096000765889, 64.84199890136908095, 0.000000000000000000 ) ) ;
#16 = AXIS2_PLACEMENT_3D ( 'NONE', #1682, #1974, #1987 ) ;
#17 = ADVANCED_FACE ( 'NONE', ( #830 ), #1296, .F. ) ;
#18 = ADVANCED_FACE ( 'NONE', ( #291 ), #461, .F. ) ;
#19 = LINE ( 'NONE', #1358, #2163 ) ;
#20 = DIRECTION ( 'NONE',  ( 0.000000000000000000, 0.000000000000000000, -1.000000000000000000 ) ) ;
#21 = ORIENTED_EDGE ( 'NONE', *, *, #767, .T. ) ;
#22 = EDGE_CURVE ( 'NONE', #1415, #1336, #850, .T. ) ;
#23 = ORIENTED_EDGE ( 'NONE', *, *, #1866, .T. ) ;
#24 = DIRECTION ( 'NONE',  ( 1.000000000000000000, 0.000000000000000000, 0.000000000000000000 ) ) ;
#25 = CARTESIAN_POINT ( 'NONE',  ( 2.801713482391106957, 56.81649478397233111, 3.000000000000000000 ) ) ;
#26 = FACE_OUTER_BOUND ( 'NONE', #1324, .T. ) ;
#27 = CARTESIAN_POINT ( 'NONE',  ( 29.17142463048350010, 36.41303385995264819, -3.000000000000000000 ) ) ;
#28 = FACE_OUTER_BOUND ( 'NONE', #953, .T. ) ;
#29 = DIRECTION ( 'NONE',  ( -0.000000000000000000, 1.000000000000000000, -0.000000000000000000 ) ) ;
#30 = DIRECTION ( 'NONE',  ( -0.000000000000000000, -0.000000000000000000, 1.000000000000000000 ) ) ;
#31 = EDGE_CURVE ( 'NONE', #1949, #832, #1490, .T. ) ;
#32 = DIRECTION ( 'NONE',  ( 0.000000000000000000, -1.000000000000000000, 0.000000000000000000 ) ) ;
#33 = ORIENTED_EDGE ( 'NONE', *, *, #315, .T. ) ;
#34 = AXIS2_PLACEMENT_3D ( 'NONE', #1226, #1891, #1900 ) ;
#35 = EDGE_CURVE ( 'NONE', #1588, #486, #1938, .T. ) ;
#36 = ORIENTED_EDGE ( 'NONE', *, *, #959, .F. ) ;
#37 = CARTESIAN_POINT ( 'NONE',  ( 34.97599999999999909, 67.89399999999999125, -3.000000000000000000 ) ) ;
#38 = CARTESIAN_POINT ( 'NONE',  ( 34.97599999999999909, 67.79673737589244809, -3.000000000000000000 ) ) ;
#39 = DIRECTION ( 'NONE',  ( -1.000000000000000000, 3.283659891533087957E-14, 0.000000000000000000 ) ) ;
#40 = LINE ( 'NONE', #526, #600 ) ;
#41 = ORIENTED_EDGE ( 'NONE', *, *, #1722, .F. ) ;
#42 = LINE ( 'NONE', #1190, #587 ) ;
#43 = LINE ( 'NONE', #1203, #224 ) ;
#44 = VERTEX_POINT ( 'NONE', #1834 ) ;
#45 = ADVANCED_FACE ( 'NONE', ( #516 ), #4, .T. ) ;
#46 = DIRECTION ( 'NONE',  ( 0.000000000000000000, 0.000000000000000000, 1.000000000000000000 ) ) ;
#47 = ADVANCED_FACE ( 'NONE', ( #28 ), #196, .T. ) ;
#48 = CARTESIAN_POINT ( 'NONE',  ( 48.71042342266195391, 2.401465347587071530, -3.000000000000000000 ) ) ;
#49 = DIRECTION ( 'NONE',  ( 0.0001250508168815968747, 0.9999999921811464354, 0.000000000000000000 ) ) ;
#50 = ORIENTED_EDGE ( 'NONE', *, *, #1639, .F. ) ;
#51 = CIRCLE ( 'NONE', #253, 5.553607427576920053 ) ;
#52 = AXIS2_PLACEMENT_3D ( 'NONE', #1884, #747, #1230 ) ;
#53 = DIRECTION ( 'NONE',  ( -0.000000000000000000, 1.000000000000000000, -0.000000000000000000 ) ) ;
#54 = DIRECTION ( 'NONE',  ( -0.000000000000000000, -0.000000000000000000, 1.000000000000000000 ) ) ;
#55 = AXIS2_PLACEMENT_3D ( 'NONE', #1648, #183, #1694 ) ;
#56 = VECTOR ( 'NONE', #1394, 1000.000000000000000 ) ;
#57 = VECTOR ( 'NONE', #1544, 1000.000000000000000 ) ;
#58 = ORIENTED_EDGE ( 'NONE', *, *, #72, .F. ) ;
#59 = DIRECTION ( 'NONE',  ( -0.000000000000000000, -0.000000000000000000, 1.000000000000000000 ) ) ;
#60 = CARTESIAN_POINT ( 'NONE',  ( 47.01002342266195910, 2.401465347587071530, -3.000000000000000000 ) ) ;
#61 = ORIENTED_EDGE ( 'NONE', *, *, #2155, .F. ) ;
#62 = ADVANCED_FACE ( 'NONE', ( #694 ), #2032, .T. ) ;
#63 = DIRECTION ( 'NONE',  ( -0.000000000000000000, -0.000000000000000000, 1.000000000000000000 ) ) ;
#64 = LINE ( 'NONE', #2033, #275 ) ;
#65 = ORIENTED_EDGE ( 'NONE', *, *, #1315, .T. ) ;
#66 = ORIENTED_EDGE ( 'NONE', *, *, #394, .F. ) ;
#67 = DIRECTION ( 'NONE',  ( 0.000000000000000000, 0.000000000000000000, 1.000000000000000000 ) ) ;
#68 = ORIENTED_EDGE ( 'NONE', *, *, #234, .F. ) ;
#69 = DIRECTION ( 'NONE',  ( -1.000000000000000000, -0.000000000000000000, -0.000000000000000000 ) ) ;
#70 = ORIENTED_EDGE ( 'NONE', *, *, #646, .F. ) ;
#71 = CARTESIAN_POINT ( 'NONE',  ( 34.97599999999999909, 67.89399999999999125, 0.000000000000000000 ) ) ;
#72 = EDGE_CURVE ( 'NONE', #1643, #134, #494, .T. ) ;
#73 = DIRECTION ( 'NONE',  ( 0.000000000000000000, 0.000000000000000000, 1.000000000000000000 ) ) ;
#74 = EDGE_LOOP ( 'NONE', ( #755, #1155, #1666, #1333 ) ) ;
#75 = DIRECTION ( 'NONE',  ( 5.478074134663601247E-16, -1.000000000000000000, 0.000000000000000000 ) ) ;
#76 = ORIENTED_EDGE ( 'NONE', *, *, #686, .T. ) ;
#77 = ORIENTED_EDGE ( 'NONE', *, *, #1150, .T. ) ;
#78 = ORIENTED_EDGE ( 'NONE', *, *, #475, .F. ) ;
#79 = CARTESIAN_POINT ( 'NONE',  ( 20.76737240559561926, 12.12795355502193040, 3.000000000000000000 ) ) ;
#80 = DIRECTION ( 'NONE',  ( 0.000000000000000000, 0.000000000000000000, 1.000000000000000000 ) ) ;
#81 = EDGE_LOOP ( 'NONE', ( #674, #1019, #1749, #345 ) ) ;
#82 = EDGE_CURVE ( 'NONE', #1448, #1838, #1423, .T. ) ;
#83 = VECTOR ( 'NONE', #1845, 1000.000000000000000 ) ;
#84 = EDGE_CURVE ( 'NONE', #1838, #177, #669, .T. ) ;
#85 = VECTOR ( 'NONE', #1418, 1000.000000000000000 ) ;
#86 = AXIS2_PLACEMENT_3D ( 'NONE', #860, #2030, #179 ) ;
#87 = VERTEX_POINT ( 'NONE', #1173 ) ;
#88 = ADVANCED_FACE ( 'NONE', ( #1843 ), #1015, .F. ) ;
#89 = ORIENTED_EDGE ( 'NONE', *, *, #744, .T. ) ;
#90 = ORIENTED_EDGE ( 'NONE', *, *, #1051, .F. ) ;
#91 = CARTESIAN_POINT ( 'NONE',  ( 8.360619662391107099, 70.00199763233040073, 0.000000000000000000 ) ) ;
#92 = CIRCLE ( 'NONE', #1174, 1.549999999999385203 ) ;
#93 = ORIENTED_EDGE ( 'NONE', *, *, #1669, .F. ) ;
#94 = FACE_BOUND ( 'NONE', #143, .T. ) ;
#95 = ORIENTED_EDGE ( 'NONE', *, *, #110, .F. ) ;
#96 = FACE_OUTER_BOUND ( 'NONE', #2120, .T. ) ;
#97 = EDGE_CURVE ( 'NONE', #445, #1815, #647, .T. ) ;
#98 = VERTEX_POINT ( 'NONE', #813 ) ;
#99 = VERTEX_POINT ( 'NONE', #482 ) ;
#100 = CARTESIAN_POINT ( 'NONE',  ( 40.14029118908624838, 65.83635289751050834, 0.000000000000000000 ) ) ;
#101 = DIRECTION ( 'NONE',  ( 1.000000000000000000, 0.000000000000000000, 0.000000000000000000 ) ) ;
#102 = PLANE ( 'NONE',  #347 ) ;
#103 = CARTESIAN_POINT ( 'NONE',  ( 2.007000000000000117, 11.75999999999999979, -3.000000000000000000 ) ) ;
#104 = VERTEX_POINT ( 'NONE', #1123 ) ;
#105 = CARTESIAN_POINT ( 'NONE',  ( 0.000000000000000000, 0.000000000000000000, 0.000000000000000000 ) ) ;
#106 = CARTESIAN_POINT ( 'NONE',  ( 2.801713482391106957, 57.99960780504349600, 17.50000000000000000 ) ) ;
#107 = ORIENTED_EDGE ( 'NONE', *, *, #767, .F. ) ;
#108 = CARTESIAN_POINT ( 'NONE',  ( 29.17142463048350010, 36.41303385995264819, -3.000000000000000000 ) ) ;
#109 = ORIENTED_EDGE ( 'NONE', *, *, #2054, .T. ) ;
#110 = EDGE_CURVE ( 'NONE', #568, #1415, #1316, .T. ) ;
#111 = DIRECTION ( 'NONE',  ( 0.000000000000000000, 0.000000000000000000, 1.000000000000000000 ) ) ;
#112 = CARTESIAN_POINT ( 'NONE',  ( 46.49523096000826428, 64.84199890136908095, 4.500000000000000888 ) ) ;
#113 = CARTESIAN_POINT ( 'NONE',  ( 20.76737240559561926, 12.12795355502193040, 3.000000000000000000 ) ) ;
#114 = DIRECTION ( 'NONE',  ( 0.0001250508168815968747, 0.9999999921811464354, 0.000000000000000000 ) ) ;
#115 = ORIENTED_EDGE ( 'NONE', *, *, #1315, .F. ) ;
#116 = VECTOR ( 'NONE', #863, 1000.000000000000000 ) ;
#117 = CARTESIAN_POINT ( 'NONE',  ( 28.88521634381089243, 12.12795355502193040, 3.000000000000000000 ) ) ;
#118 = ORIENTED_EDGE ( 'NONE', *, *, #1804, .T. ) ;
#119 = LINE ( 'NONE', #768, #332 ) ;
#120 = AXIS2_PLACEMENT_3D ( 'NONE', #108, #789, #1462 ) ;
#121 = CIRCLE ( 'NONE', #1904, 1.699999999999389555 ) ;
#122 = VERTEX_POINT ( 'NONE', #621 ) ;
#123 = AXIS2_PLACEMENT_3D ( 'NONE', #1672, #173, #1512 ) ;
#124 = DIRECTION ( 'NONE',  ( 1.000000000000000000, 0.000000000000000000, 0.000000000000000000 ) ) ;
#125 = DIRECTION ( 'NONE',  ( -0.000000000000000000, -0.000000000000000000, 1.000000000000000000 ) ) ;
#126 = CARTESIAN_POINT ( 'NONE',  ( 50.46278976710299702, 45.32000000000206796, 3.000000000000000000 ) ) ;
#127 = FACE_OUTER_BOUND ( 'NONE', #931, .T. ) ;
#128 = EDGE_CURVE ( 'NONE', #878, #1545, #1350, .T. ) ;
#129 = ORIENTED_EDGE ( 'NONE', *, *, #1184, .F. ) ;
#130 = DIRECTION ( 'NONE',  ( 1.000000000000000000, 0.000000000000000000, 0.000000000000000000 ) ) ;
#131 = CARTESIAN_POINT ( 'NONE',  ( 8.360619662391107099, 63.38859499956932098, 3.000000000000000000 ) ) ;
#132 = ORIENTED_EDGE ( 'NONE', *, *, #198, .F. ) ;
#133 = CARTESIAN_POINT ( 'NONE',  ( 34.97599999999999909, 67.79673737589244809, -3.000000000000000000 ) ) ;
#134 = VERTEX_POINT ( 'NONE', #826 ) ;
#135 = CARTESIAN_POINT ( 'NONE',  ( 2.801713482391107846, 51.24900787648735445, 17.50000000000000000 ) ) ;
#136 = DIRECTION ( 'NONE',  ( 1.000000000000000000, 0.000000000000000000, 0.000000000000000000 ) ) ;
#137 = VECTOR ( 'NONE', #1322, 1000.000000000000000 ) ;
#138 = CARTESIAN_POINT ( 'NONE',  ( 34.97599999999999909, 67.89399999999999125, 0.000000000000000000 ) ) ;
#139 = VERTEX_POINT ( 'NONE', #791 ) ;
#140 = ADVANCED_FACE ( 'NONE', ( #655, #961, #2132, #1328 ), #1292, .T. ) ;
#141 = CYLINDRICAL_SURFACE ( 'NONE', #1208, 1.704240931004555648 ) ;
#142 = DIRECTION ( 'NONE',  ( 6.806627791756434039E-16, 1.000000000000000000, 0.000000000000000000 ) ) ;
#143 = EDGE_LOOP ( 'NONE', ( #2125, #1873 ) ) ;
#144 = ORIENTED_EDGE ( 'NONE', *, *, #934, .T. ) ;
#145 = LINE ( 'NONE', #1996, #258 ) ;
#146 = CARTESIAN_POINT ( 'NONE',  ( 53.09523096000704356, 64.84199890136908095, 0.000000000000000000 ) ) ;
#147 = CARTESIAN_POINT ( 'NONE',  ( 16.79783914143555634, 15.19372240650392847, 0.000000000000000000 ) ) ;
#148 = CARTESIAN_POINT ( 'NONE',  ( 40.90698424227282715, 58.15736828445517403, 0.000000000000000000 ) ) ;
#149 = ORIENTED_EDGE ( 'NONE', *, *, #1236, .T. ) ;
#150 = DIRECTION ( 'NONE',  ( 1.000000000000000000, 0.000000000000000000, 0.000000000000000000 ) ) ;
#151 = EDGE_CURVE ( 'NONE', #825, #549, #145, .T. ) ;
#152 = EDGE_CURVE ( 'NONE', #1466, #923, #261, .T. ) ;
#153 = ORIENTED_EDGE ( 'NONE', *, *, #1122, .T. ) ;
#154 = UNCERTAINTY_MEASURE_WITH_UNIT (LENGTH_MEASURE( 1.000000000000000082E-05 ), #944, 'distance_accuracy_value', 'NONE');
#155 = VECTOR ( 'NONE', #301, 1000.000000000000000 ) ;
#156 = EDGE_CURVE ( 'NONE', #1135, #1002, #1872, .T. ) ;
#157 = ORIENTED_EDGE ( 'NONE', *, *, #1796, .T. ) ;
#158 = DIRECTION ( 'NONE',  ( 0.000000000000000000, 0.000000000000000000, 1.000000000000000000 ) ) ;
#159 = DIRECTION ( 'NONE',  ( 1.000000000000000000, 0.000000000000000000, 0.000000000000000000 ) ) ;
#160 = CARTESIAN_POINT ( 'NONE',  ( 26.46541858999999874, 26.46809974185707759, 0.000000000000000000 ) ) ;
#161 = VECTOR ( 'NONE', #597, 1000.000000000000000 ) ;
#162 = VECTOR ( 'NONE', #805, 1000.000000000000000 ) ;
#163 = CARTESIAN_POINT ( 'NONE',  ( 40.14029118908624127, 55.64203330755000110, 0.000000000000000000 ) ) ;
#164 = DIRECTION ( 'NONE',  ( 0.000000000000000000, 0.000000000000000000, 1.000000000000000000 ) ) ;
#165 = CARTESIAN_POINT ( 'NONE',  ( 26.46541858999999874, 26.46809974185707759, 0.000000000000000000 ) ) ;
#166 = ORIENTED_EDGE ( 'NONE', *, *, #1110, .T. ) ;
#167 = ADVANCED_FACE ( 'NONE', ( #1961 ), #457, .F. ) ;
#168 = ORIENTED_EDGE ( 'NONE', *, *, #1262, .T. ) ;
#169 = EDGE_CURVE ( 'NONE', #651, #1069, #299, .T. ) ;
#170 = DIRECTION ( 'NONE',  ( 0.000000000000000000, 0.000000000000000000, 1.000000000000000000 ) ) ;
#171 = CARTESIAN_POINT ( 'NONE',  ( 40.14029118908624127, 55.64203330755000110, 3.000000000000000000 ) ) ;
#172 = DIRECTION ( 'NONE',  ( -1.000000000000000000, 0.000000000000000000, 0.000000000000000000 ) ) ;
#173 = DIRECTION ( 'NONE',  ( 0.000000000000000000, 0.000000000000000000, 1.000000000000000000 ) ) ;
#174 = DIRECTION ( 'NONE',  ( -0.000000000000000000, -0.000000000000000000, -1.000000000000000000 ) ) ;
#175 = CARTESIAN_POINT ( 'NONE',  ( 57.66278976710300697, 45.32000000000206796, 0.000000000000000000 ) ) ;
#176 = ORIENTED_EDGE ( 'NONE', *, *, #84, .T. ) ;
#177 = VERTEX_POINT ( 'NONE', #1136 ) ;
#178 = CYLINDRICAL_SURFACE ( 'NONE', #1979, 1.700399999999997691 ) ;
#179 = DIRECTION ( 'NONE',  ( 0.005275549562206515754, 0.9999860841915835241, 0.000000000000000000 ) ) ;
#180 = FACE_OUTER_BOUND ( 'NONE', #1702, .T. ) ;
#181 = VERTEX_POINT ( 'NONE', #1811 ) ;
#182 = ADVANCED_FACE ( 'NONE', ( #1055 ), #178, .T. ) ;
#183 = DIRECTION ( 'NONE',  ( 1.000000000000000000, 0.000000000000000000, -0.000000000000000000 ) ) ;
#184 = DIRECTION ( 'NONE',  ( 0.000000000000000000, 0.000000000000000000, 1.000000000000000000 ) ) ;
#185 = FACE_OUTER_BOUND ( 'NONE', #2111, .T. ) ;
#186 = DIRECTION ( 'NONE',  ( -0.000000000000000000, -0.000000000000000000, -1.000000000000000000 ) ) ;
#187 = ORIENTED_EDGE ( 'NONE', *, *, #1574, .F. ) ;
#188 = ORIENTED_EDGE ( 'NONE', *, *, #911, .F. ) ;
#189 = CARTESIAN_POINT ( 'NONE',  ( 48.71042342266195391, 2.401465347587071530, 0.000000000000000000 ) ) ;
#190 = DIRECTION ( 'NONE',  ( -0.000000000000000000, -0.000000000000000000, -1.000000000000000000 ) ) ;
#191 = DIRECTION ( 'NONE',  ( 1.000000000000000000, 0.000000000000000000, 0.000000000000000000 ) ) ;
#192 = CARTESIAN_POINT ( 'NONE',  ( 9.235357893426790810, 70.00199763233040073, 10.75943138354336348 ) ) ;
#193 = VECTOR ( 'NONE', #1050, 1000.000000000000114 ) ;
#194 = AXIS2_PLACEMENT_3D ( 'NONE', #1561, #46, #917 ) ;
#195 = AXIS2_PLACEMENT_3D ( 'NONE', #450, #1305, #635 ) ;
#196 = CYLINDRICAL_SURFACE ( 'NONE', #1493, 1.728353813270931738 ) ;
#197 = VECTOR ( 'NONE', #895, 1000.000000000000000 ) ;
#198 = EDGE_CURVE ( 'NONE', #1723, #1643, #335, .T. ) ;
#199 = CARTESIAN_POINT ( 'NONE',  ( 2.801713482391107846, 51.24900787648735445, 2.999999999999999112 ) ) ;
#200 = DIRECTION ( 'NONE',  ( 1.000000000000000000, 0.000000000000000000, 0.000000000000000000 ) ) ;
#201 = VERTEX_POINT ( 'NONE', #846 ) ;
#202 = ORIENTED_EDGE ( 'NONE', *, *, #1908, .F. ) ;
#203 = CARTESIAN_POINT ( 'NONE',  ( 49.69523096000826712, 64.84199890136908095, 5.000000000000000000 ) ) ;
#204 = DIRECTION ( 'NONE',  ( -0.0001504324946375646982, -0.9999999886850322595, -0.000000000000000000 ) ) ;
#205 = PLANE ( 'NONE',  #753 ) ;
#206 = FACE_BOUND ( 'NONE', #1102, .T. ) ;
#207 = DIRECTION ( 'NONE',  ( -1.000000000000000000, 0.000000000000000000, 0.000000000000000000 ) ) ;
#208 = CARTESIAN_POINT ( 'NONE',  ( 3.711240931004555765, 11.75999999999999979, -3.000000000000000000 ) ) ;
#209 = ORIENTED_EDGE ( 'NONE', *, *, #933, .F. ) ;
#210 = EDGE_CURVE ( 'NONE', #1901, #1281, #548, .T. ) ;
#211 = VERTEX_POINT ( 'NONE', #704 ) ;
#212 = CARTESIAN_POINT ( 'NONE',  ( 50.46278976710299702, 45.32000000000206796, 0.000000000000000000 ) ) ;
#213 = DIRECTION ( 'NONE',  ( 1.000000000000000000, 0.000000000000000000, 0.000000000000000000 ) ) ;
#214 = DIRECTION ( 'NONE',  ( -0.000000000000000000, -0.000000000000000000, 1.000000000000000000 ) ) ;
#215 = DIRECTION ( 'NONE',  ( 0.000000000000000000, 0.000000000000000000, 1.000000000000000000 ) ) ;
#216 = LINE ( 'NONE', #722, #56 ) ;
#217 = CARTESIAN_POINT ( 'NONE',  ( 26.46541858999999874, 26.46809974185707759, 3.000000000000000000 ) ) ;
#218 = ORIENTED_EDGE ( 'NONE', *, *, #1943, .F. ) ;
#219 = LINE ( 'NONE', #380, #969 ) ;
#220 = CARTESIAN_POINT ( 'NONE',  ( 7.086999893188005828, 2.066103184341716655E-12, 0.000000000000000000 ) ) ;
#221 = LINE ( 'NONE', #1604, #2107 ) ;
#222 = ORIENTED_EDGE ( 'NONE', *, *, #270, .T. ) ;
#223 = VECTOR ( 'NONE', #2145, 1000.000000000000000 ) ;
#224 = VECTOR ( 'NONE', #1868, 1000.000000000000000 ) ;
#225 = CARTESIAN_POINT ( 'NONE',  ( 34.97599999999999909, 67.89399999999999125, -3.000000000000000000 ) ) ;
#226 = AXIS2_PLACEMENT_3D ( 'NONE', #1365, #1171, #191 ) ;
#227 = CARTESIAN_POINT ( 'NONE',  ( 40.90698424227282715, 58.15736828445517403, 3.000000000000000000 ) ) ;
#228 = ORIENTED_EDGE ( 'NONE', *, *, #631, .T. ) ;
#229 = AXIS2_PLACEMENT_3D ( 'NONE', #25, #1886, #389 ) ;
#230 = ORIENTED_EDGE ( 'NONE', *, *, #1880, .F. ) ;
#231 = DIRECTION ( 'NONE',  ( 1.000000000000000000, 0.000000000000000000, 0.000000000000000000 ) ) ;
#232 = CARTESIAN_POINT ( 'NONE',  ( 8.360619662391107099, 63.38859499956932098, 16.24371697847750085 ) ) ;
#233 = EDGE_LOOP ( 'NONE', ( #1248, #1984 ) ) ;
#234 = EDGE_CURVE ( 'NONE', #99, #1895, #358, .T. ) ;
#235 = CIRCLE ( 'NONE', #511, 4.330697054907822974 ) ;
#236 = FACE_OUTER_BOUND ( 'NONE', #331, .T. ) ;
#237 = ORIENTED_EDGE ( 'NONE', *, *, #241, .T. ) ;
#238 = ORIENTED_EDGE ( 'NONE', *, *, #1026, .T. ) ;
#239 = DIRECTION ( 'NONE',  ( 0.7179950999952804391, 0.6960481566549596710, 0.000000000000000000 ) ) ;
#240 = EDGE_LOOP ( 'NONE', ( #585, #1776 ) ) ;
#241 = EDGE_CURVE ( 'NONE', #1629, #861, #2019, .T. ) ;
#242 = EDGE_CURVE ( 'NONE', #1838, #1237, #1860, .T. ) ;
#243 = CARTESIAN_POINT ( 'NONE',  ( 15.59263410239110570, 55.64203330755000110, 3.000000000000000000 ) ) ;
#244 = CARTESIAN_POINT ( 'NONE',  ( -0.001771158736908866067, 15.19372240650448092, 0.000000000000000000 ) ) ;
#245 = CARTESIAN_POINT ( 'NONE',  ( 8.360619662391107099, 70.00199763233040073, 0.000000000000000000 ) ) ;
#246 = EDGE_CURVE ( 'NONE', #1764, #424, #219, .T. ) ;
#247 = ORIENTED_EDGE ( 'NONE', *, *, #1943, .T. ) ;
#248 = CARTESIAN_POINT ( 'NONE',  ( 50.46278976710299702, 45.32000000000206796, 0.000000000000000000 ) ) ;
#249 = ORIENTED_EDGE ( 'NONE', *, *, #1330, .T. ) ;
#250 = FILL_AREA_STYLE_COLOUR ( '', #1869 ) ;
#251 = VERTEX_POINT ( 'NONE', #1542 ) ;
#252 = ORIENTED_EDGE ( 'NONE', *, *, #823, .F. ) ;
#253 = AXIS2_PLACEMENT_3D ( 'NONE', #192, #1331, #2031 ) ;
#254 = LINE ( 'NONE', #1264, #1044 ) ;
#255 = EDGE_LOOP ( 'NONE', ( #596, #896 ) ) ;
#256 = CIRCLE ( 'NONE', #1270, 2.499999999999995115 ) ;
#257 = EDGE_CURVE ( 'NONE', #1070, #1302, #1221, .T. ) ;
#258 = VECTOR ( 'NONE', #491, 1000.000000000000000 ) ;
#259 = CIRCLE ( 'NONE', #503, 1.704240931004555648 ) ;
#260 = ORIENTED_EDGE ( 'NONE', *, *, #383, .T. ) ;
#261 = CIRCLE ( 'NONE', #469, 1.704240931004555648 ) ;
#262 = ORIENTED_EDGE ( 'NONE', *, *, #1822, .T. ) ;
#263 = VERTEX_POINT ( 'NONE', #1716 ) ;
#264 = AXIS2_PLACEMENT_3D ( 'NONE', #103, #1744, #914 ) ;
#265 = FACE_OUTER_BOUND ( 'NONE', #559, .T. ) ;
#266 = CYLINDRICAL_SURFACE ( 'NONE', #2053, 1.699999999999389555 ) ;
#267 = CARTESIAN_POINT ( 'NONE',  ( 43.29763704129243962, 58.15736828445517403, 0.000000000000000000 ) ) ;
#268 = ORIENTED_EDGE ( 'NONE', *, *, #551, .T. ) ;
#269 = LINE ( 'NONE', #220, #1456 ) ;
#270 = EDGE_CURVE ( 'NONE', #177, #1995, #9, .T. ) ;
#271 = CARTESIAN_POINT ( 'NONE',  ( -0.01278441909939784585, 56.81649478397233111, 3.000000000000000000 ) ) ;
#272 = EDGE_CURVE ( 'NONE', #1520, #1764, #859, .T. ) ;
#273 = ORIENTED_EDGE ( 'NONE', *, *, #386, .T. ) ;
#274 = ORIENTED_EDGE ( 'NONE', *, *, #933, .T. ) ;
#275 = VECTOR ( 'NONE', #1867, 1000.000000000000000 ) ;
#276 = CARTESIAN_POINT ( 'NONE',  ( 37.78087911081129135, 65.83635289750995412, 3.000000000000000000 ) ) ;
#277 = PLANE ( 'NONE',  #433 ) ;
#278 = CARTESIAN_POINT ( 'NONE',  ( 16.79783914143555634, 15.19372240650392847, 3.000000000000000000 ) ) ;
#279 = DIRECTION ( 'NONE',  ( 1.000000000000000000, 0.000000000000000000, 0.000000000000000000 ) ) ;
#280 = ORIENTED_EDGE ( 'NONE', *, *, #795, .T. ) ;
#281 = DIRECTION ( 'NONE',  ( -0.7179950999952812163, -0.6960481566549587829, 0.000000000000000000 ) ) ;
#282 = CARTESIAN_POINT ( 'NONE',  ( 57.65800094604500714, 7.025000095369065889, 3.000000000000000000 ) ) ;
#283 = ORIENTED_EDGE ( 'NONE', *, *, #495, .T. ) ;
#284 = CARTESIAN_POINT ( 'NONE',  ( 34.97599999999999909, 67.89399999999999125, -4.599999999999999645 ) ) ;
#285 = VERTEX_POINT ( 'NONE', #60 ) ;
#286 = ADVANCED_FACE ( 'NONE', ( #1211 ), #1530, .F. ) ;
#287 = CARTESIAN_POINT ( 'NONE',  ( 51.39523096000765889, 64.84199890136908095, 3.000000000000000000 ) ) ;
#288 = CARTESIAN_POINT ( 'NONE',  ( 15.59263366239110482, 70.00199763233040073, 0.000000000000000000 ) ) ;
#289 = LINE ( 'NONE', #1199, #1831 ) ;
#290 = LINE ( 'NONE', #1688, #900 ) ;
#291 = FACE_OUTER_BOUND ( 'NONE', #904, .T. ) ;
#292 = ORIENTED_EDGE ( 'NONE', *, *, #1607, .F. ) ;
#293 = VECTOR ( 'NONE', #985, 1000.000000000000000 ) ;
#294 = DIRECTION ( 'NONE',  ( 0.000000000000000000, 1.000000000000000000, 0.000000000000000000 ) ) ;
#295 = VERTEX_POINT ( 'NONE', #2039 ) ;
#296 = VECTOR ( 'NONE', #1386, 1000.000000000000000 ) ;
#297 = VECTOR ( 'NONE', #281, 1000.000000000000114 ) ;
#298 = ORIENTED_EDGE ( 'NONE', *, *, #1595, .T. ) ;
#299 = LINE ( 'NONE', #973, #862 ) ;
#300 = DIRECTION ( 'NONE',  ( 1.000000000000000000, 0.000000000000000000, 0.000000000000000000 ) ) ;
#301 = DIRECTION ( 'NONE',  ( -1.000000000000000000, 3.283659891533087957E-14, 0.000000000000000000 ) ) ;
#302 = ADVANCED_FACE ( 'NONE', ( #1875 ), #1047, .F. ) ;
#303 = PLANE ( 'NONE',  #822 ) ;
#304 = VERTEX_POINT ( 'NONE', #1170 ) ;
#305 = CARTESIAN_POINT ( 'NONE',  ( 0.000000000000000000, 23.17573017770200039, 3.000000000000000000 ) ) ;
#306 = DIRECTION ( 'NONE',  ( 1.000000000000000000, 0.000000000000000000, 0.000000000000000000 ) ) ;
#307 = EDGE_LOOP ( 'NONE', ( #387, #1598, #1827, #33 ) ) ;
#308 = VECTOR ( 'NONE', #63, 1000.000000000000000 ) ;
#309 = ORIENTED_EDGE ( 'NONE', *, *, #343, .F. ) ;
#310 = CARTESIAN_POINT ( 'NONE',  ( 2.007000000000000117, 11.75999999999999979, -3.000000000000000000 ) ) ;
#311 = CARTESIAN_POINT ( 'NONE',  ( 40.14029118908624127, 55.64203330755000110, 3.000000000000000000 ) ) ;
#312 = LINE ( 'NONE', #147, #155 ) ;
#313 = CARTESIAN_POINT ( 'NONE',  ( 36.70435381327093438, 67.89399999999999125, -3.000000000000000000 ) ) ;
#314 = ADVANCED_FACE ( 'NONE', ( #368 ), #1551, .F. ) ;
#315 = EDGE_CURVE ( 'NONE', #134, #365, #932, .T. ) ;
#316 = ORIENTED_EDGE ( 'NONE', *, *, #1927, .F. ) ;
#317 = EDGE_CURVE ( 'NONE', #871, #1024, #1364, .T. ) ;
#318 = CARTESIAN_POINT ( 'NONE',  ( 51.39523096000765889, 64.84199890136908095, 3.000000000000000000 ) ) ;
#319 = DIRECTION ( 'NONE',  ( 2.623041782621605073E-16, -1.000000000000000000, 0.000000000000000000 ) ) ;
#320 = VERTEX_POINT ( 'NONE', #524 ) ;
#321 = ORIENTED_EDGE ( 'NONE', *, *, #1786, .T. ) ;
#322 = DIRECTION ( 'NONE',  ( -1.000000000000000000, 0.000000000000000000, 0.000000000000000000 ) ) ;
#323 = FACE_OUTER_BOUND ( 'NONE', #1435, .T. ) ;
#324 = EDGE_LOOP ( 'NONE', ( #1898, #788 ) ) ;
#325 = EDGE_CURVE ( 'NONE', #1699, #1406, #1197, .T. ) ;
#326 = DIRECTION ( 'NONE',  ( 1.000000000000000000, 0.000000000000000000, 0.000000000000000000 ) ) ;
#327 = DIRECTION ( 'NONE',  ( -1.000000000000000000, -0.000000000000000000, -0.000000000000000000 ) ) ;
#328 = VERTEX_POINT ( 'NONE', #243 ) ;
#329 = EDGE_CURVE ( 'NONE', #2050, #1237, #1094, .T. ) ;
#330 = VECTOR ( 'NONE', #1138, 1000.000000000000000 ) ;
#331 = EDGE_LOOP ( 'NONE', ( #2005, #2097, #481, #855 ) ) ;
#332 = VECTOR ( 'NONE', #1258, 1000.000000000000000 ) ;
#333 = CARTESIAN_POINT ( 'NONE',  ( 2.801713482391106957, 57.99960780504349600, 3.000000000000000000 ) ) ;
#334 = ORIENTED_EDGE ( 'NONE', *, *, #1052, .F. ) ;
#335 = CIRCLE ( 'NONE', #2081, 1.199999999999999734 ) ;
#336 = CYLINDRICAL_SURFACE ( 'NONE', #500, 2.499999999999995115 ) ;
#337 = VECTOR ( 'NONE', #1146, 1000.000000000000000 ) ;
#338 = VECTOR ( 'NONE', #49, 1000.000000000000227 ) ;
#339 = DIRECTION ( 'NONE',  ( 0.000000000000000000, 0.000000000000000000, 1.000000000000000000 ) ) ;
#340 = CARTESIAN_POINT ( 'NONE',  ( 15.59263366239110482, 70.00199763233040073, 3.000000000000000000 ) ) ;
#341 = CARTESIAN_POINT ( 'NONE',  ( 40.14029118908624838, 65.83635289751050834, 3.000000000000000000 ) ) ;
#342 = VERTEX_POINT ( 'NONE', #649 ) ;
#343 = EDGE_CURVE ( 'NONE', #926, #1260, #1384, .T. ) ;
#344 = ADVANCED_FACE ( 'NONE', ( #623 ), #277, .F. ) ;
#345 = ORIENTED_EDGE ( 'NONE', *, *, #943, .F. ) ;
#346 = DIRECTION ( 'NONE',  ( 1.000000000000000000, 0.000000000000000000, 0.000000000000000000 ) ) ;
#347 = AXIS2_PLACEMENT_3D ( 'NONE', #1411, #2104, #913 ) ;
#348 = DIRECTION ( 'NONE',  ( -0.000000000000000000, -0.000000000000000000, -1.000000000000000000 ) ) ;
#349 = CARTESIAN_POINT ( 'NONE',  ( 50.46278976710299702, 45.32000000000206796, 0.000000000000000000 ) ) ;
#350 = ORIENTED_EDGE ( 'NONE', *, *, #977, .F. ) ;
#351 = CARTESIAN_POINT ( 'NONE',  ( 2.801713482391103405, 63.00287427383128858, 3.000000000000000000 ) ) ;
#352 = AXIS2_PLACEMENT_3D ( 'NONE', #318, #164, #150 ) ;
#353 = FACE_OUTER_BOUND ( 'NONE', #1986, .T. ) ;
#354 = DIRECTION ( 'NONE',  ( 1.000000000000000000, 0.000000000000000000, 0.000000000000000000 ) ) ;
#355 = EDGE_LOOP ( 'NONE', ( #530, #1087, #685, #619 ) ) ;
#356 = EDGE_LOOP ( 'NONE', ( #1256, #1515 ) ) ;
#357 = CARTESIAN_POINT ( 'NONE',  ( 33.77600000000000335, 67.89399999999999125, -4.599999999999999645 ) ) ;
#358 = LINE ( 'NONE', #1012, #1592 ) ;
#359 = CARTESIAN_POINT ( 'NONE',  ( 8.360619662391107099, 63.38859499956932098, 3.000000000000000000 ) ) ;
#360 = DIRECTION ( 'NONE',  ( 1.000000000000000000, 0.000000000000000000, 0.000000000000000000 ) ) ;
#361 = EDGE_CURVE ( 'NONE', #295, #1085, #963, .T. ) ;
#362 = CARTESIAN_POINT ( 'NONE',  ( 51.39523096000765889, 64.84199890136908095, 4.500000000000000888 ) ) ;
#363 = DIRECTION ( 'NONE',  ( 0.000000000000000000, 0.000000000000000000, 1.000000000000000000 ) ) ;
#364 = CARTESIAN_POINT ( 'NONE',  ( 3.206999999999999851, 11.75999999999999979, -3.000000000000000000 ) ) ;
#365 = VERTEX_POINT ( 'NONE', #2134 ) ;
#366 = VERTEX_POINT ( 'NONE', #2102 ) ;
#367 = LINE ( 'NONE', #2071, #85 ) ;
#368 = FACE_OUTER_BOUND ( 'NONE', #796, .T. ) ;
#369 = PLANE ( 'NONE',  #1309 ) ;
#370 = CARTESIAN_POINT ( 'NONE',  ( 33.50212168539132307, 36.41303385995264819, 0.000000000000000000 ) ) ;
#371 = CIRCLE ( 'NONE', #120, 4.330697054907822974 ) ;
#373 = ADVANCED_FACE ( 'NONE', ( #1283 ), #1476, .F. ) ;
#372 = VECTOR ( 'NONE', #1941, 1000.000000000000000 ) ;
#374 = VECTOR ( 'NONE', #1188, 1000.000000000000000 ) ;
#375 = FACE_OUTER_BOUND ( 'NONE', #737, .T. ) ;
#376 = CARTESIAN_POINT ( 'NONE',  ( 16.79783914143555634, 15.19372240650392847, 0.000000000000000000 ) ) ;
#377 = ORIENTED_EDGE ( 'NONE', *, *, #1538, .F. ) ;
#378 = ORIENTED_EDGE ( 'NONE', *, *, #2026, .T. ) ;
#379 = CARTESIAN_POINT ( 'NONE',  ( 28.96541858999999164, 26.46809974185707759, 0.000000000000000000 ) ) ;
#380 = CARTESIAN_POINT ( 'NONE',  ( 33.25038507024311230, 65.83635289751217101, -3.000000000000000000 ) ) ;
#381 = LINE ( 'NONE', #2040, #1591 ) ;
#382 = LINE ( 'NONE', #1240, #1161 ) ;
#383 = EDGE_CURVE ( 'NONE', #639, #2118, #1634, .T. ) ;
#384 = DIRECTION ( 'NONE',  ( 1.000000000000000000, 0.000000000000000000, 0.000000000000000000 ) ) ;
#385 = LINE ( 'NONE', #1192, #193 ) ;
#386 = EDGE_CURVE ( 'NONE', #1281, #98, #781, .T. ) ;
#387 = ORIENTED_EDGE ( 'NONE', *, *, #658, .F. ) ;
#388 = LINE ( 'NONE', #1035, #1903 ) ;
#389 = DIRECTION ( 'NONE',  ( 0.000000000000000000, -0.000000000000000000, -1.000000000000000000 ) ) ;
#390 = ORIENTED_EDGE ( 'NONE', *, *, #419, .F. ) ;
#391 = DIRECTION ( 'NONE',  ( 1.000000000000000000, 0.000000000000000000, 0.000000000000000000 ) ) ;
#392 = CARTESIAN_POINT ( 'NONE',  ( 34.97599999999999909, 67.89399999999999125, -4.599999999999999645 ) ) ;
#393 = LINE ( 'NONE', #710, #83 ) ;
#394 = EDGE_CURVE ( 'NONE', #1257, #925, #1963, .T. ) ;
#395 = ORIENTED_EDGE ( 'NONE', *, *, #1482, .F. ) ;
#396 = FACE_OUTER_BOUND ( 'NONE', #1670, .T. ) ;
#397 = CARTESIAN_POINT ( 'NONE',  ( 2.801713482391107846, 51.24900787648735445, 17.50000000000000000 ) ) ;
#398 = ORIENTED_EDGE ( 'NONE', *, *, #1430, .F. ) ;
#399 = LINE ( 'NONE', #271, #713 ) ;
#400 = ORIENTED_EDGE ( 'NONE', *, *, #1084, .T. ) ;
#401 = AXIS2_PLACEMENT_3D ( 'NONE', #606, #1409, #536 ) ;
#402 = AXIS2_PLACEMENT_3D ( 'NONE', #284, #1290, #1615 ) ;
#403 = LINE ( 'NONE', #1930, #1662 ) ;
#404 = VECTOR ( 'NONE', #348, 1000.000000000000000 ) ;
#405 = ORIENTED_EDGE ( 'NONE', *, *, #701, .T. ) ;
#406 = VECTOR ( 'NONE', #204, 1000.000000000000114 ) ;
#407 =( GEOMETRIC_REPRESENTATION_CONTEXT ( 3 ) GLOBAL_UNCERTAINTY_ASSIGNED_CONTEXT ( ( #154 ) ) GLOBAL_UNIT_ASSIGNED_CONTEXT ( ( #944, #1109, #886 ) ) REPRESENTATION_CONTEXT ( 'NONE', 'WORKASPACE' ) );
#408 = ORIENTED_EDGE ( 'NONE', *, *, #1804, .F. ) ;
#409 = EDGE_CURVE ( 'NONE', #424, #1070, #2114, .T. ) ;
#410 = ORIENTED_EDGE ( 'NONE', *, *, #2026, .F. ) ;
#411 = EDGE_CURVE ( 'NONE', #861, #1699, #312, .T. ) ;
#412 = FACE_OUTER_BOUND ( 'NONE', #1857, .T. ) ;
#413 = ORIENTED_EDGE ( 'NONE', *, *, #1552, .T. ) ;
#414 = VECTOR ( 'NONE', #1503, 1000.000000000000000 ) ;
#415 = EDGE_LOOP ( 'NONE', ( #1114, #1405, #438, #390 ) ) ;
#416 = ORIENTED_EDGE ( 'NONE', *, *, #1215, .F. ) ;
#417 = ORIENTED_EDGE ( 'NONE', *, *, #2140, .F. ) ;
#418 = EDGE_CURVE ( 'NONE', #1448, #2050, #1769, .T. ) ;
#419 = EDGE_CURVE ( 'NONE', #1302, #1429, #634, .T. ) ;
#420 = DIRECTION ( 'NONE',  ( -0.000000000000000000, -0.000000000000000000, 1.000000000000000000 ) ) ;
#421 = CARTESIAN_POINT ( 'NONE',  ( -0.002999714528393866535, 7.026897941192802755, 3.000000000000000000 ) ) ;
#422 = EDGE_LOOP ( 'NONE', ( #908, #2058 ) ) ;
#423 = CARTESIAN_POINT ( 'NONE',  ( 57.65800094604500714, 7.025000095369065889, 3.000000000000000000 ) ) ;
#424 = VERTEX_POINT ( 'NONE', #1929 ) ;
#425 = EDGE_LOOP ( 'NONE', ( #1839, #188, #1362, #405 ) ) ;
#426 = ORIENTED_EDGE ( 'NONE', *, *, #849, .T. ) ;
#427 = DIRECTION ( 'NONE',  ( -6.806627791756435025E-16, -1.000000000000000000, 0.000000000000000000 ) ) ;
#428 = ADVANCED_FACE ( 'NONE', ( #265 ), #939, .F. ) ;
#429 = AXIS2_PLACEMENT_3D ( 'NONE', #945, #1741, #1909 ) ;
#430 = EDGE_CURVE ( 'NONE', #1302, #1734, #817, .T. ) ;
#431 = ORIENTED_EDGE ( 'NONE', *, *, #1653, .F. ) ;
#432 = AXIS2_PLACEMENT_3D ( 'NONE', #1479, #1650, #130 ) ;
#433 = AXIS2_PLACEMENT_3D ( 'NONE', #1304, #1452, #1091 ) ;
#434 = VECTOR ( 'NONE', #1020, 1000.000000000000000 ) ;
#435 = DIRECTION ( 'NONE',  ( 0.000000000000000000, 0.000000000000000000, 1.000000000000000000 ) ) ;
#436 = ORIENTED_EDGE ( 'NONE', *, *, #1796, .F. ) ;
#437 = VECTOR ( 'NONE', #435, 1000.000000000000000 ) ;
#438 = ORIENTED_EDGE ( 'NONE', *, *, #731, .F. ) ;
#439 = DIRECTION ( 'NONE',  ( 1.000000000000000000, 0.000000000000000000, 0.000000000000000000 ) ) ;
#440 = CARTESIAN_POINT ( 'NONE',  ( 28.96541858999999164, 26.46809974185707759, 3.000000000000000000 ) ) ;
#441 = PLANE ( 'NONE',  #752 ) ;
#442 = DIRECTION ( 'NONE',  ( 0.7114448605716484630, 0.7027419230173960196, 0.000000000000000000 ) ) ;
#443 = DIRECTION ( 'NONE',  ( -1.000000000000000000, -1.443328127052817719E-12, 0.000000000000000000 ) ) ;
#444 = CARTESIAN_POINT ( 'NONE',  ( 0.000000000000000000, 23.17573017770200039, 0.000000000000000000 ) ) ;
#445 = VERTEX_POINT ( 'NONE', #459 ) ;
#446 = EDGE_CURVE ( 'NONE', #613, #1085, #1271, .T. ) ;
#447 = VERTEX_POINT ( 'NONE', #112 ) ;
#448 = CARTESIAN_POINT ( 'NONE',  ( 48.71042342266195391, 2.401465347587071530, -3.000000000000000000 ) ) ;
#449 = CARTESIAN_POINT ( 'NONE',  ( 8.360619662391107099, 63.38859499956932098, 3.000000000000000000 ) ) ;
#450 = CARTESIAN_POINT ( 'NONE',  ( 8.360619662391107099, 70.00199763233040073, 3.000000000000000000 ) ) ;
#451 = ORIENTED_EDGE ( 'NONE', *, *, #1497, .T. ) ;
#452 = CARTESIAN_POINT ( 'NONE',  ( 37.78087911081129135, 70.00199890136907754, 3.000000000000000000 ) ) ;
#453 = VERTEX_POINT ( 'NONE', #440 ) ;
#454 = PLANE ( 'NONE',  #1347 ) ;
#455 = ADVANCED_FACE ( 'NONE', ( #610 ), #1105, .T. ) ;
#456 = ORIENTED_EDGE ( 'NONE', *, *, #882, .F. ) ;
#457 = CYLINDRICAL_SURFACE ( 'NONE', #1766, 1.699999999999389555 ) ;
#458 = DIRECTION ( 'NONE',  ( -0.000000000000000000, -0.000000000000000000, -1.000000000000000000 ) ) ;
#459 = CARTESIAN_POINT ( 'NONE',  ( 24.84072757557567712, 36.41303385995264819, -3.000000000000000000 ) ) ;
#460 = DIRECTION ( 'NONE',  ( 0.000000000000000000, 0.000000000000000000, 1.000000000000000000 ) ) ;
#461 = PLANE ( 'NONE',  #55 ) ;
#462 = DIRECTION ( 'NONE',  ( -0.8660254037844372643, -1.249958824024351964E-12, -0.5000000000000024425 ) ) ;
#463 = VECTOR ( 'NONE', #186, 1000.000000000000000 ) ;
#464 = DIRECTION ( 'NONE',  ( -1.000000000000000000, 0.000000000000000000, 0.000000000000000000 ) ) ;
#465 = ORIENTED_EDGE ( 'NONE', *, *, #1990, .F. ) ;
#466 = VECTOR ( 'NONE', #979, 1000.000000000000000 ) ;
#467 = VECTOR ( 'NONE', #125, 1000.000000000000000 ) ;
#468 = ORIENTED_EDGE ( 'NONE', *, *, #538, .T. ) ;
#469 = AXIS2_PLACEMENT_3D ( 'NONE', #310, #472, #1507 ) ;
#470 = EDGE_CURVE ( 'NONE', #972, #2050, #778, .T. ) ;
#471 = EDGE_CURVE ( 'NONE', #1088, #1571, #289, .T. ) ;
#472 = DIRECTION ( 'NONE',  ( 0.000000000000000000, 0.000000000000000000, 1.000000000000000000 ) ) ;
#473 = CARTESIAN_POINT ( 'NONE',  ( 2.801713482391106957, 56.81649478397233111, 3.000000000000000000 ) ) ;
#474 = CARTESIAN_POINT ( 'NONE',  ( 40.14029118908624838, 65.83635289751050834, 3.000000000000000000 ) ) ;
#475 = EDGE_CURVE ( 'NONE', #320, #558, #877, .T. ) ;
#476 = CARTESIAN_POINT ( 'NONE',  ( 51.39523096000765889, 64.84199890136908095, 4.500000000000000888 ) ) ;
#477 = EDGE_LOOP ( 'NONE', ( #1585, #132 ) ) ;
#478 = LINE ( 'NONE', #305, #1033 ) ;
#479 = DIRECTION ( 'NONE',  ( 1.000000000000000000, 0.000000000000000000, 0.000000000000000000 ) ) ;
#480 = EDGE_LOOP ( 'NONE', ( #2106, #570, #617, #873 ) ) ;
#481 = ORIENTED_EDGE ( 'NONE', *, *, #84, .F. ) ;
#482 = CARTESIAN_POINT ( 'NONE',  ( 8.360619662391107099, 63.38859499956932098, 17.50000000000000000 ) ) ;
#483 = CARTESIAN_POINT ( 'NONE',  ( 50.54600143432600845, 2.066103184341716655E-12, 3.000000000000000000 ) ) ;
#484 = CARTESIAN_POINT ( 'NONE',  ( 8.360619662391107099, 70.00199763233040073, 5.275145788609223452 ) ) ;
#485 = EDGE_CURVE ( 'NONE', #558, #1713, #1147, .T. ) ;
#486 = VERTEX_POINT ( 'NONE', #657 ) ;
#487 = FACE_OUTER_BOUND ( 'NONE', #991, .T. ) ;
#488 = CARTESIAN_POINT ( 'NONE',  ( 0.000000000000000000, 23.17573017770200039, 3.000000000000000000 ) ) ;
#489 = ORIENTED_EDGE ( 'NONE', *, *, #361, .T. ) ;
#490 = ORIENTED_EDGE ( 'NONE', *, *, #22, .F. ) ;
#491 = DIRECTION ( 'NONE',  ( -0.000000000000000000, -0.000000000000000000, 1.000000000000000000 ) ) ;
#492 = PLANE ( 'NONE',  #14 ) ;
#493 = CARTESIAN_POINT ( 'NONE',  ( 28.88521634381089243, 12.12795355502193040, 3.000000000000000000 ) ) ;
#494 = LINE ( 'NONE', #1159, #1527 ) ;
#495 = EDGE_CURVE ( 'NONE', #424, #1373, #40, .T. ) ;
#496 = EDGE_CURVE ( 'NONE', #1910, #555, #51, .T. ) ;
#497 = DIRECTION ( 'NONE',  ( 0.000000000000000000, 0.000000000000000000, 1.000000000000000000 ) ) ;
#498 = CARTESIAN_POINT ( 'NONE',  ( 15.59263366239110482, 55.64203330755000110, 0.000000000000000000 ) ) ;
#499 = EDGE_LOOP ( 'NONE', ( #1368, #2052 ) ) ;
#500 = AXIS2_PLACEMENT_3D ( 'NONE', #160, #1501, #1005 ) ;
#501 = ORIENTED_EDGE ( 'NONE', *, *, #1430, .T. ) ;
#502 = VECTOR ( 'NONE', #1684, 1000.000000000000000 ) ;
#503 = AXIS2_PLACEMENT_3D ( 'NONE', #1829, #1690, #836 ) ;
#504 = DIRECTION ( 'NONE',  ( 0.000000000000000000, -0.000000000000000000, -1.000000000000000000 ) ) ;
#505 = VECTOR ( 'NONE', #1486, 1000.000000000000000 ) ;
#506 = FACE_OUTER_BOUND ( 'NONE', #477, .T. ) ;
#507 = DIRECTION ( 'NONE',  ( -1.000000000000000000, -0.000000000000000000, -0.000000000000000000 ) ) ;
#508 = CARTESIAN_POINT ( 'NONE',  ( 50.41082342266195582, 2.401465347587071530, 0.000000000000000000 ) ) ;
#509 = CARTESIAN_POINT ( 'NONE',  ( 52.94523096000704498, 64.84199890136908095, 3.000000000000000000 ) ) ;
#510 = ORIENTED_EDGE ( 'NONE', *, *, #731, .T. ) ;
#511 = AXIS2_PLACEMENT_3D ( 'NONE', #1253, #940, #1743 ) ;
#512 = ORIENTED_EDGE ( 'NONE', *, *, #409, .F. ) ;
#513 = DIRECTION ( 'NONE',  ( 1.000000000000000000, 0.000000000000000000, 0.000000000000000000 ) ) ;
#514 = PLANE ( 'NONE',  #1871 ) ;
#515 = DIRECTION ( 'NONE',  ( 0.000000000000000000, 0.000000000000000000, 1.000000000000000000 ) ) ;
#516 = FACE_OUTER_BOUND ( 'NONE', #1528, .T. ) ;
#517 = CARTESIAN_POINT ( 'NONE',  ( 9.235357893426790810, 50.00199763233040073, 10.75943138354336348 ) ) ;
#518 = DIRECTION ( 'NONE',  ( 1.000000000000000000, 0.000000000000000000, 0.000000000000000000 ) ) ;
#519 = CARTESIAN_POINT ( 'NONE',  ( 0.3027590689954442471, 11.75999999999999979, -3.000000000000000000 ) ) ;
#520 = ORIENTED_EDGE ( 'NONE', *, *, #31, .T. ) ;
#521 = ORIENTED_EDGE ( 'NONE', *, *, #329, .T. ) ;
#522 = ADVANCED_FACE ( 'NONE', ( #1532 ), #11, .T. ) ;
#523 = LINE ( 'NONE', #1140, #1385 ) ;
#524 = CARTESIAN_POINT ( 'NONE',  ( 28.88521634381089243, 23.17573017770199684, 3.000000000000000000 ) ) ;
#525 = CARTESIAN_POINT ( 'NONE',  ( 2.801713482391106957, 56.81649478397233111, 3.000000000000000000 ) ) ;
#526 = CARTESIAN_POINT ( 'NONE',  ( 39.88029162565499774, 65.83635289751217101, -3.000000000000000000 ) ) ;
#527 = PLANE ( 'NONE',  #2086 ) ;
#528 = CARTESIAN_POINT ( 'NONE',  ( 29.17142463048350010, 36.41303385995264819, -3.000000000000000000 ) ) ;
#529 = DIRECTION ( 'NONE',  ( -0.000000000000000000, -0.000000000000000000, 1.000000000000000000 ) ) ;
#530 = ORIENTED_EDGE ( 'NONE', *, *, #1927, .T. ) ;
#531 = EDGE_LOOP ( 'NONE', ( #1259, #1526, #490, #202, #70, #1097 ) ) ;
#532 = AXIS2_PLACEMENT_3D ( 'NONE', #771, #598, #136 ) ;
#533 = DIRECTION ( 'NONE',  ( 0.000000000000000000, 0.000000000000000000, 1.000000000000000000 ) ) ;
#534 = DIRECTION ( 'NONE',  ( 0.000000000000000000, 0.000000000000000000, 1.000000000000000000 ) ) ;
#535 = CARTESIAN_POINT ( 'NONE',  ( 15.59263410239110748, 51.24900787648735445, 17.50000000000000000 ) ) ;
#536 = DIRECTION ( 'NONE',  ( 0.000000000000000000, 0.000000000000000000, 1.000000000000000000 ) ) ;
#537 = ORIENTED_EDGE ( 'NONE', *, *, #446, .T. ) ;
#538 = EDGE_CURVE ( 'NONE', #285, #1937, #1998, .T. ) ;
#539 = VECTOR ( 'NONE', #1036, 1000.000000000000000 ) ;
#540 = AXIS2_PLACEMENT_3D ( 'NONE', #1656, #679, #1022 ) ;
#541 = EDGE_CURVE ( 'NONE', #104, #1901, #2007, .T. ) ;
#542 = AXIS2_PLACEMENT_3D ( 'NONE', #488, #2003, #1968 ) ;
#543 = DIRECTION ( 'NONE',  ( -0.000000000000000000, -0.000000000000000000, 1.000000000000000000 ) ) ;
#544 = LINE ( 'NONE', #870, #1127 ) ;
#545 = ORIENTED_EDGE ( 'NONE', *, *, #849, .F. ) ;
#546 = VECTOR ( 'NONE', #1433, 1000.000000000000000 ) ;
#547 = FACE_BOUND ( 'NONE', #240, .T. ) ;
#548 = LINE ( 'NONE', #2061, #539 ) ;
#549 = VERTEX_POINT ( 'NONE', #370 ) ;
#550 = ORIENTED_EDGE ( 'NONE', *, *, #658, .T. ) ;
#551 = EDGE_CURVE ( 'NONE', #1281, #1895, #1510, .T. ) ;
#552 = ADVANCED_FACE ( 'NONE', ( #506 ), #1318, .F. ) ;
#553 = CARTESIAN_POINT ( 'NONE',  ( 50.54600143432600845, 2.066103184341716655E-12, 3.000000000000000000 ) ) ;
#554 = DIRECTION ( 'NONE',  ( 1.000000000000000000, 0.000000000000000000, 0.000000000000000000 ) ) ;
#555 = VERTEX_POINT ( 'NONE', #484 ) ;
#556 = CARTESIAN_POINT ( 'NONE',  ( 39.89063387505243696, 67.79673737589244809, -3.000000000000000000 ) ) ;
#557 = DIRECTION ( 'NONE',  ( 1.000000000000000000, 0.000000000000000000, 0.000000000000000000 ) ) ;
#558 = VERTEX_POINT ( 'NONE', #1821 ) ;
#559 = EDGE_LOOP ( 'NONE', ( #1194, #268, #68, #883 ) ) ;
#560 = DIRECTION ( 'NONE',  ( 0.000000000000000000, 0.000000000000000000, 1.000000000000000000 ) ) ;
#561 = DIRECTION ( 'NONE',  ( -0.5000000000000024425, -0.000000000000000000, 0.8660254037844372643 ) ) ;
#562 = CARTESIAN_POINT ( 'NONE',  ( 2.007000000000000117, 11.75999999999999979, 0.000000000000000000 ) ) ;
#563 = ORIENTED_EDGE ( 'NONE', *, *, #317, .T. ) ;
#564 = ADVANCED_FACE ( 'NONE', ( #323, #838, #1706, #993, #1014, #206, #1172 ), #1679, .F. ) ;
#565 = ADVANCED_FACE ( 'NONE', ( #1852 ), #336, .F. ) ;
#566 = ORIENTED_EDGE ( 'NONE', *, *, #948, .T. ) ;
#567 = CARTESIAN_POINT ( 'NONE',  ( 0.000000000000000000, 23.17573017770200039, 3.000000000000000000 ) ) ;
#568 = VERTEX_POINT ( 'NONE', #829 ) ;
#569 = CARTESIAN_POINT ( 'NONE',  ( 0.1237189390035295378, 55.40347147281892148, 14.92993930529286040 ) ) ;
#570 = ORIENTED_EDGE ( 'NONE', *, *, #959, .T. ) ;
#571 = VECTOR ( 'NONE', #1133, 1000.000000000000000 ) ;
#572 = AXIS2_PLACEMENT_3D ( 'NONE', #1210, #67, #736 ) ;
#573 = PLANE ( 'NONE',  #760 ) ;
#574 = VECTOR ( 'NONE', #2135, 1000.000000000000000 ) ;
#575 = LINE ( 'NONE', #1610, #872 ) ;
#576 = EDGE_LOOP ( 'NONE', ( #451, #168 ) ) ;
#577 = AXIS2_PLACEMENT_3D ( 'NONE', #1792, #1459, #1285 ) ;
#578 = ADVANCED_FACE ( 'NONE', ( #180 ), #1339, .F. ) ;
#579 = ORIENTED_EDGE ( 'NONE', *, *, #1639, .T. ) ;
#580 = DIRECTION ( 'NONE',  ( 0.6960481566549596710, -0.7179950999952804391, 0.000000000000000000 ) ) ;
#581 = ORIENTED_EDGE ( 'NONE', *, *, #411, .F. ) ;
#582 = EDGE_LOOP ( 'NONE', ( #1266, #2065, #1914, #400 ) ) ;
#583 = LINE ( 'NONE', #1771, #1217 ) ;
#584 = CARTESIAN_POINT ( 'NONE',  ( 33.25038507024311230, 67.79673737589244809, -3.000000000000000000 ) ) ;
#585 = ORIENTED_EDGE ( 'NONE', *, *, #315, .F. ) ;
#586 = PLANE ( 'NONE',  #1421 ) ;
#587 = VECTOR ( 'NONE', #30, 1000.000000000000000 ) ;
#588 = ORIENTED_EDGE ( 'NONE', *, *, #470, .T. ) ;
#589 = LINE ( 'NONE', #1754, #1620 ) ;
#590 = ORIENTED_EDGE ( 'NONE', *, *, #1390, .T. ) ;
#591 = ORIENTED_EDGE ( 'NONE', *, *, #1894, .T. ) ;
#592 = EDGE_CURVE ( 'NONE', #1937, #1312, #1389, .T. ) ;
#593 = CARTESIAN_POINT ( 'NONE',  ( 28.88521634381089243, 12.12795355502193040, 0.000000000000000000 ) ) ;
#594 = EDGE_LOOP ( 'NONE', ( #1557, #758 ) ) ;
#595 = ORIENTED_EDGE ( 'NONE', *, *, #1438, .F. ) ;
#596 = ORIENTED_EDGE ( 'NONE', *, *, #1342, .F. ) ;
#597 = DIRECTION ( 'NONE',  ( -1.850076581037493448E-16, 1.000000000000000000, -0.000000000000000000 ) ) ;
#598 = DIRECTION ( 'NONE',  ( 0.000000000000000000, 0.000000000000000000, 1.000000000000000000 ) ) ;
#599 = CARTESIAN_POINT ( 'NONE',  ( 34.97599999999999909, 67.89399999999999125, -3.000000000000000000 ) ) ;
#600 = VECTOR ( 'NONE', #1989, 1000.000000000000000 ) ;
#601 = LINE ( 'NONE', #584, #1393 ) ;
#602 = ORIENTED_EDGE ( 'NONE', *, *, #891, .T. ) ;
#603 = AXIS2_PLACEMENT_3D ( 'NONE', #133, #801, #1472 ) ;
#604 = VECTOR ( 'NONE', #190, 1000.000000000000000 ) ;
#605 = CIRCLE ( 'NONE', #2048, 1.728353813270931738 ) ;
#606 = CARTESIAN_POINT ( 'NONE',  ( 9.235357893426790810, 50.00199763233040073, 10.75943138354336348 ) ) ;
#607 = ORIENTED_EDGE ( 'NONE', *, *, #1722, .T. ) ;
#608 = ORIENTED_EDGE ( 'NONE', *, *, #151, .F. ) ;
#609 = CARTESIAN_POINT ( 'NONE',  ( 51.39523096000765889, 64.84199890136908095, 4.500000000000000888 ) ) ;
#610 = FACE_OUTER_BOUND ( 'NONE', #644, .T. ) ;
#611 = VECTOR ( 'NONE', #420, 1000.000000000000000 ) ;
#612 = FACE_OUTER_BOUND ( 'NONE', #1676, .T. ) ;
#613 = VERTEX_POINT ( 'NONE', #1023 ) ;
#614 = ADVANCED_FACE ( 'NONE', ( #738 ), #1400, .F. ) ;
#615 = DIRECTION ( 'NONE',  ( 1.000000000000000000, 0.000000000000000000, 0.000000000000000000 ) ) ;
#616 = CARTESIAN_POINT ( 'NONE',  ( 15.59263366239110482, 55.64203330755000110, 0.000000000000000000 ) ) ;
#617 = ORIENTED_EDGE ( 'NONE', *, *, #1480, .T. ) ;
#618 = CARTESIAN_POINT ( 'NONE',  ( 57.66278976710300697, 7.320000000002070628, 0.000000000000000000 ) ) ;
#619 = ORIENTED_EDGE ( 'NONE', *, *, #1693, .T. ) ;
#620 = VECTOR ( 'NONE', #1966, 1000.000000000000000 ) ;
#621 = CARTESIAN_POINT ( 'NONE',  ( 50.54600143432600845, 2.066103184341716655E-12, 0.000000000000000000 ) ) ;
#622 = LINE ( 'NONE', #1475, #1767 ) ;
#623 = FACE_OUTER_BOUND ( 'NONE', #1461, .T. ) ;
#624 = CARTESIAN_POINT ( 'NONE',  ( -0.002999714528393866535, 7.026897941192802755, 3.000000000000000000 ) ) ;
#625 = FACE_OUTER_BOUND ( 'NONE', #1247, .T. ) ;
#626 = CARTESIAN_POINT ( 'NONE',  ( 3.711240931004555765, 11.75999999999999979, 0.000000000000000000 ) ) ;
#627 = EDGE_CURVE ( 'NONE', #453, #1434, #1902, .T. ) ;
#628 = DIRECTION ( 'NONE',  ( 1.000000000000000000, 0.000000000000000000, 0.000000000000000000 ) ) ;
#629 = ORIENTED_EDGE ( 'NONE', *, *, #631, .F. ) ;
#630 = LINE ( 'NONE', #2130, #642 ) ;
#631 = EDGE_CURVE ( 'NONE', #2073, #769, #1948, .T. ) ;
#632 = ORIENTED_EDGE ( 'NONE', *, *, #325, .T. ) ;
#633 = DIRECTION ( 'NONE',  ( 0.000000000000000000, 0.000000000000000000, 1.000000000000000000 ) ) ;
#634 = LINE ( 'NONE', #815, #223 ) ;
#635 = DIRECTION ( 'NONE',  ( 0.000000000000000000, -0.000000000000000000, -1.000000000000000000 ) ) ;
#636 = ORIENTED_EDGE ( 'NONE', *, *, #470, .F. ) ;
#637 = VECTOR ( 'NONE', #668, 1000.000000000000000 ) ;
#638 = CARTESIAN_POINT ( 'NONE',  ( 15.59263366239110482, 55.64203330755000110, 3.000000000000000000 ) ) ;
#639 = VERTEX_POINT ( 'NONE', #1279 ) ;
#640 = CARTESIAN_POINT ( 'NONE',  ( 2.801713482391107846, 51.24900787648735445, 17.50000000000000000 ) ) ;
#641 = ORIENTED_EDGE ( 'NONE', *, *, #1195, .T. ) ;
#642 = VECTOR ( 'NONE', #1924, 1000.000000000000000 ) ;
#643 = VECTOR ( 'NONE', #827, 1000.000000000000000 ) ;
#644 = EDGE_LOOP ( 'NONE', ( #802, #426, #1761, #398 ) ) ;
#645 = VECTOR ( 'NONE', #1021, 1000.000000000000000 ) ;
#646 = EDGE_CURVE ( 'NONE', #1742, #834, #955, .T. ) ;
#647 = LINE ( 'NONE', #1644, #1272 ) ;
#648 = CARTESIAN_POINT ( 'NONE',  ( 29.17142463048350010, 36.41303385995264819, -3.000000000000000000 ) ) ;
#649 = CARTESIAN_POINT ( 'NONE',  ( 32.58472668810468065, 70.00199890136907754, 0.000000000000000000 ) ) ;
#650 = DIRECTION ( 'NONE',  ( -1.000000000000000000, 0.000000000000000000, 0.000000000000000000 ) ) ;
#651 = VERTEX_POINT ( 'NONE', #1775 ) ;
#652 = CYLINDRICAL_SURFACE ( 'NONE', #2143, 2.390652799019614250 ) ;
#653 = VERTEX_POINT ( 'NONE', #2072 ) ;
#654 = ORIENTED_EDGE ( 'NONE', *, *, #272, .T. ) ;
#655 = FACE_OUTER_BOUND ( 'NONE', #1143, .T. ) ;
#656 = CARTESIAN_POINT ( 'NONE',  ( 57.66500091552700979, 63.00199890136906333, 0.000000000000000000 ) ) ;
#657 = CARTESIAN_POINT ( 'NONE',  ( 28.96541858999999164, 26.46809974185707759, 0.000000000000000000 ) ) ;
#658 = EDGE_CURVE ( 'NONE', #1723, #365, #1897, .T. ) ;
#659 = EDGE_CURVE ( 'NONE', #1085, #769, #887, .T. ) ;
#660 = CIRCLE ( 'NONE', #1470, 1.704240931004555648 ) ;
#661 = LINE ( 'NONE', #1334, #1187 ) ;
#662 = CARTESIAN_POINT ( 'NONE',  ( 57.65803783602434862, 7.320000000002070628, 3.000000000000000000 ) ) ;
#663 = ORIENTED_EDGE ( 'NONE', *, *, #1403, .T. ) ;
#664 = SURFACE_STYLE_USAGE ( .BOTH. , #1762 ) ;
#665 = ORIENTED_EDGE ( 'NONE', *, *, #151, .T. ) ;
#666 = FACE_OUTER_BOUND ( 'NONE', #790, .T. ) ;
#667 = ORIENTED_EDGE ( 'NONE', *, *, #824, .T. ) ;
#668 = DIRECTION ( 'NONE',  ( -1.000000000000000000, -0.000000000000000000, -0.000000000000000000 ) ) ;
#669 = LINE ( 'NONE', #2012, #2047 ) ;
#670 = DIRECTION ( 'NONE',  ( 0.000000000000000000, 0.000000000000000000, 1.000000000000000000 ) ) ;
#671 = EDGE_CURVE ( 'NONE', #1895, #775, #697, .T. ) ;
#672 = FACE_OUTER_BOUND ( 'NONE', #675, .T. ) ;
#673 = CARTESIAN_POINT ( 'NONE',  ( 34.97599999999999909, 67.89399999999999125, -3.000000000000000000 ) ) ;
#674 = ORIENTED_EDGE ( 'NONE', *, *, #2100, .T. ) ;
#675 = EDGE_LOOP ( 'NONE', ( #1756, #966 ) ) ;
#676 = AXIS2_PLACEMENT_3D ( 'NONE', #1752, #924, #1586 ) ;
#677 = AXIS2_PLACEMENT_3D ( 'NONE', #476, #1964, #1849 ) ;
#678 = DIRECTION ( 'NONE',  ( 0.000000000000000000, 0.000000000000000000, 1.000000000000000000 ) ) ;
#679 = DIRECTION ( 'NONE',  ( 0.9999999886850322595, -0.0001504324946375646982, 0.000000000000000000 ) ) ;
#680 = AXIS2_PLACEMENT_3D ( 'NONE', #1224, #560, #1232 ) ;
#681 = CARTESIAN_POINT ( 'NONE',  ( 8.360619662391105322, 70.00199890136700276, 17.50000000000000000 ) ) ;
#682 = DIRECTION ( 'NONE',  ( 1.000000000000000000, 0.000000000000000000, 0.000000000000000000 ) ) ;
#683 = CARTESIAN_POINT ( 'NONE',  ( 48.71042342266195391, 2.401465347587071530, -3.000000000000000000 ) ) ;
#684 = CARTESIAN_POINT ( 'NONE',  ( 56.29523096000704641, 64.84199890136908095, 4.500000000000000888 ) ) ;
#685 = ORIENTED_EDGE ( 'NONE', *, *, #383, .F. ) ;
#686 = EDGE_CURVE ( 'NONE', #972, #711, #382, .T. ) ;
#687 = ORIENTED_EDGE ( 'NONE', *, *, #242, .F. ) ;
#688 = DIRECTION ( 'NONE',  ( 0.000000000000000000, 0.000000000000000000, 1.000000000000000000 ) ) ;
#689 = CARTESIAN_POINT ( 'NONE',  ( 34.97599999999999909, 67.89399999999999125, -3.000000000000000000 ) ) ;
#690 = DIRECTION ( 'NONE',  ( -0.7102604095541718010, 0.7039390247883263729, 0.000000000000000000 ) ) ;
#691 = ORIENTED_EDGE ( 'NONE', *, *, #1497, .F. ) ;
#692 = DIRECTION ( 'NONE',  ( -0.0001504324946375646982, -0.9999999886850322595, -0.000000000000000000 ) ) ;
#693 = CIRCLE ( 'NONE', #34, 1.699999999999389555 ) ;
#694 = FACE_OUTER_BOUND ( 'NONE', #1777, .T. ) ;
#695 = FACE_OUTER_BOUND ( 'NONE', #425, .T. ) ;
#696 = CARTESIAN_POINT ( 'NONE',  ( 51.39523096000765889, 64.84199890136908095, 4.500000000000000888 ) ) ;
#697 =( BOUNDED_CURVE ( )  B_SPLINE_CURVE ( 3, ( #232, #569, #1877, #1101 ),
 .UNSPECIFIED., .F., .F. ) 
 B_SPLINE_CURVE_WITH_KNOTS ( ( 4, 4 ),
 ( 1.728963085268449884, 4.554222221911135904 ),
 .UNSPECIFIED. ) 
 CURVE ( )  GEOMETRIC_REPRESENTATION_ITEM ( )  RATIONAL_B_SPLINE_CURVE ( ( 1.000000000000000000, 0.4383387425732328535, 0.4383387425732328535, 1.000000000000000000 ) ) 
 REPRESENTATION_ITEM ( '' )  );
#698 = LINE ( 'NONE', #519, #1306 ) ;
#699 = VERTEX_POINT ( 'NONE', #444 ) ;
#700 = EDGE_CURVE ( 'NONE', #1995, #639, #1111, .T. ) ;
#701 = EDGE_CURVE ( 'NONE', #871, #366, #399, .T. ) ;
#702 = ORIENTED_EDGE ( 'NONE', *, *, #943, .T. ) ;
#703 = CYLINDRICAL_SURFACE ( 'NONE', #1065, 1.199999999999999734 ) ;
#704 = CARTESIAN_POINT ( 'NONE',  ( 49.84523096000827280, 64.84199890136908095, 4.500000000000000888 ) ) ;
#705 = EDGE_CURVE ( 'NONE', #1237, #342, #221, .T. ) ;
#706 = CARTESIAN_POINT ( 'NONE',  ( 16.79783914143555634, 15.19372240650392847, 3.000000000000000000 ) ) ;
#707 = FACE_OUTER_BOUND ( 'NONE', #1765, .T. ) ;
#708 = ORIENTED_EDGE ( 'NONE', *, *, #475, .T. ) ;
#709 = FACE_OUTER_BOUND ( 'NONE', #307, .T. ) ;
#710 = CARTESIAN_POINT ( 'NONE',  ( 28.88521634381089243, 23.17573017770199684, 0.000000000000000000 ) ) ;
#711 = VERTEX_POINT ( 'NONE', #1445 ) ;
#712 = ADVANCED_FACE ( 'NONE', ( #1048 ), #2108, .T. ) ;
#713 = VECTOR ( 'NONE', #1572, 1000.000000000000000 ) ;
#714 = FACE_OUTER_BOUND ( 'NONE', #1235, .T. ) ;
#715 = CARTESIAN_POINT ( 'NONE',  ( 37.78087911081129135, 65.83635289750995412, 3.000000000000000000 ) ) ;
#716 = CARTESIAN_POINT ( 'NONE',  ( 32.58472668810468065, 65.83635289750995412, 3.000000000000000000 ) ) ;
#717 = AXIS2_PLACEMENT_3D ( 'NONE', #1046, #580, #239 ) ;
#718 = ADVANCED_FACE ( 'NONE', ( #707 ), #2041, .F. ) ;
#719 = VECTOR ( 'NONE', #1975, 1000.000000000000000 ) ;
#720 = AXIS2_PLACEMENT_3D ( 'NONE', #341, #787, #142 ) ;
#721 = DIRECTION ( 'NONE',  ( 1.000000000000000000, 0.000000000000000000, 0.000000000000000000 ) ) ;
#722 = CARTESIAN_POINT ( 'NONE',  ( 57.66278976710300697, 45.32000000000206796, 3.000000000000000000 ) ) ;
#723 = LINE ( 'NONE', #1029, #1242 ) ;
#724 = ORIENTED_EDGE ( 'NONE', *, *, #1414, .F. ) ;
#725 = CARTESIAN_POINT ( 'NONE',  ( 43.29763704129243962, 58.15736828445517403, 0.000000000000000000 ) ) ;
#726 = DIRECTION ( 'NONE',  ( -0.000000000000000000, -0.000000000000000000, -1.000000000000000000 ) ) ;
#727 = CIRCLE ( 'NONE', #1770, 2.390652799019614250 ) ;
#728 = APPLICATION_PROTOCOL_DEFINITION ( 'draft international standard', 'automotive_design', 1998, #1714 ) ;
#729 = VERTEX_POINT ( 'NONE', #1008 ) ;
#730 = ADVANCED_FACE ( 'NONE', ( #1808 ), #1481, .T. ) ;
#731 = EDGE_CURVE ( 'NONE', #1429, #1605, #995, .T. ) ;
#732 = DIRECTION ( 'NONE',  ( -1.000000000000000000, 0.000000000000000000, 0.000000000000000000 ) ) ;
#733 = DIRECTION ( 'NONE',  ( 0.000000000000000000, 0.000000000000000000, -1.000000000000000000 ) ) ;
#734 = ORIENTED_EDGE ( 'NONE', *, *, #485, .T. ) ;
#735 = ORIENTED_EDGE ( 'NONE', *, *, #128, .T. ) ;
#736 = DIRECTION ( 'NONE',  ( 1.000000000000000000, 0.000000000000000000, 0.000000000000000000 ) ) ;
#737 = EDGE_LOOP ( 'NONE', ( #1613, #1076 ) ) ;
#738 = FACE_OUTER_BOUND ( 'NONE', #1446, .T. ) ;
#739 = ORIENTED_EDGE ( 'NONE', *, *, #1736, .T. ) ;
#740 = EDGE_CURVE ( 'NONE', #486, #1588, #1238, .T. ) ;
#741 = FACE_OUTER_BOUND ( 'NONE', #1994, .T. ) ;
#742 = LINE ( 'NONE', #772, #828 ) ;
#743 = ORIENTED_EDGE ( 'NONE', *, *, #1973, .F. ) ;
#744 = EDGE_CURVE ( 'NONE', #925, #769, #1504, .T. ) ;
#745 = PLANE ( 'NONE',  #676 ) ;
#746 = ORIENTED_EDGE ( 'NONE', *, *, #343, .T. ) ;
#747 = DIRECTION ( 'NONE',  ( -0.000000000000000000, -0.000000000000000000, -1.000000000000000000 ) ) ;
#748 = EDGE_LOOP ( 'NONE', ( #309, #2084 ) ) ;
#749 = EDGE_LOOP ( 'NONE', ( #1340, #537, #1018, #978 ) ) ;
#750 = AXIS2_PLACEMENT_3D ( 'NONE', #819, #1469, #1494 ) ;
#751 = DIRECTION ( 'NONE',  ( 0.000000000000000000, 0.000000000000000000, 1.000000000000000000 ) ) ;
#752 = AXIS2_PLACEMENT_3D ( 'NONE', #1432, #2074, #1757 ) ;
#753 = AXIS2_PLACEMENT_3D ( 'NONE', #1861, #2020, #690 ) ;
#754 = DIRECTION ( 'NONE',  ( 1.000000000000000000, 0.000000000000000000, -0.000000000000000000 ) ) ;
#755 = ORIENTED_EDGE ( 'NONE', *, *, #2089, .T. ) ;
#756 = FACE_OUTER_BOUND ( 'NONE', #1204, .T. ) ;
#757 = EDGE_CURVE ( 'NONE', #775, #251, #1299, .T. ) ;
#758 = ORIENTED_EDGE ( 'NONE', *, *, #592, .T. ) ;
#759 = SURFACE_STYLE_FILL_AREA ( #1436 ) ;
#760 = AXIS2_PLACEMENT_3D ( 'NONE', #1583, #561, #1263 ) ;
#761 = EDGE_LOOP ( 'NONE', ( #252, #1495, #115, #1064 ) ) ;
#762 = CYLINDRICAL_SURFACE ( 'NONE', #1243, 1.728353813270931738 ) ;
#763 = CARTESIAN_POINT ( 'NONE',  ( 51.39523096000765889, 64.84199890136908095, 3.000000000000000000 ) ) ;
#764 = ORIENTED_EDGE ( 'NONE', *, *, #35, .F. ) ;
#765 = APPLICATION_PROTOCOL_DEFINITION ( 'draft international standard', 'automotive_design', 1998, #1175 ) ;
#766 = ORIENTED_EDGE ( 'NONE', *, *, #1428, .T. ) ;
#767 = EDGE_CURVE ( 'NONE', #558, #1660, #2162, .T. ) ;
#768 = CARTESIAN_POINT ( 'NONE',  ( 28.88521634381089243, 23.17573017770199684, 3.000000000000000000 ) ) ;
#769 = VERTEX_POINT ( 'NONE', #662 ) ;
#770 = DIRECTION ( 'NONE',  ( 1.000000000000000000, 1.443328127052817719E-12, -0.000000000000000000 ) ) ;
#771 = CARTESIAN_POINT ( 'NONE',  ( 34.97599999999999909, 67.89399999999999125, -3.000000000000000000 ) ) ;
#772 = CARTESIAN_POINT ( 'NONE',  ( 50.54600143432600845, 2.066103184341716655E-12, 3.000000000000000000 ) ) ;
#773 = ORIENTED_EDGE ( 'NONE', *, *, #1052, .T. ) ;
#774 = DIRECTION ( 'NONE',  ( -1.000000000000000000, 0.000000000000000000, 0.000000000000000000 ) ) ;
#775 = VERTEX_POINT ( 'NONE', #1335 ) ;
#776 = ORIENTED_EDGE ( 'NONE', *, *, #246, .T. ) ;
#777 = DIRECTION ( 'NONE',  ( 1.000000000000000000, 0.000000000000000000, 0.000000000000000000 ) ) ;
#778 = LINE ( 'NONE', #1790, #1555 ) ;
#779 = ADVANCED_FACE ( 'NONE', ( #1825 ), #1142, .F. ) ;
#780 = DIRECTION ( 'NONE',  ( 0.000000000000000000, 1.000000000000000000, 0.000000000000000000 ) ) ;
#781 = CIRCLE ( 'NONE', #1487, 5.553607427576920053 ) ;
#782 = DIRECTION ( 'NONE',  ( 0.000000000000000000, 0.000000000000000000, 1.000000000000000000 ) ) ;
#783 = ORIENTED_EDGE ( 'NONE', *, *, #272, .F. ) ;
#784 = VECTOR ( 'NONE', #1747, 1000.000000000000000 ) ;
#785 = CIRCLE ( 'NONE', #1978, 1.704240931004555648 ) ;
#786 = VECTOR ( 'NONE', #835, 1000.000000000000000 ) ;
#787 = DIRECTION ( 'NONE',  ( 1.000000000000000000, -6.806627791756434039E-16, 0.000000000000000000 ) ) ;
#788 = ORIENTED_EDGE ( 'NONE', *, *, #1649, .F. ) ;
#789 = DIRECTION ( 'NONE',  ( 0.000000000000000000, 0.000000000000000000, -1.000000000000000000 ) ) ;
#790 = EDGE_LOOP ( 'NONE', ( #1478, #1579, #436, #1923 ) ) ;
#791 = CARTESIAN_POINT ( 'NONE',  ( 53.09523096000704356, 64.84199890136908095, 3.000000000000000000 ) ) ;
#792 = DIRECTION ( 'NONE',  ( -0.7027419230173960196, 0.7114448605716484630, 0.000000000000000000 ) ) ;
#793 = FACE_OUTER_BOUND ( 'NONE', #1120, .T. ) ;
#794 = EDGE_CURVE ( 'NONE', #1660, #87, #1651, .T. ) ;
#795 = EDGE_CURVE ( 'NONE', #7, #800, #1641, .T. ) ;
#796 = EDGE_LOOP ( 'NONE', ( #1401, #1847, #218, #109 ) ) ;
#797 = ADVANCED_FACE ( 'NONE', ( #1460 ), #1163, .F. ) ;
#798 = CARTESIAN_POINT ( 'NONE',  ( 7.086999893188005828, 2.066103184341716655E-12, 3.000000000000000000 ) ) ;
#799 = CARTESIAN_POINT ( 'NONE',  ( 33.50212168539132307, 36.41303385995264819, -3.000000000000000000 ) ) ;
#800 = VERTEX_POINT ( 'NONE', #616 ) ;
#801 = DIRECTION ( 'NONE',  ( 0.000000000000000000, 1.000000000000000000, -0.000000000000000000 ) ) ;
#802 = ORIENTED_EDGE ( 'NONE', *, *, #1361, .F. ) ;
#803 = AXIS2_PLACEMENT_3D ( 'NONE', #528, #733, #207 ) ;
#804 = FACE_OUTER_BOUND ( 'NONE', #844, .T. ) ;
#805 = DIRECTION ( 'NONE',  ( -0.000000000000000000, -0.000000000000000000, 1.000000000000000000 ) ) ;
#806 = CARTESIAN_POINT ( 'NONE',  ( 50.41082342266195582, 2.401465347587071530, -3.000000000000000000 ) ) ;
#807 = EDGE_LOOP ( 'NONE', ( #1795, #89, #629, #942 ) ) ;
#808 = ADVANCED_FACE ( 'NONE', ( #1817 ), #810, .T. ) ;
#809 = FACE_OUTER_BOUND ( 'NONE', #1745, .T. ) ;
#810 = CYLINDRICAL_SURFACE ( 'NONE', #750, 1.728353813270931738 ) ;
#811 = ORIENTED_EDGE ( 'NONE', *, *, #1375, .F. ) ;
#812 = VERTEX_POINT ( 'NONE', #2138 ) ;
#813 = CARTESIAN_POINT ( 'NONE',  ( 9.235357893426790810, 70.00199763233040073, 16.31303881112028265 ) ) ;
#814 = CARTESIAN_POINT ( 'NONE',  ( -0.001771158736908866067, 15.19372240650448092, 3.000000000000000000 ) ) ;
#815 = CARTESIAN_POINT ( 'NONE',  ( 36.70161492975689299, 67.79673737589244809, -3.000000000000000000 ) ) ;
#816 = CARTESIAN_POINT ( 'NONE',  ( 9.235357893426790810, 51.24900787648735445, 10.75943138354336348 ) ) ;
#817 = CIRCLE ( 'NONE', #532, 1.728353813270931738 ) ;
#818 = PLANE ( 'NONE',  #1976 ) ;
#819 = CARTESIAN_POINT ( 'NONE',  ( 34.97599999999999909, 67.89399999999999125, -3.000000000000000000 ) ) ;
#820 = EDGE_LOOP ( 'NONE', ( #1267, #766, #947, #1846, #1960, #2025, #273, #1431 ) ) ;
#821 = VECTOR ( 'NONE', #2029, 1000.000000000000227 ) ;
#823 = EDGE_CURVE ( 'NONE', #342, #177, #1287, .T. ) ;
#822 = AXIS2_PLACEMENT_3D ( 'NONE', #976, #1284, #1953 ) ;
#824 = EDGE_CURVE ( 'NONE', #98, #1910, #1695, .T. ) ;
#825 = VERTEX_POINT ( 'NONE', #799 ) ;
#826 = CARTESIAN_POINT ( 'NONE',  ( 36.17600000000000193, 67.89399999999999125, -3.000000000000000000 ) ) ;
#827 = DIRECTION ( 'NONE',  ( -0.000000000000000000, -0.000000000000000000, -1.000000000000000000 ) ) ;
#828 = VECTOR ( 'NONE', #442, 1000.000000000000114 ) ;
#829 = CARTESIAN_POINT ( 'NONE',  ( 15.59263410239110570, 51.24900787648735445, 3.000000000000000000 ) ) ;
#830 = FACE_OUTER_BOUND ( 'NONE', #2015, .T. ) ;
#831 = CARTESIAN_POINT ( 'NONE',  ( 33.25038507024311230, 67.79673737589244809, 0.000000000000000000 ) ) ;
#832 = VERTEX_POINT ( 'NONE', #2127 ) ;
#833 =( LENGTH_UNIT ( ) NAMED_UNIT ( * ) SI_UNIT ( .MILLI., .METRE. ) );
#834 = VERTEX_POINT ( 'NONE', #640 ) ;
#835 = DIRECTION ( 'NONE',  ( -1.000000000000000000, 0.000000000000000000, 0.000000000000000000 ) ) ;
#836 = DIRECTION ( 'NONE',  ( 1.000000000000000000, 0.000000000000000000, 0.000000000000000000 ) ) ;
#837 = ORIENTED_EDGE ( 'NONE', *, *, #1548, .F. ) ;
#838 = FACE_BOUND ( 'NONE', #324, .T. ) ;
#839 = VECTOR ( 'NONE', #1881, 1000.000000000000000 ) ;
#840 = EDGE_CURVE ( 'NONE', #1901, #99, #1311, .T. ) ;
#841 = DIRECTION ( 'NONE',  ( 1.000000000000000000, 0.000000000000000000, 0.000000000000000000 ) ) ;
#842 = DIRECTION ( 'NONE',  ( -0.9999999921811465464, 0.0001250508168815969018, 0.000000000000000000 ) ) ;
#843 = CARTESIAN_POINT ( 'NONE',  ( 9.235357893426790810, 51.24900787648735445, 16.31303881112028265 ) ) ;
#844 = EDGE_LOOP ( 'NONE', ( #1265, #845, #1858, #608 ) ) ;
#845 = ORIENTED_EDGE ( 'NONE', *, *, #97, .T. ) ;
#846 = CARTESIAN_POINT ( 'NONE',  ( 45.68828984031205920, 58.15736828445517403, 3.000000000000000000 ) ) ;
#847 = DIRECTION ( 'NONE',  ( 0.000000000000000000, -1.000000000000000000, 0.000000000000000000 ) ) ;
#848 = DIRECTION ( 'NONE',  ( -1.000000000000000000, -5.478074134663600261E-16, 0.000000000000000000 ) ) ;
#849 = EDGE_CURVE ( 'NONE', #2036, #263, #989, .T. ) ;
#850 = LINE ( 'NONE', #351, #374 ) ;
#851 = PLANE ( 'NONE',  #1112 ) ;
#852 = LINE ( 'NONE', #2046, #502 ) ;
#853 = ORIENTED_EDGE ( 'NONE', *, *, #824, .F. ) ;
#854 = VECTOR ( 'NONE', #54, 1000.000000000000000 ) ;
#855 = ORIENTED_EDGE ( 'NONE', *, *, #242, .T. ) ;
#856 = PRESENTATION_LAYER_ASSIGNMENT (  '', '', ( #1801 ) ) ;
#857 = VECTOR ( 'NONE', #458, 1000.000000000000000 ) ;
#858 = DIRECTION ( 'NONE',  ( -0.000000000000000000, -1.000000000000000000, -0.000000000000000000 ) ) ;
#859 = LINE ( 'NONE', #1377, #645 ) ;
#860 = CARTESIAN_POINT ( 'NONE',  ( 39.88029162565499774, 65.83635289751217101, -3.000000000000000000 ) ) ;
#861 = VERTEX_POINT ( 'NONE', #376 ) ;
#862 = VECTOR ( 'NONE', #1632, 1000.000000000000000 ) ;
#863 = DIRECTION ( 'NONE',  ( 0.000000000000000000, 0.000000000000000000, 1.000000000000000000 ) ) ;
#864 = ORIENTED_EDGE ( 'NONE', *, *, #110, .T. ) ;
#865 = CARTESIAN_POINT ( 'NONE',  ( 34.97599999999999909, 67.89399999999999125, -3.000000000000000000 ) ) ;
#866 = EDGE_CURVE ( 'NONE', #1229, #1660, #393, .T. ) ;
#867 = EDGE_CURVE ( 'NONE', #1466, #1498, #698, .T. ) ;
#868 = DIRECTION ( 'NONE',  ( 1.000000000000000000, 0.000000000000000000, 0.000000000000000000 ) ) ;
#869 = LINE ( 'NONE', #1535, #1885 ) ;
#870 = CARTESIAN_POINT ( 'NONE',  ( 3.206999999999999851, 11.75999999999999979, -4.599999999999999645 ) ) ;
#871 = VERTEX_POINT ( 'NONE', #6 ) ;
#872 = VECTOR ( 'NONE', #114, 1000.000000000000227 ) ;
#873 = ORIENTED_EDGE ( 'NONE', *, *, #891, .F. ) ;
#874 = LINE ( 'NONE', #212, #784 ) ;
#875 = DIRECTION ( 'NONE',  ( -0.9999999921811465464, 0.0001250508168815969018, 0.000000000000000000 ) ) ;
#876 = DIRECTION ( 'NONE',  ( 0.000000000000000000, 0.000000000000000000, -1.000000000000000000 ) ) ;
#877 = LINE ( 'NONE', #1367, #57 ) ;
#878 = VERTEX_POINT ( 'NONE', #843 ) ;
#879 = AXIS2_PLACEMENT_3D ( 'NONE', #1772, #1107, #754 ) ;
#880 = DIRECTION ( 'NONE',  ( 1.000000000000000000, 0.000000000000000000, 0.000000000000000000 ) ) ;
#881 = DIRECTION ( 'NONE',  ( -0.000000000000000000, -0.000000000000000000, -1.000000000000000000 ) ) ;
#882 = EDGE_CURVE ( 'NONE', #1135, #211, #1882, .T. ) ;
#883 = ORIENTED_EDGE ( 'NONE', *, *, #840, .F. ) ;
#884 = DIRECTION ( 'NONE',  ( 0.005275549562206515754, 0.9999860841915835241, 0.000000000000000000 ) ) ;
#885 = DIRECTION ( 'NONE',  ( -1.000000000000000000, 0.000000000000000000, 0.000000000000000000 ) ) ;
#886 =( NAMED_UNIT ( * ) SI_UNIT ( $, .STERADIAN. ) SOLID_ANGLE_UNIT ( ) );
#887 = LINE ( 'NONE', #1889, #1587 ) ;
#888 = CARTESIAN_POINT ( 'NONE',  ( 2.801713482391104293, 56.81649478397233111, 3.000000000000000000 ) ) ;
#889 = DIRECTION ( 'NONE',  ( 0.000000000000000000, 0.000000000000000000, 1.000000000000000000 ) ) ;
#890 = ORIENTED_EDGE ( 'NONE', *, *, #1999, .F. ) ;
#891 = EDGE_CURVE ( 'NONE', #1654, #926, #544, .T. ) ;
#892 = AXIS2_PLACEMENT_3D ( 'NONE', #1657, #1842, #2 ) ;
#893 = PLANE ( 'NONE',  #1763 ) ;
#894 = EDGE_CURVE ( 'NONE', #122, #1257, #385, .T. ) ;
#895 = DIRECTION ( 'NONE',  ( -1.000000000000000000, -0.000000000000000000, -0.000000000000000000 ) ) ;
#896 = ORIENTED_EDGE ( 'NONE', *, *, #960, .F. ) ;
#897 = ORIENTED_EDGE ( 'NONE', *, *, #1458, .T. ) ;
#898 = VECTOR ( 'NONE', #75, 1000.000000000000000 ) ;
#899 = VECTOR ( 'NONE', #1841, 1000.000000000000000 ) ;
#900 = VECTOR ( 'NONE', #650, 1000.000000000000000 ) ;
#901 = AXIS2_PLACEMENT_3D ( 'NONE', #105, #1782, #557 ) ;
#902 = CYLINDRICAL_SURFACE ( 'NONE', #1567, 5.553607427576920053 ) ;
#903 = LINE ( 'NONE', #1553, #839 ) ;
#904 = EDGE_LOOP ( 'NONE', ( #1165, #107, #78, #2136 ) ) ;
#905 = ORIENTED_EDGE ( 'NONE', *, *, #411, .T. ) ;
#906 = AXIS2_PLACEMENT_3D ( 'NONE', #763, #1945, #1412 ) ;
#907 = FACE_OUTER_BOUND ( 'NONE', #422, .T. ) ;
#908 = ORIENTED_EDGE ( 'NONE', *, *, #1928, .F. ) ;
#909 = CARTESIAN_POINT ( 'NONE',  ( 33.77600000000000335, 67.89399999999999125, -4.599999999999999645 ) ) ;
#910 = ORIENTED_EDGE ( 'NONE', *, *, #1150, .F. ) ;
#911 = EDGE_CURVE ( 'NONE', #1024, #699, #2024, .T. ) ;
#912 = EDGE_CURVE ( 'NONE', #1742, #651, #1856, .T. ) ;
#913 = DIRECTION ( 'NONE',  ( 0.000000000000000000, -0.000000000000000000, -1.000000000000000000 ) ) ;
#914 = DIRECTION ( 'NONE',  ( 1.000000000000000000, 0.000000000000000000, 0.000000000000000000 ) ) ;
#915 = ORIENTED_EDGE ( 'NONE', *, *, #1332, .F. ) ;
#916 = ORIENTED_EDGE ( 'NONE', *, *, #82, .T. ) ;
#917 = DIRECTION ( 'NONE',  ( 1.000000000000000000, 0.000000000000000000, 0.000000000000000000 ) ) ;
#918 = ORIENTED_EDGE ( 'NONE', *, *, #1342, .T. ) ;
#919 = ORIENTED_EDGE ( 'NONE', *, *, #418, .F. ) ;
#920 = FACE_OUTER_BOUND ( 'NONE', #761, .T. ) ;
#921 = EDGE_CURVE ( 'NONE', #304, #1520, #13, .T. ) ;
#922 = FACE_OUTER_BOUND ( 'NONE', #81, .T. ) ;
#923 = VERTEX_POINT ( 'NONE', #208 ) ;
#924 = DIRECTION ( 'NONE',  ( 0.000000000000000000, 0.000000000000000000, 1.000000000000000000 ) ) ;
#925 = VERTEX_POINT ( 'NONE', #1227 ) ;
#926 = VERTEX_POINT ( 'NONE', #364 ) ;
#927 = VECTOR ( 'NONE', #1837, 1000.000000000000000 ) ;
#928 = CIRCLE ( 'NONE', #194, 1.199999999999999734 ) ;
#929 = DIRECTION ( 'NONE',  ( 0.000000000000000000, 0.000000000000000000, 1.000000000000000000 ) ) ;
#930 = CIRCLE ( 'NONE', #1349, 1.199999999999999734 ) ;
#931 = EDGE_LOOP ( 'NONE', ( #2128, #1326, #853, #1582, #2164, #1533, #249, #1580 ) ) ;
#932 = CIRCLE ( 'NONE', #2147, 1.199999999999999734 ) ;
#933 = EDGE_CURVE ( 'NONE', #1434, #453, #256, .T. ) ;
#934 = EDGE_CURVE ( 'NONE', #139, #2063, #1936, .T. ) ;
#935 = ORIENTED_EDGE ( 'NONE', *, *, #794, .T. ) ;
#936 = ORIENTED_EDGE ( 'NONE', *, *, #471, .T. ) ;
#937 = VECTOR ( 'NONE', #1854, 1000.000000000000114 ) ;
#938 = ORIENTED_EDGE ( 'NONE', *, *, #997, .T. ) ;
#939 = PLANE ( 'NONE',  #1617 ) ;
#940 = DIRECTION ( 'NONE',  ( -0.000000000000000000, -0.000000000000000000, -1.000000000000000000 ) ) ;
#941 = VECTOR ( 'NONE', #1601, 1000.000000000000000 ) ;
#942 = ORIENTED_EDGE ( 'NONE', *, *, #1864, .T. ) ;
#943 = EDGE_CURVE ( 'NONE', #923, #1300, #852, .T. ) ;
#944 =( LENGTH_UNIT ( ) NAMED_UNIT ( * ) SI_UNIT ( .MILLI., .METRE. ) );
#945 = CARTESIAN_POINT ( 'NONE',  ( 26.46541858999999874, 26.46809974185707759, 3.000000000000000000 ) ) ;
#946 = AXIS2_PLACEMENT_3D ( 'NONE', #392, #1380, #721 ) ;
#947 = ORIENTED_EDGE ( 'NONE', *, *, #496, .T. ) ;
#948 = EDGE_CURVE ( 'NONE', #139, #1949, #2014, .T. ) ;
#949 = ORIENTED_EDGE ( 'NONE', *, *, #1822, .F. ) ;
#950 = DIRECTION ( 'NONE',  ( -0.000000000000000000, -0.000000000000000000, -1.000000000000000000 ) ) ;
#951 = DIRECTION ( 'NONE',  ( -0.000000000000000000, -0.000000000000000000, 1.000000000000000000 ) ) ;
#952 = CARTESIAN_POINT ( 'NONE',  ( 15.59263410239110392, 63.00287427383130279, 3.000000000000000000 ) ) ;
#953 = EDGE_LOOP ( 'NONE', ( #298, #1969, #1753, #1603 ) ) ;
#954 = PRODUCT_CONTEXT ( 'NONE', #1175, 'mechanical' ) ;
#955 = LINE ( 'NONE', #106, #2043 ) ;
#956 = VERTEX_POINT ( 'NONE', #1359 ) ;
#957 = DIRECTION ( 'NONE',  ( 1.000000000000000000, 3.614007241618356166E-16, 0.000000000000000000 ) ) ;
#958 = ORIENTED_EDGE ( 'NONE', *, *, #538, .F. ) ;
#959 = EDGE_CURVE ( 'NONE', #1934, #1260, #723, .T. ) ;
#960 = EDGE_CURVE ( 'NONE', #285, #1351, #1732, .T. ) ;
#961 = FACE_BOUND ( 'NONE', #981, .T. ) ;
#962 = CARTESIAN_POINT ( 'NONE',  ( 47.01002342266195910, 2.401465347587071530, 0.000000000000000000 ) ) ;
#963 = LINE ( 'NONE', #126, #505 ) ;
#964 = LINE ( 'NONE', #1477, #574 ) ;
#965 = AXIS2_PLACEMENT_3D ( 'NONE', #998, #1665, #306 ) ;
#966 = ORIENTED_EDGE ( 'NONE', *, *, #152, .F. ) ;
#967 = VECTOR ( 'NONE', #1407, 1000.000000000000000 ) ;
#968 = VECTOR ( 'NONE', #984, 1000.000000000000000 ) ;
#969 = VECTOR ( 'NONE', #1517, 1000.000000000000000 ) ;
#970 = DIRECTION ( 'NONE',  ( 0.000000000000000000, 0.000000000000000000, 1.000000000000000000 ) ) ;
#971 = ORIENTED_EDGE ( 'NONE', *, *, #1548, .T. ) ;
#972 = VERTEX_POINT ( 'NONE', #175 ) ;
#973 = CARTESIAN_POINT ( 'NONE',  ( 2.801713482391106957, 57.99960780504349600, 0.000000000000000000 ) ) ;
#974 = CARTESIAN_POINT ( 'NONE',  ( 15.59263410239110748, 51.24900787648735445, 17.50000000000000000 ) ) ;
#975 = DIRECTION ( 'NONE',  ( 0.0001250508168815968747, 0.9999999921811464354, 0.000000000000000000 ) ) ;
#976 = CARTESIAN_POINT ( 'NONE',  ( 15.59263366239110482, 55.64203330755000110, 3.000000000000000000 ) ) ;
#977 = EDGE_CURVE ( 'NONE', #342, #729, #1536, .T. ) ;
#978 = ORIENTED_EDGE ( 'NONE', *, *, #744, .F. ) ;
#979 = DIRECTION ( 'NONE',  ( -1.000000000000000000, -0.000000000000000000, -0.000000000000000000 ) ) ;
#980 = DIRECTION ( 'NONE',  ( -0.000000000000000000, -0.000000000000000000, -1.000000000000000000 ) ) ;
#981 = EDGE_LOOP ( 'NONE', ( #1787, #209 ) ) ;
#982 = AXIS2_PLACEMENT_3D ( 'NONE', #996, #497, #1816 ) ;
#983 = ORIENTED_EDGE ( 'NONE', *, *, #1973, .T. ) ;
#984 = DIRECTION ( 'NONE',  ( -0.000000000000000000, -0.000000000000000000, -1.000000000000000000 ) ) ;
#985 = DIRECTION ( 'NONE',  ( -0.000000000000000000, -0.000000000000000000, -1.000000000000000000 ) ) ;
#986 = DIRECTION ( 'NONE',  ( 1.000000000000000000, 0.000000000000000000, 0.000000000000000000 ) ) ;
#987 = ADVANCED_FACE ( 'NONE', ( #1372 ), #1554, .F. ) ;
#988 = DIRECTION ( 'NONE',  ( -1.000000000000000000, 0.000000000000000000, -0.000000000000000000 ) ) ;
#989 = LINE ( 'NONE', #684, #1972 ) ;
#990 = ORIENTED_EDGE ( 'NONE', *, *, #430, .F. ) ;
#991 = EDGE_LOOP ( 'NONE', ( #1958, #691, #1537, #1277 ) ) ;
#992 = LINE ( 'NONE', #100, #2078 ) ;
#993 = FACE_BOUND ( 'NONE', #356, .T. ) ;
#994 = EDGE_LOOP ( 'NONE', ( #958, #1053, #262, #1870 ) ) ;
#995 = CIRCLE ( 'NONE', #12, 1.728353813270931738 ) ;
#996 = CARTESIAN_POINT ( 'NONE',  ( 2.007000000000000117, 11.75999999999999979, -3.000000000000000000 ) ) ;
#997 = EDGE_CURVE ( 'NONE', #1373, #1711, #43, .T. ) ;
#998 = CARTESIAN_POINT ( 'NONE',  ( 48.71042342266195391, 2.401465347587071530, -3.000000000000000000 ) ) ;
#999 = CIRCLE ( 'NONE', #52, 4.330697054907822974 ) ;
#1000 = ORIENTED_EDGE ( 'NONE', *, *, #997, .F. ) ;
#1001 = AXIS2_PLACEMENT_3D ( 'NONE', #1355, #1341, #682 ) ;
#1002 = VERTEX_POINT ( 'NONE', #509 ) ;
#1003 = CARTESIAN_POINT ( 'NONE',  ( 51.39523096000765889, 64.84199890136908095, 5.000000000000000000 ) ) ;
#1004 = DIRECTION ( 'NONE',  ( 1.000000000000000000, 0.000000000000000000, -0.000000000000000000 ) ) ;
#1005 = DIRECTION ( 'NONE',  ( 1.000000000000000000, 0.000000000000000000, 0.000000000000000000 ) ) ;
#1006 = DIRECTION ( 'NONE',  ( -0.000000000000000000, -0.000000000000000000, -1.000000000000000000 ) ) ;
#1007 = DIRECTION ( 'NONE',  ( 0.000000000000000000, 1.000000000000000000, 0.000000000000000000 ) ) ;
#1008 = CARTESIAN_POINT ( 'NONE',  ( 32.58472668810468065, 65.83635289750995412, 0.000000000000000000 ) ) ;
#1009 = ORIENTED_EDGE ( 'NONE', *, *, #1880, .T. ) ;
#1010 = ORIENTED_EDGE ( 'NONE', *, *, #1301, .F. ) ;
#1011 = ADVANCED_FACE ( 'NONE', ( #907 ), #893, .F. ) ;
#1012 = CARTESIAN_POINT ( 'NONE',  ( 8.360619662391107099, 63.38859499956932098, 3.000000000000000000 ) ) ;
#1013 = CARTESIAN_POINT ( 'NONE',  ( 2.801713482391106957, 56.81649478397233111, 0.000000000000000000 ) ) ;
#1014 = FACE_BOUND ( 'NONE', #576, .T. ) ;
#1015 = PLANE ( 'NONE',  #16 ) ;
#1016 = LINE ( 'NONE', #1683, #2060 ) ;
#1017 = DIRECTION ( 'NONE',  ( -0.000000000000000000, -0.000000000000000000, -1.000000000000000000 ) ) ;
#1018 = ORIENTED_EDGE ( 'NONE', *, *, #659, .T. ) ;
#1019 = ORIENTED_EDGE ( 'NONE', *, *, #867, .T. ) ;
#1020 = DIRECTION ( 'NONE',  ( 0.7102604095541719120, -0.7039390247883263729, 0.000000000000000000 ) ) ;
#1021 = DIRECTION ( 'NONE',  ( 0.000000000000000000, -1.000000000000000000, 0.000000000000000000 ) ) ;
#1022 = DIRECTION ( 'NONE',  ( 0.0001504324946375646982, 0.9999999886850322595, 0.000000000000000000 ) ) ;
#1023 = CARTESIAN_POINT ( 'NONE',  ( 50.46278976710301833, 7.320000000002067964, 0.000000000000000000 ) ) ;
#1024 = VERTEX_POINT ( 'NONE', #567 ) ;
#1025 = ADVANCED_FACE ( 'NONE', ( #1250 ), #2038, .F. ) ;
#1026 = EDGE_CURVE ( 'NONE', #2063, #832, #1907, .T. ) ;
#1027 = DIRECTION ( 'NONE',  ( 0.000000000000000000, 0.000000000000000000, 1.000000000000000000 ) ) ;
#1028 = CARTESIAN_POINT ( 'NONE',  ( 33.25038507024311230, 67.79673737589239124, 0.000000000000000000 ) ) ;
#1029 = CARTESIAN_POINT ( 'NONE',  ( 0.8070000000000006057, 11.75999999999999979, -4.599999999999999645 ) ) ;
#1030 = EDGE_LOOP ( 'NONE', ( #321, #2087, #1179, #1060, #395, #1388 ) ) ;
#1031 = VECTOR ( 'NONE', #319, 1000.000000000000000 ) ;
#1032 = ORIENTED_EDGE ( 'NONE', *, *, #2016, .T. ) ;
#1033 = VECTOR ( 'NONE', #1513, 1000.000000000000000 ) ;
#1034 = CIRCLE ( 'NONE', #1835, 2.390652799019614250 ) ;
#1035 = CARTESIAN_POINT ( 'NONE',  ( 39.89063387505243696, 67.79673737589244809, -3.000000000000000000 ) ) ;
#1036 = DIRECTION ( 'NONE',  ( -0.000000000000000000, -0.000000000000000000, -1.000000000000000000 ) ) ;
#1037 = CARTESIAN_POINT ( 'NONE',  ( 28.88521634381089243, 12.12795355502193040, 3.000000000000000000 ) ) ;
#1038 = VECTOR ( 'NONE', #1562, 1000.000000000000000 ) ;
#1039 = CARTESIAN_POINT ( 'NONE',  ( 34.97599999999999909, 67.89399999999999125, -4.599999999999999645 ) ) ;
#1040 = EDGE_CURVE ( 'NONE', #549, #1815, #999, .T. ) ;
#1041 = PLANE ( 'NONE',  #879 ) ;
#1042 = CARTESIAN_POINT ( 'NONE',  ( 0.000000000000000000, 23.17573017770200039, 3.000000000000000000 ) ) ;
#1043 = ORIENTED_EDGE ( 'NONE', *, *, #1798, .T. ) ;
#1044 = VECTOR ( 'NONE', #1425, 1000.000000000000000 ) ;
#1045 = ORIENTED_EDGE ( 'NONE', *, *, #1693, .F. ) ;
#1046 = CARTESIAN_POINT ( 'NONE',  ( 4.442502960801041567, 59.59024330090355903, 3.000000000000000000 ) ) ;
#1047 = PLANE ( 'NONE',  #2112 ) ;
#1048 = FACE_OUTER_BOUND ( 'NONE', #2083, .T. ) ;
#1049 = LINE ( 'NONE', #1216, #1255 ) ;
#1050 = DIRECTION ( 'NONE',  ( 0.7114448605716484630, 0.7027419230173960196, 0.000000000000000000 ) ) ;
#1051 = EDGE_CURVE ( 'NONE', #1571, #1406, #367, .T. ) ;
#1052 = EDGE_CURVE ( 'NONE', #711, #295, #874, .T. ) ;
#1053 = ORIENTED_EDGE ( 'NONE', *, *, #960, .T. ) ;
#1054 = CARTESIAN_POINT ( 'NONE',  ( 39.88029162565499774, 65.83635289751217101, 0.000000000000000000 ) ) ;
#1055 = FACE_OUTER_BOUND ( 'NONE', #1755, .T. ) ;
#1056 = EDGE_LOOP ( 'NONE', ( #1819, #566, #1748, #1616 ) ) ;
#1057 = CARTESIAN_POINT ( 'NONE',  ( 0.000000000000000000, 23.17573017770200039, 3.000000000000000000 ) ) ;
#1058 = DIRECTION ( 'NONE',  ( 0.000000000000000000, 0.000000000000000000, 1.000000000000000000 ) ) ;
#1059 = ORIENTED_EDGE ( 'NONE', *, *, #1040, .T. ) ;
#1060 = ORIENTED_EDGE ( 'NONE', *, *, #2091, .T. ) ;
#1061 = DIRECTION ( 'NONE',  ( 1.000000000000000000, 0.000000000000000000, -0.000000000000000000 ) ) ;
#1062 = EDGE_CURVE ( 'NONE', #1373, #956, #1570, .T. ) ;
#1063 = ORIENTED_EDGE ( 'NONE', *, *, #2140, .T. ) ;
#1064 = ORIENTED_EDGE ( 'NONE', *, *, #270, .F. ) ;
#1065 = AXIS2_PLACEMENT_3D ( 'NONE', #1737, #1376, #231 ) ;
#1066 = AXIS2_PLACEMENT_3D ( 'NONE', #448, #2144, #1800 ) ;
#1067 = AXIS2_PLACEMENT_3D ( 'NONE', #15, #1027, #2022 ) ;
#1068 = DIRECTION ( 'NONE',  ( 0.000000000000000000, 0.000000000000000000, -1.000000000000000000 ) ) ;
#1069 = VERTEX_POINT ( 'NONE', #1896 ) ;
#1070 = VERTEX_POINT ( 'NONE', #556 ) ;
#1071 = DIRECTION ( 'NONE',  ( 0.000000000000000000, 0.000000000000000000, 1.000000000000000000 ) ) ;
#1072 = ORIENTED_EDGE ( 'NONE', *, *, #1955, .F. ) ;
#1073 = ADVANCED_FACE ( 'NONE', ( #547, #396 ), #1220, .F. ) ;
#1074 = CARTESIAN_POINT ( 'NONE',  ( 51.39523096000765889, 64.84199890136908095, 5.000000000000000000 ) ) ;
#1075 = ORIENTED_EDGE ( 'NONE', *, *, #1428, .F. ) ;
#1076 = ORIENTED_EDGE ( 'NONE', *, *, #1361, .T. ) ;
#1077 = CYLINDRICAL_SURFACE ( 'NONE', #402, 1.199999999999999734 ) ;
#1078 = ORIENTED_EDGE ( 'NONE', *, *, #1499, .T. ) ;
#1079 = EDGE_LOOP ( 'NONE', ( #764, #590, #274, #2165 ) ) ;
#1080 = ADVANCED_FACE ( 'NONE', ( #714 ), #1550, .F. ) ;
#1081 = EDGE_CURVE ( 'NONE', #1934, #1654, #928, .T. ) ;
#1082 = CARTESIAN_POINT ( 'NONE',  ( 57.66278976710300697, 45.32000000000206796, 0.000000000000000000 ) ) ;
#1083 = LINE ( 'NONE', #952, #1496 ) ;
#1084 = EDGE_CURVE ( 'NONE', #1070, #956, #388, .T. ) ;
#1085 = VERTEX_POINT ( 'NONE', #1703 ) ;
#1086 = EDGE_LOOP ( 'NONE', ( #2154, #1913, #665, #1059 ) ) ;
#1087 = ORIENTED_EDGE ( 'NONE', *, *, #1947, .F. ) ;
#1088 = VERTEX_POINT ( 'NONE', #2059 ) ;
#1089 = AXIS2_PLACEMENT_3D ( 'NONE', #1778, #950, #1952 ) ;
#1090 = AXIS2_PLACEMENT_3D ( 'NONE', #1468, #2002, #988 ) ;
#1091 = DIRECTION ( 'NONE',  ( 0.000000000000000000, -0.000000000000000000, 1.000000000000000000 ) ) ;
#1092 = PRODUCT_DEFINITION_SHAPE ( 'NONE', 'NONE',  #1160 ) ;
#1093 = ADVANCED_FACE ( 'NONE', ( #1540 ), #703, .T. ) ;
#1094 = CIRCLE ( 'NONE', #680, 7.000133898123504395 ) ;
#1095 = DIRECTION ( 'NONE',  ( 1.000000000000000000, 0.000000000000000000, 0.000000000000000000 ) ) ;
#1096 = CIRCLE ( 'NONE', #1833, 1.700399999999997691 ) ;
#1097 = ORIENTED_EDGE ( 'NONE', *, *, #912, .T. ) ;
#1098 = VECTOR ( 'NONE', #1158, 1000.000000000000000 ) ;
#1099 = PRODUCT_DEFINITION_FORMATION_WITH_SPECIFIED_SOURCE ( 'ANY', '', #1420, .NOT_KNOWN. ) ;
#1100 = EDGE_CURVE ( 'NONE', #1419, #201, #1164, .T. ) ;
#1101 = CARTESIAN_POINT ( 'NONE',  ( 8.360619662391107099, 63.38859499956932098, 5.275145788609222564 ) ) ;
#1102 = EDGE_LOOP ( 'NONE', ( #1288, #520 ) ) ;
#1103 = ORIENTED_EDGE ( 'NONE', *, *, #912, .F. ) ;
#1104 = CARTESIAN_POINT ( 'NONE',  ( 15.59263410239110392, 70.00199890136700276, 17.50000000000000000 ) ) ;
#1105 = CYLINDRICAL_SURFACE ( 'NONE', #1089, 4.899999999999391065 ) ;
#1106 = DIRECTION ( 'NONE',  ( 0.000000000000000000, 0.000000000000000000, 1.000000000000000000 ) ) ;
#1107 = DIRECTION ( 'NONE',  ( 0.000000000000000000, 0.000000000000000000, 1.000000000000000000 ) ) ;
#1108 = ORIENTED_EDGE ( 'NONE', *, *, #700, .T. ) ;
#1109 =( NAMED_UNIT ( * ) PLANE_ANGLE_UNIT ( ) SI_UNIT ( $, .RADIAN. ) );
#1110 = EDGE_CURVE ( 'NONE', #486, #453, #1874, .T. ) ;
#1111 = LINE ( 'NONE', #716, #1278 ) ;
#1112 = AXIS2_PLACEMENT_3D ( 'NONE', #2045, #1855, #363 ) ;
#1113 = ORIENTED_EDGE ( 'NONE', *, *, #1262, .F. ) ;
#1114 = ORIENTED_EDGE ( 'NONE', *, *, #430, .T. ) ;
#1115 = DIRECTION ( 'NONE',  ( 1.000000000000000000, 0.000000000000000000, 0.000000000000000000 ) ) ;
#1116 = CARTESIAN_POINT ( 'NONE',  ( 9.235357893426790810, 70.00199763233040073, 10.75943138354336348 ) ) ;
#1117 = CARTESIAN_POINT ( 'NONE',  ( 7.086999893188005828, 2.066103184341716655E-12, 3.000000000000000000 ) ) ;
#1118 = CARTESIAN_POINT ( 'NONE',  ( 40.14029118908624838, 65.83635289751050834, 3.000000000000000000 ) ) ;
#1119 = DIRECTION ( 'NONE',  ( 0.8660254037844372643, 0.000000000000000000, 0.5000000000000024425 ) ) ;
#1120 = EDGE_LOOP ( 'NONE', ( #2027, #1464, #1320, #50 ) ) ;
#1121 = ORIENTED_EDGE ( 'NONE', *, *, #2155, .T. ) ;
#1122 = EDGE_CURVE ( 'NONE', #825, #445, #371, .T. ) ;
#1123 = CARTESIAN_POINT ( 'NONE',  ( 15.59263410239110392, 70.00199890136700276, 17.50000000000000000 ) ) ;
#1124 = PLANE ( 'NONE',  #1066 ) ;
#1125 = DIRECTION ( 'NONE',  ( 0.0001250508168815968747, 0.9999999921811464354, 0.000000000000000000 ) ) ;
#1126 = CARTESIAN_POINT ( 'NONE',  ( 24.84072757557567712, 36.41303385995264819, 0.000000000000000000 ) ) ;
#1127 = VECTOR ( 'NONE', #2057, 1000.000000000000000 ) ;
#1128 = EDGE_LOOP ( 'NONE', ( #2088, #1437 ) ) ;
#1129 = AXIS2_PLACEMENT_3D ( 'NONE', #1674, #1218, #200 ) ;
#1130 = AXIS2_PLACEMENT_3D ( 'NONE', #609, #1282, #439 ) ;
#1131 = LINE ( 'NONE', #340, #1325 ) ;
#1132 = AXIS2_PLACEMENT_3D ( 'NONE', #1369, #2000, #841 ) ;
#1133 = DIRECTION ( 'NONE',  ( 0.000000000000000000, 0.000000000000000000, 1.000000000000000000 ) ) ;
#1134 = ORIENTED_EDGE ( 'NONE', *, *, #485, .F. ) ;
#1135 = VERTEX_POINT ( 'NONE', #1447 ) ;
#1136 = CARTESIAN_POINT ( 'NONE',  ( 37.78087911081129135, 70.00199890136907754, 3.000000000000000000 ) ) ;
#1137 = CYLINDRICAL_SURFACE ( 'NONE', #1274, 4.330697054907822974 ) ;
#1138 = DIRECTION ( 'NONE',  ( 0.005275549562206515754, 0.9999860841915835241, 0.000000000000000000 ) ) ;
#1139 = ADVANCED_FACE ( 'NONE', ( #2090 ), #454, .F. ) ;
#1140 = CARTESIAN_POINT ( 'NONE',  ( 15.59263366239110482, 55.64203330755000110, 0.000000000000000000 ) ) ;
#1141 = DIRECTION ( 'NONE',  ( -0.000000000000000000, -0.000000000000000000, 1.000000000000000000 ) ) ;
#1142 = PLANE ( 'NONE',  #542 ) ;
#1143 = EDGE_LOOP ( 'NONE', ( #2131, #1730, #230, #1950, #916, #176, #222, #1108, #260, #1680, #1573, #864, #1397, #247, #563, #149, #708, #734, #739, #378, #936, #157, #1153, #1078, #228 ) ) ;
#1144 = ORIENTED_EDGE ( 'NONE', *, *, #866, .F. ) ;
#1145 = DIRECTION ( 'NONE',  ( 0.000000000000000000, 0.000000000000000000, -1.000000000000000000 ) ) ;
#1146 = DIRECTION ( 'NONE',  ( -0.000000000000000000, -0.000000000000000000, -1.000000000000000000 ) ) ;
#1147 = LINE ( 'NONE', #493, #1658 ) ;
#1148 = ADVANCED_FACE ( 'NONE', ( #1935 ), #1077, .T. ) ;
#1149 = ORIENTED_EDGE ( 'NONE', *, *, #1607, .T. ) ;
#1150 = EDGE_CURVE ( 'NONE', #1764, #1473, #589, .T. ) ;
#1151 = FACE_BOUND ( 'NONE', #1652, .T. ) ;
#1152 = CARTESIAN_POINT ( 'NONE',  ( 28.88521634381089243, 12.12795355502193040, 0.000000000000000000 ) ) ;
#1153 = ORIENTED_EDGE ( 'NONE', *, *, #1414, .T. ) ;
#1154 = UNCERTAINTY_MEASURE_WITH_UNIT (LENGTH_MEASURE( 1.000000000000000082E-05 ), #833, 'distance_accuracy_value', 'NONE');
#1155 = ORIENTED_EDGE ( 'NONE', *, *, #241, .F. ) ;
#1156 = DIRECTION ( 'NONE',  ( 1.000000000000000000, 0.000000000000000000, -0.000000000000000000 ) ) ;
#1157 = LINE ( 'NONE', #1500, #1700 ) ;
#1158 = DIRECTION ( 'NONE',  ( 0.000000000000000000, -1.000000000000000000, 0.000000000000000000 ) ) ;
#1159 = CARTESIAN_POINT ( 'NONE',  ( 36.17600000000000193, 67.89399999999999125, -4.599999999999999645 ) ) ;
#1160 = PRODUCT_DEFINITION ( 'UNKNOWN', '', #1099, #1614 ) ;
#1161 = VECTOR ( 'NONE', #774, 1000.000000000000000 ) ;
#1162 = DIRECTION ( 'NONE',  ( 0.000000000000000000, 0.000000000000000000, 1.000000000000000000 ) ) ;
#1163 = PLANE ( 'NONE',  #720 ) ;
#1164 = CIRCLE ( 'NONE', #572, 2.390652799019614250 ) ;
#1165 = ORIENTED_EDGE ( 'NONE', *, *, #866, .T. ) ;
#1167 = EDGE_CURVE ( 'NONE', #320, #1229, #119, .T. ) ;
#1166 = CIRCLE ( 'NONE', #677, 4.899999999999391065 ) ;
#1168 = VECTOR ( 'NONE', #726, 1000.000000000000000 ) ;
#1169 = ORIENTED_EDGE ( 'NONE', *, *, #1062, .T. ) ;
#1170 = CARTESIAN_POINT ( 'NONE',  ( 33.24764618672907091, 67.89399999999999125, -3.000000000000000000 ) ) ;
#1171 = DIRECTION ( 'NONE',  ( -0.000000000000000000, -0.000000000000000000, -1.000000000000000000 ) ) ;
#1172 = FACE_BOUND ( 'NONE', #499, .T. ) ;
#1173 = CARTESIAN_POINT ( 'NONE',  ( 20.76737240559561926, 12.12795355502193040, 0.000000000000000000 ) ) ;
#1174 = AXIS2_PLACEMENT_3D ( 'NONE', #1931, #782, #1457 ) ;
#1175 = APPLICATION_CONTEXT ( 'automotive_design' ) ;
#1176 = LINE ( 'NONE', #1189, #937 ) ;
#1177 = DIRECTION ( 'NONE',  ( 0.000000000000000000, -0.000000000000000000, 1.000000000000000000 ) ) ;
#1178 = DIRECTION ( 'NONE',  ( 0.000000000000000000, 0.000000000000000000, 1.000000000000000000 ) ) ;
#1179 = ORIENTED_EDGE ( 'NONE', *, *, #1893, .F. ) ;
#1180 = ADVANCED_FACE ( 'NONE', ( #96 ), #1959, .T. ) ;
#1181 = ORIENTED_EDGE ( 'NONE', *, *, #1167, .F. ) ;
#1182 = PLANE ( 'NONE',  #195 ) ;
#1183 = CARTESIAN_POINT ( 'NONE',  ( 50.54600143432600845, 70.00199890136907754, 3.000000000000000000 ) ) ;
#1184 = EDGE_CURVE ( 'NONE', #328, #800, #630, .T. ) ;
#1185 = PLANE ( 'NONE',  #86 ) ;
#1186 = DIRECTION ( 'NONE',  ( -0.000000000000000000, -0.000000000000000000, 1.000000000000000000 ) ) ;
#1187 = VECTOR ( 'NONE', #462, 1000.000000000000000 ) ;
#1188 = DIRECTION ( 'NONE',  ( -1.557905303418521993E-16, 1.000000000000000000, 0.000000000000000000 ) ) ;
#1189 = CARTESIAN_POINT ( 'NONE',  ( 4.442502960801041567, 59.59024330090355903, 0.000000000000000000 ) ) ;
#1190 = CARTESIAN_POINT ( 'NONE',  ( 23.96541859000000230, 26.46809974185707759, 0.000000000000000000 ) ) ;
#1191 = MANIFOLD_SOLID_BREP ( 'Cut-Extrude17', #1701 ) ;
#1192 = CARTESIAN_POINT ( 'NONE',  ( 50.54600143432600845, 2.066103184341716655E-12, 0.000000000000000000 ) ) ;
#1193 = ORIENTED_EDGE ( 'NONE', *, *, #757, .F. ) ;
#1194 = ORIENTED_EDGE ( 'NONE', *, *, #210, .T. ) ;
#1195 = EDGE_CURVE ( 'NONE', #711, #613, #1915, .T. ) ;
#1196 = CARTESIAN_POINT ( 'NONE',  ( 50.54600143432600845, 70.00199890136907754, 3.000000000000000000 ) ) ;
#1197 = LINE ( 'NONE', #1704, #406 ) ;
#1198 = FACE_OUTER_BOUND ( 'NONE', #582, .T. ) ;
#1199 = CARTESIAN_POINT ( 'NONE',  ( -0.002999714528393866535, 7.026897941192802755, 3.000000000000000000 ) ) ;
#1200 = ADVANCED_FACE ( 'NONE', ( #94, #1427 ), #745, .F. ) ;
#1201 = CARTESIAN_POINT ( 'NONE',  ( 23.96541859000000230, 26.46809974185707759, 0.000000000000000000 ) ) ;
#1202 = FACE_BOUND ( 'NONE', #1128, .T. ) ;
#1203 = CARTESIAN_POINT ( 'NONE',  ( 40.14029118908624838, 65.83635289751050834, 0.000000000000000000 ) ) ;
#1204 = EDGE_LOOP ( 'NONE', ( #1740, #93, #588, #919 ) ) ;
#1205 = VECTOR ( 'NONE', #427, 1000.000000000000000 ) ;
#1206 = CIRCLE ( 'NONE', #432, 2.390652799019614250 ) ;
#1207 = EDGE_LOOP ( 'NONE', ( #1113, #1806, #1594, #1072 ) ) ;
#1208 = AXIS2_PLACEMENT_3D ( 'NONE', #1844, #1162, #1492 ) ;
#1209 = VECTOR ( 'NONE', #1791, 1000.000000000000000 ) ;
#1210 = CARTESIAN_POINT ( 'NONE',  ( 43.29763704129243962, 58.15736828445517403, 3.000000000000000000 ) ) ;
#1211 = FACE_OUTER_BOUND ( 'NONE', #807, .T. ) ;
#1212 = FACE_OUTER_BOUND ( 'NONE', #1926, .T. ) ;
#1213 = AXIS2_PLACEMENT_3D ( 'NONE', #362, #1006, #1521 ) ;
#1214 = ADVANCED_FACE ( 'NONE', ( #756 ), #586, .F. ) ;
#1215 = EDGE_CURVE ( 'NONE', #2118, #328, #1807, .T. ) ;
#1216 = CARTESIAN_POINT ( 'NONE',  ( 9.235357893426790810, 50.00199763233040073, 16.31303881112028265 ) ) ;
#1217 = VECTOR ( 'NONE', #1565, 1000.000000000000000 ) ;
#1218 = DIRECTION ( 'NONE',  ( 0.000000000000000000, 0.000000000000000000, 1.000000000000000000 ) ) ;
#1219 = ORIENTED_EDGE ( 'NONE', *, *, #82, .F. ) ;
#1220 = PLANE ( 'NONE',  #1590 ) ;
#1221 = LINE ( 'NONE', #38, #197 ) ;
#1222 = ORIENTED_EDGE ( 'NONE', *, *, #1668, .T. ) ;
#1223 = DIRECTION ( 'NONE',  ( 1.000000000000000000, 3.614007241618356166E-16, -0.000000000000000000 ) ) ;
#1224 = CARTESIAN_POINT ( 'NONE',  ( 50.66486707213653062, 63.00287427383130279, 0.000000000000000000 ) ) ;
#1225 = AXIS2_PLACEMENT_3D ( 'NONE', #696, #1234, #880 ) ;
#1226 = CARTESIAN_POINT ( 'NONE',  ( 51.39523096000765889, 64.84199890136908095, 3.000000000000000000 ) ) ;
#1227 = CARTESIAN_POINT ( 'NONE',  ( 57.65803783602434862, 7.320000000002070628, 0.000000000000000000 ) ) ;
#1228 = ADVANCED_FACE ( 'NONE', ( #1151, #353 ), #818, .F. ) ;
#1229 = VERTEX_POINT ( 'NONE', #1345 ) ;
#1230 = DIRECTION ( 'NONE',  ( 1.000000000000000000, 0.000000000000000000, 0.000000000000000000 ) ) ;
#1231 = ORIENTED_EDGE ( 'NONE', *, *, #257, .F. ) ;
#1232 = DIRECTION ( 'NONE',  ( 1.000000000000000000, 0.000000000000000000, 0.000000000000000000 ) ) ;
#1233 = CARTESIAN_POINT ( 'NONE',  ( 2.007000000000000117, 11.75999999999999979, 0.000000000000000000 ) ) ;
#1234 = DIRECTION ( 'NONE',  ( 0.000000000000000000, 0.000000000000000000, 1.000000000000000000 ) ) ;
#1235 = EDGE_LOOP ( 'NONE', ( #1818, #1784, #1727, #1149, #1103, #417 ) ) ;
#1236 = EDGE_CURVE ( 'NONE', #1024, #320, #478, .T. ) ;
#1237 = VERTEX_POINT ( 'NONE', #5 ) ;
#1238 = CIRCLE ( 'NONE', #1522, 2.499999999999995115 ) ;
#1239 = DIRECTION ( 'NONE',  ( 1.000000000000000000, 0.000000000000000000, -0.000000000000000000 ) ) ;
#1240 = CARTESIAN_POINT ( 'NONE',  ( 57.66278976710300697, 45.32000000000206796, 0.000000000000000000 ) ) ;
#1241 = ORIENTED_EDGE ( 'NONE', *, *, #1947, .T. ) ;
#1242 = VECTOR ( 'NONE', #1697, 1000.000000000000000 ) ;
#1243 = AXIS2_PLACEMENT_3D ( 'NONE', #599, #929, #1899 ) ;
#1244 = VECTOR ( 'NONE', #615, 1000.000000000000000 ) ;
#1245 = AXIS2_PLACEMENT_3D ( 'NONE', #1118, #1502, #443 ) ;
#1246 = LINE ( 'NONE', #1370, #1356 ) ;
#1247 = EDGE_LOOP ( 'NONE', ( #1009, #334, #1687, #1251 ) ) ;
#1248 = ORIENTED_EDGE ( 'NONE', *, *, #1289, .F. ) ;
#1249 = ADVANCED_FACE ( 'NONE', ( #809 ), #141, .T. ) ;
#1250 = FACE_OUTER_BOUND ( 'NONE', #1207, .T. ) ;
#1251 = ORIENTED_EDGE ( 'NONE', *, *, #1669, .T. ) ;
#1252 = ADVANCED_FACE ( 'NONE', ( #1982 ), #1824, .F. ) ;
#1253 = CARTESIAN_POINT ( 'NONE',  ( 29.17142463048350010, 36.41303385995264819, 0.000000000000000000 ) ) ;
#1254 = DIRECTION ( 'NONE',  ( 0.000000000000000000, 0.000000000000000000, 1.000000000000000000 ) ) ;
#1255 = VECTOR ( 'NONE', #53, 1000.000000000000000 ) ;
#1256 = ORIENTED_EDGE ( 'NONE', *, *, #1720, .T. ) ;
#1257 = VERTEX_POINT ( 'NONE', #1627 ) ;
#1258 = DIRECTION ( 'NONE',  ( -0.000000000000000000, -0.000000000000000000, -1.000000000000000000 ) ) ;
#1259 = ORIENTED_EDGE ( 'NONE', *, *, #169, .T. ) ;
#1260 = VERTEX_POINT ( 'NONE', #2150 ) ;
#1261 = ADVANCED_FACE ( 'NONE', ( #487 ), #652, .F. ) ;
#1262 = EDGE_CURVE ( 'NONE', #1826, #44, #1206, .T. ) ;
#1263 = DIRECTION ( 'NONE',  ( -0.000000000000000000, 1.000000000000000000, 0.000000000000000000 ) ) ;
#1264 = CARTESIAN_POINT ( 'NONE',  ( -0.002999714528393866535, 7.026897941192802755, 0.000000000000000000 ) ) ;
#1265 = ORIENTED_EDGE ( 'NONE', *, *, #1343, .F. ) ;
#1266 = ORIENTED_EDGE ( 'NONE', *, *, #1062, .F. ) ;
#1267 = ORIENTED_EDGE ( 'NONE', *, *, #1866, .F. ) ;
#1268 = AXIS2_PLACEMENT_3D ( 'NONE', #1717, #214, #2151 ) ;
#1269 = LINE ( 'NONE', #1645, #467 ) ;
#1270 = AXIS2_PLACEMENT_3D ( 'NONE', #217, #889, #2034 ) ;
#1271 = LINE ( 'NONE', #1942, #162 ) ;
#1272 = VECTOR ( 'NONE', #2156, 1000.000000000000000 ) ;
#1273 = CARTESIAN_POINT ( 'NONE',  ( 3.206999999999999851, 11.75999999999999979, -4.599999999999999645 ) ) ;
#1275 = EDGE_CURVE ( 'NONE', #1746, #812, #1673, .T. ) ;
#1274 = AXIS2_PLACEMENT_3D ( 'NONE', #648, #1303, #1115 ) ;
#1276 = LINE ( 'NONE', #1921, #2153 ) ;
#1277 = ORIENTED_EDGE ( 'NONE', *, *, #1999, .T. ) ;
#1278 = VECTOR ( 'NONE', #391, 1000.000000000000000 ) ;
#1279 = CARTESIAN_POINT ( 'NONE',  ( 40.14029118908624838, 65.83635289751050834, 3.000000000000000000 ) ) ;
#1280 = ORIENTED_EDGE ( 'NONE', *, *, #921, .F. ) ;
#1281 = VERTEX_POINT ( 'NONE', #2137 ) ;
#1282 = DIRECTION ( 'NONE',  ( 0.000000000000000000, 0.000000000000000000, 1.000000000000000000 ) ) ;
#1283 = FACE_OUTER_BOUND ( 'NONE', #1965, .T. ) ;
#1284 = DIRECTION ( 'NONE',  ( 0.000000000000000000, -1.000000000000000000, 0.000000000000000000 ) ) ;
#1285 = DIRECTION ( 'NONE',  ( 0.000000000000000000, -0.000000000000000000, 1.000000000000000000 ) ) ;
#1286 = ADVANCED_FACE ( 'NONE', ( #1310, #672 ), #2126, .F. ) ;
#1287 = LINE ( 'NONE', #452, #2141 ) ;
#1288 = ORIENTED_EDGE ( 'NONE', *, *, #1823, .T. ) ;
#1289 = EDGE_CURVE ( 'NONE', #653, #263, #1541, .T. ) ;
#1290 = DIRECTION ( 'NONE',  ( 0.000000000000000000, 0.000000000000000000, 1.000000000000000000 ) ) ;
#1291 = ORIENTED_EDGE ( 'NONE', *, *, #1758, .F. ) ;
#1292 = PLANE ( 'NONE',  #1559 ) ;
#1293 = LINE ( 'NONE', #135, #857 ) ;
#1294 = DIRECTION ( 'NONE',  ( 0.000000000000000000, 0.000000000000000000, -1.000000000000000000 ) ) ;
#1295 = LINE ( 'NONE', #1980, #1491 ) ;
#1296 = PLANE ( 'NONE',  #1245 ) ;
#1297 = LINE ( 'NONE', #2161, #620 ) ;
#1298 = VECTOR ( 'NONE', #1576, 1000.000000000000000 ) ;
#1299 = LINE ( 'NONE', #131, #927 ) ;
#1300 = VERTEX_POINT ( 'NONE', #626 ) ;
#1301 = EDGE_CURVE ( 'NONE', #1444, #1473, #2013, .T. ) ;
#1302 = VERTEX_POINT ( 'NONE', #1836 ) ;
#1303 = DIRECTION ( 'NONE',  ( -0.000000000000000000, -0.000000000000000000, 1.000000000000000000 ) ) ;
#1304 = CARTESIAN_POINT ( 'NONE',  ( 7.086999893188005828, 2.066103184341716655E-12, 3.000000000000000000 ) ) ;
#1305 = DIRECTION ( 'NONE',  ( 0.000000000000000000, -1.000000000000000000, 0.000000000000000000 ) ) ;
#1306 = VECTOR ( 'NONE', #1178, 1000.000000000000000 ) ;
#1307 = ORIENTED_EDGE ( 'NONE', *, *, #418, .T. ) ;
#1308 = VECTOR ( 'NONE', #20, 1000.000000000000000 ) ;
#1309 = AXIS2_PLACEMENT_3D ( 'NONE', #706, #2006, #1678 ) ;
#1310 = FACE_BOUND ( 'NONE', #748, .T. ) ;
#1311 = LINE ( 'NONE', #1983, #1031 ) ;
#1312 = VERTEX_POINT ( 'NONE', #508 ) ;
#1313 = ORIENTED_EDGE ( 'NONE', *, *, #31, .F. ) ;
#1314 = EDGE_CURVE ( 'NONE', #1734, #1605, #1297, .T. ) ;
#1315 = EDGE_CURVE ( 'NONE', #1995, #729, #661, .T. ) ;
#1316 = LINE ( 'NONE', #1788, #786 ) ;
#1317 = LINE ( 'NONE', #814, #372 ) ;
#1318 = PLANE ( 'NONE',  #1449 ) ;
#1319 = DIRECTION ( 'NONE',  ( 0.000000000000000000, 1.000000000000000000, 0.000000000000000000 ) ) ;
#1320 = ORIENTED_EDGE ( 'NONE', *, *, #1991, .T. ) ;
#1321 = CIRCLE ( 'NONE', #1635, 1.728353813270931738 ) ;
#1322 = DIRECTION ( 'NONE',  ( -0.000000000000000000, -0.000000000000000000, -1.000000000000000000 ) ) ;
#1323 = DIRECTION ( 'NONE',  ( 0.000000000000000000, 0.000000000000000000, 1.000000000000000000 ) ) ;
#1324 = EDGE_LOOP ( 'NONE', ( #1193, #1611, #591, #607 ) ) ;
#1325 = VECTOR ( 'NONE', #174, 1000.000000000000000 ) ;
#1326 = ORIENTED_EDGE ( 'NONE', *, *, #496, .F. ) ;
#1327 = CIRCLE ( 'NONE', #1919, 1.549999999999385203 ) ;
#1328 = FACE_BOUND ( 'NONE', #1374, .T. ) ;
#1329 = DIRECTION ( 'NONE',  ( 0.000000000000000000, 0.000000000000000000, 1.000000000000000000 ) ) ;
#1330 = EDGE_CURVE ( 'NONE', #104, #1922, #1131, .T. ) ;
#1331 = DIRECTION ( 'NONE',  ( 0.000000000000000000, 1.000000000000000000, 0.000000000000000000 ) ) ;
#1332 = EDGE_CURVE ( 'NONE', #1498, #1300, #660, .T. ) ;
#1333 = ORIENTED_EDGE ( 'NONE', *, *, #1438, .T. ) ;
#1334 = CARTESIAN_POINT ( 'NONE',  ( 37.78087911080822892, 65.83635289750711195, 2.999999999998229416 ) ) ;
#1335 = CARTESIAN_POINT ( 'NONE',  ( 8.360619662391107099, 63.38859499956932098, 5.275145788609222564 ) ) ;
#1336 = VERTEX_POINT ( 'NONE', #888 ) ;
#1337 = VERTEX_POINT ( 'NONE', #553 ) ;
#1338 = CARTESIAN_POINT ( 'NONE',  ( 49.69523096000826712, 64.84199890136908095, 3.000000000000000000 ) ) ;
#1339 = PLANE ( 'NONE',  #1865 ) ;
#1340 = ORIENTED_EDGE ( 'NONE', *, *, #1575, .F. ) ;
#1341 = DIRECTION ( 'NONE',  ( 0.000000000000000000, 0.000000000000000000, 1.000000000000000000 ) ) ;
#1342 = EDGE_CURVE ( 'NONE', #1351, #285, #2093, .T. ) ;
#1343 = EDGE_CURVE ( 'NONE', #445, #825, #1638, .T. ) ;
#1344 = CARTESIAN_POINT ( 'NONE',  ( 36.70435381327093438, 67.89399999999999125, 0.000000000000000000 ) ) ;
#1345 = CARTESIAN_POINT ( 'NONE',  ( 28.88521634381089243, 23.17573017770199684, 0.000000000000000000 ) ) ;
#1346 = DIRECTION ( 'NONE',  ( 1.000000000000000000, 0.000000000000000000, 0.000000000000000000 ) ) ;
#1347 = AXIS2_PLACEMENT_3D ( 'NONE', #618, #1785, #957 ) ;
#1348 = ORIENTED_EDGE ( 'NONE', *, *, #921, .T. ) ;
#1349 = AXIS2_PLACEMENT_3D ( 'NONE', #1450, #633, #300 ) ;
#1350 = CIRCLE ( 'NONE', #1661, 5.553607427576920053 ) ;
#1351 = VERTEX_POINT ( 'NONE', #1709 ) ;
#1352 = CARTESIAN_POINT ( 'NONE',  ( 34.97599999999999909, 67.89399999999999125, -4.599999999999999645 ) ) ;
#1353 = LINE ( 'NONE', #525, #404 ) ;
#1354 = DIRECTION ( 'NONE',  ( 0.000000000000000000, 0.000000000000000000, 1.000000000000000000 ) ) ;
#1355 = CARTESIAN_POINT ( 'NONE',  ( 26.46541858999999874, 26.46809974185707759, 0.000000000000000000 ) ) ;
#1356 = VECTOR ( 'NONE', #1890, 1000.000000000000000 ) ;
#1357 = FACE_OUTER_BOUND ( 'NONE', #820, .T. ) ;
#1358 = CARTESIAN_POINT ( 'NONE',  ( 40.90698424227282715, 58.15736828445517403, 0.000000000000000000 ) ) ;
#1359 = CARTESIAN_POINT ( 'NONE',  ( 39.89063387505243696, 67.79673737589244809, 0.000000000000000000 ) ) ;
#1360 = ORIENTED_EDGE ( 'NONE', *, *, #325, .F. ) ;
#1361 = EDGE_CURVE ( 'NONE', #2036, #447, #2160, .T. ) ;
#1362 = ORIENTED_EDGE ( 'NONE', *, *, #317, .F. ) ;
#1363 = CARTESIAN_POINT ( 'NONE',  ( 51.39523096000765889, 64.84199890136908095, 0.000000000000000000 ) ) ;
#1364 = LINE ( 'NONE', #1677, #821 ) ;
#1365 = CARTESIAN_POINT ( 'NONE',  ( 34.97599999999999909, 67.89399999999999125, -3.000000000000000000 ) ) ;
#1366 = ORIENTED_EDGE ( 'NONE', *, *, #2001, .F. ) ;
#1367 = CARTESIAN_POINT ( 'NONE',  ( 28.88521634381089243, 23.17573017770199684, 3.000000000000000000 ) ) ;
#1368 = ORIENTED_EDGE ( 'NONE', *, *, #740, .T. ) ;
#1369 = CARTESIAN_POINT ( 'NONE',  ( 2.007000000000000117, 11.75999999999999979, -4.599999999999999645 ) ) ;
#1370 = CARTESIAN_POINT ( 'NONE',  ( 57.66278976710300697, 7.320000000002070628, 0.000000000000000000 ) ) ;
#1371 = CARTESIAN_POINT ( 'NONE',  ( 0.3027590689954442471, 11.75999999999999979, -3.000000000000000000 ) ) ;
#1372 = FACE_OUTER_BOUND ( 'NONE', #8, .T. ) ;
#1373 = VERTEX_POINT ( 'NONE', #1546 ) ;
#1374 = EDGE_LOOP ( 'NONE', ( #890, #1471 ) ) ;
#1375 = EDGE_CURVE ( 'NONE', #2063, #139, #693, .T. ) ;
#1376 = DIRECTION ( 'NONE',  ( 0.000000000000000000, 0.000000000000000000, 1.000000000000000000 ) ) ;
#1377 = CARTESIAN_POINT ( 'NONE',  ( 33.25038507024311230, 67.79673737589244809, -3.000000000000000000 ) ) ;
#1378 = FACE_OUTER_BOUND ( 'NONE', #1925, .T. ) ;
#1379 = DIRECTION ( 'NONE',  ( -1.000000000000000000, 0.000000000000000000, 0.000000000000000000 ) ) ;
#1380 = DIRECTION ( 'NONE',  ( 0.000000000000000000, 0.000000000000000000, 1.000000000000000000 ) ) ;
#1381 = CARTESIAN_POINT ( 'NONE',  ( 2.801713482391106957, 57.99960780504349600, 3.000000000000000000 ) ) ;
#1382 = VECTOR ( 'NONE', #884, 1000.000000000000000 ) ;
#1383 = EDGE_LOOP ( 'NONE', ( #971, #1181, #1549, #2139 ) ) ;
#1384 = CIRCLE ( 'NONE', #1906, 1.199999999999999734 ) ;
#1385 = VECTOR ( 'NONE', #780, 1000.000000000000000 ) ;
#1386 = DIRECTION ( 'NONE',  ( 0.000000000000000000, 0.000000000000000000, -1.000000000000000000 ) ) ;
#1387 = DIRECTION ( 'NONE',  ( -0.0001250508168815968747, -0.9999999921811464354, 0.000000000000000000 ) ) ;
#1388 = ORIENTED_EDGE ( 'NONE', *, *, #1184, .T. ) ;
#1389 = CIRCLE ( 'NONE', #1731, 1.700399999999997691 ) ;
#1390 = EDGE_CURVE ( 'NONE', #1588, #1434, #42, .T. ) ;
#1391 = CIRCLE ( 'NONE', #906, 4.899999999999391065 ) ;
#1392 = DIRECTION ( 'NONE',  ( -0.000000000000000000, -0.000000000000000000, -1.000000000000000000 ) ) ;
#1393 = VECTOR ( 'NONE', #1254, 1000.000000000000000 ) ;
#1394 = DIRECTION ( 'NONE',  ( -1.000000000000000000, 0.000000000000000000, 0.000000000000000000 ) ) ;
#1395 = CARTESIAN_POINT ( 'NONE',  ( 26.46541858999999874, 26.46809974185707759, 0.000000000000000000 ) ) ;
#1396 = CIRCLE ( 'NONE', #264, 1.199999999999999734 ) ;
#1397 = ORIENTED_EDGE ( 'NONE', *, *, #22, .T. ) ;
#1398 = DIRECTION ( 'NONE',  ( 1.000000000000000000, 0.000000000000000000, 0.000000000000000000 ) ) ;
#1399 = CARTESIAN_POINT ( 'NONE',  ( 57.65800094604500714, 7.025000095369065889, 3.000000000000000000 ) ) ;
#1400 = CYLINDRICAL_SURFACE ( 'NONE', #401, 5.553607427576920053 ) ;
#1401 = ORIENTED_EDGE ( 'NONE', *, *, #2001, .T. ) ;
#1402 = LINE ( 'NONE', #91, #941 ) ;
#1403 = EDGE_CURVE ( 'NONE', #878, #98, #1049, .T. ) ;
#1404 = DIRECTION ( 'NONE',  ( -0.000000000000000000, 1.000000000000000000, -0.000000000000000000 ) ) ;
#1405 = ORIENTED_EDGE ( 'NONE', *, *, #1314, .T. ) ;
#1406 = VERTEX_POINT ( 'NONE', #1719 ) ;
#1407 = DIRECTION ( 'NONE',  ( -0.000000000000000000, -0.000000000000000000, 1.000000000000000000 ) ) ;
#1408 = ORIENTED_EDGE ( 'NONE', *, *, #627, .T. ) ;
#1409 = DIRECTION ( 'NONE',  ( -0.000000000000000000, 1.000000000000000000, -0.000000000000000000 ) ) ;
#1410 = ORIENTED_EDGE ( 'NONE', *, *, #1084, .F. ) ;
#1411 = CARTESIAN_POINT ( 'NONE',  ( 32.58472668810468065, 70.00199890136907754, 3.000000000000000000 ) ) ;
#1412 = DIRECTION ( 'NONE',  ( 1.000000000000000000, 0.000000000000000000, 0.000000000000000000 ) ) ;
#1413 = ORIENTED_EDGE ( 'NONE', *, *, #1798, .F. ) ;
#1414 = EDGE_CURVE ( 'NONE', #1746, #1337, #903, .T. ) ;
#1415 = VERTEX_POINT ( 'NONE', #199 ) ;
#1416 = ADVANCED_FACE ( 'NONE', ( #709 ), #1729, .T. ) ;
#1417 = VECTOR ( 'NONE', #1514, 1000.000000000000000 ) ;
#1418 = DIRECTION ( 'NONE',  ( -0.000000000000000000, -0.000000000000000000, -1.000000000000000000 ) ) ;
#1419 = VERTEX_POINT ( 'NONE', #227 ) ;
#1420 = PRODUCT ( 'support1', 'support1', '', ( #954 ) ) ;
#1421 = AXIS2_PLACEMENT_3D ( 'NONE', #423, #842, #1663 ) ;
#1422 = AXIS2_PLACEMENT_3D ( 'NONE', #2148, #951, #1805 ) ;
#1423 = CIRCLE ( 'NONE', #123, 7.000133898123504395 ) ;
#1424 = DIRECTION ( 'NONE',  ( 1.000000000000000000, 0.000000000000000000, 0.000000000000000000 ) ) ;
#1425 = DIRECTION ( 'NONE',  ( 0.7102604095541719120, -0.7039390247883263729, 0.000000000000000000 ) ) ;
#1426 = EDGE_LOOP ( 'NONE', ( #1992, #2142, #1063, #1760, #1597, #2092 ) ) ;
#1427 = FACE_OUTER_BOUND ( 'NONE', #1642, .T. ) ;
#1428 = EDGE_CURVE ( 'NONE', #1545, #1910, #869, .T. ) ;
#1429 = VERTEX_POINT ( 'NONE', #1566 ) ;
#1430 = EDGE_CURVE ( 'NONE', #447, #653, #64, .T. ) ;
#1431 = ORIENTED_EDGE ( 'NONE', *, *, #1403, .F. ) ;
#1432 = CARTESIAN_POINT ( 'NONE',  ( 29.17142463048350010, 36.41303385995264819, -3.000000000000000000 ) ) ;
#1433 = DIRECTION ( 'NONE',  ( 1.000000000000000000, -1.201115100076789866E-16, 0.000000000000000000 ) ) ;
#1434 = VERTEX_POINT ( 'NONE', #2067 ) ;
#1435 = EDGE_LOOP ( 'NONE', ( #641, #2149, #66, #1971, #61, #377, #1360, #581, #1509, #1685, #1144, #837, #1483, #1366, #1505, #292, #41, #431, #2070, #1539, #316, #1000, #1169, #1043, #510, #1222, #118, #1692, #465, #350, #2080, #2099, #636, #76 ) ) ;
#1436 = FILL_AREA_STYLE ('',( #250 ) ) ;
#1437 = ORIENTED_EDGE ( 'NONE', *, *, #1991, .F. ) ;
#1438 = EDGE_CURVE ( 'NONE', #1713, #87, #1016, .T. ) ;
#1439 = ADVANCED_FACE ( 'NONE', ( #185 ), #851, .T. ) ;
#1440 = CARTESIAN_POINT ( 'NONE',  ( 9.235357893426790810, 70.00199763233040073, 5.205823955966441652 ) ) ;
#1441 = CARTESIAN_POINT ( 'NONE',  ( 50.54600143432600845, 2.066103184341716655E-12, 3.000000000000000000 ) ) ;
#1442 = CARTESIAN_POINT ( 'NONE',  ( 52.94523096000704498, 64.84199890136908095, -0.4999999999999995559 ) ) ;
#1443 = CARTESIAN_POINT ( 'NONE',  ( 33.25038507024311230, 67.79673737589244809, -3.000000000000000000 ) ) ;
#1444 = VERTEX_POINT ( 'NONE', #1028 ) ;
#1445 = CARTESIAN_POINT ( 'NONE',  ( 50.46278976710299702, 45.32000000000206796, 0.000000000000000000 ) ) ;
#1446 = EDGE_LOOP ( 'NONE', ( #1075, #1773, #663, #667 ) ) ;
#1447 = CARTESIAN_POINT ( 'NONE',  ( 49.84523096000827280, 64.84199890136908095, 3.000000000000000000 ) ) ;
#1448 = VERTEX_POINT ( 'NONE', #1524 ) ;
#1449 = AXIS2_PLACEMENT_3D ( 'NONE', #1039, #1354, #2158 ) ;
#1450 = CARTESIAN_POINT ( 'NONE',  ( 2.007000000000000117, 11.75999999999999979, -4.599999999999999645 ) ) ;
#1451 = EDGE_CURVE ( 'NONE', #1826, #1419, #19, .T. ) ;
#1452 = DIRECTION ( 'NONE',  ( 0.000000000000000000, 1.000000000000000000, 0.000000000000000000 ) ) ;
#1453 = AXIS2_PLACEMENT_3D ( 'NONE', #359, #1705, #876 ) ;
#1454 = AXIS2_PLACEMENT_3D ( 'NONE', #287, #1828, #124 ) ;
#1455 = LINE ( 'NONE', #806, #1209 ) ;
#1456 = VECTOR ( 'NONE', #1739, 1000.000000000000000 ) ;
#1457 = DIRECTION ( 'NONE',  ( 1.000000000000000000, 0.000000000000000000, 0.000000000000000000 ) ) ;
#1458 = EDGE_CURVE ( 'NONE', #1484, #211, #1327, .T. ) ;
#1459 = DIRECTION ( 'NONE',  ( 0.000000000000000000, 1.000000000000000000, 0.000000000000000000 ) ) ;
#1460 = FACE_OUTER_BOUND ( 'NONE', #355, .T. ) ;
#1461 = EDGE_LOOP ( 'NONE', ( #1121, #743, #724, #2076 ) ) ;
#1462 = DIRECTION ( 'NONE',  ( -1.000000000000000000, 0.000000000000000000, 0.000000000000000000 ) ) ;
#1463 = AXIS2_PLACEMENT_3D ( 'NONE', #225, #184, #868 ) ;
#1464 = ORIENTED_EDGE ( 'NONE', *, *, #882, .T. ) ;
#1465 = DIRECTION ( 'NONE',  ( -0.7114448605716484630, -0.7027419230173960196, 0.000000000000000000 ) ) ;
#1466 = VERTEX_POINT ( 'NONE', #1371 ) ;
#1467 = ADVANCED_FACE ( 'NONE', ( #1202, #375 ), #1041, .T. ) ;
#1468 = CARTESIAN_POINT ( 'NONE',  ( 0.000000000000000000, 0.000000000000000000, 17.50000000000000000 ) ) ;
#1469 = DIRECTION ( 'NONE',  ( 0.000000000000000000, 0.000000000000000000, 1.000000000000000000 ) ) ;
#1470 = AXIS2_PLACEMENT_3D ( 'NONE', #562, #2056, #1696 ) ;
#1471 = ORIENTED_EDGE ( 'NONE', *, *, #1100, .F. ) ;
#1472 = DIRECTION ( 'NONE',  ( 0.000000000000000000, 0.000000000000000000, 1.000000000000000000 ) ) ;
#1473 = VERTEX_POINT ( 'NONE', #2116 ) ;
#1474 = DIRECTION ( 'NONE',  ( 0.000000000000000000, 1.000000000000000000, 0.000000000000000000 ) ) ;
#1475 = CARTESIAN_POINT ( 'NONE',  ( 40.14029118908624838, 65.83635289751050834, 0.000000000000000000 ) ) ;
#1476 = PLANE ( 'NONE',  #1735 ) ;
#1477 = CARTESIAN_POINT ( 'NONE',  ( 57.65800094604500714, 7.025000095369065889, 3.000000000000000000 ) ) ;
#1478 = ORIENTED_EDGE ( 'NONE', *, *, #1538, .T. ) ;
#1479 = CARTESIAN_POINT ( 'NONE',  ( 43.29763704129243962, 58.15736828445517403, 0.000000000000000000 ) ) ;
#1480 = EDGE_CURVE ( 'NONE', #1260, #926, #1396, .T. ) ;
#1481 = CYLINDRICAL_SURFACE ( 'NONE', #965, 1.700399999999997691 ) ;
#1482 = EDGE_CURVE ( 'NONE', #328, #568, #1083, .T. ) ;
#1483 = ORIENTED_EDGE ( 'NONE', *, *, #1774, .F. ) ;
#1484 = VERTEX_POINT ( 'NONE', #1577 ) ;
#1485 = CARTESIAN_POINT ( 'NONE',  ( 57.66278976710300697, 45.32000000000206796, 3.000000000000000000 ) ) ;
#1486 = DIRECTION ( 'NONE',  ( 5.478074134663601247E-16, -1.000000000000000000, 0.000000000000000000 ) ) ;
#1487 = AXIS2_PLACEMENT_3D ( 'NONE', #1116, #1813, #1609 ) ;
#1488 = CARTESIAN_POINT ( 'NONE',  ( 2.801713482391106957, 57.99960780504349600, 17.50000000000000000 ) ) ;
#1489 = VECTOR ( 'NONE', #32, 1000.000000000000000 ) ;
#1490 = CIRCLE ( 'NONE', #1067, 1.699999999999389555 ) ;
#1491 = VECTOR ( 'NONE', #1636, 1000.000000000000227 ) ;
#1492 = DIRECTION ( 'NONE',  ( 1.000000000000000000, 0.000000000000000000, 0.000000000000000000 ) ) ;
#1493 = AXIS2_PLACEMENT_3D ( 'NONE', #865, #1534, #1853 ) ;
#1494 = DIRECTION ( 'NONE',  ( 1.000000000000000000, 0.000000000000000000, 0.000000000000000000 ) ) ;
#1495 = ORIENTED_EDGE ( 'NONE', *, *, #977, .T. ) ;
#1496 = VECTOR ( 'NONE', #1912, 1000.000000000000000 ) ;
#1497 = EDGE_CURVE ( 'NONE', #44, #1826, #727, .T. ) ;
#1498 = VERTEX_POINT ( 'NONE', #1602 ) ;
#1499 = EDGE_CURVE ( 'NONE', #1337, #2073, #742, .T. ) ;
#1500 = CARTESIAN_POINT ( 'NONE',  ( 16.79783914143555634, 15.19372240650392847, 3.000000000000000000 ) ) ;
#1501 = DIRECTION ( 'NONE',  ( -0.000000000000000000, -0.000000000000000000, 1.000000000000000000 ) ) ;
#1502 = DIRECTION ( 'NONE',  ( -1.443328127052817719E-12, 1.000000000000000000, 0.000000000000000000 ) ) ;
#1503 = DIRECTION ( 'NONE',  ( 0.000000000000000000, -1.000000000000000000, 0.000000000000000000 ) ) ;
#1504 = LINE ( 'NONE', #2119, #571 ) ;
#1505 = ORIENTED_EDGE ( 'NONE', *, *, #169, .F. ) ;
#1506 = ORIENTED_EDGE ( 'NONE', *, *, #1558, .F. ) ;
#1507 = DIRECTION ( 'NONE',  ( 1.000000000000000000, 0.000000000000000000, 0.000000000000000000 ) ) ;
#1508 = LINE ( 'NONE', #397, #1244 ) ;
#1509 = ORIENTED_EDGE ( 'NONE', *, *, #2089, .F. ) ;
#1510 = LINE ( 'NONE', #2021, #1098 ) ;
#1511 = EDGE_CURVE ( 'NONE', #263, #653, #1391, .T. ) ;
#1512 = DIRECTION ( 'NONE',  ( 1.000000000000000000, 0.000000000000000000, 0.000000000000000000 ) ) ;
#1513 = DIRECTION ( 'NONE',  ( 1.000000000000000000, -1.201115100076789866E-16, 0.000000000000000000 ) ) ;
#1514 = DIRECTION ( 'NONE',  ( -0.000000000000000000, -0.000000000000000000, -1.000000000000000000 ) ) ;
#1515 = ORIENTED_EDGE ( 'NONE', *, *, #1332, .T. ) ;
#1516 = VERTEX_POINT ( 'NONE', #245 ) ;
#1517 = DIRECTION ( 'NONE',  ( 1.000000000000000000, 0.000000000000000000, 0.000000000000000000 ) ) ;
#1518 = FACE_OUTER_BOUND ( 'NONE', #1563, .T. ) ;
#1519 = DIRECTION ( 'NONE',  ( 5.478074134663600261E-16, -1.000000000000000000, 0.000000000000000000 ) ) ;
#1520 = VERTEX_POINT ( 'NONE', #1443 ) ;
#1521 = DIRECTION ( 'NONE',  ( -1.000000000000000000, 0.000000000000000000, 0.000000000000000000 ) ) ;
#1522 = AXIS2_PLACEMENT_3D ( 'NONE', #165, #1628, #479 ) ;
#1523 = ADVANCED_FACE ( 'NONE', ( #922 ), #2075, .T. ) ;
#1524 = CARTESIAN_POINT ( 'NONE',  ( 57.66500091552700979, 63.00199890136906333, 3.000000000000000000 ) ) ;
#1525 = CARTESIAN_POINT ( 'NONE',  ( 53.09523096000704356, 64.84199890136908095, 5.000000000000000000 ) ) ;
#1526 = ORIENTED_EDGE ( 'NONE', *, *, #2054, .F. ) ;
#1527 = VECTOR ( 'NONE', #339, 1000.000000000000000 ) ;
#1528 = EDGE_LOOP ( 'NONE', ( #545, #1291, #501, #2035 ) ) ;
#1529 = CARTESIAN_POINT ( 'NONE',  ( 33.25038507024311230, 65.83635289751217101, -3.000000000000000000 ) ) ;
#1530 = PLANE ( 'NONE',  #1624 ) ;
#1531 = CARTESIAN_POINT ( 'NONE',  ( 34.97599999999999909, 67.89399999999999125, -4.599999999999999645 ) ) ;
#1532 = FACE_OUTER_BOUND ( 'NONE', #1086, .T. ) ;
#1533 = ORIENTED_EDGE ( 'NONE', *, *, #541, .F. ) ;
#1534 = DIRECTION ( 'NONE',  ( 0.000000000000000000, 0.000000000000000000, 1.000000000000000000 ) ) ;
#1535 = CARTESIAN_POINT ( 'NONE',  ( 9.235357893426790810, 50.00199763233040073, 5.205823955966441652 ) ) ;
#1536 = LINE ( 'NONE', #1547, #1489 ) ;
#1537 = ORIENTED_EDGE ( 'NONE', *, *, #1955, .T. ) ;
#1538 = EDGE_CURVE ( 'NONE', #1406, #812, #254, .T. ) ;
#1539 = ORIENTED_EDGE ( 'NONE', *, *, #795, .F. ) ;
#1540 = FACE_OUTER_BOUND ( 'NONE', #480, .T. ) ;
#1541 = CIRCLE ( 'NONE', #352, 4.899999999999391065 ) ;
#1542 = CARTESIAN_POINT ( 'NONE',  ( 8.360619662391107099, 63.38859499956932098, 0.000000000000000000 ) ) ;
#1543 = PLANE ( 'NONE',  #1453 ) ;
#1544 = DIRECTION ( 'NONE',  ( 0.000000000000000000, -1.000000000000000000, 0.000000000000000000 ) ) ;
#1545 = VERTEX_POINT ( 'NONE', #2085 ) ;
#1546 = CARTESIAN_POINT ( 'NONE',  ( 39.88029162565499774, 65.83635289751013886, 0.000000000000000000 ) ) ;
#1547 = CARTESIAN_POINT ( 'NONE',  ( 32.58472668810468065, 70.00199890136907754, 0.000000000000000000 ) ) ;
#1548 = EDGE_CURVE ( 'NONE', #699, #1229, #2105, .T. ) ;
#1549 = ORIENTED_EDGE ( 'NONE', *, *, #1236, .F. ) ;
#1550 = PLANE ( 'NONE',  #717 ) ;
#1551 = PLANE ( 'NONE',  #229 ) ;
#1552 = EDGE_CURVE ( 'NONE', #1520, #1444, #601, .T. ) ;
#1553 = CARTESIAN_POINT ( 'NONE',  ( 7.086999893188005828, 2.066103184341716655E-12, 3.000000000000000000 ) ) ;
#1554 = CYLINDRICAL_SURFACE ( 'NONE', #2010, 2.499999999999995115 ) ;
#1555 = VECTOR ( 'NONE', #1125, 1000.000000000000227 ) ;
#1556 = AXIS2_PLACEMENT_3D ( 'NONE', #725, #59, #1398 ) ;
#1557 = ORIENTED_EDGE ( 'NONE', *, *, #1814, .T. ) ;
#1558 = EDGE_CURVE ( 'NONE', #304, #181, #1276, .T. ) ;
#1559 = AXIS2_PLACEMENT_3D ( 'NONE', #1618, #170, #1156 ) ;
#1560 = CIRCLE ( 'NONE', #1130, 1.549999999999385203 ) ;
#1561 = CARTESIAN_POINT ( 'NONE',  ( 2.007000000000000117, 11.75999999999999979, -4.599999999999999645 ) ) ;
#1562 = DIRECTION ( 'NONE',  ( 0.000000000000000000, -1.000000000000000000, 0.000000000000000000 ) ) ;
#1563 = EDGE_LOOP ( 'NONE', ( #935, #595, #1134, #21 ) ) ;
#1564 = EDGE_CURVE ( 'NONE', #1917, #1448, #575, .T. ) ;
#1565 = DIRECTION ( 'NONE',  ( -0.000000000000000000, 1.000000000000000000, -0.000000000000000000 ) ) ;
#1566 = CARTESIAN_POINT ( 'NONE',  ( 36.70161492975689299, 67.79673737589244809, 0.000000000000000000 ) ) ;
#1567 = AXIS2_PLACEMENT_3D ( 'NONE', #517, #29, #670 ) ;
#1568 = ORIENTED_EDGE ( 'NONE', *, *, #2091, .F. ) ;
#1569 = ORIENTED_EDGE ( 'NONE', *, *, #152, .T. ) ;
#1570 = LINE ( 'NONE', #1054, #1382 ) ;
#1571 = VERTEX_POINT ( 'NONE', #421 ) ;
#1572 = DIRECTION ( 'NONE',  ( -0.000000000000000000, -0.000000000000000000, -1.000000000000000000 ) ) ;
#1573 = ORIENTED_EDGE ( 'NONE', *, *, #1482, .T. ) ;
#1574 = EDGE_CURVE ( 'NONE', #1002, #1135, #92, .T. ) ;
#1575 = EDGE_CURVE ( 'NONE', #613, #925, #1246, .T. ) ;
#1576 = DIRECTION ( 'NONE',  ( -0.000000000000000000, -0.000000000000000000, -1.000000000000000000 ) ) ;
#1577 = CARTESIAN_POINT ( 'NONE',  ( 52.94523096000704498, 64.84199890136908095, 4.500000000000000888 ) ) ;
#1578 = ADVANCED_FACE ( 'NONE', ( #695 ), #527, .F. ) ;
#1579 = ORIENTED_EDGE ( 'NONE', *, *, #1275, .F. ) ;
#1580 = ORIENTED_EDGE ( 'NONE', *, *, #1653, .T. ) ;
#1581 = EDGE_LOOP ( 'NONE', ( #153, #2159 ) ) ;
#1582 = ORIENTED_EDGE ( 'NONE', *, *, #386, .F. ) ;
#1583 = CARTESIAN_POINT ( 'NONE',  ( 37.78087911081129135, 63.00287427383130279, 3.000000000000000000 ) ) ;
#1584 = CARTESIAN_POINT ( 'NONE',  ( 0.000000000000000000, 23.17573017770200039, 0.000000000000000000 ) ) ;
#1585 = ORIENTED_EDGE ( 'NONE', *, *, #2103, .F. ) ;
#1586 = DIRECTION ( 'NONE',  ( 1.000000000000000000, 0.000000000000000000, -0.000000000000000000 ) ) ;
#1587 = VECTOR ( 'NONE', #1223, 1000.000000000000000 ) ;
#1588 = VERTEX_POINT ( 'NONE', #1201 ) ;
#1589 = ORIENTED_EDGE ( 'NONE', *, *, #1957, .T. ) ;
#1590 = AXIS2_PLACEMENT_3D ( 'NONE', #37, #1071, #1061 ) ;
#1591 = VECTOR ( 'NONE', #10, 1000.000000000000227 ) ;
#1592 = VECTOR ( 'NONE', #2051, 1000.000000000000000 ) ;
#1593 = LINE ( 'NONE', #1442, #611 ) ;
#1594 = ORIENTED_EDGE ( 'NONE', *, *, #1100, .T. ) ;
#1595 = EDGE_CURVE ( 'NONE', #1734, #304, #1879, .T. ) ;
#1596 = ADVANCED_FACE ( 'NONE', ( #1357 ), #902, .F. ) ;
#1597 = ORIENTED_EDGE ( 'NONE', *, *, #2129, .T. ) ;
#1598 = ORIENTED_EDGE ( 'NONE', *, *, #198, .T. ) ;
#1599 = ORIENTED_EDGE ( 'NONE', *, *, #1814, .F. ) ;
#1600 = DIRECTION ( 'NONE',  ( -0.000000000000000000, -0.000000000000000000, -1.000000000000000000 ) ) ;
#1601 = DIRECTION ( 'NONE',  ( -1.000000000000000000, -0.000000000000000000, -0.000000000000000000 ) ) ;
#1602 = CARTESIAN_POINT ( 'NONE',  ( 0.3027590689954442471, 11.75999999999999979, 0.000000000000000000 ) ) ;
#1603 = ORIENTED_EDGE ( 'NONE', *, *, #1314, .F. ) ;
#1604 = CARTESIAN_POINT ( 'NONE',  ( 32.58472668810468065, 70.00199890136907754, 0.000000000000000000 ) ) ;
#1605 = VERTEX_POINT ( 'NONE', #1344 ) ;
#1606 = ORIENTED_EDGE ( 'NONE', *, *, #246, .F. ) ;
#1607 = EDGE_CURVE ( 'NONE', #251, #651, #1176, .T. ) ;
#1608 = CARTESIAN_POINT ( 'NONE',  ( 43.29763704129243962, 58.15736828445517403, 3.000000000000000000 ) ) ;
#1609 = DIRECTION ( 'NONE',  ( 0.000000000000000000, 0.000000000000000000, 1.000000000000000000 ) ) ;
#1610 = CARTESIAN_POINT ( 'NONE',  ( 57.65800094604500714, 7.025000095369065889, 3.000000000000000000 ) ) ;
#1611 = ORIENTED_EDGE ( 'NONE', *, *, #1637, .T. ) ;
#1612 = CARTESIAN_POINT ( 'NONE',  ( 50.66486707213653062, 63.00287427383130279, 3.000000000000000000 ) ) ;
#1613 = ORIENTED_EDGE ( 'NONE', *, *, #1758, .T. ) ;
#1614 = PRODUCT_DEFINITION_CONTEXT ( 'detailed design', #1714, 'design' ) ;
#1615 = DIRECTION ( 'NONE',  ( 1.000000000000000000, 0.000000000000000000, 0.000000000000000000 ) ) ;
#1616 = ORIENTED_EDGE ( 'NONE', *, *, #1026, .F. ) ;
#1617 = AXIS2_PLACEMENT_3D ( 'NONE', #449, #101, #1294 ) ;
#1618 = CARTESIAN_POINT ( 'NONE',  ( 50.66486707213653062, 63.00287427383130279, 3.000000000000000000 ) ) ;
#1619 = LINE ( 'NONE', #473, #1939 ) ;
#1620 = VECTOR ( 'NONE', #1630, 1000.000000000000000 ) ;
#1621 = CARTESIAN_POINT ( 'NONE',  ( 2.007000000000000117, 11.75999999999999979, -3.000000000000000000 ) ) ;
#1623 = ADVANCED_FACE ( 'NONE', ( #412 ), #266, .F. ) ;
#1622 = AXIS2_PLACEMENT_3D ( 'NONE', #1531, #1329, #159 ) ;
#1624 = AXIS2_PLACEMENT_3D ( 'NONE', #1399, #875, #1387 ) ;
#1625 = LINE ( 'NONE', #624, #434 ) ;
#1626 = ORIENTED_EDGE ( 'NONE', *, *, #2129, .F. ) ;
#1627 = CARTESIAN_POINT ( 'NONE',  ( 57.65800094604500714, 7.025000095369065889, 0.000000000000000000 ) ) ;
#1628 = DIRECTION ( 'NONE',  ( 0.000000000000000000, 0.000000000000000000, 1.000000000000000000 ) ) ;
#1629 = VERTEX_POINT ( 'NONE', #278 ) ;
#1630 = DIRECTION ( 'NONE',  ( 0.000000000000000000, 0.000000000000000000, 1.000000000000000000 ) ) ;
#1631 = ORIENTED_EDGE ( 'NONE', *, *, #1908, .T. ) ;
#1632 = DIRECTION ( 'NONE',  ( 0.000000000000000000, -1.000000000000000000, 0.000000000000000000 ) ) ;
#1633 = LINE ( 'NONE', #311, #968 ) ;
#1634 = LINE ( 'NONE', #474, #1205 ) ;
#1635 = AXIS2_PLACEMENT_3D ( 'NONE', #71, #1106, #1095 ) ;
#1636 = DIRECTION ( 'NONE',  ( 0.0003800275744578615004, -0.9999999277895186278, -0.000000000000000000 ) ) ;
#1637 = EDGE_CURVE ( 'NONE', #775, #555, #583, .T. ) ;
#1638 = CIRCLE ( 'NONE', #803, 4.330697054907822974 ) ;
#1639 = EDGE_CURVE ( 'NONE', #1002, #1484, #1593, .T. ) ;
#1640 = CARTESIAN_POINT ( 'NONE',  ( 43.29763704129243962, 58.15736828445517403, 0.000000000000000000 ) ) ;
#1641 = LINE ( 'NONE', #498, #1768 ) ;
#1642 = EDGE_LOOP ( 'NONE', ( #1810, #144 ) ) ;
#1643 = VERTEX_POINT ( 'NONE', #1779 ) ;
#1644 = CARTESIAN_POINT ( 'NONE',  ( 24.84072757557567712, 36.41303385995264819, -3.000000000000000000 ) ) ;
#1645 = CARTESIAN_POINT ( 'NONE',  ( 45.68828984031205920, 58.15736828445517403, 0.000000000000000000 ) ) ;
#1646 = CARTESIAN_POINT ( 'NONE',  ( 39.88029162565499774, 65.83635289751217101, -3.000000000000000000 ) ) ;
#1647 = DIRECTION ( 'NONE',  ( 0.000000000000000000, 0.000000000000000000, 1.000000000000000000 ) ) ;
#1648 = CARTESIAN_POINT ( 'NONE',  ( 28.88521634381089243, 23.17573017770199684, 3.000000000000000000 ) ) ;
#1649 = EDGE_CURVE ( 'NONE', #1815, #549, #235, .T. ) ;
#1650 = DIRECTION ( 'NONE',  ( 0.000000000000000000, 0.000000000000000000, 1.000000000000000000 ) ) ;
#1651 = LINE ( 'NONE', #1152, #1664 ) ;
#1652 = EDGE_LOOP ( 'NONE', ( #735, #23 ) ) ;
#1653 = EDGE_CURVE ( 'NONE', #1922, #1516, #1402, .T. ) ;
#1654 = VERTEX_POINT ( 'NONE', #1273 ) ;
#1655 = CARTESIAN_POINT ( 'NONE',  ( 9.235357893426790810, 51.24900787648735445, 10.75943138354336348 ) ) ;
#1656 = CARTESIAN_POINT ( 'NONE',  ( -0.002999714528393866535, 7.026897941192802755, 3.000000000000000000 ) ) ;
#1657 = CARTESIAN_POINT ( 'NONE',  ( 50.66486707213653062, 63.00287427383130279, 0.000000000000000000 ) ) ;
#1658 = VECTOR ( 'NONE', #172, 1000.000000000000000 ) ;
#1659 = AXIS2_PLACEMENT_3D ( 'NONE', #1892, #881, #1346 ) ;
#1660 = VERTEX_POINT ( 'NONE', #593 ) ;
#1661 = AXIS2_PLACEMENT_3D ( 'NONE', #1655, #1474, #158 ) ;
#1662 = VECTOR ( 'NONE', #858, 1000.000000000000000 ) ;
#1663 = DIRECTION ( 'NONE',  ( -0.0001250508168815968747, -0.9999999921811464354, 0.000000000000000000 ) ) ;
#1664 = VECTOR ( 'NONE', #464, 1000.000000000000000 ) ;
#1665 = DIRECTION ( 'NONE',  ( 0.000000000000000000, 0.000000000000000000, 1.000000000000000000 ) ) ;
#1666 = ORIENTED_EDGE ( 'NONE', *, *, #1736, .F. ) ;
#1667 =( NAMED_UNIT ( * ) SI_UNIT ( $, .STERADIAN. ) SOLID_ANGLE_UNIT ( ) );
#1668 = EDGE_CURVE ( 'NONE', #1605, #181, #1321, .T. ) ;
#1669 = EDGE_CURVE ( 'NONE', #972, #1917, #1920, .T. ) ;
#1670 = EDGE_LOOP ( 'NONE', ( #990, #1231, #512, #1606, #783, #1280, #1794 ) ) ;
#1671 = DIRECTION ( 'NONE',  ( -0.000000000000000000, 0.000000000000000000, -1.000000000000000000 ) ) ;
#1672 = CARTESIAN_POINT ( 'NONE',  ( 50.66486707213653062, 63.00287427383130279, 3.000000000000000000 ) ) ;
#1673 = LINE ( 'NONE', #798, #137 ) ;
#1674 = CARTESIAN_POINT ( 'NONE',  ( 48.71042342266195391, 2.401465347587071530, -3.000000000000000000 ) ) ;
#1675 = ORIENTED_EDGE ( 'NONE', *, *, #446, .F. ) ;
#1676 = EDGE_LOOP ( 'NONE', ( #280, #129, #416, #1241 ) ) ;
#1677 = CARTESIAN_POINT ( 'NONE',  ( 0.000000000000000000, 23.17573017770200039, 3.000000000000000000 ) ) ;
#1678 = DIRECTION ( 'NONE',  ( 1.000000000000000000, -3.283659891533087957E-14, 0.000000000000000000 ) ) ;
#1679 = PLANE ( 'NONE',  #892 ) ;
#1680 = ORIENTED_EDGE ( 'NONE', *, *, #1215, .T. ) ;
#1681 = ADVANCED_FACE ( 'NONE', ( #236 ), #102, .F. ) ;
#1682 = CARTESIAN_POINT ( 'NONE',  ( 20.76737240559561926, 12.12795355502193040, 3.000000000000000000 ) ) ;
#1683 = CARTESIAN_POINT ( 'NONE',  ( 20.76737240559561926, 12.12795355502193040, 3.000000000000000000 ) ) ;
#1684 = DIRECTION ( 'NONE',  ( 0.000000000000000000, 0.000000000000000000, 1.000000000000000000 ) ) ;
#1685 = ORIENTED_EDGE ( 'NONE', *, *, #794, .F. ) ;
#1686 = PRESENTATION_STYLE_ASSIGNMENT (( #664 ) ) ;
#1687 = ORIENTED_EDGE ( 'NONE', *, *, #686, .F. ) ;
#1688 = CARTESIAN_POINT ( 'NONE',  ( 34.97599999999999909, 67.79673737589244809, 0.000000000000000000 ) ) ;
#1689 = CARTESIAN_POINT ( 'NONE',  ( 16.79783914143555634, 15.19372240650392847, 3.000000000000000000 ) ) ;
#1690 = DIRECTION ( 'NONE',  ( 0.000000000000000000, 0.000000000000000000, 1.000000000000000000 ) ) ;
#1691 = CARTESIAN_POINT ( 'NONE',  ( 48.71042342266195391, 2.401465347587071530, 0.000000000000000000 ) ) ;
#1692 = ORIENTED_EDGE ( 'NONE', *, *, #1301, .T. ) ;
#1693 = EDGE_CURVE ( 'NONE', #639, #1711, #1911, .T. ) ;
#1694 = DIRECTION ( 'NONE',  ( -0.000000000000000000, 0.000000000000000000, -1.000000000000000000 ) ) ;
#1695 = CIRCLE ( 'NONE', #2077, 5.553607427576920053 ) ;
#1696 = DIRECTION ( 'NONE',  ( 1.000000000000000000, 0.000000000000000000, 0.000000000000000000 ) ) ;
#1697 = DIRECTION ( 'NONE',  ( 0.000000000000000000, 0.000000000000000000, 1.000000000000000000 ) ) ;
#1698 = AXIS2_PLACEMENT_3D ( 'NONE', #673, #1710, #354 ) ;
#1699 = VERTEX_POINT ( 'NONE', #244 ) ;
#1700 = VECTOR ( 'NONE', #39, 1000.000000000000000 ) ;
#1701 = CLOSED_SHELL ( 'NONE', ( #1848, #1596, #565, #455, #167, #1025, #1148, #47, #808, #1093, #1523, #182, #1918, #286, #2079, #140, #1863, #302, #1738, #428, #1080, #2117, #314, #1578, #779, #18, #2042, #88, #2069, #2094, #2037, #344, #373, #1214, #712, #1681, #17, #797, #564, #522, #1708, #730, #1932, #1249, #1286, #1011, #62, #1707, #1073, #552, #1416, #1712, #1439, #1180, #2055, #1261, #1623, #1200, #45, #1467, #987, #1228, #1252, #614, #718, #1139, #578, #3 ) ) ;
#1702 = EDGE_LOOP ( 'NONE', ( #489, #1675, #2008, #773 ) ) ;
#1703 = CARTESIAN_POINT ( 'NONE',  ( 50.46278976710301833, 7.320000000002067964, 3.000000000000000000 ) ) ;
#1704 = CARTESIAN_POINT ( 'NONE',  ( -0.002999714528393866535, 7.026897941192802755, 0.000000000000000000 ) ) ;
#1705 = DIRECTION ( 'NONE',  ( 1.000000000000000000, 0.000000000000000000, 0.000000000000000000 ) ) ;
#1706 = FACE_BOUND ( 'NONE', #594, .T. ) ;
#1707 = ADVANCED_FACE ( 'NONE', ( #741 ), #762, .T. ) ;
#1708 = ADVANCED_FACE ( 'NONE', ( #1944 ), #441, .T. ) ;
#1709 = CARTESIAN_POINT ( 'NONE',  ( 50.41082342266195582, 2.401465347587071530, -3.000000000000000000 ) ) ;
#1710 = DIRECTION ( 'NONE',  ( 0.000000000000000000, 0.000000000000000000, 1.000000000000000000 ) ) ;
#1711 = VERTEX_POINT ( 'NONE', #2095 ) ;
#1712 = ADVANCED_FACE ( 'NONE', ( #920 ), #573, .T. ) ;
#1713 = VERTEX_POINT ( 'NONE', #79 ) ;
#1714 = APPLICATION_CONTEXT ( 'automotive_design' ) ;
#1715 = CARTESIAN_POINT ( 'NONE',  ( 2.007000000000000117, 11.75999999999999979, -4.599999999999999645 ) ) ;
#1716 = CARTESIAN_POINT ( 'NONE',  ( 56.29523096000704641, 64.84199890136908095, 3.000000000000000000 ) ) ;
#1717 = CARTESIAN_POINT ( 'NONE',  ( 51.39523096000765889, 64.84199890136908095, -0.4999999999999995559 ) ) ;
#1718 = DIRECTION ( 'NONE',  ( 0.9999999277895187388, 0.0003800275744578615004, -0.000000000000000000 ) ) ;
#1719 = CARTESIAN_POINT ( 'NONE',  ( -0.002999714528393866535, 7.026897941192802755, 0.000000000000000000 ) ) ;
#1720 = EDGE_CURVE ( 'NONE', #1300, #1498, #785, .T. ) ;
#1721 = CARTESIAN_POINT ( 'NONE',  ( 49.84523096000827280, 64.84199890136908095, -0.4999999999999995559 ) ) ;
#1722 = EDGE_CURVE ( 'NONE', #1516, #251, #403, .T. ) ;
#1723 = VERTEX_POINT ( 'NONE', #357 ) ;
#1724 = DIRECTION ( 'NONE',  ( 0.000000000000000000, 0.000000000000000000, 1.000000000000000000 ) ) ;
#1725 = DIRECTION ( 'NONE',  ( 0.000000000000000000, 0.000000000000000000, 1.000000000000000000 ) ) ;
#1726 = SHAPE_DEFINITION_REPRESENTATION ( #1092, #2082 ) ;
#1727 = ORIENTED_EDGE ( 'NONE', *, *, #757, .T. ) ;
#1728 = DIRECTION ( 'NONE',  ( -0.0003800275744578614462, 0.9999999277895186278, 0.000000000000000000 ) ) ;
#1729 = CYLINDRICAL_SURFACE ( 'NONE', #946, 1.199999999999999734 ) ;
#1730 = ORIENTED_EDGE ( 'NONE', *, *, #361, .F. ) ;
#1731 = AXIS2_PLACEMENT_3D ( 'NONE', #1691, #515, #360 ) ;
#1732 = CIRCLE ( 'NONE', #1129, 1.700399999999997691 ) ;
#1733 = CIRCLE ( 'NONE', #1622, 1.199999999999999734 ) ;
#1734 = VERTEX_POINT ( 'NONE', #313 ) ;
#1735 = AXIS2_PLACEMENT_3D ( 'NONE', #1441, #792, #1465 ) ;
#1736 = EDGE_CURVE ( 'NONE', #1713, #1629, #2124, .T. ) ;
#1737 = CARTESIAN_POINT ( 'NONE',  ( 2.007000000000000117, 11.75999999999999979, -4.599999999999999645 ) ) ;
#1738 = ADVANCED_FACE ( 'NONE', ( #127 ), #1182, .F. ) ;
#1739 = DIRECTION ( 'NONE',  ( 1.000000000000000000, 0.000000000000000000, 0.000000000000000000 ) ) ;
#1740 = ORIENTED_EDGE ( 'NONE', *, *, #1564, .F. ) ;
#1741 = DIRECTION ( 'NONE',  ( 0.000000000000000000, 0.000000000000000000, 1.000000000000000000 ) ) ;
#1742 = VERTEX_POINT ( 'NONE', #1488 ) ;
#1743 = DIRECTION ( 'NONE',  ( 1.000000000000000000, 0.000000000000000000, 0.000000000000000000 ) ) ;
#1744 = DIRECTION ( 'NONE',  ( -0.000000000000000000, -0.000000000000000000, -1.000000000000000000 ) ) ;
#1745 = EDGE_LOOP ( 'NONE', ( #1933, #1569, #702, #915 ) ) ;
#1746 = VERTEX_POINT ( 'NONE', #1117 ) ;
#1747 = DIRECTION ( 'NONE',  ( -0.000000000000000000, -0.000000000000000000, 1.000000000000000000 ) ) ;
#1748 = ORIENTED_EDGE ( 'NONE', *, *, #1823, .F. ) ;
#1749 = ORIENTED_EDGE ( 'NONE', *, *, #1720, .F. ) ;
#1750 = AXIS2_PLACEMENT_3D ( 'NONE', #683, #1058, #384 ) ;
#1751 = ORIENTED_EDGE ( 'NONE', *, *, #1957, .F. ) ;
#1752 = CARTESIAN_POINT ( 'NONE',  ( 51.39523096000765889, 64.84199890136908095, 3.000000000000000000 ) ) ;
#1753 = ORIENTED_EDGE ( 'NONE', *, *, #1668, .F. ) ;
#1754 = CARTESIAN_POINT ( 'NONE',  ( 33.25038507024311230, 65.83635289751217101, -3.000000000000000000 ) ) ;
#1755 = EDGE_LOOP ( 'NONE', ( #918, #468, #1599, #949 ) ) ;
#1756 = ORIENTED_EDGE ( 'NONE', *, *, #2100, .F. ) ;
#1757 = DIRECTION ( 'NONE',  ( -1.000000000000000000, 0.000000000000000000, -0.000000000000000000 ) ) ;
#1758 = EDGE_CURVE ( 'NONE', #447, #2036, #1166, .T. ) ;
#1759 = CARTESIAN_POINT ( 'NONE',  ( 2.007000000000000117, 11.75999999999999979, -3.000000000000000000 ) ) ;
#1760 = ORIENTED_EDGE ( 'NONE', *, *, #646, .T. ) ;
#1761 = ORIENTED_EDGE ( 'NONE', *, *, #1511, .T. ) ;
#1762 = SURFACE_SIDE_STYLE ('',( #759 ) ) ;
#1763 = AXIS2_PLACEMENT_3D ( 'NONE', #1715, #1724, #1239 ) ;
#1764 = VERTEX_POINT ( 'NONE', #1529 ) ;
#1765 = EDGE_LOOP ( 'NONE', ( #456, #187, #579, #897 ) ) ;
#1766 = AXIS2_PLACEMENT_3D ( 'NONE', #1003, #1145, #1799 ) ;
#1767 = VECTOR ( 'NONE', #2101, 1000.000000000000000 ) ;
#1768 = VECTOR ( 'NONE', #327, 1000.000000000000000 ) ;
#1769 = LINE ( 'NONE', #1802, #293 ) ;
#1770 = AXIS2_PLACEMENT_3D ( 'NONE', #267, #73, #2096 ) ;
#1771 = CARTESIAN_POINT ( 'NONE',  ( 8.360619662391107099, 50.00199763233040073, 5.275145788609223452 ) ) ;
#1772 = CARTESIAN_POINT ( 'NONE',  ( 51.39523096000765889, 64.84199890136908095, 4.500000000000000888 ) ) ;
#1773 = ORIENTED_EDGE ( 'NONE', *, *, #128, .F. ) ;
#1774 = EDGE_CURVE ( 'NONE', #366, #699, #1295, .T. ) ;
#1775 = CARTESIAN_POINT ( 'NONE',  ( 2.801713482391106957, 57.99960780504349600, 0.000000000000000000 ) ) ;
#1776 = ORIENTED_EDGE ( 'NONE', *, *, #2016, .F. ) ;
#1777 = EDGE_LOOP ( 'NONE', ( #36, #1809, #602, #746 ) ) ;
#1778 = CARTESIAN_POINT ( 'NONE',  ( 51.39523096000765889, 64.84199890136908095, 4.500000000000000888 ) ) ;
#1779 = CARTESIAN_POINT ( 'NONE',  ( 36.17600000000000193, 67.89399999999999125, -4.599999999999999645 ) ) ;
#1780 = DIRECTION ( 'NONE',  ( 0.000000000000000000, 0.000000000000000000, 1.000000000000000000 ) ) ;
#1781 = ORIENTED_EDGE ( 'NONE', *, *, #1499, .F. ) ;
#1782 = DIRECTION ( 'NONE',  ( 0.000000000000000000, 0.000000000000000000, 1.000000000000000000 ) ) ;
#1783 = DIRECTION ( 'NONE',  ( -0.000000000000000000, -0.000000000000000000, -1.000000000000000000 ) ) ;
#1784 = ORIENTED_EDGE ( 'NONE', *, *, #671, .T. ) ;
#1785 = DIRECTION ( 'NONE',  ( 3.614007241618356166E-16, -1.000000000000000000, 0.000000000000000000 ) ) ;
#1786 = EDGE_CURVE ( 'NONE', #800, #1922, #523, .T. ) ;
#1787 = ORIENTED_EDGE ( 'NONE', *, *, #627, .F. ) ;
#1788 = CARTESIAN_POINT ( 'NONE',  ( 50.66486707213653062, 51.24900787648735445, 3.000000000000000000 ) ) ;
#1789 = LINE ( 'NONE', #1104, #161 ) ;
#1790 = CARTESIAN_POINT ( 'NONE',  ( 57.65800094604500714, 7.025000095369065889, 0.000000000000000000 ) ) ;
#1791 = DIRECTION ( 'NONE',  ( 0.000000000000000000, 0.000000000000000000, 1.000000000000000000 ) ) ;
#1792 = CARTESIAN_POINT ( 'NONE',  ( 57.66278976710300697, 45.32000000000206796, 0.000000000000000000 ) ) ;
#1793 = CARTESIAN_POINT ( 'NONE',  ( 9.235357893426790810, 70.00199763233040073, 10.75943138354336348 ) ) ;
#1794 = ORIENTED_EDGE ( 'NONE', *, *, #1595, .F. ) ;
#1795 = ORIENTED_EDGE ( 'NONE', *, *, #394, .T. ) ;
#1796 = EDGE_CURVE ( 'NONE', #1571, #1746, #1625, .T. ) ;
#1797 = VECTOR ( 'NONE', #980, 1000.000000000000000 ) ;
#1798 = EDGE_CURVE ( 'NONE', #956, #1429, #290, .T. ) ;
#1799 = DIRECTION ( 'NONE',  ( -1.000000000000000000, 0.000000000000000000, 0.000000000000000000 ) ) ;
#1800 = DIRECTION ( 'NONE',  ( 1.000000000000000000, 0.000000000000000000, -0.000000000000000000 ) ) ;
#1801 = STYLED_ITEM ( 'NONE', ( #1686 ), #1191 ) ;
#1802 = CARTESIAN_POINT ( 'NONE',  ( 57.66500091552700979, 63.00199890136906333, 3.000000000000000000 ) ) ;
#1803 = AXIS2_PLACEMENT_3D ( 'NONE', #816, #1319, #2018 ) ;
#1804 = EDGE_CURVE ( 'NONE', #181, #1444, #605, .T. ) ;
#1805 = DIRECTION ( 'NONE',  ( 1.000000000000000000, 0.000000000000000000, 0.000000000000000000 ) ) ;
#1806 = ORIENTED_EDGE ( 'NONE', *, *, #1451, .T. ) ;
#1807 = LINE ( 'NONE', #638, #466 ) ;
#1808 = FACE_OUTER_BOUND ( 'NONE', #994, .T. ) ;
#1809 = ORIENTED_EDGE ( 'NONE', *, *, #1081, .T. ) ;
#1810 = ORIENTED_EDGE ( 'NONE', *, *, #1375, .T. ) ;
#1811 = CARTESIAN_POINT ( 'NONE',  ( 33.24764618672907091, 67.89399999999999125, 0.000000000000000000 ) ) ;
#1812 = CARTESIAN_POINT ( 'NONE',  ( 0.8070000000000006057, 11.75999999999999979, -4.599999999999999645 ) ) ;
#1813 = DIRECTION ( 'NONE',  ( 0.000000000000000000, 1.000000000000000000, 0.000000000000000000 ) ) ;
#1814 = EDGE_CURVE ( 'NONE', #1312, #1937, #1096, .T. ) ;
#1815 = VERTEX_POINT ( 'NONE', #1126 ) ;
#1816 = DIRECTION ( 'NONE',  ( 1.000000000000000000, 0.000000000000000000, -0.000000000000000000 ) ) ;
#1817 = FACE_OUTER_BOUND ( 'NONE', #415, .T. ) ;
#1818 = ORIENTED_EDGE ( 'NONE', *, *, #234, .T. ) ;
#1819 = ORIENTED_EDGE ( 'NONE', *, *, #934, .F. ) ;
#1820 = FACE_OUTER_BOUND ( 'NONE', #255, .T. ) ;
#1821 = CARTESIAN_POINT ( 'NONE',  ( 28.88521634381089243, 12.12795355502193040, 3.000000000000000000 ) ) ;
#1822 = EDGE_CURVE ( 'NONE', #1351, #1312, #1455, .T. ) ;
#1823 = EDGE_CURVE ( 'NONE', #832, #1949, #121, .T. ) ;
#1824 = PLANE ( 'NONE',  #1090 ) ;
#1825 = FACE_OUTER_BOUND ( 'NONE', #1383, .T. ) ;
#1826 = VERTEX_POINT ( 'NONE', #148 ) ;
#1827 = ORIENTED_EDGE ( 'NONE', *, *, #72, .T. ) ;
#1828 = DIRECTION ( 'NONE',  ( 0.000000000000000000, 0.000000000000000000, 1.000000000000000000 ) ) ;
#1829 = CARTESIAN_POINT ( 'NONE',  ( 2.007000000000000117, 11.75999999999999979, -3.000000000000000000 ) ) ;
#1830 = CARTESIAN_POINT ( 'NONE',  ( 47.01002342266195910, 2.401465347587071530, -3.000000000000000000 ) ) ;
#1831 = VECTOR ( 'NONE', #692, 1000.000000000000114 ) ;
#1832 = MECHANICAL_DESIGN_GEOMETRIC_PRESENTATION_REPRESENTATION (  '', ( #1801 ), #2044 ) ;
#1833 = AXIS2_PLACEMENT_3D ( 'NONE', #189, #688, #986 ) ;
#1834 = CARTESIAN_POINT ( 'NONE',  ( 45.68828984031205920, 58.15736828445517403, 0.000000000000000000 ) ) ;
#1835 = AXIS2_PLACEMENT_3D ( 'NONE', #1608, #111, #777 ) ;
#1836 = CARTESIAN_POINT ( 'NONE',  ( 36.70161492975689299, 67.79673737589244809, -3.000000000000000000 ) ) ;
#1837 = DIRECTION ( 'NONE',  ( -0.000000000000000000, -0.000000000000000000, -1.000000000000000000 ) ) ;
#1838 = VERTEX_POINT ( 'NONE', #1196 ) ;
#1839 = ORIENTED_EDGE ( 'NONE', *, *, #1774, .T. ) ;
#1840 = DIRECTION ( 'NONE',  ( -0.000000000000000000, -0.000000000000000000, -1.000000000000000000 ) ) ;
#1841 = DIRECTION ( 'NONE',  ( -1.000000000000000000, 0.000000000000000000, 0.000000000000000000 ) ) ;
#1842 = DIRECTION ( 'NONE',  ( 0.000000000000000000, 0.000000000000000000, 1.000000000000000000 ) ) ;
#1843 = FACE_OUTER_BOUND ( 'NONE', #74, .T. ) ;
#1844 = CARTESIAN_POINT ( 'NONE',  ( 2.007000000000000117, 11.75999999999999979, -3.000000000000000000 ) ) ;
#1845 = DIRECTION ( 'NONE',  ( 0.000000000000000000, -1.000000000000000000, 0.000000000000000000 ) ) ;
#1846 = ORIENTED_EDGE ( 'NONE', *, *, #1637, .F. ) ;
#1847 = ORIENTED_EDGE ( 'NONE', *, *, #701, .F. ) ;
#1848 = ADVANCED_FACE ( 'NONE', ( #793 ), #1859, .F. ) ;
#1849 = DIRECTION ( 'NONE',  ( 1.000000000000000000, 0.000000000000000000, 0.000000000000000000 ) ) ;
#1850 = CARTESIAN_POINT ( 'NONE',  ( 15.59263366239110482, 55.64203330755000110, 3.000000000000000000 ) ) ;
#1851 = CARTESIAN_POINT ( 'NONE',  ( 57.65800094604500714, 7.025000095369065889, 3.000000000000000000 ) ) ;
#1852 = FACE_OUTER_BOUND ( 'NONE', #1079, .T. ) ;
#1853 = DIRECTION ( 'NONE',  ( 1.000000000000000000, 0.000000000000000000, 0.000000000000000000 ) ) ;
#1854 = DIRECTION ( 'NONE',  ( -0.7179950999952804391, -0.6960481566549596710, 0.000000000000000000 ) ) ;
#1855 = DIRECTION ( 'NONE',  ( -1.000000000000000000, 0.000000000000000000, 0.000000000000000000 ) ) ;
#1856 = LINE ( 'NONE', #1381, #1417 ) ;
#1857 = EDGE_LOOP ( 'NONE', ( #1883, #811, #238, #1313 ) ) ;
#1858 = ORIENTED_EDGE ( 'NONE', *, *, #1649, .T. ) ;
#1859 = CYLINDRICAL_SURFACE ( 'NONE', #1422, 1.549999999999385203 ) ;
#1860 = LINE ( 'NONE', #1183, #604 ) ;
#1861 = CARTESIAN_POINT ( 'NONE',  ( -0.002999714528393866535, 7.026897941192802755, 3.000000000000000000 ) ) ;
#1862 = DIRECTION ( 'NONE',  ( 1.000000000000000000, 0.000000000000000000, 0.000000000000000000 ) ) ;
#1863 = ADVANCED_FACE ( 'NONE', ( #612 ), #303, .F. ) ;
#1864 = EDGE_CURVE ( 'NONE', #2073, #1257, #964, .T. ) ;
#1865 = AXIS2_PLACEMENT_3D ( 'NONE', #349, #848, #1519 ) ;
#1866 = EDGE_CURVE ( 'NONE', #1545, #878, #2011, .T. ) ;
#1867 = DIRECTION ( 'NONE',  ( -0.000000000000000000, -0.000000000000000000, -1.000000000000000000 ) ) ;
#1868 = DIRECTION ( 'NONE',  ( 1.000000000000000000, 1.443328127052817719E-12, -0.000000000000000000 ) ) ;
#1869 = COLOUR_RGB ( '',0.7921568627450980005, 0.8196078431372548767, 0.9333333333333333481 ) ;
#1870 = ORIENTED_EDGE ( 'NONE', *, *, #592, .F. ) ;
#1871 = AXIS2_PLACEMENT_3D ( 'NONE', #1037, #847, #504 ) ;
#1872 = CIRCLE ( 'NONE', #1454, 1.549999999999385203 ) ;
#1873 = ORIENTED_EDGE ( 'NONE', *, *, #156, .T. ) ;
#1874 = LINE ( 'NONE', #379, #967 ) ;
#1875 = FACE_OUTER_BOUND ( 'NONE', #1030, .T. ) ;
#1876 = PLANE ( 'NONE',  #540 ) ;
#1877 = CARTESIAN_POINT ( 'NONE',  ( 0.1237189390035278030, 55.40347147281892148, 6.588923461793871894 ) ) ;
#1878 = PRODUCT_RELATED_PRODUCT_CATEGORY ( 'part', '', ( #1420 ) ) ;
#1879 = CIRCLE ( 'NONE', #1463, 1.728353813270931738 ) ;
#1880 = EDGE_CURVE ( 'NONE', #1917, #295, #216, .T. ) ;
#1881 = DIRECTION ( 'NONE',  ( 1.000000000000000000, 0.000000000000000000, 0.000000000000000000 ) ) ;
#1882 = LINE ( 'NONE', #1721, #854 ) ;
#1883 = ORIENTED_EDGE ( 'NONE', *, *, #948, .F. ) ;
#1884 = CARTESIAN_POINT ( 'NONE',  ( 29.17142463048350010, 36.41303385995264819, 0.000000000000000000 ) ) ;
#1885 = VECTOR ( 'NONE', #1404, 1000.000000000000000 ) ;
#1886 = DIRECTION ( 'NONE',  ( 0.000000000000000000, -1.000000000000000000, 0.000000000000000000 ) ) ;
#1887 = CARTESIAN_POINT ( 'NONE',  ( 8.360619662391107099, 63.38859499956932098, 17.50000000000000000 ) ) ;
#1888 = ORIENTED_EDGE ( 'NONE', *, *, #1864, .F. ) ;
#1889 = CARTESIAN_POINT ( 'NONE',  ( 57.66278976710300697, 7.320000000002070628, 3.000000000000000000 ) ) ;
#1890 = DIRECTION ( 'NONE',  ( 1.000000000000000000, 3.614007241618356166E-16, -0.000000000000000000 ) ) ;
#1891 = DIRECTION ( 'NONE',  ( -0.000000000000000000, -0.000000000000000000, -1.000000000000000000 ) ) ;
#1892 = CARTESIAN_POINT ( 'NONE',  ( 51.39523096000765889, 64.84199890136908095, 3.000000000000000000 ) ) ;
#1893 = EDGE_CURVE ( 'NONE', #1946, #104, #1789, .T. ) ;
#1894 = EDGE_CURVE ( 'NONE', #555, #1516, #1962, .T. ) ;
#1895 = VERTEX_POINT ( 'NONE', #1951 ) ;
#1896 = CARTESIAN_POINT ( 'NONE',  ( 2.801713482391106957, 56.81649478397233111, 0.000000000000000000 ) ) ;
#1897 = LINE ( 'NONE', #909, #437 ) ;
#1898 = ORIENTED_EDGE ( 'NONE', *, *, #1040, .F. ) ;
#1899 = DIRECTION ( 'NONE',  ( 1.000000000000000000, 0.000000000000000000, 0.000000000000000000 ) ) ;
#1900 = DIRECTION ( 'NONE',  ( 1.000000000000000000, 0.000000000000000000, 0.000000000000000000 ) ) ;
#1901 = VERTEX_POINT ( 'NONE', #2133 ) ;
#1902 = CIRCLE ( 'NONE', #429, 2.499999999999995115 ) ;
#1903 = VECTOR ( 'NONE', #533, 1000.000000000000000 ) ;
#1904 = AXIS2_PLACEMENT_3D ( 'NONE', #1363, #1647, #2115 ) ;
#1905 = ORIENTED_EDGE ( 'NONE', *, *, #700, .F. ) ;
#1906 = AXIS2_PLACEMENT_3D ( 'NONE', #1621, #1600, #1977 ) ;
#1907 = LINE ( 'NONE', #203, #296 ) ;
#1908 = EDGE_CURVE ( 'NONE', #834, #1415, #1293, .T. ) ;
#1909 = DIRECTION ( 'NONE',  ( 1.000000000000000000, 0.000000000000000000, 0.000000000000000000 ) ) ;
#1910 = VERTEX_POINT ( 'NONE', #1440 ) ;
#1911 = LINE ( 'NONE', #2066, #1298 ) ;
#1912 = DIRECTION ( 'NONE',  ( 1.850076581037493694E-16, -1.000000000000000000, 0.000000000000000000 ) ) ;
#1913 = ORIENTED_EDGE ( 'NONE', *, *, #1122, .F. ) ;
#1914 = ORIENTED_EDGE ( 'NONE', *, *, #409, .T. ) ;
#1915 = LINE ( 'NONE', #248, #898 ) ;
#1916 = ORIENTED_EDGE ( 'NONE', *, *, #1390, .F. ) ;
#1917 = VERTEX_POINT ( 'NONE', #1485 ) ;
#1918 = ADVANCED_FACE ( 'NONE', ( #804 ), #1137, .T. ) ;
#1919 = AXIS2_PLACEMENT_3D ( 'NONE', #2023, #215, #518 ) ;
#1920 = LINE ( 'NONE', #1082, #308 ) ;
#1921 = CARTESIAN_POINT ( 'NONE',  ( 33.24764618672907091, 67.89399999999999125, -3.000000000000000000 ) ) ;
#1922 = VERTEX_POINT ( 'NONE', #288 ) ;
#1923 = ORIENTED_EDGE ( 'NONE', *, *, #1051, .T. ) ;
#1924 = DIRECTION ( 'NONE',  ( -0.000000000000000000, -0.000000000000000000, -1.000000000000000000 ) ) ;
#1925 = EDGE_LOOP ( 'NONE', ( #905, #1751, #410, #237 ) ) ;
#1926 = EDGE_LOOP ( 'NONE', ( #632, #90, #2098, #1589 ) ) ;
#1927 = EDGE_CURVE ( 'NONE', #1711, #7, #622, .T. ) ;
#1928 = EDGE_CURVE ( 'NONE', #1654, #1934, #930, .T. ) ;
#1929 = CARTESIAN_POINT ( 'NONE',  ( 39.88029162565499774, 65.83635289751217101, -3.000000000000000000 ) ) ;
#1930 = CARTESIAN_POINT ( 'NONE',  ( 8.360619662391107099, 63.38859499956932098, 0.000000000000000000 ) ) ;
#1931 = CARTESIAN_POINT ( 'NONE',  ( 51.39523096000765889, 64.84199890136908095, 3.000000000000000000 ) ) ;
#1932 = ADVANCED_FACE ( 'NONE', ( #1820 ), #1124, .F. ) ;
#1933 = ORIENTED_EDGE ( 'NONE', *, *, #867, .F. ) ;
#1934 = VERTEX_POINT ( 'NONE', #1812 ) ;
#1935 = FACE_OUTER_BOUND ( 'NONE', #2068, .T. ) ;
#1936 = CIRCLE ( 'NONE', #1659, 1.699999999999389555 ) ;
#1937 = VERTEX_POINT ( 'NONE', #962 ) ;
#1938 = CIRCLE ( 'NONE', #1001, 2.499999999999995115 ) ;
#1939 = VECTOR ( 'NONE', #322, 1000.000000000000000 ) ;
#1940 = AXIS2_PLACEMENT_3D ( 'NONE', #27, #1186, #1862 ) ;
#1941 = DIRECTION ( 'NONE',  ( -0.000000000000000000, -0.000000000000000000, -1.000000000000000000 ) ) ;
#1942 = CARTESIAN_POINT ( 'NONE',  ( 50.46278976710301833, 7.320000000002067964, 0.000000000000000000 ) ) ;
#1943 = EDGE_CURVE ( 'NONE', #1336, #871, #1619, .T. ) ;
#1944 = FACE_OUTER_BOUND ( 'NONE', #1581, .T. ) ;
#1945 = DIRECTION ( 'NONE',  ( 0.000000000000000000, 0.000000000000000000, 1.000000000000000000 ) ) ;
#1946 = VERTEX_POINT ( 'NONE', #974 ) ;
#1947 = EDGE_CURVE ( 'NONE', #2118, #7, #1633, .T. ) ;
#1948 = LINE ( 'NONE', #282, #338 ) ;
#1949 = VERTEX_POINT ( 'NONE', #146 ) ;
#1950 = ORIENTED_EDGE ( 'NONE', *, *, #1564, .T. ) ;
#1951 = CARTESIAN_POINT ( 'NONE',  ( 8.360619662391107099, 63.38859499956932098, 16.24371697847750085 ) ) ;
#1952 = DIRECTION ( 'NONE',  ( -1.000000000000000000, 0.000000000000000000, 0.000000000000000000 ) ) ;
#1953 = DIRECTION ( 'NONE',  ( 0.000000000000000000, -0.000000000000000000, -1.000000000000000000 ) ) ;
#1954 = ORIENTED_EDGE ( 'NONE', *, *, #1990, .T. ) ;
#1955 = EDGE_CURVE ( 'NONE', #44, #201, #1269, .T. ) ;
#1956 = CARTESIAN_POINT ( 'NONE',  ( 34.97599999999999909, 67.89399999999999125, 0.000000000000000000 ) ) ;
#1957 = EDGE_CURVE ( 'NONE', #1088, #1699, #1317, .T. ) ;
#1958 = ORIENTED_EDGE ( 'NONE', *, *, #1451, .F. ) ;
#1959 = PLANE ( 'NONE',  #603 ) ;
#1960 = ORIENTED_EDGE ( 'NONE', *, *, #671, .F. ) ;
#1961 = FACE_OUTER_BOUND ( 'NONE', #1056, .T. ) ;
#1962 = LINE ( 'NONE', #2122, #719 ) ;
#1963 = LINE ( 'NONE', #2123, #2049 ) ;
#1964 = DIRECTION ( 'NONE',  ( 0.000000000000000000, 0.000000000000000000, 1.000000000000000000 ) ) ;
#1965 = EDGE_LOOP ( 'NONE', ( #2004, #1888, #1781, #983 ) ) ;
#1966 = DIRECTION ( 'NONE',  ( 0.000000000000000000, 0.000000000000000000, 1.000000000000000000 ) ) ;
#1967 = ORIENTED_EDGE ( 'NONE', *, *, #740, .F. ) ;
#1968 = DIRECTION ( 'NONE',  ( -1.000000000000000000, 1.201115100076789619E-16, 0.000000000000000000 ) ) ;
#1969 = ORIENTED_EDGE ( 'NONE', *, *, #1558, .T. ) ;
#1970 =( NAMED_UNIT ( * ) PLANE_ANGLE_UNIT ( ) SI_UNIT ( $, .RADIAN. ) );
#1971 = ORIENTED_EDGE ( 'NONE', *, *, #894, .F. ) ;
#1972 = VECTOR ( 'NONE', #1017, 1000.000000000000000 ) ;
#1973 = EDGE_CURVE ( 'NONE', #1337, #122, #1988, .T. ) ;
#1974 = DIRECTION ( 'NONE',  ( -0.6112480215916304971, -0.7914391044801347697, 0.000000000000000000 ) ) ;
#1975 = DIRECTION ( 'NONE',  ( -0.000000000000000000, -0.000000000000000000, -1.000000000000000000 ) ) ;
#1976 = AXIS2_PLACEMENT_3D ( 'NONE', #1993, #1007, #1177 ) ;
#1977 = DIRECTION ( 'NONE',  ( 1.000000000000000000, 0.000000000000000000, 0.000000000000000000 ) ) ;
#1978 = AXIS2_PLACEMENT_3D ( 'NONE', #1233, #751, #1424 ) ;
#1979 = AXIS2_PLACEMENT_3D ( 'NONE', #48, #1725, #213 ) ;
#1980 = CARTESIAN_POINT ( 'NONE',  ( 0.000000000000000000, 23.17573017770200039, 0.000000000000000000 ) ) ;
#1981 = PLANE ( 'NONE',  #577 ) ;
#1982 = FACE_OUTER_BOUND ( 'NONE', #1426, .T. ) ;
#1983 = CARTESIAN_POINT ( 'NONE',  ( 8.360619662391105322, 70.00199890136700276, 17.50000000000000000 ) ) ;
#1984 = ORIENTED_EDGE ( 'NONE', *, *, #1511, .F. ) ;
#1985 = AXIS2_PLACEMENT_3D ( 'NONE', #1759, #80, #279 ) ;
#1986 = EDGE_LOOP ( 'NONE', ( #95, #1568, #1626, #1631 ) ) ;
#1987 = DIRECTION ( 'NONE',  ( 0.7914391044801347697, -0.6112480215916304971, 0.000000000000000000 ) ) ;
#1988 = LINE ( 'NONE', #483, #337 ) ;
#1989 = DIRECTION ( 'NONE',  ( 0.000000000000000000, 0.000000000000000000, 1.000000000000000000 ) ) ;
#1990 = EDGE_CURVE ( 'NONE', #729, #1473, #992, .T. ) ;
#1991 = EDGE_CURVE ( 'NONE', #211, #1484, #1560, .T. ) ;
#1992 = ORIENTED_EDGE ( 'NONE', *, *, #541, .T. ) ;
#1993 = CARTESIAN_POINT ( 'NONE',  ( 2.801713482391107846, 51.24900787648735445, 17.50000000000000000 ) ) ;
#1994 = EDGE_LOOP ( 'NONE', ( #1506, #1348, #413, #408 ) ) ;
#1995 = VERTEX_POINT ( 'NONE', #276 ) ;
#1996 = CARTESIAN_POINT ( 'NONE',  ( 33.50212168539132307, 36.41303385995264819, -3.000000000000000000 ) ) ;
#1997 = FACE_OUTER_BOUND ( 'NONE', #531, .T. ) ;
#1998 = LINE ( 'NONE', #1830, #116 ) ;
#1999 = EDGE_CURVE ( 'NONE', #201, #1419, #1034, .T. ) ;
#2000 = DIRECTION ( 'NONE',  ( 0.000000000000000000, 0.000000000000000000, 1.000000000000000000 ) ) ;
#2001 = EDGE_CURVE ( 'NONE', #1069, #366, #2113, .T. ) ;
#2002 = DIRECTION ( 'NONE',  ( 0.000000000000000000, 0.000000000000000000, -1.000000000000000000 ) ) ;
#2003 = DIRECTION ( 'NONE',  ( 1.201115100076789619E-16, 1.000000000000000000, -0.000000000000000000 ) ) ;
#2004 = ORIENTED_EDGE ( 'NONE', *, *, #894, .T. ) ;
#2005 = ORIENTED_EDGE ( 'NONE', *, *, #705, .T. ) ;
#2006 = DIRECTION ( 'NONE',  ( -3.283659891533087957E-14, -1.000000000000000000, 0.000000000000000000 ) ) ;
#2007 = LINE ( 'NONE', #681, #637 ) ;
#2008 = ORIENTED_EDGE ( 'NONE', *, *, #1195, .F. ) ;
#2009 = AXIS2_PLACEMENT_3D ( 'NONE', #1612, #1783, #1379 ) ;
#2010 = AXIS2_PLACEMENT_3D ( 'NONE', #1395, #529, #554 ) ;
#2011 = CIRCLE ( 'NONE', #1803, 5.553607427576920053 ) ;
#2012 = CARTESIAN_POINT ( 'NONE',  ( 32.58472668810468065, 70.00199890136907754, 3.000000000000000000 ) ) ;
#2013 = LINE ( 'NONE', #831, #414 ) ;
#2014 = LINE ( 'NONE', #1525, #1308 ) ;
#2015 = EDGE_LOOP ( 'NONE', ( #1905, #65, #1954, #910, #776, #283, #938, #1045 ) ) ;
#2016 = EDGE_CURVE ( 'NONE', #365, #134, #2110, .T. ) ;
#2017 = ORIENTED_EDGE ( 'NONE', *, *, #1552, .F. ) ;
#2018 = DIRECTION ( 'NONE',  ( 0.000000000000000000, 0.000000000000000000, 1.000000000000000000 ) ) ;
#2019 = LINE ( 'NONE', #1689, #1168 ) ;
#2020 = DIRECTION ( 'NONE',  ( 0.7039390247883264840, 0.7102604095541719120, -0.000000000000000000 ) ) ;
#2021 = CARTESIAN_POINT ( 'NONE',  ( 8.360619662391107099, 50.00199763233040073, 16.24371697847750440 ) ) ;
#2022 = DIRECTION ( 'NONE',  ( 1.000000000000000000, 0.000000000000000000, 0.000000000000000000 ) ) ;
#2023 = CARTESIAN_POINT ( 'NONE',  ( 51.39523096000765889, 64.84199890136908095, 4.500000000000000888 ) ) ;
#2024 = LINE ( 'NONE', #1042, #463 ) ;
#2025 = ORIENTED_EDGE ( 'NONE', *, *, #551, .F. ) ;
#2026 = EDGE_CURVE ( 'NONE', #1629, #1088, #1157, .T. ) ;
#2027 = ORIENTED_EDGE ( 'NONE', *, *, #156, .F. ) ;
#2028 = DIRECTION ( 'NONE',  ( -0.7914391044801348807, 0.6112480215916303861, 0.000000000000000000 ) ) ;
#2029 = DIRECTION ( 'NONE',  ( 0.0003800275744578615004, -0.9999999277895186278, -0.000000000000000000 ) ) ;
#2030 = DIRECTION ( 'NONE',  ( 0.9999860841915835241, -0.005275549562206515754, 0.000000000000000000 ) ) ;
#2031 = DIRECTION ( 'NONE',  ( 0.000000000000000000, 0.000000000000000000, 1.000000000000000000 ) ) ;
#2032 = CYLINDRICAL_SURFACE ( 'NONE', #1132, 1.199999999999999734 ) ;
#2033 = CARTESIAN_POINT ( 'NONE',  ( 46.49523096000826428, 64.84199890136908095, 4.500000000000000888 ) ) ;
#2034 = DIRECTION ( 'NONE',  ( 1.000000000000000000, 0.000000000000000000, 0.000000000000000000 ) ) ;
#2035 = ORIENTED_EDGE ( 'NONE', *, *, #1289, .T. ) ;
#2036 = VERTEX_POINT ( 'NONE', #1 ) ;
#2037 = ADVANCED_FACE ( 'NONE', ( #666 ), #205, .F. ) ;
#2038 = CYLINDRICAL_SURFACE ( 'NONE', #1556, 2.390652799019614250 ) ;
#2039 = CARTESIAN_POINT ( 'NONE',  ( 50.46278976710299702, 45.32000000000206796, 3.000000000000000000 ) ) ;
#2040 = CARTESIAN_POINT ( 'NONE',  ( 20.76737240559561926, 12.12795355502193040, 0.000000000000000000 ) ) ;
#2041 = CYLINDRICAL_SURFACE ( 'NONE', #1268, 1.549999999999385203 ) ;
#2042 = ADVANCED_FACE ( 'NONE', ( #1518 ), #514, .F. ) ;
#2043 = VECTOR ( 'NONE', #2064, 1000.000000000000000 ) ;
#2044 =( GEOMETRIC_REPRESENTATION_CONTEXT ( 3 ) GLOBAL_UNCERTAINTY_ASSIGNED_CONTEXT ( ( #1154 ) ) GLOBAL_UNIT_ASSIGNED_CONTEXT ( ( #833, #1970, #1667 ) ) REPRESENTATION_CONTEXT ( 'NONE', 'WORKASPACE' ) );
#2045 = CARTESIAN_POINT ( 'NONE',  ( 33.25038507024311230, 67.79673737589244809, -3.000000000000000000 ) ) ;
#2046 = CARTESIAN_POINT ( 'NONE',  ( 3.711240931004555765, 11.75999999999999979, -3.000000000000000000 ) ) ;
#2047 = VECTOR ( 'NONE', #507, 1000.000000000000000 ) ;
#2048 = AXIS2_PLACEMENT_3D ( 'NONE', #138, #460, #24 ) ;
#2049 = VECTOR ( 'NONE', #975, 1000.000000000000227 ) ;
#2050 = VERTEX_POINT ( 'NONE', #656 ) ;
#2051 = DIRECTION ( 'NONE',  ( -0.000000000000000000, -0.000000000000000000, -1.000000000000000000 ) ) ;
#2052 = ORIENTED_EDGE ( 'NONE', *, *, #35, .T. ) ;
#2053 = AXIS2_PLACEMENT_3D ( 'NONE', #1074, #1068, #732 ) ;
#2054 = EDGE_CURVE ( 'NONE', #1336, #1069, #1353, .T. ) ;
#2055 = ADVANCED_FACE ( 'NONE', ( #1198 ), #1185, .T. ) ;
#2056 = DIRECTION ( 'NONE',  ( 0.000000000000000000, 0.000000000000000000, 1.000000000000000000 ) ) ;
#2057 = DIRECTION ( 'NONE',  ( 0.000000000000000000, 0.000000000000000000, 1.000000000000000000 ) ) ;
#2058 = ORIENTED_EDGE ( 'NONE', *, *, #1081, .F. ) ;
#2059 = CARTESIAN_POINT ( 'NONE',  ( -0.001771158736908866067, 15.19372240650448092, 3.000000000000000000 ) ) ;
#2060 = VECTOR ( 'NONE', #1392, 1000.000000000000000 ) ;
#2061 = CARTESIAN_POINT ( 'NONE',  ( 8.360619662391107099, 70.00199763233040073, 3.000000000000000000 ) ) ;
#2062 = LINE ( 'NONE', #1887, #297 ) ;
#2063 = VERTEX_POINT ( 'NONE', #1338 ) ;
#2064 = DIRECTION ( 'NONE',  ( 0.000000000000000000, -1.000000000000000000, 0.000000000000000000 ) ) ;
#2065 = ORIENTED_EDGE ( 'NONE', *, *, #495, .F. ) ;
#2066 = CARTESIAN_POINT ( 'NONE',  ( 40.14029118908624838, 65.83635289751050834, 3.000000000000000000 ) ) ;
#2067 = CARTESIAN_POINT ( 'NONE',  ( 23.96541859000000230, 26.46809974185707759, 3.000000000000000000 ) ) ;
#2068 = EDGE_LOOP ( 'NONE', ( #2152, #550, #1032, #58 ) ) ;
#2069 = ADVANCED_FACE ( 'NONE', ( #1378 ), #369, .F. ) ;
#2070 = ORIENTED_EDGE ( 'NONE', *, *, #1786, .F. ) ;
#2071 = CARTESIAN_POINT ( 'NONE',  ( -0.002999714528393866535, 7.026897941192802755, 3.000000000000000000 ) ) ;
#2072 = CARTESIAN_POINT ( 'NONE',  ( 46.49523096000826428, 64.84199890136908095, 3.000000000000000000 ) ) ;
#2073 = VERTEX_POINT ( 'NONE', #1851 ) ;
#2074 = DIRECTION ( 'NONE',  ( 0.000000000000000000, 0.000000000000000000, -1.000000000000000000 ) ) ;
#2075 = CYLINDRICAL_SURFACE ( 'NONE', #1985, 1.704240931004555648 ) ;
#2076 = ORIENTED_EDGE ( 'NONE', *, *, #1275, .T. ) ;
#2077 = AXIS2_PLACEMENT_3D ( 'NONE', #1793, #294, #970 ) ;
#2079 = ADVANCED_FACE ( 'NONE', ( #26 ), #1543, .F. ) ;
#2078 = VECTOR ( 'NONE', #770, 1000.000000000000000 ) ;
#2080 = ORIENTED_EDGE ( 'NONE', *, *, #705, .F. ) ;
#2081 = AXIS2_PLACEMENT_3D ( 'NONE', #1352, #534, #513 ) ;
#2082 = ADVANCED_BREP_SHAPE_REPRESENTATION ( 'support1', ( #1191, #901 ), #407 ) ;
#2083 = EDGE_LOOP ( 'NONE', ( #521, #687, #1219, #1307 ) ) ;
#2084 = ORIENTED_EDGE ( 'NONE', *, *, #1480, .F. ) ;
#2085 = CARTESIAN_POINT ( 'NONE',  ( 9.235357893426790810, 51.24900787648735445, 5.205823955966441652 ) ) ;
#2086 = AXIS2_PLACEMENT_3D ( 'NONE', #1057, #1718, #1728 ) ;
#2087 = ORIENTED_EDGE ( 'NONE', *, *, #1330, .F. ) ;
#2088 = ORIENTED_EDGE ( 'NONE', *, *, #1458, .F. ) ;
#2089 = EDGE_CURVE ( 'NONE', #87, #861, #381, .T. ) ;
#2090 = FACE_OUTER_BOUND ( 'NONE', #749, .T. ) ;
#2091 = EDGE_CURVE ( 'NONE', #1946, #568, #2157, .T. ) ;
#2092 = ORIENTED_EDGE ( 'NONE', *, *, #1893, .T. ) ;
#2093 = CIRCLE ( 'NONE', #1750, 1.700399999999997691 ) ;
#2094 = ADVANCED_FACE ( 'NONE', ( #1212 ), #1876, .F. ) ;
#2095 = CARTESIAN_POINT ( 'NONE',  ( 40.14029118908624838, 65.83635289751050834, 0.000000000000000000 ) ) ;
#2096 = DIRECTION ( 'NONE',  ( 1.000000000000000000, 0.000000000000000000, 0.000000000000000000 ) ) ;
#2097 = ORIENTED_EDGE ( 'NONE', *, *, #823, .T. ) ;
#2098 = ORIENTED_EDGE ( 'NONE', *, *, #471, .F. ) ;
#2099 = ORIENTED_EDGE ( 'NONE', *, *, #329, .F. ) ;
#2100 = EDGE_CURVE ( 'NONE', #923, #1466, #259, .T. ) ;
#2101 = DIRECTION ( 'NONE',  ( -6.806627791756435025E-16, -1.000000000000000000, 0.000000000000000000 ) ) ;
#2102 = CARTESIAN_POINT ( 'NONE',  ( -0.01278441909939784585, 56.81649478397233111, 0.000000000000000000 ) ) ;
#2103 = EDGE_CURVE ( 'NONE', #1643, #1723, #1733, .T. ) ;
#2104 = DIRECTION ( 'NONE',  ( 0.000000000000000000, -1.000000000000000000, 0.000000000000000000 ) ) ;
#2105 = LINE ( 'NONE', #1584, #546 ) ;
#2106 = ORIENTED_EDGE ( 'NONE', *, *, #1928, .T. ) ;
#2107 = VECTOR ( 'NONE', #69, 1000.000000000000000 ) ;
#2108 = CYLINDRICAL_SURFACE ( 'NONE', #2009, 7.000133898123504395 ) ;
#2109 = ORIENTED_EDGE ( 'NONE', *, *, #257, .T. ) ;
#2110 = CIRCLE ( 'NONE', #226, 1.199999999999999734 ) ;
#2111 = EDGE_LOOP ( 'NONE', ( #1010, #2017, #654, #77 ) ) ;
#2112 = AXIS2_PLACEMENT_3D ( 'NONE', #1850, #885, #678 ) ;
#2113 = LINE ( 'NONE', #1013, #899 ) ;
#2114 = LINE ( 'NONE', #1646, #330 ) ;
#2115 = DIRECTION ( 'NONE',  ( 1.000000000000000000, 0.000000000000000000, 0.000000000000000000 ) ) ;
#2116 = CARTESIAN_POINT ( 'NONE',  ( 33.25038507024311230, 65.83635289750056074, 0.000000000000000000 ) ) ;
#2117 = ADVANCED_FACE ( 'NONE', ( #1997 ), #492, .F. ) ;
#2118 = VERTEX_POINT ( 'NONE', #171 ) ;
#2119 = CARTESIAN_POINT ( 'NONE',  ( 57.65803783602434862, 7.320000000002070628, 3.000000000000000000 ) ) ;
#2120 = EDGE_LOOP ( 'NONE', ( #2109, #2121, #1413, #1410 ) ) ;
#2121 = ORIENTED_EDGE ( 'NONE', *, *, #419, .T. ) ;
#2122 = CARTESIAN_POINT ( 'NONE',  ( 8.360619662391107099, 70.00199763233040073, 3.000000000000000000 ) ) ;
#2123 = CARTESIAN_POINT ( 'NONE',  ( 57.65800094604500714, 7.025000095369065889, 0.000000000000000000 ) ) ;
#2124 = LINE ( 'NONE', #113, #2146 ) ;
#2125 = ORIENTED_EDGE ( 'NONE', *, *, #1574, .T. ) ;
#2126 = PLANE ( 'NONE',  #982 ) ;
#2127 = CARTESIAN_POINT ( 'NONE',  ( 49.69523096000826712, 64.84199890136908095, 0.000000000000000000 ) ) ;
#2128 = ORIENTED_EDGE ( 'NONE', *, *, #1894, .F. ) ;
#2129 = EDGE_CURVE ( 'NONE', #834, #1946, #1508, .T. ) ;
#2130 = CARTESIAN_POINT ( 'NONE',  ( 15.59263366239110482, 55.64203330755000110, 3.000000000000000000 ) ) ;
#2131 = ORIENTED_EDGE ( 'NONE', *, *, #659, .F. ) ;
#2132 = FACE_BOUND ( 'NONE', #233, .T. ) ;
#2133 = CARTESIAN_POINT ( 'NONE',  ( 8.360619662391105322, 70.00199890136700276, 17.50000000000000000 ) ) ;
#2134 = CARTESIAN_POINT ( 'NONE',  ( 33.77600000000000335, 67.89399999999999125, -3.000000000000000000 ) ) ;
#2135 = DIRECTION ( 'NONE',  ( -0.000000000000000000, -0.000000000000000000, -1.000000000000000000 ) ) ;
#2136 = ORIENTED_EDGE ( 'NONE', *, *, #1167, .T. ) ;
#2137 = CARTESIAN_POINT ( 'NONE',  ( 8.360619662391107099, 70.00199763233040073, 16.24371697847750440 ) ) ;
#2138 = CARTESIAN_POINT ( 'NONE',  ( 7.086999893188005828, 2.066103184341716655E-12, 0.000000000000000000 ) ) ;
#2139 = ORIENTED_EDGE ( 'NONE', *, *, #911, .T. ) ;
#2140 = EDGE_CURVE ( 'NONE', #99, #1742, #2062, .T. ) ;
#2141 = VECTOR ( 'NONE', #1119, 1000.000000000000000 ) ;
#2142 = ORIENTED_EDGE ( 'NONE', *, *, #840, .T. ) ;
#2143 = AXIS2_PLACEMENT_3D ( 'NONE', #1640, #1141, #326 ) ;
#2144 = DIRECTION ( 'NONE',  ( 0.000000000000000000, 0.000000000000000000, 1.000000000000000000 ) ) ;
#2145 = DIRECTION ( 'NONE',  ( 0.000000000000000000, 0.000000000000000000, 1.000000000000000000 ) ) ;
#2146 = VECTOR ( 'NONE', #2028, 1000.000000000000227 ) ;
#2147 = AXIS2_PLACEMENT_3D ( 'NONE', #689, #1840, #346 ) ;
#2148 = CARTESIAN_POINT ( 'NONE',  ( 51.39523096000765889, 64.84199890136908095, -0.4999999999999995559 ) ) ;
#2149 = ORIENTED_EDGE ( 'NONE', *, *, #1575, .T. ) ;
#2150 = CARTESIAN_POINT ( 'NONE',  ( 0.8070000000000006057, 11.75999999999999979, -3.000000000000000000 ) ) ;
#2151 = DIRECTION ( 'NONE',  ( 1.000000000000000000, 0.000000000000000000, 0.000000000000000000 ) ) ;
#2152 = ORIENTED_EDGE ( 'NONE', *, *, #2103, .T. ) ;
#2153 = VECTOR ( 'NONE', #1780, 1000.000000000000000 ) ;
#2154 = ORIENTED_EDGE ( 'NONE', *, *, #97, .F. ) ;
#2155 = EDGE_CURVE ( 'NONE', #812, #122, #269, .T. ) ;
#2156 = DIRECTION ( 'NONE',  ( -0.000000000000000000, -0.000000000000000000, 1.000000000000000000 ) ) ;
#2157 = LINE ( 'NONE', #535, #643 ) ;
#2158 = DIRECTION ( 'NONE',  ( 1.000000000000000000, 0.000000000000000000, -0.000000000000000000 ) ) ;
#2159 = ORIENTED_EDGE ( 'NONE', *, *, #1343, .T. ) ;
#2160 = CIRCLE ( 'NONE', #1225, 4.899999999999391065 ) ;
#2161 = CARTESIAN_POINT ( 'NONE',  ( 36.70435381327093438, 67.89399999999999125, -3.000000000000000000 ) ) ;
#2162 = LINE ( 'NONE', #117, #1797 ) ;
#2163 = VECTOR ( 'NONE', #543, 1000.000000000000000 ) ;
#2164 = ORIENTED_EDGE ( 'NONE', *, *, #210, .F. ) ;
#2165 = ORIENTED_EDGE ( 'NONE', *, *, #1110, .F. ) ;
ENDSEC;
END-ISO-10303-21;
